version_id,work_id,version_type,title,authors,first_public_date,version_public_date,latest_version_date,doi,arxiv_id,bibcode,journal,peer_review_status,source_databases,raw_hit_ids,is_preferred_version,preferred_version_reason,version_resolution_status,verification_source,notes
BAIIV0001,BAIIW0001,ARXIV_PREPRINT,Stationary quasi-periodic pulsations in 20-second cadence TESS flares,Aadish Joshi; Tom Van Doorsselaere; Daye Lim; Dario J. Fritzewski,2025-06-27,2025-06-27,2025-06-27,,2506.22131,,,PREPRINT,ARXIV,BAII2H000024;BAII2H000084;BAII2H000149;BAII2H000219;BAII2H000304;BAII2H000322,false,,RESOLVED,RAW_PROVIDER_METADATA,
BAIIV0002,BAIIW0001,JOURNAL_ARTICLE,Stationary quasi-periodic pulsations in 20-second cadence TESS flares,"Joshi, Aadish; Van Doorsselaere, Tom; Lim, Daye; Fritzewski, Dario J.",2025-06-27,2025-08-01,2026-06-08,10.1051/0004-6361/202554820,,2025A&A...700A.178J,Astronomy and Astrophysics,PEER_REVIEWED,ADS_SCIX,BAII2H000001;BAII2H000029;BAII2H000092;BAII2H000152;BAII2H000250;BAII2H000320,true,journal version available and substantively current,RESOLVED,RAW_PROVIDER_METADATA,
BAIIV0003,BAIIW0002,ARXIV_PREPRINT,Detailed cool star flare morphology with CHEOPS and TESS,G. Bruno; I. Pagano; G. Scandariato; H. -G. Florén; A. Brandeker; G. Olofsson; P. F. L. Maxted; A. Fortier; S. G. Sousa; S. Sulis; V. Van Grootel; Z. Garai; A. Boldog; L. Kriskovics; M. Gy. Szabó; D. Gandolfi; Y. Alibert; R. Alonso; T. Bárczy; D. Barrado Navascues; S. C. C. Barros; W. Baumjohann; M. Beck; T. Beck; W. Benz; N. Billot; L. Borsato; C. Broeg; A. Collier Cameron; Sz. Csizmadia; P. E. Cubillos; M. B. Davies; M. Deleuil; A. Deline; L. Delrez; O. D. S. Demangeon; B. -O. Demory; D. Ehrenreich; A. Erikson; J. Farinato; L. Fossati; M. Fridlund; M. Gillon; M. Güdel; M. N. Günther; A. Heitzmann; Ch. Helling; S. Hoyer; K. G. Isaak; L. Kiss; K. W. F. Lam; J. Laskar; A. Lecavelier des Etangs; M. Lendl; D. Magrin; C. Mordasini; V. Nascimbeni; R. Ottensamer; E. Pallé; G. Peter; G. Piotto; D. Pollacco; D. Queloz; R. Ragazzoni; N. Rando; F. Ratti; H. Rauer; I. Ribas; N. C. Santos; M. Sarajlic; D. Ségransan; A. E. Simon; V. Singh; A. M. S. Smith; M. Stalport; N. Thomas; S. Udry; B. Ulmer; J. Venturini; E. Villaver; N. A. Walton; T. G. Wilson,2024-03-25,2024-03-25,2024-03-25,,2403.17065,,,PREPRINT,ARXIV,BAII2H000027;BAII2H000087;BAII2H000239,false,,RESOLVED,RAW_PROVIDER_METADATA,
BAIIV0004,BAIIW0002,JOURNAL_ARTICLE,Detailed cool star flare morphology with CHEOPS and TESS***,"Bruno, G.; Pagano, I.; Scandariato, G.; Florén, H.-G.; Brandeker, A.; Olofsson, G.; Maxted, P. F. L.; Fortier, A.; Sousa, S. G.; Sulis, S.; Van Grootel, V.; Garai, Z.; Boldog, A.; Kriskovics, L.; Szabó, Gy. M.; Gandolfi, D.; Alibert, Y.; Alonso, R.; Bárczy, T.; Barrado Navascues, D.; Barros, S. C. C.; Baumjohann, W.; Beck, M.; Beck, T.; Benz, W.; Billot, N.; Borsato, L.; Broeg, C.; Collier Cameron, A.; Csizmadia, Sz.; Cubillos, P. E.; Davies, M. B.; Deleuil, M.; Deline, A.; Delrez, L.; Demangeon, O. D. S.; Demory, B.-O.; Ehrenreich, D.; Erikson, A.; Farinato, J.; Fossati, L.; Fridlund, M.; Gillon, M.; Güdel, M.; Günther, M. N.; Heitzmann, A.; Helling, Ch.; Hoyer, S.; Isaak, K. G.; Kiss, L. L.; Lam, K. W. F.; Laskar, J.; Lecavelier des Etangs, A.; Lendl, M.; Magrin, D.; Mordasini, C.; Nascimbeni, V.; Ottensamer, R.; Pallé, E.; Peter, G.; Piotto, G.; Pollacco, D.; Queloz, D.; Ragazzoni, R.; Rando, N.; Ratti, F.; Rauer, H.; Ribas, I.; Santos, N. C.; Sarajlic, M.; Ségransan, D.; Simon, A. E.; Singh, V.; Smith, A. M. S.; Stalport, M.; Thomas, N.; Udry, S.; Ulmer, B.; Venturini, J.; Villaver, E.; Walton, N. A.; Wilson, T. G.",2024-03-25,2024-06-01,2026-06-15,10.1051/0004-6361/202348951,,2024A&A...686A.239B,Astronomy and Astrophysics,PEER_REVIEWED,ADS_SCIX,BAII2H000002;BAII2H000030;BAII2H000162,true,journal version available and substantively current,RESOLVED,RAW_PROVIDER_METADATA,
BAIIV0005,BAIIW0002,CONFERENCE_ABSTRACT,How well do we know the impact of stellar flares on exoplanets?,"Bruno, Giovanni; Pagano, Isabella; Scandariato, Gaetano; Florén, Hans-Gustav; Brandeker, Alexis; Olofsson, Göran; Consortium, Cheops",2024-03-25,2024-07-01,2026-03-23,,,2024eas..conf.2172B,"EAS2024, European Astronomical Society Annual Meeting",NOT_PEER_REVIEWED,ADS_SCIX,BAII2H000011;BAII2H000055;BAII2H000182,false,,RESOLVED,RAW_PROVIDER_METADATA,
BAIIV0006,BAIIW0003,JOURNAL_ARTICLE,Properties of Flare Quasiperiodic Pulsations Based on a New TESS Flare Catalog,"Wang, Yinpeng; Zhang, Li-yun; Su, Tianhao; Misra, Prabhakar; Han, Xianming L.",2025-12-01,2025-12-01,2026-06-08,10.3847/1538-4365/ae1469,,2025ApJS..281...52W,The Astrophysical Journal Supplement Series,PEER_REVIEWED,ADS_SCIX,BAII2H000003;BAII2H000034;BAII2H000094;BAII2H000164,true,journal version available and substantively current,RESOLVED,RAW_PROVIDER_METADATA,
BAIIV0007,BAIIW0004,ARXIV_PREPRINT,A recurrent 70-100 minute quasi-periodic pulsation in the intermediate-aged mid-M dwarf GJ 3512,J. López-Santiago; F. Reale; G. Micela; L. Martino; G. Vázquez-Vilar; J. Miguez,2025-12-19,2025-12-19,2025-12-19,,2512.18086,,,PREPRINT,ARXIV,BAII2H000025;BAII2H000222,false,,RESOLVED,RAW_PROVIDER_METADATA,
BAIIV0008,BAIIW0004,JOURNAL_ARTICLE,A recurrent 70─100 min quasi-periodic pulsation in the intermediate-aged mid-M dwarf GJ 3512,"López-Santiago, J.; Reale, F.; Micela, G.; Martino, L.; Vázquez-Vilar, G.; Miguez, J.",2025-12-19,2026-02-01,2026-06-08,10.1093/mnras/staf2256,,2026MNRAS.546f2256L,Monthly Notices of the Royal Astronomical Society,PEER_REVIEWED,ADS_SCIX,BAII2H000004;BAII2H000040;BAII2H000105;BAII2H000158,true,journal version available and substantively current,RESOLVED,RAW_PROVIDER_METADATA,
BAIIV0009,BAIIW0005,ARXIV_PREPRINT,β Cephei Pulsators in Eclipsing Binaries Observed with TESS,"Eze, Christian I.; Handler, Gerald",2024-03,2024-03,2024-03,,2403.12281,,,PREPRINT,ADS_SCIX,,false,,RESOLVED,ADS_EXPLICIT_ARXIV_CROSSLINK,SYNTHETIC_METADATA_ONLY_VERSION; public month inferred from arXiv identifier; no additional systematic hit added
BAIIV0010,BAIIW0005,JOURNAL_ARTICLE,β Cephei Pulsators in Eclipsing Binaries Observed with TESS,"Eze, Christian I.; Handler, Gerald",2024-03,2024-06-01,2026-06-15,10.3847/1538-4365/ad39c5,,2024ApJS..272...25E,The Astrophysical Journal Supplement Series,PEER_REVIEWED,ADS_SCIX,BAII2H000005,true,journal version available and substantively current,RESOLVED,RAW_PROVIDER_METADATA,
BAIIV0011,BAIIW0006,CONFERENCE_ABSTRACT,Quasi-periodic pulsations in flares of UV Ceti-type stars,"Panferov, A.; Kolotkov, D.; Beskin, G.; Karpov, S.; Plokhotnichenko, V.; Maryeva, O.",2024-12-01,2024-12-01,2026-03-23,,,2024maeu.conf..496P,Modern Astronomy: From the Early Universe to Exoplanets and Black Holes,NOT_PEER_REVIEWED,ADS_SCIX,BAII2H000006;BAII2H000048;BAII2H000160,true,only recoverable material version for this work,RESOLVED,RAW_PROVIDER_METADATA,
BAIIV0012,BAIIW0007,ARXIV_PREPRINT,Exploring low-amplitude variability in first-overtone Cepheids with TESS,"Plachy, E.; Netzel, H.; Bódi, A.",2025-10,2025-10,2025-10,,2510.05017,,,PREPRINT,ADS_SCIX,,false,,RESOLVED,ADS_EXPLICIT_ARXIV_CROSSLINK,SYNTHETIC_METADATA_ONLY_VERSION; public month inferred from arXiv identifier; no additional systematic hit added
BAIIV0013,BAIIW0007,JOURNAL_ARTICLE,Exploring low-amplitude variability in first-overtone Cepheids with TESS,"Plachy, E.; Netzel, H.; Bódi, A.",2025-10,2025-11-01,2026-07-13,10.1051/0004-6361/202556557,,2025A&A...703A.155P,Astronomy and Astrophysics,PEER_REVIEWED,ADS_SCIX,BAII2H000007;BAII2H000195,true,journal version available and substantively current,RESOLVED,RAW_PROVIDER_METADATA,
BAIIV0014,BAIIW0008,ARXIV_PREPRINT,Similarities and differences between solar and stellar flare pulsation processes,"Reale, Fabio",2026-02-01,2026-02-01,2026-06-15,,2602.03499,2026arXiv260203499R,,PREPRINT,ADS_SCIX;ARXIV,BAII2H000008;BAII2H000026;BAII2H000044;BAII2H000082;BAII2H000124;BAII2H000151;BAII2H000174;BAII2H000224,true,no journal version available; latest available arXiv/preprint version,RESOLVED,RAW_PROVIDER_METADATA,
BAIIV0015,BAIIW0009,JOURNAL_ARTICLE,Period variability in the pulsating Extreme Helium stars V652 Her and BX Cir,"Kilkenny, D.; Worters, H. L.; Baran, A. S.",2024-01-01,2024-01-01,2026-03-23,10.1093/mnras/stad3544,,2024MNRAS.527.8402K,Monthly Notices of the Royal Astronomical Society,PEER_REVIEWED,ADS_SCIX,BAII2H000009,true,journal version available and substantively current,RESOLVED,RAW_PROVIDER_METADATA,
BAIIV0016,BAIIW0010,ARXIV_PREPRINT,WASP 0346-21: An EL CVn-type Eclipsing Binary with Multiperiodic Pulsations in a Triple System,"Lee, Jae Woo; Hong, Kyeongsoo; Jeong, Min-Ji; Wolf, Marek",2024-07,2024-07,2024-07,,2407.17729,,,PREPRINT,ADS_SCIX,,false,,RESOLVED,ADS_EXPLICIT_ARXIV_CROSSLINK,SYNTHETIC_METADATA_ONLY_VERSION; public month inferred from arXiv identifier; no additional systematic hit added
BAIIV0017,BAIIW0010,JOURNAL_ARTICLE,WASP 0346-21: An EL CVn-type Eclipsing Binary with Multiperiodic Pulsations in a Triple System,"Lee, Jae Woo; Hong, Kyeongsoo; Jeong, Min-Ji; Wolf, Marek",2024-07,2024-10-01,2026-06-15,10.3847/1538-4357/ad67c7,,2024ApJ...973..114L,The Astrophysical Journal,PEER_REVIEWED,ADS_SCIX,BAII2H000010;BAII2H000184,true,journal version available and substantively current,RESOLVED,RAW_PROVIDER_METADATA,
BAIIV0018,BAIIW0011,ARXIV_PREPRINT,An infrared census of R Coronae Borealis Stars II -- Spectroscopic classifications and implications for the rate of low-mass white dwarf mergers,Viraj R. Karambelkar; Mansi M. Kasliwal; Patrick Tisserand; Shreya Anand; Michael C. B. Ashley; Lars Bildsten; Geoffrey C. Clayton; Courtney C. Crawford; Kishalay De; Nicholas Earley; Matthew J. Hankins; Xander Hall; Astrid Lamberts; Ryan M. Lau; Dan McKenna; Anna Moore; Eran O. Ofek; Roger M. Smith; Roberto Soria; Jamie Soon; Tony Travouillon,2024-07-11,2024-07-11,2024-07-11,,2407.08653,,,PREPRINT,ARXIV,BAII2H000028;BAII2H000247,false,,RESOLVED,RAW_PROVIDER_METADATA,
BAIIV0019,BAIIW0011,JOURNAL_ARTICLE,An Infrared Census of R Coronae Borealis Stars II—Spectroscopic Classifications and Implications for the Rate of Low-mass White Dwarf Mergers,"Karambelkar, Viraj R.; Kasliwal, Mansi M.; Tisserand, Patrick; Anand, Shreya; Ashley, Michael C. B.; Bildsten, Lars; Clayton, Geoffrey C.; Crawford, Courtney C.; De, Kishalay; Earley, Nicholas; Hankins, Matthew J.; Hall, Xander; Lamberts, Astrid; Lau, Ryan M.; McKenna, Dan; Moore, Anna; Ofek, Eran O.; Smith, Roger M.; Soria, Roberto; Soon, Jamie; Travouillon, Tony",2024-07-11,2024-08-01,2026-06-15,10.1088/1538-3873/ad6210,,2024PASP..136h4201K,Publications of the Astronomical Society of the Pacific,PEER_REVIEWED,ADS_SCIX,BAII2H000012;BAII2H000185,true,journal version available and substantively current,RESOLVED,RAW_PROVIDER_METADATA,
BAIIV0020,BAIIW0012,ARXIV_PREPRINT,Modelling of eclipsing binary systems with pulsating components and tertiary companions: BF Vel and RR Lep,"Liakos, A.; Moriarty, D. J. W.; Erdem, A.; West, J. F.; Evans, P.",2024-09,2024-09,2024-09,,2409.04359,,,PREPRINT,ADS_SCIX,,false,,RESOLVED,ADS_EXPLICIT_ARXIV_CROSSLINK,SYNTHETIC_METADATA_ONLY_VERSION; public month inferred from arXiv identifier; no additional systematic hit added
BAIIV0021,BAIIW0012,JOURNAL_ARTICLE,Modelling of eclipsing binary systems with pulsating components and tertiary companions: BF Vel and RR Lep,"Liakos, A.; Moriarty, D. J. W.; Erdem, A.; West, J. F.; Evans, P.",2024-09,2024-11-01,2026-06-15,10.1051/0004-6361/202450560,,2024A&A...691A.260L,Astronomy and Astrophysics,PEER_REVIEWED,ADS_SCIX,BAII2H000013,true,journal version available and substantively current,RESOLVED,RAW_PROVIDER_METADATA,
BAIIV0022,BAIIW0013,ARXIV_PREPRINT,The Asteroseismological Richness of RCB and dLHdC Stars,"Wong, Tin Long Sunny; Bildsten, Lars",2023-11,2023-11,2023-11,,2311.10158,,,PREPRINT,ADS_SCIX,,false,,RESOLVED,ADS_EXPLICIT_ARXIV_CROSSLINK,SYNTHETIC_METADATA_ONLY_VERSION; public month inferred from arXiv identifier; no additional systematic hit added
BAIIV0023,BAIIW0013,JOURNAL_ARTICLE,The Asteroseismological Richness of RCB and dLHdC Stars,"Wong, Tin Long Sunny; Bildsten, Lars",2023-11,2024-02-01,2026-06-15,10.3847/1538-4357/ad0cfa,,2024ApJ...962...20W,The Astrophysical Journal,PEER_REVIEWED,ADS_SCIX,BAII2H000014;BAII2H000190,true,journal version available and substantively current,RESOLVED,RAW_PROVIDER_METADATA,
BAIIV0024,BAIIW0014,JOURNAL_ARTICLE,Modeling of Two Low-amplitude Radially Pulsating δ Scuti Stars: KIC 12602250 and KIC 5768203,"Ma, Shuguo; Luo, A.-Li; Wei, Peng; Lv, Chenglong; Yang, Ming; Zuo, Fang; Cui, Yingzhen; Li, Shuo; Meng, Gang; Hou, Wen; He, Yuji; Li, Yinbi; Liu, Zhongyang; Ma, Xiao-Xiao; Liang, Jun-Chao; Dang, Fei; Yang, Daoye; Esamdin, Ali; Zeng, Hao; Qu, Cai-Xia",2025-07-01,2025-07-01,2026-06-08,10.3847/1538-4357/add406,,2025ApJ...988...37M,The Astrophysical Journal,PEER_REVIEWED,ADS_SCIX,BAII2H000015,true,journal version available and substantively current,RESOLVED,RAW_PROVIDER_METADATA,
BAIIV0025,BAIIW0015,ARXIV_PREPRINT,A comprehensive study of an oscillating eclipsing Algol: Y Camelopardalis,"Çelik, Eda; Kahraman Aliçavuș, Filiz",2024-05,2024-05,2024-05,,2405.06431,,,PREPRINT,ADS_SCIX,,false,,RESOLVED,ADS_EXPLICIT_ARXIV_CROSSLINK,SYNTHETIC_METADATA_ONLY_VERSION; public month inferred from arXiv identifier; no additional systematic hit added
BAIIV0026,BAIIW0015,JOURNAL_ARTICLE,A comprehensive study of an oscillating eclipsing Algol: Y Camelopardalis,"Çelik, Eda; Kahraman Aliçavuș, Filiz",2024-05,2024-08-01,2026-06-15,10.1093/pasj/psae048,,2024PASJ...76..787C,Publications of the Astronomical Society of Japan,PEER_REVIEWED,ADS_SCIX,BAII2H000016;BAII2H000201,true,journal version available and substantively current,RESOLVED,RAW_PROVIDER_METADATA,
BAIIV0027,BAIIW0016,JOURNAL_ARTICLE,Investigative study of five low mass ratio semi-detached binaries,"G, Vinay Kumar; Devarapalli, Shanti Priya; Parthasarathy, Mudumba; Jagirdar, Rukmini; Stassun, Keivan G.",2024-10-01,2024-10-01,2026-03-23,10.1007/s10509-024-04368-6,,2024Ap&SS.369..105G,Astrophysics and Space Science,PEER_REVIEWED,ADS_SCIX,BAII2H000017;BAII2H000204,true,journal version available and substantively current,RESOLVED,RAW_PROVIDER_METADATA,
BAIIV0028,BAIIW0017,JOURNAL_ARTICLE,Spotted eclipsing binary KIC 7023917 with δ-Scuti pulsations,"Gajdoš, P.; Parimucha, Š.; Kamenec, M.",2024-02-01,2024-02-01,2026-03-23,10.31577/caosp.2024.54.2.194,,2024CoSka..54b.194G,Contributions of the Astronomical Observatory Skalnate Pleso,PEER_REVIEWED,ADS_SCIX,BAII2H000018;BAII2H000211,true,journal version available and substantively current,RESOLVED,RAW_PROVIDER_METADATA,
BAIIV0029,BAIIW0018,CONFERENCE_ABSTRACT,"Detecting Stellar Companions through Pulsation Timing: Strengths, Limitations, and Comparisons with Radial Velocity","Otani, Tomomi; Spence, Lindsay; Lynum-Lozano, Ellesse",2025-01-01,2025-01-01,2026-03-23,,,2025AAS...24524915O,American Astronomical Society Meeting Abstracts #245,NOT_PEER_REVIEWED,ADS_SCIX,BAII2H000019;BAII2H000194,true,only recoverable material version for this work,RESOLVED,RAW_PROVIDER_METADATA,
BAIIV0030,BAIIW0019,ARXIV_PREPRINT,Abrupt Periodic Pulsation Resumptions in Deneb,"Guzik, Joyce A.; Abt, Helmut A.; Jackiewicz, Jason; Kloppenborg, Brian",2024-10-01,2024-10-01,2026-06-15,,2410.23936,2024arXiv241023936G,,PREPRINT,ADS_SCIX,BAII2H000020,true,no journal version available; latest available arXiv/preprint version,RESOLVED,RAW_PROVIDER_METADATA,
BAIIV0031,BAIIW0020,CONFERENCE_ABSTRACT,Photometric Analysis of Two β Cepheids and Their Host Cluster NGC 4755,"Levine, Denis; Rahman, Khensa; Dunn, Nicholas; Vishnevskiy, Leonid",2025-06-01,2025-06-01,2026-05-18,,,2025AAS...24624106L,246th Meeting of the American Astronomical Society,NOT_PEER_REVIEWED,ADS_SCIX,BAII2H000021;BAII2H000203,true,only recoverable material version for this work,RESOLVED,RAW_PROVIDER_METADATA,
BAIIV0032,BAIIW0021,JOURNAL_ARTICLE,γ Dor Type Pulsation Nature of the VZ CVn System,"Geldi, Mehmet; Sipahi Kılıç, Esin",2025-07-01,2025-07-01,2026-03-23,10.55064/tjaa.1593821,,2025TJAA....6S.430G,Turkish Journal of Astronomy and Astrophysics,PEER_REVIEWED,ADS_SCIX,BAII2H000022,true,journal version available and substantively current,RESOLVED,RAW_PROVIDER_METADATA,
BAIIV0033,BAIIW0022,CONFERENCE_ABSTRACT,Asteroseismology of the White Dwarf G29-38,"Savery, Steven; Provencal, Judith",2024-02-01,2024-02-01,2026-03-23,,,2024AAS...24320705S,American Astronomical Society Meeting Abstracts #243,NOT_PEER_REVIEWED,ADS_SCIX,BAII2H000206,false,,RESOLVED,RAW_PROVIDER_METADATA,
BAIIV0034,BAIIW0022,CONFERENCE_ABSTRACT,Chronicling Nearly Fifty Years of G29-38 Pulsations,"Savery, Steven; Provencal, Judith",2024-02-01,2025-01-01,2026-03-23,,,2025AAS...24540901S,American Astronomical Society Meeting Abstracts #245,NOT_PEER_REVIEWED,ADS_SCIX,BAII2H000023,true,only recoverable material version for this work,RESOLVED,RAW_PROVIDER_METADATA,
BAIIV0035,BAIIW0023,ARXIV_PREPRINT,"Scalable, Advanced Machine Learning-based Approaches for Stellar Flare Identification: Application to TESS short-cadence Data and Analysis of a New Flare Catalogue",Chia-Lung Lin; Daniel Apai; Mark S. Giampapa; Wing-Huen Ip,2024-09-04,2024-09-04,2024-10-23,,2409.02540,,,PREPRINT,ARXIV,BAII2H000083,false,,RESOLVED,RAW_PROVIDER_METADATA,
BAIIV0036,BAIIW0023,JOURNAL_ARTICLE,"Scalable, Advanced Machine Learning Based Approaches for Stellar Flare Identification: Application to TESS Short-cadence Data and Analysis of a New Flare Catalog","Lin, Chia-Lung; Apai, Dániel; Giampapa, Mark S.; Ip, Wing-Huen",2024-09-04,2024-12-01,2026-06-15,10.3847/1538-3881/ad7956,,2024AJ....168..234L,The Astronomical Journal,PEER_REVIEWED,ADS_SCIX,BAII2H000031;BAII2H000093;BAII2H000254,true,journal version available and substantively current,RESOLVED,RAW_PROVIDER_METADATA,
BAIIV0037,BAIIW0024,ARXIV_PREPRINT,Detecting stellar flares in photometric data using hidden Markov models,J. Arturo Esquivel; Yunyi Shen; Vianey Leos-Barajas; Gwendolyn Eadie; Joshua Speagle; Radu V Craiu; Amber Medina; James Davenport,2024-04-19,2024-04-19,2024-04-19,,2404.13145,,,PREPRINT,ARXIV,BAII2H000080;BAII2H000300,false,,RESOLVED,RAW_PROVIDER_METADATA,
BAIIV0038,BAIIW0024,JOURNAL_ARTICLE,Detecting Stellar Flares in Photometric Data Using Hidden Markov Models,"Esquivel, J. Arturo; Shen, Yunyi; Leos-Barajas, Vianey; Eadie, Gwendolyn; Speagle, Joshua S.; Craiu, Radu V.; Medina, Amber; Davenport, James R. A.",2024-04-19,2025-02-01,2026-06-15,10.3847/1538-4357/ad95f6,,2025ApJ...979..141E,The Astrophysical Journal,PEER_REVIEWED,ADS_SCIX,BAII2H000032;BAII2H000248,true,journal version available and substantively current,RESOLVED,RAW_PROVIDER_METADATA,
BAIIV0039,BAIIW0025,ARXIV_PREPRINT,Stellar Flares in the TESS Light Curves of Planet-hosting M dwarfs,Benjamin K. Capistrant; Jason Dittmann,2025-11-17,2025-11-17,2025-11-19,,2511.13716,,,PREPRINT,ARXIV,BAII2H000081,false,,RESOLVED,RAW_PROVIDER_METADATA,
BAIIV0040,BAIIW0025,JOURNAL_ARTICLE,Stellar Flares in the TESS Light Curves of Planet-hosting M Dwarfs,"Capistrant, Benjamin K.; Dittmann, Jason",2025-11-17,2026-02-01,2026-06-15,10.3847/1538-4357/ae1ddf,,2026ApJ...998..173C,The Astrophysical Journal,PEER_REVIEWED,ADS_SCIX,BAII2H000033,true,journal version available and substantively current,RESOLVED,RAW_PROVIDER_METADATA,
BAIIV0041,BAIIW0026,JOURNAL_ARTICLE,Simultaneous Optical and Radio Observations of a Large Stellar Flare on EV Lac,"Lu, Hong-Peng; Zhang, Jia-Le; Tian, Hui; Zhang, Li-Yun; Chen, He-Chao; Zheng, Jie; Zhang, Jun-Bo; Wang, Jian-Guo; Inoue, Shun; Maehara, Hiroyuki; Namekata, Kosuke",2025-09-01,2025-09-01,2026-08-07,10.3847/2041-8213/adfc5b,,2025ApJ...990L..32L,The Astrophysical Journal Letters,PEER_REVIEWED,ADS_SCIX,BAII2H000035,true,journal version available and substantively current,RESOLVED,RAW_PROVIDER_METADATA,
BAIIV0042,BAIIW0027,ARXIV_PREPRINT,"The Solar-like Latitudinal Distribution of Flaring Activities Revealed by TESS, APOGEE, and GALAH","Yang, Huiqin; Liu, Shuai; Huang, Yang; Zhang, Bowen; Liu, Jifeng",2026-03,2026-03,2026-03,,2603.02524,,,PREPRINT,ADS_SCIX,,false,,RESOLVED,ADS_EXPLICIT_ARXIV_CROSSLINK,SYNTHETIC_METADATA_ONLY_VERSION; public month inferred from arXiv identifier; no additional systematic hit added
BAIIV0043,BAIIW0027,JOURNAL_ARTICLE,"The Solar-like Latitudinal Distribution of Flaring Activities Revealed by TESS, APOGEE, and GALAH","Yang, Huiqin; Liu, Shuai; Huang, Yang; Zhang, Bowen; Liu, Jifeng",2026-03,2026-04-01,2026-06-08,10.3847/1538-4365/ae50ec,,2026ApJS..283...83Y,The Astrophysical Journal Supplement Series,PEER_REVIEWED,ADS_SCIX,BAII2H000036,true,journal version available and substantively current,RESOLVED,RAW_PROVIDER_METADATA,
BAIIV0044,BAIIW0028,JOURNAL_ARTICLE,Magnetic activity of RS CVn stars based on TESS and LAMOST surveys,"Xu, Lulu; Zhang, Liyun; Wang, Yinpeng; Su, Tianhao; Han, Xianming L.; Misra, Prabhakar; Zhu, Zhongzhong; Pi, Qingfeng",2025-07-01,2025-07-01,2026-06-08,10.1051/0004-6361/202451962,,2025A&A...699A.322X,Astronomy and Astrophysics,PEER_REVIEWED,ADS_SCIX,BAII2H000037;BAII2H000099,true,journal version available and substantively current,RESOLVED,RAW_PROVIDER_METADATA,
BAIIV0045,BAIIW0029,JOURNAL_ARTICLE,Magnetic Activities of Wolf 359: Starspot Distribution and Quasiperiodic Pulsation Using TESS Data,"Ram, Diya; Mondal, Soumen; Ghosh, Samrat; Kumbhakar, Rajib",2025-08-01,2025-08-01,2026-06-15,10.3847/1538-4357/ade9a7,,2025ApJ...988..257R,The Astrophysical Journal,PEER_REVIEWED,ADS_SCIX,BAII2H000038;BAII2H000104,true,journal version available and substantively current,RESOLVED,RAW_PROVIDER_METADATA,
BAIIV0046,BAIIW0030,ARXIV_PREPRINT,Transient Corotating Clumps around Adolescent Low-mass Stars from Four Years of TESS,"Bouma, Luke G.; Jayaraman, Rahul; Rappaport, Saul; Rebull, Luisa M.; Hillenbrand, Lynne A.; Winn, Joshua N.; David-Uraz, Alexandre; Bakos, Gáspár Á.",2023-09,2023-09,2023-09,,2309.06471,,,PREPRINT,ADS_SCIX,,false,,RESOLVED,ADS_EXPLICIT_ARXIV_CROSSLINK,SYNTHETIC_METADATA_ONLY_VERSION; public month inferred from arXiv identifier; no additional systematic hit added
BAIIV0047,BAIIW0030,JOURNAL_ARTICLE,Transient Corotating Clumps around Adolescent Low-mass Stars from Four Years of TESS,"Bouma, Luke G.; Jayaraman, Rahul; Rappaport, Saul; Rebull, Luisa M.; Hillenbrand, Lynne A.; Winn, Joshua N.; David-Uraz, Alexandre; Bakos, Gáspár Á.",2023-09,2024-01-01,2026-06-15,10.3847/1538-3881/ad0c4c,,2024AJ....167...38B,The Astronomical Journal,PEER_REVIEWED,ADS_SCIX,BAII2H000039,true,journal version available and substantively current,RESOLVED,RAW_PROVIDER_METADATA,
BAIIV0048,BAIIW0031,ARXIV_PREPRINT,Superflare on a rapidly-rotating solar-type star captured in X-rays,Andrey Mukhin; Roman Krivonos; Ilfan Bikmaev; Mark Gorbachev; Irek Khamitov; Sergey Sazonov; Marat Gilfanov; Rashid Sunyaev,2024-08-14,2024-08-14,2024-12-12,,2408.07442,,,PREPRINT,ARXIV,BAII2H000091,false,,RESOLVED,RAW_PROVIDER_METADATA,
BAIIV0049,BAIIW0031,JOURNAL_ARTICLE,Superflare on a rapidly-rotating solar-type star captured in X-rays,"Mukhin, Andrey; Krivonos, Roman; Bikmaev, Ilfan; Gorbachev, Mark; Khamitov, Irek; Sazonov, Sergey; Gilfanov, Marat; Sunyaev, Rashid",2024-08-14,2025-03-01,2026-06-15,10.1016/j.jheap.2024.11.016,,2025JHEAp..45..105M,Journal of High Energy Astrophysics,PEER_REVIEWED,ADS_SCIX,BAII2H000041;BAII2H000100,true,journal version available and substantively current,RESOLVED,RAW_PROVIDER_METADATA,
BAIIV0050,BAIIW0032,ARXIV_PREPRINT,Radio emission from flaring stars and brown dwarfs,K. Perger; B. Seli; K. Vida,2025-06-26,2025-06-26,2025-06-26,,2506.21169,,,PREPRINT,ARXIV,BAII2H000090,false,,RESOLVED,RAW_PROVIDER_METADATA,
BAIIV0051,BAIIW0032,JOURNAL_ARTICLE,Radio emission from flaring stars and brown dwarfs,"Perger, K.; Seli, B.; Vida, K.",2025-06-26,2025-07-01,2026-06-08,10.1051/0004-6361/202555032,,2025A&A...699A.337P,Astronomy and Astrophysics,PEER_REVIEWED,ADS_SCIX,BAII2H000042;BAII2H000102,true,journal version available and substantively current,RESOLVED,RAW_PROVIDER_METADATA,
BAIIV0052,BAIIW0033,ARXIV_PREPRINT,Exploring the photometric variability of ultra-cool dwarfs with TESS,"Petrucci, Romina P.; Gómez Maqueo Chew, Yilen; Jofré, Emiliano; Segura, Antígona; Ferrero, Leticia V.",2023-11,2023-11,2023-11,,2311.13591,,,PREPRINT,ADS_SCIX,,false,,RESOLVED,ADS_EXPLICIT_ARXIV_CROSSLINK,SYNTHETIC_METADATA_ONLY_VERSION; public month inferred from arXiv identifier; no additional systematic hit added
BAIIV0053,BAIIW0033,JOURNAL_ARTICLE,Exploring the photometric variability of ultra-cool dwarfs with TESS,"Petrucci, Romina P.; Gómez Maqueo Chew, Yilen; Jofré, Emiliano; Segura, Antígona; Ferrero, Leticia V.",2023-11,2024-01-01,2026-06-15,10.1093/mnras/stad3720,,2024MNRAS.527.8290P,Monthly Notices of the Royal Astronomical Society,PEER_REVIEWED,ADS_SCIX,BAII2H000043,true,journal version available and substantively current,RESOLVED,RAW_PROVIDER_METADATA,
BAIIV0054,BAIIW0034,ARXIV_PREPRINT,Searching for the stellar cycles of low-mass stars using TESS data,"Ramsay, Gavin; Hakala, Pasi; Gerry Doyle, J.",2024-07,2024-07,2024-07,,2407.07607,,,PREPRINT,ADS_SCIX,,false,,RESOLVED,ADS_EXPLICIT_ARXIV_CROSSLINK,SYNTHETIC_METADATA_ONLY_VERSION; public month inferred from arXiv identifier; no additional systematic hit added
BAIIV0055,BAIIW0034,JOURNAL_ARTICLE,Searching for the stellar cycles of low-mass stars using TESS data,"Ramsay, Gavin; Hakala, Pasi; Gerry Doyle, J.",2024-07,2024-09-01,2026-06-15,10.1051/0004-6361/202450523,,2024A&A...689A.288R,Astronomy and Astrophysics,PEER_REVIEWED,ADS_SCIX,BAII2H000045,true,journal version available and substantively current,RESOLVED,RAW_PROVIDER_METADATA,
BAIIV0056,BAIIW0035,ARXIV_PREPRINT,Planetary perturbers: flaring star-planet interactions in Kepler and TESS,"Ilin, Ekaterina; Poppenhäger, Katja; Chebly, Judy; Ilić, Nikoleta; Alvarado-Gómez, Julián D.",2023-11,2023-11,2023-11,,2311.04316,,,PREPRINT,ADS_SCIX,,false,,RESOLVED,ADS_EXPLICIT_ARXIV_CROSSLINK,SYNTHETIC_METADATA_ONLY_VERSION; public month inferred from arXiv identifier; no additional systematic hit added
BAIIV0057,BAIIW0035,JOURNAL_ARTICLE,Planetary perturbers: flaring star-planet interactions in Kepler and TESS,"Ilin, Ekaterina; Poppenhäger, Katja; Chebly, Judy; Ilić, Nikoleta; Alvarado-Gómez, Julián D.",2023-11,2024-01-01,2026-06-15,10.1093/mnras/stad3398,,2024MNRAS.527.3395I,Monthly Notices of the Royal Astronomical Society,PEER_REVIEWED,ADS_SCIX,BAII2H000046;BAII2H000095,true,journal version available and substantively current,RESOLVED,RAW_PROVIDER_METADATA,
BAIIV0058,BAIIW0036,JOURNAL_ARTICLE,Magnetic Activities of AD Leonis: Flares in TESS Data and Optical Spectra,"Ram, Diya; Mondal, Soumen; Patra, Dusmanta; Ghosh, Samrat; Khumbhakar, Rajib",2025-02-01,2025-02-01,2026-03-23,10.3847/1538-4357/adabc3,,2025ApJ...980..196R,The Astrophysical Journal,PEER_REVIEWED,ADS_SCIX,BAII2H000047;BAII2H000098,true,journal version available and substantively current,RESOLVED,RAW_PROVIDER_METADATA,
BAIIV0059,BAIIW0037,ARXIV_PREPRINT,Detecting stellar flares in the presence of a deterministic trend and stochastic volatility,"Wang, Qiyuan; Motta, Giovanni; Sucarrat, Genaro; Kashyap, Vinay L.",2025-12,2025-12,2025-12,,2512.18559,,,PREPRINT,ADS_SCIX,,false,,RESOLVED,ADS_EXPLICIT_ARXIV_CROSSLINK,SYNTHETIC_METADATA_ONLY_VERSION; public month inferred from arXiv identifier; no additional systematic hit added
BAIIV0060,BAIIW0037,JOURNAL_ARTICLE,Detecting stellar flares in the presence of a deterministic trend and stochastic volatility,"Wang, Qiyuan; Motta, Giovanni; Sucarrat, Genaro; Kashyap, Vinay L.",2025-12,2026-03-01,2026-06-30,10.1093/mnras/stag235,,2026MNRAS.546ag235W,Monthly Notices of the Royal Astronomical Society,PEER_REVIEWED,ADS_SCIX,BAII2H000049,true,journal version available and substantively current,RESOLVED,RAW_PROVIDER_METADATA,
BAIIV0061,BAIIW0038,ARXIV_PREPRINT,HiPERCAM and TESS observations of the rapidly rotating M7V star LP 89─187,"Ramsay, Gavin; Gerry Doyle, J.; Littlefair, Stuart; Dhillon, V. S.; Garcia Alvarez, David",2025-09,2025-09,2025-09,,2509.15941,,,PREPRINT,ADS_SCIX,,false,,RESOLVED,ADS_EXPLICIT_ARXIV_CROSSLINK,SYNTHETIC_METADATA_ONLY_VERSION; public month inferred from arXiv identifier; no additional systematic hit added
BAIIV0062,BAIIW0038,JOURNAL_ARTICLE,HiPERCAM and TESS observations of the rapidly rotating M7V star LP 89─187,"Ramsay, Gavin; Gerry Doyle, J.; Littlefair, Stuart; Dhillon, V. S.; Garcia Alvarez, David",2025-09,2025-11-01,2026-06-08,10.1051/0004-6361/202554275,,2025A&A...703A.122R,Astronomy and Astrophysics,PEER_REVIEWED,ADS_SCIX,BAII2H000050;BAII2H000111,true,journal version available and substantively current,RESOLVED,RAW_PROVIDER_METADATA,
BAIIV0063,BAIIW0039,JOURNAL_ARTICLE,"Properties of PSR J1023+0038 Based on Kepler, TESS, and FAST","Zhang, Li-yun; Yang, Zilu; Li, Baoda; Su, Tianhao; Misra, Prabhakar; Han, Xianming L.; Long, Liu",2024-01-01,2024-01-01,2026-04-13,10.3847/1538-4357/ad0841,,2024ApJ...960...20Z,The Astrophysical Journal,PEER_REVIEWED,ADS_SCIX,BAII2H000051;BAII2H000109,true,journal version available and substantively current,RESOLVED,RAW_PROVIDER_METADATA,
BAIIV0064,BAIIW0040,JOURNAL_ARTICLE,Activity Cycles of Solar-Type Stars with Superflares,"Savanov, I. S.; Kalinkin, A. D.",2025-10-01,2025-10-01,2026-07-22,10.1134/s106377292570221x,,2025ARep...69..983S,Astronomy Reports,PEER_REVIEWED,ADS_SCIX,BAII2H000052,true,journal version available and substantively current,RESOLVED,RAW_PROVIDER_METADATA,
BAIIV0065,BAIIW0041,ARXIV_PREPRINT,Evolution of Flare Activity in GKM Stars Younger than 300 Myr over Five Years of TESS Observations,Adina D. Feinstein; Darryl Z. Seligman; Kevin France; Jonathan Gagné; Adam Kowalski,2024-05-01,2024-05-01,2024-05-01,,2405.00850,,,PREPRINT,ARXIV,BAII2H000085,false,,RESOLVED,RAW_PROVIDER_METADATA,
BAIIV0066,BAIIW0041,JOURNAL_ARTICLE,Evolution of Flare Activity in GKM Stars Younger Than 300 Myr over Five Years of TESS Observations,"Feinstein, Adina D.; Seligman, Darryl Z.; France, Kevin; Gagné, Jonathan; Kowalski, Adam",2024-05-01,2024-08-01,2026-06-15,10.3847/1538-3881/ad4edf,,2024AJ....168...60F,The Astronomical Journal,PEER_REVIEWED,ADS_SCIX,BAII2H000053;BAII2H000097,true,journal version available and substantively current,RESOLVED,RAW_PROVIDER_METADATA,
BAIIV0067,BAIIW0042,CONFERENCE_ABSTRACT,Searching for Pulsation Signals in Low Mass Stars with TESS through Light Curve Analysis,"Neha, Sajia Shahrin; Kiman, Rocio; Hallinan, Gregg; Buzasi, Derek; Pedersen, May; Perez, Uriel; Basu, Sarbani; Khalack, Viktor; Chaplin, William",2025-01-01,2025-01-01,2026-03-23,,,2025AAS...24540323N,American Astronomical Society Meeting Abstracts #245,NOT_PEER_REVIEWED,ADS_SCIX,BAII2H000054;BAII2H000121,true,only recoverable material version for this work,RESOLVED,RAW_PROVIDER_METADATA,
BAIIV0068,BAIIW0043,JOURNAL_ARTICLE,Magnetic Activity in X-Ray Stars from eROSITA: Insights from the TESS and LAMOST Surveys,"Xu, Lulu; Zhang, Li-yun; Wang, Yinpeng; Su, Tianhao; Han, Xianming L.; Pires, Adriana M.; Guo, Rui; Zhang, Xian; Misra, Prabhakar; Pi, Qingfeng; Lu, Hongpeng",2026-06-01,2026-06-01,2026-06-30,10.3847/1538-4365/ae5d2d,,2026ApJS..284...54X,The Astrophysical Journal Supplement Series,PEER_REVIEWED,ADS_SCIX,BAII2H000056;BAII2H000113,true,journal version available and substantively current,RESOLVED,RAW_PROVIDER_METADATA,
BAIIV0069,BAIIW0044,JOURNAL_ARTICLE,Flaring Behavior in the M Dwarf PM J11183+1347 from TESS Observations,"Mwanzia, Dorothy M.; Kumbhakar, Rajib; Mondal, Soumen; Lata, Sneh; Okeng'o, Geoffrey; Ghosh, Samrat; Buers, John",2026-04-01,2026-04-01,2026-06-08,10.3847/1538-4357/ae4c4a,,2026ApJ..1001...24M,The Astrophysical Journal,PEER_REVIEWED,ADS_SCIX,BAII2H000057;BAII2H000103,true,journal version available and substantively current,RESOLVED,RAW_PROVIDER_METADATA,
BAIIV0070,BAIIW0045,JOURNAL_ARTICLE,Flare from the secondary star of an extreme period binary,"Shuang, Wang; Raúl, Michel; Huiyu, Yuan; Yuangui, Yang",2025-02-01,2025-02-01,2026-03-23,10.1093/pasj/psae100,,2025PASJ...77...74S,Publications of the Astronomical Society of Japan,PEER_REVIEWED,ADS_SCIX,BAII2H000058;BAII2H000114,true,journal version available and substantively current,RESOLVED,RAW_PROVIDER_METADATA,
BAIIV0071,BAIIW0046,ARXIV_PREPRINT,Short-term Balmer Line Emission Variability in M Dwarfs,"García Soto, Aylin; Duvvuri, Girish M.; Newton, Elisabeth R.; Howard, Ward S.; Núñez, Alejandro; Douglas, Stephanie T.",2025-02,2025-02,2025-02,,2502.02568,,,PREPRINT,ADS_SCIX,,false,,RESOLVED,ADS_EXPLICIT_ARXIV_CROSSLINK,SYNTHETIC_METADATA_ONLY_VERSION; public month inferred from arXiv identifier; no additional systematic hit added
BAIIV0072,BAIIW0046,JOURNAL_ARTICLE,Short-term Balmer Line Emission Variability in M Dwarfs,"García Soto, Aylin; Duvvuri, Girish M.; Newton, Elisabeth R.; Howard, Ward S.; Núñez, Alejandro; Douglas, Stephanie T.",2025-02,2025-04-01,2026-06-15,10.3847/1538-4357/adb615,,2025ApJ...982...98G,The Astrophysical Journal,PEER_REVIEWED,ADS_SCIX,BAII2H000059,true,journal version available and substantively current,RESOLVED,RAW_PROVIDER_METADATA,
BAIIV0073,BAIIW0047,ARXIV_PREPRINT,Ca II and Hα flaring M dwarfs detected with multi-filter photometry,"Mas-Buitrago, P.; Zhang, J.-Y.; Solano, E.; Martín, E. L.",2025-03,2025-03,2025-03,,2503.22525,,,PREPRINT,ADS_SCIX,,false,,RESOLVED,ADS_EXPLICIT_ARXIV_CROSSLINK,SYNTHETIC_METADATA_ONLY_VERSION; public month inferred from arXiv identifier; no additional systematic hit added
BAIIV0074,BAIIW0047,JOURNAL_ARTICLE,Ca II and Hα flaring M dwarfs detected with multi-filter photometry,"Mas-Buitrago, P.; Zhang, J.-Y.; Solano, E.; Martín, E. L.",2025-03,2025-03-01,2026-03-23,10.1051/0004-6361/202452387,,2025A&A...695A.182M,Astronomy and Astrophysics,PEER_REVIEWED,ADS_SCIX,BAII2H000060;BAII2H000110,true,journal version available and substantively current,RESOLVED,RAW_PROVIDER_METADATA,
BAIIV0075,BAIIW0048,ARXIV_PREPRINT,LAMOST medium-resolution observations of the Pleiades,"Frasca, A.; Zhang, J. Y.; Alonso-Santiago, J.; Fu, J. N.; Molenda-Żakowicz, J.; De Cat, P.; Catanzaro, G.",2025-04,2025-04,2025-04,,2504.09031,,,PREPRINT,ADS_SCIX,,false,,RESOLVED,ADS_EXPLICIT_ARXIV_CROSSLINK,SYNTHETIC_METADATA_ONLY_VERSION; public month inferred from arXiv identifier; no additional systematic hit added
BAIIV0076,BAIIW0048,JOURNAL_ARTICLE,LAMOST medium-resolution observations of the Pleiades,"Frasca, A.; Zhang, J. Y.; Alonso-Santiago, J.; Fu, J. N.; Molenda-Żakowicz, J.; De Cat, P.; Catanzaro, G.",2025-04,2025-06-01,2026-03-30,10.1051/0004-6361/202553673,,2025A&A...698A...7F,Astronomy and Astrophysics,PEER_REVIEWED,ADS_SCIX,BAII2H000061;BAII2H000125,true,journal version available and substantively current,RESOLVED,RAW_PROVIDER_METADATA,
BAIIV0077,BAIIW0049,JOURNAL_ARTICLE,Coronal and chromospheric activity of Teegarden's star,"Fuhrmeister, B.; Schmitt, J. H. M. M.; Reiners, A.; Czesla, S.; Béjar, V. J. S.; Caballero, J.; Eislöffel, J.; Henning, Th.; Morales, J. C.; Quirrenbach, A.; Ribas, I.; Robrade, J.; Schneider, P. C.; Zechmeister, M.",2024-11-01,2024-11-01,2026-03-23,10.1051/0004-6361/202451697,,2024A&A...691A.208F,Astronomy and Astrophysics,PEER_REVIEWED,ADS_SCIX,BAII2H000062,true,journal version available and substantively current,RESOLVED,RAW_PROVIDER_METADATA,
BAIIV0078,BAIIW0049,ARXIV_PREPRINT,Coronal and chromospheric activity of Teegarden's star,"Fuhrmeister, B.; Schmitt, J. H. M. M.; Reiners, A.; Czesla, S.; Béjar, V. J. S.; Caballero, J.; Eislöffel, J.; Henning, Th.; Morales, J. C.; Quirrenbach, A.; Ribas, I.; Robrade, J.; Schneider, P. C.; Zechmeister, M.",2024-11-01,2025-04,2025-04,,2504.02338,,,PREPRINT,ADS_SCIX,,false,,RESOLVED,ADS_EXPLICIT_ARXIV_CROSSLINK,SYNTHETIC_METADATA_ONLY_VERSION; public month inferred from arXiv identifier; no additional systematic hit added
BAIIV0079,BAIIW0050,ARXIV_PREPRINT,Exploring stellar activity in a sample of active M dwarfs,"Rajpurohit, A. S.; Kumar, V.; Srivastava, M. K.; Labadie, L.; Rajpurohit, K.; Fernández-Trincado, J. G.",2025-10,2025-10,2025-10,,2510.02693,,,PREPRINT,ADS_SCIX,,false,,RESOLVED,ADS_EXPLICIT_ARXIV_CROSSLINK,SYNTHETIC_METADATA_ONLY_VERSION; public month inferred from arXiv identifier; no additional systematic hit added
BAIIV0080,BAIIW0050,JOURNAL_ARTICLE,Exploring stellar activity in a sample of active M dwarfs,"Rajpurohit, A. S.; Kumar, V.; Srivastava, M. K.; Labadie, L.; Rajpurohit, K.; Fernández-Trincado, J. G.",2025-10,2025-12-01,2026-06-08,10.1051/0004-6361/202554816,,2025A&A...704A.154R,Astronomy and Astrophysics,PEER_REVIEWED,ADS_SCIX,BAII2H000063,true,journal version available and substantively current,RESOLVED,RAW_PROVIDER_METADATA,
BAIIV0081,BAIIW0051,ARXIV_PREPRINT,FUMES. IV. Optical and Far-ultraviolet Spectra of a Flare on the M Dwarf GJ 4334,"Duvvuri, Girish M.; Pineda, J. Sebastian; García Soto, Aylin; Berta-Thompson, Zachory K.; Youngblood, Allison; France, Kevin; Newton, Elisabeth R.; Stassun, Keivan G.",2025-08,2025-08,2025-08,,2508.18459,,,PREPRINT,ADS_SCIX,,false,,RESOLVED,ADS_EXPLICIT_ARXIV_CROSSLINK,SYNTHETIC_METADATA_ONLY_VERSION; public month inferred from arXiv identifier; no additional systematic hit added
BAIIV0082,BAIIW0051,JOURNAL_ARTICLE,FUMES. IV. Optical and Far-ultraviolet Spectra of a Flare on the M Dwarf GJ 4334,"Duvvuri, Girish M.; Pineda, J. Sebastian; García Soto, Aylin; Berta-Thompson, Zachory K.; Youngblood, Allison; France, Kevin; Newton, Elisabeth R.; Stassun, Keivan G.",2025-08,2025-10-01,2026-06-08,10.3847/1538-3881/adff74,,2025AJ....170..249D,The Astronomical Journal,PEER_REVIEWED,ADS_SCIX,BAII2H000064;BAII2H000108,true,journal version available and substantively current,RESOLVED,RAW_PROVIDER_METADATA,
BAIIV0083,BAIIW0052,ARXIV_PREPRINT,The puzzling story of flare inactive ultra-fast-rotating M dwarfs ─ III. Investigating X-ray activity,"Doyle, Lauren; King, George W.; Ramsay, Gavin; Corrales, Lía R.; Bagnulo, Stefano; Doyle, J. Gerry; Hakala, Pasi",2026-04,2026-04,2026-04,,2604.07976,,,PREPRINT,ADS_SCIX,,false,,RESOLVED,ADS_EXPLICIT_ARXIV_CROSSLINK,SYNTHETIC_METADATA_ONLY_VERSION; public month inferred from arXiv identifier; no additional systematic hit added
BAIIV0084,BAIIW0052,JOURNAL_ARTICLE,The puzzling story of flare inactive ultra-fast-rotating M dwarfs ─ III. Investigating X-ray activity,"Doyle, Lauren; King, George W.; Ramsay, Gavin; Corrales, Lía R.; Bagnulo, Stefano; Doyle, J. Gerry; Hakala, Pasi",2026-04,2026-05-01,2026-07-20,10.1093/mnras/stag681,,2026MNRAS.548ag681D,Monthly Notices of the Royal Astronomical Society,PEER_REVIEWED,ADS_SCIX,BAII2H000065,true,journal version available and substantively current,RESOLVED,RAW_PROVIDER_METADATA,
BAIIV0085,BAIIW0053,ARXIV_PREPRINT,Time-Resolved Connection between Starspots and Flares in Nearby Young Solar-type Stars Observed by TESS,"Hitotsuyanagi, Daijiro; Yamada, Hiroto; Yamashiki, Daisuke; Ishihara, Kazuma; Yamashiki, Yosuke; Namekata, Kosuke",2026-07-01,2026-07-01,2026-07-15,,2607.11824,2026arXiv260711824H,,PREPRINT,ADS_SCIX;ARXIV,BAII2H000066;BAII2H000086;BAII2H000117,true,no journal version available; latest available arXiv/preprint version,RESOLVED,RAW_PROVIDER_METADATA,
BAIIV0086,BAIIW0054,ARXIV_PREPRINT,"Multiwavelength Campaign Observations of a Young Solar-type Star, EK Draconis. III. Comparison between Starspot Mapping, Zeeman Doppler Imaging, and Multiwavelength Variability",Kai Ikuta; Kosuke Namekata; Pascal Petit; Vladimir S. Airapetian; Hiroyuki Maehara; Yuta Notsu; Aline A. Vidotto; Keith Gendreau; Sandra V. Jeffers; Stephen Marsden; Julien Morin; Coralie Neiner; Rishi R. Paudel; Daisaku Nogami; Kazunari Shibata,2026-02-17,2026-02-17,2026-02-17,,2602.15979,,,PREPRINT,ARXIV,BAII2H000088,false,,RESOLVED,RAW_PROVIDER_METADATA,
BAIIV0087,BAIIW0054,JOURNAL_ARTICLE,"Multiwavelength Campaign Observations of a Young Solar-type Star, EK Draconis. III. Comparison between Starspot Mapping, Zeeman Doppler Imaging, and Multiwavelength Variability","Ikuta, Kai; Namekata, Kosuke; Petit, Pascal; Airapetian, Vladimir S.; Maehara, Hiroyuki; Notsu, Yuta; Vidotto, Aline A.; Gendreau, Keith; Jeffers, Sandra V.; Marsden, Stephen; Morin, Julien; Neiner, Coralie; Paudel, Rishi R.; Nogami, Daisaku; Shibata, Kazunari",2026-02-17,2026-04-01,2026-06-15,10.3847/1538-4357/ae47eb,,2026ApJ..1001...18I,The Astrophysical Journal,PEER_REVIEWED,ADS_SCIX,BAII2H000067,true,journal version available and substantively current,RESOLVED,RAW_PROVIDER_METADATA,
BAIIV0088,BAIIW0055,OTHER,"VizieR Online Data Catalog: Magnetic activity of radio stars (Wang+, 2024)","Wang, Y.; Zhang, L.; Su, T.; Han, X. L.; Misra, P.",2024-03-01,2024-03-01,2026-03-23,,,2024yCat..36860164W,VizieR Online Data Catalog,NOT_APPLICABLE,ADS_SCIX,BAII2H000068;BAII2H000123,true,only recoverable material version for this work,RESOLVED,RAW_PROVIDER_METADATA,
BAIIV0089,BAIIW0056,JOURNAL_ARTICLE,Spottedness and Flare Activity of Solar-Type Stars with Exoplanets,"Savanov, I. S.",2025-04-01,2025-04-01,2026-07-22,10.1134/s1063772925701768,,2025ARep...69..329S,Astronomy Reports,PEER_REVIEWED,ADS_SCIX,BAII2H000069;BAII2H000115,true,journal version available and substantively current,RESOLVED,RAW_PROVIDER_METADATA,
BAIIV0090,BAIIW0057,CONFERENCE_ABSTRACT,Linking Stellar Activity with Rotation Rates Through Gyrochronology,"McGinley, Cassandra; Oswalt, Terry; Lares Martiz, Mariel",2025-01-01,2025-01-01,2026-03-23,,,2025AAS...24535218M,American Astronomical Society Meeting Abstracts #245,NOT_PEER_REVIEWED,ADS_SCIX,BAII2H000070;BAII2H000138,true,only recoverable material version for this work,RESOLVED,RAW_PROVIDER_METADATA,
BAIIV0091,BAIIW0058,CONFERENCE_ABSTRACT,Oscillations and Magnetic Activity of Solar-Type Stars,"Lombardi, Christopher; Kosovichev, Alexander",2025-01-01,2025-01-01,2026-03-23,,,2025AAS...24540321L,American Astronomical Society Meeting Abstracts #245,NOT_PEER_REVIEWED,ADS_SCIX,BAII2H000071,true,only recoverable material version for this work,RESOLVED,RAW_PROVIDER_METADATA,
BAIIV0092,BAIIW0059,CONFERENCE_ABSTRACT,ESPEX: the Early Star and Planet Evolution Explorer mission concept,"Turner, Neal; MacGregor, Meredith; Cody, Ann Marie; Burt, Jennifer; Howard, Ward; Huber, Daniel; Venuti, Laura; Espex Team",2024-02-01,2024-02-01,2026-03-23,,,2024AAS...24325928T,American Astronomical Society Meeting Abstracts #243,NOT_PEER_REVIEWED,ADS_SCIX,BAII2H000072,true,only recoverable material version for this work,RESOLVED,RAW_PROVIDER_METADATA,
BAIIV0093,BAIIW0060,CONFERENCE_ABSTRACT,High-time resolution observations of optical / near-ultraviolet / X-ray emission from two recent M-dwarf multi-wavelength observation campaigns,"Notsu, Yuta; Hirzberger, Johann; Krivova, Natalie A.; Li, X.; Solanki, Sami K.; Calchetti, D.; Valori, G.; SO/PHI Team",2025-02-01,2025-02-01,2026-03-23,,,2025ghh..confE..83N,SDO 2025 Science Workshop: A Gathering of the Helio-hive!,NOT_PEER_REVIEWED,ADS_SCIX,BAII2H000073,true,only recoverable material version for this work,RESOLVED,RAW_PROVIDER_METADATA,
BAIIV0094,BAIIW0061,ARXIV_PREPRINT,The White-light Superflares from Cool Stars in GWAC Triggers,"Li, Guang-Wei; Wang, Liang; Yuan, Hai-Long; Xin, Li-Ping; Wang, Jing; Wu, Chao; Li, Hua-Li; Haerken, Hasitieer; Wang, Wei-Hua; Cai, Hong-Bo; Han, Xu-Hui; Xu, Yang; Huang, Lei; Lu, Xiao-Meng; Bai, Jian-Ying; Wang, Xiang-Yu; Dai, Zi-Gao; Liang, En-Wei; Wei, Jian-Yan",2024-07,2024-07,2024-07,,2407.08183,,,PREPRINT,ADS_SCIX,,false,,RESOLVED,ADS_EXPLICIT_ARXIV_CROSSLINK,SYNTHETIC_METADATA_ONLY_VERSION; public month inferred from arXiv identifier; no additional systematic hit added
BAIIV0095,BAIIW0061,JOURNAL_ARTICLE,The White-light Superflares from Cool Stars in GWAC Triggers,"Li, Guang-Wei; Wang, Liang; Yuan, Hai-Long; Xin, Li-Ping; Wang, Jing; Wu, Chao; Li, Hua-Li; Haerken, Hasitieer; Wang, Wei-Hua; Cai, Hong-Bo; Han, Xu-Hui; Xu, Yang; Huang, Lei; Lu, Xiao-Meng; Bai, Jian-Ying; Wang, Xiang-Yu; Dai, Zi-Gao; Liang, En-Wei; Wei, Jian-Yan",2024-07,2024-08-01,2026-06-15,10.3847/1538-4357/ad55e8,,2024ApJ...971..114L,The Astrophysical Journal,PEER_REVIEWED,ADS_SCIX,BAII2H000074;BAII2H000106,true,journal version available and substantively current,RESOLVED,RAW_PROVIDER_METADATA,
BAIIV0096,BAIIW0062,ARXIV_PREPRINT,Detectability of Self-lensing Flares of White Dwarfs with Compact Companions,"Nir, Guy; Bloom, Joshua S.",2023-11,2023-11,2023-11,,2311.14392,,,PREPRINT,ADS_SCIX,,false,,RESOLVED,ADS_EXPLICIT_ARXIV_CROSSLINK,SYNTHETIC_METADATA_ONLY_VERSION; public month inferred from arXiv identifier; no additional systematic hit added
BAIIV0097,BAIIW0062,JOURNAL_ARTICLE,Detectability of Self-lensing Flares of White Dwarfs with Compact Companions,"Nir, Guy; Bloom, Joshua S.",2023-11,2025-01-01,2026-06-15,10.3847/1538-4357/ad9398,,2025ApJ...978..169N,The Astrophysical Journal,PEER_REVIEWED,ADS_SCIX,BAII2H000075;BAII2H000122,true,journal version available and substantively current,RESOLVED,RAW_PROVIDER_METADATA,
BAIIV0098,BAIIW0063,ARXIV_PREPRINT,Searching for rotational X-ray modulation on TIC 277539431,Desmond Dsouza; Katja Poppenhaeger; Ekaterina Ilin,2026-02-10,2026-02-10,2026-02-10,,2602.09835,,,PREPRINT,ARXIV,BAII2H000089,false,,RESOLVED,RAW_PROVIDER_METADATA,
BAIIV0099,BAIIW0063,JOURNAL_ARTICLE,Searching for Rotational X-Ray Modulation on TIC 277539431,"Dsouza, Desmond; Poppenhäger, Katja; Ilin, Ekaterina",2026-02-10,2026-03-01,2026-04-20,10.1002/asna.70085,,2026AN....34770085D,Astronomische Nachrichten,PEER_REVIEWED,ADS_SCIX,BAII2H000076,true,journal version available and substantively current,RESOLVED,RAW_PROVIDER_METADATA,
BAIIV0100,BAIIW0064,CONFERENCE_ABSTRACT,"Multi-Wavelength Observational Campaigns of a Young Sun-like Star, EK Dra: Radio and Optical Counterparts of Stellar Flares and Active Regions","Namekata, Kosuke; Airapetian, Vladimir; Villadsen, Jackie; Bastian, Timothy; Hamaguchi, Kenji",2026-02-01,2026-02-01,2026-03-23,,,2026AAS...24742901N,American Astronomical Society Meeting Abstracts,NOT_PEER_REVIEWED,ADS_SCIX,BAII2H000077,true,only recoverable material version for this work,RESOLVED,RAW_PROVIDER_METADATA,
BAIIV0101,BAIIW0065,CONFERENCE_ABSTRACT,Evolution of Flaring Activity with the Beta Pictoris and AB Doradus Moving Groups,"Ealy, Jordan; Schlieder, Joshua; Komacek, Thaddeus",2024-02-01,2024-02-01,2026-03-23,,,2024AAS...24325908E,American Astronomical Society Meeting Abstracts #243,NOT_PEER_REVIEWED,ADS_SCIX,BAII2H000078;BAII2H000131,true,only recoverable material version for this work,RESOLVED,RAW_PROVIDER_METADATA,
BAIIV0102,BAIIW0066,ARXIV_PREPRINT,TESS Free-floating Planet Candidate Is Likely a Stellar Flare,Przemek Mroz,2024-04-25,2024-04-25,2024-05-13,,2404.16480,,,PREPRINT,ARXIV,BAII2H000079,false,,RESOLVED,RAW_PROVIDER_METADATA,
BAIIV0103,BAIIW0066,JOURNAL_ARTICLE,TESS Free-floating Planet Candidate Is Likely a Stellar Flare,Przemek Mroz,2024-04-25,,,10.32023/0001-5237/73.4.1,,,"Acta Astronom. 73, 259 (2023)",PUBLISHED_JOURNAL,ARXIV,,true,journal version available and substantively current,RESOLVED,ARXIV_EXPLICIT_JOURNAL_LINK,SYNTHETIC_METADATA_ONLY_VERSION; explicit arXiv journal/DOI link; no additional systematic hit added
BAIIV0104,BAIIW0067,ARXIV_PREPRINT,Rotational Variability and Detection of Superflares in a Young Brown Dwarf by TESS,"Kumbhakar, Rajib; Mondal, Soumen; Ghosh, Samrat; Ram, Diya; Pramanik, Sudip",2023-09,2023-09,2023-09,,2309.01084,,,PREPRINT,ADS_SCIX,,false,,RESOLVED,ADS_EXPLICIT_ARXIV_CROSSLINK,SYNTHETIC_METADATA_ONLY_VERSION; public month inferred from arXiv identifier; no additional systematic hit added
BAIIV0105,BAIIW0067,JOURNAL_ARTICLE,Rotational Variability and Detection of Superflares in a Young Brown Dwarf by TESS,"Kumbhakar, Rajib; Mondal, Soumen; Ghosh, Samrat; Ram, Diya; Pramanik, Sudip",2023-09,2024-06-01,2026-06-15,10.25518/0037-9565.11722,,2024BSRSL..93..370K,Bulletin de la Societe Royale des Sciences de Liege,PEER_REVIEWED,ADS_SCIX,BAII2H000096,true,journal version available and substantively current,RESOLVED,RAW_PROVIDER_METADATA,
BAIIV0106,BAIIW0068,ARXIV_PREPRINT,Dynamic Photometric Variability in Three Young Brown Dwarfs in Taurus: Detection of Optical Flares with TESS Data,"Ghosh, Samrat; Mondal, Soumen; Dutta, Somnath; Kumbhakar, Rajib; Das, Ramkrishna; Joshi, Santosh; Lata, Sneh",2025-02,2025-02,2025-02,,2502.20004,,,PREPRINT,ADS_SCIX,,false,,RESOLVED,ADS_EXPLICIT_ARXIV_CROSSLINK,SYNTHETIC_METADATA_ONLY_VERSION; public month inferred from arXiv identifier; no additional systematic hit added
BAIIV0107,BAIIW0068,CONFERENCE_ABSTRACT,Dynamic Photometric Variability in Three Young Brown Dwarfs in Taurus: Detection of Optical Flares with TESS data,"Ghosh, Samrat; Mondal, Soumen; Dutta, Somnath; Das, Ramkrishna; Joshi, Santosh; Lata, Sneh; Kumbhakar, Rajib",2025-02,2025-02-01,2026-07-13,,,2025asi..confP..23G,43rd meeting of the Astronomical Society of India (ASI),NOT_PEER_REVIEWED,ADS_SCIX,BAII2H000126,false,,RESOLVED,RAW_PROVIDER_METADATA,
BAIIV0108,BAIIW0068,JOURNAL_ARTICLE,Dynamic Photometric Variability in Three Young Brown Dwarfs in Taurus: Detection of Optical Flares with TESS Data,"Ghosh, Samrat; Mondal, Soumen; Dutta, Somnath; Kumbhakar, Rajib; Das, Ramkrishna; Joshi, Santosh; Lata, Sneh",2025-02,2025-03-01,2026-06-15,10.3847/1538-4357/ada955,,2025ApJ...981...75G,The Astrophysical Journal,PEER_REVIEWED,ADS_SCIX,BAII2H000101,true,journal version available and substantively current,RESOLVED,RAW_PROVIDER_METADATA,
BAIIV0109,BAIIW0069,ARXIV_PREPRINT,Rapid Optical Flare in the Extreme TeV Blazar 1ES 0229+200 on Intraday Timescale with TESS,Shubham Kishore; Alok C. Gupta; Paul J. Wiita; S. N. Tiwari,2024-04-21,2024-04-21,2024-04-21,,2404.13638,,,PREPRINT,ARXIV,BAII2H000150,false,,RESOLVED,RAW_PROVIDER_METADATA,
BAIIV0110,BAIIW0069,JOURNAL_ARTICLE,Rapid optical flare in the extreme teraelectronvolt blazar 1ES 0229+200 on intraday timescales with the Transiting Exoplanet Survey Satellite,"Kishore, S.; Gupta, A. C.; Wiita, P. J.; Tiwari, S. N.",2024-04-21,2024-10-01,2026-06-15,10.1051/0004-6361/202449888,,2024A&A...690A.223K,Astronomy and Astrophysics,PEER_REVIEWED,ADS_SCIX,BAII2H000107,true,journal version available and substantively current,RESOLVED,RAW_PROVIDER_METADATA,
BAIIV0111,BAIIW0070,ARXIV_PREPRINT,Rapid Optical Flares in the Blazar OJ 287 on Intraday Timescales with TESS,"Kishore, Shubham; Gupta, Alok C.; Wiita, Paul J.",2023-11,2023-11,2023-11,,2311.02368,,,PREPRINT,ADS_SCIX,,false,,RESOLVED,ADS_EXPLICIT_ARXIV_CROSSLINK,SYNTHETIC_METADATA_ONLY_VERSION; public month inferred from arXiv identifier; no additional systematic hit added
BAIIV0112,BAIIW0070,JOURNAL_ARTICLE,Rapid Optical Flares in the Blazar OJ 287 on Intraday Timescales with TESS,"Kishore, Shubham; Gupta, Alok C.; Wiita, Paul J.",2023-11,2024-01-01,2026-06-15,10.3847/1538-4357/ad0b80,,2024ApJ...960...11K,The Astrophysical Journal,PEER_REVIEWED,ADS_SCIX,BAII2H000112,true,journal version available and substantively current,RESOLVED,RAW_PROVIDER_METADATA,
BAIIV0113,BAIIW0071,ARXIV_PREPRINT,Searching for Stellar Activity Cycles using Flares II: The TESS CVZ,"Wainer, Tobin M.; Stuart, Holland M.; Tovar Mendoza, Guadalupe; Casey, Andrew R.; Wagg, Tom; Davenport, James R. A.",2026-07-01,2026-07-01,2026-07-16,,2607.12883,2026arXiv260712883W,,PREPRINT,ADS_SCIX,BAII2H000116,true,no journal version available; latest available arXiv/preprint version,RESOLVED,RAW_PROVIDER_METADATA,
BAIIV0114,BAIIW0072,ARXIV_PREPRINT,Photometric Variability of Low Mass Stars and Brown Dwarfs in IC 348 and Taurus Star-Forming Regions,"Ghosh, Samrat; Mondal, Soumen; Joshi, Santosh; Lata, Sneh; Kumbhakar, Rajib",2024-01,2024-01,2024-01,,2401.07609,,,PREPRINT,ADS_SCIX,,false,,RESOLVED,ADS_EXPLICIT_ARXIV_CROSSLINK,SYNTHETIC_METADATA_ONLY_VERSION; public month inferred from arXiv identifier; no additional systematic hit added
BAIIV0115,BAIIW0072,JOURNAL_ARTICLE,Photometric Variability of Low Mass Stars and Brown Dwarfs in IC 348 and Taurus Star-Forming Regions,"Ghosh, Samrat; Mondal, Soumen; Joshi, Santosh; Lata, Sneh; Kumbhakar, Rajib",2024-01,2024-06-01,2026-06-15,10.25518/0037-9565.11817,,2024BSRSL..93..623G,Bulletin de la Societe Royale des Sciences de Liege,PEER_REVIEWED,ADS_SCIX,BAII2H000118,true,journal version available and substantively current,RESOLVED,RAW_PROVIDER_METADATA,
BAIIV0116,BAIIW0073,JOURNAL_ARTICLE,New variable stars from TESS sector 93,"Yatsiuk, M.; Dzygunenko, A.; Semyriako, I.; Liashenko, K.; Baransky, A.; Cagle, D.; Lazarieva, A.; Chumachenko, M.; Lykholat, O.; Rudenko, A.",2026-06-01,2026-06-01,2026-07-13,10.5817/oejv2026-0271,,2026OEJV..271....1Y,Open European Journal on Variable Stars,PEER_REVIEWED,ADS_SCIX,BAII2H000119,true,journal version available and substantively current,RESOLVED,RAW_PROVIDER_METADATA,
BAIIV0117,BAIIW0074,CONFERENCE_ABSTRACT,Variability Survey of the Cepheus Flare Star Forming Region Using TESS Light Curves,"Scheller, Nena; Zwintz, Konstanze",2025-10-01,2025-10-01,2026-03-23,,,2025tasc.confE.125S,TASC9/KASC16 9th TESS/16th Kepler Asteroseismic Science Consortium,NOT_PEER_REVIEWED,ADS_SCIX,BAII2H000120,true,only recoverable material version for this work,RESOLVED,RAW_PROVIDER_METADATA,
BAIIV0118,BAIIW0075,JOURNAL_ARTICLE,KIC 6464285: A Solar-type Eclipsing Binary in a Hierarchical Triple System with Quasiperiodic Out-of-eclipse Modulations,"Meng, Fang-Bin; Zhu, Li-Ying; Qian, Sheng-Bang; Asfandiyarov, Ildar; Matekov, Azizbek; Baltamuratov, Jaqsiliq; Liao, Wen-Ping; Luo, A.-Li; Hou, Wen; Li, Ping; Li, Lin-Jia; Zhao, Er-Gang; He, Jia-Jia",2026-06-01,2026-06-01,2026-07-27,10.3847/1538-4357/ae677e,,2026ApJ..1003..133M,The Astrophysical Journal,PEER_REVIEWED,ADS_SCIX,BAII2H000127,true,journal version available and substantively current,RESOLVED,RAW_PROVIDER_METADATA,
BAIIV0119,BAIIW0075,ARXIV_PREPRINT,KIC 6464285: A Solar-type Eclipsing Binary in a Hierarchical Triple System with Quasiperiodic Out-of-eclipse Modulations,"Meng, Fang-Bin; Zhu, Li-Ying; Qian, Sheng-Bang; Asfandiyarov, Ildar; Matekov, Azizbek; Baltamuratov, Jaqsiliq; Liao, Wen-Ping; Luo, A.-Li; Hou, Wen; Li, Ping; Li, Lin-Jia; Zhao, Er-Gang; He, Jia-Jia",2026-06-01,2026-07,2026-07,,2607.18811,,,PREPRINT,ADS_SCIX,,false,,RESOLVED,ADS_EXPLICIT_ARXIV_CROSSLINK,SYNTHETIC_METADATA_ONLY_VERSION; public month inferred from arXiv identifier; no additional systematic hit added
BAIIV0120,BAIIW0076,CONFERENCE_ABSTRACT,Solar-type Activities and Brightness Variations in Three Binary Star Systems,"Boneva, D.; Yankova, K.; Dimitrov, W.",2025-06-01,2025-06-01,2026-03-23,,,2025simi.conf..193B,"Seventeenth Workshop on Solar Influences on the Magnetosphere, Ionosphere, and Atmosphere",NOT_PEER_REVIEWED,ADS_SCIX,BAII2H000128,true,only recoverable material version for this work,RESOLVED,RAW_PROVIDER_METADATA,
BAIIV0121,BAIIW0077,ARXIV_PREPRINT,Detection of quasiperiodic oscillations in the blazar PKS 0735+178 with TESS,"Kishore, Shubham; Gupta, Alok C.; Wiita, Paul J.; Mondal, Sandeep K.; Vivek, M.",2026-07,2026-07,2026-07,,2607.07200,,,PREPRINT,ADS_SCIX,,false,,RESOLVED,ADS_EXPLICIT_ARXIV_CROSSLINK,SYNTHETIC_METADATA_ONLY_VERSION; public month inferred from arXiv identifier; no additional systematic hit added
BAIIV0122,BAIIW0077,JOURNAL_ARTICLE,Detection of quasiperiodic oscillations in the blazar PKS 0735+178 with TESS,"Kishore, Shubham; Gupta, Alok C.; Wiita, Paul J.; Mondal, Sandeep K.; Vivek, M.",2026-07,2026-08-01,2026-08-04,10.1093/mnras/stag1284,,2026MNRAS.550g1284K,Monthly Notices of the Royal Astronomical Society,PEER_REVIEWED,ADS_SCIX,BAII2H000129,true,journal version available and substantively current,RESOLVED,RAW_PROVIDER_METADATA,
BAIIV0123,BAIIW0078,JOURNAL_ARTICLE,An Anomalous Symmetric Flare Observed in the Single-lined Spectroscopic Binary TIC 380907942: Assessing Self-lensing and Alternative Hypotheses,"Sorabella, Nicholas M.; Laycock, Silas G. T.; Daylan, Tansu; Scott, Bailey; Christodoulou, Dimitris M.; Bhattacharya, Sayantan",2026-01-01,2026-01-01,2026-06-08,10.3847/1538-4357/ae25f8,,2026ApJ...997....3S,The Astrophysical Journal,PEER_REVIEWED,ADS_SCIX,BAII2H000130,true,journal version available and substantively current,RESOLVED,RAW_PROVIDER_METADATA,
BAIIV0124,BAIIW0079,JOURNAL_ARTICLE,Physical Parameters and Chromospheric Activity of Eclipsing Binaries Observed by the LAMOST DR10 Survey,"Shi, Ansong; Zhang, Li-yun; Su, Tianhao; Wang, Yinpeng; An, Qi; Han, Xianming L.; Misra, Prabhakar; Jiang, Linyan; Guo, Rui; Pi, Qingfeng",2025-09-01,2025-09-01,2026-07-07,10.3847/1538-4365/adf329,,2025ApJS..280...26S,The Astrophysical Journal Supplement Series,PEER_REVIEWED,ADS_SCIX,BAII2H000132,true,journal version available and substantively current,RESOLVED,RAW_PROVIDER_METADATA,
BAIIV0125,BAIIW0080,ARXIV_PREPRINT,Transitions in magnetic behavior at the substellar boundary,"Magaudda, E.; Stelzer, B.; Osten, R. A.; Pineda, J. S.; Raetz, St.; McKay, M.",2024-01,2024-01,2024-01,,2401.17292,,,PREPRINT,ADS_SCIX,,false,,RESOLVED,ADS_EXPLICIT_ARXIV_CROSSLINK,SYNTHETIC_METADATA_ONLY_VERSION; public month inferred from arXiv identifier; no additional systematic hit added
BAIIV0126,BAIIW0080,JOURNAL_ARTICLE,Transitions in magnetic behavior at the substellar boundary,"Magaudda, E.; Stelzer, B.; Osten, R. A.; Pineda, J. S.; Raetz, St.; McKay, M.",2024-01,2024-07-01,2026-06-15,10.1051/0004-6361/202449403,,2024A&A...687A..95M,Astronomy and Astrophysics,PEER_REVIEWED,ADS_SCIX,BAII2H000133,true,journal version available and substantively current,RESOLVED,RAW_PROVIDER_METADATA,
BAIIV0127,BAIIW0081,ARXIV_PREPRINT,Astrometry and Precise Radial Velocities Yield a Complete Orbital Solution for the Nearby Eccentric Brown Dwarf LHS 1610 b,"Fitzmaurice, Evan; Stefánsson, Guđmundur; Kavanagh, Robert D.; Mahadevan, Suvrath; Cañas, Caleb I.; Winn, Joshua N.; Robertson, Paul; Ninan, Joe P.; Albrecht, Simon; Callingham, J. R.; Cochran, William D.; Delamer, Megan; Ford, Eric B.; Kanodia, Shubham; Lin, Andrea S. J.; Marcussen, Marcus L.; Pope, Benjamin J. S.; Ramsey, Lawrence W.; Roy, Arpita; Vedantham, Harish; Wright, Jason T.",2023-10,2023-10,2023-10,,2310.07827,,,PREPRINT,ADS_SCIX,,false,,RESOLVED,ADS_EXPLICIT_ARXIV_CROSSLINK,SYNTHETIC_METADATA_ONLY_VERSION; public month inferred from arXiv identifier; no additional systematic hit added
BAIIV0128,BAIIW0081,JOURNAL_ARTICLE,Astrometry and Precise Radial Velocities Yield a Complete Orbital Solution for the Nearby Eccentric Brown Dwarf LHS 1610 b,"Fitzmaurice, Evan; Stefánsson, Guđmundur; Kavanagh, Robert D.; Mahadevan, Suvrath; Cañas, Caleb I.; Winn, Joshua N.; Robertson, Paul; Ninan, Joe P.; Albrecht, Simon; Callingham, J. R.; Cochran, William D.; Delamer, Megan; Ford, Eric B.; Kanodia, Shubham; Lin, Andrea S. J.; Marcussen, Marcus L.; Pope, Benjamin J. S.; Ramsey, Lawrence W.; Roy, Arpita; Vedantham, Harish; Wright, Jason T.",2023-10,2024-09-01,2026-06-15,10.3847/1538-3881/ad57be,,2024AJ....168..140F,The Astronomical Journal,PEER_REVIEWED,ADS_SCIX,BAII2H000134,true,journal version available and substantively current,RESOLVED,RAW_PROVIDER_METADATA,
BAIIV0129,BAIIW0082,ARXIV_PREPRINT,Quantifying the Effect of Short-timescale Stellar Activity Upon Transit Detection in M Dwarfs,"Yaptangco, Dana Clarice; Ballard, Sarah; Dittmann, Jason; Albornoz, Mariangel",2024-02,2024-02,2024-02,,2402.00115,,,PREPRINT,ADS_SCIX,,false,,RESOLVED,ADS_EXPLICIT_ARXIV_CROSSLINK,SYNTHETIC_METADATA_ONLY_VERSION; public month inferred from arXiv identifier; no additional systematic hit added
BAIIV0130,BAIIW0082,JOURNAL_ARTICLE,Quantifying the Effect of Short-timescale Stellar Activity Upon Transit Detection in M Dwarfs,"Yaptangco, Dana Clarice; Ballard, Sarah; Dittmann, Jason; Albornoz, Mariangel",2024-02,2025-03-01,2026-06-15,10.3847/1538-3881/ada898,,2025AJ....169..153Y,The Astronomical Journal,PEER_REVIEWED,ADS_SCIX,BAII2H000135,true,journal version available and substantively current,RESOLVED,RAW_PROVIDER_METADATA,
BAIIV0131,BAIIW0083,ARXIV_PREPRINT,KM UMa: An Active Short-period Detached Eclipsing Binary in a Hierarchical Quadruple System,"Meng, Fangbin; Zhu, Liying; Liu, Nianping; Li, Ping; Zhang, Jia; Li, Linjia; Matekov, Azizbek",2024-10,2024-10,2024-10,,2410.06994,,,PREPRINT,ADS_SCIX,,false,,RESOLVED,ADS_EXPLICIT_ARXIV_CROSSLINK,SYNTHETIC_METADATA_ONLY_VERSION; public month inferred from arXiv identifier; no additional systematic hit added
BAIIV0132,BAIIW0083,JOURNAL_ARTICLE,KM UMa: An Active Short-period Detached Eclipsing Binary in a Hierarchical Quadruple System,"Meng, Fangbin; Zhu, Liying; Liu, Nianping; Li, Ping; Zhang, Jia; Li, Linjia; Matekov, Azizbek",2024-10,2024-10-01,2026-06-15,10.3847/1538-4357/ad6df7,,2024ApJ...974..103M,The Astrophysical Journal,PEER_REVIEWED,ADS_SCIX,BAII2H000136,true,journal version available and substantively current,RESOLVED,RAW_PROVIDER_METADATA,
BAIIV0133,BAIIW0084,ARXIV_PREPRINT,Comparing the Sun to Sun-like stars: The importance of addressing facular and/or spot domination,"Herbst, Konstantin; Amazo-Gómez, Eliana M.; Papaioannou, Athanasios",2025-04,2025-04,2025-04,,2504.02401,,,PREPRINT,ADS_SCIX,,false,,RESOLVED,ADS_EXPLICIT_ARXIV_CROSSLINK,SYNTHETIC_METADATA_ONLY_VERSION; public month inferred from arXiv identifier; no additional systematic hit added
BAIIV0134,BAIIW0084,JOURNAL_ARTICLE,Comparing the Sun to Sun-like stars: The importance of addressing facular and/or spot domination,"Herbst, Konstantin; Amazo-Gómez, Eliana M.; Papaioannou, Athanasios",2025-04,2025-05-01,2026-03-23,10.1051/0004-6361/202452999,,2025A&A...697A..80H,Astronomy and Astrophysics,PEER_REVIEWED,ADS_SCIX,BAII2H000137,true,journal version available and substantively current,RESOLVED,RAW_PROVIDER_METADATA,
BAIIV0135,BAIIW0085,JOURNAL_ARTICLE,Active Young Stars in the LAMOST─Kepler Survey,"Xu, FuKun; Gu, Shenghong; Xiang, Yue",2025-12-01,2025-12-01,2026-06-08,10.3847/1538-4365/ae1461,,2025ApJS..281...39X,The Astrophysical Journal Supplement Series,PEER_REVIEWED,ADS_SCIX,BAII2H000139,true,journal version available and substantively current,RESOLVED,RAW_PROVIDER_METADATA,
BAIIV0136,BAIIW0086,CONFERENCE_ABSTRACT,Short and long term spot evolution on EI Eri,"Kriskovics, L.; Kövári, Zs.; Seli, B.; Oláh, K.; Vida, K.; Henry, G. W.; Granzer, T.; Görgei, A.",2024-12-01,2024-12-01,2026-03-23,,,2024IAUS..365...70K,Dynamics of Solar and Stellar Convection Zones and Atmospheres,NOT_PEER_REVIEWED,ADS_SCIX,BAII2H000140,true,only recoverable material version for this work,RESOLVED,RAW_PROVIDER_METADATA,
BAIIV0137,BAIIW0087,ARXIV_PREPRINT,Rotationally Modulated Highly Circularly Polarized Radio Pulses from the Rapidly Rotating M Dwarf ASKAP J181335−604720,"Wang, Shouzhi; Jiang, Biwei; Huang, Qichen; Huang, Shaoteng; Nie, Jundan",2026-05,2026-05,2026-05,,2605.15587,,,PREPRINT,ADS_SCIX,,false,,RESOLVED,ADS_EXPLICIT_ARXIV_CROSSLINK,SYNTHETIC_METADATA_ONLY_VERSION; public month inferred from arXiv identifier; no additional systematic hit added
BAIIV0138,BAIIW0087,JOURNAL_ARTICLE,Rotationally Modulated Highly Circularly Polarized Radio Pulses from the Rapidly Rotating M Dwarf ASKAP J181335−604720,"Wang, Shouzhi; Jiang, Biwei; Huang, Qichen; Huang, Shaoteng; Nie, Jundan",2026-05,2026-06-01,2026-08-07,10.3847/2041-8213/ae6ef6,,2026ApJ..1003L..48W,The Astrophysical Journal Letters,PEER_REVIEWED,ADS_SCIX,BAII2H000141,true,journal version available and substantively current,RESOLVED,RAW_PROVIDER_METADATA,
BAIIV0139,BAIIW0088,CONFERENCE_ABSTRACT,Stellar Age Inference with Rotation (+ Activity?),"Van-Lane, Phil; Speagle, Joshua Shen; Eadie, Gwendolyn; Douglas, Stephanie T.; Cloutier, Ryan; Cargile, Phillip; Zucker, Catherine; Lu, Yuxi; Angus, Ruth",2025-10-01,2025-10-01,2026-03-23,,,2025tasc.confE..21V,TASC9/KASC16 9th TESS/16th Kepler Asteroseismic Science Consortium,NOT_PEER_REVIEWED,ADS_SCIX,BAII2H000142,true,only recoverable material version for this work,RESOLVED,RAW_PROVIDER_METADATA,
BAIIV0140,BAIIW0089,ARXIV_PREPRINT,Optical variability of the blazar 3C 371: From minute to year timescales,"Otero-Santos, J.; Raiteri, C. M.; Acosta-Pulido, J. A.; Carnerero, M. I.; Villata, M.; Savchenko, S. S.; Carosati, D.; Chen, W. P.; Kurtanidze, S. O.; Joner, M. D.; Semkov, E.; Pursimo, T.; Benítez, E.; Damljanovic, G.; Apolonio, G.; Borman, G. A.; Bozhilov, V.; Galindo-Guil, F. J.; Grishina, T. S.; Hagen-Thorn, V. A.; Hiriart, D.; Hsiao, H. Y.; Ibryamov, S.; Ivanidze, R. Z.; Kimeridze, G. N.; Kopatskaya, E. N.; Kurtanidze, O. M.; Larionov, V. M.; Larionova, E. G.; Larionova, L. V.; Minev, M.; Morozova, D. A.; Nikolashvili, M. G.; Ovcharov, E.; Sigua, L. A.; Stojanovic, M.; Troitskiy, I. S.; Troitskaya, Yu. V.; Tsai, A.; Valcheva, A.; Vasilyev, A. A.; Vince, O.; Zaharieva, E.; Zhovtan, A. V.",2024-03,2024-03,2024-03,,2403.18045,,,PREPRINT,ADS_SCIX,,false,,RESOLVED,ADS_EXPLICIT_ARXIV_CROSSLINK,SYNTHETIC_METADATA_ONLY_VERSION; public month inferred from arXiv identifier; no additional systematic hit added
BAIIV0141,BAIIW0089,JOURNAL_ARTICLE,Optical variability of the blazar 3C 371: From minute to year timescales,"Otero-Santos, J.; Raiteri, C. M.; Acosta-Pulido, J. A.; Carnerero, M. I.; Villata, M.; Savchenko, S. S.; Carosati, D.; Chen, W. P.; Kurtanidze, S. O.; Joner, M. D.; Semkov, E.; Pursimo, T.; Benítez, E.; Damljanovic, G.; Apolonio, G.; Borman, G. A.; Bozhilov, V.; Galindo-Guil, F. J.; Grishina, T. S.; Hagen-Thorn, V. A.; Hiriart, D.; Hsiao, H. Y.; Ibryamov, S.; Ivanidze, R. Z.; Kimeridze, G. N.; Kopatskaya, E. N.; Kurtanidze, O. M.; Larionov, V. M.; Larionova, E. G.; Larionova, L. V.; Minev, M.; Morozova, D. A.; Nikolashvili, M. G.; Ovcharov, E.; Sigua, L. A.; Stojanovic, M.; Troitskiy, I. S.; Troitskaya, Yu. V.; Tsai, A.; Valcheva, A.; Vasilyev, A. A.; Vince, O.; Zaharieva, E.; Zhovtan, A. V.",2024-03,2024-06-01,2026-06-15,10.1051/0004-6361/202449647,,2024A&A...686A.228O,Astronomy and Astrophysics,PEER_REVIEWED,ADS_SCIX,BAII2H000143,true,journal version available and substantively current,RESOLVED,RAW_PROVIDER_METADATA,
BAIIV0142,BAIIW0090,JOURNAL_ARTICLE,Study of Activity Manifestations in K8V Dwarf FR Cnc,"Savanov, I. S.",2024-06-01,2024-06-01,2026-07-22,10.1134/s199034132460042x,,2024AstBu..79..275S,Astrophysical Bulletin,PEER_REVIEWED,ADS_SCIX,BAII2H000144,true,journal version available and substantively current,RESOLVED,RAW_PROVIDER_METADATA,
BAIIV0143,BAIIW0091,CONFERENCE_ABSTRACT,Short-term Magnetic Fields Activity on M-type Cool Stars And Its Effect on Exoplanet Detection,"Garcia Soto, Aylin; Newton, Elisabeth; Rackham, Benjamin; Rampalli, Rayna",2026-02-01,2026-02-01,2026-03-23,,,2026AAS...24743003G,American Astronomical Society Meeting Abstracts,NOT_PEER_REVIEWED,ADS_SCIX,BAII2H000145,true,only recoverable material version for this work,RESOLVED,RAW_PROVIDER_METADATA,
BAIIV0144,BAIIW0092,ARXIV_PREPRINT,K 1-6 is a photoionised ISM nebula shaped by a fast-moving hot white dwarf in a triple system,"Merc, Jaroslav; Jones, David; Escorza, Ana; Boffin, Henri M. J.; Reindl, Nicole; Abdul-Masih, Michael; Masseron, Thomas; Sowicka, Paulina; Kára, Jan; García-Rojas, Jorge; García, Rafael A.; Palakkatharappil, Dinil B.; Parker, Quentin A.; Zijlstra, Albert A.; Godoy-Rivera, Diego; Beck, Paul G.; Mathur, Savita; Armas Padilla, Montserrat; Muñoz Darias, Teo; Kučáková, Hana; Wolf, Marek; Hornoch, Kamil; Zasche, Petr; Clavero, Rosa; Goodhew, Peter",2026-07-01,2026-07-01,2026-07-26,,2607.12850,2026arXiv260712850M,,PREPRINT,ADS_SCIX,BAII2H000146,true,no journal version available; latest available arXiv/preprint version,RESOLVED,RAW_PROVIDER_METADATA,
BAIIV0145,BAIIW0093,OTHER,Collaborative Research: WoU-MMA: ASAS-SN in the Era of Multi-Messenger Astrophysics,"Stanek, Krzysztof Z; Kochanek, Christopher S",2024-08-01,2024-08-01,2026-03-23,,,2024nsf....2407206S,NSF Award,NOT_APPLICABLE,ADS_SCIX,BAII2H000147,true,only recoverable material version for this work,RESOLVED,RAW_PROVIDER_METADATA,
BAIIV0146,BAIIW0094,OTHER,Collaborative Research: WoU-MMA: ASAS-SN in the Era of Multi-Messenger Astrophysics,"Shappee, Benjamin",2024-08-01,2024-08-01,2026-03-23,,,2024nsf....2407205S,NSF Award,NOT_APPLICABLE,ADS_SCIX,BAII2H000148,true,only recoverable material version for this work,RESOLVED,RAW_PROVIDER_METADATA,
BAIIV0147,BAIIW0095,CONFERENCE_ABSTRACT,Quasi-Periodic Pulsations in TEC Measurements Synchronised with Solar Flare EUV Emission,"O'Hare, Aisling; Bekker, Susanna; Hayes, Laura A.; Milligan, Ryan O.",2025-02-01,2025-02-01,2026-03-23,,,2025ghh..confE..78O,SDO 2025 Science Workshop: A Gathering of the Helio-hive!,NOT_PEER_REVIEWED,ADS_SCIX,BAII2H000181,false,,RESOLVED,RAW_PROVIDER_METADATA,
BAIIV0148,BAIIW0095,JOURNAL_ARTICLE,Quasi-Periodic Pulsations in Ionospheric TEC Synchronized With Solar Flare EUV Emission,"O'Hare, Aisling N.; Bekker, Susanna; Hayes, Laura A.; Milligan, Ryan O.",2025-02-01,2025-04-01,2026-06-15,10.1029/2024ja033493,,2025JGRA..13033493O,Journal of Geophysical Research (Space Physics),PEER_REVIEWED,ADS_SCIX,BAII2H000153,true,journal version available and substantively current,RESOLVED,RAW_PROVIDER_METADATA,
BAIIV0149,BAIIW0095,ARXIV_PREPRINT,Quasi-Periodic Pulsations in Ionospheric TEC Synchronized with Solar Flare EUV Emission,Aisling N. O'Hare; Susanna Bekker; Laura A. Hayes; Ryan O. Milligan,2025-02-01,2025-04-10,2025-04-10,,2504.07714,,,PREPRINT,ARXIV,BAII2H000221,false,,RESOLVED,RAW_PROVIDER_METADATA,
BAIIV0150,BAIIW0096,JOURNAL_ARTICLE,Localizing short-period pulsations in hard X-rays and γ-rays during an X9.0 flare,"Li, Dong",2025-02-01,2025-02-01,2026-06-15,10.1051/0004-6361/202453613,,2025A&A...695L...4L,Astronomy and Astrophysics,PEER_REVIEWED,ADS_SCIX,BAII2H000154,true,journal version available and substantively current,RESOLVED,RAW_PROVIDER_METADATA,
BAIIV0151,BAIIW0096,ARXIV_PREPRINT,Localizing short-period pulsations in hard X-rays and Gamma-rays during an X9.0 flare,Dong Li,2025-02-01,2025-02-20,2025-02-20,,2502.14262,,,PREPRINT,ARXIV,BAII2H000229,false,,RESOLVED,RAW_PROVIDER_METADATA,
BAIIV0152,BAIIW0097,JOURNAL_ARTICLE,Exploring the Origin of Multi-Periodic Pulsations During a White-Light Flare,"Li, Dong; Yuan, Ding; Yan, Jingye; Zhao, Xinhua; Wu, Zhao; Wang, Jincheng; Hou, Zhenyong; Li, Chuan; Zhao, Haisheng; Fu, Libo; Wu, Lin; Deng, Li",2025-04-01,2025-04-01,2026-06-15,10.1029/2025ja033772,,2025JGRA..13033772L,Journal of Geophysical Research (Space Physics),PEER_REVIEWED,ADS_SCIX,BAII2H000155,true,journal version available and substantively current,RESOLVED,RAW_PROVIDER_METADATA,
BAIIV0153,BAIIW0097,CONFERENCE_ABSTRACT,Exploring the origin of quasi-periodic pulsations during a white-light flare,"Li, Dong",2025-04-01,2025-04-01,2026-06-18,,,2025EGUGA..27.3997L,EGU General Assembly Conference Abstracts,NOT_PEER_REVIEWED,ADS_SCIX,BAII2H000183,false,,RESOLVED,RAW_PROVIDER_METADATA,
BAIIV0154,BAIIW0097,ARXIV_PREPRINT,Exploring the origin of multi-periodic pulsations during a white-light flare,Dong Li; Ding Yuan; Jingye Yan; Xinhua Zhao; Zhao Wu; Jincheng Wang; Zhenyong Hou; Chuan Li; Haisheng Zhao; Libo Fu; Lin Wu; Li Deng,2025-04-01,2025-04-11,2025-04-11,,2504.08321,,,PREPRINT,ARXIV,BAII2H000233,false,,RESOLVED,RAW_PROVIDER_METADATA,
BAIIV0155,BAIIW0098,ARXIV_PREPRINT,Detecting quasi-periodic pulsations in solar and stellar flares with a neural network,Sergey A. Belov; Dmitrii Y. Kolotkov; Valery M. Nakariakov; Anne-Marie Broomhal,2024-08-09,2024-08-09,2024-08-09,,2408.05038,,,PREPRINT,ARXIV,BAII2H000217,false,,RESOLVED,RAW_PROVIDER_METADATA,
BAIIV0156,BAIIW0098,JOURNAL_ARTICLE,Detecting Quasiperiodic Pulsations in Solar and Stellar Flares with a Neural Network,"Belov, Sergey A.; Kolotkov, Dmitrii Y.; Nakariakov, Valery M.; Broomhall, Anne-Marie",2024-08-09,2024-10-01,2026-07-07,10.3847/1538-4365/ad6f98,,2024ApJS..274...31B,The Astrophysical Journal Supplement Series,PEER_REVIEWED,ADS_SCIX,BAII2H000156,true,journal version available and substantively current,RESOLVED,RAW_PROVIDER_METADATA,
BAIIV0157,BAIIW0099,ARXIV_PREPRINT,Quasi-periodic pulsations in extreme-ultraviolet brightenings,Daye Lim; Tom Van Doorsselaere; David Berghmans; Laura A. Hayes; Cis Verbeeck; Nancy Narang; Marie Dominique; Andrew R. Inglis,2025-04-21,2025-04-21,2025-04-21,,2504.15379,,,PREPRINT,ARXIV,BAII2H000226,false,,RESOLVED,RAW_PROVIDER_METADATA,
BAIIV0158,BAIIW0099,JOURNAL_ARTICLE,Quasi-periodic pulsations in extreme-ultraviolet brightenings,"Lim, Daye; Van Doorsselaere, Tom; Berghmans, David; Hayes, Laura A.; Verbeeck, Cis; Narang, Nancy; Dominique, Marie; Inglis, Andrew R.",2025-04-21,2025-06-01,2026-06-15,10.1051/0004-6361/202554587,,2025A&A...698A..65L,Astronomy and Astrophysics,PEER_REVIEWED,ADS_SCIX,BAII2H000157,true,journal version available and substantively current,RESOLVED,RAW_PROVIDER_METADATA,
BAIIV0159,BAIIW0100,ARXIV_PREPRINT,Accessing the fine temporal scale of EUV brightenings and their quasi-periodic pulsations: 1 second cadence observations by Solar Orbiter/EUI,Daye Lim; Tom Van Doorsselaere; Nancy Narang; Laura A. Hayes; Emil Kraaikamp; Aadish Joshi; Konstantina Loumou; Cis Verbeeck; David Berghmans; Krzysztof Barczynski,2025-10-07,2025-10-07,2025-10-07,,2510.05810,,,PREPRINT,ARXIV,BAII2H000230,false,,RESOLVED,RAW_PROVIDER_METADATA,
BAIIV0160,BAIIW0100,JOURNAL_ARTICLE,Accessing the fine temporal scale of EUV brightenings and their quasi-periodic pulsations: 1-second cadence observations by Solar Orbiter/EUI,"Lim, Daye; Van Doorsselaere, Tom; Narang, Nancy; Hayes, Laura A.; Kraaikamp, Emil; Joshi, Aadish; Loumou, Konstantina; Verbeeck, Cis; Berghmans, David; Barczynski, Krzysztof",2025-10-07,2025-11-01,2026-06-15,10.1051/0004-6361/202557135,,2025A&A...704A..58L,Astronomy and Astrophysics,PEER_REVIEWED,ADS_SCIX,BAII2H000159,true,journal version available and substantively current,RESOLVED,RAW_PROVIDER_METADATA,
BAIIV0161,BAIIW0101,ARXIV_PREPRINT,Very long-periodic pulsations detected simultaneously in a white-light flare and sunspot penumbra,Dong Li; Jincheng Wang; Yu Huang,2024-08-28,2024-08-28,2024-08-28,,2408.15706,,,PREPRINT,ARXIV,BAII2H000234,false,,RESOLVED,RAW_PROVIDER_METADATA,
BAIIV0162,BAIIW0101,JOURNAL_ARTICLE,Very Long-periodic Pulsations Detected Simultaneously in a White-light Flare and Sunspot Penumbra,"Li, Dong; Wang, Jincheng; Huang, Yu",2024-08-28,2024-09-01,2026-08-07,10.3847/2041-8213/ad6cde,,2024ApJ...972L...2L,The Astrophysical Journal Letters,PEER_REVIEWED,ADS_SCIX,BAII2H000161,true,journal version available and substantively current,RESOLVED,RAW_PROVIDER_METADATA,
BAIIV0163,BAIIW0102,ARXIV_PREPRINT,M dwarfs quasi-periodic pulsations at a time resolution of 1 s,"Panferov, Alexander; Beskin, Grigory; Karpov, Sergey; Maryeva, Olga",2024-12-01,2024-12-01,2026-06-15,,2412.07580,2024arXiv241207580P,,PREPRINT,ADS_SCIX;ARXIV,BAII2H000163;BAII2H000223,true,no journal version available; latest available arXiv/preprint version,RESOLVED,RAW_PROVIDER_METADATA,
BAIIV0164,BAIIW0103,ARXIV_PREPRINT,Detecting fast-variation pulsations in solar hard X-ray and radio emissions,Dong Li,2025-06-17,2025-06-17,2025-06-17,,2506.14433,,,PREPRINT,ARXIV,BAII2H000238,false,,RESOLVED,RAW_PROVIDER_METADATA,
BAIIV0165,BAIIW0103,JOURNAL_ARTICLE,Detecting fast-variation pulsations in solar hard X-ray and radio emissions,"Li, Dong",2025-06-17,2025-09-01,2026-04-06,10.1093/mnrasl/slaf066,,2025MNRAS.542L..48L,Monthly Notices of the Royal Astronomical Society,PEER_REVIEWED,ADS_SCIX,BAII2H000165,true,journal version available and substantively current,RESOLVED,RAW_PROVIDER_METADATA,
BAIIV0166,BAIIW0104,CONFERENCE_ABSTRACT,Investigation of solar flares showing quasi-periodicity based on STIX Quick-Look light curves,"Szaforz, Żaneta; Mrozek, Tomasz; Tomczak, Michał",2024-04-01,2024-04-01,2026-06-18,,,2024EGUGA..26.8631S,European Geosciences Union General Assembly 2024 (EGU24),NOT_PEER_REVIEWED,ADS_SCIX,BAII2H000188,false,,RESOLVED,RAW_PROVIDER_METADATA,
BAIIV0167,BAIIW0104,JOURNAL_ARTICLE,Statistical investigation of solar flares showing quasi-periodicity based on STIX quick-look light curves,"Szaforz, Ż.; Mrozek, T.; Tomczak, M.",2024-04-01,2025-02-01,2026-03-23,10.1051/0004-6361/202452046,,2025A&A...694A.251S,Astronomy and Astrophysics,PEER_REVIEWED,ADS_SCIX,BAII2H000166,true,journal version available and substantively current,RESOLVED,RAW_PROVIDER_METADATA,
BAIIV0168,BAIIW0105,JOURNAL_ARTICLE,Quasi-Periodic Pulsations and Coronal Loops Oscillations in an M-Class Solar Flare,"Han, Yijie; Ning, Zongjun; Li, Dong; Yang, Yuzhi; Tang, Xiaoyu; Song, Yuxiang; Xu, Guotianci; Gao, Mingbao; Li, Kangyi; Huang, Yu",2026-05-01,2026-05-01,2026-07-22,10.1007/s11207-026-02663-9,,2026SoPh..301...72H,Solar Physics,PEER_REVIEWED,ADS_SCIX,BAII2H000167,true,journal version available and substantively current,RESOLVED,RAW_PROVIDER_METADATA,
BAIIV0169,BAIIW0106,ARXIV_PREPRINT,Phase-drifting with emitting plasma temperature in the quasi-periodic pulsations of an X-class solar flare,"Fu, Libo; Nakariakov, Valery M.; Yuan, Ding; Sahu, Suraj; Feng, Song; Tavabi, Ehsan",2026-06-01,2026-06-01,2026-06-11,,2606.10506,2026arXiv260610506F,,PREPRINT,ADS_SCIX;ARXIV,BAII2H000168;BAII2H000225,true,no journal version available; latest available arXiv/preprint version,RESOLVED,RAW_PROVIDER_METADATA,
BAIIV0170,BAIIW0107,ARXIV_PREPRINT,Inferring Fundamental Properties of the Flare Current Sheet Using Flare Ribbons: Oscillations in the Reconnection Flux Rates,Marcel F. Corchado Albelo; Maria D. Kazachenko; Benjamin J. Lynch,2024-02-05,2024-02-05,2024-02-05,,2402.03567,,,PREPRINT,ARXIV,BAII2H000236,false,,RESOLVED,RAW_PROVIDER_METADATA,
BAIIV0171,BAIIW0107,JOURNAL_ARTICLE,Inferring Fundamental Properties of the Flare Current Sheet Using Flare Ribbons: Oscillations in the Reconnection Flux Rates,"Corchado Albelo, Marcel F.; Kazachenko, Maria D.; Lynch, Benjamin J.",2024-02-05,2024-04-01,2026-06-15,10.3847/1538-4357/ad25f4,,2024ApJ...965...16C,The Astrophysical Journal,PEER_REVIEWED,ADS_SCIX,BAII2H000169,true,journal version available and substantively current,RESOLVED,RAW_PROVIDER_METADATA,
BAIIV0172,BAIIW0108,JOURNAL_ARTICLE,Observation of a Helioseismically Active Solar Flare with a Low Hard X-ray Flux up to 50 keV,"Sharykin, I. N.; Zimovets, I. V.; Kosovichev, A. G.; Myshyakov, I. I.",2024-03-01,2024-03-01,2026-07-22,10.1134/s1063773724700026,,2024AstL...50..203S,Astronomy Letters,PEER_REVIEWED,ADS_SCIX,BAII2H000170,true,journal version available and substantively current,RESOLVED,RAW_PROVIDER_METADATA,
BAIIV0173,BAIIW0109,JOURNAL_ARTICLE,"Localizing Quasiperiodic Pulsations in Hard X-Ray, Microwave, and Lyα Emissions of an X6.4 Flare","Li, Dong; Hong, Zhenxiang; Hou, Zhenyong; Su, Yang",2024-07-01,2024-07-01,2026-06-15,10.3847/1538-4357/ad566c,,2024ApJ...970...77L,The Astrophysical Journal,PEER_REVIEWED,ADS_SCIX,BAII2H000171,true,journal version available and substantively current,RESOLVED,RAW_PROVIDER_METADATA,
BAIIV0174,BAIIW0109,ARXIV_PREPRINT,"Localizing quasi-periodic pulsations in hard X-ray, microwave and Lya emissions of an X6.4 Flare",Dong Li; Zhenxiang Hong; Zhenyong Hou; Yang Su,2024-07-01,2024-08-10,2024-08-10,,2408.05463,,,PREPRINT,ARXIV,BAII2H000220,false,,RESOLVED,RAW_PROVIDER_METADATA,
BAIIV0175,BAIIW0110,OTHER,"VizieR Online Data Catalog: AD Leo B light curve (Schmercz+, 2026)","Schmercz, B.; Seli, B.; Vida, K.; Kriskovics, L.; Gorgei, A.; Olah, K.; Regaly, Zs.",2026-01-01,2026-01-01,2026-04-20,,,2026yCat..37080225S,VizieR Online Data Catalog,NOT_APPLICABLE,ADS_SCIX,BAII2H000289,false,,RESOLVED,RAW_PROVIDER_METADATA,
BAIIV0176,BAIIW0110,ARXIV_PREPRINT,Sub-second cadence structure of optical flares on AD Leo,B. Schmercz; B. Seli; K. Vida; L. Kriskovics; A. Görgei; K. Oláh; Zs. Regály,2026-01-01,2026-02-25,2026-02-25,,2602.21726,,,PREPRINT,ARXIV,BAII2H000237,false,,RESOLVED,RAW_PROVIDER_METADATA,
BAIIV0177,BAIIW0110,JOURNAL_ARTICLE,Sub-second cadence structure of optical flares on AD Leo,"Schmercz, B.; Seli, B.; Vida, K.; Kriskovics, L.; Görgei, A.; Oláh, K.; Regály, Zs.",2026-01-01,2026-04-01,2026-06-22,10.1051/0004-6361/202558208,,2026A&A...708A.225S,Astronomy and Astrophysics,PEER_REVIEWED,ADS_SCIX,BAII2H000172,true,journal version available and substantively current,RESOLVED,RAW_PROVIDER_METADATA,
BAIIV0178,BAIIW0111,ARXIV_PREPRINT,Evolution of Non-Stationary Quasi-Periodic Pulsations in Solar Flares with Aditya-L1/HEL1OS and GOES,"Paavan Tadepalli, Srikar; Srivastava, Abhishekh Kumar; Sankarasubramanian, K.",2026-07-01,2026-07-01,2026-07-10,,2607.05526,2026arXiv260705526P,,PREPRINT,ADS_SCIX;ARXIV,BAII2H000173;BAII2H000231,true,no journal version available; latest available arXiv/preprint version,RESOLVED,RAW_PROVIDER_METADATA,
BAIIV0179,BAIIW0112,ARXIV_PREPRINT,The Study of Quasi-Periodic Pulsations in Solar and Stellar Flares with SKA,"Nakariakov, Valery M.; Mohan, Atul; Upendran, Vishal; Monsue, Teresa; Reid, Hamish A. S.; Kolotkov, Dmitrii Y.; Belov, Sergey A.; Cho, Kyung-Suk",2026-07-01,2026-07-01,2026-08-01,,2607.27950,2026arXiv260727950N,,PREPRINT,ADS_SCIX;ARXIV,BAII2H000175;BAII2H000218;BAII2H000264,true,no journal version available; latest available arXiv/preprint version,RESOLVED,RAW_PROVIDER_METADATA,
BAIIV0180,BAIIW0113,CONFERENCE_ABSTRACT,Unveiling Spatiotemporal Properties of the Quasi-periodic Pulsations in the Balmer Continuum at 3600 A in an X-class Solar White-light Flare,"Song, De-Chao",2025-02-01,2025-02-01,2026-03-23,,,2025ghh..confP.167S,SDO 2025 Science Workshop: A Gathering of the Helio-hive!,NOT_PEER_REVIEWED,ADS_SCIX,BAII2H000176,true,only recoverable material version for this work,RESOLVED,RAW_PROVIDER_METADATA,
BAIIV0181,BAIIW0114,ARXIV_PREPRINT,Quasi-periodic pulsations and three-dimensional magnetic reconnection during 2022 March 31 flare observed by IRIS & STIX,Juraj Lorincik; Hannah Collier; Vanessa Polito; Laura A. Hayes; William H. Ashfield; Nabil Freij,2026-04-19,2026-04-19,2026-04-19,,2604.17330,,,PREPRINT,ARXIV,BAII2H000228,false,,RESOLVED,RAW_PROVIDER_METADATA,
BAIIV0182,BAIIW0114,JOURNAL_ARTICLE,Quasiperiodic Pulsations and Three-dimensional Magnetic Reconnection during 2022 March 31 Flare Observed by IRIS and STIX,"Lörinčík, Juraj; Collier, Hannah; Polito, Vanessa; Hayes, Laura A.; Ashfield, William H., IV; Freij, Nabil",2026-04-19,2026-05-01,2026-06-30,10.3847/1538-4357/ae61ad,,2026ApJ..1003...95L,The Astrophysical Journal,PEER_REVIEWED,ADS_SCIX,BAII2H000177,true,journal version available and substantively current,RESOLVED,RAW_PROVIDER_METADATA,
BAIIV0183,BAIIW0115,JOURNAL_ARTICLE,Establishing Baselines for Six Short-period δ Scuti Variables,"Suggs, Christiana Z.; Hintz, Eric G.; Stephens, Denise C.",2024-08-01,2024-08-01,2026-03-23,10.3847/1538-3881/ad5a81,,2024AJ....168...94S,The Astronomical Journal,PEER_REVIEWED,ADS_SCIX,BAII2H000178,true,journal version available and substantively current,RESOLVED,RAW_PROVIDER_METADATA,
BAIIV0184,BAIIW0116,JOURNAL_ARTICLE,Multimode Quasiperiodic Pulsations in Extreme-ultraviolet Emissions Associated with an X-Class Solar Flare,"Kanaujiya, Sachin Rajkapoor; Maurya, Ram Ajor; Nakariakov, Valery M.",2026-05-01,2026-05-01,2026-06-15,10.3847/1538-4357/ae650f,,2026ApJ..1003...78K,The Astrophysical Journal,PEER_REVIEWED,ADS_SCIX,BAII2H000179,true,journal version available and substantively current,RESOLVED,RAW_PROVIDER_METADATA,
BAIIV0185,BAIIW0117,CONFERENCE_ABSTRACT,Quasi-periodic Pulsations in an M4.2 Flare: Insights from High-Cadence and High-Resolution Observations,"Ashfield, William; Polito, Vanessa; Lorincik, Juraj; Thoen Faber, Jonas; De Pontieu, Bart",2024-12-01,2024-12-01,2026-03-23,,,2024AGUFMSH13C2934A,AGU Fall Meeting Abstracts,NOT_PEER_REVIEWED,ADS_SCIX,BAII2H000180,true,only recoverable material version for this work,RESOLVED,RAW_PROVIDER_METADATA,
BAIIV0186,BAIIW0118,JOURNAL_ARTICLE,Applications of the Irbene Single-Baseline Radio Interferometer,"Shmeld, Ivar; Bezrukovs, Vladislavs; Šteinbergs, Jānis; Šķirmante, Karina; Aberfelds, Artis; Belov, Sergey A.; Burns, Ross A.; Kolotkov, Dmitrii Y.; Nakariakov, Valery M.; Bezrukovs, Dmitrijs; Purviņš, Matīss; Kalniņa, Aija; Orbidans, Arturs; Bleiders, Marcis; Konuhova, Marina",2025-11-01,2025-11-01,2026-05-11,10.3390/galaxies13060126,,2025Galax..13..126S,Galaxies,PEER_REVIEWED,ADS_SCIX,BAII2H000186,true,journal version available and substantively current,RESOLVED,RAW_PROVIDER_METADATA,
BAIIV0187,BAIIW0119,ARXIV_PREPRINT,Double-periodic pulsations simultaneously detected in mid-infrared and hard X-ray emissions during an X1.5 flare,"Li, Dong; Ye, Yuyang; Bai, Xianyong; Yang, Xu",2026-07-01,2026-07-01,2026-07-10,,2607.07442,2026arXiv260707442L,,PREPRINT,ADS_SCIX;ARXIV,BAII2H000187;BAII2H000232,true,no journal version available; latest available arXiv/preprint version,RESOLVED,RAW_PROVIDER_METADATA,
BAIIV0188,BAIIW0120,ARXIV_PREPRINT,Gravitational Influence from Planets on the Measured Rates of Period Change of Pulsating White Dwarfs,"Yao, Ling Xuan; Bell, Keaton J.; Dublin, Andrew",2025-08,2025-08,2025-08,,2508.14195,,,PREPRINT,ADS_SCIX,,false,,RESOLVED,ADS_EXPLICIT_ARXIV_CROSSLINK,SYNTHETIC_METADATA_ONLY_VERSION; public month inferred from arXiv identifier; no additional systematic hit added
BAIIV0189,BAIIW0120,JOURNAL_ARTICLE,Gravitational Influence from Planets on the Measured Rates of Period Change of Pulsating White Dwarfs,"Yao, Ling Xuan; Bell, Keaton J.; Dublin, Andrew",2025-08,2025-10-01,2026-06-08,10.3847/1538-4357/adfb66,,2025ApJ...991..168Y,The Astrophysical Journal,PEER_REVIEWED,ADS_SCIX,BAII2H000189,true,journal version available and substantively current,RESOLVED,RAW_PROVIDER_METADATA,
BAIIV0190,BAIIW0121,CONFERENCE_ABSTRACT,Data Exploration in Search of Small Pulsations in Solar X-Ray Flares with the Hinode/X-ray Telescope (XRT),"Perez, Evan; Suarez, Crisel; Moore, Christopher Samuel",2024-12-01,2024-12-01,2026-03-23,,,2024AGUFMSH13E2963P,AGU Fall Meeting Abstracts,NOT_PEER_REVIEWED,ADS_SCIX,BAII2H000191,true,only recoverable material version for this work,RESOLVED,RAW_PROVIDER_METADATA,
BAIIV0191,BAIIW0122,ARXIV_PREPRINT,Recurrent Coronal Jets and QPPs: Periodic Reconnection and Localized Heating Across Quiet-Sun to Active Regions,"Mishra, Sudheer K.; Sangal, Kartika; Singh, Balveer; Asai, Ayumi; Srivastava, A. K.; Yuan, Ding",2026-06-01,2026-06-01,2026-06-09,,2606.04732,2026arXiv260604732M,,PREPRINT,ADS_SCIX;ARXIV,BAII2H000192;BAII2H000235,true,no journal version available; latest available arXiv/preprint version,RESOLVED,RAW_PROVIDER_METADATA,
BAIIV0192,BAIIW0123,ARXIV_PREPRINT,Magnetic precession as a model for quasi-periodic oscillations in pulsating ultraluminous X-ray sources and in flat-top noise sources,"Čemeljić, Miljenko; Kluźniak, Włodek; Kundu, Sukalpa",2025-05,2025-05,2025-05,,2505.04523,,,PREPRINT,ADS_SCIX,,false,,RESOLVED,ADS_EXPLICIT_ARXIV_CROSSLINK,SYNTHETIC_METADATA_ONLY_VERSION; public month inferred from arXiv identifier; no additional systematic hit added
BAIIV0193,BAIIW0123,JOURNAL_ARTICLE,Magnetic precession as a model for quasi-periodic oscillations in pulsating ultraluminous X-ray sources and in flat-top noise sources,"Čemeljić, Miljenko; Kluźniak, Włodek; Kundu, Sukalpa",2025-05,2025-11-01,2026-07-13,10.1051/0004-6361/202555210,,2025A&A...703A...7C,Astronomy and Astrophysics,PEER_REVIEWED,ADS_SCIX,BAII2H000193,true,journal version available and substantively current,RESOLVED,RAW_PROVIDER_METADATA,
BAIIV0194,BAIIW0124,ARXIV_PREPRINT,Little red dots as a cosmological probe: constraining $H_0$ with quasi-periodic pulsations,"Zhang, Zijian; Inayoshi, Kohei; Oguri, Masamune; Jiang, Linhua; Sun, Fengwu; Li, Mingyu; Lin, Xiaojing",2026-06-01,2026-06-01,2026-06-09,,2606.05281,2026arXiv260605281Z,,PREPRINT,ADS_SCIX;ARXIV,BAII2H000196;BAII2H000246,true,no journal version available; latest available arXiv/preprint version,RESOLVED,RAW_PROVIDER_METADATA,
BAIIV0195,BAIIW0125,ARXIV_PREPRINT,Circumstellar emission of Cepheids across the instability strip: Mid-infrared observations with VLTI/MATISSE,"Hocdé, V.; Matter, A.; Nardetto, N.; Gallenne, A.; Kervella, P.; Mérand, A.; Pietrzyński, G.; Gieren, W.; Leftley, J.; Robbe-Dubois, S.; Lopez, B.; Bailleul, M. C.; Bras, G.; Smolec, R.; Wielgórski, P.; Hajdu, G.; Afanasiev, A.",2025-01,2025-01,2025-01,,2501.00373,,,PREPRINT,ADS_SCIX,,false,,RESOLVED,ADS_EXPLICIT_ARXIV_CROSSLINK,SYNTHETIC_METADATA_ONLY_VERSION; public month inferred from arXiv identifier; no additional systematic hit added
BAIIV0196,BAIIW0125,JOURNAL_ARTICLE,Circumstellar emission of Cepheids across the instability strip: Mid-infrared observations with VLTI/MATISSE,"Hocdé, V.; Matter, A.; Nardetto, N.; Gallenne, A.; Kervella, P.; Mérand, A.; Pietrzyński, G.; Gieren, W.; Leftley, J.; Robbe-Dubois, S.; Lopez, B.; Bailleul, M. C.; Bras, G.; Smolec, R.; Wielgórski, P.; Hajdu, G.; Afanasiev, A.",2025-01,2025-02-01,2026-06-15,10.1051/0004-6361/202452827,,2025A&A...694A.101H,Astronomy and Astrophysics,PEER_REVIEWED,ADS_SCIX,BAII2H000197,true,journal version available and substantively current,RESOLVED,RAW_PROVIDER_METADATA,
BAIIV0197,BAIIW0126,JOURNAL_ARTICLE,Study of Type II Cepheids in the Gaia DR3 Epoch,"Rastorguev, A. S.; Zabolotskikh, M. V.; Samus, N. N.; Gorynya, N. A.",2025-12-01,2025-12-01,2026-07-22,10.3103/s0027134925701218,,2025MUPB...80S.268R,Moscow University Physics Bulletin,PEER_REVIEWED,ADS_SCIX,BAII2H000198,true,journal version available and substantively current,RESOLVED,RAW_PROVIDER_METADATA,
BAIIV0198,BAIIW0127,CONFERENCE_ABSTRACT,Flare-associated Fast-mode Coronal Wave Trains: Recent Observational and Modeling Advances,"Liu, Wei; Wang, Tongjiang; Sun, Xudong; Zhang, Richard; Shi, Tong; Ofman, Leon; Jin, Meng",2025-02-01,2025-02-01,2026-03-23,,,2025ghh..confP.159L,SDO 2025 Science Workshop: A Gathering of the Helio-hive!,NOT_PEER_REVIEWED,ADS_SCIX,BAII2H000199,true,only recoverable material version for this work,RESOLVED,RAW_PROVIDER_METADATA,
BAIIV0199,BAIIW0128,JOURNAL_ARTICLE,A Study of Amplitude Variability in a Sample of Pulsating Red Giants,"Percy, J. R.; Pago, A. F.",2025-12-01,2025-12-01,2026-03-23,,,2025JAVSO..53..150P,Journal of the American Association of Variable Star Observers (JAAVSO),PEER_REVIEWED,ADS_SCIX,BAII2H000200,true,journal version available and substantively current,RESOLVED,RAW_PROVIDER_METADATA,
BAIIV0200,BAIIW0129,ARXIV_PREPRINT,BlackGEM observations of compact pulsating stars: Mode identification for the DOV PG 1159─035 using multi-colour photometry,"Ranaivomanana, P.; Johnston, C.; Uzundag, M.; Groot, P. J.; Kupfer, T.; Bloemen, S.; Vreeswijk, P. M.; van Roestel, J. C. J.; Pieterse, D. L. A.; Paice, J.; Kosakowski, A.; Ramsay, G.; Aerts, C.",2026-03,2026-03,2026-03,,2603.07765,,,PREPRINT,ADS_SCIX,,false,,RESOLVED,ADS_EXPLICIT_ARXIV_CROSSLINK,SYNTHETIC_METADATA_ONLY_VERSION; public month inferred from arXiv identifier; no additional systematic hit added
BAIIV0201,BAIIW0129,JOURNAL_ARTICLE,BlackGEM observations of compact pulsating stars: Mode identification for the DOV PG 1159─035 using multi-colour photometry,"Ranaivomanana, P.; Johnston, C.; Uzundag, M.; Groot, P. J.; Kupfer, T.; Bloemen, S.; Vreeswijk, P. M.; van Roestel, J. C. J.; Pieterse, D. L. A.; Paice, J.; Kosakowski, A.; Ramsay, G.; Aerts, C.",2026-03,2026-03-01,2026-06-08,10.1051/0004-6361/202556784,,2026A&A...708A.106R,Astronomy and Astrophysics,PEER_REVIEWED,ADS_SCIX,BAII2H000202,true,journal version available and substantively current,RESOLVED,RAW_PROVIDER_METADATA,
BAIIV0202,BAIIW0130,JOURNAL_ARTICLE,Asteroseismology for Probing the Interior Structure and Orbital Stability of Extremely Low Mass Ratio Contact Binaries,"Zhang, Xiaobin; Chen, Xinghao; Li, Yan; Fu, Jianning",2026-02-01,2026-02-01,2026-06-08,10.3847/1538-4357/ae2a2c,,2026ApJ...998...55Z,The Astrophysical Journal,PEER_REVIEWED,ADS_SCIX,BAII2H000205,true,journal version available and substantively current,RESOLVED,RAW_PROVIDER_METADATA,
BAIIV0203,BAIIW0131,CONFERENCE_ABSTRACT,A Search for Dark Companions Around A-Type Stars via Pulsation Timing,"Ejercito, Kiana; Hey, Daniel; Huber, Daniel",2026-02-01,2026-02-01,2026-03-23,,,2026AAS...24744327E,American Astronomical Society Meeting Abstracts,NOT_PEER_REVIEWED,ADS_SCIX,BAII2H000207,true,only recoverable material version for this work,RESOLVED,RAW_PROVIDER_METADATA,
BAIIV0204,BAIIW0132,CONFERENCE_ABSTRACT,A Time─Frequency Analysis of Blazhko Modulation in Kepler RRab Stars,"Tahmasebzadeh, Behzad; Hambleton Prsa, Kelly",2026-07-01,2026-07-01,2026-08-02,,,2026AAS...24831003T,American Astronomical Society Meeting Abstracts,NOT_PEER_REVIEWED,ADS_SCIX,BAII2H000208,true,only recoverable material version for this work,RESOLVED,RAW_PROVIDER_METADATA,
BAIIV0205,BAIIW0133,ARXIV_PREPRINT,Dual Origins of Rapid Flare Ribbon Downflows in an X9-class Solar Flare,Ryan J. French; William H. Ashfield; Cole A. Tamburri; Maria D. Kazachenko; Marie Dominique; Marcel Corchado Albelo; Amir Caspi,2025-11-17,2025-11-17,2025-11-17,,2511.13862,,,PREPRINT,ARXIV,BAII2H000240,false,,RESOLVED,RAW_PROVIDER_METADATA,
BAIIV0206,BAIIW0133,CONFERENCE_ABSTRACT,Dual Origins of Rapid Flare Ribbon Downflows in an X9-class Solar Flare,"French, Ryan; Tamburri, Cole Aiken; Ashfield, William; Kazachenko, Maria; Dominique, Marie; Corchado-Albelo, Marcel",2025-11-17,2025-12-01,2026-06-12,,,2025AGUFMSH51B..05F,AGU Fall Meeting Abstracts,NOT_PEER_REVIEWED,ADS_SCIX,BAII2H000209,false,,RESOLVED,RAW_PROVIDER_METADATA,
BAIIV0207,BAIIW0133,JOURNAL_ARTICLE,Dual Origins of Rapid Flare Ribbon Downflows in an X9-class Solar Flare,Ryan J. French; William H. Ashfield; Cole A. Tamburri; Maria D. Kazachenko; Marie Dominique; Marcel Corchado Albelo; Amir Caspi,2025-11-17,,,10.3847/1538-4357/ae21b5,,,"The Astrophysical Journal, Vol. 995, Issue 2, 182 (13pp); 2025 December 20",PUBLISHED_JOURNAL,ARXIV,,true,journal version available and substantively current,RESOLVED,ARXIV_EXPLICIT_JOURNAL_LINK,SYNTHETIC_METADATA_ONLY_VERSION; explicit arXiv journal/DOI link; no additional systematic hit added
BAIIV0208,BAIIW0134,ARXIV_PREPRINT,X-Ray Hardening Preceding the Onset of SGR 1935+2154's Radio Pulsar Phase,"Wang, Pei; Li, Jian; Ji, Long; Hou, Xian; Gügercinoğlu, Erbil; Li, Di; Torres, Diego F.; Chen, Yutong; Niu, Jiarui; Zhu, Wei-Wei; Zhang, Bing; Liang, En-Wei; Zhang, Li; Ge, Mingyu; Dai, Zigao; Lin, Lin; Han, Jinlin; Feng, Yi; Niu, Chenhui; Zhang, Yongkun; Zhou, Dejiang; Xu, Heng; Zhang, Chunfeng; Jiang, Jinchen; Miao, Chenchen; Yuan, Mao; Wang, Weiyang; Zhou, Dengke; Fang, Jianhua; Yue, Youling; Wu, Yunsheng; Wang, Yabiao; Wang, Chengjie; Gan, Zhenye; Li, Yuxi; Sun, Zhongyi; Chi, Mingmin; Zhang, Junshuo; Cao, Jinhuang; Lu, Wanjin; Wang, Yidan",2023-08,2023-08,2023-08,,2308.08832,,,PREPRINT,ADS_SCIX,,false,,RESOLVED,ADS_EXPLICIT_ARXIV_CROSSLINK,SYNTHETIC_METADATA_ONLY_VERSION; public month inferred from arXiv identifier; no additional systematic hit added
BAIIV0209,BAIIW0134,JOURNAL_ARTICLE,X-Ray Hardening Preceding the Onset of SGR 1935+2154's Radio Pulsar Phase,"Wang, Pei; Li, Jian; Ji, Long; Hou, Xian; Gügercinoğlu, Erbil; Li, Di; Torres, Diego F.; Chen, Yutong; Niu, Jiarui; Zhu, Wei-Wei; Zhang, Bing; Liang, En-Wei; Zhang, Li; Ge, Mingyu; Dai, Zigao; Lin, Lin; Han, Jinlin; Feng, Yi; Niu, Chenhui; Zhang, Yongkun; Zhou, Dejiang; Xu, Heng; Zhang, Chunfeng; Jiang, Jinchen; Miao, Chenchen; Yuan, Mao; Wang, Weiyang; Zhou, Dengke; Fang, Jianhua; Yue, Youling; Wu, Yunsheng; Wang, Yabiao; Wang, Chengjie; Gan, Zhenye; Li, Yuxi; Sun, Zhongyi; Chi, Mingmin; Zhang, Junshuo; Cao, Jinhuang; Lu, Wanjin; Wang, Yidan",2023-08,2024-12-01,2026-06-15,10.3847/1538-4365/ad7c3f,,2024ApJS..275...39W,The Astrophysical Journal Supplement Series,PEER_REVIEWED,ADS_SCIX,BAII2H000210,true,journal version available and substantively current,RESOLVED,RAW_PROVIDER_METADATA,
BAIIV0210,BAIIW0135,CONFERENCE_ABSTRACT,CMEs and Interplanetary Shocks: 2.5D Numerical Modeling,"Zhao, Xiaozhou",2025-04-01,2025-04-01,2026-06-18,,,2025EGUGA..2721910Z,EGU General Assembly Conference Abstracts,NOT_PEER_REVIEWED,ADS_SCIX,BAII2H000212,true,only recoverable material version for this work,RESOLVED,RAW_PROVIDER_METADATA,
BAIIV0211,BAIIW0136,CONFERENCE_ABSTRACT,Constraining the Density of the Accretion Disk Wind in Hercules X-1 Using its Ionization Response to X-ray Pulsations,"Kosec, Peter; Rogantini, Daniele; Kara, Erin",2024-05-01,2024-05-01,2026-03-23,,,2024HEAD...2110724K,AAS High Energy Astrophysics Division Meeting #21,NOT_PEER_REVIEWED,ADS_SCIX,BAII2H000213,false,,RESOLVED,RAW_PROVIDER_METADATA,
BAIIV0212,BAIIW0136,CONFERENCE_ABSTRACT,Constraining the Number Density of the Accretion Disk Wind in Hercules X-1 Using its Ionization Response to X-ray Pulsations,"Kosec, Peter",2024-05-01,2024-07-01,2026-03-23,,,2024cosp...45.1660K,45th COSPAR Scientific Assembly,NOT_PEER_REVIEWED,ADS_SCIX,BAII2H000216,true,only recoverable material version for this work,RESOLVED,RAW_PROVIDER_METADATA,
BAIIV0213,BAIIW0137,ARXIV_PREPRINT,eRASSU J043115.8-711730: The first pulsating symbiotic super-soft X-ray source in the Magellanic Bridge,"Saha, Tathagata; Maitra, Chandreyee; Charles, Philip; Haberl, Frank; Kaltenbrunner, David; Udalski, Andrej; Buckley, David; Monageng, Itumenleng; Townsend, Lee; Sasaki, Manami; Saeedi, Sara; Salvato, Mara",2026-07-01,2026-07-01,2026-08-01,,2607.27730,2026arXiv260727730S,,PREPRINT,ADS_SCIX,BAII2H000214,true,no journal version available; latest available arXiv/preprint version,RESOLVED,RAW_PROVIDER_METADATA,
BAIIV0214,BAIIW0138,ARXIV_PREPRINT,Thermal Non-equilibrium Cycles in a Non-eruptive Pseudo-Streamer,"Froment, Clara; Masson, Sophie",2026-08-01,2026-08-01,2026-08-08,,2608.05986,2026arXiv260805986F,,PREPRINT,ADS_SCIX,BAII2H000215,true,no journal version available; latest available arXiv/preprint version,RESOLVED,RAW_PROVIDER_METADATA,
BAIIV0215,BAIIW0139,ARXIV_PREPRINT,X-ray/Radio Quasi-periodic Pulsations Associated with Plasmoids in Solar Flare Current Sheets,Pankaj Kumar; Judith T. Karpen; Joel T. Dahlin,2024-12-06,2024-12-06,2025-01-21,,2412.05193,,,PREPRINT,ARXIV,BAII2H000227,true,no journal version available; latest available arXiv/preprint version,RESOLVED,RAW_PROVIDER_METADATA,
BAIIV0216,BAIIW0140,ARXIV_PREPRINT,Quasi-Periodic Fast-Mode Wave Trains Associated with the 2015-Jun-22 M6.5 Flare in AR~12371: Observations and 3D MHD Modeling,Tongjiang Wang; Wei Liu; Leon Ofman; Xudong Sun; Meng Jin,2026-03-13,2026-03-13,2026-03-13,,2603.13456,,,PREPRINT,ARXIV,BAII2H000241,true,no journal version available; latest available arXiv/preprint version,RESOLVED,RAW_PROVIDER_METADATA,
BAIIV0217,BAIIW0141,ARXIV_PREPRINT,X-ray and Spectral UV Observations of Periodic Pulsations in a Solar Flare Fan/Looptop,Ryan J. French; Laura A. Hayes; Maria D. Kazachenko; Katharine K. Reeves; Chengcai Shen; Juraj Lörinčík,2024-11-04,2024-11-04,2024-11-04,,2411.02634,,,PREPRINT,ARXIV,BAII2H000242,true,no journal version available; latest available arXiv/preprint version,RESOLVED,RAW_PROVIDER_METADATA,
BAIIV0218,BAIIW0142,ARXIV_PREPRINT,Effect of Solar Flares on Decayless Kink Oscillations in Nearby Coronal Loops,Zhiyi Li; Valery M. Nakariakov; Ding Yuan; Song Feng,2026-05-12,2026-05-12,2026-05-12,,2605.12060,,,PREPRINT,ARXIV,BAII2H000243,true,no journal version available; latest available arXiv/preprint version,RESOLVED,RAW_PROVIDER_METADATA,
BAIIV0219,BAIIW0143,ARXIV_PREPRINT,Reconnection-driven Decaying Pulsations Modulated by Slow Magnetoacoustic Waves,Dong Li; Jianping Li; Haisheng Ji,2025-10-20,2025-10-20,2025-10-20,,2510.17077,,,PREPRINT,ARXIV,BAII2H000244,true,no journal version available; latest available arXiv/preprint version,RESOLVED,RAW_PROVIDER_METADATA,
BAIIV0220,BAIIW0144,ARXIV_PREPRINT,Broad and Bi-directional narrow quasi-periodic fast-propagating wave trains associated with a filament-driven halo CME on 2023 April 21,Xinping Zhou; Yuandeng Shen; Yihua Yan; Ke Yu; Zhining Qu; Ahmed Ahmed Ibrahim; Zehao Tang; Chengrui Zhou; Song Tan; Ye Qiu; Hongfei Liang,2024-04-29,2024-04-29,2024-04-29,,2404.18391,,,PREPRINT,ARXIV,BAII2H000245,true,no journal version available; latest available arXiv/preprint version,RESOLVED,RAW_PROVIDER_METADATA,
BAIIV0221,BAIIW0145,ARXIV_PREPRINT,Stellar flare morphology with TESS across the main sequence,Bálint Seli; Krisztián Vida; Katalin Oláh; Anna Görgei; Szabolcs Soós; András Pál; Levente Kriskovics; Zsolt Kővári,2024-12-17,2024-12-17,2024-12-17,,2412.12989,,,PREPRINT,ARXIV,BAII2H000301,false,,RESOLVED,RAW_PROVIDER_METADATA,
BAIIV0222,BAIIW0145,JOURNAL_ARTICLE,Stellar flare morphology with TESS across the main sequence,"Seli, B.; Vida, K.; Oláh, K.; Görgei, A.; Soós, Sz.; Pál, A.; Kriskovics, L.; Kővári, Zs.",2024-12-17,2025-02-01,2026-06-15,10.1051/0004-6361/202452489,,2025A&A...694A.161S,Astronomy and Astrophysics,PEER_REVIEWED,ADS_SCIX,BAII2H000249,true,journal version available and substantively current,RESOLVED,RAW_PROVIDER_METADATA,
BAIIV0223,BAIIW0146,JOURNAL_ARTICLE,"Stellar Flares, Superflares, and Coronal Mass Ejections—Entering the Big Data Era","Vida, Krisztián; Kővári, Zsolt; Leitzinger, Martin; Odert, Petra; Oláh, Katalin; Seli, Bálint; Kriskovics, Levente; Greimel, Robert; Görgei, Anna Mária",2024-07-01,2024-07-01,2026-06-15,10.3390/universe10080313,,2024Univ...10..313V,Universe,PEER_REVIEWED,ADS_SCIX,BAII2H000251,true,journal version available and substantively current,RESOLVED,RAW_PROVIDER_METADATA,
BAIIV0224,BAIIW0146,ARXIV_PREPRINT,"Stellar flares, superflares and coronal mass ejections -- entering the Big data era",Krisztián Vida; Zsolt Kővári; Martin Leitzinger; Petra Odert; Katalin Oláh; Bálint Seli; Levente Kriskovics; Robert Greimel; Anna Görgei,2024-07-01,2024-07-23,2024-07-23,,2407.16446,,,PREPRINT,ARXIV,BAII2H000312,false,,RESOLVED,RAW_PROVIDER_METADATA,
BAIIV0225,BAIIW0147,ARXIV_PREPRINT,Enhancing the detection of low-energy M dwarf flares: Wavelet-based denoising of CHEOPS data,J. Poyatos; O. Fors; J. M. Gómez Cama; I. Ribas,2024-12-19,2024-12-19,2025-07-09,,2412.15297,,,PREPRINT,ARXIV,BAII2H000317,false,,RESOLVED,RAW_PROVIDER_METADATA,
BAIIV0226,BAIIW0147,JOURNAL_ARTICLE,Enhancing the detection of low-energy M dwarf flares: Wavelet-based denoising of CHEOPS data,"Poyatos, J.; Fors, O.; Gómez Cama, J. M.; Ribas, I.",2024-12-19,2025-07-01,2026-08-02,10.1051/0004-6361/202453517,,2025A&A...699A.242P,Astronomy and Astrophysics,PEER_REVIEWED,ADS_SCIX,BAII2H000252,true,journal version available and substantively current,RESOLVED,RAW_PROVIDER_METADATA,
BAIIV0227,BAIIW0148,ARXIV_PREPRINT,The Impact of Stellar Flares on the Atmospheric Escape of Exoplanets orbiting M stars I: Insights from the AU Mic System,Laura N. R. do Amaral; Evgenya L. Shkolnik; R. O. Parke Loyd; Sarah Peacock,2025-03-17,2025-03-17,2025-03-19,,2503.13353,,,PREPRINT,ARXIV,BAII2H000305,false,,RESOLVED,RAW_PROVIDER_METADATA,
BAIIV0228,BAIIW0148,JOURNAL_ARTICLE,The Impact of Stellar Flares on the Atmospheric Escape of Exoplanets Orbiting M Stars. I. Insights from the AU Mic System,"do Amaral, Laura N. R.; Shkolnik, Evgenya L.; Loyd, R. O. Parke; Peacock, Sarah",2025-03-17,2025-05-01,2026-06-15,10.3847/1538-4357/adc932,,2025ApJ...985..100D,The Astrophysical Journal,PEER_REVIEWED,ADS_SCIX,BAII2H000253,true,journal version available and substantively current,RESOLVED,RAW_PROVIDER_METADATA,
BAIIV0229,BAIIW0149,CONFERENCE_ABSTRACT,Searching for Magnetic Star-Planet Interactions through Stellar Flares,"Whitsett, Nathan; Daylan, Tansu",2025-01-01,2025-01-01,2026-03-23,,,2025AAS...24523507W,American Astronomical Society Meeting Abstracts #245,NOT_PEER_REVIEWED,ADS_SCIX,BAII2H000266,false,,RESOLVED,RAW_PROVIDER_METADATA,
BAIIV0230,BAIIW0149,JOURNAL_ARTICLE,Planet-induced Stellar Flare Candidates from the TESS Mission,"Whitsett, Nathan; Daylan, Tansu",2025-01-01,2026-07-01,2026-07-20,10.3847/1538-4357/ae6446,,2026ApJ..1005...43W,The Astrophysical Journal,PEER_REVIEWED,ADS_SCIX,BAII2H000255,true,journal version available and substantively current,RESOLVED,RAW_PROVIDER_METADATA,
BAIIV0231,BAIIW0150,ARXIV_PREPRINT,Extending TESS flare frequency distributions with CHEOPS: Power-law versus lognormal,"Poyatos, Julien; Fors, Octavi; Gómez Cama, José Maria",2025-10-01,2025-10-01,2026-04-24,,2510.15453,2025arXiv251015453P,,PREPRINT,ADS_SCIX;ARXIV,BAII2H000262;BAII2H000308,false,,RESOLVED,RAW_PROVIDER_METADATA,
BAIIV0232,BAIIW0150,JOURNAL_ARTICLE,Extending TESS flare frequency distributions with CHEOPS: Power-law versus lognormal,"Poyatos, J.; Fors, O.; Gómez Cama, J. M.",2025-10-01,2026-04-01,2026-06-22,10.1051/0004-6361/202557721,,2026A&A...708A.302P,Astronomy and Astrophysics,PEER_REVIEWED,ADS_SCIX,BAII2H000256,true,journal version available and substantively current,RESOLVED,RAW_PROVIDER_METADATA,
BAIIV0233,BAIIW0151,ARXIV_PREPRINT,Far-Ultraviolet Emission Line Investigation of Flares on AU Mic,Adalyn Gibson; Adam F. Kowalski; Adina D. Feinstein,2025-06-11,2025-06-11,2025-10-13,,2506.10201,,,PREPRINT,ARXIV,BAII2H000310,false,,RESOLVED,RAW_PROVIDER_METADATA,
BAIIV0234,BAIIW0151,JOURNAL_ARTICLE,Far-ultraviolet Emission Line Investigation of Flares on AU Mic,"Gibson, Adalyn; Kowalski, Adam F.; Feinstein, Adina D.",2025-06-11,2025-12-01,2026-06-15,10.3847/1538-4357/ae1691,,2025ApJ...994..140G,The Astrophysical Journal,PEER_REVIEWED,ADS_SCIX,BAII2H000257,true,journal version available and substantively current,RESOLVED,RAW_PROVIDER_METADATA,
BAIIV0235,BAIIW0152,ARXIV_PREPRINT,Sun-as-a-star Study of an X-class Solar Flare with Spectroscopic Observations of CHASE,Y. L. Ma; Q. H. Lao; X. Cheng; B. T. Wang; Z. H. Zhao; S. H. Rao; C. Li; M. D. Ding,2024-03-14,2024-03-14,2024-03-14,,2403.09011,,,PREPRINT,ARXIV,BAII2H000316,false,,RESOLVED,RAW_PROVIDER_METADATA,
BAIIV0236,BAIIW0152,JOURNAL_ARTICLE,Sun-as-a-star Study of an X-class Solar Flare with Spectroscopic Observations of CHASE,"Ma, Y. L.; Lao, Q. H.; Cheng, X.; Wang, B. T.; Zhao, Z. H.; Rao, S. H.; Li, C.; Ding, M. D.",2024-03-14,2024-05-01,2026-06-15,10.3847/1538-4357/ad3446,,2024ApJ...966...45M,The Astrophysical Journal,PEER_REVIEWED,ADS_SCIX,BAII2H000258,true,journal version available and substantively current,RESOLVED,RAW_PROVIDER_METADATA,
BAIIV0237,BAIIW0153,CONFERENCE_ABSTRACT,Correlating Solar Coronal Mass Ejections (CMEs) with Far-Ultraviolet (FUV) Flares to better understand the space weather of exoplanets around Sun-like Stars,"Park, Nuri; Shkolnik, Evgenya; Llama, Joe",2025-01-01,2025-01-01,2026-03-23,,,2025AAS...24517205P,American Astronomical Society Meeting Abstracts #245,NOT_PEER_REVIEWED,ADS_SCIX,BAII2H000274,false,,RESOLVED,RAW_PROVIDER_METADATA,
BAIIV0238,BAIIW0153,ARXIV_PREPRINT,Constraining the Mass Loss and the Kinetic Energy of Solar Coronal Mass Ejections with Far-Ultraviolet Flares,Nuri Park; Evgenya L. Shkolnik; Joe Llama,2025-01-01,2025-09-20,2025-10-02,,2509.16477,,,PREPRINT,ARXIV,BAII2H000313,false,,RESOLVED,RAW_PROVIDER_METADATA,
BAIIV0239,BAIIW0153,JOURNAL_ARTICLE,Constraining the Mass Loss and the Kinetic Energy of Stellar Coronal Mass Ejections with Solar Far-ultraviolet Flares,"Park, Nuri; Shkolnik, Evgenya L.; Llama, Joe",2025-01-01,2025-11-01,2026-03-23,10.3847/1538-4357/ae0e5e,,2025ApJ...994...26P,The Astrophysical Journal,PEER_REVIEWED,ADS_SCIX,BAII2H000259,true,journal version available and substantively current,RESOLVED,RAW_PROVIDER_METADATA,
BAIIV0240,BAIIW0154,JOURNAL_ARTICLE,Automated Flare Detection in Ground-Based Photometry of AD Leo,"Bertollini, Gary",2026-06-01,2026-06-01,2026-07-07,10.1088/1538-3873/ae6e70,,2026PASP..138f4504B,Publications of the Astronomical Society of the Pacific,PEER_REVIEWED,ADS_SCIX,BAII2H000260,true,journal version available and substantively current,RESOLVED,RAW_PROVIDER_METADATA,
BAIIV0241,BAIIW0155,JOURNAL_ARTICLE,Spectroscopic observations of solar flare pulsations driven by oscillatory magnetic reconnection,"Ashfield, William; Polito, Vanessa; Lörinčík, Juraj; De Pontieu, Bart; Chintzoglou, Georgios; Bose, Souvik; Freij, Nabil; Rouppe van der Voort, Luc; Joshi, Reetika; Thoen Faber, Jonas",2026-01-01,2026-01-01,2026-07-22,10.1038/s41550-025-02706-4,,2026NatAs..10...54A,Nature Astronomy,PEER_REVIEWED,ADS_SCIX,BAII2H000261,true,journal version available and substantively current,RESOLVED,RAW_PROVIDER_METADATA,
BAIIV0242,BAIIW0156,JOURNAL_ARTICLE,FLARENET: A Convolutional Neural Network for Stellar Flare Detection with TESS,"Berger, Vera; Schanche, Nicole; Powell, Brian P.; Colón, Knicole D.; Hedges, Christina",2026-06-01,2026-06-01,2026-07-07,10.3847/2515-5172/ae74cf,,2026RNAAS..10..148B,Research Notes of the American Astronomical Society,PUBLISHED_JOURNAL,ADS_SCIX,BAII2H000263,true,journal version available and substantively current,RESOLVED,RAW_PROVIDER_METADATA,
BAIIV0243,BAIIW0157,CONFERENCE_ABSTRACT,"Catching, Classifying and Cataloging Stellar Flares with ArgusSpec","Procter, Thomas; Law, Nicholas; Corbett, Hank; Galliher, Nathan; Howard, Ward",2024-02-01,2024-02-01,2026-03-23,,,2024AAS...24335926P,American Astronomical Society Meeting Abstracts #243,NOT_PEER_REVIEWED,ADS_SCIX,BAII2H000265,true,only recoverable material version for this work,RESOLVED,RAW_PROVIDER_METADATA,
BAIIV0244,BAIIW0158,ARXIV_PREPRINT,An HST Transmission Spectrum of the Closest M Dwarf Transiting Rocky Planet LTT 1445Ab,"Bennett, Katherine A.; Sing, David K.; Stevenson, Kevin B.; Wakeford, Hannah R.; Rustamkulov, Zafar; Allen, Natalie H.; Lothringer, Joshua D.; MacDonald, Ryan J.; Mayne, Nathan J.; Fu, Guangwei",2024-10,2024-10,2024-10,,2410.11054,,,PREPRINT,ADS_SCIX,,false,,RESOLVED,ADS_EXPLICIT_ARXIV_CROSSLINK,SYNTHETIC_METADATA_ONLY_VERSION; public month inferred from arXiv identifier; no additional systematic hit added
BAIIV0245,BAIIW0158,JOURNAL_ARTICLE,An HST Transmission Spectrum of the Closest M Dwarf Transiting Rocky Planet LTT 1445Ab,"Bennett, Katherine A.; Sing, David K.; Stevenson, Kevin B.; Wakeford, Hannah R.; Rustamkulov, Zafar; Allen, Natalie H.; Lothringer, Joshua D.; MacDonald, Ryan J.; Mayne, Nathan J.; Fu, Guangwei",2024-10,2025-02-01,2026-06-15,10.3847/1538-3881/ad9dd1,,2025AJ....169..111B,The Astronomical Journal,PEER_REVIEWED,ADS_SCIX,BAII2H000267,true,journal version available and substantively current,RESOLVED,RAW_PROVIDER_METADATA,
BAIIV0246,BAIIW0159,ARXIV_PREPRINT,StellarF: A Physics-Informed LoRA Framework for Stellar Flare Forecasting with Historical &amp; Statistical Data,"Su, Tianyu; Zou, Zhiqiang; Lu, Qingyu; Zhang, Feng; Luo, Ali; Kong, Xiao; Li, Min",2025-07-01,2025-07-01,2026-06-15,,2507.10986,2025arXiv250710986S,,PREPRINT,ADS_SCIX;ARXIV,BAII2H000268;BAII2H000303,true,no journal version available; latest available arXiv/preprint version,RESOLVED,RAW_PROVIDER_METADATA,
BAIIV0247,BAIIW0160,ARXIV_PREPRINT,VQPP: Video Query Performance Prediction Benchmark,"Catalin Lutu, Adrian; Poesina, Eduard; Tudor Ionescu, Radu",2026-02-01,2026-02-01,2026-03-26,,2602.17814,2026arXiv260217814C,,PREPRINT,ADS_SCIX;ARXIV,BAII2H000269;BAII2H000306,true,no journal version available; latest available arXiv/preprint version,RESOLVED,RAW_PROVIDER_METADATA,
BAIIV0248,BAIIW0161,ARXIV_PREPRINT,Fix Before Search: Benchmarking Agentic Query Visual Pre-processing in Multimodal Retrieval-augmented Generation,"Zhang, Jiankun; Zeng, Shenglai; Guo, Kai; Dai, Xinnan; Liu, Hui; Tang, Jiliang; Chang, Yi",2026-02-01,2026-02-01,2026-03-26,,2602.13179,2026arXiv260213179Z,,PREPRINT,ADS_SCIX;ARXIV,BAII2H000270;BAII2H000307,true,no journal version available; latest available arXiv/preprint version,RESOLVED,RAW_PROVIDER_METADATA,
BAIIV0249,BAIIW0162,ARXIV_PREPRINT,Doppler imaging combined with high-cadence photometry: I. Revisiting the surface of a pre-main-sequence flare star PW Andromedae,"Lee, S.; Bahar, E.; Şenavcı, H. V.; Ișık, E.; Ikuta, K.; Namekata, K.; Nagata, H.; Kawauchi, K.; Omiya, M.; Izumiura, H.; Tajitsu, A.; Sato, B.; Honda, S.; Nogami, D.",2025-11,2025-11,2025-11,,2511.12190,,,PREPRINT,ADS_SCIX,,false,,RESOLVED,ADS_EXPLICIT_ARXIV_CROSSLINK,SYNTHETIC_METADATA_ONLY_VERSION; public month inferred from arXiv identifier; no additional systematic hit added
BAIIV0250,BAIIW0162,JOURNAL_ARTICLE,Doppler imaging combined with high-cadence photometry: I. Revisiting the surface of a pre-main-sequence flare star PW Andromedae,"Lee, S.; Bahar, E.; Şenavcı, H. V.; Ișık, E.; Ikuta, K.; Namekata, K.; Nagata, H.; Kawauchi, K.; Omiya, M.; Izumiura, H.; Tajitsu, A.; Sato, B.; Honda, S.; Nogami, D.",2025-11,2026-03-01,2026-06-15,10.1051/0004-6361/202556616,,2026A&A...707A..24L,Astronomy and Astrophysics,PEER_REVIEWED,ADS_SCIX,BAII2H000271,true,journal version available and substantively current,RESOLVED,RAW_PROVIDER_METADATA,
BAIIV0251,BAIIW0163,JOURNAL_ARTICLE,A chosen-plaintext attack on quantum permutation pad,"Zawadzki, Piotr",2024-02-01,2024-02-01,2026-07-22,10.1007/s11128-024-04278-0,,2024QuIP...23...73Z,Quantum Information Processing,PEER_REVIEWED,ADS_SCIX,BAII2H000272,true,journal version available and substantively current,RESOLVED,RAW_PROVIDER_METADATA,
BAIIV0252,BAIIW0164,ARXIV_PREPRINT,Cypher is Turing-Complete: A Formal Proof via 2-Counter Machine Simulation,"Halftermeyer, Pierre",2026-03-01,2026-03-01,2026-05-28,,2605.18757,2026arXiv260518757H,,PREPRINT,ADS_SCIX;ARXIV,BAII2H000273;BAII2H000309,true,no journal version available; latest available arXiv/preprint version,RESOLVED,RAW_PROVIDER_METADATA,
BAIIV0253,BAIIW0165,OTHER,"VizieR Online Data Catalog: M dwarfs flares timing &amp; energy from TESS &amp; Swift (Howard+, 2025)","Howard, W. S.; MacGregor, M. A.; Feinstein, A. D.; Vega, L. D.; Cody, A. M.; Turner, N. J.; Scott, V. J.; Burt, J. A.; Venuti, L.",2025-11-01,2025-11-01,2026-03-23,,,2025yCat..51690027H,VizieR Online Data Catalog,NOT_APPLICABLE,ADS_SCIX,BAII2H000275,true,only recoverable material version for this work,RESOLVED,RAW_PROVIDER_METADATA,
BAIIV0254,BAIIW0166,ARXIV_PREPRINT,The Stellar Abundances and Galactic Evolution Survey (SAGES) III -- The g/r/i-band Data Release,Chun Li; Zhou Fan; Gang Zhao; Wei Wang; Jie Zheng; Kefeng Tan; Jingkun Zhao; Yang Huang; Haibo Yuan; Kai Xiao; Yuqin Chen; Haining Li; Yujuan Liu; Nan Song; Ali Esamdin; Hu-Biao Niu; Jin-Zhong Liu; Guo-Jie Feng,2024-10-14,2024-10-14,2024-10-14,,2410.10218,,,PREPRINT,ARXIV,BAII2H000315,false,,RESOLVED,RAW_PROVIDER_METADATA,
BAIIV0255,BAIIW0166,JOURNAL_ARTICLE,The Stellar Abundances and Galactic Evolution Survey (SAGES) III,"Li, Chun; Fan, Zhou; Zhao, Gang; Wang, Wei; Zheng, Jie; Tan, Kefeng; Zhao, Jingkun; Huang, Yang; Yuan, Haibo; Xiao, Kai; Chen, Yuqin; Li, Haining; Liu, Yujuan; Song, Nan; Esamdin, Ali; Niu, Hu-Biao; Liu, Jin-Zhong; Feng, Guo-Jie",2024-10-14,2025-02-01,2026-06-15,10.1088/1674-4527/ad7365,,2025RAA....25b5003L,Research in Astronomy and Astrophysics,PEER_REVIEWED,ADS_SCIX,BAII2H000276,true,journal version available and substantively current,RESOLVED,RAW_PROVIDER_METADATA,
BAIIV0256,BAIIW0167,OTHER,Quantifying Exoplanets Mass-loss During Stellar Transient Events and their Significance in Exoplanets Atmospheric Escape,"Cohen, Ofer",2024-01-01,2024-01-01,2026-03-23,,,2024lws..prop...22C,NASA Proposal ID. 24-LWS24_2-0022,NOT_APPLICABLE,ADS_SCIX,BAII2H000277,true,only recoverable material version for this work,RESOLVED,RAW_PROVIDER_METADATA,
BAIIV0257,BAIIW0168,ARXIV_PREPRINT,Scalable Bayesian Additive Models for Stellar Flare Detection via Amortized Gaussian Process Inference and Hidden Markov Models,"Herrera, Rodrigo; Leos-Barajas, Vianey; Eadie, Gwendolyn; Semenova, Elizaveta; Davenport, James",2026-06-01,2026-06-01,2026-06-24,,2606.22601,2026arXiv260622601H,,PREPRINT,ADS_SCIX;ARXIV,BAII2H000278;BAII2H000302,true,no journal version available; latest available arXiv/preprint version,RESOLVED,RAW_PROVIDER_METADATA,
BAIIV0258,BAIIW0169,JOURNAL_ARTICLE,Exploring the Properties of Stellar Flares in the Far-Infrared with PRIMA,"MacGregor, Meredith; Osten, Rachel",2025-12-01,2025-12-01,2026-03-23,,,2025prim.book..587M,PRIMA General Observer Science Book Volume 2,PUBLISHED_JOURNAL,ADS_SCIX,BAII2H000279,true,journal version available and substantively current,RESOLVED,RAW_PROVIDER_METADATA,
BAIIV0259,BAIIW0170,CONFERENCE_ABSTRACT,Flaring Accelerates the Complete Atmospheric Loss in Terrestrial Planets inside the Habitable Zone of M Stars,"Amaral, Laura; Segura, Antigona; Barnes, Rory; Luger, Rodrigo; Shkolnik, Evgenya L.",2024-05-01,2024-05-01,2026-03-23,,,2024absc.conf99539A,The Astrobiology Science Conference (AbSciCon) 2024,NOT_PEER_REVIEWED,ADS_SCIX,BAII2H000280,true,only recoverable material version for this work,RESOLVED,RAW_PROVIDER_METADATA,
BAIIV0260,BAIIW0171,ARXIV_PREPRINT,25 years of groundbreaking discoveries with Chandra,"Slane, Patrick; Bogdán, Ákos; Pooley, David",2025-10,2025-10,2025-10,,2510.25873,,,PREPRINT,ADS_SCIX,,false,,RESOLVED,ADS_EXPLICIT_ARXIV_CROSSLINK,SYNTHETIC_METADATA_ONLY_VERSION; public month inferred from arXiv identifier; no additional systematic hit added
BAIIV0261,BAIIW0171,JOURNAL_ARTICLE,25 years of groundbreaking discoveries with Chandra,"Slane, Patrick; Bogdán, Ákos; Pooley, David",2025-10,2025-10-01,2026-07-22,10.1038/s41550-025-02675-8,,2025NatAs...9.1431S,Nature Astronomy,PEER_REVIEWED,ADS_SCIX,BAII2H000281,true,journal version available and substantively current,RESOLVED,RAW_PROVIDER_METADATA,
BAIIV0262,BAIIW0172,ARXIV_PREPRINT,OpenDecoder: Open Large Language Model Decoding to Incorporate Document Quality in RAG,"Mo, Fengran; Su, Zhan; Hui, Yuchen; Zhang, Jinghan; Sun, Jia Ao; Liu, Zheyuan; Zhang, Chao; Sakai, Tetsuya; Nie, Jian-Yun",2026-01-01,2026-01-01,2026-03-26,,2601.09028,2026arXiv260109028M,,PREPRINT,ADS_SCIX;ARXIV,BAII2H000282;BAII2H000314,true,no journal version available; latest available arXiv/preprint version,RESOLVED,RAW_PROVIDER_METADATA,
BAIIV0263,BAIIW0173,ARXIV_PREPRINT,Predicting Lakehouse Performance in Clouds: An Empirical Exploration of Query Runtime Variance,"Nurdin, James; Liu, Wei; Mccreadie, Richard; Thamsen, Lauritz",2026-06-01,2026-06-01,2026-06-09,,2606.03464,2026arXiv260603464N,,PREPRINT,ADS_SCIX;ARXIV,BAII2H000283;BAII2H000311,true,no journal version available; latest available arXiv/preprint version,RESOLVED,RAW_PROVIDER_METADATA,
BAIIV0264,BAIIW0174,ARXIV_PREPRINT,"Ultrafast Modulations in Stellar, Solar and Galactic Spectra: Dark Matter and Numerical Ghosts, Stellar Flares and SETI","Tamburini, Fabrizio; Licata, Ignazio",2022-10,2022-10,2022-10,,2210.15983,,,PREPRINT,ADS_SCIX,,false,,RESOLVED,ADS_EXPLICIT_ARXIV_CROSSLINK,SYNTHETIC_METADATA_ONLY_VERSION; public month inferred from arXiv identifier; no additional systematic hit added
BAIIV0265,BAIIW0174,JOURNAL_ARTICLE,"Ultrafast Modulations in Stellar, Solar and Galactic Spectra: Dark Matter and Numerical Ghosts, Stellar Flares and SETI","Tamburini, Fabrizio; Licata, Ignazio",2022-10,2024-06-01,2026-06-15,10.3390/particles7030032,,2024Parti...7..576T,Particles,PEER_REVIEWED,ADS_SCIX,BAII2H000284,true,journal version available and substantively current,RESOLVED,RAW_PROVIDER_METADATA,
BAIIV0266,BAIIW0175,JOURNAL_ARTICLE,XRISM/Xtend transient search: system design and results during the performance verification phase,"Tsuboi, Yohko; Yoneyama, Tomokage; Yoshimoto, Marina; Akasu, Koichiro; Ishihara, Yukiko; Nagashima, Nagisa; Nemoto, Noboru; Sugai, Haruka; Yanagi, Tomohiro; Fukushima, Kotaro; Hayashi, Katsuhiro; Kanemaru, Yoshiaki; Ogawa, Shoji; Yoshida, Tessei; Audard, Marc; Behar, Ehud; Inoue, Shun; Kohmura, Takayoshi; Maeda, Yoshitomo; Mizumoto, Misaki; Nobukawa, Masayoshi; Pottschmidt, Katja; Shidatsu, Megumi; Terada, Yukikatsu; Terashima, Yuichi; Uchida, Hiroyuki; Kang, Chulsoo; Kiyomoto, Takuto; Kurashima, Jun; Matsushima, Tsukasa; Mori, Koji; Motogami, Yugo; Narita, Takuto; Noda, Hirofumi; Sakamoto, Yuya; Takahashi, Hiromitsu; Takemoto, Reo",2025-10-01,2025-10-01,2026-03-23,10.1117/1.jatis.11.4.042008,,2025JATIS..11d2008T,"Journal of Astronomical Telescopes, Instruments, and Systems",PEER_REVIEWED,ADS_SCIX,BAII2H000285,true,journal version available and substantively current,RESOLVED,RAW_PROVIDER_METADATA,
BAIIV0267,BAIIW0176,CONFERENCE_ABSTRACT,Mauve: a UV-Vis satellite dedicated to monitor stellar activity and variability,"Zahra Majidi, Fatemeh; Bradley, Lawrence; Ma, Sushuang; Saba, Arianna; Tinetti, Giovanna; Stotesbury, Ian; Edwards, Billy; Savini, Giorgio; Favata, Fabio; Tessenyi, Marcell; Wilcock, Benjamin John",2024-09-01,2024-09-01,2026-03-23,,,2024EPSC...17..282Z,European Planetary Science Congress,NOT_PEER_REVIEWED,ADS_SCIX,BAII2H000286,true,only recoverable material version for this work,RESOLVED,RAW_PROVIDER_METADATA,
BAIIV0268,BAIIW0177,ARXIV_PREPRINT,Spectral variations within solar flare ribbons,A. G. M. Pietrow; M. K. Druett; V. Singh,2024-02-16,2024-02-16,2024-05-17,,2402.10611,,,PREPRINT,ARXIV,BAII2H000318,false,,RESOLVED,RAW_PROVIDER_METADATA,
BAIIV0269,BAIIW0177,JOURNAL_ARTICLE,Spectral variations within solar flare ribbons,"Pietrow, A. G. M.; Druett, M. K.; Singh, V.",2024-02-16,2024-05-01,2026-06-15,10.1051/0004-6361/202348839,,2024A&A...685A.137P,Astronomy and Astrophysics,PEER_REVIEWED,ADS_SCIX,BAII2H000287,true,journal version available and substantively current,RESOLVED,RAW_PROVIDER_METADATA,
BAIIV0270,BAIIW0178,JOURNAL_ARTICLE,CFD benchmarking of triply periodic minimal surface (TPMS) and non-TPMS heat sink geometries: Thermal-hydraulic trade-offs at equal structural volume,"Al-Safadi, Mohammad; Shuja, S. Z.; Almerbati, A.; Zubair, Syed M.",2026-02-01,2026-02-01,2026-03-26,10.1016/j.icheatmasstransfer.2025.110067,,2026ICHMT.17110067A,International Communications in Heat and Mass Transfer,PEER_REVIEWED,ADS_SCIX,BAII2H000288,true,journal version available and substantively current,RESOLVED,RAW_PROVIDER_METADATA,
BAIIV0271,BAIIW0179,JOURNAL_ARTICLE,Breeding for colored quality protein popcorn with improved amino acid composition,"Niyorukundo, Jonathan; Yobi, Abou; Sithole, Cephas; Wehrbein, Caleb; Angelovici, Ruthie; Holding, David R.",2026-05-01,2026-05-01,2026-07-14,10.3389/fpls.2026.1844370,,2026FrPS...1744370N,Frontiers in Plant Science,PEER_REVIEWED,ADS_SCIX,BAII2H000290,true,journal version available and substantively current,RESOLVED,RAW_PROVIDER_METADATA,
BAIIV0272,BAIIW0180,JOURNAL_ARTICLE,Pulsaciones cuasi-periódicas en fulguraciones solares: claves para desentrañar la liberación de energía solar,"Cécere, M.",2025-08-01,2025-08-01,2026-03-23,,,2025BAAA...66....8C,Boletin de la Asociacion Argentina de Astronomia La Plata Argentina,PEER_REVIEWED,ADS_SCIX,BAII2H000291,true,journal version available and substantively current,RESOLVED,RAW_PROVIDER_METADATA,
BAIIV0273,BAIIW0181,CONFERENCE_ABSTRACT,Localizing Stellar Activity on Low-Mass Stars with the Transiting Exoplanet Survey Satellite,"Moquin, Julie; Ealy, Jordan; Schlieder, Joshua",2024-02-01,2024-02-01,2026-03-23,,,2024AAS...24325911M,American Astronomical Society Meeting Abstracts #243,NOT_PEER_REVIEWED,ADS_SCIX,BAII2H000292,true,only recoverable material version for this work,RESOLVED,RAW_PROVIDER_METADATA,
BAIIV0274,BAIIW0182,CONFERENCE_ABSTRACT,"An expanded flare study of nearby young moving group members with TESS: new data, methods, and directions for stellar habitability studies","Tran, Andrew; Song, Inseok",2026-02-01,2026-02-01,2026-03-23,,,2026AAS...24722004T,American Astronomical Society Meeting Abstracts,NOT_PEER_REVIEWED,ADS_SCIX,BAII2H000293,true,only recoverable material version for this work,RESOLVED,RAW_PROVIDER_METADATA,
BAIIV0275,BAIIW0183,JOURNAL_ARTICLE,"QPPLab: A generally applicable software package for detecting, analyzing, and visualizing large-scale quasiperiodic spatiotemporal patterns (QPPs) of brain activity","Xu, Nan; Yousefi, Behnaz; Anumba, Nmachi; LaGrow, Theodore J.; Zhang, Xiaodi; Keilholz, Shella",2025-02-01,2025-02-01,2026-06-23,10.1016/j.softx.2025.102067,,2025SoftX..2902067X,SoftwareX,PEER_REVIEWED,ADS_SCIX,BAII2H000294,true,journal version available and substantively current,RESOLVED,RAW_PROVIDER_METADATA,
BAIIV0276,BAIIW0184,OTHER,Extreme Space Weather Effects on Terrestrial Exoplanet Atmospheres in the JWST Era,"Bhattacharyya, Dolon",2024-01-01,2024-01-01,2026-03-23,,,2024xrp..prop..143B,NASA XRP proposal,NOT_APPLICABLE,ADS_SCIX,BAII2H000295,true,only recoverable material version for this work,RESOLVED,RAW_PROVIDER_METADATA,
BAIIV0277,BAIIW0185,JOURNAL_ARTICLE,Predictor-based neural adaptive self-triggered quantitative prescribed performance formation control for underactuated unmanned surface vehicles,"Liu, Chong; Wang, Yuanhui",2025-03-01,2025-03-01,2026-03-26,10.1016/j.oceaneng.2024.120220,,2025OcEng.31920220L,Ocean Engineering,PEER_REVIEWED,ADS_SCIX,BAII2H000296,true,journal version available and substantively current,RESOLVED,RAW_PROVIDER_METADATA,
BAIIV0278,BAIIW0186,JOURNAL_ARTICLE,Statistical quantum mechanics of the random permutation sorting system: A self-stabilizing true uniform random number generator,"Kuang, Randy",2026-02-01,2026-02-01,2026-05-30,10.1103/24hx-9y3l,,2026PhRvE.113b4117K,Physical Review E,PEER_REVIEWED,ADS_SCIX,BAII2H000297,true,journal version available and substantively current,RESOLVED,RAW_PROVIDER_METADATA,
BAIIV0279,BAIIW0187,CONFERENCE_ABSTRACT,Dynamic Multi-Aspect Query Fusion for Conversational Search,"Xu, Xiuwen; Li, Xiangqian",2026-04-01,2026-04-01,2026-08-06,,,2026icdm.conf40566X,2026 11th International Conference on Intelligent Computing and Signal Processing (ICSP),NOT_PEER_REVIEWED,ADS_SCIX,BAII2H000298,true,only recoverable material version for this work,RESOLVED,RAW_PROVIDER_METADATA,
BAIIV0280,BAIIW0188,CONFERENCE_ABSTRACT,Linking TESS White-Light Flares to SDSS-V Chromospheric Variability in M-Dwarfs,"Bracamonte, Andrea; Feliz, Dax; Angus, Ruth; Casey, Andrew",2026-02-01,2026-02-01,2026-03-23,,,2026AAS...24742903B,American Astronomical Society Meeting Abstracts,NOT_PEER_REVIEWED,ADS_SCIX,BAII2H000299,true,only recoverable material version for this work,RESOLVED,RAW_PROVIDER_METADATA,
BAIIV0281,BAIIW0189,ARXIV_PREPRINT,Twin Restricted Kernel Machines for Multiview Classification,A. Quadir; M. Sajid; Mushir Akhtar; M. Tanveer,2025-12-12,2025-12-12,2025-12-12,,2512.15757,,,PREPRINT,ARXIV,BAII2H000319,false,,RESOLVED,RAW_PROVIDER_METADATA,
BAIIV0282,BAIIW0189,JOURNAL_ARTICLE,Twin Restricted Kernel Machines for Multiview Classification,A. Quadir; M. Sajid; Mushir Akhtar; M. Tanveer,2025-12-12,,,10.1109/ijcnn64981.2025.11228247,,,"International Joint Conference on Neural Networks (IJCNN), Rome, Italy, 2025",PUBLISHED_JOURNAL,ARXIV,,true,journal version available and substantively current,RESOLVED,ARXIV_EXPLICIT_JOURNAL_LINK,SYNTHETIC_METADATA_ONLY_VERSION; explicit arXiv journal/DOI link; no additional systematic hit added
BAIIV0283,BAIIW0190,OTHER,AFINO: Automated Flare Inference of Oscillations,"Inglis, A. R.",2024-05-01,2024-05-01,2026-03-23,,,2024ascl.soft05017I,Astrophysics Source Code Library,NOT_APPLICABLE,ADS_SCIX,BAII2H000321,true,only recoverable material version for this work,RESOLVED,RAW_PROVIDER_METADATA,
