job_id,job_order,planned_decision_id,decision_class,phase3a_event_id,variant_id,matrix_cell_id,window_variant_id,processing_profile_id,external_optimizer_seed,model_id,model_name,payload_id,payload_logical_sha256,payload_offset,payload_length,input_time_sha256,input_flux_sha256,input_native_index_sha256,status,bic,log_likelihood,parameters_json,formal_m1_period_s,rchi2,probability,warning_count,warning_types_json,warnings_json,parameter_at_bound,bound_parameters_json,convergence_status,afino_effective_dt_s,positive_frequency_bin_count,post_cutoff_bin_count,minimum_frequency_hz,maximum_frequency_hz,runtime_seconds,afino_version,afino_commit,result_core_sha256,error,completed_at_utc
F3AJ0000001,1,F3ADP000001,PRIMARY,F3AE000001,F3AV000001,F3AC001,W00,P00,0,M0,pow_const,F3APAY000001,1d02146c8a280c6810f282a46c92a9d46209796954131b2c1022de6e37a3d764,0,30,8f02e4975373e3d1a79a1791cef6da9e0e8b5e5eb540ec4986e69d98fca561f4,7ef3299771114bf21a23efd28e9140946ac49c59d85cb0a73a02ecefe0c54213,69ecdaad9ea5c34199d539a5d1899d655494f8bcaddf7efcb94412d10c413a5d,OK,33.58484897744577,-14.15336715910763,"[0.8638464895175527,6.0,-0.08324343965120307]",,0.7910377208845782,0.4986592219922099,0,[],[],1,"[{""parameter_index"":1,""side"":""upper"",""value"":6.0,""bound"":6.0}]",NOT_AUDITABLE,20.00016521623334,14,14,0.0016666528987609554,0.023333140582653376,0.16026699999929406,0.5,6aceac9518fc8056052807e666da9d0c8bebb010,75e47d481cd2c21b82ce50a45b09fb313fa5349e2305d1f507560673779342aa,,2026-08-12T11:06:24.443367+00:00
F3AJ0000002,2,F3ADP000001,PRIMARY,F3AE000001,F3AV000001,F3AC001,W00,P00,0,M1,pow_const_gauss,F3APAY000001,1d02146c8a280c6810f282a46c92a9d46209796954131b2c1022de6e37a3d764,0,30,8f02e4975373e3d1a79a1791cef6da9e0e8b5e5eb540ec4986e69d98fca561f4,7ef3299771114bf21a23efd28e9140946ac49c59d85cb0a73a02ecefe0c54213,69ecdaad9ea5c34199d539a5d1899d655494f8bcaddf7efcb94412d10c413a5d,OK,36.13168571667474,-11.468199534299224,"[1.593850135503601,1.350248160778149,-17.621848878533893,-0.35172689108919075,-4.145020710701718,0.10873052924402235]",63.118929125522094,0.8982221402081525,0.41737362838851044,0,[],[],0,[],NOT_AUDITABLE,20.00016521623334,14,14,0.0016666528987609554,0.023333140582653376,0.5161449000006542,0.5,6aceac9518fc8056052807e666da9d0c8bebb010,50f43fa6ebc5502e666fbd5169d1e9fc49bd0c8876fdc75e7796cf4149594a66,,2026-08-12T11:06:24.963024+00:00
F3AJ0000003,3,F3ADP000001,PRIMARY,F3AE000001,F3AV000001,F3AC001,W00,P00,0,M2,bpow_const,F3APAY000001,1d02146c8a280c6810f282a46c92a9d46209796954131b2c1022de6e37a3d764,0,30,8f02e4975373e3d1a79a1791cef6da9e0e8b5e5eb540ec4986e69d98fca561f4,7ef3299771114bf21a23efd28e9140946ac49c59d85cb0a73a02ecefe0c54213,69ecdaad9ea5c34199d539a5d1899d655494f8bcaddf7efcb94412d10c413a5d,OK,36.90018360068927,-13.171977141114118,"[-4.373860036309347,1.0,0.018333181565337676,9.0,-18.87491158705863]",,1.2722184918212527,0.2821619276786375,5,"[""RuntimeWarning: overflow encountered in exp""]","[{""category"":""RuntimeWarning"",""message"":""overflow encountered in exp"",""filename"":""afino_spectral_models.py"",""lineno"":72},{""category"":""RuntimeWarning"",""message"":""overflow encountered in exp"",""filename"":""afino_spectral_models.py"",""lineno"":73},{""category"":""RuntimeWarning"",""message"":""overflow encountered in exp"",""filename"":""afino_spectral_models.py"",""lineno"":72},{""category"":""RuntimeWarning"",""message"":""overflow encountered in exp"",""filename"":""afino_spectral_models.py"",""lineno"":73},{""category"":""RuntimeWarning"",""message"":""overflow encountered in exp"",""filename"":""afino_spectral_models.py"",""lineno"":31}]",1,"[{""parameter_index"":1,""side"":""lower"",""value"":1.0,""bound"":1.0},{""parameter_index"":3,""side"":""upper"",""value"":9.0,""bound"":9.0}]",NOT_AUDITABLE,20.00016521623334,14,14,0.0016666528987609554,0.023333140582653376,0.4006724999999278,0.5,6aceac9518fc8056052807e666da9d0c8bebb010,47f056834902d4b77ebc8a3dee7cf771e3a820bc7a6c5f7df7c164dc0c2121fc,,2026-08-12T11:06:25.367240+00:00
F3AJ0000016,16,F3ADP000008,PRIMARY,F3AE000001,F3AV000008,F3AC008,WSm2,P01,0,M0,pow_const,F3APAY000006,87bd851d7d64b9f3202397f28f5a5492586c3a99e2868c1168de409692c4fafa,152,32,628dce8f6942d5613c4c71f78582b78696f8021a94dcf9cf0b85af4fa6df0464,439495e46a5e5f190606b5433b0c19ba3fa05e46ee38765db2ffe6f2edb32791,987da96a1079a53a6e9146baeb1c2b17bdfd3da39406d097742a05b21d6047f8,OK,23.82526978674815,-9.204584692271865,"[1.2210819445332048,6.0,-0.5195148809776504]",,0.6262054733886603,0.6106451659030312,0,[],[],1,"[{""parameter_index"":1,""side"":""upper"",""value"":6.0,""bound"":6.0}]",NOT_AUDITABLE,20.00016496899808,15,15,0.0015624871119033316,0.023437306678549975,0.18415559999994002,0.5,6aceac9518fc8056052807e666da9d0c8bebb010,8555ba632ca171c487ba0ec921d5b4165e373552e610df92a3fe7390acca1d49,,2026-08-12T11:06:25.555996+00:00
F3AJ0000017,17,F3ADP000008,PRIMARY,F3AE000001,F3AV000008,F3AC008,WSm2,P01,0,M1,pow_const_gauss,F3APAY000006,87bd851d7d64b9f3202397f28f5a5492586c3a99e2868c1168de409692c4fafa,152,32,628dce8f6942d5613c4c71f78582b78696f8021a94dcf9cf0b85af4fa6df0464,439495e46a5e5f190606b5433b0c19ba3fa05e46ee38765db2ffe6f2edb32791,987da96a1079a53a6e9146baeb1c2b17bdfd3da39406d097742a05b21d6047f8,OK,27.27452690604197,-6.867137950265461,"[1.5811154671954173,1.4486994794873516,-17.622019389694266,-1.0631231558432128,-4.135517103615691,0.11690790792403005]",62.52191302012942,0.7846496955939226,0.481632703739292,0,[],[],0,[],NOT_AUDITABLE,20.00016496899808,15,15,0.0015624871119033316,0.023437306678549975,0.601796100003412,0.5,6aceac9518fc8056052807e666da9d0c8bebb010,bc1994316654644b406a2ee438fdff77bdc66b1c51ff41a6da2b40a3142e05ba,,2026-08-12T11:06:26.161515+00:00
F3AJ0000018,18,F3ADP000008,PRIMARY,F3AE000001,F3AV000008,F3AC008,WSm2,P01,0,M2,bpow_const,F3APAY000006,87bd851d7d64b9f3202397f28f5a5492586c3a99e2868c1168de409692c4fafa,152,32,628dce8f6942d5613c4c71f78582b78696f8021a94dcf9cf0b85af4fa6df0464,439495e46a5e5f190606b5433b0c19ba3fa05e46ee38765db2ffe6f2edb32791,987da96a1079a53a6e9146baeb1c2b17bdfd3da39406d097742a05b21d6047f8,OK,26.516771552396328,-7.842285373993745,"[-4.834797142663742,1.0,0.01874984469872142,9.0,-18.867469852818196]",,0.7925171915367291,0.48817941515224605,2,"[""RuntimeWarning: overflow encountered in exp""]","[{""category"":""RuntimeWarning"",""message"":""overflow encountered in exp"",""filename"":""afino_spectral_models.py"",""lineno"":72},{""category"":""RuntimeWarning"",""message"":""overflow encountered in exp"",""filename"":""afino_spectral_models.py"",""lineno"":73}]",1,"[{""parameter_index"":1,""side"":""lower"",""value"":1.0,""bound"":1.0},{""parameter_index"":3,""side"":""upper"",""value"":9.0,""bound"":9.0}]",NOT_AUDITABLE,20.00016496899808,15,15,0.0015624871119033316,0.023437306678549975,0.4186741000012262,0.5,6aceac9518fc8056052807e666da9d0c8bebb010,ce0c0d08ce1af2df96d706be149feb07e2a7803fe37d06ee6c4eec76d7f44cc7,,2026-08-12T11:06:26.584729+00:00
F3AJ0000058,58,F3ADP000036,PRIMARY,F3AE000001,F3AV000036,F3AC036,WEm2,P05,0,M0,pow_const,F3APAY000020,9da6f10c1113fef97d5df6ba3778cc001b6bcd2129a4cd42bd4fa5600aab75c1,572,28,65b4f5cf37ed695f36816ab846fe84028d9a845917fa17022e064c1097ab6074,ada04491ffc14bf9952d71c14e6d71f4e9625102d073201c406da110b9d0a1a8,1bbffb21a964dcb4683aca6b1d62ba254b93ee225eae16ecf8922f83cbf6fdf9,OK,40.06668796351584,-17.468394624296383,"[0.7649144783633226,0.24279174126149325,-19.96655875263543]",,0.6103408251609356,0.5941396255589714,0,[],[],0,[],NOT_AUDITABLE,20.00016549573047,13,13,0.00178569950943205,0.023214093622616647,0.19602880000456935,0.5,6aceac9518fc8056052807e666da9d0c8bebb010,2f5972b99be2f184111665e8ec97e53014992846c6969cd8999376c58cefe06b,,2026-08-12T11:06:26.785735+00:00
F3AJ0000059,59,F3ADP000036,PRIMARY,F3AE000001,F3AV000036,F3AC036,WEm2,P05,0,M1,pow_const_gauss,F3APAY000020,9da6f10c1113fef97d5df6ba3778cc001b6bcd2129a4cd42bd4fa5600aab75c1,572,28,65b4f5cf37ed695f36816ab846fe84028d9a845917fa17022e064c1097ab6074,ada04491ffc14bf9952d71c14e6d71f4e9625102d073201c406da110b9d0a1a8,1bbffb21a964dcb4683aca6b1d62ba254b93ee225eae16ecf8922f83cbf6fdf9,OK,44.65522736039507,-15.91524028654369,"[1.51253373063055,1.002517579404719,-17.62211382395867,-0.35999666599228575,-4.1207631152090345,0.10759645266328312]",61.60623698737045,0.8691774028364739,0.4192963193877334,0,[],[],0,[],NOT_AUDITABLE,20.00016549573047,13,13,0.00178569950943205,0.023214093622616647,0.5964970999993966,0.5,6aceac9518fc8056052807e666da9d0c8bebb010,bd59b063a76fe50c2e764b7aa7a71b9db3cd19779c17ac25c34a7aa0b6a7aac8,,2026-08-12T11:06:27.386279+00:00
F3AJ0000060,60,F3ADP000036,PRIMARY,F3AE000001,F3AV000036,F3AC036,WEm2,P05,0,M2,bpow_const,F3APAY000020,9da6f10c1113fef97d5df6ba3778cc001b6bcd2129a4cd42bd4fa5600aab75c1,572,28,65b4f5cf37ed695f36816ab846fe84028d9a845917fa17022e064c1097ab6074,ada04491ffc14bf9952d71c14e6d71f4e9625102d073201c406da110b9d0a1a8,1bbffb21a964dcb4683aca6b1d62ba254b93ee225eae16ecf8922f83cbf6fdf9,OK,44.45057525839005,-17.095388914271954,"[-4.028550789389242,1.0,0.018675337071178716,9.0,-18.87497628886381]",,0.9969137015940132,0.37643286857255076,6,"[""RuntimeWarning: overflow encountered in exp""]","[{""category"":""RuntimeWarning"",""message"":""overflow encountered in exp"",""filename"":""afino_spectral_models.py"",""lineno"":72},{""category"":""RuntimeWarning"",""message"":""overflow encountered in exp"",""filename"":""afino_spectral_models.py"",""lineno"":73},{""category"":""RuntimeWarning"",""message"":""overflow encountered in exp"",""filename"":""afino_spectral_models.py"",""lineno"":72},{""category"":""RuntimeWarning"",""message"":""overflow encountered in exp"",""filename"":""afino_spectral_models.py"",""lineno"":73},{""category"":""RuntimeWarning"",""message"":""overflow encountered in exp"",""filename"":""afino_spectral_models.py"",""lineno"":31},{""category"":""RuntimeWarning"",""message"":""overflow encountered in exp"",""filename"":""afino_spectral_models.py"",""lineno"":31}]",1,"[{""parameter_index"":1,""side"":""lower"",""value"":1.0,""bound"":1.0},{""parameter_index"":3,""side"":""upper"",""value"":9.0,""bound"":9.0}]",NOT_AUDITABLE,20.00016549573047,13,13,0.00178569950943205,0.023214093622616647,0.31787079999776324,0.5,6aceac9518fc8056052807e666da9d0c8bebb010,df620acbb889053aaca9cf58f4eff62bb1fa61d5e8827cb5f3bfbcf83799be68,,2026-08-12T11:06:27.708136+00:00
F3AJ0000061,61,F3ADP000037,PRIMARY,F3AE000001,F3AV000037,F3AC037,WEm1,P00,0,M0,pow_const,F3APAY000021,6286607a1a41926dceeb1239896b8b4832c7b3fb969e6ebc4632447f35ff9cd9,600,29,e484feaa875b30c91f5c6d21da032cb7812cf4556cf79151f1065514ff7f0c4e,f50918c5874ca7ad0c3d1b9d82492eb6ab5c7c55f026be1c2864b2d3960aeff5,f5ef912f3545601495ef164c8ffbd72d8a797baa155d661b7d1bf158b35cbbe5,OK,36.44536281786054,-15.583624079315012,"[0.7373169275684565,6.0,0.031568850207463785]",,0.7417655383548049,0.5269829295387731,0,[],[],1,"[{""parameter_index"":1,""side"":""upper"",""value"":6.0,""bound"":6.0}]",NOT_AUDITABLE,20.00016571161853,14,14,0.0017241236456684893,0.024137731039358852,0.19247039999754634,0.5,6aceac9518fc8056052807e666da9d0c8bebb010,ae229df626d0703d3cd4ff45ba13f12a984c1ebf2d80ff379047a920b36048c5,,2026-08-12T11:06:27.905115+00:00
F3AJ0000062,62,F3ADP000037,PRIMARY,F3AE000001,F3AV000037,F3AC037,WEm1,P00,0,M1,pow_const_gauss,F3APAY000021,6286607a1a41926dceeb1239896b8b4832c7b3fb969e6ebc4632447f35ff9cd9,600,29,e484feaa875b30c91f5c6d21da032cb7812cf4556cf79151f1065514ff7f0c4e,f50918c5874ca7ad0c3d1b9d82492eb6ab5c7c55f026be1c2864b2d3960aeff5,f5ef912f3545601495ef164c8ffbd72d8a797baa155d661b7d1bf158b35cbbe5,OK,37.81021255668667,-12.30746295430519,"[1.819124880520493,1.4255880235355496,-17.621940053368434,-0.2493596982693249,-4.14245948932889,0.10556422086949212]",62.95747442409177,0.931151504551071,0.4032653477350657,0,[],[],0,[],NOT_AUDITABLE,20.00016571161853,14,14,0.0017241236456684893,0.024137731039358852,0.6388426999983494,0.5,6aceac9518fc8056052807e666da9d0c8bebb010,0cb1194f7f9fe02defe27f9c89e2b523f6adc8f55f6d825082e6cbf6a76468d0,,2026-08-12T11:06:28.548004+00:00
F3AJ0000063,63,F3ADP000037,PRIMARY,F3AE000001,F3AV000037,F3AC037,WEm1,P00,0,M2,bpow_const,F3APAY000021,6286607a1a41926dceeb1239896b8b4832c7b3fb969e6ebc4632447f35ff9cd9,600,29,e484feaa875b30c91f5c6d21da032cb7812cf4556cf79151f1065514ff7f0c4e,f50918c5874ca7ad0c3d1b9d82492eb6ab5c7c55f026be1c2864b2d3960aeff5,f5ef912f3545601495ef164c8ffbd72d8a797baa155d661b7d1bf158b35cbbe5,OK,38.14755878838846,-13.795664734963713,"[-4.295402781278933,1.0,0.018965358401339012,9.0,-18.874956274897734]",,1.1881112248981152,0.30992340689299863,7,"[""RuntimeWarning: overflow encountered in exp""]","[{""category"":""RuntimeWarning"",""message"":""overflow encountered in exp"",""filename"":""afino_spectral_models.py"",""lineno"":72},{""category"":""RuntimeWarning"",""message"":""overflow encountered in exp"",""filename"":""afino_spectral_models.py"",""lineno"":73},{""category"":""RuntimeWarning"",""message"":""overflow encountered in exp"",""filename"":""afino_spectral_models.py"",""lineno"":72},{""category"":""RuntimeWarning"",""message"":""overflow encountered in exp"",""filename"":""afino_spectral_models.py"",""lineno"":73},{""category"":""RuntimeWarning"",""message"":""overflow encountered in exp"",""filename"":""afino_spectral_models.py"",""lineno"":31},{""category"":""RuntimeWarning"",""message"":""overflow encountered in exp"",""filename"":""afino_spectral_models.py"",""lineno"":31},{""category"":""RuntimeWarning"",""message"":""overflow encountered in exp"",""filename"":""afino_spectral_models.py"",""lineno"":31}]",1,"[{""parameter_index"":1,""side"":""lower"",""value"":1.0,""bound"":1.0},{""parameter_index"":3,""side"":""upper"",""value"":9.0,""bound"":9.0}]",NOT_AUDITABLE,20.00016571161853,14,14,0.0017241236456684893,0.024137731039358852,0.44521300000633346,0.5,6aceac9518fc8056052807e666da9d0c8bebb010,c11bc3ce20bdf311842f68d15e3e70fce52198aada4e0d4e643d04d94834e430,,2026-08-12T11:06:28.997100+00:00
F3AJ0000076,76,F3ADP000044,PRIMARY,F3AE000001,F3AV000044,F3AC044,WEp1,P01,0,M0,pow_const,F3APAY000026,6f502edb6b8a66dea1b3861fd34f57a880a381e2e188b58688ff6217e989389d,747,31,bae4ad116c82ebd76474dd53e67de69f4eebcd8568d553c7f5f69f76e1745603,f3cfb1ee18cf32e489ab0e3aee2e0dbcaf013d7fac2f19fba53bf26d06cd725e,254c1c826a13863d3ca1c71c9198a875735676fbc6006e92b1add6eaeced89f0,OK,31.99968970213785,-13.291794649966715,"[0.948747684306495,6.0,-0.2131003603776219]",,0.9151968474290734,0.43857230928842406,0,[],[],1,"[{""parameter_index"":1,""side"":""upper"",""value"":6.0,""bound"":6.0}]",NOT_AUDITABLE,20.000165423116414,15,15,0.0016128898853428884,0.024193348280143325,0.17076690000249073,0.5,6aceac9518fc8056052807e666da9d0c8bebb010,069a21a480014c93f2520e1a806f0712adadfb47c49a447e1c522bfff19baba7,,2026-08-12T11:06:29.172197+00:00
F3AJ0000077,77,F3ADP000044,PRIMARY,F3AE000001,F3AV000044,F3AC044,WEp1,P01,0,M1,pow_const_gauss,F3APAY000026,6f502edb6b8a66dea1b3861fd34f57a880a381e2e188b58688ff6217e989389d,747,31,bae4ad116c82ebd76474dd53e67de69f4eebcd8568d553c7f5f69f76e1745603,f3cfb1ee18cf32e489ab0e3aee2e0dbcaf013d7fac2f19fba53bf26d06cd725e,254c1c826a13863d3ca1c71c9198a875735676fbc6006e92b1add6eaeced89f0,OK,33.96287606705218,-10.211312530770563,"[1.57742323857733,1.3654497271102675,-19.285105364486753,-0.4737769929118619,-4.139025866039722,0.112510174774182]",62.74167287631297,0.9326875728466005,0.4105553511506128,0,[],[],0,[],NOT_AUDITABLE,20.000165423116414,15,15,0.0016128898853428884,0.024193348280143325,0.6789290999950026,0.5,6aceac9518fc8056052807e666da9d0c8bebb010,3d09a67ce13ab30bcc7c8c1c5b0bf682e57c0a39b62789f86007debfb21bca09,,2026-08-12T11:06:29.854586+00:00
F3AJ0000078,78,F3ADP000044,PRIMARY,F3AE000001,F3AV000044,F3AC044,WEp1,P01,0,M2,bpow_const,F3APAY000026,6f502edb6b8a66dea1b3861fd34f57a880a381e2e188b58688ff6217e989389d,747,31,bae4ad116c82ebd76474dd53e67de69f4eebcd8568d553c7f5f69f76e1745603,f3cfb1ee18cf32e489ab0e3aee2e0dbcaf013d7fac2f19fba53bf26d06cd725e,254c1c826a13863d3ca1c71c9198a875735676fbc6006e92b1add6eaeced89f0,OK,35.3679209183235,-12.26786005695733,"[-4.459952537760868,1.0,0.01892359082069138,9.0,-18.875007550229356]",,1.3708957098951673,0.2512165711092057,5,"[""RuntimeWarning: overflow encountered in exp""]","[{""category"":""RuntimeWarning"",""message"":""overflow encountered in exp"",""filename"":""afino_spectral_models.py"",""lineno"":72},{""category"":""RuntimeWarning"",""message"":""overflow encountered in exp"",""filename"":""afino_spectral_models.py"",""lineno"":73},{""category"":""RuntimeWarning"",""message"":""overflow encountered in exp"",""filename"":""afino_spectral_models.py"",""lineno"":72},{""category"":""RuntimeWarning"",""message"":""overflow encountered in exp"",""filename"":""afino_spectral_models.py"",""lineno"":73},{""category"":""RuntimeWarning"",""message"":""overflow encountered in exp"",""filename"":""afino_spectral_models.py"",""lineno"":31}]",1,"[{""parameter_index"":1,""side"":""lower"",""value"":1.0,""bound"":1.0},{""parameter_index"":3,""side"":""upper"",""value"":9.0,""bound"":9.0}]",NOT_AUDITABLE,20.000165423116414,15,15,0.0016128898853428884,0.024193348280143325,0.34360199999355245,0.5,6aceac9518fc8056052807e666da9d0c8bebb010,f472aa1607e5362606b113653ad2abf9bf983beb0c61ecde7dc2d9c0216a33f0,,2026-08-12T11:06:30.201818+00:00
F3AJ0000115,115,F3ADP000065,PRIMARY,F3AE000001,F3AV000065,F3AC065,WC1,P04,0,M0,pow_const,F3APAY000039,86dbf7c3592073bfc61503974a06caab368c47e86de80954506829ce95a729ff,1152,28,bf6e5c58cc09b5b00f06289f7b1279e88b3ec4a218add870b532447efb5eae44,ef7f4f0cffde42fab78c7377c969b04d3d3164fd44e30cc99a9536c595340bc0,a0bb7cf02f0ddba113492dc271495761df16219484a2e60798aac2f14b01df26,OK,33.64448698306388,-14.257294134070403,"[-0.7536768382692584,-0.49020096927516543,-19.243770902348764]",,0.7675352374481831,0.5017525327884659,0,[],[],0,[],NOT_AUDITABLE,20.000165498640854,13,13,0.0017856995091721987,0.023214093619238582,0.18452529999922263,0.5,6aceac9518fc8056052807e666da9d0c8bebb010,fd51d012f7381abb42c2e85edd41be78a7696156eb9436679c00f766b49ce8d9,,2026-08-12T11:06:30.390048+00:00
F3AJ0000116,116,F3ADP000065,PRIMARY,F3AE000001,F3AV000065,F3AC065,WC1,P04,0,M1,pow_const_gauss,F3APAY000039,86dbf7c3592073bfc61503974a06caab368c47e86de80954506829ce95a729ff,1152,28,bf6e5c58cc09b5b00f06289f7b1279e88b3ec4a218add870b532447efb5eae44,ef7f4f0cffde42fab78c7377c969b04d3d3164fd44e30cc99a9536c595340bc0,a0bb7cf02f0ddba113492dc271495761df16219484a2e60798aac2f14b01df26,OK,38.66913594106764,-12.922194576879976,"[-1.6754068817098169,-0.834781170744436,-16.94927396976777,-0.1980662078802622,-4.999604432099852,0.15754017184461835]",148.35446323074277,0.795612599584943,0.4513046811625189,0,[],[],0,[],NOT_AUDITABLE,20.000165498640854,13,13,0.0017856995091721987,0.023214093619238582,0.6474629000003915,0.5,6aceac9518fc8056052807e666da9d0c8bebb010,50d3c9fc110f4f7cea016d5080514a3d46eac4e82869c1428186a67393c5ac28,,2026-08-12T11:06:31.041050+00:00
F3AJ0000117,117,F3ADP000065,PRIMARY,F3AE000001,F3AV000065,F3AC065,WC1,P04,0,M2,bpow_const,F3APAY000039,86dbf7c3592073bfc61503974a06caab368c47e86de80954506829ce95a729ff,1152,28,bf6e5c58cc09b5b00f06289f7b1279e88b3ec4a218add870b532447efb5eae44,ef7f4f0cffde42fab78c7377c969b04d3d3164fd44e30cc99a9536c595340bc0,a0bb7cf02f0ddba113492dc271495761df16219484a2e60798aac2f14b01df26,OK,39.6714372473529,-14.705819908753377,"[-22.54324664385538,1.0,0.0033,1.0000073771216211,0.13121676080695033]",,1.1110341399479382,0.33386404660675295,4,"[""RuntimeWarning: overflow encountered in exp""]","[{""category"":""RuntimeWarning"",""message"":""overflow encountered in exp"",""filename"":""afino_spectral_models.py"",""lineno"":72},{""category"":""RuntimeWarning"",""message"":""overflow encountered in exp"",""filename"":""afino_spectral_models.py"",""lineno"":73},{""category"":""RuntimeWarning"",""message"":""overflow encountered in exp"",""filename"":""afino_spectral_models.py"",""lineno"":72},{""category"":""RuntimeWarning"",""message"":""overflow encountered in exp"",""filename"":""afino_spectral_models.py"",""lineno"":73}]",1,"[{""parameter_index"":1,""side"":""lower"",""value"":1.0,""bound"":1.0},{""parameter_index"":2,""side"":""lower"",""value"":0.0033,""bound"":0.0033}]",NOT_AUDITABLE,20.000165498640854,13,13,0.0017856995091721987,0.023214093619238582,0.2949824000024819,0.5,6aceac9518fc8056052807e666da9d0c8bebb010,e1dd50a252381e8bd2a94174366ed2e02d8467be8fab683ec5c3bde0b33ed4f4,,2026-08-12T11:06:31.339597+00:00
F3AJ0000130,130,F3ADP000072,PRIMARY,F3AE000001,F3AV000072,F3AC072,WX2,P05,0,M0,pow_const,F3APAY000044,d1b899af1dbd794b8b4261c9bc3a3fc8d40a17b01773018d7f990b2d70d57506,1310,34,6bb3f3959cb0c68d8c4340dadbd0090292783822e49bad8a133ce15786f08294,380a8093f9d992e671ee1e76b3b4110ce057ed2fdf38b0f3d6037c44acbdaf83,121c7fa5e1d63cb3a8f40893fa66260cb1262735e96bebfff4b75bdea9da1390,OK,20.826553470185733,-7.640688012853085,"[1.237397011232316,6.0,-0.6564702162350395]",,0.7747403650835458,0.5258089530467158,0,[],[],1,"[{""parameter_index"":1,""side"":""upper"",""value"":6.0,""bound"":6.0}]",NOT_AUDITABLE,20.000165362514302,16,16,0.0014705760763862445,0.02352921722217991,0.17835570000170264,0.5,6aceac9518fc8056052807e666da9d0c8bebb010,71a2cd0f23bad63664468145f0f017210cccbd96b710599fe3bfdbbde25c36fa,,2026-08-12T11:06:31.522091+00:00
F3AJ0000131,131,F3ADP000072,PRIMARY,F3AE000001,F3AV000072,F3AC072,WX2,P05,0,M1,pow_const_gauss,F3APAY000044,d1b899af1dbd794b8b4261c9bc3a3fc8d40a17b01773018d7f990b2d70d57506,1310,34,6bb3f3959cb0c68d8c4340dadbd0090292783822e49bad8a133ce15786f08294,380a8093f9d992e671ee1e76b3b4110ce057ed2fdf38b0f3d6037c44acbdaf83,121c7fa5e1d63cb3a8f40893fa66260cb1262735e96bebfff4b75bdea9da1390,OK,23.99002176371402,-5.063539076257555,"[1.43769300850899,1.4253300065674823,-15.173403284510565,-1.052829111312249,-4.135684612988506,0.11216947614623538]",62.53238690377893,0.828914893171734,0.46894452849712787,0,[],[],0,[],NOT_AUDITABLE,20.000165362514302,16,16,0.0014705760763862445,0.02352921722217991,0.5571219000048586,0.5,6aceac9518fc8056052807e666da9d0c8bebb010,9f3011a5679171aa1ec4743312c3c87a32dbd30a91599be24425ce5099fe1541,,2026-08-12T11:06:32.083274+00:00
F3AJ0000132,132,F3ADP000072,PRIMARY,F3AE000001,F3AV000072,F3AC072,WX2,P05,0,M2,bpow_const,F3APAY000044,d1b899af1dbd794b8b4261c9bc3a3fc8d40a17b01773018d7f990b2d70d57506,1310,34,6bb3f3959cb0c68d8c4340dadbd0090292783822e49bad8a133ce15786f08294,380a8093f9d992e671ee1e76b3b4110ce057ed2fdf38b0f3d6037c44acbdaf83,121c7fa5e1d63cb3a8f40893fa66260cb1262735e96bebfff4b75bdea9da1390,OK,25.119429864892858,-7.014537487966868,"[-4.954833134371159,1.0,0.01911748153141559,9.0,-8.764295964540942]",,1.1560969822886236,0.3248980249584559,2,"[""RuntimeWarning: overflow encountered in exp""]","[{""category"":""RuntimeWarning"",""message"":""overflow encountered in exp"",""filename"":""afino_spectral_models.py"",""lineno"":72},{""category"":""RuntimeWarning"",""message"":""overflow encountered in exp"",""filename"":""afino_spectral_models.py"",""lineno"":73}]",1,"[{""parameter_index"":1,""side"":""lower"",""value"":1.0,""bound"":1.0},{""parameter_index"":3,""side"":""upper"",""value"":9.0,""bound"":9.0}]",NOT_AUDITABLE,20.000165362514302,16,16,0.0014705760763862445,0.02352921722217991,0.3868055999992066,0.5,6aceac9518fc8056052807e666da9d0c8bebb010,89a8a219ab2f253d432d212ff5f38acde12c9fa504519fa1485de8a841c59a9f,,2026-08-12T11:06:32.473400+00:00
F3AJ0000133,133,F3ADP000079,PRIMARY,F3AE000002,F3AV000079,F3AC001,W00,P00,0,M0,pow_const,F3APAY000045,55b948e36dc833207dac681f397fa50a0ca6009e9432fb5c6cb0dbbeab819b96,1344,28,5892a7dfc0c8cbde9cc60aaab3443c5975f1e49d630b270d8af2bda9caf1899d,caa147e38d8bc6a253e6d032d861dce719d576c2229f3460ea85d0b0adcdb20a,f0d4ac98788c7e5b0c0297cb90c072d596249603b91aec2d60961236320abef1,OK,-27.87827078237695,16.504084748650012,"[1.8528732355147237,3.67301403701331,-3.027703314683417]",,0.43893748902684787,0.7080286515368862,0,[],[],0,[],NOT_AUDITABLE,20.0002961413702,13,13,0.0017856878449120286,0.023213941983856373,0.1936582000053022,0.5,6aceac9518fc8056052807e666da9d0c8bebb010,752f54297c1a38b85b4f0d50b0841617675ed5197faca20f3f6505825302a247,,2026-08-12T11:06:32.670490+00:00
F3AJ0000134,134,F3ADP000079,PRIMARY,F3AE000002,F3AV000079,F3AC001,W00,P00,0,M1,pow_const_gauss,F3APAY000045,55b948e36dc833207dac681f397fa50a0ca6009e9432fb5c6cb0dbbeab819b96,1344,28,5892a7dfc0c8cbde9cc60aaab3443c5975f1e49d630b270d8af2bda9caf1899d,caa147e38d8bc6a253e6d032d861dce719d576c2229f3460ea85d0b0adcdb20a,f0d4ac98788c7e5b0c0297cb90c072d596249603b91aec2d60961236320abef1,OK,-21.96503434924864,17.39489056827816,"[1.2951600556921221,6.0,-2.996436307333501,0.13702540134624405,-5.473313684660822,0.0874558261120363]",238.2483661172437,0.5278591805803777,0.5898664164109811,0,[],[],1,"[{""parameter_index"":1,""side"":""upper"",""value"":6.0,""bound"":6.0}]",NOT_AUDITABLE,20.0002961413702,13,13,0.0017856878449120286,0.023213941983856373,0.6975975000023027,0.5,6aceac9518fc8056052807e666da9d0c8bebb010,aefa5016b23f53ae7165e98c863fd355b7047d5493b3d035ffc53520a6637488,,2026-08-12T11:06:33.371276+00:00
F3AJ0000135,135,F3ADP000079,PRIMARY,F3AE000002,F3AV000079,F3AC001,W00,P00,0,M2,bpow_const,F3APAY000045,55b948e36dc833207dac681f397fa50a0ca6009e9432fb5c6cb0dbbeab819b96,1344,28,5892a7dfc0c8cbde9cc60aaab3443c5975f1e49d630b270d8af2bda9caf1899d,caa147e38d8bc6a253e6d032d861dce719d576c2229f3460ea85d0b0adcdb20a,f0d4ac98788c7e5b0c0297cb90c072d596249603b91aec2d60961236320abef1,OK,-24.145936299401356,17.20286686462375,"[-6.719685632359947,1.269022155139156,0.0033802584570557406,7.0358087774004,-2.9733751571493445]",,0.46816746124108594,0.6489389682190739,0,[],[],0,[],NOT_AUDITABLE,20.0002961413702,13,13,0.0017856878449120286,0.023213941983856373,0.4211259000003338,0.5,6aceac9518fc8056052807e666da9d0c8bebb010,3ebde782d5c07901a1cf86d6e1c653127e9b8f9080ebcb67e125c538f576947b,,2026-08-12T11:06:33.795862+00:00
F3AJ0000148,148,F3ADP000086,PRIMARY,F3AE000002,F3AV000086,F3AC008,WSm2,P01,0,M0,pow_const,F3APAY000050,c861108f1dd83d91ff64834356f3cca8a952498fbe4c6b612552c18a0b9b0dc6,1486,30,ae029cda50e982bb19a883cfa3e6f18d3906f5eb39fef89477bbeb548b63f043,49eaf60ff6f6147be4bdcb309c90f0e161bebc1174c2ef8242409249ad7c826f,68f7dd73defcf61e2bc327644480e9ae2106648e477c2777042b72c8afb7760a,OK,-33.390471761057654,19.334293210144086,"[2.0044122641018873,3.4711343477605507,-3.256791574330566]",,0.6041403023693185,0.6122357445784419,0,[],[],0,[],NOT_AUDITABLE,20.000295881794138,14,14,0.0016666420102152584,0.023332988143013617,0.1952640000017709,0.5,6aceac9518fc8056052807e666da9d0c8bebb010,bad3d6bdb8b420c47b1c8fcd35da2c7bd76217fd334f8878b19a0a2a9cb90bca,,2026-08-12T11:06:33.994431+00:00
F3AJ0000149,149,F3ADP000086,PRIMARY,F3AE000002,F3AV000086,F3AC008,WSm2,P01,0,M1,pow_const_gauss,F3APAY000050,c861108f1dd83d91ff64834356f3cca8a952498fbe4c6b612552c18a0b9b0dc6,1486,30,ae029cda50e982bb19a883cfa3e6f18d3906f5eb39fef89477bbeb548b63f043,49eaf60ff6f6147be4bdcb309c90f0e161bebc1174c2ef8242409249ad7c826f,68f7dd73defcf61e2bc327644480e9ae2106648e477c2777042b72c8afb7760a,OK,-28.115167466378466,20.65522705722738,"[1.3016342909544187,6.0,-3.174830019802807,5.0,-5.514009428262006,0.05167874041720876]",248.14405097992676,0.7839022238921355,0.47004759083562775,0,[],[],1,"[{""parameter_index"":1,""side"":""upper"",""value"":6.0,""bound"":6.0},{""parameter_index"":3,""side"":""upper"",""value"":5.0,""bound"":5.0}]",NOT_AUDITABLE,20.000295881794138,14,14,0.0016666420102152584,0.023332988143013617,0.6595633000033558,0.5,6aceac9518fc8056052807e666da9d0c8bebb010,799692c8dafc77f51a511362c63520f0f9101bad731937d858ed8a5d4cbcdbd4,,2026-08-12T11:06:34.657493+00:00
F3AJ0000150,150,F3ADP000086,PRIMARY,F3AE000002,F3AV000086,F3AC008,WSm2,P01,0,M2,bpow_const,F3APAY000050,c861108f1dd83d91ff64834356f3cca8a952498fbe4c6b612552c18a0b9b0dc6,1486,30,ae029cda50e982bb19a883cfa3e6f18d3906f5eb39fef89477bbeb548b63f043,49eaf60ff6f6147be4bdcb309c90f0e161bebc1174c2ef8242409249ad7c826f,68f7dd73defcf61e2bc327644480e9ae2106648e477c2777042b72c8afb7760a,OK,-30.339774098640177,20.448001708550606,"[-7.7066911042639425,1.411042204214452,0.0040073135394610195,9.0,-3.1608013490948244]",,0.6977014161064762,0.5282179819282236,0,[],[],1,"[{""parameter_index"":3,""side"":""upper"",""value"":9.0,""bound"":9.0}]",NOT_AUDITABLE,20.000295881794138,14,14,0.0016666420102152584,0.023332988143013617,0.37653400000272086,0.5,6aceac9518fc8056052807e666da9d0c8bebb010,57cdc4f67be98a4d3c47336b7b5796b2b3fb166a338fb7cae383638d6432cd0e,,2026-08-12T11:06:35.037506+00:00
F3AJ0000187,187,F3ADP000107,PRIMARY,F3AE000002,F3AV000107,F3AC029,WSp2,P04,0,M0,pow_const,F3APAY000063,5d90e04c8867d9f45c3dcee6a9be7f5981e9a6f5f4027c5ffe2181cd66fad373,1852,26,194c25be52ab08094ab25a77585637925154f5a336f1ba2497552edef3c6a8b5,b52577f2ed8815f8fa123b185e0c30bbf9afdf4959bc1df250f124e81b635f68,acde4f34f736f11f52a433728023fb59f80dbb42afed517eaf3a7d84bf1e4024,OK,9.985305967871643,-2.5077463341478214,"[1.5924615653771885,2.7221909784730123,-1.2724674565248462]",,0.3702281603143802,0.7373416308402756,0,[],[],0,[],NOT_AUDITABLE,20.000296434620395,12,12,0.0019230484201705014,0.023076581042046018,0.19278009999834467,0.5,6aceac9518fc8056052807e666da9d0c8bebb010,3e96a8a946e10e89c8958262aa2171e069e8684e9d426ab5455141ec2b8499d2,,2026-08-12T11:06:35.233771+00:00
F3AJ0000188,188,F3ADP000107,PRIMARY,F3AE000002,F3AV000107,F3AC029,WSp2,P04,0,M1,pow_const_gauss,F3APAY000063,5d90e04c8867d9f45c3dcee6a9be7f5981e9a6f5f4027c5ffe2181cd66fad373,1852,26,194c25be52ab08094ab25a77585637925154f5a336f1ba2497552edef3c6a8b5,b52577f2ed8815f8fa123b185e0c30bbf9afdf4959bc1df250f124e81b635f68,acde4f34f736f11f52a433728023fb59f80dbb42afed517eaf3a7d84bf1e4024,OK,16.32350858951812,-1.9494876702890593,"[1.2103082882160405,6.0,-1.232691418732244,0.37451192949549544,-5.4096950824071595,0.08931983496875409]",223.56340887013496,0.4131315826138382,0.6342212860480099,0,[],[],1,"[{""parameter_index"":1,""side"":""upper"",""value"":6.0,""bound"":6.0}]",NOT_AUDITABLE,20.000296434620395,12,12,0.0019230484201705014,0.023076581042046018,0.6801605000000563,0.5,6aceac9518fc8056052807e666da9d0c8bebb010,764fe21ec1d1d6feb85c4058a03263edc7f9c50cfac656f5f23fb720c1337389,,2026-08-12T11:06:35.917667+00:00
F3AJ0000189,189,F3ADP000107,PRIMARY,F3AE000002,F3AV000107,F3AC029,WSp2,P04,0,M2,bpow_const,F3APAY000063,5d90e04c8867d9f45c3dcee6a9be7f5981e9a6f5f4027c5ffe2181cd66fad373,1852,26,194c25be52ab08094ab25a77585637925154f5a336f1ba2497552edef3c6a8b5,b52577f2ed8815f8fa123b185e0c30bbf9afdf4959bc1df250f124e81b635f68,acde4f34f736f11f52a433728023fb59f80dbb42afed517eaf3a7d84bf1e4024,OK,14.830906757465966,-2.4456400791569823,"[-14.770215684994637,2.619684476974095,0.007692192772750083,1.0,-1.4516677420869526]",,0.45595776472726646,0.6338406069641336,2,"[""RuntimeWarning: overflow encountered in exp""]","[{""category"":""RuntimeWarning"",""message"":""overflow encountered in exp"",""filename"":""afino_spectral_models.py"",""lineno"":72},{""category"":""RuntimeWarning"",""message"":""overflow encountered in exp"",""filename"":""afino_spectral_models.py"",""lineno"":73}]",1,"[{""parameter_index"":3,""side"":""lower"",""value"":1.0,""bound"":1.0}]",NOT_AUDITABLE,20.000296434620395,12,12,0.0019230484201705014,0.023076581042046018,0.3854527000003145,0.5,6aceac9518fc8056052807e666da9d0c8bebb010,c6dd2171fb7ccf999c7e257d279f85d5e6c6f401bb33125bdec9b7d4a8235507,,2026-08-12T11:06:36.306607+00:00
F3AJ0000202,202,F3ADP000114,PRIMARY,F3AE000002,F3AV000114,F3AC036,WEm2,P05,0,M0,pow_const,F3APAY000068,82525c49f7753bd033827c41e004a6f6a5ddc1e7d5b38a73c42ee248b4cd5c42,1982,26,34309bdf58cfb47ccb1c7d28a42cf0746ea4abef348dc82e1b783cab4e44be00,799e2ed99de1ccc54f4a7a93bb3e1a6af90f2c3385de2b5120e577c9cc7b33c7,512674ca5805e3ce29ac42162f7334fd772e2517690fdf49fe1c35bdff158e47,OK,-15.289543102795353,10.129678201185676,"[1.6530266388786745,3.064871650662215,-2.667109959411576]",,0.45166629000891123,0.6804731474372516,0,[],[],0,[],NOT_AUDITABLE,20.000295633100905,12,12,0.0019230484972374018,0.023076581966848822,0.27854490000027,0.5,6aceac9518fc8056052807e666da9d0c8bebb010,3def5f3572b82525c86f0ca9a8fb9a0dbc419a9e72f4a925a082ab43958ad9c0,,2026-08-12T11:06:36.589522+00:00
F3AJ0000203,203,F3ADP000114,PRIMARY,F3AE000002,F3AV000114,F3AC036,WEm2,P05,0,M1,pow_const_gauss,F3APAY000068,82525c49f7753bd033827c41e004a6f6a5ddc1e7d5b38a73c42ee248b4cd5c42,1982,26,34309bdf58cfb47ccb1c7d28a42cf0746ea4abef348dc82e1b783cab4e44be00,799e2ed99de1ccc54f4a7a93bb3e1a6af90f2c3385de2b5120e577c9cc7b33c7,512674ca5805e3ce29ac42162f7334fd772e2517690fdf49fe1c35bdff158e47,OK,-9.168266483639059,10.79639986628953,"[1.2532514740470362,6.0,-2.522116143250838,0.15992080214857143,-5.405337686217551,0.08968396472690969]",222.59137383306563,0.5894044605225405,0.5327938390527773,0,[],[],1,"[{""parameter_index"":1,""side"":""upper"",""value"":6.0,""bound"":6.0}]",NOT_AUDITABLE,20.000295633100905,12,12,0.0019230484972374018,0.023076581966848822,0.8793776999955298,0.5,6aceac9518fc8056052807e666da9d0c8bebb010,03d0b749ea039228b115215a930a595da914321a4337a41069e05040cefd0d15,,2026-08-12T11:06:37.473256+00:00
F3AJ0000204,204,F3ADP000114,PRIMARY,F3AE000002,F3AV000114,F3AC036,WEm2,P05,0,M2,bpow_const,F3APAY000068,82525c49f7753bd033827c41e004a6f6a5ddc1e7d5b38a73c42ee248b4cd5c42,1982,26,34309bdf58cfb47ccb1c7d28a42cf0746ea4abef348dc82e1b783cab4e44be00,799e2ed99de1ccc54f4a7a93bb3e1a6af90f2c3385de2b5120e577c9cc7b33c7,512674ca5805e3ce29ac42162f7334fd772e2517690fdf49fe1c35bdff158e47,OK,-11.531691702974035,10.735659151063018,"[-8.327105000910075,1.5330420638856437,0.004433314956873396,9.0,-2.5132861435766993]",,0.5099301171847125,0.6005375446002077,11,"[""RuntimeWarning: invalid value encountered in subtract"",""RuntimeWarning: overflow encountered in exp""]","[{""category"":""RuntimeWarning"",""message"":""overflow encountered in exp"",""filename"":""afino_spectral_models.py"",""lineno"":31},{""category"":""RuntimeWarning"",""message"":""overflow encountered in exp"",""filename"":""afino_spectral_models.py"",""lineno"":31},{""category"":""RuntimeWarning"",""message"":""invalid value encountered in subtract"",""filename"":""_numdiff.py"",""lineno"":710},{""category"":""RuntimeWarning"",""message"":""overflow encountered in exp"",""filename"":""afino_spectral_models.py"",""lineno"":31},{""category"":""RuntimeWarning"",""message"":""invalid value encountered in subtract"",""filename"":""_numdiff.py"",""lineno"":710},{""category"":""RuntimeWarning"",""message"":""overflow encountered in exp"",""filename"":""afino_spectral_models.py"",""lineno"":31},{""category"":""RuntimeWarning"",""message"":""invalid value encountered in subtract"",""filename"":""_numdiff.py"",""lineno"":710},{""category"":""RuntimeWarning"",""message"":""overflow encountered in exp"",""filename"":""afino_spectral_models.py"",""lineno"":31},{""category"":""RuntimeWarning"",""message"":""invalid value encountered in subtract"",""filename"":""_numdiff.py"",""lineno"":710},{""category"":""RuntimeWarning"",""message"":""overflow encountered in exp"",""filename"":""afino_spectral_models.py"",""lineno"":31},{""category"":""RuntimeWarning"",""message"":""invalid value encountered in subtract"",""filename"":""_numdiff.py"",""lineno"":710}]",1,"[{""parameter_index"":3,""side"":""upper"",""value"":9.0,""bound"":9.0}]",NOT_AUDITABLE,20.000295633100905,12,12,0.0019230484972374018,0.023076581966848822,0.4736339000010048,0.5,6aceac9518fc8056052807e666da9d0c8bebb010,93d355acfc8c88b07e71e2d705a3c0e388edb404ca8a33b359e7f2bb55eb348a,,2026-08-12T11:06:37.950704+00:00
F3AJ0000205,205,F3ADP000115,PRIMARY,F3AE000002,F3AV000115,F3AC037,WEm1,P00,0,M0,pow_const,F3APAY000069,32d8cbdad867f72c6c2a6753c8d91e894487e2523111bfece45e249480f8c4d9,2008,27,dfa6ed710d4a878a0f70c94d58baeda2920ae0213c5e1ca1f6aa5b87e97522eb,3ad9cbbf72c2b4ed076dc4e439f434e82e5926203e200f34e1f8f4cf92bbbb0d,95e517345f91d7ad4357c0638e506fe1d4d72a6eefc4ca260f16ad5e00a44524,OK,-28.056580982405407,16.59323984866424,"[1.7719832810188338,3.4834276144439205,-3.0767201648848777]",,0.5255176219201666,0.648898522564187,0,[],[],0,[],NOT_AUDITABLE,20.00029628386703,13,13,0.0018518244185668621,0.024073717441369206,0.2457767000014428,0.5,6aceac9518fc8056052807e666da9d0c8bebb010,8246cc1238d9c06204b0eae04f8b52454b97a56cd2c36eb2477cd772bfcd0f9c,,2026-08-12T11:06:38.200357+00:00
F3AJ0000206,206,F3ADP000115,PRIMARY,F3AE000002,F3AV000115,F3AC037,WEm1,P00,0,M1,pow_const_gauss,F3APAY000069,32d8cbdad867f72c6c2a6753c8d91e894487e2523111bfece45e249480f8c4d9,2008,27,dfa6ed710d4a878a0f70c94d58baeda2920ae0213c5e1ca1f6aa5b87e97522eb,3ad9cbbf72c2b4ed076dc4e439f434e82e5926203e200f34e1f8f4cf92bbbb0d,95e517345f91d7ad4357c0638e506fe1d4d72a6eefc4ca260f16ad5e00a44524,OK,-22.00170986519776,17.41322832625272,"[1.293778398540735,6.0,-2.9950260831984425,0.06783602632991259,-5.4410343500995255,0.08860022329459448]",230.6806646713093,0.6740024732888421,0.5096645711419918,0,[],[],1,"[{""parameter_index"":1,""side"":""upper"",""value"":6.0,""bound"":6.0}]",NOT_AUDITABLE,20.00029628386703,13,13,0.0018518244185668621,0.024073717441369206,0.8322763999967719,0.5,6aceac9518fc8056052807e666da9d0c8bebb010,aa936486dcc12010b52ab04e8fc1ed769568ab44d467073d3b8678286ceeb311,,2026-08-12T11:06:39.036960+00:00
F3AJ0000207,207,F3ADP000115,PRIMARY,F3AE000002,F3AV000115,F3AC037,WEm1,P00,0,M2,bpow_const,F3APAY000069,32d8cbdad867f72c6c2a6753c8d91e894487e2523111bfece45e249480f8c4d9,2008,27,dfa6ed710d4a878a0f70c94d58baeda2920ae0213c5e1ca1f6aa5b87e97522eb,3ad9cbbf72c2b4ed076dc4e439f434e82e5926203e200f34e1f8f4cf92bbbb0d,95e517345f91d7ad4357c0638e506fe1d4d72a6eefc4ca260f16ad5e00a44524,OK,-24.253303422551866,17.256550426199006,"[-4.984004986802921,1.0,0.0034273056041771916,7.205995642358415,-2.975377683627107]",,0.5886793556706159,0.5744780828136757,1,"[""RuntimeWarning: overflow encountered in exp""]","[{""category"":""RuntimeWarning"",""message"":""overflow encountered in exp"",""filename"":""afino_spectral_models.py"",""lineno"":31}]",1,"[{""parameter_index"":1,""side"":""lower"",""value"":1.0,""bound"":1.0}]",NOT_AUDITABLE,20.00029628386703,13,13,0.0018518244185668621,0.024073717441369206,0.49658240000280784,0.5,6aceac9518fc8056052807e666da9d0c8bebb010,7242a11081cf443c8783dcf58a84986572188c5887596c85a3761f79cd9c6ada,,2026-08-12T11:06:39.538743+00:00
F3AJ0000220,220,F3ADP000122,PRIMARY,F3AE000002,F3AV000122,F3AC044,WEp1,P01,0,M0,pow_const,F3APAY000074,e8427048300b0109343176c403c190f8176683e6083e86a2df6f9bcb4a30bba6,2145,29,bfb1ebecb83a345094f9bb5de62f2d8ad8e4a27b40784c49e2b0482ee18ad7b3,fe80edf1c1de1b9c089a1fbcff2bda1801e4bd98dc436e4a46ba7bc8bf77a727,970d5b85877e6ce188f8a8c8835ab00774d215e4aba2dd17df293ffd84bce800,OK,-32.34415472392107,18.811134691575795,"[1.8866524141421008,3.705077176241067,-3.057727687962857]",,0.530487834898928,0.6613269581316126,0,[],[],0,[],NOT_AUDITABLE,20.000296009051713,14,14,0.001724112413390456,0.024137573787466386,0.2573296000045957,0.5,6aceac9518fc8056052807e666da9d0c8bebb010,d9c5e55aa2332efe6149abe187b22bf3d0d84ed4958e5bc239ad0bc3db87033a,,2026-08-12T11:06:39.799723+00:00
F3AJ0000221,221,F3ADP000122,PRIMARY,F3AE000002,F3AV000122,F3AC044,WEp1,P01,0,M1,pow_const_gauss,F3APAY000074,e8427048300b0109343176c403c190f8176683e6083e86a2df6f9bcb4a30bba6,2145,29,bfb1ebecb83a345094f9bb5de62f2d8ad8e4a27b40784c49e2b0482ee18ad7b3,fe80edf1c1de1b9c089a1fbcff2bda1801e4bd98dc436e4a46ba7bc8bf77a727,970d5b85877e6ce188f8a8c8835ab00774d215e4aba2dd17df293ffd84bce800,OK,-26.216170567165868,19.70572860762108,"[1.3288558079204906,6.0,-3.0326501893918762,0.05702607005110059,-5.508490776137727,0.08997536787316017]",246.77840202257963,0.6354819889221992,0.5476737562010496,0,[],[],1,"[{""parameter_index"":1,""side"":""upper"",""value"":6.0,""bound"":6.0}]",NOT_AUDITABLE,20.000296009051713,14,14,0.001724112413390456,0.024137573787466386,0.6419663999986369,0.5,6aceac9518fc8056052807e666da9d0c8bebb010,16275e165aa490b5b744dfd013666e8a999794a9c5eadef5e39a60cb6aa97dce,,2026-08-12T11:06:42.583224+00:00
F3AJ0000222,222,F3ADP000122,PRIMARY,F3AE000002,F3AV000122,F3AC044,WEp1,P01,0,M2,bpow_const,F3APAY000074,e8427048300b0109343176c403c190f8176683e6083e86a2df6f9bcb4a30bba6,2145,29,bfb1ebecb83a345094f9bb5de62f2d8ad8e4a27b40784c49e2b0482ee18ad7b3,fe80edf1c1de1b9c089a1fbcff2bda1801e4bd98dc436e4a46ba7bc8bf77a727,970d5b85877e6ce188f8a8c8835ab00774d215e4aba2dd17df293ffd84bce800,OK,-27.359259894454524,18.95774460645778,"[-21.083884922218687,3.6114211115206643,0.006896681459613706,1.0,-3.4951037077617597]",,0.6234411897603322,0.570971126131695,2,"[""RuntimeWarning: overflow encountered in exp""]","[{""category"":""RuntimeWarning"",""message"":""overflow encountered in exp"",""filename"":""afino_spectral_models.py"",""lineno"":31},{""category"":""RuntimeWarning"",""message"":""overflow encountered in exp"",""filename"":""afino_spectral_models.py"",""lineno"":31}]",1,"[{""parameter_index"":3,""side"":""lower"",""value"":1.0,""bound"":1.0}]",NOT_AUDITABLE,20.000296009051713,14,14,0.001724112413390456,0.024137573787466386,0.3914818999983254,0.5,6aceac9518fc8056052807e666da9d0c8bebb010,e8c95873f7498c1f714dc7c5f5834414064d72c35139f86517aaaa0f8df4b629,,2026-08-12T11:06:42.978278+00:00
F3AJ0000259,259,F3ADP000143,PRIMARY,F3AE000002,F3AV000143,F3AC065,WC1,P04,0,M0,pow_const,F3APAY000087,91e577597d5d9850daa4edc5319417e2bd541761ba173aa7b2cc4ec52058fc5a,2524,26,4422cb71bd33beac4463a50a5274338ae8e651e5a0d93475d51b2910a509f8ca,8ef6cc985912c2c727890ade2ea1d01c691e0f522fc44a720745327bdc112038,a081660be3a616398f4ef8438792b3094d996d9da5fe65b9e05fd252fcc3af48,OK,-4.196415564116793,4.583114431846397,"[1.6409361758345817,2.924353320264954,-2.03965518088953]",,0.36805738567032936,0.7388970011341846,0,[],[],0,[],NOT_AUDITABLE,20.000296436192002,12,12,0.0019230484200193898,0.023076581040232677,0.24391200000536628,0.5,6aceac9518fc8056052807e666da9d0c8bebb010,bd7e975026b1c49d9a77bbb96b0b8b66160db3e3211822bbedb605f31010fd41,,2026-08-12T11:06:43.225483+00:00
F3AJ0000260,260,F3ADP000143,PRIMARY,F3AE000002,F3AV000143,F3AC065,WC1,P04,0,M1,pow_const_gauss,F3APAY000087,91e577597d5d9850daa4edc5319417e2bd541761ba173aa7b2cc4ec52058fc5a,2524,26,4422cb71bd33beac4463a50a5274338ae8e651e5a0d93475d51b2910a509f8ca,8ef6cc985912c2c727890ade2ea1d01c691e0f522fc44a720745327bdc112038,a081660be3a616398f4ef8438792b3094d996d9da5fe65b9e05fd252fcc3af48,OK,2.0674461239718873,5.178543562484057,"[1.2461288915348008,6.0,-1.955726326326354,0.3739966356687148,-5.401065733388966,0.08835130199134454]",221.6425021944831,0.42927705606199196,0.6240609705329523,0,[],[],1,"[{""parameter_index"":1,""side"":""upper"",""value"":6.0,""bound"":6.0}]",NOT_AUDITABLE,20.000296436192002,12,12,0.0019230484200193898,0.023076581040232677,0.8332653000034043,0.5,6aceac9518fc8056052807e666da9d0c8bebb010,1fc9f2e080dd6da62ca1ffcf1645c6c1d2afb8e8e5c313a8d4170b10ea802148,,2026-08-12T11:06:44.062532+00:00
F3AJ0000261,261,F3ADP000143,PRIMARY,F3AE000002,F3AV000143,F3AC065,WC1,P04,0,M2,bpow_const,F3APAY000087,91e577597d5d9850daa4edc5319417e2bd541761ba173aa7b2cc4ec52058fc5a,2524,26,4422cb71bd33beac4463a50a5274338ae8e651e5a0d93475d51b2910a509f8ca,8ef6cc985912c2c727890ade2ea1d01c691e0f522fc44a720745327bdc112038,a081660be3a616398f4ef8438792b3094d996d9da5fe65b9e05fd252fcc3af48,OK,0.5474655677497271,4.696080515701137,"[-15.985009563045077,2.8222308566311716,0.007692191273956201,1.0,-2.3905716509955424]",,0.44459518986613317,0.641083740706706,2,"[""RuntimeWarning: overflow encountered in exp""]","[{""category"":""RuntimeWarning"",""message"":""overflow encountered in exp"",""filename"":""afino_spectral_models.py"",""lineno"":31},{""category"":""RuntimeWarning"",""message"":""overflow encountered in exp"",""filename"":""afino_spectral_models.py"",""lineno"":31}]",1,"[{""parameter_index"":3,""side"":""lower"",""value"":1.0,""bound"":1.0}]",NOT_AUDITABLE,20.000296436192002,12,12,0.0019230484200193898,0.023076581040232677,0.5042156999988947,0.5,6aceac9518fc8056052807e666da9d0c8bebb010,d6dc9175659ce1cee67a612dad6c5ec6101f5619118a8b4d3f4147869587a052,,2026-08-12T11:06:44.570547+00:00
F3AJ0000274,274,F3ADP000150,PRIMARY,F3AE000002,F3AV000150,F3AC072,WX2,P05,0,M0,pow_const,F3APAY000092,53ffa80a9615b166f278a07a9645dce531549475e345622e59ff6ffb35267956,2672,32,db9f8070955b4a3901b6897f101a2170360d64d699a3a778d02c7357f0ebe16a,6f814e754d918f3a23d91bec2470154688d87b5e530d7a3f85c03097edfc27b9,200e411df01ae6ce3bb7a145050b36d1a43532f0592b6f6cd010dd60552260ee,OK,-29.641071251694058,17.52858582694924,"[2.1101969353741703,3.404739332231154,-2.945129432831333]",,0.6099402433579142,0.6214722813236173,0,[],[],0,[],NOT_AUDITABLE,20.000295658246614,15,15,0.0015624769020409384,0.023437153530614076,0.2571451000039815,0.5,6aceac9518fc8056052807e666da9d0c8bebb010,e0488db615127d98568b2df0decd70775c7c402de09594df88d6778a55c0b7b5,,2026-08-12T11:06:44.831935+00:00
F3AJ0000275,275,F3ADP000150,PRIMARY,F3AE000002,F3AV000150,F3AC072,WX2,P05,0,M1,pow_const_gauss,F3APAY000092,53ffa80a9615b166f278a07a9645dce531549475e345622e59ff6ffb35267956,2672,32,db9f8070955b4a3901b6897f101a2170360d64d699a3a778d02c7357f0ebe16a,6f814e754d918f3a23d91bec2470154688d87b5e530d7a3f85c03097edfc27b9,200e411df01ae6ce3bb7a145050b36d1a43532f0592b6f6cd010dd60552260ee,OK,-24.21387115202714,18.877061078769096,"[1.3302392880022291,6.0,-2.8909165319093693,4.913179908972666,-5.5769765290840825,0.05299613635766832]",264.2713798350386,0.728530216256542,0.5112769173553215,0,[],[],1,"[{""parameter_index"":1,""side"":""upper"",""value"":6.0,""bound"":6.0}]",NOT_AUDITABLE,20.000295658246614,15,15,0.0015624769020409384,0.023437153530614076,0.8771105999985593,0.5,6aceac9518fc8056052807e666da9d0c8bebb010,d92cc6c6ef7b601ca58f23e317f8be32df49f70fcfa3c32831f018698ae96672,,2026-08-12T11:06:45.712762+00:00
F3AJ0000276,276,F3ADP000150,PRIMARY,F3AE000002,F3AV000150,F3AC072,WX2,P05,0,M2,bpow_const,F3APAY000092,53ffa80a9615b166f278a07a9645dce531549475e345622e59ff6ffb35267956,2672,32,db9f8070955b4a3901b6897f101a2170360d64d699a3a778d02c7357f0ebe16a,6f814e754d918f3a23d91bec2470154688d87b5e530d7a3f85c03097edfc27b9,200e411df01ae6ce3bb7a145050b36d1a43532f0592b6f6cd010dd60552260ee,OK,-24.62259316478263,17.727396984595735,"[-19.30026523039818,3.3122057715474282,0.0078123780420630935,1.0,-3.296486222696934]",,0.7040463479919211,0.5376166577361028,2,"[""RuntimeWarning: overflow encountered in exp""]","[{""category"":""RuntimeWarning"",""message"":""overflow encountered in exp"",""filename"":""afino_spectral_models.py"",""lineno"":31},{""category"":""RuntimeWarning"",""message"":""overflow encountered in exp"",""filename"":""afino_spectral_models.py"",""lineno"":31}]",1,"[{""parameter_index"":3,""side"":""lower"",""value"":1.0,""bound"":1.0}]",NOT_AUDITABLE,20.000295658246614,15,15,0.0015624769020409384,0.023437153530614076,0.5482588000013493,0.5,6aceac9518fc8056052807e666da9d0c8bebb010,2763203b87bdc6d7b2af8edbbd12862d64074ad465036a6fc8d9d5cafad9fab0,,2026-08-12T11:06:46.264807+00:00
F3AJ0000277,277,F3ADP000151,PRIMARY,F3AE000002,F3AV000151,F3AC073,WC2,P00,0,M0,pow_const,F3APAY000093,0298dd92c50478c5193ef4b527ced5639803e5f1909338b8c46215bcafe35121,2704,24,21bfaa1667450f67c144e52be88369a9161faa0c458eb1cdf104b8549bd01ff0,616d87f2165cd5607eae5ba9b46062fe7b9d996031865528a80ec9958117fddb,cdb33b10243f1e65d4f21f61ca328193fa87c01be564982693d6803c449fa733,OK,-18.017757914992718,11.40677423029473,"[1.5473958270248371,3.547464547952518,-2.79116011612504]",,0.3438910888952814,0.734183541855806,0,[],[],0,[],NOT_AUDITABLE,20.000295907653786,11,11,0.0020833025100754393,0.02291632761082983,0.2466987999941921,0.5,6aceac9518fc8056052807e666da9d0c8bebb010,d8d2f19637b0026dd0b6c57584368b638947d95481d5aa5f1af549354a25a429,,2026-08-12T11:06:46.515772+00:00
F3AJ0000278,278,F3ADP000151,PRIMARY,F3AE000002,F3AV000151,F3AC073,WC2,P00,0,M1,pow_const_gauss,F3APAY000093,0298dd92c50478c5193ef4b527ced5639803e5f1909338b8c46215bcafe35121,2704,24,21bfaa1667450f67c144e52be88369a9161faa0c458eb1cdf104b8549bd01ff0,616d87f2165cd5607eae5ba9b46062fe7b9d996031865528a80ec9958117fddb,cdb33b10243f1e65d4f21f61ca328193fa87c01be564982693d6803c449fa733,OK,-11.730257186175622,11.859866775083738,"[1.2407691637884846,6.0,-2.7072115430161765,1.85547216924449,-5.3054202081049695,0.060999532666075176]",201.425625313142,0.40075335552176133,0.610149577765122,0,[],[],1,"[{""parameter_index"":1,""side"":""upper"",""value"":6.0,""bound"":6.0}]",NOT_AUDITABLE,20.000295907653786,11,11,0.0020833025100754393,0.02291632761082983,0.8729061999983969,0.5,6aceac9518fc8056052807e666da9d0c8bebb010,65bc105e443c30fe87264f6a5b9fac8ba5a49b65c32e8b6ad9c1db902b0ffe51,,2026-08-12T11:06:47.393506+00:00
F3AJ0000279,279,F3ADP000151,PRIMARY,F3AE000002,F3AV000151,F3AC073,WC2,P00,0,M2,bpow_const,F3APAY000093,0298dd92c50478c5193ef4b527ced5639803e5f1909338b8c46215bcafe35121,2704,24,21bfaa1667450f67c144e52be88369a9161faa0c458eb1cdf104b8549bd01ff0,616d87f2165cd5607eae5ba9b46062fe7b9d996031865528a80ec9958117fddb,cdb33b10243f1e65d4f21f61ca328193fa87c01be564982693d6803c449fa733,OK,-14.0852798498271,11.838430470510291,"[-8.087581999085737,1.5118204433907412,0.003865123056865537,8.170676257555618,-2.6967503398770325]",,0.33899196378982555,0.6834750047473561,17,"[""RuntimeWarning: invalid value encountered in subtract"",""RuntimeWarning: overflow encountered in exp""]","[{""category"":""RuntimeWarning"",""message"":""overflow encountered in exp"",""filename"":""afino_spectral_models.py"",""lineno"":72},{""category"":""RuntimeWarning"",""message"":""overflow encountered in exp"",""filename"":""afino_spectral_models.py"",""lineno"":73},{""category"":""RuntimeWarning"",""message"":""overflow encountered in exp"",""filename"":""afino_spectral_models.py"",""lineno"":72},{""category"":""RuntimeWarning"",""message"":""overflow encountered in exp"",""filename"":""afino_spectral_models.py"",""lineno"":73},{""category"":""RuntimeWarning"",""message"":""invalid value encountered in subtract"",""filename"":""_numdiff.py"",""lineno"":710},{""category"":""RuntimeWarning"",""message"":""overflow encountered in exp"",""filename"":""afino_spectral_models.py"",""lineno"":72},{""category"":""RuntimeWarning"",""message"":""overflow encountered in exp"",""filename"":""afino_spectral_models.py"",""lineno"":73},{""category"":""RuntimeWarning"",""message"":""invalid value encountered in subtract"",""filename"":""_numdiff.py"",""lineno"":710},{""category"":""RuntimeWarning"",""message"":""overflow encountered in exp"",""filename"":""afino_spectral_models.py"",""lineno"":72},{""category"":""RuntimeWarning"",""message"":""overflow encountered in exp"",""filename"":""afino_spectral_models.py"",""lineno"":73},{""category"":""RuntimeWarning"",""message"":""invalid value encountered in subtract"",""filename"":""_numdiff.py"",""lineno"":710},{""category"":""RuntimeWarning"",""message"":""overflow encountered in exp"",""filename"":""afino_spectral_models.py"",""lineno"":72},{""category"":""RuntimeWarning"",""message"":""overflow encountered in exp"",""filename"":""afino_spectral_models.py"",""lineno"":73},{""category"":""RuntimeWarning"",""message"":""invalid value encountered in subtract"",""filename"":""_numdiff.py"",""lineno"":710},{""category"":""RuntimeWarning"",""message"":""overflow encountered in exp"",""filename"":""afino_spectral_models.py"",""lineno"":72},{""category"":""RuntimeWarning"",""message"":""overflow encountered in exp"",""filename"":""afino_spectral_models.py"",""lineno"":73},{""category"":""RuntimeWarning"",""message"":""invalid value encountered in subtract"",""filename"":""_numdiff.py"",""lineno"":710}]",0,[],NOT_AUDITABLE,20.000295907653786,11,11,0.0020833025100754393,0.02291632761082983,0.45938240000396036,0.5,6aceac9518fc8056052807e666da9d0c8bebb010,f7c4bcfc5c56be4d58e4ecbff71591ff4d7cc0d0030055b18ab8818ebb32ff2b,,2026-08-12T11:06:47.857473+00:00
F3AJ0000343,343,F3ADP000185,PRIMARY,F3AE000003,F3AV000185,F3AC029,WSp2,P04,0,M0,pow_const,F3APAY000115,6065c5fbde49bdf506ccfe40678ffd27dd60ebec90b13e7c2503fee9093cfe6b,3362,29,e780594146e70f98f2831b44702669aea3eb0bdc2ea2943bfe2eb34696ea955a,e38b56d4a7862c3405b3d78a0e605913d6b651936a435d00b19ceae12e693e3c,4b0d1c86e779e825d5af6cbf3033efa65e66f8a71fab5873dcd3afd2062480f6,OK,15.247780582114686,-4.984832961442084,"[1.6065669121732677,1.4919438709298478,-2.0163681287241126]",,0.38380971516471907,0.7646755887432347,0,[],[],0,[],NOT_AUDITABLE,20.000203741697728,14,14,0.001724120367273947,0.024137685141835258,0.23473539999395143,0.5,6aceac9518fc8056052807e666da9d0c8bebb010,bfb66355781c4d005bb65df666ffddea5fcc55c6fb97245adbf4b98f5e508399,,2026-08-12T11:06:48.096293+00:00
F3AJ0000344,344,F3ADP000185,PRIMARY,F3AE000003,F3AV000185,F3AC029,WSp2,P04,0,M1,pow_const_gauss,F3APAY000115,6065c5fbde49bdf506ccfe40678ffd27dd60ebec90b13e7c2503fee9093cfe6b,3362,29,e780594146e70f98f2831b44702669aea3eb0bdc2ea2943bfe2eb34696ea955a,e38b56d4a7862c3405b3d78a0e605913d6b651936a435d00b19ceae12e693e3c,4b0d1c86e779e825d5af6cbf3033efa65e66f8a71fab5873dcd3afd2062480f6,OK,22.012942767018714,-4.40882805947121,"[1.9289519108803872,1.6516035995269782,-16.556782146349786,-2.3967100441560074,-3.903053931027465,0.11509590615894817]",49.553551388223156,0.5528831043756712,0.5957667113835774,0,[],[],0,[],NOT_AUDITABLE,20.000203741697728,14,14,0.001724120367273947,0.024137685141835258,0.830739100005303,0.5,6aceac9518fc8056052807e666da9d0c8bebb010,6854d823d10fa5325456ad60c9e3c0c263fb436ef484d471c18d78b135b8aa2e,,2026-08-12T11:06:48.931436+00:00
F3AJ0000345,345,F3ADP000185,PRIMARY,F3AE000003,F3AV000185,F3AC029,WSp2,P04,0,M2,bpow_const,F3APAY000115,6065c5fbde49bdf506ccfe40678ffd27dd60ebec90b13e7c2503fee9093cfe6b,3362,29,e780594146e70f98f2831b44702669aea3eb0bdc2ea2943bfe2eb34696ea955a,e38b56d4a7862c3405b3d78a0e605913d6b651936a435d00b19ceae12e693e3c,4b0d1c86e779e825d5af6cbf3033efa65e66f8a71fab5873dcd3afd2062480f6,OK,19.527276186604425,-4.4855234340716965,"[-6.5662425601049135,1.2497004851845295,0.009955687550670377,9.0,-1.4226672068955897]",,0.4715386771689387,0.667059729946486,2,"[""RuntimeWarning: overflow encountered in exp""]","[{""category"":""RuntimeWarning"",""message"":""overflow encountered in exp"",""filename"":""afino_spectral_models.py"",""lineno"":72},{""category"":""RuntimeWarning"",""message"":""overflow encountered in exp"",""filename"":""afino_spectral_models.py"",""lineno"":73}]",1,"[{""parameter_index"":3,""side"":""upper"",""value"":9.0,""bound"":9.0}]",NOT_AUDITABLE,20.000203741697728,14,14,0.001724120367273947,0.024137685141835258,0.5061350000032689,0.5,6aceac9518fc8056052807e666da9d0c8bebb010,afb0becca3f96915337eba6986520c4aa2d681afb1b18cec0b0aeb247ee3eac5,,2026-08-12T11:06:49.442263+00:00
F3AJ0000433,433,F3ADP000229,PRIMARY,F3AE000003,F3AV000229,F3AC073,WC2,P00,0,M0,pow_const,F3APAY000145,f8bfeb477023e00593f6e9240b444049e99a51976ba2a97408cb596eb28a6dbc,4304,27,e62dbc38664f11af3eaba54172722440f040dc8d581961cbf16579cf2a5e823d,2e192386dd76281b790381f26511bab369e080da03193a33f12d2358f16ce046,0aed06668e89ca20548ca5c850b9665778089b55612c9827f6e2ca3efc75c6e4,OK,0.44324393648967675,2.3433273892166984,"[1.4711098804309102,1.6903226750616394,-3.024207499551567]",,0.49511734583845807,0.6693097226809113,0,[],[],0,[],NOT_AUDITABLE,20.000204622920137,13,13,0.0018518329054790156,0.024073827771227203,0.25223759999789763,0.5,6aceac9518fc8056052807e666da9d0c8bebb010,1fe453fb8f703a67e59db0772279e7afd7bd4a6cd2977c6e4e5ea07b836afcd8,,2026-08-12T11:06:49.698559+00:00
F3AJ0000434,434,F3ADP000229,PRIMARY,F3AE000003,F3AV000229,F3AC073,WC2,P00,0,M1,pow_const_gauss,F3APAY000145,f8bfeb477023e00593f6e9240b444049e99a51976ba2a97408cb596eb28a6dbc,4304,27,e62dbc38664f11af3eaba54172722440f040dc8d581961cbf16579cf2a5e823d,2e192386dd76281b790381f26511bab369e080da03193a33f12d2358f16ce046,0aed06668e89ca20548ca5c850b9665778089b55612c9827f6e2ca3efc75c6e4,OK,6.944757227795661,2.9399947797560113,"[1.6858038214297932,2.2851869926663175,-2.366449774478949,-1.7742625126148721,-4.608403716299205,0.05003320206004055]",100.32387638096216,0.6248706466497274,0.5353306708563086,0,[],[],0,[],NOT_AUDITABLE,20.000204622920137,13,13,0.0018518329054790156,0.024073827771227203,0.8417275000028894,0.5,6aceac9518fc8056052807e666da9d0c8bebb010,e437f36389c138fb9180803b551b16e011e75ef1b7016c03940f2d47bca076e2,,2026-08-12T11:06:50.543878+00:00
F3AJ0000435,435,F3ADP000229,PRIMARY,F3AE000003,F3AV000229,F3AC073,WC2,P00,0,M2,bpow_const,F3APAY000145,f8bfeb477023e00593f6e9240b444049e99a51976ba2a97408cb596eb28a6dbc,4304,27,e62dbc38664f11af3eaba54172722440f040dc8d581961cbf16579cf2a5e823d,2e192386dd76281b790381f26511bab369e080da03193a33f12d2358f16ce046,0aed06668e89ca20548ca5c850b9665778089b55612c9827f6e2ca3efc75c6e4,OK,4.623043418677048,2.8183770055845496,"[-8.043482820878841,1.4839603086417479,0.010163171862112016,9.0,-2.136770126193041]",,0.5761335005517961,0.5818608009686306,0,[],[],1,"[{""parameter_index"":3,""side"":""upper"",""value"":9.0,""bound"":9.0}]",NOT_AUDITABLE,20.000204622920137,13,13,0.0018518329054790156,0.024073827771227203,0.4058112999991863,0.5,6aceac9518fc8056052807e666da9d0c8bebb010,dc4aeeee8da8dbd2cc69bd38a48a4a5a07f685b4c02d59cd130857a49ae5e981,,2026-08-12T11:06:50.954021+00:00
F3AJ0000487,487,F3ADP000249,PRIMARY,F3AE000004,F3AV000249,F3AC015,WSm1,P02,0,M0,pow_const,F3APAY000163,d2a91d83e2a6d902c9b9fca6aee564372ea60391a0e0a5799b497704a0d1556d,4664,18,7cbc6342f496b43811e91168e4e60b370b3e2d7f727531b3f97a0ecc569f4a8b,3d571234429b571dc91620bb08a2c5bfde07ef7caf2a7232de464285c32aa8af,4b8edbfa44d501f77d80c18deb4e7bf4c0336ea986cba2e8df9e6b913c56163f,OK,-2.5189720737547114,3.3389275785571915,"[1.458976004313802,2.229903211833848,-4.6577167946772144]",,0.4171529726683405,0.6002243795877977,0,[],[],0,[],NOT_AUDITABLE,20.000604044488522,8,8,0.0027776938852436686,0.02222155108194935,0.2398310999997193,0.5,6aceac9518fc8056052807e666da9d0c8bebb010,30c3bd39ab962ad0049634fe8810d9e2472dd000f4261e87d36ad684d2ff7a51,,2026-08-12T11:06:51.198034+00:00
F3AJ0000488,488,F3ADP000249,PRIMARY,F3AE000004,F3AV000249,F3AC015,WSm1,P02,0,M1,pow_const_gauss,F3APAY000163,d2a91d83e2a6d902c9b9fca6aee564372ea60391a0e0a5799b497704a0d1556d,4664,18,7cbc6342f496b43811e91168e4e60b370b3e2d7f727531b3f97a0ecc569f4a8b,3d571234429b571dc91620bb08a2c5bfde07ef7caf2a7232de464285c32aa8af,4b8edbfa44d501f77d80c18deb4e7bf4c0336ea986cba2e8df9e6b913c56163f,OK,2.4927492239523126,3.9522292422234333,"[1.8460275357879403,2.644442306715962,-20.0,-1.9409568553286467,-3.6888794541139363,0.05]",40.0,0.7380196230865215,0.3535994352786309,0,[],[],1,"[{""parameter_index"":2,""side"":""lower"",""value"":-20.0,""bound"":-20.0},{""parameter_index"":4,""side"":""upper"",""value"":-3.6888794541139363,""bound"":-3.6888794541139363},{""parameter_index"":5,""side"":""lower"",""value"":0.05,""bound"":0.05}]",NOT_AUDITABLE,20.000604044488522,8,8,0.0027776938852436686,0.02222155108194935,0.983742299998994,0.5,6aceac9518fc8056052807e666da9d0c8bebb010,4fb195ec8e5372102d05da668c6361862cdf1be164d412cbdaca91abfa1098cb,,2026-08-12T11:06:52.185978+00:00
F3AJ0000489,489,F3ADP000249,PRIMARY,F3AE000004,F3AV000249,F3AC015,WSm1,P02,0,M2,bpow_const,F3APAY000163,d2a91d83e2a6d902c9b9fca6aee564372ea60391a0e0a5799b497704a0d1556d,4664,18,7cbc6342f496b43811e91168e4e60b370b3e2d7f727531b3f97a0ecc569f4a8b,3d571234429b571dc91620bb08a2c5bfde07ef7caf2a7232de464285c32aa8af,4b8edbfa44d501f77d80c18deb4e7bf4c0336ea986cba2e8df9e6b913c56163f,OK,1.086288235719655,3.615738965499844,"[-7.258365983116247,1.4246677148502838,0.007970820253911355,4.409143782565793,-3.158420606448721]",,0.6101292603652393,0.4347391454847419,0,[],[],0,[],NOT_AUDITABLE,20.000604044488522,8,8,0.0027776938852436686,0.02222155108194935,0.3253562999962014,0.5,6aceac9518fc8056052807e666da9d0c8bebb010,0f229c880af876da8e1c3a77bd1ea8a3c6503dc6140ed719091bb9fe81775f5d,,2026-08-12T11:06:52.515212+00:00
F3AJ0000508,508,F3ADP000256,PRIMARY,F3AE000004,F3AV000256,F3AC022,WSp1,P03,0,M0,pow_const,F3APAY000170,a3935d9022388529ab7b3b668547c0bb090388b307447bdfd7c04ac34e1730f6,4784,16,5573a693c6147920f4e15074f78336ae65dd25cd487795d9928045cf0e8839f8,765c9610a67f1bcbd92a8aeb75ce04816b3fa5997e1565d3b2ebde65a9238802,89d1a13c17b710e17389a887438b41e24cec4c71c824d584140c7c8a918e111a,OK,4.361375553188823,-0.23477762753909825,"[1.2345546853232554,3.6731051894801348,-1.5507078133695649]",,0.7580284550955705,0.41142128083812324,0,[],[],0,[],NOT_AUDITABLE,20.00060262711486,7,7,0.003124905842350401,0.021874340896452807,0.2559897999963141,0.5,6aceac9518fc8056052807e666da9d0c8bebb010,6a359cfa10d14b66ccaf3777a57799f24ae283cadabfe840af31106ebe971f33,,2026-08-12T11:06:52.774982+00:00
F3AJ0000509,509,F3ADP000256,PRIMARY,F3AE000004,F3AV000256,F3AC022,WSp1,P03,0,M1,pow_const_gauss,F3APAY000170,a3935d9022388529ab7b3b668547c0bb090388b307447bdfd7c04ac34e1730f6,4784,16,5573a693c6147920f4e15074f78336ae65dd25cd487795d9928045cf0e8839f8,765c9610a67f1bcbd92a8aeb75ce04816b3fa5997e1565d3b2ebde65a9238802,89d1a13c17b710e17389a887438b41e24cec4c71c824d584140c7c8a918e111a,OK,7.589523971386242,1.0700133869451616,"[-3.3631134118984707,-1.0,-18.065918157648348,4.999999959276809,-5.442184398524138,0.10045097876684715]",230.94611121523607,0.9363882694737602,0.2663032946768034,0,[],[],1,"[{""parameter_index"":1,""side"":""lower"",""value"":-1.0,""bound"":-1.0},{""parameter_index"":3,""side"":""upper"",""value"":4.999999959276809,""bound"":5.0}]",NOT_AUDITABLE,20.00060262711486,7,7,0.003124905842350401,0.021874340896452807,0.8081404999975348,0.5,6aceac9518fc8056052807e666da9d0c8bebb010,9be14cf177a9a1fe9a0c0cc0f1997162956de67bb4e74c94f1cb7bd43a41a997,,2026-08-12T11:06:53.587125+00:00
F3AJ0000510,510,F3ADP000256,PRIMARY,F3AE000004,F3AV000256,F3AC022,WSp1,P03,0,M2,bpow_const,F3APAY000170,a3935d9022388529ab7b3b668547c0bb090388b307447bdfd7c04ac34e1730f6,4784,16,5573a693c6147920f4e15074f78336ae65dd25cd487795d9928045cf0e8839f8,765c9610a67f1bcbd92a8aeb75ce04816b3fa5997e1565d3b2ebde65a9238802,89d1a13c17b710e17389a887438b41e24cec4c71c824d584140c7c8a918e111a,OK,7.4812054365707015,0.15121757982527573,"[-7.719165839505036,1.5204596184193204,0.00578136243793125,9.0,-1.6133658355048235]",,1.2215590541020351,0.25288866775658114,11,"[""RuntimeWarning: invalid value encountered in subtract"",""RuntimeWarning: overflow encountered in exp""]","[{""category"":""RuntimeWarning"",""message"":""overflow encountered in exp"",""filename"":""afino_spectral_models.py"",""lineno"":31},{""category"":""RuntimeWarning"",""message"":""overflow encountered in exp"",""filename"":""afino_spectral_models.py"",""lineno"":31},{""category"":""RuntimeWarning"",""message"":""invalid value encountered in subtract"",""filename"":""_numdiff.py"",""lineno"":710},{""category"":""RuntimeWarning"",""message"":""overflow encountered in exp"",""filename"":""afino_spectral_models.py"",""lineno"":31},{""category"":""RuntimeWarning"",""message"":""invalid value encountered in subtract"",""filename"":""_numdiff.py"",""lineno"":710},{""category"":""RuntimeWarning"",""message"":""overflow encountered in exp"",""filename"":""afino_spectral_models.py"",""lineno"":31},{""category"":""RuntimeWarning"",""message"":""invalid value encountered in subtract"",""filename"":""_numdiff.py"",""lineno"":710},{""category"":""RuntimeWarning"",""message"":""overflow encountered in exp"",""filename"":""afino_spectral_models.py"",""lineno"":31},{""category"":""RuntimeWarning"",""message"":""invalid value encountered in subtract"",""filename"":""_numdiff.py"",""lineno"":710},{""category"":""RuntimeWarning"",""message"":""overflow encountered in exp"",""filename"":""afino_spectral_models.py"",""lineno"":31},{""category"":""RuntimeWarning"",""message"":""invalid value encountered in subtract"",""filename"":""_numdiff.py"",""lineno"":710}]",1,"[{""parameter_index"":3,""side"":""upper"",""value"":9.0,""bound"":9.0}]",NOT_AUDITABLE,20.00060262711486,7,7,0.003124905842350401,0.021874340896452807,0.46123030000308063,0.5,6aceac9518fc8056052807e666da9d0c8bebb010,08dcef691000f6c4c8a82e3f2638437a4db1ec33aeb6dcbbbec99690d514e110,,2026-08-12T11:06:54.052140+00:00
F3AJ0000517,517,F3ADP000259,PRIMARY,F3AE000004,F3AV000259,F3AC025,WSp2,P00,0,M0,pow_const,F3APAY000173,b7737be2dbc466a6c65ad9c6351a32a97104c3e3223f79770e2f3562e4176bc0,4832,15,1024f27e067761f9d7d32cc684cb3d04bc73a5e7338a82764fb40e711e62cf02,3638aadcc45177ac4fab95577490b0e32b6df6ec7b127e26479efbb8d59e2926,0c7722ff42286d73cb8bdfa280412947581202c89af6ca054499f566559e364e,OK,2.8500160559611767,0.5209021210747249,"[1.1160284309186514,4.520849829818368,-1.5553075129054292]",,0.9359563773794003,0.353336750508075,0,[],[],0,[],NOT_AUDITABLE,20.000603199254588,7,7,0.003333232803156222,0.023332629622093554,0.21156579999660607,0.5,6aceac9518fc8056052807e666da9d0c8bebb010,aa40b652583cb2380e143cf962ad47c2e794aeb0d91ca6a49cdb5e4b155c46a0,,2026-08-12T11:06:54.267439+00:00
F3AJ0000518,518,F3ADP000259,PRIMARY,F3AE000004,F3AV000259,F3AC025,WSp2,P00,0,M1,pow_const_gauss,F3APAY000173,b7737be2dbc466a6c65ad9c6351a32a97104c3e3223f79770e2f3562e4176bc0,4832,15,1024f27e067761f9d7d32cc684cb3d04bc73a5e7338a82764fb40e711e62cf02,3638aadcc45177ac4fab95577490b0e32b6df6ec7b127e26479efbb8d59e2926,0c7722ff42286d73cb8bdfa280412947581202c89af6ca054499f566559e364e,OK,5.23317096126404,2.2481898920062626,"[1.2400118891462817,3.756932058229014,-2.733438005803648,-1.688656645664732,-3.6888794541139363,0.1271212318000816]",40.0,0.41927504701837637,0.38503314788832455,0,[],[],1,"[{""parameter_index"":4,""side"":""upper"",""value"":-3.6888794541139363,""bound"":-3.6888794541139363}]",NOT_AUDITABLE,20.000603199254588,7,7,0.003333232803156222,0.023332629622093554,0.9156204000028083,0.5,6aceac9518fc8056052807e666da9d0c8bebb010,f426a613e4ca5552ed1b014fb6ecccfe0fbd849e5dd2ec260ddc18d8be274ec3,,2026-08-12T11:06:55.187827+00:00
F3AJ0000519,519,F3ADP000259,PRIMARY,F3AE000004,F3AV000259,F3AC025,WSp2,P00,0,M2,bpow_const,F3APAY000173,b7737be2dbc466a6c65ad9c6351a32a97104c3e3223f79770e2f3562e4176bc0,4832,15,1024f27e067761f9d7d32cc684cb3d04bc73a5e7338a82764fb40e711e62cf02,3638aadcc45177ac4fab95577490b0e32b6df6ec7b127e26479efbb8d59e2926,0c7722ff42286d73cb8bdfa280412947581202c89af6ca054499f566559e364e,OK,6.706948913892346,0.5383458411644533,"[-23.687525046957646,4.347785519556617,0.013332923010579973,1.0,-1.5807654180509907]",,1.5685242085386788,0.2038724180899899,0,[],[],1,"[{""parameter_index"":3,""side"":""lower"",""value"":1.0,""bound"":1.0}]",NOT_AUDITABLE,20.000603199254588,7,7,0.003333232803156222,0.023332629622093554,0.5748311999996076,0.5,6aceac9518fc8056052807e666da9d0c8bebb010,12bad97387f20e7e15f922708eef373bcfda789c66c9bd187220045f7c0d90bf,,2026-08-12T11:06:55.766728+00:00
F3AJ0000595,595,F3ADP000285,PRIMARY,F3AE000004,F3AV000285,F3AC051,WEp2,P02,0,M0,pow_const,F3APAY000199,1b9c3837d15656135e8da1892e106c72a566e065425f26594148ee284fdc640e,5254,19,439fa16e12e9fdae2486ddc4f849721601ba660f722f4dd1c747bbdb62832465,7384f90c9d87da0538d6fae19958e067537d2080873e7cd674f5da9bbd7f75cd,2dd95378c6b8708a03bc964b7d0b396707c329e4f45b38521dfa68fca2a77568,OK,-1.8955902594730256,3.1450197070727324,"[1.4088103470991649,2.887236317447573,-2.198280145409125]",,0.46095332677922335,0.6046729884649533,0,[],[],0,[],NOT_AUDITABLE,20.000603518565185,9,9,0.002631499539427105,0.023683495854843944,0.23672950000036508,0.5,6aceac9518fc8056052807e666da9d0c8bebb010,5aac149fba09f563942c42013fced6ff277c7648928bd9b7dc710abbb17eb630,,2026-08-12T11:06:56.007508+00:00
F3AJ0000596,596,F3ADP000285,PRIMARY,F3AE000004,F3AV000285,F3AC051,WEp2,P02,0,M1,pow_const_gauss,F3APAY000199,1b9c3837d15656135e8da1892e106c72a566e065425f26594148ee284fdc640e,5254,19,439fa16e12e9fdae2486ddc4f849721601ba660f722f4dd1c747bbdb62832465,7384f90c9d87da0538d6fae19958e067537d2080873e7cd674f5da9bbd7f75cd,2dd95378c6b8708a03bc964b7d0b396707c329e4f45b38521dfa68fca2a77568,OK,1.666121492503251,4.660000697088924,"[1.4582281000091544,2.3964502291353007,-19.243909722655175,-3.1922834775337003,-3.7799827434011632,0.05]",43.81528562624308,0.297462957853609,0.5854773071156676,0,[],[],1,"[{""parameter_index"":5,""side"":""lower"",""value"":0.05,""bound"":0.05}]",NOT_AUDITABLE,20.000603518565185,9,9,0.002631499539427105,0.023683495854843944,0.8277304000002914,0.5,6aceac9518fc8056052807e666da9d0c8bebb010,fba6bbc924430ffc80aa763cd3d55c12dfc602b5086993f145a1e39b4868cd6f,,2026-08-12T11:06:56.838937+00:00
F3AJ0000597,597,F3ADP000285,PRIMARY,F3AE000004,F3AV000285,F3AC051,WEp2,P02,0,M2,bpow_const,F3APAY000199,1b9c3837d15656135e8da1892e106c72a566e065425f26594148ee284fdc640e,5254,19,439fa16e12e9fdae2486ddc4f849721601ba660f722f4dd1c747bbdb62832465,7384f90c9d87da0538d6fae19958e067537d2080873e7cd674f5da9bbd7f75cd,2dd95378c6b8708a03bc964b7d0b396707c329e4f45b38521dfa68fca2a77568,OK,2.1411613216820538,3.3238684938314123,"[-9.265174861484594,1.754886198205277,0.005092314664341979,4.774769990580606,-2.080086265148519]",,0.5383606194184324,0.5014152373722445,22,"[""RuntimeWarning: invalid value encountered in subtract"",""RuntimeWarning: overflow encountered in exp""]","[{""category"":""RuntimeWarning"",""message"":""overflow encountered in exp"",""filename"":""afino_spectral_models.py"",""lineno"":31},{""category"":""RuntimeWarning"",""message"":""overflow encountered in exp"",""filename"":""afino_spectral_models.py"",""lineno"":31},{""category"":""RuntimeWarning"",""message"":""invalid value encountered in subtract"",""filename"":""_numdiff.py"",""lineno"":710},{""category"":""RuntimeWarning"",""message"":""overflow encountered in exp"",""filename"":""afino_spectral_models.py"",""lineno"":31},{""category"":""RuntimeWarning"",""message"":""invalid value encountered in subtract"",""filename"":""_numdiff.py"",""lineno"":710},{""category"":""RuntimeWarning"",""message"":""overflow encountered in exp"",""filename"":""afino_spectral_models.py"",""lineno"":31},{""category"":""RuntimeWarning"",""message"":""invalid value encountered in subtract"",""filename"":""_numdiff.py"",""lineno"":710},{""category"":""RuntimeWarning"",""message"":""overflow encountered in exp"",""filename"":""afino_spectral_models.py"",""lineno"":31},{""category"":""RuntimeWarning"",""message"":""invalid value encountered in subtract"",""filename"":""_numdiff.py"",""lineno"":710},{""category"":""RuntimeWarning"",""message"":""overflow encountered in exp"",""filename"":""afino_spectral_models.py"",""lineno"":31},{""category"":""RuntimeWarning"",""message"":""invalid value encountered in subtract"",""filename"":""_numdiff.py"",""lineno"":710},{""category"":""RuntimeWarning"",""message"":""overflow encountered in exp"",""filename"":""afino_spectral_models.py"",""lineno"":31},{""category"":""RuntimeWarning"",""message"":""overflow encountered in exp"",""filename"":""afino_spectral_models.py"",""lineno"":31},{""category"":""RuntimeWarning"",""message"":""invalid value encountered in subtract"",""filename"":""_numdiff.py"",""lineno"":710},{""category"":""RuntimeWarning"",""message"":""overflow encountered in exp"",""filename"":""afino_spectral_models.py"",""lineno"":31},{""category"":""RuntimeWarning"",""message"":""invalid value encountered in subtract"",""filename"":""_numdiff.py"",""lineno"":710},{""category"":""RuntimeWarning"",""message"":""overflow encountered in exp"",""filename"":""afino_spectral_models.py"",""lineno"":31},{""category"":""RuntimeWarning"",""message"":""invalid value encountered in subtract"",""filename"":""_numdiff.py"",""lineno"":710},{""category"":""RuntimeWarning"",""message"":""overflow encountered in exp"",""filename"":""afino_spectral_models.py"",""lineno"":31},{""category"":""RuntimeWarning"",""message"":""invalid value encountered in subtract"",""filename"":""_numdiff.py"",""lineno"":710},{""category"":""RuntimeWarning"",""message"":""overflow encountered in exp"",""filename"":""afino_spectral_models.py"",""lineno"":31},{""category"":""RuntimeWarning"",""message"":""invalid value encountered in subtract"",""filename"":""_numdiff.py"",""lineno"":710}]",0,[],NOT_AUDITABLE,20.000603518565185,9,9,0.002631499539427105,0.023683495854843944,0.39970509999693604,0.5,6aceac9518fc8056052807e666da9d0c8bebb010,0c0b67097047c40e894986ae445f54c7338a138df5c2cd663e3861077c64ede9,,2026-08-12T11:06:57.242810+00:00
F3AJ0000616,616,F3ADP000292,PRIMARY,F3AE000004,F3AV000292,F3AC058,WX1,P03,0,M0,pow_const,F3APAY000206,bd0847e6fe833dc957854eaf93a224c86dfb7de4efd86be7d23b57eb83325fe7,5387,19,8b971d4920e78268b0ad77160e581903d897550bea10664546840868a2046b69,94935a02d7c2aa9cf020e6db36066c58d46fdda349d626e3c9d402f786532e91,9c967114055a3dfc3a92bd13646dbef9a93e1de6b8116e41dc45d63bd0a19ab5,OK,1.416749059702897,1.488850047484771,"[1.5310942479647498,2.654209463879942,-2.124024331046174]",,0.37702158628202054,0.657659884671922,0,[],[],0,[],NOT_AUDITABLE,20.000603516382398,9,9,0.0026314995397142965,0.02368349585742867,0.24147480000101496,0.5,6aceac9518fc8056052807e666da9d0c8bebb010,aec663f6a9fe1a53c07f06c5bc0c9898d84cb577d7df8157bf6cd67b84dc5d88,,2026-08-12T11:06:57.488062+00:00
F3AJ0000617,617,F3ADP000292,PRIMARY,F3AE000004,F3AV000292,F3AC058,WX1,P03,0,M1,pow_const_gauss,F3APAY000206,bd0847e6fe833dc957854eaf93a224c86dfb7de4efd86be7d23b57eb83325fe7,5387,19,8b971d4920e78268b0ad77160e581903d897550bea10664546840868a2046b69,94935a02d7c2aa9cf020e6db36066c58d46fdda349d626e3c9d402f786532e91,9c967114055a3dfc3a92bd13646dbef9a93e1de6b8116e41dc45d63bd0a19ab5,OK,5.59149216472359,2.697315360978754,"[1.5723111435522072,2.302141839968462,-19.2435898041193,-3.085486075272486,-3.789452087327975,0.05]",44.2321582753101,0.14331598235182322,0.7050064799500875,0,[],[],1,"[{""parameter_index"":5,""side"":""lower"",""value"":0.05,""bound"":0.05}]",NOT_AUDITABLE,20.000603516382398,9,9,0.0026314995397142965,0.02368349585742867,0.8296539000002667,0.5,6aceac9518fc8056052807e666da9d0c8bebb010,46ef76e30648a8f29036cf3f025ad1545bf24830638b26343f63f2f4bd47b3d9,,2026-08-12T11:06:58.321408+00:00
F3AJ0000618,618,F3ADP000292,PRIMARY,F3AE000004,F3AV000292,F3AC058,WX1,P03,0,M2,bpow_const,F3APAY000206,bd0847e6fe833dc957854eaf93a224c86dfb7de4efd86be7d23b57eb83325fe7,5387,19,8b971d4920e78268b0ad77160e581903d897550bea10664546840868a2046b69,94935a02d7c2aa9cf020e6db36066c58d46fdda349d626e3c9d402f786532e91,9c967114055a3dfc3a92bd13646dbef9a93e1de6b8116e41dc45d63bd0a19ab5,OK,5.157704257195119,1.8155970260748795,"[-6.465926252211697,1.279880523362206,0.005643132044547457,4.9921772401408955,-1.9746599796188709]",,0.38995980350633824,0.5786279754272007,0,[],[],0,[],NOT_AUDITABLE,20.000603516382398,9,9,0.0026314995397142965,0.02368349585742867,0.5218058999962523,0.5,6aceac9518fc8056052807e666da9d0c8bebb010,d71158b7f53e9a0ad9e03130e87dc208f182f5b5d48d9ba8787125202b05bb20,,2026-08-12T11:06:58.847139+00:00
F3AJ0000661,661,F3ADP000313,PRIMARY,F3AE000005,F3AV000313,F3AC001,W00,P00,0,M0,pow_const,F3APAY000221,8d76f8759e4adc03f419b4660e786776713eab31d5899e0f4cf375e6100f1bec,5660,15,e20b1d80b58f8b9b7fee563bac997263350a6ccf21ad7a5681531565006be934,fd491f67170d2f8dfca08077716cde2753ed329cd3323feb4821d503beed2229,bb0620290b79561acf59aefda3da484114b385bdbb8370a0e6562baddc118fbd,OK,0.23012442371782127,1.8308479371964026,"[0.9484758511611417,1.8146487670383356,-19.999999901010032]",,0.6060275287380666,0.47108091268377617,0,[],[],1,"[{""parameter_index"":2,""side"":""lower"",""value"":-19.999999901010032,""bound"":-20.0}]",NOT_AUDITABLE,20.00012973866043,7,7,0.0033333117103635282,0.0233331819725447,0.3079360999981873,0.5,6aceac9518fc8056052807e666da9d0c8bebb010,af51d2e570cff15265d15f370d53b09cd281f375a629370d4f5f4eba04d82b30,,2026-08-12T11:06:59.159238+00:00
F3AJ0000662,662,F3ADP000313,PRIMARY,F3AE000005,F3AV000313,F3AC001,W00,P00,0,M1,pow_const_gauss,F3APAY000221,8d76f8759e4adc03f419b4660e786776713eab31d5899e0f4cf375e6100f1bec,5660,15,e20b1d80b58f8b9b7fee563bac997263350a6ccf21ad7a5681531565006be934,fd491f67170d2f8dfca08077716cde2753ed329cd3323feb4821d503beed2229,bb0620290b79561acf59aefda3da484114b385bdbb8370a0e6562baddc118fbd,OK,3.056974730071138,3.3362880076027137,"[1.421324176110253,3.239085617657998,-19.244079842368688,-2.2463201327468636,-4.104497518206433,0.14580033120913252]",60.61228032705796,0.4394061469334756,0.3783832650492863,0,[],[],0,[],NOT_AUDITABLE,20.00012973866043,7,7,0.0033333117103635282,0.0233331819725447,0.8739294999977574,0.5,6aceac9518fc8056052807e666da9d0c8bebb010,cce26a46eb86318ae1b233e3296bf3be2951a0c1089a157666c174ca907975d0,,2026-08-12T11:07:00.037021+00:00
F3AJ0000663,663,F3ADP000313,PRIMARY,F3AE000005,F3AV000313,F3AC001,W00,P00,0,M2,bpow_const,F3APAY000221,8d76f8759e4adc03f419b4660e786776713eab31d5899e0f4cf375e6100f1bec,5660,15,e20b1d80b58f8b9b7fee563bac997263350a6ccf21ad7a5681531565006be934,fd491f67170d2f8dfca08077716cde2753ed329cd3323feb4821d503beed2229,bb0620290b79561acf59aefda3da484114b385bdbb8370a0e6562baddc118fbd,OK,3.1313056291394856,2.3261674835408837,"[-8.436757643869623,1.6258360828051155,0.019749766478293865,9.0,-19.243770823078872]",,0.6027017983921759,0.3931544123249824,0,[],[],1,"[{""parameter_index"":3,""side"":""upper"",""value"":9.0,""bound"":9.0}]",NOT_AUDITABLE,20.00012973866043,7,7,0.0033333117103635282,0.0233331819725447,0.3927112000019406,0.5,6aceac9518fc8056052807e666da9d0c8bebb010,8b79bb02e62cd6a241291d88001e54a7093b109199b514e1d3d0e2a1c183933c,,2026-08-12T11:07:00.433592+00:00
F3AJ0001429,1429,F3ADP000795,PRIMARY,F3AE000011,F3AV000795,F3AC015,WSm1,P02,0,M0,pow_const,F3APAY000477,371cc46b082c21106fb7485b5121f702cee5d7efebd015368906b1f4c67859c3,10866,22,24d3bc5f013f4fc9e609d8080307296902cc691162743ace054c5338465ce81c,20bf8c240dc7dbcfcef2ca27d2e843be9ee01fe100abea6d9680cded59f572a9,cd16fb8f67864ce61b153542ccdd66e59994d1a60b3f17f949af3c813908fe55,OK,-21.07234507280996,12.838757629399025,"[0.9295585256267205,2.5248214836855705,-3.745758087309999]",,0.6955173758212897,0.49881630571676727,0,[],[],0,[],NOT_AUDITABLE,19.999805823941383,10,10,0.0022727493384027105,0.022727493384027103,0.24106929999834392,0.5,6aceac9518fc8056052807e666da9d0c8bebb010,99bbdd33b78aa001b9e7a033e37a67a9a4a4a90b2d8939b24ec4236464b174a0,,2026-08-12T11:07:00.678972+00:00
F3AJ0001430,1430,F3ADP000795,PRIMARY,F3AE000011,F3AV000795,F3AC015,WSm1,P02,0,M1,pow_const_gauss,F3APAY000477,371cc46b082c21106fb7485b5121f702cee5d7efebd015368906b1f4c67859c3,10866,22,24d3bc5f013f4fc9e609d8080307296902cc691162743ace054c5338465ce81c,20bf8c240dc7dbcfcef2ca27d2e843be9ee01fe100abea6d9680cded59f572a9,cd16fb8f67864ce61b153542ccdd66e59994d1a60b3f17f949af3c813908fe55,OK,-19.410261856904683,15.461593660937456,"[1.4525223002481407,5.067525334580377,-3.7342744167936655,-2.6809347085682633,-4.588991355701286,0.11272888529545887]",98.39513440197784,0.6860796842127731,0.4383353020341948,0,[],[],0,[],NOT_AUDITABLE,19.999805823941383,10,10,0.0022727493384027105,0.022727493384027103,0.864650099996652,0.5,6aceac9518fc8056052807e666da9d0c8bebb010,c623953c6e7c6dafdc41137b283afaf63db5a55571ac7b85deee3bde4432a1fd,,2026-08-12T11:07:01.548264+00:00
F3AJ0001431,1431,F3ADP000795,PRIMARY,F3AE000011,F3AV000795,F3AC015,WSm1,P02,0,M2,bpow_const,F3APAY000477,371cc46b082c21106fb7485b5121f702cee5d7efebd015368906b1f4c67859c3,10866,22,24d3bc5f013f4fc9e609d8080307296902cc691162743ace054c5338465ce81c,20bf8c240dc7dbcfcef2ca27d2e843be9ee01fe100abea6d9680cded59f572a9,cd16fb8f67864ce61b153542ccdd66e59994d1a60b3f17f949af3c813908fe55,OK,-17.11467574122167,13.162508056598927,"[-21.695002026921802,3.765477055852535,0.004835383478828901,1.2028080441259108,-9.391530040715747]",,0.8701250503290552,0.3915257677074496,0,[],[],0,[],NOT_AUDITABLE,19.999805823941383,10,10,0.0022727493384027105,0.022727493384027103,0.44372090000251774,0.5,6aceac9518fc8056052807e666da9d0c8bebb010,89a541662a6ff8173f0af025b023303053510d0362efbfe9d89a3100464b957b,,2026-08-12T11:07:01.995964+00:00
F3AJ0001450,1450,F3ADP000802,PRIMARY,F3AE000011,F3AV000802,F3AC022,WSp1,P03,0,M0,pow_const,F3APAY000484,03935ddb6b9830ce8dfe631063ed8e5e67941263f6d62aaaef71e5c467459409,11019,21,076fbb8ee584a6215592d354fe4714cb4e49d6655d923428d870186d6cf60c99,9fb1daf2acbe8e379874ff8810bdb7b32ca874b30b2924cbc8343118be522c12,b1eee6ae3f45668baf05397ae177092da696281dcdcacf4526a7e210d693e896,OK,-15.4207605297878,10.012965357887946,"[0.9428991010235253,2.2761497764940097,-3.5364439234192746]",,0.706818077214822,0.4932110628353903,0,[],[],0,[],NOT_AUDITABLE,19.999805607658345,10,10,0.002380975523122749,0.02380975523122749,0.26000650000059977,0.5,6aceac9518fc8056052807e666da9d0c8bebb010,2903bbc9c34e111ad773e18b533d6c7d8fa92535ff8ecff2a74fb8facb167180,,2026-08-12T11:07:02.259797+00:00
F3AJ0001451,1451,F3ADP000802,PRIMARY,F3AE000011,F3AV000802,F3AC022,WSp1,P03,0,M1,pow_const_gauss,F3APAY000484,03935ddb6b9830ce8dfe631063ed8e5e67941263f6d62aaaef71e5c467459409,11019,21,076fbb8ee584a6215592d354fe4714cb4e49d6655d923428d870186d6cf60c99,9fb1daf2acbe8e379874ff8810bdb7b32ca874b30b2924cbc8343118be522c12,b1eee6ae3f45668baf05397ae177092da696281dcdcacf4526a7e210d693e896,OK,-14.36091049937809,12.93691798217416,"[1.4428596608931348,4.945996220294604,-3.390086939421703,-1.1196494966066088,-4.546645673896145,0.050012755048212565]",94.31551214112645,0.590795494782351,0.4776830322854819,0,[],[],0,[],NOT_AUDITABLE,19.999805607658345,10,10,0.002380975523122749,0.02380975523122749,0.9470027999996091,0.5,6aceac9518fc8056052807e666da9d0c8bebb010,ab6443c1d35d3068f29be3a953f07a1bc8e81ee7dd2d9d6613d0e587db76ff83,,2026-08-12T11:07:03.210819+00:00
F3AJ0001452,1452,F3ADP000802,PRIMARY,F3AE000011,F3AV000802,F3AC022,WSp1,P03,0,M2,bpow_const,F3APAY000484,03935ddb6b9830ce8dfe631063ed8e5e67941263f6d62aaaef71e5c467459409,11019,21,076fbb8ee584a6215592d354fe4714cb4e49d6655d923428d870186d6cf60c99,9fb1daf2acbe8e379874ff8810bdb7b32ca874b30b2924cbc8343118be522c12,b1eee6ae3f45668baf05397ae177092da696281dcdcacf4526a7e210d693e896,OK,-11.415183041515963,10.312761706746073,"[-20.007789713027964,3.5161506377291345,0.004743668747611795,1.2140382942574262,-18.874953535853876]",,0.9111899070371422,0.3772699839129417,18,"[""RuntimeWarning: divide by zero encountered in divide"",""RuntimeWarning: divide by zero encountered in log"",""RuntimeWarning: invalid value encountered in scalar subtract""]","[{""category"":""RuntimeWarning"",""message"":""divide by zero encountered in log"",""filename"":""afino_model_fitting.py"",""lineno"":27},{""category"":""RuntimeWarning"",""message"":""divide by zero encountered in divide"",""filename"":""afino_model_fitting.py"",""lineno"":27},{""category"":""RuntimeWarning"",""message"":""invalid value encountered in scalar subtract"",""filename"":""afino_model_fitting.py"",""lineno"":27},{""category"":""RuntimeWarning"",""message"":""divide by zero encountered in log"",""filename"":""afino_model_fitting.py"",""lineno"":27},{""category"":""RuntimeWarning"",""message"":""divide by zero encountered in divide"",""filename"":""afino_model_fitting.py"",""lineno"":27},{""category"":""RuntimeWarning"",""message"":""invalid value encountered in scalar subtract"",""filename"":""afino_model_fitting.py"",""lineno"":27},{""category"":""RuntimeWarning"",""message"":""divide by zero encountered in log"",""filename"":""afino_model_fitting.py"",""lineno"":27},{""category"":""RuntimeWarning"",""message"":""divide by zero encountered in divide"",""filename"":""afino_model_fitting.py"",""lineno"":27},{""category"":""RuntimeWarning"",""message"":""invalid value encountered in scalar subtract"",""filename"":""afino_model_fitting.py"",""lineno"":27},{""category"":""RuntimeWarning"",""message"":""divide by zero encountered in log"",""filename"":""afino_model_fitting.py"",""lineno"":27},{""category"":""RuntimeWarning"",""message"":""divide by zero encountered in divide"",""filename"":""afino_model_fitting.py"",""lineno"":27},{""category"":""RuntimeWarning"",""message"":""invalid value encountered in scalar subtract"",""filename"":""afino_model_fitting.py"",""lineno"":27},{""category"":""RuntimeWarning"",""message"":""divide by zero encountered in log"",""filename"":""afino_model_fitting.py"",""lineno"":27},{""category"":""RuntimeWarning"",""message"":""divide by zero encountered in divide"",""filename"":""afino_model_fitting.py"",""lineno"":27},{""category"":""RuntimeWarning"",""message"":""invalid value encountered in scalar subtract"",""filename"":""afino_model_fitting.py"",""lineno"":27},{""category"":""RuntimeWarning"",""message"":""divide by zero encountered in log"",""filename"":""afino_model_fitting.py"",""lineno"":27},{""category"":""RuntimeWarning"",""message"":""divide by zero encountered in divide"",""filename"":""afino_model_fitting.py"",""lineno"":27},{""category"":""RuntimeWarning"",""message"":""invalid value encountered in scalar subtract"",""filename"":""afino_model_fitting.py"",""lineno"":27}]",0,[],NOT_AUDITABLE,19.999805607658345,10,10,0.002380975523122749,0.02380975523122749,0.45739290000346955,0.5,6aceac9518fc8056052807e666da9d0c8bebb010,a398d05a8fc75d794689c181354dbad9cc8a10007eefe2c6ca358365cf57635b,,2026-08-12T11:07:03.671940+00:00
F3AJ0001537,1537,F3ADP000831,PRIMARY,F3AE000011,F3AV000831,F3AC051,WEp2,P02,0,M0,pow_const,F3APAY000513,03baf34ad3e0763df644c6e4b0228c0fb0abb270ccaf5756d20405b3e62651e0,11634,24,cb0b9de0c4830c27ec6193422bbc77723e803dd2590866dea4d5552690e977a7,56c2a654ea6f56d2b6523794f1c9d0fd5460b05b933c20cca12597b58965de53,af2b05a4ae2c5b4f13ab22bdbe23db8b18b93bc829506814c3c079db08bce03d,OK,-27.035915053397694,15.915852799497218,"[0.9601742923000558,2.3384602735488853,-4.46062368596574]",,0.8922123210684959,0.4199983359555475,0,[],[],0,[],NOT_AUDITABLE,19.999805761060838,11,11,0.0020833535667526687,0.022916889234279356,0.22054209999623708,0.5,6aceac9518fc8056052807e666da9d0c8bebb010,1f2e97ac68a415ccaea180e26d22c4c9aee1bddfe33de6cfb5ba12199248f05c,,2026-08-12T11:07:06.081558+00:00
F3AJ0001538,1538,F3ADP000831,PRIMARY,F3AE000011,F3AV000831,F3AC051,WEp2,P02,0,M1,pow_const_gauss,F3APAY000513,03baf34ad3e0763df644c6e4b0228c0fb0abb270ccaf5756d20405b3e62651e0,11634,24,cb0b9de0c4830c27ec6193422bbc77723e803dd2590866dea4d5552690e977a7,56c2a654ea6f56d2b6523794f1c9d0fd5460b05b933c20cca12597b58965de53,af2b05a4ae2c5b4f13ab22bdbe23db8b18b93bc829506814c3c079db08bce03d,OK,-26.07898355820852,19.034229961100188,"[1.5072252544721396,4.512392893953752,-4.067994737864013,-2.745215284640164,-4.57170168274821,0.11009765193946575]",96.708537080765,0.4511697601797926,0.5803203117092945,0,[],[],0,[],NOT_AUDITABLE,19.999805761060838,11,11,0.0020833535667526687,0.022916889234279356,0.6158510000022943,0.5,6aceac9518fc8056052807e666da9d0c8bebb010,4c1d56a21b61fefc668f6a25ecf906f13f6289dbcab19ce6caae54d382ef1b25,,2026-08-12T11:07:06.700825+00:00
F3AJ0001539,1539,F3ADP000831,PRIMARY,F3AE000011,F3AV000831,F3AC051,WEp2,P02,0,M2,bpow_const,F3APAY000513,03baf34ad3e0763df644c6e4b0228c0fb0abb270ccaf5756d20405b3e62651e0,11634,24,cb0b9de0c4830c27ec6193422bbc77723e803dd2590866dea4d5552690e977a7,56c2a654ea6f56d2b6523794f1c9d0fd5460b05b933c20cca12597b58965de53,af2b05a4ae2c5b4f13ab22bdbe23db8b18b93bc829506814c3c079db08bce03d,OK,-23.798848777131447,16.695214934162465,"[-12.269949529270633,2.121335823970924,0.011929100952885617,9.0,-3.979347432969851]",,0.8073583400312372,0.4314936413977891,0,[],[],1,"[{""parameter_index"":3,""side"":""upper"",""value"":9.0,""bound"":9.0}]",NOT_AUDITABLE,19.999805761060838,11,11,0.0020833535667526687,0.022916889234279356,0.39381329999741865,0.5,6aceac9518fc8056052807e666da9d0c8bebb010,47e9ce39c285b8090430509a86372611154528f1b359454e51954c5ecd88ac50,,2026-08-12T11:07:07.097775+00:00
F3AJ0001558,1558,F3ADP000838,PRIMARY,F3AE000011,F3AV000838,F3AC058,WX1,P03,0,M0,pow_const,F3APAY000520,18bf8a3d87fc83e9eec36f90007b131bdf820e24bd9405a890a130462cb2db8f,11801,23,310bdc2fed7176ed7645ddbe3cd2d33a477045e6688a2e7bfa82f2a7df2bd720,cadfb93a2e0dadec7250f0d38135191eb3ebc1a1e32d6e1548761bc37e37450f,ee025e4f2cac617b577c856e14c18f02eb80d5ac1aad8f08ae537190fa7946de,OK,-26.534070586361338,15.66493056597904,"[0.9636904606971791,2.42588749012634,-4.087291544498304]",,0.7421078315007906,0.4908101410287057,0,[],[],0,[],NOT_AUDITABLE,19.99980556158169,11,11,0.0021739341782944176,0.023913275961238593,0.28086310000071535,0.5,6aceac9518fc8056052807e666da9d0c8bebb010,130bea103c2f9c69a43e99900c3be1700ccaf2f86c448b45a1773da0d8abfa59,,2026-08-12T11:07:07.383126+00:00
F3AJ0001559,1559,F3ADP000838,PRIMARY,F3AE000011,F3AV000838,F3AC058,WX1,P03,0,M1,pow_const_gauss,F3APAY000520,18bf8a3d87fc83e9eec36f90007b131bdf820e24bd9405a890a130462cb2db8f,11801,23,310bdc2fed7176ed7645ddbe3cd2d33a477045e6688a2e7bfa82f2a7df2bd720,cadfb93a2e0dadec7250f0d38135191eb3ebc1a1e32d6e1548761bc37e37450f,ee025e4f2cac617b577c856e14c18f02eb80d5ac1aad8f08ae537190fa7946de,OK,-24.75058772368382,18.37003204383784,"[1.5006245910417024,4.785641684149851,-3.8886166999166663,-2.6863360168983075,-4.584794563870476,0.11759443301764615]",97.98305581458305,0.5072486225889619,0.549364247297806,0,[],[],0,[],NOT_AUDITABLE,19.99980556158169,11,11,0.0021739341782944176,0.023913275961238593,0.9919124000007287,0.5,6aceac9518fc8056052807e666da9d0c8bebb010,02b4a7037466ffa246cf61ead0c9ad659e5d87079152d4ee84a589cc183b0054,,2026-08-12T11:07:08.379847+00:00
F3AJ0001560,1560,F3ADP000838,PRIMARY,F3AE000011,F3AV000838,F3AC058,WX1,P03,0,M2,bpow_const,F3APAY000520,18bf8a3d87fc83e9eec36f90007b131bdf820e24bd9405a890a130462cb2db8f,11801,23,310bdc2fed7176ed7645ddbe3cd2d33a477045e6688a2e7bfa82f2a7df2bd720,cadfb93a2e0dadec7250f0d38135191eb3ebc1a1e32d6e1548761bc37e37450f,ee025e4f2cac617b577c856e14c18f02eb80d5ac1aad8f08ae537190fa7946de,OK,-22.35201444685686,15.971797769025171,"[-20.69464643664321,3.5816918928730077,0.004791388094103435,1.333913071675607,-18.87492519448129]",,0.9027926389127734,0.39387198922674105,1,"[""RuntimeWarning: overflow encountered in exp""]","[{""category"":""RuntimeWarning"",""message"":""overflow encountered in exp"",""filename"":""afino_spectral_models.py"",""lineno"":31}]",0,[],NOT_AUDITABLE,19.99980556158169,11,11,0.0021739341782944176,0.023913275961238593,0.5730101999943145,0.5,6aceac9518fc8056052807e666da9d0c8bebb010,67ac5446556958933d6aaa4156b8a8d77401ae9d12ba1e9cca9411094f414bba,,2026-08-12T11:07:08.957638+00:00
F3AJ0017917,17917,F3ADP008881,PRIMARY,F3AE000114,F3AV008881,F3AC067,WX2,P00,0,M0,pow_const,F3APAY005973,85ac8e350c8fe5b2f34527c643fdc79a08d88fe1938eddbacabdc6de1a4cc19f,273234,215,991691d985c9d53162348f2fa02fad11f4936666ba10975a4b2da127673daa67,510a75ecf944122a2c882509fd4f57b6c3dc57427a684dab068eabd795ee392c,61f0b6bfd78871e323a500477228aa488a6835aa1ff064656e09de8d890eae4e,OK,-1255.8217685866946,632.5837131278092,"[3.2305077385287326,3.130379926254731,-8.12362409437845]",,1.292080826047363,0.1445954032575247,0,[],[],0,[],NOT_AUDITABLE,20.000164433848656,107,107,0.00023255622752910767,0.02488351634561452,0.329427200005739,0.5,6aceac9518fc8056052807e666da9d0c8bebb010,27ca3c46f2fa1884a3df403e3acd3dcaad2f025bbe80abfc45552860bcf5dee7,,2026-08-12T11:07:09.291457+00:00
F3AJ0017918,17918,F3ADP008881,PRIMARY,F3AE000114,F3AV008881,F3AC067,WX2,P00,0,M1,pow_const_gauss,F3APAY005973,85ac8e350c8fe5b2f34527c643fdc79a08d88fe1938eddbacabdc6de1a4cc19f,273234,215,991691d985c9d53162348f2fa02fad11f4936666ba10975a4b2da127673daa67,510a75ecf944122a2c882509fd4f57b6c3dc57427a684dab068eabd795ee392c,61f0b6bfd78871e323a500477228aa488a6835aa1ff064656e09de8d890eae4e,OK,-1263.0019033482165,643.183023760263,"[2.487153869082635,2.7456213831716876,-19.999934436227225,-8.678509189146606,-3.8078765412268165,0.12785748893485935]",45.05466549218817,0.9065556316369616,0.5988604646311143,0,[],[],0,[],NOT_AUDITABLE,20.000164433848656,107,107,0.00023255622752910767,0.02488351634561452,1.0760873000035645,0.5,6aceac9518fc8056052807e666da9d0c8bebb010,fd6eb132fd45cefeaee7fd4c4680f508668a722a7c94d4146a4cebe719a9268e,,2026-08-12T11:07:10.371390+00:00
F3AJ0017919,17919,F3ADP008881,PRIMARY,F3AE000114,F3AV008881,F3AC067,WX2,P00,0,M2,bpow_const,F3APAY005973,85ac8e350c8fe5b2f34527c643fdc79a08d88fe1938eddbacabdc6de1a4cc19f,273234,215,991691d985c9d53162348f2fa02fad11f4936666ba10975a4b2da127673daa67,510a75ecf944122a2c882509fd4f57b6c3dc57427a684dab068eabd795ee392c,61f0b6bfd78871e323a500477228aa488a6835aa1ff064656e09de8d890eae4e,OK,-1250.7673488823987,634.7293321101231,"[-19.55916627582374,2.614753232220365,0.0033,4.136784712604828,-8.041527895112585]",,1.2040511252409942,0.21794297861191667,3,"[""RuntimeWarning: overflow encountered in exp""]","[{""category"":""RuntimeWarning"",""message"":""overflow encountered in exp"",""filename"":""afino_spectral_models.py"",""lineno"":31},{""category"":""RuntimeWarning"",""message"":""overflow encountered in exp"",""filename"":""afino_spectral_models.py"",""lineno"":31},{""category"":""RuntimeWarning"",""message"":""overflow encountered in exp"",""filename"":""afino_spectral_models.py"",""lineno"":31}]",1,"[{""parameter_index"":2,""side"":""lower"",""value"":0.0033,""bound"":0.0033}]",NOT_AUDITABLE,20.000164433848656,107,107,0.00023255622752910767,0.02488351634561452,0.5947349999987637,0.5,6aceac9518fc8056052807e666da9d0c8bebb010,7ba1d514c24f78339951f42791a8c6c158000488658001b72ce15d278a80986e,,2026-08-12T11:07:10.970604+00:00
F3AJ0018073,18073,F3ADP008959,PRIMARY,F3AE000115,F3AV008959,F3AC067,WX2,P00,0,M0,pow_const,F3APAY006025,b8c957b6373ad2c97c3f70e797524d08afd1e4136cdc6569fe6fb76a2e86bc70,284514,222,36004b4aba87520bafc14a28b02110da19a12d4f97c9beca20c9adc17b78b0ee,fe319373dc22fd4261b28f21b4e1bf3250898f06156c202e2b9e326799e51789,2282c6fb2fcc5e689ab91f3a9898ff0a767e124753799dd12de813bcf0446fe0,OK,-1431.537812192871,720.4693864622278,"[1.650172563430666,3.308832193773095,-8.156555129770478]",,0.8748826496239911,0.6512002877718506,0,[],[],0,[],NOT_AUDITABLE,20.000144222726764,110,110,0.00022522360110713104,0.024774596121784415,0.3310131999969599,0.5,6aceac9518fc8056052807e666da9d0c8bebb010,5144f238150887d600f12b385822ba0abc3fb1a220d358720a8e0e83e8f258aa,,2026-08-12T11:07:11.307019+00:00
F3AJ0018074,18074,F3ADP008959,PRIMARY,F3AE000115,F3AV008959,F3AC067,WX2,P00,0,M1,pow_const_gauss,F3APAY006025,b8c957b6373ad2c97c3f70e797524d08afd1e4136cdc6569fe6fb76a2e86bc70,284514,222,36004b4aba87520bafc14a28b02110da19a12d4f97c9beca20c9adc17b78b0ee,fe319373dc22fd4261b28f21b4e1bf3250898f06156c202e2b9e326799e51789,2282c6fb2fcc5e689ab91f3a9898ff0a767e124753799dd12de813bcf0446fe0,OK,-1424.6634978805546,724.0829498547583,"[1.4576270614211444,3.1191867898036323,-8.659026696624784,-9.068472527345914,-4.126010389278208,0.16398761662028705]",61.930351412144816,0.8019934413330957,0.7508835918124026,0,[],[],0,[],NOT_AUDITABLE,20.000144222726764,110,110,0.00022522360110713104,0.024774596121784415,1.0259783000001335,0.5,6aceac9518fc8056052807e666da9d0c8bebb010,077798c279c975c73decd53a6baded94c8c8f92e1a3936cf8bc871677d7c64da,,2026-08-12T11:07:12.337152+00:00
F3AJ0018075,18075,F3ADP008959,PRIMARY,F3AE000115,F3AV008959,F3AC067,WX2,P00,0,M2,bpow_const,F3APAY006025,b8c957b6373ad2c97c3f70e797524d08afd1e4136cdc6569fe6fb76a2e86bc70,284514,222,36004b4aba87520bafc14a28b02110da19a12d4f97c9beca20c9adc17b78b0ee,fe319373dc22fd4261b28f21b4e1bf3250898f06156c202e2b9e326799e51789,2282c6fb2fcc5e689ab91f3a9898ff0a767e124753799dd12de813bcf0446fe0,OK,-1424.1362252322817,721.4690733477257,"[-25.400461271462998,3.206601519213174,0.004504471845371621,9.0,-8.134723305022044]",,0.8453394252963813,0.6921557476607457,8,"[""RuntimeWarning: overflow encountered in exp""]","[{""category"":""RuntimeWarning"",""message"":""overflow encountered in exp"",""filename"":""afino_spectral_models.py"",""lineno"":31},{""category"":""RuntimeWarning"",""message"":""overflow encountered in exp"",""filename"":""afino_spectral_models.py"",""lineno"":31},{""category"":""RuntimeWarning"",""message"":""overflow encountered in exp"",""filename"":""afino_spectral_models.py"",""lineno"":31},{""category"":""RuntimeWarning"",""message"":""overflow encountered in exp"",""filename"":""afino_spectral_models.py"",""lineno"":31},{""category"":""RuntimeWarning"",""message"":""overflow encountered in exp"",""filename"":""afino_spectral_models.py"",""lineno"":31},{""category"":""RuntimeWarning"",""message"":""overflow encountered in exp"",""filename"":""afino_spectral_models.py"",""lineno"":31},{""category"":""RuntimeWarning"",""message"":""overflow encountered in exp"",""filename"":""afino_spectral_models.py"",""lineno"":31},{""category"":""RuntimeWarning"",""message"":""overflow encountered in exp"",""filename"":""afino_spectral_models.py"",""lineno"":31}]",1,"[{""parameter_index"":3,""side"":""upper"",""value"":9.0,""bound"":9.0}]",NOT_AUDITABLE,20.000144222726764,110,110,0.00022522360110713104,0.024774596121784415,0.6861121000038111,0.5,6aceac9518fc8056052807e666da9d0c8bebb010,bdf897e3df29e64acc0648e3d3b07a29842a4f86e59cd06e48bd601a95db7b3d,,2026-08-12T11:07:13.027321+00:00
F3AJ0019267,19267,F3ADS000001,STABILITY,F3AE000001,F3AV000001,F3AC001,W00,P00,1,M0,pow_const,F3APAY000001,1d02146c8a280c6810f282a46c92a9d46209796954131b2c1022de6e37a3d764,0,30,8f02e4975373e3d1a79a1791cef6da9e0e8b5e5eb540ec4986e69d98fca561f4,7ef3299771114bf21a23efd28e9140946ac49c59d85cb0a73a02ecefe0c54213,69ecdaad9ea5c34199d539a5d1899d655494f8bcaddf7efcb94412d10c413a5d,OK,33.58484897744572,-14.153367159107603,"[0.8638467659854501,6.0,-0.08324340781365376]",,0.7910376690710894,0.49865925115428456,0,[],[],1,"[{""parameter_index"":1,""side"":""upper"",""value"":6.0,""bound"":6.0}]",NOT_AUDITABLE,20.00016521623334,14,14,0.0016666528987609554,0.023333140582653376,0.2221934000044712,0.5,6aceac9518fc8056052807e666da9d0c8bebb010,31c3cc89ea69bcfe1ffa6551960740c223c762512c31b514c7e0a018e0ba2a01,,2026-08-12T11:07:13.253595+00:00
F3AJ0019268,19268,F3ADS000001,STABILITY,F3AE000001,F3AV000001,F3AC001,W00,P00,1,M1,pow_const_gauss,F3APAY000001,1d02146c8a280c6810f282a46c92a9d46209796954131b2c1022de6e37a3d764,0,30,8f02e4975373e3d1a79a1791cef6da9e0e8b5e5eb540ec4986e69d98fca561f4,7ef3299771114bf21a23efd28e9140946ac49c59d85cb0a73a02ecefe0c54213,69ecdaad9ea5c34199d539a5d1899d655494f8bcaddf7efcb94412d10c413a5d,OK,36.13168564952332,-11.468199500723513,"[1.5937144350085963,1.35018206027416,-17.921738753587096,-0.3517363161908755,-4.145022269260407,0.10873053721061932]",63.11902750015419,0.8982765453699214,0.4173499385979942,0,[],[],0,[],NOT_AUDITABLE,20.00016521623334,14,14,0.0016666528987609554,0.023333140582653376,0.9279156999982661,0.5,6aceac9518fc8056052807e666da9d0c8bebb010,d13a89af3d1ef56a54caac4dfef8b08009f72f3d2b635812a4d9fda283eb3b34,,2026-08-12T11:07:14.185933+00:00
F3AJ0019269,19269,F3ADS000001,STABILITY,F3AE000001,F3AV000001,F3AC001,W00,P00,1,M2,bpow_const,F3APAY000001,1d02146c8a280c6810f282a46c92a9d46209796954131b2c1022de6e37a3d764,0,30,8f02e4975373e3d1a79a1791cef6da9e0e8b5e5eb540ec4986e69d98fca561f4,7ef3299771114bf21a23efd28e9140946ac49c59d85cb0a73a02ecefe0c54213,69ecdaad9ea5c34199d539a5d1899d655494f8bcaddf7efcb94412d10c413a5d,OK,36.90018374920286,-13.171977215370912,"[-4.373550098284904,1.0,0.01833318161304899,9.0,-17.892130051886195]",,1.2714300615216736,0.28241095884077133,8,"[""RuntimeWarning: overflow encountered in exp""]","[{""category"":""RuntimeWarning"",""message"":""overflow encountered in exp"",""filename"":""afino_spectral_models.py"",""lineno"":31},{""category"":""RuntimeWarning"",""message"":""overflow encountered in exp"",""filename"":""afino_spectral_models.py"",""lineno"":31},{""category"":""RuntimeWarning"",""message"":""overflow encountered in exp"",""filename"":""afino_spectral_models.py"",""lineno"":31},{""category"":""RuntimeWarning"",""message"":""overflow encountered in exp"",""filename"":""afino_spectral_models.py"",""lineno"":31},{""category"":""RuntimeWarning"",""message"":""overflow encountered in exp"",""filename"":""afino_spectral_models.py"",""lineno"":72},{""category"":""RuntimeWarning"",""message"":""overflow encountered in exp"",""filename"":""afino_spectral_models.py"",""lineno"":73},{""category"":""RuntimeWarning"",""message"":""overflow encountered in exp"",""filename"":""afino_spectral_models.py"",""lineno"":72},{""category"":""RuntimeWarning"",""message"":""overflow encountered in exp"",""filename"":""afino_spectral_models.py"",""lineno"":73}]",1,"[{""parameter_index"":1,""side"":""lower"",""value"":1.0,""bound"":1.0},{""parameter_index"":3,""side"":""upper"",""value"":9.0,""bound"":9.0}]",NOT_AUDITABLE,20.00016521623334,14,14,0.0016666528987609554,0.023333140582653376,0.7473143999959575,0.5,6aceac9518fc8056052807e666da9d0c8bebb010,6b8f3383ef54a6ae574fd9e1a5a96f83182a90b37dd31dbb8c8d4b64b62cd499,,2026-08-12T11:07:14.937391+00:00
F3AJ0019291,19291,F3ADS000009,STABILITY,F3AE000001,F3AV000001,F3AC001,W00,P00,9,M0,pow_const,F3APAY000001,1d02146c8a280c6810f282a46c92a9d46209796954131b2c1022de6e37a3d764,0,30,8f02e4975373e3d1a79a1791cef6da9e0e8b5e5eb540ec4986e69d98fca561f4,7ef3299771114bf21a23efd28e9140946ac49c59d85cb0a73a02ecefe0c54213,69ecdaad9ea5c34199d539a5d1899d655494f8bcaddf7efcb94412d10c413a5d,OK,33.58484897744774,-14.153367159108614,"[0.863845574528986,6.0,-0.08324371545253348]",,0.7910381609965724,0.49865897428497563,0,[],[],1,"[{""parameter_index"":1,""side"":""upper"",""value"":6.0,""bound"":6.0}]",NOT_AUDITABLE,20.00016521623334,14,14,0.0016666528987609554,0.023333140582653376,0.177530700006173,0.5,6aceac9518fc8056052807e666da9d0c8bebb010,2fc653538b8ea61256d43d7d882608958d299d4d9d1a9c0f2fa93ff72a2ea188,,2026-08-12T11:07:15.119005+00:00
F3AJ0019292,19292,F3ADS000009,STABILITY,F3AE000001,F3AV000001,F3AC001,W00,P00,9,M1,pow_const_gauss,F3APAY000001,1d02146c8a280c6810f282a46c92a9d46209796954131b2c1022de6e37a3d764,0,30,8f02e4975373e3d1a79a1791cef6da9e0e8b5e5eb540ec4986e69d98fca561f4,7ef3299771114bf21a23efd28e9140946ac49c59d85cb0a73a02ecefe0c54213,69ecdaad9ea5c34199d539a5d1899d655494f8bcaddf7efcb94412d10c413a5d,OK,36.13168558880511,-11.46819947036441,"[1.59374282066023,1.350192698187882,-18.42602946546767,-0.351735730372393,-4.145022281386386,0.10872996386432603]",63.11902826553422,0.8982616774031305,0.41735641247185007,0,[],[],0,[],NOT_AUDITABLE,20.00016521623334,14,14,0.0016666528987609554,0.023333140582653376,0.6557613000040874,0.5,6aceac9518fc8056052807e666da9d0c8bebb010,87671f00b84a48f2d63b81cb6e37cd9e210fafcc7752e620f8dcbb5f29ad822c,,2026-08-12T11:07:15.779705+00:00
F3AJ0019293,19293,F3ADS000009,STABILITY,F3AE000001,F3AV000001,F3AC001,W00,P00,9,M2,bpow_const,F3APAY000001,1d02146c8a280c6810f282a46c92a9d46209796954131b2c1022de6e37a3d764,0,30,8f02e4975373e3d1a79a1791cef6da9e0e8b5e5eb540ec4986e69d98fca561f4,7ef3299771114bf21a23efd28e9140946ac49c59d85cb0a73a02ecefe0c54213,69ecdaad9ea5c34199d539a5d1899d655494f8bcaddf7efcb94412d10c413a5d,OK,36.90018604682955,-13.17197836418426,"[-4.373695464382778,1.0,0.018333180322445606,9.0,-16.074795285417437]",,1.2718005761194775,0.28229390348186384,6,"[""RuntimeWarning: overflow encountered in exp""]","[{""category"":""RuntimeWarning"",""message"":""overflow encountered in exp"",""filename"":""afino_spectral_models.py"",""lineno"":31},{""category"":""RuntimeWarning"",""message"":""overflow encountered in exp"",""filename"":""afino_spectral_models.py"",""lineno"":31},{""category"":""RuntimeWarning"",""message"":""overflow encountered in exp"",""filename"":""afino_spectral_models.py"",""lineno"":31},{""category"":""RuntimeWarning"",""message"":""overflow encountered in exp"",""filename"":""afino_spectral_models.py"",""lineno"":31},{""category"":""RuntimeWarning"",""message"":""overflow encountered in exp"",""filename"":""afino_spectral_models.py"",""lineno"":31},{""category"":""RuntimeWarning"",""message"":""overflow encountered in exp"",""filename"":""afino_spectral_models.py"",""lineno"":31}]",1,"[{""parameter_index"":1,""side"":""lower"",""value"":1.0,""bound"":1.0},{""parameter_index"":3,""side"":""upper"",""value"":9.0,""bound"":9.0}]",NOT_AUDITABLE,20.00016521623334,14,14,0.0016666528987609554,0.023333140582653376,0.5690736000033212,0.5,6aceac9518fc8056052807e666da9d0c8bebb010,789bf2459824bbca32a38675289870f813b749e07461aab8efdc40e3956e9050,,2026-08-12T11:07:16.353278+00:00
F3AJ0019294,19294,F3ADS000010,STABILITY,F3AE000002,F3AV000079,F3AC001,W00,P00,1,M0,pow_const,F3APAY000045,55b948e36dc833207dac681f397fa50a0ca6009e9432fb5c6cb0dbbeab819b96,1344,28,5892a7dfc0c8cbde9cc60aaab3443c5975f1e49d630b270d8af2bda9caf1899d,caa147e38d8bc6a253e6d032d861dce719d576c2229f3460ea85d0b0adcdb20a,f0d4ac98788c7e5b0c0297cb90c072d596249603b91aec2d60961236320abef1,OK,-27.87827078237578,16.504084748649426,"[1.8528752778581197,3.673016255396029,-3.0277031015932825]",,0.4389374175146047,0.7080287015949915,0,[],[],0,[],NOT_AUDITABLE,20.0002961413702,13,13,0.0017856878449120286,0.023213941983856373,0.2535663000016939,0.5,6aceac9518fc8056052807e666da9d0c8bebb010,0459fd05e609176e37db581c22b33c541c80eab5ec8c9959863e0af411cc46cd,,2026-08-12T11:07:16.610971+00:00
F3AJ0019295,19295,F3ADS000010,STABILITY,F3AE000002,F3AV000079,F3AC001,W00,P00,1,M1,pow_const_gauss,F3APAY000045,55b948e36dc833207dac681f397fa50a0ca6009e9432fb5c6cb0dbbeab819b96,1344,28,5892a7dfc0c8cbde9cc60aaab3443c5975f1e49d630b270d8af2bda9caf1899d,caa147e38d8bc6a253e6d032d861dce719d576c2229f3460ea85d0b0adcdb20a,f0d4ac98788c7e5b0c0297cb90c072d596249603b91aec2d60961236320abef1,OK,-21.965035972717367,17.394891380012524,"[1.2952660129164406,6.0,-2.996404928470118,3.8691362411973387,-5.447985895784216,0.05432559704716614]",232.28983849287815,0.5278256997244667,0.5898861659740898,0,[],[],1,"[{""parameter_index"":1,""side"":""upper"",""value"":6.0,""bound"":6.0}]",NOT_AUDITABLE,20.0002961413702,13,13,0.0017856878449120286,0.023213941983856373,0.758986199994979,0.5,6aceac9518fc8056052807e666da9d0c8bebb010,3e1baec786880072b21b69c43e62f7634996d1004620c882b0ca4bffda3b4f21,,2026-08-12T11:07:17.375115+00:00
F3AJ0019296,19296,F3ADS000010,STABILITY,F3AE000002,F3AV000079,F3AC001,W00,P00,1,M2,bpow_const,F3APAY000045,55b948e36dc833207dac681f397fa50a0ca6009e9432fb5c6cb0dbbeab819b96,1344,28,5892a7dfc0c8cbde9cc60aaab3443c5975f1e49d630b270d8af2bda9caf1899d,caa147e38d8bc6a253e6d032d861dce719d576c2229f3460ea85d0b0adcdb20a,f0d4ac98788c7e5b0c0297cb90c072d596249603b91aec2d60961236320abef1,OK,-24.320901642523097,17.29034953618462,"[-10.582280803652992,1.879403259726159,0.004238915585391605,9.0,-2.9846613433367253]",,0.4644304658927176,0.6513761898788897,0,[],[],1,"[{""parameter_index"":3,""side"":""upper"",""value"":9.0,""bound"":9.0}]",NOT_AUDITABLE,20.0002961413702,13,13,0.0017856878449120286,0.023213941983856373,0.717355900000257,0.5,6aceac9518fc8056052807e666da9d0c8bebb010,440d5ea509c62f04d60a5fcd734b518c256735bf652885bcee9673f0edada5a3,,2026-08-12T11:07:18.096143+00:00
F3AJ0019318,19318,F3ADS000018,STABILITY,F3AE000002,F3AV000079,F3AC001,W00,P00,9,M0,pow_const,F3APAY000045,55b948e36dc833207dac681f397fa50a0ca6009e9432fb5c6cb0dbbeab819b96,1344,28,5892a7dfc0c8cbde9cc60aaab3443c5975f1e49d630b270d8af2bda9caf1899d,caa147e38d8bc6a253e6d032d861dce719d576c2229f3460ea85d0b0adcdb20a,f0d4ac98788c7e5b0c0297cb90c072d596249603b91aec2d60961236320abef1,OK,-27.878270782377044,16.504084748650058,"[1.8528734767551975,3.67301389715535,-3.0277033263373716]",,0.4389373806307589,0.7080287274134447,0,[],[],0,[],NOT_AUDITABLE,20.0002961413702,13,13,0.0017856878449120286,0.023213941983856373,0.2633951000025263,0.5,6aceac9518fc8056052807e666da9d0c8bebb010,f8cb3b6342bc4a0bffc43bf71fabecaec18682f71d1409b33f25702f0190aef7,,2026-08-12T11:07:18.364038+00:00
F3AJ0019319,19319,F3ADS000018,STABILITY,F3AE000002,F3AV000079,F3AC001,W00,P00,9,M1,pow_const_gauss,F3APAY000045,55b948e36dc833207dac681f397fa50a0ca6009e9432fb5c6cb0dbbeab819b96,1344,28,5892a7dfc0c8cbde9cc60aaab3443c5975f1e49d630b270d8af2bda9caf1899d,caa147e38d8bc6a253e6d032d861dce719d576c2229f3460ea85d0b0adcdb20a,f0d4ac98788c7e5b0c0297cb90c072d596249603b91aec2d60961236320abef1,OK,-21.255040406941127,17.039893597124404,"[1.3669558884157418,3.9180729271623553,-2.9797608345980033,-2.0509049395827854,-5.65696183536547,0.06468531404090364]",286.27756161907405,0.5198551603544903,0.5946066643519933,0,[],[],0,[],NOT_AUDITABLE,20.0002961413702,13,13,0.0017856878449120286,0.023213941983856373,0.8581444000010379,0.5,6aceac9518fc8056052807e666da9d0c8bebb010,3d4f34b0515c5e2708b98e1c289f00c9c882b64064af3d87d6b1e11345021116,,2026-08-12T11:07:19.226901+00:00
F3AJ0019320,19320,F3ADS000018,STABILITY,F3AE000002,F3AV000079,F3AC001,W00,P00,9,M2,bpow_const,F3APAY000045,55b948e36dc833207dac681f397fa50a0ca6009e9432fb5c6cb0dbbeab819b96,1344,28,5892a7dfc0c8cbde9cc60aaab3443c5975f1e49d630b270d8af2bda9caf1899d,caa147e38d8bc6a253e6d032d861dce719d576c2229f3460ea85d0b0adcdb20a,f0d4ac98788c7e5b0c0297cb90c072d596249603b91aec2d60961236320abef1,OK,-24.320901166766106,17.290349298306126,"[-10.582574708848767,1.8794692098909307,0.004238753755158002,9.0,-2.984451231654471]",,0.46424538666351534,0.6514970991083038,12,"[""RuntimeWarning: invalid value encountered in subtract"",""RuntimeWarning: overflow encountered in exp""]","[{""category"":""RuntimeWarning"",""message"":""overflow encountered in exp"",""filename"":""afino_spectral_models.py"",""lineno"":31},{""category"":""RuntimeWarning"",""message"":""overflow encountered in exp"",""filename"":""afino_spectral_models.py"",""lineno"":31},{""category"":""RuntimeWarning"",""message"":""overflow encountered in exp"",""filename"":""afino_spectral_models.py"",""lineno"":31},{""category"":""RuntimeWarning"",""message"":""invalid value encountered in subtract"",""filename"":""_numdiff.py"",""lineno"":710},{""category"":""RuntimeWarning"",""message"":""overflow encountered in exp"",""filename"":""afino_spectral_models.py"",""lineno"":31},{""category"":""RuntimeWarning"",""message"":""invalid value encountered in subtract"",""filename"":""_numdiff.py"",""lineno"":710},{""category"":""RuntimeWarning"",""message"":""overflow encountered in exp"",""filename"":""afino_spectral_models.py"",""lineno"":31},{""category"":""RuntimeWarning"",""message"":""invalid value encountered in subtract"",""filename"":""_numdiff.py"",""lineno"":710},{""category"":""RuntimeWarning"",""message"":""overflow encountered in exp"",""filename"":""afino_spectral_models.py"",""lineno"":31},{""category"":""RuntimeWarning"",""message"":""invalid value encountered in subtract"",""filename"":""_numdiff.py"",""lineno"":710},{""category"":""RuntimeWarning"",""message"":""overflow encountered in exp"",""filename"":""afino_spectral_models.py"",""lineno"":31},{""category"":""RuntimeWarning"",""message"":""invalid value encountered in subtract"",""filename"":""_numdiff.py"",""lineno"":710}]",1,"[{""parameter_index"":3,""side"":""upper"",""value"":9.0,""bound"":9.0}]",NOT_AUDITABLE,20.0002961413702,13,13,0.0017856878449120286,0.023213941983856373,0.6506918000013684,0.5,6aceac9518fc8056052807e666da9d0c8bebb010,4b553d7e2b3f8845f47b05629c5927330095233b3f5084a6644bb175b6e9b8ed,,2026-08-12T11:07:19.881578+00:00
