canary_job_order,job_id,job_order,planned_decision_id,decision_class,simulation_unit_id,background_realization_id,external_optimizer_seed,model_id,payload_logical_sha256,afino_version,afino_commit,low_frequency_cutoff_hz,execution_status
1,F3B2J0000031,31,F3B2D000011,BASELINE,F3BBG_N015_A0_Q001_R013:NULL:PRIMARY,F3BBG_N015_A0_Q001_R013,0,M0,f72f18f31419c88f61e23f524762e509ed2616e2c1d728aeb6574ae5295c26de,0.5,6aceac9518fc8056052807e666da9d0c8bebb010,0.025,NOT_EXECUTED
2,F3B2J0000032,32,F3B2D000011,BASELINE,F3BBG_N015_A0_Q001_R013:NULL:PRIMARY,F3BBG_N015_A0_Q001_R013,0,M1,f72f18f31419c88f61e23f524762e509ed2616e2c1d728aeb6574ae5295c26de,0.5,6aceac9518fc8056052807e666da9d0c8bebb010,0.025,NOT_EXECUTED
3,F3B2J0000033,33,F3B2D000011,BASELINE,F3BBG_N015_A0_Q001_R013:NULL:PRIMARY,F3BBG_N015_A0_Q001_R013,0,M2,f72f18f31419c88f61e23f524762e509ed2616e2c1d728aeb6574ae5295c26de,0.5,6aceac9518fc8056052807e666da9d0c8bebb010,0.025,NOT_EXECUTED
4,F3B2J0000034,34,F3B2D000012,BASELINE,F3BBG_N015_A0_Q001_R013:POS:PRIMARY,F3BBG_N015_A0_Q001_R013,0,M0,e159398bfbb682f2af04f08357a0a890135006a086a80ace04315c7bab9b765e,0.5,6aceac9518fc8056052807e666da9d0c8bebb010,0.025,NOT_EXECUTED
5,F3B2J0000035,35,F3B2D000012,BASELINE,F3BBG_N015_A0_Q001_R013:POS:PRIMARY,F3BBG_N015_A0_Q001_R013,0,M1,e159398bfbb682f2af04f08357a0a890135006a086a80ace04315c7bab9b765e,0.5,6aceac9518fc8056052807e666da9d0c8bebb010,0.025,NOT_EXECUTED
6,F3B2J0000036,36,F3B2D000012,BASELINE,F3BBG_N015_A0_Q001_R013:POS:PRIMARY,F3BBG_N015_A0_Q001_R013,0,M2,e159398bfbb682f2af04f08357a0a890135006a086a80ace04315c7bab9b765e,0.5,6aceac9518fc8056052807e666da9d0c8bebb010,0.025,NOT_EXECUTED
7,F3B2J0000319,319,F3B2D000107,BASELINE,F3BBG_N015_A0_Q002_R012:NULL:PRIMARY,F3BBG_N015_A0_Q002_R012,0,M0,ca27cdbfe79869e5aed8cea05f1215e6bac1d195c2212c8d80dc38e2e8664e1b,0.5,6aceac9518fc8056052807e666da9d0c8bebb010,0.025,NOT_EXECUTED
8,F3B2J0000320,320,F3B2D000107,BASELINE,F3BBG_N015_A0_Q002_R012:NULL:PRIMARY,F3BBG_N015_A0_Q002_R012,0,M1,ca27cdbfe79869e5aed8cea05f1215e6bac1d195c2212c8d80dc38e2e8664e1b,0.5,6aceac9518fc8056052807e666da9d0c8bebb010,0.025,NOT_EXECUTED
9,F3B2J0000321,321,F3B2D000107,BASELINE,F3BBG_N015_A0_Q002_R012:NULL:PRIMARY,F3BBG_N015_A0_Q002_R012,0,M2,ca27cdbfe79869e5aed8cea05f1215e6bac1d195c2212c8d80dc38e2e8664e1b,0.5,6aceac9518fc8056052807e666da9d0c8bebb010,0.025,NOT_EXECUTED
10,F3B2J0000322,322,F3B2D000108,BASELINE,F3BBG_N015_A0_Q002_R012:POS:PRIMARY,F3BBG_N015_A0_Q002_R012,0,M0,61a3d72df0e45f8471f16d3e24ea3e7c374940b3cd9c660c615b3b196b1aefe3,0.5,6aceac9518fc8056052807e666da9d0c8bebb010,0.025,NOT_EXECUTED
11,F3B2J0000323,323,F3B2D000108,BASELINE,F3BBG_N015_A0_Q002_R012:POS:PRIMARY,F3BBG_N015_A0_Q002_R012,0,M1,61a3d72df0e45f8471f16d3e24ea3e7c374940b3cd9c660c615b3b196b1aefe3,0.5,6aceac9518fc8056052807e666da9d0c8bebb010,0.025,NOT_EXECUTED
12,F3B2J0000324,324,F3B2D000108,BASELINE,F3BBG_N015_A0_Q002_R012:POS:PRIMARY,F3BBG_N015_A0_Q002_R012,0,M2,61a3d72df0e45f8471f16d3e24ea3e7c374940b3cd9c660c615b3b196b1aefe3,0.5,6aceac9518fc8056052807e666da9d0c8bebb010,0.025,NOT_EXECUTED
13,F3B2J0000763,763,F3B2D000255,BASELINE,F3BBG_N015_A0_Q004_R054:NULL:PRIMARY,F3BBG_N015_A0_Q004_R054,0,M0,33d5eb8b8051c7f3f245875baeddf29ac0beaf7b1297ec913a1170ab803528fc,0.5,6aceac9518fc8056052807e666da9d0c8bebb010,0.025,NOT_EXECUTED
14,F3B2J0000764,764,F3B2D000255,BASELINE,F3BBG_N015_A0_Q004_R054:NULL:PRIMARY,F3BBG_N015_A0_Q004_R054,0,M1,33d5eb8b8051c7f3f245875baeddf29ac0beaf7b1297ec913a1170ab803528fc,0.5,6aceac9518fc8056052807e666da9d0c8bebb010,0.025,NOT_EXECUTED
15,F3B2J0000765,765,F3B2D000255,BASELINE,F3BBG_N015_A0_Q004_R054:NULL:PRIMARY,F3BBG_N015_A0_Q004_R054,0,M2,33d5eb8b8051c7f3f245875baeddf29ac0beaf7b1297ec913a1170ab803528fc,0.5,6aceac9518fc8056052807e666da9d0c8bebb010,0.025,NOT_EXECUTED
16,F3B2J0000766,766,F3B2D000256,BASELINE,F3BBG_N015_A0_Q004_R054:POS:PRIMARY,F3BBG_N015_A0_Q004_R054,0,M0,50d36135e27da9eaa81ea5ac93ca0a858abab9a357b947a771a5eed828da35c6,0.5,6aceac9518fc8056052807e666da9d0c8bebb010,0.025,NOT_EXECUTED
17,F3B2J0000767,767,F3B2D000256,BASELINE,F3BBG_N015_A0_Q004_R054:POS:PRIMARY,F3BBG_N015_A0_Q004_R054,0,M1,50d36135e27da9eaa81ea5ac93ca0a858abab9a357b947a771a5eed828da35c6,0.5,6aceac9518fc8056052807e666da9d0c8bebb010,0.025,NOT_EXECUTED
18,F3B2J0000768,768,F3B2D000256,BASELINE,F3BBG_N015_A0_Q004_R054:POS:PRIMARY,F3BBG_N015_A0_Q004_R054,0,M2,50d36135e27da9eaa81ea5ac93ca0a858abab9a357b947a771a5eed828da35c6,0.5,6aceac9518fc8056052807e666da9d0c8bebb010,0.025,NOT_EXECUTED
19,F3B2J0000913,913,F3B2D000305,BASELINE,F3BBG_N015_A1_Q001_R004:NULL:PRIMARY,F3BBG_N015_A1_Q001_R004,0,M0,fea2cef8766cee456900b0cbac704185489a29b23e72aaf69b6d8bf06fdc4b69,0.5,6aceac9518fc8056052807e666da9d0c8bebb010,0.025,NOT_EXECUTED
20,F3B2J0000914,914,F3B2D000305,BASELINE,F3BBG_N015_A1_Q001_R004:NULL:PRIMARY,F3BBG_N015_A1_Q001_R004,0,M1,fea2cef8766cee456900b0cbac704185489a29b23e72aaf69b6d8bf06fdc4b69,0.5,6aceac9518fc8056052807e666da9d0c8bebb010,0.025,NOT_EXECUTED
21,F3B2J0000915,915,F3B2D000305,BASELINE,F3BBG_N015_A1_Q001_R004:NULL:PRIMARY,F3BBG_N015_A1_Q001_R004,0,M2,fea2cef8766cee456900b0cbac704185489a29b23e72aaf69b6d8bf06fdc4b69,0.5,6aceac9518fc8056052807e666da9d0c8bebb010,0.025,NOT_EXECUTED
22,F3B2J0000916,916,F3B2D000306,BASELINE,F3BBG_N015_A1_Q001_R004:POS:PRIMARY,F3BBG_N015_A1_Q001_R004,0,M0,8e3f393b578121759d5afb26822d96b4ab0ad8d9160e526563ba5023907181b0,0.5,6aceac9518fc8056052807e666da9d0c8bebb010,0.025,NOT_EXECUTED
23,F3B2J0000917,917,F3B2D000306,BASELINE,F3BBG_N015_A1_Q001_R004:POS:PRIMARY,F3BBG_N015_A1_Q001_R004,0,M1,8e3f393b578121759d5afb26822d96b4ab0ad8d9160e526563ba5023907181b0,0.5,6aceac9518fc8056052807e666da9d0c8bebb010,0.025,NOT_EXECUTED
24,F3B2J0000918,918,F3B2D000306,BASELINE,F3BBG_N015_A1_Q001_R004:POS:PRIMARY,F3BBG_N015_A1_Q001_R004,0,M2,8e3f393b578121759d5afb26822d96b4ab0ad8d9160e526563ba5023907181b0,0.5,6aceac9518fc8056052807e666da9d0c8bebb010,0.025,NOT_EXECUTED
25,F3B2J0001351,1351,F3B2D000451,BASELINE,F3BBG_N015_A1_Q002_R054:NULL:PRIMARY,F3BBG_N015_A1_Q002_R054,0,M0,a1b260825e9d9fcb2e16851913aca0c5c5be614130f25d963a73ef6c9e74180f,0.5,6aceac9518fc8056052807e666da9d0c8bebb010,0.025,NOT_EXECUTED
26,F3B2J0001352,1352,F3B2D000451,BASELINE,F3BBG_N015_A1_Q002_R054:NULL:PRIMARY,F3BBG_N015_A1_Q002_R054,0,M1,a1b260825e9d9fcb2e16851913aca0c5c5be614130f25d963a73ef6c9e74180f,0.5,6aceac9518fc8056052807e666da9d0c8bebb010,0.025,NOT_EXECUTED
27,F3B2J0001353,1353,F3B2D000451,BASELINE,F3BBG_N015_A1_Q002_R054:NULL:PRIMARY,F3BBG_N015_A1_Q002_R054,0,M2,a1b260825e9d9fcb2e16851913aca0c5c5be614130f25d963a73ef6c9e74180f,0.5,6aceac9518fc8056052807e666da9d0c8bebb010,0.025,NOT_EXECUTED
28,F3B2J0001354,1354,F3B2D000452,BASELINE,F3BBG_N015_A1_Q002_R054:POS:PRIMARY,F3BBG_N015_A1_Q002_R054,0,M0,d7f1fd2856a233a766389e4e3483b302430004adba3f45b836bda33c85d995ee,0.5,6aceac9518fc8056052807e666da9d0c8bebb010,0.025,NOT_EXECUTED
29,F3B2J0001355,1355,F3B2D000452,BASELINE,F3BBG_N015_A1_Q002_R054:POS:PRIMARY,F3BBG_N015_A1_Q002_R054,0,M1,d7f1fd2856a233a766389e4e3483b302430004adba3f45b836bda33c85d995ee,0.5,6aceac9518fc8056052807e666da9d0c8bebb010,0.025,NOT_EXECUTED
30,F3B2J0001356,1356,F3B2D000452,BASELINE,F3BBG_N015_A1_Q002_R054:POS:PRIMARY,F3BBG_N015_A1_Q002_R054,0,M2,d7f1fd2856a233a766389e4e3483b302430004adba3f45b836bda33c85d995ee,0.5,6aceac9518fc8056052807e666da9d0c8bebb010,0.025,NOT_EXECUTED
31,F3B2J0001603,1603,F3B2D000535,BASELINE,F3BBG_N015_A1_Q004_R035:NULL:PRIMARY,F3BBG_N015_A1_Q004_R035,0,M0,8269842f9d23399231e43635fc7d6679446a2dc37640177a37746bce84c49c45,0.5,6aceac9518fc8056052807e666da9d0c8bebb010,0.025,NOT_EXECUTED
32,F3B2J0001604,1604,F3B2D000535,BASELINE,F3BBG_N015_A1_Q004_R035:NULL:PRIMARY,F3BBG_N015_A1_Q004_R035,0,M1,8269842f9d23399231e43635fc7d6679446a2dc37640177a37746bce84c49c45,0.5,6aceac9518fc8056052807e666da9d0c8bebb010,0.025,NOT_EXECUTED
33,F3B2J0001605,1605,F3B2D000535,BASELINE,F3BBG_N015_A1_Q004_R035:NULL:PRIMARY,F3BBG_N015_A1_Q004_R035,0,M2,8269842f9d23399231e43635fc7d6679446a2dc37640177a37746bce84c49c45,0.5,6aceac9518fc8056052807e666da9d0c8bebb010,0.025,NOT_EXECUTED
34,F3B2J0001606,1606,F3B2D000536,BASELINE,F3BBG_N015_A1_Q004_R035:POS:PRIMARY,F3BBG_N015_A1_Q004_R035,0,M0,456de89fe23e3af501bde644d01cc1654733e345b4e0e70f6d7feb6d226f52b9,0.5,6aceac9518fc8056052807e666da9d0c8bebb010,0.025,NOT_EXECUTED
35,F3B2J0001607,1607,F3B2D000536,BASELINE,F3BBG_N015_A1_Q004_R035:POS:PRIMARY,F3BBG_N015_A1_Q004_R035,0,M1,456de89fe23e3af501bde644d01cc1654733e345b4e0e70f6d7feb6d226f52b9,0.5,6aceac9518fc8056052807e666da9d0c8bebb010,0.025,NOT_EXECUTED
36,F3B2J0001608,1608,F3B2D000536,BASELINE,F3BBG_N015_A1_Q004_R035:POS:PRIMARY,F3BBG_N015_A1_Q004_R035,0,M2,456de89fe23e3af501bde644d01cc1654733e345b4e0e70f6d7feb6d226f52b9,0.5,6aceac9518fc8056052807e666da9d0c8bebb010,0.025,NOT_EXECUTED
37,F3B2J0001891,1891,F3B2D000631,BASELINE,F3BBG_N015_A2_Q001_R031:NULL:PRIMARY,F3BBG_N015_A2_Q001_R031,0,M0,af81c156e1a201d76a32c26bac82d320130c403a69a9712a6dccbd59f80a6b3f,0.5,6aceac9518fc8056052807e666da9d0c8bebb010,0.025,NOT_EXECUTED
38,F3B2J0001892,1892,F3B2D000631,BASELINE,F3BBG_N015_A2_Q001_R031:NULL:PRIMARY,F3BBG_N015_A2_Q001_R031,0,M1,af81c156e1a201d76a32c26bac82d320130c403a69a9712a6dccbd59f80a6b3f,0.5,6aceac9518fc8056052807e666da9d0c8bebb010,0.025,NOT_EXECUTED
39,F3B2J0001893,1893,F3B2D000631,BASELINE,F3BBG_N015_A2_Q001_R031:NULL:PRIMARY,F3BBG_N015_A2_Q001_R031,0,M2,af81c156e1a201d76a32c26bac82d320130c403a69a9712a6dccbd59f80a6b3f,0.5,6aceac9518fc8056052807e666da9d0c8bebb010,0.025,NOT_EXECUTED
40,F3B2J0001894,1894,F3B2D000632,BASELINE,F3BBG_N015_A2_Q001_R031:POS:PRIMARY,F3BBG_N015_A2_Q001_R031,0,M0,97d2a469ffbe2d9e84cfa4b632e00688b91cc2d531eeb5f73c6ae6a7cf5798f4,0.5,6aceac9518fc8056052807e666da9d0c8bebb010,0.025,NOT_EXECUTED
41,F3B2J0001895,1895,F3B2D000632,BASELINE,F3BBG_N015_A2_Q001_R031:POS:PRIMARY,F3BBG_N015_A2_Q001_R031,0,M1,97d2a469ffbe2d9e84cfa4b632e00688b91cc2d531eeb5f73c6ae6a7cf5798f4,0.5,6aceac9518fc8056052807e666da9d0c8bebb010,0.025,NOT_EXECUTED
42,F3B2J0001896,1896,F3B2D000632,BASELINE,F3BBG_N015_A2_Q001_R031:POS:PRIMARY,F3BBG_N015_A2_Q001_R031,0,M2,97d2a469ffbe2d9e84cfa4b632e00688b91cc2d531eeb5f73c6ae6a7cf5798f4,0.5,6aceac9518fc8056052807e666da9d0c8bebb010,0.025,NOT_EXECUTED
43,F3B2J0002251,2251,F3B2D000751,BASELINE,F3BBG_N015_A2_Q002_R044:NULL:PRIMARY,F3BBG_N015_A2_Q002_R044,0,M0,94ea298fe5fa6ce7f0efd07eb3802eab2a020edd348befc9333fde87d13d9165,0.5,6aceac9518fc8056052807e666da9d0c8bebb010,0.025,NOT_EXECUTED
44,F3B2J0002252,2252,F3B2D000751,BASELINE,F3BBG_N015_A2_Q002_R044:NULL:PRIMARY,F3BBG_N015_A2_Q002_R044,0,M1,94ea298fe5fa6ce7f0efd07eb3802eab2a020edd348befc9333fde87d13d9165,0.5,6aceac9518fc8056052807e666da9d0c8bebb010,0.025,NOT_EXECUTED
45,F3B2J0002253,2253,F3B2D000751,BASELINE,F3BBG_N015_A2_Q002_R044:NULL:PRIMARY,F3BBG_N015_A2_Q002_R044,0,M2,94ea298fe5fa6ce7f0efd07eb3802eab2a020edd348befc9333fde87d13d9165,0.5,6aceac9518fc8056052807e666da9d0c8bebb010,0.025,NOT_EXECUTED
46,F3B2J0002254,2254,F3B2D000752,BASELINE,F3BBG_N015_A2_Q002_R044:POS:PRIMARY,F3BBG_N015_A2_Q002_R044,0,M0,392404df83fb1f96aa381b06b67b6b5ffc9d230ad9f85945d14477061b0e36ca,0.5,6aceac9518fc8056052807e666da9d0c8bebb010,0.025,NOT_EXECUTED
47,F3B2J0002255,2255,F3B2D000752,BASELINE,F3BBG_N015_A2_Q002_R044:POS:PRIMARY,F3BBG_N015_A2_Q002_R044,0,M1,392404df83fb1f96aa381b06b67b6b5ffc9d230ad9f85945d14477061b0e36ca,0.5,6aceac9518fc8056052807e666da9d0c8bebb010,0.025,NOT_EXECUTED
48,F3B2J0002256,2256,F3B2D000752,BASELINE,F3BBG_N015_A2_Q002_R044:POS:PRIMARY,F3BBG_N015_A2_Q002_R044,0,M2,392404df83fb1f96aa381b06b67b6b5ffc9d230ad9f85945d14477061b0e36ca,0.5,6aceac9518fc8056052807e666da9d0c8bebb010,0.025,NOT_EXECUTED
49,F3B2J0002641,2641,F3B2D000881,BASELINE,F3BBG_N015_A2_Q004_R076:NULL:PRIMARY,F3BBG_N015_A2_Q004_R076,0,M0,26b1052ebe1c535a89528335eee5647618f6ee5d9a2817a6ffcb39882973883c,0.5,6aceac9518fc8056052807e666da9d0c8bebb010,0.025,NOT_EXECUTED
50,F3B2J0002642,2642,F3B2D000881,BASELINE,F3BBG_N015_A2_Q004_R076:NULL:PRIMARY,F3BBG_N015_A2_Q004_R076,0,M1,26b1052ebe1c535a89528335eee5647618f6ee5d9a2817a6ffcb39882973883c,0.5,6aceac9518fc8056052807e666da9d0c8bebb010,0.025,NOT_EXECUTED
51,F3B2J0002643,2643,F3B2D000881,BASELINE,F3BBG_N015_A2_Q004_R076:NULL:PRIMARY,F3BBG_N015_A2_Q004_R076,0,M2,26b1052ebe1c535a89528335eee5647618f6ee5d9a2817a6ffcb39882973883c,0.5,6aceac9518fc8056052807e666da9d0c8bebb010,0.025,NOT_EXECUTED
52,F3B2J0002644,2644,F3B2D000882,BASELINE,F3BBG_N015_A2_Q004_R076:POS:PRIMARY,F3BBG_N015_A2_Q004_R076,0,M0,7e7adebc05b6b328b249f5a118f47c2be4473e0b0e6ad43f7116a54de0216d5e,0.5,6aceac9518fc8056052807e666da9d0c8bebb010,0.025,NOT_EXECUTED
53,F3B2J0002645,2645,F3B2D000882,BASELINE,F3BBG_N015_A2_Q004_R076:POS:PRIMARY,F3BBG_N015_A2_Q004_R076,0,M1,7e7adebc05b6b328b249f5a118f47c2be4473e0b0e6ad43f7116a54de0216d5e,0.5,6aceac9518fc8056052807e666da9d0c8bebb010,0.025,NOT_EXECUTED
54,F3B2J0002646,2646,F3B2D000882,BASELINE,F3BBG_N015_A2_Q004_R076:POS:PRIMARY,F3BBG_N015_A2_Q004_R076,0,M2,7e7adebc05b6b328b249f5a118f47c2be4473e0b0e6ad43f7116a54de0216d5e,0.5,6aceac9518fc8056052807e666da9d0c8bebb010,0.025,NOT_EXECUTED
55,F3B2J0002707,2707,F3B2D000903,BASELINE,F3BBG_N030_A0_Q001_R005:NULL:PRIMARY,F3BBG_N030_A0_Q001_R005,0,M0,37d3ddb051113e06426b3d4b0bc228dccd821430eff0624f0dbc290196884ac0,0.5,6aceac9518fc8056052807e666da9d0c8bebb010,0.025,NOT_EXECUTED
56,F3B2J0002708,2708,F3B2D000903,BASELINE,F3BBG_N030_A0_Q001_R005:NULL:PRIMARY,F3BBG_N030_A0_Q001_R005,0,M1,37d3ddb051113e06426b3d4b0bc228dccd821430eff0624f0dbc290196884ac0,0.5,6aceac9518fc8056052807e666da9d0c8bebb010,0.025,NOT_EXECUTED
57,F3B2J0002709,2709,F3B2D000903,BASELINE,F3BBG_N030_A0_Q001_R005:NULL:PRIMARY,F3BBG_N030_A0_Q001_R005,0,M2,37d3ddb051113e06426b3d4b0bc228dccd821430eff0624f0dbc290196884ac0,0.5,6aceac9518fc8056052807e666da9d0c8bebb010,0.025,NOT_EXECUTED
58,F3B2J0002710,2710,F3B2D000904,BASELINE,F3BBG_N030_A0_Q001_R005:POS:PRIMARY,F3BBG_N030_A0_Q001_R005,0,M0,db16622e2f91bef8615566a905b3a455352003818fb63bb93a0995620e503636,0.5,6aceac9518fc8056052807e666da9d0c8bebb010,0.025,NOT_EXECUTED
59,F3B2J0002711,2711,F3B2D000904,BASELINE,F3BBG_N030_A0_Q001_R005:POS:PRIMARY,F3BBG_N030_A0_Q001_R005,0,M1,db16622e2f91bef8615566a905b3a455352003818fb63bb93a0995620e503636,0.5,6aceac9518fc8056052807e666da9d0c8bebb010,0.025,NOT_EXECUTED
60,F3B2J0002712,2712,F3B2D000904,BASELINE,F3BBG_N030_A0_Q001_R005:POS:PRIMARY,F3BBG_N030_A0_Q001_R005,0,M2,db16622e2f91bef8615566a905b3a455352003818fb63bb93a0995620e503636,0.5,6aceac9518fc8056052807e666da9d0c8bebb010,0.025,NOT_EXECUTED
61,F3B2J0003013,3013,F3B2D001005,BASELINE,F3BBG_N030_A0_Q002_R003:NULL:PRIMARY,F3BBG_N030_A0_Q002_R003,0,M0,d04e5a11461ab6c3a94f6a4492178343f3760805ad79fc707e50d6ca6e97bc4c,0.5,6aceac9518fc8056052807e666da9d0c8bebb010,0.025,NOT_EXECUTED
62,F3B2J0003014,3014,F3B2D001005,BASELINE,F3BBG_N030_A0_Q002_R003:NULL:PRIMARY,F3BBG_N030_A0_Q002_R003,0,M1,d04e5a11461ab6c3a94f6a4492178343f3760805ad79fc707e50d6ca6e97bc4c,0.5,6aceac9518fc8056052807e666da9d0c8bebb010,0.025,NOT_EXECUTED
63,F3B2J0003015,3015,F3B2D001005,BASELINE,F3BBG_N030_A0_Q002_R003:NULL:PRIMARY,F3BBG_N030_A0_Q002_R003,0,M2,d04e5a11461ab6c3a94f6a4492178343f3760805ad79fc707e50d6ca6e97bc4c,0.5,6aceac9518fc8056052807e666da9d0c8bebb010,0.025,NOT_EXECUTED
64,F3B2J0003016,3016,F3B2D001006,BASELINE,F3BBG_N030_A0_Q002_R003:POS:PRIMARY,F3BBG_N030_A0_Q002_R003,0,M0,079a702be1a84e0303021a0f019a2c8e7b1e6788db6bec116c17be0389934cb0,0.5,6aceac9518fc8056052807e666da9d0c8bebb010,0.025,NOT_EXECUTED
65,F3B2J0003017,3017,F3B2D001006,BASELINE,F3BBG_N030_A0_Q002_R003:POS:PRIMARY,F3BBG_N030_A0_Q002_R003,0,M1,079a702be1a84e0303021a0f019a2c8e7b1e6788db6bec116c17be0389934cb0,0.5,6aceac9518fc8056052807e666da9d0c8bebb010,0.025,NOT_EXECUTED
66,F3B2J0003018,3018,F3B2D001006,BASELINE,F3BBG_N030_A0_Q002_R003:POS:PRIMARY,F3BBG_N030_A0_Q002_R003,0,M2,079a702be1a84e0303021a0f019a2c8e7b1e6788db6bec116c17be0389934cb0,0.5,6aceac9518fc8056052807e666da9d0c8bebb010,0.025,NOT_EXECUTED
67,F3B2J0003427,3427,F3B2D001143,BASELINE,F3BBG_N030_A0_Q004_R035:NULL:PRIMARY,F3BBG_N030_A0_Q004_R035,0,M0,bc6c819b13b9329485b0aed71f62300c8f2d5f3a85279be95aa9cb0952d0f822,0.5,6aceac9518fc8056052807e666da9d0c8bebb010,0.025,NOT_EXECUTED
68,F3B2J0003428,3428,F3B2D001143,BASELINE,F3BBG_N030_A0_Q004_R035:NULL:PRIMARY,F3BBG_N030_A0_Q004_R035,0,M1,bc6c819b13b9329485b0aed71f62300c8f2d5f3a85279be95aa9cb0952d0f822,0.5,6aceac9518fc8056052807e666da9d0c8bebb010,0.025,NOT_EXECUTED
69,F3B2J0003429,3429,F3B2D001143,BASELINE,F3BBG_N030_A0_Q004_R035:NULL:PRIMARY,F3BBG_N030_A0_Q004_R035,0,M2,bc6c819b13b9329485b0aed71f62300c8f2d5f3a85279be95aa9cb0952d0f822,0.5,6aceac9518fc8056052807e666da9d0c8bebb010,0.025,NOT_EXECUTED
70,F3B2J0003430,3430,F3B2D001144,BASELINE,F3BBG_N030_A0_Q004_R035:POS:PRIMARY,F3BBG_N030_A0_Q004_R035,0,M0,aed9128932457d869d2b62ae9c86e85c77e24e7808ea6937845563a5c23bb2bf,0.5,6aceac9518fc8056052807e666da9d0c8bebb010,0.025,NOT_EXECUTED
71,F3B2J0003431,3431,F3B2D001144,BASELINE,F3BBG_N030_A0_Q004_R035:POS:PRIMARY,F3BBG_N030_A0_Q004_R035,0,M1,aed9128932457d869d2b62ae9c86e85c77e24e7808ea6937845563a5c23bb2bf,0.5,6aceac9518fc8056052807e666da9d0c8bebb010,0.025,NOT_EXECUTED
72,F3B2J0003432,3432,F3B2D001144,BASELINE,F3BBG_N030_A0_Q004_R035:POS:PRIMARY,F3BBG_N030_A0_Q004_R035,0,M2,aed9128932457d869d2b62ae9c86e85c77e24e7808ea6937845563a5c23bb2bf,0.5,6aceac9518fc8056052807e666da9d0c8bebb010,0.025,NOT_EXECUTED
73,F3B2J0003895,3895,F3B2D001299,BASELINE,F3BBG_N030_A1_Q001_R095:NULL:PRIMARY,F3BBG_N030_A1_Q001_R095,0,M0,e5d1824adf5338cdbdec4f3b055ba40755b23ae286032423ea41974ccddc34ed,0.5,6aceac9518fc8056052807e666da9d0c8bebb010,0.025,NOT_EXECUTED
74,F3B2J0003896,3896,F3B2D001299,BASELINE,F3BBG_N030_A1_Q001_R095:NULL:PRIMARY,F3BBG_N030_A1_Q001_R095,0,M1,e5d1824adf5338cdbdec4f3b055ba40755b23ae286032423ea41974ccddc34ed,0.5,6aceac9518fc8056052807e666da9d0c8bebb010,0.025,NOT_EXECUTED
75,F3B2J0003897,3897,F3B2D001299,BASELINE,F3BBG_N030_A1_Q001_R095:NULL:PRIMARY,F3BBG_N030_A1_Q001_R095,0,M2,e5d1824adf5338cdbdec4f3b055ba40755b23ae286032423ea41974ccddc34ed,0.5,6aceac9518fc8056052807e666da9d0c8bebb010,0.025,NOT_EXECUTED
76,F3B2J0003898,3898,F3B2D001300,BASELINE,F3BBG_N030_A1_Q001_R095:POS:PRIMARY,F3BBG_N030_A1_Q001_R095,0,M0,3c9944ad1c33f623c61d31bda8568128e028de73ae35500b943295aee04e8d95,0.5,6aceac9518fc8056052807e666da9d0c8bebb010,0.025,NOT_EXECUTED
77,F3B2J0003899,3899,F3B2D001300,BASELINE,F3BBG_N030_A1_Q001_R095:POS:PRIMARY,F3BBG_N030_A1_Q001_R095,0,M1,3c9944ad1c33f623c61d31bda8568128e028de73ae35500b943295aee04e8d95,0.5,6aceac9518fc8056052807e666da9d0c8bebb010,0.025,NOT_EXECUTED
78,F3B2J0003900,3900,F3B2D001300,BASELINE,F3BBG_N030_A1_Q001_R095:POS:PRIMARY,F3BBG_N030_A1_Q001_R095,0,M2,3c9944ad1c33f623c61d31bda8568128e028de73ae35500b943295aee04e8d95,0.5,6aceac9518fc8056052807e666da9d0c8bebb010,0.025,NOT_EXECUTED
79,F3B2J0003973,3973,F3B2D001325,BASELINE,F3BBG_N030_A1_Q002_R027:NULL:PRIMARY,F3BBG_N030_A1_Q002_R027,0,M0,bd028e51657f64f915c758005a7548f94ef7e3960e996ffc84f33914086a3a2d,0.5,6aceac9518fc8056052807e666da9d0c8bebb010,0.025,NOT_EXECUTED
80,F3B2J0003974,3974,F3B2D001325,BASELINE,F3BBG_N030_A1_Q002_R027:NULL:PRIMARY,F3BBG_N030_A1_Q002_R027,0,M1,bd028e51657f64f915c758005a7548f94ef7e3960e996ffc84f33914086a3a2d,0.5,6aceac9518fc8056052807e666da9d0c8bebb010,0.025,NOT_EXECUTED
81,F3B2J0003975,3975,F3B2D001325,BASELINE,F3BBG_N030_A1_Q002_R027:NULL:PRIMARY,F3BBG_N030_A1_Q002_R027,0,M2,bd028e51657f64f915c758005a7548f94ef7e3960e996ffc84f33914086a3a2d,0.5,6aceac9518fc8056052807e666da9d0c8bebb010,0.025,NOT_EXECUTED
82,F3B2J0003976,3976,F3B2D001326,BASELINE,F3BBG_N030_A1_Q002_R027:POS:PRIMARY,F3BBG_N030_A1_Q002_R027,0,M0,d65f697c16cd7924892afe78f07aa17d1f11e866b7dc08944ef7033cf7441bda,0.5,6aceac9518fc8056052807e666da9d0c8bebb010,0.025,NOT_EXECUTED
83,F3B2J0003977,3977,F3B2D001326,BASELINE,F3BBG_N030_A1_Q002_R027:POS:PRIMARY,F3BBG_N030_A1_Q002_R027,0,M1,d65f697c16cd7924892afe78f07aa17d1f11e866b7dc08944ef7033cf7441bda,0.5,6aceac9518fc8056052807e666da9d0c8bebb010,0.025,NOT_EXECUTED
84,F3B2J0003978,3978,F3B2D001326,BASELINE,F3BBG_N030_A1_Q002_R027:POS:PRIMARY,F3BBG_N030_A1_Q002_R027,0,M2,d65f697c16cd7924892afe78f07aa17d1f11e866b7dc08944ef7033cf7441bda,0.5,6aceac9518fc8056052807e666da9d0c8bebb010,0.025,NOT_EXECUTED
85,F3B2J0004369,4369,F3B2D001457,BASELINE,F3BBG_N030_A1_Q004_R058:NULL:PRIMARY,F3BBG_N030_A1_Q004_R058,0,M0,7a4c1f92ed172dac6ed7aba32c8ff9854ce0aab5ee544a8a9d7e4256a6d18f42,0.5,6aceac9518fc8056052807e666da9d0c8bebb010,0.025,NOT_EXECUTED
86,F3B2J0004370,4370,F3B2D001457,BASELINE,F3BBG_N030_A1_Q004_R058:NULL:PRIMARY,F3BBG_N030_A1_Q004_R058,0,M1,7a4c1f92ed172dac6ed7aba32c8ff9854ce0aab5ee544a8a9d7e4256a6d18f42,0.5,6aceac9518fc8056052807e666da9d0c8bebb010,0.025,NOT_EXECUTED
87,F3B2J0004371,4371,F3B2D001457,BASELINE,F3BBG_N030_A1_Q004_R058:NULL:PRIMARY,F3BBG_N030_A1_Q004_R058,0,M2,7a4c1f92ed172dac6ed7aba32c8ff9854ce0aab5ee544a8a9d7e4256a6d18f42,0.5,6aceac9518fc8056052807e666da9d0c8bebb010,0.025,NOT_EXECUTED
88,F3B2J0004372,4372,F3B2D001458,BASELINE,F3BBG_N030_A1_Q004_R058:POS:PRIMARY,F3BBG_N030_A1_Q004_R058,0,M0,dbafca78eeb7652f9fb75d4b6b7823997fd76bbd39fb85779ddc9de63e552022,0.5,6aceac9518fc8056052807e666da9d0c8bebb010,0.025,NOT_EXECUTED
89,F3B2J0004373,4373,F3B2D001458,BASELINE,F3BBG_N030_A1_Q004_R058:POS:PRIMARY,F3BBG_N030_A1_Q004_R058,0,M1,dbafca78eeb7652f9fb75d4b6b7823997fd76bbd39fb85779ddc9de63e552022,0.5,6aceac9518fc8056052807e666da9d0c8bebb010,0.025,NOT_EXECUTED
90,F3B2J0004374,4374,F3B2D001458,BASELINE,F3BBG_N030_A1_Q004_R058:POS:PRIMARY,F3BBG_N030_A1_Q004_R058,0,M2,dbafca78eeb7652f9fb75d4b6b7823997fd76bbd39fb85779ddc9de63e552022,0.5,6aceac9518fc8056052807e666da9d0c8bebb010,0.025,NOT_EXECUTED
91,F3B2J0004597,4597,F3B2D001533,BASELINE,F3BBG_N030_A2_Q001_R040:NULL:PRIMARY,F3BBG_N030_A2_Q001_R040,0,M0,d48374fc757b3a4a5e163d3a312b0bfd91fa33bfb89596c71f67856d13e44cbc,0.5,6aceac9518fc8056052807e666da9d0c8bebb010,0.025,NOT_EXECUTED
92,F3B2J0004598,4598,F3B2D001533,BASELINE,F3BBG_N030_A2_Q001_R040:NULL:PRIMARY,F3BBG_N030_A2_Q001_R040,0,M1,d48374fc757b3a4a5e163d3a312b0bfd91fa33bfb89596c71f67856d13e44cbc,0.5,6aceac9518fc8056052807e666da9d0c8bebb010,0.025,NOT_EXECUTED
93,F3B2J0004599,4599,F3B2D001533,BASELINE,F3BBG_N030_A2_Q001_R040:NULL:PRIMARY,F3BBG_N030_A2_Q001_R040,0,M2,d48374fc757b3a4a5e163d3a312b0bfd91fa33bfb89596c71f67856d13e44cbc,0.5,6aceac9518fc8056052807e666da9d0c8bebb010,0.025,NOT_EXECUTED
94,F3B2J0004600,4600,F3B2D001534,BASELINE,F3BBG_N030_A2_Q001_R040:POS:PRIMARY,F3BBG_N030_A2_Q001_R040,0,M0,14dafaa5d07b804de05ff3b216cc0059b1ff7847c30046800673f3e311f272ba,0.5,6aceac9518fc8056052807e666da9d0c8bebb010,0.025,NOT_EXECUTED
95,F3B2J0004601,4601,F3B2D001534,BASELINE,F3BBG_N030_A2_Q001_R040:POS:PRIMARY,F3BBG_N030_A2_Q001_R040,0,M1,14dafaa5d07b804de05ff3b216cc0059b1ff7847c30046800673f3e311f272ba,0.5,6aceac9518fc8056052807e666da9d0c8bebb010,0.025,NOT_EXECUTED
96,F3B2J0004602,4602,F3B2D001534,BASELINE,F3BBG_N030_A2_Q001_R040:POS:PRIMARY,F3BBG_N030_A2_Q001_R040,0,M2,14dafaa5d07b804de05ff3b216cc0059b1ff7847c30046800673f3e311f272ba,0.5,6aceac9518fc8056052807e666da9d0c8bebb010,0.025,NOT_EXECUTED
97,F3B2J0004837,4837,F3B2D001613,BASELINE,F3BBG_N030_A2_Q002_R014:NULL:PRIMARY,F3BBG_N030_A2_Q002_R014,0,M0,1c28d0ca19176052633c99a098e5e0fbf4db00a30f059f5918c4b394ab852568,0.5,6aceac9518fc8056052807e666da9d0c8bebb010,0.025,NOT_EXECUTED
98,F3B2J0004838,4838,F3B2D001613,BASELINE,F3BBG_N030_A2_Q002_R014:NULL:PRIMARY,F3BBG_N030_A2_Q002_R014,0,M1,1c28d0ca19176052633c99a098e5e0fbf4db00a30f059f5918c4b394ab852568,0.5,6aceac9518fc8056052807e666da9d0c8bebb010,0.025,NOT_EXECUTED
99,F3B2J0004839,4839,F3B2D001613,BASELINE,F3BBG_N030_A2_Q002_R014:NULL:PRIMARY,F3BBG_N030_A2_Q002_R014,0,M2,1c28d0ca19176052633c99a098e5e0fbf4db00a30f059f5918c4b394ab852568,0.5,6aceac9518fc8056052807e666da9d0c8bebb010,0.025,NOT_EXECUTED
100,F3B2J0004840,4840,F3B2D001614,BASELINE,F3BBG_N030_A2_Q002_R014:POS:PRIMARY,F3BBG_N030_A2_Q002_R014,0,M0,9cb44788602cbe8cf94855a48f7c98263ca496fcd78a14291399dac6ba30a194,0.5,6aceac9518fc8056052807e666da9d0c8bebb010,0.025,NOT_EXECUTED
101,F3B2J0004841,4841,F3B2D001614,BASELINE,F3BBG_N030_A2_Q002_R014:POS:PRIMARY,F3BBG_N030_A2_Q002_R014,0,M1,9cb44788602cbe8cf94855a48f7c98263ca496fcd78a14291399dac6ba30a194,0.5,6aceac9518fc8056052807e666da9d0c8bebb010,0.025,NOT_EXECUTED
102,F3B2J0004842,4842,F3B2D001614,BASELINE,F3BBG_N030_A2_Q002_R014:POS:PRIMARY,F3BBG_N030_A2_Q002_R014,0,M2,9cb44788602cbe8cf94855a48f7c98263ca496fcd78a14291399dac6ba30a194,0.5,6aceac9518fc8056052807e666da9d0c8bebb010,0.025,NOT_EXECUTED
103,F3B2J0005317,5317,F3B2D001773,BASELINE,F3BBG_N030_A2_Q004_R065:NULL:PRIMARY,F3BBG_N030_A2_Q004_R065,0,M0,997fde4a1481940bce5f2fe65f33854d8647e8727bfb105b0a075df0f5659838,0.5,6aceac9518fc8056052807e666da9d0c8bebb010,0.025,NOT_EXECUTED
104,F3B2J0005318,5318,F3B2D001773,BASELINE,F3BBG_N030_A2_Q004_R065:NULL:PRIMARY,F3BBG_N030_A2_Q004_R065,0,M1,997fde4a1481940bce5f2fe65f33854d8647e8727bfb105b0a075df0f5659838,0.5,6aceac9518fc8056052807e666da9d0c8bebb010,0.025,NOT_EXECUTED
105,F3B2J0005319,5319,F3B2D001773,BASELINE,F3BBG_N030_A2_Q004_R065:NULL:PRIMARY,F3BBG_N030_A2_Q004_R065,0,M2,997fde4a1481940bce5f2fe65f33854d8647e8727bfb105b0a075df0f5659838,0.5,6aceac9518fc8056052807e666da9d0c8bebb010,0.025,NOT_EXECUTED
106,F3B2J0005320,5320,F3B2D001774,BASELINE,F3BBG_N030_A2_Q004_R065:POS:PRIMARY,F3BBG_N030_A2_Q004_R065,0,M0,dc8a2d1f0f1c45536f166f88ca856260ee44d08fae83b88322476ffe2b84379c,0.5,6aceac9518fc8056052807e666da9d0c8bebb010,0.025,NOT_EXECUTED
107,F3B2J0005321,5321,F3B2D001774,BASELINE,F3BBG_N030_A2_Q004_R065:POS:PRIMARY,F3BBG_N030_A2_Q004_R065,0,M1,dc8a2d1f0f1c45536f166f88ca856260ee44d08fae83b88322476ffe2b84379c,0.5,6aceac9518fc8056052807e666da9d0c8bebb010,0.025,NOT_EXECUTED
108,F3B2J0005322,5322,F3B2D001774,BASELINE,F3BBG_N030_A2_Q004_R065:POS:PRIMARY,F3BBG_N030_A2_Q004_R065,0,M2,dc8a2d1f0f1c45536f166f88ca856260ee44d08fae83b88322476ffe2b84379c,0.5,6aceac9518fc8056052807e666da9d0c8bebb010,0.025,NOT_EXECUTED
109,F3B2J0005467,5467,F3B2D001823,BASELINE,F3BBG_N060_A0_Q001_R024:NULL:PRIMARY,F3BBG_N060_A0_Q001_R024,0,M0,6c1be9952eb5bf9fabc9861da6d3e9368388c0eb303e67d967bda6a834456829,0.5,6aceac9518fc8056052807e666da9d0c8bebb010,0.025,NOT_EXECUTED
110,F3B2J0005468,5468,F3B2D001823,BASELINE,F3BBG_N060_A0_Q001_R024:NULL:PRIMARY,F3BBG_N060_A0_Q001_R024,0,M1,6c1be9952eb5bf9fabc9861da6d3e9368388c0eb303e67d967bda6a834456829,0.5,6aceac9518fc8056052807e666da9d0c8bebb010,0.025,NOT_EXECUTED
111,F3B2J0005469,5469,F3B2D001823,BASELINE,F3BBG_N060_A0_Q001_R024:NULL:PRIMARY,F3BBG_N060_A0_Q001_R024,0,M2,6c1be9952eb5bf9fabc9861da6d3e9368388c0eb303e67d967bda6a834456829,0.5,6aceac9518fc8056052807e666da9d0c8bebb010,0.025,NOT_EXECUTED
112,F3B2J0005470,5470,F3B2D001824,BASELINE,F3BBG_N060_A0_Q001_R024:POS:PRIMARY,F3BBG_N060_A0_Q001_R024,0,M0,3e5ce767f5819b442d4e638e066cb924c71d3c9e8fc3aa2b41304f51fdf7c910,0.5,6aceac9518fc8056052807e666da9d0c8bebb010,0.025,NOT_EXECUTED
113,F3B2J0005471,5471,F3B2D001824,BASELINE,F3BBG_N060_A0_Q001_R024:POS:PRIMARY,F3BBG_N060_A0_Q001_R024,0,M1,3e5ce767f5819b442d4e638e066cb924c71d3c9e8fc3aa2b41304f51fdf7c910,0.5,6aceac9518fc8056052807e666da9d0c8bebb010,0.025,NOT_EXECUTED
114,F3B2J0005472,5472,F3B2D001824,BASELINE,F3BBG_N060_A0_Q001_R024:POS:PRIMARY,F3BBG_N060_A0_Q001_R024,0,M2,3e5ce767f5819b442d4e638e066cb924c71d3c9e8fc3aa2b41304f51fdf7c910,0.5,6aceac9518fc8056052807e666da9d0c8bebb010,0.025,NOT_EXECUTED
115,F3B2J0005749,5749,F3B2D001917,BASELINE,F3BBG_N060_A0_Q002_R021:NULL:PRIMARY,F3BBG_N060_A0_Q002_R021,0,M0,f529a0ceeabd43bbafc870f9377ad3daf996f7b190ae05ed54dce184bf4de262,0.5,6aceac9518fc8056052807e666da9d0c8bebb010,0.025,NOT_EXECUTED
116,F3B2J0005750,5750,F3B2D001917,BASELINE,F3BBG_N060_A0_Q002_R021:NULL:PRIMARY,F3BBG_N060_A0_Q002_R021,0,M1,f529a0ceeabd43bbafc870f9377ad3daf996f7b190ae05ed54dce184bf4de262,0.5,6aceac9518fc8056052807e666da9d0c8bebb010,0.025,NOT_EXECUTED
117,F3B2J0005751,5751,F3B2D001917,BASELINE,F3BBG_N060_A0_Q002_R021:NULL:PRIMARY,F3BBG_N060_A0_Q002_R021,0,M2,f529a0ceeabd43bbafc870f9377ad3daf996f7b190ae05ed54dce184bf4de262,0.5,6aceac9518fc8056052807e666da9d0c8bebb010,0.025,NOT_EXECUTED
118,F3B2J0005752,5752,F3B2D001918,BASELINE,F3BBG_N060_A0_Q002_R021:POS:PRIMARY,F3BBG_N060_A0_Q002_R021,0,M0,7e38763324d28cbdc896c1783370e54d6878871e713f26d9888f95170a9e1d27,0.5,6aceac9518fc8056052807e666da9d0c8bebb010,0.025,NOT_EXECUTED
119,F3B2J0005753,5753,F3B2D001918,BASELINE,F3BBG_N060_A0_Q002_R021:POS:PRIMARY,F3BBG_N060_A0_Q002_R021,0,M1,7e38763324d28cbdc896c1783370e54d6878871e713f26d9888f95170a9e1d27,0.5,6aceac9518fc8056052807e666da9d0c8bebb010,0.025,NOT_EXECUTED
120,F3B2J0005754,5754,F3B2D001918,BASELINE,F3BBG_N060_A0_Q002_R021:POS:PRIMARY,F3BBG_N060_A0_Q002_R021,0,M2,7e38763324d28cbdc896c1783370e54d6878871e713f26d9888f95170a9e1d27,0.5,6aceac9518fc8056052807e666da9d0c8bebb010,0.025,NOT_EXECUTED
121,F3B2J0006277,6277,F3B2D002093,BASELINE,F3BBG_N060_A0_Q004_R094:NULL:PRIMARY,F3BBG_N060_A0_Q004_R094,0,M0,8b0802c09a1e8d119511cd090fad2aaa45785a98207c3bbd13bdd081992e9991,0.5,6aceac9518fc8056052807e666da9d0c8bebb010,0.025,NOT_EXECUTED
122,F3B2J0006278,6278,F3B2D002093,BASELINE,F3BBG_N060_A0_Q004_R094:NULL:PRIMARY,F3BBG_N060_A0_Q004_R094,0,M1,8b0802c09a1e8d119511cd090fad2aaa45785a98207c3bbd13bdd081992e9991,0.5,6aceac9518fc8056052807e666da9d0c8bebb010,0.025,NOT_EXECUTED
123,F3B2J0006279,6279,F3B2D002093,BASELINE,F3BBG_N060_A0_Q004_R094:NULL:PRIMARY,F3BBG_N060_A0_Q004_R094,0,M2,8b0802c09a1e8d119511cd090fad2aaa45785a98207c3bbd13bdd081992e9991,0.5,6aceac9518fc8056052807e666da9d0c8bebb010,0.025,NOT_EXECUTED
124,F3B2J0006280,6280,F3B2D002094,BASELINE,F3BBG_N060_A0_Q004_R094:POS:PRIMARY,F3BBG_N060_A0_Q004_R094,0,M0,42e142479dd6d4402e6a9671d8554ab00377ddddeb2cd9a25138a85236d358c4,0.5,6aceac9518fc8056052807e666da9d0c8bebb010,0.025,NOT_EXECUTED
125,F3B2J0006281,6281,F3B2D002094,BASELINE,F3BBG_N060_A0_Q004_R094:POS:PRIMARY,F3BBG_N060_A0_Q004_R094,0,M1,42e142479dd6d4402e6a9671d8554ab00377ddddeb2cd9a25138a85236d358c4,0.5,6aceac9518fc8056052807e666da9d0c8bebb010,0.025,NOT_EXECUTED
126,F3B2J0006282,6282,F3B2D002094,BASELINE,F3BBG_N060_A0_Q004_R094:POS:PRIMARY,F3BBG_N060_A0_Q004_R094,0,M2,42e142479dd6d4402e6a9671d8554ab00377ddddeb2cd9a25138a85236d358c4,0.5,6aceac9518fc8056052807e666da9d0c8bebb010,0.025,NOT_EXECUTED
127,F3B2J0006493,6493,F3B2D002165,BASELINE,F3BBG_N060_A1_Q001_R062:NULL:PRIMARY,F3BBG_N060_A1_Q001_R062,0,M0,41e344a54660a241206c1c5908b6cc3ce7364c27cf589be631a9b9051d0e3167,0.5,6aceac9518fc8056052807e666da9d0c8bebb010,0.025,NOT_EXECUTED
128,F3B2J0006494,6494,F3B2D002165,BASELINE,F3BBG_N060_A1_Q001_R062:NULL:PRIMARY,F3BBG_N060_A1_Q001_R062,0,M1,41e344a54660a241206c1c5908b6cc3ce7364c27cf589be631a9b9051d0e3167,0.5,6aceac9518fc8056052807e666da9d0c8bebb010,0.025,NOT_EXECUTED
129,F3B2J0006495,6495,F3B2D002165,BASELINE,F3BBG_N060_A1_Q001_R062:NULL:PRIMARY,F3BBG_N060_A1_Q001_R062,0,M2,41e344a54660a241206c1c5908b6cc3ce7364c27cf589be631a9b9051d0e3167,0.5,6aceac9518fc8056052807e666da9d0c8bebb010,0.025,NOT_EXECUTED
130,F3B2J0006496,6496,F3B2D002166,BASELINE,F3BBG_N060_A1_Q001_R062:POS:PRIMARY,F3BBG_N060_A1_Q001_R062,0,M0,7aa47c9eb397616ad532b4e100249ed4e18526e8e04a6560187643acb1227f7c,0.5,6aceac9518fc8056052807e666da9d0c8bebb010,0.025,NOT_EXECUTED
131,F3B2J0006497,6497,F3B2D002166,BASELINE,F3BBG_N060_A1_Q001_R062:POS:PRIMARY,F3BBG_N060_A1_Q001_R062,0,M1,7aa47c9eb397616ad532b4e100249ed4e18526e8e04a6560187643acb1227f7c,0.5,6aceac9518fc8056052807e666da9d0c8bebb010,0.025,NOT_EXECUTED
132,F3B2J0006498,6498,F3B2D002166,BASELINE,F3BBG_N060_A1_Q001_R062:POS:PRIMARY,F3BBG_N060_A1_Q001_R062,0,M2,7aa47c9eb397616ad532b4e100249ed4e18526e8e04a6560187643acb1227f7c,0.5,6aceac9518fc8056052807e666da9d0c8bebb010,0.025,NOT_EXECUTED
133,F3B2J0006793,6793,F3B2D002265,BASELINE,F3BBG_N060_A1_Q002_R062:NULL:PRIMARY,F3BBG_N060_A1_Q002_R062,0,M0,8ae56b344fe99f387acf1bd335b593dd9bb959c3ab40356e96b5adff447fbb0a,0.5,6aceac9518fc8056052807e666da9d0c8bebb010,0.025,NOT_EXECUTED
134,F3B2J0006794,6794,F3B2D002265,BASELINE,F3BBG_N060_A1_Q002_R062:NULL:PRIMARY,F3BBG_N060_A1_Q002_R062,0,M1,8ae56b344fe99f387acf1bd335b593dd9bb959c3ab40356e96b5adff447fbb0a,0.5,6aceac9518fc8056052807e666da9d0c8bebb010,0.025,NOT_EXECUTED
135,F3B2J0006795,6795,F3B2D002265,BASELINE,F3BBG_N060_A1_Q002_R062:NULL:PRIMARY,F3BBG_N060_A1_Q002_R062,0,M2,8ae56b344fe99f387acf1bd335b593dd9bb959c3ab40356e96b5adff447fbb0a,0.5,6aceac9518fc8056052807e666da9d0c8bebb010,0.025,NOT_EXECUTED
136,F3B2J0006796,6796,F3B2D002266,BASELINE,F3BBG_N060_A1_Q002_R062:POS:PRIMARY,F3BBG_N060_A1_Q002_R062,0,M0,e5b64181888135e9e09465b24974a3eb623b21e2c92234cfcc8832f5a6d3d650,0.5,6aceac9518fc8056052807e666da9d0c8bebb010,0.025,NOT_EXECUTED
137,F3B2J0006797,6797,F3B2D002266,BASELINE,F3BBG_N060_A1_Q002_R062:POS:PRIMARY,F3BBG_N060_A1_Q002_R062,0,M1,e5b64181888135e9e09465b24974a3eb623b21e2c92234cfcc8832f5a6d3d650,0.5,6aceac9518fc8056052807e666da9d0c8bebb010,0.025,NOT_EXECUTED
138,F3B2J0006798,6798,F3B2D002266,BASELINE,F3BBG_N060_A1_Q002_R062:POS:PRIMARY,F3BBG_N060_A1_Q002_R062,0,M2,e5b64181888135e9e09465b24974a3eb623b21e2c92234cfcc8832f5a6d3d650,0.5,6aceac9518fc8056052807e666da9d0c8bebb010,0.025,NOT_EXECUTED
139,F3B2J0007063,7063,F3B2D002355,BASELINE,F3BBG_N060_A1_Q004_R055:NULL:PRIMARY,F3BBG_N060_A1_Q004_R055,0,M0,43543178bcea9c872b484f13ee25cea33f697428967505c00ebc2b9c5580920e,0.5,6aceac9518fc8056052807e666da9d0c8bebb010,0.025,NOT_EXECUTED
140,F3B2J0007064,7064,F3B2D002355,BASELINE,F3BBG_N060_A1_Q004_R055:NULL:PRIMARY,F3BBG_N060_A1_Q004_R055,0,M1,43543178bcea9c872b484f13ee25cea33f697428967505c00ebc2b9c5580920e,0.5,6aceac9518fc8056052807e666da9d0c8bebb010,0.025,NOT_EXECUTED
141,F3B2J0007065,7065,F3B2D002355,BASELINE,F3BBG_N060_A1_Q004_R055:NULL:PRIMARY,F3BBG_N060_A1_Q004_R055,0,M2,43543178bcea9c872b484f13ee25cea33f697428967505c00ebc2b9c5580920e,0.5,6aceac9518fc8056052807e666da9d0c8bebb010,0.025,NOT_EXECUTED
142,F3B2J0007066,7066,F3B2D002356,BASELINE,F3BBG_N060_A1_Q004_R055:POS:PRIMARY,F3BBG_N060_A1_Q004_R055,0,M0,c5d9fc9b94ccfefae8c6ea4e9601ace517ef756b64ae374c19347474c2f41049,0.5,6aceac9518fc8056052807e666da9d0c8bebb010,0.025,NOT_EXECUTED
143,F3B2J0007067,7067,F3B2D002356,BASELINE,F3BBG_N060_A1_Q004_R055:POS:PRIMARY,F3BBG_N060_A1_Q004_R055,0,M1,c5d9fc9b94ccfefae8c6ea4e9601ace517ef756b64ae374c19347474c2f41049,0.5,6aceac9518fc8056052807e666da9d0c8bebb010,0.025,NOT_EXECUTED
144,F3B2J0007068,7068,F3B2D002356,BASELINE,F3BBG_N060_A1_Q004_R055:POS:PRIMARY,F3BBG_N060_A1_Q004_R055,0,M2,c5d9fc9b94ccfefae8c6ea4e9601ace517ef756b64ae374c19347474c2f41049,0.5,6aceac9518fc8056052807e666da9d0c8bebb010,0.025,NOT_EXECUTED
145,F3B2J0007261,7261,F3B2D002421,BASELINE,F3BBG_N060_A2_Q001_R022:NULL:PRIMARY,F3BBG_N060_A2_Q001_R022,0,M0,21a45f91a3719574dcb7dc63ec9a0abd17161d97b7cdaa058cdf5b1b89773b1d,0.5,6aceac9518fc8056052807e666da9d0c8bebb010,0.025,NOT_EXECUTED
146,F3B2J0007262,7262,F3B2D002421,BASELINE,F3BBG_N060_A2_Q001_R022:NULL:PRIMARY,F3BBG_N060_A2_Q001_R022,0,M1,21a45f91a3719574dcb7dc63ec9a0abd17161d97b7cdaa058cdf5b1b89773b1d,0.5,6aceac9518fc8056052807e666da9d0c8bebb010,0.025,NOT_EXECUTED
147,F3B2J0007263,7263,F3B2D002421,BASELINE,F3BBG_N060_A2_Q001_R022:NULL:PRIMARY,F3BBG_N060_A2_Q001_R022,0,M2,21a45f91a3719574dcb7dc63ec9a0abd17161d97b7cdaa058cdf5b1b89773b1d,0.5,6aceac9518fc8056052807e666da9d0c8bebb010,0.025,NOT_EXECUTED
148,F3B2J0007264,7264,F3B2D002422,BASELINE,F3BBG_N060_A2_Q001_R022:POS:PRIMARY,F3BBG_N060_A2_Q001_R022,0,M0,00ba165dab59bfebbdae81ab3ed784567ee8cefb21568479004da825fde7c6a6,0.5,6aceac9518fc8056052807e666da9d0c8bebb010,0.025,NOT_EXECUTED
149,F3B2J0007265,7265,F3B2D002422,BASELINE,F3BBG_N060_A2_Q001_R022:POS:PRIMARY,F3BBG_N060_A2_Q001_R022,0,M1,00ba165dab59bfebbdae81ab3ed784567ee8cefb21568479004da825fde7c6a6,0.5,6aceac9518fc8056052807e666da9d0c8bebb010,0.025,NOT_EXECUTED
150,F3B2J0007266,7266,F3B2D002422,BASELINE,F3BBG_N060_A2_Q001_R022:POS:PRIMARY,F3BBG_N060_A2_Q001_R022,0,M2,00ba165dab59bfebbdae81ab3ed784567ee8cefb21568479004da825fde7c6a6,0.5,6aceac9518fc8056052807e666da9d0c8bebb010,0.025,NOT_EXECUTED
151,F3B2J0007795,7795,F3B2D002599,BASELINE,F3BBG_N060_A2_Q002_R100:NULL:PRIMARY,F3BBG_N060_A2_Q002_R100,0,M0,a9c5008159ad60ac79dde340ee5bb8acfa08f447a12cb8e6692c868b4c33c2b4,0.5,6aceac9518fc8056052807e666da9d0c8bebb010,0.025,NOT_EXECUTED
152,F3B2J0007796,7796,F3B2D002599,BASELINE,F3BBG_N060_A2_Q002_R100:NULL:PRIMARY,F3BBG_N060_A2_Q002_R100,0,M1,a9c5008159ad60ac79dde340ee5bb8acfa08f447a12cb8e6692c868b4c33c2b4,0.5,6aceac9518fc8056052807e666da9d0c8bebb010,0.025,NOT_EXECUTED
153,F3B2J0007797,7797,F3B2D002599,BASELINE,F3BBG_N060_A2_Q002_R100:NULL:PRIMARY,F3BBG_N060_A2_Q002_R100,0,M2,a9c5008159ad60ac79dde340ee5bb8acfa08f447a12cb8e6692c868b4c33c2b4,0.5,6aceac9518fc8056052807e666da9d0c8bebb010,0.025,NOT_EXECUTED
154,F3B2J0007798,7798,F3B2D002600,BASELINE,F3BBG_N060_A2_Q002_R100:POS:PRIMARY,F3BBG_N060_A2_Q002_R100,0,M0,72172269c00909466b42f326113589925a5781fd2a2e490933c9df6516e28efd,0.5,6aceac9518fc8056052807e666da9d0c8bebb010,0.025,NOT_EXECUTED
155,F3B2J0007799,7799,F3B2D002600,BASELINE,F3BBG_N060_A2_Q002_R100:POS:PRIMARY,F3BBG_N060_A2_Q002_R100,0,M1,72172269c00909466b42f326113589925a5781fd2a2e490933c9df6516e28efd,0.5,6aceac9518fc8056052807e666da9d0c8bebb010,0.025,NOT_EXECUTED
156,F3B2J0007800,7800,F3B2D002600,BASELINE,F3BBG_N060_A2_Q002_R100:POS:PRIMARY,F3BBG_N060_A2_Q002_R100,0,M2,72172269c00909466b42f326113589925a5781fd2a2e490933c9df6516e28efd,0.5,6aceac9518fc8056052807e666da9d0c8bebb010,0.025,NOT_EXECUTED
157,F3B2J0007813,7813,F3B2D002605,BASELINE,F3BBG_N060_A2_Q004_R005:NULL:PRIMARY,F3BBG_N060_A2_Q004_R005,0,M0,018f7ab9f5cfced8c197e4839d769eb03f70777bc33ebfcd6af652905606541e,0.5,6aceac9518fc8056052807e666da9d0c8bebb010,0.025,NOT_EXECUTED
158,F3B2J0007814,7814,F3B2D002605,BASELINE,F3BBG_N060_A2_Q004_R005:NULL:PRIMARY,F3BBG_N060_A2_Q004_R005,0,M1,018f7ab9f5cfced8c197e4839d769eb03f70777bc33ebfcd6af652905606541e,0.5,6aceac9518fc8056052807e666da9d0c8bebb010,0.025,NOT_EXECUTED
159,F3B2J0007815,7815,F3B2D002605,BASELINE,F3BBG_N060_A2_Q004_R005:NULL:PRIMARY,F3BBG_N060_A2_Q004_R005,0,M2,018f7ab9f5cfced8c197e4839d769eb03f70777bc33ebfcd6af652905606541e,0.5,6aceac9518fc8056052807e666da9d0c8bebb010,0.025,NOT_EXECUTED
160,F3B2J0007816,7816,F3B2D002606,BASELINE,F3BBG_N060_A2_Q004_R005:POS:PRIMARY,F3BBG_N060_A2_Q004_R005,0,M0,54269399ad4469b7a74dfb69a22350507a66db3df1b353f9f6ee2cae8e6332ad,0.5,6aceac9518fc8056052807e666da9d0c8bebb010,0.025,NOT_EXECUTED
161,F3B2J0007817,7817,F3B2D002606,BASELINE,F3BBG_N060_A2_Q004_R005:POS:PRIMARY,F3BBG_N060_A2_Q004_R005,0,M1,54269399ad4469b7a74dfb69a22350507a66db3df1b353f9f6ee2cae8e6332ad,0.5,6aceac9518fc8056052807e666da9d0c8bebb010,0.025,NOT_EXECUTED
162,F3B2J0007818,7818,F3B2D002606,BASELINE,F3BBG_N060_A2_Q004_R005:POS:PRIMARY,F3BBG_N060_A2_Q004_R005,0,M2,54269399ad4469b7a74dfb69a22350507a66db3df1b353f9f6ee2cae8e6332ad,0.5,6aceac9518fc8056052807e666da9d0c8bebb010,0.025,NOT_EXECUTED
163,F3B2J0008173,8173,F3B2D002725,BASELINE,F3BBG_N120_A0_Q001_R032:NULL:PRIMARY,F3BBG_N120_A0_Q001_R032,0,M0,ff786a3b8ff73a4d6bb74372b6019b04fb8102c5a7655a565e690ff438034975,0.5,6aceac9518fc8056052807e666da9d0c8bebb010,0.025,NOT_EXECUTED
164,F3B2J0008174,8174,F3B2D002725,BASELINE,F3BBG_N120_A0_Q001_R032:NULL:PRIMARY,F3BBG_N120_A0_Q001_R032,0,M1,ff786a3b8ff73a4d6bb74372b6019b04fb8102c5a7655a565e690ff438034975,0.5,6aceac9518fc8056052807e666da9d0c8bebb010,0.025,NOT_EXECUTED
165,F3B2J0008175,8175,F3B2D002725,BASELINE,F3BBG_N120_A0_Q001_R032:NULL:PRIMARY,F3BBG_N120_A0_Q001_R032,0,M2,ff786a3b8ff73a4d6bb74372b6019b04fb8102c5a7655a565e690ff438034975,0.5,6aceac9518fc8056052807e666da9d0c8bebb010,0.025,NOT_EXECUTED
166,F3B2J0008176,8176,F3B2D002726,BASELINE,F3BBG_N120_A0_Q001_R032:POS:PRIMARY,F3BBG_N120_A0_Q001_R032,0,M0,4c714cbcacb5690c911ec77f4b5e618eeed6c4c82306e8d3c59b848cd433a5e5,0.5,6aceac9518fc8056052807e666da9d0c8bebb010,0.025,NOT_EXECUTED
167,F3B2J0008177,8177,F3B2D002726,BASELINE,F3BBG_N120_A0_Q001_R032:POS:PRIMARY,F3BBG_N120_A0_Q001_R032,0,M1,4c714cbcacb5690c911ec77f4b5e618eeed6c4c82306e8d3c59b848cd433a5e5,0.5,6aceac9518fc8056052807e666da9d0c8bebb010,0.025,NOT_EXECUTED
168,F3B2J0008178,8178,F3B2D002726,BASELINE,F3BBG_N120_A0_Q001_R032:POS:PRIMARY,F3BBG_N120_A0_Q001_R032,0,M2,4c714cbcacb5690c911ec77f4b5e618eeed6c4c82306e8d3c59b848cd433a5e5,0.5,6aceac9518fc8056052807e666da9d0c8bebb010,0.025,NOT_EXECUTED
169,F3B2J0008551,8551,F3B2D002851,BASELINE,F3BBG_N120_A0_Q002_R046:NULL:PRIMARY,F3BBG_N120_A0_Q002_R046,0,M0,8748bed291acb2fd2ebb11c913eb5cef385e81b658448bbbe5169e053bff90c3,0.5,6aceac9518fc8056052807e666da9d0c8bebb010,0.025,NOT_EXECUTED
170,F3B2J0008552,8552,F3B2D002851,BASELINE,F3BBG_N120_A0_Q002_R046:NULL:PRIMARY,F3BBG_N120_A0_Q002_R046,0,M1,8748bed291acb2fd2ebb11c913eb5cef385e81b658448bbbe5169e053bff90c3,0.5,6aceac9518fc8056052807e666da9d0c8bebb010,0.025,NOT_EXECUTED
171,F3B2J0008553,8553,F3B2D002851,BASELINE,F3BBG_N120_A0_Q002_R046:NULL:PRIMARY,F3BBG_N120_A0_Q002_R046,0,M2,8748bed291acb2fd2ebb11c913eb5cef385e81b658448bbbe5169e053bff90c3,0.5,6aceac9518fc8056052807e666da9d0c8bebb010,0.025,NOT_EXECUTED
172,F3B2J0008554,8554,F3B2D002852,BASELINE,F3BBG_N120_A0_Q002_R046:POS:PRIMARY,F3BBG_N120_A0_Q002_R046,0,M0,8f68311969b3661210bfae0ec6997c74a52e5d923a6a7e3eebba70cb2a8b033a,0.5,6aceac9518fc8056052807e666da9d0c8bebb010,0.025,NOT_EXECUTED
173,F3B2J0008555,8555,F3B2D002852,BASELINE,F3BBG_N120_A0_Q002_R046:POS:PRIMARY,F3BBG_N120_A0_Q002_R046,0,M1,8f68311969b3661210bfae0ec6997c74a52e5d923a6a7e3eebba70cb2a8b033a,0.5,6aceac9518fc8056052807e666da9d0c8bebb010,0.025,NOT_EXECUTED
174,F3B2J0008556,8556,F3B2D002852,BASELINE,F3BBG_N120_A0_Q002_R046:POS:PRIMARY,F3BBG_N120_A0_Q002_R046,0,M2,8f68311969b3661210bfae0ec6997c74a52e5d923a6a7e3eebba70cb2a8b033a,0.5,6aceac9518fc8056052807e666da9d0c8bebb010,0.025,NOT_EXECUTED
175,F3B2J0008953,8953,F3B2D002985,BASELINE,F3BBG_N120_A0_Q004_R082:NULL:PRIMARY,F3BBG_N120_A0_Q004_R082,0,M0,c1ba2179847f1ef1292d5a67c1eb7b6c6f3e25fbaa983bf447b2c1d667ec7198,0.5,6aceac9518fc8056052807e666da9d0c8bebb010,0.025,NOT_EXECUTED
176,F3B2J0008954,8954,F3B2D002985,BASELINE,F3BBG_N120_A0_Q004_R082:NULL:PRIMARY,F3BBG_N120_A0_Q004_R082,0,M1,c1ba2179847f1ef1292d5a67c1eb7b6c6f3e25fbaa983bf447b2c1d667ec7198,0.5,6aceac9518fc8056052807e666da9d0c8bebb010,0.025,NOT_EXECUTED
177,F3B2J0008955,8955,F3B2D002985,BASELINE,F3BBG_N120_A0_Q004_R082:NULL:PRIMARY,F3BBG_N120_A0_Q004_R082,0,M2,c1ba2179847f1ef1292d5a67c1eb7b6c6f3e25fbaa983bf447b2c1d667ec7198,0.5,6aceac9518fc8056052807e666da9d0c8bebb010,0.025,NOT_EXECUTED
178,F3B2J0008956,8956,F3B2D002986,BASELINE,F3BBG_N120_A0_Q004_R082:POS:PRIMARY,F3BBG_N120_A0_Q004_R082,0,M0,613d5468ab241e0e52a99b1605be5745e5b9c490ba0ba44632336696ec3a2a79,0.5,6aceac9518fc8056052807e666da9d0c8bebb010,0.025,NOT_EXECUTED
179,F3B2J0008957,8957,F3B2D002986,BASELINE,F3BBG_N120_A0_Q004_R082:POS:PRIMARY,F3BBG_N120_A0_Q004_R082,0,M1,613d5468ab241e0e52a99b1605be5745e5b9c490ba0ba44632336696ec3a2a79,0.5,6aceac9518fc8056052807e666da9d0c8bebb010,0.025,NOT_EXECUTED
180,F3B2J0008958,8958,F3B2D002986,BASELINE,F3BBG_N120_A0_Q004_R082:POS:PRIMARY,F3BBG_N120_A0_Q004_R082,0,M2,613d5468ab241e0e52a99b1605be5745e5b9c490ba0ba44632336696ec3a2a79,0.5,6aceac9518fc8056052807e666da9d0c8bebb010,0.025,NOT_EXECUTED
181,F3B2J0009073,9073,F3B2D003025,BASELINE,F3BBG_N120_A1_Q001_R024:NULL:PRIMARY,F3BBG_N120_A1_Q001_R024,0,M0,2e5e199aa1acc37f0615863204ff51698d9eb634017fdbb97d3f402eae843e99,0.5,6aceac9518fc8056052807e666da9d0c8bebb010,0.025,NOT_EXECUTED
182,F3B2J0009074,9074,F3B2D003025,BASELINE,F3BBG_N120_A1_Q001_R024:NULL:PRIMARY,F3BBG_N120_A1_Q001_R024,0,M1,2e5e199aa1acc37f0615863204ff51698d9eb634017fdbb97d3f402eae843e99,0.5,6aceac9518fc8056052807e666da9d0c8bebb010,0.025,NOT_EXECUTED
183,F3B2J0009075,9075,F3B2D003025,BASELINE,F3BBG_N120_A1_Q001_R024:NULL:PRIMARY,F3BBG_N120_A1_Q001_R024,0,M2,2e5e199aa1acc37f0615863204ff51698d9eb634017fdbb97d3f402eae843e99,0.5,6aceac9518fc8056052807e666da9d0c8bebb010,0.025,NOT_EXECUTED
184,F3B2J0009076,9076,F3B2D003026,BASELINE,F3BBG_N120_A1_Q001_R024:POS:PRIMARY,F3BBG_N120_A1_Q001_R024,0,M0,28126f30e7897e9bc3f6479bdeb3d3e61dba59ab48c0188bd0bf5ede1f7b527a,0.5,6aceac9518fc8056052807e666da9d0c8bebb010,0.025,NOT_EXECUTED
185,F3B2J0009077,9077,F3B2D003026,BASELINE,F3BBG_N120_A1_Q001_R024:POS:PRIMARY,F3BBG_N120_A1_Q001_R024,0,M1,28126f30e7897e9bc3f6479bdeb3d3e61dba59ab48c0188bd0bf5ede1f7b527a,0.5,6aceac9518fc8056052807e666da9d0c8bebb010,0.025,NOT_EXECUTED
186,F3B2J0009078,9078,F3B2D003026,BASELINE,F3BBG_N120_A1_Q001_R024:POS:PRIMARY,F3BBG_N120_A1_Q001_R024,0,M2,28126f30e7897e9bc3f6479bdeb3d3e61dba59ab48c0188bd0bf5ede1f7b527a,0.5,6aceac9518fc8056052807e666da9d0c8bebb010,0.025,NOT_EXECUTED
187,F3B2J0009301,9301,F3B2D003101,BASELINE,F3BBG_N120_A1_Q002_R004:NULL:PRIMARY,F3BBG_N120_A1_Q002_R004,0,M0,9f36d5d67ab4ec18aad186868c74a7e51d6a286184a361bbaac47584e8f59260,0.5,6aceac9518fc8056052807e666da9d0c8bebb010,0.025,NOT_EXECUTED
188,F3B2J0009302,9302,F3B2D003101,BASELINE,F3BBG_N120_A1_Q002_R004:NULL:PRIMARY,F3BBG_N120_A1_Q002_R004,0,M1,9f36d5d67ab4ec18aad186868c74a7e51d6a286184a361bbaac47584e8f59260,0.5,6aceac9518fc8056052807e666da9d0c8bebb010,0.025,NOT_EXECUTED
189,F3B2J0009303,9303,F3B2D003101,BASELINE,F3BBG_N120_A1_Q002_R004:NULL:PRIMARY,F3BBG_N120_A1_Q002_R004,0,M2,9f36d5d67ab4ec18aad186868c74a7e51d6a286184a361bbaac47584e8f59260,0.5,6aceac9518fc8056052807e666da9d0c8bebb010,0.025,NOT_EXECUTED
190,F3B2J0009304,9304,F3B2D003102,BASELINE,F3BBG_N120_A1_Q002_R004:POS:PRIMARY,F3BBG_N120_A1_Q002_R004,0,M0,cafcedb237aa575154de3accb1e691559ae6e2b6ff4c654dce9b3d5573f89f6b,0.5,6aceac9518fc8056052807e666da9d0c8bebb010,0.025,NOT_EXECUTED
191,F3B2J0009305,9305,F3B2D003102,BASELINE,F3BBG_N120_A1_Q002_R004:POS:PRIMARY,F3BBG_N120_A1_Q002_R004,0,M1,cafcedb237aa575154de3accb1e691559ae6e2b6ff4c654dce9b3d5573f89f6b,0.5,6aceac9518fc8056052807e666da9d0c8bebb010,0.025,NOT_EXECUTED
192,F3B2J0009306,9306,F3B2D003102,BASELINE,F3BBG_N120_A1_Q002_R004:POS:PRIMARY,F3BBG_N120_A1_Q002_R004,0,M2,cafcedb237aa575154de3accb1e691559ae6e2b6ff4c654dce9b3d5573f89f6b,0.5,6aceac9518fc8056052807e666da9d0c8bebb010,0.025,NOT_EXECUTED
193,F3B2J0009781,9781,F3B2D003261,BASELINE,F3BBG_N120_A1_Q004_R058:NULL:PRIMARY,F3BBG_N120_A1_Q004_R058,0,M0,e8b6fb252396e8225c81b4aabeb7e47f2f3d82d0bea81c7b9dad0222bf74deb9,0.5,6aceac9518fc8056052807e666da9d0c8bebb010,0.025,NOT_EXECUTED
194,F3B2J0009782,9782,F3B2D003261,BASELINE,F3BBG_N120_A1_Q004_R058:NULL:PRIMARY,F3BBG_N120_A1_Q004_R058,0,M1,e8b6fb252396e8225c81b4aabeb7e47f2f3d82d0bea81c7b9dad0222bf74deb9,0.5,6aceac9518fc8056052807e666da9d0c8bebb010,0.025,NOT_EXECUTED
195,F3B2J0009783,9783,F3B2D003261,BASELINE,F3BBG_N120_A1_Q004_R058:NULL:PRIMARY,F3BBG_N120_A1_Q004_R058,0,M2,e8b6fb252396e8225c81b4aabeb7e47f2f3d82d0bea81c7b9dad0222bf74deb9,0.5,6aceac9518fc8056052807e666da9d0c8bebb010,0.025,NOT_EXECUTED
196,F3B2J0009784,9784,F3B2D003262,BASELINE,F3BBG_N120_A1_Q004_R058:POS:PRIMARY,F3BBG_N120_A1_Q004_R058,0,M0,27f736bd51196fca8f8d721802ef53ae04c784011b076f41ef9707211748eca7,0.5,6aceac9518fc8056052807e666da9d0c8bebb010,0.025,NOT_EXECUTED
197,F3B2J0009785,9785,F3B2D003262,BASELINE,F3BBG_N120_A1_Q004_R058:POS:PRIMARY,F3BBG_N120_A1_Q004_R058,0,M1,27f736bd51196fca8f8d721802ef53ae04c784011b076f41ef9707211748eca7,0.5,6aceac9518fc8056052807e666da9d0c8bebb010,0.025,NOT_EXECUTED
198,F3B2J0009786,9786,F3B2D003262,BASELINE,F3BBG_N120_A1_Q004_R058:POS:PRIMARY,F3BBG_N120_A1_Q004_R058,0,M2,27f736bd51196fca8f8d721802ef53ae04c784011b076f41ef9707211748eca7,0.5,6aceac9518fc8056052807e666da9d0c8bebb010,0.025,NOT_EXECUTED
199,F3B2J0010027,10027,F3B2D003343,BASELINE,F3BBG_N120_A2_Q001_R048:NULL:PRIMARY,F3BBG_N120_A2_Q001_R048,0,M0,c019453750439af4b80b9a6c78fea1a07f849452f4e92ccd37ef9ff2fe1d9d39,0.5,6aceac9518fc8056052807e666da9d0c8bebb010,0.025,NOT_EXECUTED
200,F3B2J0010028,10028,F3B2D003343,BASELINE,F3BBG_N120_A2_Q001_R048:NULL:PRIMARY,F3BBG_N120_A2_Q001_R048,0,M1,c019453750439af4b80b9a6c78fea1a07f849452f4e92ccd37ef9ff2fe1d9d39,0.5,6aceac9518fc8056052807e666da9d0c8bebb010,0.025,NOT_EXECUTED
201,F3B2J0010029,10029,F3B2D003343,BASELINE,F3BBG_N120_A2_Q001_R048:NULL:PRIMARY,F3BBG_N120_A2_Q001_R048,0,M2,c019453750439af4b80b9a6c78fea1a07f849452f4e92ccd37ef9ff2fe1d9d39,0.5,6aceac9518fc8056052807e666da9d0c8bebb010,0.025,NOT_EXECUTED
202,F3B2J0010030,10030,F3B2D003344,BASELINE,F3BBG_N120_A2_Q001_R048:POS:PRIMARY,F3BBG_N120_A2_Q001_R048,0,M0,6cb9706cd26717c96d4fb38154bf5237f8eb88ba8b014d548cf717222450c2f4,0.5,6aceac9518fc8056052807e666da9d0c8bebb010,0.025,NOT_EXECUTED
203,F3B2J0010031,10031,F3B2D003344,BASELINE,F3BBG_N120_A2_Q001_R048:POS:PRIMARY,F3BBG_N120_A2_Q001_R048,0,M1,6cb9706cd26717c96d4fb38154bf5237f8eb88ba8b014d548cf717222450c2f4,0.5,6aceac9518fc8056052807e666da9d0c8bebb010,0.025,NOT_EXECUTED
204,F3B2J0010032,10032,F3B2D003344,BASELINE,F3BBG_N120_A2_Q001_R048:POS:PRIMARY,F3BBG_N120_A2_Q001_R048,0,M2,6cb9706cd26717c96d4fb38154bf5237f8eb88ba8b014d548cf717222450c2f4,0.5,6aceac9518fc8056052807e666da9d0c8bebb010,0.025,NOT_EXECUTED
205,F3B2J0010333,10333,F3B2D003445,BASELINE,F3BBG_N120_A2_Q002_R051:NULL:PRIMARY,F3BBG_N120_A2_Q002_R051,0,M0,690fe3e19a6f5250f6fc9555d15c297b4883485485053ad485e6a0c63f8327ce,0.5,6aceac9518fc8056052807e666da9d0c8bebb010,0.025,NOT_EXECUTED
206,F3B2J0010334,10334,F3B2D003445,BASELINE,F3BBG_N120_A2_Q002_R051:NULL:PRIMARY,F3BBG_N120_A2_Q002_R051,0,M1,690fe3e19a6f5250f6fc9555d15c297b4883485485053ad485e6a0c63f8327ce,0.5,6aceac9518fc8056052807e666da9d0c8bebb010,0.025,NOT_EXECUTED
207,F3B2J0010335,10335,F3B2D003445,BASELINE,F3BBG_N120_A2_Q002_R051:NULL:PRIMARY,F3BBG_N120_A2_Q002_R051,0,M2,690fe3e19a6f5250f6fc9555d15c297b4883485485053ad485e6a0c63f8327ce,0.5,6aceac9518fc8056052807e666da9d0c8bebb010,0.025,NOT_EXECUTED
208,F3B2J0010336,10336,F3B2D003446,BASELINE,F3BBG_N120_A2_Q002_R051:POS:PRIMARY,F3BBG_N120_A2_Q002_R051,0,M0,d877a6aef6a905ea3cf8164a499b45ac27a06cc714ce8a103aeba7e5ce16c16a,0.5,6aceac9518fc8056052807e666da9d0c8bebb010,0.025,NOT_EXECUTED
209,F3B2J0010337,10337,F3B2D003446,BASELINE,F3BBG_N120_A2_Q002_R051:POS:PRIMARY,F3BBG_N120_A2_Q002_R051,0,M1,d877a6aef6a905ea3cf8164a499b45ac27a06cc714ce8a103aeba7e5ce16c16a,0.5,6aceac9518fc8056052807e666da9d0c8bebb010,0.025,NOT_EXECUTED
210,F3B2J0010338,10338,F3B2D003446,BASELINE,F3BBG_N120_A2_Q002_R051:POS:PRIMARY,F3BBG_N120_A2_Q002_R051,0,M2,d877a6aef6a905ea3cf8164a499b45ac27a06cc714ce8a103aeba7e5ce16c16a,0.5,6aceac9518fc8056052807e666da9d0c8bebb010,0.025,NOT_EXECUTED
211,F3B2J0010615,10615,F3B2D003539,BASELINE,F3BBG_N120_A2_Q004_R038:NULL:PRIMARY,F3BBG_N120_A2_Q004_R038,0,M0,3a6f02bf49f4f8a1939bfebd2ad047d48b44b7fc3b3ed6e2e2df2ad1f89c7155,0.5,6aceac9518fc8056052807e666da9d0c8bebb010,0.025,NOT_EXECUTED
212,F3B2J0010616,10616,F3B2D003539,BASELINE,F3BBG_N120_A2_Q004_R038:NULL:PRIMARY,F3BBG_N120_A2_Q004_R038,0,M1,3a6f02bf49f4f8a1939bfebd2ad047d48b44b7fc3b3ed6e2e2df2ad1f89c7155,0.5,6aceac9518fc8056052807e666da9d0c8bebb010,0.025,NOT_EXECUTED
213,F3B2J0010617,10617,F3B2D003539,BASELINE,F3BBG_N120_A2_Q004_R038:NULL:PRIMARY,F3BBG_N120_A2_Q004_R038,0,M2,3a6f02bf49f4f8a1939bfebd2ad047d48b44b7fc3b3ed6e2e2df2ad1f89c7155,0.5,6aceac9518fc8056052807e666da9d0c8bebb010,0.025,NOT_EXECUTED
214,F3B2J0010618,10618,F3B2D003540,BASELINE,F3BBG_N120_A2_Q004_R038:POS:PRIMARY,F3BBG_N120_A2_Q004_R038,0,M0,0f2c0679adb618826a0dab6c38596eaa02ebdcef11d13659d0d112acdcaa8f34,0.5,6aceac9518fc8056052807e666da9d0c8bebb010,0.025,NOT_EXECUTED
215,F3B2J0010619,10619,F3B2D003540,BASELINE,F3BBG_N120_A2_Q004_R038:POS:PRIMARY,F3BBG_N120_A2_Q004_R038,0,M1,0f2c0679adb618826a0dab6c38596eaa02ebdcef11d13659d0d112acdcaa8f34,0.5,6aceac9518fc8056052807e666da9d0c8bebb010,0.025,NOT_EXECUTED
216,F3B2J0010620,10620,F3B2D003540,BASELINE,F3BBG_N120_A2_Q004_R038:POS:PRIMARY,F3BBG_N120_A2_Q004_R038,0,M2,0f2c0679adb618826a0dab6c38596eaa02ebdcef11d13659d0d112acdcaa8f34,0.5,6aceac9518fc8056052807e666da9d0c8bebb010,0.025,NOT_EXECUTED
217,F3B2J0010801,10801,F3B2D003601,NUMERICAL_STABILITY_EXTRA,F3BBG_N015_A0_Q001_R013:NULL:PRIMARY,F3BBG_N015_A0_Q001_R013,1,M0,f72f18f31419c88f61e23f524762e509ed2616e2c1d728aeb6574ae5295c26de,0.5,6aceac9518fc8056052807e666da9d0c8bebb010,0.025,NOT_EXECUTED
218,F3B2J0010802,10802,F3B2D003601,NUMERICAL_STABILITY_EXTRA,F3BBG_N015_A0_Q001_R013:NULL:PRIMARY,F3BBG_N015_A0_Q001_R013,1,M1,f72f18f31419c88f61e23f524762e509ed2616e2c1d728aeb6574ae5295c26de,0.5,6aceac9518fc8056052807e666da9d0c8bebb010,0.025,NOT_EXECUTED
219,F3B2J0010803,10803,F3B2D003601,NUMERICAL_STABILITY_EXTRA,F3BBG_N015_A0_Q001_R013:NULL:PRIMARY,F3BBG_N015_A0_Q001_R013,1,M2,f72f18f31419c88f61e23f524762e509ed2616e2c1d728aeb6574ae5295c26de,0.5,6aceac9518fc8056052807e666da9d0c8bebb010,0.025,NOT_EXECUTED
220,F3B2J0010825,10825,F3B2D003609,NUMERICAL_STABILITY_EXTRA,F3BBG_N015_A0_Q001_R013:NULL:PRIMARY,F3BBG_N015_A0_Q001_R013,9,M0,f72f18f31419c88f61e23f524762e509ed2616e2c1d728aeb6574ae5295c26de,0.5,6aceac9518fc8056052807e666da9d0c8bebb010,0.025,NOT_EXECUTED
221,F3B2J0010826,10826,F3B2D003609,NUMERICAL_STABILITY_EXTRA,F3BBG_N015_A0_Q001_R013:NULL:PRIMARY,F3BBG_N015_A0_Q001_R013,9,M1,f72f18f31419c88f61e23f524762e509ed2616e2c1d728aeb6574ae5295c26de,0.5,6aceac9518fc8056052807e666da9d0c8bebb010,0.025,NOT_EXECUTED
222,F3B2J0010827,10827,F3B2D003609,NUMERICAL_STABILITY_EXTRA,F3BBG_N015_A0_Q001_R013:NULL:PRIMARY,F3BBG_N015_A0_Q001_R013,9,M2,f72f18f31419c88f61e23f524762e509ed2616e2c1d728aeb6574ae5295c26de,0.5,6aceac9518fc8056052807e666da9d0c8bebb010,0.025,NOT_EXECUTED
223,F3B2J0010828,10828,F3B2D003610,NUMERICAL_STABILITY_EXTRA,F3BBG_N015_A0_Q001_R013:POS:PRIMARY,F3BBG_N015_A0_Q001_R013,1,M0,e159398bfbb682f2af04f08357a0a890135006a086a80ace04315c7bab9b765e,0.5,6aceac9518fc8056052807e666da9d0c8bebb010,0.025,NOT_EXECUTED
224,F3B2J0010829,10829,F3B2D003610,NUMERICAL_STABILITY_EXTRA,F3BBG_N015_A0_Q001_R013:POS:PRIMARY,F3BBG_N015_A0_Q001_R013,1,M1,e159398bfbb682f2af04f08357a0a890135006a086a80ace04315c7bab9b765e,0.5,6aceac9518fc8056052807e666da9d0c8bebb010,0.025,NOT_EXECUTED
225,F3B2J0010830,10830,F3B2D003610,NUMERICAL_STABILITY_EXTRA,F3BBG_N015_A0_Q001_R013:POS:PRIMARY,F3BBG_N015_A0_Q001_R013,1,M2,e159398bfbb682f2af04f08357a0a890135006a086a80ace04315c7bab9b765e,0.5,6aceac9518fc8056052807e666da9d0c8bebb010,0.025,NOT_EXECUTED
226,F3B2J0010852,10852,F3B2D003618,NUMERICAL_STABILITY_EXTRA,F3BBG_N015_A0_Q001_R013:POS:PRIMARY,F3BBG_N015_A0_Q001_R013,9,M0,e159398bfbb682f2af04f08357a0a890135006a086a80ace04315c7bab9b765e,0.5,6aceac9518fc8056052807e666da9d0c8bebb010,0.025,NOT_EXECUTED
227,F3B2J0010853,10853,F3B2D003618,NUMERICAL_STABILITY_EXTRA,F3BBG_N015_A0_Q001_R013:POS:PRIMARY,F3BBG_N015_A0_Q001_R013,9,M1,e159398bfbb682f2af04f08357a0a890135006a086a80ace04315c7bab9b765e,0.5,6aceac9518fc8056052807e666da9d0c8bebb010,0.025,NOT_EXECUTED
228,F3B2J0010854,10854,F3B2D003618,NUMERICAL_STABILITY_EXTRA,F3BBG_N015_A0_Q001_R013:POS:PRIMARY,F3BBG_N015_A0_Q001_R013,9,M2,e159398bfbb682f2af04f08357a0a890135006a086a80ace04315c7bab9b765e,0.5,6aceac9518fc8056052807e666da9d0c8bebb010,0.025,NOT_EXECUTED
229,F3B2J0010855,10855,F3B2D003619,NUMERICAL_STABILITY_EXTRA,F3BBG_N015_A0_Q002_R012:NULL:PRIMARY,F3BBG_N015_A0_Q002_R012,1,M0,ca27cdbfe79869e5aed8cea05f1215e6bac1d195c2212c8d80dc38e2e8664e1b,0.5,6aceac9518fc8056052807e666da9d0c8bebb010,0.025,NOT_EXECUTED
230,F3B2J0010856,10856,F3B2D003619,NUMERICAL_STABILITY_EXTRA,F3BBG_N015_A0_Q002_R012:NULL:PRIMARY,F3BBG_N015_A0_Q002_R012,1,M1,ca27cdbfe79869e5aed8cea05f1215e6bac1d195c2212c8d80dc38e2e8664e1b,0.5,6aceac9518fc8056052807e666da9d0c8bebb010,0.025,NOT_EXECUTED
231,F3B2J0010857,10857,F3B2D003619,NUMERICAL_STABILITY_EXTRA,F3BBG_N015_A0_Q002_R012:NULL:PRIMARY,F3BBG_N015_A0_Q002_R012,1,M2,ca27cdbfe79869e5aed8cea05f1215e6bac1d195c2212c8d80dc38e2e8664e1b,0.5,6aceac9518fc8056052807e666da9d0c8bebb010,0.025,NOT_EXECUTED
232,F3B2J0010879,10879,F3B2D003627,NUMERICAL_STABILITY_EXTRA,F3BBG_N015_A0_Q002_R012:NULL:PRIMARY,F3BBG_N015_A0_Q002_R012,9,M0,ca27cdbfe79869e5aed8cea05f1215e6bac1d195c2212c8d80dc38e2e8664e1b,0.5,6aceac9518fc8056052807e666da9d0c8bebb010,0.025,NOT_EXECUTED
233,F3B2J0010880,10880,F3B2D003627,NUMERICAL_STABILITY_EXTRA,F3BBG_N015_A0_Q002_R012:NULL:PRIMARY,F3BBG_N015_A0_Q002_R012,9,M1,ca27cdbfe79869e5aed8cea05f1215e6bac1d195c2212c8d80dc38e2e8664e1b,0.5,6aceac9518fc8056052807e666da9d0c8bebb010,0.025,NOT_EXECUTED
234,F3B2J0010881,10881,F3B2D003627,NUMERICAL_STABILITY_EXTRA,F3BBG_N015_A0_Q002_R012:NULL:PRIMARY,F3BBG_N015_A0_Q002_R012,9,M2,ca27cdbfe79869e5aed8cea05f1215e6bac1d195c2212c8d80dc38e2e8664e1b,0.5,6aceac9518fc8056052807e666da9d0c8bebb010,0.025,NOT_EXECUTED
235,F3B2J0010882,10882,F3B2D003628,NUMERICAL_STABILITY_EXTRA,F3BBG_N015_A0_Q002_R012:POS:PRIMARY,F3BBG_N015_A0_Q002_R012,1,M0,61a3d72df0e45f8471f16d3e24ea3e7c374940b3cd9c660c615b3b196b1aefe3,0.5,6aceac9518fc8056052807e666da9d0c8bebb010,0.025,NOT_EXECUTED
236,F3B2J0010883,10883,F3B2D003628,NUMERICAL_STABILITY_EXTRA,F3BBG_N015_A0_Q002_R012:POS:PRIMARY,F3BBG_N015_A0_Q002_R012,1,M1,61a3d72df0e45f8471f16d3e24ea3e7c374940b3cd9c660c615b3b196b1aefe3,0.5,6aceac9518fc8056052807e666da9d0c8bebb010,0.025,NOT_EXECUTED
237,F3B2J0010884,10884,F3B2D003628,NUMERICAL_STABILITY_EXTRA,F3BBG_N015_A0_Q002_R012:POS:PRIMARY,F3BBG_N015_A0_Q002_R012,1,M2,61a3d72df0e45f8471f16d3e24ea3e7c374940b3cd9c660c615b3b196b1aefe3,0.5,6aceac9518fc8056052807e666da9d0c8bebb010,0.025,NOT_EXECUTED
238,F3B2J0010906,10906,F3B2D003636,NUMERICAL_STABILITY_EXTRA,F3BBG_N015_A0_Q002_R012:POS:PRIMARY,F3BBG_N015_A0_Q002_R012,9,M0,61a3d72df0e45f8471f16d3e24ea3e7c374940b3cd9c660c615b3b196b1aefe3,0.5,6aceac9518fc8056052807e666da9d0c8bebb010,0.025,NOT_EXECUTED
239,F3B2J0010907,10907,F3B2D003636,NUMERICAL_STABILITY_EXTRA,F3BBG_N015_A0_Q002_R012:POS:PRIMARY,F3BBG_N015_A0_Q002_R012,9,M1,61a3d72df0e45f8471f16d3e24ea3e7c374940b3cd9c660c615b3b196b1aefe3,0.5,6aceac9518fc8056052807e666da9d0c8bebb010,0.025,NOT_EXECUTED
240,F3B2J0010908,10908,F3B2D003636,NUMERICAL_STABILITY_EXTRA,F3BBG_N015_A0_Q002_R012:POS:PRIMARY,F3BBG_N015_A0_Q002_R012,9,M2,61a3d72df0e45f8471f16d3e24ea3e7c374940b3cd9c660c615b3b196b1aefe3,0.5,6aceac9518fc8056052807e666da9d0c8bebb010,0.025,NOT_EXECUTED
241,F3B2J0010909,10909,F3B2D003637,NUMERICAL_STABILITY_EXTRA,F3BBG_N015_A0_Q004_R054:NULL:PRIMARY,F3BBG_N015_A0_Q004_R054,1,M0,33d5eb8b8051c7f3f245875baeddf29ac0beaf7b1297ec913a1170ab803528fc,0.5,6aceac9518fc8056052807e666da9d0c8bebb010,0.025,NOT_EXECUTED
242,F3B2J0010910,10910,F3B2D003637,NUMERICAL_STABILITY_EXTRA,F3BBG_N015_A0_Q004_R054:NULL:PRIMARY,F3BBG_N015_A0_Q004_R054,1,M1,33d5eb8b8051c7f3f245875baeddf29ac0beaf7b1297ec913a1170ab803528fc,0.5,6aceac9518fc8056052807e666da9d0c8bebb010,0.025,NOT_EXECUTED
243,F3B2J0010911,10911,F3B2D003637,NUMERICAL_STABILITY_EXTRA,F3BBG_N015_A0_Q004_R054:NULL:PRIMARY,F3BBG_N015_A0_Q004_R054,1,M2,33d5eb8b8051c7f3f245875baeddf29ac0beaf7b1297ec913a1170ab803528fc,0.5,6aceac9518fc8056052807e666da9d0c8bebb010,0.025,NOT_EXECUTED
244,F3B2J0010933,10933,F3B2D003645,NUMERICAL_STABILITY_EXTRA,F3BBG_N015_A0_Q004_R054:NULL:PRIMARY,F3BBG_N015_A0_Q004_R054,9,M0,33d5eb8b8051c7f3f245875baeddf29ac0beaf7b1297ec913a1170ab803528fc,0.5,6aceac9518fc8056052807e666da9d0c8bebb010,0.025,NOT_EXECUTED
245,F3B2J0010934,10934,F3B2D003645,NUMERICAL_STABILITY_EXTRA,F3BBG_N015_A0_Q004_R054:NULL:PRIMARY,F3BBG_N015_A0_Q004_R054,9,M1,33d5eb8b8051c7f3f245875baeddf29ac0beaf7b1297ec913a1170ab803528fc,0.5,6aceac9518fc8056052807e666da9d0c8bebb010,0.025,NOT_EXECUTED
246,F3B2J0010935,10935,F3B2D003645,NUMERICAL_STABILITY_EXTRA,F3BBG_N015_A0_Q004_R054:NULL:PRIMARY,F3BBG_N015_A0_Q004_R054,9,M2,33d5eb8b8051c7f3f245875baeddf29ac0beaf7b1297ec913a1170ab803528fc,0.5,6aceac9518fc8056052807e666da9d0c8bebb010,0.025,NOT_EXECUTED
247,F3B2J0010936,10936,F3B2D003646,NUMERICAL_STABILITY_EXTRA,F3BBG_N015_A0_Q004_R054:POS:PRIMARY,F3BBG_N015_A0_Q004_R054,1,M0,50d36135e27da9eaa81ea5ac93ca0a858abab9a357b947a771a5eed828da35c6,0.5,6aceac9518fc8056052807e666da9d0c8bebb010,0.025,NOT_EXECUTED
248,F3B2J0010937,10937,F3B2D003646,NUMERICAL_STABILITY_EXTRA,F3BBG_N015_A0_Q004_R054:POS:PRIMARY,F3BBG_N015_A0_Q004_R054,1,M1,50d36135e27da9eaa81ea5ac93ca0a858abab9a357b947a771a5eed828da35c6,0.5,6aceac9518fc8056052807e666da9d0c8bebb010,0.025,NOT_EXECUTED
249,F3B2J0010938,10938,F3B2D003646,NUMERICAL_STABILITY_EXTRA,F3BBG_N015_A0_Q004_R054:POS:PRIMARY,F3BBG_N015_A0_Q004_R054,1,M2,50d36135e27da9eaa81ea5ac93ca0a858abab9a357b947a771a5eed828da35c6,0.5,6aceac9518fc8056052807e666da9d0c8bebb010,0.025,NOT_EXECUTED
250,F3B2J0010960,10960,F3B2D003654,NUMERICAL_STABILITY_EXTRA,F3BBG_N015_A0_Q004_R054:POS:PRIMARY,F3BBG_N015_A0_Q004_R054,9,M0,50d36135e27da9eaa81ea5ac93ca0a858abab9a357b947a771a5eed828da35c6,0.5,6aceac9518fc8056052807e666da9d0c8bebb010,0.025,NOT_EXECUTED
251,F3B2J0010961,10961,F3B2D003654,NUMERICAL_STABILITY_EXTRA,F3BBG_N015_A0_Q004_R054:POS:PRIMARY,F3BBG_N015_A0_Q004_R054,9,M1,50d36135e27da9eaa81ea5ac93ca0a858abab9a357b947a771a5eed828da35c6,0.5,6aceac9518fc8056052807e666da9d0c8bebb010,0.025,NOT_EXECUTED
252,F3B2J0010962,10962,F3B2D003654,NUMERICAL_STABILITY_EXTRA,F3BBG_N015_A0_Q004_R054:POS:PRIMARY,F3BBG_N015_A0_Q004_R054,9,M2,50d36135e27da9eaa81ea5ac93ca0a858abab9a357b947a771a5eed828da35c6,0.5,6aceac9518fc8056052807e666da9d0c8bebb010,0.025,NOT_EXECUTED
253,F3B2J0010963,10963,F3B2D003655,NUMERICAL_STABILITY_EXTRA,F3BBG_N015_A1_Q001_R004:NULL:PRIMARY,F3BBG_N015_A1_Q001_R004,1,M0,fea2cef8766cee456900b0cbac704185489a29b23e72aaf69b6d8bf06fdc4b69,0.5,6aceac9518fc8056052807e666da9d0c8bebb010,0.025,NOT_EXECUTED
254,F3B2J0010964,10964,F3B2D003655,NUMERICAL_STABILITY_EXTRA,F3BBG_N015_A1_Q001_R004:NULL:PRIMARY,F3BBG_N015_A1_Q001_R004,1,M1,fea2cef8766cee456900b0cbac704185489a29b23e72aaf69b6d8bf06fdc4b69,0.5,6aceac9518fc8056052807e666da9d0c8bebb010,0.025,NOT_EXECUTED
255,F3B2J0010965,10965,F3B2D003655,NUMERICAL_STABILITY_EXTRA,F3BBG_N015_A1_Q001_R004:NULL:PRIMARY,F3BBG_N015_A1_Q001_R004,1,M2,fea2cef8766cee456900b0cbac704185489a29b23e72aaf69b6d8bf06fdc4b69,0.5,6aceac9518fc8056052807e666da9d0c8bebb010,0.025,NOT_EXECUTED
256,F3B2J0010987,10987,F3B2D003663,NUMERICAL_STABILITY_EXTRA,F3BBG_N015_A1_Q001_R004:NULL:PRIMARY,F3BBG_N015_A1_Q001_R004,9,M0,fea2cef8766cee456900b0cbac704185489a29b23e72aaf69b6d8bf06fdc4b69,0.5,6aceac9518fc8056052807e666da9d0c8bebb010,0.025,NOT_EXECUTED
257,F3B2J0010988,10988,F3B2D003663,NUMERICAL_STABILITY_EXTRA,F3BBG_N015_A1_Q001_R004:NULL:PRIMARY,F3BBG_N015_A1_Q001_R004,9,M1,fea2cef8766cee456900b0cbac704185489a29b23e72aaf69b6d8bf06fdc4b69,0.5,6aceac9518fc8056052807e666da9d0c8bebb010,0.025,NOT_EXECUTED
258,F3B2J0010989,10989,F3B2D003663,NUMERICAL_STABILITY_EXTRA,F3BBG_N015_A1_Q001_R004:NULL:PRIMARY,F3BBG_N015_A1_Q001_R004,9,M2,fea2cef8766cee456900b0cbac704185489a29b23e72aaf69b6d8bf06fdc4b69,0.5,6aceac9518fc8056052807e666da9d0c8bebb010,0.025,NOT_EXECUTED
259,F3B2J0010990,10990,F3B2D003664,NUMERICAL_STABILITY_EXTRA,F3BBG_N015_A1_Q001_R004:POS:PRIMARY,F3BBG_N015_A1_Q001_R004,1,M0,8e3f393b578121759d5afb26822d96b4ab0ad8d9160e526563ba5023907181b0,0.5,6aceac9518fc8056052807e666da9d0c8bebb010,0.025,NOT_EXECUTED
260,F3B2J0010991,10991,F3B2D003664,NUMERICAL_STABILITY_EXTRA,F3BBG_N015_A1_Q001_R004:POS:PRIMARY,F3BBG_N015_A1_Q001_R004,1,M1,8e3f393b578121759d5afb26822d96b4ab0ad8d9160e526563ba5023907181b0,0.5,6aceac9518fc8056052807e666da9d0c8bebb010,0.025,NOT_EXECUTED
261,F3B2J0010992,10992,F3B2D003664,NUMERICAL_STABILITY_EXTRA,F3BBG_N015_A1_Q001_R004:POS:PRIMARY,F3BBG_N015_A1_Q001_R004,1,M2,8e3f393b578121759d5afb26822d96b4ab0ad8d9160e526563ba5023907181b0,0.5,6aceac9518fc8056052807e666da9d0c8bebb010,0.025,NOT_EXECUTED
262,F3B2J0011014,11014,F3B2D003672,NUMERICAL_STABILITY_EXTRA,F3BBG_N015_A1_Q001_R004:POS:PRIMARY,F3BBG_N015_A1_Q001_R004,9,M0,8e3f393b578121759d5afb26822d96b4ab0ad8d9160e526563ba5023907181b0,0.5,6aceac9518fc8056052807e666da9d0c8bebb010,0.025,NOT_EXECUTED
263,F3B2J0011015,11015,F3B2D003672,NUMERICAL_STABILITY_EXTRA,F3BBG_N015_A1_Q001_R004:POS:PRIMARY,F3BBG_N015_A1_Q001_R004,9,M1,8e3f393b578121759d5afb26822d96b4ab0ad8d9160e526563ba5023907181b0,0.5,6aceac9518fc8056052807e666da9d0c8bebb010,0.025,NOT_EXECUTED
264,F3B2J0011016,11016,F3B2D003672,NUMERICAL_STABILITY_EXTRA,F3BBG_N015_A1_Q001_R004:POS:PRIMARY,F3BBG_N015_A1_Q001_R004,9,M2,8e3f393b578121759d5afb26822d96b4ab0ad8d9160e526563ba5023907181b0,0.5,6aceac9518fc8056052807e666da9d0c8bebb010,0.025,NOT_EXECUTED
265,F3B2J0011017,11017,F3B2D003673,NUMERICAL_STABILITY_EXTRA,F3BBG_N015_A1_Q002_R054:NULL:PRIMARY,F3BBG_N015_A1_Q002_R054,1,M0,a1b260825e9d9fcb2e16851913aca0c5c5be614130f25d963a73ef6c9e74180f,0.5,6aceac9518fc8056052807e666da9d0c8bebb010,0.025,NOT_EXECUTED
266,F3B2J0011018,11018,F3B2D003673,NUMERICAL_STABILITY_EXTRA,F3BBG_N015_A1_Q002_R054:NULL:PRIMARY,F3BBG_N015_A1_Q002_R054,1,M1,a1b260825e9d9fcb2e16851913aca0c5c5be614130f25d963a73ef6c9e74180f,0.5,6aceac9518fc8056052807e666da9d0c8bebb010,0.025,NOT_EXECUTED
267,F3B2J0011019,11019,F3B2D003673,NUMERICAL_STABILITY_EXTRA,F3BBG_N015_A1_Q002_R054:NULL:PRIMARY,F3BBG_N015_A1_Q002_R054,1,M2,a1b260825e9d9fcb2e16851913aca0c5c5be614130f25d963a73ef6c9e74180f,0.5,6aceac9518fc8056052807e666da9d0c8bebb010,0.025,NOT_EXECUTED
268,F3B2J0011041,11041,F3B2D003681,NUMERICAL_STABILITY_EXTRA,F3BBG_N015_A1_Q002_R054:NULL:PRIMARY,F3BBG_N015_A1_Q002_R054,9,M0,a1b260825e9d9fcb2e16851913aca0c5c5be614130f25d963a73ef6c9e74180f,0.5,6aceac9518fc8056052807e666da9d0c8bebb010,0.025,NOT_EXECUTED
269,F3B2J0011042,11042,F3B2D003681,NUMERICAL_STABILITY_EXTRA,F3BBG_N015_A1_Q002_R054:NULL:PRIMARY,F3BBG_N015_A1_Q002_R054,9,M1,a1b260825e9d9fcb2e16851913aca0c5c5be614130f25d963a73ef6c9e74180f,0.5,6aceac9518fc8056052807e666da9d0c8bebb010,0.025,NOT_EXECUTED
270,F3B2J0011043,11043,F3B2D003681,NUMERICAL_STABILITY_EXTRA,F3BBG_N015_A1_Q002_R054:NULL:PRIMARY,F3BBG_N015_A1_Q002_R054,9,M2,a1b260825e9d9fcb2e16851913aca0c5c5be614130f25d963a73ef6c9e74180f,0.5,6aceac9518fc8056052807e666da9d0c8bebb010,0.025,NOT_EXECUTED
271,F3B2J0011044,11044,F3B2D003682,NUMERICAL_STABILITY_EXTRA,F3BBG_N015_A1_Q002_R054:POS:PRIMARY,F3BBG_N015_A1_Q002_R054,1,M0,d7f1fd2856a233a766389e4e3483b302430004adba3f45b836bda33c85d995ee,0.5,6aceac9518fc8056052807e666da9d0c8bebb010,0.025,NOT_EXECUTED
272,F3B2J0011045,11045,F3B2D003682,NUMERICAL_STABILITY_EXTRA,F3BBG_N015_A1_Q002_R054:POS:PRIMARY,F3BBG_N015_A1_Q002_R054,1,M1,d7f1fd2856a233a766389e4e3483b302430004adba3f45b836bda33c85d995ee,0.5,6aceac9518fc8056052807e666da9d0c8bebb010,0.025,NOT_EXECUTED
273,F3B2J0011046,11046,F3B2D003682,NUMERICAL_STABILITY_EXTRA,F3BBG_N015_A1_Q002_R054:POS:PRIMARY,F3BBG_N015_A1_Q002_R054,1,M2,d7f1fd2856a233a766389e4e3483b302430004adba3f45b836bda33c85d995ee,0.5,6aceac9518fc8056052807e666da9d0c8bebb010,0.025,NOT_EXECUTED
274,F3B2J0011068,11068,F3B2D003690,NUMERICAL_STABILITY_EXTRA,F3BBG_N015_A1_Q002_R054:POS:PRIMARY,F3BBG_N015_A1_Q002_R054,9,M0,d7f1fd2856a233a766389e4e3483b302430004adba3f45b836bda33c85d995ee,0.5,6aceac9518fc8056052807e666da9d0c8bebb010,0.025,NOT_EXECUTED
275,F3B2J0011069,11069,F3B2D003690,NUMERICAL_STABILITY_EXTRA,F3BBG_N015_A1_Q002_R054:POS:PRIMARY,F3BBG_N015_A1_Q002_R054,9,M1,d7f1fd2856a233a766389e4e3483b302430004adba3f45b836bda33c85d995ee,0.5,6aceac9518fc8056052807e666da9d0c8bebb010,0.025,NOT_EXECUTED
276,F3B2J0011070,11070,F3B2D003690,NUMERICAL_STABILITY_EXTRA,F3BBG_N015_A1_Q002_R054:POS:PRIMARY,F3BBG_N015_A1_Q002_R054,9,M2,d7f1fd2856a233a766389e4e3483b302430004adba3f45b836bda33c85d995ee,0.5,6aceac9518fc8056052807e666da9d0c8bebb010,0.025,NOT_EXECUTED
277,F3B2J0011071,11071,F3B2D003691,NUMERICAL_STABILITY_EXTRA,F3BBG_N015_A1_Q004_R035:NULL:PRIMARY,F3BBG_N015_A1_Q004_R035,1,M0,8269842f9d23399231e43635fc7d6679446a2dc37640177a37746bce84c49c45,0.5,6aceac9518fc8056052807e666da9d0c8bebb010,0.025,NOT_EXECUTED
278,F3B2J0011072,11072,F3B2D003691,NUMERICAL_STABILITY_EXTRA,F3BBG_N015_A1_Q004_R035:NULL:PRIMARY,F3BBG_N015_A1_Q004_R035,1,M1,8269842f9d23399231e43635fc7d6679446a2dc37640177a37746bce84c49c45,0.5,6aceac9518fc8056052807e666da9d0c8bebb010,0.025,NOT_EXECUTED
279,F3B2J0011073,11073,F3B2D003691,NUMERICAL_STABILITY_EXTRA,F3BBG_N015_A1_Q004_R035:NULL:PRIMARY,F3BBG_N015_A1_Q004_R035,1,M2,8269842f9d23399231e43635fc7d6679446a2dc37640177a37746bce84c49c45,0.5,6aceac9518fc8056052807e666da9d0c8bebb010,0.025,NOT_EXECUTED
280,F3B2J0011095,11095,F3B2D003699,NUMERICAL_STABILITY_EXTRA,F3BBG_N015_A1_Q004_R035:NULL:PRIMARY,F3BBG_N015_A1_Q004_R035,9,M0,8269842f9d23399231e43635fc7d6679446a2dc37640177a37746bce84c49c45,0.5,6aceac9518fc8056052807e666da9d0c8bebb010,0.025,NOT_EXECUTED
281,F3B2J0011096,11096,F3B2D003699,NUMERICAL_STABILITY_EXTRA,F3BBG_N015_A1_Q004_R035:NULL:PRIMARY,F3BBG_N015_A1_Q004_R035,9,M1,8269842f9d23399231e43635fc7d6679446a2dc37640177a37746bce84c49c45,0.5,6aceac9518fc8056052807e666da9d0c8bebb010,0.025,NOT_EXECUTED
282,F3B2J0011097,11097,F3B2D003699,NUMERICAL_STABILITY_EXTRA,F3BBG_N015_A1_Q004_R035:NULL:PRIMARY,F3BBG_N015_A1_Q004_R035,9,M2,8269842f9d23399231e43635fc7d6679446a2dc37640177a37746bce84c49c45,0.5,6aceac9518fc8056052807e666da9d0c8bebb010,0.025,NOT_EXECUTED
283,F3B2J0011098,11098,F3B2D003700,NUMERICAL_STABILITY_EXTRA,F3BBG_N015_A1_Q004_R035:POS:PRIMARY,F3BBG_N015_A1_Q004_R035,1,M0,456de89fe23e3af501bde644d01cc1654733e345b4e0e70f6d7feb6d226f52b9,0.5,6aceac9518fc8056052807e666da9d0c8bebb010,0.025,NOT_EXECUTED
284,F3B2J0011099,11099,F3B2D003700,NUMERICAL_STABILITY_EXTRA,F3BBG_N015_A1_Q004_R035:POS:PRIMARY,F3BBG_N015_A1_Q004_R035,1,M1,456de89fe23e3af501bde644d01cc1654733e345b4e0e70f6d7feb6d226f52b9,0.5,6aceac9518fc8056052807e666da9d0c8bebb010,0.025,NOT_EXECUTED
285,F3B2J0011100,11100,F3B2D003700,NUMERICAL_STABILITY_EXTRA,F3BBG_N015_A1_Q004_R035:POS:PRIMARY,F3BBG_N015_A1_Q004_R035,1,M2,456de89fe23e3af501bde644d01cc1654733e345b4e0e70f6d7feb6d226f52b9,0.5,6aceac9518fc8056052807e666da9d0c8bebb010,0.025,NOT_EXECUTED
286,F3B2J0011122,11122,F3B2D003708,NUMERICAL_STABILITY_EXTRA,F3BBG_N015_A1_Q004_R035:POS:PRIMARY,F3BBG_N015_A1_Q004_R035,9,M0,456de89fe23e3af501bde644d01cc1654733e345b4e0e70f6d7feb6d226f52b9,0.5,6aceac9518fc8056052807e666da9d0c8bebb010,0.025,NOT_EXECUTED
287,F3B2J0011123,11123,F3B2D003708,NUMERICAL_STABILITY_EXTRA,F3BBG_N015_A1_Q004_R035:POS:PRIMARY,F3BBG_N015_A1_Q004_R035,9,M1,456de89fe23e3af501bde644d01cc1654733e345b4e0e70f6d7feb6d226f52b9,0.5,6aceac9518fc8056052807e666da9d0c8bebb010,0.025,NOT_EXECUTED
288,F3B2J0011124,11124,F3B2D003708,NUMERICAL_STABILITY_EXTRA,F3BBG_N015_A1_Q004_R035:POS:PRIMARY,F3BBG_N015_A1_Q004_R035,9,M2,456de89fe23e3af501bde644d01cc1654733e345b4e0e70f6d7feb6d226f52b9,0.5,6aceac9518fc8056052807e666da9d0c8bebb010,0.025,NOT_EXECUTED
289,F3B2J0011125,11125,F3B2D003709,NUMERICAL_STABILITY_EXTRA,F3BBG_N015_A2_Q001_R031:NULL:PRIMARY,F3BBG_N015_A2_Q001_R031,1,M0,af81c156e1a201d76a32c26bac82d320130c403a69a9712a6dccbd59f80a6b3f,0.5,6aceac9518fc8056052807e666da9d0c8bebb010,0.025,NOT_EXECUTED
290,F3B2J0011126,11126,F3B2D003709,NUMERICAL_STABILITY_EXTRA,F3BBG_N015_A2_Q001_R031:NULL:PRIMARY,F3BBG_N015_A2_Q001_R031,1,M1,af81c156e1a201d76a32c26bac82d320130c403a69a9712a6dccbd59f80a6b3f,0.5,6aceac9518fc8056052807e666da9d0c8bebb010,0.025,NOT_EXECUTED
291,F3B2J0011127,11127,F3B2D003709,NUMERICAL_STABILITY_EXTRA,F3BBG_N015_A2_Q001_R031:NULL:PRIMARY,F3BBG_N015_A2_Q001_R031,1,M2,af81c156e1a201d76a32c26bac82d320130c403a69a9712a6dccbd59f80a6b3f,0.5,6aceac9518fc8056052807e666da9d0c8bebb010,0.025,NOT_EXECUTED
292,F3B2J0011149,11149,F3B2D003717,NUMERICAL_STABILITY_EXTRA,F3BBG_N015_A2_Q001_R031:NULL:PRIMARY,F3BBG_N015_A2_Q001_R031,9,M0,af81c156e1a201d76a32c26bac82d320130c403a69a9712a6dccbd59f80a6b3f,0.5,6aceac9518fc8056052807e666da9d0c8bebb010,0.025,NOT_EXECUTED
293,F3B2J0011150,11150,F3B2D003717,NUMERICAL_STABILITY_EXTRA,F3BBG_N015_A2_Q001_R031:NULL:PRIMARY,F3BBG_N015_A2_Q001_R031,9,M1,af81c156e1a201d76a32c26bac82d320130c403a69a9712a6dccbd59f80a6b3f,0.5,6aceac9518fc8056052807e666da9d0c8bebb010,0.025,NOT_EXECUTED
294,F3B2J0011151,11151,F3B2D003717,NUMERICAL_STABILITY_EXTRA,F3BBG_N015_A2_Q001_R031:NULL:PRIMARY,F3BBG_N015_A2_Q001_R031,9,M2,af81c156e1a201d76a32c26bac82d320130c403a69a9712a6dccbd59f80a6b3f,0.5,6aceac9518fc8056052807e666da9d0c8bebb010,0.025,NOT_EXECUTED
295,F3B2J0011152,11152,F3B2D003718,NUMERICAL_STABILITY_EXTRA,F3BBG_N015_A2_Q001_R031:POS:PRIMARY,F3BBG_N015_A2_Q001_R031,1,M0,97d2a469ffbe2d9e84cfa4b632e00688b91cc2d531eeb5f73c6ae6a7cf5798f4,0.5,6aceac9518fc8056052807e666da9d0c8bebb010,0.025,NOT_EXECUTED
296,F3B2J0011153,11153,F3B2D003718,NUMERICAL_STABILITY_EXTRA,F3BBG_N015_A2_Q001_R031:POS:PRIMARY,F3BBG_N015_A2_Q001_R031,1,M1,97d2a469ffbe2d9e84cfa4b632e00688b91cc2d531eeb5f73c6ae6a7cf5798f4,0.5,6aceac9518fc8056052807e666da9d0c8bebb010,0.025,NOT_EXECUTED
297,F3B2J0011154,11154,F3B2D003718,NUMERICAL_STABILITY_EXTRA,F3BBG_N015_A2_Q001_R031:POS:PRIMARY,F3BBG_N015_A2_Q001_R031,1,M2,97d2a469ffbe2d9e84cfa4b632e00688b91cc2d531eeb5f73c6ae6a7cf5798f4,0.5,6aceac9518fc8056052807e666da9d0c8bebb010,0.025,NOT_EXECUTED
298,F3B2J0011176,11176,F3B2D003726,NUMERICAL_STABILITY_EXTRA,F3BBG_N015_A2_Q001_R031:POS:PRIMARY,F3BBG_N015_A2_Q001_R031,9,M0,97d2a469ffbe2d9e84cfa4b632e00688b91cc2d531eeb5f73c6ae6a7cf5798f4,0.5,6aceac9518fc8056052807e666da9d0c8bebb010,0.025,NOT_EXECUTED
299,F3B2J0011177,11177,F3B2D003726,NUMERICAL_STABILITY_EXTRA,F3BBG_N015_A2_Q001_R031:POS:PRIMARY,F3BBG_N015_A2_Q001_R031,9,M1,97d2a469ffbe2d9e84cfa4b632e00688b91cc2d531eeb5f73c6ae6a7cf5798f4,0.5,6aceac9518fc8056052807e666da9d0c8bebb010,0.025,NOT_EXECUTED
300,F3B2J0011178,11178,F3B2D003726,NUMERICAL_STABILITY_EXTRA,F3BBG_N015_A2_Q001_R031:POS:PRIMARY,F3BBG_N015_A2_Q001_R031,9,M2,97d2a469ffbe2d9e84cfa4b632e00688b91cc2d531eeb5f73c6ae6a7cf5798f4,0.5,6aceac9518fc8056052807e666da9d0c8bebb010,0.025,NOT_EXECUTED
301,F3B2J0011179,11179,F3B2D003727,NUMERICAL_STABILITY_EXTRA,F3BBG_N015_A2_Q002_R044:NULL:PRIMARY,F3BBG_N015_A2_Q002_R044,1,M0,94ea298fe5fa6ce7f0efd07eb3802eab2a020edd348befc9333fde87d13d9165,0.5,6aceac9518fc8056052807e666da9d0c8bebb010,0.025,NOT_EXECUTED
302,F3B2J0011180,11180,F3B2D003727,NUMERICAL_STABILITY_EXTRA,F3BBG_N015_A2_Q002_R044:NULL:PRIMARY,F3BBG_N015_A2_Q002_R044,1,M1,94ea298fe5fa6ce7f0efd07eb3802eab2a020edd348befc9333fde87d13d9165,0.5,6aceac9518fc8056052807e666da9d0c8bebb010,0.025,NOT_EXECUTED
303,F3B2J0011181,11181,F3B2D003727,NUMERICAL_STABILITY_EXTRA,F3BBG_N015_A2_Q002_R044:NULL:PRIMARY,F3BBG_N015_A2_Q002_R044,1,M2,94ea298fe5fa6ce7f0efd07eb3802eab2a020edd348befc9333fde87d13d9165,0.5,6aceac9518fc8056052807e666da9d0c8bebb010,0.025,NOT_EXECUTED
304,F3B2J0011203,11203,F3B2D003735,NUMERICAL_STABILITY_EXTRA,F3BBG_N015_A2_Q002_R044:NULL:PRIMARY,F3BBG_N015_A2_Q002_R044,9,M0,94ea298fe5fa6ce7f0efd07eb3802eab2a020edd348befc9333fde87d13d9165,0.5,6aceac9518fc8056052807e666da9d0c8bebb010,0.025,NOT_EXECUTED
305,F3B2J0011204,11204,F3B2D003735,NUMERICAL_STABILITY_EXTRA,F3BBG_N015_A2_Q002_R044:NULL:PRIMARY,F3BBG_N015_A2_Q002_R044,9,M1,94ea298fe5fa6ce7f0efd07eb3802eab2a020edd348befc9333fde87d13d9165,0.5,6aceac9518fc8056052807e666da9d0c8bebb010,0.025,NOT_EXECUTED
306,F3B2J0011205,11205,F3B2D003735,NUMERICAL_STABILITY_EXTRA,F3BBG_N015_A2_Q002_R044:NULL:PRIMARY,F3BBG_N015_A2_Q002_R044,9,M2,94ea298fe5fa6ce7f0efd07eb3802eab2a020edd348befc9333fde87d13d9165,0.5,6aceac9518fc8056052807e666da9d0c8bebb010,0.025,NOT_EXECUTED
307,F3B2J0011206,11206,F3B2D003736,NUMERICAL_STABILITY_EXTRA,F3BBG_N015_A2_Q002_R044:POS:PRIMARY,F3BBG_N015_A2_Q002_R044,1,M0,392404df83fb1f96aa381b06b67b6b5ffc9d230ad9f85945d14477061b0e36ca,0.5,6aceac9518fc8056052807e666da9d0c8bebb010,0.025,NOT_EXECUTED
308,F3B2J0011207,11207,F3B2D003736,NUMERICAL_STABILITY_EXTRA,F3BBG_N015_A2_Q002_R044:POS:PRIMARY,F3BBG_N015_A2_Q002_R044,1,M1,392404df83fb1f96aa381b06b67b6b5ffc9d230ad9f85945d14477061b0e36ca,0.5,6aceac9518fc8056052807e666da9d0c8bebb010,0.025,NOT_EXECUTED
309,F3B2J0011208,11208,F3B2D003736,NUMERICAL_STABILITY_EXTRA,F3BBG_N015_A2_Q002_R044:POS:PRIMARY,F3BBG_N015_A2_Q002_R044,1,M2,392404df83fb1f96aa381b06b67b6b5ffc9d230ad9f85945d14477061b0e36ca,0.5,6aceac9518fc8056052807e666da9d0c8bebb010,0.025,NOT_EXECUTED
310,F3B2J0011230,11230,F3B2D003744,NUMERICAL_STABILITY_EXTRA,F3BBG_N015_A2_Q002_R044:POS:PRIMARY,F3BBG_N015_A2_Q002_R044,9,M0,392404df83fb1f96aa381b06b67b6b5ffc9d230ad9f85945d14477061b0e36ca,0.5,6aceac9518fc8056052807e666da9d0c8bebb010,0.025,NOT_EXECUTED
311,F3B2J0011231,11231,F3B2D003744,NUMERICAL_STABILITY_EXTRA,F3BBG_N015_A2_Q002_R044:POS:PRIMARY,F3BBG_N015_A2_Q002_R044,9,M1,392404df83fb1f96aa381b06b67b6b5ffc9d230ad9f85945d14477061b0e36ca,0.5,6aceac9518fc8056052807e666da9d0c8bebb010,0.025,NOT_EXECUTED
312,F3B2J0011232,11232,F3B2D003744,NUMERICAL_STABILITY_EXTRA,F3BBG_N015_A2_Q002_R044:POS:PRIMARY,F3BBG_N015_A2_Q002_R044,9,M2,392404df83fb1f96aa381b06b67b6b5ffc9d230ad9f85945d14477061b0e36ca,0.5,6aceac9518fc8056052807e666da9d0c8bebb010,0.025,NOT_EXECUTED
313,F3B2J0011233,11233,F3B2D003745,NUMERICAL_STABILITY_EXTRA,F3BBG_N015_A2_Q004_R076:NULL:PRIMARY,F3BBG_N015_A2_Q004_R076,1,M0,26b1052ebe1c535a89528335eee5647618f6ee5d9a2817a6ffcb39882973883c,0.5,6aceac9518fc8056052807e666da9d0c8bebb010,0.025,NOT_EXECUTED
314,F3B2J0011234,11234,F3B2D003745,NUMERICAL_STABILITY_EXTRA,F3BBG_N015_A2_Q004_R076:NULL:PRIMARY,F3BBG_N015_A2_Q004_R076,1,M1,26b1052ebe1c535a89528335eee5647618f6ee5d9a2817a6ffcb39882973883c,0.5,6aceac9518fc8056052807e666da9d0c8bebb010,0.025,NOT_EXECUTED
315,F3B2J0011235,11235,F3B2D003745,NUMERICAL_STABILITY_EXTRA,F3BBG_N015_A2_Q004_R076:NULL:PRIMARY,F3BBG_N015_A2_Q004_R076,1,M2,26b1052ebe1c535a89528335eee5647618f6ee5d9a2817a6ffcb39882973883c,0.5,6aceac9518fc8056052807e666da9d0c8bebb010,0.025,NOT_EXECUTED
316,F3B2J0011257,11257,F3B2D003753,NUMERICAL_STABILITY_EXTRA,F3BBG_N015_A2_Q004_R076:NULL:PRIMARY,F3BBG_N015_A2_Q004_R076,9,M0,26b1052ebe1c535a89528335eee5647618f6ee5d9a2817a6ffcb39882973883c,0.5,6aceac9518fc8056052807e666da9d0c8bebb010,0.025,NOT_EXECUTED
317,F3B2J0011258,11258,F3B2D003753,NUMERICAL_STABILITY_EXTRA,F3BBG_N015_A2_Q004_R076:NULL:PRIMARY,F3BBG_N015_A2_Q004_R076,9,M1,26b1052ebe1c535a89528335eee5647618f6ee5d9a2817a6ffcb39882973883c,0.5,6aceac9518fc8056052807e666da9d0c8bebb010,0.025,NOT_EXECUTED
318,F3B2J0011259,11259,F3B2D003753,NUMERICAL_STABILITY_EXTRA,F3BBG_N015_A2_Q004_R076:NULL:PRIMARY,F3BBG_N015_A2_Q004_R076,9,M2,26b1052ebe1c535a89528335eee5647618f6ee5d9a2817a6ffcb39882973883c,0.5,6aceac9518fc8056052807e666da9d0c8bebb010,0.025,NOT_EXECUTED
319,F3B2J0011260,11260,F3B2D003754,NUMERICAL_STABILITY_EXTRA,F3BBG_N015_A2_Q004_R076:POS:PRIMARY,F3BBG_N015_A2_Q004_R076,1,M0,7e7adebc05b6b328b249f5a118f47c2be4473e0b0e6ad43f7116a54de0216d5e,0.5,6aceac9518fc8056052807e666da9d0c8bebb010,0.025,NOT_EXECUTED
320,F3B2J0011261,11261,F3B2D003754,NUMERICAL_STABILITY_EXTRA,F3BBG_N015_A2_Q004_R076:POS:PRIMARY,F3BBG_N015_A2_Q004_R076,1,M1,7e7adebc05b6b328b249f5a118f47c2be4473e0b0e6ad43f7116a54de0216d5e,0.5,6aceac9518fc8056052807e666da9d0c8bebb010,0.025,NOT_EXECUTED
321,F3B2J0011262,11262,F3B2D003754,NUMERICAL_STABILITY_EXTRA,F3BBG_N015_A2_Q004_R076:POS:PRIMARY,F3BBG_N015_A2_Q004_R076,1,M2,7e7adebc05b6b328b249f5a118f47c2be4473e0b0e6ad43f7116a54de0216d5e,0.5,6aceac9518fc8056052807e666da9d0c8bebb010,0.025,NOT_EXECUTED
322,F3B2J0011284,11284,F3B2D003762,NUMERICAL_STABILITY_EXTRA,F3BBG_N015_A2_Q004_R076:POS:PRIMARY,F3BBG_N015_A2_Q004_R076,9,M0,7e7adebc05b6b328b249f5a118f47c2be4473e0b0e6ad43f7116a54de0216d5e,0.5,6aceac9518fc8056052807e666da9d0c8bebb010,0.025,NOT_EXECUTED
323,F3B2J0011285,11285,F3B2D003762,NUMERICAL_STABILITY_EXTRA,F3BBG_N015_A2_Q004_R076:POS:PRIMARY,F3BBG_N015_A2_Q004_R076,9,M1,7e7adebc05b6b328b249f5a118f47c2be4473e0b0e6ad43f7116a54de0216d5e,0.5,6aceac9518fc8056052807e666da9d0c8bebb010,0.025,NOT_EXECUTED
324,F3B2J0011286,11286,F3B2D003762,NUMERICAL_STABILITY_EXTRA,F3BBG_N015_A2_Q004_R076:POS:PRIMARY,F3BBG_N015_A2_Q004_R076,9,M2,7e7adebc05b6b328b249f5a118f47c2be4473e0b0e6ad43f7116a54de0216d5e,0.5,6aceac9518fc8056052807e666da9d0c8bebb010,0.025,NOT_EXECUTED
325,F3B2J0011287,11287,F3B2D003763,NUMERICAL_STABILITY_EXTRA,F3BBG_N030_A0_Q001_R005:NULL:PRIMARY,F3BBG_N030_A0_Q001_R005,1,M0,37d3ddb051113e06426b3d4b0bc228dccd821430eff0624f0dbc290196884ac0,0.5,6aceac9518fc8056052807e666da9d0c8bebb010,0.025,NOT_EXECUTED
326,F3B2J0011288,11288,F3B2D003763,NUMERICAL_STABILITY_EXTRA,F3BBG_N030_A0_Q001_R005:NULL:PRIMARY,F3BBG_N030_A0_Q001_R005,1,M1,37d3ddb051113e06426b3d4b0bc228dccd821430eff0624f0dbc290196884ac0,0.5,6aceac9518fc8056052807e666da9d0c8bebb010,0.025,NOT_EXECUTED
327,F3B2J0011289,11289,F3B2D003763,NUMERICAL_STABILITY_EXTRA,F3BBG_N030_A0_Q001_R005:NULL:PRIMARY,F3BBG_N030_A0_Q001_R005,1,M2,37d3ddb051113e06426b3d4b0bc228dccd821430eff0624f0dbc290196884ac0,0.5,6aceac9518fc8056052807e666da9d0c8bebb010,0.025,NOT_EXECUTED
328,F3B2J0011311,11311,F3B2D003771,NUMERICAL_STABILITY_EXTRA,F3BBG_N030_A0_Q001_R005:NULL:PRIMARY,F3BBG_N030_A0_Q001_R005,9,M0,37d3ddb051113e06426b3d4b0bc228dccd821430eff0624f0dbc290196884ac0,0.5,6aceac9518fc8056052807e666da9d0c8bebb010,0.025,NOT_EXECUTED
329,F3B2J0011312,11312,F3B2D003771,NUMERICAL_STABILITY_EXTRA,F3BBG_N030_A0_Q001_R005:NULL:PRIMARY,F3BBG_N030_A0_Q001_R005,9,M1,37d3ddb051113e06426b3d4b0bc228dccd821430eff0624f0dbc290196884ac0,0.5,6aceac9518fc8056052807e666da9d0c8bebb010,0.025,NOT_EXECUTED
330,F3B2J0011313,11313,F3B2D003771,NUMERICAL_STABILITY_EXTRA,F3BBG_N030_A0_Q001_R005:NULL:PRIMARY,F3BBG_N030_A0_Q001_R005,9,M2,37d3ddb051113e06426b3d4b0bc228dccd821430eff0624f0dbc290196884ac0,0.5,6aceac9518fc8056052807e666da9d0c8bebb010,0.025,NOT_EXECUTED
331,F3B2J0011314,11314,F3B2D003772,NUMERICAL_STABILITY_EXTRA,F3BBG_N030_A0_Q001_R005:POS:PRIMARY,F3BBG_N030_A0_Q001_R005,1,M0,db16622e2f91bef8615566a905b3a455352003818fb63bb93a0995620e503636,0.5,6aceac9518fc8056052807e666da9d0c8bebb010,0.025,NOT_EXECUTED
332,F3B2J0011315,11315,F3B2D003772,NUMERICAL_STABILITY_EXTRA,F3BBG_N030_A0_Q001_R005:POS:PRIMARY,F3BBG_N030_A0_Q001_R005,1,M1,db16622e2f91bef8615566a905b3a455352003818fb63bb93a0995620e503636,0.5,6aceac9518fc8056052807e666da9d0c8bebb010,0.025,NOT_EXECUTED
333,F3B2J0011316,11316,F3B2D003772,NUMERICAL_STABILITY_EXTRA,F3BBG_N030_A0_Q001_R005:POS:PRIMARY,F3BBG_N030_A0_Q001_R005,1,M2,db16622e2f91bef8615566a905b3a455352003818fb63bb93a0995620e503636,0.5,6aceac9518fc8056052807e666da9d0c8bebb010,0.025,NOT_EXECUTED
334,F3B2J0011338,11338,F3B2D003780,NUMERICAL_STABILITY_EXTRA,F3BBG_N030_A0_Q001_R005:POS:PRIMARY,F3BBG_N030_A0_Q001_R005,9,M0,db16622e2f91bef8615566a905b3a455352003818fb63bb93a0995620e503636,0.5,6aceac9518fc8056052807e666da9d0c8bebb010,0.025,NOT_EXECUTED
335,F3B2J0011339,11339,F3B2D003780,NUMERICAL_STABILITY_EXTRA,F3BBG_N030_A0_Q001_R005:POS:PRIMARY,F3BBG_N030_A0_Q001_R005,9,M1,db16622e2f91bef8615566a905b3a455352003818fb63bb93a0995620e503636,0.5,6aceac9518fc8056052807e666da9d0c8bebb010,0.025,NOT_EXECUTED
336,F3B2J0011340,11340,F3B2D003780,NUMERICAL_STABILITY_EXTRA,F3BBG_N030_A0_Q001_R005:POS:PRIMARY,F3BBG_N030_A0_Q001_R005,9,M2,db16622e2f91bef8615566a905b3a455352003818fb63bb93a0995620e503636,0.5,6aceac9518fc8056052807e666da9d0c8bebb010,0.025,NOT_EXECUTED
337,F3B2J0011341,11341,F3B2D003781,NUMERICAL_STABILITY_EXTRA,F3BBG_N030_A0_Q002_R003:NULL:PRIMARY,F3BBG_N030_A0_Q002_R003,1,M0,d04e5a11461ab6c3a94f6a4492178343f3760805ad79fc707e50d6ca6e97bc4c,0.5,6aceac9518fc8056052807e666da9d0c8bebb010,0.025,NOT_EXECUTED
338,F3B2J0011342,11342,F3B2D003781,NUMERICAL_STABILITY_EXTRA,F3BBG_N030_A0_Q002_R003:NULL:PRIMARY,F3BBG_N030_A0_Q002_R003,1,M1,d04e5a11461ab6c3a94f6a4492178343f3760805ad79fc707e50d6ca6e97bc4c,0.5,6aceac9518fc8056052807e666da9d0c8bebb010,0.025,NOT_EXECUTED
339,F3B2J0011343,11343,F3B2D003781,NUMERICAL_STABILITY_EXTRA,F3BBG_N030_A0_Q002_R003:NULL:PRIMARY,F3BBG_N030_A0_Q002_R003,1,M2,d04e5a11461ab6c3a94f6a4492178343f3760805ad79fc707e50d6ca6e97bc4c,0.5,6aceac9518fc8056052807e666da9d0c8bebb010,0.025,NOT_EXECUTED
340,F3B2J0011365,11365,F3B2D003789,NUMERICAL_STABILITY_EXTRA,F3BBG_N030_A0_Q002_R003:NULL:PRIMARY,F3BBG_N030_A0_Q002_R003,9,M0,d04e5a11461ab6c3a94f6a4492178343f3760805ad79fc707e50d6ca6e97bc4c,0.5,6aceac9518fc8056052807e666da9d0c8bebb010,0.025,NOT_EXECUTED
341,F3B2J0011366,11366,F3B2D003789,NUMERICAL_STABILITY_EXTRA,F3BBG_N030_A0_Q002_R003:NULL:PRIMARY,F3BBG_N030_A0_Q002_R003,9,M1,d04e5a11461ab6c3a94f6a4492178343f3760805ad79fc707e50d6ca6e97bc4c,0.5,6aceac9518fc8056052807e666da9d0c8bebb010,0.025,NOT_EXECUTED
342,F3B2J0011367,11367,F3B2D003789,NUMERICAL_STABILITY_EXTRA,F3BBG_N030_A0_Q002_R003:NULL:PRIMARY,F3BBG_N030_A0_Q002_R003,9,M2,d04e5a11461ab6c3a94f6a4492178343f3760805ad79fc707e50d6ca6e97bc4c,0.5,6aceac9518fc8056052807e666da9d0c8bebb010,0.025,NOT_EXECUTED
343,F3B2J0011368,11368,F3B2D003790,NUMERICAL_STABILITY_EXTRA,F3BBG_N030_A0_Q002_R003:POS:PRIMARY,F3BBG_N030_A0_Q002_R003,1,M0,079a702be1a84e0303021a0f019a2c8e7b1e6788db6bec116c17be0389934cb0,0.5,6aceac9518fc8056052807e666da9d0c8bebb010,0.025,NOT_EXECUTED
344,F3B2J0011369,11369,F3B2D003790,NUMERICAL_STABILITY_EXTRA,F3BBG_N030_A0_Q002_R003:POS:PRIMARY,F3BBG_N030_A0_Q002_R003,1,M1,079a702be1a84e0303021a0f019a2c8e7b1e6788db6bec116c17be0389934cb0,0.5,6aceac9518fc8056052807e666da9d0c8bebb010,0.025,NOT_EXECUTED
345,F3B2J0011370,11370,F3B2D003790,NUMERICAL_STABILITY_EXTRA,F3BBG_N030_A0_Q002_R003:POS:PRIMARY,F3BBG_N030_A0_Q002_R003,1,M2,079a702be1a84e0303021a0f019a2c8e7b1e6788db6bec116c17be0389934cb0,0.5,6aceac9518fc8056052807e666da9d0c8bebb010,0.025,NOT_EXECUTED
346,F3B2J0011392,11392,F3B2D003798,NUMERICAL_STABILITY_EXTRA,F3BBG_N030_A0_Q002_R003:POS:PRIMARY,F3BBG_N030_A0_Q002_R003,9,M0,079a702be1a84e0303021a0f019a2c8e7b1e6788db6bec116c17be0389934cb0,0.5,6aceac9518fc8056052807e666da9d0c8bebb010,0.025,NOT_EXECUTED
347,F3B2J0011393,11393,F3B2D003798,NUMERICAL_STABILITY_EXTRA,F3BBG_N030_A0_Q002_R003:POS:PRIMARY,F3BBG_N030_A0_Q002_R003,9,M1,079a702be1a84e0303021a0f019a2c8e7b1e6788db6bec116c17be0389934cb0,0.5,6aceac9518fc8056052807e666da9d0c8bebb010,0.025,NOT_EXECUTED
348,F3B2J0011394,11394,F3B2D003798,NUMERICAL_STABILITY_EXTRA,F3BBG_N030_A0_Q002_R003:POS:PRIMARY,F3BBG_N030_A0_Q002_R003,9,M2,079a702be1a84e0303021a0f019a2c8e7b1e6788db6bec116c17be0389934cb0,0.5,6aceac9518fc8056052807e666da9d0c8bebb010,0.025,NOT_EXECUTED
349,F3B2J0011395,11395,F3B2D003799,NUMERICAL_STABILITY_EXTRA,F3BBG_N030_A0_Q004_R035:NULL:PRIMARY,F3BBG_N030_A0_Q004_R035,1,M0,bc6c819b13b9329485b0aed71f62300c8f2d5f3a85279be95aa9cb0952d0f822,0.5,6aceac9518fc8056052807e666da9d0c8bebb010,0.025,NOT_EXECUTED
350,F3B2J0011396,11396,F3B2D003799,NUMERICAL_STABILITY_EXTRA,F3BBG_N030_A0_Q004_R035:NULL:PRIMARY,F3BBG_N030_A0_Q004_R035,1,M1,bc6c819b13b9329485b0aed71f62300c8f2d5f3a85279be95aa9cb0952d0f822,0.5,6aceac9518fc8056052807e666da9d0c8bebb010,0.025,NOT_EXECUTED
351,F3B2J0011397,11397,F3B2D003799,NUMERICAL_STABILITY_EXTRA,F3BBG_N030_A0_Q004_R035:NULL:PRIMARY,F3BBG_N030_A0_Q004_R035,1,M2,bc6c819b13b9329485b0aed71f62300c8f2d5f3a85279be95aa9cb0952d0f822,0.5,6aceac9518fc8056052807e666da9d0c8bebb010,0.025,NOT_EXECUTED
352,F3B2J0011419,11419,F3B2D003807,NUMERICAL_STABILITY_EXTRA,F3BBG_N030_A0_Q004_R035:NULL:PRIMARY,F3BBG_N030_A0_Q004_R035,9,M0,bc6c819b13b9329485b0aed71f62300c8f2d5f3a85279be95aa9cb0952d0f822,0.5,6aceac9518fc8056052807e666da9d0c8bebb010,0.025,NOT_EXECUTED
353,F3B2J0011420,11420,F3B2D003807,NUMERICAL_STABILITY_EXTRA,F3BBG_N030_A0_Q004_R035:NULL:PRIMARY,F3BBG_N030_A0_Q004_R035,9,M1,bc6c819b13b9329485b0aed71f62300c8f2d5f3a85279be95aa9cb0952d0f822,0.5,6aceac9518fc8056052807e666da9d0c8bebb010,0.025,NOT_EXECUTED
354,F3B2J0011421,11421,F3B2D003807,NUMERICAL_STABILITY_EXTRA,F3BBG_N030_A0_Q004_R035:NULL:PRIMARY,F3BBG_N030_A0_Q004_R035,9,M2,bc6c819b13b9329485b0aed71f62300c8f2d5f3a85279be95aa9cb0952d0f822,0.5,6aceac9518fc8056052807e666da9d0c8bebb010,0.025,NOT_EXECUTED
355,F3B2J0011422,11422,F3B2D003808,NUMERICAL_STABILITY_EXTRA,F3BBG_N030_A0_Q004_R035:POS:PRIMARY,F3BBG_N030_A0_Q004_R035,1,M0,aed9128932457d869d2b62ae9c86e85c77e24e7808ea6937845563a5c23bb2bf,0.5,6aceac9518fc8056052807e666da9d0c8bebb010,0.025,NOT_EXECUTED
356,F3B2J0011423,11423,F3B2D003808,NUMERICAL_STABILITY_EXTRA,F3BBG_N030_A0_Q004_R035:POS:PRIMARY,F3BBG_N030_A0_Q004_R035,1,M1,aed9128932457d869d2b62ae9c86e85c77e24e7808ea6937845563a5c23bb2bf,0.5,6aceac9518fc8056052807e666da9d0c8bebb010,0.025,NOT_EXECUTED
357,F3B2J0011424,11424,F3B2D003808,NUMERICAL_STABILITY_EXTRA,F3BBG_N030_A0_Q004_R035:POS:PRIMARY,F3BBG_N030_A0_Q004_R035,1,M2,aed9128932457d869d2b62ae9c86e85c77e24e7808ea6937845563a5c23bb2bf,0.5,6aceac9518fc8056052807e666da9d0c8bebb010,0.025,NOT_EXECUTED
358,F3B2J0011446,11446,F3B2D003816,NUMERICAL_STABILITY_EXTRA,F3BBG_N030_A0_Q004_R035:POS:PRIMARY,F3BBG_N030_A0_Q004_R035,9,M0,aed9128932457d869d2b62ae9c86e85c77e24e7808ea6937845563a5c23bb2bf,0.5,6aceac9518fc8056052807e666da9d0c8bebb010,0.025,NOT_EXECUTED
359,F3B2J0011447,11447,F3B2D003816,NUMERICAL_STABILITY_EXTRA,F3BBG_N030_A0_Q004_R035:POS:PRIMARY,F3BBG_N030_A0_Q004_R035,9,M1,aed9128932457d869d2b62ae9c86e85c77e24e7808ea6937845563a5c23bb2bf,0.5,6aceac9518fc8056052807e666da9d0c8bebb010,0.025,NOT_EXECUTED
360,F3B2J0011448,11448,F3B2D003816,NUMERICAL_STABILITY_EXTRA,F3BBG_N030_A0_Q004_R035:POS:PRIMARY,F3BBG_N030_A0_Q004_R035,9,M2,aed9128932457d869d2b62ae9c86e85c77e24e7808ea6937845563a5c23bb2bf,0.5,6aceac9518fc8056052807e666da9d0c8bebb010,0.025,NOT_EXECUTED
361,F3B2J0011449,11449,F3B2D003817,NUMERICAL_STABILITY_EXTRA,F3BBG_N030_A1_Q001_R095:NULL:PRIMARY,F3BBG_N030_A1_Q001_R095,1,M0,e5d1824adf5338cdbdec4f3b055ba40755b23ae286032423ea41974ccddc34ed,0.5,6aceac9518fc8056052807e666da9d0c8bebb010,0.025,NOT_EXECUTED
362,F3B2J0011450,11450,F3B2D003817,NUMERICAL_STABILITY_EXTRA,F3BBG_N030_A1_Q001_R095:NULL:PRIMARY,F3BBG_N030_A1_Q001_R095,1,M1,e5d1824adf5338cdbdec4f3b055ba40755b23ae286032423ea41974ccddc34ed,0.5,6aceac9518fc8056052807e666da9d0c8bebb010,0.025,NOT_EXECUTED
363,F3B2J0011451,11451,F3B2D003817,NUMERICAL_STABILITY_EXTRA,F3BBG_N030_A1_Q001_R095:NULL:PRIMARY,F3BBG_N030_A1_Q001_R095,1,M2,e5d1824adf5338cdbdec4f3b055ba40755b23ae286032423ea41974ccddc34ed,0.5,6aceac9518fc8056052807e666da9d0c8bebb010,0.025,NOT_EXECUTED
364,F3B2J0011473,11473,F3B2D003825,NUMERICAL_STABILITY_EXTRA,F3BBG_N030_A1_Q001_R095:NULL:PRIMARY,F3BBG_N030_A1_Q001_R095,9,M0,e5d1824adf5338cdbdec4f3b055ba40755b23ae286032423ea41974ccddc34ed,0.5,6aceac9518fc8056052807e666da9d0c8bebb010,0.025,NOT_EXECUTED
365,F3B2J0011474,11474,F3B2D003825,NUMERICAL_STABILITY_EXTRA,F3BBG_N030_A1_Q001_R095:NULL:PRIMARY,F3BBG_N030_A1_Q001_R095,9,M1,e5d1824adf5338cdbdec4f3b055ba40755b23ae286032423ea41974ccddc34ed,0.5,6aceac9518fc8056052807e666da9d0c8bebb010,0.025,NOT_EXECUTED
366,F3B2J0011475,11475,F3B2D003825,NUMERICAL_STABILITY_EXTRA,F3BBG_N030_A1_Q001_R095:NULL:PRIMARY,F3BBG_N030_A1_Q001_R095,9,M2,e5d1824adf5338cdbdec4f3b055ba40755b23ae286032423ea41974ccddc34ed,0.5,6aceac9518fc8056052807e666da9d0c8bebb010,0.025,NOT_EXECUTED
367,F3B2J0011476,11476,F3B2D003826,NUMERICAL_STABILITY_EXTRA,F3BBG_N030_A1_Q001_R095:POS:PRIMARY,F3BBG_N030_A1_Q001_R095,1,M0,3c9944ad1c33f623c61d31bda8568128e028de73ae35500b943295aee04e8d95,0.5,6aceac9518fc8056052807e666da9d0c8bebb010,0.025,NOT_EXECUTED
368,F3B2J0011477,11477,F3B2D003826,NUMERICAL_STABILITY_EXTRA,F3BBG_N030_A1_Q001_R095:POS:PRIMARY,F3BBG_N030_A1_Q001_R095,1,M1,3c9944ad1c33f623c61d31bda8568128e028de73ae35500b943295aee04e8d95,0.5,6aceac9518fc8056052807e666da9d0c8bebb010,0.025,NOT_EXECUTED
369,F3B2J0011478,11478,F3B2D003826,NUMERICAL_STABILITY_EXTRA,F3BBG_N030_A1_Q001_R095:POS:PRIMARY,F3BBG_N030_A1_Q001_R095,1,M2,3c9944ad1c33f623c61d31bda8568128e028de73ae35500b943295aee04e8d95,0.5,6aceac9518fc8056052807e666da9d0c8bebb010,0.025,NOT_EXECUTED
370,F3B2J0011500,11500,F3B2D003834,NUMERICAL_STABILITY_EXTRA,F3BBG_N030_A1_Q001_R095:POS:PRIMARY,F3BBG_N030_A1_Q001_R095,9,M0,3c9944ad1c33f623c61d31bda8568128e028de73ae35500b943295aee04e8d95,0.5,6aceac9518fc8056052807e666da9d0c8bebb010,0.025,NOT_EXECUTED
371,F3B2J0011501,11501,F3B2D003834,NUMERICAL_STABILITY_EXTRA,F3BBG_N030_A1_Q001_R095:POS:PRIMARY,F3BBG_N030_A1_Q001_R095,9,M1,3c9944ad1c33f623c61d31bda8568128e028de73ae35500b943295aee04e8d95,0.5,6aceac9518fc8056052807e666da9d0c8bebb010,0.025,NOT_EXECUTED
372,F3B2J0011502,11502,F3B2D003834,NUMERICAL_STABILITY_EXTRA,F3BBG_N030_A1_Q001_R095:POS:PRIMARY,F3BBG_N030_A1_Q001_R095,9,M2,3c9944ad1c33f623c61d31bda8568128e028de73ae35500b943295aee04e8d95,0.5,6aceac9518fc8056052807e666da9d0c8bebb010,0.025,NOT_EXECUTED
373,F3B2J0011503,11503,F3B2D003835,NUMERICAL_STABILITY_EXTRA,F3BBG_N030_A1_Q002_R027:NULL:PRIMARY,F3BBG_N030_A1_Q002_R027,1,M0,bd028e51657f64f915c758005a7548f94ef7e3960e996ffc84f33914086a3a2d,0.5,6aceac9518fc8056052807e666da9d0c8bebb010,0.025,NOT_EXECUTED
374,F3B2J0011504,11504,F3B2D003835,NUMERICAL_STABILITY_EXTRA,F3BBG_N030_A1_Q002_R027:NULL:PRIMARY,F3BBG_N030_A1_Q002_R027,1,M1,bd028e51657f64f915c758005a7548f94ef7e3960e996ffc84f33914086a3a2d,0.5,6aceac9518fc8056052807e666da9d0c8bebb010,0.025,NOT_EXECUTED
375,F3B2J0011505,11505,F3B2D003835,NUMERICAL_STABILITY_EXTRA,F3BBG_N030_A1_Q002_R027:NULL:PRIMARY,F3BBG_N030_A1_Q002_R027,1,M2,bd028e51657f64f915c758005a7548f94ef7e3960e996ffc84f33914086a3a2d,0.5,6aceac9518fc8056052807e666da9d0c8bebb010,0.025,NOT_EXECUTED
376,F3B2J0011527,11527,F3B2D003843,NUMERICAL_STABILITY_EXTRA,F3BBG_N030_A1_Q002_R027:NULL:PRIMARY,F3BBG_N030_A1_Q002_R027,9,M0,bd028e51657f64f915c758005a7548f94ef7e3960e996ffc84f33914086a3a2d,0.5,6aceac9518fc8056052807e666da9d0c8bebb010,0.025,NOT_EXECUTED
377,F3B2J0011528,11528,F3B2D003843,NUMERICAL_STABILITY_EXTRA,F3BBG_N030_A1_Q002_R027:NULL:PRIMARY,F3BBG_N030_A1_Q002_R027,9,M1,bd028e51657f64f915c758005a7548f94ef7e3960e996ffc84f33914086a3a2d,0.5,6aceac9518fc8056052807e666da9d0c8bebb010,0.025,NOT_EXECUTED
378,F3B2J0011529,11529,F3B2D003843,NUMERICAL_STABILITY_EXTRA,F3BBG_N030_A1_Q002_R027:NULL:PRIMARY,F3BBG_N030_A1_Q002_R027,9,M2,bd028e51657f64f915c758005a7548f94ef7e3960e996ffc84f33914086a3a2d,0.5,6aceac9518fc8056052807e666da9d0c8bebb010,0.025,NOT_EXECUTED
379,F3B2J0011530,11530,F3B2D003844,NUMERICAL_STABILITY_EXTRA,F3BBG_N030_A1_Q002_R027:POS:PRIMARY,F3BBG_N030_A1_Q002_R027,1,M0,d65f697c16cd7924892afe78f07aa17d1f11e866b7dc08944ef7033cf7441bda,0.5,6aceac9518fc8056052807e666da9d0c8bebb010,0.025,NOT_EXECUTED
380,F3B2J0011531,11531,F3B2D003844,NUMERICAL_STABILITY_EXTRA,F3BBG_N030_A1_Q002_R027:POS:PRIMARY,F3BBG_N030_A1_Q002_R027,1,M1,d65f697c16cd7924892afe78f07aa17d1f11e866b7dc08944ef7033cf7441bda,0.5,6aceac9518fc8056052807e666da9d0c8bebb010,0.025,NOT_EXECUTED
381,F3B2J0011532,11532,F3B2D003844,NUMERICAL_STABILITY_EXTRA,F3BBG_N030_A1_Q002_R027:POS:PRIMARY,F3BBG_N030_A1_Q002_R027,1,M2,d65f697c16cd7924892afe78f07aa17d1f11e866b7dc08944ef7033cf7441bda,0.5,6aceac9518fc8056052807e666da9d0c8bebb010,0.025,NOT_EXECUTED
382,F3B2J0011554,11554,F3B2D003852,NUMERICAL_STABILITY_EXTRA,F3BBG_N030_A1_Q002_R027:POS:PRIMARY,F3BBG_N030_A1_Q002_R027,9,M0,d65f697c16cd7924892afe78f07aa17d1f11e866b7dc08944ef7033cf7441bda,0.5,6aceac9518fc8056052807e666da9d0c8bebb010,0.025,NOT_EXECUTED
383,F3B2J0011555,11555,F3B2D003852,NUMERICAL_STABILITY_EXTRA,F3BBG_N030_A1_Q002_R027:POS:PRIMARY,F3BBG_N030_A1_Q002_R027,9,M1,d65f697c16cd7924892afe78f07aa17d1f11e866b7dc08944ef7033cf7441bda,0.5,6aceac9518fc8056052807e666da9d0c8bebb010,0.025,NOT_EXECUTED
384,F3B2J0011556,11556,F3B2D003852,NUMERICAL_STABILITY_EXTRA,F3BBG_N030_A1_Q002_R027:POS:PRIMARY,F3BBG_N030_A1_Q002_R027,9,M2,d65f697c16cd7924892afe78f07aa17d1f11e866b7dc08944ef7033cf7441bda,0.5,6aceac9518fc8056052807e666da9d0c8bebb010,0.025,NOT_EXECUTED
385,F3B2J0011557,11557,F3B2D003853,NUMERICAL_STABILITY_EXTRA,F3BBG_N030_A1_Q004_R058:NULL:PRIMARY,F3BBG_N030_A1_Q004_R058,1,M0,7a4c1f92ed172dac6ed7aba32c8ff9854ce0aab5ee544a8a9d7e4256a6d18f42,0.5,6aceac9518fc8056052807e666da9d0c8bebb010,0.025,NOT_EXECUTED
386,F3B2J0011558,11558,F3B2D003853,NUMERICAL_STABILITY_EXTRA,F3BBG_N030_A1_Q004_R058:NULL:PRIMARY,F3BBG_N030_A1_Q004_R058,1,M1,7a4c1f92ed172dac6ed7aba32c8ff9854ce0aab5ee544a8a9d7e4256a6d18f42,0.5,6aceac9518fc8056052807e666da9d0c8bebb010,0.025,NOT_EXECUTED
387,F3B2J0011559,11559,F3B2D003853,NUMERICAL_STABILITY_EXTRA,F3BBG_N030_A1_Q004_R058:NULL:PRIMARY,F3BBG_N030_A1_Q004_R058,1,M2,7a4c1f92ed172dac6ed7aba32c8ff9854ce0aab5ee544a8a9d7e4256a6d18f42,0.5,6aceac9518fc8056052807e666da9d0c8bebb010,0.025,NOT_EXECUTED
388,F3B2J0011581,11581,F3B2D003861,NUMERICAL_STABILITY_EXTRA,F3BBG_N030_A1_Q004_R058:NULL:PRIMARY,F3BBG_N030_A1_Q004_R058,9,M0,7a4c1f92ed172dac6ed7aba32c8ff9854ce0aab5ee544a8a9d7e4256a6d18f42,0.5,6aceac9518fc8056052807e666da9d0c8bebb010,0.025,NOT_EXECUTED
389,F3B2J0011582,11582,F3B2D003861,NUMERICAL_STABILITY_EXTRA,F3BBG_N030_A1_Q004_R058:NULL:PRIMARY,F3BBG_N030_A1_Q004_R058,9,M1,7a4c1f92ed172dac6ed7aba32c8ff9854ce0aab5ee544a8a9d7e4256a6d18f42,0.5,6aceac9518fc8056052807e666da9d0c8bebb010,0.025,NOT_EXECUTED
390,F3B2J0011583,11583,F3B2D003861,NUMERICAL_STABILITY_EXTRA,F3BBG_N030_A1_Q004_R058:NULL:PRIMARY,F3BBG_N030_A1_Q004_R058,9,M2,7a4c1f92ed172dac6ed7aba32c8ff9854ce0aab5ee544a8a9d7e4256a6d18f42,0.5,6aceac9518fc8056052807e666da9d0c8bebb010,0.025,NOT_EXECUTED
391,F3B2J0011584,11584,F3B2D003862,NUMERICAL_STABILITY_EXTRA,F3BBG_N030_A1_Q004_R058:POS:PRIMARY,F3BBG_N030_A1_Q004_R058,1,M0,dbafca78eeb7652f9fb75d4b6b7823997fd76bbd39fb85779ddc9de63e552022,0.5,6aceac9518fc8056052807e666da9d0c8bebb010,0.025,NOT_EXECUTED
392,F3B2J0011585,11585,F3B2D003862,NUMERICAL_STABILITY_EXTRA,F3BBG_N030_A1_Q004_R058:POS:PRIMARY,F3BBG_N030_A1_Q004_R058,1,M1,dbafca78eeb7652f9fb75d4b6b7823997fd76bbd39fb85779ddc9de63e552022,0.5,6aceac9518fc8056052807e666da9d0c8bebb010,0.025,NOT_EXECUTED
393,F3B2J0011586,11586,F3B2D003862,NUMERICAL_STABILITY_EXTRA,F3BBG_N030_A1_Q004_R058:POS:PRIMARY,F3BBG_N030_A1_Q004_R058,1,M2,dbafca78eeb7652f9fb75d4b6b7823997fd76bbd39fb85779ddc9de63e552022,0.5,6aceac9518fc8056052807e666da9d0c8bebb010,0.025,NOT_EXECUTED
394,F3B2J0011608,11608,F3B2D003870,NUMERICAL_STABILITY_EXTRA,F3BBG_N030_A1_Q004_R058:POS:PRIMARY,F3BBG_N030_A1_Q004_R058,9,M0,dbafca78eeb7652f9fb75d4b6b7823997fd76bbd39fb85779ddc9de63e552022,0.5,6aceac9518fc8056052807e666da9d0c8bebb010,0.025,NOT_EXECUTED
395,F3B2J0011609,11609,F3B2D003870,NUMERICAL_STABILITY_EXTRA,F3BBG_N030_A1_Q004_R058:POS:PRIMARY,F3BBG_N030_A1_Q004_R058,9,M1,dbafca78eeb7652f9fb75d4b6b7823997fd76bbd39fb85779ddc9de63e552022,0.5,6aceac9518fc8056052807e666da9d0c8bebb010,0.025,NOT_EXECUTED
396,F3B2J0011610,11610,F3B2D003870,NUMERICAL_STABILITY_EXTRA,F3BBG_N030_A1_Q004_R058:POS:PRIMARY,F3BBG_N030_A1_Q004_R058,9,M2,dbafca78eeb7652f9fb75d4b6b7823997fd76bbd39fb85779ddc9de63e552022,0.5,6aceac9518fc8056052807e666da9d0c8bebb010,0.025,NOT_EXECUTED
397,F3B2J0011611,11611,F3B2D003871,NUMERICAL_STABILITY_EXTRA,F3BBG_N030_A2_Q001_R040:NULL:PRIMARY,F3BBG_N030_A2_Q001_R040,1,M0,d48374fc757b3a4a5e163d3a312b0bfd91fa33bfb89596c71f67856d13e44cbc,0.5,6aceac9518fc8056052807e666da9d0c8bebb010,0.025,NOT_EXECUTED
398,F3B2J0011612,11612,F3B2D003871,NUMERICAL_STABILITY_EXTRA,F3BBG_N030_A2_Q001_R040:NULL:PRIMARY,F3BBG_N030_A2_Q001_R040,1,M1,d48374fc757b3a4a5e163d3a312b0bfd91fa33bfb89596c71f67856d13e44cbc,0.5,6aceac9518fc8056052807e666da9d0c8bebb010,0.025,NOT_EXECUTED
399,F3B2J0011613,11613,F3B2D003871,NUMERICAL_STABILITY_EXTRA,F3BBG_N030_A2_Q001_R040:NULL:PRIMARY,F3BBG_N030_A2_Q001_R040,1,M2,d48374fc757b3a4a5e163d3a312b0bfd91fa33bfb89596c71f67856d13e44cbc,0.5,6aceac9518fc8056052807e666da9d0c8bebb010,0.025,NOT_EXECUTED
400,F3B2J0011635,11635,F3B2D003879,NUMERICAL_STABILITY_EXTRA,F3BBG_N030_A2_Q001_R040:NULL:PRIMARY,F3BBG_N030_A2_Q001_R040,9,M0,d48374fc757b3a4a5e163d3a312b0bfd91fa33bfb89596c71f67856d13e44cbc,0.5,6aceac9518fc8056052807e666da9d0c8bebb010,0.025,NOT_EXECUTED
401,F3B2J0011636,11636,F3B2D003879,NUMERICAL_STABILITY_EXTRA,F3BBG_N030_A2_Q001_R040:NULL:PRIMARY,F3BBG_N030_A2_Q001_R040,9,M1,d48374fc757b3a4a5e163d3a312b0bfd91fa33bfb89596c71f67856d13e44cbc,0.5,6aceac9518fc8056052807e666da9d0c8bebb010,0.025,NOT_EXECUTED
402,F3B2J0011637,11637,F3B2D003879,NUMERICAL_STABILITY_EXTRA,F3BBG_N030_A2_Q001_R040:NULL:PRIMARY,F3BBG_N030_A2_Q001_R040,9,M2,d48374fc757b3a4a5e163d3a312b0bfd91fa33bfb89596c71f67856d13e44cbc,0.5,6aceac9518fc8056052807e666da9d0c8bebb010,0.025,NOT_EXECUTED
403,F3B2J0011638,11638,F3B2D003880,NUMERICAL_STABILITY_EXTRA,F3BBG_N030_A2_Q001_R040:POS:PRIMARY,F3BBG_N030_A2_Q001_R040,1,M0,14dafaa5d07b804de05ff3b216cc0059b1ff7847c30046800673f3e311f272ba,0.5,6aceac9518fc8056052807e666da9d0c8bebb010,0.025,NOT_EXECUTED
404,F3B2J0011639,11639,F3B2D003880,NUMERICAL_STABILITY_EXTRA,F3BBG_N030_A2_Q001_R040:POS:PRIMARY,F3BBG_N030_A2_Q001_R040,1,M1,14dafaa5d07b804de05ff3b216cc0059b1ff7847c30046800673f3e311f272ba,0.5,6aceac9518fc8056052807e666da9d0c8bebb010,0.025,NOT_EXECUTED
405,F3B2J0011640,11640,F3B2D003880,NUMERICAL_STABILITY_EXTRA,F3BBG_N030_A2_Q001_R040:POS:PRIMARY,F3BBG_N030_A2_Q001_R040,1,M2,14dafaa5d07b804de05ff3b216cc0059b1ff7847c30046800673f3e311f272ba,0.5,6aceac9518fc8056052807e666da9d0c8bebb010,0.025,NOT_EXECUTED
406,F3B2J0011662,11662,F3B2D003888,NUMERICAL_STABILITY_EXTRA,F3BBG_N030_A2_Q001_R040:POS:PRIMARY,F3BBG_N030_A2_Q001_R040,9,M0,14dafaa5d07b804de05ff3b216cc0059b1ff7847c30046800673f3e311f272ba,0.5,6aceac9518fc8056052807e666da9d0c8bebb010,0.025,NOT_EXECUTED
407,F3B2J0011663,11663,F3B2D003888,NUMERICAL_STABILITY_EXTRA,F3BBG_N030_A2_Q001_R040:POS:PRIMARY,F3BBG_N030_A2_Q001_R040,9,M1,14dafaa5d07b804de05ff3b216cc0059b1ff7847c30046800673f3e311f272ba,0.5,6aceac9518fc8056052807e666da9d0c8bebb010,0.025,NOT_EXECUTED
408,F3B2J0011664,11664,F3B2D003888,NUMERICAL_STABILITY_EXTRA,F3BBG_N030_A2_Q001_R040:POS:PRIMARY,F3BBG_N030_A2_Q001_R040,9,M2,14dafaa5d07b804de05ff3b216cc0059b1ff7847c30046800673f3e311f272ba,0.5,6aceac9518fc8056052807e666da9d0c8bebb010,0.025,NOT_EXECUTED
409,F3B2J0011665,11665,F3B2D003889,NUMERICAL_STABILITY_EXTRA,F3BBG_N030_A2_Q002_R014:NULL:PRIMARY,F3BBG_N030_A2_Q002_R014,1,M0,1c28d0ca19176052633c99a098e5e0fbf4db00a30f059f5918c4b394ab852568,0.5,6aceac9518fc8056052807e666da9d0c8bebb010,0.025,NOT_EXECUTED
410,F3B2J0011666,11666,F3B2D003889,NUMERICAL_STABILITY_EXTRA,F3BBG_N030_A2_Q002_R014:NULL:PRIMARY,F3BBG_N030_A2_Q002_R014,1,M1,1c28d0ca19176052633c99a098e5e0fbf4db00a30f059f5918c4b394ab852568,0.5,6aceac9518fc8056052807e666da9d0c8bebb010,0.025,NOT_EXECUTED
411,F3B2J0011667,11667,F3B2D003889,NUMERICAL_STABILITY_EXTRA,F3BBG_N030_A2_Q002_R014:NULL:PRIMARY,F3BBG_N030_A2_Q002_R014,1,M2,1c28d0ca19176052633c99a098e5e0fbf4db00a30f059f5918c4b394ab852568,0.5,6aceac9518fc8056052807e666da9d0c8bebb010,0.025,NOT_EXECUTED
412,F3B2J0011689,11689,F3B2D003897,NUMERICAL_STABILITY_EXTRA,F3BBG_N030_A2_Q002_R014:NULL:PRIMARY,F3BBG_N030_A2_Q002_R014,9,M0,1c28d0ca19176052633c99a098e5e0fbf4db00a30f059f5918c4b394ab852568,0.5,6aceac9518fc8056052807e666da9d0c8bebb010,0.025,NOT_EXECUTED
413,F3B2J0011690,11690,F3B2D003897,NUMERICAL_STABILITY_EXTRA,F3BBG_N030_A2_Q002_R014:NULL:PRIMARY,F3BBG_N030_A2_Q002_R014,9,M1,1c28d0ca19176052633c99a098e5e0fbf4db00a30f059f5918c4b394ab852568,0.5,6aceac9518fc8056052807e666da9d0c8bebb010,0.025,NOT_EXECUTED
414,F3B2J0011691,11691,F3B2D003897,NUMERICAL_STABILITY_EXTRA,F3BBG_N030_A2_Q002_R014:NULL:PRIMARY,F3BBG_N030_A2_Q002_R014,9,M2,1c28d0ca19176052633c99a098e5e0fbf4db00a30f059f5918c4b394ab852568,0.5,6aceac9518fc8056052807e666da9d0c8bebb010,0.025,NOT_EXECUTED
415,F3B2J0011692,11692,F3B2D003898,NUMERICAL_STABILITY_EXTRA,F3BBG_N030_A2_Q002_R014:POS:PRIMARY,F3BBG_N030_A2_Q002_R014,1,M0,9cb44788602cbe8cf94855a48f7c98263ca496fcd78a14291399dac6ba30a194,0.5,6aceac9518fc8056052807e666da9d0c8bebb010,0.025,NOT_EXECUTED
416,F3B2J0011693,11693,F3B2D003898,NUMERICAL_STABILITY_EXTRA,F3BBG_N030_A2_Q002_R014:POS:PRIMARY,F3BBG_N030_A2_Q002_R014,1,M1,9cb44788602cbe8cf94855a48f7c98263ca496fcd78a14291399dac6ba30a194,0.5,6aceac9518fc8056052807e666da9d0c8bebb010,0.025,NOT_EXECUTED
417,F3B2J0011694,11694,F3B2D003898,NUMERICAL_STABILITY_EXTRA,F3BBG_N030_A2_Q002_R014:POS:PRIMARY,F3BBG_N030_A2_Q002_R014,1,M2,9cb44788602cbe8cf94855a48f7c98263ca496fcd78a14291399dac6ba30a194,0.5,6aceac9518fc8056052807e666da9d0c8bebb010,0.025,NOT_EXECUTED
418,F3B2J0011716,11716,F3B2D003906,NUMERICAL_STABILITY_EXTRA,F3BBG_N030_A2_Q002_R014:POS:PRIMARY,F3BBG_N030_A2_Q002_R014,9,M0,9cb44788602cbe8cf94855a48f7c98263ca496fcd78a14291399dac6ba30a194,0.5,6aceac9518fc8056052807e666da9d0c8bebb010,0.025,NOT_EXECUTED
419,F3B2J0011717,11717,F3B2D003906,NUMERICAL_STABILITY_EXTRA,F3BBG_N030_A2_Q002_R014:POS:PRIMARY,F3BBG_N030_A2_Q002_R014,9,M1,9cb44788602cbe8cf94855a48f7c98263ca496fcd78a14291399dac6ba30a194,0.5,6aceac9518fc8056052807e666da9d0c8bebb010,0.025,NOT_EXECUTED
420,F3B2J0011718,11718,F3B2D003906,NUMERICAL_STABILITY_EXTRA,F3BBG_N030_A2_Q002_R014:POS:PRIMARY,F3BBG_N030_A2_Q002_R014,9,M2,9cb44788602cbe8cf94855a48f7c98263ca496fcd78a14291399dac6ba30a194,0.5,6aceac9518fc8056052807e666da9d0c8bebb010,0.025,NOT_EXECUTED
421,F3B2J0011719,11719,F3B2D003907,NUMERICAL_STABILITY_EXTRA,F3BBG_N030_A2_Q004_R065:NULL:PRIMARY,F3BBG_N030_A2_Q004_R065,1,M0,997fde4a1481940bce5f2fe65f33854d8647e8727bfb105b0a075df0f5659838,0.5,6aceac9518fc8056052807e666da9d0c8bebb010,0.025,NOT_EXECUTED
422,F3B2J0011720,11720,F3B2D003907,NUMERICAL_STABILITY_EXTRA,F3BBG_N030_A2_Q004_R065:NULL:PRIMARY,F3BBG_N030_A2_Q004_R065,1,M1,997fde4a1481940bce5f2fe65f33854d8647e8727bfb105b0a075df0f5659838,0.5,6aceac9518fc8056052807e666da9d0c8bebb010,0.025,NOT_EXECUTED
423,F3B2J0011721,11721,F3B2D003907,NUMERICAL_STABILITY_EXTRA,F3BBG_N030_A2_Q004_R065:NULL:PRIMARY,F3BBG_N030_A2_Q004_R065,1,M2,997fde4a1481940bce5f2fe65f33854d8647e8727bfb105b0a075df0f5659838,0.5,6aceac9518fc8056052807e666da9d0c8bebb010,0.025,NOT_EXECUTED
424,F3B2J0011743,11743,F3B2D003915,NUMERICAL_STABILITY_EXTRA,F3BBG_N030_A2_Q004_R065:NULL:PRIMARY,F3BBG_N030_A2_Q004_R065,9,M0,997fde4a1481940bce5f2fe65f33854d8647e8727bfb105b0a075df0f5659838,0.5,6aceac9518fc8056052807e666da9d0c8bebb010,0.025,NOT_EXECUTED
425,F3B2J0011744,11744,F3B2D003915,NUMERICAL_STABILITY_EXTRA,F3BBG_N030_A2_Q004_R065:NULL:PRIMARY,F3BBG_N030_A2_Q004_R065,9,M1,997fde4a1481940bce5f2fe65f33854d8647e8727bfb105b0a075df0f5659838,0.5,6aceac9518fc8056052807e666da9d0c8bebb010,0.025,NOT_EXECUTED
426,F3B2J0011745,11745,F3B2D003915,NUMERICAL_STABILITY_EXTRA,F3BBG_N030_A2_Q004_R065:NULL:PRIMARY,F3BBG_N030_A2_Q004_R065,9,M2,997fde4a1481940bce5f2fe65f33854d8647e8727bfb105b0a075df0f5659838,0.5,6aceac9518fc8056052807e666da9d0c8bebb010,0.025,NOT_EXECUTED
427,F3B2J0011746,11746,F3B2D003916,NUMERICAL_STABILITY_EXTRA,F3BBG_N030_A2_Q004_R065:POS:PRIMARY,F3BBG_N030_A2_Q004_R065,1,M0,dc8a2d1f0f1c45536f166f88ca856260ee44d08fae83b88322476ffe2b84379c,0.5,6aceac9518fc8056052807e666da9d0c8bebb010,0.025,NOT_EXECUTED
428,F3B2J0011747,11747,F3B2D003916,NUMERICAL_STABILITY_EXTRA,F3BBG_N030_A2_Q004_R065:POS:PRIMARY,F3BBG_N030_A2_Q004_R065,1,M1,dc8a2d1f0f1c45536f166f88ca856260ee44d08fae83b88322476ffe2b84379c,0.5,6aceac9518fc8056052807e666da9d0c8bebb010,0.025,NOT_EXECUTED
429,F3B2J0011748,11748,F3B2D003916,NUMERICAL_STABILITY_EXTRA,F3BBG_N030_A2_Q004_R065:POS:PRIMARY,F3BBG_N030_A2_Q004_R065,1,M2,dc8a2d1f0f1c45536f166f88ca856260ee44d08fae83b88322476ffe2b84379c,0.5,6aceac9518fc8056052807e666da9d0c8bebb010,0.025,NOT_EXECUTED
430,F3B2J0011770,11770,F3B2D003924,NUMERICAL_STABILITY_EXTRA,F3BBG_N030_A2_Q004_R065:POS:PRIMARY,F3BBG_N030_A2_Q004_R065,9,M0,dc8a2d1f0f1c45536f166f88ca856260ee44d08fae83b88322476ffe2b84379c,0.5,6aceac9518fc8056052807e666da9d0c8bebb010,0.025,NOT_EXECUTED
431,F3B2J0011771,11771,F3B2D003924,NUMERICAL_STABILITY_EXTRA,F3BBG_N030_A2_Q004_R065:POS:PRIMARY,F3BBG_N030_A2_Q004_R065,9,M1,dc8a2d1f0f1c45536f166f88ca856260ee44d08fae83b88322476ffe2b84379c,0.5,6aceac9518fc8056052807e666da9d0c8bebb010,0.025,NOT_EXECUTED
432,F3B2J0011772,11772,F3B2D003924,NUMERICAL_STABILITY_EXTRA,F3BBG_N030_A2_Q004_R065:POS:PRIMARY,F3BBG_N030_A2_Q004_R065,9,M2,dc8a2d1f0f1c45536f166f88ca856260ee44d08fae83b88322476ffe2b84379c,0.5,6aceac9518fc8056052807e666da9d0c8bebb010,0.025,NOT_EXECUTED
433,F3B2J0011773,11773,F3B2D003925,NUMERICAL_STABILITY_EXTRA,F3BBG_N060_A0_Q001_R024:NULL:PRIMARY,F3BBG_N060_A0_Q001_R024,1,M0,6c1be9952eb5bf9fabc9861da6d3e9368388c0eb303e67d967bda6a834456829,0.5,6aceac9518fc8056052807e666da9d0c8bebb010,0.025,NOT_EXECUTED
434,F3B2J0011774,11774,F3B2D003925,NUMERICAL_STABILITY_EXTRA,F3BBG_N060_A0_Q001_R024:NULL:PRIMARY,F3BBG_N060_A0_Q001_R024,1,M1,6c1be9952eb5bf9fabc9861da6d3e9368388c0eb303e67d967bda6a834456829,0.5,6aceac9518fc8056052807e666da9d0c8bebb010,0.025,NOT_EXECUTED
435,F3B2J0011775,11775,F3B2D003925,NUMERICAL_STABILITY_EXTRA,F3BBG_N060_A0_Q001_R024:NULL:PRIMARY,F3BBG_N060_A0_Q001_R024,1,M2,6c1be9952eb5bf9fabc9861da6d3e9368388c0eb303e67d967bda6a834456829,0.5,6aceac9518fc8056052807e666da9d0c8bebb010,0.025,NOT_EXECUTED
436,F3B2J0011797,11797,F3B2D003933,NUMERICAL_STABILITY_EXTRA,F3BBG_N060_A0_Q001_R024:NULL:PRIMARY,F3BBG_N060_A0_Q001_R024,9,M0,6c1be9952eb5bf9fabc9861da6d3e9368388c0eb303e67d967bda6a834456829,0.5,6aceac9518fc8056052807e666da9d0c8bebb010,0.025,NOT_EXECUTED
437,F3B2J0011798,11798,F3B2D003933,NUMERICAL_STABILITY_EXTRA,F3BBG_N060_A0_Q001_R024:NULL:PRIMARY,F3BBG_N060_A0_Q001_R024,9,M1,6c1be9952eb5bf9fabc9861da6d3e9368388c0eb303e67d967bda6a834456829,0.5,6aceac9518fc8056052807e666da9d0c8bebb010,0.025,NOT_EXECUTED
438,F3B2J0011799,11799,F3B2D003933,NUMERICAL_STABILITY_EXTRA,F3BBG_N060_A0_Q001_R024:NULL:PRIMARY,F3BBG_N060_A0_Q001_R024,9,M2,6c1be9952eb5bf9fabc9861da6d3e9368388c0eb303e67d967bda6a834456829,0.5,6aceac9518fc8056052807e666da9d0c8bebb010,0.025,NOT_EXECUTED
439,F3B2J0011800,11800,F3B2D003934,NUMERICAL_STABILITY_EXTRA,F3BBG_N060_A0_Q001_R024:POS:PRIMARY,F3BBG_N060_A0_Q001_R024,1,M0,3e5ce767f5819b442d4e638e066cb924c71d3c9e8fc3aa2b41304f51fdf7c910,0.5,6aceac9518fc8056052807e666da9d0c8bebb010,0.025,NOT_EXECUTED
440,F3B2J0011801,11801,F3B2D003934,NUMERICAL_STABILITY_EXTRA,F3BBG_N060_A0_Q001_R024:POS:PRIMARY,F3BBG_N060_A0_Q001_R024,1,M1,3e5ce767f5819b442d4e638e066cb924c71d3c9e8fc3aa2b41304f51fdf7c910,0.5,6aceac9518fc8056052807e666da9d0c8bebb010,0.025,NOT_EXECUTED
441,F3B2J0011802,11802,F3B2D003934,NUMERICAL_STABILITY_EXTRA,F3BBG_N060_A0_Q001_R024:POS:PRIMARY,F3BBG_N060_A0_Q001_R024,1,M2,3e5ce767f5819b442d4e638e066cb924c71d3c9e8fc3aa2b41304f51fdf7c910,0.5,6aceac9518fc8056052807e666da9d0c8bebb010,0.025,NOT_EXECUTED
442,F3B2J0011824,11824,F3B2D003942,NUMERICAL_STABILITY_EXTRA,F3BBG_N060_A0_Q001_R024:POS:PRIMARY,F3BBG_N060_A0_Q001_R024,9,M0,3e5ce767f5819b442d4e638e066cb924c71d3c9e8fc3aa2b41304f51fdf7c910,0.5,6aceac9518fc8056052807e666da9d0c8bebb010,0.025,NOT_EXECUTED
443,F3B2J0011825,11825,F3B2D003942,NUMERICAL_STABILITY_EXTRA,F3BBG_N060_A0_Q001_R024:POS:PRIMARY,F3BBG_N060_A0_Q001_R024,9,M1,3e5ce767f5819b442d4e638e066cb924c71d3c9e8fc3aa2b41304f51fdf7c910,0.5,6aceac9518fc8056052807e666da9d0c8bebb010,0.025,NOT_EXECUTED
444,F3B2J0011826,11826,F3B2D003942,NUMERICAL_STABILITY_EXTRA,F3BBG_N060_A0_Q001_R024:POS:PRIMARY,F3BBG_N060_A0_Q001_R024,9,M2,3e5ce767f5819b442d4e638e066cb924c71d3c9e8fc3aa2b41304f51fdf7c910,0.5,6aceac9518fc8056052807e666da9d0c8bebb010,0.025,NOT_EXECUTED
445,F3B2J0011827,11827,F3B2D003943,NUMERICAL_STABILITY_EXTRA,F3BBG_N060_A0_Q002_R021:NULL:PRIMARY,F3BBG_N060_A0_Q002_R021,1,M0,f529a0ceeabd43bbafc870f9377ad3daf996f7b190ae05ed54dce184bf4de262,0.5,6aceac9518fc8056052807e666da9d0c8bebb010,0.025,NOT_EXECUTED
446,F3B2J0011828,11828,F3B2D003943,NUMERICAL_STABILITY_EXTRA,F3BBG_N060_A0_Q002_R021:NULL:PRIMARY,F3BBG_N060_A0_Q002_R021,1,M1,f529a0ceeabd43bbafc870f9377ad3daf996f7b190ae05ed54dce184bf4de262,0.5,6aceac9518fc8056052807e666da9d0c8bebb010,0.025,NOT_EXECUTED
447,F3B2J0011829,11829,F3B2D003943,NUMERICAL_STABILITY_EXTRA,F3BBG_N060_A0_Q002_R021:NULL:PRIMARY,F3BBG_N060_A0_Q002_R021,1,M2,f529a0ceeabd43bbafc870f9377ad3daf996f7b190ae05ed54dce184bf4de262,0.5,6aceac9518fc8056052807e666da9d0c8bebb010,0.025,NOT_EXECUTED
448,F3B2J0011851,11851,F3B2D003951,NUMERICAL_STABILITY_EXTRA,F3BBG_N060_A0_Q002_R021:NULL:PRIMARY,F3BBG_N060_A0_Q002_R021,9,M0,f529a0ceeabd43bbafc870f9377ad3daf996f7b190ae05ed54dce184bf4de262,0.5,6aceac9518fc8056052807e666da9d0c8bebb010,0.025,NOT_EXECUTED
449,F3B2J0011852,11852,F3B2D003951,NUMERICAL_STABILITY_EXTRA,F3BBG_N060_A0_Q002_R021:NULL:PRIMARY,F3BBG_N060_A0_Q002_R021,9,M1,f529a0ceeabd43bbafc870f9377ad3daf996f7b190ae05ed54dce184bf4de262,0.5,6aceac9518fc8056052807e666da9d0c8bebb010,0.025,NOT_EXECUTED
450,F3B2J0011853,11853,F3B2D003951,NUMERICAL_STABILITY_EXTRA,F3BBG_N060_A0_Q002_R021:NULL:PRIMARY,F3BBG_N060_A0_Q002_R021,9,M2,f529a0ceeabd43bbafc870f9377ad3daf996f7b190ae05ed54dce184bf4de262,0.5,6aceac9518fc8056052807e666da9d0c8bebb010,0.025,NOT_EXECUTED
451,F3B2J0011854,11854,F3B2D003952,NUMERICAL_STABILITY_EXTRA,F3BBG_N060_A0_Q002_R021:POS:PRIMARY,F3BBG_N060_A0_Q002_R021,1,M0,7e38763324d28cbdc896c1783370e54d6878871e713f26d9888f95170a9e1d27,0.5,6aceac9518fc8056052807e666da9d0c8bebb010,0.025,NOT_EXECUTED
452,F3B2J0011855,11855,F3B2D003952,NUMERICAL_STABILITY_EXTRA,F3BBG_N060_A0_Q002_R021:POS:PRIMARY,F3BBG_N060_A0_Q002_R021,1,M1,7e38763324d28cbdc896c1783370e54d6878871e713f26d9888f95170a9e1d27,0.5,6aceac9518fc8056052807e666da9d0c8bebb010,0.025,NOT_EXECUTED
453,F3B2J0011856,11856,F3B2D003952,NUMERICAL_STABILITY_EXTRA,F3BBG_N060_A0_Q002_R021:POS:PRIMARY,F3BBG_N060_A0_Q002_R021,1,M2,7e38763324d28cbdc896c1783370e54d6878871e713f26d9888f95170a9e1d27,0.5,6aceac9518fc8056052807e666da9d0c8bebb010,0.025,NOT_EXECUTED
454,F3B2J0011878,11878,F3B2D003960,NUMERICAL_STABILITY_EXTRA,F3BBG_N060_A0_Q002_R021:POS:PRIMARY,F3BBG_N060_A0_Q002_R021,9,M0,7e38763324d28cbdc896c1783370e54d6878871e713f26d9888f95170a9e1d27,0.5,6aceac9518fc8056052807e666da9d0c8bebb010,0.025,NOT_EXECUTED
455,F3B2J0011879,11879,F3B2D003960,NUMERICAL_STABILITY_EXTRA,F3BBG_N060_A0_Q002_R021:POS:PRIMARY,F3BBG_N060_A0_Q002_R021,9,M1,7e38763324d28cbdc896c1783370e54d6878871e713f26d9888f95170a9e1d27,0.5,6aceac9518fc8056052807e666da9d0c8bebb010,0.025,NOT_EXECUTED
456,F3B2J0011880,11880,F3B2D003960,NUMERICAL_STABILITY_EXTRA,F3BBG_N060_A0_Q002_R021:POS:PRIMARY,F3BBG_N060_A0_Q002_R021,9,M2,7e38763324d28cbdc896c1783370e54d6878871e713f26d9888f95170a9e1d27,0.5,6aceac9518fc8056052807e666da9d0c8bebb010,0.025,NOT_EXECUTED
457,F3B2J0011881,11881,F3B2D003961,NUMERICAL_STABILITY_EXTRA,F3BBG_N060_A0_Q004_R094:NULL:PRIMARY,F3BBG_N060_A0_Q004_R094,1,M0,8b0802c09a1e8d119511cd090fad2aaa45785a98207c3bbd13bdd081992e9991,0.5,6aceac9518fc8056052807e666da9d0c8bebb010,0.025,NOT_EXECUTED
458,F3B2J0011882,11882,F3B2D003961,NUMERICAL_STABILITY_EXTRA,F3BBG_N060_A0_Q004_R094:NULL:PRIMARY,F3BBG_N060_A0_Q004_R094,1,M1,8b0802c09a1e8d119511cd090fad2aaa45785a98207c3bbd13bdd081992e9991,0.5,6aceac9518fc8056052807e666da9d0c8bebb010,0.025,NOT_EXECUTED
459,F3B2J0011883,11883,F3B2D003961,NUMERICAL_STABILITY_EXTRA,F3BBG_N060_A0_Q004_R094:NULL:PRIMARY,F3BBG_N060_A0_Q004_R094,1,M2,8b0802c09a1e8d119511cd090fad2aaa45785a98207c3bbd13bdd081992e9991,0.5,6aceac9518fc8056052807e666da9d0c8bebb010,0.025,NOT_EXECUTED
460,F3B2J0011905,11905,F3B2D003969,NUMERICAL_STABILITY_EXTRA,F3BBG_N060_A0_Q004_R094:NULL:PRIMARY,F3BBG_N060_A0_Q004_R094,9,M0,8b0802c09a1e8d119511cd090fad2aaa45785a98207c3bbd13bdd081992e9991,0.5,6aceac9518fc8056052807e666da9d0c8bebb010,0.025,NOT_EXECUTED
461,F3B2J0011906,11906,F3B2D003969,NUMERICAL_STABILITY_EXTRA,F3BBG_N060_A0_Q004_R094:NULL:PRIMARY,F3BBG_N060_A0_Q004_R094,9,M1,8b0802c09a1e8d119511cd090fad2aaa45785a98207c3bbd13bdd081992e9991,0.5,6aceac9518fc8056052807e666da9d0c8bebb010,0.025,NOT_EXECUTED
462,F3B2J0011907,11907,F3B2D003969,NUMERICAL_STABILITY_EXTRA,F3BBG_N060_A0_Q004_R094:NULL:PRIMARY,F3BBG_N060_A0_Q004_R094,9,M2,8b0802c09a1e8d119511cd090fad2aaa45785a98207c3bbd13bdd081992e9991,0.5,6aceac9518fc8056052807e666da9d0c8bebb010,0.025,NOT_EXECUTED
463,F3B2J0011908,11908,F3B2D003970,NUMERICAL_STABILITY_EXTRA,F3BBG_N060_A0_Q004_R094:POS:PRIMARY,F3BBG_N060_A0_Q004_R094,1,M0,42e142479dd6d4402e6a9671d8554ab00377ddddeb2cd9a25138a85236d358c4,0.5,6aceac9518fc8056052807e666da9d0c8bebb010,0.025,NOT_EXECUTED
464,F3B2J0011909,11909,F3B2D003970,NUMERICAL_STABILITY_EXTRA,F3BBG_N060_A0_Q004_R094:POS:PRIMARY,F3BBG_N060_A0_Q004_R094,1,M1,42e142479dd6d4402e6a9671d8554ab00377ddddeb2cd9a25138a85236d358c4,0.5,6aceac9518fc8056052807e666da9d0c8bebb010,0.025,NOT_EXECUTED
465,F3B2J0011910,11910,F3B2D003970,NUMERICAL_STABILITY_EXTRA,F3BBG_N060_A0_Q004_R094:POS:PRIMARY,F3BBG_N060_A0_Q004_R094,1,M2,42e142479dd6d4402e6a9671d8554ab00377ddddeb2cd9a25138a85236d358c4,0.5,6aceac9518fc8056052807e666da9d0c8bebb010,0.025,NOT_EXECUTED
466,F3B2J0011932,11932,F3B2D003978,NUMERICAL_STABILITY_EXTRA,F3BBG_N060_A0_Q004_R094:POS:PRIMARY,F3BBG_N060_A0_Q004_R094,9,M0,42e142479dd6d4402e6a9671d8554ab00377ddddeb2cd9a25138a85236d358c4,0.5,6aceac9518fc8056052807e666da9d0c8bebb010,0.025,NOT_EXECUTED
467,F3B2J0011933,11933,F3B2D003978,NUMERICAL_STABILITY_EXTRA,F3BBG_N060_A0_Q004_R094:POS:PRIMARY,F3BBG_N060_A0_Q004_R094,9,M1,42e142479dd6d4402e6a9671d8554ab00377ddddeb2cd9a25138a85236d358c4,0.5,6aceac9518fc8056052807e666da9d0c8bebb010,0.025,NOT_EXECUTED
468,F3B2J0011934,11934,F3B2D003978,NUMERICAL_STABILITY_EXTRA,F3BBG_N060_A0_Q004_R094:POS:PRIMARY,F3BBG_N060_A0_Q004_R094,9,M2,42e142479dd6d4402e6a9671d8554ab00377ddddeb2cd9a25138a85236d358c4,0.5,6aceac9518fc8056052807e666da9d0c8bebb010,0.025,NOT_EXECUTED
469,F3B2J0011935,11935,F3B2D003979,NUMERICAL_STABILITY_EXTRA,F3BBG_N060_A1_Q001_R062:NULL:PRIMARY,F3BBG_N060_A1_Q001_R062,1,M0,41e344a54660a241206c1c5908b6cc3ce7364c27cf589be631a9b9051d0e3167,0.5,6aceac9518fc8056052807e666da9d0c8bebb010,0.025,NOT_EXECUTED
470,F3B2J0011936,11936,F3B2D003979,NUMERICAL_STABILITY_EXTRA,F3BBG_N060_A1_Q001_R062:NULL:PRIMARY,F3BBG_N060_A1_Q001_R062,1,M1,41e344a54660a241206c1c5908b6cc3ce7364c27cf589be631a9b9051d0e3167,0.5,6aceac9518fc8056052807e666da9d0c8bebb010,0.025,NOT_EXECUTED
471,F3B2J0011937,11937,F3B2D003979,NUMERICAL_STABILITY_EXTRA,F3BBG_N060_A1_Q001_R062:NULL:PRIMARY,F3BBG_N060_A1_Q001_R062,1,M2,41e344a54660a241206c1c5908b6cc3ce7364c27cf589be631a9b9051d0e3167,0.5,6aceac9518fc8056052807e666da9d0c8bebb010,0.025,NOT_EXECUTED
472,F3B2J0011959,11959,F3B2D003987,NUMERICAL_STABILITY_EXTRA,F3BBG_N060_A1_Q001_R062:NULL:PRIMARY,F3BBG_N060_A1_Q001_R062,9,M0,41e344a54660a241206c1c5908b6cc3ce7364c27cf589be631a9b9051d0e3167,0.5,6aceac9518fc8056052807e666da9d0c8bebb010,0.025,NOT_EXECUTED
473,F3B2J0011960,11960,F3B2D003987,NUMERICAL_STABILITY_EXTRA,F3BBG_N060_A1_Q001_R062:NULL:PRIMARY,F3BBG_N060_A1_Q001_R062,9,M1,41e344a54660a241206c1c5908b6cc3ce7364c27cf589be631a9b9051d0e3167,0.5,6aceac9518fc8056052807e666da9d0c8bebb010,0.025,NOT_EXECUTED
474,F3B2J0011961,11961,F3B2D003987,NUMERICAL_STABILITY_EXTRA,F3BBG_N060_A1_Q001_R062:NULL:PRIMARY,F3BBG_N060_A1_Q001_R062,9,M2,41e344a54660a241206c1c5908b6cc3ce7364c27cf589be631a9b9051d0e3167,0.5,6aceac9518fc8056052807e666da9d0c8bebb010,0.025,NOT_EXECUTED
475,F3B2J0011962,11962,F3B2D003988,NUMERICAL_STABILITY_EXTRA,F3BBG_N060_A1_Q001_R062:POS:PRIMARY,F3BBG_N060_A1_Q001_R062,1,M0,7aa47c9eb397616ad532b4e100249ed4e18526e8e04a6560187643acb1227f7c,0.5,6aceac9518fc8056052807e666da9d0c8bebb010,0.025,NOT_EXECUTED
476,F3B2J0011963,11963,F3B2D003988,NUMERICAL_STABILITY_EXTRA,F3BBG_N060_A1_Q001_R062:POS:PRIMARY,F3BBG_N060_A1_Q001_R062,1,M1,7aa47c9eb397616ad532b4e100249ed4e18526e8e04a6560187643acb1227f7c,0.5,6aceac9518fc8056052807e666da9d0c8bebb010,0.025,NOT_EXECUTED
477,F3B2J0011964,11964,F3B2D003988,NUMERICAL_STABILITY_EXTRA,F3BBG_N060_A1_Q001_R062:POS:PRIMARY,F3BBG_N060_A1_Q001_R062,1,M2,7aa47c9eb397616ad532b4e100249ed4e18526e8e04a6560187643acb1227f7c,0.5,6aceac9518fc8056052807e666da9d0c8bebb010,0.025,NOT_EXECUTED
478,F3B2J0011986,11986,F3B2D003996,NUMERICAL_STABILITY_EXTRA,F3BBG_N060_A1_Q001_R062:POS:PRIMARY,F3BBG_N060_A1_Q001_R062,9,M0,7aa47c9eb397616ad532b4e100249ed4e18526e8e04a6560187643acb1227f7c,0.5,6aceac9518fc8056052807e666da9d0c8bebb010,0.025,NOT_EXECUTED
479,F3B2J0011987,11987,F3B2D003996,NUMERICAL_STABILITY_EXTRA,F3BBG_N060_A1_Q001_R062:POS:PRIMARY,F3BBG_N060_A1_Q001_R062,9,M1,7aa47c9eb397616ad532b4e100249ed4e18526e8e04a6560187643acb1227f7c,0.5,6aceac9518fc8056052807e666da9d0c8bebb010,0.025,NOT_EXECUTED
480,F3B2J0011988,11988,F3B2D003996,NUMERICAL_STABILITY_EXTRA,F3BBG_N060_A1_Q001_R062:POS:PRIMARY,F3BBG_N060_A1_Q001_R062,9,M2,7aa47c9eb397616ad532b4e100249ed4e18526e8e04a6560187643acb1227f7c,0.5,6aceac9518fc8056052807e666da9d0c8bebb010,0.025,NOT_EXECUTED
481,F3B2J0011989,11989,F3B2D003997,NUMERICAL_STABILITY_EXTRA,F3BBG_N060_A1_Q002_R062:NULL:PRIMARY,F3BBG_N060_A1_Q002_R062,1,M0,8ae56b344fe99f387acf1bd335b593dd9bb959c3ab40356e96b5adff447fbb0a,0.5,6aceac9518fc8056052807e666da9d0c8bebb010,0.025,NOT_EXECUTED
482,F3B2J0011990,11990,F3B2D003997,NUMERICAL_STABILITY_EXTRA,F3BBG_N060_A1_Q002_R062:NULL:PRIMARY,F3BBG_N060_A1_Q002_R062,1,M1,8ae56b344fe99f387acf1bd335b593dd9bb959c3ab40356e96b5adff447fbb0a,0.5,6aceac9518fc8056052807e666da9d0c8bebb010,0.025,NOT_EXECUTED
483,F3B2J0011991,11991,F3B2D003997,NUMERICAL_STABILITY_EXTRA,F3BBG_N060_A1_Q002_R062:NULL:PRIMARY,F3BBG_N060_A1_Q002_R062,1,M2,8ae56b344fe99f387acf1bd335b593dd9bb959c3ab40356e96b5adff447fbb0a,0.5,6aceac9518fc8056052807e666da9d0c8bebb010,0.025,NOT_EXECUTED
484,F3B2J0012013,12013,F3B2D004005,NUMERICAL_STABILITY_EXTRA,F3BBG_N060_A1_Q002_R062:NULL:PRIMARY,F3BBG_N060_A1_Q002_R062,9,M0,8ae56b344fe99f387acf1bd335b593dd9bb959c3ab40356e96b5adff447fbb0a,0.5,6aceac9518fc8056052807e666da9d0c8bebb010,0.025,NOT_EXECUTED
485,F3B2J0012014,12014,F3B2D004005,NUMERICAL_STABILITY_EXTRA,F3BBG_N060_A1_Q002_R062:NULL:PRIMARY,F3BBG_N060_A1_Q002_R062,9,M1,8ae56b344fe99f387acf1bd335b593dd9bb959c3ab40356e96b5adff447fbb0a,0.5,6aceac9518fc8056052807e666da9d0c8bebb010,0.025,NOT_EXECUTED
486,F3B2J0012015,12015,F3B2D004005,NUMERICAL_STABILITY_EXTRA,F3BBG_N060_A1_Q002_R062:NULL:PRIMARY,F3BBG_N060_A1_Q002_R062,9,M2,8ae56b344fe99f387acf1bd335b593dd9bb959c3ab40356e96b5adff447fbb0a,0.5,6aceac9518fc8056052807e666da9d0c8bebb010,0.025,NOT_EXECUTED
487,F3B2J0012016,12016,F3B2D004006,NUMERICAL_STABILITY_EXTRA,F3BBG_N060_A1_Q002_R062:POS:PRIMARY,F3BBG_N060_A1_Q002_R062,1,M0,e5b64181888135e9e09465b24974a3eb623b21e2c92234cfcc8832f5a6d3d650,0.5,6aceac9518fc8056052807e666da9d0c8bebb010,0.025,NOT_EXECUTED
488,F3B2J0012017,12017,F3B2D004006,NUMERICAL_STABILITY_EXTRA,F3BBG_N060_A1_Q002_R062:POS:PRIMARY,F3BBG_N060_A1_Q002_R062,1,M1,e5b64181888135e9e09465b24974a3eb623b21e2c92234cfcc8832f5a6d3d650,0.5,6aceac9518fc8056052807e666da9d0c8bebb010,0.025,NOT_EXECUTED
489,F3B2J0012018,12018,F3B2D004006,NUMERICAL_STABILITY_EXTRA,F3BBG_N060_A1_Q002_R062:POS:PRIMARY,F3BBG_N060_A1_Q002_R062,1,M2,e5b64181888135e9e09465b24974a3eb623b21e2c92234cfcc8832f5a6d3d650,0.5,6aceac9518fc8056052807e666da9d0c8bebb010,0.025,NOT_EXECUTED
490,F3B2J0012040,12040,F3B2D004014,NUMERICAL_STABILITY_EXTRA,F3BBG_N060_A1_Q002_R062:POS:PRIMARY,F3BBG_N060_A1_Q002_R062,9,M0,e5b64181888135e9e09465b24974a3eb623b21e2c92234cfcc8832f5a6d3d650,0.5,6aceac9518fc8056052807e666da9d0c8bebb010,0.025,NOT_EXECUTED
491,F3B2J0012041,12041,F3B2D004014,NUMERICAL_STABILITY_EXTRA,F3BBG_N060_A1_Q002_R062:POS:PRIMARY,F3BBG_N060_A1_Q002_R062,9,M1,e5b64181888135e9e09465b24974a3eb623b21e2c92234cfcc8832f5a6d3d650,0.5,6aceac9518fc8056052807e666da9d0c8bebb010,0.025,NOT_EXECUTED
492,F3B2J0012042,12042,F3B2D004014,NUMERICAL_STABILITY_EXTRA,F3BBG_N060_A1_Q002_R062:POS:PRIMARY,F3BBG_N060_A1_Q002_R062,9,M2,e5b64181888135e9e09465b24974a3eb623b21e2c92234cfcc8832f5a6d3d650,0.5,6aceac9518fc8056052807e666da9d0c8bebb010,0.025,NOT_EXECUTED
493,F3B2J0012043,12043,F3B2D004015,NUMERICAL_STABILITY_EXTRA,F3BBG_N060_A1_Q004_R055:NULL:PRIMARY,F3BBG_N060_A1_Q004_R055,1,M0,43543178bcea9c872b484f13ee25cea33f697428967505c00ebc2b9c5580920e,0.5,6aceac9518fc8056052807e666da9d0c8bebb010,0.025,NOT_EXECUTED
494,F3B2J0012044,12044,F3B2D004015,NUMERICAL_STABILITY_EXTRA,F3BBG_N060_A1_Q004_R055:NULL:PRIMARY,F3BBG_N060_A1_Q004_R055,1,M1,43543178bcea9c872b484f13ee25cea33f697428967505c00ebc2b9c5580920e,0.5,6aceac9518fc8056052807e666da9d0c8bebb010,0.025,NOT_EXECUTED
495,F3B2J0012045,12045,F3B2D004015,NUMERICAL_STABILITY_EXTRA,F3BBG_N060_A1_Q004_R055:NULL:PRIMARY,F3BBG_N060_A1_Q004_R055,1,M2,43543178bcea9c872b484f13ee25cea33f697428967505c00ebc2b9c5580920e,0.5,6aceac9518fc8056052807e666da9d0c8bebb010,0.025,NOT_EXECUTED
496,F3B2J0012067,12067,F3B2D004023,NUMERICAL_STABILITY_EXTRA,F3BBG_N060_A1_Q004_R055:NULL:PRIMARY,F3BBG_N060_A1_Q004_R055,9,M0,43543178bcea9c872b484f13ee25cea33f697428967505c00ebc2b9c5580920e,0.5,6aceac9518fc8056052807e666da9d0c8bebb010,0.025,NOT_EXECUTED
497,F3B2J0012068,12068,F3B2D004023,NUMERICAL_STABILITY_EXTRA,F3BBG_N060_A1_Q004_R055:NULL:PRIMARY,F3BBG_N060_A1_Q004_R055,9,M1,43543178bcea9c872b484f13ee25cea33f697428967505c00ebc2b9c5580920e,0.5,6aceac9518fc8056052807e666da9d0c8bebb010,0.025,NOT_EXECUTED
498,F3B2J0012069,12069,F3B2D004023,NUMERICAL_STABILITY_EXTRA,F3BBG_N060_A1_Q004_R055:NULL:PRIMARY,F3BBG_N060_A1_Q004_R055,9,M2,43543178bcea9c872b484f13ee25cea33f697428967505c00ebc2b9c5580920e,0.5,6aceac9518fc8056052807e666da9d0c8bebb010,0.025,NOT_EXECUTED
499,F3B2J0012070,12070,F3B2D004024,NUMERICAL_STABILITY_EXTRA,F3BBG_N060_A1_Q004_R055:POS:PRIMARY,F3BBG_N060_A1_Q004_R055,1,M0,c5d9fc9b94ccfefae8c6ea4e9601ace517ef756b64ae374c19347474c2f41049,0.5,6aceac9518fc8056052807e666da9d0c8bebb010,0.025,NOT_EXECUTED
500,F3B2J0012071,12071,F3B2D004024,NUMERICAL_STABILITY_EXTRA,F3BBG_N060_A1_Q004_R055:POS:PRIMARY,F3BBG_N060_A1_Q004_R055,1,M1,c5d9fc9b94ccfefae8c6ea4e9601ace517ef756b64ae374c19347474c2f41049,0.5,6aceac9518fc8056052807e666da9d0c8bebb010,0.025,NOT_EXECUTED
501,F3B2J0012072,12072,F3B2D004024,NUMERICAL_STABILITY_EXTRA,F3BBG_N060_A1_Q004_R055:POS:PRIMARY,F3BBG_N060_A1_Q004_R055,1,M2,c5d9fc9b94ccfefae8c6ea4e9601ace517ef756b64ae374c19347474c2f41049,0.5,6aceac9518fc8056052807e666da9d0c8bebb010,0.025,NOT_EXECUTED
502,F3B2J0012094,12094,F3B2D004032,NUMERICAL_STABILITY_EXTRA,F3BBG_N060_A1_Q004_R055:POS:PRIMARY,F3BBG_N060_A1_Q004_R055,9,M0,c5d9fc9b94ccfefae8c6ea4e9601ace517ef756b64ae374c19347474c2f41049,0.5,6aceac9518fc8056052807e666da9d0c8bebb010,0.025,NOT_EXECUTED
503,F3B2J0012095,12095,F3B2D004032,NUMERICAL_STABILITY_EXTRA,F3BBG_N060_A1_Q004_R055:POS:PRIMARY,F3BBG_N060_A1_Q004_R055,9,M1,c5d9fc9b94ccfefae8c6ea4e9601ace517ef756b64ae374c19347474c2f41049,0.5,6aceac9518fc8056052807e666da9d0c8bebb010,0.025,NOT_EXECUTED
504,F3B2J0012096,12096,F3B2D004032,NUMERICAL_STABILITY_EXTRA,F3BBG_N060_A1_Q004_R055:POS:PRIMARY,F3BBG_N060_A1_Q004_R055,9,M2,c5d9fc9b94ccfefae8c6ea4e9601ace517ef756b64ae374c19347474c2f41049,0.5,6aceac9518fc8056052807e666da9d0c8bebb010,0.025,NOT_EXECUTED
505,F3B2J0012097,12097,F3B2D004033,NUMERICAL_STABILITY_EXTRA,F3BBG_N060_A2_Q001_R022:NULL:PRIMARY,F3BBG_N060_A2_Q001_R022,1,M0,21a45f91a3719574dcb7dc63ec9a0abd17161d97b7cdaa058cdf5b1b89773b1d,0.5,6aceac9518fc8056052807e666da9d0c8bebb010,0.025,NOT_EXECUTED
506,F3B2J0012098,12098,F3B2D004033,NUMERICAL_STABILITY_EXTRA,F3BBG_N060_A2_Q001_R022:NULL:PRIMARY,F3BBG_N060_A2_Q001_R022,1,M1,21a45f91a3719574dcb7dc63ec9a0abd17161d97b7cdaa058cdf5b1b89773b1d,0.5,6aceac9518fc8056052807e666da9d0c8bebb010,0.025,NOT_EXECUTED
507,F3B2J0012099,12099,F3B2D004033,NUMERICAL_STABILITY_EXTRA,F3BBG_N060_A2_Q001_R022:NULL:PRIMARY,F3BBG_N060_A2_Q001_R022,1,M2,21a45f91a3719574dcb7dc63ec9a0abd17161d97b7cdaa058cdf5b1b89773b1d,0.5,6aceac9518fc8056052807e666da9d0c8bebb010,0.025,NOT_EXECUTED
508,F3B2J0012121,12121,F3B2D004041,NUMERICAL_STABILITY_EXTRA,F3BBG_N060_A2_Q001_R022:NULL:PRIMARY,F3BBG_N060_A2_Q001_R022,9,M0,21a45f91a3719574dcb7dc63ec9a0abd17161d97b7cdaa058cdf5b1b89773b1d,0.5,6aceac9518fc8056052807e666da9d0c8bebb010,0.025,NOT_EXECUTED
509,F3B2J0012122,12122,F3B2D004041,NUMERICAL_STABILITY_EXTRA,F3BBG_N060_A2_Q001_R022:NULL:PRIMARY,F3BBG_N060_A2_Q001_R022,9,M1,21a45f91a3719574dcb7dc63ec9a0abd17161d97b7cdaa058cdf5b1b89773b1d,0.5,6aceac9518fc8056052807e666da9d0c8bebb010,0.025,NOT_EXECUTED
510,F3B2J0012123,12123,F3B2D004041,NUMERICAL_STABILITY_EXTRA,F3BBG_N060_A2_Q001_R022:NULL:PRIMARY,F3BBG_N060_A2_Q001_R022,9,M2,21a45f91a3719574dcb7dc63ec9a0abd17161d97b7cdaa058cdf5b1b89773b1d,0.5,6aceac9518fc8056052807e666da9d0c8bebb010,0.025,NOT_EXECUTED
511,F3B2J0012124,12124,F3B2D004042,NUMERICAL_STABILITY_EXTRA,F3BBG_N060_A2_Q001_R022:POS:PRIMARY,F3BBG_N060_A2_Q001_R022,1,M0,00ba165dab59bfebbdae81ab3ed784567ee8cefb21568479004da825fde7c6a6,0.5,6aceac9518fc8056052807e666da9d0c8bebb010,0.025,NOT_EXECUTED
512,F3B2J0012125,12125,F3B2D004042,NUMERICAL_STABILITY_EXTRA,F3BBG_N060_A2_Q001_R022:POS:PRIMARY,F3BBG_N060_A2_Q001_R022,1,M1,00ba165dab59bfebbdae81ab3ed784567ee8cefb21568479004da825fde7c6a6,0.5,6aceac9518fc8056052807e666da9d0c8bebb010,0.025,NOT_EXECUTED
513,F3B2J0012126,12126,F3B2D004042,NUMERICAL_STABILITY_EXTRA,F3BBG_N060_A2_Q001_R022:POS:PRIMARY,F3BBG_N060_A2_Q001_R022,1,M2,00ba165dab59bfebbdae81ab3ed784567ee8cefb21568479004da825fde7c6a6,0.5,6aceac9518fc8056052807e666da9d0c8bebb010,0.025,NOT_EXECUTED
514,F3B2J0012148,12148,F3B2D004050,NUMERICAL_STABILITY_EXTRA,F3BBG_N060_A2_Q001_R022:POS:PRIMARY,F3BBG_N060_A2_Q001_R022,9,M0,00ba165dab59bfebbdae81ab3ed784567ee8cefb21568479004da825fde7c6a6,0.5,6aceac9518fc8056052807e666da9d0c8bebb010,0.025,NOT_EXECUTED
515,F3B2J0012149,12149,F3B2D004050,NUMERICAL_STABILITY_EXTRA,F3BBG_N060_A2_Q001_R022:POS:PRIMARY,F3BBG_N060_A2_Q001_R022,9,M1,00ba165dab59bfebbdae81ab3ed784567ee8cefb21568479004da825fde7c6a6,0.5,6aceac9518fc8056052807e666da9d0c8bebb010,0.025,NOT_EXECUTED
516,F3B2J0012150,12150,F3B2D004050,NUMERICAL_STABILITY_EXTRA,F3BBG_N060_A2_Q001_R022:POS:PRIMARY,F3BBG_N060_A2_Q001_R022,9,M2,00ba165dab59bfebbdae81ab3ed784567ee8cefb21568479004da825fde7c6a6,0.5,6aceac9518fc8056052807e666da9d0c8bebb010,0.025,NOT_EXECUTED
517,F3B2J0012151,12151,F3B2D004051,NUMERICAL_STABILITY_EXTRA,F3BBG_N060_A2_Q002_R100:NULL:PRIMARY,F3BBG_N060_A2_Q002_R100,1,M0,a9c5008159ad60ac79dde340ee5bb8acfa08f447a12cb8e6692c868b4c33c2b4,0.5,6aceac9518fc8056052807e666da9d0c8bebb010,0.025,NOT_EXECUTED
518,F3B2J0012152,12152,F3B2D004051,NUMERICAL_STABILITY_EXTRA,F3BBG_N060_A2_Q002_R100:NULL:PRIMARY,F3BBG_N060_A2_Q002_R100,1,M1,a9c5008159ad60ac79dde340ee5bb8acfa08f447a12cb8e6692c868b4c33c2b4,0.5,6aceac9518fc8056052807e666da9d0c8bebb010,0.025,NOT_EXECUTED
519,F3B2J0012153,12153,F3B2D004051,NUMERICAL_STABILITY_EXTRA,F3BBG_N060_A2_Q002_R100:NULL:PRIMARY,F3BBG_N060_A2_Q002_R100,1,M2,a9c5008159ad60ac79dde340ee5bb8acfa08f447a12cb8e6692c868b4c33c2b4,0.5,6aceac9518fc8056052807e666da9d0c8bebb010,0.025,NOT_EXECUTED
520,F3B2J0012175,12175,F3B2D004059,NUMERICAL_STABILITY_EXTRA,F3BBG_N060_A2_Q002_R100:NULL:PRIMARY,F3BBG_N060_A2_Q002_R100,9,M0,a9c5008159ad60ac79dde340ee5bb8acfa08f447a12cb8e6692c868b4c33c2b4,0.5,6aceac9518fc8056052807e666da9d0c8bebb010,0.025,NOT_EXECUTED
521,F3B2J0012176,12176,F3B2D004059,NUMERICAL_STABILITY_EXTRA,F3BBG_N060_A2_Q002_R100:NULL:PRIMARY,F3BBG_N060_A2_Q002_R100,9,M1,a9c5008159ad60ac79dde340ee5bb8acfa08f447a12cb8e6692c868b4c33c2b4,0.5,6aceac9518fc8056052807e666da9d0c8bebb010,0.025,NOT_EXECUTED
522,F3B2J0012177,12177,F3B2D004059,NUMERICAL_STABILITY_EXTRA,F3BBG_N060_A2_Q002_R100:NULL:PRIMARY,F3BBG_N060_A2_Q002_R100,9,M2,a9c5008159ad60ac79dde340ee5bb8acfa08f447a12cb8e6692c868b4c33c2b4,0.5,6aceac9518fc8056052807e666da9d0c8bebb010,0.025,NOT_EXECUTED
523,F3B2J0012178,12178,F3B2D004060,NUMERICAL_STABILITY_EXTRA,F3BBG_N060_A2_Q002_R100:POS:PRIMARY,F3BBG_N060_A2_Q002_R100,1,M0,72172269c00909466b42f326113589925a5781fd2a2e490933c9df6516e28efd,0.5,6aceac9518fc8056052807e666da9d0c8bebb010,0.025,NOT_EXECUTED
524,F3B2J0012179,12179,F3B2D004060,NUMERICAL_STABILITY_EXTRA,F3BBG_N060_A2_Q002_R100:POS:PRIMARY,F3BBG_N060_A2_Q002_R100,1,M1,72172269c00909466b42f326113589925a5781fd2a2e490933c9df6516e28efd,0.5,6aceac9518fc8056052807e666da9d0c8bebb010,0.025,NOT_EXECUTED
525,F3B2J0012180,12180,F3B2D004060,NUMERICAL_STABILITY_EXTRA,F3BBG_N060_A2_Q002_R100:POS:PRIMARY,F3BBG_N060_A2_Q002_R100,1,M2,72172269c00909466b42f326113589925a5781fd2a2e490933c9df6516e28efd,0.5,6aceac9518fc8056052807e666da9d0c8bebb010,0.025,NOT_EXECUTED
526,F3B2J0012202,12202,F3B2D004068,NUMERICAL_STABILITY_EXTRA,F3BBG_N060_A2_Q002_R100:POS:PRIMARY,F3BBG_N060_A2_Q002_R100,9,M0,72172269c00909466b42f326113589925a5781fd2a2e490933c9df6516e28efd,0.5,6aceac9518fc8056052807e666da9d0c8bebb010,0.025,NOT_EXECUTED
527,F3B2J0012203,12203,F3B2D004068,NUMERICAL_STABILITY_EXTRA,F3BBG_N060_A2_Q002_R100:POS:PRIMARY,F3BBG_N060_A2_Q002_R100,9,M1,72172269c00909466b42f326113589925a5781fd2a2e490933c9df6516e28efd,0.5,6aceac9518fc8056052807e666da9d0c8bebb010,0.025,NOT_EXECUTED
528,F3B2J0012204,12204,F3B2D004068,NUMERICAL_STABILITY_EXTRA,F3BBG_N060_A2_Q002_R100:POS:PRIMARY,F3BBG_N060_A2_Q002_R100,9,M2,72172269c00909466b42f326113589925a5781fd2a2e490933c9df6516e28efd,0.5,6aceac9518fc8056052807e666da9d0c8bebb010,0.025,NOT_EXECUTED
529,F3B2J0012205,12205,F3B2D004069,NUMERICAL_STABILITY_EXTRA,F3BBG_N060_A2_Q004_R005:NULL:PRIMARY,F3BBG_N060_A2_Q004_R005,1,M0,018f7ab9f5cfced8c197e4839d769eb03f70777bc33ebfcd6af652905606541e,0.5,6aceac9518fc8056052807e666da9d0c8bebb010,0.025,NOT_EXECUTED
530,F3B2J0012206,12206,F3B2D004069,NUMERICAL_STABILITY_EXTRA,F3BBG_N060_A2_Q004_R005:NULL:PRIMARY,F3BBG_N060_A2_Q004_R005,1,M1,018f7ab9f5cfced8c197e4839d769eb03f70777bc33ebfcd6af652905606541e,0.5,6aceac9518fc8056052807e666da9d0c8bebb010,0.025,NOT_EXECUTED
531,F3B2J0012207,12207,F3B2D004069,NUMERICAL_STABILITY_EXTRA,F3BBG_N060_A2_Q004_R005:NULL:PRIMARY,F3BBG_N060_A2_Q004_R005,1,M2,018f7ab9f5cfced8c197e4839d769eb03f70777bc33ebfcd6af652905606541e,0.5,6aceac9518fc8056052807e666da9d0c8bebb010,0.025,NOT_EXECUTED
532,F3B2J0012229,12229,F3B2D004077,NUMERICAL_STABILITY_EXTRA,F3BBG_N060_A2_Q004_R005:NULL:PRIMARY,F3BBG_N060_A2_Q004_R005,9,M0,018f7ab9f5cfced8c197e4839d769eb03f70777bc33ebfcd6af652905606541e,0.5,6aceac9518fc8056052807e666da9d0c8bebb010,0.025,NOT_EXECUTED
533,F3B2J0012230,12230,F3B2D004077,NUMERICAL_STABILITY_EXTRA,F3BBG_N060_A2_Q004_R005:NULL:PRIMARY,F3BBG_N060_A2_Q004_R005,9,M1,018f7ab9f5cfced8c197e4839d769eb03f70777bc33ebfcd6af652905606541e,0.5,6aceac9518fc8056052807e666da9d0c8bebb010,0.025,NOT_EXECUTED
534,F3B2J0012231,12231,F3B2D004077,NUMERICAL_STABILITY_EXTRA,F3BBG_N060_A2_Q004_R005:NULL:PRIMARY,F3BBG_N060_A2_Q004_R005,9,M2,018f7ab9f5cfced8c197e4839d769eb03f70777bc33ebfcd6af652905606541e,0.5,6aceac9518fc8056052807e666da9d0c8bebb010,0.025,NOT_EXECUTED
535,F3B2J0012232,12232,F3B2D004078,NUMERICAL_STABILITY_EXTRA,F3BBG_N060_A2_Q004_R005:POS:PRIMARY,F3BBG_N060_A2_Q004_R005,1,M0,54269399ad4469b7a74dfb69a22350507a66db3df1b353f9f6ee2cae8e6332ad,0.5,6aceac9518fc8056052807e666da9d0c8bebb010,0.025,NOT_EXECUTED
536,F3B2J0012233,12233,F3B2D004078,NUMERICAL_STABILITY_EXTRA,F3BBG_N060_A2_Q004_R005:POS:PRIMARY,F3BBG_N060_A2_Q004_R005,1,M1,54269399ad4469b7a74dfb69a22350507a66db3df1b353f9f6ee2cae8e6332ad,0.5,6aceac9518fc8056052807e666da9d0c8bebb010,0.025,NOT_EXECUTED
537,F3B2J0012234,12234,F3B2D004078,NUMERICAL_STABILITY_EXTRA,F3BBG_N060_A2_Q004_R005:POS:PRIMARY,F3BBG_N060_A2_Q004_R005,1,M2,54269399ad4469b7a74dfb69a22350507a66db3df1b353f9f6ee2cae8e6332ad,0.5,6aceac9518fc8056052807e666da9d0c8bebb010,0.025,NOT_EXECUTED
538,F3B2J0012256,12256,F3B2D004086,NUMERICAL_STABILITY_EXTRA,F3BBG_N060_A2_Q004_R005:POS:PRIMARY,F3BBG_N060_A2_Q004_R005,9,M0,54269399ad4469b7a74dfb69a22350507a66db3df1b353f9f6ee2cae8e6332ad,0.5,6aceac9518fc8056052807e666da9d0c8bebb010,0.025,NOT_EXECUTED
539,F3B2J0012257,12257,F3B2D004086,NUMERICAL_STABILITY_EXTRA,F3BBG_N060_A2_Q004_R005:POS:PRIMARY,F3BBG_N060_A2_Q004_R005,9,M1,54269399ad4469b7a74dfb69a22350507a66db3df1b353f9f6ee2cae8e6332ad,0.5,6aceac9518fc8056052807e666da9d0c8bebb010,0.025,NOT_EXECUTED
540,F3B2J0012258,12258,F3B2D004086,NUMERICAL_STABILITY_EXTRA,F3BBG_N060_A2_Q004_R005:POS:PRIMARY,F3BBG_N060_A2_Q004_R005,9,M2,54269399ad4469b7a74dfb69a22350507a66db3df1b353f9f6ee2cae8e6332ad,0.5,6aceac9518fc8056052807e666da9d0c8bebb010,0.025,NOT_EXECUTED
541,F3B2J0012259,12259,F3B2D004087,NUMERICAL_STABILITY_EXTRA,F3BBG_N120_A0_Q001_R032:NULL:PRIMARY,F3BBG_N120_A0_Q001_R032,1,M0,ff786a3b8ff73a4d6bb74372b6019b04fb8102c5a7655a565e690ff438034975,0.5,6aceac9518fc8056052807e666da9d0c8bebb010,0.025,NOT_EXECUTED
542,F3B2J0012260,12260,F3B2D004087,NUMERICAL_STABILITY_EXTRA,F3BBG_N120_A0_Q001_R032:NULL:PRIMARY,F3BBG_N120_A0_Q001_R032,1,M1,ff786a3b8ff73a4d6bb74372b6019b04fb8102c5a7655a565e690ff438034975,0.5,6aceac9518fc8056052807e666da9d0c8bebb010,0.025,NOT_EXECUTED
543,F3B2J0012261,12261,F3B2D004087,NUMERICAL_STABILITY_EXTRA,F3BBG_N120_A0_Q001_R032:NULL:PRIMARY,F3BBG_N120_A0_Q001_R032,1,M2,ff786a3b8ff73a4d6bb74372b6019b04fb8102c5a7655a565e690ff438034975,0.5,6aceac9518fc8056052807e666da9d0c8bebb010,0.025,NOT_EXECUTED
544,F3B2J0012283,12283,F3B2D004095,NUMERICAL_STABILITY_EXTRA,F3BBG_N120_A0_Q001_R032:NULL:PRIMARY,F3BBG_N120_A0_Q001_R032,9,M0,ff786a3b8ff73a4d6bb74372b6019b04fb8102c5a7655a565e690ff438034975,0.5,6aceac9518fc8056052807e666da9d0c8bebb010,0.025,NOT_EXECUTED
545,F3B2J0012284,12284,F3B2D004095,NUMERICAL_STABILITY_EXTRA,F3BBG_N120_A0_Q001_R032:NULL:PRIMARY,F3BBG_N120_A0_Q001_R032,9,M1,ff786a3b8ff73a4d6bb74372b6019b04fb8102c5a7655a565e690ff438034975,0.5,6aceac9518fc8056052807e666da9d0c8bebb010,0.025,NOT_EXECUTED
546,F3B2J0012285,12285,F3B2D004095,NUMERICAL_STABILITY_EXTRA,F3BBG_N120_A0_Q001_R032:NULL:PRIMARY,F3BBG_N120_A0_Q001_R032,9,M2,ff786a3b8ff73a4d6bb74372b6019b04fb8102c5a7655a565e690ff438034975,0.5,6aceac9518fc8056052807e666da9d0c8bebb010,0.025,NOT_EXECUTED
547,F3B2J0012286,12286,F3B2D004096,NUMERICAL_STABILITY_EXTRA,F3BBG_N120_A0_Q001_R032:POS:PRIMARY,F3BBG_N120_A0_Q001_R032,1,M0,4c714cbcacb5690c911ec77f4b5e618eeed6c4c82306e8d3c59b848cd433a5e5,0.5,6aceac9518fc8056052807e666da9d0c8bebb010,0.025,NOT_EXECUTED
548,F3B2J0012287,12287,F3B2D004096,NUMERICAL_STABILITY_EXTRA,F3BBG_N120_A0_Q001_R032:POS:PRIMARY,F3BBG_N120_A0_Q001_R032,1,M1,4c714cbcacb5690c911ec77f4b5e618eeed6c4c82306e8d3c59b848cd433a5e5,0.5,6aceac9518fc8056052807e666da9d0c8bebb010,0.025,NOT_EXECUTED
549,F3B2J0012288,12288,F3B2D004096,NUMERICAL_STABILITY_EXTRA,F3BBG_N120_A0_Q001_R032:POS:PRIMARY,F3BBG_N120_A0_Q001_R032,1,M2,4c714cbcacb5690c911ec77f4b5e618eeed6c4c82306e8d3c59b848cd433a5e5,0.5,6aceac9518fc8056052807e666da9d0c8bebb010,0.025,NOT_EXECUTED
550,F3B2J0012310,12310,F3B2D004104,NUMERICAL_STABILITY_EXTRA,F3BBG_N120_A0_Q001_R032:POS:PRIMARY,F3BBG_N120_A0_Q001_R032,9,M0,4c714cbcacb5690c911ec77f4b5e618eeed6c4c82306e8d3c59b848cd433a5e5,0.5,6aceac9518fc8056052807e666da9d0c8bebb010,0.025,NOT_EXECUTED
551,F3B2J0012311,12311,F3B2D004104,NUMERICAL_STABILITY_EXTRA,F3BBG_N120_A0_Q001_R032:POS:PRIMARY,F3BBG_N120_A0_Q001_R032,9,M1,4c714cbcacb5690c911ec77f4b5e618eeed6c4c82306e8d3c59b848cd433a5e5,0.5,6aceac9518fc8056052807e666da9d0c8bebb010,0.025,NOT_EXECUTED
552,F3B2J0012312,12312,F3B2D004104,NUMERICAL_STABILITY_EXTRA,F3BBG_N120_A0_Q001_R032:POS:PRIMARY,F3BBG_N120_A0_Q001_R032,9,M2,4c714cbcacb5690c911ec77f4b5e618eeed6c4c82306e8d3c59b848cd433a5e5,0.5,6aceac9518fc8056052807e666da9d0c8bebb010,0.025,NOT_EXECUTED
553,F3B2J0012313,12313,F3B2D004105,NUMERICAL_STABILITY_EXTRA,F3BBG_N120_A0_Q002_R046:NULL:PRIMARY,F3BBG_N120_A0_Q002_R046,1,M0,8748bed291acb2fd2ebb11c913eb5cef385e81b658448bbbe5169e053bff90c3,0.5,6aceac9518fc8056052807e666da9d0c8bebb010,0.025,NOT_EXECUTED
554,F3B2J0012314,12314,F3B2D004105,NUMERICAL_STABILITY_EXTRA,F3BBG_N120_A0_Q002_R046:NULL:PRIMARY,F3BBG_N120_A0_Q002_R046,1,M1,8748bed291acb2fd2ebb11c913eb5cef385e81b658448bbbe5169e053bff90c3,0.5,6aceac9518fc8056052807e666da9d0c8bebb010,0.025,NOT_EXECUTED
555,F3B2J0012315,12315,F3B2D004105,NUMERICAL_STABILITY_EXTRA,F3BBG_N120_A0_Q002_R046:NULL:PRIMARY,F3BBG_N120_A0_Q002_R046,1,M2,8748bed291acb2fd2ebb11c913eb5cef385e81b658448bbbe5169e053bff90c3,0.5,6aceac9518fc8056052807e666da9d0c8bebb010,0.025,NOT_EXECUTED
556,F3B2J0012337,12337,F3B2D004113,NUMERICAL_STABILITY_EXTRA,F3BBG_N120_A0_Q002_R046:NULL:PRIMARY,F3BBG_N120_A0_Q002_R046,9,M0,8748bed291acb2fd2ebb11c913eb5cef385e81b658448bbbe5169e053bff90c3,0.5,6aceac9518fc8056052807e666da9d0c8bebb010,0.025,NOT_EXECUTED
557,F3B2J0012338,12338,F3B2D004113,NUMERICAL_STABILITY_EXTRA,F3BBG_N120_A0_Q002_R046:NULL:PRIMARY,F3BBG_N120_A0_Q002_R046,9,M1,8748bed291acb2fd2ebb11c913eb5cef385e81b658448bbbe5169e053bff90c3,0.5,6aceac9518fc8056052807e666da9d0c8bebb010,0.025,NOT_EXECUTED
558,F3B2J0012339,12339,F3B2D004113,NUMERICAL_STABILITY_EXTRA,F3BBG_N120_A0_Q002_R046:NULL:PRIMARY,F3BBG_N120_A0_Q002_R046,9,M2,8748bed291acb2fd2ebb11c913eb5cef385e81b658448bbbe5169e053bff90c3,0.5,6aceac9518fc8056052807e666da9d0c8bebb010,0.025,NOT_EXECUTED
559,F3B2J0012340,12340,F3B2D004114,NUMERICAL_STABILITY_EXTRA,F3BBG_N120_A0_Q002_R046:POS:PRIMARY,F3BBG_N120_A0_Q002_R046,1,M0,8f68311969b3661210bfae0ec6997c74a52e5d923a6a7e3eebba70cb2a8b033a,0.5,6aceac9518fc8056052807e666da9d0c8bebb010,0.025,NOT_EXECUTED
560,F3B2J0012341,12341,F3B2D004114,NUMERICAL_STABILITY_EXTRA,F3BBG_N120_A0_Q002_R046:POS:PRIMARY,F3BBG_N120_A0_Q002_R046,1,M1,8f68311969b3661210bfae0ec6997c74a52e5d923a6a7e3eebba70cb2a8b033a,0.5,6aceac9518fc8056052807e666da9d0c8bebb010,0.025,NOT_EXECUTED
561,F3B2J0012342,12342,F3B2D004114,NUMERICAL_STABILITY_EXTRA,F3BBG_N120_A0_Q002_R046:POS:PRIMARY,F3BBG_N120_A0_Q002_R046,1,M2,8f68311969b3661210bfae0ec6997c74a52e5d923a6a7e3eebba70cb2a8b033a,0.5,6aceac9518fc8056052807e666da9d0c8bebb010,0.025,NOT_EXECUTED
562,F3B2J0012364,12364,F3B2D004122,NUMERICAL_STABILITY_EXTRA,F3BBG_N120_A0_Q002_R046:POS:PRIMARY,F3BBG_N120_A0_Q002_R046,9,M0,8f68311969b3661210bfae0ec6997c74a52e5d923a6a7e3eebba70cb2a8b033a,0.5,6aceac9518fc8056052807e666da9d0c8bebb010,0.025,NOT_EXECUTED
563,F3B2J0012365,12365,F3B2D004122,NUMERICAL_STABILITY_EXTRA,F3BBG_N120_A0_Q002_R046:POS:PRIMARY,F3BBG_N120_A0_Q002_R046,9,M1,8f68311969b3661210bfae0ec6997c74a52e5d923a6a7e3eebba70cb2a8b033a,0.5,6aceac9518fc8056052807e666da9d0c8bebb010,0.025,NOT_EXECUTED
564,F3B2J0012366,12366,F3B2D004122,NUMERICAL_STABILITY_EXTRA,F3BBG_N120_A0_Q002_R046:POS:PRIMARY,F3BBG_N120_A0_Q002_R046,9,M2,8f68311969b3661210bfae0ec6997c74a52e5d923a6a7e3eebba70cb2a8b033a,0.5,6aceac9518fc8056052807e666da9d0c8bebb010,0.025,NOT_EXECUTED
565,F3B2J0012367,12367,F3B2D004123,NUMERICAL_STABILITY_EXTRA,F3BBG_N120_A0_Q004_R082:NULL:PRIMARY,F3BBG_N120_A0_Q004_R082,1,M0,c1ba2179847f1ef1292d5a67c1eb7b6c6f3e25fbaa983bf447b2c1d667ec7198,0.5,6aceac9518fc8056052807e666da9d0c8bebb010,0.025,NOT_EXECUTED
566,F3B2J0012368,12368,F3B2D004123,NUMERICAL_STABILITY_EXTRA,F3BBG_N120_A0_Q004_R082:NULL:PRIMARY,F3BBG_N120_A0_Q004_R082,1,M1,c1ba2179847f1ef1292d5a67c1eb7b6c6f3e25fbaa983bf447b2c1d667ec7198,0.5,6aceac9518fc8056052807e666da9d0c8bebb010,0.025,NOT_EXECUTED
567,F3B2J0012369,12369,F3B2D004123,NUMERICAL_STABILITY_EXTRA,F3BBG_N120_A0_Q004_R082:NULL:PRIMARY,F3BBG_N120_A0_Q004_R082,1,M2,c1ba2179847f1ef1292d5a67c1eb7b6c6f3e25fbaa983bf447b2c1d667ec7198,0.5,6aceac9518fc8056052807e666da9d0c8bebb010,0.025,NOT_EXECUTED
568,F3B2J0012391,12391,F3B2D004131,NUMERICAL_STABILITY_EXTRA,F3BBG_N120_A0_Q004_R082:NULL:PRIMARY,F3BBG_N120_A0_Q004_R082,9,M0,c1ba2179847f1ef1292d5a67c1eb7b6c6f3e25fbaa983bf447b2c1d667ec7198,0.5,6aceac9518fc8056052807e666da9d0c8bebb010,0.025,NOT_EXECUTED
569,F3B2J0012392,12392,F3B2D004131,NUMERICAL_STABILITY_EXTRA,F3BBG_N120_A0_Q004_R082:NULL:PRIMARY,F3BBG_N120_A0_Q004_R082,9,M1,c1ba2179847f1ef1292d5a67c1eb7b6c6f3e25fbaa983bf447b2c1d667ec7198,0.5,6aceac9518fc8056052807e666da9d0c8bebb010,0.025,NOT_EXECUTED
570,F3B2J0012393,12393,F3B2D004131,NUMERICAL_STABILITY_EXTRA,F3BBG_N120_A0_Q004_R082:NULL:PRIMARY,F3BBG_N120_A0_Q004_R082,9,M2,c1ba2179847f1ef1292d5a67c1eb7b6c6f3e25fbaa983bf447b2c1d667ec7198,0.5,6aceac9518fc8056052807e666da9d0c8bebb010,0.025,NOT_EXECUTED
571,F3B2J0012394,12394,F3B2D004132,NUMERICAL_STABILITY_EXTRA,F3BBG_N120_A0_Q004_R082:POS:PRIMARY,F3BBG_N120_A0_Q004_R082,1,M0,613d5468ab241e0e52a99b1605be5745e5b9c490ba0ba44632336696ec3a2a79,0.5,6aceac9518fc8056052807e666da9d0c8bebb010,0.025,NOT_EXECUTED
572,F3B2J0012395,12395,F3B2D004132,NUMERICAL_STABILITY_EXTRA,F3BBG_N120_A0_Q004_R082:POS:PRIMARY,F3BBG_N120_A0_Q004_R082,1,M1,613d5468ab241e0e52a99b1605be5745e5b9c490ba0ba44632336696ec3a2a79,0.5,6aceac9518fc8056052807e666da9d0c8bebb010,0.025,NOT_EXECUTED
573,F3B2J0012396,12396,F3B2D004132,NUMERICAL_STABILITY_EXTRA,F3BBG_N120_A0_Q004_R082:POS:PRIMARY,F3BBG_N120_A0_Q004_R082,1,M2,613d5468ab241e0e52a99b1605be5745e5b9c490ba0ba44632336696ec3a2a79,0.5,6aceac9518fc8056052807e666da9d0c8bebb010,0.025,NOT_EXECUTED
574,F3B2J0012418,12418,F3B2D004140,NUMERICAL_STABILITY_EXTRA,F3BBG_N120_A0_Q004_R082:POS:PRIMARY,F3BBG_N120_A0_Q004_R082,9,M0,613d5468ab241e0e52a99b1605be5745e5b9c490ba0ba44632336696ec3a2a79,0.5,6aceac9518fc8056052807e666da9d0c8bebb010,0.025,NOT_EXECUTED
575,F3B2J0012419,12419,F3B2D004140,NUMERICAL_STABILITY_EXTRA,F3BBG_N120_A0_Q004_R082:POS:PRIMARY,F3BBG_N120_A0_Q004_R082,9,M1,613d5468ab241e0e52a99b1605be5745e5b9c490ba0ba44632336696ec3a2a79,0.5,6aceac9518fc8056052807e666da9d0c8bebb010,0.025,NOT_EXECUTED
576,F3B2J0012420,12420,F3B2D004140,NUMERICAL_STABILITY_EXTRA,F3BBG_N120_A0_Q004_R082:POS:PRIMARY,F3BBG_N120_A0_Q004_R082,9,M2,613d5468ab241e0e52a99b1605be5745e5b9c490ba0ba44632336696ec3a2a79,0.5,6aceac9518fc8056052807e666da9d0c8bebb010,0.025,NOT_EXECUTED
577,F3B2J0012421,12421,F3B2D004141,NUMERICAL_STABILITY_EXTRA,F3BBG_N120_A1_Q001_R024:NULL:PRIMARY,F3BBG_N120_A1_Q001_R024,1,M0,2e5e199aa1acc37f0615863204ff51698d9eb634017fdbb97d3f402eae843e99,0.5,6aceac9518fc8056052807e666da9d0c8bebb010,0.025,NOT_EXECUTED
578,F3B2J0012422,12422,F3B2D004141,NUMERICAL_STABILITY_EXTRA,F3BBG_N120_A1_Q001_R024:NULL:PRIMARY,F3BBG_N120_A1_Q001_R024,1,M1,2e5e199aa1acc37f0615863204ff51698d9eb634017fdbb97d3f402eae843e99,0.5,6aceac9518fc8056052807e666da9d0c8bebb010,0.025,NOT_EXECUTED
579,F3B2J0012423,12423,F3B2D004141,NUMERICAL_STABILITY_EXTRA,F3BBG_N120_A1_Q001_R024:NULL:PRIMARY,F3BBG_N120_A1_Q001_R024,1,M2,2e5e199aa1acc37f0615863204ff51698d9eb634017fdbb97d3f402eae843e99,0.5,6aceac9518fc8056052807e666da9d0c8bebb010,0.025,NOT_EXECUTED
580,F3B2J0012445,12445,F3B2D004149,NUMERICAL_STABILITY_EXTRA,F3BBG_N120_A1_Q001_R024:NULL:PRIMARY,F3BBG_N120_A1_Q001_R024,9,M0,2e5e199aa1acc37f0615863204ff51698d9eb634017fdbb97d3f402eae843e99,0.5,6aceac9518fc8056052807e666da9d0c8bebb010,0.025,NOT_EXECUTED
581,F3B2J0012446,12446,F3B2D004149,NUMERICAL_STABILITY_EXTRA,F3BBG_N120_A1_Q001_R024:NULL:PRIMARY,F3BBG_N120_A1_Q001_R024,9,M1,2e5e199aa1acc37f0615863204ff51698d9eb634017fdbb97d3f402eae843e99,0.5,6aceac9518fc8056052807e666da9d0c8bebb010,0.025,NOT_EXECUTED
582,F3B2J0012447,12447,F3B2D004149,NUMERICAL_STABILITY_EXTRA,F3BBG_N120_A1_Q001_R024:NULL:PRIMARY,F3BBG_N120_A1_Q001_R024,9,M2,2e5e199aa1acc37f0615863204ff51698d9eb634017fdbb97d3f402eae843e99,0.5,6aceac9518fc8056052807e666da9d0c8bebb010,0.025,NOT_EXECUTED
583,F3B2J0012448,12448,F3B2D004150,NUMERICAL_STABILITY_EXTRA,F3BBG_N120_A1_Q001_R024:POS:PRIMARY,F3BBG_N120_A1_Q001_R024,1,M0,28126f30e7897e9bc3f6479bdeb3d3e61dba59ab48c0188bd0bf5ede1f7b527a,0.5,6aceac9518fc8056052807e666da9d0c8bebb010,0.025,NOT_EXECUTED
584,F3B2J0012449,12449,F3B2D004150,NUMERICAL_STABILITY_EXTRA,F3BBG_N120_A1_Q001_R024:POS:PRIMARY,F3BBG_N120_A1_Q001_R024,1,M1,28126f30e7897e9bc3f6479bdeb3d3e61dba59ab48c0188bd0bf5ede1f7b527a,0.5,6aceac9518fc8056052807e666da9d0c8bebb010,0.025,NOT_EXECUTED
585,F3B2J0012450,12450,F3B2D004150,NUMERICAL_STABILITY_EXTRA,F3BBG_N120_A1_Q001_R024:POS:PRIMARY,F3BBG_N120_A1_Q001_R024,1,M2,28126f30e7897e9bc3f6479bdeb3d3e61dba59ab48c0188bd0bf5ede1f7b527a,0.5,6aceac9518fc8056052807e666da9d0c8bebb010,0.025,NOT_EXECUTED
586,F3B2J0012472,12472,F3B2D004158,NUMERICAL_STABILITY_EXTRA,F3BBG_N120_A1_Q001_R024:POS:PRIMARY,F3BBG_N120_A1_Q001_R024,9,M0,28126f30e7897e9bc3f6479bdeb3d3e61dba59ab48c0188bd0bf5ede1f7b527a,0.5,6aceac9518fc8056052807e666da9d0c8bebb010,0.025,NOT_EXECUTED
587,F3B2J0012473,12473,F3B2D004158,NUMERICAL_STABILITY_EXTRA,F3BBG_N120_A1_Q001_R024:POS:PRIMARY,F3BBG_N120_A1_Q001_R024,9,M1,28126f30e7897e9bc3f6479bdeb3d3e61dba59ab48c0188bd0bf5ede1f7b527a,0.5,6aceac9518fc8056052807e666da9d0c8bebb010,0.025,NOT_EXECUTED
588,F3B2J0012474,12474,F3B2D004158,NUMERICAL_STABILITY_EXTRA,F3BBG_N120_A1_Q001_R024:POS:PRIMARY,F3BBG_N120_A1_Q001_R024,9,M2,28126f30e7897e9bc3f6479bdeb3d3e61dba59ab48c0188bd0bf5ede1f7b527a,0.5,6aceac9518fc8056052807e666da9d0c8bebb010,0.025,NOT_EXECUTED
589,F3B2J0012475,12475,F3B2D004159,NUMERICAL_STABILITY_EXTRA,F3BBG_N120_A1_Q002_R004:NULL:PRIMARY,F3BBG_N120_A1_Q002_R004,1,M0,9f36d5d67ab4ec18aad186868c74a7e51d6a286184a361bbaac47584e8f59260,0.5,6aceac9518fc8056052807e666da9d0c8bebb010,0.025,NOT_EXECUTED
590,F3B2J0012476,12476,F3B2D004159,NUMERICAL_STABILITY_EXTRA,F3BBG_N120_A1_Q002_R004:NULL:PRIMARY,F3BBG_N120_A1_Q002_R004,1,M1,9f36d5d67ab4ec18aad186868c74a7e51d6a286184a361bbaac47584e8f59260,0.5,6aceac9518fc8056052807e666da9d0c8bebb010,0.025,NOT_EXECUTED
591,F3B2J0012477,12477,F3B2D004159,NUMERICAL_STABILITY_EXTRA,F3BBG_N120_A1_Q002_R004:NULL:PRIMARY,F3BBG_N120_A1_Q002_R004,1,M2,9f36d5d67ab4ec18aad186868c74a7e51d6a286184a361bbaac47584e8f59260,0.5,6aceac9518fc8056052807e666da9d0c8bebb010,0.025,NOT_EXECUTED
592,F3B2J0012499,12499,F3B2D004167,NUMERICAL_STABILITY_EXTRA,F3BBG_N120_A1_Q002_R004:NULL:PRIMARY,F3BBG_N120_A1_Q002_R004,9,M0,9f36d5d67ab4ec18aad186868c74a7e51d6a286184a361bbaac47584e8f59260,0.5,6aceac9518fc8056052807e666da9d0c8bebb010,0.025,NOT_EXECUTED
593,F3B2J0012500,12500,F3B2D004167,NUMERICAL_STABILITY_EXTRA,F3BBG_N120_A1_Q002_R004:NULL:PRIMARY,F3BBG_N120_A1_Q002_R004,9,M1,9f36d5d67ab4ec18aad186868c74a7e51d6a286184a361bbaac47584e8f59260,0.5,6aceac9518fc8056052807e666da9d0c8bebb010,0.025,NOT_EXECUTED
594,F3B2J0012501,12501,F3B2D004167,NUMERICAL_STABILITY_EXTRA,F3BBG_N120_A1_Q002_R004:NULL:PRIMARY,F3BBG_N120_A1_Q002_R004,9,M2,9f36d5d67ab4ec18aad186868c74a7e51d6a286184a361bbaac47584e8f59260,0.5,6aceac9518fc8056052807e666da9d0c8bebb010,0.025,NOT_EXECUTED
595,F3B2J0012502,12502,F3B2D004168,NUMERICAL_STABILITY_EXTRA,F3BBG_N120_A1_Q002_R004:POS:PRIMARY,F3BBG_N120_A1_Q002_R004,1,M0,cafcedb237aa575154de3accb1e691559ae6e2b6ff4c654dce9b3d5573f89f6b,0.5,6aceac9518fc8056052807e666da9d0c8bebb010,0.025,NOT_EXECUTED
596,F3B2J0012503,12503,F3B2D004168,NUMERICAL_STABILITY_EXTRA,F3BBG_N120_A1_Q002_R004:POS:PRIMARY,F3BBG_N120_A1_Q002_R004,1,M1,cafcedb237aa575154de3accb1e691559ae6e2b6ff4c654dce9b3d5573f89f6b,0.5,6aceac9518fc8056052807e666da9d0c8bebb010,0.025,NOT_EXECUTED
597,F3B2J0012504,12504,F3B2D004168,NUMERICAL_STABILITY_EXTRA,F3BBG_N120_A1_Q002_R004:POS:PRIMARY,F3BBG_N120_A1_Q002_R004,1,M2,cafcedb237aa575154de3accb1e691559ae6e2b6ff4c654dce9b3d5573f89f6b,0.5,6aceac9518fc8056052807e666da9d0c8bebb010,0.025,NOT_EXECUTED
598,F3B2J0012526,12526,F3B2D004176,NUMERICAL_STABILITY_EXTRA,F3BBG_N120_A1_Q002_R004:POS:PRIMARY,F3BBG_N120_A1_Q002_R004,9,M0,cafcedb237aa575154de3accb1e691559ae6e2b6ff4c654dce9b3d5573f89f6b,0.5,6aceac9518fc8056052807e666da9d0c8bebb010,0.025,NOT_EXECUTED
599,F3B2J0012527,12527,F3B2D004176,NUMERICAL_STABILITY_EXTRA,F3BBG_N120_A1_Q002_R004:POS:PRIMARY,F3BBG_N120_A1_Q002_R004,9,M1,cafcedb237aa575154de3accb1e691559ae6e2b6ff4c654dce9b3d5573f89f6b,0.5,6aceac9518fc8056052807e666da9d0c8bebb010,0.025,NOT_EXECUTED
600,F3B2J0012528,12528,F3B2D004176,NUMERICAL_STABILITY_EXTRA,F3BBG_N120_A1_Q002_R004:POS:PRIMARY,F3BBG_N120_A1_Q002_R004,9,M2,cafcedb237aa575154de3accb1e691559ae6e2b6ff4c654dce9b3d5573f89f6b,0.5,6aceac9518fc8056052807e666da9d0c8bebb010,0.025,NOT_EXECUTED
601,F3B2J0012529,12529,F3B2D004177,NUMERICAL_STABILITY_EXTRA,F3BBG_N120_A1_Q004_R058:NULL:PRIMARY,F3BBG_N120_A1_Q004_R058,1,M0,e8b6fb252396e8225c81b4aabeb7e47f2f3d82d0bea81c7b9dad0222bf74deb9,0.5,6aceac9518fc8056052807e666da9d0c8bebb010,0.025,NOT_EXECUTED
602,F3B2J0012530,12530,F3B2D004177,NUMERICAL_STABILITY_EXTRA,F3BBG_N120_A1_Q004_R058:NULL:PRIMARY,F3BBG_N120_A1_Q004_R058,1,M1,e8b6fb252396e8225c81b4aabeb7e47f2f3d82d0bea81c7b9dad0222bf74deb9,0.5,6aceac9518fc8056052807e666da9d0c8bebb010,0.025,NOT_EXECUTED
603,F3B2J0012531,12531,F3B2D004177,NUMERICAL_STABILITY_EXTRA,F3BBG_N120_A1_Q004_R058:NULL:PRIMARY,F3BBG_N120_A1_Q004_R058,1,M2,e8b6fb252396e8225c81b4aabeb7e47f2f3d82d0bea81c7b9dad0222bf74deb9,0.5,6aceac9518fc8056052807e666da9d0c8bebb010,0.025,NOT_EXECUTED
604,F3B2J0012553,12553,F3B2D004185,NUMERICAL_STABILITY_EXTRA,F3BBG_N120_A1_Q004_R058:NULL:PRIMARY,F3BBG_N120_A1_Q004_R058,9,M0,e8b6fb252396e8225c81b4aabeb7e47f2f3d82d0bea81c7b9dad0222bf74deb9,0.5,6aceac9518fc8056052807e666da9d0c8bebb010,0.025,NOT_EXECUTED
605,F3B2J0012554,12554,F3B2D004185,NUMERICAL_STABILITY_EXTRA,F3BBG_N120_A1_Q004_R058:NULL:PRIMARY,F3BBG_N120_A1_Q004_R058,9,M1,e8b6fb252396e8225c81b4aabeb7e47f2f3d82d0bea81c7b9dad0222bf74deb9,0.5,6aceac9518fc8056052807e666da9d0c8bebb010,0.025,NOT_EXECUTED
606,F3B2J0012555,12555,F3B2D004185,NUMERICAL_STABILITY_EXTRA,F3BBG_N120_A1_Q004_R058:NULL:PRIMARY,F3BBG_N120_A1_Q004_R058,9,M2,e8b6fb252396e8225c81b4aabeb7e47f2f3d82d0bea81c7b9dad0222bf74deb9,0.5,6aceac9518fc8056052807e666da9d0c8bebb010,0.025,NOT_EXECUTED
607,F3B2J0012556,12556,F3B2D004186,NUMERICAL_STABILITY_EXTRA,F3BBG_N120_A1_Q004_R058:POS:PRIMARY,F3BBG_N120_A1_Q004_R058,1,M0,27f736bd51196fca8f8d721802ef53ae04c784011b076f41ef9707211748eca7,0.5,6aceac9518fc8056052807e666da9d0c8bebb010,0.025,NOT_EXECUTED
608,F3B2J0012557,12557,F3B2D004186,NUMERICAL_STABILITY_EXTRA,F3BBG_N120_A1_Q004_R058:POS:PRIMARY,F3BBG_N120_A1_Q004_R058,1,M1,27f736bd51196fca8f8d721802ef53ae04c784011b076f41ef9707211748eca7,0.5,6aceac9518fc8056052807e666da9d0c8bebb010,0.025,NOT_EXECUTED
609,F3B2J0012558,12558,F3B2D004186,NUMERICAL_STABILITY_EXTRA,F3BBG_N120_A1_Q004_R058:POS:PRIMARY,F3BBG_N120_A1_Q004_R058,1,M2,27f736bd51196fca8f8d721802ef53ae04c784011b076f41ef9707211748eca7,0.5,6aceac9518fc8056052807e666da9d0c8bebb010,0.025,NOT_EXECUTED
610,F3B2J0012580,12580,F3B2D004194,NUMERICAL_STABILITY_EXTRA,F3BBG_N120_A1_Q004_R058:POS:PRIMARY,F3BBG_N120_A1_Q004_R058,9,M0,27f736bd51196fca8f8d721802ef53ae04c784011b076f41ef9707211748eca7,0.5,6aceac9518fc8056052807e666da9d0c8bebb010,0.025,NOT_EXECUTED
611,F3B2J0012581,12581,F3B2D004194,NUMERICAL_STABILITY_EXTRA,F3BBG_N120_A1_Q004_R058:POS:PRIMARY,F3BBG_N120_A1_Q004_R058,9,M1,27f736bd51196fca8f8d721802ef53ae04c784011b076f41ef9707211748eca7,0.5,6aceac9518fc8056052807e666da9d0c8bebb010,0.025,NOT_EXECUTED
612,F3B2J0012582,12582,F3B2D004194,NUMERICAL_STABILITY_EXTRA,F3BBG_N120_A1_Q004_R058:POS:PRIMARY,F3BBG_N120_A1_Q004_R058,9,M2,27f736bd51196fca8f8d721802ef53ae04c784011b076f41ef9707211748eca7,0.5,6aceac9518fc8056052807e666da9d0c8bebb010,0.025,NOT_EXECUTED
613,F3B2J0012583,12583,F3B2D004195,NUMERICAL_STABILITY_EXTRA,F3BBG_N120_A2_Q001_R048:NULL:PRIMARY,F3BBG_N120_A2_Q001_R048,1,M0,c019453750439af4b80b9a6c78fea1a07f849452f4e92ccd37ef9ff2fe1d9d39,0.5,6aceac9518fc8056052807e666da9d0c8bebb010,0.025,NOT_EXECUTED
614,F3B2J0012584,12584,F3B2D004195,NUMERICAL_STABILITY_EXTRA,F3BBG_N120_A2_Q001_R048:NULL:PRIMARY,F3BBG_N120_A2_Q001_R048,1,M1,c019453750439af4b80b9a6c78fea1a07f849452f4e92ccd37ef9ff2fe1d9d39,0.5,6aceac9518fc8056052807e666da9d0c8bebb010,0.025,NOT_EXECUTED
615,F3B2J0012585,12585,F3B2D004195,NUMERICAL_STABILITY_EXTRA,F3BBG_N120_A2_Q001_R048:NULL:PRIMARY,F3BBG_N120_A2_Q001_R048,1,M2,c019453750439af4b80b9a6c78fea1a07f849452f4e92ccd37ef9ff2fe1d9d39,0.5,6aceac9518fc8056052807e666da9d0c8bebb010,0.025,NOT_EXECUTED
616,F3B2J0012607,12607,F3B2D004203,NUMERICAL_STABILITY_EXTRA,F3BBG_N120_A2_Q001_R048:NULL:PRIMARY,F3BBG_N120_A2_Q001_R048,9,M0,c019453750439af4b80b9a6c78fea1a07f849452f4e92ccd37ef9ff2fe1d9d39,0.5,6aceac9518fc8056052807e666da9d0c8bebb010,0.025,NOT_EXECUTED
617,F3B2J0012608,12608,F3B2D004203,NUMERICAL_STABILITY_EXTRA,F3BBG_N120_A2_Q001_R048:NULL:PRIMARY,F3BBG_N120_A2_Q001_R048,9,M1,c019453750439af4b80b9a6c78fea1a07f849452f4e92ccd37ef9ff2fe1d9d39,0.5,6aceac9518fc8056052807e666da9d0c8bebb010,0.025,NOT_EXECUTED
618,F3B2J0012609,12609,F3B2D004203,NUMERICAL_STABILITY_EXTRA,F3BBG_N120_A2_Q001_R048:NULL:PRIMARY,F3BBG_N120_A2_Q001_R048,9,M2,c019453750439af4b80b9a6c78fea1a07f849452f4e92ccd37ef9ff2fe1d9d39,0.5,6aceac9518fc8056052807e666da9d0c8bebb010,0.025,NOT_EXECUTED
619,F3B2J0012610,12610,F3B2D004204,NUMERICAL_STABILITY_EXTRA,F3BBG_N120_A2_Q001_R048:POS:PRIMARY,F3BBG_N120_A2_Q001_R048,1,M0,6cb9706cd26717c96d4fb38154bf5237f8eb88ba8b014d548cf717222450c2f4,0.5,6aceac9518fc8056052807e666da9d0c8bebb010,0.025,NOT_EXECUTED
620,F3B2J0012611,12611,F3B2D004204,NUMERICAL_STABILITY_EXTRA,F3BBG_N120_A2_Q001_R048:POS:PRIMARY,F3BBG_N120_A2_Q001_R048,1,M1,6cb9706cd26717c96d4fb38154bf5237f8eb88ba8b014d548cf717222450c2f4,0.5,6aceac9518fc8056052807e666da9d0c8bebb010,0.025,NOT_EXECUTED
621,F3B2J0012612,12612,F3B2D004204,NUMERICAL_STABILITY_EXTRA,F3BBG_N120_A2_Q001_R048:POS:PRIMARY,F3BBG_N120_A2_Q001_R048,1,M2,6cb9706cd26717c96d4fb38154bf5237f8eb88ba8b014d548cf717222450c2f4,0.5,6aceac9518fc8056052807e666da9d0c8bebb010,0.025,NOT_EXECUTED
622,F3B2J0012634,12634,F3B2D004212,NUMERICAL_STABILITY_EXTRA,F3BBG_N120_A2_Q001_R048:POS:PRIMARY,F3BBG_N120_A2_Q001_R048,9,M0,6cb9706cd26717c96d4fb38154bf5237f8eb88ba8b014d548cf717222450c2f4,0.5,6aceac9518fc8056052807e666da9d0c8bebb010,0.025,NOT_EXECUTED
623,F3B2J0012635,12635,F3B2D004212,NUMERICAL_STABILITY_EXTRA,F3BBG_N120_A2_Q001_R048:POS:PRIMARY,F3BBG_N120_A2_Q001_R048,9,M1,6cb9706cd26717c96d4fb38154bf5237f8eb88ba8b014d548cf717222450c2f4,0.5,6aceac9518fc8056052807e666da9d0c8bebb010,0.025,NOT_EXECUTED
624,F3B2J0012636,12636,F3B2D004212,NUMERICAL_STABILITY_EXTRA,F3BBG_N120_A2_Q001_R048:POS:PRIMARY,F3BBG_N120_A2_Q001_R048,9,M2,6cb9706cd26717c96d4fb38154bf5237f8eb88ba8b014d548cf717222450c2f4,0.5,6aceac9518fc8056052807e666da9d0c8bebb010,0.025,NOT_EXECUTED
625,F3B2J0012637,12637,F3B2D004213,NUMERICAL_STABILITY_EXTRA,F3BBG_N120_A2_Q002_R051:NULL:PRIMARY,F3BBG_N120_A2_Q002_R051,1,M0,690fe3e19a6f5250f6fc9555d15c297b4883485485053ad485e6a0c63f8327ce,0.5,6aceac9518fc8056052807e666da9d0c8bebb010,0.025,NOT_EXECUTED
626,F3B2J0012638,12638,F3B2D004213,NUMERICAL_STABILITY_EXTRA,F3BBG_N120_A2_Q002_R051:NULL:PRIMARY,F3BBG_N120_A2_Q002_R051,1,M1,690fe3e19a6f5250f6fc9555d15c297b4883485485053ad485e6a0c63f8327ce,0.5,6aceac9518fc8056052807e666da9d0c8bebb010,0.025,NOT_EXECUTED
627,F3B2J0012639,12639,F3B2D004213,NUMERICAL_STABILITY_EXTRA,F3BBG_N120_A2_Q002_R051:NULL:PRIMARY,F3BBG_N120_A2_Q002_R051,1,M2,690fe3e19a6f5250f6fc9555d15c297b4883485485053ad485e6a0c63f8327ce,0.5,6aceac9518fc8056052807e666da9d0c8bebb010,0.025,NOT_EXECUTED
628,F3B2J0012661,12661,F3B2D004221,NUMERICAL_STABILITY_EXTRA,F3BBG_N120_A2_Q002_R051:NULL:PRIMARY,F3BBG_N120_A2_Q002_R051,9,M0,690fe3e19a6f5250f6fc9555d15c297b4883485485053ad485e6a0c63f8327ce,0.5,6aceac9518fc8056052807e666da9d0c8bebb010,0.025,NOT_EXECUTED
629,F3B2J0012662,12662,F3B2D004221,NUMERICAL_STABILITY_EXTRA,F3BBG_N120_A2_Q002_R051:NULL:PRIMARY,F3BBG_N120_A2_Q002_R051,9,M1,690fe3e19a6f5250f6fc9555d15c297b4883485485053ad485e6a0c63f8327ce,0.5,6aceac9518fc8056052807e666da9d0c8bebb010,0.025,NOT_EXECUTED
630,F3B2J0012663,12663,F3B2D004221,NUMERICAL_STABILITY_EXTRA,F3BBG_N120_A2_Q002_R051:NULL:PRIMARY,F3BBG_N120_A2_Q002_R051,9,M2,690fe3e19a6f5250f6fc9555d15c297b4883485485053ad485e6a0c63f8327ce,0.5,6aceac9518fc8056052807e666da9d0c8bebb010,0.025,NOT_EXECUTED
631,F3B2J0012664,12664,F3B2D004222,NUMERICAL_STABILITY_EXTRA,F3BBG_N120_A2_Q002_R051:POS:PRIMARY,F3BBG_N120_A2_Q002_R051,1,M0,d877a6aef6a905ea3cf8164a499b45ac27a06cc714ce8a103aeba7e5ce16c16a,0.5,6aceac9518fc8056052807e666da9d0c8bebb010,0.025,NOT_EXECUTED
632,F3B2J0012665,12665,F3B2D004222,NUMERICAL_STABILITY_EXTRA,F3BBG_N120_A2_Q002_R051:POS:PRIMARY,F3BBG_N120_A2_Q002_R051,1,M1,d877a6aef6a905ea3cf8164a499b45ac27a06cc714ce8a103aeba7e5ce16c16a,0.5,6aceac9518fc8056052807e666da9d0c8bebb010,0.025,NOT_EXECUTED
633,F3B2J0012666,12666,F3B2D004222,NUMERICAL_STABILITY_EXTRA,F3BBG_N120_A2_Q002_R051:POS:PRIMARY,F3BBG_N120_A2_Q002_R051,1,M2,d877a6aef6a905ea3cf8164a499b45ac27a06cc714ce8a103aeba7e5ce16c16a,0.5,6aceac9518fc8056052807e666da9d0c8bebb010,0.025,NOT_EXECUTED
634,F3B2J0012688,12688,F3B2D004230,NUMERICAL_STABILITY_EXTRA,F3BBG_N120_A2_Q002_R051:POS:PRIMARY,F3BBG_N120_A2_Q002_R051,9,M0,d877a6aef6a905ea3cf8164a499b45ac27a06cc714ce8a103aeba7e5ce16c16a,0.5,6aceac9518fc8056052807e666da9d0c8bebb010,0.025,NOT_EXECUTED
635,F3B2J0012689,12689,F3B2D004230,NUMERICAL_STABILITY_EXTRA,F3BBG_N120_A2_Q002_R051:POS:PRIMARY,F3BBG_N120_A2_Q002_R051,9,M1,d877a6aef6a905ea3cf8164a499b45ac27a06cc714ce8a103aeba7e5ce16c16a,0.5,6aceac9518fc8056052807e666da9d0c8bebb010,0.025,NOT_EXECUTED
636,F3B2J0012690,12690,F3B2D004230,NUMERICAL_STABILITY_EXTRA,F3BBG_N120_A2_Q002_R051:POS:PRIMARY,F3BBG_N120_A2_Q002_R051,9,M2,d877a6aef6a905ea3cf8164a499b45ac27a06cc714ce8a103aeba7e5ce16c16a,0.5,6aceac9518fc8056052807e666da9d0c8bebb010,0.025,NOT_EXECUTED
637,F3B2J0012691,12691,F3B2D004231,NUMERICAL_STABILITY_EXTRA,F3BBG_N120_A2_Q004_R038:NULL:PRIMARY,F3BBG_N120_A2_Q004_R038,1,M0,3a6f02bf49f4f8a1939bfebd2ad047d48b44b7fc3b3ed6e2e2df2ad1f89c7155,0.5,6aceac9518fc8056052807e666da9d0c8bebb010,0.025,NOT_EXECUTED
638,F3B2J0012692,12692,F3B2D004231,NUMERICAL_STABILITY_EXTRA,F3BBG_N120_A2_Q004_R038:NULL:PRIMARY,F3BBG_N120_A2_Q004_R038,1,M1,3a6f02bf49f4f8a1939bfebd2ad047d48b44b7fc3b3ed6e2e2df2ad1f89c7155,0.5,6aceac9518fc8056052807e666da9d0c8bebb010,0.025,NOT_EXECUTED
639,F3B2J0012693,12693,F3B2D004231,NUMERICAL_STABILITY_EXTRA,F3BBG_N120_A2_Q004_R038:NULL:PRIMARY,F3BBG_N120_A2_Q004_R038,1,M2,3a6f02bf49f4f8a1939bfebd2ad047d48b44b7fc3b3ed6e2e2df2ad1f89c7155,0.5,6aceac9518fc8056052807e666da9d0c8bebb010,0.025,NOT_EXECUTED
640,F3B2J0012715,12715,F3B2D004239,NUMERICAL_STABILITY_EXTRA,F3BBG_N120_A2_Q004_R038:NULL:PRIMARY,F3BBG_N120_A2_Q004_R038,9,M0,3a6f02bf49f4f8a1939bfebd2ad047d48b44b7fc3b3ed6e2e2df2ad1f89c7155,0.5,6aceac9518fc8056052807e666da9d0c8bebb010,0.025,NOT_EXECUTED
641,F3B2J0012716,12716,F3B2D004239,NUMERICAL_STABILITY_EXTRA,F3BBG_N120_A2_Q004_R038:NULL:PRIMARY,F3BBG_N120_A2_Q004_R038,9,M1,3a6f02bf49f4f8a1939bfebd2ad047d48b44b7fc3b3ed6e2e2df2ad1f89c7155,0.5,6aceac9518fc8056052807e666da9d0c8bebb010,0.025,NOT_EXECUTED
642,F3B2J0012717,12717,F3B2D004239,NUMERICAL_STABILITY_EXTRA,F3BBG_N120_A2_Q004_R038:NULL:PRIMARY,F3BBG_N120_A2_Q004_R038,9,M2,3a6f02bf49f4f8a1939bfebd2ad047d48b44b7fc3b3ed6e2e2df2ad1f89c7155,0.5,6aceac9518fc8056052807e666da9d0c8bebb010,0.025,NOT_EXECUTED
643,F3B2J0012718,12718,F3B2D004240,NUMERICAL_STABILITY_EXTRA,F3BBG_N120_A2_Q004_R038:POS:PRIMARY,F3BBG_N120_A2_Q004_R038,1,M0,0f2c0679adb618826a0dab6c38596eaa02ebdcef11d13659d0d112acdcaa8f34,0.5,6aceac9518fc8056052807e666da9d0c8bebb010,0.025,NOT_EXECUTED
644,F3B2J0012719,12719,F3B2D004240,NUMERICAL_STABILITY_EXTRA,F3BBG_N120_A2_Q004_R038:POS:PRIMARY,F3BBG_N120_A2_Q004_R038,1,M1,0f2c0679adb618826a0dab6c38596eaa02ebdcef11d13659d0d112acdcaa8f34,0.5,6aceac9518fc8056052807e666da9d0c8bebb010,0.025,NOT_EXECUTED
645,F3B2J0012720,12720,F3B2D004240,NUMERICAL_STABILITY_EXTRA,F3BBG_N120_A2_Q004_R038:POS:PRIMARY,F3BBG_N120_A2_Q004_R038,1,M2,0f2c0679adb618826a0dab6c38596eaa02ebdcef11d13659d0d112acdcaa8f34,0.5,6aceac9518fc8056052807e666da9d0c8bebb010,0.025,NOT_EXECUTED
646,F3B2J0012742,12742,F3B2D004248,NUMERICAL_STABILITY_EXTRA,F3BBG_N120_A2_Q004_R038:POS:PRIMARY,F3BBG_N120_A2_Q004_R038,9,M0,0f2c0679adb618826a0dab6c38596eaa02ebdcef11d13659d0d112acdcaa8f34,0.5,6aceac9518fc8056052807e666da9d0c8bebb010,0.025,NOT_EXECUTED
647,F3B2J0012743,12743,F3B2D004248,NUMERICAL_STABILITY_EXTRA,F3BBG_N120_A2_Q004_R038:POS:PRIMARY,F3BBG_N120_A2_Q004_R038,9,M1,0f2c0679adb618826a0dab6c38596eaa02ebdcef11d13659d0d112acdcaa8f34,0.5,6aceac9518fc8056052807e666da9d0c8bebb010,0.025,NOT_EXECUTED
648,F3B2J0012744,12744,F3B2D004248,NUMERICAL_STABILITY_EXTRA,F3BBG_N120_A2_Q004_R038:POS:PRIMARY,F3BBG_N120_A2_Q004_R038,9,M2,0f2c0679adb618826a0dab6c38596eaa02ebdcef11d13659d0d112acdcaa8f34,0.5,6aceac9518fc8056052807e666da9d0c8bebb010,0.025,NOT_EXECUTED
