planned_decision_id,decision_class,simulation_unit_id,external_optimizer_seed,payload_logical_sha256,decision_status,valid_models,bic_m0,bic_m1,bic_m2,delta_bic_0_1,delta_bic_2_1,qpp_selected,formal_m1_period_s,period_label,result_core_m0_sha256,result_core_m1_sha256,result_core_m2_sha256
F3B2D000011,BASELINE,F3BBG_N015_A0_Q001_R013:NULL:PRIMARY,0,f72f18f31419c88f61e23f524762e509ed2616e2c1d728aeb6574ae5295c26de,VALID,3,-4.302253418122028,1.1992385032425474,-0.6158540424065224,-5.501491921364575,-1.8150925456490699,False,217.53891315210814,formal_m1_center_not_selected,406449894284122f67bf8eb52cdf0dfaa8a165961c959624c770c34e07302de9,af12c0857f082a80b680266cce032ce7c7bf67a4ca227f93233001b0c458a655,153039ecb97277ff988e59f4c30036aecee68d5caa570acc5d2da855655bf6c9
F3B2D003601,NUMERICAL_STABILITY_EXTRA,F3BBG_N015_A0_Q001_R013:NULL:PRIMARY,1,f72f18f31419c88f61e23f524762e509ed2616e2c1d728aeb6574ae5295c26de,VALID,3,-4.302253418122028,1.1992346521883626,-0.6158540424796568,-5.5014880703103906,-1.8150886946680194,False,219.975787380297,formal_m1_center_not_selected,3b9e709487c11e60cb3f22b852e1bd60efca9dea78ce18e079997e7acdaadd7b,a2ebb85ee4241191a66064eccae62abdf8d25009d254bb0e5261e1defdb6c0d6,754c96ef0652a77c15349515092e096fe0458522ee5425a40f44b2fbd5a0c34d
F3B2D003609,NUMERICAL_STABILITY_EXTRA,F3BBG_N015_A0_Q001_R013:NULL:PRIMARY,9,f72f18f31419c88f61e23f524762e509ed2616e2c1d728aeb6574ae5295c26de,VALID,3,-4.302253418121959,1.199233937227202,-0.6158540423941412,-5.501487355349161,-1.8150879796213433,False,215.8023930461088,formal_m1_center_not_selected,c89de7611a5542a8c2f1db4ab432c418da0595c63f4939904b43cdc72c034a83,a728fcd071d7e44ceab5c46d2b7f93ff9378752477e16cd0b2910669367a06bc,4b5b8bbdcd6a2321d960e8aaf461d787606e41700799bf966c9362017b370659
F3B2D000012,BASELINE,F3BBG_N015_A0_Q001_R013:POS:PRIMARY,0,e159398bfbb682f2af04f08357a0a890135006a086a80ace04315c7bab9b765e,VALID,3,-4.119189722598142,1.3671268438603086,-0.5064890543640592,-5.48631656645845,-1.8736158982243678,False,219.8851298917546,formal_m1_center_not_selected,3b0a7fb04d5fbcd151028ed0ec664bddd8a6ad082f8430e30245e1e3ec418a8c,1e72ae8e300ec108ca8931843f15ba2d8a0032c378b10c5cf436edc068f8022f,9d88f6b0fb76d40a981b8d033d9ea76b70ef6a58934ddf580ad2e7775fb69fb3
F3B2D003610,NUMERICAL_STABILITY_EXTRA,F3BBG_N015_A0_Q001_R013:POS:PRIMARY,1,e159398bfbb682f2af04f08357a0a890135006a086a80ace04315c7bab9b765e,VALID,3,-4.1191897225982,1.3703943091634407,-0.5064890545209844,-5.489584031761641,-1.876883363684425,False,237.61519345737165,formal_m1_center_not_selected,e8eb044a47d1243e7f02495134c2efcb6022b88989e8e71b96d43117bfe454cd,47a2e01c578fe9bf8484e6f50b0ba05fccf0544a86d0fe419bb72abfd4099a3c,ecaf3884428d803a97b39428b99b55ea9bea24e65a84542181ed204e6e303310
F3B2D003618,NUMERICAL_STABILITY_EXTRA,F3BBG_N015_A0_Q001_R013:POS:PRIMARY,9,e159398bfbb682f2af04f08357a0a890135006a086a80ace04315c7bab9b765e,VALID,3,-4.119189722597989,1.3671279948178263,-0.5064890545772132,-5.486317717415815,-1.8736170493950395,False,220.6823076260979,formal_m1_center_not_selected,2f72e3ac771d7ed138bef48b045240a0cbf76a89f9baa70fed27922b7f8fdc74,b54224cfecf104d66498af0baa92ccf1069c128399bedeb7256e3540d275abd2,54b074fb3385927b8918509ecc72234fccff3e276ff3d4335948c3030397b856
F3B2D000107,BASELINE,F3BBG_N015_A0_Q002_R012:NULL:PRIMARY,0,ca27cdbfe79869e5aed8cea05f1215e6bac1d195c2212c8d80dc38e2e8664e1b,VALID,3,-5.444025134481096,0.04401867093854328,-1.8868193508993398,-5.48804380541964,-1.9308380218378831,False,134.34729632560263,formal_m1_center_not_selected,fe5046c097afbb0d8922c3fdc6bd6b0c7e46e8a1a436ca544d22605559a9ea0a,6fa832fa444e5cf999d309864c52664ecee1535eb870ed1f2613d2df986f163d,d27931da3fc350748a57ec5c92e207ec9f4140166bf16aea54e2018a452fdc39
F3B2D003619,NUMERICAL_STABILITY_EXTRA,F3BBG_N015_A0_Q002_R012:NULL:PRIMARY,1,ca27cdbfe79869e5aed8cea05f1215e6bac1d195c2212c8d80dc38e2e8664e1b,VALID,3,-5.444025134481432,0.04401878293630013,-1.886820732839781,-5.488043917417732,-1.9308395157760812,False,133.78144376054559,formal_m1_center_not_selected,ab0002a2ae380dd6d830ea7b0c34a39a87f7e62d20f11d0e3ccffa068794358c,d489e75a434a43fe49c95de5734fcd73d70cbfb334a49e2e6cc4ec95e5b5cae2,c9d68733d7e93768c4aa7e01e5489d3c863c8eec5bce91ea95df102dc0676f27
F3B2D003627,NUMERICAL_STABILITY_EXTRA,F3BBG_N015_A0_Q002_R012:NULL:PRIMARY,9,ca27cdbfe79869e5aed8cea05f1215e6bac1d195c2212c8d80dc38e2e8664e1b,VALID,3,-5.44402513448196,0.04401928801631527,-1.8868207328331286,-5.488044422498275,-1.9308400208494438,False,135.53952052909023,formal_m1_center_not_selected,1a1aeeef2a0075a3cf153709991dbff7b4d6b7bce4098d9253ea7eacc6b102d0,013e006676ff496adcf24a18c9044c2b6838ded6de1d06f792c5076945786bdf,507cfa66ad57c452d5d1f686015db1133b106556c5247744d9dfa157418ddd1e
F3B2D000108,BASELINE,F3BBG_N015_A0_Q002_R012:POS:PRIMARY,0,61a3d72df0e45f8471f16d3e24ea3e7c374940b3cd9c660c615b3b196b1aefe3,VALID,3,-4.584558432779982,0.7331948134494652,-1.213909483601186,-5.317753246229447,-1.9471042970506511,False,170.2689257675878,formal_m1_center_not_selected,19b6d8eab8923aaa58211426c70e2842fb31d64d508fe0b991e54c796f820ce8,2d847da25f1cbcccd91c360d3426844d0e318255d66448c20742e08eb723404d,c4d1c4d94b8977c535d302d55c19686d0e72374264ae0fa8a8ef6329ec056e06
F3B2D003628,NUMERICAL_STABILITY_EXTRA,F3BBG_N015_A0_Q002_R012:POS:PRIMARY,1,61a3d72df0e45f8471f16d3e24ea3e7c374940b3cd9c660c615b3b196b1aefe3,VALID,3,-4.584558432779797,0.7370328710933247,-1.2215484707774609,-5.321591303873122,-1.9585813418707856,False,142.37108042666728,formal_m1_center_not_selected,65b411ad931e5d1c22f3e51b0f43e39a963dc146971f3feb83468375e65f9d6f,61dd9421f03212367ced6fc36bb3af2474d59f54cc1278970c4d1241f7841a77,d88daa304e7354334877fe4353e41d40628746c50e569a74dd18b27ab4c006f5
F3B2D003636,NUMERICAL_STABILITY_EXTRA,F3BBG_N015_A0_Q002_R012:POS:PRIMARY,9,61a3d72df0e45f8471f16d3e24ea3e7c374940b3cd9c660c615b3b196b1aefe3,VALID,3,-4.584558432779858,0.7331948134366968,-1.2215484628458038,-5.317753246216554,-1.9547432762825006,False,170.26876555439074,formal_m1_center_not_selected,b7fc670f64f74ae76aad09ef98ea7817f421b1b70aa0b8c113174daff7989df9,df801d2a1c7fb2c3435dfea1c6ee5e333cd192cdeaa9d77c0e44b8bbdd248cb1,e2e893a8fad4f713fb8633ce909eb9601cd3836a83964e12669bc36357b69f60
F3B2D000255,BASELINE,F3BBG_N015_A0_Q004_R054:NULL:PRIMARY,0,33d5eb8b8051c7f3f245875baeddf29ac0beaf7b1297ec913a1170ab803528fc,VALID,3,-4.731054601959363,0.7273333307712608,-1.1846676386891497,-5.4583879327306235,-1.9120009694604105,False,235.2156633093045,formal_m1_center_not_selected,a613ff7baa2cb4f23cd528bba3eaecc2b07b3e69f1f3e76e17e52dcb3d485edd,403c8740585712cf02c36f84b24062f2a2b08e6688463d14e78adc4e88919c2e,f338a1226d371167910853411745e316041fe54d751c80b99b48dbcc04515f2f
F3B2D003637,NUMERICAL_STABILITY_EXTRA,F3BBG_N015_A0_Q004_R054:NULL:PRIMARY,1,33d5eb8b8051c7f3f245875baeddf29ac0beaf7b1297ec913a1170ab803528fc,VALID,3,-4.731054601959492,0.7343487614555713,-1.1846676289736484,-5.465403363415064,-1.9190163904292197,False,134.41860038139166,formal_m1_center_not_selected,a3f597631c86971dcefce1b54e06303391abd8a13aab3e889372d26ed6aa9a97,fc429449325f5cce0357ae403f4988b14ad9f8e1ec33dbb3a60edcb8582e2af3,49f85585ac87ad374caaf7add54d54408bc5e7a3d1d96804f0f5bf4fee099592
F3B2D003645,NUMERICAL_STABILITY_EXTRA,F3BBG_N015_A0_Q004_R054:NULL:PRIMARY,9,33d5eb8b8051c7f3f245875baeddf29ac0beaf7b1297ec913a1170ab803528fc,VALID,3,-4.7310546019594355,0.7279017791314288,-1.1846676386799269,-5.458956381090864,-1.9125694178113557,False,236.50397069405162,formal_m1_center_not_selected,d128780ce3249f61f408a3b8c413b9090b092aca86f48ac252b800149f7175a2,1fd351333fce9521f4e3592fe287a2943ff13d05c51aae3749325f53eda01b6a,f9cb6f70cc70a815d2c58c261f0630f6f486c7629a4c6ef99a3b947e1beae2cb
F3B2D000256,BASELINE,F3BBG_N015_A0_Q004_R054:POS:PRIMARY,0,50d36135e27da9eaa81ea5ac93ca0a858abab9a357b947a771a5eed828da35c6,VALID,3,-3.1945086006475827,2.156106579746007,0.5840572193653619,-5.350615180393589,-1.5720493603806451,False,55.305234160027084,formal_m1_center_not_selected,1e0836a55512e42231cab224ccb7616cba54088eb4b17add66c2ad967dc569a8,dfb2071e9fb1b62e217e2a8f4cad80d3cd7ff59722873e1019e96c6f3291a77b,f2d7738536a09d885cac57d6873e3f457ed65edc347e364293358afe96196f97
F3B2D003646,NUMERICAL_STABILITY_EXTRA,F3BBG_N015_A0_Q004_R054:POS:PRIMARY,1,50d36135e27da9eaa81ea5ac93ca0a858abab9a357b947a771a5eed828da35c6,VALID,3,-3.1945086006521497,2.156106594839022,0.51263045408695,-5.350615195491171,-1.643476140752072,False,55.30528170048319,formal_m1_center_not_selected,c24bde0c7f27a2af0f1768cb4410ae840c541ef38f726310555f9e1cf9a7fd11,c6a99d831592a0dad9d31e8ad34a3e82eca50004bcdc8ed802e3973e5e24d219,8dd9418f3043f73289e4b7a81a10a4a1ab0e4a7ea6373dd2ecbbcee360a7f1e7
F3B2D003654,NUMERICAL_STABILITY_EXTRA,F3BBG_N015_A0_Q004_R054:POS:PRIMARY,9,50d36135e27da9eaa81ea5ac93ca0a858abab9a357b947a771a5eed828da35c6,VALID,3,-3.1945086006512278,2.1561065876267325,0.5840573751755302,-5.35061518827796,-1.5720492124512022,False,55.305384353733196,formal_m1_center_not_selected,7f48a9c51ecf09a6677ba381d3f48ccc0d3c96a278a40fd247aaf5cf7fcca7a5,1f93dadfc2793a06a079a131f3b3965e6237e76ac7f58ca09546c57a1440618f,3396b420a6555c48366059cd8b95e720233de8120b06f103c6b4fd39f8f25202
F3B2D000305,BASELINE,F3BBG_N015_A1_Q001_R004:NULL:PRIMARY,0,fea2cef8766cee456900b0cbac704185489a29b23e72aaf69b6d8bf06fdc4b69,VALID,3,-4.843816480118091,0.5605595380745747,-1.386601358743511,-5.404376018192666,-1.9471608968180858,False,152.81385013816532,formal_m1_center_not_selected,7cdaaa15915b8978d7c98b23c48e7a5176a56444a8531fc80c840241ce06faef,1cf0cbc9952c72b374658a5d7fb07638339fcdb49d32ee36496502a038456490,7b39caf45e7144b0e0bb3f95ca4a542a3d2e362d427058bd0bc4106328ef6a9a
F3B2D003655,NUMERICAL_STABILITY_EXTRA,F3BBG_N015_A1_Q001_R004:NULL:PRIMARY,1,fea2cef8766cee456900b0cbac704185489a29b23e72aaf69b6d8bf06fdc4b69,VALID,3,-4.843816480118075,0.5605595380487269,-1.3866014656131282,-5.404376018166802,-1.9471610036618552,False,152.81395639987042,formal_m1_center_not_selected,ffb3ba3938fcc06256b69641d84eb19fe75d75a305c07ac8ed6e9535330972e8,d7f3141417b3b2c2bdda4e8a83e5c88b2c0ce67a89dfb87c79ed5c9cab08f221,33698096386f53cb5b72d454947621d883e73a6224d68ff9365f4a706016eb71
F3B2D003663,NUMERICAL_STABILITY_EXTRA,F3BBG_N015_A1_Q001_R004:NULL:PRIMARY,9,fea2cef8766cee456900b0cbac704185489a29b23e72aaf69b6d8bf06fdc4b69,VALID,3,-4.84381648011607,0.5605595380646733,-1.3866014711804544,-5.404376018180743,-1.9471610092451277,False,152.81385904433543,formal_m1_center_not_selected,303e937f7da8f5897bb468883bf6fb67f1ec487b33032b727328f83829b5fe55,57a33d092781608ef8e3e140ddf2d4bc255b9aa147293e6d51fe473e9b938efc,8710da7c50df60834fcd43895498b14527d8728c5a7756865b72cbbc2dc69826
F3B2D000306,BASELINE,F3BBG_N015_A1_Q001_R004:POS:PRIMARY,0,8e3f393b578121759d5afb26822d96b4ab0ad8d9160e526563ba5023907181b0,VALID,3,-4.598090929432097,0.8756088089390417,-1.0691735753759781,-5.473699738371138,-1.9447823843150198,False,147.70296919599892,formal_m1_center_not_selected,f18bf80b5b28a01f1a2e49ab53339e175ac4e445770885143f099e777fceebb4,90e4c9880c20e8f11b289992dc3b77e137565067a03ea3f4ef7d7d1519b71b53,9afd34748876cf3ae0691f0fe898862da73be76039cadf365c77f90429b7df8f
F3B2D003664,NUMERICAL_STABILITY_EXTRA,F3BBG_N015_A1_Q001_R004:POS:PRIMARY,1,8e3f393b578121759d5afb26822d96b4ab0ad8d9160e526563ba5023907181b0,VALID,3,-4.598090929431905,0.8758815148601844,-1.069173606448925,-5.473972444292089,-1.9450551213091094,False,131.392569485996,formal_m1_center_not_selected,9e9e52368ff3d2c11c43a9afae3a4ba360ace829bcafa00bcbf23078cd07bc00,72e1d119de35683cfa4a7f7346b31aaddb82c42a4dd5940afe4010cfb248549a,525e26f8712b0bff469754a2a3d50fe5a75f7aba83075b618698d6b8bdf4f034
F3B2D003672,NUMERICAL_STABILITY_EXTRA,F3BBG_N015_A1_Q001_R004:POS:PRIMARY,9,8e3f393b578121759d5afb26822d96b4ab0ad8d9160e526563ba5023907181b0,VALID,3,-4.598090929430356,0.8756088151420958,-1.0691735288470428,-5.473699744572452,-1.9447823439891385,False,147.6871132770883,formal_m1_center_not_selected,73b8f1f65b412beea8bc953f0e380e8c2a23ba058c493058a16694d4281e4108,67d94f26995378755e89d174cd987d60544b18c378c9cd5abb173c3ce6b43d2d,8c77c9e579b6c1166118ec82832e45c0e9a8a0aec69bde8b2747781575e81f36
F3B2D000451,BASELINE,F3BBG_N015_A1_Q002_R054:NULL:PRIMARY,0,a1b260825e9d9fcb2e16851913aca0c5c5be614130f25d963a73ef6c9e74180f,VALID,3,-5.0501608314422395,0.4755333767968466,-1.420911268611941,-5.525694208239086,-1.8964446454087875,False,127.05125724945185,formal_m1_center_not_selected,c28ba431d475b38e7d45d59f4ca5bc6cc7153c783167822634ec137724f2f0ef,b514a8b5731db1127dcd07047fbbe0ae7159a95dbb822873d16cb8067e29ff21,7edf0c1aeaa5776fdca2f0ec60c3d6f8dd3fb8b75bb7d45879987fa4d5c274a4
F3B2D003673,NUMERICAL_STABILITY_EXTRA,F3BBG_N015_A1_Q002_R054:NULL:PRIMARY,1,a1b260825e9d9fcb2e16851913aca0c5c5be614130f25d963a73ef6c9e74180f,VALID,3,-5.050160831444945,0.47553355985193946,-1.4410770596810467,-5.525694391296884,-1.9166106195329862,False,127.17856575692699,formal_m1_center_not_selected,2c1c494a375ccef88543c5d4395ad43f7b64e79f57bd9b199f6d84309aa43132,6aaa1abc948b5b906bd775ec8cd135d53feae28ecbd39d66cf26febd4e02fbe0,6ea5227f18d043619a61917fc0850c2de360582e3416b204a32cbfb46f76491e
F3B2D003681,NUMERICAL_STABILITY_EXTRA,F3BBG_N015_A1_Q002_R054:NULL:PRIMARY,9,a1b260825e9d9fcb2e16851913aca0c5c5be614130f25d963a73ef6c9e74180f,VALID,3,-5.0501608314449875,0.4755341481158819,-1.4410770555812684,-5.525694979560869,-1.9166112036971503,False,127.41474546614295,formal_m1_center_not_selected,43b785bcc85bd74208cc4d9f49fe17d1cdaddb92c81313a93fffd255cf6da45b,69e5d2dd9c75704202c9323184137202e8a25435ea03cf6e5fef78e848bb1028,1e66cf7d988d13887de6aae974b534686833f10fe761906d3962d21add190b84
F3B2D000452,BASELINE,F3BBG_N015_A1_Q002_R054:POS:PRIMARY,0,d7f1fd2856a233a766389e4e3483b302430004adba3f45b836bda33c85d995ee,VALID,3,-4.706476648421427,0.6806410199755231,-1.0262287496784994,-5.38711766839695,-1.7068697696540225,False,48.11107731977501,formal_m1_center_not_selected,91ebd95afff8cf538b78b46384771ca164878397d8b586dccda5c10c41041bb3,bc55191424dc11a406c30cc7226f59c4fba953729f86caed46bdd0ad262ed9ff,85d9c1d952b0b82a82e1f788040f7b75a8aa0e10dd9f2c997380af12ffa1561e
F3B2D003682,NUMERICAL_STABILITY_EXTRA,F3BBG_N015_A1_Q002_R054:POS:PRIMARY,1,d7f1fd2856a233a766389e4e3483b302430004adba3f45b836bda33c85d995ee,VALID,3,-4.706476648417713,0.6806411291792074,-1.0361391506974718,-5.38711777759692,-1.7167802798766791,False,48.11103459305392,formal_m1_center_not_selected,8dc4453c7dce9ad7ada7121a94c3c072f5d03c0fd6c0f790aef8983aacf06f0a,58ccc82c410b661ad374edeffa14ce3616c68e870fc7e15b93942f4b3d9b7e77,2c24d57628afdcd8de16b68f1e2ab2e3bce41bd50c2f4b85fa1ae98ba32a97c9
F3B2D003690,NUMERICAL_STABILITY_EXTRA,F3BBG_N015_A1_Q002_R054:POS:PRIMARY,9,d7f1fd2856a233a766389e4e3483b302430004adba3f45b836bda33c85d995ee,VALID,3,-4.7064766484182865,0.6806410237527292,-1.0361392286499838,-5.387117672171016,-1.716780252402713,False,48.11123187762456,formal_m1_center_not_selected,fd76ce70a2ecf3aa19dcfd9c19970c30ca239634ce2b5c8ce57a0bd4fb7d980c,10ad3f5a17d423be64c05a531111f4fa551fee8b65d1a122c0d51e343f226e16,32ffdc9c647adf2bd0e5f0cd0f48af02fcf9c418288391132d01ef7bf0284a62
F3B2D000535,BASELINE,F3BBG_N015_A1_Q004_R035:NULL:PRIMARY,0,8269842f9d23399231e43635fc7d6679446a2dc37640177a37746bce84c49c45,VALID,3,-4.996677229360115,0.49680990063119523,-1.426054658744655,-5.49348712999131,-1.9228645593758502,False,146.4101025205456,formal_m1_center_not_selected,240ba57363aecb782f6331d5357297b34546a1f050ec7cd4abe936229c8f1a1e,152f7406db2668ed65f891748d9b2ef963d05f2bf95e84689eddcf05212f66a0,d8eac2409c092e97720c2a5d8205fa859098c63b0e12113c70d83b030ba00b25
F3B2D003691,NUMERICAL_STABILITY_EXTRA,F3BBG_N015_A1_Q004_R035:NULL:PRIMARY,1,8269842f9d23399231e43635fc7d6679446a2dc37640177a37746bce84c49c45,VALID,3,-4.99667722936028,0.4968099941803459,-1.4776347411997053,-5.493487223540626,-1.9744447353800512,False,146.4213348804507,formal_m1_center_not_selected,32417b04802c2b36ae06b6dcd6ac0536192fd3cec368417463a387162a5b8c2f,ea01b2ff7f5d464f8cded8af488cf7f7ff06f800aed1074e9e36df6310184234,297e9e609226eb34ff00bea1a4633f89b2158d7bcd1daf0d57355f65b6ba51c6
F3B2D003699,NUMERICAL_STABILITY_EXTRA,F3BBG_N015_A1_Q004_R035:NULL:PRIMARY,9,8269842f9d23399231e43635fc7d6679446a2dc37640177a37746bce84c49c45,VALID,3,-4.996677229360474,0.4968099006946822,-1.4776347415620128,-5.493487130055156,-1.974444642256695,False,146.4105542499669,formal_m1_center_not_selected,eeed8209aed2a2075e64da2b25e2cba3ee603acd0a85704b5974b307c8bec5bf,a3e8b10e313f7a39cd298973c69207ae9fe2717b7b93cd21892563cd81f3b914,3ec72ef9143f59738a8739fda468e9cb3a29dae826c172ab2673b99c9d66b01a
F3B2D000536,BASELINE,F3BBG_N015_A1_Q004_R035:POS:PRIMARY,0,456de89fe23e3af501bde644d01cc1654733e345b4e0e70f6d7feb6d226f52b9,VALID,3,-5.492252950288535,0.19267816920141634,-1.7436497395375818,-5.684931119489951,-1.9363279087389982,False,164.6303282763225,formal_m1_center_not_selected,a9a3f81f0d5d633d18b65c74b1c8f2a40908096ccf6332c2d825ed6944a79229,151dd11c8c298070a0ccbaccdce8371cb8fdec2c5adf690abc77133481ce6d7c,c563f2271d0c5f08f01b60683e9d2e33ff2a4dd52753d557b57d0b0dde8d7a0d
F3B2D003700,NUMERICAL_STABILITY_EXTRA,F3BBG_N015_A1_Q004_R035:POS:PRIMARY,1,456de89fe23e3af501bde644d01cc1654733e345b4e0e70f6d7feb6d226f52b9,VALID,3,-5.49225293878877,0.19267817047907876,-1.743649941399089,-5.684931109267849,-1.9363281118781677,False,164.62722490756516,formal_m1_center_not_selected,fb606347b1fae488733fa4dc11b9f83f06b1961765b08eccce3248c29fbe417e,34b7a5a2e726991f08bae763d05e203d70a72604848db6b328041e91bd79d2af,2aa151b317fc7354c52167346cae25f6fe65155cb1d96f70a4f2283a04b20471
F3B2D003708,NUMERICAL_STABILITY_EXTRA,F3BBG_N015_A1_Q004_R035:POS:PRIMARY,9,456de89fe23e3af501bde644d01cc1654733e345b4e0e70f6d7feb6d226f52b9,VALID,3,-5.492252951110222,0.19267817680273325,-1.7436499413864945,-5.6849311279129555,-1.9363281181892278,False,164.6329347543829,formal_m1_center_not_selected,d418130c7347cd5f33575cfb018155097068c6e93e65083b8751faca2c2eb64a,b14afae48438f6484923b9405fbbca15e6ffdf993c7c01d5e95ee7fb73a3da9b,18da21967849b0e6566d924cb194bf714bae9fbc05e87b8380bcb28e7aa75b00
F3B2D000631,BASELINE,F3BBG_N015_A2_Q001_R031:NULL:PRIMARY,0,af81c156e1a201d76a32c26bac82d320130c403a69a9712a6dccbd59f80a6b3f,VALID,3,-6.050666147310265,-0.48272492971698533,-2.4050078102995593,-5.56794121759328,-1.922282880582574,False,168.05768293064148,formal_m1_center_not_selected,d4465d7dd5033ad33f41a01745e464f31dcfdcaec4bdf20520dea9c1c0d5fd23,63c28b272fe71fbe67a21b880d64421c9a1cf78cbcaaf34539645762f49a764a,ce3f1d5b6a62393ffc7b3b61c6eb9d76cb1c4997569ae1d24b2d34264ba853fc
F3B2D003709,NUMERICAL_STABILITY_EXTRA,F3BBG_N015_A2_Q001_R031:NULL:PRIMARY,1,af81c156e1a201d76a32c26bac82d320130c403a69a9712a6dccbd59f80a6b3f,VALID,3,-6.050666147310142,-0.4827240617009725,-2.4050088011205615,-5.56794208560917,-1.922284739419589,False,139.01535478249858,formal_m1_center_not_selected,59e79b7e6e18dc95d50003a283a00c65daaa3e8969b4d5890d3c5e0b9ed4d63c,f3d7b3108705d6660ee9b593661a7ad23cebef7cf197f79af62ef649eab179dc,7b594880a3521a3781b47fdbf83744a08c4b64308f90a93561db24b65b0e9ebc
F3B2D003717,NUMERICAL_STABILITY_EXTRA,F3BBG_N015_A2_Q001_R031:NULL:PRIMARY,9,af81c156e1a201d76a32c26bac82d320130c403a69a9712a6dccbd59f80a6b3f,VALID,3,-6.050666147310119,-0.4827240513414548,-2.405008801304864,-5.5679420959686645,-1.922284749963409,False,133.86113479721496,formal_m1_center_not_selected,2bf6d0c9842210085c8f3e7c00a6df3ac805174008f067f22c32fb169fad125e,e2e210e1a09e5f838a53ed6c1061506fc4107bbff2d32b5fe858601e50aee6cc,a970ea92977b8a9c6ee3b3835d174b37a223b4ba16ba1ba98759368c837f08c6
F3B2D000632,BASELINE,F3BBG_N015_A2_Q001_R031:POS:PRIMARY,0,97d2a469ffbe2d9e84cfa4b632e00688b91cc2d531eeb5f73c6ae6a7cf5798f4,VALID,3,-5.913758856363186,-0.4007851017100563,-2.353948614562472,-5.51297375465313,-1.9531635128524156,False,186.08332781645586,formal_m1_center_not_selected,27bcc992d672e33ceace4e384c51b92a01e67d7aca97cfc072b05fe3bf4fab30,903e2fdf1b3293aa0adbe870d70e0173199b36a048a85aca9bc5c55617403288,52be74a4e1a42bece2587b8db811a1d62940f3281697f79035a9f8d1d40e6618
F3B2D003718,NUMERICAL_STABILITY_EXTRA,F3BBG_N015_A2_Q001_R031:POS:PRIMARY,1,97d2a469ffbe2d9e84cfa4b632e00688b91cc2d531eeb5f73c6ae6a7cf5798f4,VALID,3,-5.913758856362616,-0.40051363168673326,-2.353948614572812,-5.513245224675883,-1.9534349828860789,False,169.93465327052877,formal_m1_center_not_selected,953e0b97c4dba442a926ead66dda8cdb778da5f169a164dd51519b726bfd4a7b,b1dbd38564f09750178599ae2c46d5e455647448d755b0dc121e69cbd50d0964,202b3d7b7e424dbdb1a0a028747bedf107940d23b06b4d317184a64a2bec212f
F3B2D003726,NUMERICAL_STABILITY_EXTRA,F3BBG_N015_A2_Q001_R031:POS:PRIMARY,9,97d2a469ffbe2d9e84cfa4b632e00688b91cc2d531eeb5f73c6ae6a7cf5798f4,VALID,3,-5.913758856362277,-0.3998005196783492,-2.3539486146313378,-5.5139583366839275,-1.9541480949529886,False,134.2401509767819,formal_m1_center_not_selected,714cc81c14850244c91ed8c8bfdbce45af310a68a5a8219d5236006cacd849db,37635777bb0f939c2838aa1c4209f56552f008aa2b15aee4a723a7052ce73818,e7e3dd7337f613e214732e8fa0c79959c63cca98c6bc2cbc8674a1c3b6493997
F3B2D000751,BASELINE,F3BBG_N015_A2_Q002_R044:NULL:PRIMARY,0,94ea298fe5fa6ce7f0efd07eb3802eab2a020edd348befc9333fde87d13d9165,VALID,3,-4.964146898953679,0.5936476616202242,-1.344114461318786,-5.557794560573903,-1.9377621229390103,False,169.308307813066,formal_m1_center_not_selected,89cb9f452b7bfcec60c682c383052935381acfd831e2af58663b610dde4572cb,7d1cab4b47881b570aa1d08e93f40e49f9455bc6ae7b9b6b28c7ed4da582b5ac,854271400430a60de137c70e4eaf22dc2528b4e3ea7eeae5ddefde98898012d9
F3B2D003727,NUMERICAL_STABILITY_EXTRA,F3BBG_N015_A2_Q002_R044:NULL:PRIMARY,1,94ea298fe5fa6ce7f0efd07eb3802eab2a020edd348befc9333fde87d13d9165,VALID,3,-4.964146898953652,0.5936476634630914,-1.3441144612335565,-5.557794562416744,-1.9377621246966479,False,169.32189387204622,formal_m1_center_not_selected,26dda1fad320136020f7bcc5180528bdd3190613cab8b4216a6d8bb95b5c0ebf,ecfcf95308dc60f9577d68926d490216d8269a4399dfed8366344ff32d10a734,bacabb406261e3f62e8ac0343a4119ebdf2567b5d3827d95eaffea942ae7ad97
F3B2D003735,NUMERICAL_STABILITY_EXTRA,F3BBG_N015_A2_Q002_R044:NULL:PRIMARY,9,94ea298fe5fa6ce7f0efd07eb3802eab2a020edd348befc9333fde87d13d9165,VALID,3,-4.964146898953789,0.5936940059764275,-1.3441144612492275,-5.557840904930217,-1.937808467225655,False,144.01682550750377,formal_m1_center_not_selected,afc35d7c6c128dfb6103e54c5c1fbec4531f94ada12502d75d54d4045324fd6d,69ba3db23a30d0e69d45b71269cf98ecac6259cc33662424a5872ff036357a28,716831ceb4476a34ab3b5e67bdbbaf4009fc6abccbbf9fa2579a6749b864e115
F3B2D000752,BASELINE,F3BBG_N015_A2_Q002_R044:POS:PRIMARY,0,392404df83fb1f96aa381b06b67b6b5ffc9d230ad9f85945d14477061b0e36ca,VALID,3,-4.244603251753425,1.3525191024104224,-0.51169342680996,-5.597122354163847,-1.8642125292203824,False,216.68953842511885,formal_m1_center_not_selected,3cc0a771552150cbea86d3f308ec82ce4ba397891314737dea82007deeb8b863,75d504fc9d1efdd11d1e0893119a51965f213df85a51595332c89516c83742d8,8d405519234d0ca2b9e1f1622b27813707179261f55353284ae65f430e919a4f
F3B2D003736,NUMERICAL_STABILITY_EXTRA,F3BBG_N015_A2_Q002_R044:POS:PRIMARY,1,392404df83fb1f96aa381b06b67b6b5ffc9d230ad9f85945d14477061b0e36ca,VALID,3,-4.244603251752576,1.352532094563216,-0.5116942714736608,-5.597135346315792,-1.8642263660368767,False,221.69097979314296,formal_m1_center_not_selected,09b5dacf56b35260df69a1372c7f59e110aef3080d10d556a72b228a5989af55,910e0685f4e0ed5f4c081bfbbc429ff26fb8437ff99f3fe2e0107005bb896007,4dd64e807e3ac6f8502c2a8befb45cfd3619492fa8537e27ff303a0986443ca6
F3B2D003744,NUMERICAL_STABILITY_EXTRA,F3BBG_N015_A2_Q002_R044:POS:PRIMARY,9,392404df83fb1f96aa381b06b67b6b5ffc9d230ad9f85945d14477061b0e36ca,VALID,3,-4.244603251753244,1.3525182875002635,-0.5116942717530337,-5.597121539253507,-1.8642125592532972,False,219.07358381531003,formal_m1_center_not_selected,ebb94045a54ce57a010cad89253471515d09fe9781dadb88c13c85c0968421f2,a98594faab98785153714127a65c5cb20e4eedaac030c8609531d0c0f643d4c7,41bdfe80c64c4139dba1f42acf3f3c0a5a901f943e02847dfa73502ec5db35a1
F3B2D000881,BASELINE,F3BBG_N015_A2_Q004_R076:NULL:PRIMARY,0,26b1052ebe1c535a89528335eee5647618f6ee5d9a2817a6ffcb39882973883c,VALID,3,-5.813040558261131,-0.24743730614619786,-2.1710049937387703,-5.565603252114933,-1.9235676875925725,False,151.55810233093058,formal_m1_center_not_selected,c72ae845351c542b2542a62216bc8d81d75603c0dd81386c0e4fa2d27bb5cc44,b48fc8ba0da44990fbff6c3ebe6da23ae0821a10db14d2efd72f659e19d2b016,e5c20accd70db67da7aa2980a07d8b57d07cb8fe735b46ffad3c85241fbbffdb
F3B2D003745,NUMERICAL_STABILITY_EXTRA,F3BBG_N015_A2_Q004_R076:NULL:PRIMARY,1,26b1052ebe1c535a89528335eee5647618f6ee5d9a2817a6ffcb39882973883c,VALID,3,-5.813040558260557,-0.24743730601902492,-2.171004993765199,-5.565603252241532,-1.923567687746174,False,184.00941032862477,formal_m1_center_not_selected,0c03cdc9be7b4ea3357f52a166d319833f35c0322df8d67055c78f7cca34fd56,2d3961532244d3790a50feb44c505d0142c134dd9a6d323d16403fe8f679c393,2197885a7edd29bdc8cb8cfa0348ac8110963f9c6e0dd39cbdfa09b1c9920aeb
F3B2D003753,NUMERICAL_STABILITY_EXTRA,F3BBG_N015_A2_Q004_R076:NULL:PRIMARY,9,26b1052ebe1c535a89528335eee5647618f6ee5d9a2817a6ffcb39882973883c,VALID,3,-5.813040558260919,-0.24743727324163167,-2.1710049936910005,-5.565603285019288,-1.9235677204493689,False,163.5817479170191,formal_m1_center_not_selected,a18220473797de74046b9ef87061d912012783109466239ee17e9ae9d0056d9c,3790356128e5158eba44fcad160b7f732fe5030eadc18c7700eb9409634d45b9,47fe22ea75bf5a2c123e9be43231a0103a02bbb0452102b929cc34c69cd92eb3
F3B2D000882,BASELINE,F3BBG_N015_A2_Q004_R076:POS:PRIMARY,0,7e7adebc05b6b328b249f5a118f47c2be4473e0b0e6ad43f7116a54de0216d5e,VALID,3,-3.995788307100826,0.9606333154688134,-0.6470916125270518,-4.956421622569639,-1.6077249279958652,False,44.30629381857654,formal_m1_center_not_selected,0c951e0fd5b85fc53ab96ef5e35e9eb13160d9465085e22960a5f6d7a06921e1,50c467908e9eabc139e23c1207f3c0c82b4e69af20afe225c8997f2391157bcf,e9eae8a964ab3098005f726f483a3d806f93a45a90df646c5bb8524f808e4f28
F3B2D003754,NUMERICAL_STABILITY_EXTRA,F3BBG_N015_A2_Q004_R076:POS:PRIMARY,1,7e7adebc05b6b328b249f5a118f47c2be4473e0b0e6ad43f7116a54de0216d5e,VALID,3,-3.995788307100112,0.9606330325382899,-0.6618776514398776,-4.956421339638402,-1.6225106839781676,False,44.304480890260656,formal_m1_center_not_selected,9ab4ad69a20f068b65b28bc7e6f0b7973e8756c63cd39aa21f43777e20d87b83,c950c7d0184b384ec75cfb0bf158c4afc704cc0f2e214b1dfda14a6d46e8dc3e,097c39809289ba6b01d12cedeb46e10e9b7dfbb88c4bacc071b7a25386487d1e
F3B2D003762,NUMERICAL_STABILITY_EXTRA,F3BBG_N015_A2_Q004_R076:POS:PRIMARY,9,7e7adebc05b6b328b249f5a118f47c2be4473e0b0e6ad43f7116a54de0216d5e,VALID,3,-3.9957883070941524,0.9606330310117261,-0.6618776420532386,-4.956421338105878,-1.6225106730649648,False,43.74398557114807,formal_m1_center_not_selected,96b0613a20f8feaca1203bf2b1797092a90d8e3d48596bf0ef5504e97c1d7a7b,df8f6e78111ff568d37055dab29b26b77d0665b0b4a5616b010c6990d88f9434,daa8659465cf7e0d6075379c51a12292b8fee0dfc8315c4b415216df54498c84
F3B2D000903,BASELINE,F3BBG_N030_A0_Q001_R005:NULL:PRIMARY,0,37d3ddb051113e06426b3d4b0bc228dccd821430eff0624f0dbc290196884ac0,VALID,3,-54.90166240475679,-47.60305838850443,-49.865461265825516,-7.298604016252362,-2.2624028773210867,False,44.74543585585768,formal_m1_center_not_selected,383183a7e85e1512deacc7457f0f87a8fd2c456619df9853d10313d254c1f08d,46a82bf4cfda0254bc70003f6bde473d937ffab737ae253a6e6fcbb4786fc8c4,289a2dd4f23ef322bc2cdc47eae92b97c9abdc7b1c5da2afcf8ba25f186663fc
F3B2D003763,NUMERICAL_STABILITY_EXTRA,F3BBG_N030_A0_Q001_R005:NULL:PRIMARY,1,37d3ddb051113e06426b3d4b0bc228dccd821430eff0624f0dbc290196884ac0,VALID,3,-54.901662404756415,-47.603058295429555,-49.86546123825407,-7.29860410932686,-2.262402942824515,False,44.744955612103,formal_m1_center_not_selected,4ffed2423d5d37d99178e8a196fada4f8897a70d4c3bac7a7bda86f32c59765e,02aac3b534e4d2f2e95a7d7cbc0061f9d4e8b5729c33a9df450b2636a88b4e2f,74de7ee01cc5dee7deb602176f517acf0fb4e8a898b9e5ac2c19b582a1695bc5
F3B2D003771,NUMERICAL_STABILITY_EXTRA,F3BBG_N030_A0_Q001_R005:NULL:PRIMARY,9,37d3ddb051113e06426b3d4b0bc228dccd821430eff0624f0dbc290196884ac0,VALID,3,-54.90166240475683,-47.60305819959489,-49.968372737051396,-7.298604205161936,-2.3653145374565057,False,44.74432952671751,formal_m1_center_not_selected,bd4746b1e557e1449e83c9a0bb15020bfebef38e05053161bc017ca72824faec,4448549d0c5d17103367a917c8b072b8262794fdd91e8e84b89f37fb4ec1cb14,dae462ebb753fe9bc36beafbc15796c20f75856fba34f1badca9e54a3ef560b6
F3B2D000904,BASELINE,F3BBG_N030_A0_Q001_R005:POS:PRIMARY,0,db16622e2f91bef8615566a905b3a455352003818fb63bb93a0995620e503636,VALID,3,-53.78040921822056,-46.5199659521952,-48.766486482167906,-7.260443266025362,-2.246520529972706,False,45.86261428989541,formal_m1_center_not_selected,32440d0ae39bb910c7ef0177964f035407baec5a87cdb463a6d92cc8320c6b0c,2f341b4e89bb860ce903771514e443cd42ea790f44151ea7438854797afc8365,b1ec134551c0c0bf5080c7ac8a8f0950bd3500e1d139f05f22e8b312f6c4c67e
F3B2D003772,NUMERICAL_STABILITY_EXTRA,F3BBG_N030_A0_Q001_R005:POS:PRIMARY,1,db16622e2f91bef8615566a905b3a455352003818fb63bb93a0995620e503636,VALID,3,-53.780409218220534,-46.519965712076754,-48.766486567135786,-7.26044350614378,-2.246520855059032,False,45.86379083330123,formal_m1_center_not_selected,013961e3f4831ed902ef2ce7f7d1f44a212f809579ef37adacdc9dc0f1982e65,e952ecccd6d40b71c20c6f5b0330c1e054bc074ef6be89a1b90790f8aa803da3,8e0729cc45070a723e545f7f0ee6b7b845052eaac4b5bc37ae7f879d074fe045
F3B2D003780,NUMERICAL_STABILITY_EXTRA,F3BBG_N030_A0_Q001_R005:POS:PRIMARY,9,db16622e2f91bef8615566a905b3a455352003818fb63bb93a0995620e503636,VALID,3,-53.780409218219894,-46.519965973344924,-48.76648656727883,-7.2604432448749705,-2.2465205939339086,False,45.86276345690839,formal_m1_center_not_selected,8d23ab558f113eaf796c69ad18e7bc910b8f4df1585a4dca9cddef2add4f36e8,d2f45c4b0ba2fd39c87376393058c95fb8141dfcdd4a67cdb9461d6a094abc40,e1a30832e0ff92e7ebc8358339ac0c7fd76d393b23ca3f33ad3d5ff6f0a058e7
F3B2D001005,BASELINE,F3BBG_N030_A0_Q002_R003:NULL:PRIMARY,0,d04e5a11461ab6c3a94f6a4492178343f3760805ad79fc707e50d6ca6e97bc4c,VALID,3,-57.84239680622441,-50.96114882855801,-52.710404971288895,-6.881247977666398,-1.7492561427308857,False,56.598068784967175,formal_m1_center_not_selected,8f1484d5e6152450265b387340a5b2c1488a5005dfe7dfe0763b3aef1f8d35d5,7bc8acdccb389c7fa8f90d755174534137d0f8964a1adee806dd38e33722ffc6,ef88cbccd633ec52dc790cce806becbaef7c42299f33e6f1682ea437682e1bba
F3B2D003781,NUMERICAL_STABILITY_EXTRA,F3BBG_N030_A0_Q002_R003:NULL:PRIMARY,1,d04e5a11461ab6c3a94f6a4492178343f3760805ad79fc707e50d6ca6e97bc4c,VALID,3,-57.84239680622739,-50.9611488282292,-52.95320138487669,-6.881247977998193,-1.9920525566474936,False,56.59811881865542,formal_m1_center_not_selected,d225f4142177ec356dc80dd8a9570b8b95ac9e306cd76f8f7f43c64a697289fd,b409660ff278e84332e93833e0c14d49e4dfbd3e8fa7d0e32b0b00677e9952f5,bf8add7a9bc044f116974cf45b6fb2c0914ef5ff829e59da06206b55fd8fe49c
F3B2D003789,NUMERICAL_STABILITY_EXTRA,F3BBG_N030_A0_Q002_R003:NULL:PRIMARY,9,d04e5a11461ab6c3a94f6a4492178343f3760805ad79fc707e50d6ca6e97bc4c,VALID,3,-57.84239680622378,-50.96114882855858,-52.953202200321925,-6.881247977665204,-1.9920533717633475,False,56.59808470570486,formal_m1_center_not_selected,d3daaa6f120489319c6c1c9c379531a6ea485febfcbdae2e958c0a40be17a8af,fab89a9e673afa92b6d9ad1cd6d5d6ca5a531e52635233624b80ccdd423da5b1,145b4b50dba732026d539b2853f4bafbf9dde58068c3597e5c30ea00aac66641
F3B2D001006,BASELINE,F3BBG_N030_A0_Q002_R003:POS:PRIMARY,0,079a702be1a84e0303021a0f019a2c8e7b1e6788db6bec116c17be0389934cb0,VALID,3,-58.973880857140394,-52.184901072961594,-53.8557734534818,-6.7889797841787995,-1.6708723805202084,False,56.646362415644525,formal_m1_center_not_selected,ad72d22dd6d458c3684e3f112e4d2a77595ac32f0c50ae73c9ff8d6b2541782b,d5d3b97dfcc4a628784fb3734e0421775c34b0fdfb8f26c5eae3954e21c679be,88e598f08b2391e9dbcc6a0897a9cb2e9dd140787d1e0f805b06b59ad9954b39
F3B2D003790,NUMERICAL_STABILITY_EXTRA,F3BBG_N030_A0_Q002_R003:POS:PRIMARY,1,079a702be1a84e0303021a0f019a2c8e7b1e6788db6bec116c17be0389934cb0,VALID,3,-58.973880857141204,-52.18490107297474,-54.11555793365147,-6.7889797841664645,-1.9306568606767343,False,56.64637497071437,formal_m1_center_not_selected,4a1f84e49f950cd2085609888332433d3d2b20273e6e9687563a0ceee0707e1f,c58d87ba14af102cd871882218bbdcb0f5897f98cfe472fa7ff5e95c66ea09b2,a91f711d747d52cc953bda87e10a1b9047e9fafa32f69b5379538263d7ab829a
F3B2D003798,NUMERICAL_STABILITY_EXTRA,F3BBG_N030_A0_Q002_R003:POS:PRIMARY,9,079a702be1a84e0303021a0f019a2c8e7b1e6788db6bec116c17be0389934cb0,VALID,3,-58.97388085714467,-52.184901072863,-54.11554846892027,-6.788979784281672,-1.9306473960572674,False,56.64636515885794,formal_m1_center_not_selected,909ea81d4aee7a20c5341886949998ded79acbc99708103bfbf31d6ad234e5f0,ea9601ff7d0c85bd53eb60f83134c34d60fa4f8086440fa96e05688d750b24d3,c20c20bdb5889ce4b7be50a7b96d0970ca8c6e231917a348c9734214c5adc255
F3B2D001143,BASELINE,F3BBG_N030_A0_Q004_R035:NULL:PRIMARY,0,bc6c819b13b9329485b0aed71f62300c8f2d5f3a85279be95aa9cb0952d0f822,VALID,3,-56.411709151030756,-48.73979535640882,-51.36730487565914,-7.671913794621936,-2.6275095192503173,False,299.99999999999994,formal_m1_center_not_selected,ff3fb0dc26cf177bbcff47cd02d43976cf36465365e0b179cf2c550a6577a6f2,32c439b832097f845a1b02b5e99f72008b5a80af0c366305704b87884f77a9d8,6820b5d696e7863983ecfb84f672152c6b43afbbd383e97f309eddc7c903cfdc
F3B2D003799,NUMERICAL_STABILITY_EXTRA,F3BBG_N030_A0_Q004_R035:NULL:PRIMARY,1,bc6c819b13b9329485b0aed71f62300c8f2d5f3a85279be95aa9cb0952d0f822,VALID,3,-56.4117091510316,-48.73979535893137,-51.36730487848979,-7.671913792100234,-2.627509519558423,False,299.99999999999994,formal_m1_center_not_selected,476be88bd238961a755f4b3b4f7e1a6eb837c4cd0b34b6a14b154377d5159d1c,8b8d63593364cf2e8c8e551d3c865e5c9c60f0ad158f593a8d960295618b7131,853b3dfa2f771d245843b0ce83a1d8a4f950a0777494e039305fa8637d450cdf
F3B2D003807,NUMERICAL_STABILITY_EXTRA,F3BBG_N030_A0_Q004_R035:NULL:PRIMARY,9,bc6c819b13b9329485b0aed71f62300c8f2d5f3a85279be95aa9cb0952d0f822,VALID,3,-56.41170915103131,-48.62644651571941,-51.367304878706605,-7.785262635311902,-2.740858362987197,False,49.510666091314896,formal_m1_center_not_selected,799f12502969dca9322f106c9a53b54577de707f09be3cc92b73e898b7fd383b,49f87f62c4456134f48adba32ecb6cbcb031575e3dc30499c9fbb01ec7ba0523,56be4e3471fba8d0223561799529d2621699ba23d125c75dc73014342b838e87
F3B2D001144,BASELINE,F3BBG_N030_A0_Q004_R035:POS:PRIMARY,0,aed9128932457d869d2b62ae9c86e85c77e24e7808ea6937845563a5c23bb2bf,VALID,3,-52.725900229214915,-45.5057232004323,-47.5595667951492,-7.220177028782615,-2.053843594716902,False,86.06459036766371,formal_m1_center_not_selected,3b188e27e39e3445e418900f780b2fa99e0d7a60453f69176cbc7444d5c36bb5,5be0e332b83229eb551be41883f10bb27ebf78ab79f4a6cbd417f96bbd8ec587,29650fdda887130cba7273809d140a22cdce5caa2159ce5fcafa025b05e2fd93
F3B2D003808,NUMERICAL_STABILITY_EXTRA,F3BBG_N030_A0_Q004_R035:POS:PRIMARY,1,aed9128932457d869d2b62ae9c86e85c77e24e7808ea6937845563a5c23bb2bf,VALID,3,-52.72590022922248,-45.505723197157934,-47.5595666803826,-7.220177032064548,-2.053843483224668,False,86.064757799792,formal_m1_center_not_selected,e12ab6b197206d5172665309c5f759ad37216ebc5b05e2a37c9f48505338f095,9592fb55f4d44beef6b17cd774826e7d52c84dbcfe8ae82ced23412e31608f1a,82fdaac5f3d2e44417a8748006f441fcfdcf55c55f2848fee902d958b257fd30
F3B2D003816,NUMERICAL_STABILITY_EXTRA,F3BBG_N030_A0_Q004_R035:POS:PRIMARY,9,aed9128932457d869d2b62ae9c86e85c77e24e7808ea6937845563a5c23bb2bf,VALID,3,-52.725900229222304,-45.505723204481484,-47.55956291749216,-7.220177024740821,-2.0538397130106745,False,86.06428558920221,formal_m1_center_not_selected,f610d5dffab215fb9a5850d1817469ed14e1325b16248dc6252300a78e56891c,711193596d6d54127f5f7f8f0c12aeec67326a4088221123c6bbe6a5e460e503,2d5665c201c85cb8991cf076bd0b1ec4cdcaa47db84edef930a6cc7dc5605f1f
F3B2D001299,BASELINE,F3BBG_N030_A1_Q001_R095:NULL:PRIMARY,0,e5d1824adf5338cdbdec4f3b055ba40755b23ae286032423ea41974ccddc34ed,VALID,3,-60.26111319848669,-52.67608819302795,-55.138057747044186,-7.585025005458739,-2.4619695540162354,False,254.5664086705875,formal_m1_center_not_selected,7d70d6a94dc491395223ede8dcfba5f487221bb01b419e8c50c82afbe900fbcd,66b390f31959e4dfc0c5b5138b6d3fc9574209c4fd480bf99a2c8ed71ffca1da,13d6ac1ec7ad26ae6cefbb402d8bd7631e997ddff828d23739c47bdc80960230
F3B2D003817,NUMERICAL_STABILITY_EXTRA,F3BBG_N030_A1_Q001_R095:NULL:PRIMARY,1,e5d1824adf5338cdbdec4f3b055ba40755b23ae286032423ea41974ccddc34ed,VALID,3,-60.261113198490555,-52.67610234090223,-55.13764211057271,-7.585010857588323,-2.4615397696704804,False,256.950133343947,formal_m1_center_not_selected,cdce30e2a96d8a04adc7c19f24941b08189b44fc65ac451036bbcea165ffdb39,cd42ef3a88eac48b55d5aae81fdfa8f1448155f1e6b8970dd5b733d7378a2067,96af8496b68d717d373208a24fac96c7f24712b237e6c54fdbf8e361b5fdca0a
F3B2D003825,NUMERICAL_STABILITY_EXTRA,F3BBG_N030_A1_Q001_R095:NULL:PRIMARY,9,e5d1824adf5338cdbdec4f3b055ba40755b23ae286032423ea41974ccddc34ed,VALID,3,-60.26111319845176,-52.676101123895165,-55.13805880999645,-7.5850120745565945,-2.461957686101286,False,262.2589361999794,formal_m1_center_not_selected,8f1d08b6634583c89b3e25088034b70f68154af45c2b6136402a17b5d40b7467,bfdda9e84b36df5cbe527571d2a1bdfa68fc66050b186dbd4cdd33805d02d0f6,cf4d9c7a7b57b1cb49b8fdd7befdebdd404c1419edbfd33b3bd1228912bda9a3
F3B2D001300,BASELINE,F3BBG_N030_A1_Q001_R095:POS:PRIMARY,0,3c9944ad1c33f623c61d31bda8568128e028de73ae35500b943295aee04e8d95,VALID,3,-58.46362916783175,-51.02825903872662,-53.343130805705925,-7.435370129105131,-2.3148717669793086,False,53.878115624669036,formal_m1_center_not_selected,09867fc3d5b7f194f3ae9b05b0bda442c209fccb8ffe03ee9ebe7ba1438bcffc,96a6735144a0a533ebd4a3fbb4f3847d6aef2398c71b534f755c981b65b6e71b,e28a6a3229bcf495517ccef2b07e7861f05facb181a65acc8c0cee5b3024368c
F3B2D003826,NUMERICAL_STABILITY_EXTRA,F3BBG_N030_A1_Q001_R095:POS:PRIMARY,1,3c9944ad1c33f623c61d31bda8568128e028de73ae35500b943295aee04e8d95,VALID,3,-58.46362916782713,-51.02825903876831,-53.34313081627063,-7.435370129058818,-2.3148717775023187,False,53.87810541252108,formal_m1_center_not_selected,e2446a447c80a825221e706212474131d6cda9ca73abccc2b4d934afac9fc3a4,53f34fdbb152afda584b412071be03d87e0a352102d0607284b6bce96fa77e1a,00c3d9991d5c92d24c7c7daa70aabfdf491370a91d1594c91a9329fe7333951a
F3B2D003834,NUMERICAL_STABILITY_EXTRA,F3BBG_N030_A1_Q001_R095:POS:PRIMARY,9,3c9944ad1c33f623c61d31bda8568128e028de73ae35500b943295aee04e8d95,VALID,3,-58.46362916783068,-51.02825903875096,-53.343130816175126,-7.435370129079722,-2.314871777424166,False,53.878122995220146,formal_m1_center_not_selected,7bed52a3dd53275fb4da49fe509427378be2eb7c69b4bf583b3dc844cf59456f,705e70715b6c5adbc9824f41b26fb29d8e4018c05b56edf0fddc6d368f3ca16d,7f3278eba4ea0f5ad1b129ef30a423c1a5c7b233fadda37710e27738082534a1
F3B2D001325,BASELINE,F3BBG_N030_A1_Q002_R027:NULL:PRIMARY,0,bd028e51657f64f915c758005a7548f94ef7e3960e996ffc84f33914086a3a2d,VALID,3,-60.01802139608824,-52.535526590527226,-55.00465706445934,-7.482494805561011,-2.469130473932111,False,40.0,formal_m1_center_not_selected,9254f3cc9cea37ccb99884a7215c1416c981d8b579907603d7fe82877c927113,fc7f1ed45f45f0cb0596f42c8f6368a24cc4ea597ddb4971895f556593f55e5c,698cc96c357b6100236ea084cb05172ee45a75d9a93134542ae0b59e54ad8058
F3B2D003835,NUMERICAL_STABILITY_EXTRA,F3BBG_N030_A1_Q002_R027:NULL:PRIMARY,1,bd028e51657f64f915c758005a7548f94ef7e3960e996ffc84f33914086a3a2d,VALID,3,-60.0180213960951,-52.53552647496866,-55.00465719793063,-7.482494921126438,-2.469130722961964,False,40.0,formal_m1_center_not_selected,ae6b7bf8c5f8f56b40e245424eaa570fe1a51d7877230b91248f3a5f4ee9d5fc,71027d00580d10581ebcfe6a84919b2f1bbe58a5f6bb2747cbb800ee308c43b8,04ee0a82bc5ec223e3f6588ef5130b7bc0a16a4f90b5df498c837736ef8b8174
F3B2D003843,NUMERICAL_STABILITY_EXTRA,F3BBG_N030_A1_Q002_R027:NULL:PRIMARY,9,bd028e51657f64f915c758005a7548f94ef7e3960e996ffc84f33914086a3a2d,VALID,3,-60.0180213960922,-52.535526594628976,-55.00465719749339,-7.4824948014632255,-2.4691306028644107,False,40.0,formal_m1_center_not_selected,a2fdae3235445768d7114985854ab1d970f68a8ef6c48e49bd4d33017f4e086b,8e610b6226b59334029af0767665bff12b64814e05150aca970b19ddddf545b6,69064c42557de655c1c87db8ebd29e20c986d0f1a8b8c8b74376e60e774238c5
F3B2D001326,BASELINE,F3BBG_N030_A1_Q002_R027:POS:PRIMARY,0,d65f697c16cd7924892afe78f07aa17d1f11e866b7dc08944ef7033cf7441bda,VALID,3,-58.62093643871611,-51.49618433980231,-53.45333459475691,-7.124752098913795,-1.9571502549545983,False,56.25069310539102,formal_m1_center_not_selected,627d72e1caf8b8dc01bd0ac2d293335b007752681997c98480b46bd0a72f56a1,d20860f44d937c094c9a6542a5d482938811afdeee26cfaed05e6214ebfe4d72,168ee7842dc1d4f97be8c2f44e915fb24e0cb5048c9ba663e358cdada7ea5b5c
F3B2D003844,NUMERICAL_STABILITY_EXTRA,F3BBG_N030_A1_Q002_R027:POS:PRIMARY,1,d65f697c16cd7924892afe78f07aa17d1f11e866b7dc08944ef7033cf7441bda,VALID,3,-58.62093643871497,-51.49618433987389,-53.741644650254145,-7.124752098841078,-2.2454603103802526,False,56.25068779688484,formal_m1_center_not_selected,5072c8a9d30458ab2951c491edbce5589a997a0860b0cb7d684709411cef343b,0022048c04288a6fe72430058082a104945b41cf291af16612d4f92e1bb3a176,2b7dc9b67349bce47317312bd047a62a0ee5873ed99ffd743b90cfb9d063a578
F3B2D003852,NUMERICAL_STABILITY_EXTRA,F3BBG_N030_A1_Q002_R027:POS:PRIMARY,9,d65f697c16cd7924892afe78f07aa17d1f11e866b7dc08944ef7033cf7441bda,VALID,3,-58.620936438707965,-51.496184322969555,-53.74164337597806,-7.12475211573841,-2.245459053008503,False,56.250735297964255,formal_m1_center_not_selected,348e0334f12278dc8c8438316f6e1fc66ed996baa2141d1a806c6d00e6935c12,eacecb788476770d87788883e459633908279e2353d64523f3c362d24aa61a9d,54ddcfceea8cad7f79b6598d7cd2464352a30bd00b92f9257986611978dfc50c
F3B2D001457,BASELINE,F3BBG_N030_A1_Q004_R058:NULL:PRIMARY,0,7a4c1f92ed172dac6ed7aba32c8ff9854ce0aab5ee544a8a9d7e4256a6d18f42,VALID,3,-55.99478971350786,-48.315406974118304,-50.95442098525362,-7.67938273938956,-2.639014011135316,False,299.99999999999994,formal_m1_center_not_selected,6de6a7710e0809e3c669ce7c3c6d783c5e177cfd31a1e60fc19e7519e07006ef,3d8d559061a843c24dd2b5136506a0dbf441321ceff5c8094f76942f159926a3,710f2e811d4e6ac297d5196440bd87f325a25957217d65e796ac38b351dfc172
F3B2D003853,NUMERICAL_STABILITY_EXTRA,F3BBG_N030_A1_Q004_R058:NULL:PRIMARY,1,7a4c1f92ed172dac6ed7aba32c8ff9854ce0aab5ee544a8a9d7e4256a6d18f42,VALID,3,-55.99478971350903,-48.31540712902846,-50.95442099486722,-7.679382584480571,-2.6390138658387627,False,299.99999999999994,formal_m1_center_not_selected,15cd0c0e6628898a4d08dfb895729c3e6494d234d5fe1d0fbee3db62c1f3b6c8,4a9d594224093f79792d061a1744c2d91f482e8fe3bd0bb1508506efc7574a7b,c5932a7ecb8ec28e387c5a7161174bea0a3b200d1436ec8d48bd1697a6f105e9
F3B2D003861,NUMERICAL_STABILITY_EXTRA,F3BBG_N030_A1_Q004_R058:NULL:PRIMARY,9,7a4c1f92ed172dac6ed7aba32c8ff9854ce0aab5ee544a8a9d7e4256a6d18f42,VALID,3,-55.994789713508794,-48.24353284446561,-50.954420989909465,-7.751256869043182,-2.710888145443853,False,101.66391840035269,formal_m1_center_not_selected,ad33813ba89e19586c11a4989e606db32342c5f9fa5bd1ed3572b64028c9b110,a10d0f650a313633346b9fc66550cd1728c93a7b80377e46b6d71fc89f4921aa,0462f4d28280a99234471a60427644d0596f94143640d3d5266b257d25906e2d
F3B2D001458,BASELINE,F3BBG_N030_A1_Q004_R058:POS:PRIMARY,0,dbafca78eeb7652f9fb75d4b6b7823997fd76bbd39fb85779ddc9de63e552022,VALID,3,-51.120278695550034,-44.39835785681038,-46.11977615629961,-6.721920838739656,-1.7214182994892298,False,70.20876598456749,formal_m1_center_not_selected,cef9fec7581ebdbe17c3560b7a232deb8fe8035d816a905a8a768653dad6b62c,b5609377640d0aeaa726c5a4ee2f3c0f362a2972b331073aa7800bf6005d8d55,afee46d789fffae119a743f617ba05e738ce9b68e81a57469957f63f89f1144a
F3B2D003862,NUMERICAL_STABILITY_EXTRA,F3BBG_N030_A1_Q004_R058:POS:PRIMARY,1,dbafca78eeb7652f9fb75d4b6b7823997fd76bbd39fb85779ddc9de63e552022,VALID,3,-51.12027869555195,-44.398357856590806,-46.04634614126469,-6.721920838961147,-1.647988284673886,False,70.208781564799,formal_m1_center_not_selected,1912fe174218a428ca89652f1987e5cfe979b8d55a54aa886649dd8495c18e92,ed4cd9ac552f3bae2f58108cb5b7d4acbc6fc8091e12e65511ceac5e82340dd7,c34191d1586f5636768e814d8b8028e6f09739777a7d883406f79eacefc2cb13
F3B2D003870,NUMERICAL_STABILITY_EXTRA,F3BBG_N030_A1_Q004_R058:POS:PRIMARY,9,dbafca78eeb7652f9fb75d4b6b7823997fd76bbd39fb85779ddc9de63e552022,VALID,3,-51.120278695551654,-44.39835785466296,-46.11977703596851,-6.721920840888693,-1.7214191813055493,False,70.20866477720287,formal_m1_center_not_selected,13d3622767257173005dd089dfdab03cc5dc8f135ba89cac0df77b38d71c51ea,1e690370811599ee857d03455772d20ef82cee8bf16964df0036f34f060d7844,ac41b7156e9468c8989ba1e80266497a737343122b5a2c7b5203b14346773445
F3B2D001533,BASELINE,F3BBG_N030_A2_Q001_R040:NULL:PRIMARY,0,d48374fc757b3a4a5e163d3a312b0bfd91fa33bfb89596c71f67856d13e44cbc,VALID,3,-57.43893328959551,-49.68981433785238,-52.38058304875658,-7.749118951743128,-2.6907687109041944,False,299.99999999999994,formal_m1_center_not_selected,2fa1950bd3c955cf18cdf463bad74f95ab3db46793702691e098093a26be1525,5e32bf743f2815b9c0bf6e59bbe33da2f0dc26314aad2b92c7cbd59fac762d4f,8594a2168d47d8f1595eaa13b4d88ad60c77d6b906a8e6f0032a6186952819a6
F3B2D003871,NUMERICAL_STABILITY_EXTRA,F3BBG_N030_A2_Q001_R040:NULL:PRIMARY,1,d48374fc757b3a4a5e163d3a312b0bfd91fa33bfb89596c71f67856d13e44cbc,VALID,3,-57.4389332895983,-49.71113732999628,-52.38058326957945,-7.72779595960202,-2.66944593958317,False,299.99999999999994,formal_m1_center_not_selected,8ee53c52f5a5636de0348c6e7c893ee184134fe44b11a8e0cc8d5dca876f5277,71597aea3b0c2480d6c3cd5913c528b7ebcee83e42953ce5018cf6a7972afdb4,6f3672ccfd0adc0c5554279b29a3247dc352e86a844b02977df4a57288548ff8
F3B2D003879,NUMERICAL_STABILITY_EXTRA,F3BBG_N030_A2_Q001_R040:NULL:PRIMARY,9,d48374fc757b3a4a5e163d3a312b0bfd91fa33bfb89596c71f67856d13e44cbc,VALID,3,-57.438933289598275,-49.624139743547005,-52.380583282979984,-7.81479354605127,-2.756443539432979,False,298.3043059944303,formal_m1_center_not_selected,766aa0ccf1427298d9d7467c5c292516c0341f946f2e2b0e807d2f62825c1475,bedce512a6dd89511732e915258cd48e5eff89d19560f76108035d8d25bad4be,a7437d9ad67e9e1b8f2de9e18042ca506d252513408169678ef08f158fb27852
F3B2D001534,BASELINE,F3BBG_N030_A2_Q001_R040:POS:PRIMARY,0,14dafaa5d07b804de05ff3b216cc0059b1ff7847c30046800673f3e311f272ba,VALID,3,-58.42601031917801,-50.69267523275681,-53.38023320175479,-7.733335086421199,-2.6875579689979787,False,270.2279596798126,formal_m1_center_not_selected,6998faacf9761afed7058cb86eda81a1c4b3a894ab8572094cf0a0ba51916197,a18bfa8a25d601ec7abae008fb2a0b407fe20e5f7efa6ad355288d010d426470,8fabb954c4b6d4149cbde8f549354a1454b5a0c299f23a72dd70949fdfb81385
F3B2D003880,NUMERICAL_STABILITY_EXTRA,F3BBG_N030_A2_Q001_R040:POS:PRIMARY,1,14dafaa5d07b804de05ff3b216cc0059b1ff7847c30046800673f3e311f272ba,VALID,3,-58.42601034683036,-50.6926754159972,-53.38024413327321,-7.733334930833159,-2.687568717276008,False,266.39610699689996,formal_m1_center_not_selected,6515464f08709923f489fa48255be30d52e1c93647e1e3ddb2917bcf36056b1a,101be06f3a1a8cb2c973922d5e73d7a700759344534f612ca15a7961529bb322,99253dd59cd5f7bb165c036a95e1a88dd57e3b1d3c37cd1167789604acb2ef41
F3B2D003888,NUMERICAL_STABILITY_EXTRA,F3BBG_N030_A2_Q001_R040:POS:PRIMARY,9,14dafaa5d07b804de05ff3b216cc0059b1ff7847c30046800673f3e311f272ba,VALID,3,-58.42601032120706,-50.69266172167328,-53.38155755078191,-7.733348599533777,-2.688895829108631,False,257.22859741506284,formal_m1_center_not_selected,6b70c0a0c41e1006b68b9e9709a63bdff9bea7216c23fb593abf259c0f208788,7b49e69dc363f89e0617e56713a081a7f1ba5965731282886afe30dea72dbb47,2ac15e18c0b785dfe971807ef04ca86204ac65ae921483ba821509dd88c5ad65
F3B2D001613,BASELINE,F3BBG_N030_A2_Q002_R014:NULL:PRIMARY,0,1c28d0ca19176052633c99a098e5e0fbf4db00a30f059f5918c4b394ab852568,VALID,3,-59.308649849568674,-51.605637697809655,-54.20328311598958,-7.703012151759019,-2.5976454181799227,False,299.99999999999994,formal_m1_center_not_selected,83dd2ab20df39145ec40532f6b73edcae6cc1980805a457c247371050be140a7,c699c0cae2949d941c0363868d5b4f24aaa2d0b12b88c30032c98611d38f1868,2ae830568bca958576869d1d96914a7a20e4148791c4750cc2af5d6a76fc9b1a
F3B2D003889,NUMERICAL_STABILITY_EXTRA,F3BBG_N030_A2_Q002_R014:NULL:PRIMARY,1,1c28d0ca19176052633c99a098e5e0fbf4db00a30f059f5918c4b394ab852568,VALID,3,-59.30864984957146,-51.60563751545037,-54.20328311725042,-7.703012334121091,-2.5976456018000533,False,279.23733115037766,formal_m1_center_not_selected,59fd09c1ae612687b205d580d4af5c73b3bb1d4b523ffd0d9d69b36a5415d792,bfa0a6df15f7c681b426587b2ba713c7028385d995fdb16962f9c81dd09ac59f,4593809837654c301495590092c435b2ecd6808df6c2342304c2961a9cf615fc
F3B2D003897,NUMERICAL_STABILITY_EXTRA,F3BBG_N030_A2_Q002_R014:NULL:PRIMARY,9,1c28d0ca19176052633c99a098e5e0fbf4db00a30f059f5918c4b394ab852568,VALID,3,-59.30864984956951,-51.4691361796589,-54.20328311440419,-7.839513669910609,-2.734146934745283,False,296.38137156608025,formal_m1_center_not_selected,145a2bbb799f25ac71ed7ad8b798a01d938d853d0d2768308c443b87cc026491,db4f08ef082c43054e301ef68cc334db7f5a34ea66b07e80fd6a65db47489f65,7a2da42b4f11a02b6664da2c62e75039ba80d030f9aee3d8aa8b37cd047bbb9a
F3B2D001614,BASELINE,F3BBG_N030_A2_Q002_R014:POS:PRIMARY,0,9cb44788602cbe8cf94855a48f7c98263ca496fcd78a14291399dac6ba30a194,VALID,3,-59.617004146302115,-51.952204392363456,-54.50682923283081,-7.664799753938659,-2.554624840467355,False,287.68880616182753,formal_m1_center_not_selected,0f39fb08401a2c7e2da0218417b4fbc7aa3b4f3e70575afbe0cae6c9038d75b0,e64e84fb678f563f95a12a1402106945b83a2fb8c144d221e19bcd8489e7746f,e2767fb30a6bf6ee183773c8e09b737237ee331b81c2b9ae3801b3c6653454ed
F3B2D003898,NUMERICAL_STABILITY_EXTRA,F3BBG_N030_A2_Q002_R014:POS:PRIMARY,1,9cb44788602cbe8cf94855a48f7c98263ca496fcd78a14291399dac6ba30a194,VALID,3,-59.617004146301205,-51.952206446267994,-54.506829273272174,-7.664797700033212,-2.554622827004181,False,299.99999999999994,formal_m1_center_not_selected,04ecbba1d0d4e5dc09a3d139532580cbcf68dd6457dfba8ece0246644bd384bf,ace4356b49566eb3743a51fc935989838955f98b1119ebd75a922b31f971dfd9,8063728dfb846cd94631d21db40dc0ce8a34a2c69a0e5408819a92d98578aafb
F3B2D003906,NUMERICAL_STABILITY_EXTRA,F3BBG_N030_A2_Q002_R014:POS:PRIMARY,9,9cb44788602cbe8cf94855a48f7c98263ca496fcd78a14291399dac6ba30a194,VALID,3,-59.61700414630359,-51.845210160367714,-54.506829273627105,-7.771793985935879,-2.661619113259391,False,81.4071938993815,formal_m1_center_not_selected,3e642487376f3591e10457b845ff16aaed0cc992ee284f41b12f9ad0e29c7fef,38c99755cd38413d6d89906881045b5bd540a0ed3d463016fb5986d9fce246c7,068b9ea1386d5389ed7ca5b927ed9118ee79786bfc3baf8f943d015d394dca10
F3B2D001773,BASELINE,F3BBG_N030_A2_Q004_R065:NULL:PRIMARY,0,997fde4a1481940bce5f2fe65f33854d8647e8727bfb105b0a075df0f5659838,VALID,3,-59.593384963889015,-51.91511444588855,-54.51463665135985,-7.678270518000467,-2.5995222054713025,False,299.99999999999994,formal_m1_center_not_selected,319c902634ec071fbc21524c208b4bbe9e703eef01a5c3d312dcb5ea9ca7fdd8,0bdd850c0d004484232e2efcbebcbbeaf0f25701e2b7e22d7e96f6bc1bd57730,278ee42ae5131493131f271255c6993cb63c486eec9f7f08b7ca79e77757baf4
F3B2D003907,NUMERICAL_STABILITY_EXTRA,F3BBG_N030_A2_Q004_R065:NULL:PRIMARY,1,997fde4a1481940bce5f2fe65f33854d8647e8727bfb105b0a075df0f5659838,VALID,3,-59.59338496389463,-51.91511478942964,-54.51463667362307,-7.678270174464991,-2.599521884193436,False,299.99999999999994,formal_m1_center_not_selected,67216e2e2e8f1a7344e8bbde731cea79d5fd785429fe867d972a1a2da62fa2be,3423b08cf5d0762ebc3b90de07a9fae66711f7be77f141073f935a53c54e58c8,8c21ea8330a07c61877497bbc6888ffc502df0352a03a45fd7d4efe43126e758
F3B2D003915,NUMERICAL_STABILITY_EXTRA,F3BBG_N030_A2_Q004_R065:NULL:PRIMARY,9,997fde4a1481940bce5f2fe65f33854d8647e8727bfb105b0a075df0f5659838,VALID,3,-59.59338496389375,-51.72080236048633,-54.51463667468663,-7.872582603407416,-2.7938343142002964,False,299.9947981470643,formal_m1_center_not_selected,a5e94a1ab42dacd4d2adc49b9e8eff0c84853286202f1a1be73a08596a275ca1,7ca9cca7767b62508dde6f9efcdcdafec7c8ef4cb4286d6c129cb712f17e00ff,0f77c460c8637d1b3bccc16e7e79750040127f811b1687fe35bfaad65aad21a4
F3B2D001774,BASELINE,F3BBG_N030_A2_Q004_R065:POS:PRIMARY,0,dc8a2d1f0f1c45536f166f88ca856260ee44d08fae83b88322476ffe2b84379c,VALID,3,-56.50345497809959,-48.72184319656398,-51.370549572851374,-7.781611781535609,-2.648706376287393,False,142.67739035734434,formal_m1_center_not_selected,b0ddfa1b5f0c75d874d34aa0c6217d0cc609cbd32b4cfbdf714fa549afbed6a2,9e185e3fd3debe594f683843078a6eaf3e8ec2be7b58756c303977990a3e49b2,780b4f9fd5e3c9f8cff7f94f2889d911b36fb207a1eafbfa0ae298bbada0a574
F3B2D003916,NUMERICAL_STABILITY_EXTRA,F3BBG_N030_A2_Q004_R065:POS:PRIMARY,1,dc8a2d1f0f1c45536f166f88ca856260ee44d08fae83b88322476ffe2b84379c,VALID,3,-56.50345497809836,-48.72184323665745,-51.370549497188286,-7.781611741440912,-2.6487062605308367,False,142.68885286126505,formal_m1_center_not_selected,702f551d864d877258a1a9e9cb3c967801c1c1a5f3e83d6c4ddf9b02dbfbc101,894e81f30f8ac6613c7bd6531711187687f6b55d95e977cc2a58635528d21d30,6863500a054b5ad4b6643bffd60361f2e8c6d807f9d86e82db5ec5acb61f4f87
F3B2D003924,NUMERICAL_STABILITY_EXTRA,F3BBG_N030_A2_Q004_R065:POS:PRIMARY,9,dc8a2d1f0f1c45536f166f88ca856260ee44d08fae83b88322476ffe2b84379c,VALID,3,-56.50345497810091,-48.661106665839725,-51.37054959987019,-7.842348312261187,-2.709442934030463,False,44.6451394343193,formal_m1_center_not_selected,298f5edaf65dce0c5f76a5ba1c7d0407b13c1facd9a81d157155f7d847d38036,eef52e9113604e098b230812b737bbe96c94f59ee4a4552f7fa16cedfd86aec2,ab55c89737101c6f18b56806838e84fa8b504e6bb7b67e01e21e76d049ceb0c4
F3B2D001823,BASELINE,F3BBG_N060_A0_Q001_R024:NULL:PRIMARY,0,6c1be9952eb5bf9fabc9861da6d3e9368388c0eb303e67d967bda6a834456829,VALID,3,-222.9594649569137,-213.91306459827314,-217.15431125952287,-9.046400358640568,-3.2412466612497326,False,49.39990926095306,formal_m1_center_not_selected,b2532c4b91d19a0712acec842222ba9b2d23c875680f6497e57be4cb64c853b3,fa155dbcf7bc5fa8c6c939151559782928a4a3337990833191df1d4e4eb62776,57e88953932e377bce9553c114329af718ecd3063c52b2c70a815a9812b509e2
F3B2D003925,NUMERICAL_STABILITY_EXTRA,F3BBG_N060_A0_Q001_R024:NULL:PRIMARY,1,6c1be9952eb5bf9fabc9861da6d3e9368388c0eb303e67d967bda6a834456829,VALID,3,-222.959464956915,-213.91306461264602,-217.20523364186113,-9.046400344268989,-3.2921690292151027,False,49.400206518792594,formal_m1_center_not_selected,c0dd27552b484b7f2ba63fb68c730a95143695b336a2fac4a8eda4c9e8c46fbf,a21e3f668cc39018512a91357e1d52172fb161a997d57c51cf567ec497013528,acc3aa3384282a75e4ab2759610d2a20735c65451746923622f7e5e400864e39
F3B2D003933,NUMERICAL_STABILITY_EXTRA,F3BBG_N060_A0_Q001_R024:NULL:PRIMARY,9,6c1be9952eb5bf9fabc9861da6d3e9368388c0eb303e67d967bda6a834456829,VALID,3,-222.95946495691604,-213.9130646505356,-217.20523405976553,-9.046400306380434,-3.2921694092299276,False,49.400046900640845,formal_m1_center_not_selected,d6af0a02fce74ec82e2eb1d55a3b226fb9b75c4eba633d29d751353b3d07ddde,b7973d4945584fe9ea6df058090cd933baa3aa88311a63926b545c7e3a143ae5,c8368a61230572995ddca3f182670ebfe19c9a90e73b8ce3987fea1d05f90aba
F3B2D001824,BASELINE,F3BBG_N060_A0_Q001_R024:POS:PRIMARY,0,3e5ce767f5819b442d4e638e066cb924c71d3c9e8fc3aa2b41304f51fdf7c910,VALID,3,-224.10733210165134,-215.21978357751163,-218.315751796325,-8.887548524139703,-3.0959682188133684,False,49.497161846920335,formal_m1_center_not_selected,3cd5d0c3a613605cdd80ec3be06affffc4a8cf8e570378b42835b73aaa304296,cca1263392cacfd177b5d21350a2726e150c768b1fb2119152c55f03a135bedf,c13221bd71902dce85c088d96d1a0ef0131eadbef2d9505913329fd6ee6e3090
F3B2D003934,NUMERICAL_STABILITY_EXTRA,F3BBG_N060_A0_Q001_R024:POS:PRIMARY,1,3e5ce767f5819b442d4e638e066cb924c71d3c9e8fc3aa2b41304f51fdf7c910,VALID,3,-224.1073321016489,-215.2197829839104,-218.31575168433602,-8.887549117738502,-3.0959687004256295,False,49.49732256817721,formal_m1_center_not_selected,6690ef711f345baa6e6ad19c320d541ff93ff09e50df7ed18297d0332c425f01,b471402f85255197540cfadbe491feb6f5564cd06d4bdf1d28f4687b48b0c8c4,19d80f6af08e17cc26eacaa45fea18b5612eb9622472a0eac5e4a43650a01c42
F3B2D003942,NUMERICAL_STABILITY_EXTRA,F3BBG_N060_A0_Q001_R024:POS:PRIMARY,9,3e5ce767f5819b442d4e638e066cb924c71d3c9e8fc3aa2b41304f51fdf7c910,VALID,3,-224.10733210164483,-215.21978369082836,-218.3157519535534,-8.887548410816464,-3.095968262725023,False,49.49767384611941,formal_m1_center_not_selected,c3efe8ec4b56ebb9176b433442c415158f19b8f91f5c9beeaa1980b79880ae61,85ae625fec6b3d303ffce9cfa84f955cbbdb51e62221f99c80dd269bd5d1f7bb,0e860b69878baffd5e33726110dde66e947eb6a4d093562d50d3c540f1cf9a2a
F3B2D001917,BASELINE,F3BBG_N060_A0_Q002_R021:NULL:PRIMARY,0,f529a0ceeabd43bbafc870f9377ad3daf996f7b190ae05ed54dce184bf4de262,VALID,3,-223.6661383746664,-215.49555792616783,-218.55109611163286,-8.170580448498555,-3.055538185465025,False,47.97831899741443,formal_m1_center_not_selected,e454de846dc12a93e84e1d17ea90f4692060626c3b5040913aed09ecc56ded80,054c471c5505d4aeb513426d43421e8ee754228b0aebf643e9099fbd807d9194,033c2e006b2b452a8672c4547146ec1d7a4f9e30181bab6edb7264b229cc77b0
F3B2D003943,NUMERICAL_STABILITY_EXTRA,F3BBG_N060_A0_Q002_R021:NULL:PRIMARY,1,f529a0ceeabd43bbafc870f9377ad3daf996f7b190ae05ed54dce184bf4de262,VALID,3,-223.66613837466755,-215.49555792801505,-218.55109601674147,-8.170580446652508,-3.055538088726422,False,47.97831847683005,formal_m1_center_not_selected,b1162b2ed50b7a871c22970749a8b83b41af32c654f7849f588aabb073239348,867e34dc53d6e2d7a5ddc3f084d18c570177053cb0c98fa352aac434c89e1964,6ab8068d19244d3a355210403c1c803ab86668d5300ce755d46b33733a51ed9f
F3B2D003951,NUMERICAL_STABILITY_EXTRA,F3BBG_N060_A0_Q002_R021:NULL:PRIMARY,9,f529a0ceeabd43bbafc870f9377ad3daf996f7b190ae05ed54dce184bf4de262,VALID,3,-223.66613837466258,-215.49555792844922,-218.55109611458533,-8.170580446213364,-3.0555381861361184,False,47.97828441525397,formal_m1_center_not_selected,168ace1ae1d4a530d2536c1923f57fc443c3b4bbfc1934f016e40a515d42dd7d,3ce9247b805735deae9d4498403a17a782944af82745826b8d72cd8711c36e28,453c4eb4fefc6e33ca8586e2024c87447691cd675078ebd8ab3f2dc55845c104
F3B2D001918,BASELINE,F3BBG_N060_A0_Q002_R021:POS:PRIMARY,0,7e38763324d28cbdc896c1783370e54d6878871e713f26d9888f95170a9e1d27,VALID,3,-221.79741182459318,-213.671955638253,-216.76139636512912,-8.125456186340188,-3.08944072687612,False,47.96907219621741,formal_m1_center_not_selected,0f0796575cdd9b6bc27a09ca1f535109fb62f02a7329540ea239d22372a42eca,5cbabb3b14fd6de62c19b6db09303dc43b94b297dc8723dcdbb4057623f55f09,838f5695964a4307d02ac95e490e78422d3d7faf36c844beb8a30c08d6b839df
F3B2D003952,NUMERICAL_STABILITY_EXTRA,F3BBG_N060_A0_Q002_R021:POS:PRIMARY,1,7e38763324d28cbdc896c1783370e54d6878871e713f26d9888f95170a9e1d27,VALID,3,-221.79741182459216,-213.6719556389977,-216.76139636532628,-8.125456185594459,-3.0894407263285757,False,47.969116523590685,formal_m1_center_not_selected,a6f10cba952404d1258f370e7ad07ed397b4013e64aee34b7935f31bcc978ec2,eb810d6f01a91847ac4740a9aae85e39043bf4678801c3368b0c4b30871bbad6,e0fb4829c7e0d1c7d8eb23023491bf1203eefaf0932741973e993c49a4542521
F3B2D003960,NUMERICAL_STABILITY_EXTRA,F3BBG_N060_A0_Q002_R021:POS:PRIMARY,9,7e38763324d28cbdc896c1783370e54d6878871e713f26d9888f95170a9e1d27,VALID,3,-221.7974118246008,-213.67195563900546,-216.28309094392642,-8.12545618559534,-2.611135304920964,False,47.969118418193084,formal_m1_center_not_selected,7adffbaab56d8357d3206ab22873bbb308cb07426212a4509b416138f59ad4f9,a3f70f16149e1496f11fc035d45fb36ddf38341baba6a69d320ae3c7467520fb,e379a8e52555d101306b10eb4b6975902e0991d635c78c74906bad3c9b9ef1e3
F3B2D002093,BASELINE,F3BBG_N060_A0_Q004_R094:NULL:PRIMARY,0,8b0802c09a1e8d119511cd090fad2aaa45785a98207c3bbd13bdd081992e9991,VALID,3,-224.17835578533735,-215.08239400417625,-219.19426961710957,-9.095961781161094,-4.111875612933318,False,58.78252717188299,formal_m1_center_not_selected,049f105495d24b05d87ea55677670e0af82d9e8064dc7c648d8edf0ee607bb2d,a3288a4b07df00e219a428e52a7ebddbb2043014ee1f90f86bfc7d3ff67b5435,fcb8502664b5c6e7b0c20e26ebd3466333da51dc60d2e2b1845c75978c55f17a
F3B2D003961,NUMERICAL_STABILITY_EXTRA,F3BBG_N060_A0_Q004_R094:NULL:PRIMARY,1,8b0802c09a1e8d119511cd090fad2aaa45785a98207c3bbd13bdd081992e9991,VALID,3,-224.17835578535653,-215.08239401943007,-219.19426962532407,-9.09596176592646,-4.111875605893999,False,58.78257906959535,formal_m1_center_not_selected,335ae5f30b7fd4315d76124300a9451ec6e70b124e2189de0834ebbd9bafff16,469ad7929a38e2ab57059ae700dca43ba878a630eb10cee866f7ab2f13152af5,5a6269a0a5ad3eadca57c9d5246829931e7117f2290eb203fb27b41e87d6e440
F3B2D003969,NUMERICAL_STABILITY_EXTRA,F3BBG_N060_A0_Q004_R094:NULL:PRIMARY,9,8b0802c09a1e8d119511cd090fad2aaa45785a98207c3bbd13bdd081992e9991,VALID,3,-224.17835578535124,-215.08239401917402,-219.19426962341086,-9.095961766177226,-4.111875604236843,False,58.78260921462723,formal_m1_center_not_selected,60c6e314c15999823113c4940a8465db1c52b4962a6f88c0cb3045afcc667007,f12275dc89231be807278dd0da4bce5019233b0cb896822a005d3af2703f4c4e,a4d7a38b53d896df6fc8df6785cf7234c43ec27bf5a31b023304047bc5985c5a
F3B2D002094,BASELINE,F3BBG_N060_A0_Q004_R094:POS:PRIMARY,0,42e142479dd6d4402e6a9671d8554ab00377ddddeb2cd9a25138a85236d358c4,VALID,3,-188.26788607880255,-197.12002025859044,-184.70366596790754,8.852134179787896,12.416354290682904,False,42.47209528205664,formal_m1_center_not_selected,7e7df3f899f8298b7a41172b49be56003f0915a547d5057f9112396b56190f68,597a7402b71b9bf1dec34fba5bf9549f5f4edb650ed385e025f2718c36a209f6,96e956cc09ba3dec00e443df25fef706b03a86c2d1429e91542d05a511854a51
F3B2D003970,NUMERICAL_STABILITY_EXTRA,F3BBG_N060_A0_Q004_R094:POS:PRIMARY,1,42e142479dd6d4402e6a9671d8554ab00377ddddeb2cd9a25138a85236d358c4,VALID,3,-188.26788607881187,-197.12002025850674,-184.70366596783035,8.852134179694872,12.416354290676395,False,42.47208131605266,formal_m1_center_not_selected,86cb6dbae8ff4f3ec002bc50e5b552aeddbed9cd8f26dec2573ad3e3ef362258,1799eca09a4796c4452667b575432fe954815ad1b2048053bcf1ace9a9809194,912ac29e8d84651e035a09d41c26415f8821335a5afbf8feb479d281d23e29ce
F3B2D003978,NUMERICAL_STABILITY_EXTRA,F3BBG_N060_A0_Q004_R094:POS:PRIMARY,9,42e142479dd6d4402e6a9671d8554ab00377ddddeb2cd9a25138a85236d358c4,VALID,3,-188.26788607880454,-197.12002025863916,-184.70366596790612,8.852134179834621,12.41635429073304,False,42.47209122802694,formal_m1_center_not_selected,148c062dbe64ba15fac6696476d96af14618edcc9d3ac61ad19c384b87f32336,fb6a71cb573273359896547be5970bfda9ee1b4bdd532beec99a944ad3f6a12c,fa811ee7ab3c5dce3d660872f8578865a025289554578c1535149659d6e1177f
F3B2D002165,BASELINE,F3BBG_N060_A1_Q001_R062:NULL:PRIMARY,0,41e344a54660a241206c1c5908b6cc3ce7364c27cf589be631a9b9051d0e3167,VALID,3,-240.39804899961874,-232.66882037881874,-233.99763402726126,-7.729228620800001,-1.3288136484425195,False,51.71710773800338,formal_m1_center_not_selected,72221a2c07556a4284bd8241bc7653ac172baff03a36ea3ea4434207fbedcead,d4b5545233eec2e30caaadfd59165cf3648f121fdab3bf0329d98da3161fda66,4fdf32be542386cfe81479aa024160a1437db28f03dcfc14a30ce9b3a28db6ba
F3B2D003979,NUMERICAL_STABILITY_EXTRA,F3BBG_N060_A1_Q001_R062:NULL:PRIMARY,1,41e344a54660a241206c1c5908b6cc3ce7364c27cf589be631a9b9051d0e3167,VALID,3,-240.39804899961416,-232.66882039044344,-234.61330602789167,-7.729228609170718,-1.9444856374482242,False,51.71699801693542,formal_m1_center_not_selected,06db31763f0fb992229e4cc5bfda2619b0294a53f9acf28a2a60f3181b7cc422,a9b3d277fc62ef10861168a143e91a9502201f5a09b6bb772615df7f564a12c6,1bea0b2d595d51409d4af115da11649e416cd8e260bf0e10d40cdcb72baab0ad
F3B2D003987,NUMERICAL_STABILITY_EXTRA,F3BBG_N060_A1_Q001_R062:NULL:PRIMARY,9,41e344a54660a241206c1c5908b6cc3ce7364c27cf589be631a9b9051d0e3167,VALID,3,-240.39804899958148,-232.66882039277937,-234.6133060496653,-7.72922860680211,-1.944485656885945,False,51.71706030546721,formal_m1_center_not_selected,0808c03b258b73b6f817f030922d35ccfdd834d54047f15fda4c3bbc80ea0a08,007a7b92b836f5a9b41b982a9452137db03369aaaf44db8ebff3e538275981b2,534be5ac29816ea63ab2ea0049039d98cb9b04244d1ec2b6b2e9c3531272d472
F3B2D002166,BASELINE,F3BBG_N060_A1_Q001_R062:POS:PRIMARY,0,7aa47c9eb397616ad532b4e100249ed4e18526e8e04a6560187643acb1227f7c,VALID,3,-241.46389455486326,-233.77636545356353,-235.03940639160706,-7.687529101299731,-1.263040938043531,False,51.72746282021458,formal_m1_center_not_selected,15586b18f0c153c18c8205e9669575b52ae397a4c04954ced8ee6540e2edf68d,eb5764c70ddb9eb6ae89b6ffe2309d319314715a54740a57d35bee592e07c415,a72fbd5673fa496888b8fdca933d5570289592198e11053117dbd452bfc39d19
F3B2D003988,NUMERICAL_STABILITY_EXTRA,F3BBG_N060_A1_Q001_R062:POS:PRIMARY,1,7aa47c9eb397616ad532b4e100249ed4e18526e8e04a6560187643acb1227f7c,VALID,3,-241.46389455487207,-233.77636545524928,-234.99501919756182,-7.687529099622793,-1.21865374231254,False,51.72744532846217,formal_m1_center_not_selected,497c65df87db244b9a027eec841a096632b14f3be012a9f9b786811a95cafb79,34bcad96651906f9cf37ca86e8f23b6dc22ded02ba2a38c0a7565c1af2743621,7aca648b854cd6c05a8935a8b9a94939ed09430c0ccaf3df5e2df90ac89c9fbf
F3B2D003996,NUMERICAL_STABILITY_EXTRA,F3BBG_N060_A1_Q001_R062:POS:PRIMARY,9,7aa47c9eb397616ad532b4e100249ed4e18526e8e04a6560187643acb1227f7c,VALID,3,-241.46389455487562,-233.77636541840127,-235.6931667952984,-7.687529136474353,-1.9168013768971264,False,51.72753420257538,formal_m1_center_not_selected,f1afa8a231f1524d5371174d25ab6808bbeaf1350b58b96ba2192d6ca2622056,824dd95eb16f0479c6df203f97917a2f227fab66fcc59df7eea11753721e2b61,d54677e39a23ab3aa896056be12b6e373d6fc72ed597f2e166062e947c12bea1
F3B2D002265,BASELINE,F3BBG_N060_A1_Q002_R062:NULL:PRIMARY,0,8ae56b344fe99f387acf1bd335b593dd9bb959c3ab40356e96b5adff447fbb0a,VALID,3,-234.17235652335836,-225.06273654161367,-228.1845119298254,-9.109619981744686,-3.1217753882117165,False,40.0,formal_m1_center_not_selected,d72c82a153990ecbdb54a35c180bd2c93300528e4587c5d46ea295ae9fb0f3e5,b542ea3fbaf46a8ef9787aea7f72147234630f72af1d2f4d6b5d7f8fb8f78634,d0f00aec823a68ba1c062902b3b28a7322085fddd821aea27ff324d4c0520e28
F3B2D003997,NUMERICAL_STABILITY_EXTRA,F3BBG_N060_A1_Q002_R062:NULL:PRIMARY,1,8ae56b344fe99f387acf1bd335b593dd9bb959c3ab40356e96b5adff447fbb0a,VALID,3,-234.17235652335833,-225.06273654160594,-228.18571212513132,-9.109619981752388,-3.122975583525374,False,40.0,formal_m1_center_not_selected,ceb85f46a1cae9458c52348a52a567dd005abd26208f38721f8e674106a033af,b7e3ce6f89268a8ef00b91a3a50b58329e2d520763a0e56015bda067f3f6d71c,4f0c5727572fd019126ff142697ae0a95aabd02c0723278d87e76e18ed063bd7
F3B2D004005,NUMERICAL_STABILITY_EXTRA,F3BBG_N060_A1_Q002_R062:NULL:PRIMARY,9,8ae56b344fe99f387acf1bd335b593dd9bb959c3ab40356e96b5adff447fbb0a,VALID,3,-234.17235652333795,-225.06273654157218,-228.18575874764258,-9.109619981765775,-3.1230222060704023,False,40.0,formal_m1_center_not_selected,65adb2f028e97f936f20aa12c448ac57cce7debe0d4614d4bfcb3e94321dd7b7,bef96f538c2969ec51433856af4617c3c4026c7a712e173aa91fe15edca7f732,4a610738350af466a352cb36814850c75579fc57f466a3b7ffe2a69bfe18ffc5
F3B2D002266,BASELINE,F3BBG_N060_A1_Q002_R062:POS:PRIMARY,0,e5b64181888135e9e09465b24974a3eb623b21e2c92234cfcc8832f5a6d3d650,VALID,3,-235.63895871949615,-226.493367022018,-229.5748776099946,-9.145591697478153,-3.081510587976595,False,40.0,formal_m1_center_not_selected,b704886c1c83cf9ce154fab8bbe287babed4ed30949b7cce34f733cb28994a40,625013a76e5c758ee05da811a7994829f9c608f571ddebcf7b0b30875239e78c,769400f6033107daa3f9d699d6da712447e8ab765d23a0b18f023229f0daa6eb
F3B2D004006,NUMERICAL_STABILITY_EXTRA,F3BBG_N060_A1_Q002_R062:POS:PRIMARY,1,e5b64181888135e9e09465b24974a3eb623b21e2c92234cfcc8832f5a6d3d650,VALID,3,-235.63895871949487,-226.49336702204664,-229.57488627430737,-9.145591697448225,-3.0815192522607333,False,40.0,formal_m1_center_not_selected,4a5469aa2d6138ca382fb85d47cbfe3199269b0280e1f7161ad89700c76e2c69,7642e5e793254275a35b182c8c2df413608cc313849744368d484acdabad0091,e5ec885e873c9952cb93ef6d5b834fc403f4b2f4c13de62a98972015d96da21b
F3B2D004014,NUMERICAL_STABILITY_EXTRA,F3BBG_N060_A1_Q002_R062:POS:PRIMARY,9,e5b64181888135e9e09465b24974a3eb623b21e2c92234cfcc8832f5a6d3d650,VALID,3,-235.6389587194939,-226.4933670217922,-229.57488402308857,-9.14559169770169,-3.081517001296362,False,40.0,formal_m1_center_not_selected,a4dae3f557a999985b38a5346b06e241af5a78d0c6e71c64fec85d04045aad6c,1325c84f06ddd6a1008c62fed93bf7caa9c2b64d433f0f25e9e65a1ea01f44e3,3039c91daf1f871b697a5e607d072212ff9055ba5cc07fc5d534ca7d8d289f68
F3B2D002355,BASELINE,F3BBG_N060_A1_Q004_R055:NULL:PRIMARY,0,43543178bcea9c872b484f13ee25cea33f697428967505c00ebc2b9c5580920e,VALID,3,-230.22460182922768,-220.4948040254727,-224.0147781071705,-9.729797803754991,-3.519974081697825,False,40.0,formal_m1_center_not_selected,b8d6693cdb9b04459cee3f4558e7fa0c5abb997c3017aefede001e84ae69a01c,4e21bf11f6db12ef45256b42dc0c1a39758ac4e969a838621a211098f4f60919,38b99bd682d01f81ae32c714560dfcd7386ac49d654e4833e0db55dba02cf3df
F3B2D004015,NUMERICAL_STABILITY_EXTRA,F3BBG_N060_A1_Q004_R055:NULL:PRIMARY,1,43543178bcea9c872b484f13ee25cea33f697428967505c00ebc2b9c5580920e,VALID,3,-230.22460182922265,-220.49480402547516,-224.0110942404706,-9.729797803747488,-3.5162902149954505,False,40.0,formal_m1_center_not_selected,0cea0803af7346597c1dcc609a6d8d121430fe9c5066414b2d9994ce882d55db,3c813427ef04c5e9300d06e9a3189a45fcaa6966abc80472caf4726b42ac9053,479f7ac99a320a32bfc75fe0eba809482af0ede3aef1103fdcdab06eb3cee097
F3B2D004023,NUMERICAL_STABILITY_EXTRA,F3BBG_N060_A1_Q004_R055:NULL:PRIMARY,9,43543178bcea9c872b484f13ee25cea33f697428967505c00ebc2b9c5580920e,VALID,3,-230.22460182922532,-220.49480402547567,-224.01466522916945,-9.729797803749648,-3.519861203693779,False,40.0,formal_m1_center_not_selected,e221d3ae1908a8c92c0d70a4c9a9859032433ca8c52ae3f29d113cfbad4428a2,24c053d815d3d9ba83eedaa0a24fc107024521d91b705d734029ed493cdb6fc3,e6b8f93e223dfa4785d825842f2a486bf2dc04413abff9531c8e28841949af68
F3B2D002356,BASELINE,F3BBG_N060_A1_Q004_R055:POS:PRIMARY,0,c5d9fc9b94ccfefae8c6ea4e9601ace517ef756b64ae374c19347474c2f41049,VALID,3,-225.4885947763474,-216.48208715230774,-219.37553093216923,-9.00650762403967,-2.893443779861485,False,140.34491535651864,formal_m1_center_not_selected,e0aaa16c77d1235fb3d81b47ee0424939191e3e49f5b1c6b18d767443b526c38,204be381532a04b062d03c151e9fffca7d364e58f1e54bb9deca2347fc061763,de35b9091249809796de6dbe6aa2d1052e718009eff873d3178949bbd486d291
F3B2D004024,NUMERICAL_STABILITY_EXTRA,F3BBG_N060_A1_Q004_R055:POS:PRIMARY,1,c5d9fc9b94ccfefae8c6ea4e9601ace517ef756b64ae374c19347474c2f41049,VALID,3,-225.48859477634505,-216.48208715671421,-219.37552950282915,-9.006507619630838,-2.893442346114938,False,140.3450298553574,formal_m1_center_not_selected,e6f23d182f6675bccb96b1e82ebd1919a6e393b480a93a5b9744844f054bf064,b00813acbb0de83aa1e3c3df466e793d6b8e6549fe62d88cf126fa0099221301,570585ed634ebd13a9094c65c337da25d03745def940e6fcc8daff06d0748a71
F3B2D004032,NUMERICAL_STABILITY_EXTRA,F3BBG_N060_A1_Q004_R055:POS:PRIMARY,9,c5d9fc9b94ccfefae8c6ea4e9601ace517ef756b64ae374c19347474c2f41049,VALID,3,-225.48859477634207,-216.48208715558903,-219.37553117817234,-9.006507620753041,-2.89344402258331,False,140.34463946796694,formal_m1_center_not_selected,9d87b8d6460f1732e78e6dae9f0b8f5411b72350202406ab06b976f56f4fe049,75208885718104a3c8e47771539d77a3b65f79084840467a01fc60704644c9f9,2d8325c2c18c13d3bf7d3fb0e5e4df8abe6cf2a811d59ae282883c973d8d2dea
F3B2D002421,BASELINE,F3BBG_N060_A2_Q001_R022:NULL:PRIMARY,0,21a45f91a3719574dcb7dc63ec9a0abd17161d97b7cdaa058cdf5b1b89773b1d,VALID,3,-239.7014521953378,-229.7422784034468,-233.27286738762297,-9.959173791891004,-3.530588984176177,False,258.47538780856667,formal_m1_center_not_selected,4105acd2e81577dddb24e8329057e48568c04d13719053cfd3c3a44c5d9d5df1,3da95c0ffe99c350a350679c282849cdaea959a1d4284c387056c98c1a5337d1,2e0a320e2dd0601c47f8a6fde2774e4b6945c7813bd47ecef8ac5710455bf404
F3B2D004033,NUMERICAL_STABILITY_EXTRA,F3BBG_N060_A2_Q001_R022:NULL:PRIMARY,1,21a45f91a3719574dcb7dc63ec9a0abd17161d97b7cdaa058cdf5b1b89773b1d,VALID,3,-239.70145219533535,-229.74227840712214,-233.27286738402603,-9.959173788213207,-3.5305889769038856,False,258.46930905192045,formal_m1_center_not_selected,8b0083883bf1d91e1bd858548a620412dc73ac12a886321097f436237c77b989,6bf272425775969b68767fcdcfee7a938591f0e33f5a9250044598d1395b0f78,524e0abd17072e209a081552d420ff4ff63ba196e44c42546279e6b5d631e419
F3B2D004041,NUMERICAL_STABILITY_EXTRA,F3BBG_N060_A2_Q001_R022:NULL:PRIMARY,9,21a45f91a3719574dcb7dc63ec9a0abd17161d97b7cdaa058cdf5b1b89773b1d,VALID,3,-239.70145219531904,-229.74227826216668,-233.2728676867244,-9.959173933152357,-3.530589424557718,False,258.46344572582825,formal_m1_center_not_selected,4fc87883a46ea7fac617be0d893bedb0887d0393cc3ce727e68b3520a4a6b807,c82fc25040afa93fc722fccaf10a7a2c32005e1c438951c2ba30fcdd6422c93d,76867deec927e44bc4e9be748bc244f4341a461ec65df46140d108b9734ae680
F3B2D002422,BASELINE,F3BBG_N060_A2_Q001_R022:POS:PRIMARY,0,00ba165dab59bfebbdae81ab3ed784567ee8cefb21568479004da825fde7c6a6,VALID,3,-239.97206069808522,-230.67715025475297,-233.50513362278483,-9.294910443332242,-2.827983368031852,False,62.45573848926704,formal_m1_center_not_selected,f079b34b03be4c9d2b154786ec01496e5740c6ea4f17456bfb0b6784f65a23a3,c6fdfd2b668c90c9a2207824051d0ec28e1c8b995e74b19130191d95f0a29bd6,f962a1b410541d37064ee00dcbd739f79afa9adb5c08d4e9b19756667a06fee2
F3B2D004042,NUMERICAL_STABILITY_EXTRA,F3BBG_N060_A2_Q001_R022:POS:PRIMARY,1,00ba165dab59bfebbdae81ab3ed784567ee8cefb21568479004da825fde7c6a6,VALID,3,-239.97206069811298,-230.67715025563982,-233.7687274225337,-9.294910442473167,-3.0915771668938703,False,62.45572056777404,formal_m1_center_not_selected,7a76468fdaa63612aced8c4b7d887cec13ab646be1a59b36b38343a3a3e26098,a7b8e7d3ad58612368ae1423732fb63f93fc9a633aa65c5d02a4d5c4cff4686f,f46bbb5bb95cc88eb5ef9e5061ed2c388fbbc7ac18d669cf495ea092b004fe1c
F3B2D004050,NUMERICAL_STABILITY_EXTRA,F3BBG_N060_A2_Q001_R022:POS:PRIMARY,9,00ba165dab59bfebbdae81ab3ed784567ee8cefb21568479004da825fde7c6a6,VALID,3,-239.97206069810497,-230.67715025562893,-233.7687258039008,-9.294910442476038,-3.0915755482718623,False,62.455718820409075,formal_m1_center_not_selected,7861d196c5d2e1fb0b8dc4a4452ef78c488f6561c3cbbeff1543f9ccbcb84fb3,432588b53913a09946dec0212319527e0f29f008f13083bce904103f6d300b29,cc8c7249475dbe76539e4ee75d23aa2c61c34c964230edc6a59110f5f2e9df80
F3B2D002599,BASELINE,F3BBG_N060_A2_Q002_R100:NULL:PRIMARY,0,a9c5008159ad60ac79dde340ee5bb8acfa08f447a12cb8e6692c868b4c33c2b4,VALID,3,-237.82115630030512,-228.43624343072437,-231.4608290407177,-9.384912869580745,-3.0245856099933235,False,71.17694605292795,formal_m1_center_not_selected,3b0f42a968a3215ce1b5304b94e529dc14793f3a6fd783dc69754e54eb4bb239,ee1b92593ab73bdae9aebfefd0f2b01ecae9d32ed5b5538311b50d5990836faa,2a18d3fd0a3f389cd46adce64948501234eefe91815b22169c4e16a9642f810a
F3B2D004051,NUMERICAL_STABILITY_EXTRA,F3BBG_N060_A2_Q002_R100:NULL:PRIMARY,1,a9c5008159ad60ac79dde340ee5bb8acfa08f447a12cb8e6692c868b4c33c2b4,VALID,3,-237.8211563003141,-228.43624348842985,-231.46082903542913,-9.384912811884249,-3.024585546999276,False,71.17683650145148,formal_m1_center_not_selected,c6ba3ab1957c5e55c4eae9136a4ee1c6faa34f14433f86f35fd099a73bd8ca31,3ca8101182dc6606b4f10acc2759cbe89f2b4466b40fa4d6c0c4a6b17a3af380,375dec27e0b80a5558a668f9651135710926e765b0696283a9d697c5870d263a
F3B2D004059,NUMERICAL_STABILITY_EXTRA,F3BBG_N060_A2_Q002_R100:NULL:PRIMARY,9,a9c5008159ad60ac79dde340ee5bb8acfa08f447a12cb8e6692c868b4c33c2b4,VALID,3,-237.82115630031032,-228.4362434866478,-231.46082896302352,-9.38491281366251,-3.024585476375705,False,71.1770196322168,formal_m1_center_not_selected,e5178981603d2238422ccb8fc51e3cc8814f88d4079765521e99b172ed57addb,42b4a3d3bc22859e36432deb97839eb3eb8208144eaef0ad59f4486848f85c56,9fbcc1e9275aadf4970f63ed92f15511c94c1816aee1792cabaf8bcdf70d8b05
F3B2D002600,BASELINE,F3BBG_N060_A2_Q002_R100:POS:PRIMARY,0,72172269c00909466b42f326113589925a5781fd2a2e490933c9df6516e28efd,VALID,3,-235.51189082189043,-226.48529489935044,-229.77337777227737,-9.026595922539997,-3.2880828729269354,False,85.64053503844937,formal_m1_center_not_selected,e50d9cea4290beb5710625257726f09e3ae71290225fd2b5d1294a9809e00cf8,2edee697476fcc098a588b3111d13ada1dbed92ca3256ae767c79a510831f8dd,8ce0267d1ecff3a98d3b55a55f936f91a7f49599552699ebe6633e9b431bb7d0
F3B2D004060,NUMERICAL_STABILITY_EXTRA,F3BBG_N060_A2_Q002_R100:POS:PRIMARY,1,72172269c00909466b42f326113589925a5781fd2a2e490933c9df6516e28efd,VALID,3,-235.51189082189848,-226.48529489939338,-229.77337651769744,-9.026595922505095,-3.288081618304062,False,85.6404514336287,formal_m1_center_not_selected,cac0d9dbcf7a7e59d98b5ec2c5622f46de9d4a1e3a6ea6ba190d9cc76feef9aa,53a05b54855a5952275b5bbd67c399e4f88b34105258e868949c4188e44d3fa1,9e9e69d9aaa1a86ea8a9471e8391d8027bf437a1a1943af71fca9b8aea57a1c9
F3B2D004068,NUMERICAL_STABILITY_EXTRA,F3BBG_N060_A2_Q002_R100:POS:PRIMARY,9,72172269c00909466b42f326113589925a5781fd2a2e490933c9df6516e28efd,VALID,3,-235.51189082188938,-226.48529489940313,-229.77337733379343,-9.026595922486251,-3.2880824343903043,False,85.64042257812785,formal_m1_center_not_selected,44e9a174f4ab26f13792cc351a4e537bd105e6ac1993e263c605e7d89fb5cf4a,e7e6508d95fe6cddc92770257abd1606c422b5f12d50f079a7795e8f8556267b,954b20eebdaeb20b6ad09be7e24a51c3703666e2acfb468270c5f660d501c41c
F3B2D002605,BASELINE,F3BBG_N060_A2_Q004_R005:NULL:PRIMARY,0,018f7ab9f5cfced8c197e4839d769eb03f70777bc33ebfcd6af652905606541e,VALID,3,-244.8616681685028,-234.9753046401093,-238.27160802515655,-9.886363528393503,-3.2963033850472527,False,81.49418674653737,formal_m1_center_not_selected,16c9301e58446a1e8df5685e3b14f26d299f79a59c059091505c06262d1b5700,3adf6682a87558625457a827bb0f53cd04d89f54a6bea61f77f9017a024a06cc,0cea110b02204709de6ea462d7dd1156af5b994676385b009f9d7c92485cc746
F3B2D004069,NUMERICAL_STABILITY_EXTRA,F3BBG_N060_A2_Q004_R005:NULL:PRIMARY,1,018f7ab9f5cfced8c197e4839d769eb03f70777bc33ebfcd6af652905606541e,VALID,3,-244.8616681685034,-234.9753052273562,-238.28007366379487,-9.886362941147212,-3.3047684364386782,False,81.49586849969963,formal_m1_center_not_selected,9ff61234d63980fa822e6b8921953574e7eb9d0ed1ebc6a320d70a6e0e549c01,61268e6d824056e0eb5bb5986cbb1ea9ecccf1f3518e77c3771756805022f1d3,94750f75ef90cb091b1dfdeb665dbd0cef5712acccecba1ad7d8f9f1373f4bf4
F3B2D004077,NUMERICAL_STABILITY_EXTRA,F3BBG_N060_A2_Q004_R005:NULL:PRIMARY,9,018f7ab9f5cfced8c197e4839d769eb03f70777bc33ebfcd6af652905606541e,VALID,3,-244.86166816848834,-234.93292624028658,-238.28007367433415,-9.92874192820176,-3.347147434047571,False,146.44092881436274,formal_m1_center_not_selected,9b36dfe398ef4950a711fa5075b2794000531e6024ed349599095da2f179fc1f,9adfdc24cc6695080a9c7e29fd7e023b1619d2c7b60546da4a4ae9bda85fca9c,282f2172b60cf1879ccb2c863e140b3ff43510249292f0dfb7e6b2080881be49
F3B2D002606,BASELINE,F3BBG_N060_A2_Q004_R005:POS:PRIMARY,0,54269399ad4469b7a74dfb69a22350507a66db3df1b353f9f6ee2cae8e6332ad,VALID,3,-247.28720356031448,-237.6621213377071,-240.9143770989328,-9.625082222607375,-3.2522557612256833,False,299.99999999999994,formal_m1_center_not_selected,0ec8611ec413b7fd0126cda20cd9ef312620109eca7c7603a8c53cd3d61b251f,85618e0fcbca974eea711ebe5f2b4aad2702b752ef7d10fdaf9f4b202fc4164c,b22aa2a3c8c27ab0424d0da5cfa72ab653f3d1b023e3db29b0ca0df0d8e3500e
F3B2D004078,NUMERICAL_STABILITY_EXTRA,F3BBG_N060_A2_Q004_R005:POS:PRIMARY,1,54269399ad4469b7a74dfb69a22350507a66db3df1b353f9f6ee2cae8e6332ad,VALID,3,-247.28720356028086,-237.6621214816001,-240.91437707932914,-9.625082078680748,-3.2522555977290324,False,299.99999999999994,formal_m1_center_not_selected,acdd5770b659af169fb0abbaf6e530684d14d893a6bf9e5ecf05af7d7201c1ff,4ab9d868aaef03bdba94b22d5db5d8bdad5d64957bcd71b01724cd6cfdbaf088,42496485407a40a83d662a8e4957cb3505547602c9d1f9f5a42941e5a7cf298a
F3B2D004086,NUMERICAL_STABILITY_EXTRA,F3BBG_N060_A2_Q004_R005:POS:PRIMARY,9,54269399ad4469b7a74dfb69a22350507a66db3df1b353f9f6ee2cae8e6332ad,VALID,3,-247.28720356033438,-237.66212149120463,-240.91437710889934,-9.625082069129746,-3.252255617694715,False,299.99999999999994,formal_m1_center_not_selected,dccb3b652a5dad4a3ef4f84c1b03fbdb15030430eee27ea1f3a720b56272d419,e9c863828d70cac8da139092d50720e7d5431b31975e9d1835a0a92d06f53176,46135d4725476067d3a4a8028e0648fa496a8cb92bda19bb1dcd7f98756fbd37
F3B2D002725,BASELINE,F3BBG_N120_A0_Q001_R032:NULL:PRIMARY,0,ff786a3b8ff73a4d6bb74372b6019b04fb8102c5a7655a565e690ff438034975,VALID,3,-612.6952621905765,-609.7468707236784,-607.4442510193167,-2.9483914668981015,2.302619704361746,False,47.65558268156235,formal_m1_center_not_selected,a7d1188804ddc2c4e15840b07707238881c1bf0ff6ac8f7fa05c9f2ccdac2b97,ea844c385543579126c20c23bd84a2eb55d22b274035f4e3252e47f9c56dedfb,073241e01ec5fb8bb70c94e78b4efff098d8ac7c5779dcc5409b2b51e84926d2
F3B2D004087,NUMERICAL_STABILITY_EXTRA,F3BBG_N120_A0_Q001_R032:NULL:PRIMARY,1,ff786a3b8ff73a4d6bb74372b6019b04fb8102c5a7655a565e690ff438034975,VALID,3,-612.6952621906112,-609.7468707238982,-607.8996982165008,-2.9483914667130193,1.8471725073973175,False,47.655579703103,formal_m1_center_not_selected,1ed99873f4af939807f5c02d51ae24c8c4bcdf0d57d164076851f6a5fc85b724,5da259085b13164e4f8ff8f8bea44d372a3302d034dc0184e10068db1ed820b5,128882a5d94fbb9f9a2b3fbdc5bd0fb0b8ad4035e094e736bbeb2b04bcb26d70
F3B2D004095,NUMERICAL_STABILITY_EXTRA,F3BBG_N120_A0_Q001_R032:NULL:PRIMARY,9,ff786a3b8ff73a4d6bb74372b6019b04fb8102c5a7655a565e690ff438034975,VALID,3,-612.695262190569,-609.7468707228692,-607.8996976251393,-2.948391467699821,1.8471730977298648,False,47.6555771264274,formal_m1_center_not_selected,7cb1c402ac2a74da01159a58032674de22040fdff82fe2f55c17e1428367aea1,502a1b1de0917e83fd5401aea25eb3cc0b696f4c034fbac5e77a56489374c4ed,00148d963565a62833d66aecb53de711c4ec15a9823c471d1f6be0539ed81089
F3B2D002726,BASELINE,F3BBG_N120_A0_Q001_R032:POS:PRIMARY,0,4c714cbcacb5690c911ec77f4b5e618eeed6c4c82306e8d3c59b848cd433a5e5,VALID,3,-594.1661273171693,-588.387429498979,-587.3038731533535,-5.778697818190267,1.0835563456255386,False,83.58471400767151,formal_m1_center_not_selected,0c54733a7b5ae7196ab803bde516f35cd3547fd252dd513eabba37fe7b3899a9,7576b1d0a24ee2e7d4b0f832bcc67decb57d1a42bd1fde5f807bd58ea10b2c7c,5944d13ca547246be25c2c83c1a3e350bdc47bd50929061ead1d4a554fdfe09f
F3B2D004096,NUMERICAL_STABILITY_EXTRA,F3BBG_N120_A0_Q001_R032:POS:PRIMARY,1,4c714cbcacb5690c911ec77f4b5e618eeed6c4c82306e8d3c59b848cd433a5e5,VALID,3,-594.1661273171735,-588.3874294989726,-587.3038731843352,-5.778697818200953,1.0835563146373488,False,83.58472011807237,formal_m1_center_not_selected,114d0df7b377cf42f71675cbca83de8a6a73948f5bd6f7f836fd89f3ebae94bb,ca82afb46cacb18676603ee2537934b0ab0d78203f9843be0ee1a7ccc2f54710,5629adbc886b06473538a2b27bd9fd6374bf0cec4f59e63f7d840c56937aa524
F3B2D004104,NUMERICAL_STABILITY_EXTRA,F3BBG_N120_A0_Q001_R032:POS:PRIMARY,9,4c714cbcacb5690c911ec77f4b5e618eeed6c4c82306e8d3c59b848cd433a5e5,VALID,3,-594.1661273171565,-588.3874294988699,-587.2844707983352,-5.77869781828656,1.102958700534714,False,83.58471495319844,formal_m1_center_not_selected,f8acbf760295c201c84587f134eb57b9dbf98d0af81abbfc221d047394e0e99b,6aa23355fbf0a054218c4690631194c986298d4f7f0057ac1663536cd813e419,6840327dabbd363342ea38547d541ee977883db5c3edebc85cecf097bf76d723
F3B2D002851,BASELINE,F3BBG_N120_A0_Q002_R046:NULL:PRIMARY,0,8748bed291acb2fd2ebb11c913eb5cef385e81b658448bbbe5169e053bff90c3,VALID,3,-622.5838908160608,-618.0144396829024,-616.6561876651367,-4.569451133158395,1.3582520177657216,False,61.93045054755877,formal_m1_center_not_selected,b3cc583548bc0128f7010f29895d3bdcdf80ac0cbdce2a65392c7e14b11f07ec,c4704a95cedaa37577f377c6ecb1f67f64b2816a8f42255e50d8cc2dde124993,86665ba4c1adeb16ff80fbf7809b139ba2f9af5ed50927a2cb8aa6afa3a87a4e
F3B2D004105,NUMERICAL_STABILITY_EXTRA,F3BBG_N120_A0_Q002_R046:NULL:PRIMARY,1,8748bed291acb2fd2ebb11c913eb5cef385e81b658448bbbe5169e053bff90c3,VALID,3,-622.5838908160739,-618.0144396849108,-616.6561661412887,-4.569451131163078,1.35827354362209,False,61.93049301460031,formal_m1_center_not_selected,70c0a6e7178041ff09e6d0d0f8cdaa069c6dc6fa0b00aee567db5ad34ca51af5,3ee62af8b33621ab11a8f359c4f3eaf1a7e7086c94c548a648c2de7dcf4338be,daaf9845f04b4d7e9643ed17eb0ebcad342457f5cc429e526e7f004fe3e26ca5
F3B2D004113,NUMERICAL_STABILITY_EXTRA,F3BBG_N120_A0_Q002_R046:NULL:PRIMARY,9,8748bed291acb2fd2ebb11c913eb5cef385e81b658448bbbe5169e053bff90c3,VALID,3,-622.5838908160691,-618.0144396851248,-616.6561887219123,-4.569451130944344,1.3582509632125266,False,61.93049387339866,formal_m1_center_not_selected,f4e90b0651dc6bf9b763deae11e21e54ab8d2f27ae5afbdf6d7e2434a708b464,560cd20b67994097115f5737197a78cb444bb67b00894db70e7e368d9c5cd8e7,5bab5f7a91bc9b7658f5dabe02b05bcbf88cbd22074cfb9b49927dc17ad4e3aa
F3B2D002852,BASELINE,F3BBG_N120_A0_Q002_R046:POS:PRIMARY,0,8f68311969b3661210bfae0ec6997c74a52e5d923a6a7e3eebba70cb2a8b033a,VALID,3,-588.9641291766495,-605.432572659823,-584.5810376955571,16.468443483173473,20.851534964265852,True,65.64513982209247,recovered_period_selected,98ad9979d22b4540adf9fecdd7570c463e694048561804aff0dd524198364659,ca1f749f53f7a1e64008f0d407d11f97bfd06de1f2cd47827aad036ce4513324,51fbb5898d5a917e308dc07bf607a1cb73a3b9ec5d6e5b5bb195cfc6602cf274
F3B2D004114,NUMERICAL_STABILITY_EXTRA,F3BBG_N120_A0_Q002_R046:POS:PRIMARY,1,8f68311969b3661210bfae0ec6997c74a52e5d923a6a7e3eebba70cb2a8b033a,VALID,3,-588.9641291766408,-605.4325726603911,-584.5810324637299,16.46844348375032,20.851540196661176,True,65.64516591925775,recovered_period_selected,cb7b1dd31ec39e4c974fa55f6c31c4c713744c4a1e28a0688148d8cf8f8b3b5c,9ef68973efcb0fa47896d2730777448163fc74c2f305de08f98239e54e99fca5,8dfb032f2beb7f0a01a6a8ba5be48699a3735a04e2fc3ba34153b187b53c4b68
F3B2D004122,NUMERICAL_STABILITY_EXTRA,F3BBG_N120_A0_Q002_R046:POS:PRIMARY,9,8f68311969b3661210bfae0ec6997c74a52e5d923a6a7e3eebba70cb2a8b033a,VALID,3,-588.9641291766443,-605.432572659056,-584.5810478081386,16.468443482411658,20.85152485091737,True,65.64517582642712,recovered_period_selected,1cc078832dd09e2c5e12b11cede4900fe94a2ad29f72d02bf894db8c430fae3c,9107e87fe5ba870ca8ea4e7b2b4092381b55c841785b67766795172eb7721bd0,85e1f9aabd568a2fc7f65f8bf9033f34d59691ebb64f01ffbb03eb2639d71497
F3B2D002985,BASELINE,F3BBG_N120_A0_Q004_R082:NULL:PRIMARY,0,c1ba2179847f1ef1292d5a67c1eb7b6c6f3e25fbaa983bf447b2c1d667ec7198,VALID,3,-612.7817420437489,-603.1524228163285,-605.6180535030711,-9.62931922742041,-2.4656306867426565,False,66.01207168671344,formal_m1_center_not_selected,a002270920eacc1a3fe2abc3545e8eaf43277c81b00cf1d6c3db71e51df30714,e31bb92a4c808d7d3fc2a79985e39e2e7347eac3c6f4aae311d985fc156ddce0,f174929e760625aa81ac3357404a89c2480022d789213f577b395a79216768b5
F3B2D004123,NUMERICAL_STABILITY_EXTRA,F3BBG_N120_A0_Q004_R082:NULL:PRIMARY,1,c1ba2179847f1ef1292d5a67c1eb7b6c6f3e25fbaa983bf447b2c1d667ec7198,VALID,3,-612.7817420437534,-603.1524227981341,-605.6180533891816,-9.629319245619286,-2.465630591047443,False,66.01191382457628,formal_m1_center_not_selected,8d56b39ca05fb0990a686c3b0ea2c1544a154afe0ab5974a8c5625220aa56aef,450ca1c7d073dcbd31e29b7cfb601676dbb60f4f4aa7c60ff50ac80db8ab061b,d599cab08965443248cc689459021725105927d20d73522b7ac5b1e6874af9c9
F3B2D004131,NUMERICAL_STABILITY_EXTRA,F3BBG_N120_A0_Q004_R082:NULL:PRIMARY,9,c1ba2179847f1ef1292d5a67c1eb7b6c6f3e25fbaa983bf447b2c1d667ec7198,VALID,3,-612.7817420437405,-603.1524228204623,-605.6180534727367,-9.629319223278117,-2.465630652274399,False,66.01207212813613,formal_m1_center_not_selected,9cc8c44a7b7cdcc71e5748336b449df2c31318e7d2f0f5828d8832efdb7fd2ec,499a10ca9f2b8302cefe0426199047f973bf4f33547097a0a1acd5ddd8034f37,56cdf853b2eaee2c11acfe40ffc26f7ea7b655c18eec66afc87c8870fd26526e
F3B2D002986,BASELINE,F3BBG_N120_A0_Q004_R082:POS:PRIMARY,0,613d5468ab241e0e52a99b1605be5745e5b9c490ba0ba44632336696ec3a2a79,VALID,3,-581.8174423764873,-588.0680405639952,-581.9363883872505,6.250598187507876,6.1316521767446375,False,184.2187953615456,formal_m1_center_not_selected,5e2cbe7e76686df7fc74453d11c0e253c0654fb3efb2ab63755567e99397f235,a1fc7bae860584e78e74529073c5d146549b77076bc0f39b585e4fa99a26fc91,28c31c6f54aa65d72e8a37d9c48591efa4c4e72e9a732cee6a070486a0e58069
F3B2D004132,NUMERICAL_STABILITY_EXTRA,F3BBG_N120_A0_Q004_R082:POS:PRIMARY,1,613d5468ab241e0e52a99b1605be5745e5b9c490ba0ba44632336696ec3a2a79,VALID,3,-581.8174423764877,-588.0680405745969,-581.9363900404953,6.250598198109174,6.131650534101595,False,184.21834046533542,formal_m1_center_not_selected,1434072e89a438795658807bfe91de81a4d2bc2f12633ead77f1a3391cde56f7,0fef906812337484e069e8a9b288bb27ac5d7f6a8081b56b6d23c90d07626f3c,46a36cc31f5b65180ab7d572e4c8075e28a1e407ce017f5e75a74e5e106bed88
F3B2D004140,NUMERICAL_STABILITY_EXTRA,F3BBG_N120_A0_Q004_R082:POS:PRIMARY,9,613d5468ab241e0e52a99b1605be5745e5b9c490ba0ba44632336696ec3a2a79,VALID,3,-581.817442376481,-588.0680405743116,-581.936390150689,6.250598197830527,6.1316504236225455,False,184.2182783030994,formal_m1_center_not_selected,88738e21d31b049662a0e172c0b0557de8cadd60621ff56da701148dc23ffaca,30be08bdfade35433bfa5754c241a9673c804c225b688b1caee5439c6bba380d,84c97acaa22b79f4e7f9adcbde5664e80b7291fbd849d9a64dc4054e83563308
F3B2D003025,BASELINE,F3BBG_N120_A1_Q001_R024:NULL:PRIMARY,0,2e5e199aa1acc37f0615863204ff51698d9eb634017fdbb97d3f402eae843e99,VALID,3,-692.0638681738067,-684.7856767870402,-685.3805611831173,-7.27819138676648,-0.5948843960770773,False,59.51256346808502,formal_m1_center_not_selected,00db254eee6c0f1f239659b63bbf7a522361359afd5db50d83a342543a6b4cce,bc559823ca4644b5170120c2a4829bf147b12341210a729424a491aee88dd6f2,bded99939a8453973fd4e763838e7306c0f87f95b7fcff1187600bd355471075
F3B2D004141,NUMERICAL_STABILITY_EXTRA,F3BBG_N120_A1_Q001_R024:NULL:PRIMARY,1,2e5e199aa1acc37f0615863204ff51698d9eb634017fdbb97d3f402eae843e99,VALID,3,-692.0638681738287,-684.7856767883342,-685.3807535634998,-7.2781913854945515,-0.5950767751655803,False,59.5125568671614,formal_m1_center_not_selected,4e23c0c2ffd99b7f360823eb0627c6124e3ae001ea1ac588783ff642ac13ddcb,ec812e7c8f3112277c4e332e35138472d13a7b0bc69989000899bcb530c2ad4d,0039e30fbfe96d78d54230df619926f87d912f553b46731793cbf1556e91db4b
F3B2D004149,NUMERICAL_STABILITY_EXTRA,F3BBG_N120_A1_Q001_R024:NULL:PRIMARY,9,2e5e199aa1acc37f0615863204ff51698d9eb634017fdbb97d3f402eae843e99,VALID,3,-692.0638681738285,-684.7856767899451,-685.3807540292167,-7.278191383883382,-0.5950772392716317,False,59.51257707331889,formal_m1_center_not_selected,9ce48921b8b61543db99ef84b406960cb4fe4367d2c08f07b693c0ed68832555,14b39c44ff1700686eb4ba1b501f10da11499e23503be704fe0b2f8787432488,103a36ff2fb81da725e57aaa01753974c16fadd56590cf3da0c2321bcf91a5ba
F3B2D003026,BASELINE,F3BBG_N120_A1_Q001_R024:POS:PRIMARY,0,28126f30e7897e9bc3f6479bdeb3d3e61dba59ab48c0188bd0bf5ede1f7b527a,VALID,3,-673.2765820923455,-677.7725521503831,-668.175802580846,4.495970058037642,9.59674956953711,False,60.7711543017882,formal_m1_center_not_selected,86deef4fc9b4a45600f1e02f11bd2974ad9e5e62f05e7610bcc81393d25139ce,568978fbcee9eef4e7cb1c947e416d209c73db722b0ab653cc9fa1728601c657,116dc85d09669fea7bf05524f1e72e557c6f2d191afb8d72bbfe316ffc3d0ee8
F3B2D004150,NUMERICAL_STABILITY_EXTRA,F3BBG_N120_A1_Q001_R024:POS:PRIMARY,1,28126f30e7897e9bc3f6479bdeb3d3e61dba59ab48c0188bd0bf5ede1f7b527a,VALID,3,-673.2765820923511,-677.7725521463605,-668.1758082648474,4.495970054009376,9.59674388151302,False,60.77117136290317,formal_m1_center_not_selected,0e86ada5531768d4b12f845e9eee3d03df69d982fca0e9e1ea3bca193868f7e7,6c3c69cbc3f4820fd6b3c6f781837e26ef54a40c2a25f8524cf1a5e3141427fc,96e860a3f1834a49da930c7a2c330cf662f7b25b4b87c825ea1f2a2167d9d369
F3B2D004158,NUMERICAL_STABILITY_EXTRA,F3BBG_N120_A1_Q001_R024:POS:PRIMARY,9,28126f30e7897e9bc3f6479bdeb3d3e61dba59ab48c0188bd0bf5ede1f7b527a,VALID,3,-673.2765820923461,-677.7725521501355,-668.1757999321406,4.495970057789464,9.59675221799489,False,60.77115611414245,formal_m1_center_not_selected,d013abdc7397f2927a069ee402eca1619e2646e4f983a69dc2120fd44ff87d0a,8d5736dea0b2718e431edeabf8267aa79917129f03317fcd3c79adb569ff6e5c,e4a9d5e3ab578b5b5ac884e631ab991abea81bd6e174f4ad946f31ad3095b897
F3B2D003101,BASELINE,F3BBG_N120_A1_Q002_R004:NULL:PRIMARY,0,9f36d5d67ab4ec18aad186868c74a7e51d6a286184a361bbaac47584e8f59260,VALID,3,-699.0545450485051,-688.5719776946166,-692.486453619849,-10.482567353888498,-3.9144759252324093,False,43.826277064983834,formal_m1_center_not_selected,545088398944e621371a147ba712dd85a2aa160670eef6786e2251d6e5f3a63e,c76d738424e38c7c8904099ce439a2777dad5279945f57162715400746107db8,cb4bf12f27be93bcb48f166f5f955f1e97ad95f072639d6fa1b45198dc8c8b74
F3B2D004159,NUMERICAL_STABILITY_EXTRA,F3BBG_N120_A1_Q002_R004:NULL:PRIMARY,1,9f36d5d67ab4ec18aad186868c74a7e51d6a286184a361bbaac47584e8f59260,VALID,3,-699.0545450485039,-688.5719776890961,-692.4766491018806,-10.482567359407767,-3.9046714127845235,False,43.82620673425157,formal_m1_center_not_selected,3b0603e163feb219539d893f84c2414e0daf573a64c5b95553fc553e07e537be,a3aa1e438f65ef7f809e9f700f290ba47625ef4983bc3a3d4e8f173730389593,40b930c6805b080a8e08f8a8fc24ec9a5b60561921fba44c9c3d127c5d9bd926
F3B2D004167,NUMERICAL_STABILITY_EXTRA,F3BBG_N120_A1_Q002_R004:NULL:PRIMARY,9,9f36d5d67ab4ec18aad186868c74a7e51d6a286184a361bbaac47584e8f59260,VALID,3,-699.0545450485043,-688.5719776938305,-692.4865623253361,-10.482567354673847,-3.9145846315055906,False,43.826121389905865,formal_m1_center_not_selected,d946e07aff8635721d465ae9d3f46a39b817b581c5e5a72dfcb1c6bb295355d8,3be689aac52309e938913f58b12b982abff8e27201efdee1554eee0772846950,25e2d1e29074b8098c3a807748f8e81e42d059107b0733e755c7fc8a9ea76526
F3B2D003102,BASELINE,F3BBG_N120_A1_Q002_R004:POS:PRIMARY,0,cafcedb237aa575154de3accb1e691559ae6e2b6ff4c654dce9b3d5573f89f6b,VALID,3,-624.3923212461173,-646.887753024217,-619.3505223134123,22.495431778099714,27.537230710804693,True,54.93644872655161,recovered_period_selected,f734f53040473c1b74ce2bf3292c7341bf7d40b80aff6b63ecee7ed5e926eb61,e14c9ef119b90c0f27a888149859ee814df0c1cb752cbd47e069ad549ac4e8e4,1babc1fb235a6fb5436e8dbe92f998c764ec51c644b79d87d63d64455a2a184e
F3B2D004168,NUMERICAL_STABILITY_EXTRA,F3BBG_N120_A1_Q002_R004:POS:PRIMARY,1,cafcedb237aa575154de3accb1e691559ae6e2b6ff4c654dce9b3d5573f89f6b,VALID,3,-624.3923212461194,-646.8877530252735,-619.3505244670762,22.495431779154046,27.537228558197285,True,54.93645366823194,recovered_period_selected,b0bdea3c59012404648a80492baa8323994ef8f5d602b385c4843b0921f9f48d,9d186fe8997edbcce5df695db5960c7a7860d78092de5407105234d172042bff,050dc37d917fe5502c98ebaaab495ff2004d44071c4d12b61ec9cf9c4bf72c0b
F3B2D004176,NUMERICAL_STABILITY_EXTRA,F3BBG_N120_A1_Q002_R004:POS:PRIMARY,9,cafcedb237aa575154de3accb1e691559ae6e2b6ff4c654dce9b3d5573f89f6b,VALID,3,-624.392321246121,-646.887753025272,-619.3505251145966,22.495431779150977,27.53722791067537,True,54.93645610919521,recovered_period_selected,38cd3f0a2b362cb584f8bca159d93b33734f5db0c338269ca47cdf08303dfebd,160571b1084bf2e0350176d20397f3b40723095a1afeb85912407408ad200d65,806741c99ae717ce57c42acadfe39d3eccc830dc4a63468bc99867d241a636f8
F3B2D003261,BASELINE,F3BBG_N120_A1_Q004_R058:NULL:PRIMARY,0,e8b6fb252396e8225c81b4aabeb7e47f2f3d82d0bea81c7b9dad0222bf74deb9,VALID,3,-696.4917796170862,-685.6026059502914,-688.7154564089807,-10.889173666794818,-3.1128504586893087,False,47.3705302919835,formal_m1_center_not_selected,46ef8978e361598eea74e4194c664dca9d31c6bf1be7cd3099c611b11c63e134,811d5692d0d1240d1ed5d54024a4cb039440f30466d3d249ce72a6b836c6464e,7dd3d0c493e33f6cbdbc748c598c0e65e5df7d7da94ab7e036f2d478276569eb
F3B2D004177,NUMERICAL_STABILITY_EXTRA,F3BBG_N120_A1_Q004_R058:NULL:PRIMARY,1,e8b6fb252396e8225c81b4aabeb7e47f2f3d82d0bea81c7b9dad0222bf74deb9,VALID,3,-696.4917796170863,-685.6026059542568,-688.7154581426063,-10.889173662829535,-3.112852188349507,False,47.37060965457094,formal_m1_center_not_selected,53a97b0b4c97fcb05be70c0d0f74e951089c6e2ba6f8a27ea88fd72ae74da129,04312380896a982969f3b1061c106e443442287b8c8b7d33330eceb9589c896a,d647cc8e985e809e6e96afe9a7d6abbd6d17a4210227527a9f24bf8b21422767
F3B2D004185,NUMERICAL_STABILITY_EXTRA,F3BBG_N120_A1_Q004_R058:NULL:PRIMARY,9,e8b6fb252396e8225c81b4aabeb7e47f2f3d82d0bea81c7b9dad0222bf74deb9,VALID,3,-696.4917796170594,-685.6026059537037,-688.7149956437916,-10.889173663355677,-3.1123896900878663,False,47.37063717630699,formal_m1_center_not_selected,e25d6738db3edf1124a3680a0ec89208cc2500876771a785b9a29f83b98f59a7,82ff2b9bb41df19eed24fb1bf3518c1d7e1f7961aacedeba8756674297a714e2,f1810e9d9ba93e5d19b5b5e21670a34148ee630a9ebcc682b6b24d78a69eb505
F3B2D003262,BASELINE,F3BBG_N120_A1_Q004_R058:POS:PRIMARY,0,27f736bd51196fca8f8d721802ef53ae04c784011b076f41ef9707211748eca7,VALID,3,-692.059887392314,-682.3904809779406,-684.2904093515268,-9.669406414373384,-1.899928373586249,False,219.12070075690443,formal_m1_center_not_selected,eb601a3f517450704fc3b1a9faae92dbaed19dcb11c4d55978c3f137dedf7da1,c8dfbf9c7fecdea7f973b4c32d1fc9b8b76c04e609d09e32b68f0df1551156ed,d892abb75efe44509244abf5f0a89d6b67de937f206ef4ea15c6ce0c54824b2c
F3B2D004186,NUMERICAL_STABILITY_EXTRA,F3BBG_N120_A1_Q004_R058:POS:PRIMARY,1,27f736bd51196fca8f8d721802ef53ae04c784011b076f41ef9707211748eca7,VALID,3,-692.059887392312,-682.3904809782023,-684.2904112982781,-9.669406414109744,-1.8999303200757822,False,219.12070838902886,formal_m1_center_not_selected,5543d0b7ce55c68c769f21138201f6d8f91b03166d854d299f2dacf7be2049e7,800f7623812282a3b9f4ad4d7ee0f7353f2cb5f0784412dac9338f326f67f9c5,44ce78ececcee9a33f78fc8712ca81f128c846f4ac7868c3484f11fe7fa7fbf9
F3B2D004194,NUMERICAL_STABILITY_EXTRA,F3BBG_N120_A1_Q004_R058:POS:PRIMARY,9,27f736bd51196fca8f8d721802ef53ae04c784011b076f41ef9707211748eca7,VALID,3,-692.0598873923217,-682.3904809740366,-684.2901002846331,-9.66940641828512,-1.899619310596563,False,219.1203205401695,formal_m1_center_not_selected,4581c05bf95c645f702fd48e411fbed7a550aa310ac52462bd5f8b74b9ff08be,350aebb5d2521e32874911b493146ef8c492a243af5e151bb77582e6b4b9dc49,5153d40cbe6e6fd841ca8c8b5ee237e182b19a7b21777a44501858aae3e7e7f9
F3B2D003343,BASELINE,F3BBG_N120_A2_Q001_R048:NULL:PRIMARY,0,c019453750439af4b80b9a6c78fea1a07f849452f4e92ccd37ef9ff2fe1d9d39,VALID,3,-749.1489583251014,-737.428316442541,-741.6701092754539,-11.720641882560358,-4.241792832912893,False,44.47628573027357,formal_m1_center_not_selected,0a033fe1226a9ec35942006d9693bd3a8112f154cd80375a29f6b2c8f4056c84,8ea58b059eb91a62e8420c3a119d87c50bcaaeb6773331f57ee8121229a2ba16,632ffa6beb6099ba2b57645e9491fba656efbd9bd6b1de0e97ac42267960f984
F3B2D004195,NUMERICAL_STABILITY_EXTRA,F3BBG_N120_A2_Q001_R048:NULL:PRIMARY,1,c019453750439af4b80b9a6c78fea1a07f849452f4e92ccd37ef9ff2fe1d9d39,VALID,3,-749.1489583251249,-737.428316445143,-741.670109206716,-11.72064187998194,-4.241792761573038,False,44.47620367601724,formal_m1_center_not_selected,2e269e8264ba8917b79fe4c0e4528f1a868149fdebf6f2d03ebe3d81a68e2872,ddf93dc357a5f0ff90e6d57ef9853adf16ed6e96e5cb14b2823066a13b6b072b,c4f37b2d35a0fa88f3016bef1c0e76fc2bd26fabfad66ab8524a4e22aa74f371
F3B2D004203,NUMERICAL_STABILITY_EXTRA,F3BBG_N120_A2_Q001_R048:NULL:PRIMARY,9,c019453750439af4b80b9a6c78fea1a07f849452f4e92ccd37ef9ff2fe1d9d39,VALID,3,-749.1489583251232,-737.4283164448179,-741.670109300018,-11.720641880305266,-4.24179285520006,False,44.47630722930565,formal_m1_center_not_selected,347c3057a0f407c2cca0dd7bd8bca1b421b961924a95adbb0575c935a42dc543,b36e1ee7ca878bdf7adc3abde7c622b0f80f01f0834312f2c9e451466dc2e1d6,945ac25062682a5a0b97f35852826ccf8816d108a568cc535b03e135b522050a
F3B2D003344,BASELINE,F3BBG_N120_A2_Q001_R048:POS:PRIMARY,0,6cb9706cd26717c96d4fb38154bf5237f8eb88ba8b014d548cf717222450c2f4,VALID,3,-727.0958010717154,-725.0255757302489,-721.2535119205347,-2.0702253414665392,3.7720638097141546,False,84.84524628225816,formal_m1_center_not_selected,784db04a531658cca46bb0d399a82268f4fed91c2f7120e2c4cb2c32ff2ff887,1c78cae0008d27c9380d1c5aa581d6d3012b8dff0d1d9372610ec9f7011b848a,ae066afa6612393e5c49ecaa3ebcdbb10f16d24707145b9e6e1c19f66dd619dc
F3B2D004204,NUMERICAL_STABILITY_EXTRA,F3BBG_N120_A2_Q001_R048:POS:PRIMARY,1,6cb9706cd26717c96d4fb38154bf5237f8eb88ba8b014d548cf717222450c2f4,VALID,3,-727.095801071725,-725.0255757213829,-722.9126837812303,-2.0702253503420707,2.112891940152622,False,84.84518980908193,formal_m1_center_not_selected,a753ec2c2ea54c5505054b7a0667cdfecb51301325fab5a7d38a1650be3d2143,b65bc7e68ee8657855bf7075f69151f75a9d18e79305b59ca5ef042f11673a68,cfa8d0480734e0c157c4949fe8a6197b6f5428df42edd92d463ee7b7870da8ca
F3B2D004212,NUMERICAL_STABILITY_EXTRA,F3BBG_N120_A2_Q001_R048:POS:PRIMARY,9,6cb9706cd26717c96d4fb38154bf5237f8eb88ba8b014d548cf717222450c2f4,VALID,3,-727.0958010716859,-725.0255757182765,-722.9126837811701,-2.0702253534093416,2.112891937106383,False,84.84511732111116,formal_m1_center_not_selected,a97b1ae2037d2a92a7ceb4796aec0939968f86e52fd60ef09b7c6a3f0f17a9c9,24d61950e7f16ac3aa131f36d04af1591603d15361e173c4c333fa60839b3e11,ddb8c07391e77794c6f27f9dcc74f1d4d84837d2f19f3ea5f41134360e9e76a8
F3B2D003445,BASELINE,F3BBG_N120_A2_Q002_R051:NULL:PRIMARY,0,690fe3e19a6f5250f6fc9555d15c297b4883485485053ad485e6a0c63f8327ce,VALID,3,-755.0641544363621,-743.5918172939463,-748.3157734214436,-11.472337142415768,-4.723956127497331,False,299.99999999999994,formal_m1_center_not_selected,e81c2d448697e197495f9d804b428e9071193c4cd7187e86e5648d98950473ca,4f066c654a9775b55ec73c13d52106130ff012dd7573924aef95011ddb2df05e,cd855110c464cddd42c8b5a534ac0a8b634c71aacc478b9b53a1eaf58bd1967e
F3B2D004213,NUMERICAL_STABILITY_EXTRA,F3BBG_N120_A2_Q002_R051:NULL:PRIMARY,1,690fe3e19a6f5250f6fc9555d15c297b4883485485053ad485e6a0c63f8327ce,VALID,3,-755.0641544363758,-743.5918174639933,-748.3157769285209,-11.47233697238255,-4.723959464527638,False,299.99999999999994,formal_m1_center_not_selected,b06bbc0a734084ac8026a80af57490b3583128e3aaf728cefe55f2eb5c0336cc,6577b489abfb387e37c3fd6065ee20fec39c1d85dca251680413380ebc1e7434,c634b964570d6eeb1fe5139c137bc2763d2b554b7727e0f2dd6ca9f16f98c0a9
F3B2D004221,NUMERICAL_STABILITY_EXTRA,F3BBG_N120_A2_Q002_R051:NULL:PRIMARY,9,690fe3e19a6f5250f6fc9555d15c297b4883485485053ad485e6a0c63f8327ce,VALID,3,-755.0641544363589,-743.5918174655155,-748.3157765897467,-11.472336970843344,-4.7239591242312144,False,299.99999999999994,formal_m1_center_not_selected,a19b22455c91bc5bedf0d6429e43f0ef848ddc47aff9b3080a8cd64db463a1a8,60748da31404558e36314d9127e9c72755cb24c9b6a540e527464030e53862c2,90532ecbe6838ba40060476bd6f2eba83a7ff2c5b73e2a050d1e255efc43fa37
F3B2D003446,BASELINE,F3BBG_N120_A2_Q002_R051:POS:PRIMARY,0,d877a6aef6a905ea3cf8164a499b45ac27a06cc714ce8a103aeba7e5ce16c16a,VALID,3,-732.5960806290677,-729.6732814122291,-730.5208733455299,-2.922799216838598,-0.8475919333008051,False,154.60018780222393,formal_m1_center_not_selected,465f469e0eb2f392501d813b6cdbcd4e589ce3df45c18de6da13b86565f8ea52,0cbacf7be3c99c7f523571a8d00f60a463238cb1579d8babc77628e0f839d492,9ac134f828a4a6c7a237ff1e3c87938deb92ca8a962becd36d23cf27f4374284
F3B2D004222,NUMERICAL_STABILITY_EXTRA,F3BBG_N120_A2_Q002_R051:POS:PRIMARY,1,d877a6aef6a905ea3cf8164a499b45ac27a06cc714ce8a103aeba7e5ce16c16a,VALID,3,-732.5960806290691,-729.6732814124289,-730.5208736839694,-2.9227992166402146,-0.8475922715405204,False,154.6002159708845,formal_m1_center_not_selected,6b62f04e6291820bb4abccad92b81abadaf9eacca9df84127fef0bd1a3819e8f,db73ff8bf3a41acbf6938f13b8fb3aac2575e646bb056035115c0d8ecde9a7ff,5488fcd07f5de33850c4d40a83283be01bdc1f95c9eec37f4cbcd2335d526358
F3B2D004230,NUMERICAL_STABILITY_EXTRA,F3BBG_N120_A2_Q002_R051:POS:PRIMARY,9,d877a6aef6a905ea3cf8164a499b45ac27a06cc714ce8a103aeba7e5ce16c16a,VALID,3,-732.5960806290672,-729.6732814118244,-730.520873771045,-2.922799217242755,-0.8475923592205845,False,154.60024536487322,formal_m1_center_not_selected,d0692ab5b2205f46fd38530eae3a8594a7e611ce3fbdca0b7559cadde9fb3cfa,3a6d5da454dba1546a1217af0247ed7ce2f83ac046d345df2557b987994fe108,e737e551dd1b0aa6ab8ff14991a0ff9b1bb6ff7fe0edb2f97874601f72d426bb
F3B2D003539,BASELINE,F3BBG_N120_A2_Q004_R038:NULL:PRIMARY,0,3a6f02bf49f4f8a1939bfebd2ad047d48b44b7fc3b3ed6e2e2df2ad1f89c7155,VALID,3,-749.9251173851773,-738.1492093341867,-742.6081783118027,-11.775908050990552,-4.458968977615996,False,43.190504473515986,formal_m1_center_not_selected,91b34e69a2f556f669b667f19a89181a88c3102365e2b13caacabe7600c104a5,e70b7296429f76d2af58da8b9844ade999803a636718ca176d686e0fb10b8e57,6ba717eaca533a4803faefc194539d88ca595bcf2bc2f42c750f9b8e997385ea
F3B2D004231,NUMERICAL_STABILITY_EXTRA,F3BBG_N120_A2_Q004_R038:NULL:PRIMARY,1,3a6f02bf49f4f8a1939bfebd2ad047d48b44b7fc3b3ed6e2e2df2ad1f89c7155,VALID,3,-749.9251173851711,-738.1492093205533,-742.6081783099213,-11.775908064617852,-4.4589689893680315,False,43.19073853528053,formal_m1_center_not_selected,9de5893c46cfb8a04bda262e36b316cc8b58475e6b65837bfebb114bbb932d20,53fd97997731bbafc494617bcdc7e298cd32135206c21a26de998e02c42e83a6,8a1ad43542961eea53a9a33c53aa0d3f8ee6497b328c381c7feab86d18b75daa
F3B2D004239,NUMERICAL_STABILITY_EXTRA,F3BBG_N120_A2_Q004_R038:NULL:PRIMARY,9,3a6f02bf49f4f8a1939bfebd2ad047d48b44b7fc3b3ed6e2e2df2ad1f89c7155,VALID,3,-749.925117385173,-738.1492092399122,-742.6080893151725,-11.775908145260814,-4.458880075260254,False,43.19199593995757,formal_m1_center_not_selected,98bef1484b8e4b1598a7627bdae21111697a9913baee17e304ddcb195a666668,5470614b60c896f85144bf0c518723528194ce7afb4acac7ae74a8d0b547371e,2addbc8b0a382c0fd435426cb61d7b03f2fa869f896f519e582c8fd68a1b2361
F3B2D003540,BASELINE,F3BBG_N120_A2_Q004_R038:POS:PRIMARY,0,0f2c0679adb618826a0dab6c38596eaa02ebdcef11d13659d0d112acdcaa8f34,VALID,3,-729.8420484899062,-729.784437021208,-728.6907954170872,-0.057611468698269164,1.0936416041207622,False,235.31499801769863,formal_m1_center_not_selected,7a6ad4f1b7409f8d498c6b4c9309510870191678562e2c7707e7489a5a9c77b1,0fe35fe951d22f236976bb4140df8ff510d64915e43b1103edd0703a259491dc,83f2e20448824977b46e5a003a5268eb0c47d28269e277de8d907fb451283898
F3B2D004240,NUMERICAL_STABILITY_EXTRA,F3BBG_N120_A2_Q004_R038:POS:PRIMARY,1,0f2c0679adb618826a0dab6c38596eaa02ebdcef11d13659d0d112acdcaa8f34,VALID,3,-729.8420484899094,-729.7844370836445,-728.6907953496642,-0.05761140626486849,1.0936417339803484,False,235.3138911690448,formal_m1_center_not_selected,a2baff4c0e048ece76c965f438106f9ac8d4622938cdca83b6ed1d16eda46ef4,e8fe0e1f2ed9e2b5fede593d6b7b3c45b42e3c1623b7737059444d098c8b0e3b,ea6392dd17d78eef60c9a4053feb87fc41e59176045e5fe9fc1bb7a4114349e2
F3B2D004248,NUMERICAL_STABILITY_EXTRA,F3BBG_N120_A2_Q004_R038:POS:PRIMARY,9,0f2c0679adb618826a0dab6c38596eaa02ebdcef11d13659d0d112acdcaa8f34,VALID,3,-729.8420484898909,-729.7844370840916,-728.6907954088294,-0.05761140579932089,1.0936416752621199,False,235.31388366768348,formal_m1_center_not_selected,9560df88ea51bb6563577304ff8a297160c1ac45b2b01dbca33ab652200400f4,9ab57d4eebd33b73767484ec6c81eb8beee2e722af7793fc19c700e25d1fca16,39a79119b3908ab81cf0d68b3e513d43eb9f25db85e88e4955d5ccf7875ac6f9
