job_id,job_order,planned_decision_id,simulation_unit_id,external_optimizer_seed,model_id,source_payload_logical_sha256,destination_payload_logical_sha256,source_result_core_sha256,destination_result_core_sha256,job_identity_match,payload_identity_match,payload_materialization_match,result_core_sha256_preserved,result_core_recalculation_match
F3B2J0000031,31,F3B2D000011,F3BBG_N015_A0_Q001_R013:NULL:PRIMARY,0,M0,f72f18f31419c88f61e23f524762e509ed2616e2c1d728aeb6574ae5295c26de,f72f18f31419c88f61e23f524762e509ed2616e2c1d728aeb6574ae5295c26de,406449894284122f67bf8eb52cdf0dfaa8a165961c959624c770c34e07302de9,406449894284122f67bf8eb52cdf0dfaa8a165961c959624c770c34e07302de9,True,True,True,True,True
F3B2J0000032,32,F3B2D000011,F3BBG_N015_A0_Q001_R013:NULL:PRIMARY,0,M1,f72f18f31419c88f61e23f524762e509ed2616e2c1d728aeb6574ae5295c26de,f72f18f31419c88f61e23f524762e509ed2616e2c1d728aeb6574ae5295c26de,af12c0857f082a80b680266cce032ce7c7bf67a4ca227f93233001b0c458a655,af12c0857f082a80b680266cce032ce7c7bf67a4ca227f93233001b0c458a655,True,True,True,True,True
F3B2J0000033,33,F3B2D000011,F3BBG_N015_A0_Q001_R013:NULL:PRIMARY,0,M2,f72f18f31419c88f61e23f524762e509ed2616e2c1d728aeb6574ae5295c26de,f72f18f31419c88f61e23f524762e509ed2616e2c1d728aeb6574ae5295c26de,153039ecb97277ff988e59f4c30036aecee68d5caa570acc5d2da855655bf6c9,153039ecb97277ff988e59f4c30036aecee68d5caa570acc5d2da855655bf6c9,True,True,True,True,True
F3B2J0000034,34,F3B2D000012,F3BBG_N015_A0_Q001_R013:POS:PRIMARY,0,M0,e159398bfbb682f2af04f08357a0a890135006a086a80ace04315c7bab9b765e,e159398bfbb682f2af04f08357a0a890135006a086a80ace04315c7bab9b765e,3b0a7fb04d5fbcd151028ed0ec664bddd8a6ad082f8430e30245e1e3ec418a8c,3b0a7fb04d5fbcd151028ed0ec664bddd8a6ad082f8430e30245e1e3ec418a8c,True,True,True,True,True
F3B2J0000035,35,F3B2D000012,F3BBG_N015_A0_Q001_R013:POS:PRIMARY,0,M1,e159398bfbb682f2af04f08357a0a890135006a086a80ace04315c7bab9b765e,e159398bfbb682f2af04f08357a0a890135006a086a80ace04315c7bab9b765e,1e72ae8e300ec108ca8931843f15ba2d8a0032c378b10c5cf436edc068f8022f,1e72ae8e300ec108ca8931843f15ba2d8a0032c378b10c5cf436edc068f8022f,True,True,True,True,True
F3B2J0000036,36,F3B2D000012,F3BBG_N015_A0_Q001_R013:POS:PRIMARY,0,M2,e159398bfbb682f2af04f08357a0a890135006a086a80ace04315c7bab9b765e,e159398bfbb682f2af04f08357a0a890135006a086a80ace04315c7bab9b765e,9d88f6b0fb76d40a981b8d033d9ea76b70ef6a58934ddf580ad2e7775fb69fb3,9d88f6b0fb76d40a981b8d033d9ea76b70ef6a58934ddf580ad2e7775fb69fb3,True,True,True,True,True
F3B2J0000319,319,F3B2D000107,F3BBG_N015_A0_Q002_R012:NULL:PRIMARY,0,M0,ca27cdbfe79869e5aed8cea05f1215e6bac1d195c2212c8d80dc38e2e8664e1b,ca27cdbfe79869e5aed8cea05f1215e6bac1d195c2212c8d80dc38e2e8664e1b,fe5046c097afbb0d8922c3fdc6bd6b0c7e46e8a1a436ca544d22605559a9ea0a,fe5046c097afbb0d8922c3fdc6bd6b0c7e46e8a1a436ca544d22605559a9ea0a,True,True,True,True,True
F3B2J0000320,320,F3B2D000107,F3BBG_N015_A0_Q002_R012:NULL:PRIMARY,0,M1,ca27cdbfe79869e5aed8cea05f1215e6bac1d195c2212c8d80dc38e2e8664e1b,ca27cdbfe79869e5aed8cea05f1215e6bac1d195c2212c8d80dc38e2e8664e1b,6fa832fa444e5cf999d309864c52664ecee1535eb870ed1f2613d2df986f163d,6fa832fa444e5cf999d309864c52664ecee1535eb870ed1f2613d2df986f163d,True,True,True,True,True
F3B2J0000321,321,F3B2D000107,F3BBG_N015_A0_Q002_R012:NULL:PRIMARY,0,M2,ca27cdbfe79869e5aed8cea05f1215e6bac1d195c2212c8d80dc38e2e8664e1b,ca27cdbfe79869e5aed8cea05f1215e6bac1d195c2212c8d80dc38e2e8664e1b,d27931da3fc350748a57ec5c92e207ec9f4140166bf16aea54e2018a452fdc39,d27931da3fc350748a57ec5c92e207ec9f4140166bf16aea54e2018a452fdc39,True,True,True,True,True
F3B2J0000322,322,F3B2D000108,F3BBG_N015_A0_Q002_R012:POS:PRIMARY,0,M0,61a3d72df0e45f8471f16d3e24ea3e7c374940b3cd9c660c615b3b196b1aefe3,61a3d72df0e45f8471f16d3e24ea3e7c374940b3cd9c660c615b3b196b1aefe3,19b6d8eab8923aaa58211426c70e2842fb31d64d508fe0b991e54c796f820ce8,19b6d8eab8923aaa58211426c70e2842fb31d64d508fe0b991e54c796f820ce8,True,True,True,True,True
F3B2J0000323,323,F3B2D000108,F3BBG_N015_A0_Q002_R012:POS:PRIMARY,0,M1,61a3d72df0e45f8471f16d3e24ea3e7c374940b3cd9c660c615b3b196b1aefe3,61a3d72df0e45f8471f16d3e24ea3e7c374940b3cd9c660c615b3b196b1aefe3,2d847da25f1cbcccd91c360d3426844d0e318255d66448c20742e08eb723404d,2d847da25f1cbcccd91c360d3426844d0e318255d66448c20742e08eb723404d,True,True,True,True,True
F3B2J0000324,324,F3B2D000108,F3BBG_N015_A0_Q002_R012:POS:PRIMARY,0,M2,61a3d72df0e45f8471f16d3e24ea3e7c374940b3cd9c660c615b3b196b1aefe3,61a3d72df0e45f8471f16d3e24ea3e7c374940b3cd9c660c615b3b196b1aefe3,c4d1c4d94b8977c535d302d55c19686d0e72374264ae0fa8a8ef6329ec056e06,c4d1c4d94b8977c535d302d55c19686d0e72374264ae0fa8a8ef6329ec056e06,True,True,True,True,True
F3B2J0000763,763,F3B2D000255,F3BBG_N015_A0_Q004_R054:NULL:PRIMARY,0,M0,33d5eb8b8051c7f3f245875baeddf29ac0beaf7b1297ec913a1170ab803528fc,33d5eb8b8051c7f3f245875baeddf29ac0beaf7b1297ec913a1170ab803528fc,a613ff7baa2cb4f23cd528bba3eaecc2b07b3e69f1f3e76e17e52dcb3d485edd,a613ff7baa2cb4f23cd528bba3eaecc2b07b3e69f1f3e76e17e52dcb3d485edd,True,True,True,True,True
F3B2J0000764,764,F3B2D000255,F3BBG_N015_A0_Q004_R054:NULL:PRIMARY,0,M1,33d5eb8b8051c7f3f245875baeddf29ac0beaf7b1297ec913a1170ab803528fc,33d5eb8b8051c7f3f245875baeddf29ac0beaf7b1297ec913a1170ab803528fc,403c8740585712cf02c36f84b24062f2a2b08e6688463d14e78adc4e88919c2e,403c8740585712cf02c36f84b24062f2a2b08e6688463d14e78adc4e88919c2e,True,True,True,True,True
F3B2J0000765,765,F3B2D000255,F3BBG_N015_A0_Q004_R054:NULL:PRIMARY,0,M2,33d5eb8b8051c7f3f245875baeddf29ac0beaf7b1297ec913a1170ab803528fc,33d5eb8b8051c7f3f245875baeddf29ac0beaf7b1297ec913a1170ab803528fc,f338a1226d371167910853411745e316041fe54d751c80b99b48dbcc04515f2f,f338a1226d371167910853411745e316041fe54d751c80b99b48dbcc04515f2f,True,True,True,True,True
F3B2J0000766,766,F3B2D000256,F3BBG_N015_A0_Q004_R054:POS:PRIMARY,0,M0,50d36135e27da9eaa81ea5ac93ca0a858abab9a357b947a771a5eed828da35c6,50d36135e27da9eaa81ea5ac93ca0a858abab9a357b947a771a5eed828da35c6,1e0836a55512e42231cab224ccb7616cba54088eb4b17add66c2ad967dc569a8,1e0836a55512e42231cab224ccb7616cba54088eb4b17add66c2ad967dc569a8,True,True,True,True,True
F3B2J0000767,767,F3B2D000256,F3BBG_N015_A0_Q004_R054:POS:PRIMARY,0,M1,50d36135e27da9eaa81ea5ac93ca0a858abab9a357b947a771a5eed828da35c6,50d36135e27da9eaa81ea5ac93ca0a858abab9a357b947a771a5eed828da35c6,dfb2071e9fb1b62e217e2a8f4cad80d3cd7ff59722873e1019e96c6f3291a77b,dfb2071e9fb1b62e217e2a8f4cad80d3cd7ff59722873e1019e96c6f3291a77b,True,True,True,True,True
F3B2J0000768,768,F3B2D000256,F3BBG_N015_A0_Q004_R054:POS:PRIMARY,0,M2,50d36135e27da9eaa81ea5ac93ca0a858abab9a357b947a771a5eed828da35c6,50d36135e27da9eaa81ea5ac93ca0a858abab9a357b947a771a5eed828da35c6,f2d7738536a09d885cac57d6873e3f457ed65edc347e364293358afe96196f97,f2d7738536a09d885cac57d6873e3f457ed65edc347e364293358afe96196f97,True,True,True,True,True
F3B2J0000913,913,F3B2D000305,F3BBG_N015_A1_Q001_R004:NULL:PRIMARY,0,M0,fea2cef8766cee456900b0cbac704185489a29b23e72aaf69b6d8bf06fdc4b69,fea2cef8766cee456900b0cbac704185489a29b23e72aaf69b6d8bf06fdc4b69,7cdaaa15915b8978d7c98b23c48e7a5176a56444a8531fc80c840241ce06faef,7cdaaa15915b8978d7c98b23c48e7a5176a56444a8531fc80c840241ce06faef,True,True,True,True,True
F3B2J0000914,914,F3B2D000305,F3BBG_N015_A1_Q001_R004:NULL:PRIMARY,0,M1,fea2cef8766cee456900b0cbac704185489a29b23e72aaf69b6d8bf06fdc4b69,fea2cef8766cee456900b0cbac704185489a29b23e72aaf69b6d8bf06fdc4b69,1cf0cbc9952c72b374658a5d7fb07638339fcdb49d32ee36496502a038456490,1cf0cbc9952c72b374658a5d7fb07638339fcdb49d32ee36496502a038456490,True,True,True,True,True
F3B2J0000915,915,F3B2D000305,F3BBG_N015_A1_Q001_R004:NULL:PRIMARY,0,M2,fea2cef8766cee456900b0cbac704185489a29b23e72aaf69b6d8bf06fdc4b69,fea2cef8766cee456900b0cbac704185489a29b23e72aaf69b6d8bf06fdc4b69,7b39caf45e7144b0e0bb3f95ca4a542a3d2e362d427058bd0bc4106328ef6a9a,7b39caf45e7144b0e0bb3f95ca4a542a3d2e362d427058bd0bc4106328ef6a9a,True,True,True,True,True
F3B2J0000916,916,F3B2D000306,F3BBG_N015_A1_Q001_R004:POS:PRIMARY,0,M0,8e3f393b578121759d5afb26822d96b4ab0ad8d9160e526563ba5023907181b0,8e3f393b578121759d5afb26822d96b4ab0ad8d9160e526563ba5023907181b0,f18bf80b5b28a01f1a2e49ab53339e175ac4e445770885143f099e777fceebb4,f18bf80b5b28a01f1a2e49ab53339e175ac4e445770885143f099e777fceebb4,True,True,True,True,True
F3B2J0000917,917,F3B2D000306,F3BBG_N015_A1_Q001_R004:POS:PRIMARY,0,M1,8e3f393b578121759d5afb26822d96b4ab0ad8d9160e526563ba5023907181b0,8e3f393b578121759d5afb26822d96b4ab0ad8d9160e526563ba5023907181b0,90e4c9880c20e8f11b289992dc3b77e137565067a03ea3f4ef7d7d1519b71b53,90e4c9880c20e8f11b289992dc3b77e137565067a03ea3f4ef7d7d1519b71b53,True,True,True,True,True
F3B2J0000918,918,F3B2D000306,F3BBG_N015_A1_Q001_R004:POS:PRIMARY,0,M2,8e3f393b578121759d5afb26822d96b4ab0ad8d9160e526563ba5023907181b0,8e3f393b578121759d5afb26822d96b4ab0ad8d9160e526563ba5023907181b0,9afd34748876cf3ae0691f0fe898862da73be76039cadf365c77f90429b7df8f,9afd34748876cf3ae0691f0fe898862da73be76039cadf365c77f90429b7df8f,True,True,True,True,True
F3B2J0001351,1351,F3B2D000451,F3BBG_N015_A1_Q002_R054:NULL:PRIMARY,0,M0,a1b260825e9d9fcb2e16851913aca0c5c5be614130f25d963a73ef6c9e74180f,a1b260825e9d9fcb2e16851913aca0c5c5be614130f25d963a73ef6c9e74180f,c28ba431d475b38e7d45d59f4ca5bc6cc7153c783167822634ec137724f2f0ef,c28ba431d475b38e7d45d59f4ca5bc6cc7153c783167822634ec137724f2f0ef,True,True,True,True,True
F3B2J0001352,1352,F3B2D000451,F3BBG_N015_A1_Q002_R054:NULL:PRIMARY,0,M1,a1b260825e9d9fcb2e16851913aca0c5c5be614130f25d963a73ef6c9e74180f,a1b260825e9d9fcb2e16851913aca0c5c5be614130f25d963a73ef6c9e74180f,b514a8b5731db1127dcd07047fbbe0ae7159a95dbb822873d16cb8067e29ff21,b514a8b5731db1127dcd07047fbbe0ae7159a95dbb822873d16cb8067e29ff21,True,True,True,True,True
F3B2J0001353,1353,F3B2D000451,F3BBG_N015_A1_Q002_R054:NULL:PRIMARY,0,M2,a1b260825e9d9fcb2e16851913aca0c5c5be614130f25d963a73ef6c9e74180f,a1b260825e9d9fcb2e16851913aca0c5c5be614130f25d963a73ef6c9e74180f,7edf0c1aeaa5776fdca2f0ec60c3d6f8dd3fb8b75bb7d45879987fa4d5c274a4,7edf0c1aeaa5776fdca2f0ec60c3d6f8dd3fb8b75bb7d45879987fa4d5c274a4,True,True,True,True,True
F3B2J0001354,1354,F3B2D000452,F3BBG_N015_A1_Q002_R054:POS:PRIMARY,0,M0,d7f1fd2856a233a766389e4e3483b302430004adba3f45b836bda33c85d995ee,d7f1fd2856a233a766389e4e3483b302430004adba3f45b836bda33c85d995ee,91ebd95afff8cf538b78b46384771ca164878397d8b586dccda5c10c41041bb3,91ebd95afff8cf538b78b46384771ca164878397d8b586dccda5c10c41041bb3,True,True,True,True,True
F3B2J0001355,1355,F3B2D000452,F3BBG_N015_A1_Q002_R054:POS:PRIMARY,0,M1,d7f1fd2856a233a766389e4e3483b302430004adba3f45b836bda33c85d995ee,d7f1fd2856a233a766389e4e3483b302430004adba3f45b836bda33c85d995ee,bc55191424dc11a406c30cc7226f59c4fba953729f86caed46bdd0ad262ed9ff,bc55191424dc11a406c30cc7226f59c4fba953729f86caed46bdd0ad262ed9ff,True,True,True,True,True
F3B2J0001356,1356,F3B2D000452,F3BBG_N015_A1_Q002_R054:POS:PRIMARY,0,M2,d7f1fd2856a233a766389e4e3483b302430004adba3f45b836bda33c85d995ee,d7f1fd2856a233a766389e4e3483b302430004adba3f45b836bda33c85d995ee,85d9c1d952b0b82a82e1f788040f7b75a8aa0e10dd9f2c997380af12ffa1561e,85d9c1d952b0b82a82e1f788040f7b75a8aa0e10dd9f2c997380af12ffa1561e,True,True,True,True,True
F3B2J0001603,1603,F3B2D000535,F3BBG_N015_A1_Q004_R035:NULL:PRIMARY,0,M0,8269842f9d23399231e43635fc7d6679446a2dc37640177a37746bce84c49c45,8269842f9d23399231e43635fc7d6679446a2dc37640177a37746bce84c49c45,240ba57363aecb782f6331d5357297b34546a1f050ec7cd4abe936229c8f1a1e,240ba57363aecb782f6331d5357297b34546a1f050ec7cd4abe936229c8f1a1e,True,True,True,True,True
F3B2J0001604,1604,F3B2D000535,F3BBG_N015_A1_Q004_R035:NULL:PRIMARY,0,M1,8269842f9d23399231e43635fc7d6679446a2dc37640177a37746bce84c49c45,8269842f9d23399231e43635fc7d6679446a2dc37640177a37746bce84c49c45,152f7406db2668ed65f891748d9b2ef963d05f2bf95e84689eddcf05212f66a0,152f7406db2668ed65f891748d9b2ef963d05f2bf95e84689eddcf05212f66a0,True,True,True,True,True
F3B2J0001605,1605,F3B2D000535,F3BBG_N015_A1_Q004_R035:NULL:PRIMARY,0,M2,8269842f9d23399231e43635fc7d6679446a2dc37640177a37746bce84c49c45,8269842f9d23399231e43635fc7d6679446a2dc37640177a37746bce84c49c45,d8eac2409c092e97720c2a5d8205fa859098c63b0e12113c70d83b030ba00b25,d8eac2409c092e97720c2a5d8205fa859098c63b0e12113c70d83b030ba00b25,True,True,True,True,True
F3B2J0001606,1606,F3B2D000536,F3BBG_N015_A1_Q004_R035:POS:PRIMARY,0,M0,456de89fe23e3af501bde644d01cc1654733e345b4e0e70f6d7feb6d226f52b9,456de89fe23e3af501bde644d01cc1654733e345b4e0e70f6d7feb6d226f52b9,a9a3f81f0d5d633d18b65c74b1c8f2a40908096ccf6332c2d825ed6944a79229,a9a3f81f0d5d633d18b65c74b1c8f2a40908096ccf6332c2d825ed6944a79229,True,True,True,True,True
F3B2J0001607,1607,F3B2D000536,F3BBG_N015_A1_Q004_R035:POS:PRIMARY,0,M1,456de89fe23e3af501bde644d01cc1654733e345b4e0e70f6d7feb6d226f52b9,456de89fe23e3af501bde644d01cc1654733e345b4e0e70f6d7feb6d226f52b9,151dd11c8c298070a0ccbaccdce8371cb8fdec2c5adf690abc77133481ce6d7c,151dd11c8c298070a0ccbaccdce8371cb8fdec2c5adf690abc77133481ce6d7c,True,True,True,True,True
F3B2J0001608,1608,F3B2D000536,F3BBG_N015_A1_Q004_R035:POS:PRIMARY,0,M2,456de89fe23e3af501bde644d01cc1654733e345b4e0e70f6d7feb6d226f52b9,456de89fe23e3af501bde644d01cc1654733e345b4e0e70f6d7feb6d226f52b9,c563f2271d0c5f08f01b60683e9d2e33ff2a4dd52753d557b57d0b0dde8d7a0d,c563f2271d0c5f08f01b60683e9d2e33ff2a4dd52753d557b57d0b0dde8d7a0d,True,True,True,True,True
F3B2J0001891,1891,F3B2D000631,F3BBG_N015_A2_Q001_R031:NULL:PRIMARY,0,M0,af81c156e1a201d76a32c26bac82d320130c403a69a9712a6dccbd59f80a6b3f,af81c156e1a201d76a32c26bac82d320130c403a69a9712a6dccbd59f80a6b3f,d4465d7dd5033ad33f41a01745e464f31dcfdcaec4bdf20520dea9c1c0d5fd23,d4465d7dd5033ad33f41a01745e464f31dcfdcaec4bdf20520dea9c1c0d5fd23,True,True,True,True,True
F3B2J0001892,1892,F3B2D000631,F3BBG_N015_A2_Q001_R031:NULL:PRIMARY,0,M1,af81c156e1a201d76a32c26bac82d320130c403a69a9712a6dccbd59f80a6b3f,af81c156e1a201d76a32c26bac82d320130c403a69a9712a6dccbd59f80a6b3f,63c28b272fe71fbe67a21b880d64421c9a1cf78cbcaaf34539645762f49a764a,63c28b272fe71fbe67a21b880d64421c9a1cf78cbcaaf34539645762f49a764a,True,True,True,True,True
F3B2J0001893,1893,F3B2D000631,F3BBG_N015_A2_Q001_R031:NULL:PRIMARY,0,M2,af81c156e1a201d76a32c26bac82d320130c403a69a9712a6dccbd59f80a6b3f,af81c156e1a201d76a32c26bac82d320130c403a69a9712a6dccbd59f80a6b3f,ce3f1d5b6a62393ffc7b3b61c6eb9d76cb1c4997569ae1d24b2d34264ba853fc,ce3f1d5b6a62393ffc7b3b61c6eb9d76cb1c4997569ae1d24b2d34264ba853fc,True,True,True,True,True
F3B2J0001894,1894,F3B2D000632,F3BBG_N015_A2_Q001_R031:POS:PRIMARY,0,M0,97d2a469ffbe2d9e84cfa4b632e00688b91cc2d531eeb5f73c6ae6a7cf5798f4,97d2a469ffbe2d9e84cfa4b632e00688b91cc2d531eeb5f73c6ae6a7cf5798f4,27bcc992d672e33ceace4e384c51b92a01e67d7aca97cfc072b05fe3bf4fab30,27bcc992d672e33ceace4e384c51b92a01e67d7aca97cfc072b05fe3bf4fab30,True,True,True,True,True
F3B2J0001895,1895,F3B2D000632,F3BBG_N015_A2_Q001_R031:POS:PRIMARY,0,M1,97d2a469ffbe2d9e84cfa4b632e00688b91cc2d531eeb5f73c6ae6a7cf5798f4,97d2a469ffbe2d9e84cfa4b632e00688b91cc2d531eeb5f73c6ae6a7cf5798f4,903e2fdf1b3293aa0adbe870d70e0173199b36a048a85aca9bc5c55617403288,903e2fdf1b3293aa0adbe870d70e0173199b36a048a85aca9bc5c55617403288,True,True,True,True,True
F3B2J0001896,1896,F3B2D000632,F3BBG_N015_A2_Q001_R031:POS:PRIMARY,0,M2,97d2a469ffbe2d9e84cfa4b632e00688b91cc2d531eeb5f73c6ae6a7cf5798f4,97d2a469ffbe2d9e84cfa4b632e00688b91cc2d531eeb5f73c6ae6a7cf5798f4,52be74a4e1a42bece2587b8db811a1d62940f3281697f79035a9f8d1d40e6618,52be74a4e1a42bece2587b8db811a1d62940f3281697f79035a9f8d1d40e6618,True,True,True,True,True
F3B2J0002251,2251,F3B2D000751,F3BBG_N015_A2_Q002_R044:NULL:PRIMARY,0,M0,94ea298fe5fa6ce7f0efd07eb3802eab2a020edd348befc9333fde87d13d9165,94ea298fe5fa6ce7f0efd07eb3802eab2a020edd348befc9333fde87d13d9165,89cb9f452b7bfcec60c682c383052935381acfd831e2af58663b610dde4572cb,89cb9f452b7bfcec60c682c383052935381acfd831e2af58663b610dde4572cb,True,True,True,True,True
F3B2J0002252,2252,F3B2D000751,F3BBG_N015_A2_Q002_R044:NULL:PRIMARY,0,M1,94ea298fe5fa6ce7f0efd07eb3802eab2a020edd348befc9333fde87d13d9165,94ea298fe5fa6ce7f0efd07eb3802eab2a020edd348befc9333fde87d13d9165,7d1cab4b47881b570aa1d08e93f40e49f9455bc6ae7b9b6b28c7ed4da582b5ac,7d1cab4b47881b570aa1d08e93f40e49f9455bc6ae7b9b6b28c7ed4da582b5ac,True,True,True,True,True
F3B2J0002253,2253,F3B2D000751,F3BBG_N015_A2_Q002_R044:NULL:PRIMARY,0,M2,94ea298fe5fa6ce7f0efd07eb3802eab2a020edd348befc9333fde87d13d9165,94ea298fe5fa6ce7f0efd07eb3802eab2a020edd348befc9333fde87d13d9165,854271400430a60de137c70e4eaf22dc2528b4e3ea7eeae5ddefde98898012d9,854271400430a60de137c70e4eaf22dc2528b4e3ea7eeae5ddefde98898012d9,True,True,True,True,True
F3B2J0002254,2254,F3B2D000752,F3BBG_N015_A2_Q002_R044:POS:PRIMARY,0,M0,392404df83fb1f96aa381b06b67b6b5ffc9d230ad9f85945d14477061b0e36ca,392404df83fb1f96aa381b06b67b6b5ffc9d230ad9f85945d14477061b0e36ca,3cc0a771552150cbea86d3f308ec82ce4ba397891314737dea82007deeb8b863,3cc0a771552150cbea86d3f308ec82ce4ba397891314737dea82007deeb8b863,True,True,True,True,True
F3B2J0002255,2255,F3B2D000752,F3BBG_N015_A2_Q002_R044:POS:PRIMARY,0,M1,392404df83fb1f96aa381b06b67b6b5ffc9d230ad9f85945d14477061b0e36ca,392404df83fb1f96aa381b06b67b6b5ffc9d230ad9f85945d14477061b0e36ca,75d504fc9d1efdd11d1e0893119a51965f213df85a51595332c89516c83742d8,75d504fc9d1efdd11d1e0893119a51965f213df85a51595332c89516c83742d8,True,True,True,True,True
F3B2J0002256,2256,F3B2D000752,F3BBG_N015_A2_Q002_R044:POS:PRIMARY,0,M2,392404df83fb1f96aa381b06b67b6b5ffc9d230ad9f85945d14477061b0e36ca,392404df83fb1f96aa381b06b67b6b5ffc9d230ad9f85945d14477061b0e36ca,8d405519234d0ca2b9e1f1622b27813707179261f55353284ae65f430e919a4f,8d405519234d0ca2b9e1f1622b27813707179261f55353284ae65f430e919a4f,True,True,True,True,True
F3B2J0002641,2641,F3B2D000881,F3BBG_N015_A2_Q004_R076:NULL:PRIMARY,0,M0,26b1052ebe1c535a89528335eee5647618f6ee5d9a2817a6ffcb39882973883c,26b1052ebe1c535a89528335eee5647618f6ee5d9a2817a6ffcb39882973883c,c72ae845351c542b2542a62216bc8d81d75603c0dd81386c0e4fa2d27bb5cc44,c72ae845351c542b2542a62216bc8d81d75603c0dd81386c0e4fa2d27bb5cc44,True,True,True,True,True
F3B2J0002642,2642,F3B2D000881,F3BBG_N015_A2_Q004_R076:NULL:PRIMARY,0,M1,26b1052ebe1c535a89528335eee5647618f6ee5d9a2817a6ffcb39882973883c,26b1052ebe1c535a89528335eee5647618f6ee5d9a2817a6ffcb39882973883c,b48fc8ba0da44990fbff6c3ebe6da23ae0821a10db14d2efd72f659e19d2b016,b48fc8ba0da44990fbff6c3ebe6da23ae0821a10db14d2efd72f659e19d2b016,True,True,True,True,True
F3B2J0002643,2643,F3B2D000881,F3BBG_N015_A2_Q004_R076:NULL:PRIMARY,0,M2,26b1052ebe1c535a89528335eee5647618f6ee5d9a2817a6ffcb39882973883c,26b1052ebe1c535a89528335eee5647618f6ee5d9a2817a6ffcb39882973883c,e5c20accd70db67da7aa2980a07d8b57d07cb8fe735b46ffad3c85241fbbffdb,e5c20accd70db67da7aa2980a07d8b57d07cb8fe735b46ffad3c85241fbbffdb,True,True,True,True,True
F3B2J0002644,2644,F3B2D000882,F3BBG_N015_A2_Q004_R076:POS:PRIMARY,0,M0,7e7adebc05b6b328b249f5a118f47c2be4473e0b0e6ad43f7116a54de0216d5e,7e7adebc05b6b328b249f5a118f47c2be4473e0b0e6ad43f7116a54de0216d5e,0c951e0fd5b85fc53ab96ef5e35e9eb13160d9465085e22960a5f6d7a06921e1,0c951e0fd5b85fc53ab96ef5e35e9eb13160d9465085e22960a5f6d7a06921e1,True,True,True,True,True
F3B2J0002645,2645,F3B2D000882,F3BBG_N015_A2_Q004_R076:POS:PRIMARY,0,M1,7e7adebc05b6b328b249f5a118f47c2be4473e0b0e6ad43f7116a54de0216d5e,7e7adebc05b6b328b249f5a118f47c2be4473e0b0e6ad43f7116a54de0216d5e,50c467908e9eabc139e23c1207f3c0c82b4e69af20afe225c8997f2391157bcf,50c467908e9eabc139e23c1207f3c0c82b4e69af20afe225c8997f2391157bcf,True,True,True,True,True
F3B2J0002646,2646,F3B2D000882,F3BBG_N015_A2_Q004_R076:POS:PRIMARY,0,M2,7e7adebc05b6b328b249f5a118f47c2be4473e0b0e6ad43f7116a54de0216d5e,7e7adebc05b6b328b249f5a118f47c2be4473e0b0e6ad43f7116a54de0216d5e,e9eae8a964ab3098005f726f483a3d806f93a45a90df646c5bb8524f808e4f28,e9eae8a964ab3098005f726f483a3d806f93a45a90df646c5bb8524f808e4f28,True,True,True,True,True
F3B2J0002707,2707,F3B2D000903,F3BBG_N030_A0_Q001_R005:NULL:PRIMARY,0,M0,37d3ddb051113e06426b3d4b0bc228dccd821430eff0624f0dbc290196884ac0,37d3ddb051113e06426b3d4b0bc228dccd821430eff0624f0dbc290196884ac0,383183a7e85e1512deacc7457f0f87a8fd2c456619df9853d10313d254c1f08d,383183a7e85e1512deacc7457f0f87a8fd2c456619df9853d10313d254c1f08d,True,True,True,True,True
F3B2J0002708,2708,F3B2D000903,F3BBG_N030_A0_Q001_R005:NULL:PRIMARY,0,M1,37d3ddb051113e06426b3d4b0bc228dccd821430eff0624f0dbc290196884ac0,37d3ddb051113e06426b3d4b0bc228dccd821430eff0624f0dbc290196884ac0,46a82bf4cfda0254bc70003f6bde473d937ffab737ae253a6e6fcbb4786fc8c4,46a82bf4cfda0254bc70003f6bde473d937ffab737ae253a6e6fcbb4786fc8c4,True,True,True,True,True
F3B2J0002709,2709,F3B2D000903,F3BBG_N030_A0_Q001_R005:NULL:PRIMARY,0,M2,37d3ddb051113e06426b3d4b0bc228dccd821430eff0624f0dbc290196884ac0,37d3ddb051113e06426b3d4b0bc228dccd821430eff0624f0dbc290196884ac0,289a2dd4f23ef322bc2cdc47eae92b97c9abdc7b1c5da2afcf8ba25f186663fc,289a2dd4f23ef322bc2cdc47eae92b97c9abdc7b1c5da2afcf8ba25f186663fc,True,True,True,True,True
F3B2J0002710,2710,F3B2D000904,F3BBG_N030_A0_Q001_R005:POS:PRIMARY,0,M0,db16622e2f91bef8615566a905b3a455352003818fb63bb93a0995620e503636,db16622e2f91bef8615566a905b3a455352003818fb63bb93a0995620e503636,32440d0ae39bb910c7ef0177964f035407baec5a87cdb463a6d92cc8320c6b0c,32440d0ae39bb910c7ef0177964f035407baec5a87cdb463a6d92cc8320c6b0c,True,True,True,True,True
F3B2J0002711,2711,F3B2D000904,F3BBG_N030_A0_Q001_R005:POS:PRIMARY,0,M1,db16622e2f91bef8615566a905b3a455352003818fb63bb93a0995620e503636,db16622e2f91bef8615566a905b3a455352003818fb63bb93a0995620e503636,2f341b4e89bb860ce903771514e443cd42ea790f44151ea7438854797afc8365,2f341b4e89bb860ce903771514e443cd42ea790f44151ea7438854797afc8365,True,True,True,True,True
F3B2J0002712,2712,F3B2D000904,F3BBG_N030_A0_Q001_R005:POS:PRIMARY,0,M2,db16622e2f91bef8615566a905b3a455352003818fb63bb93a0995620e503636,db16622e2f91bef8615566a905b3a455352003818fb63bb93a0995620e503636,b1ec134551c0c0bf5080c7ac8a8f0950bd3500e1d139f05f22e8b312f6c4c67e,b1ec134551c0c0bf5080c7ac8a8f0950bd3500e1d139f05f22e8b312f6c4c67e,True,True,True,True,True
F3B2J0003013,3013,F3B2D001005,F3BBG_N030_A0_Q002_R003:NULL:PRIMARY,0,M0,d04e5a11461ab6c3a94f6a4492178343f3760805ad79fc707e50d6ca6e97bc4c,d04e5a11461ab6c3a94f6a4492178343f3760805ad79fc707e50d6ca6e97bc4c,8f1484d5e6152450265b387340a5b2c1488a5005dfe7dfe0763b3aef1f8d35d5,8f1484d5e6152450265b387340a5b2c1488a5005dfe7dfe0763b3aef1f8d35d5,True,True,True,True,True
F3B2J0003014,3014,F3B2D001005,F3BBG_N030_A0_Q002_R003:NULL:PRIMARY,0,M1,d04e5a11461ab6c3a94f6a4492178343f3760805ad79fc707e50d6ca6e97bc4c,d04e5a11461ab6c3a94f6a4492178343f3760805ad79fc707e50d6ca6e97bc4c,7bc8acdccb389c7fa8f90d755174534137d0f8964a1adee806dd38e33722ffc6,7bc8acdccb389c7fa8f90d755174534137d0f8964a1adee806dd38e33722ffc6,True,True,True,True,True
F3B2J0003015,3015,F3B2D001005,F3BBG_N030_A0_Q002_R003:NULL:PRIMARY,0,M2,d04e5a11461ab6c3a94f6a4492178343f3760805ad79fc707e50d6ca6e97bc4c,d04e5a11461ab6c3a94f6a4492178343f3760805ad79fc707e50d6ca6e97bc4c,ef88cbccd633ec52dc790cce806becbaef7c42299f33e6f1682ea437682e1bba,ef88cbccd633ec52dc790cce806becbaef7c42299f33e6f1682ea437682e1bba,True,True,True,True,True
F3B2J0003016,3016,F3B2D001006,F3BBG_N030_A0_Q002_R003:POS:PRIMARY,0,M0,079a702be1a84e0303021a0f019a2c8e7b1e6788db6bec116c17be0389934cb0,079a702be1a84e0303021a0f019a2c8e7b1e6788db6bec116c17be0389934cb0,ad72d22dd6d458c3684e3f112e4d2a77595ac32f0c50ae73c9ff8d6b2541782b,ad72d22dd6d458c3684e3f112e4d2a77595ac32f0c50ae73c9ff8d6b2541782b,True,True,True,True,True
F3B2J0003017,3017,F3B2D001006,F3BBG_N030_A0_Q002_R003:POS:PRIMARY,0,M1,079a702be1a84e0303021a0f019a2c8e7b1e6788db6bec116c17be0389934cb0,079a702be1a84e0303021a0f019a2c8e7b1e6788db6bec116c17be0389934cb0,d5d3b97dfcc4a628784fb3734e0421775c34b0fdfb8f26c5eae3954e21c679be,d5d3b97dfcc4a628784fb3734e0421775c34b0fdfb8f26c5eae3954e21c679be,True,True,True,True,True
F3B2J0003018,3018,F3B2D001006,F3BBG_N030_A0_Q002_R003:POS:PRIMARY,0,M2,079a702be1a84e0303021a0f019a2c8e7b1e6788db6bec116c17be0389934cb0,079a702be1a84e0303021a0f019a2c8e7b1e6788db6bec116c17be0389934cb0,88e598f08b2391e9dbcc6a0897a9cb2e9dd140787d1e0f805b06b59ad9954b39,88e598f08b2391e9dbcc6a0897a9cb2e9dd140787d1e0f805b06b59ad9954b39,True,True,True,True,True
F3B2J0003427,3427,F3B2D001143,F3BBG_N030_A0_Q004_R035:NULL:PRIMARY,0,M0,bc6c819b13b9329485b0aed71f62300c8f2d5f3a85279be95aa9cb0952d0f822,bc6c819b13b9329485b0aed71f62300c8f2d5f3a85279be95aa9cb0952d0f822,ff3fb0dc26cf177bbcff47cd02d43976cf36465365e0b179cf2c550a6577a6f2,ff3fb0dc26cf177bbcff47cd02d43976cf36465365e0b179cf2c550a6577a6f2,True,True,True,True,True
F3B2J0003428,3428,F3B2D001143,F3BBG_N030_A0_Q004_R035:NULL:PRIMARY,0,M1,bc6c819b13b9329485b0aed71f62300c8f2d5f3a85279be95aa9cb0952d0f822,bc6c819b13b9329485b0aed71f62300c8f2d5f3a85279be95aa9cb0952d0f822,32c439b832097f845a1b02b5e99f72008b5a80af0c366305704b87884f77a9d8,32c439b832097f845a1b02b5e99f72008b5a80af0c366305704b87884f77a9d8,True,True,True,True,True
F3B2J0003429,3429,F3B2D001143,F3BBG_N030_A0_Q004_R035:NULL:PRIMARY,0,M2,bc6c819b13b9329485b0aed71f62300c8f2d5f3a85279be95aa9cb0952d0f822,bc6c819b13b9329485b0aed71f62300c8f2d5f3a85279be95aa9cb0952d0f822,6820b5d696e7863983ecfb84f672152c6b43afbbd383e97f309eddc7c903cfdc,6820b5d696e7863983ecfb84f672152c6b43afbbd383e97f309eddc7c903cfdc,True,True,True,True,True
F3B2J0003430,3430,F3B2D001144,F3BBG_N030_A0_Q004_R035:POS:PRIMARY,0,M0,aed9128932457d869d2b62ae9c86e85c77e24e7808ea6937845563a5c23bb2bf,aed9128932457d869d2b62ae9c86e85c77e24e7808ea6937845563a5c23bb2bf,3b188e27e39e3445e418900f780b2fa99e0d7a60453f69176cbc7444d5c36bb5,3b188e27e39e3445e418900f780b2fa99e0d7a60453f69176cbc7444d5c36bb5,True,True,True,True,True
F3B2J0003431,3431,F3B2D001144,F3BBG_N030_A0_Q004_R035:POS:PRIMARY,0,M1,aed9128932457d869d2b62ae9c86e85c77e24e7808ea6937845563a5c23bb2bf,aed9128932457d869d2b62ae9c86e85c77e24e7808ea6937845563a5c23bb2bf,5be0e332b83229eb551be41883f10bb27ebf78ab79f4a6cbd417f96bbd8ec587,5be0e332b83229eb551be41883f10bb27ebf78ab79f4a6cbd417f96bbd8ec587,True,True,True,True,True
F3B2J0003432,3432,F3B2D001144,F3BBG_N030_A0_Q004_R035:POS:PRIMARY,0,M2,aed9128932457d869d2b62ae9c86e85c77e24e7808ea6937845563a5c23bb2bf,aed9128932457d869d2b62ae9c86e85c77e24e7808ea6937845563a5c23bb2bf,29650fdda887130cba7273809d140a22cdce5caa2159ce5fcafa025b05e2fd93,29650fdda887130cba7273809d140a22cdce5caa2159ce5fcafa025b05e2fd93,True,True,True,True,True
F3B2J0003895,3895,F3B2D001299,F3BBG_N030_A1_Q001_R095:NULL:PRIMARY,0,M0,e5d1824adf5338cdbdec4f3b055ba40755b23ae286032423ea41974ccddc34ed,e5d1824adf5338cdbdec4f3b055ba40755b23ae286032423ea41974ccddc34ed,7d70d6a94dc491395223ede8dcfba5f487221bb01b419e8c50c82afbe900fbcd,7d70d6a94dc491395223ede8dcfba5f487221bb01b419e8c50c82afbe900fbcd,True,True,True,True,True
F3B2J0003896,3896,F3B2D001299,F3BBG_N030_A1_Q001_R095:NULL:PRIMARY,0,M1,e5d1824adf5338cdbdec4f3b055ba40755b23ae286032423ea41974ccddc34ed,e5d1824adf5338cdbdec4f3b055ba40755b23ae286032423ea41974ccddc34ed,66b390f31959e4dfc0c5b5138b6d3fc9574209c4fd480bf99a2c8ed71ffca1da,66b390f31959e4dfc0c5b5138b6d3fc9574209c4fd480bf99a2c8ed71ffca1da,True,True,True,True,True
F3B2J0003897,3897,F3B2D001299,F3BBG_N030_A1_Q001_R095:NULL:PRIMARY,0,M2,e5d1824adf5338cdbdec4f3b055ba40755b23ae286032423ea41974ccddc34ed,e5d1824adf5338cdbdec4f3b055ba40755b23ae286032423ea41974ccddc34ed,13d6ac1ec7ad26ae6cefbb402d8bd7631e997ddff828d23739c47bdc80960230,13d6ac1ec7ad26ae6cefbb402d8bd7631e997ddff828d23739c47bdc80960230,True,True,True,True,True
F3B2J0003898,3898,F3B2D001300,F3BBG_N030_A1_Q001_R095:POS:PRIMARY,0,M0,3c9944ad1c33f623c61d31bda8568128e028de73ae35500b943295aee04e8d95,3c9944ad1c33f623c61d31bda8568128e028de73ae35500b943295aee04e8d95,09867fc3d5b7f194f3ae9b05b0bda442c209fccb8ffe03ee9ebe7ba1438bcffc,09867fc3d5b7f194f3ae9b05b0bda442c209fccb8ffe03ee9ebe7ba1438bcffc,True,True,True,True,True
F3B2J0003899,3899,F3B2D001300,F3BBG_N030_A1_Q001_R095:POS:PRIMARY,0,M1,3c9944ad1c33f623c61d31bda8568128e028de73ae35500b943295aee04e8d95,3c9944ad1c33f623c61d31bda8568128e028de73ae35500b943295aee04e8d95,96a6735144a0a533ebd4a3fbb4f3847d6aef2398c71b534f755c981b65b6e71b,96a6735144a0a533ebd4a3fbb4f3847d6aef2398c71b534f755c981b65b6e71b,True,True,True,True,True
F3B2J0003900,3900,F3B2D001300,F3BBG_N030_A1_Q001_R095:POS:PRIMARY,0,M2,3c9944ad1c33f623c61d31bda8568128e028de73ae35500b943295aee04e8d95,3c9944ad1c33f623c61d31bda8568128e028de73ae35500b943295aee04e8d95,e28a6a3229bcf495517ccef2b07e7861f05facb181a65acc8c0cee5b3024368c,e28a6a3229bcf495517ccef2b07e7861f05facb181a65acc8c0cee5b3024368c,True,True,True,True,True
F3B2J0003973,3973,F3B2D001325,F3BBG_N030_A1_Q002_R027:NULL:PRIMARY,0,M0,bd028e51657f64f915c758005a7548f94ef7e3960e996ffc84f33914086a3a2d,bd028e51657f64f915c758005a7548f94ef7e3960e996ffc84f33914086a3a2d,9254f3cc9cea37ccb99884a7215c1416c981d8b579907603d7fe82877c927113,9254f3cc9cea37ccb99884a7215c1416c981d8b579907603d7fe82877c927113,True,True,True,True,True
F3B2J0003974,3974,F3B2D001325,F3BBG_N030_A1_Q002_R027:NULL:PRIMARY,0,M1,bd028e51657f64f915c758005a7548f94ef7e3960e996ffc84f33914086a3a2d,bd028e51657f64f915c758005a7548f94ef7e3960e996ffc84f33914086a3a2d,fc7f1ed45f45f0cb0596f42c8f6368a24cc4ea597ddb4971895f556593f55e5c,fc7f1ed45f45f0cb0596f42c8f6368a24cc4ea597ddb4971895f556593f55e5c,True,True,True,True,True
F3B2J0003975,3975,F3B2D001325,F3BBG_N030_A1_Q002_R027:NULL:PRIMARY,0,M2,bd028e51657f64f915c758005a7548f94ef7e3960e996ffc84f33914086a3a2d,bd028e51657f64f915c758005a7548f94ef7e3960e996ffc84f33914086a3a2d,698cc96c357b6100236ea084cb05172ee45a75d9a93134542ae0b59e54ad8058,698cc96c357b6100236ea084cb05172ee45a75d9a93134542ae0b59e54ad8058,True,True,True,True,True
F3B2J0003976,3976,F3B2D001326,F3BBG_N030_A1_Q002_R027:POS:PRIMARY,0,M0,d65f697c16cd7924892afe78f07aa17d1f11e866b7dc08944ef7033cf7441bda,d65f697c16cd7924892afe78f07aa17d1f11e866b7dc08944ef7033cf7441bda,627d72e1caf8b8dc01bd0ac2d293335b007752681997c98480b46bd0a72f56a1,627d72e1caf8b8dc01bd0ac2d293335b007752681997c98480b46bd0a72f56a1,True,True,True,True,True
F3B2J0003977,3977,F3B2D001326,F3BBG_N030_A1_Q002_R027:POS:PRIMARY,0,M1,d65f697c16cd7924892afe78f07aa17d1f11e866b7dc08944ef7033cf7441bda,d65f697c16cd7924892afe78f07aa17d1f11e866b7dc08944ef7033cf7441bda,d20860f44d937c094c9a6542a5d482938811afdeee26cfaed05e6214ebfe4d72,d20860f44d937c094c9a6542a5d482938811afdeee26cfaed05e6214ebfe4d72,True,True,True,True,True
F3B2J0003978,3978,F3B2D001326,F3BBG_N030_A1_Q002_R027:POS:PRIMARY,0,M2,d65f697c16cd7924892afe78f07aa17d1f11e866b7dc08944ef7033cf7441bda,d65f697c16cd7924892afe78f07aa17d1f11e866b7dc08944ef7033cf7441bda,168ee7842dc1d4f97be8c2f44e915fb24e0cb5048c9ba663e358cdada7ea5b5c,168ee7842dc1d4f97be8c2f44e915fb24e0cb5048c9ba663e358cdada7ea5b5c,True,True,True,True,True
F3B2J0004369,4369,F3B2D001457,F3BBG_N030_A1_Q004_R058:NULL:PRIMARY,0,M0,7a4c1f92ed172dac6ed7aba32c8ff9854ce0aab5ee544a8a9d7e4256a6d18f42,7a4c1f92ed172dac6ed7aba32c8ff9854ce0aab5ee544a8a9d7e4256a6d18f42,6de6a7710e0809e3c669ce7c3c6d783c5e177cfd31a1e60fc19e7519e07006ef,6de6a7710e0809e3c669ce7c3c6d783c5e177cfd31a1e60fc19e7519e07006ef,True,True,True,True,True
F3B2J0004370,4370,F3B2D001457,F3BBG_N030_A1_Q004_R058:NULL:PRIMARY,0,M1,7a4c1f92ed172dac6ed7aba32c8ff9854ce0aab5ee544a8a9d7e4256a6d18f42,7a4c1f92ed172dac6ed7aba32c8ff9854ce0aab5ee544a8a9d7e4256a6d18f42,3d8d559061a843c24dd2b5136506a0dbf441321ceff5c8094f76942f159926a3,3d8d559061a843c24dd2b5136506a0dbf441321ceff5c8094f76942f159926a3,True,True,True,True,True
F3B2J0004371,4371,F3B2D001457,F3BBG_N030_A1_Q004_R058:NULL:PRIMARY,0,M2,7a4c1f92ed172dac6ed7aba32c8ff9854ce0aab5ee544a8a9d7e4256a6d18f42,7a4c1f92ed172dac6ed7aba32c8ff9854ce0aab5ee544a8a9d7e4256a6d18f42,710f2e811d4e6ac297d5196440bd87f325a25957217d65e796ac38b351dfc172,710f2e811d4e6ac297d5196440bd87f325a25957217d65e796ac38b351dfc172,True,True,True,True,True
F3B2J0004372,4372,F3B2D001458,F3BBG_N030_A1_Q004_R058:POS:PRIMARY,0,M0,dbafca78eeb7652f9fb75d4b6b7823997fd76bbd39fb85779ddc9de63e552022,dbafca78eeb7652f9fb75d4b6b7823997fd76bbd39fb85779ddc9de63e552022,cef9fec7581ebdbe17c3560b7a232deb8fe8035d816a905a8a768653dad6b62c,cef9fec7581ebdbe17c3560b7a232deb8fe8035d816a905a8a768653dad6b62c,True,True,True,True,True
F3B2J0004373,4373,F3B2D001458,F3BBG_N030_A1_Q004_R058:POS:PRIMARY,0,M1,dbafca78eeb7652f9fb75d4b6b7823997fd76bbd39fb85779ddc9de63e552022,dbafca78eeb7652f9fb75d4b6b7823997fd76bbd39fb85779ddc9de63e552022,b5609377640d0aeaa726c5a4ee2f3c0f362a2972b331073aa7800bf6005d8d55,b5609377640d0aeaa726c5a4ee2f3c0f362a2972b331073aa7800bf6005d8d55,True,True,True,True,True
F3B2J0004374,4374,F3B2D001458,F3BBG_N030_A1_Q004_R058:POS:PRIMARY,0,M2,dbafca78eeb7652f9fb75d4b6b7823997fd76bbd39fb85779ddc9de63e552022,dbafca78eeb7652f9fb75d4b6b7823997fd76bbd39fb85779ddc9de63e552022,afee46d789fffae119a743f617ba05e738ce9b68e81a57469957f63f89f1144a,afee46d789fffae119a743f617ba05e738ce9b68e81a57469957f63f89f1144a,True,True,True,True,True
F3B2J0004597,4597,F3B2D001533,F3BBG_N030_A2_Q001_R040:NULL:PRIMARY,0,M0,d48374fc757b3a4a5e163d3a312b0bfd91fa33bfb89596c71f67856d13e44cbc,d48374fc757b3a4a5e163d3a312b0bfd91fa33bfb89596c71f67856d13e44cbc,2fa1950bd3c955cf18cdf463bad74f95ab3db46793702691e098093a26be1525,2fa1950bd3c955cf18cdf463bad74f95ab3db46793702691e098093a26be1525,True,True,True,True,True
F3B2J0004598,4598,F3B2D001533,F3BBG_N030_A2_Q001_R040:NULL:PRIMARY,0,M1,d48374fc757b3a4a5e163d3a312b0bfd91fa33bfb89596c71f67856d13e44cbc,d48374fc757b3a4a5e163d3a312b0bfd91fa33bfb89596c71f67856d13e44cbc,5e32bf743f2815b9c0bf6e59bbe33da2f0dc26314aad2b92c7cbd59fac762d4f,5e32bf743f2815b9c0bf6e59bbe33da2f0dc26314aad2b92c7cbd59fac762d4f,True,True,True,True,True
F3B2J0004599,4599,F3B2D001533,F3BBG_N030_A2_Q001_R040:NULL:PRIMARY,0,M2,d48374fc757b3a4a5e163d3a312b0bfd91fa33bfb89596c71f67856d13e44cbc,d48374fc757b3a4a5e163d3a312b0bfd91fa33bfb89596c71f67856d13e44cbc,8594a2168d47d8f1595eaa13b4d88ad60c77d6b906a8e6f0032a6186952819a6,8594a2168d47d8f1595eaa13b4d88ad60c77d6b906a8e6f0032a6186952819a6,True,True,True,True,True
F3B2J0004600,4600,F3B2D001534,F3BBG_N030_A2_Q001_R040:POS:PRIMARY,0,M0,14dafaa5d07b804de05ff3b216cc0059b1ff7847c30046800673f3e311f272ba,14dafaa5d07b804de05ff3b216cc0059b1ff7847c30046800673f3e311f272ba,6998faacf9761afed7058cb86eda81a1c4b3a894ab8572094cf0a0ba51916197,6998faacf9761afed7058cb86eda81a1c4b3a894ab8572094cf0a0ba51916197,True,True,True,True,True
F3B2J0004601,4601,F3B2D001534,F3BBG_N030_A2_Q001_R040:POS:PRIMARY,0,M1,14dafaa5d07b804de05ff3b216cc0059b1ff7847c30046800673f3e311f272ba,14dafaa5d07b804de05ff3b216cc0059b1ff7847c30046800673f3e311f272ba,a18bfa8a25d601ec7abae008fb2a0b407fe20e5f7efa6ad355288d010d426470,a18bfa8a25d601ec7abae008fb2a0b407fe20e5f7efa6ad355288d010d426470,True,True,True,True,True
F3B2J0004602,4602,F3B2D001534,F3BBG_N030_A2_Q001_R040:POS:PRIMARY,0,M2,14dafaa5d07b804de05ff3b216cc0059b1ff7847c30046800673f3e311f272ba,14dafaa5d07b804de05ff3b216cc0059b1ff7847c30046800673f3e311f272ba,8fabb954c4b6d4149cbde8f549354a1454b5a0c299f23a72dd70949fdfb81385,8fabb954c4b6d4149cbde8f549354a1454b5a0c299f23a72dd70949fdfb81385,True,True,True,True,True
F3B2J0004837,4837,F3B2D001613,F3BBG_N030_A2_Q002_R014:NULL:PRIMARY,0,M0,1c28d0ca19176052633c99a098e5e0fbf4db00a30f059f5918c4b394ab852568,1c28d0ca19176052633c99a098e5e0fbf4db00a30f059f5918c4b394ab852568,83dd2ab20df39145ec40532f6b73edcae6cc1980805a457c247371050be140a7,83dd2ab20df39145ec40532f6b73edcae6cc1980805a457c247371050be140a7,True,True,True,True,True
F3B2J0004838,4838,F3B2D001613,F3BBG_N030_A2_Q002_R014:NULL:PRIMARY,0,M1,1c28d0ca19176052633c99a098e5e0fbf4db00a30f059f5918c4b394ab852568,1c28d0ca19176052633c99a098e5e0fbf4db00a30f059f5918c4b394ab852568,c699c0cae2949d941c0363868d5b4f24aaa2d0b12b88c30032c98611d38f1868,c699c0cae2949d941c0363868d5b4f24aaa2d0b12b88c30032c98611d38f1868,True,True,True,True,True
F3B2J0004839,4839,F3B2D001613,F3BBG_N030_A2_Q002_R014:NULL:PRIMARY,0,M2,1c28d0ca19176052633c99a098e5e0fbf4db00a30f059f5918c4b394ab852568,1c28d0ca19176052633c99a098e5e0fbf4db00a30f059f5918c4b394ab852568,2ae830568bca958576869d1d96914a7a20e4148791c4750cc2af5d6a76fc9b1a,2ae830568bca958576869d1d96914a7a20e4148791c4750cc2af5d6a76fc9b1a,True,True,True,True,True
F3B2J0004840,4840,F3B2D001614,F3BBG_N030_A2_Q002_R014:POS:PRIMARY,0,M0,9cb44788602cbe8cf94855a48f7c98263ca496fcd78a14291399dac6ba30a194,9cb44788602cbe8cf94855a48f7c98263ca496fcd78a14291399dac6ba30a194,0f39fb08401a2c7e2da0218417b4fbc7aa3b4f3e70575afbe0cae6c9038d75b0,0f39fb08401a2c7e2da0218417b4fbc7aa3b4f3e70575afbe0cae6c9038d75b0,True,True,True,True,True
F3B2J0004841,4841,F3B2D001614,F3BBG_N030_A2_Q002_R014:POS:PRIMARY,0,M1,9cb44788602cbe8cf94855a48f7c98263ca496fcd78a14291399dac6ba30a194,9cb44788602cbe8cf94855a48f7c98263ca496fcd78a14291399dac6ba30a194,e64e84fb678f563f95a12a1402106945b83a2fb8c144d221e19bcd8489e7746f,e64e84fb678f563f95a12a1402106945b83a2fb8c144d221e19bcd8489e7746f,True,True,True,True,True
F3B2J0004842,4842,F3B2D001614,F3BBG_N030_A2_Q002_R014:POS:PRIMARY,0,M2,9cb44788602cbe8cf94855a48f7c98263ca496fcd78a14291399dac6ba30a194,9cb44788602cbe8cf94855a48f7c98263ca496fcd78a14291399dac6ba30a194,e2767fb30a6bf6ee183773c8e09b737237ee331b81c2b9ae3801b3c6653454ed,e2767fb30a6bf6ee183773c8e09b737237ee331b81c2b9ae3801b3c6653454ed,True,True,True,True,True
F3B2J0005317,5317,F3B2D001773,F3BBG_N030_A2_Q004_R065:NULL:PRIMARY,0,M0,997fde4a1481940bce5f2fe65f33854d8647e8727bfb105b0a075df0f5659838,997fde4a1481940bce5f2fe65f33854d8647e8727bfb105b0a075df0f5659838,319c902634ec071fbc21524c208b4bbe9e703eef01a5c3d312dcb5ea9ca7fdd8,319c902634ec071fbc21524c208b4bbe9e703eef01a5c3d312dcb5ea9ca7fdd8,True,True,True,True,True
F3B2J0005318,5318,F3B2D001773,F3BBG_N030_A2_Q004_R065:NULL:PRIMARY,0,M1,997fde4a1481940bce5f2fe65f33854d8647e8727bfb105b0a075df0f5659838,997fde4a1481940bce5f2fe65f33854d8647e8727bfb105b0a075df0f5659838,0bdd850c0d004484232e2efcbebcbbeaf0f25701e2b7e22d7e96f6bc1bd57730,0bdd850c0d004484232e2efcbebcbbeaf0f25701e2b7e22d7e96f6bc1bd57730,True,True,True,True,True
F3B2J0005319,5319,F3B2D001773,F3BBG_N030_A2_Q004_R065:NULL:PRIMARY,0,M2,997fde4a1481940bce5f2fe65f33854d8647e8727bfb105b0a075df0f5659838,997fde4a1481940bce5f2fe65f33854d8647e8727bfb105b0a075df0f5659838,278ee42ae5131493131f271255c6993cb63c486eec9f7f08b7ca79e77757baf4,278ee42ae5131493131f271255c6993cb63c486eec9f7f08b7ca79e77757baf4,True,True,True,True,True
F3B2J0005320,5320,F3B2D001774,F3BBG_N030_A2_Q004_R065:POS:PRIMARY,0,M0,dc8a2d1f0f1c45536f166f88ca856260ee44d08fae83b88322476ffe2b84379c,dc8a2d1f0f1c45536f166f88ca856260ee44d08fae83b88322476ffe2b84379c,b0ddfa1b5f0c75d874d34aa0c6217d0cc609cbd32b4cfbdf714fa549afbed6a2,b0ddfa1b5f0c75d874d34aa0c6217d0cc609cbd32b4cfbdf714fa549afbed6a2,True,True,True,True,True
F3B2J0005321,5321,F3B2D001774,F3BBG_N030_A2_Q004_R065:POS:PRIMARY,0,M1,dc8a2d1f0f1c45536f166f88ca856260ee44d08fae83b88322476ffe2b84379c,dc8a2d1f0f1c45536f166f88ca856260ee44d08fae83b88322476ffe2b84379c,9e185e3fd3debe594f683843078a6eaf3e8ec2be7b58756c303977990a3e49b2,9e185e3fd3debe594f683843078a6eaf3e8ec2be7b58756c303977990a3e49b2,True,True,True,True,True
F3B2J0005322,5322,F3B2D001774,F3BBG_N030_A2_Q004_R065:POS:PRIMARY,0,M2,dc8a2d1f0f1c45536f166f88ca856260ee44d08fae83b88322476ffe2b84379c,dc8a2d1f0f1c45536f166f88ca856260ee44d08fae83b88322476ffe2b84379c,780b4f9fd5e3c9f8cff7f94f2889d911b36fb207a1eafbfa0ae298bbada0a574,780b4f9fd5e3c9f8cff7f94f2889d911b36fb207a1eafbfa0ae298bbada0a574,True,True,True,True,True
F3B2J0005467,5467,F3B2D001823,F3BBG_N060_A0_Q001_R024:NULL:PRIMARY,0,M0,6c1be9952eb5bf9fabc9861da6d3e9368388c0eb303e67d967bda6a834456829,6c1be9952eb5bf9fabc9861da6d3e9368388c0eb303e67d967bda6a834456829,b2532c4b91d19a0712acec842222ba9b2d23c875680f6497e57be4cb64c853b3,b2532c4b91d19a0712acec842222ba9b2d23c875680f6497e57be4cb64c853b3,True,True,True,True,True
F3B2J0005468,5468,F3B2D001823,F3BBG_N060_A0_Q001_R024:NULL:PRIMARY,0,M1,6c1be9952eb5bf9fabc9861da6d3e9368388c0eb303e67d967bda6a834456829,6c1be9952eb5bf9fabc9861da6d3e9368388c0eb303e67d967bda6a834456829,fa155dbcf7bc5fa8c6c939151559782928a4a3337990833191df1d4e4eb62776,fa155dbcf7bc5fa8c6c939151559782928a4a3337990833191df1d4e4eb62776,True,True,True,True,True
F3B2J0005469,5469,F3B2D001823,F3BBG_N060_A0_Q001_R024:NULL:PRIMARY,0,M2,6c1be9952eb5bf9fabc9861da6d3e9368388c0eb303e67d967bda6a834456829,6c1be9952eb5bf9fabc9861da6d3e9368388c0eb303e67d967bda6a834456829,57e88953932e377bce9553c114329af718ecd3063c52b2c70a815a9812b509e2,57e88953932e377bce9553c114329af718ecd3063c52b2c70a815a9812b509e2,True,True,True,True,True
F3B2J0005470,5470,F3B2D001824,F3BBG_N060_A0_Q001_R024:POS:PRIMARY,0,M0,3e5ce767f5819b442d4e638e066cb924c71d3c9e8fc3aa2b41304f51fdf7c910,3e5ce767f5819b442d4e638e066cb924c71d3c9e8fc3aa2b41304f51fdf7c910,3cd5d0c3a613605cdd80ec3be06affffc4a8cf8e570378b42835b73aaa304296,3cd5d0c3a613605cdd80ec3be06affffc4a8cf8e570378b42835b73aaa304296,True,True,True,True,True
F3B2J0005471,5471,F3B2D001824,F3BBG_N060_A0_Q001_R024:POS:PRIMARY,0,M1,3e5ce767f5819b442d4e638e066cb924c71d3c9e8fc3aa2b41304f51fdf7c910,3e5ce767f5819b442d4e638e066cb924c71d3c9e8fc3aa2b41304f51fdf7c910,cca1263392cacfd177b5d21350a2726e150c768b1fb2119152c55f03a135bedf,cca1263392cacfd177b5d21350a2726e150c768b1fb2119152c55f03a135bedf,True,True,True,True,True
F3B2J0005472,5472,F3B2D001824,F3BBG_N060_A0_Q001_R024:POS:PRIMARY,0,M2,3e5ce767f5819b442d4e638e066cb924c71d3c9e8fc3aa2b41304f51fdf7c910,3e5ce767f5819b442d4e638e066cb924c71d3c9e8fc3aa2b41304f51fdf7c910,c13221bd71902dce85c088d96d1a0ef0131eadbef2d9505913329fd6ee6e3090,c13221bd71902dce85c088d96d1a0ef0131eadbef2d9505913329fd6ee6e3090,True,True,True,True,True
F3B2J0005749,5749,F3B2D001917,F3BBG_N060_A0_Q002_R021:NULL:PRIMARY,0,M0,f529a0ceeabd43bbafc870f9377ad3daf996f7b190ae05ed54dce184bf4de262,f529a0ceeabd43bbafc870f9377ad3daf996f7b190ae05ed54dce184bf4de262,e454de846dc12a93e84e1d17ea90f4692060626c3b5040913aed09ecc56ded80,e454de846dc12a93e84e1d17ea90f4692060626c3b5040913aed09ecc56ded80,True,True,True,True,True
F3B2J0005750,5750,F3B2D001917,F3BBG_N060_A0_Q002_R021:NULL:PRIMARY,0,M1,f529a0ceeabd43bbafc870f9377ad3daf996f7b190ae05ed54dce184bf4de262,f529a0ceeabd43bbafc870f9377ad3daf996f7b190ae05ed54dce184bf4de262,054c471c5505d4aeb513426d43421e8ee754228b0aebf643e9099fbd807d9194,054c471c5505d4aeb513426d43421e8ee754228b0aebf643e9099fbd807d9194,True,True,True,True,True
F3B2J0005751,5751,F3B2D001917,F3BBG_N060_A0_Q002_R021:NULL:PRIMARY,0,M2,f529a0ceeabd43bbafc870f9377ad3daf996f7b190ae05ed54dce184bf4de262,f529a0ceeabd43bbafc870f9377ad3daf996f7b190ae05ed54dce184bf4de262,033c2e006b2b452a8672c4547146ec1d7a4f9e30181bab6edb7264b229cc77b0,033c2e006b2b452a8672c4547146ec1d7a4f9e30181bab6edb7264b229cc77b0,True,True,True,True,True
F3B2J0005752,5752,F3B2D001918,F3BBG_N060_A0_Q002_R021:POS:PRIMARY,0,M0,7e38763324d28cbdc896c1783370e54d6878871e713f26d9888f95170a9e1d27,7e38763324d28cbdc896c1783370e54d6878871e713f26d9888f95170a9e1d27,0f0796575cdd9b6bc27a09ca1f535109fb62f02a7329540ea239d22372a42eca,0f0796575cdd9b6bc27a09ca1f535109fb62f02a7329540ea239d22372a42eca,True,True,True,True,True
F3B2J0005753,5753,F3B2D001918,F3BBG_N060_A0_Q002_R021:POS:PRIMARY,0,M1,7e38763324d28cbdc896c1783370e54d6878871e713f26d9888f95170a9e1d27,7e38763324d28cbdc896c1783370e54d6878871e713f26d9888f95170a9e1d27,5cbabb3b14fd6de62c19b6db09303dc43b94b297dc8723dcdbb4057623f55f09,5cbabb3b14fd6de62c19b6db09303dc43b94b297dc8723dcdbb4057623f55f09,True,True,True,True,True
F3B2J0005754,5754,F3B2D001918,F3BBG_N060_A0_Q002_R021:POS:PRIMARY,0,M2,7e38763324d28cbdc896c1783370e54d6878871e713f26d9888f95170a9e1d27,7e38763324d28cbdc896c1783370e54d6878871e713f26d9888f95170a9e1d27,838f5695964a4307d02ac95e490e78422d3d7faf36c844beb8a30c08d6b839df,838f5695964a4307d02ac95e490e78422d3d7faf36c844beb8a30c08d6b839df,True,True,True,True,True
F3B2J0006277,6277,F3B2D002093,F3BBG_N060_A0_Q004_R094:NULL:PRIMARY,0,M0,8b0802c09a1e8d119511cd090fad2aaa45785a98207c3bbd13bdd081992e9991,8b0802c09a1e8d119511cd090fad2aaa45785a98207c3bbd13bdd081992e9991,049f105495d24b05d87ea55677670e0af82d9e8064dc7c648d8edf0ee607bb2d,049f105495d24b05d87ea55677670e0af82d9e8064dc7c648d8edf0ee607bb2d,True,True,True,True,True
F3B2J0006278,6278,F3B2D002093,F3BBG_N060_A0_Q004_R094:NULL:PRIMARY,0,M1,8b0802c09a1e8d119511cd090fad2aaa45785a98207c3bbd13bdd081992e9991,8b0802c09a1e8d119511cd090fad2aaa45785a98207c3bbd13bdd081992e9991,a3288a4b07df00e219a428e52a7ebddbb2043014ee1f90f86bfc7d3ff67b5435,a3288a4b07df00e219a428e52a7ebddbb2043014ee1f90f86bfc7d3ff67b5435,True,True,True,True,True
F3B2J0006279,6279,F3B2D002093,F3BBG_N060_A0_Q004_R094:NULL:PRIMARY,0,M2,8b0802c09a1e8d119511cd090fad2aaa45785a98207c3bbd13bdd081992e9991,8b0802c09a1e8d119511cd090fad2aaa45785a98207c3bbd13bdd081992e9991,fcb8502664b5c6e7b0c20e26ebd3466333da51dc60d2e2b1845c75978c55f17a,fcb8502664b5c6e7b0c20e26ebd3466333da51dc60d2e2b1845c75978c55f17a,True,True,True,True,True
F3B2J0006280,6280,F3B2D002094,F3BBG_N060_A0_Q004_R094:POS:PRIMARY,0,M0,42e142479dd6d4402e6a9671d8554ab00377ddddeb2cd9a25138a85236d358c4,42e142479dd6d4402e6a9671d8554ab00377ddddeb2cd9a25138a85236d358c4,7e7df3f899f8298b7a41172b49be56003f0915a547d5057f9112396b56190f68,7e7df3f899f8298b7a41172b49be56003f0915a547d5057f9112396b56190f68,True,True,True,True,True
F3B2J0006281,6281,F3B2D002094,F3BBG_N060_A0_Q004_R094:POS:PRIMARY,0,M1,42e142479dd6d4402e6a9671d8554ab00377ddddeb2cd9a25138a85236d358c4,42e142479dd6d4402e6a9671d8554ab00377ddddeb2cd9a25138a85236d358c4,597a7402b71b9bf1dec34fba5bf9549f5f4edb650ed385e025f2718c36a209f6,597a7402b71b9bf1dec34fba5bf9549f5f4edb650ed385e025f2718c36a209f6,True,True,True,True,True
F3B2J0006282,6282,F3B2D002094,F3BBG_N060_A0_Q004_R094:POS:PRIMARY,0,M2,42e142479dd6d4402e6a9671d8554ab00377ddddeb2cd9a25138a85236d358c4,42e142479dd6d4402e6a9671d8554ab00377ddddeb2cd9a25138a85236d358c4,96e956cc09ba3dec00e443df25fef706b03a86c2d1429e91542d05a511854a51,96e956cc09ba3dec00e443df25fef706b03a86c2d1429e91542d05a511854a51,True,True,True,True,True
F3B2J0006493,6493,F3B2D002165,F3BBG_N060_A1_Q001_R062:NULL:PRIMARY,0,M0,41e344a54660a241206c1c5908b6cc3ce7364c27cf589be631a9b9051d0e3167,41e344a54660a241206c1c5908b6cc3ce7364c27cf589be631a9b9051d0e3167,72221a2c07556a4284bd8241bc7653ac172baff03a36ea3ea4434207fbedcead,72221a2c07556a4284bd8241bc7653ac172baff03a36ea3ea4434207fbedcead,True,True,True,True,True
F3B2J0006494,6494,F3B2D002165,F3BBG_N060_A1_Q001_R062:NULL:PRIMARY,0,M1,41e344a54660a241206c1c5908b6cc3ce7364c27cf589be631a9b9051d0e3167,41e344a54660a241206c1c5908b6cc3ce7364c27cf589be631a9b9051d0e3167,d4b5545233eec2e30caaadfd59165cf3648f121fdab3bf0329d98da3161fda66,d4b5545233eec2e30caaadfd59165cf3648f121fdab3bf0329d98da3161fda66,True,True,True,True,True
F3B2J0006495,6495,F3B2D002165,F3BBG_N060_A1_Q001_R062:NULL:PRIMARY,0,M2,41e344a54660a241206c1c5908b6cc3ce7364c27cf589be631a9b9051d0e3167,41e344a54660a241206c1c5908b6cc3ce7364c27cf589be631a9b9051d0e3167,4fdf32be542386cfe81479aa024160a1437db28f03dcfc14a30ce9b3a28db6ba,4fdf32be542386cfe81479aa024160a1437db28f03dcfc14a30ce9b3a28db6ba,True,True,True,True,True
F3B2J0006496,6496,F3B2D002166,F3BBG_N060_A1_Q001_R062:POS:PRIMARY,0,M0,7aa47c9eb397616ad532b4e100249ed4e18526e8e04a6560187643acb1227f7c,7aa47c9eb397616ad532b4e100249ed4e18526e8e04a6560187643acb1227f7c,15586b18f0c153c18c8205e9669575b52ae397a4c04954ced8ee6540e2edf68d,15586b18f0c153c18c8205e9669575b52ae397a4c04954ced8ee6540e2edf68d,True,True,True,True,True
F3B2J0006497,6497,F3B2D002166,F3BBG_N060_A1_Q001_R062:POS:PRIMARY,0,M1,7aa47c9eb397616ad532b4e100249ed4e18526e8e04a6560187643acb1227f7c,7aa47c9eb397616ad532b4e100249ed4e18526e8e04a6560187643acb1227f7c,eb5764c70ddb9eb6ae89b6ffe2309d319314715a54740a57d35bee592e07c415,eb5764c70ddb9eb6ae89b6ffe2309d319314715a54740a57d35bee592e07c415,True,True,True,True,True
F3B2J0006498,6498,F3B2D002166,F3BBG_N060_A1_Q001_R062:POS:PRIMARY,0,M2,7aa47c9eb397616ad532b4e100249ed4e18526e8e04a6560187643acb1227f7c,7aa47c9eb397616ad532b4e100249ed4e18526e8e04a6560187643acb1227f7c,a72fbd5673fa496888b8fdca933d5570289592198e11053117dbd452bfc39d19,a72fbd5673fa496888b8fdca933d5570289592198e11053117dbd452bfc39d19,True,True,True,True,True
F3B2J0006793,6793,F3B2D002265,F3BBG_N060_A1_Q002_R062:NULL:PRIMARY,0,M0,8ae56b344fe99f387acf1bd335b593dd9bb959c3ab40356e96b5adff447fbb0a,8ae56b344fe99f387acf1bd335b593dd9bb959c3ab40356e96b5adff447fbb0a,d72c82a153990ecbdb54a35c180bd2c93300528e4587c5d46ea295ae9fb0f3e5,d72c82a153990ecbdb54a35c180bd2c93300528e4587c5d46ea295ae9fb0f3e5,True,True,True,True,True
F3B2J0006794,6794,F3B2D002265,F3BBG_N060_A1_Q002_R062:NULL:PRIMARY,0,M1,8ae56b344fe99f387acf1bd335b593dd9bb959c3ab40356e96b5adff447fbb0a,8ae56b344fe99f387acf1bd335b593dd9bb959c3ab40356e96b5adff447fbb0a,b542ea3fbaf46a8ef9787aea7f72147234630f72af1d2f4d6b5d7f8fb8f78634,b542ea3fbaf46a8ef9787aea7f72147234630f72af1d2f4d6b5d7f8fb8f78634,True,True,True,True,True
F3B2J0006795,6795,F3B2D002265,F3BBG_N060_A1_Q002_R062:NULL:PRIMARY,0,M2,8ae56b344fe99f387acf1bd335b593dd9bb959c3ab40356e96b5adff447fbb0a,8ae56b344fe99f387acf1bd335b593dd9bb959c3ab40356e96b5adff447fbb0a,d0f00aec823a68ba1c062902b3b28a7322085fddd821aea27ff324d4c0520e28,d0f00aec823a68ba1c062902b3b28a7322085fddd821aea27ff324d4c0520e28,True,True,True,True,True
F3B2J0006796,6796,F3B2D002266,F3BBG_N060_A1_Q002_R062:POS:PRIMARY,0,M0,e5b64181888135e9e09465b24974a3eb623b21e2c92234cfcc8832f5a6d3d650,e5b64181888135e9e09465b24974a3eb623b21e2c92234cfcc8832f5a6d3d650,b704886c1c83cf9ce154fab8bbe287babed4ed30949b7cce34f733cb28994a40,b704886c1c83cf9ce154fab8bbe287babed4ed30949b7cce34f733cb28994a40,True,True,True,True,True
F3B2J0006797,6797,F3B2D002266,F3BBG_N060_A1_Q002_R062:POS:PRIMARY,0,M1,e5b64181888135e9e09465b24974a3eb623b21e2c92234cfcc8832f5a6d3d650,e5b64181888135e9e09465b24974a3eb623b21e2c92234cfcc8832f5a6d3d650,625013a76e5c758ee05da811a7994829f9c608f571ddebcf7b0b30875239e78c,625013a76e5c758ee05da811a7994829f9c608f571ddebcf7b0b30875239e78c,True,True,True,True,True
F3B2J0006798,6798,F3B2D002266,F3BBG_N060_A1_Q002_R062:POS:PRIMARY,0,M2,e5b64181888135e9e09465b24974a3eb623b21e2c92234cfcc8832f5a6d3d650,e5b64181888135e9e09465b24974a3eb623b21e2c92234cfcc8832f5a6d3d650,769400f6033107daa3f9d699d6da712447e8ab765d23a0b18f023229f0daa6eb,769400f6033107daa3f9d699d6da712447e8ab765d23a0b18f023229f0daa6eb,True,True,True,True,True
F3B2J0007063,7063,F3B2D002355,F3BBG_N060_A1_Q004_R055:NULL:PRIMARY,0,M0,43543178bcea9c872b484f13ee25cea33f697428967505c00ebc2b9c5580920e,43543178bcea9c872b484f13ee25cea33f697428967505c00ebc2b9c5580920e,b8d6693cdb9b04459cee3f4558e7fa0c5abb997c3017aefede001e84ae69a01c,b8d6693cdb9b04459cee3f4558e7fa0c5abb997c3017aefede001e84ae69a01c,True,True,True,True,True
F3B2J0007064,7064,F3B2D002355,F3BBG_N060_A1_Q004_R055:NULL:PRIMARY,0,M1,43543178bcea9c872b484f13ee25cea33f697428967505c00ebc2b9c5580920e,43543178bcea9c872b484f13ee25cea33f697428967505c00ebc2b9c5580920e,4e21bf11f6db12ef45256b42dc0c1a39758ac4e969a838621a211098f4f60919,4e21bf11f6db12ef45256b42dc0c1a39758ac4e969a838621a211098f4f60919,True,True,True,True,True
F3B2J0007065,7065,F3B2D002355,F3BBG_N060_A1_Q004_R055:NULL:PRIMARY,0,M2,43543178bcea9c872b484f13ee25cea33f697428967505c00ebc2b9c5580920e,43543178bcea9c872b484f13ee25cea33f697428967505c00ebc2b9c5580920e,38b99bd682d01f81ae32c714560dfcd7386ac49d654e4833e0db55dba02cf3df,38b99bd682d01f81ae32c714560dfcd7386ac49d654e4833e0db55dba02cf3df,True,True,True,True,True
F3B2J0007066,7066,F3B2D002356,F3BBG_N060_A1_Q004_R055:POS:PRIMARY,0,M0,c5d9fc9b94ccfefae8c6ea4e9601ace517ef756b64ae374c19347474c2f41049,c5d9fc9b94ccfefae8c6ea4e9601ace517ef756b64ae374c19347474c2f41049,e0aaa16c77d1235fb3d81b47ee0424939191e3e49f5b1c6b18d767443b526c38,e0aaa16c77d1235fb3d81b47ee0424939191e3e49f5b1c6b18d767443b526c38,True,True,True,True,True
F3B2J0007067,7067,F3B2D002356,F3BBG_N060_A1_Q004_R055:POS:PRIMARY,0,M1,c5d9fc9b94ccfefae8c6ea4e9601ace517ef756b64ae374c19347474c2f41049,c5d9fc9b94ccfefae8c6ea4e9601ace517ef756b64ae374c19347474c2f41049,204be381532a04b062d03c151e9fffca7d364e58f1e54bb9deca2347fc061763,204be381532a04b062d03c151e9fffca7d364e58f1e54bb9deca2347fc061763,True,True,True,True,True
F3B2J0007068,7068,F3B2D002356,F3BBG_N060_A1_Q004_R055:POS:PRIMARY,0,M2,c5d9fc9b94ccfefae8c6ea4e9601ace517ef756b64ae374c19347474c2f41049,c5d9fc9b94ccfefae8c6ea4e9601ace517ef756b64ae374c19347474c2f41049,de35b9091249809796de6dbe6aa2d1052e718009eff873d3178949bbd486d291,de35b9091249809796de6dbe6aa2d1052e718009eff873d3178949bbd486d291,True,True,True,True,True
F3B2J0007261,7261,F3B2D002421,F3BBG_N060_A2_Q001_R022:NULL:PRIMARY,0,M0,21a45f91a3719574dcb7dc63ec9a0abd17161d97b7cdaa058cdf5b1b89773b1d,21a45f91a3719574dcb7dc63ec9a0abd17161d97b7cdaa058cdf5b1b89773b1d,4105acd2e81577dddb24e8329057e48568c04d13719053cfd3c3a44c5d9d5df1,4105acd2e81577dddb24e8329057e48568c04d13719053cfd3c3a44c5d9d5df1,True,True,True,True,True
F3B2J0007262,7262,F3B2D002421,F3BBG_N060_A2_Q001_R022:NULL:PRIMARY,0,M1,21a45f91a3719574dcb7dc63ec9a0abd17161d97b7cdaa058cdf5b1b89773b1d,21a45f91a3719574dcb7dc63ec9a0abd17161d97b7cdaa058cdf5b1b89773b1d,3da95c0ffe99c350a350679c282849cdaea959a1d4284c387056c98c1a5337d1,3da95c0ffe99c350a350679c282849cdaea959a1d4284c387056c98c1a5337d1,True,True,True,True,True
F3B2J0007263,7263,F3B2D002421,F3BBG_N060_A2_Q001_R022:NULL:PRIMARY,0,M2,21a45f91a3719574dcb7dc63ec9a0abd17161d97b7cdaa058cdf5b1b89773b1d,21a45f91a3719574dcb7dc63ec9a0abd17161d97b7cdaa058cdf5b1b89773b1d,2e0a320e2dd0601c47f8a6fde2774e4b6945c7813bd47ecef8ac5710455bf404,2e0a320e2dd0601c47f8a6fde2774e4b6945c7813bd47ecef8ac5710455bf404,True,True,True,True,True
F3B2J0007264,7264,F3B2D002422,F3BBG_N060_A2_Q001_R022:POS:PRIMARY,0,M0,00ba165dab59bfebbdae81ab3ed784567ee8cefb21568479004da825fde7c6a6,00ba165dab59bfebbdae81ab3ed784567ee8cefb21568479004da825fde7c6a6,f079b34b03be4c9d2b154786ec01496e5740c6ea4f17456bfb0b6784f65a23a3,f079b34b03be4c9d2b154786ec01496e5740c6ea4f17456bfb0b6784f65a23a3,True,True,True,True,True
F3B2J0007265,7265,F3B2D002422,F3BBG_N060_A2_Q001_R022:POS:PRIMARY,0,M1,00ba165dab59bfebbdae81ab3ed784567ee8cefb21568479004da825fde7c6a6,00ba165dab59bfebbdae81ab3ed784567ee8cefb21568479004da825fde7c6a6,c6fdfd2b668c90c9a2207824051d0ec28e1c8b995e74b19130191d95f0a29bd6,c6fdfd2b668c90c9a2207824051d0ec28e1c8b995e74b19130191d95f0a29bd6,True,True,True,True,True
F3B2J0007266,7266,F3B2D002422,F3BBG_N060_A2_Q001_R022:POS:PRIMARY,0,M2,00ba165dab59bfebbdae81ab3ed784567ee8cefb21568479004da825fde7c6a6,00ba165dab59bfebbdae81ab3ed784567ee8cefb21568479004da825fde7c6a6,f962a1b410541d37064ee00dcbd739f79afa9adb5c08d4e9b19756667a06fee2,f962a1b410541d37064ee00dcbd739f79afa9adb5c08d4e9b19756667a06fee2,True,True,True,True,True
F3B2J0007795,7795,F3B2D002599,F3BBG_N060_A2_Q002_R100:NULL:PRIMARY,0,M0,a9c5008159ad60ac79dde340ee5bb8acfa08f447a12cb8e6692c868b4c33c2b4,a9c5008159ad60ac79dde340ee5bb8acfa08f447a12cb8e6692c868b4c33c2b4,3b0f42a968a3215ce1b5304b94e529dc14793f3a6fd783dc69754e54eb4bb239,3b0f42a968a3215ce1b5304b94e529dc14793f3a6fd783dc69754e54eb4bb239,True,True,True,True,True
F3B2J0007796,7796,F3B2D002599,F3BBG_N060_A2_Q002_R100:NULL:PRIMARY,0,M1,a9c5008159ad60ac79dde340ee5bb8acfa08f447a12cb8e6692c868b4c33c2b4,a9c5008159ad60ac79dde340ee5bb8acfa08f447a12cb8e6692c868b4c33c2b4,ee1b92593ab73bdae9aebfefd0f2b01ecae9d32ed5b5538311b50d5990836faa,ee1b92593ab73bdae9aebfefd0f2b01ecae9d32ed5b5538311b50d5990836faa,True,True,True,True,True
F3B2J0007797,7797,F3B2D002599,F3BBG_N060_A2_Q002_R100:NULL:PRIMARY,0,M2,a9c5008159ad60ac79dde340ee5bb8acfa08f447a12cb8e6692c868b4c33c2b4,a9c5008159ad60ac79dde340ee5bb8acfa08f447a12cb8e6692c868b4c33c2b4,2a18d3fd0a3f389cd46adce64948501234eefe91815b22169c4e16a9642f810a,2a18d3fd0a3f389cd46adce64948501234eefe91815b22169c4e16a9642f810a,True,True,True,True,True
F3B2J0007798,7798,F3B2D002600,F3BBG_N060_A2_Q002_R100:POS:PRIMARY,0,M0,72172269c00909466b42f326113589925a5781fd2a2e490933c9df6516e28efd,72172269c00909466b42f326113589925a5781fd2a2e490933c9df6516e28efd,e50d9cea4290beb5710625257726f09e3ae71290225fd2b5d1294a9809e00cf8,e50d9cea4290beb5710625257726f09e3ae71290225fd2b5d1294a9809e00cf8,True,True,True,True,True
F3B2J0007799,7799,F3B2D002600,F3BBG_N060_A2_Q002_R100:POS:PRIMARY,0,M1,72172269c00909466b42f326113589925a5781fd2a2e490933c9df6516e28efd,72172269c00909466b42f326113589925a5781fd2a2e490933c9df6516e28efd,2edee697476fcc098a588b3111d13ada1dbed92ca3256ae767c79a510831f8dd,2edee697476fcc098a588b3111d13ada1dbed92ca3256ae767c79a510831f8dd,True,True,True,True,True
F3B2J0007800,7800,F3B2D002600,F3BBG_N060_A2_Q002_R100:POS:PRIMARY,0,M2,72172269c00909466b42f326113589925a5781fd2a2e490933c9df6516e28efd,72172269c00909466b42f326113589925a5781fd2a2e490933c9df6516e28efd,8ce0267d1ecff3a98d3b55a55f936f91a7f49599552699ebe6633e9b431bb7d0,8ce0267d1ecff3a98d3b55a55f936f91a7f49599552699ebe6633e9b431bb7d0,True,True,True,True,True
F3B2J0007813,7813,F3B2D002605,F3BBG_N060_A2_Q004_R005:NULL:PRIMARY,0,M0,018f7ab9f5cfced8c197e4839d769eb03f70777bc33ebfcd6af652905606541e,018f7ab9f5cfced8c197e4839d769eb03f70777bc33ebfcd6af652905606541e,16c9301e58446a1e8df5685e3b14f26d299f79a59c059091505c06262d1b5700,16c9301e58446a1e8df5685e3b14f26d299f79a59c059091505c06262d1b5700,True,True,True,True,True
F3B2J0007814,7814,F3B2D002605,F3BBG_N060_A2_Q004_R005:NULL:PRIMARY,0,M1,018f7ab9f5cfced8c197e4839d769eb03f70777bc33ebfcd6af652905606541e,018f7ab9f5cfced8c197e4839d769eb03f70777bc33ebfcd6af652905606541e,3adf6682a87558625457a827bb0f53cd04d89f54a6bea61f77f9017a024a06cc,3adf6682a87558625457a827bb0f53cd04d89f54a6bea61f77f9017a024a06cc,True,True,True,True,True
F3B2J0007815,7815,F3B2D002605,F3BBG_N060_A2_Q004_R005:NULL:PRIMARY,0,M2,018f7ab9f5cfced8c197e4839d769eb03f70777bc33ebfcd6af652905606541e,018f7ab9f5cfced8c197e4839d769eb03f70777bc33ebfcd6af652905606541e,0cea110b02204709de6ea462d7dd1156af5b994676385b009f9d7c92485cc746,0cea110b02204709de6ea462d7dd1156af5b994676385b009f9d7c92485cc746,True,True,True,True,True
F3B2J0007816,7816,F3B2D002606,F3BBG_N060_A2_Q004_R005:POS:PRIMARY,0,M0,54269399ad4469b7a74dfb69a22350507a66db3df1b353f9f6ee2cae8e6332ad,54269399ad4469b7a74dfb69a22350507a66db3df1b353f9f6ee2cae8e6332ad,0ec8611ec413b7fd0126cda20cd9ef312620109eca7c7603a8c53cd3d61b251f,0ec8611ec413b7fd0126cda20cd9ef312620109eca7c7603a8c53cd3d61b251f,True,True,True,True,True
F3B2J0007817,7817,F3B2D002606,F3BBG_N060_A2_Q004_R005:POS:PRIMARY,0,M1,54269399ad4469b7a74dfb69a22350507a66db3df1b353f9f6ee2cae8e6332ad,54269399ad4469b7a74dfb69a22350507a66db3df1b353f9f6ee2cae8e6332ad,85618e0fcbca974eea711ebe5f2b4aad2702b752ef7d10fdaf9f4b202fc4164c,85618e0fcbca974eea711ebe5f2b4aad2702b752ef7d10fdaf9f4b202fc4164c,True,True,True,True,True
F3B2J0007818,7818,F3B2D002606,F3BBG_N060_A2_Q004_R005:POS:PRIMARY,0,M2,54269399ad4469b7a74dfb69a22350507a66db3df1b353f9f6ee2cae8e6332ad,54269399ad4469b7a74dfb69a22350507a66db3df1b353f9f6ee2cae8e6332ad,b22aa2a3c8c27ab0424d0da5cfa72ab653f3d1b023e3db29b0ca0df0d8e3500e,b22aa2a3c8c27ab0424d0da5cfa72ab653f3d1b023e3db29b0ca0df0d8e3500e,True,True,True,True,True
F3B2J0008173,8173,F3B2D002725,F3BBG_N120_A0_Q001_R032:NULL:PRIMARY,0,M0,ff786a3b8ff73a4d6bb74372b6019b04fb8102c5a7655a565e690ff438034975,ff786a3b8ff73a4d6bb74372b6019b04fb8102c5a7655a565e690ff438034975,a7d1188804ddc2c4e15840b07707238881c1bf0ff6ac8f7fa05c9f2ccdac2b97,a7d1188804ddc2c4e15840b07707238881c1bf0ff6ac8f7fa05c9f2ccdac2b97,True,True,True,True,True
F3B2J0008174,8174,F3B2D002725,F3BBG_N120_A0_Q001_R032:NULL:PRIMARY,0,M1,ff786a3b8ff73a4d6bb74372b6019b04fb8102c5a7655a565e690ff438034975,ff786a3b8ff73a4d6bb74372b6019b04fb8102c5a7655a565e690ff438034975,ea844c385543579126c20c23bd84a2eb55d22b274035f4e3252e47f9c56dedfb,ea844c385543579126c20c23bd84a2eb55d22b274035f4e3252e47f9c56dedfb,True,True,True,True,True
F3B2J0008175,8175,F3B2D002725,F3BBG_N120_A0_Q001_R032:NULL:PRIMARY,0,M2,ff786a3b8ff73a4d6bb74372b6019b04fb8102c5a7655a565e690ff438034975,ff786a3b8ff73a4d6bb74372b6019b04fb8102c5a7655a565e690ff438034975,073241e01ec5fb8bb70c94e78b4efff098d8ac7c5779dcc5409b2b51e84926d2,073241e01ec5fb8bb70c94e78b4efff098d8ac7c5779dcc5409b2b51e84926d2,True,True,True,True,True
F3B2J0008176,8176,F3B2D002726,F3BBG_N120_A0_Q001_R032:POS:PRIMARY,0,M0,4c714cbcacb5690c911ec77f4b5e618eeed6c4c82306e8d3c59b848cd433a5e5,4c714cbcacb5690c911ec77f4b5e618eeed6c4c82306e8d3c59b848cd433a5e5,0c54733a7b5ae7196ab803bde516f35cd3547fd252dd513eabba37fe7b3899a9,0c54733a7b5ae7196ab803bde516f35cd3547fd252dd513eabba37fe7b3899a9,True,True,True,True,True
F3B2J0008177,8177,F3B2D002726,F3BBG_N120_A0_Q001_R032:POS:PRIMARY,0,M1,4c714cbcacb5690c911ec77f4b5e618eeed6c4c82306e8d3c59b848cd433a5e5,4c714cbcacb5690c911ec77f4b5e618eeed6c4c82306e8d3c59b848cd433a5e5,7576b1d0a24ee2e7d4b0f832bcc67decb57d1a42bd1fde5f807bd58ea10b2c7c,7576b1d0a24ee2e7d4b0f832bcc67decb57d1a42bd1fde5f807bd58ea10b2c7c,True,True,True,True,True
F3B2J0008178,8178,F3B2D002726,F3BBG_N120_A0_Q001_R032:POS:PRIMARY,0,M2,4c714cbcacb5690c911ec77f4b5e618eeed6c4c82306e8d3c59b848cd433a5e5,4c714cbcacb5690c911ec77f4b5e618eeed6c4c82306e8d3c59b848cd433a5e5,5944d13ca547246be25c2c83c1a3e350bdc47bd50929061ead1d4a554fdfe09f,5944d13ca547246be25c2c83c1a3e350bdc47bd50929061ead1d4a554fdfe09f,True,True,True,True,True
F3B2J0008551,8551,F3B2D002851,F3BBG_N120_A0_Q002_R046:NULL:PRIMARY,0,M0,8748bed291acb2fd2ebb11c913eb5cef385e81b658448bbbe5169e053bff90c3,8748bed291acb2fd2ebb11c913eb5cef385e81b658448bbbe5169e053bff90c3,b3cc583548bc0128f7010f29895d3bdcdf80ac0cbdce2a65392c7e14b11f07ec,b3cc583548bc0128f7010f29895d3bdcdf80ac0cbdce2a65392c7e14b11f07ec,True,True,True,True,True
F3B2J0008552,8552,F3B2D002851,F3BBG_N120_A0_Q002_R046:NULL:PRIMARY,0,M1,8748bed291acb2fd2ebb11c913eb5cef385e81b658448bbbe5169e053bff90c3,8748bed291acb2fd2ebb11c913eb5cef385e81b658448bbbe5169e053bff90c3,c4704a95cedaa37577f377c6ecb1f67f64b2816a8f42255e50d8cc2dde124993,c4704a95cedaa37577f377c6ecb1f67f64b2816a8f42255e50d8cc2dde124993,True,True,True,True,True
F3B2J0008553,8553,F3B2D002851,F3BBG_N120_A0_Q002_R046:NULL:PRIMARY,0,M2,8748bed291acb2fd2ebb11c913eb5cef385e81b658448bbbe5169e053bff90c3,8748bed291acb2fd2ebb11c913eb5cef385e81b658448bbbe5169e053bff90c3,86665ba4c1adeb16ff80fbf7809b139ba2f9af5ed50927a2cb8aa6afa3a87a4e,86665ba4c1adeb16ff80fbf7809b139ba2f9af5ed50927a2cb8aa6afa3a87a4e,True,True,True,True,True
F3B2J0008554,8554,F3B2D002852,F3BBG_N120_A0_Q002_R046:POS:PRIMARY,0,M0,8f68311969b3661210bfae0ec6997c74a52e5d923a6a7e3eebba70cb2a8b033a,8f68311969b3661210bfae0ec6997c74a52e5d923a6a7e3eebba70cb2a8b033a,98ad9979d22b4540adf9fecdd7570c463e694048561804aff0dd524198364659,98ad9979d22b4540adf9fecdd7570c463e694048561804aff0dd524198364659,True,True,True,True,True
F3B2J0008555,8555,F3B2D002852,F3BBG_N120_A0_Q002_R046:POS:PRIMARY,0,M1,8f68311969b3661210bfae0ec6997c74a52e5d923a6a7e3eebba70cb2a8b033a,8f68311969b3661210bfae0ec6997c74a52e5d923a6a7e3eebba70cb2a8b033a,ca1f749f53f7a1e64008f0d407d11f97bfd06de1f2cd47827aad036ce4513324,ca1f749f53f7a1e64008f0d407d11f97bfd06de1f2cd47827aad036ce4513324,True,True,True,True,True
F3B2J0008556,8556,F3B2D002852,F3BBG_N120_A0_Q002_R046:POS:PRIMARY,0,M2,8f68311969b3661210bfae0ec6997c74a52e5d923a6a7e3eebba70cb2a8b033a,8f68311969b3661210bfae0ec6997c74a52e5d923a6a7e3eebba70cb2a8b033a,51fbb5898d5a917e308dc07bf607a1cb73a3b9ec5d6e5b5bb195cfc6602cf274,51fbb5898d5a917e308dc07bf607a1cb73a3b9ec5d6e5b5bb195cfc6602cf274,True,True,True,True,True
F3B2J0008953,8953,F3B2D002985,F3BBG_N120_A0_Q004_R082:NULL:PRIMARY,0,M0,c1ba2179847f1ef1292d5a67c1eb7b6c6f3e25fbaa983bf447b2c1d667ec7198,c1ba2179847f1ef1292d5a67c1eb7b6c6f3e25fbaa983bf447b2c1d667ec7198,a002270920eacc1a3fe2abc3545e8eaf43277c81b00cf1d6c3db71e51df30714,a002270920eacc1a3fe2abc3545e8eaf43277c81b00cf1d6c3db71e51df30714,True,True,True,True,True
F3B2J0008954,8954,F3B2D002985,F3BBG_N120_A0_Q004_R082:NULL:PRIMARY,0,M1,c1ba2179847f1ef1292d5a67c1eb7b6c6f3e25fbaa983bf447b2c1d667ec7198,c1ba2179847f1ef1292d5a67c1eb7b6c6f3e25fbaa983bf447b2c1d667ec7198,e31bb92a4c808d7d3fc2a79985e39e2e7347eac3c6f4aae311d985fc156ddce0,e31bb92a4c808d7d3fc2a79985e39e2e7347eac3c6f4aae311d985fc156ddce0,True,True,True,True,True
F3B2J0008955,8955,F3B2D002985,F3BBG_N120_A0_Q004_R082:NULL:PRIMARY,0,M2,c1ba2179847f1ef1292d5a67c1eb7b6c6f3e25fbaa983bf447b2c1d667ec7198,c1ba2179847f1ef1292d5a67c1eb7b6c6f3e25fbaa983bf447b2c1d667ec7198,f174929e760625aa81ac3357404a89c2480022d789213f577b395a79216768b5,f174929e760625aa81ac3357404a89c2480022d789213f577b395a79216768b5,True,True,True,True,True
F3B2J0008956,8956,F3B2D002986,F3BBG_N120_A0_Q004_R082:POS:PRIMARY,0,M0,613d5468ab241e0e52a99b1605be5745e5b9c490ba0ba44632336696ec3a2a79,613d5468ab241e0e52a99b1605be5745e5b9c490ba0ba44632336696ec3a2a79,5e2cbe7e76686df7fc74453d11c0e253c0654fb3efb2ab63755567e99397f235,5e2cbe7e76686df7fc74453d11c0e253c0654fb3efb2ab63755567e99397f235,True,True,True,True,True
F3B2J0008957,8957,F3B2D002986,F3BBG_N120_A0_Q004_R082:POS:PRIMARY,0,M1,613d5468ab241e0e52a99b1605be5745e5b9c490ba0ba44632336696ec3a2a79,613d5468ab241e0e52a99b1605be5745e5b9c490ba0ba44632336696ec3a2a79,a1fc7bae860584e78e74529073c5d146549b77076bc0f39b585e4fa99a26fc91,a1fc7bae860584e78e74529073c5d146549b77076bc0f39b585e4fa99a26fc91,True,True,True,True,True
F3B2J0008958,8958,F3B2D002986,F3BBG_N120_A0_Q004_R082:POS:PRIMARY,0,M2,613d5468ab241e0e52a99b1605be5745e5b9c490ba0ba44632336696ec3a2a79,613d5468ab241e0e52a99b1605be5745e5b9c490ba0ba44632336696ec3a2a79,28c31c6f54aa65d72e8a37d9c48591efa4c4e72e9a732cee6a070486a0e58069,28c31c6f54aa65d72e8a37d9c48591efa4c4e72e9a732cee6a070486a0e58069,True,True,True,True,True
F3B2J0009073,9073,F3B2D003025,F3BBG_N120_A1_Q001_R024:NULL:PRIMARY,0,M0,2e5e199aa1acc37f0615863204ff51698d9eb634017fdbb97d3f402eae843e99,2e5e199aa1acc37f0615863204ff51698d9eb634017fdbb97d3f402eae843e99,00db254eee6c0f1f239659b63bbf7a522361359afd5db50d83a342543a6b4cce,00db254eee6c0f1f239659b63bbf7a522361359afd5db50d83a342543a6b4cce,True,True,True,True,True
F3B2J0009074,9074,F3B2D003025,F3BBG_N120_A1_Q001_R024:NULL:PRIMARY,0,M1,2e5e199aa1acc37f0615863204ff51698d9eb634017fdbb97d3f402eae843e99,2e5e199aa1acc37f0615863204ff51698d9eb634017fdbb97d3f402eae843e99,bc559823ca4644b5170120c2a4829bf147b12341210a729424a491aee88dd6f2,bc559823ca4644b5170120c2a4829bf147b12341210a729424a491aee88dd6f2,True,True,True,True,True
F3B2J0009075,9075,F3B2D003025,F3BBG_N120_A1_Q001_R024:NULL:PRIMARY,0,M2,2e5e199aa1acc37f0615863204ff51698d9eb634017fdbb97d3f402eae843e99,2e5e199aa1acc37f0615863204ff51698d9eb634017fdbb97d3f402eae843e99,bded99939a8453973fd4e763838e7306c0f87f95b7fcff1187600bd355471075,bded99939a8453973fd4e763838e7306c0f87f95b7fcff1187600bd355471075,True,True,True,True,True
F3B2J0009076,9076,F3B2D003026,F3BBG_N120_A1_Q001_R024:POS:PRIMARY,0,M0,28126f30e7897e9bc3f6479bdeb3d3e61dba59ab48c0188bd0bf5ede1f7b527a,28126f30e7897e9bc3f6479bdeb3d3e61dba59ab48c0188bd0bf5ede1f7b527a,86deef4fc9b4a45600f1e02f11bd2974ad9e5e62f05e7610bcc81393d25139ce,86deef4fc9b4a45600f1e02f11bd2974ad9e5e62f05e7610bcc81393d25139ce,True,True,True,True,True
F3B2J0009077,9077,F3B2D003026,F3BBG_N120_A1_Q001_R024:POS:PRIMARY,0,M1,28126f30e7897e9bc3f6479bdeb3d3e61dba59ab48c0188bd0bf5ede1f7b527a,28126f30e7897e9bc3f6479bdeb3d3e61dba59ab48c0188bd0bf5ede1f7b527a,568978fbcee9eef4e7cb1c947e416d209c73db722b0ab653cc9fa1728601c657,568978fbcee9eef4e7cb1c947e416d209c73db722b0ab653cc9fa1728601c657,True,True,True,True,True
F3B2J0009078,9078,F3B2D003026,F3BBG_N120_A1_Q001_R024:POS:PRIMARY,0,M2,28126f30e7897e9bc3f6479bdeb3d3e61dba59ab48c0188bd0bf5ede1f7b527a,28126f30e7897e9bc3f6479bdeb3d3e61dba59ab48c0188bd0bf5ede1f7b527a,116dc85d09669fea7bf05524f1e72e557c6f2d191afb8d72bbfe316ffc3d0ee8,116dc85d09669fea7bf05524f1e72e557c6f2d191afb8d72bbfe316ffc3d0ee8,True,True,True,True,True
F3B2J0009301,9301,F3B2D003101,F3BBG_N120_A1_Q002_R004:NULL:PRIMARY,0,M0,9f36d5d67ab4ec18aad186868c74a7e51d6a286184a361bbaac47584e8f59260,9f36d5d67ab4ec18aad186868c74a7e51d6a286184a361bbaac47584e8f59260,545088398944e621371a147ba712dd85a2aa160670eef6786e2251d6e5f3a63e,545088398944e621371a147ba712dd85a2aa160670eef6786e2251d6e5f3a63e,True,True,True,True,True
F3B2J0009302,9302,F3B2D003101,F3BBG_N120_A1_Q002_R004:NULL:PRIMARY,0,M1,9f36d5d67ab4ec18aad186868c74a7e51d6a286184a361bbaac47584e8f59260,9f36d5d67ab4ec18aad186868c74a7e51d6a286184a361bbaac47584e8f59260,c76d738424e38c7c8904099ce439a2777dad5279945f57162715400746107db8,c76d738424e38c7c8904099ce439a2777dad5279945f57162715400746107db8,True,True,True,True,True
F3B2J0009303,9303,F3B2D003101,F3BBG_N120_A1_Q002_R004:NULL:PRIMARY,0,M2,9f36d5d67ab4ec18aad186868c74a7e51d6a286184a361bbaac47584e8f59260,9f36d5d67ab4ec18aad186868c74a7e51d6a286184a361bbaac47584e8f59260,cb4bf12f27be93bcb48f166f5f955f1e97ad95f072639d6fa1b45198dc8c8b74,cb4bf12f27be93bcb48f166f5f955f1e97ad95f072639d6fa1b45198dc8c8b74,True,True,True,True,True
F3B2J0009304,9304,F3B2D003102,F3BBG_N120_A1_Q002_R004:POS:PRIMARY,0,M0,cafcedb237aa575154de3accb1e691559ae6e2b6ff4c654dce9b3d5573f89f6b,cafcedb237aa575154de3accb1e691559ae6e2b6ff4c654dce9b3d5573f89f6b,f734f53040473c1b74ce2bf3292c7341bf7d40b80aff6b63ecee7ed5e926eb61,f734f53040473c1b74ce2bf3292c7341bf7d40b80aff6b63ecee7ed5e926eb61,True,True,True,True,True
F3B2J0009305,9305,F3B2D003102,F3BBG_N120_A1_Q002_R004:POS:PRIMARY,0,M1,cafcedb237aa575154de3accb1e691559ae6e2b6ff4c654dce9b3d5573f89f6b,cafcedb237aa575154de3accb1e691559ae6e2b6ff4c654dce9b3d5573f89f6b,e14c9ef119b90c0f27a888149859ee814df0c1cb752cbd47e069ad549ac4e8e4,e14c9ef119b90c0f27a888149859ee814df0c1cb752cbd47e069ad549ac4e8e4,True,True,True,True,True
F3B2J0009306,9306,F3B2D003102,F3BBG_N120_A1_Q002_R004:POS:PRIMARY,0,M2,cafcedb237aa575154de3accb1e691559ae6e2b6ff4c654dce9b3d5573f89f6b,cafcedb237aa575154de3accb1e691559ae6e2b6ff4c654dce9b3d5573f89f6b,1babc1fb235a6fb5436e8dbe92f998c764ec51c644b79d87d63d64455a2a184e,1babc1fb235a6fb5436e8dbe92f998c764ec51c644b79d87d63d64455a2a184e,True,True,True,True,True
F3B2J0009781,9781,F3B2D003261,F3BBG_N120_A1_Q004_R058:NULL:PRIMARY,0,M0,e8b6fb252396e8225c81b4aabeb7e47f2f3d82d0bea81c7b9dad0222bf74deb9,e8b6fb252396e8225c81b4aabeb7e47f2f3d82d0bea81c7b9dad0222bf74deb9,46ef8978e361598eea74e4194c664dca9d31c6bf1be7cd3099c611b11c63e134,46ef8978e361598eea74e4194c664dca9d31c6bf1be7cd3099c611b11c63e134,True,True,True,True,True
F3B2J0009782,9782,F3B2D003261,F3BBG_N120_A1_Q004_R058:NULL:PRIMARY,0,M1,e8b6fb252396e8225c81b4aabeb7e47f2f3d82d0bea81c7b9dad0222bf74deb9,e8b6fb252396e8225c81b4aabeb7e47f2f3d82d0bea81c7b9dad0222bf74deb9,811d5692d0d1240d1ed5d54024a4cb039440f30466d3d249ce72a6b836c6464e,811d5692d0d1240d1ed5d54024a4cb039440f30466d3d249ce72a6b836c6464e,True,True,True,True,True
F3B2J0009783,9783,F3B2D003261,F3BBG_N120_A1_Q004_R058:NULL:PRIMARY,0,M2,e8b6fb252396e8225c81b4aabeb7e47f2f3d82d0bea81c7b9dad0222bf74deb9,e8b6fb252396e8225c81b4aabeb7e47f2f3d82d0bea81c7b9dad0222bf74deb9,7dd3d0c493e33f6cbdbc748c598c0e65e5df7d7da94ab7e036f2d478276569eb,7dd3d0c493e33f6cbdbc748c598c0e65e5df7d7da94ab7e036f2d478276569eb,True,True,True,True,True
F3B2J0009784,9784,F3B2D003262,F3BBG_N120_A1_Q004_R058:POS:PRIMARY,0,M0,27f736bd51196fca8f8d721802ef53ae04c784011b076f41ef9707211748eca7,27f736bd51196fca8f8d721802ef53ae04c784011b076f41ef9707211748eca7,eb601a3f517450704fc3b1a9faae92dbaed19dcb11c4d55978c3f137dedf7da1,eb601a3f517450704fc3b1a9faae92dbaed19dcb11c4d55978c3f137dedf7da1,True,True,True,True,True
F3B2J0009785,9785,F3B2D003262,F3BBG_N120_A1_Q004_R058:POS:PRIMARY,0,M1,27f736bd51196fca8f8d721802ef53ae04c784011b076f41ef9707211748eca7,27f736bd51196fca8f8d721802ef53ae04c784011b076f41ef9707211748eca7,c8dfbf9c7fecdea7f973b4c32d1fc9b8b76c04e609d09e32b68f0df1551156ed,c8dfbf9c7fecdea7f973b4c32d1fc9b8b76c04e609d09e32b68f0df1551156ed,True,True,True,True,True
F3B2J0009786,9786,F3B2D003262,F3BBG_N120_A1_Q004_R058:POS:PRIMARY,0,M2,27f736bd51196fca8f8d721802ef53ae04c784011b076f41ef9707211748eca7,27f736bd51196fca8f8d721802ef53ae04c784011b076f41ef9707211748eca7,d892abb75efe44509244abf5f0a89d6b67de937f206ef4ea15c6ce0c54824b2c,d892abb75efe44509244abf5f0a89d6b67de937f206ef4ea15c6ce0c54824b2c,True,True,True,True,True
F3B2J0010027,10027,F3B2D003343,F3BBG_N120_A2_Q001_R048:NULL:PRIMARY,0,M0,c019453750439af4b80b9a6c78fea1a07f849452f4e92ccd37ef9ff2fe1d9d39,c019453750439af4b80b9a6c78fea1a07f849452f4e92ccd37ef9ff2fe1d9d39,0a033fe1226a9ec35942006d9693bd3a8112f154cd80375a29f6b2c8f4056c84,0a033fe1226a9ec35942006d9693bd3a8112f154cd80375a29f6b2c8f4056c84,True,True,True,True,True
F3B2J0010028,10028,F3B2D003343,F3BBG_N120_A2_Q001_R048:NULL:PRIMARY,0,M1,c019453750439af4b80b9a6c78fea1a07f849452f4e92ccd37ef9ff2fe1d9d39,c019453750439af4b80b9a6c78fea1a07f849452f4e92ccd37ef9ff2fe1d9d39,8ea58b059eb91a62e8420c3a119d87c50bcaaeb6773331f57ee8121229a2ba16,8ea58b059eb91a62e8420c3a119d87c50bcaaeb6773331f57ee8121229a2ba16,True,True,True,True,True
F3B2J0010029,10029,F3B2D003343,F3BBG_N120_A2_Q001_R048:NULL:PRIMARY,0,M2,c019453750439af4b80b9a6c78fea1a07f849452f4e92ccd37ef9ff2fe1d9d39,c019453750439af4b80b9a6c78fea1a07f849452f4e92ccd37ef9ff2fe1d9d39,632ffa6beb6099ba2b57645e9491fba656efbd9bd6b1de0e97ac42267960f984,632ffa6beb6099ba2b57645e9491fba656efbd9bd6b1de0e97ac42267960f984,True,True,True,True,True
F3B2J0010030,10030,F3B2D003344,F3BBG_N120_A2_Q001_R048:POS:PRIMARY,0,M0,6cb9706cd26717c96d4fb38154bf5237f8eb88ba8b014d548cf717222450c2f4,6cb9706cd26717c96d4fb38154bf5237f8eb88ba8b014d548cf717222450c2f4,784db04a531658cca46bb0d399a82268f4fed91c2f7120e2c4cb2c32ff2ff887,784db04a531658cca46bb0d399a82268f4fed91c2f7120e2c4cb2c32ff2ff887,True,True,True,True,True
F3B2J0010031,10031,F3B2D003344,F3BBG_N120_A2_Q001_R048:POS:PRIMARY,0,M1,6cb9706cd26717c96d4fb38154bf5237f8eb88ba8b014d548cf717222450c2f4,6cb9706cd26717c96d4fb38154bf5237f8eb88ba8b014d548cf717222450c2f4,1c78cae0008d27c9380d1c5aa581d6d3012b8dff0d1d9372610ec9f7011b848a,1c78cae0008d27c9380d1c5aa581d6d3012b8dff0d1d9372610ec9f7011b848a,True,True,True,True,True
F3B2J0010032,10032,F3B2D003344,F3BBG_N120_A2_Q001_R048:POS:PRIMARY,0,M2,6cb9706cd26717c96d4fb38154bf5237f8eb88ba8b014d548cf717222450c2f4,6cb9706cd26717c96d4fb38154bf5237f8eb88ba8b014d548cf717222450c2f4,ae066afa6612393e5c49ecaa3ebcdbb10f16d24707145b9e6e1c19f66dd619dc,ae066afa6612393e5c49ecaa3ebcdbb10f16d24707145b9e6e1c19f66dd619dc,True,True,True,True,True
F3B2J0010333,10333,F3B2D003445,F3BBG_N120_A2_Q002_R051:NULL:PRIMARY,0,M0,690fe3e19a6f5250f6fc9555d15c297b4883485485053ad485e6a0c63f8327ce,690fe3e19a6f5250f6fc9555d15c297b4883485485053ad485e6a0c63f8327ce,e81c2d448697e197495f9d804b428e9071193c4cd7187e86e5648d98950473ca,e81c2d448697e197495f9d804b428e9071193c4cd7187e86e5648d98950473ca,True,True,True,True,True
F3B2J0010334,10334,F3B2D003445,F3BBG_N120_A2_Q002_R051:NULL:PRIMARY,0,M1,690fe3e19a6f5250f6fc9555d15c297b4883485485053ad485e6a0c63f8327ce,690fe3e19a6f5250f6fc9555d15c297b4883485485053ad485e6a0c63f8327ce,4f066c654a9775b55ec73c13d52106130ff012dd7573924aef95011ddb2df05e,4f066c654a9775b55ec73c13d52106130ff012dd7573924aef95011ddb2df05e,True,True,True,True,True
F3B2J0010335,10335,F3B2D003445,F3BBG_N120_A2_Q002_R051:NULL:PRIMARY,0,M2,690fe3e19a6f5250f6fc9555d15c297b4883485485053ad485e6a0c63f8327ce,690fe3e19a6f5250f6fc9555d15c297b4883485485053ad485e6a0c63f8327ce,cd855110c464cddd42c8b5a534ac0a8b634c71aacc478b9b53a1eaf58bd1967e,cd855110c464cddd42c8b5a534ac0a8b634c71aacc478b9b53a1eaf58bd1967e,True,True,True,True,True
F3B2J0010336,10336,F3B2D003446,F3BBG_N120_A2_Q002_R051:POS:PRIMARY,0,M0,d877a6aef6a905ea3cf8164a499b45ac27a06cc714ce8a103aeba7e5ce16c16a,d877a6aef6a905ea3cf8164a499b45ac27a06cc714ce8a103aeba7e5ce16c16a,465f469e0eb2f392501d813b6cdbcd4e589ce3df45c18de6da13b86565f8ea52,465f469e0eb2f392501d813b6cdbcd4e589ce3df45c18de6da13b86565f8ea52,True,True,True,True,True
F3B2J0010337,10337,F3B2D003446,F3BBG_N120_A2_Q002_R051:POS:PRIMARY,0,M1,d877a6aef6a905ea3cf8164a499b45ac27a06cc714ce8a103aeba7e5ce16c16a,d877a6aef6a905ea3cf8164a499b45ac27a06cc714ce8a103aeba7e5ce16c16a,0cbacf7be3c99c7f523571a8d00f60a463238cb1579d8babc77628e0f839d492,0cbacf7be3c99c7f523571a8d00f60a463238cb1579d8babc77628e0f839d492,True,True,True,True,True
F3B2J0010338,10338,F3B2D003446,F3BBG_N120_A2_Q002_R051:POS:PRIMARY,0,M2,d877a6aef6a905ea3cf8164a499b45ac27a06cc714ce8a103aeba7e5ce16c16a,d877a6aef6a905ea3cf8164a499b45ac27a06cc714ce8a103aeba7e5ce16c16a,9ac134f828a4a6c7a237ff1e3c87938deb92ca8a962becd36d23cf27f4374284,9ac134f828a4a6c7a237ff1e3c87938deb92ca8a962becd36d23cf27f4374284,True,True,True,True,True
F3B2J0010615,10615,F3B2D003539,F3BBG_N120_A2_Q004_R038:NULL:PRIMARY,0,M0,3a6f02bf49f4f8a1939bfebd2ad047d48b44b7fc3b3ed6e2e2df2ad1f89c7155,3a6f02bf49f4f8a1939bfebd2ad047d48b44b7fc3b3ed6e2e2df2ad1f89c7155,91b34e69a2f556f669b667f19a89181a88c3102365e2b13caacabe7600c104a5,91b34e69a2f556f669b667f19a89181a88c3102365e2b13caacabe7600c104a5,True,True,True,True,True
F3B2J0010616,10616,F3B2D003539,F3BBG_N120_A2_Q004_R038:NULL:PRIMARY,0,M1,3a6f02bf49f4f8a1939bfebd2ad047d48b44b7fc3b3ed6e2e2df2ad1f89c7155,3a6f02bf49f4f8a1939bfebd2ad047d48b44b7fc3b3ed6e2e2df2ad1f89c7155,e70b7296429f76d2af58da8b9844ade999803a636718ca176d686e0fb10b8e57,e70b7296429f76d2af58da8b9844ade999803a636718ca176d686e0fb10b8e57,True,True,True,True,True
F3B2J0010617,10617,F3B2D003539,F3BBG_N120_A2_Q004_R038:NULL:PRIMARY,0,M2,3a6f02bf49f4f8a1939bfebd2ad047d48b44b7fc3b3ed6e2e2df2ad1f89c7155,3a6f02bf49f4f8a1939bfebd2ad047d48b44b7fc3b3ed6e2e2df2ad1f89c7155,6ba717eaca533a4803faefc194539d88ca595bcf2bc2f42c750f9b8e997385ea,6ba717eaca533a4803faefc194539d88ca595bcf2bc2f42c750f9b8e997385ea,True,True,True,True,True
F3B2J0010618,10618,F3B2D003540,F3BBG_N120_A2_Q004_R038:POS:PRIMARY,0,M0,0f2c0679adb618826a0dab6c38596eaa02ebdcef11d13659d0d112acdcaa8f34,0f2c0679adb618826a0dab6c38596eaa02ebdcef11d13659d0d112acdcaa8f34,7a6ad4f1b7409f8d498c6b4c9309510870191678562e2c7707e7489a5a9c77b1,7a6ad4f1b7409f8d498c6b4c9309510870191678562e2c7707e7489a5a9c77b1,True,True,True,True,True
F3B2J0010619,10619,F3B2D003540,F3BBG_N120_A2_Q004_R038:POS:PRIMARY,0,M1,0f2c0679adb618826a0dab6c38596eaa02ebdcef11d13659d0d112acdcaa8f34,0f2c0679adb618826a0dab6c38596eaa02ebdcef11d13659d0d112acdcaa8f34,0fe35fe951d22f236976bb4140df8ff510d64915e43b1103edd0703a259491dc,0fe35fe951d22f236976bb4140df8ff510d64915e43b1103edd0703a259491dc,True,True,True,True,True
F3B2J0010620,10620,F3B2D003540,F3BBG_N120_A2_Q004_R038:POS:PRIMARY,0,M2,0f2c0679adb618826a0dab6c38596eaa02ebdcef11d13659d0d112acdcaa8f34,0f2c0679adb618826a0dab6c38596eaa02ebdcef11d13659d0d112acdcaa8f34,83f2e20448824977b46e5a003a5268eb0c47d28269e277de8d907fb451283898,83f2e20448824977b46e5a003a5268eb0c47d28269e277de8d907fb451283898,True,True,True,True,True
F3B2J0010801,10801,F3B2D003601,F3BBG_N015_A0_Q001_R013:NULL:PRIMARY,1,M0,f72f18f31419c88f61e23f524762e509ed2616e2c1d728aeb6574ae5295c26de,f72f18f31419c88f61e23f524762e509ed2616e2c1d728aeb6574ae5295c26de,3b9e709487c11e60cb3f22b852e1bd60efca9dea78ce18e079997e7acdaadd7b,3b9e709487c11e60cb3f22b852e1bd60efca9dea78ce18e079997e7acdaadd7b,True,True,True,True,True
F3B2J0010802,10802,F3B2D003601,F3BBG_N015_A0_Q001_R013:NULL:PRIMARY,1,M1,f72f18f31419c88f61e23f524762e509ed2616e2c1d728aeb6574ae5295c26de,f72f18f31419c88f61e23f524762e509ed2616e2c1d728aeb6574ae5295c26de,a2ebb85ee4241191a66064eccae62abdf8d25009d254bb0e5261e1defdb6c0d6,a2ebb85ee4241191a66064eccae62abdf8d25009d254bb0e5261e1defdb6c0d6,True,True,True,True,True
F3B2J0010803,10803,F3B2D003601,F3BBG_N015_A0_Q001_R013:NULL:PRIMARY,1,M2,f72f18f31419c88f61e23f524762e509ed2616e2c1d728aeb6574ae5295c26de,f72f18f31419c88f61e23f524762e509ed2616e2c1d728aeb6574ae5295c26de,754c96ef0652a77c15349515092e096fe0458522ee5425a40f44b2fbd5a0c34d,754c96ef0652a77c15349515092e096fe0458522ee5425a40f44b2fbd5a0c34d,True,True,True,True,True
F3B2J0010825,10825,F3B2D003609,F3BBG_N015_A0_Q001_R013:NULL:PRIMARY,9,M0,f72f18f31419c88f61e23f524762e509ed2616e2c1d728aeb6574ae5295c26de,f72f18f31419c88f61e23f524762e509ed2616e2c1d728aeb6574ae5295c26de,c89de7611a5542a8c2f1db4ab432c418da0595c63f4939904b43cdc72c034a83,c89de7611a5542a8c2f1db4ab432c418da0595c63f4939904b43cdc72c034a83,True,True,True,True,True
F3B2J0010826,10826,F3B2D003609,F3BBG_N015_A0_Q001_R013:NULL:PRIMARY,9,M1,f72f18f31419c88f61e23f524762e509ed2616e2c1d728aeb6574ae5295c26de,f72f18f31419c88f61e23f524762e509ed2616e2c1d728aeb6574ae5295c26de,a728fcd071d7e44ceab5c46d2b7f93ff9378752477e16cd0b2910669367a06bc,a728fcd071d7e44ceab5c46d2b7f93ff9378752477e16cd0b2910669367a06bc,True,True,True,True,True
F3B2J0010827,10827,F3B2D003609,F3BBG_N015_A0_Q001_R013:NULL:PRIMARY,9,M2,f72f18f31419c88f61e23f524762e509ed2616e2c1d728aeb6574ae5295c26de,f72f18f31419c88f61e23f524762e509ed2616e2c1d728aeb6574ae5295c26de,4b5b8bbdcd6a2321d960e8aaf461d787606e41700799bf966c9362017b370659,4b5b8bbdcd6a2321d960e8aaf461d787606e41700799bf966c9362017b370659,True,True,True,True,True
F3B2J0010828,10828,F3B2D003610,F3BBG_N015_A0_Q001_R013:POS:PRIMARY,1,M0,e159398bfbb682f2af04f08357a0a890135006a086a80ace04315c7bab9b765e,e159398bfbb682f2af04f08357a0a890135006a086a80ace04315c7bab9b765e,e8eb044a47d1243e7f02495134c2efcb6022b88989e8e71b96d43117bfe454cd,e8eb044a47d1243e7f02495134c2efcb6022b88989e8e71b96d43117bfe454cd,True,True,True,True,True
F3B2J0010829,10829,F3B2D003610,F3BBG_N015_A0_Q001_R013:POS:PRIMARY,1,M1,e159398bfbb682f2af04f08357a0a890135006a086a80ace04315c7bab9b765e,e159398bfbb682f2af04f08357a0a890135006a086a80ace04315c7bab9b765e,47a2e01c578fe9bf8484e6f50b0ba05fccf0544a86d0fe419bb72abfd4099a3c,47a2e01c578fe9bf8484e6f50b0ba05fccf0544a86d0fe419bb72abfd4099a3c,True,True,True,True,True
F3B2J0010830,10830,F3B2D003610,F3BBG_N015_A0_Q001_R013:POS:PRIMARY,1,M2,e159398bfbb682f2af04f08357a0a890135006a086a80ace04315c7bab9b765e,e159398bfbb682f2af04f08357a0a890135006a086a80ace04315c7bab9b765e,ecaf3884428d803a97b39428b99b55ea9bea24e65a84542181ed204e6e303310,ecaf3884428d803a97b39428b99b55ea9bea24e65a84542181ed204e6e303310,True,True,True,True,True
F3B2J0010852,10852,F3B2D003618,F3BBG_N015_A0_Q001_R013:POS:PRIMARY,9,M0,e159398bfbb682f2af04f08357a0a890135006a086a80ace04315c7bab9b765e,e159398bfbb682f2af04f08357a0a890135006a086a80ace04315c7bab9b765e,2f72e3ac771d7ed138bef48b045240a0cbf76a89f9baa70fed27922b7f8fdc74,2f72e3ac771d7ed138bef48b045240a0cbf76a89f9baa70fed27922b7f8fdc74,True,True,True,True,True
F3B2J0010853,10853,F3B2D003618,F3BBG_N015_A0_Q001_R013:POS:PRIMARY,9,M1,e159398bfbb682f2af04f08357a0a890135006a086a80ace04315c7bab9b765e,e159398bfbb682f2af04f08357a0a890135006a086a80ace04315c7bab9b765e,b54224cfecf104d66498af0baa92ccf1069c128399bedeb7256e3540d275abd2,b54224cfecf104d66498af0baa92ccf1069c128399bedeb7256e3540d275abd2,True,True,True,True,True
F3B2J0010854,10854,F3B2D003618,F3BBG_N015_A0_Q001_R013:POS:PRIMARY,9,M2,e159398bfbb682f2af04f08357a0a890135006a086a80ace04315c7bab9b765e,e159398bfbb682f2af04f08357a0a890135006a086a80ace04315c7bab9b765e,54b074fb3385927b8918509ecc72234fccff3e276ff3d4335948c3030397b856,54b074fb3385927b8918509ecc72234fccff3e276ff3d4335948c3030397b856,True,True,True,True,True
F3B2J0010855,10855,F3B2D003619,F3BBG_N015_A0_Q002_R012:NULL:PRIMARY,1,M0,ca27cdbfe79869e5aed8cea05f1215e6bac1d195c2212c8d80dc38e2e8664e1b,ca27cdbfe79869e5aed8cea05f1215e6bac1d195c2212c8d80dc38e2e8664e1b,ab0002a2ae380dd6d830ea7b0c34a39a87f7e62d20f11d0e3ccffa068794358c,ab0002a2ae380dd6d830ea7b0c34a39a87f7e62d20f11d0e3ccffa068794358c,True,True,True,True,True
F3B2J0010856,10856,F3B2D003619,F3BBG_N015_A0_Q002_R012:NULL:PRIMARY,1,M1,ca27cdbfe79869e5aed8cea05f1215e6bac1d195c2212c8d80dc38e2e8664e1b,ca27cdbfe79869e5aed8cea05f1215e6bac1d195c2212c8d80dc38e2e8664e1b,d489e75a434a43fe49c95de5734fcd73d70cbfb334a49e2e6cc4ec95e5b5cae2,d489e75a434a43fe49c95de5734fcd73d70cbfb334a49e2e6cc4ec95e5b5cae2,True,True,True,True,True
F3B2J0010857,10857,F3B2D003619,F3BBG_N015_A0_Q002_R012:NULL:PRIMARY,1,M2,ca27cdbfe79869e5aed8cea05f1215e6bac1d195c2212c8d80dc38e2e8664e1b,ca27cdbfe79869e5aed8cea05f1215e6bac1d195c2212c8d80dc38e2e8664e1b,c9d68733d7e93768c4aa7e01e5489d3c863c8eec5bce91ea95df102dc0676f27,c9d68733d7e93768c4aa7e01e5489d3c863c8eec5bce91ea95df102dc0676f27,True,True,True,True,True
F3B2J0010879,10879,F3B2D003627,F3BBG_N015_A0_Q002_R012:NULL:PRIMARY,9,M0,ca27cdbfe79869e5aed8cea05f1215e6bac1d195c2212c8d80dc38e2e8664e1b,ca27cdbfe79869e5aed8cea05f1215e6bac1d195c2212c8d80dc38e2e8664e1b,1a1aeeef2a0075a3cf153709991dbff7b4d6b7bce4098d9253ea7eacc6b102d0,1a1aeeef2a0075a3cf153709991dbff7b4d6b7bce4098d9253ea7eacc6b102d0,True,True,True,True,True
F3B2J0010880,10880,F3B2D003627,F3BBG_N015_A0_Q002_R012:NULL:PRIMARY,9,M1,ca27cdbfe79869e5aed8cea05f1215e6bac1d195c2212c8d80dc38e2e8664e1b,ca27cdbfe79869e5aed8cea05f1215e6bac1d195c2212c8d80dc38e2e8664e1b,013e006676ff496adcf24a18c9044c2b6838ded6de1d06f792c5076945786bdf,013e006676ff496adcf24a18c9044c2b6838ded6de1d06f792c5076945786bdf,True,True,True,True,True
F3B2J0010881,10881,F3B2D003627,F3BBG_N015_A0_Q002_R012:NULL:PRIMARY,9,M2,ca27cdbfe79869e5aed8cea05f1215e6bac1d195c2212c8d80dc38e2e8664e1b,ca27cdbfe79869e5aed8cea05f1215e6bac1d195c2212c8d80dc38e2e8664e1b,507cfa66ad57c452d5d1f686015db1133b106556c5247744d9dfa157418ddd1e,507cfa66ad57c452d5d1f686015db1133b106556c5247744d9dfa157418ddd1e,True,True,True,True,True
F3B2J0010882,10882,F3B2D003628,F3BBG_N015_A0_Q002_R012:POS:PRIMARY,1,M0,61a3d72df0e45f8471f16d3e24ea3e7c374940b3cd9c660c615b3b196b1aefe3,61a3d72df0e45f8471f16d3e24ea3e7c374940b3cd9c660c615b3b196b1aefe3,65b411ad931e5d1c22f3e51b0f43e39a963dc146971f3feb83468375e65f9d6f,65b411ad931e5d1c22f3e51b0f43e39a963dc146971f3feb83468375e65f9d6f,True,True,True,True,True
F3B2J0010883,10883,F3B2D003628,F3BBG_N015_A0_Q002_R012:POS:PRIMARY,1,M1,61a3d72df0e45f8471f16d3e24ea3e7c374940b3cd9c660c615b3b196b1aefe3,61a3d72df0e45f8471f16d3e24ea3e7c374940b3cd9c660c615b3b196b1aefe3,61dd9421f03212367ced6fc36bb3af2474d59f54cc1278970c4d1241f7841a77,61dd9421f03212367ced6fc36bb3af2474d59f54cc1278970c4d1241f7841a77,True,True,True,True,True
F3B2J0010884,10884,F3B2D003628,F3BBG_N015_A0_Q002_R012:POS:PRIMARY,1,M2,61a3d72df0e45f8471f16d3e24ea3e7c374940b3cd9c660c615b3b196b1aefe3,61a3d72df0e45f8471f16d3e24ea3e7c374940b3cd9c660c615b3b196b1aefe3,d88daa304e7354334877fe4353e41d40628746c50e569a74dd18b27ab4c006f5,d88daa304e7354334877fe4353e41d40628746c50e569a74dd18b27ab4c006f5,True,True,True,True,True
F3B2J0010906,10906,F3B2D003636,F3BBG_N015_A0_Q002_R012:POS:PRIMARY,9,M0,61a3d72df0e45f8471f16d3e24ea3e7c374940b3cd9c660c615b3b196b1aefe3,61a3d72df0e45f8471f16d3e24ea3e7c374940b3cd9c660c615b3b196b1aefe3,b7fc670f64f74ae76aad09ef98ea7817f421b1b70aa0b8c113174daff7989df9,b7fc670f64f74ae76aad09ef98ea7817f421b1b70aa0b8c113174daff7989df9,True,True,True,True,True
F3B2J0010907,10907,F3B2D003636,F3BBG_N015_A0_Q002_R012:POS:PRIMARY,9,M1,61a3d72df0e45f8471f16d3e24ea3e7c374940b3cd9c660c615b3b196b1aefe3,61a3d72df0e45f8471f16d3e24ea3e7c374940b3cd9c660c615b3b196b1aefe3,df801d2a1c7fb2c3435dfea1c6ee5e333cd192cdeaa9d77c0e44b8bbdd248cb1,df801d2a1c7fb2c3435dfea1c6ee5e333cd192cdeaa9d77c0e44b8bbdd248cb1,True,True,True,True,True
F3B2J0010908,10908,F3B2D003636,F3BBG_N015_A0_Q002_R012:POS:PRIMARY,9,M2,61a3d72df0e45f8471f16d3e24ea3e7c374940b3cd9c660c615b3b196b1aefe3,61a3d72df0e45f8471f16d3e24ea3e7c374940b3cd9c660c615b3b196b1aefe3,e2e893a8fad4f713fb8633ce909eb9601cd3836a83964e12669bc36357b69f60,e2e893a8fad4f713fb8633ce909eb9601cd3836a83964e12669bc36357b69f60,True,True,True,True,True
F3B2J0010909,10909,F3B2D003637,F3BBG_N015_A0_Q004_R054:NULL:PRIMARY,1,M0,33d5eb8b8051c7f3f245875baeddf29ac0beaf7b1297ec913a1170ab803528fc,33d5eb8b8051c7f3f245875baeddf29ac0beaf7b1297ec913a1170ab803528fc,a3f597631c86971dcefce1b54e06303391abd8a13aab3e889372d26ed6aa9a97,a3f597631c86971dcefce1b54e06303391abd8a13aab3e889372d26ed6aa9a97,True,True,True,True,True
F3B2J0010910,10910,F3B2D003637,F3BBG_N015_A0_Q004_R054:NULL:PRIMARY,1,M1,33d5eb8b8051c7f3f245875baeddf29ac0beaf7b1297ec913a1170ab803528fc,33d5eb8b8051c7f3f245875baeddf29ac0beaf7b1297ec913a1170ab803528fc,fc429449325f5cce0357ae403f4988b14ad9f8e1ec33dbb3a60edcb8582e2af3,fc429449325f5cce0357ae403f4988b14ad9f8e1ec33dbb3a60edcb8582e2af3,True,True,True,True,True
F3B2J0010911,10911,F3B2D003637,F3BBG_N015_A0_Q004_R054:NULL:PRIMARY,1,M2,33d5eb8b8051c7f3f245875baeddf29ac0beaf7b1297ec913a1170ab803528fc,33d5eb8b8051c7f3f245875baeddf29ac0beaf7b1297ec913a1170ab803528fc,49f85585ac87ad374caaf7add54d54408bc5e7a3d1d96804f0f5bf4fee099592,49f85585ac87ad374caaf7add54d54408bc5e7a3d1d96804f0f5bf4fee099592,True,True,True,True,True
F3B2J0010933,10933,F3B2D003645,F3BBG_N015_A0_Q004_R054:NULL:PRIMARY,9,M0,33d5eb8b8051c7f3f245875baeddf29ac0beaf7b1297ec913a1170ab803528fc,33d5eb8b8051c7f3f245875baeddf29ac0beaf7b1297ec913a1170ab803528fc,d128780ce3249f61f408a3b8c413b9090b092aca86f48ac252b800149f7175a2,d128780ce3249f61f408a3b8c413b9090b092aca86f48ac252b800149f7175a2,True,True,True,True,True
F3B2J0010934,10934,F3B2D003645,F3BBG_N015_A0_Q004_R054:NULL:PRIMARY,9,M1,33d5eb8b8051c7f3f245875baeddf29ac0beaf7b1297ec913a1170ab803528fc,33d5eb8b8051c7f3f245875baeddf29ac0beaf7b1297ec913a1170ab803528fc,1fd351333fce9521f4e3592fe287a2943ff13d05c51aae3749325f53eda01b6a,1fd351333fce9521f4e3592fe287a2943ff13d05c51aae3749325f53eda01b6a,True,True,True,True,True
F3B2J0010935,10935,F3B2D003645,F3BBG_N015_A0_Q004_R054:NULL:PRIMARY,9,M2,33d5eb8b8051c7f3f245875baeddf29ac0beaf7b1297ec913a1170ab803528fc,33d5eb8b8051c7f3f245875baeddf29ac0beaf7b1297ec913a1170ab803528fc,f9cb6f70cc70a815d2c58c261f0630f6f486c7629a4c6ef99a3b947e1beae2cb,f9cb6f70cc70a815d2c58c261f0630f6f486c7629a4c6ef99a3b947e1beae2cb,True,True,True,True,True
F3B2J0010936,10936,F3B2D003646,F3BBG_N015_A0_Q004_R054:POS:PRIMARY,1,M0,50d36135e27da9eaa81ea5ac93ca0a858abab9a357b947a771a5eed828da35c6,50d36135e27da9eaa81ea5ac93ca0a858abab9a357b947a771a5eed828da35c6,c24bde0c7f27a2af0f1768cb4410ae840c541ef38f726310555f9e1cf9a7fd11,c24bde0c7f27a2af0f1768cb4410ae840c541ef38f726310555f9e1cf9a7fd11,True,True,True,True,True
F3B2J0010937,10937,F3B2D003646,F3BBG_N015_A0_Q004_R054:POS:PRIMARY,1,M1,50d36135e27da9eaa81ea5ac93ca0a858abab9a357b947a771a5eed828da35c6,50d36135e27da9eaa81ea5ac93ca0a858abab9a357b947a771a5eed828da35c6,c6a99d831592a0dad9d31e8ad34a3e82eca50004bcdc8ed802e3973e5e24d219,c6a99d831592a0dad9d31e8ad34a3e82eca50004bcdc8ed802e3973e5e24d219,True,True,True,True,True
F3B2J0010938,10938,F3B2D003646,F3BBG_N015_A0_Q004_R054:POS:PRIMARY,1,M2,50d36135e27da9eaa81ea5ac93ca0a858abab9a357b947a771a5eed828da35c6,50d36135e27da9eaa81ea5ac93ca0a858abab9a357b947a771a5eed828da35c6,8dd9418f3043f73289e4b7a81a10a4a1ab0e4a7ea6373dd2ecbbcee360a7f1e7,8dd9418f3043f73289e4b7a81a10a4a1ab0e4a7ea6373dd2ecbbcee360a7f1e7,True,True,True,True,True
F3B2J0010960,10960,F3B2D003654,F3BBG_N015_A0_Q004_R054:POS:PRIMARY,9,M0,50d36135e27da9eaa81ea5ac93ca0a858abab9a357b947a771a5eed828da35c6,50d36135e27da9eaa81ea5ac93ca0a858abab9a357b947a771a5eed828da35c6,7f48a9c51ecf09a6677ba381d3f48ccc0d3c96a278a40fd247aaf5cf7fcca7a5,7f48a9c51ecf09a6677ba381d3f48ccc0d3c96a278a40fd247aaf5cf7fcca7a5,True,True,True,True,True
F3B2J0010961,10961,F3B2D003654,F3BBG_N015_A0_Q004_R054:POS:PRIMARY,9,M1,50d36135e27da9eaa81ea5ac93ca0a858abab9a357b947a771a5eed828da35c6,50d36135e27da9eaa81ea5ac93ca0a858abab9a357b947a771a5eed828da35c6,1f93dadfc2793a06a079a131f3b3965e6237e76ac7f58ca09546c57a1440618f,1f93dadfc2793a06a079a131f3b3965e6237e76ac7f58ca09546c57a1440618f,True,True,True,True,True
F3B2J0010962,10962,F3B2D003654,F3BBG_N015_A0_Q004_R054:POS:PRIMARY,9,M2,50d36135e27da9eaa81ea5ac93ca0a858abab9a357b947a771a5eed828da35c6,50d36135e27da9eaa81ea5ac93ca0a858abab9a357b947a771a5eed828da35c6,3396b420a6555c48366059cd8b95e720233de8120b06f103c6b4fd39f8f25202,3396b420a6555c48366059cd8b95e720233de8120b06f103c6b4fd39f8f25202,True,True,True,True,True
F3B2J0010963,10963,F3B2D003655,F3BBG_N015_A1_Q001_R004:NULL:PRIMARY,1,M0,fea2cef8766cee456900b0cbac704185489a29b23e72aaf69b6d8bf06fdc4b69,fea2cef8766cee456900b0cbac704185489a29b23e72aaf69b6d8bf06fdc4b69,ffb3ba3938fcc06256b69641d84eb19fe75d75a305c07ac8ed6e9535330972e8,ffb3ba3938fcc06256b69641d84eb19fe75d75a305c07ac8ed6e9535330972e8,True,True,True,True,True
F3B2J0010964,10964,F3B2D003655,F3BBG_N015_A1_Q001_R004:NULL:PRIMARY,1,M1,fea2cef8766cee456900b0cbac704185489a29b23e72aaf69b6d8bf06fdc4b69,fea2cef8766cee456900b0cbac704185489a29b23e72aaf69b6d8bf06fdc4b69,d7f3141417b3b2c2bdda4e8a83e5c88b2c0ce67a89dfb87c79ed5c9cab08f221,d7f3141417b3b2c2bdda4e8a83e5c88b2c0ce67a89dfb87c79ed5c9cab08f221,True,True,True,True,True
F3B2J0010965,10965,F3B2D003655,F3BBG_N015_A1_Q001_R004:NULL:PRIMARY,1,M2,fea2cef8766cee456900b0cbac704185489a29b23e72aaf69b6d8bf06fdc4b69,fea2cef8766cee456900b0cbac704185489a29b23e72aaf69b6d8bf06fdc4b69,33698096386f53cb5b72d454947621d883e73a6224d68ff9365f4a706016eb71,33698096386f53cb5b72d454947621d883e73a6224d68ff9365f4a706016eb71,True,True,True,True,True
F3B2J0010987,10987,F3B2D003663,F3BBG_N015_A1_Q001_R004:NULL:PRIMARY,9,M0,fea2cef8766cee456900b0cbac704185489a29b23e72aaf69b6d8bf06fdc4b69,fea2cef8766cee456900b0cbac704185489a29b23e72aaf69b6d8bf06fdc4b69,303e937f7da8f5897bb468883bf6fb67f1ec487b33032b727328f83829b5fe55,303e937f7da8f5897bb468883bf6fb67f1ec487b33032b727328f83829b5fe55,True,True,True,True,True
F3B2J0010988,10988,F3B2D003663,F3BBG_N015_A1_Q001_R004:NULL:PRIMARY,9,M1,fea2cef8766cee456900b0cbac704185489a29b23e72aaf69b6d8bf06fdc4b69,fea2cef8766cee456900b0cbac704185489a29b23e72aaf69b6d8bf06fdc4b69,57a33d092781608ef8e3e140ddf2d4bc255b9aa147293e6d51fe473e9b938efc,57a33d092781608ef8e3e140ddf2d4bc255b9aa147293e6d51fe473e9b938efc,True,True,True,True,True
F3B2J0010989,10989,F3B2D003663,F3BBG_N015_A1_Q001_R004:NULL:PRIMARY,9,M2,fea2cef8766cee456900b0cbac704185489a29b23e72aaf69b6d8bf06fdc4b69,fea2cef8766cee456900b0cbac704185489a29b23e72aaf69b6d8bf06fdc4b69,8710da7c50df60834fcd43895498b14527d8728c5a7756865b72cbbc2dc69826,8710da7c50df60834fcd43895498b14527d8728c5a7756865b72cbbc2dc69826,True,True,True,True,True
F3B2J0010990,10990,F3B2D003664,F3BBG_N015_A1_Q001_R004:POS:PRIMARY,1,M0,8e3f393b578121759d5afb26822d96b4ab0ad8d9160e526563ba5023907181b0,8e3f393b578121759d5afb26822d96b4ab0ad8d9160e526563ba5023907181b0,9e9e52368ff3d2c11c43a9afae3a4ba360ace829bcafa00bcbf23078cd07bc00,9e9e52368ff3d2c11c43a9afae3a4ba360ace829bcafa00bcbf23078cd07bc00,True,True,True,True,True
F3B2J0010991,10991,F3B2D003664,F3BBG_N015_A1_Q001_R004:POS:PRIMARY,1,M1,8e3f393b578121759d5afb26822d96b4ab0ad8d9160e526563ba5023907181b0,8e3f393b578121759d5afb26822d96b4ab0ad8d9160e526563ba5023907181b0,72e1d119de35683cfa4a7f7346b31aaddb82c42a4dd5940afe4010cfb248549a,72e1d119de35683cfa4a7f7346b31aaddb82c42a4dd5940afe4010cfb248549a,True,True,True,True,True
F3B2J0010992,10992,F3B2D003664,F3BBG_N015_A1_Q001_R004:POS:PRIMARY,1,M2,8e3f393b578121759d5afb26822d96b4ab0ad8d9160e526563ba5023907181b0,8e3f393b578121759d5afb26822d96b4ab0ad8d9160e526563ba5023907181b0,525e26f8712b0bff469754a2a3d50fe5a75f7aba83075b618698d6b8bdf4f034,525e26f8712b0bff469754a2a3d50fe5a75f7aba83075b618698d6b8bdf4f034,True,True,True,True,True
F3B2J0011014,11014,F3B2D003672,F3BBG_N015_A1_Q001_R004:POS:PRIMARY,9,M0,8e3f393b578121759d5afb26822d96b4ab0ad8d9160e526563ba5023907181b0,8e3f393b578121759d5afb26822d96b4ab0ad8d9160e526563ba5023907181b0,73b8f1f65b412beea8bc953f0e380e8c2a23ba058c493058a16694d4281e4108,73b8f1f65b412beea8bc953f0e380e8c2a23ba058c493058a16694d4281e4108,True,True,True,True,True
F3B2J0011015,11015,F3B2D003672,F3BBG_N015_A1_Q001_R004:POS:PRIMARY,9,M1,8e3f393b578121759d5afb26822d96b4ab0ad8d9160e526563ba5023907181b0,8e3f393b578121759d5afb26822d96b4ab0ad8d9160e526563ba5023907181b0,67d94f26995378755e89d174cd987d60544b18c378c9cd5abb173c3ce6b43d2d,67d94f26995378755e89d174cd987d60544b18c378c9cd5abb173c3ce6b43d2d,True,True,True,True,True
F3B2J0011016,11016,F3B2D003672,F3BBG_N015_A1_Q001_R004:POS:PRIMARY,9,M2,8e3f393b578121759d5afb26822d96b4ab0ad8d9160e526563ba5023907181b0,8e3f393b578121759d5afb26822d96b4ab0ad8d9160e526563ba5023907181b0,8c77c9e579b6c1166118ec82832e45c0e9a8a0aec69bde8b2747781575e81f36,8c77c9e579b6c1166118ec82832e45c0e9a8a0aec69bde8b2747781575e81f36,True,True,True,True,True
F3B2J0011017,11017,F3B2D003673,F3BBG_N015_A1_Q002_R054:NULL:PRIMARY,1,M0,a1b260825e9d9fcb2e16851913aca0c5c5be614130f25d963a73ef6c9e74180f,a1b260825e9d9fcb2e16851913aca0c5c5be614130f25d963a73ef6c9e74180f,2c1c494a375ccef88543c5d4395ad43f7b64e79f57bd9b199f6d84309aa43132,2c1c494a375ccef88543c5d4395ad43f7b64e79f57bd9b199f6d84309aa43132,True,True,True,True,True
F3B2J0011018,11018,F3B2D003673,F3BBG_N015_A1_Q002_R054:NULL:PRIMARY,1,M1,a1b260825e9d9fcb2e16851913aca0c5c5be614130f25d963a73ef6c9e74180f,a1b260825e9d9fcb2e16851913aca0c5c5be614130f25d963a73ef6c9e74180f,6aaa1abc948b5b906bd775ec8cd135d53feae28ecbd39d66cf26febd4e02fbe0,6aaa1abc948b5b906bd775ec8cd135d53feae28ecbd39d66cf26febd4e02fbe0,True,True,True,True,True
F3B2J0011019,11019,F3B2D003673,F3BBG_N015_A1_Q002_R054:NULL:PRIMARY,1,M2,a1b260825e9d9fcb2e16851913aca0c5c5be614130f25d963a73ef6c9e74180f,a1b260825e9d9fcb2e16851913aca0c5c5be614130f25d963a73ef6c9e74180f,6ea5227f18d043619a61917fc0850c2de360582e3416b204a32cbfb46f76491e,6ea5227f18d043619a61917fc0850c2de360582e3416b204a32cbfb46f76491e,True,True,True,True,True
F3B2J0011041,11041,F3B2D003681,F3BBG_N015_A1_Q002_R054:NULL:PRIMARY,9,M0,a1b260825e9d9fcb2e16851913aca0c5c5be614130f25d963a73ef6c9e74180f,a1b260825e9d9fcb2e16851913aca0c5c5be614130f25d963a73ef6c9e74180f,43b785bcc85bd74208cc4d9f49fe17d1cdaddb92c81313a93fffd255cf6da45b,43b785bcc85bd74208cc4d9f49fe17d1cdaddb92c81313a93fffd255cf6da45b,True,True,True,True,True
F3B2J0011042,11042,F3B2D003681,F3BBG_N015_A1_Q002_R054:NULL:PRIMARY,9,M1,a1b260825e9d9fcb2e16851913aca0c5c5be614130f25d963a73ef6c9e74180f,a1b260825e9d9fcb2e16851913aca0c5c5be614130f25d963a73ef6c9e74180f,69e5d2dd9c75704202c9323184137202e8a25435ea03cf6e5fef78e848bb1028,69e5d2dd9c75704202c9323184137202e8a25435ea03cf6e5fef78e848bb1028,True,True,True,True,True
F3B2J0011043,11043,F3B2D003681,F3BBG_N015_A1_Q002_R054:NULL:PRIMARY,9,M2,a1b260825e9d9fcb2e16851913aca0c5c5be614130f25d963a73ef6c9e74180f,a1b260825e9d9fcb2e16851913aca0c5c5be614130f25d963a73ef6c9e74180f,1e66cf7d988d13887de6aae974b534686833f10fe761906d3962d21add190b84,1e66cf7d988d13887de6aae974b534686833f10fe761906d3962d21add190b84,True,True,True,True,True
F3B2J0011044,11044,F3B2D003682,F3BBG_N015_A1_Q002_R054:POS:PRIMARY,1,M0,d7f1fd2856a233a766389e4e3483b302430004adba3f45b836bda33c85d995ee,d7f1fd2856a233a766389e4e3483b302430004adba3f45b836bda33c85d995ee,8dc4453c7dce9ad7ada7121a94c3c072f5d03c0fd6c0f790aef8983aacf06f0a,8dc4453c7dce9ad7ada7121a94c3c072f5d03c0fd6c0f790aef8983aacf06f0a,True,True,True,True,True
F3B2J0011045,11045,F3B2D003682,F3BBG_N015_A1_Q002_R054:POS:PRIMARY,1,M1,d7f1fd2856a233a766389e4e3483b302430004adba3f45b836bda33c85d995ee,d7f1fd2856a233a766389e4e3483b302430004adba3f45b836bda33c85d995ee,58ccc82c410b661ad374edeffa14ce3616c68e870fc7e15b93942f4b3d9b7e77,58ccc82c410b661ad374edeffa14ce3616c68e870fc7e15b93942f4b3d9b7e77,True,True,True,True,True
F3B2J0011046,11046,F3B2D003682,F3BBG_N015_A1_Q002_R054:POS:PRIMARY,1,M2,d7f1fd2856a233a766389e4e3483b302430004adba3f45b836bda33c85d995ee,d7f1fd2856a233a766389e4e3483b302430004adba3f45b836bda33c85d995ee,2c24d57628afdcd8de16b68f1e2ab2e3bce41bd50c2f4b85fa1ae98ba32a97c9,2c24d57628afdcd8de16b68f1e2ab2e3bce41bd50c2f4b85fa1ae98ba32a97c9,True,True,True,True,True
F3B2J0011068,11068,F3B2D003690,F3BBG_N015_A1_Q002_R054:POS:PRIMARY,9,M0,d7f1fd2856a233a766389e4e3483b302430004adba3f45b836bda33c85d995ee,d7f1fd2856a233a766389e4e3483b302430004adba3f45b836bda33c85d995ee,fd76ce70a2ecf3aa19dcfd9c19970c30ca239634ce2b5c8ce57a0bd4fb7d980c,fd76ce70a2ecf3aa19dcfd9c19970c30ca239634ce2b5c8ce57a0bd4fb7d980c,True,True,True,True,True
F3B2J0011069,11069,F3B2D003690,F3BBG_N015_A1_Q002_R054:POS:PRIMARY,9,M1,d7f1fd2856a233a766389e4e3483b302430004adba3f45b836bda33c85d995ee,d7f1fd2856a233a766389e4e3483b302430004adba3f45b836bda33c85d995ee,10ad3f5a17d423be64c05a531111f4fa551fee8b65d1a122c0d51e343f226e16,10ad3f5a17d423be64c05a531111f4fa551fee8b65d1a122c0d51e343f226e16,True,True,True,True,True
F3B2J0011070,11070,F3B2D003690,F3BBG_N015_A1_Q002_R054:POS:PRIMARY,9,M2,d7f1fd2856a233a766389e4e3483b302430004adba3f45b836bda33c85d995ee,d7f1fd2856a233a766389e4e3483b302430004adba3f45b836bda33c85d995ee,32ffdc9c647adf2bd0e5f0cd0f48af02fcf9c418288391132d01ef7bf0284a62,32ffdc9c647adf2bd0e5f0cd0f48af02fcf9c418288391132d01ef7bf0284a62,True,True,True,True,True
F3B2J0011071,11071,F3B2D003691,F3BBG_N015_A1_Q004_R035:NULL:PRIMARY,1,M0,8269842f9d23399231e43635fc7d6679446a2dc37640177a37746bce84c49c45,8269842f9d23399231e43635fc7d6679446a2dc37640177a37746bce84c49c45,32417b04802c2b36ae06b6dcd6ac0536192fd3cec368417463a387162a5b8c2f,32417b04802c2b36ae06b6dcd6ac0536192fd3cec368417463a387162a5b8c2f,True,True,True,True,True
F3B2J0011072,11072,F3B2D003691,F3BBG_N015_A1_Q004_R035:NULL:PRIMARY,1,M1,8269842f9d23399231e43635fc7d6679446a2dc37640177a37746bce84c49c45,8269842f9d23399231e43635fc7d6679446a2dc37640177a37746bce84c49c45,ea01b2ff7f5d464f8cded8af488cf7f7ff06f800aed1074e9e36df6310184234,ea01b2ff7f5d464f8cded8af488cf7f7ff06f800aed1074e9e36df6310184234,True,True,True,True,True
F3B2J0011073,11073,F3B2D003691,F3BBG_N015_A1_Q004_R035:NULL:PRIMARY,1,M2,8269842f9d23399231e43635fc7d6679446a2dc37640177a37746bce84c49c45,8269842f9d23399231e43635fc7d6679446a2dc37640177a37746bce84c49c45,297e9e609226eb34ff00bea1a4633f89b2158d7bcd1daf0d57355f65b6ba51c6,297e9e609226eb34ff00bea1a4633f89b2158d7bcd1daf0d57355f65b6ba51c6,True,True,True,True,True
F3B2J0011095,11095,F3B2D003699,F3BBG_N015_A1_Q004_R035:NULL:PRIMARY,9,M0,8269842f9d23399231e43635fc7d6679446a2dc37640177a37746bce84c49c45,8269842f9d23399231e43635fc7d6679446a2dc37640177a37746bce84c49c45,eeed8209aed2a2075e64da2b25e2cba3ee603acd0a85704b5974b307c8bec5bf,eeed8209aed2a2075e64da2b25e2cba3ee603acd0a85704b5974b307c8bec5bf,True,True,True,True,True
F3B2J0011096,11096,F3B2D003699,F3BBG_N015_A1_Q004_R035:NULL:PRIMARY,9,M1,8269842f9d23399231e43635fc7d6679446a2dc37640177a37746bce84c49c45,8269842f9d23399231e43635fc7d6679446a2dc37640177a37746bce84c49c45,a3e8b10e313f7a39cd298973c69207ae9fe2717b7b93cd21892563cd81f3b914,a3e8b10e313f7a39cd298973c69207ae9fe2717b7b93cd21892563cd81f3b914,True,True,True,True,True
F3B2J0011097,11097,F3B2D003699,F3BBG_N015_A1_Q004_R035:NULL:PRIMARY,9,M2,8269842f9d23399231e43635fc7d6679446a2dc37640177a37746bce84c49c45,8269842f9d23399231e43635fc7d6679446a2dc37640177a37746bce84c49c45,3ec72ef9143f59738a8739fda468e9cb3a29dae826c172ab2673b99c9d66b01a,3ec72ef9143f59738a8739fda468e9cb3a29dae826c172ab2673b99c9d66b01a,True,True,True,True,True
F3B2J0011098,11098,F3B2D003700,F3BBG_N015_A1_Q004_R035:POS:PRIMARY,1,M0,456de89fe23e3af501bde644d01cc1654733e345b4e0e70f6d7feb6d226f52b9,456de89fe23e3af501bde644d01cc1654733e345b4e0e70f6d7feb6d226f52b9,fb606347b1fae488733fa4dc11b9f83f06b1961765b08eccce3248c29fbe417e,fb606347b1fae488733fa4dc11b9f83f06b1961765b08eccce3248c29fbe417e,True,True,True,True,True
F3B2J0011099,11099,F3B2D003700,F3BBG_N015_A1_Q004_R035:POS:PRIMARY,1,M1,456de89fe23e3af501bde644d01cc1654733e345b4e0e70f6d7feb6d226f52b9,456de89fe23e3af501bde644d01cc1654733e345b4e0e70f6d7feb6d226f52b9,34b7a5a2e726991f08bae763d05e203d70a72604848db6b328041e91bd79d2af,34b7a5a2e726991f08bae763d05e203d70a72604848db6b328041e91bd79d2af,True,True,True,True,True
F3B2J0011100,11100,F3B2D003700,F3BBG_N015_A1_Q004_R035:POS:PRIMARY,1,M2,456de89fe23e3af501bde644d01cc1654733e345b4e0e70f6d7feb6d226f52b9,456de89fe23e3af501bde644d01cc1654733e345b4e0e70f6d7feb6d226f52b9,2aa151b317fc7354c52167346cae25f6fe65155cb1d96f70a4f2283a04b20471,2aa151b317fc7354c52167346cae25f6fe65155cb1d96f70a4f2283a04b20471,True,True,True,True,True
F3B2J0011122,11122,F3B2D003708,F3BBG_N015_A1_Q004_R035:POS:PRIMARY,9,M0,456de89fe23e3af501bde644d01cc1654733e345b4e0e70f6d7feb6d226f52b9,456de89fe23e3af501bde644d01cc1654733e345b4e0e70f6d7feb6d226f52b9,d418130c7347cd5f33575cfb018155097068c6e93e65083b8751faca2c2eb64a,d418130c7347cd5f33575cfb018155097068c6e93e65083b8751faca2c2eb64a,True,True,True,True,True
F3B2J0011123,11123,F3B2D003708,F3BBG_N015_A1_Q004_R035:POS:PRIMARY,9,M1,456de89fe23e3af501bde644d01cc1654733e345b4e0e70f6d7feb6d226f52b9,456de89fe23e3af501bde644d01cc1654733e345b4e0e70f6d7feb6d226f52b9,b14afae48438f6484923b9405fbbca15e6ffdf993c7c01d5e95ee7fb73a3da9b,b14afae48438f6484923b9405fbbca15e6ffdf993c7c01d5e95ee7fb73a3da9b,True,True,True,True,True
F3B2J0011124,11124,F3B2D003708,F3BBG_N015_A1_Q004_R035:POS:PRIMARY,9,M2,456de89fe23e3af501bde644d01cc1654733e345b4e0e70f6d7feb6d226f52b9,456de89fe23e3af501bde644d01cc1654733e345b4e0e70f6d7feb6d226f52b9,18da21967849b0e6566d924cb194bf714bae9fbc05e87b8380bcb28e7aa75b00,18da21967849b0e6566d924cb194bf714bae9fbc05e87b8380bcb28e7aa75b00,True,True,True,True,True
F3B2J0011125,11125,F3B2D003709,F3BBG_N015_A2_Q001_R031:NULL:PRIMARY,1,M0,af81c156e1a201d76a32c26bac82d320130c403a69a9712a6dccbd59f80a6b3f,af81c156e1a201d76a32c26bac82d320130c403a69a9712a6dccbd59f80a6b3f,59e79b7e6e18dc95d50003a283a00c65daaa3e8969b4d5890d3c5e0b9ed4d63c,59e79b7e6e18dc95d50003a283a00c65daaa3e8969b4d5890d3c5e0b9ed4d63c,True,True,True,True,True
F3B2J0011126,11126,F3B2D003709,F3BBG_N015_A2_Q001_R031:NULL:PRIMARY,1,M1,af81c156e1a201d76a32c26bac82d320130c403a69a9712a6dccbd59f80a6b3f,af81c156e1a201d76a32c26bac82d320130c403a69a9712a6dccbd59f80a6b3f,f3d7b3108705d6660ee9b593661a7ad23cebef7cf197f79af62ef649eab179dc,f3d7b3108705d6660ee9b593661a7ad23cebef7cf197f79af62ef649eab179dc,True,True,True,True,True
F3B2J0011127,11127,F3B2D003709,F3BBG_N015_A2_Q001_R031:NULL:PRIMARY,1,M2,af81c156e1a201d76a32c26bac82d320130c403a69a9712a6dccbd59f80a6b3f,af81c156e1a201d76a32c26bac82d320130c403a69a9712a6dccbd59f80a6b3f,7b594880a3521a3781b47fdbf83744a08c4b64308f90a93561db24b65b0e9ebc,7b594880a3521a3781b47fdbf83744a08c4b64308f90a93561db24b65b0e9ebc,True,True,True,True,True
F3B2J0011149,11149,F3B2D003717,F3BBG_N015_A2_Q001_R031:NULL:PRIMARY,9,M0,af81c156e1a201d76a32c26bac82d320130c403a69a9712a6dccbd59f80a6b3f,af81c156e1a201d76a32c26bac82d320130c403a69a9712a6dccbd59f80a6b3f,2bf6d0c9842210085c8f3e7c00a6df3ac805174008f067f22c32fb169fad125e,2bf6d0c9842210085c8f3e7c00a6df3ac805174008f067f22c32fb169fad125e,True,True,True,True,True
F3B2J0011150,11150,F3B2D003717,F3BBG_N015_A2_Q001_R031:NULL:PRIMARY,9,M1,af81c156e1a201d76a32c26bac82d320130c403a69a9712a6dccbd59f80a6b3f,af81c156e1a201d76a32c26bac82d320130c403a69a9712a6dccbd59f80a6b3f,e2e210e1a09e5f838a53ed6c1061506fc4107bbff2d32b5fe858601e50aee6cc,e2e210e1a09e5f838a53ed6c1061506fc4107bbff2d32b5fe858601e50aee6cc,True,True,True,True,True
F3B2J0011151,11151,F3B2D003717,F3BBG_N015_A2_Q001_R031:NULL:PRIMARY,9,M2,af81c156e1a201d76a32c26bac82d320130c403a69a9712a6dccbd59f80a6b3f,af81c156e1a201d76a32c26bac82d320130c403a69a9712a6dccbd59f80a6b3f,a970ea92977b8a9c6ee3b3835d174b37a223b4ba16ba1ba98759368c837f08c6,a970ea92977b8a9c6ee3b3835d174b37a223b4ba16ba1ba98759368c837f08c6,True,True,True,True,True
F3B2J0011152,11152,F3B2D003718,F3BBG_N015_A2_Q001_R031:POS:PRIMARY,1,M0,97d2a469ffbe2d9e84cfa4b632e00688b91cc2d531eeb5f73c6ae6a7cf5798f4,97d2a469ffbe2d9e84cfa4b632e00688b91cc2d531eeb5f73c6ae6a7cf5798f4,953e0b97c4dba442a926ead66dda8cdb778da5f169a164dd51519b726bfd4a7b,953e0b97c4dba442a926ead66dda8cdb778da5f169a164dd51519b726bfd4a7b,True,True,True,True,True
F3B2J0011153,11153,F3B2D003718,F3BBG_N015_A2_Q001_R031:POS:PRIMARY,1,M1,97d2a469ffbe2d9e84cfa4b632e00688b91cc2d531eeb5f73c6ae6a7cf5798f4,97d2a469ffbe2d9e84cfa4b632e00688b91cc2d531eeb5f73c6ae6a7cf5798f4,b1dbd38564f09750178599ae2c46d5e455647448d755b0dc121e69cbd50d0964,b1dbd38564f09750178599ae2c46d5e455647448d755b0dc121e69cbd50d0964,True,True,True,True,True
F3B2J0011154,11154,F3B2D003718,F3BBG_N015_A2_Q001_R031:POS:PRIMARY,1,M2,97d2a469ffbe2d9e84cfa4b632e00688b91cc2d531eeb5f73c6ae6a7cf5798f4,97d2a469ffbe2d9e84cfa4b632e00688b91cc2d531eeb5f73c6ae6a7cf5798f4,202b3d7b7e424dbdb1a0a028747bedf107940d23b06b4d317184a64a2bec212f,202b3d7b7e424dbdb1a0a028747bedf107940d23b06b4d317184a64a2bec212f,True,True,True,True,True
F3B2J0011176,11176,F3B2D003726,F3BBG_N015_A2_Q001_R031:POS:PRIMARY,9,M0,97d2a469ffbe2d9e84cfa4b632e00688b91cc2d531eeb5f73c6ae6a7cf5798f4,97d2a469ffbe2d9e84cfa4b632e00688b91cc2d531eeb5f73c6ae6a7cf5798f4,714cc81c14850244c91ed8c8bfdbce45af310a68a5a8219d5236006cacd849db,714cc81c14850244c91ed8c8bfdbce45af310a68a5a8219d5236006cacd849db,True,True,True,True,True
F3B2J0011177,11177,F3B2D003726,F3BBG_N015_A2_Q001_R031:POS:PRIMARY,9,M1,97d2a469ffbe2d9e84cfa4b632e00688b91cc2d531eeb5f73c6ae6a7cf5798f4,97d2a469ffbe2d9e84cfa4b632e00688b91cc2d531eeb5f73c6ae6a7cf5798f4,37635777bb0f939c2838aa1c4209f56552f008aa2b15aee4a723a7052ce73818,37635777bb0f939c2838aa1c4209f56552f008aa2b15aee4a723a7052ce73818,True,True,True,True,True
F3B2J0011178,11178,F3B2D003726,F3BBG_N015_A2_Q001_R031:POS:PRIMARY,9,M2,97d2a469ffbe2d9e84cfa4b632e00688b91cc2d531eeb5f73c6ae6a7cf5798f4,97d2a469ffbe2d9e84cfa4b632e00688b91cc2d531eeb5f73c6ae6a7cf5798f4,e7e3dd7337f613e214732e8fa0c79959c63cca98c6bc2cbc8674a1c3b6493997,e7e3dd7337f613e214732e8fa0c79959c63cca98c6bc2cbc8674a1c3b6493997,True,True,True,True,True
F3B2J0011179,11179,F3B2D003727,F3BBG_N015_A2_Q002_R044:NULL:PRIMARY,1,M0,94ea298fe5fa6ce7f0efd07eb3802eab2a020edd348befc9333fde87d13d9165,94ea298fe5fa6ce7f0efd07eb3802eab2a020edd348befc9333fde87d13d9165,26dda1fad320136020f7bcc5180528bdd3190613cab8b4216a6d8bb95b5c0ebf,26dda1fad320136020f7bcc5180528bdd3190613cab8b4216a6d8bb95b5c0ebf,True,True,True,True,True
F3B2J0011180,11180,F3B2D003727,F3BBG_N015_A2_Q002_R044:NULL:PRIMARY,1,M1,94ea298fe5fa6ce7f0efd07eb3802eab2a020edd348befc9333fde87d13d9165,94ea298fe5fa6ce7f0efd07eb3802eab2a020edd348befc9333fde87d13d9165,ecfcf95308dc60f9577d68926d490216d8269a4399dfed8366344ff32d10a734,ecfcf95308dc60f9577d68926d490216d8269a4399dfed8366344ff32d10a734,True,True,True,True,True
F3B2J0011181,11181,F3B2D003727,F3BBG_N015_A2_Q002_R044:NULL:PRIMARY,1,M2,94ea298fe5fa6ce7f0efd07eb3802eab2a020edd348befc9333fde87d13d9165,94ea298fe5fa6ce7f0efd07eb3802eab2a020edd348befc9333fde87d13d9165,bacabb406261e3f62e8ac0343a4119ebdf2567b5d3827d95eaffea942ae7ad97,bacabb406261e3f62e8ac0343a4119ebdf2567b5d3827d95eaffea942ae7ad97,True,True,True,True,True
F3B2J0011203,11203,F3B2D003735,F3BBG_N015_A2_Q002_R044:NULL:PRIMARY,9,M0,94ea298fe5fa6ce7f0efd07eb3802eab2a020edd348befc9333fde87d13d9165,94ea298fe5fa6ce7f0efd07eb3802eab2a020edd348befc9333fde87d13d9165,afc35d7c6c128dfb6103e54c5c1fbec4531f94ada12502d75d54d4045324fd6d,afc35d7c6c128dfb6103e54c5c1fbec4531f94ada12502d75d54d4045324fd6d,True,True,True,True,True
F3B2J0011204,11204,F3B2D003735,F3BBG_N015_A2_Q002_R044:NULL:PRIMARY,9,M1,94ea298fe5fa6ce7f0efd07eb3802eab2a020edd348befc9333fde87d13d9165,94ea298fe5fa6ce7f0efd07eb3802eab2a020edd348befc9333fde87d13d9165,69ba3db23a30d0e69d45b71269cf98ecac6259cc33662424a5872ff036357a28,69ba3db23a30d0e69d45b71269cf98ecac6259cc33662424a5872ff036357a28,True,True,True,True,True
F3B2J0011205,11205,F3B2D003735,F3BBG_N015_A2_Q002_R044:NULL:PRIMARY,9,M2,94ea298fe5fa6ce7f0efd07eb3802eab2a020edd348befc9333fde87d13d9165,94ea298fe5fa6ce7f0efd07eb3802eab2a020edd348befc9333fde87d13d9165,716831ceb4476a34ab3b5e67bdbbaf4009fc6abccbbf9fa2579a6749b864e115,716831ceb4476a34ab3b5e67bdbbaf4009fc6abccbbf9fa2579a6749b864e115,True,True,True,True,True
F3B2J0011206,11206,F3B2D003736,F3BBG_N015_A2_Q002_R044:POS:PRIMARY,1,M0,392404df83fb1f96aa381b06b67b6b5ffc9d230ad9f85945d14477061b0e36ca,392404df83fb1f96aa381b06b67b6b5ffc9d230ad9f85945d14477061b0e36ca,09b5dacf56b35260df69a1372c7f59e110aef3080d10d556a72b228a5989af55,09b5dacf56b35260df69a1372c7f59e110aef3080d10d556a72b228a5989af55,True,True,True,True,True
F3B2J0011207,11207,F3B2D003736,F3BBG_N015_A2_Q002_R044:POS:PRIMARY,1,M1,392404df83fb1f96aa381b06b67b6b5ffc9d230ad9f85945d14477061b0e36ca,392404df83fb1f96aa381b06b67b6b5ffc9d230ad9f85945d14477061b0e36ca,910e0685f4e0ed5f4c081bfbbc429ff26fb8437ff99f3fe2e0107005bb896007,910e0685f4e0ed5f4c081bfbbc429ff26fb8437ff99f3fe2e0107005bb896007,True,True,True,True,True
F3B2J0011208,11208,F3B2D003736,F3BBG_N015_A2_Q002_R044:POS:PRIMARY,1,M2,392404df83fb1f96aa381b06b67b6b5ffc9d230ad9f85945d14477061b0e36ca,392404df83fb1f96aa381b06b67b6b5ffc9d230ad9f85945d14477061b0e36ca,4dd64e807e3ac6f8502c2a8befb45cfd3619492fa8537e27ff303a0986443ca6,4dd64e807e3ac6f8502c2a8befb45cfd3619492fa8537e27ff303a0986443ca6,True,True,True,True,True
F3B2J0011230,11230,F3B2D003744,F3BBG_N015_A2_Q002_R044:POS:PRIMARY,9,M0,392404df83fb1f96aa381b06b67b6b5ffc9d230ad9f85945d14477061b0e36ca,392404df83fb1f96aa381b06b67b6b5ffc9d230ad9f85945d14477061b0e36ca,ebb94045a54ce57a010cad89253471515d09fe9781dadb88c13c85c0968421f2,ebb94045a54ce57a010cad89253471515d09fe9781dadb88c13c85c0968421f2,True,True,True,True,True
F3B2J0011231,11231,F3B2D003744,F3BBG_N015_A2_Q002_R044:POS:PRIMARY,9,M1,392404df83fb1f96aa381b06b67b6b5ffc9d230ad9f85945d14477061b0e36ca,392404df83fb1f96aa381b06b67b6b5ffc9d230ad9f85945d14477061b0e36ca,a98594faab98785153714127a65c5cb20e4eedaac030c8609531d0c0f643d4c7,a98594faab98785153714127a65c5cb20e4eedaac030c8609531d0c0f643d4c7,True,True,True,True,True
F3B2J0011232,11232,F3B2D003744,F3BBG_N015_A2_Q002_R044:POS:PRIMARY,9,M2,392404df83fb1f96aa381b06b67b6b5ffc9d230ad9f85945d14477061b0e36ca,392404df83fb1f96aa381b06b67b6b5ffc9d230ad9f85945d14477061b0e36ca,41bdfe80c64c4139dba1f42acf3f3c0a5a901f943e02847dfa73502ec5db35a1,41bdfe80c64c4139dba1f42acf3f3c0a5a901f943e02847dfa73502ec5db35a1,True,True,True,True,True
F3B2J0011233,11233,F3B2D003745,F3BBG_N015_A2_Q004_R076:NULL:PRIMARY,1,M0,26b1052ebe1c535a89528335eee5647618f6ee5d9a2817a6ffcb39882973883c,26b1052ebe1c535a89528335eee5647618f6ee5d9a2817a6ffcb39882973883c,0c03cdc9be7b4ea3357f52a166d319833f35c0322df8d67055c78f7cca34fd56,0c03cdc9be7b4ea3357f52a166d319833f35c0322df8d67055c78f7cca34fd56,True,True,True,True,True
F3B2J0011234,11234,F3B2D003745,F3BBG_N015_A2_Q004_R076:NULL:PRIMARY,1,M1,26b1052ebe1c535a89528335eee5647618f6ee5d9a2817a6ffcb39882973883c,26b1052ebe1c535a89528335eee5647618f6ee5d9a2817a6ffcb39882973883c,2d3961532244d3790a50feb44c505d0142c134dd9a6d323d16403fe8f679c393,2d3961532244d3790a50feb44c505d0142c134dd9a6d323d16403fe8f679c393,True,True,True,True,True
F3B2J0011235,11235,F3B2D003745,F3BBG_N015_A2_Q004_R076:NULL:PRIMARY,1,M2,26b1052ebe1c535a89528335eee5647618f6ee5d9a2817a6ffcb39882973883c,26b1052ebe1c535a89528335eee5647618f6ee5d9a2817a6ffcb39882973883c,2197885a7edd29bdc8cb8cfa0348ac8110963f9c6e0dd39cbdfa09b1c9920aeb,2197885a7edd29bdc8cb8cfa0348ac8110963f9c6e0dd39cbdfa09b1c9920aeb,True,True,True,True,True
F3B2J0011257,11257,F3B2D003753,F3BBG_N015_A2_Q004_R076:NULL:PRIMARY,9,M0,26b1052ebe1c535a89528335eee5647618f6ee5d9a2817a6ffcb39882973883c,26b1052ebe1c535a89528335eee5647618f6ee5d9a2817a6ffcb39882973883c,a18220473797de74046b9ef87061d912012783109466239ee17e9ae9d0056d9c,a18220473797de74046b9ef87061d912012783109466239ee17e9ae9d0056d9c,True,True,True,True,True
F3B2J0011258,11258,F3B2D003753,F3BBG_N015_A2_Q004_R076:NULL:PRIMARY,9,M1,26b1052ebe1c535a89528335eee5647618f6ee5d9a2817a6ffcb39882973883c,26b1052ebe1c535a89528335eee5647618f6ee5d9a2817a6ffcb39882973883c,3790356128e5158eba44fcad160b7f732fe5030eadc18c7700eb9409634d45b9,3790356128e5158eba44fcad160b7f732fe5030eadc18c7700eb9409634d45b9,True,True,True,True,True
F3B2J0011259,11259,F3B2D003753,F3BBG_N015_A2_Q004_R076:NULL:PRIMARY,9,M2,26b1052ebe1c535a89528335eee5647618f6ee5d9a2817a6ffcb39882973883c,26b1052ebe1c535a89528335eee5647618f6ee5d9a2817a6ffcb39882973883c,47fe22ea75bf5a2c123e9be43231a0103a02bbb0452102b929cc34c69cd92eb3,47fe22ea75bf5a2c123e9be43231a0103a02bbb0452102b929cc34c69cd92eb3,True,True,True,True,True
F3B2J0011260,11260,F3B2D003754,F3BBG_N015_A2_Q004_R076:POS:PRIMARY,1,M0,7e7adebc05b6b328b249f5a118f47c2be4473e0b0e6ad43f7116a54de0216d5e,7e7adebc05b6b328b249f5a118f47c2be4473e0b0e6ad43f7116a54de0216d5e,9ab4ad69a20f068b65b28bc7e6f0b7973e8756c63cd39aa21f43777e20d87b83,9ab4ad69a20f068b65b28bc7e6f0b7973e8756c63cd39aa21f43777e20d87b83,True,True,True,True,True
F3B2J0011261,11261,F3B2D003754,F3BBG_N015_A2_Q004_R076:POS:PRIMARY,1,M1,7e7adebc05b6b328b249f5a118f47c2be4473e0b0e6ad43f7116a54de0216d5e,7e7adebc05b6b328b249f5a118f47c2be4473e0b0e6ad43f7116a54de0216d5e,c950c7d0184b384ec75cfb0bf158c4afc704cc0f2e214b1dfda14a6d46e8dc3e,c950c7d0184b384ec75cfb0bf158c4afc704cc0f2e214b1dfda14a6d46e8dc3e,True,True,True,True,True
F3B2J0011262,11262,F3B2D003754,F3BBG_N015_A2_Q004_R076:POS:PRIMARY,1,M2,7e7adebc05b6b328b249f5a118f47c2be4473e0b0e6ad43f7116a54de0216d5e,7e7adebc05b6b328b249f5a118f47c2be4473e0b0e6ad43f7116a54de0216d5e,097c39809289ba6b01d12cedeb46e10e9b7dfbb88c4bacc071b7a25386487d1e,097c39809289ba6b01d12cedeb46e10e9b7dfbb88c4bacc071b7a25386487d1e,True,True,True,True,True
F3B2J0011284,11284,F3B2D003762,F3BBG_N015_A2_Q004_R076:POS:PRIMARY,9,M0,7e7adebc05b6b328b249f5a118f47c2be4473e0b0e6ad43f7116a54de0216d5e,7e7adebc05b6b328b249f5a118f47c2be4473e0b0e6ad43f7116a54de0216d5e,96b0613a20f8feaca1203bf2b1797092a90d8e3d48596bf0ef5504e97c1d7a7b,96b0613a20f8feaca1203bf2b1797092a90d8e3d48596bf0ef5504e97c1d7a7b,True,True,True,True,True
F3B2J0011285,11285,F3B2D003762,F3BBG_N015_A2_Q004_R076:POS:PRIMARY,9,M1,7e7adebc05b6b328b249f5a118f47c2be4473e0b0e6ad43f7116a54de0216d5e,7e7adebc05b6b328b249f5a118f47c2be4473e0b0e6ad43f7116a54de0216d5e,df8f6e78111ff568d37055dab29b26b77d0665b0b4a5616b010c6990d88f9434,df8f6e78111ff568d37055dab29b26b77d0665b0b4a5616b010c6990d88f9434,True,True,True,True,True
F3B2J0011286,11286,F3B2D003762,F3BBG_N015_A2_Q004_R076:POS:PRIMARY,9,M2,7e7adebc05b6b328b249f5a118f47c2be4473e0b0e6ad43f7116a54de0216d5e,7e7adebc05b6b328b249f5a118f47c2be4473e0b0e6ad43f7116a54de0216d5e,daa8659465cf7e0d6075379c51a12292b8fee0dfc8315c4b415216df54498c84,daa8659465cf7e0d6075379c51a12292b8fee0dfc8315c4b415216df54498c84,True,True,True,True,True
F3B2J0011287,11287,F3B2D003763,F3BBG_N030_A0_Q001_R005:NULL:PRIMARY,1,M0,37d3ddb051113e06426b3d4b0bc228dccd821430eff0624f0dbc290196884ac0,37d3ddb051113e06426b3d4b0bc228dccd821430eff0624f0dbc290196884ac0,4ffed2423d5d37d99178e8a196fada4f8897a70d4c3bac7a7bda86f32c59765e,4ffed2423d5d37d99178e8a196fada4f8897a70d4c3bac7a7bda86f32c59765e,True,True,True,True,True
F3B2J0011288,11288,F3B2D003763,F3BBG_N030_A0_Q001_R005:NULL:PRIMARY,1,M1,37d3ddb051113e06426b3d4b0bc228dccd821430eff0624f0dbc290196884ac0,37d3ddb051113e06426b3d4b0bc228dccd821430eff0624f0dbc290196884ac0,02aac3b534e4d2f2e95a7d7cbc0061f9d4e8b5729c33a9df450b2636a88b4e2f,02aac3b534e4d2f2e95a7d7cbc0061f9d4e8b5729c33a9df450b2636a88b4e2f,True,True,True,True,True
F3B2J0011289,11289,F3B2D003763,F3BBG_N030_A0_Q001_R005:NULL:PRIMARY,1,M2,37d3ddb051113e06426b3d4b0bc228dccd821430eff0624f0dbc290196884ac0,37d3ddb051113e06426b3d4b0bc228dccd821430eff0624f0dbc290196884ac0,74de7ee01cc5dee7deb602176f517acf0fb4e8a898b9e5ac2c19b582a1695bc5,74de7ee01cc5dee7deb602176f517acf0fb4e8a898b9e5ac2c19b582a1695bc5,True,True,True,True,True
F3B2J0011311,11311,F3B2D003771,F3BBG_N030_A0_Q001_R005:NULL:PRIMARY,9,M0,37d3ddb051113e06426b3d4b0bc228dccd821430eff0624f0dbc290196884ac0,37d3ddb051113e06426b3d4b0bc228dccd821430eff0624f0dbc290196884ac0,bd4746b1e557e1449e83c9a0bb15020bfebef38e05053161bc017ca72824faec,bd4746b1e557e1449e83c9a0bb15020bfebef38e05053161bc017ca72824faec,True,True,True,True,True
F3B2J0011312,11312,F3B2D003771,F3BBG_N030_A0_Q001_R005:NULL:PRIMARY,9,M1,37d3ddb051113e06426b3d4b0bc228dccd821430eff0624f0dbc290196884ac0,37d3ddb051113e06426b3d4b0bc228dccd821430eff0624f0dbc290196884ac0,4448549d0c5d17103367a917c8b072b8262794fdd91e8e84b89f37fb4ec1cb14,4448549d0c5d17103367a917c8b072b8262794fdd91e8e84b89f37fb4ec1cb14,True,True,True,True,True
F3B2J0011313,11313,F3B2D003771,F3BBG_N030_A0_Q001_R005:NULL:PRIMARY,9,M2,37d3ddb051113e06426b3d4b0bc228dccd821430eff0624f0dbc290196884ac0,37d3ddb051113e06426b3d4b0bc228dccd821430eff0624f0dbc290196884ac0,dae462ebb753fe9bc36beafbc15796c20f75856fba34f1badca9e54a3ef560b6,dae462ebb753fe9bc36beafbc15796c20f75856fba34f1badca9e54a3ef560b6,True,True,True,True,True
F3B2J0011314,11314,F3B2D003772,F3BBG_N030_A0_Q001_R005:POS:PRIMARY,1,M0,db16622e2f91bef8615566a905b3a455352003818fb63bb93a0995620e503636,db16622e2f91bef8615566a905b3a455352003818fb63bb93a0995620e503636,013961e3f4831ed902ef2ce7f7d1f44a212f809579ef37adacdc9dc0f1982e65,013961e3f4831ed902ef2ce7f7d1f44a212f809579ef37adacdc9dc0f1982e65,True,True,True,True,True
F3B2J0011315,11315,F3B2D003772,F3BBG_N030_A0_Q001_R005:POS:PRIMARY,1,M1,db16622e2f91bef8615566a905b3a455352003818fb63bb93a0995620e503636,db16622e2f91bef8615566a905b3a455352003818fb63bb93a0995620e503636,e952ecccd6d40b71c20c6f5b0330c1e054bc074ef6be89a1b90790f8aa803da3,e952ecccd6d40b71c20c6f5b0330c1e054bc074ef6be89a1b90790f8aa803da3,True,True,True,True,True
F3B2J0011316,11316,F3B2D003772,F3BBG_N030_A0_Q001_R005:POS:PRIMARY,1,M2,db16622e2f91bef8615566a905b3a455352003818fb63bb93a0995620e503636,db16622e2f91bef8615566a905b3a455352003818fb63bb93a0995620e503636,8e0729cc45070a723e545f7f0ee6b7b845052eaac4b5bc37ae7f879d074fe045,8e0729cc45070a723e545f7f0ee6b7b845052eaac4b5bc37ae7f879d074fe045,True,True,True,True,True
F3B2J0011338,11338,F3B2D003780,F3BBG_N030_A0_Q001_R005:POS:PRIMARY,9,M0,db16622e2f91bef8615566a905b3a455352003818fb63bb93a0995620e503636,db16622e2f91bef8615566a905b3a455352003818fb63bb93a0995620e503636,8d23ab558f113eaf796c69ad18e7bc910b8f4df1585a4dca9cddef2add4f36e8,8d23ab558f113eaf796c69ad18e7bc910b8f4df1585a4dca9cddef2add4f36e8,True,True,True,True,True
F3B2J0011339,11339,F3B2D003780,F3BBG_N030_A0_Q001_R005:POS:PRIMARY,9,M1,db16622e2f91bef8615566a905b3a455352003818fb63bb93a0995620e503636,db16622e2f91bef8615566a905b3a455352003818fb63bb93a0995620e503636,d2f45c4b0ba2fd39c87376393058c95fb8141dfcdd4a67cdb9461d6a094abc40,d2f45c4b0ba2fd39c87376393058c95fb8141dfcdd4a67cdb9461d6a094abc40,True,True,True,True,True
F3B2J0011340,11340,F3B2D003780,F3BBG_N030_A0_Q001_R005:POS:PRIMARY,9,M2,db16622e2f91bef8615566a905b3a455352003818fb63bb93a0995620e503636,db16622e2f91bef8615566a905b3a455352003818fb63bb93a0995620e503636,e1a30832e0ff92e7ebc8358339ac0c7fd76d393b23ca3f33ad3d5ff6f0a058e7,e1a30832e0ff92e7ebc8358339ac0c7fd76d393b23ca3f33ad3d5ff6f0a058e7,True,True,True,True,True
F3B2J0011341,11341,F3B2D003781,F3BBG_N030_A0_Q002_R003:NULL:PRIMARY,1,M0,d04e5a11461ab6c3a94f6a4492178343f3760805ad79fc707e50d6ca6e97bc4c,d04e5a11461ab6c3a94f6a4492178343f3760805ad79fc707e50d6ca6e97bc4c,d225f4142177ec356dc80dd8a9570b8b95ac9e306cd76f8f7f43c64a697289fd,d225f4142177ec356dc80dd8a9570b8b95ac9e306cd76f8f7f43c64a697289fd,True,True,True,True,True
F3B2J0011342,11342,F3B2D003781,F3BBG_N030_A0_Q002_R003:NULL:PRIMARY,1,M1,d04e5a11461ab6c3a94f6a4492178343f3760805ad79fc707e50d6ca6e97bc4c,d04e5a11461ab6c3a94f6a4492178343f3760805ad79fc707e50d6ca6e97bc4c,b409660ff278e84332e93833e0c14d49e4dfbd3e8fa7d0e32b0b00677e9952f5,b409660ff278e84332e93833e0c14d49e4dfbd3e8fa7d0e32b0b00677e9952f5,True,True,True,True,True
F3B2J0011343,11343,F3B2D003781,F3BBG_N030_A0_Q002_R003:NULL:PRIMARY,1,M2,d04e5a11461ab6c3a94f6a4492178343f3760805ad79fc707e50d6ca6e97bc4c,d04e5a11461ab6c3a94f6a4492178343f3760805ad79fc707e50d6ca6e97bc4c,bf8add7a9bc044f116974cf45b6fb2c0914ef5ff829e59da06206b55fd8fe49c,bf8add7a9bc044f116974cf45b6fb2c0914ef5ff829e59da06206b55fd8fe49c,True,True,True,True,True
F3B2J0011365,11365,F3B2D003789,F3BBG_N030_A0_Q002_R003:NULL:PRIMARY,9,M0,d04e5a11461ab6c3a94f6a4492178343f3760805ad79fc707e50d6ca6e97bc4c,d04e5a11461ab6c3a94f6a4492178343f3760805ad79fc707e50d6ca6e97bc4c,d3daaa6f120489319c6c1c9c379531a6ea485febfcbdae2e958c0a40be17a8af,d3daaa6f120489319c6c1c9c379531a6ea485febfcbdae2e958c0a40be17a8af,True,True,True,True,True
F3B2J0011366,11366,F3B2D003789,F3BBG_N030_A0_Q002_R003:NULL:PRIMARY,9,M1,d04e5a11461ab6c3a94f6a4492178343f3760805ad79fc707e50d6ca6e97bc4c,d04e5a11461ab6c3a94f6a4492178343f3760805ad79fc707e50d6ca6e97bc4c,fab89a9e673afa92b6d9ad1cd6d5d6ca5a531e52635233624b80ccdd423da5b1,fab89a9e673afa92b6d9ad1cd6d5d6ca5a531e52635233624b80ccdd423da5b1,True,True,True,True,True
F3B2J0011367,11367,F3B2D003789,F3BBG_N030_A0_Q002_R003:NULL:PRIMARY,9,M2,d04e5a11461ab6c3a94f6a4492178343f3760805ad79fc707e50d6ca6e97bc4c,d04e5a11461ab6c3a94f6a4492178343f3760805ad79fc707e50d6ca6e97bc4c,145b4b50dba732026d539b2853f4bafbf9dde58068c3597e5c30ea00aac66641,145b4b50dba732026d539b2853f4bafbf9dde58068c3597e5c30ea00aac66641,True,True,True,True,True
F3B2J0011368,11368,F3B2D003790,F3BBG_N030_A0_Q002_R003:POS:PRIMARY,1,M0,079a702be1a84e0303021a0f019a2c8e7b1e6788db6bec116c17be0389934cb0,079a702be1a84e0303021a0f019a2c8e7b1e6788db6bec116c17be0389934cb0,4a1f84e49f950cd2085609888332433d3d2b20273e6e9687563a0ceee0707e1f,4a1f84e49f950cd2085609888332433d3d2b20273e6e9687563a0ceee0707e1f,True,True,True,True,True
F3B2J0011369,11369,F3B2D003790,F3BBG_N030_A0_Q002_R003:POS:PRIMARY,1,M1,079a702be1a84e0303021a0f019a2c8e7b1e6788db6bec116c17be0389934cb0,079a702be1a84e0303021a0f019a2c8e7b1e6788db6bec116c17be0389934cb0,c58d87ba14af102cd871882218bbdcb0f5897f98cfe472fa7ff5e95c66ea09b2,c58d87ba14af102cd871882218bbdcb0f5897f98cfe472fa7ff5e95c66ea09b2,True,True,True,True,True
F3B2J0011370,11370,F3B2D003790,F3BBG_N030_A0_Q002_R003:POS:PRIMARY,1,M2,079a702be1a84e0303021a0f019a2c8e7b1e6788db6bec116c17be0389934cb0,079a702be1a84e0303021a0f019a2c8e7b1e6788db6bec116c17be0389934cb0,a91f711d747d52cc953bda87e10a1b9047e9fafa32f69b5379538263d7ab829a,a91f711d747d52cc953bda87e10a1b9047e9fafa32f69b5379538263d7ab829a,True,True,True,True,True
F3B2J0011392,11392,F3B2D003798,F3BBG_N030_A0_Q002_R003:POS:PRIMARY,9,M0,079a702be1a84e0303021a0f019a2c8e7b1e6788db6bec116c17be0389934cb0,079a702be1a84e0303021a0f019a2c8e7b1e6788db6bec116c17be0389934cb0,909ea81d4aee7a20c5341886949998ded79acbc99708103bfbf31d6ad234e5f0,909ea81d4aee7a20c5341886949998ded79acbc99708103bfbf31d6ad234e5f0,True,True,True,True,True
F3B2J0011393,11393,F3B2D003798,F3BBG_N030_A0_Q002_R003:POS:PRIMARY,9,M1,079a702be1a84e0303021a0f019a2c8e7b1e6788db6bec116c17be0389934cb0,079a702be1a84e0303021a0f019a2c8e7b1e6788db6bec116c17be0389934cb0,ea9601ff7d0c85bd53eb60f83134c34d60fa4f8086440fa96e05688d750b24d3,ea9601ff7d0c85bd53eb60f83134c34d60fa4f8086440fa96e05688d750b24d3,True,True,True,True,True
F3B2J0011394,11394,F3B2D003798,F3BBG_N030_A0_Q002_R003:POS:PRIMARY,9,M2,079a702be1a84e0303021a0f019a2c8e7b1e6788db6bec116c17be0389934cb0,079a702be1a84e0303021a0f019a2c8e7b1e6788db6bec116c17be0389934cb0,c20c20bdb5889ce4b7be50a7b96d0970ca8c6e231917a348c9734214c5adc255,c20c20bdb5889ce4b7be50a7b96d0970ca8c6e231917a348c9734214c5adc255,True,True,True,True,True
F3B2J0011395,11395,F3B2D003799,F3BBG_N030_A0_Q004_R035:NULL:PRIMARY,1,M0,bc6c819b13b9329485b0aed71f62300c8f2d5f3a85279be95aa9cb0952d0f822,bc6c819b13b9329485b0aed71f62300c8f2d5f3a85279be95aa9cb0952d0f822,476be88bd238961a755f4b3b4f7e1a6eb837c4cd0b34b6a14b154377d5159d1c,476be88bd238961a755f4b3b4f7e1a6eb837c4cd0b34b6a14b154377d5159d1c,True,True,True,True,True
F3B2J0011396,11396,F3B2D003799,F3BBG_N030_A0_Q004_R035:NULL:PRIMARY,1,M1,bc6c819b13b9329485b0aed71f62300c8f2d5f3a85279be95aa9cb0952d0f822,bc6c819b13b9329485b0aed71f62300c8f2d5f3a85279be95aa9cb0952d0f822,8b8d63593364cf2e8c8e551d3c865e5c9c60f0ad158f593a8d960295618b7131,8b8d63593364cf2e8c8e551d3c865e5c9c60f0ad158f593a8d960295618b7131,True,True,True,True,True
F3B2J0011397,11397,F3B2D003799,F3BBG_N030_A0_Q004_R035:NULL:PRIMARY,1,M2,bc6c819b13b9329485b0aed71f62300c8f2d5f3a85279be95aa9cb0952d0f822,bc6c819b13b9329485b0aed71f62300c8f2d5f3a85279be95aa9cb0952d0f822,853b3dfa2f771d245843b0ce83a1d8a4f950a0777494e039305fa8637d450cdf,853b3dfa2f771d245843b0ce83a1d8a4f950a0777494e039305fa8637d450cdf,True,True,True,True,True
F3B2J0011419,11419,F3B2D003807,F3BBG_N030_A0_Q004_R035:NULL:PRIMARY,9,M0,bc6c819b13b9329485b0aed71f62300c8f2d5f3a85279be95aa9cb0952d0f822,bc6c819b13b9329485b0aed71f62300c8f2d5f3a85279be95aa9cb0952d0f822,799f12502969dca9322f106c9a53b54577de707f09be3cc92b73e898b7fd383b,799f12502969dca9322f106c9a53b54577de707f09be3cc92b73e898b7fd383b,True,True,True,True,True
F3B2J0011420,11420,F3B2D003807,F3BBG_N030_A0_Q004_R035:NULL:PRIMARY,9,M1,bc6c819b13b9329485b0aed71f62300c8f2d5f3a85279be95aa9cb0952d0f822,bc6c819b13b9329485b0aed71f62300c8f2d5f3a85279be95aa9cb0952d0f822,49f87f62c4456134f48adba32ecb6cbcb031575e3dc30499c9fbb01ec7ba0523,49f87f62c4456134f48adba32ecb6cbcb031575e3dc30499c9fbb01ec7ba0523,True,True,True,True,True
F3B2J0011421,11421,F3B2D003807,F3BBG_N030_A0_Q004_R035:NULL:PRIMARY,9,M2,bc6c819b13b9329485b0aed71f62300c8f2d5f3a85279be95aa9cb0952d0f822,bc6c819b13b9329485b0aed71f62300c8f2d5f3a85279be95aa9cb0952d0f822,56be4e3471fba8d0223561799529d2621699ba23d125c75dc73014342b838e87,56be4e3471fba8d0223561799529d2621699ba23d125c75dc73014342b838e87,True,True,True,True,True
F3B2J0011422,11422,F3B2D003808,F3BBG_N030_A0_Q004_R035:POS:PRIMARY,1,M0,aed9128932457d869d2b62ae9c86e85c77e24e7808ea6937845563a5c23bb2bf,aed9128932457d869d2b62ae9c86e85c77e24e7808ea6937845563a5c23bb2bf,e12ab6b197206d5172665309c5f759ad37216ebc5b05e2a37c9f48505338f095,e12ab6b197206d5172665309c5f759ad37216ebc5b05e2a37c9f48505338f095,True,True,True,True,True
F3B2J0011423,11423,F3B2D003808,F3BBG_N030_A0_Q004_R035:POS:PRIMARY,1,M1,aed9128932457d869d2b62ae9c86e85c77e24e7808ea6937845563a5c23bb2bf,aed9128932457d869d2b62ae9c86e85c77e24e7808ea6937845563a5c23bb2bf,9592fb55f4d44beef6b17cd774826e7d52c84dbcfe8ae82ced23412e31608f1a,9592fb55f4d44beef6b17cd774826e7d52c84dbcfe8ae82ced23412e31608f1a,True,True,True,True,True
F3B2J0011424,11424,F3B2D003808,F3BBG_N030_A0_Q004_R035:POS:PRIMARY,1,M2,aed9128932457d869d2b62ae9c86e85c77e24e7808ea6937845563a5c23bb2bf,aed9128932457d869d2b62ae9c86e85c77e24e7808ea6937845563a5c23bb2bf,82fdaac5f3d2e44417a8748006f441fcfdcf55c55f2848fee902d958b257fd30,82fdaac5f3d2e44417a8748006f441fcfdcf55c55f2848fee902d958b257fd30,True,True,True,True,True
F3B2J0011446,11446,F3B2D003816,F3BBG_N030_A0_Q004_R035:POS:PRIMARY,9,M0,aed9128932457d869d2b62ae9c86e85c77e24e7808ea6937845563a5c23bb2bf,aed9128932457d869d2b62ae9c86e85c77e24e7808ea6937845563a5c23bb2bf,f610d5dffab215fb9a5850d1817469ed14e1325b16248dc6252300a78e56891c,f610d5dffab215fb9a5850d1817469ed14e1325b16248dc6252300a78e56891c,True,True,True,True,True
F3B2J0011447,11447,F3B2D003816,F3BBG_N030_A0_Q004_R035:POS:PRIMARY,9,M1,aed9128932457d869d2b62ae9c86e85c77e24e7808ea6937845563a5c23bb2bf,aed9128932457d869d2b62ae9c86e85c77e24e7808ea6937845563a5c23bb2bf,711193596d6d54127f5f7f8f0c12aeec67326a4088221123c6bbe6a5e460e503,711193596d6d54127f5f7f8f0c12aeec67326a4088221123c6bbe6a5e460e503,True,True,True,True,True
F3B2J0011448,11448,F3B2D003816,F3BBG_N030_A0_Q004_R035:POS:PRIMARY,9,M2,aed9128932457d869d2b62ae9c86e85c77e24e7808ea6937845563a5c23bb2bf,aed9128932457d869d2b62ae9c86e85c77e24e7808ea6937845563a5c23bb2bf,2d5665c201c85cb8991cf076bd0b1ec4cdcaa47db84edef930a6cc7dc5605f1f,2d5665c201c85cb8991cf076bd0b1ec4cdcaa47db84edef930a6cc7dc5605f1f,True,True,True,True,True
F3B2J0011449,11449,F3B2D003817,F3BBG_N030_A1_Q001_R095:NULL:PRIMARY,1,M0,e5d1824adf5338cdbdec4f3b055ba40755b23ae286032423ea41974ccddc34ed,e5d1824adf5338cdbdec4f3b055ba40755b23ae286032423ea41974ccddc34ed,cdce30e2a96d8a04adc7c19f24941b08189b44fc65ac451036bbcea165ffdb39,cdce30e2a96d8a04adc7c19f24941b08189b44fc65ac451036bbcea165ffdb39,True,True,True,True,True
F3B2J0011450,11450,F3B2D003817,F3BBG_N030_A1_Q001_R095:NULL:PRIMARY,1,M1,e5d1824adf5338cdbdec4f3b055ba40755b23ae286032423ea41974ccddc34ed,e5d1824adf5338cdbdec4f3b055ba40755b23ae286032423ea41974ccddc34ed,cd42ef3a88eac48b55d5aae81fdfa8f1448155f1e6b8970dd5b733d7378a2067,cd42ef3a88eac48b55d5aae81fdfa8f1448155f1e6b8970dd5b733d7378a2067,True,True,True,True,True
F3B2J0011451,11451,F3B2D003817,F3BBG_N030_A1_Q001_R095:NULL:PRIMARY,1,M2,e5d1824adf5338cdbdec4f3b055ba40755b23ae286032423ea41974ccddc34ed,e5d1824adf5338cdbdec4f3b055ba40755b23ae286032423ea41974ccddc34ed,96af8496b68d717d373208a24fac96c7f24712b237e6c54fdbf8e361b5fdca0a,96af8496b68d717d373208a24fac96c7f24712b237e6c54fdbf8e361b5fdca0a,True,True,True,True,True
F3B2J0011473,11473,F3B2D003825,F3BBG_N030_A1_Q001_R095:NULL:PRIMARY,9,M0,e5d1824adf5338cdbdec4f3b055ba40755b23ae286032423ea41974ccddc34ed,e5d1824adf5338cdbdec4f3b055ba40755b23ae286032423ea41974ccddc34ed,8f1d08b6634583c89b3e25088034b70f68154af45c2b6136402a17b5d40b7467,8f1d08b6634583c89b3e25088034b70f68154af45c2b6136402a17b5d40b7467,True,True,True,True,True
F3B2J0011474,11474,F3B2D003825,F3BBG_N030_A1_Q001_R095:NULL:PRIMARY,9,M1,e5d1824adf5338cdbdec4f3b055ba40755b23ae286032423ea41974ccddc34ed,e5d1824adf5338cdbdec4f3b055ba40755b23ae286032423ea41974ccddc34ed,bfdda9e84b36df5cbe527571d2a1bdfa68fc66050b186dbd4cdd33805d02d0f6,bfdda9e84b36df5cbe527571d2a1bdfa68fc66050b186dbd4cdd33805d02d0f6,True,True,True,True,True
F3B2J0011475,11475,F3B2D003825,F3BBG_N030_A1_Q001_R095:NULL:PRIMARY,9,M2,e5d1824adf5338cdbdec4f3b055ba40755b23ae286032423ea41974ccddc34ed,e5d1824adf5338cdbdec4f3b055ba40755b23ae286032423ea41974ccddc34ed,cf4d9c7a7b57b1cb49b8fdd7befdebdd404c1419edbfd33b3bd1228912bda9a3,cf4d9c7a7b57b1cb49b8fdd7befdebdd404c1419edbfd33b3bd1228912bda9a3,True,True,True,True,True
F3B2J0011476,11476,F3B2D003826,F3BBG_N030_A1_Q001_R095:POS:PRIMARY,1,M0,3c9944ad1c33f623c61d31bda8568128e028de73ae35500b943295aee04e8d95,3c9944ad1c33f623c61d31bda8568128e028de73ae35500b943295aee04e8d95,e2446a447c80a825221e706212474131d6cda9ca73abccc2b4d934afac9fc3a4,e2446a447c80a825221e706212474131d6cda9ca73abccc2b4d934afac9fc3a4,True,True,True,True,True
F3B2J0011477,11477,F3B2D003826,F3BBG_N030_A1_Q001_R095:POS:PRIMARY,1,M1,3c9944ad1c33f623c61d31bda8568128e028de73ae35500b943295aee04e8d95,3c9944ad1c33f623c61d31bda8568128e028de73ae35500b943295aee04e8d95,53f34fdbb152afda584b412071be03d87e0a352102d0607284b6bce96fa77e1a,53f34fdbb152afda584b412071be03d87e0a352102d0607284b6bce96fa77e1a,True,True,True,True,True
F3B2J0011478,11478,F3B2D003826,F3BBG_N030_A1_Q001_R095:POS:PRIMARY,1,M2,3c9944ad1c33f623c61d31bda8568128e028de73ae35500b943295aee04e8d95,3c9944ad1c33f623c61d31bda8568128e028de73ae35500b943295aee04e8d95,00c3d9991d5c92d24c7c7daa70aabfdf491370a91d1594c91a9329fe7333951a,00c3d9991d5c92d24c7c7daa70aabfdf491370a91d1594c91a9329fe7333951a,True,True,True,True,True
F3B2J0011500,11500,F3B2D003834,F3BBG_N030_A1_Q001_R095:POS:PRIMARY,9,M0,3c9944ad1c33f623c61d31bda8568128e028de73ae35500b943295aee04e8d95,3c9944ad1c33f623c61d31bda8568128e028de73ae35500b943295aee04e8d95,7bed52a3dd53275fb4da49fe509427378be2eb7c69b4bf583b3dc844cf59456f,7bed52a3dd53275fb4da49fe509427378be2eb7c69b4bf583b3dc844cf59456f,True,True,True,True,True
F3B2J0011501,11501,F3B2D003834,F3BBG_N030_A1_Q001_R095:POS:PRIMARY,9,M1,3c9944ad1c33f623c61d31bda8568128e028de73ae35500b943295aee04e8d95,3c9944ad1c33f623c61d31bda8568128e028de73ae35500b943295aee04e8d95,705e70715b6c5adbc9824f41b26fb29d8e4018c05b56edf0fddc6d368f3ca16d,705e70715b6c5adbc9824f41b26fb29d8e4018c05b56edf0fddc6d368f3ca16d,True,True,True,True,True
F3B2J0011502,11502,F3B2D003834,F3BBG_N030_A1_Q001_R095:POS:PRIMARY,9,M2,3c9944ad1c33f623c61d31bda8568128e028de73ae35500b943295aee04e8d95,3c9944ad1c33f623c61d31bda8568128e028de73ae35500b943295aee04e8d95,7f3278eba4ea0f5ad1b129ef30a423c1a5c7b233fadda37710e27738082534a1,7f3278eba4ea0f5ad1b129ef30a423c1a5c7b233fadda37710e27738082534a1,True,True,True,True,True
F3B2J0011503,11503,F3B2D003835,F3BBG_N030_A1_Q002_R027:NULL:PRIMARY,1,M0,bd028e51657f64f915c758005a7548f94ef7e3960e996ffc84f33914086a3a2d,bd028e51657f64f915c758005a7548f94ef7e3960e996ffc84f33914086a3a2d,ae6b7bf8c5f8f56b40e245424eaa570fe1a51d7877230b91248f3a5f4ee9d5fc,ae6b7bf8c5f8f56b40e245424eaa570fe1a51d7877230b91248f3a5f4ee9d5fc,True,True,True,True,True
F3B2J0011504,11504,F3B2D003835,F3BBG_N030_A1_Q002_R027:NULL:PRIMARY,1,M1,bd028e51657f64f915c758005a7548f94ef7e3960e996ffc84f33914086a3a2d,bd028e51657f64f915c758005a7548f94ef7e3960e996ffc84f33914086a3a2d,71027d00580d10581ebcfe6a84919b2f1bbe58a5f6bb2747cbb800ee308c43b8,71027d00580d10581ebcfe6a84919b2f1bbe58a5f6bb2747cbb800ee308c43b8,True,True,True,True,True
F3B2J0011505,11505,F3B2D003835,F3BBG_N030_A1_Q002_R027:NULL:PRIMARY,1,M2,bd028e51657f64f915c758005a7548f94ef7e3960e996ffc84f33914086a3a2d,bd028e51657f64f915c758005a7548f94ef7e3960e996ffc84f33914086a3a2d,04ee0a82bc5ec223e3f6588ef5130b7bc0a16a4f90b5df498c837736ef8b8174,04ee0a82bc5ec223e3f6588ef5130b7bc0a16a4f90b5df498c837736ef8b8174,True,True,True,True,True
F3B2J0011527,11527,F3B2D003843,F3BBG_N030_A1_Q002_R027:NULL:PRIMARY,9,M0,bd028e51657f64f915c758005a7548f94ef7e3960e996ffc84f33914086a3a2d,bd028e51657f64f915c758005a7548f94ef7e3960e996ffc84f33914086a3a2d,a2fdae3235445768d7114985854ab1d970f68a8ef6c48e49bd4d33017f4e086b,a2fdae3235445768d7114985854ab1d970f68a8ef6c48e49bd4d33017f4e086b,True,True,True,True,True
F3B2J0011528,11528,F3B2D003843,F3BBG_N030_A1_Q002_R027:NULL:PRIMARY,9,M1,bd028e51657f64f915c758005a7548f94ef7e3960e996ffc84f33914086a3a2d,bd028e51657f64f915c758005a7548f94ef7e3960e996ffc84f33914086a3a2d,8e610b6226b59334029af0767665bff12b64814e05150aca970b19ddddf545b6,8e610b6226b59334029af0767665bff12b64814e05150aca970b19ddddf545b6,True,True,True,True,True
F3B2J0011529,11529,F3B2D003843,F3BBG_N030_A1_Q002_R027:NULL:PRIMARY,9,M2,bd028e51657f64f915c758005a7548f94ef7e3960e996ffc84f33914086a3a2d,bd028e51657f64f915c758005a7548f94ef7e3960e996ffc84f33914086a3a2d,69064c42557de655c1c87db8ebd29e20c986d0f1a8b8c8b74376e60e774238c5,69064c42557de655c1c87db8ebd29e20c986d0f1a8b8c8b74376e60e774238c5,True,True,True,True,True
F3B2J0011530,11530,F3B2D003844,F3BBG_N030_A1_Q002_R027:POS:PRIMARY,1,M0,d65f697c16cd7924892afe78f07aa17d1f11e866b7dc08944ef7033cf7441bda,d65f697c16cd7924892afe78f07aa17d1f11e866b7dc08944ef7033cf7441bda,5072c8a9d30458ab2951c491edbce5589a997a0860b0cb7d684709411cef343b,5072c8a9d30458ab2951c491edbce5589a997a0860b0cb7d684709411cef343b,True,True,True,True,True
F3B2J0011531,11531,F3B2D003844,F3BBG_N030_A1_Q002_R027:POS:PRIMARY,1,M1,d65f697c16cd7924892afe78f07aa17d1f11e866b7dc08944ef7033cf7441bda,d65f697c16cd7924892afe78f07aa17d1f11e866b7dc08944ef7033cf7441bda,0022048c04288a6fe72430058082a104945b41cf291af16612d4f92e1bb3a176,0022048c04288a6fe72430058082a104945b41cf291af16612d4f92e1bb3a176,True,True,True,True,True
F3B2J0011532,11532,F3B2D003844,F3BBG_N030_A1_Q002_R027:POS:PRIMARY,1,M2,d65f697c16cd7924892afe78f07aa17d1f11e866b7dc08944ef7033cf7441bda,d65f697c16cd7924892afe78f07aa17d1f11e866b7dc08944ef7033cf7441bda,2b7dc9b67349bce47317312bd047a62a0ee5873ed99ffd743b90cfb9d063a578,2b7dc9b67349bce47317312bd047a62a0ee5873ed99ffd743b90cfb9d063a578,True,True,True,True,True
F3B2J0011554,11554,F3B2D003852,F3BBG_N030_A1_Q002_R027:POS:PRIMARY,9,M0,d65f697c16cd7924892afe78f07aa17d1f11e866b7dc08944ef7033cf7441bda,d65f697c16cd7924892afe78f07aa17d1f11e866b7dc08944ef7033cf7441bda,348e0334f12278dc8c8438316f6e1fc66ed996baa2141d1a806c6d00e6935c12,348e0334f12278dc8c8438316f6e1fc66ed996baa2141d1a806c6d00e6935c12,True,True,True,True,True
F3B2J0011555,11555,F3B2D003852,F3BBG_N030_A1_Q002_R027:POS:PRIMARY,9,M1,d65f697c16cd7924892afe78f07aa17d1f11e866b7dc08944ef7033cf7441bda,d65f697c16cd7924892afe78f07aa17d1f11e866b7dc08944ef7033cf7441bda,eacecb788476770d87788883e459633908279e2353d64523f3c362d24aa61a9d,eacecb788476770d87788883e459633908279e2353d64523f3c362d24aa61a9d,True,True,True,True,True
F3B2J0011556,11556,F3B2D003852,F3BBG_N030_A1_Q002_R027:POS:PRIMARY,9,M2,d65f697c16cd7924892afe78f07aa17d1f11e866b7dc08944ef7033cf7441bda,d65f697c16cd7924892afe78f07aa17d1f11e866b7dc08944ef7033cf7441bda,54ddcfceea8cad7f79b6598d7cd2464352a30bd00b92f9257986611978dfc50c,54ddcfceea8cad7f79b6598d7cd2464352a30bd00b92f9257986611978dfc50c,True,True,True,True,True
F3B2J0011557,11557,F3B2D003853,F3BBG_N030_A1_Q004_R058:NULL:PRIMARY,1,M0,7a4c1f92ed172dac6ed7aba32c8ff9854ce0aab5ee544a8a9d7e4256a6d18f42,7a4c1f92ed172dac6ed7aba32c8ff9854ce0aab5ee544a8a9d7e4256a6d18f42,15cd0c0e6628898a4d08dfb895729c3e6494d234d5fe1d0fbee3db62c1f3b6c8,15cd0c0e6628898a4d08dfb895729c3e6494d234d5fe1d0fbee3db62c1f3b6c8,True,True,True,True,True
F3B2J0011558,11558,F3B2D003853,F3BBG_N030_A1_Q004_R058:NULL:PRIMARY,1,M1,7a4c1f92ed172dac6ed7aba32c8ff9854ce0aab5ee544a8a9d7e4256a6d18f42,7a4c1f92ed172dac6ed7aba32c8ff9854ce0aab5ee544a8a9d7e4256a6d18f42,4a9d594224093f79792d061a1744c2d91f482e8fe3bd0bb1508506efc7574a7b,4a9d594224093f79792d061a1744c2d91f482e8fe3bd0bb1508506efc7574a7b,True,True,True,True,True
F3B2J0011559,11559,F3B2D003853,F3BBG_N030_A1_Q004_R058:NULL:PRIMARY,1,M2,7a4c1f92ed172dac6ed7aba32c8ff9854ce0aab5ee544a8a9d7e4256a6d18f42,7a4c1f92ed172dac6ed7aba32c8ff9854ce0aab5ee544a8a9d7e4256a6d18f42,c5932a7ecb8ec28e387c5a7161174bea0a3b200d1436ec8d48bd1697a6f105e9,c5932a7ecb8ec28e387c5a7161174bea0a3b200d1436ec8d48bd1697a6f105e9,True,True,True,True,True
F3B2J0011581,11581,F3B2D003861,F3BBG_N030_A1_Q004_R058:NULL:PRIMARY,9,M0,7a4c1f92ed172dac6ed7aba32c8ff9854ce0aab5ee544a8a9d7e4256a6d18f42,7a4c1f92ed172dac6ed7aba32c8ff9854ce0aab5ee544a8a9d7e4256a6d18f42,ad33813ba89e19586c11a4989e606db32342c5f9fa5bd1ed3572b64028c9b110,ad33813ba89e19586c11a4989e606db32342c5f9fa5bd1ed3572b64028c9b110,True,True,True,True,True
F3B2J0011582,11582,F3B2D003861,F3BBG_N030_A1_Q004_R058:NULL:PRIMARY,9,M1,7a4c1f92ed172dac6ed7aba32c8ff9854ce0aab5ee544a8a9d7e4256a6d18f42,7a4c1f92ed172dac6ed7aba32c8ff9854ce0aab5ee544a8a9d7e4256a6d18f42,a10d0f650a313633346b9fc66550cd1728c93a7b80377e46b6d71fc89f4921aa,a10d0f650a313633346b9fc66550cd1728c93a7b80377e46b6d71fc89f4921aa,True,True,True,True,True
F3B2J0011583,11583,F3B2D003861,F3BBG_N030_A1_Q004_R058:NULL:PRIMARY,9,M2,7a4c1f92ed172dac6ed7aba32c8ff9854ce0aab5ee544a8a9d7e4256a6d18f42,7a4c1f92ed172dac6ed7aba32c8ff9854ce0aab5ee544a8a9d7e4256a6d18f42,0462f4d28280a99234471a60427644d0596f94143640d3d5266b257d25906e2d,0462f4d28280a99234471a60427644d0596f94143640d3d5266b257d25906e2d,True,True,True,True,True
F3B2J0011584,11584,F3B2D003862,F3BBG_N030_A1_Q004_R058:POS:PRIMARY,1,M0,dbafca78eeb7652f9fb75d4b6b7823997fd76bbd39fb85779ddc9de63e552022,dbafca78eeb7652f9fb75d4b6b7823997fd76bbd39fb85779ddc9de63e552022,1912fe174218a428ca89652f1987e5cfe979b8d55a54aa886649dd8495c18e92,1912fe174218a428ca89652f1987e5cfe979b8d55a54aa886649dd8495c18e92,True,True,True,True,True
F3B2J0011585,11585,F3B2D003862,F3BBG_N030_A1_Q004_R058:POS:PRIMARY,1,M1,dbafca78eeb7652f9fb75d4b6b7823997fd76bbd39fb85779ddc9de63e552022,dbafca78eeb7652f9fb75d4b6b7823997fd76bbd39fb85779ddc9de63e552022,ed4cd9ac552f3bae2f58108cb5b7d4acbc6fc8091e12e65511ceac5e82340dd7,ed4cd9ac552f3bae2f58108cb5b7d4acbc6fc8091e12e65511ceac5e82340dd7,True,True,True,True,True
F3B2J0011586,11586,F3B2D003862,F3BBG_N030_A1_Q004_R058:POS:PRIMARY,1,M2,dbafca78eeb7652f9fb75d4b6b7823997fd76bbd39fb85779ddc9de63e552022,dbafca78eeb7652f9fb75d4b6b7823997fd76bbd39fb85779ddc9de63e552022,c34191d1586f5636768e814d8b8028e6f09739777a7d883406f79eacefc2cb13,c34191d1586f5636768e814d8b8028e6f09739777a7d883406f79eacefc2cb13,True,True,True,True,True
F3B2J0011608,11608,F3B2D003870,F3BBG_N030_A1_Q004_R058:POS:PRIMARY,9,M0,dbafca78eeb7652f9fb75d4b6b7823997fd76bbd39fb85779ddc9de63e552022,dbafca78eeb7652f9fb75d4b6b7823997fd76bbd39fb85779ddc9de63e552022,13d3622767257173005dd089dfdab03cc5dc8f135ba89cac0df77b38d71c51ea,13d3622767257173005dd089dfdab03cc5dc8f135ba89cac0df77b38d71c51ea,True,True,True,True,True
F3B2J0011609,11609,F3B2D003870,F3BBG_N030_A1_Q004_R058:POS:PRIMARY,9,M1,dbafca78eeb7652f9fb75d4b6b7823997fd76bbd39fb85779ddc9de63e552022,dbafca78eeb7652f9fb75d4b6b7823997fd76bbd39fb85779ddc9de63e552022,1e690370811599ee857d03455772d20ef82cee8bf16964df0036f34f060d7844,1e690370811599ee857d03455772d20ef82cee8bf16964df0036f34f060d7844,True,True,True,True,True
F3B2J0011610,11610,F3B2D003870,F3BBG_N030_A1_Q004_R058:POS:PRIMARY,9,M2,dbafca78eeb7652f9fb75d4b6b7823997fd76bbd39fb85779ddc9de63e552022,dbafca78eeb7652f9fb75d4b6b7823997fd76bbd39fb85779ddc9de63e552022,ac41b7156e9468c8989ba1e80266497a737343122b5a2c7b5203b14346773445,ac41b7156e9468c8989ba1e80266497a737343122b5a2c7b5203b14346773445,True,True,True,True,True
F3B2J0011611,11611,F3B2D003871,F3BBG_N030_A2_Q001_R040:NULL:PRIMARY,1,M0,d48374fc757b3a4a5e163d3a312b0bfd91fa33bfb89596c71f67856d13e44cbc,d48374fc757b3a4a5e163d3a312b0bfd91fa33bfb89596c71f67856d13e44cbc,8ee53c52f5a5636de0348c6e7c893ee184134fe44b11a8e0cc8d5dca876f5277,8ee53c52f5a5636de0348c6e7c893ee184134fe44b11a8e0cc8d5dca876f5277,True,True,True,True,True
F3B2J0011612,11612,F3B2D003871,F3BBG_N030_A2_Q001_R040:NULL:PRIMARY,1,M1,d48374fc757b3a4a5e163d3a312b0bfd91fa33bfb89596c71f67856d13e44cbc,d48374fc757b3a4a5e163d3a312b0bfd91fa33bfb89596c71f67856d13e44cbc,71597aea3b0c2480d6c3cd5913c528b7ebcee83e42953ce5018cf6a7972afdb4,71597aea3b0c2480d6c3cd5913c528b7ebcee83e42953ce5018cf6a7972afdb4,True,True,True,True,True
F3B2J0011613,11613,F3B2D003871,F3BBG_N030_A2_Q001_R040:NULL:PRIMARY,1,M2,d48374fc757b3a4a5e163d3a312b0bfd91fa33bfb89596c71f67856d13e44cbc,d48374fc757b3a4a5e163d3a312b0bfd91fa33bfb89596c71f67856d13e44cbc,6f3672ccfd0adc0c5554279b29a3247dc352e86a844b02977df4a57288548ff8,6f3672ccfd0adc0c5554279b29a3247dc352e86a844b02977df4a57288548ff8,True,True,True,True,True
F3B2J0011635,11635,F3B2D003879,F3BBG_N030_A2_Q001_R040:NULL:PRIMARY,9,M0,d48374fc757b3a4a5e163d3a312b0bfd91fa33bfb89596c71f67856d13e44cbc,d48374fc757b3a4a5e163d3a312b0bfd91fa33bfb89596c71f67856d13e44cbc,766aa0ccf1427298d9d7467c5c292516c0341f946f2e2b0e807d2f62825c1475,766aa0ccf1427298d9d7467c5c292516c0341f946f2e2b0e807d2f62825c1475,True,True,True,True,True
F3B2J0011636,11636,F3B2D003879,F3BBG_N030_A2_Q001_R040:NULL:PRIMARY,9,M1,d48374fc757b3a4a5e163d3a312b0bfd91fa33bfb89596c71f67856d13e44cbc,d48374fc757b3a4a5e163d3a312b0bfd91fa33bfb89596c71f67856d13e44cbc,bedce512a6dd89511732e915258cd48e5eff89d19560f76108035d8d25bad4be,bedce512a6dd89511732e915258cd48e5eff89d19560f76108035d8d25bad4be,True,True,True,True,True
F3B2J0011637,11637,F3B2D003879,F3BBG_N030_A2_Q001_R040:NULL:PRIMARY,9,M2,d48374fc757b3a4a5e163d3a312b0bfd91fa33bfb89596c71f67856d13e44cbc,d48374fc757b3a4a5e163d3a312b0bfd91fa33bfb89596c71f67856d13e44cbc,a7437d9ad67e9e1b8f2de9e18042ca506d252513408169678ef08f158fb27852,a7437d9ad67e9e1b8f2de9e18042ca506d252513408169678ef08f158fb27852,True,True,True,True,True
F3B2J0011638,11638,F3B2D003880,F3BBG_N030_A2_Q001_R040:POS:PRIMARY,1,M0,14dafaa5d07b804de05ff3b216cc0059b1ff7847c30046800673f3e311f272ba,14dafaa5d07b804de05ff3b216cc0059b1ff7847c30046800673f3e311f272ba,6515464f08709923f489fa48255be30d52e1c93647e1e3ddb2917bcf36056b1a,6515464f08709923f489fa48255be30d52e1c93647e1e3ddb2917bcf36056b1a,True,True,True,True,True
F3B2J0011639,11639,F3B2D003880,F3BBG_N030_A2_Q001_R040:POS:PRIMARY,1,M1,14dafaa5d07b804de05ff3b216cc0059b1ff7847c30046800673f3e311f272ba,14dafaa5d07b804de05ff3b216cc0059b1ff7847c30046800673f3e311f272ba,101be06f3a1a8cb2c973922d5e73d7a700759344534f612ca15a7961529bb322,101be06f3a1a8cb2c973922d5e73d7a700759344534f612ca15a7961529bb322,True,True,True,True,True
F3B2J0011640,11640,F3B2D003880,F3BBG_N030_A2_Q001_R040:POS:PRIMARY,1,M2,14dafaa5d07b804de05ff3b216cc0059b1ff7847c30046800673f3e311f272ba,14dafaa5d07b804de05ff3b216cc0059b1ff7847c30046800673f3e311f272ba,99253dd59cd5f7bb165c036a95e1a88dd57e3b1d3c37cd1167789604acb2ef41,99253dd59cd5f7bb165c036a95e1a88dd57e3b1d3c37cd1167789604acb2ef41,True,True,True,True,True
F3B2J0011662,11662,F3B2D003888,F3BBG_N030_A2_Q001_R040:POS:PRIMARY,9,M0,14dafaa5d07b804de05ff3b216cc0059b1ff7847c30046800673f3e311f272ba,14dafaa5d07b804de05ff3b216cc0059b1ff7847c30046800673f3e311f272ba,6b70c0a0c41e1006b68b9e9709a63bdff9bea7216c23fb593abf259c0f208788,6b70c0a0c41e1006b68b9e9709a63bdff9bea7216c23fb593abf259c0f208788,True,True,True,True,True
F3B2J0011663,11663,F3B2D003888,F3BBG_N030_A2_Q001_R040:POS:PRIMARY,9,M1,14dafaa5d07b804de05ff3b216cc0059b1ff7847c30046800673f3e311f272ba,14dafaa5d07b804de05ff3b216cc0059b1ff7847c30046800673f3e311f272ba,7b49e69dc363f89e0617e56713a081a7f1ba5965731282886afe30dea72dbb47,7b49e69dc363f89e0617e56713a081a7f1ba5965731282886afe30dea72dbb47,True,True,True,True,True
F3B2J0011664,11664,F3B2D003888,F3BBG_N030_A2_Q001_R040:POS:PRIMARY,9,M2,14dafaa5d07b804de05ff3b216cc0059b1ff7847c30046800673f3e311f272ba,14dafaa5d07b804de05ff3b216cc0059b1ff7847c30046800673f3e311f272ba,2ac15e18c0b785dfe971807ef04ca86204ac65ae921483ba821509dd88c5ad65,2ac15e18c0b785dfe971807ef04ca86204ac65ae921483ba821509dd88c5ad65,True,True,True,True,True
F3B2J0011665,11665,F3B2D003889,F3BBG_N030_A2_Q002_R014:NULL:PRIMARY,1,M0,1c28d0ca19176052633c99a098e5e0fbf4db00a30f059f5918c4b394ab852568,1c28d0ca19176052633c99a098e5e0fbf4db00a30f059f5918c4b394ab852568,59fd09c1ae612687b205d580d4af5c73b3bb1d4b523ffd0d9d69b36a5415d792,59fd09c1ae612687b205d580d4af5c73b3bb1d4b523ffd0d9d69b36a5415d792,True,True,True,True,True
F3B2J0011666,11666,F3B2D003889,F3BBG_N030_A2_Q002_R014:NULL:PRIMARY,1,M1,1c28d0ca19176052633c99a098e5e0fbf4db00a30f059f5918c4b394ab852568,1c28d0ca19176052633c99a098e5e0fbf4db00a30f059f5918c4b394ab852568,bfa0a6df15f7c681b426587b2ba713c7028385d995fdb16962f9c81dd09ac59f,bfa0a6df15f7c681b426587b2ba713c7028385d995fdb16962f9c81dd09ac59f,True,True,True,True,True
F3B2J0011667,11667,F3B2D003889,F3BBG_N030_A2_Q002_R014:NULL:PRIMARY,1,M2,1c28d0ca19176052633c99a098e5e0fbf4db00a30f059f5918c4b394ab852568,1c28d0ca19176052633c99a098e5e0fbf4db00a30f059f5918c4b394ab852568,4593809837654c301495590092c435b2ecd6808df6c2342304c2961a9cf615fc,4593809837654c301495590092c435b2ecd6808df6c2342304c2961a9cf615fc,True,True,True,True,True
F3B2J0011689,11689,F3B2D003897,F3BBG_N030_A2_Q002_R014:NULL:PRIMARY,9,M0,1c28d0ca19176052633c99a098e5e0fbf4db00a30f059f5918c4b394ab852568,1c28d0ca19176052633c99a098e5e0fbf4db00a30f059f5918c4b394ab852568,145a2bbb799f25ac71ed7ad8b798a01d938d853d0d2768308c443b87cc026491,145a2bbb799f25ac71ed7ad8b798a01d938d853d0d2768308c443b87cc026491,True,True,True,True,True
F3B2J0011690,11690,F3B2D003897,F3BBG_N030_A2_Q002_R014:NULL:PRIMARY,9,M1,1c28d0ca19176052633c99a098e5e0fbf4db00a30f059f5918c4b394ab852568,1c28d0ca19176052633c99a098e5e0fbf4db00a30f059f5918c4b394ab852568,db4f08ef082c43054e301ef68cc334db7f5a34ea66b07e80fd6a65db47489f65,db4f08ef082c43054e301ef68cc334db7f5a34ea66b07e80fd6a65db47489f65,True,True,True,True,True
F3B2J0011691,11691,F3B2D003897,F3BBG_N030_A2_Q002_R014:NULL:PRIMARY,9,M2,1c28d0ca19176052633c99a098e5e0fbf4db00a30f059f5918c4b394ab852568,1c28d0ca19176052633c99a098e5e0fbf4db00a30f059f5918c4b394ab852568,7a2da42b4f11a02b6664da2c62e75039ba80d030f9aee3d8aa8b37cd047bbb9a,7a2da42b4f11a02b6664da2c62e75039ba80d030f9aee3d8aa8b37cd047bbb9a,True,True,True,True,True
F3B2J0011692,11692,F3B2D003898,F3BBG_N030_A2_Q002_R014:POS:PRIMARY,1,M0,9cb44788602cbe8cf94855a48f7c98263ca496fcd78a14291399dac6ba30a194,9cb44788602cbe8cf94855a48f7c98263ca496fcd78a14291399dac6ba30a194,04ecbba1d0d4e5dc09a3d139532580cbcf68dd6457dfba8ece0246644bd384bf,04ecbba1d0d4e5dc09a3d139532580cbcf68dd6457dfba8ece0246644bd384bf,True,True,True,True,True
F3B2J0011693,11693,F3B2D003898,F3BBG_N030_A2_Q002_R014:POS:PRIMARY,1,M1,9cb44788602cbe8cf94855a48f7c98263ca496fcd78a14291399dac6ba30a194,9cb44788602cbe8cf94855a48f7c98263ca496fcd78a14291399dac6ba30a194,ace4356b49566eb3743a51fc935989838955f98b1119ebd75a922b31f971dfd9,ace4356b49566eb3743a51fc935989838955f98b1119ebd75a922b31f971dfd9,True,True,True,True,True
F3B2J0011694,11694,F3B2D003898,F3BBG_N030_A2_Q002_R014:POS:PRIMARY,1,M2,9cb44788602cbe8cf94855a48f7c98263ca496fcd78a14291399dac6ba30a194,9cb44788602cbe8cf94855a48f7c98263ca496fcd78a14291399dac6ba30a194,8063728dfb846cd94631d21db40dc0ce8a34a2c69a0e5408819a92d98578aafb,8063728dfb846cd94631d21db40dc0ce8a34a2c69a0e5408819a92d98578aafb,True,True,True,True,True
F3B2J0011716,11716,F3B2D003906,F3BBG_N030_A2_Q002_R014:POS:PRIMARY,9,M0,9cb44788602cbe8cf94855a48f7c98263ca496fcd78a14291399dac6ba30a194,9cb44788602cbe8cf94855a48f7c98263ca496fcd78a14291399dac6ba30a194,3e642487376f3591e10457b845ff16aaed0cc992ee284f41b12f9ad0e29c7fef,3e642487376f3591e10457b845ff16aaed0cc992ee284f41b12f9ad0e29c7fef,True,True,True,True,True
F3B2J0011717,11717,F3B2D003906,F3BBG_N030_A2_Q002_R014:POS:PRIMARY,9,M1,9cb44788602cbe8cf94855a48f7c98263ca496fcd78a14291399dac6ba30a194,9cb44788602cbe8cf94855a48f7c98263ca496fcd78a14291399dac6ba30a194,38c99755cd38413d6d89906881045b5bd540a0ed3d463016fb5986d9fce246c7,38c99755cd38413d6d89906881045b5bd540a0ed3d463016fb5986d9fce246c7,True,True,True,True,True
F3B2J0011718,11718,F3B2D003906,F3BBG_N030_A2_Q002_R014:POS:PRIMARY,9,M2,9cb44788602cbe8cf94855a48f7c98263ca496fcd78a14291399dac6ba30a194,9cb44788602cbe8cf94855a48f7c98263ca496fcd78a14291399dac6ba30a194,068b9ea1386d5389ed7ca5b927ed9118ee79786bfc3baf8f943d015d394dca10,068b9ea1386d5389ed7ca5b927ed9118ee79786bfc3baf8f943d015d394dca10,True,True,True,True,True
F3B2J0011719,11719,F3B2D003907,F3BBG_N030_A2_Q004_R065:NULL:PRIMARY,1,M0,997fde4a1481940bce5f2fe65f33854d8647e8727bfb105b0a075df0f5659838,997fde4a1481940bce5f2fe65f33854d8647e8727bfb105b0a075df0f5659838,67216e2e2e8f1a7344e8bbde731cea79d5fd785429fe867d972a1a2da62fa2be,67216e2e2e8f1a7344e8bbde731cea79d5fd785429fe867d972a1a2da62fa2be,True,True,True,True,True
F3B2J0011720,11720,F3B2D003907,F3BBG_N030_A2_Q004_R065:NULL:PRIMARY,1,M1,997fde4a1481940bce5f2fe65f33854d8647e8727bfb105b0a075df0f5659838,997fde4a1481940bce5f2fe65f33854d8647e8727bfb105b0a075df0f5659838,3423b08cf5d0762ebc3b90de07a9fae66711f7be77f141073f935a53c54e58c8,3423b08cf5d0762ebc3b90de07a9fae66711f7be77f141073f935a53c54e58c8,True,True,True,True,True
F3B2J0011721,11721,F3B2D003907,F3BBG_N030_A2_Q004_R065:NULL:PRIMARY,1,M2,997fde4a1481940bce5f2fe65f33854d8647e8727bfb105b0a075df0f5659838,997fde4a1481940bce5f2fe65f33854d8647e8727bfb105b0a075df0f5659838,8c21ea8330a07c61877497bbc6888ffc502df0352a03a45fd7d4efe43126e758,8c21ea8330a07c61877497bbc6888ffc502df0352a03a45fd7d4efe43126e758,True,True,True,True,True
F3B2J0011743,11743,F3B2D003915,F3BBG_N030_A2_Q004_R065:NULL:PRIMARY,9,M0,997fde4a1481940bce5f2fe65f33854d8647e8727bfb105b0a075df0f5659838,997fde4a1481940bce5f2fe65f33854d8647e8727bfb105b0a075df0f5659838,a5e94a1ab42dacd4d2adc49b9e8eff0c84853286202f1a1be73a08596a275ca1,a5e94a1ab42dacd4d2adc49b9e8eff0c84853286202f1a1be73a08596a275ca1,True,True,True,True,True
F3B2J0011744,11744,F3B2D003915,F3BBG_N030_A2_Q004_R065:NULL:PRIMARY,9,M1,997fde4a1481940bce5f2fe65f33854d8647e8727bfb105b0a075df0f5659838,997fde4a1481940bce5f2fe65f33854d8647e8727bfb105b0a075df0f5659838,7ca9cca7767b62508dde6f9efcdcdafec7c8ef4cb4286d6c129cb712f17e00ff,7ca9cca7767b62508dde6f9efcdcdafec7c8ef4cb4286d6c129cb712f17e00ff,True,True,True,True,True
F3B2J0011745,11745,F3B2D003915,F3BBG_N030_A2_Q004_R065:NULL:PRIMARY,9,M2,997fde4a1481940bce5f2fe65f33854d8647e8727bfb105b0a075df0f5659838,997fde4a1481940bce5f2fe65f33854d8647e8727bfb105b0a075df0f5659838,0f77c460c8637d1b3bccc16e7e79750040127f811b1687fe35bfaad65aad21a4,0f77c460c8637d1b3bccc16e7e79750040127f811b1687fe35bfaad65aad21a4,True,True,True,True,True
F3B2J0011746,11746,F3B2D003916,F3BBG_N030_A2_Q004_R065:POS:PRIMARY,1,M0,dc8a2d1f0f1c45536f166f88ca856260ee44d08fae83b88322476ffe2b84379c,dc8a2d1f0f1c45536f166f88ca856260ee44d08fae83b88322476ffe2b84379c,702f551d864d877258a1a9e9cb3c967801c1c1a5f3e83d6c4ddf9b02dbfbc101,702f551d864d877258a1a9e9cb3c967801c1c1a5f3e83d6c4ddf9b02dbfbc101,True,True,True,True,True
F3B2J0011747,11747,F3B2D003916,F3BBG_N030_A2_Q004_R065:POS:PRIMARY,1,M1,dc8a2d1f0f1c45536f166f88ca856260ee44d08fae83b88322476ffe2b84379c,dc8a2d1f0f1c45536f166f88ca856260ee44d08fae83b88322476ffe2b84379c,894e81f30f8ac6613c7bd6531711187687f6b55d95e977cc2a58635528d21d30,894e81f30f8ac6613c7bd6531711187687f6b55d95e977cc2a58635528d21d30,True,True,True,True,True
F3B2J0011748,11748,F3B2D003916,F3BBG_N030_A2_Q004_R065:POS:PRIMARY,1,M2,dc8a2d1f0f1c45536f166f88ca856260ee44d08fae83b88322476ffe2b84379c,dc8a2d1f0f1c45536f166f88ca856260ee44d08fae83b88322476ffe2b84379c,6863500a054b5ad4b6643bffd60361f2e8c6d807f9d86e82db5ec5acb61f4f87,6863500a054b5ad4b6643bffd60361f2e8c6d807f9d86e82db5ec5acb61f4f87,True,True,True,True,True
F3B2J0011770,11770,F3B2D003924,F3BBG_N030_A2_Q004_R065:POS:PRIMARY,9,M0,dc8a2d1f0f1c45536f166f88ca856260ee44d08fae83b88322476ffe2b84379c,dc8a2d1f0f1c45536f166f88ca856260ee44d08fae83b88322476ffe2b84379c,298f5edaf65dce0c5f76a5ba1c7d0407b13c1facd9a81d157155f7d847d38036,298f5edaf65dce0c5f76a5ba1c7d0407b13c1facd9a81d157155f7d847d38036,True,True,True,True,True
F3B2J0011771,11771,F3B2D003924,F3BBG_N030_A2_Q004_R065:POS:PRIMARY,9,M1,dc8a2d1f0f1c45536f166f88ca856260ee44d08fae83b88322476ffe2b84379c,dc8a2d1f0f1c45536f166f88ca856260ee44d08fae83b88322476ffe2b84379c,eef52e9113604e098b230812b737bbe96c94f59ee4a4552f7fa16cedfd86aec2,eef52e9113604e098b230812b737bbe96c94f59ee4a4552f7fa16cedfd86aec2,True,True,True,True,True
F3B2J0011772,11772,F3B2D003924,F3BBG_N030_A2_Q004_R065:POS:PRIMARY,9,M2,dc8a2d1f0f1c45536f166f88ca856260ee44d08fae83b88322476ffe2b84379c,dc8a2d1f0f1c45536f166f88ca856260ee44d08fae83b88322476ffe2b84379c,ab55c89737101c6f18b56806838e84fa8b504e6bb7b67e01e21e76d049ceb0c4,ab55c89737101c6f18b56806838e84fa8b504e6bb7b67e01e21e76d049ceb0c4,True,True,True,True,True
F3B2J0011773,11773,F3B2D003925,F3BBG_N060_A0_Q001_R024:NULL:PRIMARY,1,M0,6c1be9952eb5bf9fabc9861da6d3e9368388c0eb303e67d967bda6a834456829,6c1be9952eb5bf9fabc9861da6d3e9368388c0eb303e67d967bda6a834456829,c0dd27552b484b7f2ba63fb68c730a95143695b336a2fac4a8eda4c9e8c46fbf,c0dd27552b484b7f2ba63fb68c730a95143695b336a2fac4a8eda4c9e8c46fbf,True,True,True,True,True
F3B2J0011774,11774,F3B2D003925,F3BBG_N060_A0_Q001_R024:NULL:PRIMARY,1,M1,6c1be9952eb5bf9fabc9861da6d3e9368388c0eb303e67d967bda6a834456829,6c1be9952eb5bf9fabc9861da6d3e9368388c0eb303e67d967bda6a834456829,a21e3f668cc39018512a91357e1d52172fb161a997d57c51cf567ec497013528,a21e3f668cc39018512a91357e1d52172fb161a997d57c51cf567ec497013528,True,True,True,True,True
F3B2J0011775,11775,F3B2D003925,F3BBG_N060_A0_Q001_R024:NULL:PRIMARY,1,M2,6c1be9952eb5bf9fabc9861da6d3e9368388c0eb303e67d967bda6a834456829,6c1be9952eb5bf9fabc9861da6d3e9368388c0eb303e67d967bda6a834456829,acc3aa3384282a75e4ab2759610d2a20735c65451746923622f7e5e400864e39,acc3aa3384282a75e4ab2759610d2a20735c65451746923622f7e5e400864e39,True,True,True,True,True
F3B2J0011797,11797,F3B2D003933,F3BBG_N060_A0_Q001_R024:NULL:PRIMARY,9,M0,6c1be9952eb5bf9fabc9861da6d3e9368388c0eb303e67d967bda6a834456829,6c1be9952eb5bf9fabc9861da6d3e9368388c0eb303e67d967bda6a834456829,d6af0a02fce74ec82e2eb1d55a3b226fb9b75c4eba633d29d751353b3d07ddde,d6af0a02fce74ec82e2eb1d55a3b226fb9b75c4eba633d29d751353b3d07ddde,True,True,True,True,True
F3B2J0011798,11798,F3B2D003933,F3BBG_N060_A0_Q001_R024:NULL:PRIMARY,9,M1,6c1be9952eb5bf9fabc9861da6d3e9368388c0eb303e67d967bda6a834456829,6c1be9952eb5bf9fabc9861da6d3e9368388c0eb303e67d967bda6a834456829,b7973d4945584fe9ea6df058090cd933baa3aa88311a63926b545c7e3a143ae5,b7973d4945584fe9ea6df058090cd933baa3aa88311a63926b545c7e3a143ae5,True,True,True,True,True
F3B2J0011799,11799,F3B2D003933,F3BBG_N060_A0_Q001_R024:NULL:PRIMARY,9,M2,6c1be9952eb5bf9fabc9861da6d3e9368388c0eb303e67d967bda6a834456829,6c1be9952eb5bf9fabc9861da6d3e9368388c0eb303e67d967bda6a834456829,c8368a61230572995ddca3f182670ebfe19c9a90e73b8ce3987fea1d05f90aba,c8368a61230572995ddca3f182670ebfe19c9a90e73b8ce3987fea1d05f90aba,True,True,True,True,True
F3B2J0011800,11800,F3B2D003934,F3BBG_N060_A0_Q001_R024:POS:PRIMARY,1,M0,3e5ce767f5819b442d4e638e066cb924c71d3c9e8fc3aa2b41304f51fdf7c910,3e5ce767f5819b442d4e638e066cb924c71d3c9e8fc3aa2b41304f51fdf7c910,6690ef711f345baa6e6ad19c320d541ff93ff09e50df7ed18297d0332c425f01,6690ef711f345baa6e6ad19c320d541ff93ff09e50df7ed18297d0332c425f01,True,True,True,True,True
F3B2J0011801,11801,F3B2D003934,F3BBG_N060_A0_Q001_R024:POS:PRIMARY,1,M1,3e5ce767f5819b442d4e638e066cb924c71d3c9e8fc3aa2b41304f51fdf7c910,3e5ce767f5819b442d4e638e066cb924c71d3c9e8fc3aa2b41304f51fdf7c910,b471402f85255197540cfadbe491feb6f5564cd06d4bdf1d28f4687b48b0c8c4,b471402f85255197540cfadbe491feb6f5564cd06d4bdf1d28f4687b48b0c8c4,True,True,True,True,True
F3B2J0011802,11802,F3B2D003934,F3BBG_N060_A0_Q001_R024:POS:PRIMARY,1,M2,3e5ce767f5819b442d4e638e066cb924c71d3c9e8fc3aa2b41304f51fdf7c910,3e5ce767f5819b442d4e638e066cb924c71d3c9e8fc3aa2b41304f51fdf7c910,19d80f6af08e17cc26eacaa45fea18b5612eb9622472a0eac5e4a43650a01c42,19d80f6af08e17cc26eacaa45fea18b5612eb9622472a0eac5e4a43650a01c42,True,True,True,True,True
F3B2J0011824,11824,F3B2D003942,F3BBG_N060_A0_Q001_R024:POS:PRIMARY,9,M0,3e5ce767f5819b442d4e638e066cb924c71d3c9e8fc3aa2b41304f51fdf7c910,3e5ce767f5819b442d4e638e066cb924c71d3c9e8fc3aa2b41304f51fdf7c910,c3efe8ec4b56ebb9176b433442c415158f19b8f91f5c9beeaa1980b79880ae61,c3efe8ec4b56ebb9176b433442c415158f19b8f91f5c9beeaa1980b79880ae61,True,True,True,True,True
F3B2J0011825,11825,F3B2D003942,F3BBG_N060_A0_Q001_R024:POS:PRIMARY,9,M1,3e5ce767f5819b442d4e638e066cb924c71d3c9e8fc3aa2b41304f51fdf7c910,3e5ce767f5819b442d4e638e066cb924c71d3c9e8fc3aa2b41304f51fdf7c910,85ae625fec6b3d303ffce9cfa84f955cbbdb51e62221f99c80dd269bd5d1f7bb,85ae625fec6b3d303ffce9cfa84f955cbbdb51e62221f99c80dd269bd5d1f7bb,True,True,True,True,True
F3B2J0011826,11826,F3B2D003942,F3BBG_N060_A0_Q001_R024:POS:PRIMARY,9,M2,3e5ce767f5819b442d4e638e066cb924c71d3c9e8fc3aa2b41304f51fdf7c910,3e5ce767f5819b442d4e638e066cb924c71d3c9e8fc3aa2b41304f51fdf7c910,0e860b69878baffd5e33726110dde66e947eb6a4d093562d50d3c540f1cf9a2a,0e860b69878baffd5e33726110dde66e947eb6a4d093562d50d3c540f1cf9a2a,True,True,True,True,True
F3B2J0011827,11827,F3B2D003943,F3BBG_N060_A0_Q002_R021:NULL:PRIMARY,1,M0,f529a0ceeabd43bbafc870f9377ad3daf996f7b190ae05ed54dce184bf4de262,f529a0ceeabd43bbafc870f9377ad3daf996f7b190ae05ed54dce184bf4de262,b1162b2ed50b7a871c22970749a8b83b41af32c654f7849f588aabb073239348,b1162b2ed50b7a871c22970749a8b83b41af32c654f7849f588aabb073239348,True,True,True,True,True
F3B2J0011828,11828,F3B2D003943,F3BBG_N060_A0_Q002_R021:NULL:PRIMARY,1,M1,f529a0ceeabd43bbafc870f9377ad3daf996f7b190ae05ed54dce184bf4de262,f529a0ceeabd43bbafc870f9377ad3daf996f7b190ae05ed54dce184bf4de262,867e34dc53d6e2d7a5ddc3f084d18c570177053cb0c98fa352aac434c89e1964,867e34dc53d6e2d7a5ddc3f084d18c570177053cb0c98fa352aac434c89e1964,True,True,True,True,True
F3B2J0011829,11829,F3B2D003943,F3BBG_N060_A0_Q002_R021:NULL:PRIMARY,1,M2,f529a0ceeabd43bbafc870f9377ad3daf996f7b190ae05ed54dce184bf4de262,f529a0ceeabd43bbafc870f9377ad3daf996f7b190ae05ed54dce184bf4de262,6ab8068d19244d3a355210403c1c803ab86668d5300ce755d46b33733a51ed9f,6ab8068d19244d3a355210403c1c803ab86668d5300ce755d46b33733a51ed9f,True,True,True,True,True
F3B2J0011851,11851,F3B2D003951,F3BBG_N060_A0_Q002_R021:NULL:PRIMARY,9,M0,f529a0ceeabd43bbafc870f9377ad3daf996f7b190ae05ed54dce184bf4de262,f529a0ceeabd43bbafc870f9377ad3daf996f7b190ae05ed54dce184bf4de262,168ace1ae1d4a530d2536c1923f57fc443c3b4bbfc1934f016e40a515d42dd7d,168ace1ae1d4a530d2536c1923f57fc443c3b4bbfc1934f016e40a515d42dd7d,True,True,True,True,True
F3B2J0011852,11852,F3B2D003951,F3BBG_N060_A0_Q002_R021:NULL:PRIMARY,9,M1,f529a0ceeabd43bbafc870f9377ad3daf996f7b190ae05ed54dce184bf4de262,f529a0ceeabd43bbafc870f9377ad3daf996f7b190ae05ed54dce184bf4de262,3ce9247b805735deae9d4498403a17a782944af82745826b8d72cd8711c36e28,3ce9247b805735deae9d4498403a17a782944af82745826b8d72cd8711c36e28,True,True,True,True,True
F3B2J0011853,11853,F3B2D003951,F3BBG_N060_A0_Q002_R021:NULL:PRIMARY,9,M2,f529a0ceeabd43bbafc870f9377ad3daf996f7b190ae05ed54dce184bf4de262,f529a0ceeabd43bbafc870f9377ad3daf996f7b190ae05ed54dce184bf4de262,453c4eb4fefc6e33ca8586e2024c87447691cd675078ebd8ab3f2dc55845c104,453c4eb4fefc6e33ca8586e2024c87447691cd675078ebd8ab3f2dc55845c104,True,True,True,True,True
F3B2J0011854,11854,F3B2D003952,F3BBG_N060_A0_Q002_R021:POS:PRIMARY,1,M0,7e38763324d28cbdc896c1783370e54d6878871e713f26d9888f95170a9e1d27,7e38763324d28cbdc896c1783370e54d6878871e713f26d9888f95170a9e1d27,a6f10cba952404d1258f370e7ad07ed397b4013e64aee34b7935f31bcc978ec2,a6f10cba952404d1258f370e7ad07ed397b4013e64aee34b7935f31bcc978ec2,True,True,True,True,True
F3B2J0011855,11855,F3B2D003952,F3BBG_N060_A0_Q002_R021:POS:PRIMARY,1,M1,7e38763324d28cbdc896c1783370e54d6878871e713f26d9888f95170a9e1d27,7e38763324d28cbdc896c1783370e54d6878871e713f26d9888f95170a9e1d27,eb810d6f01a91847ac4740a9aae85e39043bf4678801c3368b0c4b30871bbad6,eb810d6f01a91847ac4740a9aae85e39043bf4678801c3368b0c4b30871bbad6,True,True,True,True,True
F3B2J0011856,11856,F3B2D003952,F3BBG_N060_A0_Q002_R021:POS:PRIMARY,1,M2,7e38763324d28cbdc896c1783370e54d6878871e713f26d9888f95170a9e1d27,7e38763324d28cbdc896c1783370e54d6878871e713f26d9888f95170a9e1d27,e0fb4829c7e0d1c7d8eb23023491bf1203eefaf0932741973e993c49a4542521,e0fb4829c7e0d1c7d8eb23023491bf1203eefaf0932741973e993c49a4542521,True,True,True,True,True
F3B2J0011878,11878,F3B2D003960,F3BBG_N060_A0_Q002_R021:POS:PRIMARY,9,M0,7e38763324d28cbdc896c1783370e54d6878871e713f26d9888f95170a9e1d27,7e38763324d28cbdc896c1783370e54d6878871e713f26d9888f95170a9e1d27,7adffbaab56d8357d3206ab22873bbb308cb07426212a4509b416138f59ad4f9,7adffbaab56d8357d3206ab22873bbb308cb07426212a4509b416138f59ad4f9,True,True,True,True,True
F3B2J0011879,11879,F3B2D003960,F3BBG_N060_A0_Q002_R021:POS:PRIMARY,9,M1,7e38763324d28cbdc896c1783370e54d6878871e713f26d9888f95170a9e1d27,7e38763324d28cbdc896c1783370e54d6878871e713f26d9888f95170a9e1d27,a3f70f16149e1496f11fc035d45fb36ddf38341baba6a69d320ae3c7467520fb,a3f70f16149e1496f11fc035d45fb36ddf38341baba6a69d320ae3c7467520fb,True,True,True,True,True
F3B2J0011880,11880,F3B2D003960,F3BBG_N060_A0_Q002_R021:POS:PRIMARY,9,M2,7e38763324d28cbdc896c1783370e54d6878871e713f26d9888f95170a9e1d27,7e38763324d28cbdc896c1783370e54d6878871e713f26d9888f95170a9e1d27,e379a8e52555d101306b10eb4b6975902e0991d635c78c74906bad3c9b9ef1e3,e379a8e52555d101306b10eb4b6975902e0991d635c78c74906bad3c9b9ef1e3,True,True,True,True,True
F3B2J0011881,11881,F3B2D003961,F3BBG_N060_A0_Q004_R094:NULL:PRIMARY,1,M0,8b0802c09a1e8d119511cd090fad2aaa45785a98207c3bbd13bdd081992e9991,8b0802c09a1e8d119511cd090fad2aaa45785a98207c3bbd13bdd081992e9991,335ae5f30b7fd4315d76124300a9451ec6e70b124e2189de0834ebbd9bafff16,335ae5f30b7fd4315d76124300a9451ec6e70b124e2189de0834ebbd9bafff16,True,True,True,True,True
F3B2J0011882,11882,F3B2D003961,F3BBG_N060_A0_Q004_R094:NULL:PRIMARY,1,M1,8b0802c09a1e8d119511cd090fad2aaa45785a98207c3bbd13bdd081992e9991,8b0802c09a1e8d119511cd090fad2aaa45785a98207c3bbd13bdd081992e9991,469ad7929a38e2ab57059ae700dca43ba878a630eb10cee866f7ab2f13152af5,469ad7929a38e2ab57059ae700dca43ba878a630eb10cee866f7ab2f13152af5,True,True,True,True,True
F3B2J0011883,11883,F3B2D003961,F3BBG_N060_A0_Q004_R094:NULL:PRIMARY,1,M2,8b0802c09a1e8d119511cd090fad2aaa45785a98207c3bbd13bdd081992e9991,8b0802c09a1e8d119511cd090fad2aaa45785a98207c3bbd13bdd081992e9991,5a6269a0a5ad3eadca57c9d5246829931e7117f2290eb203fb27b41e87d6e440,5a6269a0a5ad3eadca57c9d5246829931e7117f2290eb203fb27b41e87d6e440,True,True,True,True,True
F3B2J0011905,11905,F3B2D003969,F3BBG_N060_A0_Q004_R094:NULL:PRIMARY,9,M0,8b0802c09a1e8d119511cd090fad2aaa45785a98207c3bbd13bdd081992e9991,8b0802c09a1e8d119511cd090fad2aaa45785a98207c3bbd13bdd081992e9991,60c6e314c15999823113c4940a8465db1c52b4962a6f88c0cb3045afcc667007,60c6e314c15999823113c4940a8465db1c52b4962a6f88c0cb3045afcc667007,True,True,True,True,True
F3B2J0011906,11906,F3B2D003969,F3BBG_N060_A0_Q004_R094:NULL:PRIMARY,9,M1,8b0802c09a1e8d119511cd090fad2aaa45785a98207c3bbd13bdd081992e9991,8b0802c09a1e8d119511cd090fad2aaa45785a98207c3bbd13bdd081992e9991,f12275dc89231be807278dd0da4bce5019233b0cb896822a005d3af2703f4c4e,f12275dc89231be807278dd0da4bce5019233b0cb896822a005d3af2703f4c4e,True,True,True,True,True
F3B2J0011907,11907,F3B2D003969,F3BBG_N060_A0_Q004_R094:NULL:PRIMARY,9,M2,8b0802c09a1e8d119511cd090fad2aaa45785a98207c3bbd13bdd081992e9991,8b0802c09a1e8d119511cd090fad2aaa45785a98207c3bbd13bdd081992e9991,a4d7a38b53d896df6fc8df6785cf7234c43ec27bf5a31b023304047bc5985c5a,a4d7a38b53d896df6fc8df6785cf7234c43ec27bf5a31b023304047bc5985c5a,True,True,True,True,True
F3B2J0011908,11908,F3B2D003970,F3BBG_N060_A0_Q004_R094:POS:PRIMARY,1,M0,42e142479dd6d4402e6a9671d8554ab00377ddddeb2cd9a25138a85236d358c4,42e142479dd6d4402e6a9671d8554ab00377ddddeb2cd9a25138a85236d358c4,86cb6dbae8ff4f3ec002bc50e5b552aeddbed9cd8f26dec2573ad3e3ef362258,86cb6dbae8ff4f3ec002bc50e5b552aeddbed9cd8f26dec2573ad3e3ef362258,True,True,True,True,True
F3B2J0011909,11909,F3B2D003970,F3BBG_N060_A0_Q004_R094:POS:PRIMARY,1,M1,42e142479dd6d4402e6a9671d8554ab00377ddddeb2cd9a25138a85236d358c4,42e142479dd6d4402e6a9671d8554ab00377ddddeb2cd9a25138a85236d358c4,1799eca09a4796c4452667b575432fe954815ad1b2048053bcf1ace9a9809194,1799eca09a4796c4452667b575432fe954815ad1b2048053bcf1ace9a9809194,True,True,True,True,True
F3B2J0011910,11910,F3B2D003970,F3BBG_N060_A0_Q004_R094:POS:PRIMARY,1,M2,42e142479dd6d4402e6a9671d8554ab00377ddddeb2cd9a25138a85236d358c4,42e142479dd6d4402e6a9671d8554ab00377ddddeb2cd9a25138a85236d358c4,912ac29e8d84651e035a09d41c26415f8821335a5afbf8feb479d281d23e29ce,912ac29e8d84651e035a09d41c26415f8821335a5afbf8feb479d281d23e29ce,True,True,True,True,True
F3B2J0011932,11932,F3B2D003978,F3BBG_N060_A0_Q004_R094:POS:PRIMARY,9,M0,42e142479dd6d4402e6a9671d8554ab00377ddddeb2cd9a25138a85236d358c4,42e142479dd6d4402e6a9671d8554ab00377ddddeb2cd9a25138a85236d358c4,148c062dbe64ba15fac6696476d96af14618edcc9d3ac61ad19c384b87f32336,148c062dbe64ba15fac6696476d96af14618edcc9d3ac61ad19c384b87f32336,True,True,True,True,True
F3B2J0011933,11933,F3B2D003978,F3BBG_N060_A0_Q004_R094:POS:PRIMARY,9,M1,42e142479dd6d4402e6a9671d8554ab00377ddddeb2cd9a25138a85236d358c4,42e142479dd6d4402e6a9671d8554ab00377ddddeb2cd9a25138a85236d358c4,fb6a71cb573273359896547be5970bfda9ee1b4bdd532beec99a944ad3f6a12c,fb6a71cb573273359896547be5970bfda9ee1b4bdd532beec99a944ad3f6a12c,True,True,True,True,True
F3B2J0011934,11934,F3B2D003978,F3BBG_N060_A0_Q004_R094:POS:PRIMARY,9,M2,42e142479dd6d4402e6a9671d8554ab00377ddddeb2cd9a25138a85236d358c4,42e142479dd6d4402e6a9671d8554ab00377ddddeb2cd9a25138a85236d358c4,fa811ee7ab3c5dce3d660872f8578865a025289554578c1535149659d6e1177f,fa811ee7ab3c5dce3d660872f8578865a025289554578c1535149659d6e1177f,True,True,True,True,True
F3B2J0011935,11935,F3B2D003979,F3BBG_N060_A1_Q001_R062:NULL:PRIMARY,1,M0,41e344a54660a241206c1c5908b6cc3ce7364c27cf589be631a9b9051d0e3167,41e344a54660a241206c1c5908b6cc3ce7364c27cf589be631a9b9051d0e3167,06db31763f0fb992229e4cc5bfda2619b0294a53f9acf28a2a60f3181b7cc422,06db31763f0fb992229e4cc5bfda2619b0294a53f9acf28a2a60f3181b7cc422,True,True,True,True,True
F3B2J0011936,11936,F3B2D003979,F3BBG_N060_A1_Q001_R062:NULL:PRIMARY,1,M1,41e344a54660a241206c1c5908b6cc3ce7364c27cf589be631a9b9051d0e3167,41e344a54660a241206c1c5908b6cc3ce7364c27cf589be631a9b9051d0e3167,a9b3d277fc62ef10861168a143e91a9502201f5a09b6bb772615df7f564a12c6,a9b3d277fc62ef10861168a143e91a9502201f5a09b6bb772615df7f564a12c6,True,True,True,True,True
F3B2J0011937,11937,F3B2D003979,F3BBG_N060_A1_Q001_R062:NULL:PRIMARY,1,M2,41e344a54660a241206c1c5908b6cc3ce7364c27cf589be631a9b9051d0e3167,41e344a54660a241206c1c5908b6cc3ce7364c27cf589be631a9b9051d0e3167,1bea0b2d595d51409d4af115da11649e416cd8e260bf0e10d40cdcb72baab0ad,1bea0b2d595d51409d4af115da11649e416cd8e260bf0e10d40cdcb72baab0ad,True,True,True,True,True
F3B2J0011959,11959,F3B2D003987,F3BBG_N060_A1_Q001_R062:NULL:PRIMARY,9,M0,41e344a54660a241206c1c5908b6cc3ce7364c27cf589be631a9b9051d0e3167,41e344a54660a241206c1c5908b6cc3ce7364c27cf589be631a9b9051d0e3167,0808c03b258b73b6f817f030922d35ccfdd834d54047f15fda4c3bbc80ea0a08,0808c03b258b73b6f817f030922d35ccfdd834d54047f15fda4c3bbc80ea0a08,True,True,True,True,True
F3B2J0011960,11960,F3B2D003987,F3BBG_N060_A1_Q001_R062:NULL:PRIMARY,9,M1,41e344a54660a241206c1c5908b6cc3ce7364c27cf589be631a9b9051d0e3167,41e344a54660a241206c1c5908b6cc3ce7364c27cf589be631a9b9051d0e3167,007a7b92b836f5a9b41b982a9452137db03369aaaf44db8ebff3e538275981b2,007a7b92b836f5a9b41b982a9452137db03369aaaf44db8ebff3e538275981b2,True,True,True,True,True
F3B2J0011961,11961,F3B2D003987,F3BBG_N060_A1_Q001_R062:NULL:PRIMARY,9,M2,41e344a54660a241206c1c5908b6cc3ce7364c27cf589be631a9b9051d0e3167,41e344a54660a241206c1c5908b6cc3ce7364c27cf589be631a9b9051d0e3167,534be5ac29816ea63ab2ea0049039d98cb9b04244d1ec2b6b2e9c3531272d472,534be5ac29816ea63ab2ea0049039d98cb9b04244d1ec2b6b2e9c3531272d472,True,True,True,True,True
F3B2J0011962,11962,F3B2D003988,F3BBG_N060_A1_Q001_R062:POS:PRIMARY,1,M0,7aa47c9eb397616ad532b4e100249ed4e18526e8e04a6560187643acb1227f7c,7aa47c9eb397616ad532b4e100249ed4e18526e8e04a6560187643acb1227f7c,497c65df87db244b9a027eec841a096632b14f3be012a9f9b786811a95cafb79,497c65df87db244b9a027eec841a096632b14f3be012a9f9b786811a95cafb79,True,True,True,True,True
F3B2J0011963,11963,F3B2D003988,F3BBG_N060_A1_Q001_R062:POS:PRIMARY,1,M1,7aa47c9eb397616ad532b4e100249ed4e18526e8e04a6560187643acb1227f7c,7aa47c9eb397616ad532b4e100249ed4e18526e8e04a6560187643acb1227f7c,34bcad96651906f9cf37ca86e8f23b6dc22ded02ba2a38c0a7565c1af2743621,34bcad96651906f9cf37ca86e8f23b6dc22ded02ba2a38c0a7565c1af2743621,True,True,True,True,True
F3B2J0011964,11964,F3B2D003988,F3BBG_N060_A1_Q001_R062:POS:PRIMARY,1,M2,7aa47c9eb397616ad532b4e100249ed4e18526e8e04a6560187643acb1227f7c,7aa47c9eb397616ad532b4e100249ed4e18526e8e04a6560187643acb1227f7c,7aca648b854cd6c05a8935a8b9a94939ed09430c0ccaf3df5e2df90ac89c9fbf,7aca648b854cd6c05a8935a8b9a94939ed09430c0ccaf3df5e2df90ac89c9fbf,True,True,True,True,True
F3B2J0011986,11986,F3B2D003996,F3BBG_N060_A1_Q001_R062:POS:PRIMARY,9,M0,7aa47c9eb397616ad532b4e100249ed4e18526e8e04a6560187643acb1227f7c,7aa47c9eb397616ad532b4e100249ed4e18526e8e04a6560187643acb1227f7c,f1afa8a231f1524d5371174d25ab6808bbeaf1350b58b96ba2192d6ca2622056,f1afa8a231f1524d5371174d25ab6808bbeaf1350b58b96ba2192d6ca2622056,True,True,True,True,True
F3B2J0011987,11987,F3B2D003996,F3BBG_N060_A1_Q001_R062:POS:PRIMARY,9,M1,7aa47c9eb397616ad532b4e100249ed4e18526e8e04a6560187643acb1227f7c,7aa47c9eb397616ad532b4e100249ed4e18526e8e04a6560187643acb1227f7c,824dd95eb16f0479c6df203f97917a2f227fab66fcc59df7eea11753721e2b61,824dd95eb16f0479c6df203f97917a2f227fab66fcc59df7eea11753721e2b61,True,True,True,True,True
F3B2J0011988,11988,F3B2D003996,F3BBG_N060_A1_Q001_R062:POS:PRIMARY,9,M2,7aa47c9eb397616ad532b4e100249ed4e18526e8e04a6560187643acb1227f7c,7aa47c9eb397616ad532b4e100249ed4e18526e8e04a6560187643acb1227f7c,d54677e39a23ab3aa896056be12b6e373d6fc72ed597f2e166062e947c12bea1,d54677e39a23ab3aa896056be12b6e373d6fc72ed597f2e166062e947c12bea1,True,True,True,True,True
F3B2J0011989,11989,F3B2D003997,F3BBG_N060_A1_Q002_R062:NULL:PRIMARY,1,M0,8ae56b344fe99f387acf1bd335b593dd9bb959c3ab40356e96b5adff447fbb0a,8ae56b344fe99f387acf1bd335b593dd9bb959c3ab40356e96b5adff447fbb0a,ceb85f46a1cae9458c52348a52a567dd005abd26208f38721f8e674106a033af,ceb85f46a1cae9458c52348a52a567dd005abd26208f38721f8e674106a033af,True,True,True,True,True
F3B2J0011990,11990,F3B2D003997,F3BBG_N060_A1_Q002_R062:NULL:PRIMARY,1,M1,8ae56b344fe99f387acf1bd335b593dd9bb959c3ab40356e96b5adff447fbb0a,8ae56b344fe99f387acf1bd335b593dd9bb959c3ab40356e96b5adff447fbb0a,b7e3ce6f89268a8ef00b91a3a50b58329e2d520763a0e56015bda067f3f6d71c,b7e3ce6f89268a8ef00b91a3a50b58329e2d520763a0e56015bda067f3f6d71c,True,True,True,True,True
F3B2J0011991,11991,F3B2D003997,F3BBG_N060_A1_Q002_R062:NULL:PRIMARY,1,M2,8ae56b344fe99f387acf1bd335b593dd9bb959c3ab40356e96b5adff447fbb0a,8ae56b344fe99f387acf1bd335b593dd9bb959c3ab40356e96b5adff447fbb0a,4f0c5727572fd019126ff142697ae0a95aabd02c0723278d87e76e18ed063bd7,4f0c5727572fd019126ff142697ae0a95aabd02c0723278d87e76e18ed063bd7,True,True,True,True,True
F3B2J0012013,12013,F3B2D004005,F3BBG_N060_A1_Q002_R062:NULL:PRIMARY,9,M0,8ae56b344fe99f387acf1bd335b593dd9bb959c3ab40356e96b5adff447fbb0a,8ae56b344fe99f387acf1bd335b593dd9bb959c3ab40356e96b5adff447fbb0a,65adb2f028e97f936f20aa12c448ac57cce7debe0d4614d4bfcb3e94321dd7b7,65adb2f028e97f936f20aa12c448ac57cce7debe0d4614d4bfcb3e94321dd7b7,True,True,True,True,True
F3B2J0012014,12014,F3B2D004005,F3BBG_N060_A1_Q002_R062:NULL:PRIMARY,9,M1,8ae56b344fe99f387acf1bd335b593dd9bb959c3ab40356e96b5adff447fbb0a,8ae56b344fe99f387acf1bd335b593dd9bb959c3ab40356e96b5adff447fbb0a,bef96f538c2969ec51433856af4617c3c4026c7a712e173aa91fe15edca7f732,bef96f538c2969ec51433856af4617c3c4026c7a712e173aa91fe15edca7f732,True,True,True,True,True
F3B2J0012015,12015,F3B2D004005,F3BBG_N060_A1_Q002_R062:NULL:PRIMARY,9,M2,8ae56b344fe99f387acf1bd335b593dd9bb959c3ab40356e96b5adff447fbb0a,8ae56b344fe99f387acf1bd335b593dd9bb959c3ab40356e96b5adff447fbb0a,4a610738350af466a352cb36814850c75579fc57f466a3b7ffe2a69bfe18ffc5,4a610738350af466a352cb36814850c75579fc57f466a3b7ffe2a69bfe18ffc5,True,True,True,True,True
F3B2J0012016,12016,F3B2D004006,F3BBG_N060_A1_Q002_R062:POS:PRIMARY,1,M0,e5b64181888135e9e09465b24974a3eb623b21e2c92234cfcc8832f5a6d3d650,e5b64181888135e9e09465b24974a3eb623b21e2c92234cfcc8832f5a6d3d650,4a5469aa2d6138ca382fb85d47cbfe3199269b0280e1f7161ad89700c76e2c69,4a5469aa2d6138ca382fb85d47cbfe3199269b0280e1f7161ad89700c76e2c69,True,True,True,True,True
F3B2J0012017,12017,F3B2D004006,F3BBG_N060_A1_Q002_R062:POS:PRIMARY,1,M1,e5b64181888135e9e09465b24974a3eb623b21e2c92234cfcc8832f5a6d3d650,e5b64181888135e9e09465b24974a3eb623b21e2c92234cfcc8832f5a6d3d650,7642e5e793254275a35b182c8c2df413608cc313849744368d484acdabad0091,7642e5e793254275a35b182c8c2df413608cc313849744368d484acdabad0091,True,True,True,True,True
F3B2J0012018,12018,F3B2D004006,F3BBG_N060_A1_Q002_R062:POS:PRIMARY,1,M2,e5b64181888135e9e09465b24974a3eb623b21e2c92234cfcc8832f5a6d3d650,e5b64181888135e9e09465b24974a3eb623b21e2c92234cfcc8832f5a6d3d650,e5ec885e873c9952cb93ef6d5b834fc403f4b2f4c13de62a98972015d96da21b,e5ec885e873c9952cb93ef6d5b834fc403f4b2f4c13de62a98972015d96da21b,True,True,True,True,True
F3B2J0012040,12040,F3B2D004014,F3BBG_N060_A1_Q002_R062:POS:PRIMARY,9,M0,e5b64181888135e9e09465b24974a3eb623b21e2c92234cfcc8832f5a6d3d650,e5b64181888135e9e09465b24974a3eb623b21e2c92234cfcc8832f5a6d3d650,a4dae3f557a999985b38a5346b06e241af5a78d0c6e71c64fec85d04045aad6c,a4dae3f557a999985b38a5346b06e241af5a78d0c6e71c64fec85d04045aad6c,True,True,True,True,True
F3B2J0012041,12041,F3B2D004014,F3BBG_N060_A1_Q002_R062:POS:PRIMARY,9,M1,e5b64181888135e9e09465b24974a3eb623b21e2c92234cfcc8832f5a6d3d650,e5b64181888135e9e09465b24974a3eb623b21e2c92234cfcc8832f5a6d3d650,1325c84f06ddd6a1008c62fed93bf7caa9c2b64d433f0f25e9e65a1ea01f44e3,1325c84f06ddd6a1008c62fed93bf7caa9c2b64d433f0f25e9e65a1ea01f44e3,True,True,True,True,True
F3B2J0012042,12042,F3B2D004014,F3BBG_N060_A1_Q002_R062:POS:PRIMARY,9,M2,e5b64181888135e9e09465b24974a3eb623b21e2c92234cfcc8832f5a6d3d650,e5b64181888135e9e09465b24974a3eb623b21e2c92234cfcc8832f5a6d3d650,3039c91daf1f871b697a5e607d072212ff9055ba5cc07fc5d534ca7d8d289f68,3039c91daf1f871b697a5e607d072212ff9055ba5cc07fc5d534ca7d8d289f68,True,True,True,True,True
F3B2J0012043,12043,F3B2D004015,F3BBG_N060_A1_Q004_R055:NULL:PRIMARY,1,M0,43543178bcea9c872b484f13ee25cea33f697428967505c00ebc2b9c5580920e,43543178bcea9c872b484f13ee25cea33f697428967505c00ebc2b9c5580920e,0cea0803af7346597c1dcc609a6d8d121430fe9c5066414b2d9994ce882d55db,0cea0803af7346597c1dcc609a6d8d121430fe9c5066414b2d9994ce882d55db,True,True,True,True,True
F3B2J0012044,12044,F3B2D004015,F3BBG_N060_A1_Q004_R055:NULL:PRIMARY,1,M1,43543178bcea9c872b484f13ee25cea33f697428967505c00ebc2b9c5580920e,43543178bcea9c872b484f13ee25cea33f697428967505c00ebc2b9c5580920e,3c813427ef04c5e9300d06e9a3189a45fcaa6966abc80472caf4726b42ac9053,3c813427ef04c5e9300d06e9a3189a45fcaa6966abc80472caf4726b42ac9053,True,True,True,True,True
F3B2J0012045,12045,F3B2D004015,F3BBG_N060_A1_Q004_R055:NULL:PRIMARY,1,M2,43543178bcea9c872b484f13ee25cea33f697428967505c00ebc2b9c5580920e,43543178bcea9c872b484f13ee25cea33f697428967505c00ebc2b9c5580920e,479f7ac99a320a32bfc75fe0eba809482af0ede3aef1103fdcdab06eb3cee097,479f7ac99a320a32bfc75fe0eba809482af0ede3aef1103fdcdab06eb3cee097,True,True,True,True,True
F3B2J0012067,12067,F3B2D004023,F3BBG_N060_A1_Q004_R055:NULL:PRIMARY,9,M0,43543178bcea9c872b484f13ee25cea33f697428967505c00ebc2b9c5580920e,43543178bcea9c872b484f13ee25cea33f697428967505c00ebc2b9c5580920e,e221d3ae1908a8c92c0d70a4c9a9859032433ca8c52ae3f29d113cfbad4428a2,e221d3ae1908a8c92c0d70a4c9a9859032433ca8c52ae3f29d113cfbad4428a2,True,True,True,True,True
F3B2J0012068,12068,F3B2D004023,F3BBG_N060_A1_Q004_R055:NULL:PRIMARY,9,M1,43543178bcea9c872b484f13ee25cea33f697428967505c00ebc2b9c5580920e,43543178bcea9c872b484f13ee25cea33f697428967505c00ebc2b9c5580920e,24c053d815d3d9ba83eedaa0a24fc107024521d91b705d734029ed493cdb6fc3,24c053d815d3d9ba83eedaa0a24fc107024521d91b705d734029ed493cdb6fc3,True,True,True,True,True
F3B2J0012069,12069,F3B2D004023,F3BBG_N060_A1_Q004_R055:NULL:PRIMARY,9,M2,43543178bcea9c872b484f13ee25cea33f697428967505c00ebc2b9c5580920e,43543178bcea9c872b484f13ee25cea33f697428967505c00ebc2b9c5580920e,e6b8f93e223dfa4785d825842f2a486bf2dc04413abff9531c8e28841949af68,e6b8f93e223dfa4785d825842f2a486bf2dc04413abff9531c8e28841949af68,True,True,True,True,True
F3B2J0012070,12070,F3B2D004024,F3BBG_N060_A1_Q004_R055:POS:PRIMARY,1,M0,c5d9fc9b94ccfefae8c6ea4e9601ace517ef756b64ae374c19347474c2f41049,c5d9fc9b94ccfefae8c6ea4e9601ace517ef756b64ae374c19347474c2f41049,e6f23d182f6675bccb96b1e82ebd1919a6e393b480a93a5b9744844f054bf064,e6f23d182f6675bccb96b1e82ebd1919a6e393b480a93a5b9744844f054bf064,True,True,True,True,True
F3B2J0012071,12071,F3B2D004024,F3BBG_N060_A1_Q004_R055:POS:PRIMARY,1,M1,c5d9fc9b94ccfefae8c6ea4e9601ace517ef756b64ae374c19347474c2f41049,c5d9fc9b94ccfefae8c6ea4e9601ace517ef756b64ae374c19347474c2f41049,b00813acbb0de83aa1e3c3df466e793d6b8e6549fe62d88cf126fa0099221301,b00813acbb0de83aa1e3c3df466e793d6b8e6549fe62d88cf126fa0099221301,True,True,True,True,True
F3B2J0012072,12072,F3B2D004024,F3BBG_N060_A1_Q004_R055:POS:PRIMARY,1,M2,c5d9fc9b94ccfefae8c6ea4e9601ace517ef756b64ae374c19347474c2f41049,c5d9fc9b94ccfefae8c6ea4e9601ace517ef756b64ae374c19347474c2f41049,570585ed634ebd13a9094c65c337da25d03745def940e6fcc8daff06d0748a71,570585ed634ebd13a9094c65c337da25d03745def940e6fcc8daff06d0748a71,True,True,True,True,True
F3B2J0012094,12094,F3B2D004032,F3BBG_N060_A1_Q004_R055:POS:PRIMARY,9,M0,c5d9fc9b94ccfefae8c6ea4e9601ace517ef756b64ae374c19347474c2f41049,c5d9fc9b94ccfefae8c6ea4e9601ace517ef756b64ae374c19347474c2f41049,9d87b8d6460f1732e78e6dae9f0b8f5411b72350202406ab06b976f56f4fe049,9d87b8d6460f1732e78e6dae9f0b8f5411b72350202406ab06b976f56f4fe049,True,True,True,True,True
F3B2J0012095,12095,F3B2D004032,F3BBG_N060_A1_Q004_R055:POS:PRIMARY,9,M1,c5d9fc9b94ccfefae8c6ea4e9601ace517ef756b64ae374c19347474c2f41049,c5d9fc9b94ccfefae8c6ea4e9601ace517ef756b64ae374c19347474c2f41049,75208885718104a3c8e47771539d77a3b65f79084840467a01fc60704644c9f9,75208885718104a3c8e47771539d77a3b65f79084840467a01fc60704644c9f9,True,True,True,True,True
F3B2J0012096,12096,F3B2D004032,F3BBG_N060_A1_Q004_R055:POS:PRIMARY,9,M2,c5d9fc9b94ccfefae8c6ea4e9601ace517ef756b64ae374c19347474c2f41049,c5d9fc9b94ccfefae8c6ea4e9601ace517ef756b64ae374c19347474c2f41049,2d8325c2c18c13d3bf7d3fb0e5e4df8abe6cf2a811d59ae282883c973d8d2dea,2d8325c2c18c13d3bf7d3fb0e5e4df8abe6cf2a811d59ae282883c973d8d2dea,True,True,True,True,True
F3B2J0012097,12097,F3B2D004033,F3BBG_N060_A2_Q001_R022:NULL:PRIMARY,1,M0,21a45f91a3719574dcb7dc63ec9a0abd17161d97b7cdaa058cdf5b1b89773b1d,21a45f91a3719574dcb7dc63ec9a0abd17161d97b7cdaa058cdf5b1b89773b1d,8b0083883bf1d91e1bd858548a620412dc73ac12a886321097f436237c77b989,8b0083883bf1d91e1bd858548a620412dc73ac12a886321097f436237c77b989,True,True,True,True,True
F3B2J0012098,12098,F3B2D004033,F3BBG_N060_A2_Q001_R022:NULL:PRIMARY,1,M1,21a45f91a3719574dcb7dc63ec9a0abd17161d97b7cdaa058cdf5b1b89773b1d,21a45f91a3719574dcb7dc63ec9a0abd17161d97b7cdaa058cdf5b1b89773b1d,6bf272425775969b68767fcdcfee7a938591f0e33f5a9250044598d1395b0f78,6bf272425775969b68767fcdcfee7a938591f0e33f5a9250044598d1395b0f78,True,True,True,True,True
F3B2J0012099,12099,F3B2D004033,F3BBG_N060_A2_Q001_R022:NULL:PRIMARY,1,M2,21a45f91a3719574dcb7dc63ec9a0abd17161d97b7cdaa058cdf5b1b89773b1d,21a45f91a3719574dcb7dc63ec9a0abd17161d97b7cdaa058cdf5b1b89773b1d,524e0abd17072e209a081552d420ff4ff63ba196e44c42546279e6b5d631e419,524e0abd17072e209a081552d420ff4ff63ba196e44c42546279e6b5d631e419,True,True,True,True,True
F3B2J0012121,12121,F3B2D004041,F3BBG_N060_A2_Q001_R022:NULL:PRIMARY,9,M0,21a45f91a3719574dcb7dc63ec9a0abd17161d97b7cdaa058cdf5b1b89773b1d,21a45f91a3719574dcb7dc63ec9a0abd17161d97b7cdaa058cdf5b1b89773b1d,4fc87883a46ea7fac617be0d893bedb0887d0393cc3ce727e68b3520a4a6b807,4fc87883a46ea7fac617be0d893bedb0887d0393cc3ce727e68b3520a4a6b807,True,True,True,True,True
F3B2J0012122,12122,F3B2D004041,F3BBG_N060_A2_Q001_R022:NULL:PRIMARY,9,M1,21a45f91a3719574dcb7dc63ec9a0abd17161d97b7cdaa058cdf5b1b89773b1d,21a45f91a3719574dcb7dc63ec9a0abd17161d97b7cdaa058cdf5b1b89773b1d,c82fc25040afa93fc722fccaf10a7a2c32005e1c438951c2ba30fcdd6422c93d,c82fc25040afa93fc722fccaf10a7a2c32005e1c438951c2ba30fcdd6422c93d,True,True,True,True,True
F3B2J0012123,12123,F3B2D004041,F3BBG_N060_A2_Q001_R022:NULL:PRIMARY,9,M2,21a45f91a3719574dcb7dc63ec9a0abd17161d97b7cdaa058cdf5b1b89773b1d,21a45f91a3719574dcb7dc63ec9a0abd17161d97b7cdaa058cdf5b1b89773b1d,76867deec927e44bc4e9be748bc244f4341a461ec65df46140d108b9734ae680,76867deec927e44bc4e9be748bc244f4341a461ec65df46140d108b9734ae680,True,True,True,True,True
F3B2J0012124,12124,F3B2D004042,F3BBG_N060_A2_Q001_R022:POS:PRIMARY,1,M0,00ba165dab59bfebbdae81ab3ed784567ee8cefb21568479004da825fde7c6a6,00ba165dab59bfebbdae81ab3ed784567ee8cefb21568479004da825fde7c6a6,7a76468fdaa63612aced8c4b7d887cec13ab646be1a59b36b38343a3a3e26098,7a76468fdaa63612aced8c4b7d887cec13ab646be1a59b36b38343a3a3e26098,True,True,True,True,True
F3B2J0012125,12125,F3B2D004042,F3BBG_N060_A2_Q001_R022:POS:PRIMARY,1,M1,00ba165dab59bfebbdae81ab3ed784567ee8cefb21568479004da825fde7c6a6,00ba165dab59bfebbdae81ab3ed784567ee8cefb21568479004da825fde7c6a6,a7b8e7d3ad58612368ae1423732fb63f93fc9a633aa65c5d02a4d5c4cff4686f,a7b8e7d3ad58612368ae1423732fb63f93fc9a633aa65c5d02a4d5c4cff4686f,True,True,True,True,True
F3B2J0012126,12126,F3B2D004042,F3BBG_N060_A2_Q001_R022:POS:PRIMARY,1,M2,00ba165dab59bfebbdae81ab3ed784567ee8cefb21568479004da825fde7c6a6,00ba165dab59bfebbdae81ab3ed784567ee8cefb21568479004da825fde7c6a6,f46bbb5bb95cc88eb5ef9e5061ed2c388fbbc7ac18d669cf495ea092b004fe1c,f46bbb5bb95cc88eb5ef9e5061ed2c388fbbc7ac18d669cf495ea092b004fe1c,True,True,True,True,True
F3B2J0012148,12148,F3B2D004050,F3BBG_N060_A2_Q001_R022:POS:PRIMARY,9,M0,00ba165dab59bfebbdae81ab3ed784567ee8cefb21568479004da825fde7c6a6,00ba165dab59bfebbdae81ab3ed784567ee8cefb21568479004da825fde7c6a6,7861d196c5d2e1fb0b8dc4a4452ef78c488f6561c3cbbeff1543f9ccbcb84fb3,7861d196c5d2e1fb0b8dc4a4452ef78c488f6561c3cbbeff1543f9ccbcb84fb3,True,True,True,True,True
F3B2J0012149,12149,F3B2D004050,F3BBG_N060_A2_Q001_R022:POS:PRIMARY,9,M1,00ba165dab59bfebbdae81ab3ed784567ee8cefb21568479004da825fde7c6a6,00ba165dab59bfebbdae81ab3ed784567ee8cefb21568479004da825fde7c6a6,432588b53913a09946dec0212319527e0f29f008f13083bce904103f6d300b29,432588b53913a09946dec0212319527e0f29f008f13083bce904103f6d300b29,True,True,True,True,True
F3B2J0012150,12150,F3B2D004050,F3BBG_N060_A2_Q001_R022:POS:PRIMARY,9,M2,00ba165dab59bfebbdae81ab3ed784567ee8cefb21568479004da825fde7c6a6,00ba165dab59bfebbdae81ab3ed784567ee8cefb21568479004da825fde7c6a6,cc8c7249475dbe76539e4ee75d23aa2c61c34c964230edc6a59110f5f2e9df80,cc8c7249475dbe76539e4ee75d23aa2c61c34c964230edc6a59110f5f2e9df80,True,True,True,True,True
F3B2J0012151,12151,F3B2D004051,F3BBG_N060_A2_Q002_R100:NULL:PRIMARY,1,M0,a9c5008159ad60ac79dde340ee5bb8acfa08f447a12cb8e6692c868b4c33c2b4,a9c5008159ad60ac79dde340ee5bb8acfa08f447a12cb8e6692c868b4c33c2b4,c6ba3ab1957c5e55c4eae9136a4ee1c6faa34f14433f86f35fd099a73bd8ca31,c6ba3ab1957c5e55c4eae9136a4ee1c6faa34f14433f86f35fd099a73bd8ca31,True,True,True,True,True
F3B2J0012152,12152,F3B2D004051,F3BBG_N060_A2_Q002_R100:NULL:PRIMARY,1,M1,a9c5008159ad60ac79dde340ee5bb8acfa08f447a12cb8e6692c868b4c33c2b4,a9c5008159ad60ac79dde340ee5bb8acfa08f447a12cb8e6692c868b4c33c2b4,3ca8101182dc6606b4f10acc2759cbe89f2b4466b40fa4d6c0c4a6b17a3af380,3ca8101182dc6606b4f10acc2759cbe89f2b4466b40fa4d6c0c4a6b17a3af380,True,True,True,True,True
F3B2J0012153,12153,F3B2D004051,F3BBG_N060_A2_Q002_R100:NULL:PRIMARY,1,M2,a9c5008159ad60ac79dde340ee5bb8acfa08f447a12cb8e6692c868b4c33c2b4,a9c5008159ad60ac79dde340ee5bb8acfa08f447a12cb8e6692c868b4c33c2b4,375dec27e0b80a5558a668f9651135710926e765b0696283a9d697c5870d263a,375dec27e0b80a5558a668f9651135710926e765b0696283a9d697c5870d263a,True,True,True,True,True
F3B2J0012175,12175,F3B2D004059,F3BBG_N060_A2_Q002_R100:NULL:PRIMARY,9,M0,a9c5008159ad60ac79dde340ee5bb8acfa08f447a12cb8e6692c868b4c33c2b4,a9c5008159ad60ac79dde340ee5bb8acfa08f447a12cb8e6692c868b4c33c2b4,e5178981603d2238422ccb8fc51e3cc8814f88d4079765521e99b172ed57addb,e5178981603d2238422ccb8fc51e3cc8814f88d4079765521e99b172ed57addb,True,True,True,True,True
F3B2J0012176,12176,F3B2D004059,F3BBG_N060_A2_Q002_R100:NULL:PRIMARY,9,M1,a9c5008159ad60ac79dde340ee5bb8acfa08f447a12cb8e6692c868b4c33c2b4,a9c5008159ad60ac79dde340ee5bb8acfa08f447a12cb8e6692c868b4c33c2b4,42b4a3d3bc22859e36432deb97839eb3eb8208144eaef0ad59f4486848f85c56,42b4a3d3bc22859e36432deb97839eb3eb8208144eaef0ad59f4486848f85c56,True,True,True,True,True
F3B2J0012177,12177,F3B2D004059,F3BBG_N060_A2_Q002_R100:NULL:PRIMARY,9,M2,a9c5008159ad60ac79dde340ee5bb8acfa08f447a12cb8e6692c868b4c33c2b4,a9c5008159ad60ac79dde340ee5bb8acfa08f447a12cb8e6692c868b4c33c2b4,9fbcc1e9275aadf4970f63ed92f15511c94c1816aee1792cabaf8bcdf70d8b05,9fbcc1e9275aadf4970f63ed92f15511c94c1816aee1792cabaf8bcdf70d8b05,True,True,True,True,True
F3B2J0012178,12178,F3B2D004060,F3BBG_N060_A2_Q002_R100:POS:PRIMARY,1,M0,72172269c00909466b42f326113589925a5781fd2a2e490933c9df6516e28efd,72172269c00909466b42f326113589925a5781fd2a2e490933c9df6516e28efd,cac0d9dbcf7a7e59d98b5ec2c5622f46de9d4a1e3a6ea6ba190d9cc76feef9aa,cac0d9dbcf7a7e59d98b5ec2c5622f46de9d4a1e3a6ea6ba190d9cc76feef9aa,True,True,True,True,True
F3B2J0012179,12179,F3B2D004060,F3BBG_N060_A2_Q002_R100:POS:PRIMARY,1,M1,72172269c00909466b42f326113589925a5781fd2a2e490933c9df6516e28efd,72172269c00909466b42f326113589925a5781fd2a2e490933c9df6516e28efd,53a05b54855a5952275b5bbd67c399e4f88b34105258e868949c4188e44d3fa1,53a05b54855a5952275b5bbd67c399e4f88b34105258e868949c4188e44d3fa1,True,True,True,True,True
F3B2J0012180,12180,F3B2D004060,F3BBG_N060_A2_Q002_R100:POS:PRIMARY,1,M2,72172269c00909466b42f326113589925a5781fd2a2e490933c9df6516e28efd,72172269c00909466b42f326113589925a5781fd2a2e490933c9df6516e28efd,9e9e69d9aaa1a86ea8a9471e8391d8027bf437a1a1943af71fca9b8aea57a1c9,9e9e69d9aaa1a86ea8a9471e8391d8027bf437a1a1943af71fca9b8aea57a1c9,True,True,True,True,True
F3B2J0012202,12202,F3B2D004068,F3BBG_N060_A2_Q002_R100:POS:PRIMARY,9,M0,72172269c00909466b42f326113589925a5781fd2a2e490933c9df6516e28efd,72172269c00909466b42f326113589925a5781fd2a2e490933c9df6516e28efd,44e9a174f4ab26f13792cc351a4e537bd105e6ac1993e263c605e7d89fb5cf4a,44e9a174f4ab26f13792cc351a4e537bd105e6ac1993e263c605e7d89fb5cf4a,True,True,True,True,True
F3B2J0012203,12203,F3B2D004068,F3BBG_N060_A2_Q002_R100:POS:PRIMARY,9,M1,72172269c00909466b42f326113589925a5781fd2a2e490933c9df6516e28efd,72172269c00909466b42f326113589925a5781fd2a2e490933c9df6516e28efd,e7e6508d95fe6cddc92770257abd1606c422b5f12d50f079a7795e8f8556267b,e7e6508d95fe6cddc92770257abd1606c422b5f12d50f079a7795e8f8556267b,True,True,True,True,True
F3B2J0012204,12204,F3B2D004068,F3BBG_N060_A2_Q002_R100:POS:PRIMARY,9,M2,72172269c00909466b42f326113589925a5781fd2a2e490933c9df6516e28efd,72172269c00909466b42f326113589925a5781fd2a2e490933c9df6516e28efd,954b20eebdaeb20b6ad09be7e24a51c3703666e2acfb468270c5f660d501c41c,954b20eebdaeb20b6ad09be7e24a51c3703666e2acfb468270c5f660d501c41c,True,True,True,True,True
F3B2J0012205,12205,F3B2D004069,F3BBG_N060_A2_Q004_R005:NULL:PRIMARY,1,M0,018f7ab9f5cfced8c197e4839d769eb03f70777bc33ebfcd6af652905606541e,018f7ab9f5cfced8c197e4839d769eb03f70777bc33ebfcd6af652905606541e,9ff61234d63980fa822e6b8921953574e7eb9d0ed1ebc6a320d70a6e0e549c01,9ff61234d63980fa822e6b8921953574e7eb9d0ed1ebc6a320d70a6e0e549c01,True,True,True,True,True
F3B2J0012206,12206,F3B2D004069,F3BBG_N060_A2_Q004_R005:NULL:PRIMARY,1,M1,018f7ab9f5cfced8c197e4839d769eb03f70777bc33ebfcd6af652905606541e,018f7ab9f5cfced8c197e4839d769eb03f70777bc33ebfcd6af652905606541e,61268e6d824056e0eb5bb5986cbb1ea9ecccf1f3518e77c3771756805022f1d3,61268e6d824056e0eb5bb5986cbb1ea9ecccf1f3518e77c3771756805022f1d3,True,True,True,True,True
F3B2J0012207,12207,F3B2D004069,F3BBG_N060_A2_Q004_R005:NULL:PRIMARY,1,M2,018f7ab9f5cfced8c197e4839d769eb03f70777bc33ebfcd6af652905606541e,018f7ab9f5cfced8c197e4839d769eb03f70777bc33ebfcd6af652905606541e,94750f75ef90cb091b1dfdeb665dbd0cef5712acccecba1ad7d8f9f1373f4bf4,94750f75ef90cb091b1dfdeb665dbd0cef5712acccecba1ad7d8f9f1373f4bf4,True,True,True,True,True
F3B2J0012229,12229,F3B2D004077,F3BBG_N060_A2_Q004_R005:NULL:PRIMARY,9,M0,018f7ab9f5cfced8c197e4839d769eb03f70777bc33ebfcd6af652905606541e,018f7ab9f5cfced8c197e4839d769eb03f70777bc33ebfcd6af652905606541e,9b36dfe398ef4950a711fa5075b2794000531e6024ed349599095da2f179fc1f,9b36dfe398ef4950a711fa5075b2794000531e6024ed349599095da2f179fc1f,True,True,True,True,True
F3B2J0012230,12230,F3B2D004077,F3BBG_N060_A2_Q004_R005:NULL:PRIMARY,9,M1,018f7ab9f5cfced8c197e4839d769eb03f70777bc33ebfcd6af652905606541e,018f7ab9f5cfced8c197e4839d769eb03f70777bc33ebfcd6af652905606541e,9adfdc24cc6695080a9c7e29fd7e023b1619d2c7b60546da4a4ae9bda85fca9c,9adfdc24cc6695080a9c7e29fd7e023b1619d2c7b60546da4a4ae9bda85fca9c,True,True,True,True,True
F3B2J0012231,12231,F3B2D004077,F3BBG_N060_A2_Q004_R005:NULL:PRIMARY,9,M2,018f7ab9f5cfced8c197e4839d769eb03f70777bc33ebfcd6af652905606541e,018f7ab9f5cfced8c197e4839d769eb03f70777bc33ebfcd6af652905606541e,282f2172b60cf1879ccb2c863e140b3ff43510249292f0dfb7e6b2080881be49,282f2172b60cf1879ccb2c863e140b3ff43510249292f0dfb7e6b2080881be49,True,True,True,True,True
F3B2J0012232,12232,F3B2D004078,F3BBG_N060_A2_Q004_R005:POS:PRIMARY,1,M0,54269399ad4469b7a74dfb69a22350507a66db3df1b353f9f6ee2cae8e6332ad,54269399ad4469b7a74dfb69a22350507a66db3df1b353f9f6ee2cae8e6332ad,acdd5770b659af169fb0abbaf6e530684d14d893a6bf9e5ecf05af7d7201c1ff,acdd5770b659af169fb0abbaf6e530684d14d893a6bf9e5ecf05af7d7201c1ff,True,True,True,True,True
F3B2J0012233,12233,F3B2D004078,F3BBG_N060_A2_Q004_R005:POS:PRIMARY,1,M1,54269399ad4469b7a74dfb69a22350507a66db3df1b353f9f6ee2cae8e6332ad,54269399ad4469b7a74dfb69a22350507a66db3df1b353f9f6ee2cae8e6332ad,4ab9d868aaef03bdba94b22d5db5d8bdad5d64957bcd71b01724cd6cfdbaf088,4ab9d868aaef03bdba94b22d5db5d8bdad5d64957bcd71b01724cd6cfdbaf088,True,True,True,True,True
F3B2J0012234,12234,F3B2D004078,F3BBG_N060_A2_Q004_R005:POS:PRIMARY,1,M2,54269399ad4469b7a74dfb69a22350507a66db3df1b353f9f6ee2cae8e6332ad,54269399ad4469b7a74dfb69a22350507a66db3df1b353f9f6ee2cae8e6332ad,42496485407a40a83d662a8e4957cb3505547602c9d1f9f5a42941e5a7cf298a,42496485407a40a83d662a8e4957cb3505547602c9d1f9f5a42941e5a7cf298a,True,True,True,True,True
F3B2J0012256,12256,F3B2D004086,F3BBG_N060_A2_Q004_R005:POS:PRIMARY,9,M0,54269399ad4469b7a74dfb69a22350507a66db3df1b353f9f6ee2cae8e6332ad,54269399ad4469b7a74dfb69a22350507a66db3df1b353f9f6ee2cae8e6332ad,dccb3b652a5dad4a3ef4f84c1b03fbdb15030430eee27ea1f3a720b56272d419,dccb3b652a5dad4a3ef4f84c1b03fbdb15030430eee27ea1f3a720b56272d419,True,True,True,True,True
F3B2J0012257,12257,F3B2D004086,F3BBG_N060_A2_Q004_R005:POS:PRIMARY,9,M1,54269399ad4469b7a74dfb69a22350507a66db3df1b353f9f6ee2cae8e6332ad,54269399ad4469b7a74dfb69a22350507a66db3df1b353f9f6ee2cae8e6332ad,e9c863828d70cac8da139092d50720e7d5431b31975e9d1835a0a92d06f53176,e9c863828d70cac8da139092d50720e7d5431b31975e9d1835a0a92d06f53176,True,True,True,True,True
F3B2J0012258,12258,F3B2D004086,F3BBG_N060_A2_Q004_R005:POS:PRIMARY,9,M2,54269399ad4469b7a74dfb69a22350507a66db3df1b353f9f6ee2cae8e6332ad,54269399ad4469b7a74dfb69a22350507a66db3df1b353f9f6ee2cae8e6332ad,46135d4725476067d3a4a8028e0648fa496a8cb92bda19bb1dcd7f98756fbd37,46135d4725476067d3a4a8028e0648fa496a8cb92bda19bb1dcd7f98756fbd37,True,True,True,True,True
F3B2J0012259,12259,F3B2D004087,F3BBG_N120_A0_Q001_R032:NULL:PRIMARY,1,M0,ff786a3b8ff73a4d6bb74372b6019b04fb8102c5a7655a565e690ff438034975,ff786a3b8ff73a4d6bb74372b6019b04fb8102c5a7655a565e690ff438034975,1ed99873f4af939807f5c02d51ae24c8c4bcdf0d57d164076851f6a5fc85b724,1ed99873f4af939807f5c02d51ae24c8c4bcdf0d57d164076851f6a5fc85b724,True,True,True,True,True
F3B2J0012260,12260,F3B2D004087,F3BBG_N120_A0_Q001_R032:NULL:PRIMARY,1,M1,ff786a3b8ff73a4d6bb74372b6019b04fb8102c5a7655a565e690ff438034975,ff786a3b8ff73a4d6bb74372b6019b04fb8102c5a7655a565e690ff438034975,5da259085b13164e4f8ff8f8bea44d372a3302d034dc0184e10068db1ed820b5,5da259085b13164e4f8ff8f8bea44d372a3302d034dc0184e10068db1ed820b5,True,True,True,True,True
F3B2J0012261,12261,F3B2D004087,F3BBG_N120_A0_Q001_R032:NULL:PRIMARY,1,M2,ff786a3b8ff73a4d6bb74372b6019b04fb8102c5a7655a565e690ff438034975,ff786a3b8ff73a4d6bb74372b6019b04fb8102c5a7655a565e690ff438034975,128882a5d94fbb9f9a2b3fbdc5bd0fb0b8ad4035e094e736bbeb2b04bcb26d70,128882a5d94fbb9f9a2b3fbdc5bd0fb0b8ad4035e094e736bbeb2b04bcb26d70,True,True,True,True,True
F3B2J0012283,12283,F3B2D004095,F3BBG_N120_A0_Q001_R032:NULL:PRIMARY,9,M0,ff786a3b8ff73a4d6bb74372b6019b04fb8102c5a7655a565e690ff438034975,ff786a3b8ff73a4d6bb74372b6019b04fb8102c5a7655a565e690ff438034975,7cb1c402ac2a74da01159a58032674de22040fdff82fe2f55c17e1428367aea1,7cb1c402ac2a74da01159a58032674de22040fdff82fe2f55c17e1428367aea1,True,True,True,True,True
F3B2J0012284,12284,F3B2D004095,F3BBG_N120_A0_Q001_R032:NULL:PRIMARY,9,M1,ff786a3b8ff73a4d6bb74372b6019b04fb8102c5a7655a565e690ff438034975,ff786a3b8ff73a4d6bb74372b6019b04fb8102c5a7655a565e690ff438034975,502a1b1de0917e83fd5401aea25eb3cc0b696f4c034fbac5e77a56489374c4ed,502a1b1de0917e83fd5401aea25eb3cc0b696f4c034fbac5e77a56489374c4ed,True,True,True,True,True
F3B2J0012285,12285,F3B2D004095,F3BBG_N120_A0_Q001_R032:NULL:PRIMARY,9,M2,ff786a3b8ff73a4d6bb74372b6019b04fb8102c5a7655a565e690ff438034975,ff786a3b8ff73a4d6bb74372b6019b04fb8102c5a7655a565e690ff438034975,00148d963565a62833d66aecb53de711c4ec15a9823c471d1f6be0539ed81089,00148d963565a62833d66aecb53de711c4ec15a9823c471d1f6be0539ed81089,True,True,True,True,True
F3B2J0012286,12286,F3B2D004096,F3BBG_N120_A0_Q001_R032:POS:PRIMARY,1,M0,4c714cbcacb5690c911ec77f4b5e618eeed6c4c82306e8d3c59b848cd433a5e5,4c714cbcacb5690c911ec77f4b5e618eeed6c4c82306e8d3c59b848cd433a5e5,114d0df7b377cf42f71675cbca83de8a6a73948f5bd6f7f836fd89f3ebae94bb,114d0df7b377cf42f71675cbca83de8a6a73948f5bd6f7f836fd89f3ebae94bb,True,True,True,True,True
F3B2J0012287,12287,F3B2D004096,F3BBG_N120_A0_Q001_R032:POS:PRIMARY,1,M1,4c714cbcacb5690c911ec77f4b5e618eeed6c4c82306e8d3c59b848cd433a5e5,4c714cbcacb5690c911ec77f4b5e618eeed6c4c82306e8d3c59b848cd433a5e5,ca82afb46cacb18676603ee2537934b0ab0d78203f9843be0ee1a7ccc2f54710,ca82afb46cacb18676603ee2537934b0ab0d78203f9843be0ee1a7ccc2f54710,True,True,True,True,True
F3B2J0012288,12288,F3B2D004096,F3BBG_N120_A0_Q001_R032:POS:PRIMARY,1,M2,4c714cbcacb5690c911ec77f4b5e618eeed6c4c82306e8d3c59b848cd433a5e5,4c714cbcacb5690c911ec77f4b5e618eeed6c4c82306e8d3c59b848cd433a5e5,5629adbc886b06473538a2b27bd9fd6374bf0cec4f59e63f7d840c56937aa524,5629adbc886b06473538a2b27bd9fd6374bf0cec4f59e63f7d840c56937aa524,True,True,True,True,True
F3B2J0012310,12310,F3B2D004104,F3BBG_N120_A0_Q001_R032:POS:PRIMARY,9,M0,4c714cbcacb5690c911ec77f4b5e618eeed6c4c82306e8d3c59b848cd433a5e5,4c714cbcacb5690c911ec77f4b5e618eeed6c4c82306e8d3c59b848cd433a5e5,f8acbf760295c201c84587f134eb57b9dbf98d0af81abbfc221d047394e0e99b,f8acbf760295c201c84587f134eb57b9dbf98d0af81abbfc221d047394e0e99b,True,True,True,True,True
F3B2J0012311,12311,F3B2D004104,F3BBG_N120_A0_Q001_R032:POS:PRIMARY,9,M1,4c714cbcacb5690c911ec77f4b5e618eeed6c4c82306e8d3c59b848cd433a5e5,4c714cbcacb5690c911ec77f4b5e618eeed6c4c82306e8d3c59b848cd433a5e5,6aa23355fbf0a054218c4690631194c986298d4f7f0057ac1663536cd813e419,6aa23355fbf0a054218c4690631194c986298d4f7f0057ac1663536cd813e419,True,True,True,True,True
F3B2J0012312,12312,F3B2D004104,F3BBG_N120_A0_Q001_R032:POS:PRIMARY,9,M2,4c714cbcacb5690c911ec77f4b5e618eeed6c4c82306e8d3c59b848cd433a5e5,4c714cbcacb5690c911ec77f4b5e618eeed6c4c82306e8d3c59b848cd433a5e5,6840327dabbd363342ea38547d541ee977883db5c3edebc85cecf097bf76d723,6840327dabbd363342ea38547d541ee977883db5c3edebc85cecf097bf76d723,True,True,True,True,True
F3B2J0012313,12313,F3B2D004105,F3BBG_N120_A0_Q002_R046:NULL:PRIMARY,1,M0,8748bed291acb2fd2ebb11c913eb5cef385e81b658448bbbe5169e053bff90c3,8748bed291acb2fd2ebb11c913eb5cef385e81b658448bbbe5169e053bff90c3,70c0a6e7178041ff09e6d0d0f8cdaa069c6dc6fa0b00aee567db5ad34ca51af5,70c0a6e7178041ff09e6d0d0f8cdaa069c6dc6fa0b00aee567db5ad34ca51af5,True,True,True,True,True
F3B2J0012314,12314,F3B2D004105,F3BBG_N120_A0_Q002_R046:NULL:PRIMARY,1,M1,8748bed291acb2fd2ebb11c913eb5cef385e81b658448bbbe5169e053bff90c3,8748bed291acb2fd2ebb11c913eb5cef385e81b658448bbbe5169e053bff90c3,3ee62af8b33621ab11a8f359c4f3eaf1a7e7086c94c548a648c2de7dcf4338be,3ee62af8b33621ab11a8f359c4f3eaf1a7e7086c94c548a648c2de7dcf4338be,True,True,True,True,True
F3B2J0012315,12315,F3B2D004105,F3BBG_N120_A0_Q002_R046:NULL:PRIMARY,1,M2,8748bed291acb2fd2ebb11c913eb5cef385e81b658448bbbe5169e053bff90c3,8748bed291acb2fd2ebb11c913eb5cef385e81b658448bbbe5169e053bff90c3,daaf9845f04b4d7e9643ed17eb0ebcad342457f5cc429e526e7f004fe3e26ca5,daaf9845f04b4d7e9643ed17eb0ebcad342457f5cc429e526e7f004fe3e26ca5,True,True,True,True,True
F3B2J0012337,12337,F3B2D004113,F3BBG_N120_A0_Q002_R046:NULL:PRIMARY,9,M0,8748bed291acb2fd2ebb11c913eb5cef385e81b658448bbbe5169e053bff90c3,8748bed291acb2fd2ebb11c913eb5cef385e81b658448bbbe5169e053bff90c3,f4e90b0651dc6bf9b763deae11e21e54ab8d2f27ae5afbdf6d7e2434a708b464,f4e90b0651dc6bf9b763deae11e21e54ab8d2f27ae5afbdf6d7e2434a708b464,True,True,True,True,True
F3B2J0012338,12338,F3B2D004113,F3BBG_N120_A0_Q002_R046:NULL:PRIMARY,9,M1,8748bed291acb2fd2ebb11c913eb5cef385e81b658448bbbe5169e053bff90c3,8748bed291acb2fd2ebb11c913eb5cef385e81b658448bbbe5169e053bff90c3,560cd20b67994097115f5737197a78cb444bb67b00894db70e7e368d9c5cd8e7,560cd20b67994097115f5737197a78cb444bb67b00894db70e7e368d9c5cd8e7,True,True,True,True,True
F3B2J0012339,12339,F3B2D004113,F3BBG_N120_A0_Q002_R046:NULL:PRIMARY,9,M2,8748bed291acb2fd2ebb11c913eb5cef385e81b658448bbbe5169e053bff90c3,8748bed291acb2fd2ebb11c913eb5cef385e81b658448bbbe5169e053bff90c3,5bab5f7a91bc9b7658f5dabe02b05bcbf88cbd22074cfb9b49927dc17ad4e3aa,5bab5f7a91bc9b7658f5dabe02b05bcbf88cbd22074cfb9b49927dc17ad4e3aa,True,True,True,True,True
F3B2J0012340,12340,F3B2D004114,F3BBG_N120_A0_Q002_R046:POS:PRIMARY,1,M0,8f68311969b3661210bfae0ec6997c74a52e5d923a6a7e3eebba70cb2a8b033a,8f68311969b3661210bfae0ec6997c74a52e5d923a6a7e3eebba70cb2a8b033a,cb7b1dd31ec39e4c974fa55f6c31c4c713744c4a1e28a0688148d8cf8f8b3b5c,cb7b1dd31ec39e4c974fa55f6c31c4c713744c4a1e28a0688148d8cf8f8b3b5c,True,True,True,True,True
F3B2J0012341,12341,F3B2D004114,F3BBG_N120_A0_Q002_R046:POS:PRIMARY,1,M1,8f68311969b3661210bfae0ec6997c74a52e5d923a6a7e3eebba70cb2a8b033a,8f68311969b3661210bfae0ec6997c74a52e5d923a6a7e3eebba70cb2a8b033a,9ef68973efcb0fa47896d2730777448163fc74c2f305de08f98239e54e99fca5,9ef68973efcb0fa47896d2730777448163fc74c2f305de08f98239e54e99fca5,True,True,True,True,True
F3B2J0012342,12342,F3B2D004114,F3BBG_N120_A0_Q002_R046:POS:PRIMARY,1,M2,8f68311969b3661210bfae0ec6997c74a52e5d923a6a7e3eebba70cb2a8b033a,8f68311969b3661210bfae0ec6997c74a52e5d923a6a7e3eebba70cb2a8b033a,8dfb032f2beb7f0a01a6a8ba5be48699a3735a04e2fc3ba34153b187b53c4b68,8dfb032f2beb7f0a01a6a8ba5be48699a3735a04e2fc3ba34153b187b53c4b68,True,True,True,True,True
F3B2J0012364,12364,F3B2D004122,F3BBG_N120_A0_Q002_R046:POS:PRIMARY,9,M0,8f68311969b3661210bfae0ec6997c74a52e5d923a6a7e3eebba70cb2a8b033a,8f68311969b3661210bfae0ec6997c74a52e5d923a6a7e3eebba70cb2a8b033a,1cc078832dd09e2c5e12b11cede4900fe94a2ad29f72d02bf894db8c430fae3c,1cc078832dd09e2c5e12b11cede4900fe94a2ad29f72d02bf894db8c430fae3c,True,True,True,True,True
F3B2J0012365,12365,F3B2D004122,F3BBG_N120_A0_Q002_R046:POS:PRIMARY,9,M1,8f68311969b3661210bfae0ec6997c74a52e5d923a6a7e3eebba70cb2a8b033a,8f68311969b3661210bfae0ec6997c74a52e5d923a6a7e3eebba70cb2a8b033a,9107e87fe5ba870ca8ea4e7b2b4092381b55c841785b67766795172eb7721bd0,9107e87fe5ba870ca8ea4e7b2b4092381b55c841785b67766795172eb7721bd0,True,True,True,True,True
F3B2J0012366,12366,F3B2D004122,F3BBG_N120_A0_Q002_R046:POS:PRIMARY,9,M2,8f68311969b3661210bfae0ec6997c74a52e5d923a6a7e3eebba70cb2a8b033a,8f68311969b3661210bfae0ec6997c74a52e5d923a6a7e3eebba70cb2a8b033a,85e1f9aabd568a2fc7f65f8bf9033f34d59691ebb64f01ffbb03eb2639d71497,85e1f9aabd568a2fc7f65f8bf9033f34d59691ebb64f01ffbb03eb2639d71497,True,True,True,True,True
F3B2J0012367,12367,F3B2D004123,F3BBG_N120_A0_Q004_R082:NULL:PRIMARY,1,M0,c1ba2179847f1ef1292d5a67c1eb7b6c6f3e25fbaa983bf447b2c1d667ec7198,c1ba2179847f1ef1292d5a67c1eb7b6c6f3e25fbaa983bf447b2c1d667ec7198,8d56b39ca05fb0990a686c3b0ea2c1544a154afe0ab5974a8c5625220aa56aef,8d56b39ca05fb0990a686c3b0ea2c1544a154afe0ab5974a8c5625220aa56aef,True,True,True,True,True
F3B2J0012368,12368,F3B2D004123,F3BBG_N120_A0_Q004_R082:NULL:PRIMARY,1,M1,c1ba2179847f1ef1292d5a67c1eb7b6c6f3e25fbaa983bf447b2c1d667ec7198,c1ba2179847f1ef1292d5a67c1eb7b6c6f3e25fbaa983bf447b2c1d667ec7198,450ca1c7d073dcbd31e29b7cfb601676dbb60f4f4aa7c60ff50ac80db8ab061b,450ca1c7d073dcbd31e29b7cfb601676dbb60f4f4aa7c60ff50ac80db8ab061b,True,True,True,True,True
F3B2J0012369,12369,F3B2D004123,F3BBG_N120_A0_Q004_R082:NULL:PRIMARY,1,M2,c1ba2179847f1ef1292d5a67c1eb7b6c6f3e25fbaa983bf447b2c1d667ec7198,c1ba2179847f1ef1292d5a67c1eb7b6c6f3e25fbaa983bf447b2c1d667ec7198,d599cab08965443248cc689459021725105927d20d73522b7ac5b1e6874af9c9,d599cab08965443248cc689459021725105927d20d73522b7ac5b1e6874af9c9,True,True,True,True,True
F3B2J0012391,12391,F3B2D004131,F3BBG_N120_A0_Q004_R082:NULL:PRIMARY,9,M0,c1ba2179847f1ef1292d5a67c1eb7b6c6f3e25fbaa983bf447b2c1d667ec7198,c1ba2179847f1ef1292d5a67c1eb7b6c6f3e25fbaa983bf447b2c1d667ec7198,9cc8c44a7b7cdcc71e5748336b449df2c31318e7d2f0f5828d8832efdb7fd2ec,9cc8c44a7b7cdcc71e5748336b449df2c31318e7d2f0f5828d8832efdb7fd2ec,True,True,True,True,True
F3B2J0012392,12392,F3B2D004131,F3BBG_N120_A0_Q004_R082:NULL:PRIMARY,9,M1,c1ba2179847f1ef1292d5a67c1eb7b6c6f3e25fbaa983bf447b2c1d667ec7198,c1ba2179847f1ef1292d5a67c1eb7b6c6f3e25fbaa983bf447b2c1d667ec7198,499a10ca9f2b8302cefe0426199047f973bf4f33547097a0a1acd5ddd8034f37,499a10ca9f2b8302cefe0426199047f973bf4f33547097a0a1acd5ddd8034f37,True,True,True,True,True
F3B2J0012393,12393,F3B2D004131,F3BBG_N120_A0_Q004_R082:NULL:PRIMARY,9,M2,c1ba2179847f1ef1292d5a67c1eb7b6c6f3e25fbaa983bf447b2c1d667ec7198,c1ba2179847f1ef1292d5a67c1eb7b6c6f3e25fbaa983bf447b2c1d667ec7198,56cdf853b2eaee2c11acfe40ffc26f7ea7b655c18eec66afc87c8870fd26526e,56cdf853b2eaee2c11acfe40ffc26f7ea7b655c18eec66afc87c8870fd26526e,True,True,True,True,True
F3B2J0012394,12394,F3B2D004132,F3BBG_N120_A0_Q004_R082:POS:PRIMARY,1,M0,613d5468ab241e0e52a99b1605be5745e5b9c490ba0ba44632336696ec3a2a79,613d5468ab241e0e52a99b1605be5745e5b9c490ba0ba44632336696ec3a2a79,1434072e89a438795658807bfe91de81a4d2bc2f12633ead77f1a3391cde56f7,1434072e89a438795658807bfe91de81a4d2bc2f12633ead77f1a3391cde56f7,True,True,True,True,True
F3B2J0012395,12395,F3B2D004132,F3BBG_N120_A0_Q004_R082:POS:PRIMARY,1,M1,613d5468ab241e0e52a99b1605be5745e5b9c490ba0ba44632336696ec3a2a79,613d5468ab241e0e52a99b1605be5745e5b9c490ba0ba44632336696ec3a2a79,0fef906812337484e069e8a9b288bb27ac5d7f6a8081b56b6d23c90d07626f3c,0fef906812337484e069e8a9b288bb27ac5d7f6a8081b56b6d23c90d07626f3c,True,True,True,True,True
F3B2J0012396,12396,F3B2D004132,F3BBG_N120_A0_Q004_R082:POS:PRIMARY,1,M2,613d5468ab241e0e52a99b1605be5745e5b9c490ba0ba44632336696ec3a2a79,613d5468ab241e0e52a99b1605be5745e5b9c490ba0ba44632336696ec3a2a79,46a36cc31f5b65180ab7d572e4c8075e28a1e407ce017f5e75a74e5e106bed88,46a36cc31f5b65180ab7d572e4c8075e28a1e407ce017f5e75a74e5e106bed88,True,True,True,True,True
F3B2J0012418,12418,F3B2D004140,F3BBG_N120_A0_Q004_R082:POS:PRIMARY,9,M0,613d5468ab241e0e52a99b1605be5745e5b9c490ba0ba44632336696ec3a2a79,613d5468ab241e0e52a99b1605be5745e5b9c490ba0ba44632336696ec3a2a79,88738e21d31b049662a0e172c0b0557de8cadd60621ff56da701148dc23ffaca,88738e21d31b049662a0e172c0b0557de8cadd60621ff56da701148dc23ffaca,True,True,True,True,True
F3B2J0012419,12419,F3B2D004140,F3BBG_N120_A0_Q004_R082:POS:PRIMARY,9,M1,613d5468ab241e0e52a99b1605be5745e5b9c490ba0ba44632336696ec3a2a79,613d5468ab241e0e52a99b1605be5745e5b9c490ba0ba44632336696ec3a2a79,30be08bdfade35433bfa5754c241a9673c804c225b688b1caee5439c6bba380d,30be08bdfade35433bfa5754c241a9673c804c225b688b1caee5439c6bba380d,True,True,True,True,True
F3B2J0012420,12420,F3B2D004140,F3BBG_N120_A0_Q004_R082:POS:PRIMARY,9,M2,613d5468ab241e0e52a99b1605be5745e5b9c490ba0ba44632336696ec3a2a79,613d5468ab241e0e52a99b1605be5745e5b9c490ba0ba44632336696ec3a2a79,84c97acaa22b79f4e7f9adcbde5664e80b7291fbd849d9a64dc4054e83563308,84c97acaa22b79f4e7f9adcbde5664e80b7291fbd849d9a64dc4054e83563308,True,True,True,True,True
F3B2J0012421,12421,F3B2D004141,F3BBG_N120_A1_Q001_R024:NULL:PRIMARY,1,M0,2e5e199aa1acc37f0615863204ff51698d9eb634017fdbb97d3f402eae843e99,2e5e199aa1acc37f0615863204ff51698d9eb634017fdbb97d3f402eae843e99,4e23c0c2ffd99b7f360823eb0627c6124e3ae001ea1ac588783ff642ac13ddcb,4e23c0c2ffd99b7f360823eb0627c6124e3ae001ea1ac588783ff642ac13ddcb,True,True,True,True,True
F3B2J0012422,12422,F3B2D004141,F3BBG_N120_A1_Q001_R024:NULL:PRIMARY,1,M1,2e5e199aa1acc37f0615863204ff51698d9eb634017fdbb97d3f402eae843e99,2e5e199aa1acc37f0615863204ff51698d9eb634017fdbb97d3f402eae843e99,ec812e7c8f3112277c4e332e35138472d13a7b0bc69989000899bcb530c2ad4d,ec812e7c8f3112277c4e332e35138472d13a7b0bc69989000899bcb530c2ad4d,True,True,True,True,True
F3B2J0012423,12423,F3B2D004141,F3BBG_N120_A1_Q001_R024:NULL:PRIMARY,1,M2,2e5e199aa1acc37f0615863204ff51698d9eb634017fdbb97d3f402eae843e99,2e5e199aa1acc37f0615863204ff51698d9eb634017fdbb97d3f402eae843e99,0039e30fbfe96d78d54230df619926f87d912f553b46731793cbf1556e91db4b,0039e30fbfe96d78d54230df619926f87d912f553b46731793cbf1556e91db4b,True,True,True,True,True
F3B2J0012445,12445,F3B2D004149,F3BBG_N120_A1_Q001_R024:NULL:PRIMARY,9,M0,2e5e199aa1acc37f0615863204ff51698d9eb634017fdbb97d3f402eae843e99,2e5e199aa1acc37f0615863204ff51698d9eb634017fdbb97d3f402eae843e99,9ce48921b8b61543db99ef84b406960cb4fe4367d2c08f07b693c0ed68832555,9ce48921b8b61543db99ef84b406960cb4fe4367d2c08f07b693c0ed68832555,True,True,True,True,True
F3B2J0012446,12446,F3B2D004149,F3BBG_N120_A1_Q001_R024:NULL:PRIMARY,9,M1,2e5e199aa1acc37f0615863204ff51698d9eb634017fdbb97d3f402eae843e99,2e5e199aa1acc37f0615863204ff51698d9eb634017fdbb97d3f402eae843e99,14b39c44ff1700686eb4ba1b501f10da11499e23503be704fe0b2f8787432488,14b39c44ff1700686eb4ba1b501f10da11499e23503be704fe0b2f8787432488,True,True,True,True,True
F3B2J0012447,12447,F3B2D004149,F3BBG_N120_A1_Q001_R024:NULL:PRIMARY,9,M2,2e5e199aa1acc37f0615863204ff51698d9eb634017fdbb97d3f402eae843e99,2e5e199aa1acc37f0615863204ff51698d9eb634017fdbb97d3f402eae843e99,103a36ff2fb81da725e57aaa01753974c16fadd56590cf3da0c2321bcf91a5ba,103a36ff2fb81da725e57aaa01753974c16fadd56590cf3da0c2321bcf91a5ba,True,True,True,True,True
F3B2J0012448,12448,F3B2D004150,F3BBG_N120_A1_Q001_R024:POS:PRIMARY,1,M0,28126f30e7897e9bc3f6479bdeb3d3e61dba59ab48c0188bd0bf5ede1f7b527a,28126f30e7897e9bc3f6479bdeb3d3e61dba59ab48c0188bd0bf5ede1f7b527a,0e86ada5531768d4b12f845e9eee3d03df69d982fca0e9e1ea3bca193868f7e7,0e86ada5531768d4b12f845e9eee3d03df69d982fca0e9e1ea3bca193868f7e7,True,True,True,True,True
F3B2J0012449,12449,F3B2D004150,F3BBG_N120_A1_Q001_R024:POS:PRIMARY,1,M1,28126f30e7897e9bc3f6479bdeb3d3e61dba59ab48c0188bd0bf5ede1f7b527a,28126f30e7897e9bc3f6479bdeb3d3e61dba59ab48c0188bd0bf5ede1f7b527a,6c3c69cbc3f4820fd6b3c6f781837e26ef54a40c2a25f8524cf1a5e3141427fc,6c3c69cbc3f4820fd6b3c6f781837e26ef54a40c2a25f8524cf1a5e3141427fc,True,True,True,True,True
F3B2J0012450,12450,F3B2D004150,F3BBG_N120_A1_Q001_R024:POS:PRIMARY,1,M2,28126f30e7897e9bc3f6479bdeb3d3e61dba59ab48c0188bd0bf5ede1f7b527a,28126f30e7897e9bc3f6479bdeb3d3e61dba59ab48c0188bd0bf5ede1f7b527a,96e860a3f1834a49da930c7a2c330cf662f7b25b4b87c825ea1f2a2167d9d369,96e860a3f1834a49da930c7a2c330cf662f7b25b4b87c825ea1f2a2167d9d369,True,True,True,True,True
F3B2J0012472,12472,F3B2D004158,F3BBG_N120_A1_Q001_R024:POS:PRIMARY,9,M0,28126f30e7897e9bc3f6479bdeb3d3e61dba59ab48c0188bd0bf5ede1f7b527a,28126f30e7897e9bc3f6479bdeb3d3e61dba59ab48c0188bd0bf5ede1f7b527a,d013abdc7397f2927a069ee402eca1619e2646e4f983a69dc2120fd44ff87d0a,d013abdc7397f2927a069ee402eca1619e2646e4f983a69dc2120fd44ff87d0a,True,True,True,True,True
F3B2J0012473,12473,F3B2D004158,F3BBG_N120_A1_Q001_R024:POS:PRIMARY,9,M1,28126f30e7897e9bc3f6479bdeb3d3e61dba59ab48c0188bd0bf5ede1f7b527a,28126f30e7897e9bc3f6479bdeb3d3e61dba59ab48c0188bd0bf5ede1f7b527a,8d5736dea0b2718e431edeabf8267aa79917129f03317fcd3c79adb569ff6e5c,8d5736dea0b2718e431edeabf8267aa79917129f03317fcd3c79adb569ff6e5c,True,True,True,True,True
F3B2J0012474,12474,F3B2D004158,F3BBG_N120_A1_Q001_R024:POS:PRIMARY,9,M2,28126f30e7897e9bc3f6479bdeb3d3e61dba59ab48c0188bd0bf5ede1f7b527a,28126f30e7897e9bc3f6479bdeb3d3e61dba59ab48c0188bd0bf5ede1f7b527a,e4a9d5e3ab578b5b5ac884e631ab991abea81bd6e174f4ad946f31ad3095b897,e4a9d5e3ab578b5b5ac884e631ab991abea81bd6e174f4ad946f31ad3095b897,True,True,True,True,True
F3B2J0012475,12475,F3B2D004159,F3BBG_N120_A1_Q002_R004:NULL:PRIMARY,1,M0,9f36d5d67ab4ec18aad186868c74a7e51d6a286184a361bbaac47584e8f59260,9f36d5d67ab4ec18aad186868c74a7e51d6a286184a361bbaac47584e8f59260,3b0603e163feb219539d893f84c2414e0daf573a64c5b95553fc553e07e537be,3b0603e163feb219539d893f84c2414e0daf573a64c5b95553fc553e07e537be,True,True,True,True,True
F3B2J0012476,12476,F3B2D004159,F3BBG_N120_A1_Q002_R004:NULL:PRIMARY,1,M1,9f36d5d67ab4ec18aad186868c74a7e51d6a286184a361bbaac47584e8f59260,9f36d5d67ab4ec18aad186868c74a7e51d6a286184a361bbaac47584e8f59260,a3aa1e438f65ef7f809e9f700f290ba47625ef4983bc3a3d4e8f173730389593,a3aa1e438f65ef7f809e9f700f290ba47625ef4983bc3a3d4e8f173730389593,True,True,True,True,True
F3B2J0012477,12477,F3B2D004159,F3BBG_N120_A1_Q002_R004:NULL:PRIMARY,1,M2,9f36d5d67ab4ec18aad186868c74a7e51d6a286184a361bbaac47584e8f59260,9f36d5d67ab4ec18aad186868c74a7e51d6a286184a361bbaac47584e8f59260,40b930c6805b080a8e08f8a8fc24ec9a5b60561921fba44c9c3d127c5d9bd926,40b930c6805b080a8e08f8a8fc24ec9a5b60561921fba44c9c3d127c5d9bd926,True,True,True,True,True
F3B2J0012499,12499,F3B2D004167,F3BBG_N120_A1_Q002_R004:NULL:PRIMARY,9,M0,9f36d5d67ab4ec18aad186868c74a7e51d6a286184a361bbaac47584e8f59260,9f36d5d67ab4ec18aad186868c74a7e51d6a286184a361bbaac47584e8f59260,d946e07aff8635721d465ae9d3f46a39b817b581c5e5a72dfcb1c6bb295355d8,d946e07aff8635721d465ae9d3f46a39b817b581c5e5a72dfcb1c6bb295355d8,True,True,True,True,True
F3B2J0012500,12500,F3B2D004167,F3BBG_N120_A1_Q002_R004:NULL:PRIMARY,9,M1,9f36d5d67ab4ec18aad186868c74a7e51d6a286184a361bbaac47584e8f59260,9f36d5d67ab4ec18aad186868c74a7e51d6a286184a361bbaac47584e8f59260,3be689aac52309e938913f58b12b982abff8e27201efdee1554eee0772846950,3be689aac52309e938913f58b12b982abff8e27201efdee1554eee0772846950,True,True,True,True,True
F3B2J0012501,12501,F3B2D004167,F3BBG_N120_A1_Q002_R004:NULL:PRIMARY,9,M2,9f36d5d67ab4ec18aad186868c74a7e51d6a286184a361bbaac47584e8f59260,9f36d5d67ab4ec18aad186868c74a7e51d6a286184a361bbaac47584e8f59260,25e2d1e29074b8098c3a807748f8e81e42d059107b0733e755c7fc8a9ea76526,25e2d1e29074b8098c3a807748f8e81e42d059107b0733e755c7fc8a9ea76526,True,True,True,True,True
F3B2J0012502,12502,F3B2D004168,F3BBG_N120_A1_Q002_R004:POS:PRIMARY,1,M0,cafcedb237aa575154de3accb1e691559ae6e2b6ff4c654dce9b3d5573f89f6b,cafcedb237aa575154de3accb1e691559ae6e2b6ff4c654dce9b3d5573f89f6b,b0bdea3c59012404648a80492baa8323994ef8f5d602b385c4843b0921f9f48d,b0bdea3c59012404648a80492baa8323994ef8f5d602b385c4843b0921f9f48d,True,True,True,True,True
F3B2J0012503,12503,F3B2D004168,F3BBG_N120_A1_Q002_R004:POS:PRIMARY,1,M1,cafcedb237aa575154de3accb1e691559ae6e2b6ff4c654dce9b3d5573f89f6b,cafcedb237aa575154de3accb1e691559ae6e2b6ff4c654dce9b3d5573f89f6b,9d186fe8997edbcce5df695db5960c7a7860d78092de5407105234d172042bff,9d186fe8997edbcce5df695db5960c7a7860d78092de5407105234d172042bff,True,True,True,True,True
F3B2J0012504,12504,F3B2D004168,F3BBG_N120_A1_Q002_R004:POS:PRIMARY,1,M2,cafcedb237aa575154de3accb1e691559ae6e2b6ff4c654dce9b3d5573f89f6b,cafcedb237aa575154de3accb1e691559ae6e2b6ff4c654dce9b3d5573f89f6b,050dc37d917fe5502c98ebaaab495ff2004d44071c4d12b61ec9cf9c4bf72c0b,050dc37d917fe5502c98ebaaab495ff2004d44071c4d12b61ec9cf9c4bf72c0b,True,True,True,True,True
F3B2J0012526,12526,F3B2D004176,F3BBG_N120_A1_Q002_R004:POS:PRIMARY,9,M0,cafcedb237aa575154de3accb1e691559ae6e2b6ff4c654dce9b3d5573f89f6b,cafcedb237aa575154de3accb1e691559ae6e2b6ff4c654dce9b3d5573f89f6b,38cd3f0a2b362cb584f8bca159d93b33734f5db0c338269ca47cdf08303dfebd,38cd3f0a2b362cb584f8bca159d93b33734f5db0c338269ca47cdf08303dfebd,True,True,True,True,True
F3B2J0012527,12527,F3B2D004176,F3BBG_N120_A1_Q002_R004:POS:PRIMARY,9,M1,cafcedb237aa575154de3accb1e691559ae6e2b6ff4c654dce9b3d5573f89f6b,cafcedb237aa575154de3accb1e691559ae6e2b6ff4c654dce9b3d5573f89f6b,160571b1084bf2e0350176d20397f3b40723095a1afeb85912407408ad200d65,160571b1084bf2e0350176d20397f3b40723095a1afeb85912407408ad200d65,True,True,True,True,True
F3B2J0012528,12528,F3B2D004176,F3BBG_N120_A1_Q002_R004:POS:PRIMARY,9,M2,cafcedb237aa575154de3accb1e691559ae6e2b6ff4c654dce9b3d5573f89f6b,cafcedb237aa575154de3accb1e691559ae6e2b6ff4c654dce9b3d5573f89f6b,806741c99ae717ce57c42acadfe39d3eccc830dc4a63468bc99867d241a636f8,806741c99ae717ce57c42acadfe39d3eccc830dc4a63468bc99867d241a636f8,True,True,True,True,True
F3B2J0012529,12529,F3B2D004177,F3BBG_N120_A1_Q004_R058:NULL:PRIMARY,1,M0,e8b6fb252396e8225c81b4aabeb7e47f2f3d82d0bea81c7b9dad0222bf74deb9,e8b6fb252396e8225c81b4aabeb7e47f2f3d82d0bea81c7b9dad0222bf74deb9,53a97b0b4c97fcb05be70c0d0f74e951089c6e2ba6f8a27ea88fd72ae74da129,53a97b0b4c97fcb05be70c0d0f74e951089c6e2ba6f8a27ea88fd72ae74da129,True,True,True,True,True
F3B2J0012530,12530,F3B2D004177,F3BBG_N120_A1_Q004_R058:NULL:PRIMARY,1,M1,e8b6fb252396e8225c81b4aabeb7e47f2f3d82d0bea81c7b9dad0222bf74deb9,e8b6fb252396e8225c81b4aabeb7e47f2f3d82d0bea81c7b9dad0222bf74deb9,04312380896a982969f3b1061c106e443442287b8c8b7d33330eceb9589c896a,04312380896a982969f3b1061c106e443442287b8c8b7d33330eceb9589c896a,True,True,True,True,True
F3B2J0012531,12531,F3B2D004177,F3BBG_N120_A1_Q004_R058:NULL:PRIMARY,1,M2,e8b6fb252396e8225c81b4aabeb7e47f2f3d82d0bea81c7b9dad0222bf74deb9,e8b6fb252396e8225c81b4aabeb7e47f2f3d82d0bea81c7b9dad0222bf74deb9,d647cc8e985e809e6e96afe9a7d6abbd6d17a4210227527a9f24bf8b21422767,d647cc8e985e809e6e96afe9a7d6abbd6d17a4210227527a9f24bf8b21422767,True,True,True,True,True
F3B2J0012553,12553,F3B2D004185,F3BBG_N120_A1_Q004_R058:NULL:PRIMARY,9,M0,e8b6fb252396e8225c81b4aabeb7e47f2f3d82d0bea81c7b9dad0222bf74deb9,e8b6fb252396e8225c81b4aabeb7e47f2f3d82d0bea81c7b9dad0222bf74deb9,e25d6738db3edf1124a3680a0ec89208cc2500876771a785b9a29f83b98f59a7,e25d6738db3edf1124a3680a0ec89208cc2500876771a785b9a29f83b98f59a7,True,True,True,True,True
F3B2J0012554,12554,F3B2D004185,F3BBG_N120_A1_Q004_R058:NULL:PRIMARY,9,M1,e8b6fb252396e8225c81b4aabeb7e47f2f3d82d0bea81c7b9dad0222bf74deb9,e8b6fb252396e8225c81b4aabeb7e47f2f3d82d0bea81c7b9dad0222bf74deb9,82ff2b9bb41df19eed24fb1bf3518c1d7e1f7961aacedeba8756674297a714e2,82ff2b9bb41df19eed24fb1bf3518c1d7e1f7961aacedeba8756674297a714e2,True,True,True,True,True
F3B2J0012555,12555,F3B2D004185,F3BBG_N120_A1_Q004_R058:NULL:PRIMARY,9,M2,e8b6fb252396e8225c81b4aabeb7e47f2f3d82d0bea81c7b9dad0222bf74deb9,e8b6fb252396e8225c81b4aabeb7e47f2f3d82d0bea81c7b9dad0222bf74deb9,f1810e9d9ba93e5d19b5b5e21670a34148ee630a9ebcc682b6b24d78a69eb505,f1810e9d9ba93e5d19b5b5e21670a34148ee630a9ebcc682b6b24d78a69eb505,True,True,True,True,True
F3B2J0012556,12556,F3B2D004186,F3BBG_N120_A1_Q004_R058:POS:PRIMARY,1,M0,27f736bd51196fca8f8d721802ef53ae04c784011b076f41ef9707211748eca7,27f736bd51196fca8f8d721802ef53ae04c784011b076f41ef9707211748eca7,5543d0b7ce55c68c769f21138201f6d8f91b03166d854d299f2dacf7be2049e7,5543d0b7ce55c68c769f21138201f6d8f91b03166d854d299f2dacf7be2049e7,True,True,True,True,True
F3B2J0012557,12557,F3B2D004186,F3BBG_N120_A1_Q004_R058:POS:PRIMARY,1,M1,27f736bd51196fca8f8d721802ef53ae04c784011b076f41ef9707211748eca7,27f736bd51196fca8f8d721802ef53ae04c784011b076f41ef9707211748eca7,800f7623812282a3b9f4ad4d7ee0f7353f2cb5f0784412dac9338f326f67f9c5,800f7623812282a3b9f4ad4d7ee0f7353f2cb5f0784412dac9338f326f67f9c5,True,True,True,True,True
F3B2J0012558,12558,F3B2D004186,F3BBG_N120_A1_Q004_R058:POS:PRIMARY,1,M2,27f736bd51196fca8f8d721802ef53ae04c784011b076f41ef9707211748eca7,27f736bd51196fca8f8d721802ef53ae04c784011b076f41ef9707211748eca7,44ce78ececcee9a33f78fc8712ca81f128c846f4ac7868c3484f11fe7fa7fbf9,44ce78ececcee9a33f78fc8712ca81f128c846f4ac7868c3484f11fe7fa7fbf9,True,True,True,True,True
F3B2J0012580,12580,F3B2D004194,F3BBG_N120_A1_Q004_R058:POS:PRIMARY,9,M0,27f736bd51196fca8f8d721802ef53ae04c784011b076f41ef9707211748eca7,27f736bd51196fca8f8d721802ef53ae04c784011b076f41ef9707211748eca7,4581c05bf95c645f702fd48e411fbed7a550aa310ac52462bd5f8b74b9ff08be,4581c05bf95c645f702fd48e411fbed7a550aa310ac52462bd5f8b74b9ff08be,True,True,True,True,True
F3B2J0012581,12581,F3B2D004194,F3BBG_N120_A1_Q004_R058:POS:PRIMARY,9,M1,27f736bd51196fca8f8d721802ef53ae04c784011b076f41ef9707211748eca7,27f736bd51196fca8f8d721802ef53ae04c784011b076f41ef9707211748eca7,350aebb5d2521e32874911b493146ef8c492a243af5e151bb77582e6b4b9dc49,350aebb5d2521e32874911b493146ef8c492a243af5e151bb77582e6b4b9dc49,True,True,True,True,True
F3B2J0012582,12582,F3B2D004194,F3BBG_N120_A1_Q004_R058:POS:PRIMARY,9,M2,27f736bd51196fca8f8d721802ef53ae04c784011b076f41ef9707211748eca7,27f736bd51196fca8f8d721802ef53ae04c784011b076f41ef9707211748eca7,5153d40cbe6e6fd841ca8c8b5ee237e182b19a7b21777a44501858aae3e7e7f9,5153d40cbe6e6fd841ca8c8b5ee237e182b19a7b21777a44501858aae3e7e7f9,True,True,True,True,True
F3B2J0012583,12583,F3B2D004195,F3BBG_N120_A2_Q001_R048:NULL:PRIMARY,1,M0,c019453750439af4b80b9a6c78fea1a07f849452f4e92ccd37ef9ff2fe1d9d39,c019453750439af4b80b9a6c78fea1a07f849452f4e92ccd37ef9ff2fe1d9d39,2e269e8264ba8917b79fe4c0e4528f1a868149fdebf6f2d03ebe3d81a68e2872,2e269e8264ba8917b79fe4c0e4528f1a868149fdebf6f2d03ebe3d81a68e2872,True,True,True,True,True
F3B2J0012584,12584,F3B2D004195,F3BBG_N120_A2_Q001_R048:NULL:PRIMARY,1,M1,c019453750439af4b80b9a6c78fea1a07f849452f4e92ccd37ef9ff2fe1d9d39,c019453750439af4b80b9a6c78fea1a07f849452f4e92ccd37ef9ff2fe1d9d39,ddf93dc357a5f0ff90e6d57ef9853adf16ed6e96e5cb14b2823066a13b6b072b,ddf93dc357a5f0ff90e6d57ef9853adf16ed6e96e5cb14b2823066a13b6b072b,True,True,True,True,True
F3B2J0012585,12585,F3B2D004195,F3BBG_N120_A2_Q001_R048:NULL:PRIMARY,1,M2,c019453750439af4b80b9a6c78fea1a07f849452f4e92ccd37ef9ff2fe1d9d39,c019453750439af4b80b9a6c78fea1a07f849452f4e92ccd37ef9ff2fe1d9d39,c4f37b2d35a0fa88f3016bef1c0e76fc2bd26fabfad66ab8524a4e22aa74f371,c4f37b2d35a0fa88f3016bef1c0e76fc2bd26fabfad66ab8524a4e22aa74f371,True,True,True,True,True
F3B2J0012607,12607,F3B2D004203,F3BBG_N120_A2_Q001_R048:NULL:PRIMARY,9,M0,c019453750439af4b80b9a6c78fea1a07f849452f4e92ccd37ef9ff2fe1d9d39,c019453750439af4b80b9a6c78fea1a07f849452f4e92ccd37ef9ff2fe1d9d39,347c3057a0f407c2cca0dd7bd8bca1b421b961924a95adbb0575c935a42dc543,347c3057a0f407c2cca0dd7bd8bca1b421b961924a95adbb0575c935a42dc543,True,True,True,True,True
F3B2J0012608,12608,F3B2D004203,F3BBG_N120_A2_Q001_R048:NULL:PRIMARY,9,M1,c019453750439af4b80b9a6c78fea1a07f849452f4e92ccd37ef9ff2fe1d9d39,c019453750439af4b80b9a6c78fea1a07f849452f4e92ccd37ef9ff2fe1d9d39,b36e1ee7ca878bdf7adc3abde7c622b0f80f01f0834312f2c9e451466dc2e1d6,b36e1ee7ca878bdf7adc3abde7c622b0f80f01f0834312f2c9e451466dc2e1d6,True,True,True,True,True
F3B2J0012609,12609,F3B2D004203,F3BBG_N120_A2_Q001_R048:NULL:PRIMARY,9,M2,c019453750439af4b80b9a6c78fea1a07f849452f4e92ccd37ef9ff2fe1d9d39,c019453750439af4b80b9a6c78fea1a07f849452f4e92ccd37ef9ff2fe1d9d39,945ac25062682a5a0b97f35852826ccf8816d108a568cc535b03e135b522050a,945ac25062682a5a0b97f35852826ccf8816d108a568cc535b03e135b522050a,True,True,True,True,True
F3B2J0012610,12610,F3B2D004204,F3BBG_N120_A2_Q001_R048:POS:PRIMARY,1,M0,6cb9706cd26717c96d4fb38154bf5237f8eb88ba8b014d548cf717222450c2f4,6cb9706cd26717c96d4fb38154bf5237f8eb88ba8b014d548cf717222450c2f4,a753ec2c2ea54c5505054b7a0667cdfecb51301325fab5a7d38a1650be3d2143,a753ec2c2ea54c5505054b7a0667cdfecb51301325fab5a7d38a1650be3d2143,True,True,True,True,True
F3B2J0012611,12611,F3B2D004204,F3BBG_N120_A2_Q001_R048:POS:PRIMARY,1,M1,6cb9706cd26717c96d4fb38154bf5237f8eb88ba8b014d548cf717222450c2f4,6cb9706cd26717c96d4fb38154bf5237f8eb88ba8b014d548cf717222450c2f4,b65bc7e68ee8657855bf7075f69151f75a9d18e79305b59ca5ef042f11673a68,b65bc7e68ee8657855bf7075f69151f75a9d18e79305b59ca5ef042f11673a68,True,True,True,True,True
F3B2J0012612,12612,F3B2D004204,F3BBG_N120_A2_Q001_R048:POS:PRIMARY,1,M2,6cb9706cd26717c96d4fb38154bf5237f8eb88ba8b014d548cf717222450c2f4,6cb9706cd26717c96d4fb38154bf5237f8eb88ba8b014d548cf717222450c2f4,cfa8d0480734e0c157c4949fe8a6197b6f5428df42edd92d463ee7b7870da8ca,cfa8d0480734e0c157c4949fe8a6197b6f5428df42edd92d463ee7b7870da8ca,True,True,True,True,True
F3B2J0012634,12634,F3B2D004212,F3BBG_N120_A2_Q001_R048:POS:PRIMARY,9,M0,6cb9706cd26717c96d4fb38154bf5237f8eb88ba8b014d548cf717222450c2f4,6cb9706cd26717c96d4fb38154bf5237f8eb88ba8b014d548cf717222450c2f4,a97b1ae2037d2a92a7ceb4796aec0939968f86e52fd60ef09b7c6a3f0f17a9c9,a97b1ae2037d2a92a7ceb4796aec0939968f86e52fd60ef09b7c6a3f0f17a9c9,True,True,True,True,True
F3B2J0012635,12635,F3B2D004212,F3BBG_N120_A2_Q001_R048:POS:PRIMARY,9,M1,6cb9706cd26717c96d4fb38154bf5237f8eb88ba8b014d548cf717222450c2f4,6cb9706cd26717c96d4fb38154bf5237f8eb88ba8b014d548cf717222450c2f4,24d61950e7f16ac3aa131f36d04af1591603d15361e173c4c333fa60839b3e11,24d61950e7f16ac3aa131f36d04af1591603d15361e173c4c333fa60839b3e11,True,True,True,True,True
F3B2J0012636,12636,F3B2D004212,F3BBG_N120_A2_Q001_R048:POS:PRIMARY,9,M2,6cb9706cd26717c96d4fb38154bf5237f8eb88ba8b014d548cf717222450c2f4,6cb9706cd26717c96d4fb38154bf5237f8eb88ba8b014d548cf717222450c2f4,ddb8c07391e77794c6f27f9dcc74f1d4d84837d2f19f3ea5f41134360e9e76a8,ddb8c07391e77794c6f27f9dcc74f1d4d84837d2f19f3ea5f41134360e9e76a8,True,True,True,True,True
F3B2J0012637,12637,F3B2D004213,F3BBG_N120_A2_Q002_R051:NULL:PRIMARY,1,M0,690fe3e19a6f5250f6fc9555d15c297b4883485485053ad485e6a0c63f8327ce,690fe3e19a6f5250f6fc9555d15c297b4883485485053ad485e6a0c63f8327ce,b06bbc0a734084ac8026a80af57490b3583128e3aaf728cefe55f2eb5c0336cc,b06bbc0a734084ac8026a80af57490b3583128e3aaf728cefe55f2eb5c0336cc,True,True,True,True,True
F3B2J0012638,12638,F3B2D004213,F3BBG_N120_A2_Q002_R051:NULL:PRIMARY,1,M1,690fe3e19a6f5250f6fc9555d15c297b4883485485053ad485e6a0c63f8327ce,690fe3e19a6f5250f6fc9555d15c297b4883485485053ad485e6a0c63f8327ce,6577b489abfb387e37c3fd6065ee20fec39c1d85dca251680413380ebc1e7434,6577b489abfb387e37c3fd6065ee20fec39c1d85dca251680413380ebc1e7434,True,True,True,True,True
F3B2J0012639,12639,F3B2D004213,F3BBG_N120_A2_Q002_R051:NULL:PRIMARY,1,M2,690fe3e19a6f5250f6fc9555d15c297b4883485485053ad485e6a0c63f8327ce,690fe3e19a6f5250f6fc9555d15c297b4883485485053ad485e6a0c63f8327ce,c634b964570d6eeb1fe5139c137bc2763d2b554b7727e0f2dd6ca9f16f98c0a9,c634b964570d6eeb1fe5139c137bc2763d2b554b7727e0f2dd6ca9f16f98c0a9,True,True,True,True,True
F3B2J0012661,12661,F3B2D004221,F3BBG_N120_A2_Q002_R051:NULL:PRIMARY,9,M0,690fe3e19a6f5250f6fc9555d15c297b4883485485053ad485e6a0c63f8327ce,690fe3e19a6f5250f6fc9555d15c297b4883485485053ad485e6a0c63f8327ce,a19b22455c91bc5bedf0d6429e43f0ef848ddc47aff9b3080a8cd64db463a1a8,a19b22455c91bc5bedf0d6429e43f0ef848ddc47aff9b3080a8cd64db463a1a8,True,True,True,True,True
F3B2J0012662,12662,F3B2D004221,F3BBG_N120_A2_Q002_R051:NULL:PRIMARY,9,M1,690fe3e19a6f5250f6fc9555d15c297b4883485485053ad485e6a0c63f8327ce,690fe3e19a6f5250f6fc9555d15c297b4883485485053ad485e6a0c63f8327ce,60748da31404558e36314d9127e9c72755cb24c9b6a540e527464030e53862c2,60748da31404558e36314d9127e9c72755cb24c9b6a540e527464030e53862c2,True,True,True,True,True
F3B2J0012663,12663,F3B2D004221,F3BBG_N120_A2_Q002_R051:NULL:PRIMARY,9,M2,690fe3e19a6f5250f6fc9555d15c297b4883485485053ad485e6a0c63f8327ce,690fe3e19a6f5250f6fc9555d15c297b4883485485053ad485e6a0c63f8327ce,90532ecbe6838ba40060476bd6f2eba83a7ff2c5b73e2a050d1e255efc43fa37,90532ecbe6838ba40060476bd6f2eba83a7ff2c5b73e2a050d1e255efc43fa37,True,True,True,True,True
F3B2J0012664,12664,F3B2D004222,F3BBG_N120_A2_Q002_R051:POS:PRIMARY,1,M0,d877a6aef6a905ea3cf8164a499b45ac27a06cc714ce8a103aeba7e5ce16c16a,d877a6aef6a905ea3cf8164a499b45ac27a06cc714ce8a103aeba7e5ce16c16a,6b62f04e6291820bb4abccad92b81abadaf9eacca9df84127fef0bd1a3819e8f,6b62f04e6291820bb4abccad92b81abadaf9eacca9df84127fef0bd1a3819e8f,True,True,True,True,True
F3B2J0012665,12665,F3B2D004222,F3BBG_N120_A2_Q002_R051:POS:PRIMARY,1,M1,d877a6aef6a905ea3cf8164a499b45ac27a06cc714ce8a103aeba7e5ce16c16a,d877a6aef6a905ea3cf8164a499b45ac27a06cc714ce8a103aeba7e5ce16c16a,db73ff8bf3a41acbf6938f13b8fb3aac2575e646bb056035115c0d8ecde9a7ff,db73ff8bf3a41acbf6938f13b8fb3aac2575e646bb056035115c0d8ecde9a7ff,True,True,True,True,True
F3B2J0012666,12666,F3B2D004222,F3BBG_N120_A2_Q002_R051:POS:PRIMARY,1,M2,d877a6aef6a905ea3cf8164a499b45ac27a06cc714ce8a103aeba7e5ce16c16a,d877a6aef6a905ea3cf8164a499b45ac27a06cc714ce8a103aeba7e5ce16c16a,5488fcd07f5de33850c4d40a83283be01bdc1f95c9eec37f4cbcd2335d526358,5488fcd07f5de33850c4d40a83283be01bdc1f95c9eec37f4cbcd2335d526358,True,True,True,True,True
F3B2J0012688,12688,F3B2D004230,F3BBG_N120_A2_Q002_R051:POS:PRIMARY,9,M0,d877a6aef6a905ea3cf8164a499b45ac27a06cc714ce8a103aeba7e5ce16c16a,d877a6aef6a905ea3cf8164a499b45ac27a06cc714ce8a103aeba7e5ce16c16a,d0692ab5b2205f46fd38530eae3a8594a7e611ce3fbdca0b7559cadde9fb3cfa,d0692ab5b2205f46fd38530eae3a8594a7e611ce3fbdca0b7559cadde9fb3cfa,True,True,True,True,True
F3B2J0012689,12689,F3B2D004230,F3BBG_N120_A2_Q002_R051:POS:PRIMARY,9,M1,d877a6aef6a905ea3cf8164a499b45ac27a06cc714ce8a103aeba7e5ce16c16a,d877a6aef6a905ea3cf8164a499b45ac27a06cc714ce8a103aeba7e5ce16c16a,3a6d5da454dba1546a1217af0247ed7ce2f83ac046d345df2557b987994fe108,3a6d5da454dba1546a1217af0247ed7ce2f83ac046d345df2557b987994fe108,True,True,True,True,True
F3B2J0012690,12690,F3B2D004230,F3BBG_N120_A2_Q002_R051:POS:PRIMARY,9,M2,d877a6aef6a905ea3cf8164a499b45ac27a06cc714ce8a103aeba7e5ce16c16a,d877a6aef6a905ea3cf8164a499b45ac27a06cc714ce8a103aeba7e5ce16c16a,e737e551dd1b0aa6ab8ff14991a0ff9b1bb6ff7fe0edb2f97874601f72d426bb,e737e551dd1b0aa6ab8ff14991a0ff9b1bb6ff7fe0edb2f97874601f72d426bb,True,True,True,True,True
F3B2J0012691,12691,F3B2D004231,F3BBG_N120_A2_Q004_R038:NULL:PRIMARY,1,M0,3a6f02bf49f4f8a1939bfebd2ad047d48b44b7fc3b3ed6e2e2df2ad1f89c7155,3a6f02bf49f4f8a1939bfebd2ad047d48b44b7fc3b3ed6e2e2df2ad1f89c7155,9de5893c46cfb8a04bda262e36b316cc8b58475e6b65837bfebb114bbb932d20,9de5893c46cfb8a04bda262e36b316cc8b58475e6b65837bfebb114bbb932d20,True,True,True,True,True
F3B2J0012692,12692,F3B2D004231,F3BBG_N120_A2_Q004_R038:NULL:PRIMARY,1,M1,3a6f02bf49f4f8a1939bfebd2ad047d48b44b7fc3b3ed6e2e2df2ad1f89c7155,3a6f02bf49f4f8a1939bfebd2ad047d48b44b7fc3b3ed6e2e2df2ad1f89c7155,53fd97997731bbafc494617bcdc7e298cd32135206c21a26de998e02c42e83a6,53fd97997731bbafc494617bcdc7e298cd32135206c21a26de998e02c42e83a6,True,True,True,True,True
F3B2J0012693,12693,F3B2D004231,F3BBG_N120_A2_Q004_R038:NULL:PRIMARY,1,M2,3a6f02bf49f4f8a1939bfebd2ad047d48b44b7fc3b3ed6e2e2df2ad1f89c7155,3a6f02bf49f4f8a1939bfebd2ad047d48b44b7fc3b3ed6e2e2df2ad1f89c7155,8a1ad43542961eea53a9a33c53aa0d3f8ee6497b328c381c7feab86d18b75daa,8a1ad43542961eea53a9a33c53aa0d3f8ee6497b328c381c7feab86d18b75daa,True,True,True,True,True
F3B2J0012715,12715,F3B2D004239,F3BBG_N120_A2_Q004_R038:NULL:PRIMARY,9,M0,3a6f02bf49f4f8a1939bfebd2ad047d48b44b7fc3b3ed6e2e2df2ad1f89c7155,3a6f02bf49f4f8a1939bfebd2ad047d48b44b7fc3b3ed6e2e2df2ad1f89c7155,98bef1484b8e4b1598a7627bdae21111697a9913baee17e304ddcb195a666668,98bef1484b8e4b1598a7627bdae21111697a9913baee17e304ddcb195a666668,True,True,True,True,True
F3B2J0012716,12716,F3B2D004239,F3BBG_N120_A2_Q004_R038:NULL:PRIMARY,9,M1,3a6f02bf49f4f8a1939bfebd2ad047d48b44b7fc3b3ed6e2e2df2ad1f89c7155,3a6f02bf49f4f8a1939bfebd2ad047d48b44b7fc3b3ed6e2e2df2ad1f89c7155,5470614b60c896f85144bf0c518723528194ce7afb4acac7ae74a8d0b547371e,5470614b60c896f85144bf0c518723528194ce7afb4acac7ae74a8d0b547371e,True,True,True,True,True
F3B2J0012717,12717,F3B2D004239,F3BBG_N120_A2_Q004_R038:NULL:PRIMARY,9,M2,3a6f02bf49f4f8a1939bfebd2ad047d48b44b7fc3b3ed6e2e2df2ad1f89c7155,3a6f02bf49f4f8a1939bfebd2ad047d48b44b7fc3b3ed6e2e2df2ad1f89c7155,2addbc8b0a382c0fd435426cb61d7b03f2fa869f896f519e582c8fd68a1b2361,2addbc8b0a382c0fd435426cb61d7b03f2fa869f896f519e582c8fd68a1b2361,True,True,True,True,True
F3B2J0012718,12718,F3B2D004240,F3BBG_N120_A2_Q004_R038:POS:PRIMARY,1,M0,0f2c0679adb618826a0dab6c38596eaa02ebdcef11d13659d0d112acdcaa8f34,0f2c0679adb618826a0dab6c38596eaa02ebdcef11d13659d0d112acdcaa8f34,a2baff4c0e048ece76c965f438106f9ac8d4622938cdca83b6ed1d16eda46ef4,a2baff4c0e048ece76c965f438106f9ac8d4622938cdca83b6ed1d16eda46ef4,True,True,True,True,True
F3B2J0012719,12719,F3B2D004240,F3BBG_N120_A2_Q004_R038:POS:PRIMARY,1,M1,0f2c0679adb618826a0dab6c38596eaa02ebdcef11d13659d0d112acdcaa8f34,0f2c0679adb618826a0dab6c38596eaa02ebdcef11d13659d0d112acdcaa8f34,e8fe0e1f2ed9e2b5fede593d6b7b3c45b42e3c1623b7737059444d098c8b0e3b,e8fe0e1f2ed9e2b5fede593d6b7b3c45b42e3c1623b7737059444d098c8b0e3b,True,True,True,True,True
F3B2J0012720,12720,F3B2D004240,F3BBG_N120_A2_Q004_R038:POS:PRIMARY,1,M2,0f2c0679adb618826a0dab6c38596eaa02ebdcef11d13659d0d112acdcaa8f34,0f2c0679adb618826a0dab6c38596eaa02ebdcef11d13659d0d112acdcaa8f34,ea6392dd17d78eef60c9a4053feb87fc41e59176045e5fe9fc1bb7a4114349e2,ea6392dd17d78eef60c9a4053feb87fc41e59176045e5fe9fc1bb7a4114349e2,True,True,True,True,True
F3B2J0012742,12742,F3B2D004248,F3BBG_N120_A2_Q004_R038:POS:PRIMARY,9,M0,0f2c0679adb618826a0dab6c38596eaa02ebdcef11d13659d0d112acdcaa8f34,0f2c0679adb618826a0dab6c38596eaa02ebdcef11d13659d0d112acdcaa8f34,9560df88ea51bb6563577304ff8a297160c1ac45b2b01dbca33ab652200400f4,9560df88ea51bb6563577304ff8a297160c1ac45b2b01dbca33ab652200400f4,True,True,True,True,True
F3B2J0012743,12743,F3B2D004248,F3BBG_N120_A2_Q004_R038:POS:PRIMARY,9,M1,0f2c0679adb618826a0dab6c38596eaa02ebdcef11d13659d0d112acdcaa8f34,0f2c0679adb618826a0dab6c38596eaa02ebdcef11d13659d0d112acdcaa8f34,9ab57d4eebd33b73767484ec6c81eb8beee2e722af7793fc19c700e25d1fca16,9ab57d4eebd33b73767484ec6c81eb8beee2e722af7793fc19c700e25d1fca16,True,True,True,True,True
F3B2J0012744,12744,F3B2D004248,F3BBG_N120_A2_Q004_R038:POS:PRIMARY,9,M2,0f2c0679adb618826a0dab6c38596eaa02ebdcef11d13659d0d112acdcaa8f34,0f2c0679adb618826a0dab6c38596eaa02ebdcef11d13659d0d112acdcaa8f34,39a79119b3908ab81cf0d68b3e513d43eb9f25db85e88e4955d5ccf7875ac6f9,39a79119b3908ab81cf0d68b3e513d43eb9f25db85e88e4955d5ccf7875ac6f9,True,True,True,True,True
