contrast_id,event_id,pair_id,observational_role,window_variant_id,left_processing_profile_id,right_processing_profile_id,left_variant_id,right_variant_id,left_primary_outcome,right_primary_outcome,left_admissibility_status,right_admissibility_status,left_inadmissibility_reason,right_inadmissibility_reason,comparability_status,selection_transition,change_delta_bic_0_1,change_delta_bic_2_1,change_joint_margin
FLUX_FINITE,published_qpp_pdcsap_all,calibration_pair,PUBLISHED_QPP_REPRODUCED,W00,P00,P01,F2V000001,F2V000002,SELECTED,NOT_SELECTED,ELIGIBLE_FOR_AFINO,ELIGIBLE_FOR_AFINO,,,BOTH_ELIGIBLE,1→0,-20.56940037841324,-14.567612219901939,-18.135807626946885
QUALITY_PDCSAP,published_qpp_pdcsap_all,calibration_pair,PUBLISHED_QPP_REPRODUCED,W00,P00,P02,F2V000001,F2V000003,SELECTED,SELECTED,ELIGIBLE_FOR_AFINO,ELIGIBLE_FOR_AFINO,,,BOTH_ELIGIBLE,1→1,0.0,0.0,0.0
QUALITY_SAP,published_qpp_pdcsap_all,calibration_pair,PUBLISHED_QPP_REPRODUCED,W00,P01,P03,F2V000002,F2V000004,NOT_SELECTED,NOT_SELECTED,ELIGIBLE_FOR_AFINO,ELIGIBLE_FOR_AFINO,,,BOTH_ELIGIBLE,0→0,0.0,0.0,0.0
DETREND_PDCSAP,published_qpp_pdcsap_all,calibration_pair,PUBLISHED_QPP_REPRODUCED,W00,P00,P04,F2V000001,F2V000005,SELECTED,SELECTED,ELIGIBLE_FOR_AFINO,ELIGIBLE_FOR_AFINO,,,BOTH_ELIGIBLE,1→1,-0.8707382510477579,-0.6207971537516723,-0.6207971537516723
DETREND_SAP,published_qpp_pdcsap_all,calibration_pair,PUBLISHED_QPP_REPRODUCED,W00,P01,P05,F2V000002,F2V000006,NOT_SELECTED,NOT_SELECTED,ELIGIBLE_FOR_AFINO,ELIGIBLE_FOR_AFINO,,,BOTH_ELIGIBLE,0→0,0.011766694550260581,0.013278816118763359,0.011766694550260581
FLUX_Q0,published_qpp_pdcsap_all,calibration_pair,PUBLISHED_QPP_REPRODUCED,W00,P02,P03,F2V000003,F2V000004,SELECTED,NOT_SELECTED,ELIGIBLE_FOR_AFINO,ELIGIBLE_FOR_AFINO,,,BOTH_ELIGIBLE,1→0,-20.56940037841324,-14.567612219901939,-18.135807626946885
FLUX_FINITE,published_qpp_pdcsap_all,calibration_pair,PUBLISHED_QPP_REPRODUCED,WSm2,P00,P01,F2V000007,F2V000008,NOT_SELECTED,NOT_SELECTED,ELIGIBLE_FOR_AFINO,ELIGIBLE_FOR_AFINO,,,BOTH_ELIGIBLE,0→0,-0.15120431856860606,1.5855148250309021,-0.15120431856860606
QUALITY_PDCSAP,published_qpp_pdcsap_all,calibration_pair,PUBLISHED_QPP_REPRODUCED,WSm2,P00,P02,F2V000007,F2V000009,NOT_SELECTED,NOT_SELECTED,ELIGIBLE_FOR_AFINO,ELIGIBLE_FOR_AFINO,,,BOTH_ELIGIBLE,0→0,0.0,0.0,0.0
QUALITY_SAP,published_qpp_pdcsap_all,calibration_pair,PUBLISHED_QPP_REPRODUCED,WSm2,P01,P03,F2V000008,F2V000010,NOT_SELECTED,NOT_SELECTED,ELIGIBLE_FOR_AFINO,ELIGIBLE_FOR_AFINO,,,BOTH_ELIGIBLE,0→0,0.0,0.0,0.0
DETREND_PDCSAP,published_qpp_pdcsap_all,calibration_pair,PUBLISHED_QPP_REPRODUCED,WSm2,P00,P04,F2V000007,F2V000011,NOT_SELECTED,NOT_SELECTED,ELIGIBLE_FOR_AFINO,ELIGIBLE_FOR_AFINO,,,BOTH_ELIGIBLE,0→0,-0.623127700126088,-0.35657822016798235,-0.6231277001260871
DETREND_SAP,published_qpp_pdcsap_all,calibration_pair,PUBLISHED_QPP_REPRODUCED,WSm2,P01,P05,F2V000008,F2V000012,NOT_SELECTED,NOT_SELECTED,ELIGIBLE_FOR_AFINO,ELIGIBLE_FOR_AFINO,,,BOTH_ELIGIBLE,0→0,-1.14162260265633,-1.1606609792123734,-1.14162260265633
FLUX_Q0,published_qpp_pdcsap_all,calibration_pair,PUBLISHED_QPP_REPRODUCED,WSm2,P02,P03,F2V000009,F2V000010,NOT_SELECTED,NOT_SELECTED,ELIGIBLE_FOR_AFINO,ELIGIBLE_FOR_AFINO,,,BOTH_ELIGIBLE,0→0,-0.15120431856860606,1.5855148250309021,-0.15120431856860606
FLUX_FINITE,published_qpp_pdcsap_all,calibration_pair,PUBLISHED_QPP_REPRODUCED,WSm1,P00,P01,F2V000013,F2V000014,NOT_SELECTED,NOT_SELECTED,ELIGIBLE_FOR_AFINO,ELIGIBLE_FOR_AFINO,,,BOTH_ELIGIBLE,0→0,-5.413455055071962,-2.434311222231896,-5.413455055071962
QUALITY_PDCSAP,published_qpp_pdcsap_all,calibration_pair,PUBLISHED_QPP_REPRODUCED,WSm1,P00,P02,F2V000013,F2V000015,NOT_SELECTED,NOT_SELECTED,ELIGIBLE_FOR_AFINO,ELIGIBLE_FOR_AFINO,,,BOTH_ELIGIBLE,0→0,0.0,0.0,0.0
QUALITY_SAP,published_qpp_pdcsap_all,calibration_pair,PUBLISHED_QPP_REPRODUCED,WSm1,P01,P03,F2V000014,F2V000016,NOT_SELECTED,NOT_SELECTED,ELIGIBLE_FOR_AFINO,ELIGIBLE_FOR_AFINO,,,BOTH_ELIGIBLE,0→0,0.0,0.0,0.0
DETREND_PDCSAP,published_qpp_pdcsap_all,calibration_pair,PUBLISHED_QPP_REPRODUCED,WSm1,P00,P04,F2V000013,F2V000017,NOT_SELECTED,NOT_SELECTED,ELIGIBLE_FOR_AFINO,ELIGIBLE_FOR_AFINO,,,BOTH_ELIGIBLE,0→0,-0.2500080158989366,-0.4753919643900115,-0.2500080158989366
DETREND_SAP,published_qpp_pdcsap_all,calibration_pair,PUBLISHED_QPP_REPRODUCED,WSm1,P01,P05,F2V000014,F2V000018,NOT_SELECTED,NOT_SELECTED,ELIGIBLE_FOR_AFINO,ELIGIBLE_FOR_AFINO,,,BOTH_ELIGIBLE,0→0,-0.4755911760871996,-0.48850029114947446,-0.4755911760871996
FLUX_Q0,published_qpp_pdcsap_all,calibration_pair,PUBLISHED_QPP_REPRODUCED,WSm1,P02,P03,F2V000015,F2V000016,NOT_SELECTED,NOT_SELECTED,ELIGIBLE_FOR_AFINO,ELIGIBLE_FOR_AFINO,,,BOTH_ELIGIBLE,0→0,-5.413455055071962,-2.434311222231896,-5.413455055071962
FLUX_FINITE,published_qpp_pdcsap_all,calibration_pair,PUBLISHED_QPP_REPRODUCED,WSp1,P00,P01,F2V000019,F2V000020,INPUT_INADMISSIBLE,INPUT_INADMISSIBLE,TOO_FEW_CADENCES,TOO_FEW_CADENCES,14 retained cadences; minimum is 15.,14 retained cadences; minimum is 15.,BOTH_INADMISSIBLE,,,,
QUALITY_PDCSAP,published_qpp_pdcsap_all,calibration_pair,PUBLISHED_QPP_REPRODUCED,WSp1,P00,P02,F2V000019,F2V000021,INPUT_INADMISSIBLE,INPUT_INADMISSIBLE,TOO_FEW_CADENCES,TOO_FEW_CADENCES,14 retained cadences; minimum is 15.,14 retained cadences; minimum is 15.,BOTH_INADMISSIBLE,,,,
QUALITY_SAP,published_qpp_pdcsap_all,calibration_pair,PUBLISHED_QPP_REPRODUCED,WSp1,P01,P03,F2V000020,F2V000022,INPUT_INADMISSIBLE,INPUT_INADMISSIBLE,TOO_FEW_CADENCES,TOO_FEW_CADENCES,14 retained cadences; minimum is 15.,14 retained cadences; minimum is 15.,BOTH_INADMISSIBLE,,,,
DETREND_PDCSAP,published_qpp_pdcsap_all,calibration_pair,PUBLISHED_QPP_REPRODUCED,WSp1,P00,P04,F2V000019,F2V000023,INPUT_INADMISSIBLE,INPUT_INADMISSIBLE,TOO_FEW_CADENCES,TOO_FEW_CADENCES,14 retained cadences; minimum is 15.,14 retained cadences; minimum is 15.,BOTH_INADMISSIBLE,,,,
DETREND_SAP,published_qpp_pdcsap_all,calibration_pair,PUBLISHED_QPP_REPRODUCED,WSp1,P01,P05,F2V000020,F2V000024,INPUT_INADMISSIBLE,INPUT_INADMISSIBLE,TOO_FEW_CADENCES,TOO_FEW_CADENCES,14 retained cadences; minimum is 15.,14 retained cadences; minimum is 15.,BOTH_INADMISSIBLE,,,,
FLUX_Q0,published_qpp_pdcsap_all,calibration_pair,PUBLISHED_QPP_REPRODUCED,WSp1,P02,P03,F2V000021,F2V000022,INPUT_INADMISSIBLE,INPUT_INADMISSIBLE,TOO_FEW_CADENCES,TOO_FEW_CADENCES,14 retained cadences; minimum is 15.,14 retained cadences; minimum is 15.,BOTH_INADMISSIBLE,,,,
FLUX_FINITE,published_qpp_pdcsap_all,calibration_pair,PUBLISHED_QPP_REPRODUCED,WSp2,P00,P01,F2V000025,F2V000026,INPUT_INADMISSIBLE,INPUT_INADMISSIBLE,TOO_FEW_CADENCES,TOO_FEW_CADENCES,13 retained cadences; minimum is 15.,13 retained cadences; minimum is 15.,BOTH_INADMISSIBLE,,,,
QUALITY_PDCSAP,published_qpp_pdcsap_all,calibration_pair,PUBLISHED_QPP_REPRODUCED,WSp2,P00,P02,F2V000025,F2V000027,INPUT_INADMISSIBLE,INPUT_INADMISSIBLE,TOO_FEW_CADENCES,TOO_FEW_CADENCES,13 retained cadences; minimum is 15.,13 retained cadences; minimum is 15.,BOTH_INADMISSIBLE,,,,
QUALITY_SAP,published_qpp_pdcsap_all,calibration_pair,PUBLISHED_QPP_REPRODUCED,WSp2,P01,P03,F2V000026,F2V000028,INPUT_INADMISSIBLE,INPUT_INADMISSIBLE,TOO_FEW_CADENCES,TOO_FEW_CADENCES,13 retained cadences; minimum is 15.,13 retained cadences; minimum is 15.,BOTH_INADMISSIBLE,,,,
DETREND_PDCSAP,published_qpp_pdcsap_all,calibration_pair,PUBLISHED_QPP_REPRODUCED,WSp2,P00,P04,F2V000025,F2V000029,INPUT_INADMISSIBLE,INPUT_INADMISSIBLE,TOO_FEW_CADENCES,TOO_FEW_CADENCES,13 retained cadences; minimum is 15.,13 retained cadences; minimum is 15.,BOTH_INADMISSIBLE,,,,
DETREND_SAP,published_qpp_pdcsap_all,calibration_pair,PUBLISHED_QPP_REPRODUCED,WSp2,P01,P05,F2V000026,F2V000030,INPUT_INADMISSIBLE,INPUT_INADMISSIBLE,TOO_FEW_CADENCES,TOO_FEW_CADENCES,13 retained cadences; minimum is 15.,13 retained cadences; minimum is 15.,BOTH_INADMISSIBLE,,,,
FLUX_Q0,published_qpp_pdcsap_all,calibration_pair,PUBLISHED_QPP_REPRODUCED,WSp2,P02,P03,F2V000027,F2V000028,INPUT_INADMISSIBLE,INPUT_INADMISSIBLE,TOO_FEW_CADENCES,TOO_FEW_CADENCES,13 retained cadences; minimum is 15.,13 retained cadences; minimum is 15.,BOTH_INADMISSIBLE,,,,
FLUX_FINITE,published_qpp_pdcsap_all,calibration_pair,PUBLISHED_QPP_REPRODUCED,WEm2,P00,P01,F2V000031,F2V000032,INPUT_INADMISSIBLE,INPUT_INADMISSIBLE,TOO_FEW_CADENCES,TOO_FEW_CADENCES,13 retained cadences; minimum is 15.,13 retained cadences; minimum is 15.,BOTH_INADMISSIBLE,,,,
QUALITY_PDCSAP,published_qpp_pdcsap_all,calibration_pair,PUBLISHED_QPP_REPRODUCED,WEm2,P00,P02,F2V000031,F2V000033,INPUT_INADMISSIBLE,INPUT_INADMISSIBLE,TOO_FEW_CADENCES,TOO_FEW_CADENCES,13 retained cadences; minimum is 15.,13 retained cadences; minimum is 15.,BOTH_INADMISSIBLE,,,,
QUALITY_SAP,published_qpp_pdcsap_all,calibration_pair,PUBLISHED_QPP_REPRODUCED,WEm2,P01,P03,F2V000032,F2V000034,INPUT_INADMISSIBLE,INPUT_INADMISSIBLE,TOO_FEW_CADENCES,TOO_FEW_CADENCES,13 retained cadences; minimum is 15.,13 retained cadences; minimum is 15.,BOTH_INADMISSIBLE,,,,
DETREND_PDCSAP,published_qpp_pdcsap_all,calibration_pair,PUBLISHED_QPP_REPRODUCED,WEm2,P00,P04,F2V000031,F2V000035,INPUT_INADMISSIBLE,INPUT_INADMISSIBLE,TOO_FEW_CADENCES,TOO_FEW_CADENCES,13 retained cadences; minimum is 15.,13 retained cadences; minimum is 15.,BOTH_INADMISSIBLE,,,,
DETREND_SAP,published_qpp_pdcsap_all,calibration_pair,PUBLISHED_QPP_REPRODUCED,WEm2,P01,P05,F2V000032,F2V000036,INPUT_INADMISSIBLE,INPUT_INADMISSIBLE,TOO_FEW_CADENCES,TOO_FEW_CADENCES,13 retained cadences; minimum is 15.,13 retained cadences; minimum is 15.,BOTH_INADMISSIBLE,,,,
FLUX_Q0,published_qpp_pdcsap_all,calibration_pair,PUBLISHED_QPP_REPRODUCED,WEm2,P02,P03,F2V000033,F2V000034,INPUT_INADMISSIBLE,INPUT_INADMISSIBLE,TOO_FEW_CADENCES,TOO_FEW_CADENCES,13 retained cadences; minimum is 15.,13 retained cadences; minimum is 15.,BOTH_INADMISSIBLE,,,,
FLUX_FINITE,published_qpp_pdcsap_all,calibration_pair,PUBLISHED_QPP_REPRODUCED,WEm1,P00,P01,F2V000037,F2V000038,INPUT_INADMISSIBLE,INPUT_INADMISSIBLE,TOO_FEW_CADENCES,TOO_FEW_CADENCES,14 retained cadences; minimum is 15.,14 retained cadences; minimum is 15.,BOTH_INADMISSIBLE,,,,
QUALITY_PDCSAP,published_qpp_pdcsap_all,calibration_pair,PUBLISHED_QPP_REPRODUCED,WEm1,P00,P02,F2V000037,F2V000039,INPUT_INADMISSIBLE,INPUT_INADMISSIBLE,TOO_FEW_CADENCES,TOO_FEW_CADENCES,14 retained cadences; minimum is 15.,14 retained cadences; minimum is 15.,BOTH_INADMISSIBLE,,,,
QUALITY_SAP,published_qpp_pdcsap_all,calibration_pair,PUBLISHED_QPP_REPRODUCED,WEm1,P01,P03,F2V000038,F2V000040,INPUT_INADMISSIBLE,INPUT_INADMISSIBLE,TOO_FEW_CADENCES,TOO_FEW_CADENCES,14 retained cadences; minimum is 15.,14 retained cadences; minimum is 15.,BOTH_INADMISSIBLE,,,,
DETREND_PDCSAP,published_qpp_pdcsap_all,calibration_pair,PUBLISHED_QPP_REPRODUCED,WEm1,P00,P04,F2V000037,F2V000041,INPUT_INADMISSIBLE,INPUT_INADMISSIBLE,TOO_FEW_CADENCES,TOO_FEW_CADENCES,14 retained cadences; minimum is 15.,14 retained cadences; minimum is 15.,BOTH_INADMISSIBLE,,,,
DETREND_SAP,published_qpp_pdcsap_all,calibration_pair,PUBLISHED_QPP_REPRODUCED,WEm1,P01,P05,F2V000038,F2V000042,INPUT_INADMISSIBLE,INPUT_INADMISSIBLE,TOO_FEW_CADENCES,TOO_FEW_CADENCES,14 retained cadences; minimum is 15.,14 retained cadences; minimum is 15.,BOTH_INADMISSIBLE,,,,
FLUX_Q0,published_qpp_pdcsap_all,calibration_pair,PUBLISHED_QPP_REPRODUCED,WEm1,P02,P03,F2V000039,F2V000040,INPUT_INADMISSIBLE,INPUT_INADMISSIBLE,TOO_FEW_CADENCES,TOO_FEW_CADENCES,14 retained cadences; minimum is 15.,14 retained cadences; minimum is 15.,BOTH_INADMISSIBLE,,,,
FLUX_FINITE,published_qpp_pdcsap_all,calibration_pair,PUBLISHED_QPP_REPRODUCED,WEp1,P00,P01,F2V000043,F2V000044,SELECTED,NOT_SELECTED,ELIGIBLE_FOR_AFINO,ELIGIBLE_FOR_AFINO,,,BOTH_ELIGIBLE,1→0,-12.473866061055492,-9.795691463070746,-12.473866061055492
QUALITY_PDCSAP,published_qpp_pdcsap_all,calibration_pair,PUBLISHED_QPP_REPRODUCED,WEp1,P00,P02,F2V000043,F2V000045,SELECTED,SELECTED,ELIGIBLE_FOR_AFINO,ELIGIBLE_FOR_AFINO,,,BOTH_ELIGIBLE,1→1,0.0,0.0,0.0
QUALITY_SAP,published_qpp_pdcsap_all,calibration_pair,PUBLISHED_QPP_REPRODUCED,WEp1,P01,P03,F2V000044,F2V000046,NOT_SELECTED,NOT_SELECTED,ELIGIBLE_FOR_AFINO,ELIGIBLE_FOR_AFINO,,,BOTH_ELIGIBLE,0→0,0.0,0.0,0.0
DETREND_PDCSAP,published_qpp_pdcsap_all,calibration_pair,PUBLISHED_QPP_REPRODUCED,WEp1,P00,P04,F2V000043,F2V000047,SELECTED,NOT_SELECTED,ELIGIBLE_FOR_AFINO,ELIGIBLE_FOR_AFINO,,,BOTH_ELIGIBLE,1→0,-0.9623483695838946,-0.7319829412206058,-0.9623483695838946
DETREND_SAP,published_qpp_pdcsap_all,calibration_pair,PUBLISHED_QPP_REPRODUCED,WEp1,P01,P05,F2V000044,F2V000048,NOT_SELECTED,NOT_SELECTED,ELIGIBLE_FOR_AFINO,ELIGIBLE_FOR_AFINO,,,BOTH_ELIGIBLE,0→0,-0.03341028741398233,0.13608666083190357,-0.03341028741398233
FLUX_Q0,published_qpp_pdcsap_all,calibration_pair,PUBLISHED_QPP_REPRODUCED,WEp1,P02,P03,F2V000045,F2V000046,SELECTED,NOT_SELECTED,ELIGIBLE_FOR_AFINO,ELIGIBLE_FOR_AFINO,,,BOTH_ELIGIBLE,1→0,-12.473866061055492,-9.795691463070746,-12.473866061055492
FLUX_FINITE,published_qpp_pdcsap_all,calibration_pair,PUBLISHED_QPP_REPRODUCED,WEp2,P00,P01,F2V000049,F2V000050,NOT_SELECTED,NOT_SELECTED,ELIGIBLE_FOR_AFINO,ELIGIBLE_FOR_AFINO,,,BOTH_ELIGIBLE,0→0,-7.402919173133457,-5.995116659040081,-7.402919173133457
QUALITY_PDCSAP,published_qpp_pdcsap_all,calibration_pair,PUBLISHED_QPP_REPRODUCED,WEp2,P00,P02,F2V000049,F2V000051,NOT_SELECTED,NOT_SELECTED,ELIGIBLE_FOR_AFINO,ELIGIBLE_FOR_AFINO,,,BOTH_ELIGIBLE,0→0,0.0,0.0,0.0
QUALITY_SAP,published_qpp_pdcsap_all,calibration_pair,PUBLISHED_QPP_REPRODUCED,WEp2,P01,P03,F2V000050,F2V000052,NOT_SELECTED,NOT_SELECTED,ELIGIBLE_FOR_AFINO,ELIGIBLE_FOR_AFINO,,,BOTH_ELIGIBLE,0→0,0.0,0.0,0.0
DETREND_PDCSAP,published_qpp_pdcsap_all,calibration_pair,PUBLISHED_QPP_REPRODUCED,WEp2,P00,P04,F2V000049,F2V000053,NOT_SELECTED,NOT_SELECTED,ELIGIBLE_FOR_AFINO,ELIGIBLE_FOR_AFINO,,,BOTH_ELIGIBLE,0→0,-0.2242423342488511,-0.10753767748873067,-0.2242423342488511
DETREND_SAP,published_qpp_pdcsap_all,calibration_pair,PUBLISHED_QPP_REPRODUCED,WEp2,P01,P05,F2V000050,F2V000054,NOT_SELECTED,NOT_SELECTED,ELIGIBLE_FOR_AFINO,ELIGIBLE_FOR_AFINO,,,BOTH_ELIGIBLE,0→0,0.19347552431952764,0.19704723307112104,0.19347552431952764
FLUX_Q0,published_qpp_pdcsap_all,calibration_pair,PUBLISHED_QPP_REPRODUCED,WEp2,P02,P03,F2V000051,F2V000052,NOT_SELECTED,NOT_SELECTED,ELIGIBLE_FOR_AFINO,ELIGIBLE_FOR_AFINO,,,BOTH_ELIGIBLE,0→0,-7.402919173133457,-5.995116659040081,-7.402919173133457
FLUX_FINITE,published_qpp_pdcsap_all,calibration_pair,PUBLISHED_QPP_REPRODUCED,WX1,P00,P01,F2V000055,F2V000056,NOT_SELECTED,NOT_SELECTED,ELIGIBLE_FOR_AFINO,ELIGIBLE_FOR_AFINO,,,BOTH_ELIGIBLE,0→0,-8.852808347049521,-2.4662244781218714,-5.836768556700813
QUALITY_PDCSAP,published_qpp_pdcsap_all,calibration_pair,PUBLISHED_QPP_REPRODUCED,WX1,P00,P02,F2V000055,F2V000057,NOT_SELECTED,NOT_SELECTED,ELIGIBLE_FOR_AFINO,ELIGIBLE_FOR_AFINO,,,BOTH_ELIGIBLE,0→0,0.0,0.0,0.0
QUALITY_SAP,published_qpp_pdcsap_all,calibration_pair,PUBLISHED_QPP_REPRODUCED,WX1,P01,P03,F2V000056,F2V000058,NOT_SELECTED,NOT_SELECTED,ELIGIBLE_FOR_AFINO,ELIGIBLE_FOR_AFINO,,,BOTH_ELIGIBLE,0→0,0.0,0.0,0.0
DETREND_PDCSAP,published_qpp_pdcsap_all,calibration_pair,PUBLISHED_QPP_REPRODUCED,WX1,P00,P04,F2V000055,F2V000059,NOT_SELECTED,NOT_SELECTED,ELIGIBLE_FOR_AFINO,ELIGIBLE_FOR_AFINO,,,BOTH_ELIGIBLE,0→0,-0.14938381239051957,-0.2442794079676407,-0.2442794079676407
DETREND_SAP,published_qpp_pdcsap_all,calibration_pair,PUBLISHED_QPP_REPRODUCED,WX1,P01,P05,F2V000056,F2V000060,NOT_SELECTED,NOT_SELECTED,ELIGIBLE_FOR_AFINO,ELIGIBLE_FOR_AFINO,,,BOTH_ELIGIBLE,0→0,-0.5030026918011252,-0.5036934187738034,-0.5030026918011252
FLUX_Q0,published_qpp_pdcsap_all,calibration_pair,PUBLISHED_QPP_REPRODUCED,WX1,P02,P03,F2V000057,F2V000058,NOT_SELECTED,NOT_SELECTED,ELIGIBLE_FOR_AFINO,ELIGIBLE_FOR_AFINO,,,BOTH_ELIGIBLE,0→0,-8.852808347049521,-2.4662244781218714,-5.836768556700813
FLUX_FINITE,published_qpp_pdcsap_all,calibration_pair,PUBLISHED_QPP_REPRODUCED,WC1,P00,P01,F2V000061,F2V000062,INPUT_INADMISSIBLE,INPUT_INADMISSIBLE,TOO_FEW_CADENCES,TOO_FEW_CADENCES,13 retained cadences; minimum is 15.,13 retained cadences; minimum is 15.,BOTH_INADMISSIBLE,,,,
QUALITY_PDCSAP,published_qpp_pdcsap_all,calibration_pair,PUBLISHED_QPP_REPRODUCED,WC1,P00,P02,F2V000061,F2V000063,INPUT_INADMISSIBLE,INPUT_INADMISSIBLE,TOO_FEW_CADENCES,TOO_FEW_CADENCES,13 retained cadences; minimum is 15.,13 retained cadences; minimum is 15.,BOTH_INADMISSIBLE,,,,
QUALITY_SAP,published_qpp_pdcsap_all,calibration_pair,PUBLISHED_QPP_REPRODUCED,WC1,P01,P03,F2V000062,F2V000064,INPUT_INADMISSIBLE,INPUT_INADMISSIBLE,TOO_FEW_CADENCES,TOO_FEW_CADENCES,13 retained cadences; minimum is 15.,13 retained cadences; minimum is 15.,BOTH_INADMISSIBLE,,,,
DETREND_PDCSAP,published_qpp_pdcsap_all,calibration_pair,PUBLISHED_QPP_REPRODUCED,WC1,P00,P04,F2V000061,F2V000065,INPUT_INADMISSIBLE,INPUT_INADMISSIBLE,TOO_FEW_CADENCES,TOO_FEW_CADENCES,13 retained cadences; minimum is 15.,13 retained cadences; minimum is 15.,BOTH_INADMISSIBLE,,,,
DETREND_SAP,published_qpp_pdcsap_all,calibration_pair,PUBLISHED_QPP_REPRODUCED,WC1,P01,P05,F2V000062,F2V000066,INPUT_INADMISSIBLE,INPUT_INADMISSIBLE,TOO_FEW_CADENCES,TOO_FEW_CADENCES,13 retained cadences; minimum is 15.,13 retained cadences; minimum is 15.,BOTH_INADMISSIBLE,,,,
FLUX_Q0,published_qpp_pdcsap_all,calibration_pair,PUBLISHED_QPP_REPRODUCED,WC1,P02,P03,F2V000063,F2V000064,INPUT_INADMISSIBLE,INPUT_INADMISSIBLE,TOO_FEW_CADENCES,TOO_FEW_CADENCES,13 retained cadences; minimum is 15.,13 retained cadences; minimum is 15.,BOTH_INADMISSIBLE,,,,
FLUX_FINITE,published_qpp_pdcsap_all,calibration_pair,PUBLISHED_QPP_REPRODUCED,WX2,P00,P01,F2V000067,F2V000068,NOT_SELECTED,NOT_SELECTED,ELIGIBLE_FOR_AFINO,ELIGIBLE_FOR_AFINO,,,BOTH_ELIGIBLE,0→0,2.35248848766427,4.876178402880228,2.352488487664269
QUALITY_PDCSAP,published_qpp_pdcsap_all,calibration_pair,PUBLISHED_QPP_REPRODUCED,WX2,P00,P02,F2V000067,F2V000069,NOT_SELECTED,NOT_SELECTED,ELIGIBLE_FOR_AFINO,ELIGIBLE_FOR_AFINO,,,BOTH_ELIGIBLE,0→0,0.0,0.0,0.0
QUALITY_SAP,published_qpp_pdcsap_all,calibration_pair,PUBLISHED_QPP_REPRODUCED,WX2,P01,P03,F2V000068,F2V000070,NOT_SELECTED,NOT_SELECTED,ELIGIBLE_FOR_AFINO,ELIGIBLE_FOR_AFINO,,,BOTH_ELIGIBLE,0→0,0.0,0.0,0.0
DETREND_PDCSAP,published_qpp_pdcsap_all,calibration_pair,PUBLISHED_QPP_REPRODUCED,WX2,P00,P04,F2V000067,F2V000071,NOT_SELECTED,NOT_SELECTED,ELIGIBLE_FOR_AFINO,ELIGIBLE_FOR_AFINO,,,BOTH_ELIGIBLE,0→0,-1.0302208837133513,-0.8003909437608101,-1.0302208837133513
DETREND_SAP,published_qpp_pdcsap_all,calibration_pair,PUBLISHED_QPP_REPRODUCED,WX2,P01,P05,F2V000068,F2V000072,NOT_SELECTED,NOT_SELECTED,ELIGIBLE_FOR_AFINO,ELIGIBLE_FOR_AFINO,,,BOTH_ELIGIBLE,0→0,-3.9668446680620217,-3.9781559560258746,-3.9668446680620217
FLUX_Q0,published_qpp_pdcsap_all,calibration_pair,PUBLISHED_QPP_REPRODUCED,WX2,P02,P03,F2V000069,F2V000070,NOT_SELECTED,NOT_SELECTED,ELIGIBLE_FOR_AFINO,ELIGIBLE_FOR_AFINO,,,BOTH_ELIGIBLE,0→0,2.35248848766427,4.876178402880228,2.352488487664269
FLUX_FINITE,published_qpp_pdcsap_all,calibration_pair,PUBLISHED_QPP_REPRODUCED,WC2,P00,P01,F2V000073,F2V000074,INPUT_INADMISSIBLE,INPUT_INADMISSIBLE,TOO_FEW_CADENCES,TOO_FEW_CADENCES,11 retained cadences; minimum is 15.,11 retained cadences; minimum is 15.,BOTH_INADMISSIBLE,,,,
QUALITY_PDCSAP,published_qpp_pdcsap_all,calibration_pair,PUBLISHED_QPP_REPRODUCED,WC2,P00,P02,F2V000073,F2V000075,INPUT_INADMISSIBLE,INPUT_INADMISSIBLE,TOO_FEW_CADENCES,TOO_FEW_CADENCES,11 retained cadences; minimum is 15.,11 retained cadences; minimum is 15.,BOTH_INADMISSIBLE,,,,
QUALITY_SAP,published_qpp_pdcsap_all,calibration_pair,PUBLISHED_QPP_REPRODUCED,WC2,P01,P03,F2V000074,F2V000076,INPUT_INADMISSIBLE,INPUT_INADMISSIBLE,TOO_FEW_CADENCES,TOO_FEW_CADENCES,11 retained cadences; minimum is 15.,11 retained cadences; minimum is 15.,BOTH_INADMISSIBLE,,,,
DETREND_PDCSAP,published_qpp_pdcsap_all,calibration_pair,PUBLISHED_QPP_REPRODUCED,WC2,P00,P04,F2V000073,F2V000077,INPUT_INADMISSIBLE,INPUT_INADMISSIBLE,TOO_FEW_CADENCES,TOO_FEW_CADENCES,11 retained cadences; minimum is 15.,11 retained cadences; minimum is 15.,BOTH_INADMISSIBLE,,,,
DETREND_SAP,published_qpp_pdcsap_all,calibration_pair,PUBLISHED_QPP_REPRODUCED,WC2,P01,P05,F2V000074,F2V000078,INPUT_INADMISSIBLE,INPUT_INADMISSIBLE,TOO_FEW_CADENCES,TOO_FEW_CADENCES,11 retained cadences; minimum is 15.,11 retained cadences; minimum is 15.,BOTH_INADMISSIBLE,,,,
FLUX_Q0,published_qpp_pdcsap_all,calibration_pair,PUBLISHED_QPP_REPRODUCED,WC2,P02,P03,F2V000075,F2V000076,INPUT_INADMISSIBLE,INPUT_INADMISSIBLE,TOO_FEW_CADENCES,TOO_FEW_CADENCES,11 retained cadences; minimum is 15.,11 retained cadences; minimum is 15.,BOTH_INADMISSIBLE,,,,
FLUX_FINITE,notselected_pdcsap_all,calibration_pair,MATCHED_NOT_SELECTED,W00,P00,P01,F2V000079,F2V000080,NOT_SELECTED,NOT_SELECTED,ELIGIBLE_FOR_AFINO,ELIGIBLE_FOR_AFINO,,,BOTH_ELIGIBLE,0→0,2.3392799716186357,2.249295495361582,2.3392799716186357
QUALITY_PDCSAP,notselected_pdcsap_all,calibration_pair,MATCHED_NOT_SELECTED,W00,P00,P02,F2V000079,F2V000081,NOT_SELECTED,INPUT_INADMISSIBLE,ELIGIBLE_FOR_AFINO,TOO_FEW_CADENCES,,14 retained cadences; minimum is 15.,VARIANT_INADMISSIBLE,,,,
QUALITY_SAP,notselected_pdcsap_all,calibration_pair,MATCHED_NOT_SELECTED,W00,P01,P03,F2V000080,F2V000082,NOT_SELECTED,INPUT_INADMISSIBLE,ELIGIBLE_FOR_AFINO,TOO_FEW_CADENCES,,14 retained cadences; minimum is 15.,VARIANT_INADMISSIBLE,,,,
DETREND_PDCSAP,notselected_pdcsap_all,calibration_pair,MATCHED_NOT_SELECTED,W00,P00,P04,F2V000079,F2V000083,NOT_SELECTED,NOT_SELECTED,ELIGIBLE_FOR_AFINO,ELIGIBLE_FOR_AFINO,,,BOTH_ELIGIBLE,0→0,0.004235139835310875,-0.00011263320175913805,0.004235139835310875
DETREND_SAP,notselected_pdcsap_all,calibration_pair,MATCHED_NOT_SELECTED,W00,P01,P05,F2V000080,F2V000084,NOT_SELECTED,NOT_SELECTED,ELIGIBLE_FOR_AFINO,ELIGIBLE_FOR_AFINO,,,BOTH_ELIGIBLE,0→0,0.009499816311015152,0.0056368672273698905,0.009499816311015152
FLUX_Q0,notselected_pdcsap_all,calibration_pair,MATCHED_NOT_SELECTED,W00,P02,P03,F2V000081,F2V000082,INPUT_INADMISSIBLE,INPUT_INADMISSIBLE,TOO_FEW_CADENCES,TOO_FEW_CADENCES,14 retained cadences; minimum is 15.,14 retained cadences; minimum is 15.,BOTH_INADMISSIBLE,,,,
FLUX_FINITE,notselected_pdcsap_all,calibration_pair,MATCHED_NOT_SELECTED,WSm2,P00,P01,F2V000085,F2V000086,NOT_SELECTED,NOT_SELECTED,ELIGIBLE_FOR_AFINO,ELIGIBLE_FOR_AFINO,,,BOTH_ELIGIBLE,0→0,2.9334778263631733,2.247067701974162,2.9334778263631733
QUALITY_PDCSAP,notselected_pdcsap_all,calibration_pair,MATCHED_NOT_SELECTED,WSm2,P00,P02,F2V000085,F2V000087,NOT_SELECTED,INPUT_INADMISSIBLE,ELIGIBLE_FOR_AFINO,IRREGULAR_SAMPLING,,retained_indices_not_consecutive|interval_deviation_gt_0.001_s,VARIANT_INADMISSIBLE,,,,
QUALITY_SAP,notselected_pdcsap_all,calibration_pair,MATCHED_NOT_SELECTED,WSm2,P01,P03,F2V000086,F2V000088,NOT_SELECTED,INPUT_INADMISSIBLE,ELIGIBLE_FOR_AFINO,IRREGULAR_SAMPLING,,retained_indices_not_consecutive|interval_deviation_gt_0.001_s,VARIANT_INADMISSIBLE,,,,
DETREND_PDCSAP,notselected_pdcsap_all,calibration_pair,MATCHED_NOT_SELECTED,WSm2,P00,P04,F2V000085,F2V000089,NOT_SELECTED,NOT_SELECTED,ELIGIBLE_FOR_AFINO,ELIGIBLE_FOR_AFINO,,,BOTH_ELIGIBLE,0→0,0.09431883321984458,-0.039976096700753416,0.09431883321984458
DETREND_SAP,notselected_pdcsap_all,calibration_pair,MATCHED_NOT_SELECTED,WSm2,P01,P05,F2V000086,F2V000090,NOT_SELECTED,NOT_SELECTED,ELIGIBLE_FOR_AFINO,ELIGIBLE_FOR_AFINO,,,BOTH_ELIGIBLE,0→0,0.1103912685668682,0.031134536005097857,0.1103912685668682
FLUX_Q0,notselected_pdcsap_all,calibration_pair,MATCHED_NOT_SELECTED,WSm2,P02,P03,F2V000087,F2V000088,INPUT_INADMISSIBLE,INPUT_INADMISSIBLE,IRREGULAR_SAMPLING,IRREGULAR_SAMPLING,retained_indices_not_consecutive|interval_deviation_gt_0.001_s,retained_indices_not_consecutive|interval_deviation_gt_0.001_s,BOTH_INADMISSIBLE,,,,
FLUX_FINITE,notselected_pdcsap_all,calibration_pair,MATCHED_NOT_SELECTED,WSm1,P00,P01,F2V000091,F2V000092,NOT_SELECTED,NOT_SELECTED,ELIGIBLE_FOR_AFINO,ELIGIBLE_FOR_AFINO,,,BOTH_ELIGIBLE,0→0,2.27508093482994,1.7836230618117987,2.2750809348299406
QUALITY_PDCSAP,notselected_pdcsap_all,calibration_pair,MATCHED_NOT_SELECTED,WSm1,P00,P02,F2V000091,F2V000093,NOT_SELECTED,INPUT_INADMISSIBLE,ELIGIBLE_FOR_AFINO,IRREGULAR_SAMPLING,,retained_indices_not_consecutive|interval_deviation_gt_0.001_s,VARIANT_INADMISSIBLE,,,,
QUALITY_SAP,notselected_pdcsap_all,calibration_pair,MATCHED_NOT_SELECTED,WSm1,P01,P03,F2V000092,F2V000094,NOT_SELECTED,INPUT_INADMISSIBLE,ELIGIBLE_FOR_AFINO,IRREGULAR_SAMPLING,,retained_indices_not_consecutive|interval_deviation_gt_0.001_s,VARIANT_INADMISSIBLE,,,,
DETREND_PDCSAP,notselected_pdcsap_all,calibration_pair,MATCHED_NOT_SELECTED,WSm1,P00,P04,F2V000091,F2V000095,NOT_SELECTED,NOT_SELECTED,ELIGIBLE_FOR_AFINO,ELIGIBLE_FOR_AFINO,,,BOTH_ELIGIBLE,0→0,0.0426145318370974,-0.05583539941190985,0.0426145318370974
DETREND_SAP,notselected_pdcsap_all,calibration_pair,MATCHED_NOT_SELECTED,WSm1,P01,P05,F2V000092,F2V000096,NOT_SELECTED,NOT_SELECTED,ELIGIBLE_FOR_AFINO,ELIGIBLE_FOR_AFINO,,,BOTH_ELIGIBLE,0→0,0.11529181285828649,0.044404987454225164,0.11529181285828649
FLUX_Q0,notselected_pdcsap_all,calibration_pair,MATCHED_NOT_SELECTED,WSm1,P02,P03,F2V000093,F2V000094,INPUT_INADMISSIBLE,INPUT_INADMISSIBLE,IRREGULAR_SAMPLING,IRREGULAR_SAMPLING,retained_indices_not_consecutive|interval_deviation_gt_0.001_s,retained_indices_not_consecutive|interval_deviation_gt_0.001_s,BOTH_INADMISSIBLE,,,,
FLUX_FINITE,notselected_pdcsap_all,calibration_pair,MATCHED_NOT_SELECTED,WSp1,P00,P01,F2V000097,F2V000098,INPUT_INADMISSIBLE,INPUT_INADMISSIBLE,TOO_FEW_CADENCES,TOO_FEW_CADENCES,14 retained cadences; minimum is 15.,14 retained cadences; minimum is 15.,BOTH_INADMISSIBLE,,,,
QUALITY_PDCSAP,notselected_pdcsap_all,calibration_pair,MATCHED_NOT_SELECTED,WSp1,P00,P02,F2V000097,F2V000099,INPUT_INADMISSIBLE,INPUT_INADMISSIBLE,TOO_FEW_CADENCES,TOO_FEW_CADENCES,14 retained cadences; minimum is 15.,13 retained cadences; minimum is 15.,BOTH_INADMISSIBLE,,,,
QUALITY_SAP,notselected_pdcsap_all,calibration_pair,MATCHED_NOT_SELECTED,WSp1,P01,P03,F2V000098,F2V000100,INPUT_INADMISSIBLE,INPUT_INADMISSIBLE,TOO_FEW_CADENCES,TOO_FEW_CADENCES,14 retained cadences; minimum is 15.,13 retained cadences; minimum is 15.,BOTH_INADMISSIBLE,,,,
DETREND_PDCSAP,notselected_pdcsap_all,calibration_pair,MATCHED_NOT_SELECTED,WSp1,P00,P04,F2V000097,F2V000101,INPUT_INADMISSIBLE,INPUT_INADMISSIBLE,TOO_FEW_CADENCES,TOO_FEW_CADENCES,14 retained cadences; minimum is 15.,14 retained cadences; minimum is 15.,BOTH_INADMISSIBLE,,,,
DETREND_SAP,notselected_pdcsap_all,calibration_pair,MATCHED_NOT_SELECTED,WSp1,P01,P05,F2V000098,F2V000102,INPUT_INADMISSIBLE,INPUT_INADMISSIBLE,TOO_FEW_CADENCES,TOO_FEW_CADENCES,14 retained cadences; minimum is 15.,14 retained cadences; minimum is 15.,BOTH_INADMISSIBLE,,,,
FLUX_Q0,notselected_pdcsap_all,calibration_pair,MATCHED_NOT_SELECTED,WSp1,P02,P03,F2V000099,F2V000100,INPUT_INADMISSIBLE,INPUT_INADMISSIBLE,TOO_FEW_CADENCES,TOO_FEW_CADENCES,13 retained cadences; minimum is 15.,13 retained cadences; minimum is 15.,BOTH_INADMISSIBLE,,,,
FLUX_FINITE,notselected_pdcsap_all,calibration_pair,MATCHED_NOT_SELECTED,WSp2,P00,P01,F2V000103,F2V000104,INPUT_INADMISSIBLE,INPUT_INADMISSIBLE,TOO_FEW_CADENCES,TOO_FEW_CADENCES,13 retained cadences; minimum is 15.,13 retained cadences; minimum is 15.,BOTH_INADMISSIBLE,,,,
QUALITY_PDCSAP,notselected_pdcsap_all,calibration_pair,MATCHED_NOT_SELECTED,WSp2,P00,P02,F2V000103,F2V000105,INPUT_INADMISSIBLE,INPUT_INADMISSIBLE,TOO_FEW_CADENCES,TOO_FEW_CADENCES,13 retained cadences; minimum is 15.,12 retained cadences; minimum is 15.,BOTH_INADMISSIBLE,,,,
QUALITY_SAP,notselected_pdcsap_all,calibration_pair,MATCHED_NOT_SELECTED,WSp2,P01,P03,F2V000104,F2V000106,INPUT_INADMISSIBLE,INPUT_INADMISSIBLE,TOO_FEW_CADENCES,TOO_FEW_CADENCES,13 retained cadences; minimum is 15.,12 retained cadences; minimum is 15.,BOTH_INADMISSIBLE,,,,
DETREND_PDCSAP,notselected_pdcsap_all,calibration_pair,MATCHED_NOT_SELECTED,WSp2,P00,P04,F2V000103,F2V000107,INPUT_INADMISSIBLE,INPUT_INADMISSIBLE,TOO_FEW_CADENCES,TOO_FEW_CADENCES,13 retained cadences; minimum is 15.,13 retained cadences; minimum is 15.,BOTH_INADMISSIBLE,,,,
DETREND_SAP,notselected_pdcsap_all,calibration_pair,MATCHED_NOT_SELECTED,WSp2,P01,P05,F2V000104,F2V000108,INPUT_INADMISSIBLE,INPUT_INADMISSIBLE,TOO_FEW_CADENCES,TOO_FEW_CADENCES,13 retained cadences; minimum is 15.,13 retained cadences; minimum is 15.,BOTH_INADMISSIBLE,,,,
FLUX_Q0,notselected_pdcsap_all,calibration_pair,MATCHED_NOT_SELECTED,WSp2,P02,P03,F2V000105,F2V000106,INPUT_INADMISSIBLE,INPUT_INADMISSIBLE,TOO_FEW_CADENCES,TOO_FEW_CADENCES,12 retained cadences; minimum is 15.,12 retained cadences; minimum is 15.,BOTH_INADMISSIBLE,,,,
FLUX_FINITE,notselected_pdcsap_all,calibration_pair,MATCHED_NOT_SELECTED,WEm2,P00,P01,F2V000109,F2V000110,INPUT_INADMISSIBLE,INPUT_INADMISSIBLE,TOO_FEW_CADENCES,TOO_FEW_CADENCES,13 retained cadences; minimum is 15.,13 retained cadences; minimum is 15.,BOTH_INADMISSIBLE,,,,
QUALITY_PDCSAP,notselected_pdcsap_all,calibration_pair,MATCHED_NOT_SELECTED,WEm2,P00,P02,F2V000109,F2V000111,INPUT_INADMISSIBLE,INPUT_INADMISSIBLE,TOO_FEW_CADENCES,TOO_FEW_CADENCES,13 retained cadences; minimum is 15.,12 retained cadences; minimum is 15.,BOTH_INADMISSIBLE,,,,
QUALITY_SAP,notselected_pdcsap_all,calibration_pair,MATCHED_NOT_SELECTED,WEm2,P01,P03,F2V000110,F2V000112,INPUT_INADMISSIBLE,INPUT_INADMISSIBLE,TOO_FEW_CADENCES,TOO_FEW_CADENCES,13 retained cadences; minimum is 15.,12 retained cadences; minimum is 15.,BOTH_INADMISSIBLE,,,,
DETREND_PDCSAP,notselected_pdcsap_all,calibration_pair,MATCHED_NOT_SELECTED,WEm2,P00,P04,F2V000109,F2V000113,INPUT_INADMISSIBLE,INPUT_INADMISSIBLE,TOO_FEW_CADENCES,TOO_FEW_CADENCES,13 retained cadences; minimum is 15.,13 retained cadences; minimum is 15.,BOTH_INADMISSIBLE,,,,
DETREND_SAP,notselected_pdcsap_all,calibration_pair,MATCHED_NOT_SELECTED,WEm2,P01,P05,F2V000110,F2V000114,INPUT_INADMISSIBLE,INPUT_INADMISSIBLE,TOO_FEW_CADENCES,TOO_FEW_CADENCES,13 retained cadences; minimum is 15.,13 retained cadences; minimum is 15.,BOTH_INADMISSIBLE,,,,
FLUX_Q0,notselected_pdcsap_all,calibration_pair,MATCHED_NOT_SELECTED,WEm2,P02,P03,F2V000111,F2V000112,INPUT_INADMISSIBLE,INPUT_INADMISSIBLE,TOO_FEW_CADENCES,TOO_FEW_CADENCES,12 retained cadences; minimum is 15.,12 retained cadences; minimum is 15.,BOTH_INADMISSIBLE,,,,
FLUX_FINITE,notselected_pdcsap_all,calibration_pair,MATCHED_NOT_SELECTED,WEm1,P00,P01,F2V000115,F2V000116,INPUT_INADMISSIBLE,INPUT_INADMISSIBLE,TOO_FEW_CADENCES,TOO_FEW_CADENCES,14 retained cadences; minimum is 15.,14 retained cadences; minimum is 15.,BOTH_INADMISSIBLE,,,,
QUALITY_PDCSAP,notselected_pdcsap_all,calibration_pair,MATCHED_NOT_SELECTED,WEm1,P00,P02,F2V000115,F2V000117,INPUT_INADMISSIBLE,INPUT_INADMISSIBLE,TOO_FEW_CADENCES,TOO_FEW_CADENCES,14 retained cadences; minimum is 15.,13 retained cadences; minimum is 15.,BOTH_INADMISSIBLE,,,,
QUALITY_SAP,notselected_pdcsap_all,calibration_pair,MATCHED_NOT_SELECTED,WEm1,P01,P03,F2V000116,F2V000118,INPUT_INADMISSIBLE,INPUT_INADMISSIBLE,TOO_FEW_CADENCES,TOO_FEW_CADENCES,14 retained cadences; minimum is 15.,13 retained cadences; minimum is 15.,BOTH_INADMISSIBLE,,,,
DETREND_PDCSAP,notselected_pdcsap_all,calibration_pair,MATCHED_NOT_SELECTED,WEm1,P00,P04,F2V000115,F2V000119,INPUT_INADMISSIBLE,INPUT_INADMISSIBLE,TOO_FEW_CADENCES,TOO_FEW_CADENCES,14 retained cadences; minimum is 15.,14 retained cadences; minimum is 15.,BOTH_INADMISSIBLE,,,,
DETREND_SAP,notselected_pdcsap_all,calibration_pair,MATCHED_NOT_SELECTED,WEm1,P01,P05,F2V000116,F2V000120,INPUT_INADMISSIBLE,INPUT_INADMISSIBLE,TOO_FEW_CADENCES,TOO_FEW_CADENCES,14 retained cadences; minimum is 15.,14 retained cadences; minimum is 15.,BOTH_INADMISSIBLE,,,,
FLUX_Q0,notselected_pdcsap_all,calibration_pair,MATCHED_NOT_SELECTED,WEm1,P02,P03,F2V000117,F2V000118,INPUT_INADMISSIBLE,INPUT_INADMISSIBLE,TOO_FEW_CADENCES,TOO_FEW_CADENCES,13 retained cadences; minimum is 15.,13 retained cadences; minimum is 15.,BOTH_INADMISSIBLE,,,,
FLUX_FINITE,notselected_pdcsap_all,calibration_pair,MATCHED_NOT_SELECTED,WEp1,P00,P01,F2V000121,F2V000122,NOT_SELECTED,NOT_SELECTED,ELIGIBLE_FOR_AFINO,ELIGIBLE_FOR_AFINO,,,BOTH_ELIGIBLE,0→0,2.6966675347257296,2.7225890034567133,2.69666753472573
QUALITY_PDCSAP,notselected_pdcsap_all,calibration_pair,MATCHED_NOT_SELECTED,WEp1,P00,P02,F2V000121,F2V000123,NOT_SELECTED,INPUT_INADMISSIBLE,ELIGIBLE_FOR_AFINO,IRREGULAR_SAMPLING,,retained_indices_not_consecutive|interval_deviation_gt_0.001_s,VARIANT_INADMISSIBLE,,,,
QUALITY_SAP,notselected_pdcsap_all,calibration_pair,MATCHED_NOT_SELECTED,WEp1,P01,P03,F2V000122,F2V000124,NOT_SELECTED,INPUT_INADMISSIBLE,ELIGIBLE_FOR_AFINO,IRREGULAR_SAMPLING,,retained_indices_not_consecutive|interval_deviation_gt_0.001_s,VARIANT_INADMISSIBLE,,,,
DETREND_PDCSAP,notselected_pdcsap_all,calibration_pair,MATCHED_NOT_SELECTED,WEp1,P00,P04,F2V000121,F2V000125,NOT_SELECTED,NOT_SELECTED,ELIGIBLE_FOR_AFINO,ELIGIBLE_FOR_AFINO,,,BOTH_ELIGIBLE,0→0,0.011025826071584532,0.022248648874535704,0.011025826071584532
DETREND_SAP,notselected_pdcsap_all,calibration_pair,MATCHED_NOT_SELECTED,WEp1,P01,P05,F2V000122,F2V000126,NOT_SELECTED,NOT_SELECTED,ELIGIBLE_FOR_AFINO,ELIGIBLE_FOR_AFINO,,,BOTH_ELIGIBLE,0→0,-0.05848486442045875,-0.05367964566895189,-0.05848486442045875
FLUX_Q0,notselected_pdcsap_all,calibration_pair,MATCHED_NOT_SELECTED,WEp1,P02,P03,F2V000123,F2V000124,INPUT_INADMISSIBLE,INPUT_INADMISSIBLE,IRREGULAR_SAMPLING,IRREGULAR_SAMPLING,retained_indices_not_consecutive|interval_deviation_gt_0.001_s,retained_indices_not_consecutive|interval_deviation_gt_0.001_s,BOTH_INADMISSIBLE,,,,
FLUX_FINITE,notselected_pdcsap_all,calibration_pair,MATCHED_NOT_SELECTED,WEp2,P00,P01,F2V000127,F2V000128,NOT_SELECTED,NOT_SELECTED,ELIGIBLE_FOR_AFINO,ELIGIBLE_FOR_AFINO,,,BOTH_ELIGIBLE,0→0,1.9703674289317217,2.1011564497101,1.9703674289317235
QUALITY_PDCSAP,notselected_pdcsap_all,calibration_pair,MATCHED_NOT_SELECTED,WEp2,P00,P02,F2V000127,F2V000129,NOT_SELECTED,INPUT_INADMISSIBLE,ELIGIBLE_FOR_AFINO,IRREGULAR_SAMPLING,,retained_indices_not_consecutive|interval_deviation_gt_0.001_s,VARIANT_INADMISSIBLE,,,,
QUALITY_SAP,notselected_pdcsap_all,calibration_pair,MATCHED_NOT_SELECTED,WEp2,P01,P03,F2V000128,F2V000130,NOT_SELECTED,INPUT_INADMISSIBLE,ELIGIBLE_FOR_AFINO,IRREGULAR_SAMPLING,,retained_indices_not_consecutive|interval_deviation_gt_0.001_s,VARIANT_INADMISSIBLE,,,,
DETREND_PDCSAP,notselected_pdcsap_all,calibration_pair,MATCHED_NOT_SELECTED,WEp2,P00,P04,F2V000127,F2V000131,NOT_SELECTED,NOT_SELECTED,ELIGIBLE_FOR_AFINO,ELIGIBLE_FOR_AFINO,,,BOTH_ELIGIBLE,0→0,-0.012393582010995274,-0.0066729500073261505,-0.012393582010993498
DETREND_SAP,notselected_pdcsap_all,calibration_pair,MATCHED_NOT_SELECTED,WEp2,P01,P05,F2V000128,F2V000132,NOT_SELECTED,NOT_SELECTED,ELIGIBLE_FOR_AFINO,ELIGIBLE_FOR_AFINO,,,BOTH_ELIGIBLE,0→0,-0.18219023144497903,-0.17374684134742857,-0.1821902314449808
FLUX_Q0,notselected_pdcsap_all,calibration_pair,MATCHED_NOT_SELECTED,WEp2,P02,P03,F2V000129,F2V000130,INPUT_INADMISSIBLE,INPUT_INADMISSIBLE,IRREGULAR_SAMPLING,IRREGULAR_SAMPLING,retained_indices_not_consecutive|interval_deviation_gt_0.001_s,retained_indices_not_consecutive|interval_deviation_gt_0.001_s,BOTH_INADMISSIBLE,,,,
FLUX_FINITE,notselected_pdcsap_all,calibration_pair,MATCHED_NOT_SELECTED,WX1,P00,P01,F2V000133,F2V000134,NOT_SELECTED,NOT_SELECTED,ELIGIBLE_FOR_AFINO,ELIGIBLE_FOR_AFINO,,,BOTH_ELIGIBLE,0→0,2.7867718343290147,2.7120394780936596,2.786771834329013
QUALITY_PDCSAP,notselected_pdcsap_all,calibration_pair,MATCHED_NOT_SELECTED,WX1,P00,P02,F2V000133,F2V000135,NOT_SELECTED,INPUT_INADMISSIBLE,ELIGIBLE_FOR_AFINO,IRREGULAR_SAMPLING,,retained_indices_not_consecutive|interval_deviation_gt_0.001_s,VARIANT_INADMISSIBLE,,,,
QUALITY_SAP,notselected_pdcsap_all,calibration_pair,MATCHED_NOT_SELECTED,WX1,P01,P03,F2V000134,F2V000136,NOT_SELECTED,INPUT_INADMISSIBLE,ELIGIBLE_FOR_AFINO,IRREGULAR_SAMPLING,,retained_indices_not_consecutive|interval_deviation_gt_0.001_s,VARIANT_INADMISSIBLE,,,,
DETREND_PDCSAP,notselected_pdcsap_all,calibration_pair,MATCHED_NOT_SELECTED,WX1,P00,P04,F2V000133,F2V000137,NOT_SELECTED,NOT_SELECTED,ELIGIBLE_FOR_AFINO,ELIGIBLE_FOR_AFINO,,,BOTH_ELIGIBLE,0→0,0.020198595316955448,-0.03804356974005074,0.020198595316955448
DETREND_SAP,notselected_pdcsap_all,calibration_pair,MATCHED_NOT_SELECTED,WX1,P01,P05,F2V000134,F2V000138,NOT_SELECTED,NOT_SELECTED,ELIGIBLE_FOR_AFINO,ELIGIBLE_FOR_AFINO,,,BOTH_ELIGIBLE,0→0,0.11434419052192091,-0.2166144876325511,0.11434419052192268
FLUX_Q0,notselected_pdcsap_all,calibration_pair,MATCHED_NOT_SELECTED,WX1,P02,P03,F2V000135,F2V000136,INPUT_INADMISSIBLE,INPUT_INADMISSIBLE,IRREGULAR_SAMPLING,IRREGULAR_SAMPLING,retained_indices_not_consecutive|interval_deviation_gt_0.001_s,retained_indices_not_consecutive|interval_deviation_gt_0.001_s,BOTH_INADMISSIBLE,,,,
FLUX_FINITE,notselected_pdcsap_all,calibration_pair,MATCHED_NOT_SELECTED,WC1,P00,P01,F2V000139,F2V000140,INPUT_INADMISSIBLE,INPUT_INADMISSIBLE,TOO_FEW_CADENCES,TOO_FEW_CADENCES,13 retained cadences; minimum is 15.,13 retained cadences; minimum is 15.,BOTH_INADMISSIBLE,,,,
QUALITY_PDCSAP,notselected_pdcsap_all,calibration_pair,MATCHED_NOT_SELECTED,WC1,P00,P02,F2V000139,F2V000141,INPUT_INADMISSIBLE,INPUT_INADMISSIBLE,TOO_FEW_CADENCES,TOO_FEW_CADENCES,13 retained cadences; minimum is 15.,12 retained cadences; minimum is 15.,BOTH_INADMISSIBLE,,,,
QUALITY_SAP,notselected_pdcsap_all,calibration_pair,MATCHED_NOT_SELECTED,WC1,P01,P03,F2V000140,F2V000142,INPUT_INADMISSIBLE,INPUT_INADMISSIBLE,TOO_FEW_CADENCES,TOO_FEW_CADENCES,13 retained cadences; minimum is 15.,12 retained cadences; minimum is 15.,BOTH_INADMISSIBLE,,,,
DETREND_PDCSAP,notselected_pdcsap_all,calibration_pair,MATCHED_NOT_SELECTED,WC1,P00,P04,F2V000139,F2V000143,INPUT_INADMISSIBLE,INPUT_INADMISSIBLE,TOO_FEW_CADENCES,TOO_FEW_CADENCES,13 retained cadences; minimum is 15.,13 retained cadences; minimum is 15.,BOTH_INADMISSIBLE,,,,
DETREND_SAP,notselected_pdcsap_all,calibration_pair,MATCHED_NOT_SELECTED,WC1,P01,P05,F2V000140,F2V000144,INPUT_INADMISSIBLE,INPUT_INADMISSIBLE,TOO_FEW_CADENCES,TOO_FEW_CADENCES,13 retained cadences; minimum is 15.,13 retained cadences; minimum is 15.,BOTH_INADMISSIBLE,,,,
FLUX_Q0,notselected_pdcsap_all,calibration_pair,MATCHED_NOT_SELECTED,WC1,P02,P03,F2V000141,F2V000142,INPUT_INADMISSIBLE,INPUT_INADMISSIBLE,TOO_FEW_CADENCES,TOO_FEW_CADENCES,12 retained cadences; minimum is 15.,12 retained cadences; minimum is 15.,BOTH_INADMISSIBLE,,,,
FLUX_FINITE,notselected_pdcsap_all,calibration_pair,MATCHED_NOT_SELECTED,WX2,P00,P01,F2V000145,F2V000146,NOT_SELECTED,NOT_SELECTED,ELIGIBLE_FOR_AFINO,ELIGIBLE_FOR_AFINO,,,BOTH_ELIGIBLE,0→0,3.115852988606334,2.981972789014879,3.115852988606335
QUALITY_PDCSAP,notselected_pdcsap_all,calibration_pair,MATCHED_NOT_SELECTED,WX2,P00,P02,F2V000145,F2V000147,NOT_SELECTED,INPUT_INADMISSIBLE,ELIGIBLE_FOR_AFINO,IRREGULAR_SAMPLING,,retained_indices_not_consecutive|interval_deviation_gt_0.001_s,VARIANT_INADMISSIBLE,,,,
QUALITY_SAP,notselected_pdcsap_all,calibration_pair,MATCHED_NOT_SELECTED,WX2,P01,P03,F2V000146,F2V000148,NOT_SELECTED,INPUT_INADMISSIBLE,ELIGIBLE_FOR_AFINO,IRREGULAR_SAMPLING,,retained_indices_not_consecutive|interval_deviation_gt_0.001_s,VARIANT_INADMISSIBLE,,,,
DETREND_PDCSAP,notselected_pdcsap_all,calibration_pair,MATCHED_NOT_SELECTED,WX2,P00,P04,F2V000145,F2V000149,NOT_SELECTED,NOT_SELECTED,ELIGIBLE_FOR_AFINO,ELIGIBLE_FOR_AFINO,,,BOTH_ELIGIBLE,0→0,0.020970954635167516,-0.0576090198247492,0.020970954635167516
DETREND_SAP,notselected_pdcsap_all,calibration_pair,MATCHED_NOT_SELECTED,WX2,P01,P05,F2V000146,F2V000150,NOT_SELECTED,NOT_SELECTED,ELIGIBLE_FOR_AFINO,ELIGIBLE_FOR_AFINO,,,BOTH_ELIGIBLE,0→0,0.10967361968360478,0.26322821243390493,0.10967361968360478
FLUX_Q0,notselected_pdcsap_all,calibration_pair,MATCHED_NOT_SELECTED,WX2,P02,P03,F2V000147,F2V000148,INPUT_INADMISSIBLE,INPUT_INADMISSIBLE,IRREGULAR_SAMPLING,IRREGULAR_SAMPLING,retained_indices_not_consecutive|interval_deviation_gt_0.001_s,retained_indices_not_consecutive|interval_deviation_gt_0.001_s,BOTH_INADMISSIBLE,,,,
FLUX_FINITE,notselected_pdcsap_all,calibration_pair,MATCHED_NOT_SELECTED,WC2,P00,P01,F2V000151,F2V000152,INPUT_INADMISSIBLE,INPUT_INADMISSIBLE,TOO_FEW_CADENCES,TOO_FEW_CADENCES,11 retained cadences; minimum is 15.,11 retained cadences; minimum is 15.,BOTH_INADMISSIBLE,,,,
QUALITY_PDCSAP,notselected_pdcsap_all,calibration_pair,MATCHED_NOT_SELECTED,WC2,P00,P02,F2V000151,F2V000153,INPUT_INADMISSIBLE,INPUT_INADMISSIBLE,TOO_FEW_CADENCES,TOO_FEW_CADENCES,11 retained cadences; minimum is 15.,10 retained cadences; minimum is 15.,BOTH_INADMISSIBLE,,,,
QUALITY_SAP,notselected_pdcsap_all,calibration_pair,MATCHED_NOT_SELECTED,WC2,P01,P03,F2V000152,F2V000154,INPUT_INADMISSIBLE,INPUT_INADMISSIBLE,TOO_FEW_CADENCES,TOO_FEW_CADENCES,11 retained cadences; minimum is 15.,10 retained cadences; minimum is 15.,BOTH_INADMISSIBLE,,,,
DETREND_PDCSAP,notselected_pdcsap_all,calibration_pair,MATCHED_NOT_SELECTED,WC2,P00,P04,F2V000151,F2V000155,INPUT_INADMISSIBLE,INPUT_INADMISSIBLE,TOO_FEW_CADENCES,TOO_FEW_CADENCES,11 retained cadences; minimum is 15.,11 retained cadences; minimum is 15.,BOTH_INADMISSIBLE,,,,
DETREND_SAP,notselected_pdcsap_all,calibration_pair,MATCHED_NOT_SELECTED,WC2,P01,P05,F2V000152,F2V000156,INPUT_INADMISSIBLE,INPUT_INADMISSIBLE,TOO_FEW_CADENCES,TOO_FEW_CADENCES,11 retained cadences; minimum is 15.,11 retained cadences; minimum is 15.,BOTH_INADMISSIBLE,,,,
FLUX_Q0,notselected_pdcsap_all,calibration_pair,MATCHED_NOT_SELECTED,WC2,P02,P03,F2V000153,F2V000154,INPUT_INADMISSIBLE,INPUT_INADMISSIBLE,TOO_FEW_CADENCES,TOO_FEW_CADENCES,10 retained cadences; minimum is 15.,10 retained cadences; minimum is 15.,BOTH_INADMISSIBLE,,,,
FLUX_FINITE,P1_published_qpp_pdcsap_all,P1,PUBLISHED_QPP_REPRODUCED,W00,P00,P01,F2V000157,F2V000158,SELECTED,SELECTED,ELIGIBLE_FOR_AFINO,ELIGIBLE_FOR_AFINO,,,BOTH_ELIGIBLE,1→1,-1.161705955211083,-0.07421394063695885,-1.161705955211083
QUALITY_PDCSAP,P1_published_qpp_pdcsap_all,P1,PUBLISHED_QPP_REPRODUCED,W00,P00,P02,F2V000157,F2V000159,SELECTED,INPUT_INADMISSIBLE,ELIGIBLE_FOR_AFINO,IRREGULAR_SAMPLING,,retained_indices_not_consecutive|interval_deviation_gt_0.001_s,VARIANT_INADMISSIBLE,,,,
QUALITY_SAP,P1_published_qpp_pdcsap_all,P1,PUBLISHED_QPP_REPRODUCED,W00,P01,P03,F2V000158,F2V000160,SELECTED,INPUT_INADMISSIBLE,ELIGIBLE_FOR_AFINO,IRREGULAR_SAMPLING,,retained_indices_not_consecutive|interval_deviation_gt_0.001_s,VARIANT_INADMISSIBLE,,,,
DETREND_PDCSAP,P1_published_qpp_pdcsap_all,P1,PUBLISHED_QPP_REPRODUCED,W00,P00,P04,F2V000157,F2V000161,SELECTED,SELECTED,ELIGIBLE_FOR_AFINO,ELIGIBLE_FOR_AFINO,,,BOTH_ELIGIBLE,1→1,-0.31921467224975686,-0.27439890309022985,-0.31921467224975686
DETREND_SAP,P1_published_qpp_pdcsap_all,P1,PUBLISHED_QPP_REPRODUCED,W00,P01,P05,F2V000158,F2V000162,SELECTED,SELECTED,ELIGIBLE_FOR_AFINO,ELIGIBLE_FOR_AFINO,,,BOTH_ELIGIBLE,1→1,-0.24373602653484383,-0.1779122042129586,-0.24373602653484383
FLUX_Q0,P1_published_qpp_pdcsap_all,P1,PUBLISHED_QPP_REPRODUCED,W00,P02,P03,F2V000159,F2V000160,INPUT_INADMISSIBLE,INPUT_INADMISSIBLE,IRREGULAR_SAMPLING,IRREGULAR_SAMPLING,retained_indices_not_consecutive|interval_deviation_gt_0.001_s,retained_indices_not_consecutive|interval_deviation_gt_0.001_s,BOTH_INADMISSIBLE,,,,
FLUX_FINITE,P1_published_qpp_pdcsap_all,P1,PUBLISHED_QPP_REPRODUCED,WSm2,P00,P01,F2V000163,F2V000164,SELECTED,SELECTED,ELIGIBLE_FOR_AFINO,ELIGIBLE_FOR_AFINO,,,BOTH_ELIGIBLE,1→1,-2.4421464510442803,1.1001555741233418,-2.4421464510442803
QUALITY_PDCSAP,P1_published_qpp_pdcsap_all,P1,PUBLISHED_QPP_REPRODUCED,WSm2,P00,P02,F2V000163,F2V000165,SELECTED,INPUT_INADMISSIBLE,ELIGIBLE_FOR_AFINO,IRREGULAR_SAMPLING,,retained_indices_not_consecutive|interval_deviation_gt_0.001_s,VARIANT_INADMISSIBLE,,,,
QUALITY_SAP,P1_published_qpp_pdcsap_all,P1,PUBLISHED_QPP_REPRODUCED,WSm2,P01,P03,F2V000164,F2V000166,SELECTED,INPUT_INADMISSIBLE,ELIGIBLE_FOR_AFINO,IRREGULAR_SAMPLING,,retained_indices_not_consecutive|interval_deviation_gt_0.001_s,VARIANT_INADMISSIBLE,,,,
DETREND_PDCSAP,P1_published_qpp_pdcsap_all,P1,PUBLISHED_QPP_REPRODUCED,WSm2,P00,P04,F2V000163,F2V000167,SELECTED,SELECTED,ELIGIBLE_FOR_AFINO,ELIGIBLE_FOR_AFINO,,,BOTH_ELIGIBLE,1→1,0.026124393754706432,0.03729176770442422,0.026124393754706432
DETREND_SAP,P1_published_qpp_pdcsap_all,P1,PUBLISHED_QPP_REPRODUCED,WSm2,P01,P05,F2V000164,F2V000168,SELECTED,SELECTED,ELIGIBLE_FOR_AFINO,ELIGIBLE_FOR_AFINO,,,BOTH_ELIGIBLE,1→1,0.046670183414036615,-2.336106736801071,0.046670183414036615
FLUX_Q0,P1_published_qpp_pdcsap_all,P1,PUBLISHED_QPP_REPRODUCED,WSm2,P02,P03,F2V000165,F2V000166,INPUT_INADMISSIBLE,INPUT_INADMISSIBLE,IRREGULAR_SAMPLING,IRREGULAR_SAMPLING,retained_indices_not_consecutive|interval_deviation_gt_0.001_s,retained_indices_not_consecutive|interval_deviation_gt_0.001_s,BOTH_INADMISSIBLE,,,,
FLUX_FINITE,P1_published_qpp_pdcsap_all,P1,PUBLISHED_QPP_REPRODUCED,WSm1,P00,P01,F2V000169,F2V000170,SELECTED,SELECTED,ELIGIBLE_FOR_AFINO,ELIGIBLE_FOR_AFINO,,,BOTH_ELIGIBLE,1→1,0.5253042001764143,1.678612303046549,0.5253042001764143
QUALITY_PDCSAP,P1_published_qpp_pdcsap_all,P1,PUBLISHED_QPP_REPRODUCED,WSm1,P00,P02,F2V000169,F2V000171,SELECTED,INPUT_INADMISSIBLE,ELIGIBLE_FOR_AFINO,IRREGULAR_SAMPLING,,retained_indices_not_consecutive|interval_deviation_gt_0.001_s,VARIANT_INADMISSIBLE,,,,
QUALITY_SAP,P1_published_qpp_pdcsap_all,P1,PUBLISHED_QPP_REPRODUCED,WSm1,P01,P03,F2V000170,F2V000172,SELECTED,INPUT_INADMISSIBLE,ELIGIBLE_FOR_AFINO,IRREGULAR_SAMPLING,,retained_indices_not_consecutive|interval_deviation_gt_0.001_s,VARIANT_INADMISSIBLE,,,,
DETREND_PDCSAP,P1_published_qpp_pdcsap_all,P1,PUBLISHED_QPP_REPRODUCED,WSm1,P00,P04,F2V000169,F2V000173,SELECTED,SELECTED,ELIGIBLE_FOR_AFINO,ELIGIBLE_FOR_AFINO,,,BOTH_ELIGIBLE,1→1,0.0006036909192985718,0.0005349235629807936,0.0006036909192985718
DETREND_SAP,P1_published_qpp_pdcsap_all,P1,PUBLISHED_QPP_REPRODUCED,WSm1,P01,P05,F2V000170,F2V000174,SELECTED,SELECTED,ELIGIBLE_FOR_AFINO,ELIGIBLE_FOR_AFINO,,,BOTH_ELIGIBLE,1→1,-0.014282140296451473,-0.011086287809540352,-0.014282140296451473
FLUX_Q0,P1_published_qpp_pdcsap_all,P1,PUBLISHED_QPP_REPRODUCED,WSm1,P02,P03,F2V000171,F2V000172,INPUT_INADMISSIBLE,INPUT_INADMISSIBLE,IRREGULAR_SAMPLING,IRREGULAR_SAMPLING,retained_indices_not_consecutive|interval_deviation_gt_0.001_s,retained_indices_not_consecutive|interval_deviation_gt_0.001_s,BOTH_INADMISSIBLE,,,,
FLUX_FINITE,P1_published_qpp_pdcsap_all,P1,PUBLISHED_QPP_REPRODUCED,WSp1,P00,P01,F2V000175,F2V000176,SELECTED,NOT_SELECTED,ELIGIBLE_FOR_AFINO,ELIGIBLE_FOR_AFINO,,,BOTH_ELIGIBLE,1→0,-1.5440902387254845,-0.5914006617910132,-1.5440902387254845
QUALITY_PDCSAP,P1_published_qpp_pdcsap_all,P1,PUBLISHED_QPP_REPRODUCED,WSp1,P00,P02,F2V000175,F2V000177,SELECTED,INPUT_INADMISSIBLE,ELIGIBLE_FOR_AFINO,IRREGULAR_SAMPLING,,retained_indices_not_consecutive|interval_deviation_gt_0.001_s,VARIANT_INADMISSIBLE,,,,
QUALITY_SAP,P1_published_qpp_pdcsap_all,P1,PUBLISHED_QPP_REPRODUCED,WSp1,P01,P03,F2V000176,F2V000178,NOT_SELECTED,INPUT_INADMISSIBLE,ELIGIBLE_FOR_AFINO,IRREGULAR_SAMPLING,,retained_indices_not_consecutive|interval_deviation_gt_0.001_s,VARIANT_INADMISSIBLE,,,,
DETREND_PDCSAP,P1_published_qpp_pdcsap_all,P1,PUBLISHED_QPP_REPRODUCED,WSp1,P00,P04,F2V000175,F2V000179,SELECTED,SELECTED,ELIGIBLE_FOR_AFINO,ELIGIBLE_FOR_AFINO,,,BOTH_ELIGIBLE,1→1,-0.357529455053335,0.7616469051805765,-0.357529455053335
DETREND_SAP,P1_published_qpp_pdcsap_all,P1,PUBLISHED_QPP_REPRODUCED,WSp1,P01,P05,F2V000176,F2V000180,NOT_SELECTED,NOT_SELECTED,ELIGIBLE_FOR_AFINO,ELIGIBLE_FOR_AFINO,,,BOTH_ELIGIBLE,0→0,-0.14399324289975013,0.709756216349513,-0.14399324289975013
FLUX_Q0,P1_published_qpp_pdcsap_all,P1,PUBLISHED_QPP_REPRODUCED,WSp1,P02,P03,F2V000177,F2V000178,INPUT_INADMISSIBLE,INPUT_INADMISSIBLE,IRREGULAR_SAMPLING,IRREGULAR_SAMPLING,retained_indices_not_consecutive|interval_deviation_gt_0.001_s,retained_indices_not_consecutive|interval_deviation_gt_0.001_s,BOTH_INADMISSIBLE,,,,
FLUX_FINITE,P1_published_qpp_pdcsap_all,P1,PUBLISHED_QPP_REPRODUCED,WSp2,P00,P01,F2V000181,F2V000182,SELECTED,NOT_SELECTED,ELIGIBLE_FOR_AFINO,ELIGIBLE_FOR_AFINO,,,BOTH_ELIGIBLE,1→0,-2.3947976637672213,-1.135599239049112,-2.3947976637672213
QUALITY_PDCSAP,P1_published_qpp_pdcsap_all,P1,PUBLISHED_QPP_REPRODUCED,WSp2,P00,P02,F2V000181,F2V000183,SELECTED,INPUT_INADMISSIBLE,ELIGIBLE_FOR_AFINO,IRREGULAR_SAMPLING,,retained_indices_not_consecutive|interval_deviation_gt_0.001_s,VARIANT_INADMISSIBLE,,,,
QUALITY_SAP,P1_published_qpp_pdcsap_all,P1,PUBLISHED_QPP_REPRODUCED,WSp2,P01,P03,F2V000182,F2V000184,NOT_SELECTED,INPUT_INADMISSIBLE,ELIGIBLE_FOR_AFINO,IRREGULAR_SAMPLING,,retained_indices_not_consecutive|interval_deviation_gt_0.001_s,VARIANT_INADMISSIBLE,,,,
DETREND_PDCSAP,P1_published_qpp_pdcsap_all,P1,PUBLISHED_QPP_REPRODUCED,WSp2,P00,P04,F2V000181,F2V000185,SELECTED,SELECTED,ELIGIBLE_FOR_AFINO,ELIGIBLE_FOR_AFINO,,,BOTH_ELIGIBLE,1→1,-1.1057879930940473,-0.03790241186259102,-1.1057879930940473
DETREND_SAP,P1_published_qpp_pdcsap_all,P1,PUBLISHED_QPP_REPRODUCED,WSp2,P01,P05,F2V000182,F2V000186,NOT_SELECTED,NOT_SELECTED,ELIGIBLE_FOR_AFINO,ELIGIBLE_FOR_AFINO,,,BOTH_ELIGIBLE,0→0,-0.5799149284133698,-0.6950168973206381,-0.5799149284133698
FLUX_Q0,P1_published_qpp_pdcsap_all,P1,PUBLISHED_QPP_REPRODUCED,WSp2,P02,P03,F2V000183,F2V000184,INPUT_INADMISSIBLE,INPUT_INADMISSIBLE,IRREGULAR_SAMPLING,IRREGULAR_SAMPLING,retained_indices_not_consecutive|interval_deviation_gt_0.001_s,retained_indices_not_consecutive|interval_deviation_gt_0.001_s,BOTH_INADMISSIBLE,,,,
FLUX_FINITE,P1_published_qpp_pdcsap_all,P1,PUBLISHED_QPP_REPRODUCED,WEm2,P00,P01,F2V000187,F2V000188,SELECTED,SELECTED,ELIGIBLE_FOR_AFINO,ELIGIBLE_FOR_AFINO,,,BOTH_ELIGIBLE,1→1,-0.5208879902994674,-1.3362369374031076,-0.5208879902994674
QUALITY_PDCSAP,P1_published_qpp_pdcsap_all,P1,PUBLISHED_QPP_REPRODUCED,WEm2,P00,P02,F2V000187,F2V000189,SELECTED,INPUT_INADMISSIBLE,ELIGIBLE_FOR_AFINO,IRREGULAR_SAMPLING,,retained_indices_not_consecutive|interval_deviation_gt_0.001_s,VARIANT_INADMISSIBLE,,,,
QUALITY_SAP,P1_published_qpp_pdcsap_all,P1,PUBLISHED_QPP_REPRODUCED,WEm2,P01,P03,F2V000188,F2V000190,SELECTED,INPUT_INADMISSIBLE,ELIGIBLE_FOR_AFINO,IRREGULAR_SAMPLING,,retained_indices_not_consecutive|interval_deviation_gt_0.001_s,VARIANT_INADMISSIBLE,,,,
DETREND_PDCSAP,P1_published_qpp_pdcsap_all,P1,PUBLISHED_QPP_REPRODUCED,WEm2,P00,P04,F2V000187,F2V000191,SELECTED,SELECTED,ELIGIBLE_FOR_AFINO,ELIGIBLE_FOR_AFINO,,,BOTH_ELIGIBLE,1→1,-0.02535399182406195,-1.3801018977010386,-0.02535399182406195
DETREND_SAP,P1_published_qpp_pdcsap_all,P1,PUBLISHED_QPP_REPRODUCED,WEm2,P01,P05,F2V000188,F2V000192,SELECTED,SELECTED,ELIGIBLE_FOR_AFINO,ELIGIBLE_FOR_AFINO,,,BOTH_ELIGIBLE,1→1,-0.016302115383179938,-0.3783268994535476,-0.016302115383179938
FLUX_Q0,P1_published_qpp_pdcsap_all,P1,PUBLISHED_QPP_REPRODUCED,WEm2,P02,P03,F2V000189,F2V000190,INPUT_INADMISSIBLE,INPUT_INADMISSIBLE,IRREGULAR_SAMPLING,IRREGULAR_SAMPLING,retained_indices_not_consecutive|interval_deviation_gt_0.001_s,retained_indices_not_consecutive|interval_deviation_gt_0.001_s,BOTH_INADMISSIBLE,,,,
FLUX_FINITE,P1_published_qpp_pdcsap_all,P1,PUBLISHED_QPP_REPRODUCED,WEm1,P00,P01,F2V000193,F2V000194,SELECTED,SELECTED,ELIGIBLE_FOR_AFINO,ELIGIBLE_FOR_AFINO,,,BOTH_ELIGIBLE,1→1,-1.7938296844312482,-1.669418051053313,-1.7938296844312482
QUALITY_PDCSAP,P1_published_qpp_pdcsap_all,P1,PUBLISHED_QPP_REPRODUCED,WEm1,P00,P02,F2V000193,F2V000195,SELECTED,INPUT_INADMISSIBLE,ELIGIBLE_FOR_AFINO,IRREGULAR_SAMPLING,,retained_indices_not_consecutive|interval_deviation_gt_0.001_s,VARIANT_INADMISSIBLE,,,,
QUALITY_SAP,P1_published_qpp_pdcsap_all,P1,PUBLISHED_QPP_REPRODUCED,WEm1,P01,P03,F2V000194,F2V000196,SELECTED,INPUT_INADMISSIBLE,ELIGIBLE_FOR_AFINO,IRREGULAR_SAMPLING,,retained_indices_not_consecutive|interval_deviation_gt_0.001_s,VARIANT_INADMISSIBLE,,,,
DETREND_PDCSAP,P1_published_qpp_pdcsap_all,P1,PUBLISHED_QPP_REPRODUCED,WEm1,P00,P04,F2V000193,F2V000197,SELECTED,SELECTED,ELIGIBLE_FOR_AFINO,ELIGIBLE_FOR_AFINO,,,BOTH_ELIGIBLE,1→1,-0.2235306128057033,-1.1263926078354345,-0.2235306128057033
DETREND_SAP,P1_published_qpp_pdcsap_all,P1,PUBLISHED_QPP_REPRODUCED,WEm1,P01,P05,F2V000194,F2V000198,SELECTED,SELECTED,ELIGIBLE_FOR_AFINO,ELIGIBLE_FOR_AFINO,,,BOTH_ELIGIBLE,1→1,-0.11691162770222618,-0.0752961319065264,-0.11691162770222618
FLUX_Q0,P1_published_qpp_pdcsap_all,P1,PUBLISHED_QPP_REPRODUCED,WEm1,P02,P03,F2V000195,F2V000196,INPUT_INADMISSIBLE,INPUT_INADMISSIBLE,IRREGULAR_SAMPLING,IRREGULAR_SAMPLING,retained_indices_not_consecutive|interval_deviation_gt_0.001_s,retained_indices_not_consecutive|interval_deviation_gt_0.001_s,BOTH_INADMISSIBLE,,,,
FLUX_FINITE,P1_published_qpp_pdcsap_all,P1,PUBLISHED_QPP_REPRODUCED,WEp1,P00,P01,F2V000199,F2V000200,SELECTED,SELECTED,ELIGIBLE_FOR_AFINO,ELIGIBLE_FOR_AFINO,,,BOTH_ELIGIBLE,1→1,-0.3518429569326358,-0.11011716640346236,-0.3518429569326358
QUALITY_PDCSAP,P1_published_qpp_pdcsap_all,P1,PUBLISHED_QPP_REPRODUCED,WEp1,P00,P02,F2V000199,F2V000201,SELECTED,INPUT_INADMISSIBLE,ELIGIBLE_FOR_AFINO,IRREGULAR_SAMPLING,,retained_indices_not_consecutive|interval_deviation_gt_0.001_s,VARIANT_INADMISSIBLE,,,,
QUALITY_SAP,P1_published_qpp_pdcsap_all,P1,PUBLISHED_QPP_REPRODUCED,WEp1,P01,P03,F2V000200,F2V000202,SELECTED,INPUT_INADMISSIBLE,ELIGIBLE_FOR_AFINO,IRREGULAR_SAMPLING,,retained_indices_not_consecutive|interval_deviation_gt_0.001_s,VARIANT_INADMISSIBLE,,,,
DETREND_PDCSAP,P1_published_qpp_pdcsap_all,P1,PUBLISHED_QPP_REPRODUCED,WEp1,P00,P04,F2V000199,F2V000203,SELECTED,SELECTED,ELIGIBLE_FOR_AFINO,ELIGIBLE_FOR_AFINO,,,BOTH_ELIGIBLE,1→1,-0.3197370953071399,-2.3867701390672735,-0.3197370953071399
DETREND_SAP,P1_published_qpp_pdcsap_all,P1,PUBLISHED_QPP_REPRODUCED,WEp1,P01,P05,F2V000200,F2V000204,SELECTED,SELECTED,ELIGIBLE_FOR_AFINO,ELIGIBLE_FOR_AFINO,,,BOTH_ELIGIBLE,1→1,-0.22098021614142738,-0.21470495268301448,-0.22098021614142738
FLUX_Q0,P1_published_qpp_pdcsap_all,P1,PUBLISHED_QPP_REPRODUCED,WEp1,P02,P03,F2V000201,F2V000202,INPUT_INADMISSIBLE,INPUT_INADMISSIBLE,IRREGULAR_SAMPLING,IRREGULAR_SAMPLING,retained_indices_not_consecutive|interval_deviation_gt_0.001_s,retained_indices_not_consecutive|interval_deviation_gt_0.001_s,BOTH_INADMISSIBLE,,,,
FLUX_FINITE,P1_published_qpp_pdcsap_all,P1,PUBLISHED_QPP_REPRODUCED,WEp2,P00,P01,F2V000205,F2V000206,SELECTED,SELECTED,ELIGIBLE_FOR_AFINO,ELIGIBLE_FOR_AFINO,,,BOTH_ELIGIBLE,1→1,-5.89671980241652,-4.8451389835992345,-5.89671980241652
QUALITY_PDCSAP,P1_published_qpp_pdcsap_all,P1,PUBLISHED_QPP_REPRODUCED,WEp2,P00,P02,F2V000205,F2V000207,SELECTED,INPUT_INADMISSIBLE,ELIGIBLE_FOR_AFINO,IRREGULAR_SAMPLING,,retained_indices_not_consecutive|interval_deviation_gt_0.001_s,VARIANT_INADMISSIBLE,,,,
QUALITY_SAP,P1_published_qpp_pdcsap_all,P1,PUBLISHED_QPP_REPRODUCED,WEp2,P01,P03,F2V000206,F2V000208,SELECTED,INPUT_INADMISSIBLE,ELIGIBLE_FOR_AFINO,IRREGULAR_SAMPLING,,retained_indices_not_consecutive|interval_deviation_gt_0.001_s,VARIANT_INADMISSIBLE,,,,
DETREND_PDCSAP,P1_published_qpp_pdcsap_all,P1,PUBLISHED_QPP_REPRODUCED,WEp2,P00,P04,F2V000205,F2V000209,SELECTED,SELECTED,ELIGIBLE_FOR_AFINO,ELIGIBLE_FOR_AFINO,,,BOTH_ELIGIBLE,1→1,-0.36337140815965085,-0.2926649682762985,-0.36337140815965085
DETREND_SAP,P1_published_qpp_pdcsap_all,P1,PUBLISHED_QPP_REPRODUCED,WEp2,P01,P05,F2V000206,F2V000210,SELECTED,SELECTED,ELIGIBLE_FOR_AFINO,ELIGIBLE_FOR_AFINO,,,BOTH_ELIGIBLE,1→1,-0.21992250637351063,1.0488673609619212,-0.21992250637351063
FLUX_Q0,P1_published_qpp_pdcsap_all,P1,PUBLISHED_QPP_REPRODUCED,WEp2,P02,P03,F2V000207,F2V000208,INPUT_INADMISSIBLE,INPUT_INADMISSIBLE,IRREGULAR_SAMPLING,IRREGULAR_SAMPLING,retained_indices_not_consecutive|interval_deviation_gt_0.001_s,retained_indices_not_consecutive|interval_deviation_gt_0.001_s,BOTH_INADMISSIBLE,,,,
FLUX_FINITE,P1_published_qpp_pdcsap_all,P1,PUBLISHED_QPP_REPRODUCED,WX1,P00,P01,F2V000211,F2V000212,SELECTED,SELECTED,ELIGIBLE_FOR_AFINO,ELIGIBLE_FOR_AFINO,,,BOTH_ELIGIBLE,1→1,-4.501459889467505,-3.3640614239367608,-4.501459889467505
QUALITY_PDCSAP,P1_published_qpp_pdcsap_all,P1,PUBLISHED_QPP_REPRODUCED,WX1,P00,P02,F2V000211,F2V000213,SELECTED,INPUT_INADMISSIBLE,ELIGIBLE_FOR_AFINO,IRREGULAR_SAMPLING,,retained_indices_not_consecutive|interval_deviation_gt_0.001_s,VARIANT_INADMISSIBLE,,,,
QUALITY_SAP,P1_published_qpp_pdcsap_all,P1,PUBLISHED_QPP_REPRODUCED,WX1,P01,P03,F2V000212,F2V000214,SELECTED,INPUT_INADMISSIBLE,ELIGIBLE_FOR_AFINO,IRREGULAR_SAMPLING,,retained_indices_not_consecutive|interval_deviation_gt_0.001_s,VARIANT_INADMISSIBLE,,,,
DETREND_PDCSAP,P1_published_qpp_pdcsap_all,P1,PUBLISHED_QPP_REPRODUCED,WX1,P00,P04,F2V000211,F2V000215,SELECTED,SELECTED,ELIGIBLE_FOR_AFINO,ELIGIBLE_FOR_AFINO,,,BOTH_ELIGIBLE,1→1,-0.05751466212475265,-0.05312165983004036,-0.05751466212475265
DETREND_SAP,P1_published_qpp_pdcsap_all,P1,PUBLISHED_QPP_REPRODUCED,WX1,P01,P05,F2V000212,F2V000216,SELECTED,SELECTED,ELIGIBLE_FOR_AFINO,ELIGIBLE_FOR_AFINO,,,BOTH_ELIGIBLE,1→1,-0.03400096783123985,-0.023710639455018168,-0.03400096783123985
FLUX_Q0,P1_published_qpp_pdcsap_all,P1,PUBLISHED_QPP_REPRODUCED,WX1,P02,P03,F2V000213,F2V000214,INPUT_INADMISSIBLE,INPUT_INADMISSIBLE,IRREGULAR_SAMPLING,IRREGULAR_SAMPLING,retained_indices_not_consecutive|interval_deviation_gt_0.001_s,retained_indices_not_consecutive|interval_deviation_gt_0.001_s,BOTH_INADMISSIBLE,,,,
FLUX_FINITE,P1_published_qpp_pdcsap_all,P1,PUBLISHED_QPP_REPRODUCED,WC1,P00,P01,F2V000217,F2V000218,SELECTED,SELECTED,ELIGIBLE_FOR_AFINO,ELIGIBLE_FOR_AFINO,,,BOTH_ELIGIBLE,1→1,-1.9075832664453607,-1.556521372459244,-1.9075832664453607
QUALITY_PDCSAP,P1_published_qpp_pdcsap_all,P1,PUBLISHED_QPP_REPRODUCED,WC1,P00,P02,F2V000217,F2V000219,SELECTED,INPUT_INADMISSIBLE,ELIGIBLE_FOR_AFINO,IRREGULAR_SAMPLING,,retained_indices_not_consecutive|interval_deviation_gt_0.001_s,VARIANT_INADMISSIBLE,,,,
QUALITY_SAP,P1_published_qpp_pdcsap_all,P1,PUBLISHED_QPP_REPRODUCED,WC1,P01,P03,F2V000218,F2V000220,SELECTED,INPUT_INADMISSIBLE,ELIGIBLE_FOR_AFINO,IRREGULAR_SAMPLING,,retained_indices_not_consecutive|interval_deviation_gt_0.001_s,VARIANT_INADMISSIBLE,,,,
DETREND_PDCSAP,P1_published_qpp_pdcsap_all,P1,PUBLISHED_QPP_REPRODUCED,WC1,P00,P04,F2V000217,F2V000221,SELECTED,SELECTED,ELIGIBLE_FOR_AFINO,ELIGIBLE_FOR_AFINO,,,BOTH_ELIGIBLE,1→1,-0.33494808259149167,-0.12830498275463498,-0.33494808259149167
DETREND_SAP,P1_published_qpp_pdcsap_all,P1,PUBLISHED_QPP_REPRODUCED,WC1,P01,P05,F2V000218,F2V000222,SELECTED,SELECTED,ELIGIBLE_FOR_AFINO,ELIGIBLE_FOR_AFINO,,,BOTH_ELIGIBLE,1→1,-0.4378736878633305,0.25460246433458167,-0.4378736878633305
FLUX_Q0,P1_published_qpp_pdcsap_all,P1,PUBLISHED_QPP_REPRODUCED,WC1,P02,P03,F2V000219,F2V000220,INPUT_INADMISSIBLE,INPUT_INADMISSIBLE,IRREGULAR_SAMPLING,IRREGULAR_SAMPLING,retained_indices_not_consecutive|interval_deviation_gt_0.001_s,retained_indices_not_consecutive|interval_deviation_gt_0.001_s,BOTH_INADMISSIBLE,,,,
FLUX_FINITE,P1_published_qpp_pdcsap_all,P1,PUBLISHED_QPP_REPRODUCED,WX2,P00,P01,F2V000223,F2V000224,SELECTED,SELECTED,ELIGIBLE_FOR_AFINO,ELIGIBLE_FOR_AFINO,,,BOTH_ELIGIBLE,1→1,-2.661093626291745,-1.5616167211639933,-2.661093626291745
QUALITY_PDCSAP,P1_published_qpp_pdcsap_all,P1,PUBLISHED_QPP_REPRODUCED,WX2,P00,P02,F2V000223,F2V000225,SELECTED,INPUT_INADMISSIBLE,ELIGIBLE_FOR_AFINO,IRREGULAR_SAMPLING,,retained_indices_not_consecutive|interval_deviation_gt_0.001_s,VARIANT_INADMISSIBLE,,,,
QUALITY_SAP,P1_published_qpp_pdcsap_all,P1,PUBLISHED_QPP_REPRODUCED,WX2,P01,P03,F2V000224,F2V000226,SELECTED,INPUT_INADMISSIBLE,ELIGIBLE_FOR_AFINO,IRREGULAR_SAMPLING,,retained_indices_not_consecutive|interval_deviation_gt_0.001_s,VARIANT_INADMISSIBLE,,,,
DETREND_PDCSAP,P1_published_qpp_pdcsap_all,P1,PUBLISHED_QPP_REPRODUCED,WX2,P00,P04,F2V000223,F2V000227,SELECTED,SELECTED,ELIGIBLE_FOR_AFINO,ELIGIBLE_FOR_AFINO,,,BOTH_ELIGIBLE,1→1,0.008468819797556648,-0.004876040009136773,0.008468819797556648
DETREND_SAP,P1_published_qpp_pdcsap_all,P1,PUBLISHED_QPP_REPRODUCED,WX2,P01,P05,F2V000224,F2V000228,SELECTED,SELECTED,ELIGIBLE_FOR_AFINO,ELIGIBLE_FOR_AFINO,,,BOTH_ELIGIBLE,1→1,0.01736879233800437,0.015993651739705683,0.01736879233800437
FLUX_Q0,P1_published_qpp_pdcsap_all,P1,PUBLISHED_QPP_REPRODUCED,WX2,P02,P03,F2V000225,F2V000226,INPUT_INADMISSIBLE,INPUT_INADMISSIBLE,IRREGULAR_SAMPLING,IRREGULAR_SAMPLING,retained_indices_not_consecutive|interval_deviation_gt_0.001_s,retained_indices_not_consecutive|interval_deviation_gt_0.001_s,BOTH_INADMISSIBLE,,,,
FLUX_FINITE,P1_published_qpp_pdcsap_all,P1,PUBLISHED_QPP_REPRODUCED,WC2,P00,P01,F2V000229,F2V000230,SELECTED,SELECTED,ELIGIBLE_FOR_AFINO,ELIGIBLE_FOR_AFINO,,,BOTH_ELIGIBLE,1→1,0.4138176414043748,1.081047565009765,0.4138176414043748
QUALITY_PDCSAP,P1_published_qpp_pdcsap_all,P1,PUBLISHED_QPP_REPRODUCED,WC2,P00,P02,F2V000229,F2V000231,SELECTED,INPUT_INADMISSIBLE,ELIGIBLE_FOR_AFINO,IRREGULAR_SAMPLING,,retained_indices_not_consecutive|interval_deviation_gt_0.001_s,VARIANT_INADMISSIBLE,,,,
QUALITY_SAP,P1_published_qpp_pdcsap_all,P1,PUBLISHED_QPP_REPRODUCED,WC2,P01,P03,F2V000230,F2V000232,SELECTED,INPUT_INADMISSIBLE,ELIGIBLE_FOR_AFINO,IRREGULAR_SAMPLING,,retained_indices_not_consecutive|interval_deviation_gt_0.001_s,VARIANT_INADMISSIBLE,,,,
DETREND_PDCSAP,P1_published_qpp_pdcsap_all,P1,PUBLISHED_QPP_REPRODUCED,WC2,P00,P04,F2V000229,F2V000233,SELECTED,SELECTED,ELIGIBLE_FOR_AFINO,ELIGIBLE_FOR_AFINO,,,BOTH_ELIGIBLE,1→1,-0.9804744211003147,0.1998402796119585,-0.9804744211003147
DETREND_SAP,P1_published_qpp_pdcsap_all,P1,PUBLISHED_QPP_REPRODUCED,WC2,P01,P05,F2V000230,F2V000234,SELECTED,SELECTED,ELIGIBLE_FOR_AFINO,ELIGIBLE_FOR_AFINO,,,BOTH_ELIGIBLE,1→1,-0.7312864940471737,-0.42979489529862924,-0.7312864940471737
FLUX_Q0,P1_published_qpp_pdcsap_all,P1,PUBLISHED_QPP_REPRODUCED,WC2,P02,P03,F2V000231,F2V000232,INPUT_INADMISSIBLE,INPUT_INADMISSIBLE,IRREGULAR_SAMPLING,IRREGULAR_SAMPLING,retained_indices_not_consecutive|interval_deviation_gt_0.001_s,retained_indices_not_consecutive|interval_deviation_gt_0.001_s,BOTH_INADMISSIBLE,,,,
FLUX_FINITE,P1_not_selected_qpp_pdcsap_all,P1,MATCHED_NOT_SELECTED,W00,P00,P01,F2V000235,F2V000236,NOT_SELECTED,NOT_SELECTED,ELIGIBLE_FOR_AFINO,ELIGIBLE_FOR_AFINO,,,BOTH_ELIGIBLE,0→0,3.7157274917034755,4.677348793049958,3.7157274917034755
QUALITY_PDCSAP,P1_not_selected_qpp_pdcsap_all,P1,MATCHED_NOT_SELECTED,W00,P00,P02,F2V000235,F2V000237,NOT_SELECTED,INPUT_INADMISSIBLE,ELIGIBLE_FOR_AFINO,IRREGULAR_SAMPLING,,retained_indices_not_consecutive|interval_deviation_gt_0.001_s,VARIANT_INADMISSIBLE,,,,
QUALITY_SAP,P1_not_selected_qpp_pdcsap_all,P1,MATCHED_NOT_SELECTED,W00,P01,P03,F2V000236,F2V000238,NOT_SELECTED,INPUT_INADMISSIBLE,ELIGIBLE_FOR_AFINO,IRREGULAR_SAMPLING,,retained_indices_not_consecutive|interval_deviation_gt_0.001_s,VARIANT_INADMISSIBLE,,,,
DETREND_PDCSAP,P1_not_selected_qpp_pdcsap_all,P1,MATCHED_NOT_SELECTED,W00,P00,P04,F2V000235,F2V000239,NOT_SELECTED,NOT_SELECTED,ELIGIBLE_FOR_AFINO,ELIGIBLE_FOR_AFINO,,,BOTH_ELIGIBLE,0→0,-0.1922983959488107,0.0254456343381122,-0.1922983959488107
DETREND_SAP,P1_not_selected_qpp_pdcsap_all,P1,MATCHED_NOT_SELECTED,W00,P01,P05,F2V000236,F2V000240,NOT_SELECTED,NOT_SELECTED,ELIGIBLE_FOR_AFINO,ELIGIBLE_FOR_AFINO,,,BOTH_ELIGIBLE,0→0,-0.060704101958547696,-1.745419558395696,-0.060704101958547696
FLUX_Q0,P1_not_selected_qpp_pdcsap_all,P1,MATCHED_NOT_SELECTED,W00,P02,P03,F2V000237,F2V000238,INPUT_INADMISSIBLE,INPUT_INADMISSIBLE,IRREGULAR_SAMPLING,IRREGULAR_SAMPLING,retained_indices_not_consecutive|interval_deviation_gt_0.001_s,retained_indices_not_consecutive|interval_deviation_gt_0.001_s,BOTH_INADMISSIBLE,,,,
FLUX_FINITE,P1_not_selected_qpp_pdcsap_all,P1,MATCHED_NOT_SELECTED,WSm2,P00,P01,F2V000241,F2V000242,NOT_SELECTED,NOT_SELECTED,ELIGIBLE_FOR_AFINO,ELIGIBLE_FOR_AFINO,,,BOTH_ELIGIBLE,0→0,6.591258418736118,6.095026039981608,6.591258418736118
QUALITY_PDCSAP,P1_not_selected_qpp_pdcsap_all,P1,MATCHED_NOT_SELECTED,WSm2,P00,P02,F2V000241,F2V000243,NOT_SELECTED,INPUT_INADMISSIBLE,ELIGIBLE_FOR_AFINO,IRREGULAR_SAMPLING,,retained_indices_not_consecutive|interval_deviation_gt_0.001_s,VARIANT_INADMISSIBLE,,,,
QUALITY_SAP,P1_not_selected_qpp_pdcsap_all,P1,MATCHED_NOT_SELECTED,WSm2,P01,P03,F2V000242,F2V000244,NOT_SELECTED,INPUT_INADMISSIBLE,ELIGIBLE_FOR_AFINO,IRREGULAR_SAMPLING,,retained_indices_not_consecutive|interval_deviation_gt_0.001_s,VARIANT_INADMISSIBLE,,,,
DETREND_PDCSAP,P1_not_selected_qpp_pdcsap_all,P1,MATCHED_NOT_SELECTED,WSm2,P00,P04,F2V000241,F2V000245,NOT_SELECTED,NOT_SELECTED,ELIGIBLE_FOR_AFINO,ELIGIBLE_FOR_AFINO,,,BOTH_ELIGIBLE,0→0,-0.047724572131841114,1.1898338243650386,-0.047724572131841114
DETREND_SAP,P1_not_selected_qpp_pdcsap_all,P1,MATCHED_NOT_SELECTED,WSm2,P01,P05,F2V000242,F2V000246,NOT_SELECTED,NOT_SELECTED,ELIGIBLE_FOR_AFINO,ELIGIBLE_FOR_AFINO,,,BOTH_ELIGIBLE,0→0,-0.011625223916738037,0.005532423470121728,-0.011625223916738037
FLUX_Q0,P1_not_selected_qpp_pdcsap_all,P1,MATCHED_NOT_SELECTED,WSm2,P02,P03,F2V000243,F2V000244,INPUT_INADMISSIBLE,INPUT_INADMISSIBLE,IRREGULAR_SAMPLING,IRREGULAR_SAMPLING,retained_indices_not_consecutive|interval_deviation_gt_0.001_s,retained_indices_not_consecutive|interval_deviation_gt_0.001_s,BOTH_INADMISSIBLE,,,,
FLUX_FINITE,P1_not_selected_qpp_pdcsap_all,P1,MATCHED_NOT_SELECTED,WSm1,P00,P01,F2V000247,F2V000248,NOT_SELECTED,NOT_SELECTED,ELIGIBLE_FOR_AFINO,ELIGIBLE_FOR_AFINO,,,BOTH_ELIGIBLE,0→0,5.378365241292109,5.002730630997444,5.378365241292109
QUALITY_PDCSAP,P1_not_selected_qpp_pdcsap_all,P1,MATCHED_NOT_SELECTED,WSm1,P00,P02,F2V000247,F2V000249,NOT_SELECTED,INPUT_INADMISSIBLE,ELIGIBLE_FOR_AFINO,IRREGULAR_SAMPLING,,retained_indices_not_consecutive|interval_deviation_gt_0.001_s,VARIANT_INADMISSIBLE,,,,
QUALITY_SAP,P1_not_selected_qpp_pdcsap_all,P1,MATCHED_NOT_SELECTED,WSm1,P01,P03,F2V000248,F2V000250,NOT_SELECTED,INPUT_INADMISSIBLE,ELIGIBLE_FOR_AFINO,IRREGULAR_SAMPLING,,retained_indices_not_consecutive|interval_deviation_gt_0.001_s,VARIANT_INADMISSIBLE,,,,
DETREND_PDCSAP,P1_not_selected_qpp_pdcsap_all,P1,MATCHED_NOT_SELECTED,WSm1,P00,P04,F2V000247,F2V000251,NOT_SELECTED,NOT_SELECTED,ELIGIBLE_FOR_AFINO,ELIGIBLE_FOR_AFINO,,,BOTH_ELIGIBLE,0→0,0.11223980971179515,0.2126934294439664,0.11223980971179515
DETREND_SAP,P1_not_selected_qpp_pdcsap_all,P1,MATCHED_NOT_SELECTED,WSm1,P01,P05,F2V000248,F2V000252,NOT_SELECTED,NOT_SELECTED,ELIGIBLE_FOR_AFINO,ELIGIBLE_FOR_AFINO,,,BOTH_ELIGIBLE,0→0,-0.038090418267799464,1.9658470895135807,-0.038090418267799464
FLUX_Q0,P1_not_selected_qpp_pdcsap_all,P1,MATCHED_NOT_SELECTED,WSm1,P02,P03,F2V000249,F2V000250,INPUT_INADMISSIBLE,INPUT_INADMISSIBLE,IRREGULAR_SAMPLING,IRREGULAR_SAMPLING,retained_indices_not_consecutive|interval_deviation_gt_0.001_s,retained_indices_not_consecutive|interval_deviation_gt_0.001_s,BOTH_INADMISSIBLE,,,,
FLUX_FINITE,P1_not_selected_qpp_pdcsap_all,P1,MATCHED_NOT_SELECTED,WSp1,P00,P01,F2V000253,F2V000254,NOT_SELECTED,NOT_SELECTED,ELIGIBLE_FOR_AFINO,ELIGIBLE_FOR_AFINO,,,BOTH_ELIGIBLE,0→0,2.580306947480004,1.0737197601756634,2.580306947480004
QUALITY_PDCSAP,P1_not_selected_qpp_pdcsap_all,P1,MATCHED_NOT_SELECTED,WSp1,P00,P02,F2V000253,F2V000255,NOT_SELECTED,INPUT_INADMISSIBLE,ELIGIBLE_FOR_AFINO,IRREGULAR_SAMPLING,,retained_indices_not_consecutive|interval_deviation_gt_0.001_s,VARIANT_INADMISSIBLE,,,,
QUALITY_SAP,P1_not_selected_qpp_pdcsap_all,P1,MATCHED_NOT_SELECTED,WSp1,P01,P03,F2V000254,F2V000256,NOT_SELECTED,INPUT_INADMISSIBLE,ELIGIBLE_FOR_AFINO,IRREGULAR_SAMPLING,,retained_indices_not_consecutive|interval_deviation_gt_0.001_s,VARIANT_INADMISSIBLE,,,,
DETREND_PDCSAP,P1_not_selected_qpp_pdcsap_all,P1,MATCHED_NOT_SELECTED,WSp1,P00,P04,F2V000253,F2V000257,NOT_SELECTED,NOT_SELECTED,ELIGIBLE_FOR_AFINO,ELIGIBLE_FOR_AFINO,,,BOTH_ELIGIBLE,0→0,0.3121345720765145,0.4120514116185596,0.3121345720765145
DETREND_SAP,P1_not_selected_qpp_pdcsap_all,P1,MATCHED_NOT_SELECTED,WSp1,P01,P05,F2V000254,F2V000258,NOT_SELECTED,NOT_SELECTED,ELIGIBLE_FOR_AFINO,ELIGIBLE_FOR_AFINO,,,BOTH_ELIGIBLE,0→0,-3.698604138773063,-2.0804104567047546,-3.6986041387730637
FLUX_Q0,P1_not_selected_qpp_pdcsap_all,P1,MATCHED_NOT_SELECTED,WSp1,P02,P03,F2V000255,F2V000256,INPUT_INADMISSIBLE,INPUT_INADMISSIBLE,IRREGULAR_SAMPLING,IRREGULAR_SAMPLING,retained_indices_not_consecutive|interval_deviation_gt_0.001_s,retained_indices_not_consecutive|interval_deviation_gt_0.001_s,BOTH_INADMISSIBLE,,,,
FLUX_FINITE,P1_not_selected_qpp_pdcsap_all,P1,MATCHED_NOT_SELECTED,WSp2,P00,P01,F2V000259,F2V000260,NOT_SELECTED,NOT_SELECTED,ELIGIBLE_FOR_AFINO,ELIGIBLE_FOR_AFINO,,,BOTH_ELIGIBLE,0→0,2.8395642140664226,1.9500775202834504,2.8395642140664226
QUALITY_PDCSAP,P1_not_selected_qpp_pdcsap_all,P1,MATCHED_NOT_SELECTED,WSp2,P00,P02,F2V000259,F2V000261,NOT_SELECTED,INPUT_INADMISSIBLE,ELIGIBLE_FOR_AFINO,IRREGULAR_SAMPLING,,retained_indices_not_consecutive|interval_deviation_gt_0.001_s,VARIANT_INADMISSIBLE,,,,
QUALITY_SAP,P1_not_selected_qpp_pdcsap_all,P1,MATCHED_NOT_SELECTED,WSp2,P01,P03,F2V000260,F2V000262,NOT_SELECTED,INPUT_INADMISSIBLE,ELIGIBLE_FOR_AFINO,IRREGULAR_SAMPLING,,retained_indices_not_consecutive|interval_deviation_gt_0.001_s,VARIANT_INADMISSIBLE,,,,
DETREND_PDCSAP,P1_not_selected_qpp_pdcsap_all,P1,MATCHED_NOT_SELECTED,WSp2,P00,P04,F2V000259,F2V000263,NOT_SELECTED,NOT_SELECTED,ELIGIBLE_FOR_AFINO,ELIGIBLE_FOR_AFINO,,,BOTH_ELIGIBLE,0→0,-0.17901123305812483,0.19324683485777072,-0.1790112330581266
DETREND_SAP,P1_not_selected_qpp_pdcsap_all,P1,MATCHED_NOT_SELECTED,WSp2,P01,P05,F2V000260,F2V000264,NOT_SELECTED,NOT_SELECTED,ELIGIBLE_FOR_AFINO,ELIGIBLE_FOR_AFINO,,,BOTH_ELIGIBLE,0→0,-0.12392425428616693,1.2595142159785766,-0.12392425428616782
FLUX_Q0,P1_not_selected_qpp_pdcsap_all,P1,MATCHED_NOT_SELECTED,WSp2,P02,P03,F2V000261,F2V000262,INPUT_INADMISSIBLE,INPUT_INADMISSIBLE,IRREGULAR_SAMPLING,IRREGULAR_SAMPLING,retained_indices_not_consecutive|interval_deviation_gt_0.001_s,retained_indices_not_consecutive|interval_deviation_gt_0.001_s,BOTH_INADMISSIBLE,,,,
FLUX_FINITE,P1_not_selected_qpp_pdcsap_all,P1,MATCHED_NOT_SELECTED,WEm2,P00,P01,F2V000265,F2V000266,NOT_SELECTED,NOT_SELECTED,ELIGIBLE_FOR_AFINO,ELIGIBLE_FOR_AFINO,,,BOTH_ELIGIBLE,0→0,4.9895484139216535,3.9359129993710127,4.9895484139216535
QUALITY_PDCSAP,P1_not_selected_qpp_pdcsap_all,P1,MATCHED_NOT_SELECTED,WEm2,P00,P02,F2V000265,F2V000267,NOT_SELECTED,INPUT_INADMISSIBLE,ELIGIBLE_FOR_AFINO,IRREGULAR_SAMPLING,,retained_indices_not_consecutive|interval_deviation_gt_0.001_s,VARIANT_INADMISSIBLE,,,,
QUALITY_SAP,P1_not_selected_qpp_pdcsap_all,P1,MATCHED_NOT_SELECTED,WEm2,P01,P03,F2V000266,F2V000268,NOT_SELECTED,INPUT_INADMISSIBLE,ELIGIBLE_FOR_AFINO,IRREGULAR_SAMPLING,,retained_indices_not_consecutive|interval_deviation_gt_0.001_s,VARIANT_INADMISSIBLE,,,,
DETREND_PDCSAP,P1_not_selected_qpp_pdcsap_all,P1,MATCHED_NOT_SELECTED,WEm2,P00,P04,F2V000265,F2V000269,NOT_SELECTED,NOT_SELECTED,ELIGIBLE_FOR_AFINO,ELIGIBLE_FOR_AFINO,,,BOTH_ELIGIBLE,0→0,-0.12319159886530429,0.05139927029390634,-0.12319159886530429
DETREND_SAP,P1_not_selected_qpp_pdcsap_all,P1,MATCHED_NOT_SELECTED,WEm2,P01,P05,F2V000266,F2V000270,NOT_SELECTED,NOT_SELECTED,ELIGIBLE_FOR_AFINO,ELIGIBLE_FOR_AFINO,,,BOTH_ELIGIBLE,0→0,-0.041837916481846094,1.8514927262267928,-0.041837916481846094
FLUX_Q0,P1_not_selected_qpp_pdcsap_all,P1,MATCHED_NOT_SELECTED,WEm2,P02,P03,F2V000267,F2V000268,INPUT_INADMISSIBLE,INPUT_INADMISSIBLE,IRREGULAR_SAMPLING,IRREGULAR_SAMPLING,retained_indices_not_consecutive|interval_deviation_gt_0.001_s,retained_indices_not_consecutive|interval_deviation_gt_0.001_s,BOTH_INADMISSIBLE,,,,
FLUX_FINITE,P1_not_selected_qpp_pdcsap_all,P1,MATCHED_NOT_SELECTED,WEm1,P00,P01,F2V000271,F2V000272,NOT_SELECTED,NOT_SELECTED,ELIGIBLE_FOR_AFINO,ELIGIBLE_FOR_AFINO,,,BOTH_ELIGIBLE,0→0,4.17796426882073,3.604482588385679,4.17796426882073
QUALITY_PDCSAP,P1_not_selected_qpp_pdcsap_all,P1,MATCHED_NOT_SELECTED,WEm1,P00,P02,F2V000271,F2V000273,NOT_SELECTED,INPUT_INADMISSIBLE,ELIGIBLE_FOR_AFINO,IRREGULAR_SAMPLING,,retained_indices_not_consecutive|interval_deviation_gt_0.001_s,VARIANT_INADMISSIBLE,,,,
QUALITY_SAP,P1_not_selected_qpp_pdcsap_all,P1,MATCHED_NOT_SELECTED,WEm1,P01,P03,F2V000272,F2V000274,NOT_SELECTED,INPUT_INADMISSIBLE,ELIGIBLE_FOR_AFINO,IRREGULAR_SAMPLING,,retained_indices_not_consecutive|interval_deviation_gt_0.001_s,VARIANT_INADMISSIBLE,,,,
DETREND_PDCSAP,P1_not_selected_qpp_pdcsap_all,P1,MATCHED_NOT_SELECTED,WEm1,P00,P04,F2V000271,F2V000275,NOT_SELECTED,NOT_SELECTED,ELIGIBLE_FOR_AFINO,ELIGIBLE_FOR_AFINO,,,BOTH_ELIGIBLE,0→0,0.13693561352822314,0.2909033718463121,0.13693561352822314
DETREND_SAP,P1_not_selected_qpp_pdcsap_all,P1,MATCHED_NOT_SELECTED,WEm1,P01,P05,F2V000272,F2V000276,NOT_SELECTED,NOT_SELECTED,ELIGIBLE_FOR_AFINO,ELIGIBLE_FOR_AFINO,,,BOTH_ELIGIBLE,0→0,-0.04639017858753647,1.8250458531232052,-0.04639017858753647
FLUX_Q0,P1_not_selected_qpp_pdcsap_all,P1,MATCHED_NOT_SELECTED,WEm1,P02,P03,F2V000273,F2V000274,INPUT_INADMISSIBLE,INPUT_INADMISSIBLE,IRREGULAR_SAMPLING,IRREGULAR_SAMPLING,retained_indices_not_consecutive|interval_deviation_gt_0.001_s,retained_indices_not_consecutive|interval_deviation_gt_0.001_s,BOTH_INADMISSIBLE,,,,
FLUX_FINITE,P1_not_selected_qpp_pdcsap_all,P1,MATCHED_NOT_SELECTED,WEp1,P00,P01,F2V000277,F2V000278,NOT_SELECTED,NOT_SELECTED,ELIGIBLE_FOR_AFINO,ELIGIBLE_FOR_AFINO,,,BOTH_ELIGIBLE,0→0,3.520300194041127,3.589816753734514,3.520300194041127
QUALITY_PDCSAP,P1_not_selected_qpp_pdcsap_all,P1,MATCHED_NOT_SELECTED,WEp1,P00,P02,F2V000277,F2V000279,NOT_SELECTED,INPUT_INADMISSIBLE,ELIGIBLE_FOR_AFINO,IRREGULAR_SAMPLING,,retained_indices_not_consecutive|interval_deviation_gt_0.001_s,VARIANT_INADMISSIBLE,,,,
QUALITY_SAP,P1_not_selected_qpp_pdcsap_all,P1,MATCHED_NOT_SELECTED,WEp1,P01,P03,F2V000278,F2V000280,NOT_SELECTED,INPUT_INADMISSIBLE,ELIGIBLE_FOR_AFINO,IRREGULAR_SAMPLING,,retained_indices_not_consecutive|interval_deviation_gt_0.001_s,VARIANT_INADMISSIBLE,,,,
DETREND_PDCSAP,P1_not_selected_qpp_pdcsap_all,P1,MATCHED_NOT_SELECTED,WEp1,P00,P04,F2V000277,F2V000281,NOT_SELECTED,NOT_SELECTED,ELIGIBLE_FOR_AFINO,ELIGIBLE_FOR_AFINO,,,BOTH_ELIGIBLE,0→0,0.2641578102868465,0.32760344043909484,0.2641578102868465
DETREND_SAP,P1_not_selected_qpp_pdcsap_all,P1,MATCHED_NOT_SELECTED,WEp1,P01,P05,F2V000278,F2V000282,NOT_SELECTED,NOT_SELECTED,ELIGIBLE_FOR_AFINO,ELIGIBLE_FOR_AFINO,,,BOTH_ELIGIBLE,0→0,-4.3914511103067095,-6.034700725982297,-4.391451110306711
FLUX_Q0,P1_not_selected_qpp_pdcsap_all,P1,MATCHED_NOT_SELECTED,WEp1,P02,P03,F2V000279,F2V000280,INPUT_INADMISSIBLE,INPUT_INADMISSIBLE,IRREGULAR_SAMPLING,IRREGULAR_SAMPLING,retained_indices_not_consecutive|interval_deviation_gt_0.001_s,retained_indices_not_consecutive|interval_deviation_gt_0.001_s,BOTH_INADMISSIBLE,,,,
FLUX_FINITE,P1_not_selected_qpp_pdcsap_all,P1,MATCHED_NOT_SELECTED,WEp2,P00,P01,F2V000283,F2V000284,NOT_SELECTED,NOT_SELECTED,ELIGIBLE_FOR_AFINO,ELIGIBLE_FOR_AFINO,,,BOTH_ELIGIBLE,0→0,4.48190106875785,3.165584221440991,4.48190106875785
QUALITY_PDCSAP,P1_not_selected_qpp_pdcsap_all,P1,MATCHED_NOT_SELECTED,WEp2,P00,P02,F2V000283,F2V000285,NOT_SELECTED,INPUT_INADMISSIBLE,ELIGIBLE_FOR_AFINO,IRREGULAR_SAMPLING,,retained_indices_not_consecutive|interval_deviation_gt_0.001_s,VARIANT_INADMISSIBLE,,,,
QUALITY_SAP,P1_not_selected_qpp_pdcsap_all,P1,MATCHED_NOT_SELECTED,WEp2,P01,P03,F2V000284,F2V000286,NOT_SELECTED,INPUT_INADMISSIBLE,ELIGIBLE_FOR_AFINO,IRREGULAR_SAMPLING,,retained_indices_not_consecutive|interval_deviation_gt_0.001_s,VARIANT_INADMISSIBLE,,,,
DETREND_PDCSAP,P1_not_selected_qpp_pdcsap_all,P1,MATCHED_NOT_SELECTED,WEp2,P00,P04,F2V000283,F2V000287,NOT_SELECTED,NOT_SELECTED,ELIGIBLE_FOR_AFINO,ELIGIBLE_FOR_AFINO,,,BOTH_ELIGIBLE,0→0,-0.22406086178913398,-0.7053973912768932,-0.22406086178913398
DETREND_SAP,P1_not_selected_qpp_pdcsap_all,P1,MATCHED_NOT_SELECTED,WEp2,P01,P05,F2V000284,F2V000288,NOT_SELECTED,NOT_SELECTED,ELIGIBLE_FOR_AFINO,ELIGIBLE_FOR_AFINO,,,BOTH_ELIGIBLE,0→0,-0.08025041922326714,-0.008030526550676598,-0.08025041922326714
FLUX_Q0,P1_not_selected_qpp_pdcsap_all,P1,MATCHED_NOT_SELECTED,WEp2,P02,P03,F2V000285,F2V000286,INPUT_INADMISSIBLE,INPUT_INADMISSIBLE,IRREGULAR_SAMPLING,IRREGULAR_SAMPLING,retained_indices_not_consecutive|interval_deviation_gt_0.001_s,retained_indices_not_consecutive|interval_deviation_gt_0.001_s,BOTH_INADMISSIBLE,,,,
FLUX_FINITE,P1_not_selected_qpp_pdcsap_all,P1,MATCHED_NOT_SELECTED,WX1,P00,P01,F2V000289,F2V000290,NOT_SELECTED,NOT_SELECTED,ELIGIBLE_FOR_AFINO,ELIGIBLE_FOR_AFINO,,,BOTH_ELIGIBLE,0→0,5.419450340552203,4.810697203013735,5.419450340552203
QUALITY_PDCSAP,P1_not_selected_qpp_pdcsap_all,P1,MATCHED_NOT_SELECTED,WX1,P00,P02,F2V000289,F2V000291,NOT_SELECTED,INPUT_INADMISSIBLE,ELIGIBLE_FOR_AFINO,IRREGULAR_SAMPLING,,retained_indices_not_consecutive|interval_deviation_gt_0.001_s,VARIANT_INADMISSIBLE,,,,
QUALITY_SAP,P1_not_selected_qpp_pdcsap_all,P1,MATCHED_NOT_SELECTED,WX1,P01,P03,F2V000290,F2V000292,NOT_SELECTED,INPUT_INADMISSIBLE,ELIGIBLE_FOR_AFINO,IRREGULAR_SAMPLING,,retained_indices_not_consecutive|interval_deviation_gt_0.001_s,VARIANT_INADMISSIBLE,,,,
DETREND_PDCSAP,P1_not_selected_qpp_pdcsap_all,P1,MATCHED_NOT_SELECTED,WX1,P00,P04,F2V000289,F2V000293,NOT_SELECTED,NOT_SELECTED,ELIGIBLE_FOR_AFINO,ELIGIBLE_FOR_AFINO,,,BOTH_ELIGIBLE,0→0,-0.14754420339181706,0.8951496483349857,-0.14754420339181706
DETREND_SAP,P1_not_selected_qpp_pdcsap_all,P1,MATCHED_NOT_SELECTED,WX1,P01,P05,F2V000290,F2V000294,NOT_SELECTED,NOT_SELECTED,ELIGIBLE_FOR_AFINO,ELIGIBLE_FOR_AFINO,,,BOTH_ELIGIBLE,0→0,-0.05153771005699781,0.0077560418324083,-0.05153771005699781
FLUX_Q0,P1_not_selected_qpp_pdcsap_all,P1,MATCHED_NOT_SELECTED,WX1,P02,P03,F2V000291,F2V000292,INPUT_INADMISSIBLE,INPUT_INADMISSIBLE,IRREGULAR_SAMPLING,IRREGULAR_SAMPLING,retained_indices_not_consecutive|interval_deviation_gt_0.001_s,retained_indices_not_consecutive|interval_deviation_gt_0.001_s,BOTH_INADMISSIBLE,,,,
FLUX_FINITE,P1_not_selected_qpp_pdcsap_all,P1,MATCHED_NOT_SELECTED,WC1,P00,P01,F2V000295,F2V000296,NOT_SELECTED,NOT_SELECTED,ELIGIBLE_FOR_AFINO,ELIGIBLE_FOR_AFINO,,,BOTH_ELIGIBLE,0→0,3.8029716472969675,4.032140294837559,3.8029716472969675
QUALITY_PDCSAP,P1_not_selected_qpp_pdcsap_all,P1,MATCHED_NOT_SELECTED,WC1,P00,P02,F2V000295,F2V000297,NOT_SELECTED,INPUT_INADMISSIBLE,ELIGIBLE_FOR_AFINO,IRREGULAR_SAMPLING,,retained_indices_not_consecutive|interval_deviation_gt_0.001_s,VARIANT_INADMISSIBLE,,,,
QUALITY_SAP,P1_not_selected_qpp_pdcsap_all,P1,MATCHED_NOT_SELECTED,WC1,P01,P03,F2V000296,F2V000298,NOT_SELECTED,INPUT_INADMISSIBLE,ELIGIBLE_FOR_AFINO,IRREGULAR_SAMPLING,,retained_indices_not_consecutive|interval_deviation_gt_0.001_s,VARIANT_INADMISSIBLE,,,,
DETREND_PDCSAP,P1_not_selected_qpp_pdcsap_all,P1,MATCHED_NOT_SELECTED,WC1,P00,P04,F2V000295,F2V000299,NOT_SELECTED,NOT_SELECTED,ELIGIBLE_FOR_AFINO,ELIGIBLE_FOR_AFINO,,,BOTH_ELIGIBLE,0→0,-0.2357728767450098,-0.3081202625242909,-0.2357728767450098
DETREND_SAP,P1_not_selected_qpp_pdcsap_all,P1,MATCHED_NOT_SELECTED,WC1,P01,P05,F2V000296,F2V000300,NOT_SELECTED,NOT_SELECTED,ELIGIBLE_FOR_AFINO,ELIGIBLE_FOR_AFINO,,,BOTH_ELIGIBLE,0→0,-0.0706574180282642,-0.06045896965144415,-0.07065741802826508
FLUX_Q0,P1_not_selected_qpp_pdcsap_all,P1,MATCHED_NOT_SELECTED,WC1,P02,P03,F2V000297,F2V000298,INPUT_INADMISSIBLE,INPUT_INADMISSIBLE,IRREGULAR_SAMPLING,IRREGULAR_SAMPLING,retained_indices_not_consecutive|interval_deviation_gt_0.001_s,retained_indices_not_consecutive|interval_deviation_gt_0.001_s,BOTH_INADMISSIBLE,,,,
FLUX_FINITE,P1_not_selected_qpp_pdcsap_all,P1,MATCHED_NOT_SELECTED,WX2,P00,P01,F2V000301,F2V000302,NOT_SELECTED,NOT_SELECTED,ELIGIBLE_FOR_AFINO,ELIGIBLE_FOR_AFINO,,,BOTH_ELIGIBLE,0→0,5.589780151069903,5.234970088380827,5.589780151069903
QUALITY_PDCSAP,P1_not_selected_qpp_pdcsap_all,P1,MATCHED_NOT_SELECTED,WX2,P00,P02,F2V000301,F2V000303,NOT_SELECTED,INPUT_INADMISSIBLE,ELIGIBLE_FOR_AFINO,IRREGULAR_SAMPLING,,retained_indices_not_consecutive|interval_deviation_gt_0.001_s,VARIANT_INADMISSIBLE,,,,
QUALITY_SAP,P1_not_selected_qpp_pdcsap_all,P1,MATCHED_NOT_SELECTED,WX2,P01,P03,F2V000302,F2V000304,NOT_SELECTED,INPUT_INADMISSIBLE,ELIGIBLE_FOR_AFINO,IRREGULAR_SAMPLING,,retained_indices_not_consecutive|interval_deviation_gt_0.001_s,VARIANT_INADMISSIBLE,,,,
DETREND_PDCSAP,P1_not_selected_qpp_pdcsap_all,P1,MATCHED_NOT_SELECTED,WX2,P00,P04,F2V000301,F2V000305,NOT_SELECTED,NOT_SELECTED,ELIGIBLE_FOR_AFINO,ELIGIBLE_FOR_AFINO,,,BOTH_ELIGIBLE,0→0,-0.08712489655237476,-0.005408450212023297,-0.08712489655237476
DETREND_SAP,P1_not_selected_qpp_pdcsap_all,P1,MATCHED_NOT_SELECTED,WX2,P01,P05,F2V000302,F2V000306,NOT_SELECTED,NOT_SELECTED,ELIGIBLE_FOR_AFINO,ELIGIBLE_FOR_AFINO,,,BOTH_ELIGIBLE,0→0,-0.02452938430704421,-0.014160556524995371,-0.02452938430704421
FLUX_Q0,P1_not_selected_qpp_pdcsap_all,P1,MATCHED_NOT_SELECTED,WX2,P02,P03,F2V000303,F2V000304,INPUT_INADMISSIBLE,INPUT_INADMISSIBLE,IRREGULAR_SAMPLING,IRREGULAR_SAMPLING,retained_indices_not_consecutive|interval_deviation_gt_0.001_s,retained_indices_not_consecutive|interval_deviation_gt_0.001_s,BOTH_INADMISSIBLE,,,,
FLUX_FINITE,P1_not_selected_qpp_pdcsap_all,P1,MATCHED_NOT_SELECTED,WC2,P00,P01,F2V000307,F2V000308,NOT_SELECTED,NOT_SELECTED,ELIGIBLE_FOR_AFINO,ELIGIBLE_FOR_AFINO,,,BOTH_ELIGIBLE,0→0,2.582272447031082,1.4165133836077892,2.582272447031082
QUALITY_PDCSAP,P1_not_selected_qpp_pdcsap_all,P1,MATCHED_NOT_SELECTED,WC2,P00,P02,F2V000307,F2V000309,NOT_SELECTED,INPUT_INADMISSIBLE,ELIGIBLE_FOR_AFINO,IRREGULAR_SAMPLING,,retained_indices_not_consecutive|interval_deviation_gt_0.001_s,VARIANT_INADMISSIBLE,,,,
QUALITY_SAP,P1_not_selected_qpp_pdcsap_all,P1,MATCHED_NOT_SELECTED,WC2,P01,P03,F2V000308,F2V000310,NOT_SELECTED,INPUT_INADMISSIBLE,ELIGIBLE_FOR_AFINO,IRREGULAR_SAMPLING,,retained_indices_not_consecutive|interval_deviation_gt_0.001_s,VARIANT_INADMISSIBLE,,,,
DETREND_PDCSAP,P1_not_selected_qpp_pdcsap_all,P1,MATCHED_NOT_SELECTED,WC2,P00,P04,F2V000307,F2V000311,NOT_SELECTED,NOT_SELECTED,ELIGIBLE_FOR_AFINO,ELIGIBLE_FOR_AFINO,,,BOTH_ELIGIBLE,0→0,-0.512932827893577,-0.3430113925140006,-0.5129328278935787
DETREND_SAP,P1_not_selected_qpp_pdcsap_all,P1,MATCHED_NOT_SELECTED,WC2,P01,P05,F2V000308,F2V000312,NOT_SELECTED,NOT_SELECTED,ELIGIBLE_FOR_AFINO,ELIGIBLE_FOR_AFINO,,,BOTH_ELIGIBLE,0→0,-0.08361763184690663,1.360686408126977,-0.08361763184690751
FLUX_Q0,P1_not_selected_qpp_pdcsap_all,P1,MATCHED_NOT_SELECTED,WC2,P02,P03,F2V000309,F2V000310,INPUT_INADMISSIBLE,INPUT_INADMISSIBLE,IRREGULAR_SAMPLING,IRREGULAR_SAMPLING,retained_indices_not_consecutive|interval_deviation_gt_0.001_s,retained_indices_not_consecutive|interval_deviation_gt_0.001_s,BOTH_INADMISSIBLE,,,,
FLUX_FINITE,P2_published_qpp_pdcsap_all,P2,PUBLISHED_QPP_REPRODUCED,W00,P00,P01,F2V000313,F2V000314,SELECTED,SELECTED,ELIGIBLE_FOR_AFINO,ELIGIBLE_FOR_AFINO,,,BOTH_ELIGIBLE,1→1,0.33681687336934374,1.1640596830541199,0.33681687336934374
QUALITY_PDCSAP,P2_published_qpp_pdcsap_all,P2,PUBLISHED_QPP_REPRODUCED,W00,P00,P02,F2V000313,F2V000315,SELECTED,INPUT_INADMISSIBLE,ELIGIBLE_FOR_AFINO,PEAK_REMOVED_BY_QUALITY,,Frozen peak index 93153 is absent after the frozen quality mask.,VARIANT_INADMISSIBLE,,,,
QUALITY_SAP,P2_published_qpp_pdcsap_all,P2,PUBLISHED_QPP_REPRODUCED,W00,P01,P03,F2V000314,F2V000316,SELECTED,INPUT_INADMISSIBLE,ELIGIBLE_FOR_AFINO,PEAK_REMOVED_BY_QUALITY,,Frozen peak index 93153 is absent after the frozen quality mask.,VARIANT_INADMISSIBLE,,,,
DETREND_PDCSAP,P2_published_qpp_pdcsap_all,P2,PUBLISHED_QPP_REPRODUCED,W00,P00,P04,F2V000313,F2V000317,SELECTED,NOT_SELECTED,ELIGIBLE_FOR_AFINO,ELIGIBLE_FOR_AFINO,,,BOTH_ELIGIBLE,1→0,-0.6194776305134155,0.6385789381933478,-0.6194776305134155
DETREND_SAP,P2_published_qpp_pdcsap_all,P2,PUBLISHED_QPP_REPRODUCED,W00,P01,P05,F2V000314,F2V000318,SELECTED,SELECTED,ELIGIBLE_FOR_AFINO,ELIGIBLE_FOR_AFINO,,,BOTH_ELIGIBLE,1→1,-0.22902871952754822,0.5167802051536228,-0.22902871952754822
FLUX_Q0,P2_published_qpp_pdcsap_all,P2,PUBLISHED_QPP_REPRODUCED,W00,P02,P03,F2V000315,F2V000316,INPUT_INADMISSIBLE,INPUT_INADMISSIBLE,PEAK_REMOVED_BY_QUALITY,PEAK_REMOVED_BY_QUALITY,Frozen peak index 93153 is absent after the frozen quality mask.,Frozen peak index 93153 is absent after the frozen quality mask.,BOTH_INADMISSIBLE,,,,
FLUX_FINITE,P2_published_qpp_pdcsap_all,P2,PUBLISHED_QPP_REPRODUCED,WSm2,P00,P01,F2V000319,F2V000320,SELECTED,SELECTED,ELIGIBLE_FOR_AFINO,ELIGIBLE_FOR_AFINO,,,BOTH_ELIGIBLE,1→1,0.27703309660148534,1.0741997950401583,0.27703309660148534
QUALITY_PDCSAP,P2_published_qpp_pdcsap_all,P2,PUBLISHED_QPP_REPRODUCED,WSm2,P00,P02,F2V000319,F2V000321,SELECTED,INPUT_INADMISSIBLE,ELIGIBLE_FOR_AFINO,PEAK_REMOVED_BY_QUALITY,,Frozen peak index 93153 is absent after the frozen quality mask.,VARIANT_INADMISSIBLE,,,,
QUALITY_SAP,P2_published_qpp_pdcsap_all,P2,PUBLISHED_QPP_REPRODUCED,WSm2,P01,P03,F2V000320,F2V000322,SELECTED,INPUT_INADMISSIBLE,ELIGIBLE_FOR_AFINO,PEAK_REMOVED_BY_QUALITY,,Frozen peak index 93153 is absent after the frozen quality mask.,VARIANT_INADMISSIBLE,,,,
DETREND_PDCSAP,P2_published_qpp_pdcsap_all,P2,PUBLISHED_QPP_REPRODUCED,WSm2,P00,P04,F2V000319,F2V000323,SELECTED,NOT_SELECTED,ELIGIBLE_FOR_AFINO,ELIGIBLE_FOR_AFINO,,,BOTH_ELIGIBLE,1→0,-0.8180531123044261,0.7015169106097687,-0.8180531123044261
DETREND_SAP,P2_published_qpp_pdcsap_all,P2,PUBLISHED_QPP_REPRODUCED,WSm2,P01,P05,F2V000320,F2V000324,SELECTED,SELECTED,ELIGIBLE_FOR_AFINO,ELIGIBLE_FOR_AFINO,,,BOTH_ELIGIBLE,1→1,-0.3593002584027545,0.6197205365679679,-0.3593002584027545
FLUX_Q0,P2_published_qpp_pdcsap_all,P2,PUBLISHED_QPP_REPRODUCED,WSm2,P02,P03,F2V000321,F2V000322,INPUT_INADMISSIBLE,INPUT_INADMISSIBLE,PEAK_REMOVED_BY_QUALITY,PEAK_REMOVED_BY_QUALITY,Frozen peak index 93153 is absent after the frozen quality mask.,Frozen peak index 93153 is absent after the frozen quality mask.,BOTH_INADMISSIBLE,,,,
FLUX_FINITE,P2_published_qpp_pdcsap_all,P2,PUBLISHED_QPP_REPRODUCED,WSm1,P00,P01,F2V000325,F2V000326,SELECTED,SELECTED,ELIGIBLE_FOR_AFINO,ELIGIBLE_FOR_AFINO,,,BOTH_ELIGIBLE,1→1,-0.11122562327068408,0.9005378177366765,-0.11122562327068408
QUALITY_PDCSAP,P2_published_qpp_pdcsap_all,P2,PUBLISHED_QPP_REPRODUCED,WSm1,P00,P02,F2V000325,F2V000327,SELECTED,INPUT_INADMISSIBLE,ELIGIBLE_FOR_AFINO,PEAK_REMOVED_BY_QUALITY,,Frozen peak index 93153 is absent after the frozen quality mask.,VARIANT_INADMISSIBLE,,,,
QUALITY_SAP,P2_published_qpp_pdcsap_all,P2,PUBLISHED_QPP_REPRODUCED,WSm1,P01,P03,F2V000326,F2V000328,SELECTED,INPUT_INADMISSIBLE,ELIGIBLE_FOR_AFINO,PEAK_REMOVED_BY_QUALITY,,Frozen peak index 93153 is absent after the frozen quality mask.,VARIANT_INADMISSIBLE,,,,
DETREND_PDCSAP,P2_published_qpp_pdcsap_all,P2,PUBLISHED_QPP_REPRODUCED,WSm1,P00,P04,F2V000325,F2V000329,SELECTED,NOT_SELECTED,ELIGIBLE_FOR_AFINO,ELIGIBLE_FOR_AFINO,,,BOTH_ELIGIBLE,1→0,-0.8843979835265827,0.6928191580839211,-0.8843979835265827
DETREND_SAP,P2_published_qpp_pdcsap_all,P2,PUBLISHED_QPP_REPRODUCED,WSm1,P01,P05,F2V000326,F2V000330,SELECTED,SELECTED,ELIGIBLE_FOR_AFINO,ELIGIBLE_FOR_AFINO,,,BOTH_ELIGIBLE,1→1,-0.33562413319521056,0.5574540930105627,-0.33562413319521056
FLUX_Q0,P2_published_qpp_pdcsap_all,P2,PUBLISHED_QPP_REPRODUCED,WSm1,P02,P03,F2V000327,F2V000328,INPUT_INADMISSIBLE,INPUT_INADMISSIBLE,PEAK_REMOVED_BY_QUALITY,PEAK_REMOVED_BY_QUALITY,Frozen peak index 93153 is absent after the frozen quality mask.,Frozen peak index 93153 is absent after the frozen quality mask.,BOTH_INADMISSIBLE,,,,
FLUX_FINITE,P2_published_qpp_pdcsap_all,P2,PUBLISHED_QPP_REPRODUCED,WSp1,P00,P01,F2V000331,F2V000332,SELECTED,SELECTED,ELIGIBLE_FOR_AFINO,ELIGIBLE_FOR_AFINO,,,BOTH_ELIGIBLE,1→1,-0.050317170930838984,0.96216539870818,-0.050317170930838984
QUALITY_PDCSAP,P2_published_qpp_pdcsap_all,P2,PUBLISHED_QPP_REPRODUCED,WSp1,P00,P02,F2V000331,F2V000333,SELECTED,INPUT_INADMISSIBLE,ELIGIBLE_FOR_AFINO,PEAK_REMOVED_BY_QUALITY,,Frozen peak index 93153 is absent after the frozen quality mask.,VARIANT_INADMISSIBLE,,,,
QUALITY_SAP,P2_published_qpp_pdcsap_all,P2,PUBLISHED_QPP_REPRODUCED,WSp1,P01,P03,F2V000332,F2V000334,SELECTED,INPUT_INADMISSIBLE,ELIGIBLE_FOR_AFINO,PEAK_REMOVED_BY_QUALITY,,Frozen peak index 93153 is absent after the frozen quality mask.,VARIANT_INADMISSIBLE,,,,
DETREND_PDCSAP,P2_published_qpp_pdcsap_all,P2,PUBLISHED_QPP_REPRODUCED,WSp1,P00,P04,F2V000331,F2V000335,SELECTED,SELECTED,ELIGIBLE_FOR_AFINO,ELIGIBLE_FOR_AFINO,,,BOTH_ELIGIBLE,1→1,-0.6645896526110846,0.56746698590797,-0.6645896526110846
DETREND_SAP,P2_published_qpp_pdcsap_all,P2,PUBLISHED_QPP_REPRODUCED,WSp1,P01,P05,F2V000332,F2V000336,SELECTED,SELECTED,ELIGIBLE_FOR_AFINO,ELIGIBLE_FOR_AFINO,,,BOTH_ELIGIBLE,1→1,-0.21494694925911517,0.4386862676852843,-0.21494694925911517
FLUX_Q0,P2_published_qpp_pdcsap_all,P2,PUBLISHED_QPP_REPRODUCED,WSp1,P02,P03,F2V000333,F2V000334,INPUT_INADMISSIBLE,INPUT_INADMISSIBLE,PEAK_REMOVED_BY_QUALITY,PEAK_REMOVED_BY_QUALITY,Frozen peak index 93153 is absent after the frozen quality mask.,Frozen peak index 93153 is absent after the frozen quality mask.,BOTH_INADMISSIBLE,,,,
FLUX_FINITE,P2_published_qpp_pdcsap_all,P2,PUBLISHED_QPP_REPRODUCED,WSp2,P00,P01,F2V000337,F2V000338,SELECTED,SELECTED,ELIGIBLE_FOR_AFINO,ELIGIBLE_FOR_AFINO,,,BOTH_ELIGIBLE,1→1,0.43395303717920797,1.2311984123796265,0.43395303717920797
QUALITY_PDCSAP,P2_published_qpp_pdcsap_all,P2,PUBLISHED_QPP_REPRODUCED,WSp2,P00,P02,F2V000337,F2V000339,SELECTED,INPUT_INADMISSIBLE,ELIGIBLE_FOR_AFINO,PEAK_REMOVED_BY_QUALITY,,Frozen peak index 93153 is absent after the frozen quality mask.,VARIANT_INADMISSIBLE,,,,
QUALITY_SAP,P2_published_qpp_pdcsap_all,P2,PUBLISHED_QPP_REPRODUCED,WSp2,P01,P03,F2V000338,F2V000340,SELECTED,INPUT_INADMISSIBLE,ELIGIBLE_FOR_AFINO,PEAK_REMOVED_BY_QUALITY,,Frozen peak index 93153 is absent after the frozen quality mask.,VARIANT_INADMISSIBLE,,,,
DETREND_PDCSAP,P2_published_qpp_pdcsap_all,P2,PUBLISHED_QPP_REPRODUCED,WSp2,P00,P04,F2V000337,F2V000341,SELECTED,SELECTED,ELIGIBLE_FOR_AFINO,ELIGIBLE_FOR_AFINO,,,BOTH_ELIGIBLE,1→1,-0.4263626003183276,0.47868233444506814,-0.4263626003183276
DETREND_SAP,P2_published_qpp_pdcsap_all,P2,PUBLISHED_QPP_REPRODUCED,WSp2,P01,P05,F2V000338,F2V000342,SELECTED,SELECTED,ELIGIBLE_FOR_AFINO,ELIGIBLE_FOR_AFINO,,,BOTH_ELIGIBLE,1→1,-0.12791598612102462,0.38677825966959745,-0.12791598612102462
FLUX_Q0,P2_published_qpp_pdcsap_all,P2,PUBLISHED_QPP_REPRODUCED,WSp2,P02,P03,F2V000339,F2V000340,INPUT_INADMISSIBLE,INPUT_INADMISSIBLE,PEAK_REMOVED_BY_QUALITY,PEAK_REMOVED_BY_QUALITY,Frozen peak index 93153 is absent after the frozen quality mask.,Frozen peak index 93153 is absent after the frozen quality mask.,BOTH_INADMISSIBLE,,,,
FLUX_FINITE,P2_published_qpp_pdcsap_all,P2,PUBLISHED_QPP_REPRODUCED,WEm2,P00,P01,F2V000343,F2V000344,NOT_SELECTED,SELECTED,ELIGIBLE_FOR_AFINO,ELIGIBLE_FOR_AFINO,,,BOTH_ELIGIBLE,0→1,0.4374999803396804,1.2449516400662333,0.4374999803396804
QUALITY_PDCSAP,P2_published_qpp_pdcsap_all,P2,PUBLISHED_QPP_REPRODUCED,WEm2,P00,P02,F2V000343,F2V000345,NOT_SELECTED,INPUT_INADMISSIBLE,ELIGIBLE_FOR_AFINO,PEAK_REMOVED_BY_QUALITY,,Frozen peak index 93153 is absent after the frozen quality mask.,VARIANT_INADMISSIBLE,,,,
QUALITY_SAP,P2_published_qpp_pdcsap_all,P2,PUBLISHED_QPP_REPRODUCED,WEm2,P01,P03,F2V000344,F2V000346,SELECTED,INPUT_INADMISSIBLE,ELIGIBLE_FOR_AFINO,PEAK_REMOVED_BY_QUALITY,,Frozen peak index 93153 is absent after the frozen quality mask.,VARIANT_INADMISSIBLE,,,,
DETREND_PDCSAP,P2_published_qpp_pdcsap_all,P2,PUBLISHED_QPP_REPRODUCED,WEm2,P00,P04,F2V000343,F2V000347,NOT_SELECTED,NOT_SELECTED,ELIGIBLE_FOR_AFINO,ELIGIBLE_FOR_AFINO,,,BOTH_ELIGIBLE,0→0,-0.5647703583056796,0.6592853163898553,-0.5647703583056796
DETREND_SAP,P2_published_qpp_pdcsap_all,P2,PUBLISHED_QPP_REPRODUCED,WEm2,P01,P05,F2V000344,F2V000348,SELECTED,SELECTED,ELIGIBLE_FOR_AFINO,ELIGIBLE_FOR_AFINO,,,BOTH_ELIGIBLE,1→1,-0.20288303168848643,0.5373579716738277,-0.20288303168848643
FLUX_Q0,P2_published_qpp_pdcsap_all,P2,PUBLISHED_QPP_REPRODUCED,WEm2,P02,P03,F2V000345,F2V000346,INPUT_INADMISSIBLE,INPUT_INADMISSIBLE,PEAK_REMOVED_BY_QUALITY,PEAK_REMOVED_BY_QUALITY,Frozen peak index 93153 is absent after the frozen quality mask.,Frozen peak index 93153 is absent after the frozen quality mask.,BOTH_INADMISSIBLE,,,,
FLUX_FINITE,P2_published_qpp_pdcsap_all,P2,PUBLISHED_QPP_REPRODUCED,WEm1,P00,P01,F2V000349,F2V000350,SELECTED,SELECTED,ELIGIBLE_FOR_AFINO,ELIGIBLE_FOR_AFINO,,,BOTH_ELIGIBLE,1→1,-0.033723031026624994,0.9785091915149451,-0.033723031026624994
QUALITY_PDCSAP,P2_published_qpp_pdcsap_all,P2,PUBLISHED_QPP_REPRODUCED,WEm1,P00,P02,F2V000349,F2V000351,SELECTED,INPUT_INADMISSIBLE,ELIGIBLE_FOR_AFINO,PEAK_REMOVED_BY_QUALITY,,Frozen peak index 93153 is absent after the frozen quality mask.,VARIANT_INADMISSIBLE,,,,
QUALITY_SAP,P2_published_qpp_pdcsap_all,P2,PUBLISHED_QPP_REPRODUCED,WEm1,P01,P03,F2V000350,F2V000352,SELECTED,INPUT_INADMISSIBLE,ELIGIBLE_FOR_AFINO,PEAK_REMOVED_BY_QUALITY,,Frozen peak index 93153 is absent after the frozen quality mask.,VARIANT_INADMISSIBLE,,,,
DETREND_PDCSAP,P2_published_qpp_pdcsap_all,P2,PUBLISHED_QPP_REPRODUCED,WEm1,P00,P04,F2V000349,F2V000353,SELECTED,NOT_SELECTED,ELIGIBLE_FOR_AFINO,ELIGIBLE_FOR_AFINO,,,BOTH_ELIGIBLE,1→0,-0.7415423198972348,0.6553531076461923,-0.7415423198972348
DETREND_SAP,P2_published_qpp_pdcsap_all,P2,PUBLISHED_QPP_REPRODUCED,WEm1,P01,P05,F2V000350,F2V000354,SELECTED,SELECTED,ELIGIBLE_FOR_AFINO,ELIGIBLE_FOR_AFINO,,,BOTH_ELIGIBLE,1→1,-0.2589768478084693,0.5108269298104915,-0.2589768478084693
FLUX_Q0,P2_published_qpp_pdcsap_all,P2,PUBLISHED_QPP_REPRODUCED,WEm1,P02,P03,F2V000351,F2V000352,INPUT_INADMISSIBLE,INPUT_INADMISSIBLE,PEAK_REMOVED_BY_QUALITY,PEAK_REMOVED_BY_QUALITY,Frozen peak index 93153 is absent after the frozen quality mask.,Frozen peak index 93153 is absent after the frozen quality mask.,BOTH_INADMISSIBLE,,,,
FLUX_FINITE,P2_published_qpp_pdcsap_all,P2,PUBLISHED_QPP_REPRODUCED,WEp1,P00,P01,F2V000355,F2V000356,SELECTED,SELECTED,ELIGIBLE_FOR_AFINO,ELIGIBLE_FOR_AFINO,,,BOTH_ELIGIBLE,1→1,-0.1417968058705128,0.8882219043584882,-0.1417968058705128
QUALITY_PDCSAP,P2_published_qpp_pdcsap_all,P2,PUBLISHED_QPP_REPRODUCED,WEp1,P00,P02,F2V000355,F2V000357,SELECTED,INPUT_INADMISSIBLE,ELIGIBLE_FOR_AFINO,PEAK_REMOVED_BY_QUALITY,,Frozen peak index 93153 is absent after the frozen quality mask.,VARIANT_INADMISSIBLE,,,,
QUALITY_SAP,P2_published_qpp_pdcsap_all,P2,PUBLISHED_QPP_REPRODUCED,WEp1,P01,P03,F2V000356,F2V000358,SELECTED,INPUT_INADMISSIBLE,ELIGIBLE_FOR_AFINO,PEAK_REMOVED_BY_QUALITY,,Frozen peak index 93153 is absent after the frozen quality mask.,VARIANT_INADMISSIBLE,,,,
DETREND_PDCSAP,P2_published_qpp_pdcsap_all,P2,PUBLISHED_QPP_REPRODUCED,WEp1,P00,P04,F2V000355,F2V000359,SELECTED,SELECTED,ELIGIBLE_FOR_AFINO,ELIGIBLE_FOR_AFINO,,,BOTH_ELIGIBLE,1→1,-0.8115523844913923,0.6264991991203033,-0.8115523844913923
DETREND_SAP,P2_published_qpp_pdcsap_all,P2,PUBLISHED_QPP_REPRODUCED,WEp1,P01,P05,F2V000356,F2V000360,SELECTED,SELECTED,ELIGIBLE_FOR_AFINO,ELIGIBLE_FOR_AFINO,,,BOTH_ELIGIBLE,1→1,-0.28498153343309696,0.4918048849465322,-0.28498153343309696
FLUX_Q0,P2_published_qpp_pdcsap_all,P2,PUBLISHED_QPP_REPRODUCED,WEp1,P02,P03,F2V000357,F2V000358,INPUT_INADMISSIBLE,INPUT_INADMISSIBLE,PEAK_REMOVED_BY_QUALITY,PEAK_REMOVED_BY_QUALITY,Frozen peak index 93153 is absent after the frozen quality mask.,Frozen peak index 93153 is absent after the frozen quality mask.,BOTH_INADMISSIBLE,,,,
FLUX_FINITE,P2_published_qpp_pdcsap_all,P2,PUBLISHED_QPP_REPRODUCED,WEp2,P00,P01,F2V000361,F2V000362,SELECTED,SELECTED,ELIGIBLE_FOR_AFINO,ELIGIBLE_FOR_AFINO,,,BOTH_ELIGIBLE,1→1,0.2192779386765551,1.073834626172129,0.2192779386765551
QUALITY_PDCSAP,P2_published_qpp_pdcsap_all,P2,PUBLISHED_QPP_REPRODUCED,WEp2,P00,P02,F2V000361,F2V000363,SELECTED,INPUT_INADMISSIBLE,ELIGIBLE_FOR_AFINO,PEAK_REMOVED_BY_QUALITY,,Frozen peak index 93153 is absent after the frozen quality mask.,VARIANT_INADMISSIBLE,,,,
QUALITY_SAP,P2_published_qpp_pdcsap_all,P2,PUBLISHED_QPP_REPRODUCED,WEp2,P01,P03,F2V000362,F2V000364,SELECTED,INPUT_INADMISSIBLE,ELIGIBLE_FOR_AFINO,PEAK_REMOVED_BY_QUALITY,,Frozen peak index 93153 is absent after the frozen quality mask.,VARIANT_INADMISSIBLE,,,,
DETREND_PDCSAP,P2_published_qpp_pdcsap_all,P2,PUBLISHED_QPP_REPRODUCED,WEp2,P00,P04,F2V000361,F2V000365,SELECTED,SELECTED,ELIGIBLE_FOR_AFINO,ELIGIBLE_FOR_AFINO,,,BOTH_ELIGIBLE,1→1,-0.6756351452474973,0.5789479974570781,-0.6756351452474973
DETREND_SAP,P2_published_qpp_pdcsap_all,P2,PUBLISHED_QPP_REPRODUCED,WEp2,P01,P05,F2V000362,F2V000366,SELECTED,SELECTED,ELIGIBLE_FOR_AFINO,ELIGIBLE_FOR_AFINO,,,BOTH_ELIGIBLE,1→1,-0.2525950947029969,0.49512165727060164,-0.2525950947029969
FLUX_Q0,P2_published_qpp_pdcsap_all,P2,PUBLISHED_QPP_REPRODUCED,WEp2,P02,P03,F2V000363,F2V000364,INPUT_INADMISSIBLE,INPUT_INADMISSIBLE,PEAK_REMOVED_BY_QUALITY,PEAK_REMOVED_BY_QUALITY,Frozen peak index 93153 is absent after the frozen quality mask.,Frozen peak index 93153 is absent after the frozen quality mask.,BOTH_INADMISSIBLE,,,,
FLUX_FINITE,P2_published_qpp_pdcsap_all,P2,PUBLISHED_QPP_REPRODUCED,WX1,P00,P01,F2V000367,F2V000368,SELECTED,SELECTED,ELIGIBLE_FOR_AFINO,ELIGIBLE_FOR_AFINO,,,BOTH_ELIGIBLE,1→1,0.2512854759640959,1.0836400857191393,0.2512854759640959
QUALITY_PDCSAP,P2_published_qpp_pdcsap_all,P2,PUBLISHED_QPP_REPRODUCED,WX1,P00,P02,F2V000367,F2V000369,SELECTED,INPUT_INADMISSIBLE,ELIGIBLE_FOR_AFINO,PEAK_REMOVED_BY_QUALITY,,Frozen peak index 93153 is absent after the frozen quality mask.,VARIANT_INADMISSIBLE,,,,
QUALITY_SAP,P2_published_qpp_pdcsap_all,P2,PUBLISHED_QPP_REPRODUCED,WX1,P01,P03,F2V000368,F2V000370,SELECTED,INPUT_INADMISSIBLE,ELIGIBLE_FOR_AFINO,PEAK_REMOVED_BY_QUALITY,,Frozen peak index 93153 is absent after the frozen quality mask.,VARIANT_INADMISSIBLE,,,,
DETREND_PDCSAP,P2_published_qpp_pdcsap_all,P2,PUBLISHED_QPP_REPRODUCED,WX1,P00,P04,F2V000367,F2V000371,SELECTED,NOT_SELECTED,ELIGIBLE_FOR_AFINO,ELIGIBLE_FOR_AFINO,,,BOTH_ELIGIBLE,1→0,-0.7517268914666602,0.6357396291830923,-0.7517268914666602
DETREND_SAP,P2_published_qpp_pdcsap_all,P2,PUBLISHED_QPP_REPRODUCED,WX1,P01,P05,F2V000368,F2V000372,SELECTED,SELECTED,ELIGIBLE_FOR_AFINO,ELIGIBLE_FOR_AFINO,,,BOTH_ELIGIBLE,1→1,-0.30562009106887444,0.5620325011480531,-0.30562009106887444
FLUX_Q0,P2_published_qpp_pdcsap_all,P2,PUBLISHED_QPP_REPRODUCED,WX1,P02,P03,F2V000369,F2V000370,INPUT_INADMISSIBLE,INPUT_INADMISSIBLE,PEAK_REMOVED_BY_QUALITY,PEAK_REMOVED_BY_QUALITY,Frozen peak index 93153 is absent after the frozen quality mask.,Frozen peak index 93153 is absent after the frozen quality mask.,BOTH_INADMISSIBLE,,,,
FLUX_FINITE,P2_published_qpp_pdcsap_all,P2,PUBLISHED_QPP_REPRODUCED,WC1,P00,P01,F2V000373,F2V000374,SELECTED,SELECTED,ELIGIBLE_FOR_AFINO,ELIGIBLE_FOR_AFINO,,,BOTH_ELIGIBLE,1→1,0.43996549342500657,1.2485004013883554,0.43996549342500657
QUALITY_PDCSAP,P2_published_qpp_pdcsap_all,P2,PUBLISHED_QPP_REPRODUCED,WC1,P00,P02,F2V000373,F2V000375,SELECTED,INPUT_INADMISSIBLE,ELIGIBLE_FOR_AFINO,PEAK_REMOVED_BY_QUALITY,,Frozen peak index 93153 is absent after the frozen quality mask.,VARIANT_INADMISSIBLE,,,,
QUALITY_SAP,P2_published_qpp_pdcsap_all,P2,PUBLISHED_QPP_REPRODUCED,WC1,P01,P03,F2V000374,F2V000376,SELECTED,INPUT_INADMISSIBLE,ELIGIBLE_FOR_AFINO,PEAK_REMOVED_BY_QUALITY,,Frozen peak index 93153 is absent after the frozen quality mask.,VARIANT_INADMISSIBLE,,,,
DETREND_PDCSAP,P2_published_qpp_pdcsap_all,P2,PUBLISHED_QPP_REPRODUCED,WC1,P00,P04,F2V000373,F2V000377,SELECTED,NOT_SELECTED,ELIGIBLE_FOR_AFINO,ELIGIBLE_FOR_AFINO,,,BOTH_ELIGIBLE,1→0,-0.49818230212918024,0.5720457038037807,-0.49818230212918024
DETREND_SAP,P2_published_qpp_pdcsap_all,P2,PUBLISHED_QPP_REPRODUCED,WC1,P01,P05,F2V000374,F2V000378,SELECTED,SELECTED,ELIGIBLE_FOR_AFINO,ELIGIBLE_FOR_AFINO,,,BOTH_ELIGIBLE,1→1,-0.16528825458846086,0.46355725760668065,-0.16528825458846086
FLUX_Q0,P2_published_qpp_pdcsap_all,P2,PUBLISHED_QPP_REPRODUCED,WC1,P02,P03,F2V000375,F2V000376,INPUT_INADMISSIBLE,INPUT_INADMISSIBLE,PEAK_REMOVED_BY_QUALITY,PEAK_REMOVED_BY_QUALITY,Frozen peak index 93153 is absent after the frozen quality mask.,Frozen peak index 93153 is absent after the frozen quality mask.,BOTH_INADMISSIBLE,,,,
FLUX_FINITE,P2_published_qpp_pdcsap_all,P2,PUBLISHED_QPP_REPRODUCED,WX2,P00,P01,F2V000379,F2V000380,SELECTED,SELECTED,ELIGIBLE_FOR_AFINO,ELIGIBLE_FOR_AFINO,,,BOTH_ELIGIBLE,1→1,0.16812305918654147,0.991831918524781,0.16812305918654147
QUALITY_PDCSAP,P2_published_qpp_pdcsap_all,P2,PUBLISHED_QPP_REPRODUCED,WX2,P00,P02,F2V000379,F2V000381,SELECTED,INPUT_INADMISSIBLE,ELIGIBLE_FOR_AFINO,PEAK_REMOVED_BY_QUALITY,,Frozen peak index 93153 is absent after the frozen quality mask.,VARIANT_INADMISSIBLE,,,,
QUALITY_SAP,P2_published_qpp_pdcsap_all,P2,PUBLISHED_QPP_REPRODUCED,WX2,P01,P03,F2V000380,F2V000382,SELECTED,INPUT_INADMISSIBLE,ELIGIBLE_FOR_AFINO,PEAK_REMOVED_BY_QUALITY,,Frozen peak index 93153 is absent after the frozen quality mask.,VARIANT_INADMISSIBLE,,,,
DETREND_PDCSAP,P2_published_qpp_pdcsap_all,P2,PUBLISHED_QPP_REPRODUCED,WX2,P00,P04,F2V000379,F2V000383,SELECTED,NOT_SELECTED,ELIGIBLE_FOR_AFINO,ELIGIBLE_FOR_AFINO,,,BOTH_ELIGIBLE,1→0,-0.8886317103600163,0.4562013334437438,-0.8886317103600163
DETREND_SAP,P2_published_qpp_pdcsap_all,P2,PUBLISHED_QPP_REPRODUCED,WX2,P01,P05,F2V000380,F2V000384,SELECTED,SELECTED,ELIGIBLE_FOR_AFINO,ELIGIBLE_FOR_AFINO,,,BOTH_ELIGIBLE,1→1,-0.38836193965886423,0.5988376722746693,-0.38836193965886423
FLUX_Q0,P2_published_qpp_pdcsap_all,P2,PUBLISHED_QPP_REPRODUCED,WX2,P02,P03,F2V000381,F2V000382,INPUT_INADMISSIBLE,INPUT_INADMISSIBLE,PEAK_REMOVED_BY_QUALITY,PEAK_REMOVED_BY_QUALITY,Frozen peak index 93153 is absent after the frozen quality mask.,Frozen peak index 93153 is absent after the frozen quality mask.,BOTH_INADMISSIBLE,,,,
FLUX_FINITE,P2_published_qpp_pdcsap_all,P2,PUBLISHED_QPP_REPRODUCED,WC2,P00,P01,F2V000385,F2V000386,SELECTED,SELECTED,ELIGIBLE_FOR_AFINO,ELIGIBLE_FOR_AFINO,,,BOTH_ELIGIBLE,1→1,0.5464976189630306,1.3234822578153853,0.5464976189630306
QUALITY_PDCSAP,P2_published_qpp_pdcsap_all,P2,PUBLISHED_QPP_REPRODUCED,WC2,P00,P02,F2V000385,F2V000387,SELECTED,INPUT_INADMISSIBLE,ELIGIBLE_FOR_AFINO,PEAK_REMOVED_BY_QUALITY,,Frozen peak index 93153 is absent after the frozen quality mask.,VARIANT_INADMISSIBLE,,,,
QUALITY_SAP,P2_published_qpp_pdcsap_all,P2,PUBLISHED_QPP_REPRODUCED,WC2,P01,P03,F2V000386,F2V000388,SELECTED,INPUT_INADMISSIBLE,ELIGIBLE_FOR_AFINO,PEAK_REMOVED_BY_QUALITY,,Frozen peak index 93153 is absent after the frozen quality mask.,VARIANT_INADMISSIBLE,,,,
DETREND_PDCSAP,P2_published_qpp_pdcsap_all,P2,PUBLISHED_QPP_REPRODUCED,WC2,P00,P04,F2V000385,F2V000389,SELECTED,NOT_SELECTED,ELIGIBLE_FOR_AFINO,ELIGIBLE_FOR_AFINO,,,BOTH_ELIGIBLE,1→0,-0.3884518313190597,0.5040551928485115,-0.3884518313190597
DETREND_SAP,P2_published_qpp_pdcsap_all,P2,PUBLISHED_QPP_REPRODUCED,WC2,P01,P05,F2V000386,F2V000390,SELECTED,SELECTED,ELIGIBLE_FOR_AFINO,ELIGIBLE_FOR_AFINO,,,BOTH_ELIGIBLE,1→1,-0.10957745967209576,0.4107406860288165,-0.10957745967209576
FLUX_Q0,P2_published_qpp_pdcsap_all,P2,PUBLISHED_QPP_REPRODUCED,WC2,P02,P03,F2V000387,F2V000388,INPUT_INADMISSIBLE,INPUT_INADMISSIBLE,PEAK_REMOVED_BY_QUALITY,PEAK_REMOVED_BY_QUALITY,Frozen peak index 93153 is absent after the frozen quality mask.,Frozen peak index 93153 is absent after the frozen quality mask.,BOTH_INADMISSIBLE,,,,
FLUX_FINITE,P2_not_selected_qpp_pdcsap_all,P2,MATCHED_NOT_SELECTED,W00,P00,P01,F2V000391,F2V000392,NOT_SELECTED,NOT_SELECTED,ELIGIBLE_FOR_AFINO,ELIGIBLE_FOR_AFINO,,,BOTH_ELIGIBLE,0→0,-0.27933743383255205,0.3630456872897412,-0.27933743383255205
QUALITY_PDCSAP,P2_not_selected_qpp_pdcsap_all,P2,MATCHED_NOT_SELECTED,W00,P00,P02,F2V000391,F2V000393,NOT_SELECTED,INPUT_INADMISSIBLE,ELIGIBLE_FOR_AFINO,IRREGULAR_SAMPLING,,retained_indices_not_consecutive|interval_deviation_gt_0.001_s,VARIANT_INADMISSIBLE,,,,
QUALITY_SAP,P2_not_selected_qpp_pdcsap_all,P2,MATCHED_NOT_SELECTED,W00,P01,P03,F2V000392,F2V000394,NOT_SELECTED,INPUT_INADMISSIBLE,ELIGIBLE_FOR_AFINO,IRREGULAR_SAMPLING,,retained_indices_not_consecutive|interval_deviation_gt_0.001_s,VARIANT_INADMISSIBLE,,,,
DETREND_PDCSAP,P2_not_selected_qpp_pdcsap_all,P2,MATCHED_NOT_SELECTED,W00,P00,P04,F2V000391,F2V000395,NOT_SELECTED,NOT_SELECTED,ELIGIBLE_FOR_AFINO,ELIGIBLE_FOR_AFINO,,,BOTH_ELIGIBLE,0→0,-0.11233858838636479,-0.10581728327520068,-0.11233858838636479
DETREND_SAP,P2_not_selected_qpp_pdcsap_all,P2,MATCHED_NOT_SELECTED,W00,P01,P05,F2V000392,F2V000396,NOT_SELECTED,NOT_SELECTED,ELIGIBLE_FOR_AFINO,ELIGIBLE_FOR_AFINO,,,BOTH_ELIGIBLE,0→0,-0.0960131571164311,0.06567744074004622,-0.0960131571164311
FLUX_Q0,P2_not_selected_qpp_pdcsap_all,P2,MATCHED_NOT_SELECTED,W00,P02,P03,F2V000393,F2V000394,INPUT_INADMISSIBLE,INPUT_INADMISSIBLE,IRREGULAR_SAMPLING,IRREGULAR_SAMPLING,retained_indices_not_consecutive|interval_deviation_gt_0.001_s,retained_indices_not_consecutive|interval_deviation_gt_0.001_s,BOTH_INADMISSIBLE,,,,
FLUX_FINITE,P2_not_selected_qpp_pdcsap_all,P2,MATCHED_NOT_SELECTED,WSm2,P00,P01,F2V000397,F2V000398,NOT_SELECTED,NOT_SELECTED,ELIGIBLE_FOR_AFINO,ELIGIBLE_FOR_AFINO,,,BOTH_ELIGIBLE,0→0,0.044206711017295675,0.7193245135015331,0.044206711017295675
QUALITY_PDCSAP,P2_not_selected_qpp_pdcsap_all,P2,MATCHED_NOT_SELECTED,WSm2,P00,P02,F2V000397,F2V000399,NOT_SELECTED,INPUT_INADMISSIBLE,ELIGIBLE_FOR_AFINO,IRREGULAR_SAMPLING,,retained_indices_not_consecutive|interval_deviation_gt_0.001_s,VARIANT_INADMISSIBLE,,,,
QUALITY_SAP,P2_not_selected_qpp_pdcsap_all,P2,MATCHED_NOT_SELECTED,WSm2,P01,P03,F2V000398,F2V000400,NOT_SELECTED,INPUT_INADMISSIBLE,ELIGIBLE_FOR_AFINO,IRREGULAR_SAMPLING,,retained_indices_not_consecutive|interval_deviation_gt_0.001_s,VARIANT_INADMISSIBLE,,,,
DETREND_PDCSAP,P2_not_selected_qpp_pdcsap_all,P2,MATCHED_NOT_SELECTED,WSm2,P00,P04,F2V000397,F2V000401,NOT_SELECTED,NOT_SELECTED,ELIGIBLE_FOR_AFINO,ELIGIBLE_FOR_AFINO,,,BOTH_ELIGIBLE,0→0,-0.10458773004552313,-0.09279891630035308,-0.10458773004552313
DETREND_SAP,P2_not_selected_qpp_pdcsap_all,P2,MATCHED_NOT_SELECTED,WSm2,P01,P05,F2V000398,F2V000402,NOT_SELECTED,NOT_SELECTED,ELIGIBLE_FOR_AFINO,ELIGIBLE_FOR_AFINO,,,BOTH_ELIGIBLE,0→0,-0.09232175784904939,-0.23863963485587192,-0.09232175784904939
FLUX_Q0,P2_not_selected_qpp_pdcsap_all,P2,MATCHED_NOT_SELECTED,WSm2,P02,P03,F2V000399,F2V000400,INPUT_INADMISSIBLE,INPUT_INADMISSIBLE,IRREGULAR_SAMPLING,IRREGULAR_SAMPLING,retained_indices_not_consecutive|interval_deviation_gt_0.001_s,retained_indices_not_consecutive|interval_deviation_gt_0.001_s,BOTH_INADMISSIBLE,,,,
FLUX_FINITE,P2_not_selected_qpp_pdcsap_all,P2,MATCHED_NOT_SELECTED,WSm1,P00,P01,F2V000403,F2V000404,NOT_SELECTED,NOT_SELECTED,ELIGIBLE_FOR_AFINO,ELIGIBLE_FOR_AFINO,,,BOTH_ELIGIBLE,0→0,0.11947678579213061,0.4863286853583304,0.11947678579213061
QUALITY_PDCSAP,P2_not_selected_qpp_pdcsap_all,P2,MATCHED_NOT_SELECTED,WSm1,P00,P02,F2V000403,F2V000405,NOT_SELECTED,INPUT_INADMISSIBLE,ELIGIBLE_FOR_AFINO,IRREGULAR_SAMPLING,,retained_indices_not_consecutive|interval_deviation_gt_0.001_s,VARIANT_INADMISSIBLE,,,,
QUALITY_SAP,P2_not_selected_qpp_pdcsap_all,P2,MATCHED_NOT_SELECTED,WSm1,P01,P03,F2V000404,F2V000406,NOT_SELECTED,INPUT_INADMISSIBLE,ELIGIBLE_FOR_AFINO,IRREGULAR_SAMPLING,,retained_indices_not_consecutive|interval_deviation_gt_0.001_s,VARIANT_INADMISSIBLE,,,,
DETREND_PDCSAP,P2_not_selected_qpp_pdcsap_all,P2,MATCHED_NOT_SELECTED,WSm1,P00,P04,F2V000403,F2V000407,NOT_SELECTED,NOT_SELECTED,ELIGIBLE_FOR_AFINO,ELIGIBLE_FOR_AFINO,,,BOTH_ELIGIBLE,0→0,-0.11115287707252719,-0.10082905836270584,-0.11115287707252719
DETREND_SAP,P2_not_selected_qpp_pdcsap_all,P2,MATCHED_NOT_SELECTED,WSm1,P01,P05,F2V000404,F2V000408,NOT_SELECTED,NOT_SELECTED,ELIGIBLE_FOR_AFINO,ELIGIBLE_FOR_AFINO,,,BOTH_ELIGIBLE,0→0,-0.09949313633478596,-0.11681470198345778,-0.09949313633478596
FLUX_Q0,P2_not_selected_qpp_pdcsap_all,P2,MATCHED_NOT_SELECTED,WSm1,P02,P03,F2V000405,F2V000406,INPUT_INADMISSIBLE,INPUT_INADMISSIBLE,IRREGULAR_SAMPLING,IRREGULAR_SAMPLING,retained_indices_not_consecutive|interval_deviation_gt_0.001_s,retained_indices_not_consecutive|interval_deviation_gt_0.001_s,BOTH_INADMISSIBLE,,,,
FLUX_FINITE,P2_not_selected_qpp_pdcsap_all,P2,MATCHED_NOT_SELECTED,WSp1,P00,P01,F2V000409,F2V000410,NOT_SELECTED,NOT_SELECTED,ELIGIBLE_FOR_AFINO,ELIGIBLE_FOR_AFINO,,,BOTH_ELIGIBLE,0→0,-0.18999049890021524,0.3032904490275996,-0.18999049890021524
QUALITY_PDCSAP,P2_not_selected_qpp_pdcsap_all,P2,MATCHED_NOT_SELECTED,WSp1,P00,P02,F2V000409,F2V000411,NOT_SELECTED,INPUT_INADMISSIBLE,ELIGIBLE_FOR_AFINO,IRREGULAR_SAMPLING,,retained_indices_not_consecutive|interval_deviation_gt_0.001_s,VARIANT_INADMISSIBLE,,,,
QUALITY_SAP,P2_not_selected_qpp_pdcsap_all,P2,MATCHED_NOT_SELECTED,WSp1,P01,P03,F2V000410,F2V000412,NOT_SELECTED,INPUT_INADMISSIBLE,ELIGIBLE_FOR_AFINO,IRREGULAR_SAMPLING,,retained_indices_not_consecutive|interval_deviation_gt_0.001_s,VARIANT_INADMISSIBLE,,,,
DETREND_PDCSAP,P2_not_selected_qpp_pdcsap_all,P2,MATCHED_NOT_SELECTED,WSp1,P00,P04,F2V000409,F2V000413,NOT_SELECTED,NOT_SELECTED,ELIGIBLE_FOR_AFINO,ELIGIBLE_FOR_AFINO,,,BOTH_ELIGIBLE,0→0,-0.11911114560916758,-0.10937710589450944,-0.11911114560916758
DETREND_SAP,P2_not_selected_qpp_pdcsap_all,P2,MATCHED_NOT_SELECTED,WSp1,P01,P05,F2V000410,F2V000414,NOT_SELECTED,NOT_SELECTED,ELIGIBLE_FOR_AFINO,ELIGIBLE_FOR_AFINO,,,BOTH_ELIGIBLE,0→0,-0.10312172119893148,-0.13012119760901442,-0.10312172119893148
FLUX_Q0,P2_not_selected_qpp_pdcsap_all,P2,MATCHED_NOT_SELECTED,WSp1,P02,P03,F2V000411,F2V000412,INPUT_INADMISSIBLE,INPUT_INADMISSIBLE,IRREGULAR_SAMPLING,IRREGULAR_SAMPLING,retained_indices_not_consecutive|interval_deviation_gt_0.001_s,retained_indices_not_consecutive|interval_deviation_gt_0.001_s,BOTH_INADMISSIBLE,,,,
FLUX_FINITE,P2_not_selected_qpp_pdcsap_all,P2,MATCHED_NOT_SELECTED,WSp2,P00,P01,F2V000415,F2V000416,NOT_SELECTED,NOT_SELECTED,ELIGIBLE_FOR_AFINO,ELIGIBLE_FOR_AFINO,,,BOTH_ELIGIBLE,0→0,-0.5519246515627856,0.19722744686396254,-0.5519246515627856
QUALITY_PDCSAP,P2_not_selected_qpp_pdcsap_all,P2,MATCHED_NOT_SELECTED,WSp2,P00,P02,F2V000415,F2V000417,NOT_SELECTED,INPUT_INADMISSIBLE,ELIGIBLE_FOR_AFINO,IRREGULAR_SAMPLING,,retained_indices_not_consecutive|interval_deviation_gt_0.001_s,VARIANT_INADMISSIBLE,,,,
QUALITY_SAP,P2_not_selected_qpp_pdcsap_all,P2,MATCHED_NOT_SELECTED,WSp2,P01,P03,F2V000416,F2V000418,NOT_SELECTED,INPUT_INADMISSIBLE,ELIGIBLE_FOR_AFINO,IRREGULAR_SAMPLING,,retained_indices_not_consecutive|interval_deviation_gt_0.001_s,VARIANT_INADMISSIBLE,,,,
DETREND_PDCSAP,P2_not_selected_qpp_pdcsap_all,P2,MATCHED_NOT_SELECTED,WSp2,P00,P04,F2V000415,F2V000419,NOT_SELECTED,NOT_SELECTED,ELIGIBLE_FOR_AFINO,ELIGIBLE_FOR_AFINO,,,BOTH_ELIGIBLE,0→0,-0.11957997634249296,-0.11384418961029041,-0.11957997634249296
DETREND_SAP,P2_not_selected_qpp_pdcsap_all,P2,MATCHED_NOT_SELECTED,WSp2,P01,P05,F2V000416,F2V000420,NOT_SELECTED,NOT_SELECTED,ELIGIBLE_FOR_AFINO,ELIGIBLE_FOR_AFINO,,,BOTH_ELIGIBLE,0→0,-0.09907863787657334,-0.13267516057533157,-0.09907863787657334
FLUX_Q0,P2_not_selected_qpp_pdcsap_all,P2,MATCHED_NOT_SELECTED,WSp2,P02,P03,F2V000417,F2V000418,INPUT_INADMISSIBLE,INPUT_INADMISSIBLE,IRREGULAR_SAMPLING,IRREGULAR_SAMPLING,retained_indices_not_consecutive|interval_deviation_gt_0.001_s,retained_indices_not_consecutive|interval_deviation_gt_0.001_s,BOTH_INADMISSIBLE,,,,
FLUX_FINITE,P2_not_selected_qpp_pdcsap_all,P2,MATCHED_NOT_SELECTED,WEm2,P00,P01,F2V000421,F2V000422,NOT_SELECTED,NOT_SELECTED,ELIGIBLE_FOR_AFINO,ELIGIBLE_FOR_AFINO,,,BOTH_ELIGIBLE,0→0,-0.2669964909882765,0.40922392236666383,-0.2669964909882765
QUALITY_PDCSAP,P2_not_selected_qpp_pdcsap_all,P2,MATCHED_NOT_SELECTED,WEm2,P00,P02,F2V000421,F2V000423,NOT_SELECTED,INPUT_INADMISSIBLE,ELIGIBLE_FOR_AFINO,IRREGULAR_SAMPLING,,retained_indices_not_consecutive|interval_deviation_gt_0.001_s,VARIANT_INADMISSIBLE,,,,
QUALITY_SAP,P2_not_selected_qpp_pdcsap_all,P2,MATCHED_NOT_SELECTED,WEm2,P01,P03,F2V000422,F2V000424,NOT_SELECTED,INPUT_INADMISSIBLE,ELIGIBLE_FOR_AFINO,IRREGULAR_SAMPLING,,retained_indices_not_consecutive|interval_deviation_gt_0.001_s,VARIANT_INADMISSIBLE,,,,
DETREND_PDCSAP,P2_not_selected_qpp_pdcsap_all,P2,MATCHED_NOT_SELECTED,WEm2,P00,P04,F2V000421,F2V000425,NOT_SELECTED,NOT_SELECTED,ELIGIBLE_FOR_AFINO,ELIGIBLE_FOR_AFINO,,,BOTH_ELIGIBLE,0→0,-0.10695270822111524,-0.08887400172807247,-0.10695270822111524
DETREND_SAP,P2_not_selected_qpp_pdcsap_all,P2,MATCHED_NOT_SELECTED,WEm2,P01,P05,F2V000422,F2V000426,NOT_SELECTED,NOT_SELECTED,ELIGIBLE_FOR_AFINO,ELIGIBLE_FOR_AFINO,,,BOTH_ELIGIBLE,0→0,-0.09218705531463911,-0.11403586180369985,-0.09218705531463911
FLUX_Q0,P2_not_selected_qpp_pdcsap_all,P2,MATCHED_NOT_SELECTED,WEm2,P02,P03,F2V000423,F2V000424,INPUT_INADMISSIBLE,INPUT_INADMISSIBLE,IRREGULAR_SAMPLING,IRREGULAR_SAMPLING,retained_indices_not_consecutive|interval_deviation_gt_0.001_s,retained_indices_not_consecutive|interval_deviation_gt_0.001_s,BOTH_INADMISSIBLE,,,,
FLUX_FINITE,P2_not_selected_qpp_pdcsap_all,P2,MATCHED_NOT_SELECTED,WEm1,P00,P01,F2V000427,F2V000428,NOT_SELECTED,NOT_SELECTED,ELIGIBLE_FOR_AFINO,ELIGIBLE_FOR_AFINO,,,BOTH_ELIGIBLE,0→0,-0.0334716124307306,0.4076531201992566,-0.0334716124307306
QUALITY_PDCSAP,P2_not_selected_qpp_pdcsap_all,P2,MATCHED_NOT_SELECTED,WEm1,P00,P02,F2V000427,F2V000429,NOT_SELECTED,INPUT_INADMISSIBLE,ELIGIBLE_FOR_AFINO,IRREGULAR_SAMPLING,,retained_indices_not_consecutive|interval_deviation_gt_0.001_s,VARIANT_INADMISSIBLE,,,,
QUALITY_SAP,P2_not_selected_qpp_pdcsap_all,P2,MATCHED_NOT_SELECTED,WEm1,P01,P03,F2V000428,F2V000430,NOT_SELECTED,INPUT_INADMISSIBLE,ELIGIBLE_FOR_AFINO,IRREGULAR_SAMPLING,,retained_indices_not_consecutive|interval_deviation_gt_0.001_s,VARIANT_INADMISSIBLE,,,,
DETREND_PDCSAP,P2_not_selected_qpp_pdcsap_all,P2,MATCHED_NOT_SELECTED,WEm1,P00,P04,F2V000427,F2V000431,NOT_SELECTED,NOT_SELECTED,ELIGIBLE_FOR_AFINO,ELIGIBLE_FOR_AFINO,,,BOTH_ELIGIBLE,0→0,-0.11214436188220134,-0.0970714829559256,-0.11214436188220134
DETREND_SAP,P2_not_selected_qpp_pdcsap_all,P2,MATCHED_NOT_SELECTED,WEm1,P01,P05,F2V000428,F2V000432,NOT_SELECTED,NOT_SELECTED,ELIGIBLE_FOR_AFINO,ELIGIBLE_FOR_AFINO,,,BOTH_ELIGIBLE,0→0,-0.09904323790146918,-0.12067039704857052,-0.09904323790146918
FLUX_Q0,P2_not_selected_qpp_pdcsap_all,P2,MATCHED_NOT_SELECTED,WEm1,P02,P03,F2V000429,F2V000430,INPUT_INADMISSIBLE,INPUT_INADMISSIBLE,IRREGULAR_SAMPLING,IRREGULAR_SAMPLING,retained_indices_not_consecutive|interval_deviation_gt_0.001_s,retained_indices_not_consecutive|interval_deviation_gt_0.001_s,BOTH_INADMISSIBLE,,,,
FLUX_FINITE,P2_not_selected_qpp_pdcsap_all,P2,MATCHED_NOT_SELECTED,WEp1,P00,P01,F2V000433,F2V000434,NOT_SELECTED,NOT_SELECTED,ELIGIBLE_FOR_AFINO,ELIGIBLE_FOR_AFINO,,,BOTH_ELIGIBLE,0→0,-0.04716162214481301,0.4484667771948807,-0.04716162214481301
QUALITY_PDCSAP,P2_not_selected_qpp_pdcsap_all,P2,MATCHED_NOT_SELECTED,WEp1,P00,P02,F2V000433,F2V000435,NOT_SELECTED,INPUT_INADMISSIBLE,ELIGIBLE_FOR_AFINO,IRREGULAR_SAMPLING,,retained_indices_not_consecutive|interval_deviation_gt_0.001_s,VARIANT_INADMISSIBLE,,,,
QUALITY_SAP,P2_not_selected_qpp_pdcsap_all,P2,MATCHED_NOT_SELECTED,WEp1,P01,P03,F2V000434,F2V000436,NOT_SELECTED,INPUT_INADMISSIBLE,ELIGIBLE_FOR_AFINO,IRREGULAR_SAMPLING,,retained_indices_not_consecutive|interval_deviation_gt_0.001_s,VARIANT_INADMISSIBLE,,,,
DETREND_PDCSAP,P2_not_selected_qpp_pdcsap_all,P2,MATCHED_NOT_SELECTED,WEp1,P00,P04,F2V000433,F2V000437,NOT_SELECTED,NOT_SELECTED,ELIGIBLE_FOR_AFINO,ELIGIBLE_FOR_AFINO,,,BOTH_ELIGIBLE,0→0,-0.11788741498639865,-0.1122804464832825,-0.11788741498639865
DETREND_SAP,P2_not_selected_qpp_pdcsap_all,P2,MATCHED_NOT_SELECTED,WEp1,P01,P05,F2V000434,F2V000438,NOT_SELECTED,NOT_SELECTED,ELIGIBLE_FOR_AFINO,ELIGIBLE_FOR_AFINO,,,BOTH_ELIGIBLE,0→0,-0.10367614340839282,-0.19562774197652288,-0.10367614340839282
FLUX_Q0,P2_not_selected_qpp_pdcsap_all,P2,MATCHED_NOT_SELECTED,WEp1,P02,P03,F2V000435,F2V000436,INPUT_INADMISSIBLE,INPUT_INADMISSIBLE,IRREGULAR_SAMPLING,IRREGULAR_SAMPLING,retained_indices_not_consecutive|interval_deviation_gt_0.001_s,retained_indices_not_consecutive|interval_deviation_gt_0.001_s,BOTH_INADMISSIBLE,,,,
FLUX_FINITE,P2_not_selected_qpp_pdcsap_all,P2,MATCHED_NOT_SELECTED,WEp2,P00,P01,F2V000439,F2V000440,NOT_SELECTED,NOT_SELECTED,ELIGIBLE_FOR_AFINO,ELIGIBLE_FOR_AFINO,,,BOTH_ELIGIBLE,0→0,-0.2817745655588624,0.3571730492083134,-0.2817745655588624
QUALITY_PDCSAP,P2_not_selected_qpp_pdcsap_all,P2,MATCHED_NOT_SELECTED,WEp2,P00,P02,F2V000439,F2V000441,NOT_SELECTED,INPUT_INADMISSIBLE,ELIGIBLE_FOR_AFINO,IRREGULAR_SAMPLING,,retained_indices_not_consecutive|interval_deviation_gt_0.001_s,VARIANT_INADMISSIBLE,,,,
QUALITY_SAP,P2_not_selected_qpp_pdcsap_all,P2,MATCHED_NOT_SELECTED,WEp2,P01,P03,F2V000440,F2V000442,NOT_SELECTED,INPUT_INADMISSIBLE,ELIGIBLE_FOR_AFINO,IRREGULAR_SAMPLING,,retained_indices_not_consecutive|interval_deviation_gt_0.001_s,VARIANT_INADMISSIBLE,,,,
DETREND_PDCSAP,P2_not_selected_qpp_pdcsap_all,P2,MATCHED_NOT_SELECTED,WEp2,P00,P04,F2V000439,F2V000443,NOT_SELECTED,NOT_SELECTED,ELIGIBLE_FOR_AFINO,ELIGIBLE_FOR_AFINO,,,BOTH_ELIGIBLE,0→0,-0.11712132359116367,-0.11221739890493154,-0.11712132359116367
DETREND_SAP,P2_not_selected_qpp_pdcsap_all,P2,MATCHED_NOT_SELECTED,WEp2,P01,P05,F2V000440,F2V000444,NOT_SELECTED,NOT_SELECTED,ELIGIBLE_FOR_AFINO,ELIGIBLE_FOR_AFINO,,,BOTH_ELIGIBLE,0→0,-0.09994810818807309,-0.11883656635973239,-0.09994810818807309
FLUX_Q0,P2_not_selected_qpp_pdcsap_all,P2,MATCHED_NOT_SELECTED,WEp2,P02,P03,F2V000441,F2V000442,INPUT_INADMISSIBLE,INPUT_INADMISSIBLE,IRREGULAR_SAMPLING,IRREGULAR_SAMPLING,retained_indices_not_consecutive|interval_deviation_gt_0.001_s,retained_indices_not_consecutive|interval_deviation_gt_0.001_s,BOTH_INADMISSIBLE,,,,
FLUX_FINITE,P2_not_selected_qpp_pdcsap_all,P2,MATCHED_NOT_SELECTED,WX1,P00,P01,F2V000445,F2V000446,NOT_SELECTED,NOT_SELECTED,ELIGIBLE_FOR_AFINO,ELIGIBLE_FOR_AFINO,,,BOTH_ELIGIBLE,0→0,-0.13112701564045892,0.4645657920739268,-0.13112701564045892
QUALITY_PDCSAP,P2_not_selected_qpp_pdcsap_all,P2,MATCHED_NOT_SELECTED,WX1,P00,P02,F2V000445,F2V000447,NOT_SELECTED,INPUT_INADMISSIBLE,ELIGIBLE_FOR_AFINO,IRREGULAR_SAMPLING,,retained_indices_not_consecutive|interval_deviation_gt_0.001_s,VARIANT_INADMISSIBLE,,,,
QUALITY_SAP,P2_not_selected_qpp_pdcsap_all,P2,MATCHED_NOT_SELECTED,WX1,P01,P03,F2V000446,F2V000448,NOT_SELECTED,INPUT_INADMISSIBLE,ELIGIBLE_FOR_AFINO,IRREGULAR_SAMPLING,,retained_indices_not_consecutive|interval_deviation_gt_0.001_s,VARIANT_INADMISSIBLE,,,,
DETREND_PDCSAP,P2_not_selected_qpp_pdcsap_all,P2,MATCHED_NOT_SELECTED,WX1,P00,P04,F2V000445,F2V000449,NOT_SELECTED,NOT_SELECTED,ELIGIBLE_FOR_AFINO,ELIGIBLE_FOR_AFINO,,,BOTH_ELIGIBLE,0→0,-0.11121207191968097,-0.10300786209336366,-0.11121207191968097
DETREND_SAP,P2_not_selected_qpp_pdcsap_all,P2,MATCHED_NOT_SELECTED,WX1,P01,P05,F2V000446,F2V000450,NOT_SELECTED,NOT_SELECTED,ELIGIBLE_FOR_AFINO,ELIGIBLE_FOR_AFINO,,,BOTH_ELIGIBLE,0→0,-0.09652262857002825,-0.11217781097684565,-0.09652262857002825
FLUX_Q0,P2_not_selected_qpp_pdcsap_all,P2,MATCHED_NOT_SELECTED,WX1,P02,P03,F2V000447,F2V000448,INPUT_INADMISSIBLE,INPUT_INADMISSIBLE,IRREGULAR_SAMPLING,IRREGULAR_SAMPLING,retained_indices_not_consecutive|interval_deviation_gt_0.001_s,retained_indices_not_consecutive|interval_deviation_gt_0.001_s,BOTH_INADMISSIBLE,,,,
FLUX_FINITE,P2_not_selected_qpp_pdcsap_all,P2,MATCHED_NOT_SELECTED,WC1,P00,P01,F2V000451,F2V000452,NOT_SELECTED,NOT_SELECTED,ELIGIBLE_FOR_AFINO,ELIGIBLE_FOR_AFINO,,,BOTH_ELIGIBLE,0→0,-0.42213974672722543,0.2968762763628092,-0.42213974672722543
QUALITY_PDCSAP,P2_not_selected_qpp_pdcsap_all,P2,MATCHED_NOT_SELECTED,WC1,P00,P02,F2V000451,F2V000453,NOT_SELECTED,INPUT_INADMISSIBLE,ELIGIBLE_FOR_AFINO,IRREGULAR_SAMPLING,,retained_indices_not_consecutive|interval_deviation_gt_0.001_s,VARIANT_INADMISSIBLE,,,,
QUALITY_SAP,P2_not_selected_qpp_pdcsap_all,P2,MATCHED_NOT_SELECTED,WC1,P01,P03,F2V000452,F2V000454,NOT_SELECTED,INPUT_INADMISSIBLE,ELIGIBLE_FOR_AFINO,IRREGULAR_SAMPLING,,retained_indices_not_consecutive|interval_deviation_gt_0.001_s,VARIANT_INADMISSIBLE,,,,
DETREND_PDCSAP,P2_not_selected_qpp_pdcsap_all,P2,MATCHED_NOT_SELECTED,WC1,P00,P04,F2V000451,F2V000455,NOT_SELECTED,NOT_SELECTED,ELIGIBLE_FOR_AFINO,ELIGIBLE_FOR_AFINO,,,BOTH_ELIGIBLE,0→0,-0.1130195186299261,-0.10047315279234681,-0.1130195186299261
DETREND_SAP,P2_not_selected_qpp_pdcsap_all,P2,MATCHED_NOT_SELECTED,WC1,P01,P05,F2V000452,F2V000456,NOT_SELECTED,NOT_SELECTED,ELIGIBLE_FOR_AFINO,ELIGIBLE_FOR_AFINO,,,BOTH_ELIGIBLE,0→0,-0.09537113424028121,-0.12253813160771188,-0.09537113424028121
FLUX_Q0,P2_not_selected_qpp_pdcsap_all,P2,MATCHED_NOT_SELECTED,WC1,P02,P03,F2V000453,F2V000454,INPUT_INADMISSIBLE,INPUT_INADMISSIBLE,IRREGULAR_SAMPLING,IRREGULAR_SAMPLING,retained_indices_not_consecutive|interval_deviation_gt_0.001_s,retained_indices_not_consecutive|interval_deviation_gt_0.001_s,BOTH_INADMISSIBLE,,,,
FLUX_FINITE,P2_not_selected_qpp_pdcsap_all,P2,MATCHED_NOT_SELECTED,WX2,P00,P01,F2V000457,F2V000458,NOT_SELECTED,NOT_SELECTED,ELIGIBLE_FOR_AFINO,ELIGIBLE_FOR_AFINO,,,BOTH_ELIGIBLE,0→0,0.022298883945495618,0.5633798217297681,0.022298883945495618
QUALITY_PDCSAP,P2_not_selected_qpp_pdcsap_all,P2,MATCHED_NOT_SELECTED,WX2,P00,P02,F2V000457,F2V000459,NOT_SELECTED,INPUT_INADMISSIBLE,ELIGIBLE_FOR_AFINO,IRREGULAR_SAMPLING,,retained_indices_not_consecutive|interval_deviation_gt_0.001_s,VARIANT_INADMISSIBLE,,,,
QUALITY_SAP,P2_not_selected_qpp_pdcsap_all,P2,MATCHED_NOT_SELECTED,WX2,P01,P03,F2V000458,F2V000460,NOT_SELECTED,INPUT_INADMISSIBLE,ELIGIBLE_FOR_AFINO,IRREGULAR_SAMPLING,,retained_indices_not_consecutive|interval_deviation_gt_0.001_s,VARIANT_INADMISSIBLE,,,,
DETREND_PDCSAP,P2_not_selected_qpp_pdcsap_all,P2,MATCHED_NOT_SELECTED,WX2,P00,P04,F2V000457,F2V000461,NOT_SELECTED,NOT_SELECTED,ELIGIBLE_FOR_AFINO,ELIGIBLE_FOR_AFINO,,,BOTH_ELIGIBLE,0→0,-0.10941136256269601,-0.09252361551534705,-0.10941136256269601
DETREND_SAP,P2_not_selected_qpp_pdcsap_all,P2,MATCHED_NOT_SELECTED,WX2,P01,P05,F2V000458,F2V000462,NOT_SELECTED,NOT_SELECTED,ELIGIBLE_FOR_AFINO,ELIGIBLE_FOR_AFINO,,,BOTH_ELIGIBLE,0→0,-0.09640236192035445,-0.11329301287241833,-0.09640236192035445
FLUX_Q0,P2_not_selected_qpp_pdcsap_all,P2,MATCHED_NOT_SELECTED,WX2,P02,P03,F2V000459,F2V000460,INPUT_INADMISSIBLE,INPUT_INADMISSIBLE,IRREGULAR_SAMPLING,IRREGULAR_SAMPLING,retained_indices_not_consecutive|interval_deviation_gt_0.001_s,retained_indices_not_consecutive|interval_deviation_gt_0.001_s,BOTH_INADMISSIBLE,,,,
FLUX_FINITE,P2_not_selected_qpp_pdcsap_all,P2,MATCHED_NOT_SELECTED,WC2,P00,P01,F2V000463,F2V000464,NOT_SELECTED,NOT_SELECTED,ELIGIBLE_FOR_AFINO,ELIGIBLE_FOR_AFINO,,,BOTH_ELIGIBLE,0→0,-0.560928396093459,0.2297334007939753,-0.560928396093459
QUALITY_PDCSAP,P2_not_selected_qpp_pdcsap_all,P2,MATCHED_NOT_SELECTED,WC2,P00,P02,F2V000463,F2V000465,NOT_SELECTED,INPUT_INADMISSIBLE,ELIGIBLE_FOR_AFINO,IRREGULAR_SAMPLING,,retained_indices_not_consecutive|interval_deviation_gt_0.001_s,VARIANT_INADMISSIBLE,,,,
QUALITY_SAP,P2_not_selected_qpp_pdcsap_all,P2,MATCHED_NOT_SELECTED,WC2,P01,P03,F2V000464,F2V000466,NOT_SELECTED,INPUT_INADMISSIBLE,ELIGIBLE_FOR_AFINO,IRREGULAR_SAMPLING,,retained_indices_not_consecutive|interval_deviation_gt_0.001_s,VARIANT_INADMISSIBLE,,,,
DETREND_PDCSAP,P2_not_selected_qpp_pdcsap_all,P2,MATCHED_NOT_SELECTED,WC2,P00,P04,F2V000463,F2V000467,NOT_SELECTED,NOT_SELECTED,ELIGIBLE_FOR_AFINO,ELIGIBLE_FOR_AFINO,,,BOTH_ELIGIBLE,0→0,-0.11417562055885355,-0.1085679760695939,-0.11417562055885355
DETREND_SAP,P2_not_selected_qpp_pdcsap_all,P2,MATCHED_NOT_SELECTED,WC2,P01,P05,F2V000464,F2V000468,NOT_SELECTED,NOT_SELECTED,ELIGIBLE_FOR_AFINO,ELIGIBLE_FOR_AFINO,,,BOTH_ELIGIBLE,0→0,-0.09533796520099713,0.04529374050150636,-0.09533796520099713
FLUX_Q0,P2_not_selected_qpp_pdcsap_all,P2,MATCHED_NOT_SELECTED,WC2,P02,P03,F2V000465,F2V000466,INPUT_INADMISSIBLE,INPUT_INADMISSIBLE,IRREGULAR_SAMPLING,IRREGULAR_SAMPLING,retained_indices_not_consecutive|interval_deviation_gt_0.001_s,retained_indices_not_consecutive|interval_deviation_gt_0.001_s,BOTH_INADMISSIBLE,,,,
FLUX_FINITE,P3_published_qpp_pdcsap_all,P3,PUBLISHED_QPP_REPRODUCED,W00,P00,P01,F2V000469,F2V000470,SELECTED,NOT_SELECTED,ELIGIBLE_FOR_AFINO,ELIGIBLE_FOR_AFINO,,,BOTH_ELIGIBLE,1→0,-9.586980433087348,-8.130878118458309,-9.586980433087348
QUALITY_PDCSAP,P3_published_qpp_pdcsap_all,P3,PUBLISHED_QPP_REPRODUCED,W00,P00,P02,F2V000469,F2V000471,SELECTED,SELECTED,ELIGIBLE_FOR_AFINO,ELIGIBLE_FOR_AFINO,,,BOTH_ELIGIBLE,1→1,0.0,0.0,0.0
QUALITY_SAP,P3_published_qpp_pdcsap_all,P3,PUBLISHED_QPP_REPRODUCED,W00,P01,P03,F2V000470,F2V000472,NOT_SELECTED,NOT_SELECTED,ELIGIBLE_FOR_AFINO,ELIGIBLE_FOR_AFINO,,,BOTH_ELIGIBLE,0→0,0.0,0.0,0.0
DETREND_PDCSAP,P3_published_qpp_pdcsap_all,P3,PUBLISHED_QPP_REPRODUCED,W00,P00,P04,F2V000469,F2V000473,SELECTED,SELECTED,ELIGIBLE_FOR_AFINO,ELIGIBLE_FOR_AFINO,,,BOTH_ELIGIBLE,1→1,-0.35075907283900776,1.0980779213202183,-0.35075907283900776
DETREND_SAP,P3_published_qpp_pdcsap_all,P3,PUBLISHED_QPP_REPRODUCED,W00,P01,P05,F2V000470,F2V000474,NOT_SELECTED,NOT_SELECTED,ELIGIBLE_FOR_AFINO,ELIGIBLE_FOR_AFINO,,,BOTH_ELIGIBLE,0→0,-0.2865599680659727,-0.7170546012160379,-0.28655996806597184
FLUX_Q0,P3_published_qpp_pdcsap_all,P3,PUBLISHED_QPP_REPRODUCED,W00,P02,P03,F2V000471,F2V000472,SELECTED,NOT_SELECTED,ELIGIBLE_FOR_AFINO,ELIGIBLE_FOR_AFINO,,,BOTH_ELIGIBLE,1→0,-9.586980433087348,-8.130878118458309,-9.586980433087348
FLUX_FINITE,P3_published_qpp_pdcsap_all,P3,PUBLISHED_QPP_REPRODUCED,WSm2,P00,P01,F2V000475,F2V000476,SELECTED,NOT_SELECTED,ELIGIBLE_FOR_AFINO,ELIGIBLE_FOR_AFINO,,,BOTH_ELIGIBLE,1→0,-11.80203464289001,-11.426022032724493,-11.80203464289001
QUALITY_PDCSAP,P3_published_qpp_pdcsap_all,P3,PUBLISHED_QPP_REPRODUCED,WSm2,P00,P02,F2V000475,F2V000477,SELECTED,SELECTED,ELIGIBLE_FOR_AFINO,ELIGIBLE_FOR_AFINO,,,BOTH_ELIGIBLE,1→1,0.0,0.0,0.0
QUALITY_SAP,P3_published_qpp_pdcsap_all,P3,PUBLISHED_QPP_REPRODUCED,WSm2,P01,P03,F2V000476,F2V000478,NOT_SELECTED,NOT_SELECTED,ELIGIBLE_FOR_AFINO,ELIGIBLE_FOR_AFINO,,,BOTH_ELIGIBLE,0→0,0.0,0.0,0.0
DETREND_PDCSAP,P3_published_qpp_pdcsap_all,P3,PUBLISHED_QPP_REPRODUCED,WSm2,P00,P04,F2V000475,F2V000479,SELECTED,SELECTED,ELIGIBLE_FOR_AFINO,ELIGIBLE_FOR_AFINO,,,BOTH_ELIGIBLE,1→1,0.055615509623940795,-0.017306825488958566,0.055615509623940795
DETREND_SAP,P3_published_qpp_pdcsap_all,P3,PUBLISHED_QPP_REPRODUCED,WSm2,P01,P05,F2V000476,F2V000480,NOT_SELECTED,NOT_SELECTED,ELIGIBLE_FOR_AFINO,ELIGIBLE_FOR_AFINO,,,BOTH_ELIGIBLE,0→0,0.030537773908378085,-0.007085367153560895,0.030537773908378085
FLUX_Q0,P3_published_qpp_pdcsap_all,P3,PUBLISHED_QPP_REPRODUCED,WSm2,P02,P03,F2V000477,F2V000478,SELECTED,NOT_SELECTED,ELIGIBLE_FOR_AFINO,ELIGIBLE_FOR_AFINO,,,BOTH_ELIGIBLE,1→0,-11.80203464289001,-11.426022032724493,-11.80203464289001
FLUX_FINITE,P3_published_qpp_pdcsap_all,P3,PUBLISHED_QPP_REPRODUCED,WSm1,P00,P01,F2V000481,F2V000482,SELECTED,NOT_SELECTED,ELIGIBLE_FOR_AFINO,ELIGIBLE_FOR_AFINO,,,BOTH_ELIGIBLE,1→0,-9.640774782377541,-7.5686792649307755,-9.640774782377541
QUALITY_PDCSAP,P3_published_qpp_pdcsap_all,P3,PUBLISHED_QPP_REPRODUCED,WSm1,P00,P02,F2V000481,F2V000483,SELECTED,SELECTED,ELIGIBLE_FOR_AFINO,ELIGIBLE_FOR_AFINO,,,BOTH_ELIGIBLE,1→1,0.0,0.0,0.0
QUALITY_SAP,P3_published_qpp_pdcsap_all,P3,PUBLISHED_QPP_REPRODUCED,WSm1,P01,P03,F2V000482,F2V000484,NOT_SELECTED,NOT_SELECTED,ELIGIBLE_FOR_AFINO,ELIGIBLE_FOR_AFINO,,,BOTH_ELIGIBLE,0→0,0.0,0.0,0.0
DETREND_PDCSAP,P3_published_qpp_pdcsap_all,P3,PUBLISHED_QPP_REPRODUCED,WSm1,P00,P04,F2V000481,F2V000485,SELECTED,NOT_SELECTED,ELIGIBLE_FOR_AFINO,ELIGIBLE_FOR_AFINO,,,BOTH_ELIGIBLE,1→0,-0.08930503739340168,-0.026654307825449308,-0.08930503739340168
DETREND_SAP,P3_published_qpp_pdcsap_all,P3,PUBLISHED_QPP_REPRODUCED,WSm1,P01,P05,F2V000482,F2V000486,NOT_SELECTED,NOT_SELECTED,ELIGIBLE_FOR_AFINO,ELIGIBLE_FOR_AFINO,,,BOTH_ELIGIBLE,0→0,-0.07431110844373023,-1.6315699331440996,-0.07431110844373023
FLUX_Q0,P3_published_qpp_pdcsap_all,P3,PUBLISHED_QPP_REPRODUCED,WSm1,P02,P03,F2V000483,F2V000484,SELECTED,NOT_SELECTED,ELIGIBLE_FOR_AFINO,ELIGIBLE_FOR_AFINO,,,BOTH_ELIGIBLE,1→0,-9.640774782377541,-7.5686792649307755,-9.640774782377541
FLUX_FINITE,P3_published_qpp_pdcsap_all,P3,PUBLISHED_QPP_REPRODUCED,WSp1,P00,P01,F2V000487,F2V000488,NOT_SELECTED,NOT_SELECTED,ELIGIBLE_FOR_AFINO,ELIGIBLE_FOR_AFINO,,,BOTH_ELIGIBLE,0→0,-5.169337023434705,-3.9001359413072834,-5.169337023434705
QUALITY_PDCSAP,P3_published_qpp_pdcsap_all,P3,PUBLISHED_QPP_REPRODUCED,WSp1,P00,P02,F2V000487,F2V000489,NOT_SELECTED,NOT_SELECTED,ELIGIBLE_FOR_AFINO,ELIGIBLE_FOR_AFINO,,,BOTH_ELIGIBLE,0→0,0.0,0.0,0.0
QUALITY_SAP,P3_published_qpp_pdcsap_all,P3,PUBLISHED_QPP_REPRODUCED,WSp1,P01,P03,F2V000488,F2V000490,NOT_SELECTED,NOT_SELECTED,ELIGIBLE_FOR_AFINO,ELIGIBLE_FOR_AFINO,,,BOTH_ELIGIBLE,0→0,0.0,0.0,0.0
DETREND_PDCSAP,P3_published_qpp_pdcsap_all,P3,PUBLISHED_QPP_REPRODUCED,WSp1,P00,P04,F2V000487,F2V000491,NOT_SELECTED,NOT_SELECTED,ELIGIBLE_FOR_AFINO,ELIGIBLE_FOR_AFINO,,,BOTH_ELIGIBLE,0→0,-0.48562476643628383,0.8036849118778342,-0.48562476643628383
DETREND_SAP,P3_published_qpp_pdcsap_all,P3,PUBLISHED_QPP_REPRODUCED,WSp1,P01,P05,F2V000488,F2V000492,NOT_SELECTED,NOT_SELECTED,ELIGIBLE_FOR_AFINO,ELIGIBLE_FOR_AFINO,,,BOTH_ELIGIBLE,0→0,-0.34208870798193747,-0.2802460965520588,-0.34208870798193747
FLUX_Q0,P3_published_qpp_pdcsap_all,P3,PUBLISHED_QPP_REPRODUCED,WSp1,P02,P03,F2V000489,F2V000490,NOT_SELECTED,NOT_SELECTED,ELIGIBLE_FOR_AFINO,ELIGIBLE_FOR_AFINO,,,BOTH_ELIGIBLE,0→0,-5.169337023434705,-3.9001359413072834,-5.169337023434705
FLUX_FINITE,P3_published_qpp_pdcsap_all,P3,PUBLISHED_QPP_REPRODUCED,WSp2,P00,P01,F2V000493,F2V000494,NOT_SELECTED,NOT_SELECTED,ELIGIBLE_FOR_AFINO,ELIGIBLE_FOR_AFINO,,,BOTH_ELIGIBLE,0→0,-3.2475662124358804,-3.43165970071634,-3.2475662124358804
QUALITY_PDCSAP,P3_published_qpp_pdcsap_all,P3,PUBLISHED_QPP_REPRODUCED,WSp2,P00,P02,F2V000493,F2V000495,NOT_SELECTED,NOT_SELECTED,ELIGIBLE_FOR_AFINO,ELIGIBLE_FOR_AFINO,,,BOTH_ELIGIBLE,0→0,0.0,0.0,0.0
QUALITY_SAP,P3_published_qpp_pdcsap_all,P3,PUBLISHED_QPP_REPRODUCED,WSp2,P01,P03,F2V000494,F2V000496,NOT_SELECTED,NOT_SELECTED,ELIGIBLE_FOR_AFINO,ELIGIBLE_FOR_AFINO,,,BOTH_ELIGIBLE,0→0,0.0,0.0,0.0
DETREND_PDCSAP,P3_published_qpp_pdcsap_all,P3,PUBLISHED_QPP_REPRODUCED,WSp2,P00,P04,F2V000493,F2V000497,NOT_SELECTED,NOT_SELECTED,ELIGIBLE_FOR_AFINO,ELIGIBLE_FOR_AFINO,,,BOTH_ELIGIBLE,0→0,-0.2716221832405532,-0.25684248954530986,-0.2716221832405532
DETREND_SAP,P3_published_qpp_pdcsap_all,P3,PUBLISHED_QPP_REPRODUCED,WSp2,P01,P05,F2V000494,F2V000498,NOT_SELECTED,NOT_SELECTED,ELIGIBLE_FOR_AFINO,ELIGIBLE_FOR_AFINO,,,BOTH_ELIGIBLE,0→0,0.5808301663731452,0.8139340345604023,0.5808301663731452
FLUX_Q0,P3_published_qpp_pdcsap_all,P3,PUBLISHED_QPP_REPRODUCED,WSp2,P02,P03,F2V000495,F2V000496,NOT_SELECTED,NOT_SELECTED,ELIGIBLE_FOR_AFINO,ELIGIBLE_FOR_AFINO,,,BOTH_ELIGIBLE,0→0,-3.2475662124358804,-3.43165970071634,-3.2475662124358804
FLUX_FINITE,P3_published_qpp_pdcsap_all,P3,PUBLISHED_QPP_REPRODUCED,WEm2,P00,P01,F2V000499,F2V000500,SELECTED,NOT_SELECTED,ELIGIBLE_FOR_AFINO,ELIGIBLE_FOR_AFINO,,,BOTH_ELIGIBLE,1→0,-10.364954894316817,-8.97047854009225,-10.364954894316817
QUALITY_PDCSAP,P3_published_qpp_pdcsap_all,P3,PUBLISHED_QPP_REPRODUCED,WEm2,P00,P02,F2V000499,F2V000501,SELECTED,SELECTED,ELIGIBLE_FOR_AFINO,ELIGIBLE_FOR_AFINO,,,BOTH_ELIGIBLE,1→1,0.0,0.0,0.0
QUALITY_SAP,P3_published_qpp_pdcsap_all,P3,PUBLISHED_QPP_REPRODUCED,WEm2,P01,P03,F2V000500,F2V000502,NOT_SELECTED,NOT_SELECTED,ELIGIBLE_FOR_AFINO,ELIGIBLE_FOR_AFINO,,,BOTH_ELIGIBLE,0→0,0.0,0.0,0.0
DETREND_PDCSAP,P3_published_qpp_pdcsap_all,P3,PUBLISHED_QPP_REPRODUCED,WEm2,P00,P04,F2V000499,F2V000503,SELECTED,SELECTED,ELIGIBLE_FOR_AFINO,ELIGIBLE_FOR_AFINO,,,BOTH_ELIGIBLE,1→1,0.008313135190682885,0.005503289397841726,0.008313135190682885
DETREND_SAP,P3_published_qpp_pdcsap_all,P3,PUBLISHED_QPP_REPRODUCED,WEm2,P01,P05,F2V000500,F2V000504,NOT_SELECTED,NOT_SELECTED,ELIGIBLE_FOR_AFINO,ELIGIBLE_FOR_AFINO,,,BOTH_ELIGIBLE,0→0,-0.005384721938604287,-0.004694048852984523,-0.005384721938604287
FLUX_Q0,P3_published_qpp_pdcsap_all,P3,PUBLISHED_QPP_REPRODUCED,WEm2,P02,P03,F2V000501,F2V000502,SELECTED,NOT_SELECTED,ELIGIBLE_FOR_AFINO,ELIGIBLE_FOR_AFINO,,,BOTH_ELIGIBLE,1→0,-10.364954894316817,-8.97047854009225,-10.364954894316817
FLUX_FINITE,P3_published_qpp_pdcsap_all,P3,PUBLISHED_QPP_REPRODUCED,WEm1,P00,P01,F2V000505,F2V000506,NOT_SELECTED,NOT_SELECTED,ELIGIBLE_FOR_AFINO,ELIGIBLE_FOR_AFINO,,,BOTH_ELIGIBLE,0→0,-8.58068534475126,-7.323081384475891,-8.58068534475126
QUALITY_PDCSAP,P3_published_qpp_pdcsap_all,P3,PUBLISHED_QPP_REPRODUCED,WEm1,P00,P02,F2V000505,F2V000507,NOT_SELECTED,NOT_SELECTED,ELIGIBLE_FOR_AFINO,ELIGIBLE_FOR_AFINO,,,BOTH_ELIGIBLE,0→0,0.0,0.0,0.0
QUALITY_SAP,P3_published_qpp_pdcsap_all,P3,PUBLISHED_QPP_REPRODUCED,WEm1,P01,P03,F2V000506,F2V000508,NOT_SELECTED,NOT_SELECTED,ELIGIBLE_FOR_AFINO,ELIGIBLE_FOR_AFINO,,,BOTH_ELIGIBLE,0→0,0.0,0.0,0.0
DETREND_PDCSAP,P3_published_qpp_pdcsap_all,P3,PUBLISHED_QPP_REPRODUCED,WEm1,P00,P04,F2V000505,F2V000509,NOT_SELECTED,NOT_SELECTED,ELIGIBLE_FOR_AFINO,ELIGIBLE_FOR_AFINO,,,BOTH_ELIGIBLE,0→0,-0.22831807904971768,1.005576119733842,-0.22831807904971768
DETREND_SAP,P3_published_qpp_pdcsap_all,P3,PUBLISHED_QPP_REPRODUCED,WEm1,P01,P05,F2V000506,F2V000510,NOT_SELECTED,NOT_SELECTED,ELIGIBLE_FOR_AFINO,ELIGIBLE_FOR_AFINO,,,BOTH_ELIGIBLE,0→0,-0.0901497947555292,-1.2004684629916795,-0.0901497947555292
FLUX_Q0,P3_published_qpp_pdcsap_all,P3,PUBLISHED_QPP_REPRODUCED,WEm1,P02,P03,F2V000507,F2V000508,NOT_SELECTED,NOT_SELECTED,ELIGIBLE_FOR_AFINO,ELIGIBLE_FOR_AFINO,,,BOTH_ELIGIBLE,0→0,-8.58068534475126,-7.323081384475891,-8.58068534475126
FLUX_FINITE,P3_published_qpp_pdcsap_all,P3,PUBLISHED_QPP_REPRODUCED,WEp1,P00,P01,F2V000511,F2V000512,NOT_SELECTED,NOT_SELECTED,ELIGIBLE_FOR_AFINO,ELIGIBLE_FOR_AFINO,,,BOTH_ELIGIBLE,0→0,-6.312173910053262,-7.498401641877852,-6.312173910053261
QUALITY_PDCSAP,P3_published_qpp_pdcsap_all,P3,PUBLISHED_QPP_REPRODUCED,WEp1,P00,P02,F2V000511,F2V000513,NOT_SELECTED,NOT_SELECTED,ELIGIBLE_FOR_AFINO,ELIGIBLE_FOR_AFINO,,,BOTH_ELIGIBLE,0→0,0.0,0.0,0.0
QUALITY_SAP,P3_published_qpp_pdcsap_all,P3,PUBLISHED_QPP_REPRODUCED,WEp1,P01,P03,F2V000512,F2V000514,NOT_SELECTED,NOT_SELECTED,ELIGIBLE_FOR_AFINO,ELIGIBLE_FOR_AFINO,,,BOTH_ELIGIBLE,0→0,0.0,0.0,0.0
DETREND_PDCSAP,P3_published_qpp_pdcsap_all,P3,PUBLISHED_QPP_REPRODUCED,WEp1,P00,P04,F2V000511,F2V000515,NOT_SELECTED,NOT_SELECTED,ELIGIBLE_FOR_AFINO,ELIGIBLE_FOR_AFINO,,,BOTH_ELIGIBLE,0→0,-0.2805200203047251,-1.5038111423439666,-0.2805200203047251
DETREND_SAP,P3_published_qpp_pdcsap_all,P3,PUBLISHED_QPP_REPRODUCED,WEp1,P01,P05,F2V000512,F2V000516,NOT_SELECTED,NOT_SELECTED,ELIGIBLE_FOR_AFINO,ELIGIBLE_FOR_AFINO,,,BOTH_ELIGIBLE,0→0,-0.3517037947387145,-0.11306047569342326,-0.3517037947387145
FLUX_Q0,P3_published_qpp_pdcsap_all,P3,PUBLISHED_QPP_REPRODUCED,WEp1,P02,P03,F2V000513,F2V000514,NOT_SELECTED,NOT_SELECTED,ELIGIBLE_FOR_AFINO,ELIGIBLE_FOR_AFINO,,,BOTH_ELIGIBLE,0→0,-6.312173910053262,-7.498401641877852,-6.312173910053261
FLUX_FINITE,P3_published_qpp_pdcsap_all,P3,PUBLISHED_QPP_REPRODUCED,WEp2,P00,P01,F2V000517,F2V000518,NOT_SELECTED,NOT_SELECTED,ELIGIBLE_FOR_AFINO,ELIGIBLE_FOR_AFINO,,,BOTH_ELIGIBLE,0→0,-6.1691077615463605,-6.027708587456672,-6.1691077615463605
QUALITY_PDCSAP,P3_published_qpp_pdcsap_all,P3,PUBLISHED_QPP_REPRODUCED,WEp2,P00,P02,F2V000517,F2V000519,NOT_SELECTED,NOT_SELECTED,ELIGIBLE_FOR_AFINO,ELIGIBLE_FOR_AFINO,,,BOTH_ELIGIBLE,0→0,0.0,0.0,0.0
QUALITY_SAP,P3_published_qpp_pdcsap_all,P3,PUBLISHED_QPP_REPRODUCED,WEp2,P01,P03,F2V000518,F2V000520,NOT_SELECTED,NOT_SELECTED,ELIGIBLE_FOR_AFINO,ELIGIBLE_FOR_AFINO,,,BOTH_ELIGIBLE,0→0,0.0,0.0,0.0
DETREND_PDCSAP,P3_published_qpp_pdcsap_all,P3,PUBLISHED_QPP_REPRODUCED,WEp2,P00,P04,F2V000517,F2V000521,NOT_SELECTED,NOT_SELECTED,ELIGIBLE_FOR_AFINO,ELIGIBLE_FOR_AFINO,,,BOTH_ELIGIBLE,0→0,-0.3489240049703426,0.6911980517428873,-0.3489240049703426
DETREND_SAP,P3_published_qpp_pdcsap_all,P3,PUBLISHED_QPP_REPRODUCED,WEp2,P01,P05,F2V000518,F2V000522,NOT_SELECTED,NOT_SELECTED,ELIGIBLE_FOR_AFINO,ELIGIBLE_FOR_AFINO,,,BOTH_ELIGIBLE,0→0,-0.3536783356568236,0.5760106364245452,-0.3536783356568236
FLUX_Q0,P3_published_qpp_pdcsap_all,P3,PUBLISHED_QPP_REPRODUCED,WEp2,P02,P03,F2V000519,F2V000520,NOT_SELECTED,NOT_SELECTED,ELIGIBLE_FOR_AFINO,ELIGIBLE_FOR_AFINO,,,BOTH_ELIGIBLE,0→0,-6.1691077615463605,-6.027708587456672,-6.1691077615463605
FLUX_FINITE,P3_published_qpp_pdcsap_all,P3,PUBLISHED_QPP_REPRODUCED,WX1,P00,P01,F2V000523,F2V000524,SELECTED,NOT_SELECTED,ELIGIBLE_FOR_AFINO,ELIGIBLE_FOR_AFINO,,,BOTH_ELIGIBLE,1→0,-7.851341782645747,-7.580421736083444,-7.851341782645747
QUALITY_PDCSAP,P3_published_qpp_pdcsap_all,P3,PUBLISHED_QPP_REPRODUCED,WX1,P00,P02,F2V000523,F2V000525,SELECTED,SELECTED,ELIGIBLE_FOR_AFINO,ELIGIBLE_FOR_AFINO,,,BOTH_ELIGIBLE,1→1,0.0,0.0,0.0
QUALITY_SAP,P3_published_qpp_pdcsap_all,P3,PUBLISHED_QPP_REPRODUCED,WX1,P01,P03,F2V000524,F2V000526,NOT_SELECTED,NOT_SELECTED,ELIGIBLE_FOR_AFINO,ELIGIBLE_FOR_AFINO,,,BOTH_ELIGIBLE,0→0,0.0,0.0,0.0
DETREND_PDCSAP,P3_published_qpp_pdcsap_all,P3,PUBLISHED_QPP_REPRODUCED,WX1,P00,P04,F2V000523,F2V000527,SELECTED,SELECTED,ELIGIBLE_FOR_AFINO,ELIGIBLE_FOR_AFINO,,,BOTH_ELIGIBLE,1→1,-0.07148986676106972,-0.001105117401969835,-0.07148986676106972
DETREND_SAP,P3_published_qpp_pdcsap_all,P3,PUBLISHED_QPP_REPRODUCED,WX1,P01,P05,F2V000524,F2V000528,NOT_SELECTED,NOT_SELECTED,ELIGIBLE_FOR_AFINO,ELIGIBLE_FOR_AFINO,,,BOTH_ELIGIBLE,0→0,-0.12658401164027566,-0.050077800806931805,-0.12658401164027566
FLUX_Q0,P3_published_qpp_pdcsap_all,P3,PUBLISHED_QPP_REPRODUCED,WX1,P02,P03,F2V000525,F2V000526,SELECTED,NOT_SELECTED,ELIGIBLE_FOR_AFINO,ELIGIBLE_FOR_AFINO,,,BOTH_ELIGIBLE,1→0,-7.851341782645747,-7.580421736083444,-7.851341782645747
FLUX_FINITE,P3_published_qpp_pdcsap_all,P3,PUBLISHED_QPP_REPRODUCED,WC1,P00,P01,F2V000529,F2V000530,SELECTED,NOT_SELECTED,ELIGIBLE_FOR_AFINO,ELIGIBLE_FOR_AFINO,,,BOTH_ELIGIBLE,1→0,-7.808769460071559,-6.825710296584488,-7.808769460071559
QUALITY_PDCSAP,P3_published_qpp_pdcsap_all,P3,PUBLISHED_QPP_REPRODUCED,WC1,P00,P02,F2V000529,F2V000531,SELECTED,SELECTED,ELIGIBLE_FOR_AFINO,ELIGIBLE_FOR_AFINO,,,BOTH_ELIGIBLE,1→1,0.0,0.0,0.0
QUALITY_SAP,P3_published_qpp_pdcsap_all,P3,PUBLISHED_QPP_REPRODUCED,WC1,P01,P03,F2V000530,F2V000532,NOT_SELECTED,NOT_SELECTED,ELIGIBLE_FOR_AFINO,ELIGIBLE_FOR_AFINO,,,BOTH_ELIGIBLE,0→0,0.0,0.0,0.0
DETREND_PDCSAP,P3_published_qpp_pdcsap_all,P3,PUBLISHED_QPP_REPRODUCED,WC1,P00,P04,F2V000529,F2V000533,SELECTED,NOT_SELECTED,ELIGIBLE_FOR_AFINO,ELIGIBLE_FOR_AFINO,,,BOTH_ELIGIBLE,1→0,-0.8776309414735728,0.1047894736815973,-0.8776309414735728
DETREND_SAP,P3_published_qpp_pdcsap_all,P3,PUBLISHED_QPP_REPRODUCED,WC1,P01,P05,F2V000530,F2V000534,NOT_SELECTED,NOT_SELECTED,ELIGIBLE_FOR_AFINO,ELIGIBLE_FOR_AFINO,,,BOTH_ELIGIBLE,0→0,-0.022311397061660188,-0.2492696077054024,-0.022311397061660188
FLUX_Q0,P3_published_qpp_pdcsap_all,P3,PUBLISHED_QPP_REPRODUCED,WC1,P02,P03,F2V000531,F2V000532,SELECTED,NOT_SELECTED,ELIGIBLE_FOR_AFINO,ELIGIBLE_FOR_AFINO,,,BOTH_ELIGIBLE,1→0,-7.808769460071559,-6.825710296584488,-7.808769460071559
FLUX_FINITE,P3_published_qpp_pdcsap_all,P3,PUBLISHED_QPP_REPRODUCED,WX2,P00,P01,F2V000535,F2V000536,SELECTED,NOT_SELECTED,ELIGIBLE_FOR_AFINO,ELIGIBLE_FOR_AFINO,,,BOTH_ELIGIBLE,1→0,-9.751090076300907,-9.4589444187776,-9.751090076300907
QUALITY_PDCSAP,P3_published_qpp_pdcsap_all,P3,PUBLISHED_QPP_REPRODUCED,WX2,P00,P02,F2V000535,F2V000537,SELECTED,SELECTED,ELIGIBLE_FOR_AFINO,ELIGIBLE_FOR_AFINO,,,BOTH_ELIGIBLE,1→1,0.0,0.0,0.0
QUALITY_SAP,P3_published_qpp_pdcsap_all,P3,PUBLISHED_QPP_REPRODUCED,WX2,P01,P03,F2V000536,F2V000538,NOT_SELECTED,NOT_SELECTED,ELIGIBLE_FOR_AFINO,ELIGIBLE_FOR_AFINO,,,BOTH_ELIGIBLE,0→0,0.0,0.0,0.0
DETREND_PDCSAP,P3_published_qpp_pdcsap_all,P3,PUBLISHED_QPP_REPRODUCED,WX2,P00,P04,F2V000535,F2V000539,SELECTED,SELECTED,ELIGIBLE_FOR_AFINO,ELIGIBLE_FOR_AFINO,,,BOTH_ELIGIBLE,1→1,-0.005883920779769625,-0.002417704090948547,-0.005883920779769625
DETREND_SAP,P3_published_qpp_pdcsap_all,P3,PUBLISHED_QPP_REPRODUCED,WX2,P01,P05,F2V000536,F2V000540,NOT_SELECTED,NOT_SELECTED,ELIGIBLE_FOR_AFINO,ELIGIBLE_FOR_AFINO,,,BOTH_ELIGIBLE,0→0,-0.01588864641479759,0.02828612622435145,-0.01588864641479759
FLUX_Q0,P3_published_qpp_pdcsap_all,P3,PUBLISHED_QPP_REPRODUCED,WX2,P02,P03,F2V000537,F2V000538,SELECTED,NOT_SELECTED,ELIGIBLE_FOR_AFINO,ELIGIBLE_FOR_AFINO,,,BOTH_ELIGIBLE,1→0,-9.751090076300907,-9.4589444187776,-9.751090076300907
FLUX_FINITE,P3_published_qpp_pdcsap_all,P3,PUBLISHED_QPP_REPRODUCED,WC2,P00,P01,F2V000541,F2V000542,NOT_SELECTED,NOT_SELECTED,ELIGIBLE_FOR_AFINO,ELIGIBLE_FOR_AFINO,,,BOTH_ELIGIBLE,0→0,-6.729867623271565,-6.6943819934844235,-6.729867623271565
QUALITY_PDCSAP,P3_published_qpp_pdcsap_all,P3,PUBLISHED_QPP_REPRODUCED,WC2,P00,P02,F2V000541,F2V000543,NOT_SELECTED,NOT_SELECTED,ELIGIBLE_FOR_AFINO,ELIGIBLE_FOR_AFINO,,,BOTH_ELIGIBLE,0→0,0.0,0.0,0.0
QUALITY_SAP,P3_published_qpp_pdcsap_all,P3,PUBLISHED_QPP_REPRODUCED,WC2,P01,P03,F2V000542,F2V000544,NOT_SELECTED,NOT_SELECTED,ELIGIBLE_FOR_AFINO,ELIGIBLE_FOR_AFINO,,,BOTH_ELIGIBLE,0→0,0.0,0.0,0.0
DETREND_PDCSAP,P3_published_qpp_pdcsap_all,P3,PUBLISHED_QPP_REPRODUCED,WC2,P00,P04,F2V000541,F2V000545,NOT_SELECTED,NOT_SELECTED,ELIGIBLE_FOR_AFINO,ELIGIBLE_FOR_AFINO,,,BOTH_ELIGIBLE,0→0,-0.12425965060548982,-0.13573469545721295,-0.12425965060548982
DETREND_SAP,P3_published_qpp_pdcsap_all,P3,PUBLISHED_QPP_REPRODUCED,WC2,P01,P05,F2V000542,F2V000546,NOT_SELECTED,NOT_SELECTED,ELIGIBLE_FOR_AFINO,ELIGIBLE_FOR_AFINO,,,BOTH_ELIGIBLE,0→0,0.7204767154530387,0.7151051453295647,0.7204767154530387
FLUX_Q0,P3_published_qpp_pdcsap_all,P3,PUBLISHED_QPP_REPRODUCED,WC2,P02,P03,F2V000543,F2V000544,NOT_SELECTED,NOT_SELECTED,ELIGIBLE_FOR_AFINO,ELIGIBLE_FOR_AFINO,,,BOTH_ELIGIBLE,0→0,-6.729867623271565,-6.6943819934844235,-6.729867623271565
FLUX_FINITE,P3_not_selected_qpp_pdcsap_all,P3,MATCHED_NOT_SELECTED,W00,P00,P01,F2V000547,F2V000548,NOT_SELECTED,NOT_SELECTED,ELIGIBLE_FOR_AFINO,ELIGIBLE_FOR_AFINO,,,BOTH_ELIGIBLE,0→0,-0.00957165014450112,-0.03514249867590635,-0.00957165014450112
QUALITY_PDCSAP,P3_not_selected_qpp_pdcsap_all,P3,MATCHED_NOT_SELECTED,W00,P00,P02,F2V000547,F2V000549,NOT_SELECTED,NOT_SELECTED,ELIGIBLE_FOR_AFINO,ELIGIBLE_FOR_AFINO,,,BOTH_ELIGIBLE,0→0,0.0,0.0,0.0
QUALITY_SAP,P3_not_selected_qpp_pdcsap_all,P3,MATCHED_NOT_SELECTED,W00,P01,P03,F2V000548,F2V000550,NOT_SELECTED,NOT_SELECTED,ELIGIBLE_FOR_AFINO,ELIGIBLE_FOR_AFINO,,,BOTH_ELIGIBLE,0→0,0.0,0.0,0.0
DETREND_PDCSAP,P3_not_selected_qpp_pdcsap_all,P3,MATCHED_NOT_SELECTED,W00,P00,P04,F2V000547,F2V000551,NOT_SELECTED,NOT_SELECTED,ELIGIBLE_FOR_AFINO,ELIGIBLE_FOR_AFINO,,,BOTH_ELIGIBLE,0→0,0.08556129581037197,0.030896284186759715,0.08556129581037197
DETREND_SAP,P3_not_selected_qpp_pdcsap_all,P3,MATCHED_NOT_SELECTED,W00,P01,P05,F2V000548,F2V000552,NOT_SELECTED,NOT_SELECTED,ELIGIBLE_FOR_AFINO,ELIGIBLE_FOR_AFINO,,,BOTH_ELIGIBLE,0→0,0.0869655254508892,0.03079641798165511,0.0869655254508892
FLUX_Q0,P3_not_selected_qpp_pdcsap_all,P3,MATCHED_NOT_SELECTED,W00,P02,P03,F2V000549,F2V000550,NOT_SELECTED,NOT_SELECTED,ELIGIBLE_FOR_AFINO,ELIGIBLE_FOR_AFINO,,,BOTH_ELIGIBLE,0→0,-0.00957165014450112,-0.03514249867590635,-0.00957165014450112
FLUX_FINITE,P3_not_selected_qpp_pdcsap_all,P3,MATCHED_NOT_SELECTED,WSm2,P00,P01,F2V000553,F2V000554,NOT_SELECTED,NOT_SELECTED,ELIGIBLE_FOR_AFINO,ELIGIBLE_FOR_AFINO,,,BOTH_ELIGIBLE,0→0,-0.0030724405707971414,0.025907843855097923,-0.0030724405707971414
QUALITY_PDCSAP,P3_not_selected_qpp_pdcsap_all,P3,MATCHED_NOT_SELECTED,WSm2,P00,P02,F2V000553,F2V000555,NOT_SELECTED,NOT_SELECTED,ELIGIBLE_FOR_AFINO,ELIGIBLE_FOR_AFINO,,,BOTH_ELIGIBLE,0→0,0.0,0.0,0.0
QUALITY_SAP,P3_not_selected_qpp_pdcsap_all,P3,MATCHED_NOT_SELECTED,WSm2,P01,P03,F2V000554,F2V000556,NOT_SELECTED,NOT_SELECTED,ELIGIBLE_FOR_AFINO,ELIGIBLE_FOR_AFINO,,,BOTH_ELIGIBLE,0→0,0.0,0.0,0.0
DETREND_PDCSAP,P3_not_selected_qpp_pdcsap_all,P3,MATCHED_NOT_SELECTED,WSm2,P00,P04,F2V000553,F2V000557,NOT_SELECTED,NOT_SELECTED,ELIGIBLE_FOR_AFINO,ELIGIBLE_FOR_AFINO,,,BOTH_ELIGIBLE,0→0,0.01709371455928732,-0.09486726090293018,0.01709371455928732
DETREND_SAP,P3_not_selected_qpp_pdcsap_all,P3,MATCHED_NOT_SELECTED,WSm2,P01,P05,F2V000554,F2V000558,NOT_SELECTED,NOT_SELECTED,ELIGIBLE_FOR_AFINO,ELIGIBLE_FOR_AFINO,,,BOTH_ELIGIBLE,0→0,0.04932406561352565,-0.11667843838251812,0.04932406561352565
FLUX_Q0,P3_not_selected_qpp_pdcsap_all,P3,MATCHED_NOT_SELECTED,WSm2,P02,P03,F2V000555,F2V000556,NOT_SELECTED,NOT_SELECTED,ELIGIBLE_FOR_AFINO,ELIGIBLE_FOR_AFINO,,,BOTH_ELIGIBLE,0→0,-0.0030724405707971414,0.025907843855097923,-0.0030724405707971414
FLUX_FINITE,P3_not_selected_qpp_pdcsap_all,P3,MATCHED_NOT_SELECTED,WSm1,P00,P01,F2V000559,F2V000560,NOT_SELECTED,NOT_SELECTED,ELIGIBLE_FOR_AFINO,ELIGIBLE_FOR_AFINO,,,BOTH_ELIGIBLE,0→0,-0.0801084899348048,-0.10383500161928438,-0.0801084899348048
QUALITY_PDCSAP,P3_not_selected_qpp_pdcsap_all,P3,MATCHED_NOT_SELECTED,WSm1,P00,P02,F2V000559,F2V000561,NOT_SELECTED,NOT_SELECTED,ELIGIBLE_FOR_AFINO,ELIGIBLE_FOR_AFINO,,,BOTH_ELIGIBLE,0→0,0.0,0.0,0.0
QUALITY_SAP,P3_not_selected_qpp_pdcsap_all,P3,MATCHED_NOT_SELECTED,WSm1,P01,P03,F2V000560,F2V000562,NOT_SELECTED,NOT_SELECTED,ELIGIBLE_FOR_AFINO,ELIGIBLE_FOR_AFINO,,,BOTH_ELIGIBLE,0→0,0.0,0.0,0.0
DETREND_PDCSAP,P3_not_selected_qpp_pdcsap_all,P3,MATCHED_NOT_SELECTED,WSm1,P00,P04,F2V000559,F2V000563,NOT_SELECTED,NOT_SELECTED,ELIGIBLE_FOR_AFINO,ELIGIBLE_FOR_AFINO,,,BOTH_ELIGIBLE,0→0,0.04558726752684805,-0.09973630115896626,0.04558726752684805
DETREND_SAP,P3_not_selected_qpp_pdcsap_all,P3,MATCHED_NOT_SELECTED,WSm1,P01,P05,F2V000560,F2V000564,NOT_SELECTED,NOT_SELECTED,ELIGIBLE_FOR_AFINO,ELIGIBLE_FOR_AFINO,,,BOTH_ELIGIBLE,0→0,0.043889905617891856,-0.11506853187663779,0.043889905617891856
FLUX_Q0,P3_not_selected_qpp_pdcsap_all,P3,MATCHED_NOT_SELECTED,WSm1,P02,P03,F2V000561,F2V000562,NOT_SELECTED,NOT_SELECTED,ELIGIBLE_FOR_AFINO,ELIGIBLE_FOR_AFINO,,,BOTH_ELIGIBLE,0→0,-0.0801084899348048,-0.10383500161928438,-0.0801084899348048
FLUX_FINITE,P3_not_selected_qpp_pdcsap_all,P3,MATCHED_NOT_SELECTED,WSp1,P00,P01,F2V000565,F2V000566,NOT_SELECTED,NOT_SELECTED,ELIGIBLE_FOR_AFINO,ELIGIBLE_FOR_AFINO,,,BOTH_ELIGIBLE,0→0,-0.027131502656160933,-0.14363166985862819,-0.027131502656160933
QUALITY_PDCSAP,P3_not_selected_qpp_pdcsap_all,P3,MATCHED_NOT_SELECTED,WSp1,P00,P02,F2V000565,F2V000567,NOT_SELECTED,NOT_SELECTED,ELIGIBLE_FOR_AFINO,ELIGIBLE_FOR_AFINO,,,BOTH_ELIGIBLE,0→0,0.0,0.0,0.0
QUALITY_SAP,P3_not_selected_qpp_pdcsap_all,P3,MATCHED_NOT_SELECTED,WSp1,P01,P03,F2V000566,F2V000568,NOT_SELECTED,NOT_SELECTED,ELIGIBLE_FOR_AFINO,ELIGIBLE_FOR_AFINO,,,BOTH_ELIGIBLE,0→0,0.0,0.0,0.0
DETREND_PDCSAP,P3_not_selected_qpp_pdcsap_all,P3,MATCHED_NOT_SELECTED,WSp1,P00,P04,F2V000565,F2V000569,NOT_SELECTED,NOT_SELECTED,ELIGIBLE_FOR_AFINO,ELIGIBLE_FOR_AFINO,,,BOTH_ELIGIBLE,0→0,0.053574844290501744,0.06549821445242188,0.053574844290501744
DETREND_SAP,P3_not_selected_qpp_pdcsap_all,P3,MATCHED_NOT_SELECTED,WSp1,P01,P05,F2V000566,F2V000570,NOT_SELECTED,NOT_SELECTED,ELIGIBLE_FOR_AFINO,ELIGIBLE_FOR_AFINO,,,BOTH_ELIGIBLE,0→0,0.03954108867267436,0.052613901200757596,0.03954108867267436
FLUX_Q0,P3_not_selected_qpp_pdcsap_all,P3,MATCHED_NOT_SELECTED,WSp1,P02,P03,F2V000567,F2V000568,NOT_SELECTED,NOT_SELECTED,ELIGIBLE_FOR_AFINO,ELIGIBLE_FOR_AFINO,,,BOTH_ELIGIBLE,0→0,-0.027131502656160933,-0.14363166985862819,-0.027131502656160933
FLUX_FINITE,P3_not_selected_qpp_pdcsap_all,P3,MATCHED_NOT_SELECTED,WSp2,P00,P01,F2V000571,F2V000572,INPUT_INADMISSIBLE,INPUT_INADMISSIBLE,TOO_FEW_CADENCES,TOO_FEW_CADENCES,14 retained cadences; minimum is 15.,14 retained cadences; minimum is 15.,BOTH_INADMISSIBLE,,,,
QUALITY_PDCSAP,P3_not_selected_qpp_pdcsap_all,P3,MATCHED_NOT_SELECTED,WSp2,P00,P02,F2V000571,F2V000573,INPUT_INADMISSIBLE,INPUT_INADMISSIBLE,TOO_FEW_CADENCES,TOO_FEW_CADENCES,14 retained cadences; minimum is 15.,14 retained cadences; minimum is 15.,BOTH_INADMISSIBLE,,,,
QUALITY_SAP,P3_not_selected_qpp_pdcsap_all,P3,MATCHED_NOT_SELECTED,WSp2,P01,P03,F2V000572,F2V000574,INPUT_INADMISSIBLE,INPUT_INADMISSIBLE,TOO_FEW_CADENCES,TOO_FEW_CADENCES,14 retained cadences; minimum is 15.,14 retained cadences; minimum is 15.,BOTH_INADMISSIBLE,,,,
DETREND_PDCSAP,P3_not_selected_qpp_pdcsap_all,P3,MATCHED_NOT_SELECTED,WSp2,P00,P04,F2V000571,F2V000575,INPUT_INADMISSIBLE,INPUT_INADMISSIBLE,TOO_FEW_CADENCES,TOO_FEW_CADENCES,14 retained cadences; minimum is 15.,14 retained cadences; minimum is 15.,BOTH_INADMISSIBLE,,,,
DETREND_SAP,P3_not_selected_qpp_pdcsap_all,P3,MATCHED_NOT_SELECTED,WSp2,P01,P05,F2V000572,F2V000576,INPUT_INADMISSIBLE,INPUT_INADMISSIBLE,TOO_FEW_CADENCES,TOO_FEW_CADENCES,14 retained cadences; minimum is 15.,14 retained cadences; minimum is 15.,BOTH_INADMISSIBLE,,,,
FLUX_Q0,P3_not_selected_qpp_pdcsap_all,P3,MATCHED_NOT_SELECTED,WSp2,P02,P03,F2V000573,F2V000574,INPUT_INADMISSIBLE,INPUT_INADMISSIBLE,TOO_FEW_CADENCES,TOO_FEW_CADENCES,14 retained cadences; minimum is 15.,14 retained cadences; minimum is 15.,BOTH_INADMISSIBLE,,,,
FLUX_FINITE,P3_not_selected_qpp_pdcsap_all,P3,MATCHED_NOT_SELECTED,WEm2,P00,P01,F2V000577,F2V000578,INPUT_INADMISSIBLE,INPUT_INADMISSIBLE,TOO_FEW_CADENCES,TOO_FEW_CADENCES,14 retained cadences; minimum is 15.,14 retained cadences; minimum is 15.,BOTH_INADMISSIBLE,,,,
QUALITY_PDCSAP,P3_not_selected_qpp_pdcsap_all,P3,MATCHED_NOT_SELECTED,WEm2,P00,P02,F2V000577,F2V000579,INPUT_INADMISSIBLE,INPUT_INADMISSIBLE,TOO_FEW_CADENCES,TOO_FEW_CADENCES,14 retained cadences; minimum is 15.,14 retained cadences; minimum is 15.,BOTH_INADMISSIBLE,,,,
QUALITY_SAP,P3_not_selected_qpp_pdcsap_all,P3,MATCHED_NOT_SELECTED,WEm2,P01,P03,F2V000578,F2V000580,INPUT_INADMISSIBLE,INPUT_INADMISSIBLE,TOO_FEW_CADENCES,TOO_FEW_CADENCES,14 retained cadences; minimum is 15.,14 retained cadences; minimum is 15.,BOTH_INADMISSIBLE,,,,
DETREND_PDCSAP,P3_not_selected_qpp_pdcsap_all,P3,MATCHED_NOT_SELECTED,WEm2,P00,P04,F2V000577,F2V000581,INPUT_INADMISSIBLE,INPUT_INADMISSIBLE,TOO_FEW_CADENCES,TOO_FEW_CADENCES,14 retained cadences; minimum is 15.,14 retained cadences; minimum is 15.,BOTH_INADMISSIBLE,,,,
DETREND_SAP,P3_not_selected_qpp_pdcsap_all,P3,MATCHED_NOT_SELECTED,WEm2,P01,P05,F2V000578,F2V000582,INPUT_INADMISSIBLE,INPUT_INADMISSIBLE,TOO_FEW_CADENCES,TOO_FEW_CADENCES,14 retained cadences; minimum is 15.,14 retained cadences; minimum is 15.,BOTH_INADMISSIBLE,,,,
FLUX_Q0,P3_not_selected_qpp_pdcsap_all,P3,MATCHED_NOT_SELECTED,WEm2,P02,P03,F2V000579,F2V000580,INPUT_INADMISSIBLE,INPUT_INADMISSIBLE,TOO_FEW_CADENCES,TOO_FEW_CADENCES,14 retained cadences; minimum is 15.,14 retained cadences; minimum is 15.,BOTH_INADMISSIBLE,,,,
FLUX_FINITE,P3_not_selected_qpp_pdcsap_all,P3,MATCHED_NOT_SELECTED,WEm1,P00,P01,F2V000583,F2V000584,NOT_SELECTED,NOT_SELECTED,ELIGIBLE_FOR_AFINO,ELIGIBLE_FOR_AFINO,,,BOTH_ELIGIBLE,0→0,-0.14850074175767602,-0.14633381322538241,-0.14850074175767602
QUALITY_PDCSAP,P3_not_selected_qpp_pdcsap_all,P3,MATCHED_NOT_SELECTED,WEm1,P00,P02,F2V000583,F2V000585,NOT_SELECTED,NOT_SELECTED,ELIGIBLE_FOR_AFINO,ELIGIBLE_FOR_AFINO,,,BOTH_ELIGIBLE,0→0,0.0,0.0,0.0
QUALITY_SAP,P3_not_selected_qpp_pdcsap_all,P3,MATCHED_NOT_SELECTED,WEm1,P01,P03,F2V000584,F2V000586,NOT_SELECTED,NOT_SELECTED,ELIGIBLE_FOR_AFINO,ELIGIBLE_FOR_AFINO,,,BOTH_ELIGIBLE,0→0,0.0,0.0,0.0
DETREND_PDCSAP,P3_not_selected_qpp_pdcsap_all,P3,MATCHED_NOT_SELECTED,WEm1,P00,P04,F2V000583,F2V000587,NOT_SELECTED,NOT_SELECTED,ELIGIBLE_FOR_AFINO,ELIGIBLE_FOR_AFINO,,,BOTH_ELIGIBLE,0→0,0.0995126276093714,0.14133929398245115,0.0995126276093714
DETREND_SAP,P3_not_selected_qpp_pdcsap_all,P3,MATCHED_NOT_SELECTED,WEm1,P01,P05,F2V000584,F2V000588,NOT_SELECTED,NOT_SELECTED,ELIGIBLE_FOR_AFINO,ELIGIBLE_FOR_AFINO,,,BOTH_ELIGIBLE,0→0,0.09496832246092168,0.021155907484533998,0.09496832246092168
FLUX_Q0,P3_not_selected_qpp_pdcsap_all,P3,MATCHED_NOT_SELECTED,WEm1,P02,P03,F2V000585,F2V000586,NOT_SELECTED,NOT_SELECTED,ELIGIBLE_FOR_AFINO,ELIGIBLE_FOR_AFINO,,,BOTH_ELIGIBLE,0→0,-0.14850074175767602,-0.14633381322538241,-0.14850074175767602
FLUX_FINITE,P3_not_selected_qpp_pdcsap_all,P3,MATCHED_NOT_SELECTED,WEp1,P00,P01,F2V000589,F2V000590,NOT_SELECTED,NOT_SELECTED,ELIGIBLE_FOR_AFINO,ELIGIBLE_FOR_AFINO,,,BOTH_ELIGIBLE,0→0,-0.062481618264843775,0.06988231269984269,-0.062481618264843775
QUALITY_PDCSAP,P3_not_selected_qpp_pdcsap_all,P3,MATCHED_NOT_SELECTED,WEp1,P00,P02,F2V000589,F2V000591,NOT_SELECTED,NOT_SELECTED,ELIGIBLE_FOR_AFINO,ELIGIBLE_FOR_AFINO,,,BOTH_ELIGIBLE,0→0,0.0,0.0,0.0
QUALITY_SAP,P3_not_selected_qpp_pdcsap_all,P3,MATCHED_NOT_SELECTED,WEp1,P01,P03,F2V000590,F2V000592,NOT_SELECTED,NOT_SELECTED,ELIGIBLE_FOR_AFINO,ELIGIBLE_FOR_AFINO,,,BOTH_ELIGIBLE,0→0,0.0,0.0,0.0
DETREND_PDCSAP,P3_not_selected_qpp_pdcsap_all,P3,MATCHED_NOT_SELECTED,WEp1,P00,P04,F2V000589,F2V000593,NOT_SELECTED,NOT_SELECTED,ELIGIBLE_FOR_AFINO,ELIGIBLE_FOR_AFINO,,,BOTH_ELIGIBLE,0→0,0.042145330278007265,0.17076648358323254,0.042145330278007265
DETREND_SAP,P3_not_selected_qpp_pdcsap_all,P3,MATCHED_NOT_SELECTED,WEp1,P01,P05,F2V000590,F2V000594,NOT_SELECTED,NOT_SELECTED,ELIGIBLE_FOR_AFINO,ELIGIBLE_FOR_AFINO,,,BOTH_ELIGIBLE,0→0,0.04482022382509854,-0.15885994205231313,0.04482022382509854
FLUX_Q0,P3_not_selected_qpp_pdcsap_all,P3,MATCHED_NOT_SELECTED,WEp1,P02,P03,F2V000591,F2V000592,NOT_SELECTED,NOT_SELECTED,ELIGIBLE_FOR_AFINO,ELIGIBLE_FOR_AFINO,,,BOTH_ELIGIBLE,0→0,-0.062481618264843775,0.06988231269984269,-0.062481618264843775
FLUX_FINITE,P3_not_selected_qpp_pdcsap_all,P3,MATCHED_NOT_SELECTED,WEp2,P00,P01,F2V000595,F2V000596,NOT_SELECTED,NOT_SELECTED,ELIGIBLE_FOR_AFINO,ELIGIBLE_FOR_AFINO,,,BOTH_ELIGIBLE,0→0,-0.07370614752989368,0.23410887795186142,-0.07370614752989368
QUALITY_PDCSAP,P3_not_selected_qpp_pdcsap_all,P3,MATCHED_NOT_SELECTED,WEp2,P00,P02,F2V000595,F2V000597,NOT_SELECTED,NOT_SELECTED,ELIGIBLE_FOR_AFINO,ELIGIBLE_FOR_AFINO,,,BOTH_ELIGIBLE,0→0,0.0,0.0,0.0
QUALITY_SAP,P3_not_selected_qpp_pdcsap_all,P3,MATCHED_NOT_SELECTED,WEp2,P01,P03,F2V000596,F2V000598,NOT_SELECTED,NOT_SELECTED,ELIGIBLE_FOR_AFINO,ELIGIBLE_FOR_AFINO,,,BOTH_ELIGIBLE,0→0,0.0,0.0,0.0
DETREND_PDCSAP,P3_not_selected_qpp_pdcsap_all,P3,MATCHED_NOT_SELECTED,WEp2,P00,P04,F2V000595,F2V000599,NOT_SELECTED,NOT_SELECTED,ELIGIBLE_FOR_AFINO,ELIGIBLE_FOR_AFINO,,,BOTH_ELIGIBLE,0→0,0.019149095620161205,0.37385299571957376,0.019149095620161205
DETREND_SAP,P3_not_selected_qpp_pdcsap_all,P3,MATCHED_NOT_SELECTED,WEp2,P01,P05,F2V000596,F2V000600,NOT_SELECTED,NOT_SELECTED,ELIGIBLE_FOR_AFINO,ELIGIBLE_FOR_AFINO,,,BOTH_ELIGIBLE,0→0,0.019013308901982384,-0.003681696241741861,0.019013308901982384
FLUX_Q0,P3_not_selected_qpp_pdcsap_all,P3,MATCHED_NOT_SELECTED,WEp2,P02,P03,F2V000597,F2V000598,NOT_SELECTED,NOT_SELECTED,ELIGIBLE_FOR_AFINO,ELIGIBLE_FOR_AFINO,,,BOTH_ELIGIBLE,0→0,-0.07370614752989368,0.23410887795186142,-0.07370614752989368
FLUX_FINITE,P3_not_selected_qpp_pdcsap_all,P3,MATCHED_NOT_SELECTED,WX1,P00,P01,F2V000601,F2V000602,NOT_SELECTED,NOT_SELECTED,ELIGIBLE_FOR_AFINO,ELIGIBLE_FOR_AFINO,,,BOTH_ELIGIBLE,0→0,-0.16898452993946833,-0.16241129596754078,-0.16898452993946833
QUALITY_PDCSAP,P3_not_selected_qpp_pdcsap_all,P3,MATCHED_NOT_SELECTED,WX1,P00,P02,F2V000601,F2V000603,NOT_SELECTED,NOT_SELECTED,ELIGIBLE_FOR_AFINO,ELIGIBLE_FOR_AFINO,,,BOTH_ELIGIBLE,0→0,0.0,0.0,0.0
QUALITY_SAP,P3_not_selected_qpp_pdcsap_all,P3,MATCHED_NOT_SELECTED,WX1,P01,P03,F2V000602,F2V000604,NOT_SELECTED,NOT_SELECTED,ELIGIBLE_FOR_AFINO,ELIGIBLE_FOR_AFINO,,,BOTH_ELIGIBLE,0→0,0.0,0.0,0.0
DETREND_PDCSAP,P3_not_selected_qpp_pdcsap_all,P3,MATCHED_NOT_SELECTED,WX1,P00,P04,F2V000601,F2V000605,NOT_SELECTED,NOT_SELECTED,ELIGIBLE_FOR_AFINO,ELIGIBLE_FOR_AFINO,,,BOTH_ELIGIBLE,0→0,-0.022581439106801326,-0.06934742051551979,-0.022581439106801326
DETREND_SAP,P3_not_selected_qpp_pdcsap_all,P3,MATCHED_NOT_SELECTED,WX1,P01,P05,F2V000602,F2V000606,NOT_SELECTED,NOT_SELECTED,ELIGIBLE_FOR_AFINO,ELIGIBLE_FOR_AFINO,,,BOTH_ELIGIBLE,0→0,0.04563109820314537,-0.3516822774152306,0.04563109820314537
FLUX_Q0,P3_not_selected_qpp_pdcsap_all,P3,MATCHED_NOT_SELECTED,WX1,P02,P03,F2V000603,F2V000604,NOT_SELECTED,NOT_SELECTED,ELIGIBLE_FOR_AFINO,ELIGIBLE_FOR_AFINO,,,BOTH_ELIGIBLE,0→0,-0.16898452993946833,-0.16241129596754078,-0.16898452993946833
FLUX_FINITE,P3_not_selected_qpp_pdcsap_all,P3,MATCHED_NOT_SELECTED,WC1,P00,P01,F2V000607,F2V000608,INPUT_INADMISSIBLE,INPUT_INADMISSIBLE,TOO_FEW_CADENCES,TOO_FEW_CADENCES,14 retained cadences; minimum is 15.,14 retained cadences; minimum is 15.,BOTH_INADMISSIBLE,,,,
QUALITY_PDCSAP,P3_not_selected_qpp_pdcsap_all,P3,MATCHED_NOT_SELECTED,WC1,P00,P02,F2V000607,F2V000609,INPUT_INADMISSIBLE,INPUT_INADMISSIBLE,TOO_FEW_CADENCES,TOO_FEW_CADENCES,14 retained cadences; minimum is 15.,14 retained cadences; minimum is 15.,BOTH_INADMISSIBLE,,,,
QUALITY_SAP,P3_not_selected_qpp_pdcsap_all,P3,MATCHED_NOT_SELECTED,WC1,P01,P03,F2V000608,F2V000610,INPUT_INADMISSIBLE,INPUT_INADMISSIBLE,TOO_FEW_CADENCES,TOO_FEW_CADENCES,14 retained cadences; minimum is 15.,14 retained cadences; minimum is 15.,BOTH_INADMISSIBLE,,,,
DETREND_PDCSAP,P3_not_selected_qpp_pdcsap_all,P3,MATCHED_NOT_SELECTED,WC1,P00,P04,F2V000607,F2V000611,INPUT_INADMISSIBLE,INPUT_INADMISSIBLE,TOO_FEW_CADENCES,TOO_FEW_CADENCES,14 retained cadences; minimum is 15.,14 retained cadences; minimum is 15.,BOTH_INADMISSIBLE,,,,
DETREND_SAP,P3_not_selected_qpp_pdcsap_all,P3,MATCHED_NOT_SELECTED,WC1,P01,P05,F2V000608,F2V000612,INPUT_INADMISSIBLE,INPUT_INADMISSIBLE,TOO_FEW_CADENCES,TOO_FEW_CADENCES,14 retained cadences; minimum is 15.,14 retained cadences; minimum is 15.,BOTH_INADMISSIBLE,,,,
FLUX_Q0,P3_not_selected_qpp_pdcsap_all,P3,MATCHED_NOT_SELECTED,WC1,P02,P03,F2V000609,F2V000610,INPUT_INADMISSIBLE,INPUT_INADMISSIBLE,TOO_FEW_CADENCES,TOO_FEW_CADENCES,14 retained cadences; minimum is 15.,14 retained cadences; minimum is 15.,BOTH_INADMISSIBLE,,,,
FLUX_FINITE,P3_not_selected_qpp_pdcsap_all,P3,MATCHED_NOT_SELECTED,WX2,P00,P01,F2V000613,F2V000614,NOT_SELECTED,NOT_SELECTED,ELIGIBLE_FOR_AFINO,ELIGIBLE_FOR_AFINO,,,BOTH_ELIGIBLE,0→0,-0.09567419141342626,-0.13171018982430738,-0.09567419141342626
QUALITY_PDCSAP,P3_not_selected_qpp_pdcsap_all,P3,MATCHED_NOT_SELECTED,WX2,P00,P02,F2V000613,F2V000615,NOT_SELECTED,NOT_SELECTED,ELIGIBLE_FOR_AFINO,ELIGIBLE_FOR_AFINO,,,BOTH_ELIGIBLE,0→0,0.0,0.0,0.0
QUALITY_SAP,P3_not_selected_qpp_pdcsap_all,P3,MATCHED_NOT_SELECTED,WX2,P01,P03,F2V000614,F2V000616,NOT_SELECTED,NOT_SELECTED,ELIGIBLE_FOR_AFINO,ELIGIBLE_FOR_AFINO,,,BOTH_ELIGIBLE,0→0,0.0,0.0,0.0
DETREND_PDCSAP,P3_not_selected_qpp_pdcsap_all,P3,MATCHED_NOT_SELECTED,WX2,P00,P04,F2V000613,F2V000617,NOT_SELECTED,NOT_SELECTED,ELIGIBLE_FOR_AFINO,ELIGIBLE_FOR_AFINO,,,BOTH_ELIGIBLE,0→0,0.024285814435835107,-0.07812145691398698,0.024285814435835107
DETREND_SAP,P3_not_selected_qpp_pdcsap_all,P3,MATCHED_NOT_SELECTED,WX2,P01,P05,F2V000614,F2V000618,NOT_SELECTED,NOT_SELECTED,ELIGIBLE_FOR_AFINO,ELIGIBLE_FOR_AFINO,,,BOTH_ELIGIBLE,0→0,0.045995893093312645,-0.05707933669260967,0.045995893093312645
FLUX_Q0,P3_not_selected_qpp_pdcsap_all,P3,MATCHED_NOT_SELECTED,WX2,P02,P03,F2V000615,F2V000616,NOT_SELECTED,NOT_SELECTED,ELIGIBLE_FOR_AFINO,ELIGIBLE_FOR_AFINO,,,BOTH_ELIGIBLE,0→0,-0.09567419141342626,-0.13171018982430738,-0.09567419141342626
FLUX_FINITE,P3_not_selected_qpp_pdcsap_all,P3,MATCHED_NOT_SELECTED,WC2,P00,P01,F2V000619,F2V000620,INPUT_INADMISSIBLE,INPUT_INADMISSIBLE,TOO_FEW_CADENCES,TOO_FEW_CADENCES,12 retained cadences; minimum is 15.,12 retained cadences; minimum is 15.,BOTH_INADMISSIBLE,,,,
QUALITY_PDCSAP,P3_not_selected_qpp_pdcsap_all,P3,MATCHED_NOT_SELECTED,WC2,P00,P02,F2V000619,F2V000621,INPUT_INADMISSIBLE,INPUT_INADMISSIBLE,TOO_FEW_CADENCES,TOO_FEW_CADENCES,12 retained cadences; minimum is 15.,12 retained cadences; minimum is 15.,BOTH_INADMISSIBLE,,,,
QUALITY_SAP,P3_not_selected_qpp_pdcsap_all,P3,MATCHED_NOT_SELECTED,WC2,P01,P03,F2V000620,F2V000622,INPUT_INADMISSIBLE,INPUT_INADMISSIBLE,TOO_FEW_CADENCES,TOO_FEW_CADENCES,12 retained cadences; minimum is 15.,12 retained cadences; minimum is 15.,BOTH_INADMISSIBLE,,,,
DETREND_PDCSAP,P3_not_selected_qpp_pdcsap_all,P3,MATCHED_NOT_SELECTED,WC2,P00,P04,F2V000619,F2V000623,INPUT_INADMISSIBLE,INPUT_INADMISSIBLE,TOO_FEW_CADENCES,TOO_FEW_CADENCES,12 retained cadences; minimum is 15.,12 retained cadences; minimum is 15.,BOTH_INADMISSIBLE,,,,
DETREND_SAP,P3_not_selected_qpp_pdcsap_all,P3,MATCHED_NOT_SELECTED,WC2,P01,P05,F2V000620,F2V000624,INPUT_INADMISSIBLE,INPUT_INADMISSIBLE,TOO_FEW_CADENCES,TOO_FEW_CADENCES,12 retained cadences; minimum is 15.,12 retained cadences; minimum is 15.,BOTH_INADMISSIBLE,,,,
FLUX_Q0,P3_not_selected_qpp_pdcsap_all,P3,MATCHED_NOT_SELECTED,WC2,P02,P03,F2V000621,F2V000622,INPUT_INADMISSIBLE,INPUT_INADMISSIBLE,TOO_FEW_CADENCES,TOO_FEW_CADENCES,12 retained cadences; minimum is 15.,12 retained cadences; minimum is 15.,BOTH_INADMISSIBLE,,,,
FLUX_FINITE,P4_published_qpp_pdcsap_all,P4,PUBLISHED_QPP_REPRODUCED,W00,P00,P01,F2V000625,F2V000626,SELECTED,NOT_SELECTED,ELIGIBLE_FOR_AFINO,ELIGIBLE_FOR_AFINO,,,BOTH_ELIGIBLE,1→0,-10.98438832347638,-12.670641993651358,-10.98438832347638
QUALITY_PDCSAP,P4_published_qpp_pdcsap_all,P4,PUBLISHED_QPP_REPRODUCED,W00,P00,P02,F2V000625,F2V000627,SELECTED,INPUT_INADMISSIBLE,ELIGIBLE_FOR_AFINO,IRREGULAR_SAMPLING,,retained_indices_not_consecutive|interval_deviation_gt_0.001_s,VARIANT_INADMISSIBLE,,,,
QUALITY_SAP,P4_published_qpp_pdcsap_all,P4,PUBLISHED_QPP_REPRODUCED,W00,P01,P03,F2V000626,F2V000628,NOT_SELECTED,INPUT_INADMISSIBLE,ELIGIBLE_FOR_AFINO,IRREGULAR_SAMPLING,,retained_indices_not_consecutive|interval_deviation_gt_0.001_s,VARIANT_INADMISSIBLE,,,,
DETREND_PDCSAP,P4_published_qpp_pdcsap_all,P4,PUBLISHED_QPP_REPRODUCED,W00,P00,P04,F2V000625,F2V000629,SELECTED,SELECTED,ELIGIBLE_FOR_AFINO,ELIGIBLE_FOR_AFINO,,,BOTH_ELIGIBLE,1→1,-0.000982583005225024,-0.0011626697038593647,-0.000982583005225024
DETREND_SAP,P4_published_qpp_pdcsap_all,P4,PUBLISHED_QPP_REPRODUCED,W00,P01,P05,F2V000626,F2V000630,NOT_SELECTED,NOT_SELECTED,ELIGIBLE_FOR_AFINO,ELIGIBLE_FOR_AFINO,,,BOTH_ELIGIBLE,0→0,0.0014040410324724917,0.004047709052443338,0.0014040410324724917
FLUX_Q0,P4_published_qpp_pdcsap_all,P4,PUBLISHED_QPP_REPRODUCED,W00,P02,P03,F2V000627,F2V000628,INPUT_INADMISSIBLE,INPUT_INADMISSIBLE,IRREGULAR_SAMPLING,IRREGULAR_SAMPLING,retained_indices_not_consecutive|interval_deviation_gt_0.001_s,retained_indices_not_consecutive|interval_deviation_gt_0.001_s,BOTH_INADMISSIBLE,,,,
FLUX_FINITE,P4_published_qpp_pdcsap_all,P4,PUBLISHED_QPP_REPRODUCED,WSm2,P00,P01,F2V000631,F2V000632,SELECTED,NOT_SELECTED,ELIGIBLE_FOR_AFINO,ELIGIBLE_FOR_AFINO,,,BOTH_ELIGIBLE,1→0,-10.577038593604883,-10.51159272550619,-10.577038593604883
QUALITY_PDCSAP,P4_published_qpp_pdcsap_all,P4,PUBLISHED_QPP_REPRODUCED,WSm2,P00,P02,F2V000631,F2V000633,SELECTED,INPUT_INADMISSIBLE,ELIGIBLE_FOR_AFINO,IRREGULAR_SAMPLING,,retained_indices_not_consecutive|interval_deviation_gt_0.001_s,VARIANT_INADMISSIBLE,,,,
QUALITY_SAP,P4_published_qpp_pdcsap_all,P4,PUBLISHED_QPP_REPRODUCED,WSm2,P01,P03,F2V000632,F2V000634,NOT_SELECTED,INPUT_INADMISSIBLE,ELIGIBLE_FOR_AFINO,IRREGULAR_SAMPLING,,retained_indices_not_consecutive|interval_deviation_gt_0.001_s,VARIANT_INADMISSIBLE,,,,
DETREND_PDCSAP,P4_published_qpp_pdcsap_all,P4,PUBLISHED_QPP_REPRODUCED,WSm2,P00,P04,F2V000631,F2V000635,SELECTED,SELECTED,ELIGIBLE_FOR_AFINO,ELIGIBLE_FOR_AFINO,,,BOTH_ELIGIBLE,1→1,0.028654938452177703,0.07539600868049945,0.028654938452177703
DETREND_SAP,P4_published_qpp_pdcsap_all,P4,PUBLISHED_QPP_REPRODUCED,WSm2,P01,P05,F2V000632,F2V000636,NOT_SELECTED,NOT_SELECTED,ELIGIBLE_FOR_AFINO,ELIGIBLE_FOR_AFINO,,,BOTH_ELIGIBLE,0→0,0.02143573775548191,0.05730802375509825,0.02143573775548191
FLUX_Q0,P4_published_qpp_pdcsap_all,P4,PUBLISHED_QPP_REPRODUCED,WSm2,P02,P03,F2V000633,F2V000634,INPUT_INADMISSIBLE,INPUT_INADMISSIBLE,IRREGULAR_SAMPLING,IRREGULAR_SAMPLING,retained_indices_not_consecutive|interval_deviation_gt_0.001_s,retained_indices_not_consecutive|interval_deviation_gt_0.001_s,BOTH_INADMISSIBLE,,,,
FLUX_FINITE,P4_published_qpp_pdcsap_all,P4,PUBLISHED_QPP_REPRODUCED,WSm1,P00,P01,F2V000637,F2V000638,SELECTED,NOT_SELECTED,ELIGIBLE_FOR_AFINO,ELIGIBLE_FOR_AFINO,,,BOTH_ELIGIBLE,1→0,-9.950557559627427,-9.907039920686202,-9.950557559627427
QUALITY_PDCSAP,P4_published_qpp_pdcsap_all,P4,PUBLISHED_QPP_REPRODUCED,WSm1,P00,P02,F2V000637,F2V000639,SELECTED,INPUT_INADMISSIBLE,ELIGIBLE_FOR_AFINO,IRREGULAR_SAMPLING,,retained_indices_not_consecutive|interval_deviation_gt_0.001_s,VARIANT_INADMISSIBLE,,,,
QUALITY_SAP,P4_published_qpp_pdcsap_all,P4,PUBLISHED_QPP_REPRODUCED,WSm1,P01,P03,F2V000638,F2V000640,NOT_SELECTED,INPUT_INADMISSIBLE,ELIGIBLE_FOR_AFINO,IRREGULAR_SAMPLING,,retained_indices_not_consecutive|interval_deviation_gt_0.001_s,VARIANT_INADMISSIBLE,,,,
DETREND_PDCSAP,P4_published_qpp_pdcsap_all,P4,PUBLISHED_QPP_REPRODUCED,WSm1,P00,P04,F2V000637,F2V000641,SELECTED,SELECTED,ELIGIBLE_FOR_AFINO,ELIGIBLE_FOR_AFINO,,,BOTH_ELIGIBLE,1→1,0.009915527802164092,0.03328272700034063,0.009915527802164092
DETREND_SAP,P4_published_qpp_pdcsap_all,P4,PUBLISHED_QPP_REPRODUCED,WSm1,P01,P05,F2V000638,F2V000642,NOT_SELECTED,NOT_SELECTED,ELIGIBLE_FOR_AFINO,ELIGIBLE_FOR_AFINO,,,BOTH_ELIGIBLE,0→0,0.007733042063833295,0.030899956942235463,0.007733042063833295
FLUX_Q0,P4_published_qpp_pdcsap_all,P4,PUBLISHED_QPP_REPRODUCED,WSm1,P02,P03,F2V000639,F2V000640,INPUT_INADMISSIBLE,INPUT_INADMISSIBLE,IRREGULAR_SAMPLING,IRREGULAR_SAMPLING,retained_indices_not_consecutive|interval_deviation_gt_0.001_s,retained_indices_not_consecutive|interval_deviation_gt_0.001_s,BOTH_INADMISSIBLE,,,,
FLUX_FINITE,P4_published_qpp_pdcsap_all,P4,PUBLISHED_QPP_REPRODUCED,WSp1,P00,P01,F2V000643,F2V000644,SELECTED,NOT_SELECTED,ELIGIBLE_FOR_AFINO,ELIGIBLE_FOR_AFINO,,,BOTH_ELIGIBLE,1→0,-9.741917776491832,-9.76246816245444,-9.741917776491832
QUALITY_PDCSAP,P4_published_qpp_pdcsap_all,P4,PUBLISHED_QPP_REPRODUCED,WSp1,P00,P02,F2V000643,F2V000645,SELECTED,INPUT_INADMISSIBLE,ELIGIBLE_FOR_AFINO,IRREGULAR_SAMPLING,,retained_indices_not_consecutive|interval_deviation_gt_0.001_s,VARIANT_INADMISSIBLE,,,,
QUALITY_SAP,P4_published_qpp_pdcsap_all,P4,PUBLISHED_QPP_REPRODUCED,WSp1,P01,P03,F2V000644,F2V000646,NOT_SELECTED,INPUT_INADMISSIBLE,ELIGIBLE_FOR_AFINO,IRREGULAR_SAMPLING,,retained_indices_not_consecutive|interval_deviation_gt_0.001_s,VARIANT_INADMISSIBLE,,,,
DETREND_PDCSAP,P4_published_qpp_pdcsap_all,P4,PUBLISHED_QPP_REPRODUCED,WSp1,P00,P04,F2V000643,F2V000647,SELECTED,SELECTED,ELIGIBLE_FOR_AFINO,ELIGIBLE_FOR_AFINO,,,BOTH_ELIGIBLE,1→1,-0.031055771843654156,-0.05092504501129724,-0.031055771843654156
DETREND_SAP,P4_published_qpp_pdcsap_all,P4,PUBLISHED_QPP_REPRODUCED,WSp1,P01,P05,F2V000644,F2V000648,NOT_SELECTED,NOT_SELECTED,ELIGIBLE_FOR_AFINO,ELIGIBLE_FOR_AFINO,,,BOTH_ELIGIBLE,0→0,-0.018221872942987716,-0.03681939346188301,-0.018221872942987716
FLUX_Q0,P4_published_qpp_pdcsap_all,P4,PUBLISHED_QPP_REPRODUCED,WSp1,P02,P03,F2V000645,F2V000646,INPUT_INADMISSIBLE,INPUT_INADMISSIBLE,IRREGULAR_SAMPLING,IRREGULAR_SAMPLING,retained_indices_not_consecutive|interval_deviation_gt_0.001_s,retained_indices_not_consecutive|interval_deviation_gt_0.001_s,BOTH_INADMISSIBLE,,,,
FLUX_FINITE,P4_published_qpp_pdcsap_all,P4,PUBLISHED_QPP_REPRODUCED,WSp2,P00,P01,F2V000649,F2V000650,SELECTED,NOT_SELECTED,ELIGIBLE_FOR_AFINO,ELIGIBLE_FOR_AFINO,,,BOTH_ELIGIBLE,1→0,-10.410314787054688,-10.464123548972822,-10.410314787054688
QUALITY_PDCSAP,P4_published_qpp_pdcsap_all,P4,PUBLISHED_QPP_REPRODUCED,WSp2,P00,P02,F2V000649,F2V000651,SELECTED,INPUT_INADMISSIBLE,ELIGIBLE_FOR_AFINO,IRREGULAR_SAMPLING,,retained_indices_not_consecutive|interval_deviation_gt_0.001_s,VARIANT_INADMISSIBLE,,,,
QUALITY_SAP,P4_published_qpp_pdcsap_all,P4,PUBLISHED_QPP_REPRODUCED,WSp2,P01,P03,F2V000650,F2V000652,NOT_SELECTED,INPUT_INADMISSIBLE,ELIGIBLE_FOR_AFINO,IRREGULAR_SAMPLING,,retained_indices_not_consecutive|interval_deviation_gt_0.001_s,VARIANT_INADMISSIBLE,,,,
DETREND_PDCSAP,P4_published_qpp_pdcsap_all,P4,PUBLISHED_QPP_REPRODUCED,WSp2,P00,P04,F2V000649,F2V000653,SELECTED,SELECTED,ELIGIBLE_FOR_AFINO,ELIGIBLE_FOR_AFINO,,,BOTH_ELIGIBLE,1→1,-0.08345136089596394,-0.11035353160274042,-0.08345136089596394
DETREND_SAP,P4_published_qpp_pdcsap_all,P4,PUBLISHED_QPP_REPRODUCED,WSp2,P01,P05,F2V000650,F2V000654,NOT_SELECTED,NOT_SELECTED,ELIGIBLE_FOR_AFINO,ELIGIBLE_FOR_AFINO,,,BOTH_ELIGIBLE,0→0,-0.053906075247141416,-0.08719608464849671,-0.053906075247141416
FLUX_Q0,P4_published_qpp_pdcsap_all,P4,PUBLISHED_QPP_REPRODUCED,WSp2,P02,P03,F2V000651,F2V000652,INPUT_INADMISSIBLE,INPUT_INADMISSIBLE,IRREGULAR_SAMPLING,IRREGULAR_SAMPLING,retained_indices_not_consecutive|interval_deviation_gt_0.001_s,retained_indices_not_consecutive|interval_deviation_gt_0.001_s,BOTH_INADMISSIBLE,,,,
FLUX_FINITE,P4_published_qpp_pdcsap_all,P4,PUBLISHED_QPP_REPRODUCED,WEm2,P00,P01,F2V000655,F2V000656,SELECTED,NOT_SELECTED,ELIGIBLE_FOR_AFINO,ELIGIBLE_FOR_AFINO,,,BOTH_ELIGIBLE,1→0,-9.105654037406893,-9.080212024758794,-9.105654037406893
QUALITY_PDCSAP,P4_published_qpp_pdcsap_all,P4,PUBLISHED_QPP_REPRODUCED,WEm2,P00,P02,F2V000655,F2V000657,SELECTED,INPUT_INADMISSIBLE,ELIGIBLE_FOR_AFINO,IRREGULAR_SAMPLING,,retained_indices_not_consecutive|interval_deviation_gt_0.001_s,VARIANT_INADMISSIBLE,,,,
QUALITY_SAP,P4_published_qpp_pdcsap_all,P4,PUBLISHED_QPP_REPRODUCED,WEm2,P01,P03,F2V000656,F2V000658,NOT_SELECTED,INPUT_INADMISSIBLE,ELIGIBLE_FOR_AFINO,IRREGULAR_SAMPLING,,retained_indices_not_consecutive|interval_deviation_gt_0.001_s,VARIANT_INADMISSIBLE,,,,
DETREND_PDCSAP,P4_published_qpp_pdcsap_all,P4,PUBLISHED_QPP_REPRODUCED,WEm2,P00,P04,F2V000655,F2V000659,SELECTED,SELECTED,ELIGIBLE_FOR_AFINO,ELIGIBLE_FOR_AFINO,,,BOTH_ELIGIBLE,1→1,0.016211037423602193,0.026508899907270234,0.016211037423602193
DETREND_SAP,P4_published_qpp_pdcsap_all,P4,PUBLISHED_QPP_REPRODUCED,WEm2,P01,P05,F2V000656,F2V000660,NOT_SELECTED,NOT_SELECTED,ELIGIBLE_FOR_AFINO,ELIGIBLE_FOR_AFINO,,,BOTH_ELIGIBLE,0→0,0.012343590895483203,0.020881254208532596,0.012343590895483203
FLUX_Q0,P4_published_qpp_pdcsap_all,P4,PUBLISHED_QPP_REPRODUCED,WEm2,P02,P03,F2V000657,F2V000658,INPUT_INADMISSIBLE,INPUT_INADMISSIBLE,IRREGULAR_SAMPLING,IRREGULAR_SAMPLING,retained_indices_not_consecutive|interval_deviation_gt_0.001_s,retained_indices_not_consecutive|interval_deviation_gt_0.001_s,BOTH_INADMISSIBLE,,,,
FLUX_FINITE,P4_published_qpp_pdcsap_all,P4,PUBLISHED_QPP_REPRODUCED,WEm1,P00,P01,F2V000661,F2V000662,SELECTED,NOT_SELECTED,ELIGIBLE_FOR_AFINO,ELIGIBLE_FOR_AFINO,,,BOTH_ELIGIBLE,1→0,-9.20442495407238,-9.183111661965256,-9.20442495407238
QUALITY_PDCSAP,P4_published_qpp_pdcsap_all,P4,PUBLISHED_QPP_REPRODUCED,WEm1,P00,P02,F2V000661,F2V000663,SELECTED,INPUT_INADMISSIBLE,ELIGIBLE_FOR_AFINO,IRREGULAR_SAMPLING,,retained_indices_not_consecutive|interval_deviation_gt_0.001_s,VARIANT_INADMISSIBLE,,,,
QUALITY_SAP,P4_published_qpp_pdcsap_all,P4,PUBLISHED_QPP_REPRODUCED,WEm1,P01,P03,F2V000662,F2V000664,NOT_SELECTED,INPUT_INADMISSIBLE,ELIGIBLE_FOR_AFINO,IRREGULAR_SAMPLING,,retained_indices_not_consecutive|interval_deviation_gt_0.001_s,VARIANT_INADMISSIBLE,,,,
DETREND_PDCSAP,P4_published_qpp_pdcsap_all,P4,PUBLISHED_QPP_REPRODUCED,WEm1,P00,P04,F2V000661,F2V000665,SELECTED,SELECTED,ELIGIBLE_FOR_AFINO,ELIGIBLE_FOR_AFINO,,,BOTH_ELIGIBLE,1→1,0.009731639061556052,0.022025451085738723,0.009731639061556052
DETREND_SAP,P4_published_qpp_pdcsap_all,P4,PUBLISHED_QPP_REPRODUCED,WEm1,P01,P05,F2V000662,F2V000666,NOT_SELECTED,NOT_SELECTED,ELIGIBLE_FOR_AFINO,ELIGIBLE_FOR_AFINO,,,BOTH_ELIGIBLE,0→0,0.008290678872597823,0.0204484486440748,0.008290678872597823
FLUX_Q0,P4_published_qpp_pdcsap_all,P4,PUBLISHED_QPP_REPRODUCED,WEm1,P02,P03,F2V000663,F2V000664,INPUT_INADMISSIBLE,INPUT_INADMISSIBLE,IRREGULAR_SAMPLING,IRREGULAR_SAMPLING,retained_indices_not_consecutive|interval_deviation_gt_0.001_s,retained_indices_not_consecutive|interval_deviation_gt_0.001_s,BOTH_INADMISSIBLE,,,,
FLUX_FINITE,P4_published_qpp_pdcsap_all,P4,PUBLISHED_QPP_REPRODUCED,WEp1,P00,P01,F2V000667,F2V000668,SELECTED,NOT_SELECTED,ELIGIBLE_FOR_AFINO,ELIGIBLE_FOR_AFINO,,,BOTH_ELIGIBLE,1→0,-10.382476216589566,-10.384271014661437,-10.382476216589566
QUALITY_PDCSAP,P4_published_qpp_pdcsap_all,P4,PUBLISHED_QPP_REPRODUCED,WEp1,P00,P02,F2V000667,F2V000669,SELECTED,INPUT_INADMISSIBLE,ELIGIBLE_FOR_AFINO,IRREGULAR_SAMPLING,,retained_indices_not_consecutive|interval_deviation_gt_0.001_s,VARIANT_INADMISSIBLE,,,,
QUALITY_SAP,P4_published_qpp_pdcsap_all,P4,PUBLISHED_QPP_REPRODUCED,WEp1,P01,P03,F2V000668,F2V000670,NOT_SELECTED,INPUT_INADMISSIBLE,ELIGIBLE_FOR_AFINO,IRREGULAR_SAMPLING,,retained_indices_not_consecutive|interval_deviation_gt_0.001_s,VARIANT_INADMISSIBLE,,,,
DETREND_PDCSAP,P4_published_qpp_pdcsap_all,P4,PUBLISHED_QPP_REPRODUCED,WEp1,P00,P04,F2V000667,F2V000671,SELECTED,SELECTED,ELIGIBLE_FOR_AFINO,ELIGIBLE_FOR_AFINO,,,BOTH_ELIGIBLE,1→1,-0.012643050453576166,-0.030982147293528328,-0.012643050453576166
DETREND_SAP,P4_published_qpp_pdcsap_all,P4,PUBLISHED_QPP_REPRODUCED,WEp1,P01,P05,F2V000668,F2V000672,NOT_SELECTED,NOT_SELECTED,ELIGIBLE_FOR_AFINO,ELIGIBLE_FOR_AFINO,,,BOTH_ELIGIBLE,0→0,-0.005162757395780204,-0.017140211167728125,-0.005162757395780204
FLUX_Q0,P4_published_qpp_pdcsap_all,P4,PUBLISHED_QPP_REPRODUCED,WEp1,P02,P03,F2V000669,F2V000670,INPUT_INADMISSIBLE,INPUT_INADMISSIBLE,IRREGULAR_SAMPLING,IRREGULAR_SAMPLING,retained_indices_not_consecutive|interval_deviation_gt_0.001_s,retained_indices_not_consecutive|interval_deviation_gt_0.001_s,BOTH_INADMISSIBLE,,,,
FLUX_FINITE,P4_published_qpp_pdcsap_all,P4,PUBLISHED_QPP_REPRODUCED,WEp2,P00,P01,F2V000673,F2V000674,SELECTED,NOT_SELECTED,ELIGIBLE_FOR_AFINO,ELIGIBLE_FOR_AFINO,,,BOTH_ELIGIBLE,1→0,-12.03070715021218,-12.05339944936891,-12.03070715021218
QUALITY_PDCSAP,P4_published_qpp_pdcsap_all,P4,PUBLISHED_QPP_REPRODUCED,WEp2,P00,P02,F2V000673,F2V000675,SELECTED,INPUT_INADMISSIBLE,ELIGIBLE_FOR_AFINO,IRREGULAR_SAMPLING,,retained_indices_not_consecutive|interval_deviation_gt_0.001_s,VARIANT_INADMISSIBLE,,,,
QUALITY_SAP,P4_published_qpp_pdcsap_all,P4,PUBLISHED_QPP_REPRODUCED,WEp2,P01,P03,F2V000674,F2V000676,NOT_SELECTED,INPUT_INADMISSIBLE,ELIGIBLE_FOR_AFINO,IRREGULAR_SAMPLING,,retained_indices_not_consecutive|interval_deviation_gt_0.001_s,VARIANT_INADMISSIBLE,,,,
DETREND_PDCSAP,P4_published_qpp_pdcsap_all,P4,PUBLISHED_QPP_REPRODUCED,WEp2,P00,P04,F2V000673,F2V000677,SELECTED,SELECTED,ELIGIBLE_FOR_AFINO,ELIGIBLE_FOR_AFINO,,,BOTH_ELIGIBLE,1→1,-0.03164965521341401,-0.06829546119688246,-0.03164965521341401
DETREND_SAP,P4_published_qpp_pdcsap_all,P4,PUBLISHED_QPP_REPRODUCED,WEp2,P01,P05,F2V000674,F2V000678,NOT_SELECTED,NOT_SELECTED,ELIGIBLE_FOR_AFINO,ELIGIBLE_FOR_AFINO,,,BOTH_ELIGIBLE,0→0,-0.016093596195005944,-0.0469529264294124,-0.016093596195005944
FLUX_Q0,P4_published_qpp_pdcsap_all,P4,PUBLISHED_QPP_REPRODUCED,WEp2,P02,P03,F2V000675,F2V000676,INPUT_INADMISSIBLE,INPUT_INADMISSIBLE,IRREGULAR_SAMPLING,IRREGULAR_SAMPLING,retained_indices_not_consecutive|interval_deviation_gt_0.001_s,retained_indices_not_consecutive|interval_deviation_gt_0.001_s,BOTH_INADMISSIBLE,,,,
FLUX_FINITE,P4_published_qpp_pdcsap_all,P4,PUBLISHED_QPP_REPRODUCED,WX1,P00,P01,F2V000679,F2V000680,SELECTED,NOT_SELECTED,ELIGIBLE_FOR_AFINO,ELIGIBLE_FOR_AFINO,,,BOTH_ELIGIBLE,1→0,-11.289692146282334,-11.260416273565298,-11.289692146282334
QUALITY_PDCSAP,P4_published_qpp_pdcsap_all,P4,PUBLISHED_QPP_REPRODUCED,WX1,P00,P02,F2V000679,F2V000681,SELECTED,INPUT_INADMISSIBLE,ELIGIBLE_FOR_AFINO,IRREGULAR_SAMPLING,,retained_indices_not_consecutive|interval_deviation_gt_0.001_s,VARIANT_INADMISSIBLE,,,,
QUALITY_SAP,P4_published_qpp_pdcsap_all,P4,PUBLISHED_QPP_REPRODUCED,WX1,P01,P03,F2V000680,F2V000682,NOT_SELECTED,INPUT_INADMISSIBLE,ELIGIBLE_FOR_AFINO,IRREGULAR_SAMPLING,,retained_indices_not_consecutive|interval_deviation_gt_0.001_s,VARIANT_INADMISSIBLE,,,,
DETREND_PDCSAP,P4_published_qpp_pdcsap_all,P4,PUBLISHED_QPP_REPRODUCED,WX1,P00,P04,F2V000679,F2V000683,SELECTED,SELECTED,ELIGIBLE_FOR_AFINO,ELIGIBLE_FOR_AFINO,,,BOTH_ELIGIBLE,1→1,0.004393279192896671,1.4040355115881766,0.004393279192896671
DETREND_SAP,P4_published_qpp_pdcsap_all,P4,PUBLISHED_QPP_REPRODUCED,WX1,P01,P05,F2V000680,F2V000684,NOT_SELECTED,NOT_SELECTED,ELIGIBLE_FOR_AFINO,ELIGIBLE_FOR_AFINO,,,BOTH_ELIGIBLE,0→0,0.004680239308513023,0.019979014109111404,0.004680239308513023
FLUX_Q0,P4_published_qpp_pdcsap_all,P4,PUBLISHED_QPP_REPRODUCED,WX1,P02,P03,F2V000681,F2V000682,INPUT_INADMISSIBLE,INPUT_INADMISSIBLE,IRREGULAR_SAMPLING,IRREGULAR_SAMPLING,retained_indices_not_consecutive|interval_deviation_gt_0.001_s,retained_indices_not_consecutive|interval_deviation_gt_0.001_s,BOTH_INADMISSIBLE,,,,
FLUX_FINITE,P4_published_qpp_pdcsap_all,P4,PUBLISHED_QPP_REPRODUCED,WC1,P00,P01,F2V000685,F2V000686,SELECTED,NOT_SELECTED,ELIGIBLE_FOR_AFINO,ELIGIBLE_FOR_AFINO,,,BOTH_ELIGIBLE,1→0,-9.71792309956308,-7.716220675598251,-9.71792309956308
QUALITY_PDCSAP,P4_published_qpp_pdcsap_all,P4,PUBLISHED_QPP_REPRODUCED,WC1,P00,P02,F2V000685,F2V000687,SELECTED,INPUT_INADMISSIBLE,ELIGIBLE_FOR_AFINO,IRREGULAR_SAMPLING,,retained_indices_not_consecutive|interval_deviation_gt_0.001_s,VARIANT_INADMISSIBLE,,,,
QUALITY_SAP,P4_published_qpp_pdcsap_all,P4,PUBLISHED_QPP_REPRODUCED,WC1,P01,P03,F2V000686,F2V000688,NOT_SELECTED,INPUT_INADMISSIBLE,ELIGIBLE_FOR_AFINO,IRREGULAR_SAMPLING,,retained_indices_not_consecutive|interval_deviation_gt_0.001_s,VARIANT_INADMISSIBLE,,,,
DETREND_PDCSAP,P4_published_qpp_pdcsap_all,P4,PUBLISHED_QPP_REPRODUCED,WC1,P00,P04,F2V000685,F2V000689,SELECTED,SELECTED,ELIGIBLE_FOR_AFINO,ELIGIBLE_FOR_AFINO,,,BOTH_ELIGIBLE,1→1,-0.010677715638237828,-0.016109665979456622,-0.010677715638237828
DETREND_SAP,P4_published_qpp_pdcsap_all,P4,PUBLISHED_QPP_REPRODUCED,WC1,P01,P05,F2V000686,F2V000690,NOT_SELECTED,NOT_SELECTED,ELIGIBLE_FOR_AFINO,ELIGIBLE_FOR_AFINO,,,BOTH_ELIGIBLE,0→0,-0.004435153528632441,-2.02015889926885,-0.004435153528632441
FLUX_Q0,P4_published_qpp_pdcsap_all,P4,PUBLISHED_QPP_REPRODUCED,WC1,P02,P03,F2V000687,F2V000688,INPUT_INADMISSIBLE,INPUT_INADMISSIBLE,IRREGULAR_SAMPLING,IRREGULAR_SAMPLING,retained_indices_not_consecutive|interval_deviation_gt_0.001_s,retained_indices_not_consecutive|interval_deviation_gt_0.001_s,BOTH_INADMISSIBLE,,,,
FLUX_FINITE,P4_published_qpp_pdcsap_all,P4,PUBLISHED_QPP_REPRODUCED,WX2,P00,P01,F2V000691,F2V000692,SELECTED,NOT_SELECTED,ELIGIBLE_FOR_AFINO,ELIGIBLE_FOR_AFINO,,,BOTH_ELIGIBLE,1→0,-12.06939504023154,-12.041708949567422,-12.06939504023154
QUALITY_PDCSAP,P4_published_qpp_pdcsap_all,P4,PUBLISHED_QPP_REPRODUCED,WX2,P00,P02,F2V000691,F2V000693,SELECTED,INPUT_INADMISSIBLE,ELIGIBLE_FOR_AFINO,IRREGULAR_SAMPLING,,retained_indices_not_consecutive|interval_deviation_gt_0.001_s,VARIANT_INADMISSIBLE,,,,
QUALITY_SAP,P4_published_qpp_pdcsap_all,P4,PUBLISHED_QPP_REPRODUCED,WX2,P01,P03,F2V000692,F2V000694,NOT_SELECTED,INPUT_INADMISSIBLE,ELIGIBLE_FOR_AFINO,IRREGULAR_SAMPLING,,retained_indices_not_consecutive|interval_deviation_gt_0.001_s,VARIANT_INADMISSIBLE,,,,
DETREND_PDCSAP,P4_published_qpp_pdcsap_all,P4,PUBLISHED_QPP_REPRODUCED,WX2,P00,P04,F2V000691,F2V000695,SELECTED,SELECTED,ELIGIBLE_FOR_AFINO,ELIGIBLE_FOR_AFINO,,,BOTH_ELIGIBLE,1→1,0.018676728836510392,0.048680368758851955,0.018676728836510392
DETREND_SAP,P4_published_qpp_pdcsap_all,P4,PUBLISHED_QPP_REPRODUCED,WX2,P01,P05,F2V000692,F2V000696,NOT_SELECTED,NOT_SELECTED,ELIGIBLE_FOR_AFINO,ELIGIBLE_FOR_AFINO,,,BOTH_ELIGIBLE,0→0,0.015342881716065904,0.04886712847213914,0.015342881716065904
FLUX_Q0,P4_published_qpp_pdcsap_all,P4,PUBLISHED_QPP_REPRODUCED,WX2,P02,P03,F2V000693,F2V000694,INPUT_INADMISSIBLE,INPUT_INADMISSIBLE,IRREGULAR_SAMPLING,IRREGULAR_SAMPLING,retained_indices_not_consecutive|interval_deviation_gt_0.001_s,retained_indices_not_consecutive|interval_deviation_gt_0.001_s,BOTH_INADMISSIBLE,,,,
FLUX_FINITE,P4_published_qpp_pdcsap_all,P4,PUBLISHED_QPP_REPRODUCED,WC2,P00,P01,F2V000697,F2V000698,SELECTED,NOT_SELECTED,ELIGIBLE_FOR_AFINO,ELIGIBLE_FOR_AFINO,,,BOTH_ELIGIBLE,1→0,-9.234055497045915,-9.27697031707251,-9.234055497045915
QUALITY_PDCSAP,P4_published_qpp_pdcsap_all,P4,PUBLISHED_QPP_REPRODUCED,WC2,P00,P02,F2V000697,F2V000699,SELECTED,INPUT_INADMISSIBLE,ELIGIBLE_FOR_AFINO,IRREGULAR_SAMPLING,,retained_indices_not_consecutive|interval_deviation_gt_0.001_s,VARIANT_INADMISSIBLE,,,,
QUALITY_SAP,P4_published_qpp_pdcsap_all,P4,PUBLISHED_QPP_REPRODUCED,WC2,P01,P03,F2V000698,F2V000700,NOT_SELECTED,INPUT_INADMISSIBLE,ELIGIBLE_FOR_AFINO,IRREGULAR_SAMPLING,,retained_indices_not_consecutive|interval_deviation_gt_0.001_s,VARIANT_INADMISSIBLE,,,,
DETREND_PDCSAP,P4_published_qpp_pdcsap_all,P4,PUBLISHED_QPP_REPRODUCED,WC2,P00,P04,F2V000697,F2V000701,SELECTED,SELECTED,ELIGIBLE_FOR_AFINO,ELIGIBLE_FOR_AFINO,,,BOTH_ELIGIBLE,1→1,-0.0358828203185908,-0.03445153722928751,-0.0358828203185908
DETREND_SAP,P4_published_qpp_pdcsap_all,P4,PUBLISHED_QPP_REPRODUCED,WC2,P01,P05,F2V000698,F2V000702,NOT_SELECTED,NOT_SELECTED,ELIGIBLE_FOR_AFINO,ELIGIBLE_FOR_AFINO,,,BOTH_ELIGIBLE,0→0,-0.02021668244366026,-0.020680920214672938,-0.02021668244366026
FLUX_Q0,P4_published_qpp_pdcsap_all,P4,PUBLISHED_QPP_REPRODUCED,WC2,P02,P03,F2V000699,F2V000700,INPUT_INADMISSIBLE,INPUT_INADMISSIBLE,IRREGULAR_SAMPLING,IRREGULAR_SAMPLING,retained_indices_not_consecutive|interval_deviation_gt_0.001_s,retained_indices_not_consecutive|interval_deviation_gt_0.001_s,BOTH_INADMISSIBLE,,,,
FLUX_FINITE,P4_not_selected_qpp_pdcsap_all,P4,MATCHED_NOT_SELECTED,W00,P00,P01,F2V000703,F2V000704,NOT_SELECTED,NOT_SELECTED,ELIGIBLE_FOR_AFINO,ELIGIBLE_FOR_AFINO,,,BOTH_ELIGIBLE,0→0,-0.04704196784189918,-0.5609241261843252,-0.04704196784189918
QUALITY_PDCSAP,P4_not_selected_qpp_pdcsap_all,P4,MATCHED_NOT_SELECTED,W00,P00,P02,F2V000703,F2V000705,NOT_SELECTED,INPUT_INADMISSIBLE,ELIGIBLE_FOR_AFINO,IRREGULAR_SAMPLING,,retained_indices_not_consecutive|interval_deviation_gt_0.001_s,VARIANT_INADMISSIBLE,,,,
QUALITY_SAP,P4_not_selected_qpp_pdcsap_all,P4,MATCHED_NOT_SELECTED,W00,P01,P03,F2V000704,F2V000706,NOT_SELECTED,INPUT_INADMISSIBLE,ELIGIBLE_FOR_AFINO,IRREGULAR_SAMPLING,,retained_indices_not_consecutive|interval_deviation_gt_0.001_s,VARIANT_INADMISSIBLE,,,,
DETREND_PDCSAP,P4_not_selected_qpp_pdcsap_all,P4,MATCHED_NOT_SELECTED,W00,P00,P04,F2V000703,F2V000707,NOT_SELECTED,NOT_SELECTED,ELIGIBLE_FOR_AFINO,ELIGIBLE_FOR_AFINO,,,BOTH_ELIGIBLE,0→0,0.016147779651078054,-0.7405127295677403,0.016147779651078054
DETREND_SAP,P4_not_selected_qpp_pdcsap_all,P4,MATCHED_NOT_SELECTED,W00,P01,P05,F2V000704,F2V000708,NOT_SELECTED,NOT_SELECTED,ELIGIBLE_FOR_AFINO,ELIGIBLE_FOR_AFINO,,,BOTH_ELIGIBLE,0→0,0.01659264360798396,-0.24438636937924407,0.016592643607985735
FLUX_Q0,P4_not_selected_qpp_pdcsap_all,P4,MATCHED_NOT_SELECTED,W00,P02,P03,F2V000705,F2V000706,INPUT_INADMISSIBLE,INPUT_INADMISSIBLE,IRREGULAR_SAMPLING,IRREGULAR_SAMPLING,retained_indices_not_consecutive|interval_deviation_gt_0.001_s,retained_indices_not_consecutive|interval_deviation_gt_0.001_s,BOTH_INADMISSIBLE,,,,
FLUX_FINITE,P4_not_selected_qpp_pdcsap_all,P4,MATCHED_NOT_SELECTED,WSm2,P00,P01,F2V000709,F2V000710,NOT_SELECTED,NOT_SELECTED,ELIGIBLE_FOR_AFINO,ELIGIBLE_FOR_AFINO,,,BOTH_ELIGIBLE,0→0,-0.11375921347008244,-0.13713951535776658,-0.11375921347008244
QUALITY_PDCSAP,P4_not_selected_qpp_pdcsap_all,P4,MATCHED_NOT_SELECTED,WSm2,P00,P02,F2V000709,F2V000711,NOT_SELECTED,INPUT_INADMISSIBLE,ELIGIBLE_FOR_AFINO,IRREGULAR_SAMPLING,,retained_indices_not_consecutive|interval_deviation_gt_0.001_s,VARIANT_INADMISSIBLE,,,,
QUALITY_SAP,P4_not_selected_qpp_pdcsap_all,P4,MATCHED_NOT_SELECTED,WSm2,P01,P03,F2V000710,F2V000712,NOT_SELECTED,INPUT_INADMISSIBLE,ELIGIBLE_FOR_AFINO,IRREGULAR_SAMPLING,,retained_indices_not_consecutive|interval_deviation_gt_0.001_s,VARIANT_INADMISSIBLE,,,,
DETREND_PDCSAP,P4_not_selected_qpp_pdcsap_all,P4,MATCHED_NOT_SELECTED,WSm2,P00,P04,F2V000709,F2V000713,NOT_SELECTED,NOT_SELECTED,ELIGIBLE_FOR_AFINO,ELIGIBLE_FOR_AFINO,,,BOTH_ELIGIBLE,0→0,0.025642460988436255,-0.46737173999554926,0.025642460988436255
DETREND_SAP,P4_not_selected_qpp_pdcsap_all,P4,MATCHED_NOT_SELECTED,WSm2,P01,P05,F2V000710,F2V000714,NOT_SELECTED,NOT_SELECTED,ELIGIBLE_FOR_AFINO,ELIGIBLE_FOR_AFINO,,,BOTH_ELIGIBLE,0→0,0.02551449456385768,-0.46470960159795993,0.02551449456385768
FLUX_Q0,P4_not_selected_qpp_pdcsap_all,P4,MATCHED_NOT_SELECTED,WSm2,P02,P03,F2V000711,F2V000712,INPUT_INADMISSIBLE,INPUT_INADMISSIBLE,IRREGULAR_SAMPLING,IRREGULAR_SAMPLING,retained_indices_not_consecutive|interval_deviation_gt_0.001_s,retained_indices_not_consecutive|interval_deviation_gt_0.001_s,BOTH_INADMISSIBLE,,,,
FLUX_FINITE,P4_not_selected_qpp_pdcsap_all,P4,MATCHED_NOT_SELECTED,WSm1,P00,P01,F2V000715,F2V000716,NOT_SELECTED,NOT_SELECTED,ELIGIBLE_FOR_AFINO,ELIGIBLE_FOR_AFINO,,,BOTH_ELIGIBLE,0→0,-0.06671184448897804,-2.1914209775760156,-0.06671184448897804
QUALITY_PDCSAP,P4_not_selected_qpp_pdcsap_all,P4,MATCHED_NOT_SELECTED,WSm1,P00,P02,F2V000715,F2V000717,NOT_SELECTED,INPUT_INADMISSIBLE,ELIGIBLE_FOR_AFINO,IRREGULAR_SAMPLING,,retained_indices_not_consecutive|interval_deviation_gt_0.001_s,VARIANT_INADMISSIBLE,,,,
QUALITY_SAP,P4_not_selected_qpp_pdcsap_all,P4,MATCHED_NOT_SELECTED,WSm1,P01,P03,F2V000716,F2V000718,NOT_SELECTED,INPUT_INADMISSIBLE,ELIGIBLE_FOR_AFINO,IRREGULAR_SAMPLING,,retained_indices_not_consecutive|interval_deviation_gt_0.001_s,VARIANT_INADMISSIBLE,,,,
DETREND_PDCSAP,P4_not_selected_qpp_pdcsap_all,P4,MATCHED_NOT_SELECTED,WSm1,P00,P04,F2V000715,F2V000719,NOT_SELECTED,NOT_SELECTED,ELIGIBLE_FOR_AFINO,ELIGIBLE_FOR_AFINO,,,BOTH_ELIGIBLE,0→0,0.0038869973641766364,-0.003974265431239132,0.0038869973641766364
DETREND_SAP,P4_not_selected_qpp_pdcsap_all,P4,MATCHED_NOT_SELECTED,WSm1,P01,P05,F2V000716,F2V000720,NOT_SELECTED,NOT_SELECTED,ELIGIBLE_FOR_AFINO,ELIGIBLE_FOR_AFINO,,,BOTH_ELIGIBLE,0→0,-0.30666098722596047,-0.6744570744671847,-0.30666098722596047
FLUX_Q0,P4_not_selected_qpp_pdcsap_all,P4,MATCHED_NOT_SELECTED,WSm1,P02,P03,F2V000717,F2V000718,INPUT_INADMISSIBLE,INPUT_INADMISSIBLE,IRREGULAR_SAMPLING,IRREGULAR_SAMPLING,retained_indices_not_consecutive|interval_deviation_gt_0.001_s,retained_indices_not_consecutive|interval_deviation_gt_0.001_s,BOTH_INADMISSIBLE,,,,
FLUX_FINITE,P4_not_selected_qpp_pdcsap_all,P4,MATCHED_NOT_SELECTED,WSp1,P00,P01,F2V000721,F2V000722,NOT_SELECTED,NOT_SELECTED,ELIGIBLE_FOR_AFINO,ELIGIBLE_FOR_AFINO,,,BOTH_ELIGIBLE,0→0,0.20198161643985202,0.19348985465720148,0.20198161643985202
QUALITY_PDCSAP,P4_not_selected_qpp_pdcsap_all,P4,MATCHED_NOT_SELECTED,WSp1,P00,P02,F2V000721,F2V000723,NOT_SELECTED,INPUT_INADMISSIBLE,ELIGIBLE_FOR_AFINO,IRREGULAR_SAMPLING,,retained_indices_not_consecutive|interval_deviation_gt_0.001_s,VARIANT_INADMISSIBLE,,,,
QUALITY_SAP,P4_not_selected_qpp_pdcsap_all,P4,MATCHED_NOT_SELECTED,WSp1,P01,P03,F2V000722,F2V000724,NOT_SELECTED,INPUT_INADMISSIBLE,ELIGIBLE_FOR_AFINO,IRREGULAR_SAMPLING,,retained_indices_not_consecutive|interval_deviation_gt_0.001_s,VARIANT_INADMISSIBLE,,,,
DETREND_PDCSAP,P4_not_selected_qpp_pdcsap_all,P4,MATCHED_NOT_SELECTED,WSp1,P00,P04,F2V000721,F2V000725,NOT_SELECTED,NOT_SELECTED,ELIGIBLE_FOR_AFINO,ELIGIBLE_FOR_AFINO,,,BOTH_ELIGIBLE,0→0,-0.3215122909986121,-0.8943639613978505,-0.3215122909986121
DETREND_SAP,P4_not_selected_qpp_pdcsap_all,P4,MATCHED_NOT_SELECTED,WSp1,P01,P05,F2V000722,F2V000726,NOT_SELECTED,NOT_SELECTED,ELIGIBLE_FOR_AFINO,ELIGIBLE_FOR_AFINO,,,BOTH_ELIGIBLE,0→0,-0.02298701032814421,-0.6056004652081839,-0.02298701032814421
FLUX_Q0,P4_not_selected_qpp_pdcsap_all,P4,MATCHED_NOT_SELECTED,WSp1,P02,P03,F2V000723,F2V000724,INPUT_INADMISSIBLE,INPUT_INADMISSIBLE,IRREGULAR_SAMPLING,IRREGULAR_SAMPLING,retained_indices_not_consecutive|interval_deviation_gt_0.001_s,retained_indices_not_consecutive|interval_deviation_gt_0.001_s,BOTH_INADMISSIBLE,,,,
FLUX_FINITE,P4_not_selected_qpp_pdcsap_all,P4,MATCHED_NOT_SELECTED,WSp2,P00,P01,F2V000727,F2V000728,NOT_SELECTED,NOT_SELECTED,ELIGIBLE_FOR_AFINO,ELIGIBLE_FOR_AFINO,,,BOTH_ELIGIBLE,0→0,-0.5100470443196272,-0.527931756722154,-0.5100470443196272
QUALITY_PDCSAP,P4_not_selected_qpp_pdcsap_all,P4,MATCHED_NOT_SELECTED,WSp2,P00,P02,F2V000727,F2V000729,NOT_SELECTED,INPUT_INADMISSIBLE,ELIGIBLE_FOR_AFINO,IRREGULAR_SAMPLING,,retained_indices_not_consecutive|interval_deviation_gt_0.001_s,VARIANT_INADMISSIBLE,,,,
QUALITY_SAP,P4_not_selected_qpp_pdcsap_all,P4,MATCHED_NOT_SELECTED,WSp2,P01,P03,F2V000728,F2V000730,NOT_SELECTED,INPUT_INADMISSIBLE,ELIGIBLE_FOR_AFINO,IRREGULAR_SAMPLING,,retained_indices_not_consecutive|interval_deviation_gt_0.001_s,VARIANT_INADMISSIBLE,,,,
DETREND_PDCSAP,P4_not_selected_qpp_pdcsap_all,P4,MATCHED_NOT_SELECTED,WSp2,P00,P04,F2V000727,F2V000731,NOT_SELECTED,NOT_SELECTED,ELIGIBLE_FOR_AFINO,ELIGIBLE_FOR_AFINO,,,BOTH_ELIGIBLE,0→0,-0.4977474071440682,-0.5032130276839197,-0.4977474071440682
DETREND_SAP,P4_not_selected_qpp_pdcsap_all,P4,MATCHED_NOT_SELECTED,WSp2,P01,P05,F2V000728,F2V000732,NOT_SELECTED,NOT_SELECTED,ELIGIBLE_FOR_AFINO,ELIGIBLE_FOR_AFINO,,,BOTH_ELIGIBLE,0→0,0.39724747086727774,-0.8155092717633536,0.39724747086727774
FLUX_Q0,P4_not_selected_qpp_pdcsap_all,P4,MATCHED_NOT_SELECTED,WSp2,P02,P03,F2V000729,F2V000730,INPUT_INADMISSIBLE,INPUT_INADMISSIBLE,IRREGULAR_SAMPLING,IRREGULAR_SAMPLING,retained_indices_not_consecutive|interval_deviation_gt_0.001_s,retained_indices_not_consecutive|interval_deviation_gt_0.001_s,BOTH_INADMISSIBLE,,,,
FLUX_FINITE,P4_not_selected_qpp_pdcsap_all,P4,MATCHED_NOT_SELECTED,WEm2,P00,P01,F2V000733,F2V000734,NOT_SELECTED,NOT_SELECTED,ELIGIBLE_FOR_AFINO,ELIGIBLE_FOR_AFINO,,,BOTH_ELIGIBLE,0→0,-0.08953054920775116,-0.10053748506503268,-0.08953054920775116
QUALITY_PDCSAP,P4_not_selected_qpp_pdcsap_all,P4,MATCHED_NOT_SELECTED,WEm2,P00,P02,F2V000733,F2V000735,NOT_SELECTED,INPUT_INADMISSIBLE,ELIGIBLE_FOR_AFINO,IRREGULAR_SAMPLING,,retained_indices_not_consecutive|interval_deviation_gt_0.001_s,VARIANT_INADMISSIBLE,,,,
QUALITY_SAP,P4_not_selected_qpp_pdcsap_all,P4,MATCHED_NOT_SELECTED,WEm2,P01,P03,F2V000734,F2V000736,NOT_SELECTED,INPUT_INADMISSIBLE,ELIGIBLE_FOR_AFINO,IRREGULAR_SAMPLING,,retained_indices_not_consecutive|interval_deviation_gt_0.001_s,VARIANT_INADMISSIBLE,,,,
DETREND_PDCSAP,P4_not_selected_qpp_pdcsap_all,P4,MATCHED_NOT_SELECTED,WEm2,P00,P04,F2V000733,F2V000737,NOT_SELECTED,NOT_SELECTED,ELIGIBLE_FOR_AFINO,ELIGIBLE_FOR_AFINO,,,BOTH_ELIGIBLE,0→0,0.026074295389945767,-0.5777329919421348,0.026074295389946656
DETREND_SAP,P4_not_selected_qpp_pdcsap_all,P4,MATCHED_NOT_SELECTED,WEm2,P01,P05,F2V000734,F2V000738,NOT_SELECTED,NOT_SELECTED,ELIGIBLE_FOR_AFINO,ELIGIBLE_FOR_AFINO,,,BOTH_ELIGIBLE,0→0,0.026250582962879854,-0.5688873237205883,0.026250582962880742
FLUX_Q0,P4_not_selected_qpp_pdcsap_all,P4,MATCHED_NOT_SELECTED,WEm2,P02,P03,F2V000735,F2V000736,INPUT_INADMISSIBLE,INPUT_INADMISSIBLE,IRREGULAR_SAMPLING,IRREGULAR_SAMPLING,retained_indices_not_consecutive|interval_deviation_gt_0.001_s,retained_indices_not_consecutive|interval_deviation_gt_0.001_s,BOTH_INADMISSIBLE,,,,
FLUX_FINITE,P4_not_selected_qpp_pdcsap_all,P4,MATCHED_NOT_SELECTED,WEm1,P00,P01,F2V000739,F2V000740,NOT_SELECTED,NOT_SELECTED,ELIGIBLE_FOR_AFINO,ELIGIBLE_FOR_AFINO,,,BOTH_ELIGIBLE,0→0,-0.05715039108100939,-0.07595151741870154,-0.05715039108100939
QUALITY_PDCSAP,P4_not_selected_qpp_pdcsap_all,P4,MATCHED_NOT_SELECTED,WEm1,P00,P02,F2V000739,F2V000741,NOT_SELECTED,INPUT_INADMISSIBLE,ELIGIBLE_FOR_AFINO,IRREGULAR_SAMPLING,,retained_indices_not_consecutive|interval_deviation_gt_0.001_s,VARIANT_INADMISSIBLE,,,,
QUALITY_SAP,P4_not_selected_qpp_pdcsap_all,P4,MATCHED_NOT_SELECTED,WEm1,P01,P03,F2V000740,F2V000742,NOT_SELECTED,INPUT_INADMISSIBLE,ELIGIBLE_FOR_AFINO,IRREGULAR_SAMPLING,,retained_indices_not_consecutive|interval_deviation_gt_0.001_s,VARIANT_INADMISSIBLE,,,,
DETREND_PDCSAP,P4_not_selected_qpp_pdcsap_all,P4,MATCHED_NOT_SELECTED,WEm1,P00,P04,F2V000739,F2V000743,NOT_SELECTED,NOT_SELECTED,ELIGIBLE_FOR_AFINO,ELIGIBLE_FOR_AFINO,,,BOTH_ELIGIBLE,0→0,0.0023307286098610547,-0.44913414114024874,0.002330728609862831
DETREND_SAP,P4_not_selected_qpp_pdcsap_all,P4,MATCHED_NOT_SELECTED,WEm1,P01,P05,F2V000740,F2V000744,NOT_SELECTED,NOT_SELECTED,ELIGIBLE_FOR_AFINO,ELIGIBLE_FOR_AFINO,,,BOTH_ELIGIBLE,0→0,-0.15644636975643955,-0.6031640470701092,-0.15644636975643778
FLUX_Q0,P4_not_selected_qpp_pdcsap_all,P4,MATCHED_NOT_SELECTED,WEm1,P02,P03,F2V000741,F2V000742,INPUT_INADMISSIBLE,INPUT_INADMISSIBLE,IRREGULAR_SAMPLING,IRREGULAR_SAMPLING,retained_indices_not_consecutive|interval_deviation_gt_0.001_s,retained_indices_not_consecutive|interval_deviation_gt_0.001_s,BOTH_INADMISSIBLE,,,,
FLUX_FINITE,P4_not_selected_qpp_pdcsap_all,P4,MATCHED_NOT_SELECTED,WEp1,P00,P01,F2V000745,F2V000746,NOT_SELECTED,NOT_SELECTED,ELIGIBLE_FOR_AFINO,ELIGIBLE_FOR_AFINO,,,BOTH_ELIGIBLE,0→0,0.4247077164090456,0.3986239943038541,0.4247077164090456
QUALITY_PDCSAP,P4_not_selected_qpp_pdcsap_all,P4,MATCHED_NOT_SELECTED,WEp1,P00,P02,F2V000745,F2V000747,NOT_SELECTED,INPUT_INADMISSIBLE,ELIGIBLE_FOR_AFINO,IRREGULAR_SAMPLING,,retained_indices_not_consecutive|interval_deviation_gt_0.001_s,VARIANT_INADMISSIBLE,,,,
QUALITY_SAP,P4_not_selected_qpp_pdcsap_all,P4,MATCHED_NOT_SELECTED,WEp1,P01,P03,F2V000746,F2V000748,NOT_SELECTED,INPUT_INADMISSIBLE,ELIGIBLE_FOR_AFINO,IRREGULAR_SAMPLING,,retained_indices_not_consecutive|interval_deviation_gt_0.001_s,VARIANT_INADMISSIBLE,,,,
DETREND_PDCSAP,P4_not_selected_qpp_pdcsap_all,P4,MATCHED_NOT_SELECTED,WEp1,P00,P04,F2V000745,F2V000749,NOT_SELECTED,NOT_SELECTED,ELIGIBLE_FOR_AFINO,ELIGIBLE_FOR_AFINO,,,BOTH_ELIGIBLE,0→0,0.45638651924920026,0.2964486331025711,0.45638651924920026
DETREND_SAP,P4_not_selected_qpp_pdcsap_all,P4,MATCHED_NOT_SELECTED,WEp1,P01,P05,F2V000746,F2V000750,NOT_SELECTED,NOT_SELECTED,ELIGIBLE_FOR_AFINO,ELIGIBLE_FOR_AFINO,,,BOTH_ELIGIBLE,0→0,-0.3371323778128925,-0.49618250112924756,-0.3371323778128925
FLUX_Q0,P4_not_selected_qpp_pdcsap_all,P4,MATCHED_NOT_SELECTED,WEp1,P02,P03,F2V000747,F2V000748,INPUT_INADMISSIBLE,INPUT_INADMISSIBLE,IRREGULAR_SAMPLING,IRREGULAR_SAMPLING,retained_indices_not_consecutive|interval_deviation_gt_0.001_s,retained_indices_not_consecutive|interval_deviation_gt_0.001_s,BOTH_INADMISSIBLE,,,,
FLUX_FINITE,P4_not_selected_qpp_pdcsap_all,P4,MATCHED_NOT_SELECTED,WEp2,P00,P01,F2V000751,F2V000752,NOT_SELECTED,NOT_SELECTED,ELIGIBLE_FOR_AFINO,ELIGIBLE_FOR_AFINO,,,BOTH_ELIGIBLE,0→0,-0.11037835772947346,-0.13550858621729844,-0.11037835772947346
QUALITY_PDCSAP,P4_not_selected_qpp_pdcsap_all,P4,MATCHED_NOT_SELECTED,WEp2,P00,P02,F2V000751,F2V000753,NOT_SELECTED,INPUT_INADMISSIBLE,ELIGIBLE_FOR_AFINO,IRREGULAR_SAMPLING,,retained_indices_not_consecutive|interval_deviation_gt_0.001_s,VARIANT_INADMISSIBLE,,,,
QUALITY_SAP,P4_not_selected_qpp_pdcsap_all,P4,MATCHED_NOT_SELECTED,WEp2,P01,P03,F2V000752,F2V000754,NOT_SELECTED,INPUT_INADMISSIBLE,ELIGIBLE_FOR_AFINO,IRREGULAR_SAMPLING,,retained_indices_not_consecutive|interval_deviation_gt_0.001_s,VARIANT_INADMISSIBLE,,,,
DETREND_PDCSAP,P4_not_selected_qpp_pdcsap_all,P4,MATCHED_NOT_SELECTED,WEp2,P00,P04,F2V000751,F2V000755,NOT_SELECTED,NOT_SELECTED,ELIGIBLE_FOR_AFINO,ELIGIBLE_FOR_AFINO,,,BOTH_ELIGIBLE,0→0,-0.01222730955881346,1.410810196269363,-0.01222730955881346
DETREND_SAP,P4_not_selected_qpp_pdcsap_all,P4,MATCHED_NOT_SELECTED,WEp2,P01,P05,F2V000752,F2V000756,NOT_SELECTED,NOT_SELECTED,ELIGIBLE_FOR_AFINO,ELIGIBLE_FOR_AFINO,,,BOTH_ELIGIBLE,0→0,-0.011619712962822604,1.4328849082898252,-0.011619712962822604
FLUX_Q0,P4_not_selected_qpp_pdcsap_all,P4,MATCHED_NOT_SELECTED,WEp2,P02,P03,F2V000753,F2V000754,INPUT_INADMISSIBLE,INPUT_INADMISSIBLE,IRREGULAR_SAMPLING,IRREGULAR_SAMPLING,retained_indices_not_consecutive|interval_deviation_gt_0.001_s,retained_indices_not_consecutive|interval_deviation_gt_0.001_s,BOTH_INADMISSIBLE,,,,
FLUX_FINITE,P4_not_selected_qpp_pdcsap_all,P4,MATCHED_NOT_SELECTED,WX1,P00,P01,F2V000757,F2V000758,NOT_SELECTED,NOT_SELECTED,ELIGIBLE_FOR_AFINO,ELIGIBLE_FOR_AFINO,,,BOTH_ELIGIBLE,0→0,-0.056706631322605006,-0.06141777546135074,-0.056706631322605006
QUALITY_PDCSAP,P4_not_selected_qpp_pdcsap_all,P4,MATCHED_NOT_SELECTED,WX1,P00,P02,F2V000757,F2V000759,NOT_SELECTED,INPUT_INADMISSIBLE,ELIGIBLE_FOR_AFINO,IRREGULAR_SAMPLING,,retained_indices_not_consecutive|interval_deviation_gt_0.001_s,VARIANT_INADMISSIBLE,,,,
QUALITY_SAP,P4_not_selected_qpp_pdcsap_all,P4,MATCHED_NOT_SELECTED,WX1,P01,P03,F2V000758,F2V000760,NOT_SELECTED,INPUT_INADMISSIBLE,ELIGIBLE_FOR_AFINO,IRREGULAR_SAMPLING,,retained_indices_not_consecutive|interval_deviation_gt_0.001_s,VARIANT_INADMISSIBLE,,,,
DETREND_PDCSAP,P4_not_selected_qpp_pdcsap_all,P4,MATCHED_NOT_SELECTED,WX1,P00,P04,F2V000757,F2V000761,NOT_SELECTED,NOT_SELECTED,ELIGIBLE_FOR_AFINO,ELIGIBLE_FOR_AFINO,,,BOTH_ELIGIBLE,0→0,0.01483060521182722,-2.035554216527416,0.01483060521182722
DETREND_SAP,P4_not_selected_qpp_pdcsap_all,P4,MATCHED_NOT_SELECTED,WX1,P01,P05,F2V000758,F2V000762,NOT_SELECTED,NOT_SELECTED,ELIGIBLE_FOR_AFINO,ELIGIBLE_FOR_AFINO,,,BOTH_ELIGIBLE,0→0,0.01506457086462376,-2.0545822116103807,0.01506457086462376
FLUX_Q0,P4_not_selected_qpp_pdcsap_all,P4,MATCHED_NOT_SELECTED,WX1,P02,P03,F2V000759,F2V000760,INPUT_INADMISSIBLE,INPUT_INADMISSIBLE,IRREGULAR_SAMPLING,IRREGULAR_SAMPLING,retained_indices_not_consecutive|interval_deviation_gt_0.001_s,retained_indices_not_consecutive|interval_deviation_gt_0.001_s,BOTH_INADMISSIBLE,,,,
FLUX_FINITE,P4_not_selected_qpp_pdcsap_all,P4,MATCHED_NOT_SELECTED,WC1,P00,P01,F2V000763,F2V000764,NOT_SELECTED,NOT_SELECTED,ELIGIBLE_FOR_AFINO,ELIGIBLE_FOR_AFINO,,,BOTH_ELIGIBLE,0→0,-0.036297322024481105,-0.049481117218718396,-0.036297322024481105
QUALITY_PDCSAP,P4_not_selected_qpp_pdcsap_all,P4,MATCHED_NOT_SELECTED,WC1,P00,P02,F2V000763,F2V000765,NOT_SELECTED,INPUT_INADMISSIBLE,ELIGIBLE_FOR_AFINO,IRREGULAR_SAMPLING,,retained_indices_not_consecutive|interval_deviation_gt_0.001_s,VARIANT_INADMISSIBLE,,,,
QUALITY_SAP,P4_not_selected_qpp_pdcsap_all,P4,MATCHED_NOT_SELECTED,WC1,P01,P03,F2V000764,F2V000766,NOT_SELECTED,INPUT_INADMISSIBLE,ELIGIBLE_FOR_AFINO,IRREGULAR_SAMPLING,,retained_indices_not_consecutive|interval_deviation_gt_0.001_s,VARIANT_INADMISSIBLE,,,,
DETREND_PDCSAP,P4_not_selected_qpp_pdcsap_all,P4,MATCHED_NOT_SELECTED,WC1,P00,P04,F2V000763,F2V000767,NOT_SELECTED,NOT_SELECTED,ELIGIBLE_FOR_AFINO,ELIGIBLE_FOR_AFINO,,,BOTH_ELIGIBLE,0→0,0.017711326137655803,-0.27860374405264565,0.01771132613765758
DETREND_SAP,P4_not_selected_qpp_pdcsap_all,P4,MATCHED_NOT_SELECTED,WC1,P01,P05,F2V000764,F2V000768,NOT_SELECTED,NOT_SELECTED,ELIGIBLE_FOR_AFINO,ELIGIBLE_FOR_AFINO,,,BOTH_ELIGIBLE,0→0,0.01832686704733355,-0.273096678072676,0.018326867047335327
FLUX_Q0,P4_not_selected_qpp_pdcsap_all,P4,MATCHED_NOT_SELECTED,WC1,P02,P03,F2V000765,F2V000766,INPUT_INADMISSIBLE,INPUT_INADMISSIBLE,IRREGULAR_SAMPLING,IRREGULAR_SAMPLING,retained_indices_not_consecutive|interval_deviation_gt_0.001_s,retained_indices_not_consecutive|interval_deviation_gt_0.001_s,BOTH_INADMISSIBLE,,,,
FLUX_FINITE,P4_not_selected_qpp_pdcsap_all,P4,MATCHED_NOT_SELECTED,WX2,P00,P01,F2V000769,F2V000770,NOT_SELECTED,NOT_SELECTED,ELIGIBLE_FOR_AFINO,ELIGIBLE_FOR_AFINO,,,BOTH_ELIGIBLE,0→0,-0.06773635692606206,-0.06176610000147065,-0.06773635692606206
QUALITY_PDCSAP,P4_not_selected_qpp_pdcsap_all,P4,MATCHED_NOT_SELECTED,WX2,P00,P02,F2V000769,F2V000771,NOT_SELECTED,INPUT_INADMISSIBLE,ELIGIBLE_FOR_AFINO,IRREGULAR_SAMPLING,,retained_indices_not_consecutive|interval_deviation_gt_0.001_s,VARIANT_INADMISSIBLE,,,,
QUALITY_SAP,P4_not_selected_qpp_pdcsap_all,P4,MATCHED_NOT_SELECTED,WX2,P01,P03,F2V000770,F2V000772,NOT_SELECTED,INPUT_INADMISSIBLE,ELIGIBLE_FOR_AFINO,IRREGULAR_SAMPLING,,retained_indices_not_consecutive|interval_deviation_gt_0.001_s,VARIANT_INADMISSIBLE,,,,
DETREND_PDCSAP,P4_not_selected_qpp_pdcsap_all,P4,MATCHED_NOT_SELECTED,WX2,P00,P04,F2V000769,F2V000773,NOT_SELECTED,NOT_SELECTED,ELIGIBLE_FOR_AFINO,ELIGIBLE_FOR_AFINO,,,BOTH_ELIGIBLE,0→0,0.01590454431831745,0.004899222658679037,0.01590454431831745
DETREND_SAP,P4_not_selected_qpp_pdcsap_all,P4,MATCHED_NOT_SELECTED,WX2,P01,P05,F2V000770,F2V000774,NOT_SELECTED,NOT_SELECTED,ELIGIBLE_FOR_AFINO,ELIGIBLE_FOR_AFINO,,,BOTH_ELIGIBLE,0→0,0.015964842228882503,-1.997999385792383,0.015964842228882503
FLUX_Q0,P4_not_selected_qpp_pdcsap_all,P4,MATCHED_NOT_SELECTED,WX2,P02,P03,F2V000771,F2V000772,INPUT_INADMISSIBLE,INPUT_INADMISSIBLE,IRREGULAR_SAMPLING,IRREGULAR_SAMPLING,retained_indices_not_consecutive|interval_deviation_gt_0.001_s,retained_indices_not_consecutive|interval_deviation_gt_0.001_s,BOTH_INADMISSIBLE,,,,
FLUX_FINITE,P4_not_selected_qpp_pdcsap_all,P4,MATCHED_NOT_SELECTED,WC2,P00,P01,F2V000775,F2V000776,NOT_SELECTED,NOT_SELECTED,ELIGIBLE_FOR_AFINO,ELIGIBLE_FOR_AFINO,,,BOTH_ELIGIBLE,0→0,-0.023742753142187212,-0.027064412458919662,-0.023742753142187212
QUALITY_PDCSAP,P4_not_selected_qpp_pdcsap_all,P4,MATCHED_NOT_SELECTED,WC2,P00,P02,F2V000775,F2V000777,NOT_SELECTED,INPUT_INADMISSIBLE,ELIGIBLE_FOR_AFINO,IRREGULAR_SAMPLING,,retained_indices_not_consecutive|interval_deviation_gt_0.001_s,VARIANT_INADMISSIBLE,,,,
QUALITY_SAP,P4_not_selected_qpp_pdcsap_all,P4,MATCHED_NOT_SELECTED,WC2,P01,P03,F2V000776,F2V000778,NOT_SELECTED,INPUT_INADMISSIBLE,ELIGIBLE_FOR_AFINO,IRREGULAR_SAMPLING,,retained_indices_not_consecutive|interval_deviation_gt_0.001_s,VARIANT_INADMISSIBLE,,,,
DETREND_PDCSAP,P4_not_selected_qpp_pdcsap_all,P4,MATCHED_NOT_SELECTED,WC2,P00,P04,F2V000775,F2V000779,NOT_SELECTED,NOT_SELECTED,ELIGIBLE_FOR_AFINO,ELIGIBLE_FOR_AFINO,,,BOTH_ELIGIBLE,0→0,0.016475409179749434,-0.2671352617349054,0.01647540917975121
DETREND_SAP,P4_not_selected_qpp_pdcsap_all,P4,MATCHED_NOT_SELECTED,WC2,P01,P05,F2V000776,F2V000780,NOT_SELECTED,NOT_SELECTED,ELIGIBLE_FOR_AFINO,ELIGIBLE_FOR_AFINO,,,BOTH_ELIGIBLE,0→0,0.017372678203807723,-0.2595507519685878,0.0173726782038095
FLUX_Q0,P4_not_selected_qpp_pdcsap_all,P4,MATCHED_NOT_SELECTED,WC2,P02,P03,F2V000777,F2V000778,INPUT_INADMISSIBLE,INPUT_INADMISSIBLE,IRREGULAR_SAMPLING,IRREGULAR_SAMPLING,retained_indices_not_consecutive|interval_deviation_gt_0.001_s,retained_indices_not_consecutive|interval_deviation_gt_0.001_s,BOTH_INADMISSIBLE,,,,
