planned_decision_id,decision_class,variant_id,event_id,pair_id,observational_role,window_variant_id,processing_profile_id,external_optimizer_seed,decision_status,valid_models,bic_m0,bic_m1,bic_m2,delta_bic_0_1,delta_bic_2_1,qpp_selected,formal_m1_period_s,period_label
F2D000001,primary,F2V000001,published_qpp_pdcsap_all,calibration_pair,PUBLISHED_QPP_REPRODUCED,W00,P00,0,VALID,3,16.19707458989889,-0.8161078583185848,13.763481838432536,17.013182448217474,14.579589696751121,True,68.52753981433278,recovered_period_selected
F2D000002,primary,F2V000002,published_qpp_pdcsap_all,calibration_pair,PUBLISHED_QPP_REPRODUCED,W00,P01,0,VALID,3,17.448036198432956,21.00425412862872,21.016231605477902,-3.556217930195764,0.011977476849182267,False,140.05949080934252,formal_m1_center_not_selected
F2D000003,primary,F2V000003,published_qpp_pdcsap_all,calibration_pair,PUBLISHED_QPP_REPRODUCED,W00,P02,0,VALID,3,16.19707458989889,-0.8161078583185848,13.763481838432536,17.013182448217474,14.579589696751121,True,68.52753981433278,recovered_period_selected
F2D000004,primary,F2V000004,published_qpp_pdcsap_all,calibration_pair,PUBLISHED_QPP_REPRODUCED,W00,P03,0,VALID,3,17.448036198432956,21.00425412862872,21.016231605477902,-3.556217930195764,0.011977476849182267,False,140.05949080934252,formal_m1_center_not_selected
F2D000005,primary,F2V000005,published_qpp_pdcsap_all,calibration_pair,PUBLISHED_QPP_REPRODUCED,W00,P04,0,VALID,3,16.26219983433513,0.11975563716541693,14.078548180164866,16.142444197169716,13.958792542999449,True,68.64536127240345,recovered_period_selected
F2D000006,primary,F2V000006,published_qpp_pdcsap_all,calibration_pair,PUBLISHED_QPP_REPRODUCED,W00,P05,0,VALID,3,17.455211567803616,20.99966280344912,21.024919096417065,-3.5444512356455036,0.025256292967945626,False,139.97507931923914,formal_m1_center_not_selected
F2D000007,primary,F2V000007,published_qpp_pdcsap_all,calibration_pair,PUBLISHED_QPP_REPRODUCED,WSm2,P00,0,VALID,3,8.562968678344326,11.416835007605744,10.427940255806863,-2.853866329261418,-0.9888947517988811,False,82.23682373254357,formal_m1_center_not_selected
F2D000008,primary,F2V000008,published_qpp_pdcsap_all,calibration_pair,PUBLISHED_QPP_REPRODUCED,WSm2,P01,0,VALID,3,17.073143801464063,20.078214449294087,20.67483452252611,-3.005070647830024,0.596620073232021,False,155.18109513522046,formal_m1_center_not_selected
F2D000009,primary,F2V000009,published_qpp_pdcsap_all,calibration_pair,PUBLISHED_QPP_REPRODUCED,WSm2,P02,0,VALID,3,8.562968678344326,11.416835007605744,10.427940255806863,-2.853866329261418,-0.9888947517988811,False,82.23682373254357,formal_m1_center_not_selected
F2D000010,primary,F2V000010,published_qpp_pdcsap_all,calibration_pair,PUBLISHED_QPP_REPRODUCED,WSm2,P03,0,VALID,3,17.073143801464063,20.078214449294087,20.67483452252611,-3.005070647830024,0.596620073232021,False,155.18109513522046,formal_m1_center_not_selected
F2D000011,primary,F2V000011,published_qpp_pdcsap_all,calibration_pair,PUBLISHED_QPP_REPRODUCED,WSm2,P04,0,VALID,3,4.544225496526235,8.021219525913741,6.675746553946878,-3.476994029387506,-1.3454729719668634,False,80.01563850823737,formal_m1_center_not_selected
F2D000012,primary,F2V000012,published_qpp_pdcsap_all,calibration_pair,PUBLISHED_QPP_REPRODUCED,WSm2,P05,0,VALID,3,16.33368041341814,20.480373663904494,19.916332757924142,-4.146693250486354,-0.5640409059803524,False,163.93321813403543,formal_m1_center_not_selected
F2D000013,primary,F2V000013,published_qpp_pdcsap_all,calibration_pair,PUBLISHED_QPP_REPRODUCED,WSm1,P00,0,VALID,3,15.251815478150185,12.678057382028337,15.626221902236068,2.573758096121848,2.9481645202077313,False,72.50684876935262,formal_m1_center_not_selected
F2D000014,primary,F2V000014,published_qpp_pdcsap_all,calibration_pair,PUBLISHED_QPP_REPRODUCED,WSm1,P01,0,VALID,3,17.145625348619724,19.985322307569838,20.499175605545673,-2.839696958950114,0.5138532979758352,False,147.1043845017069,formal_m1_center_not_selected
F2D000015,primary,F2V000015,published_qpp_pdcsap_all,calibration_pair,PUBLISHED_QPP_REPRODUCED,WSm1,P02,0,VALID,3,15.251815478150185,12.678057382028337,15.626221902236068,2.573758096121848,2.9481645202077313,False,72.50684876935262,formal_m1_center_not_selected
F2D000016,primary,F2V000016,published_qpp_pdcsap_all,calibration_pair,PUBLISHED_QPP_REPRODUCED,WSm1,P03,0,VALID,3,17.145625348619724,19.985322307569838,20.499175605545673,-2.839696958950114,0.5138532979758352,False,147.1043845017069,formal_m1_center_not_selected
F2D000017,primary,F2V000017,published_qpp_pdcsap_all,calibration_pair,PUBLISHED_QPP_REPRODUCED,WSm1,P04,0,VALID,3,13.215092642789283,10.891342562566372,13.364115118384092,2.3237500802229114,2.47277255581772,False,72.66047403210197,formal_m1_center_not_selected
F2D000018,primary,F2V000018,published_qpp_pdcsap_all,calibration_pair,PUBLISHED_QPP_REPRODUCED,WSm1,P05,0,VALID,3,17.096300379805843,20.411588514843157,20.436941521669517,-3.3152881350373136,0.02535300682636077,False,149.4983576788671,formal_m1_center_not_selected
F2D000043,primary,F2V000043,published_qpp_pdcsap_all,calibration_pair,PUBLISHED_QPP_REPRODUCED,WEp1,P00,0,VALID,3,16.30484495392835,6.153929180283786,16.690180905773534,10.150915773644563,10.536251725489748,True,69.15602581854422,recovered_period_selected
F2D000044,primary,F2V000044,published_qpp_pdcsap_all,calibration_pair,PUBLISHED_QPP_REPRODUCED,WEp1,P01,0,VALID,3,16.190142300834154,18.513092588245083,19.253652850664086,-2.3229502874109293,0.7405602624190024,False,136.34318135567335,formal_m1_center_not_selected
F2D000045,primary,F2V000045,published_qpp_pdcsap_all,calibration_pair,PUBLISHED_QPP_REPRODUCED,WEp1,P02,0,VALID,3,16.30484495392835,6.153929180283786,16.690180905773534,10.150915773644563,10.536251725489748,True,69.15602581854422,recovered_period_selected
F2D000046,primary,F2V000046,published_qpp_pdcsap_all,calibration_pair,PUBLISHED_QPP_REPRODUCED,WEp1,P03,0,VALID,3,16.190142300834154,18.513092588245083,19.253652850664086,-2.3229502874109293,0.7405602624190024,False,136.34318135567335,formal_m1_center_not_selected
F2D000047,primary,F2V000047,published_qpp_pdcsap_all,calibration_pair,PUBLISHED_QPP_REPRODUCED,WEp1,P04,0,VALID,3,16.86202036132172,7.67345295726105,17.477721741530193,9.188567404060668,9.804268784269143,False,69.10123819767823,formal_m1_center_not_selected
F2D000048,primary,F2V000048,published_qpp_pdcsap_all,calibration_pair,PUBLISHED_QPP_REPRODUCED,WEp1,P05,0,VALID,3,16.178785127059893,18.535145701884804,19.41179262513571,-2.3563605748249117,0.876646923250906,False,136.30001350068326,formal_m1_center_not_selected
F2D000049,primary,F2V000049,published_qpp_pdcsap_all,calibration_pair,PUBLISHED_QPP_REPRODUCED,WEp2,P00,0,VALID,3,16.829484360882386,11.146313132419882,18.419077942280364,5.683171228462504,7.272764809860481,False,69.1851162697432,formal_m1_center_not_selected
F2D000050,primary,F2V000050,published_qpp_pdcsap_all,calibration_pair,PUBLISHED_QPP_REPRODUCED,WEp2,P01,0,VALID,3,16.045219422656047,17.764967367327,19.0426155181474,-1.719747944670953,1.2776481508204007,False,140.5635570397241,formal_m1_center_not_selected
F2D000051,primary,F2V000051,published_qpp_pdcsap_all,calibration_pair,PUBLISHED_QPP_REPRODUCED,WEp2,P02,0,VALID,3,16.829484360882386,11.146313132419882,18.419077942280364,5.683171228462504,7.272764809860481,False,69.1851162697432,formal_m1_center_not_selected
F2D000052,primary,F2V000052,published_qpp_pdcsap_all,calibration_pair,PUBLISHED_QPP_REPRODUCED,WEp2,P03,0,VALID,3,16.045219422656047,17.764967367327,19.0426155181474,-1.719747944670953,1.2776481508204007,False,140.5635570397241,formal_m1_center_not_selected
F2D000053,primary,F2V000053,published_qpp_pdcsap_all,calibration_pair,PUBLISHED_QPP_REPRODUCED,WEp2,P04,0,VALID,3,17.730757489628694,12.271828595415041,19.43705572778679,5.458928894213653,7.165227132371751,False,69.14218190687353,formal_m1_center_not_selected
F2D000054,primary,F2V000054,published_qpp_pdcsap_all,calibration_pair,PUBLISHED_QPP_REPRODUCED,WEp2,P05,0,VALID,3,16.10659563127279,17.632868051624214,19.107563435515736,-1.5262724203514253,1.4746953838915218,False,140.43760862825016,formal_m1_center_not_selected
F2D000055,primary,F2V000055,published_qpp_pdcsap_all,calibration_pair,PUBLISHED_QPP_REPRODUCED,WX1,P00,0,VALID,3,13.640352267526644,6.183423949068615,10.624312477177936,7.456928318458029,4.440888528109321,False,75.704152806897,formal_m1_center_not_selected
F2D000056,primary,F2V000056,published_qpp_pdcsap_all,calibration_pair,PUBLISHED_QPP_REPRODUCED,WX1,P01,0,VALID,3,17.01440474553424,18.41028477412573,20.38494882411318,-1.3958800285914919,1.9746640499874495,False,148.06188711330478,formal_m1_center_not_selected
F2D000057,primary,F2V000057,published_qpp_pdcsap_all,calibration_pair,PUBLISHED_QPP_REPRODUCED,WX1,P02,0,VALID,3,13.640352267526644,6.183423949068615,10.624312477177936,7.456928318458029,4.440888528109321,False,75.704152806897,formal_m1_center_not_selected
F2D000058,primary,F2V000058,published_qpp_pdcsap_all,calibration_pair,PUBLISHED_QPP_REPRODUCED,WX1,P03,0,VALID,3,17.01440474553424,18.41028477412573,20.38494882411318,-1.3958800285914919,1.9746640499874495,False,148.06188711330478,formal_m1_center_not_selected
F2D000059,primary,F2V000059,published_qpp_pdcsap_all,calibration_pair,PUBLISHED_QPP_REPRODUCED,WX1,P04,0,VALID,3,11.89351416404936,4.585969657981851,8.782578778123531,7.30754450606751,4.19660912014168,False,76.0899326330699,formal_m1_center_not_selected
F2D000060,primary,F2V000060,published_qpp_pdcsap_all,calibration_pair,PUBLISHED_QPP_REPRODUCED,WX1,P05,0,VALID,3,17.09622726508395,18.995109985476567,20.466080616690213,-1.898882720392617,1.4709706312136461,False,149.08005705745035,formal_m1_center_not_selected
F2D000067,primary,F2V000067,published_qpp_pdcsap_all,calibration_pair,PUBLISHED_QPP_REPRODUCED,WX2,P00,0,VALID,3,7.819153036023525,8.342772438203951,8.623695401469123,-0.5236194021804268,0.2809229632651711,False,86.11771880248072,formal_m1_center_not_selected
F2D000068,primary,F2V000068,published_qpp_pdcsap_all,calibration_pair,PUBLISHED_QPP_REPRODUCED,WX2,P01,0,VALID,3,17.23047389104103,15.401604805557186,20.558706171702585,1.8288690854838432,5.157101366145399,False,151.7232284656436,formal_m1_center_not_selected
F2D000069,primary,F2V000069,published_qpp_pdcsap_all,calibration_pair,PUBLISHED_QPP_REPRODUCED,WX2,P02,0,VALID,3,7.819153036023525,8.342772438203951,8.623695401469123,-0.5236194021804268,0.2809229632651711,False,86.11771880248072,formal_m1_center_not_selected
F2D000070,primary,F2V000070,published_qpp_pdcsap_all,calibration_pair,PUBLISHED_QPP_REPRODUCED,WX2,P03,0,VALID,3,17.23047389104103,15.401604805557186,20.558706171702585,1.8288690854838432,5.157101366145399,False,151.7232284656436,formal_m1_center_not_selected
F2D000071,primary,F2V000071,published_qpp_pdcsap_all,calibration_pair,PUBLISHED_QPP_REPRODUCED,WX2,P04,0,VALID,3,2.4613671243153936,4.015207410209172,3.4957394297135327,-1.553840285893778,-0.519467980495639,False,84.66118822987099,formal_m1_center_not_selected
F2D000072,primary,F2V000072,published_qpp_pdcsap_all,calibration_pair,PUBLISHED_QPP_REPRODUCED,WX2,P05,0,VALID,3,17.77839537172601,19.91637095430419,21.095316364423713,-2.1379755825781785,1.1789454101195247,False,153.50897132891677,formal_m1_center_not_selected
F2D000079,primary,F2V000079,notselected_pdcsap_all,calibration_pair,MATCHED_NOT_SELECTED,W00,P00,0,VALID,3,2.5217520926165817,8.25531791071572,6.371951683241156,-5.733565818099137,-1.8833662274745633,False,49.97945473103294,formal_m1_center_not_selected
F2D000080,primary,F2V000080,notselected_pdcsap_all,calibration_pair,MATCHED_NOT_SELECTED,W00,P01,0,VALID,3,5.877822992036963,9.272108838517465,9.638038106404483,-3.3942858464805017,0.36592926788701874,False,45.92914030680811,formal_m1_center_not_selected
F2D000083,primary,F2V000083,notselected_pdcsap_all,calibration_pair,MATCHED_NOT_SELECTED,W00,P04,0,VALID,3,1.328907727089955,7.058238405353782,5.1747595446774595,-5.7293306782638265,-1.8834788606763224,False,49.04973615704655,formal_m1_center_not_selected
F2D000084,primary,F2V000084,notselected_pdcsap_all,calibration_pair,MATCHED_NOT_SELECTED,W00,P05,0,VALID,3,5.777675663686054,9.16246169385554,9.53402782896993,-3.3847860301694865,0.37156613511438863,False,45.92919598107799,formal_m1_center_not_selected
F2D000085,primary,F2V000085,notselected_pdcsap_all,calibration_pair,MATCHED_NOT_SELECTED,WSm2,P00,0,VALID,3,-4.145585759240004,1.624962811282348,-0.4657380903778403,-5.770548570522352,-2.0907009016601883,False,162.31605568482271,formal_m1_center_not_selected
F2D000086,primary,F2V000086,notselected_pdcsap_all,calibration_pair,MATCHED_NOT_SELECTED,WSm2,P01,0,VALID,3,-0.3877169612864124,2.449353782872766,2.6057205831867396,-2.8370707441591785,0.15636680031397354,False,45.07160747628686,formal_m1_center_not_selected
F2D000089,primary,F2V000089,notselected_pdcsap_all,calibration_pair,MATCHED_NOT_SELECTED,WSm2,P04,0,VALID,3,-5.318060299356607,0.35816943794590017,-1.7725075604150415,-5.676229737302507,-2.1306769983609417,False,182.00239087387456,formal_m1_center_not_selected
F2D000090,primary,F2V000090,notselected_pdcsap_all,calibration_pair,MATCHED_NOT_SELECTED,WSm2,P05,0,VALID,3,-1.2691537551942753,1.457525720398035,1.6450270567171064,-2.7266794755923103,0.1875013363190714,False,45.074687586235285,formal_m1_center_not_selected
F2D000091,primary,F2V000091,notselected_pdcsap_all,calibration_pair,MATCHED_NOT_SELECTED,WSm1,P00,0,VALID,3,0.9448873184324262,6.605443411684096,4.695139292539131,-5.660556093251669,-1.910304119144965,False,48.90420936914788,formal_m1_center_not_selected
F2D000092,primary,F2V000092,notselected_pdcsap_all,calibration_pair,MATCHED_NOT_SELECTED,WSm1,P01,0,VALID,3,1.8981043931546107,5.28357955157634,5.1568984942431735,-3.385475158421729,-0.12668105733316626,False,48.3410501759666,formal_m1_center_not_selected
F2D000095,primary,F2V000095,notselected_pdcsap_all,calibration_pair,MATCHED_NOT_SELECTED,WSm1,P04,0,VALID,3,-0.5798322906739224,5.03810927074065,3.071969752183775,-5.617941561414572,-1.9661395185568749,False,188.76968697714125,formal_m1_center_not_selected
F2D000096,primary,F2V000096,notselected_pdcsap_all,calibration_pair,MATCHED_NOT_SELECTED,WSm1,P05,0,VALID,3,0.825919128926667,4.09610247449011,4.0138264046111685,-3.2701833455634426,-0.0822760698789411,False,48.347988610272544,formal_m1_center_not_selected
F2D000121,primary,F2V000121,notselected_pdcsap_all,calibration_pair,MATCHED_NOT_SELECTED,WEp1,P00,0,VALID,3,1.5680490516652568,7.3090525064668554,5.404355717922534,-5.741003454801598,-1.9046967885443218,False,234.31702537611292,formal_m1_center_not_selected
F2D000122,primary,F2V000122,notselected_pdcsap_all,calibration_pair,MATCHED_NOT_SELECTED,WEp1,P01,0,VALID,3,3.192977022207795,6.237312942283664,7.055205157196055,-3.0443359200758686,0.8178922149123915,False,48.693549796747014,formal_m1_center_not_selected
F2D000125,primary,F2V000125,notselected_pdcsap_all,calibration_pair,MATCHED_NOT_SELECTED,WEp1,P04,0,VALID,3,1.105628192358679,6.835605821088693,4.953157681418907,-5.729977628730014,-1.882448139669786,False,232.20315669219698,formal_m1_center_not_selected
F2D000126,primary,F2V000126,notselected_pdcsap_all,calibration_pair,MATCHED_NOT_SELECTED,WEp1,P05,0,VALID,3,3.6200068665557583,6.722827651052086,7.487040220295525,-3.1028207844963274,0.7642125692434396,False,48.69077485571741,formal_m1_center_not_selected
F2D000127,primary,F2V000127,notselected_pdcsap_all,calibration_pair,MATCHED_NOT_SELECTED,WEp2,P00,0,VALID,3,-2.935552581383475,2.8084095305905343,1.0804869525997294,-5.743962111974009,-1.727922577990805,False,49.04921057559891,formal_m1_center_not_selected
F2D000128,primary,F2V000128,notselected_pdcsap_all,calibration_pair,MATCHED_NOT_SELECTED,WEp2,P01,0,VALID,3,0.902915507970536,4.676510191012824,5.049744062732119,-3.7735946830422877,0.3732338717192949,False,46.748839582900956,formal_m1_center_not_selected
F2D000131,primary,F2V000131,notselected_pdcsap_all,calibration_pair,MATCHED_NOT_SELECTED,WEp2,P04,0,VALID,3,-2.121441636353528,3.6349140576314767,1.9003185296333456,-5.756355693985005,-1.734595527998131,False,49.059266966765435,formal_m1_center_not_selected
F2D000132,primary,F2V000132,notselected_pdcsap_all,calibration_pair,MATCHED_NOT_SELECTED,WEp2,P05,0,VALID,3,2.4640786000495813,6.419863514536848,6.619350544908714,-3.9557849144872668,0.19948703037186633,False,46.734060355582464,formal_m1_center_not_selected
F2D000133,primary,F2V000133,notselected_pdcsap_all,calibration_pair,MATCHED_NOT_SELECTED,WX1,P00,0,VALID,3,-2.3449785053616887,3.521334381093965,1.7507153247159888,-5.8663128864556535,-1.770619056377976,False,46.564611138784166,formal_m1_center_not_selected
F2D000134,primary,F2V000134,notselected_pdcsap_all,calibration_pair,MATCHED_NOT_SELECTED,WX1,P01,0,VALID,3,1.0585963753122831,4.138137427438922,5.079557849154606,-3.079541052126639,0.9414204217156836,False,45.08922676439072,formal_m1_center_not_selected
F2D000137,primary,F2V000137,notselected_pdcsap_all,calibration_pair,MATCHED_NOT_SELECTED,WX1,P04,0,VALID,3,-4.005165756360946,1.8409485347777519,0.03228590865972514,-5.846114291138698,-1.8086626261180268,False,46.60107802798112,formal_m1_center_not_selected
F2D000138,primary,F2V000138,notselected_pdcsap_all,calibration_pair,MATCHED_NOT_SELECTED,WX1,P05,0,VALID,3,-0.17268837319082753,2.7925084884138904,3.517314422497023,-2.965196861604718,0.7248059340831325,False,45.08823201513195,formal_m1_center_not_selected
F2D000145,primary,F2V000145,notselected_pdcsap_all,calibration_pair,MATCHED_NOT_SELECTED,WX2,P00,0,VALID,3,-8.082990079657346,-2.065306169037065,-3.935280802918202,-6.017683910620281,-1.869974633881137,False,47.82138364387493,formal_m1_center_not_selected
F2D000146,primary,F2V000146,notselected_pdcsap_all,calibration_pair,MATCHED_NOT_SELECTED,WX2,P01,0,VALID,3,-3.4900597639697972,-0.5882288419558499,0.5237693131778922,-2.9018309220139473,1.1119981551337421,False,45.61011339025,formal_m1_center_not_selected
F2D000149,primary,F2V000149,notselected_pdcsap_all,calibration_pair,MATCHED_NOT_SELECTED,WX2,P04,0,VALID,3,-9.781164970449524,-3.78445201446441,-5.712035668170296,-5.996712955985114,-1.9275836537058861,False,47.85476682066273,formal_m1_center_not_selected
F2D000150,primary,F2V000150,notselected_pdcsap_all,calibration_pair,MATCHED_NOT_SELECTED,WX2,P05,0,VALID,3,-4.885569371932079,-2.0934120696017366,-0.7181857020340896,-2.7921573023303425,1.375226367567647,False,45.638414858259566,formal_m1_center_not_selected
F2D000157,primary,F2V000157,P1_published_qpp_pdcsap_all,P1,PUBLISHED_QPP_REPRODUCED,W00,P00,0,VALID,3,-45.31829188713425,-62.87625612322601,-42.8886930198791,17.557964236091756,19.987563103346908,True,56.05824516433813,recovered_period_selected
F2D000158,primary,F2V000158,P1_published_qpp_pdcsap_all,P1,PUBLISHED_QPP_REPRODUCED,W00,P01,0,VALID,3,-26.97455252379938,-43.370810804680055,-23.457461641970106,16.396258280880673,19.91334916270995,True,55.74228038434222,recovered_period_selected
F2D000161,primary,F2V000161,P1_published_qpp_pdcsap_all,P1,PUBLISHED_QPP_REPRODUCED,W00,P04,0,VALID,3,-42.00460266819137,-59.24335223203337,-39.53018803177669,17.238749563842,19.713164200256678,True,56.06036161527444,recovered_period_selected
F2D000162,primary,F2V000162,P1_published_qpp_pdcsap_all,P1,PUBLISHED_QPP_REPRODUCED,W00,P05,0,VALID,3,-23.69700795042193,-39.84953020476776,-20.11409324627077,16.15252225434583,19.73543695849699,True,55.74988906642899,recovered_period_selected
F2D000163,primary,F2V000163,P1_published_qpp_pdcsap_all,P1,PUBLISHED_QPP_REPRODUCED,WSm2,P00,0,VALID,3,-53.96340901746265,-71.68170323342099,-52.70862469282469,17.718294215958338,18.973078540596298,True,55.48077942790212,recovered_period_selected
F2D000164,primary,F2V000164,P1_published_qpp_pdcsap_all,P1,PUBLISHED_QPP_REPRODUCED,WSm2,P01,0,VALID,3,-35.10169427010668,-50.377842035020734,-30.304607920301095,15.276147764914057,20.07323411471964,True,56.93728310605459,recovered_period_selected
F2D000167,primary,F2V000167,P1_published_qpp_pdcsap_all,P1,PUBLISHED_QPP_REPRODUCED,WSm2,P04,0,VALID,3,-55.79554932692157,-73.53996793663461,-54.52959762833389,17.744418609713044,19.010370308300722,True,55.48041601410182,recovered_period_selected
F2D000168,primary,F2V000168,P1_published_qpp_pdcsap_all,P1,PUBLISHED_QPP_REPRODUCED,WSm2,P05,0,VALID,3,-36.841609792134236,-52.16442774046233,-34.42730036254376,15.322817948328094,17.73712737791857,True,56.962293139423565,recovered_period_selected
F2D000169,primary,F2V000169,P1_published_qpp_pdcsap_all,P1,PUBLISHED_QPP_REPRODUCED,WSm1,P00,0,VALID,3,-46.08721459239415,-57.80410151692029,-44.295940886583544,11.716886924526143,13.508160630336747,True,56.48804109633609,recovered_period_selected
F2D000170,primary,F2V000170,P1_published_qpp_pdcsap_all,P1,PUBLISHED_QPP_REPRODUCED,WSm1,P01,0,VALID,3,-28.343586175189692,-40.58577729989225,-25.399004366508954,12.242191124702558,15.186772933383295,True,57.06830498268018,recovered_period_selected
F2D000173,primary,F2V000173,P1_published_qpp_pdcsap_all,P1,PUBLISHED_QPP_REPRODUCED,WSm1,P04,0,VALID,3,-46.096166742981005,-57.81365735842645,-44.30496180452672,11.717490615445442,13.508695553899727,True,56.48809821324124,recovered_period_selected
F2D000174,primary,F2V000174,P1_published_qpp_pdcsap_all,P1,PUBLISHED_QPP_REPRODUCED,WSm1,P05,0,VALID,3,-28.17314112880335,-40.40105011320946,-25.225363467635702,12.227908984406106,15.175686645573755,True,57.06593152137112,recovered_period_selected
F2D000175,primary,F2V000175,P1_published_qpp_pdcsap_all,P1,PUBLISHED_QPP_REPRODUCED,WSp1,P00,0,VALID,3,-37.8262873631456,-49.077844095176,-34.827146782203194,11.251556732030394,14.250697312972804,True,55.02136524119224,recovered_period_selected
F2D000176,primary,F2V000176,P1_published_qpp_pdcsap_all,P1,PUBLISHED_QPP_REPRODUCED,WSp1,P01,0,VALID,3,-20.561352255688906,-30.268818748993816,-16.609522097812025,9.70746649330491,13.65929665118179,False,54.88512823284686,formal_m1_center_not_selected
F2D000179,primary,F2V000179,P1_published_qpp_pdcsap_all,P1,PUBLISHED_QPP_REPRODUCED,WSp1,P04,0,VALID,3,-29.1655356836409,-40.05956296061796,-25.04721874246458,10.89402727697706,15.01234421815338,True,55.018510745547566,recovered_period_selected
F2D000180,primary,F2V000180,P1_published_qpp_pdcsap_all,P1,PUBLISHED_QPP_REPRODUCED,WSp1,P05,0,VALID,3,-11.596204219340947,-21.159677469746107,-6.790624602214804,9.56347325040516,14.369052867531304,False,54.85156020693596,formal_m1_center_not_selected
F2D000181,primary,F2V000181,P1_published_qpp_pdcsap_all,P1,PUBLISHED_QPP_REPRODUCED,WSp2,P00,0,VALID,3,-37.07513973254085,-49.07355469395318,-33.50020816806107,11.99841496141233,15.573346525892106,True,56.73490417617328,recovered_period_selected
F2D000182,primary,F2V000182,P1_published_qpp_pdcsap_all,P1,PUBLISHED_QPP_REPRODUCED,WSp2,P01,0,VALID,3,-18.97183224307129,-28.5754495407164,-14.137702253873405,9.603617297645108,14.437747286842994,False,56.3498347582025,formal_m1_center_not_selected
F2D000185,primary,F2V000185,P1_published_qpp_pdcsap_all,P1,PUBLISHED_QPP_REPRODUCED,WSp2,P04,0,VALID,3,-17.873372660889842,-28.765999629208125,-13.23055551517861,10.892626968318282,15.535444114029515,True,56.643541091634596,recovered_period_selected
F2D000186,primary,F2V000186,P1_published_qpp_pdcsap_all,P1,PUBLISHED_QPP_REPRODUCED,WSp2,P05,0,VALID,3,0.7523134047212823,-8.271388964510457,5.471341425011898,9.023702369231739,13.742730389522356,False,56.28487588312734,formal_m1_center_not_selected
F2D000187,primary,F2V000187,P1_published_qpp_pdcsap_all,P1,PUBLISHED_QPP_REPRODUCED,WEm2,P00,0,VALID,3,-37.342576053783404,-51.74520220433279,-32.9741429861975,14.402626150549388,18.771059218135292,True,55.18136243576271,recovered_period_selected
F2D000188,primary,F2V000188,P1_published_qpp_pdcsap_all,P1,PUBLISHED_QPP_REPRODUCED,WEm2,P01,0,VALID,3,-21.491681299085425,-35.373419459335345,-17.93859717860316,13.88173816024992,17.434822280732185,True,56.82526561320536,recovered_period_selected
F2D000191,primary,F2V000191,P1_published_qpp_pdcsap_all,P1,PUBLISHED_QPP_REPRODUCED,WEm2,P04,0,VALID,3,-37.1226661332405,-51.499938291965826,-34.10898097153157,14.377272158725326,17.390957320434254,True,55.17243428201627,recovered_period_selected
F2D000192,primary,F2V000192,P1_published_qpp_pdcsap_all,P1,PUBLISHED_QPP_REPRODUCED,WEm2,P05,0,VALID,3,-21.33685552815207,-35.20229157301881,-18.145796191740175,13.86543604486674,17.056495381278637,True,56.82540999223177,recovered_period_selected
F2D000193,primary,F2V000193,P1_published_qpp_pdcsap_all,P1,PUBLISHED_QPP_REPRODUCED,WEm1,P00,0,VALID,3,-37.88442894214836,-51.36444125285943,-34.69494883871239,13.480012310711068,16.669492414147037,True,55.371587823496036,recovered_period_selected
F2D000194,primary,F2V000194,P1_published_qpp_pdcsap_all,P1,PUBLISHED_QPP_REPRODUCED,WEm1,P01,0,VALID,3,-21.836367904197377,-33.5225505304772,-18.522476167383473,11.68618262627982,15.000074363093724,True,55.64312498514354,recovered_period_selected
F2D000197,primary,F2V000197,P1_published_qpp_pdcsap_all,P1,PUBLISHED_QPP_REPRODUCED,WEm1,P04,0,VALID,3,-36.31506907978809,-49.57155077769345,-34.02845097138185,13.256481697905365,15.543099806311602,True,55.37290499995594,recovered_period_selected
F2D000198,primary,F2V000198,P1_published_qpp_pdcsap_all,P1,PUBLISHED_QPP_REPRODUCED,WEm1,P05,0,VALID,3,-20.273958094970403,-31.843229093547997,-16.9184508623608,11.569270998577593,14.924778231187197,True,55.61991264025623,recovered_period_selected
F2D000199,primary,F2V000199,P1_published_qpp_pdcsap_all,P1,PUBLISHED_QPP_REPRODUCED,WEp1,P00,0,VALID,3,-45.90859763270536,-56.755811766777164,-41.26824129536347,10.847214134071805,15.487570471413697,True,56.355560999890656,recovered_period_selected
F2D000200,primary,F2V000200,P1_published_qpp_pdcsap_all,P1,PUBLISHED_QPP_REPRODUCED,WEp1,P01,0,VALID,3,-26.92896263231313,-37.4243338094523,-22.046880504442065,10.49537117713917,15.377453305010235,True,56.91299706481766,recovered_period_selected
F2D000203,primary,F2V000203,P1_published_qpp_pdcsap_all,P1,PUBLISHED_QPP_REPRODUCED,WEp1,P04,0,VALID,3,-41.3113141028271,-51.83879114159176,-38.73799080924534,10.527477038764665,13.100800332346424,True,56.33429833754604,recovered_period_selected
F2D000204,primary,F2V000204,P1_published_qpp_pdcsap_all,P1,PUBLISHED_QPP_REPRODUCED,WEp1,P05,0,VALID,3,-22.71324490854299,-32.98763586954073,-17.82488751721351,10.274390960997742,15.16274835232722,True,56.87542576025297,recovered_period_selected
F2D000205,primary,F2V000205,P1_published_qpp_pdcsap_all,P1,PUBLISHED_QPP_REPRODUCED,WEp2,P00,0,VALID,3,-53.96326177976801,-70.70966131458593,-51.25699579789226,16.746399534817918,19.45266551669367,True,55.07923857445471,recovered_period_selected
F2D000206,primary,F2V000206,P1_published_qpp_pdcsap_all,P1,PUBLISHED_QPP_REPRODUCED,WEp2,P01,0,VALID,3,-32.46950248713307,-43.31918221953447,-28.711655686440032,10.849679732401398,14.607526533094436,True,56.492279947618975,recovered_period_selected
F2D000209,primary,F2V000209,P1_published_qpp_pdcsap_all,P1,PUBLISHED_QPP_REPRODUCED,WEp2,P04,0,VALID,3,-46.9376244085793,-63.32065253523757,-44.1606519868202,16.383028126658267,19.160000548417372,True,55.06226958046655,recovered_period_selected
F2D000210,primary,F2V000210,P1_published_qpp_pdcsap_all,P1,PUBLISHED_QPP_REPRODUCED,WEp2,P05,0,VALID,3,-25.782619848165975,-36.41237707419386,-20.755983180137505,10.629757226027888,15.656393894056357,True,54.96048253445453,recovered_period_selected
F2D000211,primary,F2V000211,P1_published_qpp_pdcsap_all,P1,PUBLISHED_QPP_REPRODUCED,WX1,P00,0,VALID,3,-53.42824063931871,-70.860288661424,-51.478788008332884,17.432048022105285,19.38150065309111,True,55.26057250014832,recovered_period_selected
F2D000212,primary,F2V000212,P1_published_qpp_pdcsap_all,P1,PUBLISHED_QPP_REPRODUCED,WX1,P01,0,VALID,3,-33.08796724529827,-46.01855537793605,-30.001116148781705,12.93058813263778,16.01743922915435,True,56.673562953820706,recovered_period_selected
F2D000215,primary,F2V000215,P1_published_qpp_pdcsap_all,P1,PUBLISHED_QPP_REPRODUCED,WX1,P04,0,VALID,3,-52.4834395281089,-69.85797288808944,-50.529593894828366,17.374533359980532,19.32837899326107,True,55.25813538310222,recovered_period_selected
F2D000216,primary,F2V000216,P1_published_qpp_pdcsap_all,P1,PUBLISHED_QPP_REPRODUCED,WX1,P05,0,VALID,3,-32.25150061109495,-45.14808777590149,-29.154359186202157,12.89658716480654,15.99372858969933,True,56.664760704116745,recovered_period_selected
F2D000217,primary,F2V000217,P1_published_qpp_pdcsap_all,P1,PUBLISHED_QPP_REPRODUCED,WC1,P00,0,VALID,3,-36.64764450692347,-51.051592340556276,-32.93945695349354,14.403947833632806,18.112135387062736,True,55.89228218995164,recovered_period_selected
F2D000218,primary,F2V000218,P1_published_qpp_pdcsap_all,P1,PUBLISHED_QPP_REPRODUCED,WC1,P01,0,VALID,3,-19.786379543783855,-32.2827441109713,-15.72713009636781,12.496364567187445,16.555614014603492,True,56.346003141201024,recovered_period_selected
F2D000221,primary,F2V000221,P1_published_qpp_pdcsap_all,P1,PUBLISHED_QPP_REPRODUCED,WC1,P04,0,VALID,3,-29.981489051523926,-44.05048880256524,-26.06665839825714,14.068999751041314,17.9838304043081,True,54.55426720737119,recovered_period_selected
F2D000222,primary,F2V000222,P1_published_qpp_pdcsap_all,P1,PUBLISHED_QPP_REPRODUCED,WC1,P05,0,VALID,3,-12.834800516947059,-24.893291396271174,-8.083074917333102,12.058490879324115,16.810216478938074,True,56.305775751878166,recovered_period_selected
F2D000223,primary,F2V000223,P1_published_qpp_pdcsap_all,P1,PUBLISHED_QPP_REPRODUCED,WX2,P00,0,VALID,3,-61.74660205271164,-79.92133090610176,-60.173874313784864,18.17472885339012,19.747456592316894,True,56.55003605171288,recovered_period_selected
F2D000224,primary,F2V000224,P1_published_qpp_pdcsap_all,P1,PUBLISHED_QPP_REPRODUCED,WX2,P01,0,VALID,3,-40.0914838809187,-55.60511910801708,-37.41927923686418,15.513635227098376,18.1858398711529,True,56.874010124025375,recovered_period_selected
F2D000227,primary,F2V000227,P1_published_qpp_pdcsap_all,P1,PUBLISHED_QPP_REPRODUCED,WX2,P04,0,VALID,3,-61.93686189164333,-80.12005956483101,-60.37747901252325,18.183197673187678,19.742580552307757,True,56.55037457923839,recovered_period_selected
F2D000228,primary,F2V000228,P1_published_qpp_pdcsap_all,P1,PUBLISHED_QPP_REPRODUCED,WX2,P05,0,VALID,3,-40.4238901204336,-55.95489413986998,-37.75306061697737,15.53100401943638,18.201833522892606,True,56.875001327554784,recovered_period_selected
F2D000229,primary,F2V000229,P1_published_qpp_pdcsap_all,P1,PUBLISHED_QPP_REPRODUCED,WC2,P00,0,VALID,3,-27.977428785198132,-39.63100200381075,-24.683944472762086,11.653573218612618,14.947057531048664,True,55.06265688856386,recovered_period_selected
F2D000230,primary,F2V000230,P1_published_qpp_pdcsap_all,P1,PUBLISHED_QPP_REPRODUCED,WC2,P01,0,VALID,3,-12.788900952341706,-24.856291812358698,-8.82818671630027,12.067390860016992,16.02810509605843,True,54.94650988675488,recovered_period_selected
F2D000233,primary,F2V000233,P1_published_qpp_pdcsap_all,P1,PUBLISHED_QPP_REPRODUCED,WC2,P04,0,VALID,3,-15.521883161443043,-26.194981958955346,-11.048084148294723,10.673098797512303,15.146897810660622,True,55.020219413700225,recovered_period_selected
F2D000234,primary,F2V000234,P1_published_qpp_pdcsap_all,P1,PUBLISHED_QPP_REPRODUCED,WC2,P05,0,VALID,3,-0.01825314914871612,-11.354357515118535,4.243952685641265,11.336104365969819,15.5983102007598,True,54.927653948612,recovered_period_selected
F2D000235,primary,F2V000235,P1_not_selected_qpp_pdcsap_all,P1,MATCHED_NOT_SELECTED,W00,P00,0,VALID,3,-43.804738825869975,-37.95999313846604,-39.39587281446782,-5.844745687403936,-1.4358796760017825,False,104.41478485447266,formal_m1_center_not_selected
F2D000236,primary,F2V000236,P1_not_selected_qpp_pdcsap_all,P1,MATCHED_NOT_SELECTED,W00,P01,0,VALID,3,-26.14538536040257,-24.01636716470211,-20.774898047653934,-2.1290181957004606,3.241469117048176,False,68.16270323749632,formal_m1_center_not_selected
F2D000239,primary,F2V000239,P1_not_selected_qpp_pdcsap_all,P1,MATCHED_NOT_SELECTED,W00,P04,0,VALID,3,-33.97779219329452,-27.940748109941772,-29.351182151605443,-6.037044083352747,-1.4104340416636703,False,104.37734951699451,formal_m1_center_not_selected
F2D000240,primary,F2V000240,P1_not_selected_qpp_pdcsap_all,P1,MATCHED_NOT_SELECTED,W00,P05,0,VALID,3,-16.871423042832042,-14.681700745173034,-13.185651186520554,-2.1897222976590083,1.49604955865248,False,68.1630926016753,formal_m1_center_not_selected
F2D000241,primary,F2V000241,P1_not_selected_qpp_pdcsap_all,P1,MATCHED_NOT_SELECTED,WSm2,P00,0,VALID,3,-54.470660633559234,-48.33673632922086,-50.71875092547616,-6.133924304338372,-2.3820145962552957,False,103.80868351520998,formal_m1_center_not_selected
F2D000242,primary,F2V000242,P1_not_selected_qpp_pdcsap_all,P1,MATCHED_NOT_SELECTED,WSm2,P01,0,VALID,3,-34.84721068044874,-35.304544794846485,-31.591533351120173,0.45733411439774585,3.7130114437263124,False,68.33806233100927,formal_m1_center_not_selected
F2D000245,primary,F2V000245,P1_not_selected_qpp_pdcsap_all,P1,MATCHED_NOT_SELECTED,WSm2,P04,0,VALID,3,-52.57408146657416,-46.392432590103944,-47.5846133619942,-6.181648876470213,-1.192180771890257,False,103.75705636240939,formal_m1_center_not_selected
F2D000246,primary,F2V000246,P1_not_selected_qpp_pdcsap_all,P1,MATCHED_NOT_SELECTED,WSm2,P05,0,VALID,3,-33.406053573327576,-33.85176246380858,-30.13321859661215,0.4457088904810078,3.718543867196434,False,68.33862878828235,formal_m1_center_not_selected
F2D000247,primary,F2V000247,P1_not_selected_qpp_pdcsap_all,P1,MATCHED_NOT_SELECTED,WSm1,P00,0,VALID,3,-48.27844281465597,-41.91674521511267,-44.44249370817501,-6.361697599543298,-2.5257484930623377,False,40.0,formal_m1_center_not_selected
F2D000248,primary,F2V000248,P1_not_selected_qpp_pdcsap_all,P1,MATCHED_NOT_SELECTED,WSm1,P01,0,VALID,3,-31.074236244280563,-30.090903886029373,-27.613921748094267,-0.9833323582511895,2.4769821379351065,False,67.70380203168794,formal_m1_center_not_selected
F2D000251,primary,F2V000251,P1_not_selected_qpp_pdcsap_all,P1,MATCHED_NOT_SELECTED,WSm1,P04,0,VALID,3,-42.47159125954266,-36.22213346971116,-38.53518853332953,-6.249457789831503,-2.3130550636183713,False,40.0,formal_m1_center_not_selected
F2D000252,primary,F2V000252,P1_not_selected_qpp_pdcsap_all,P1,MATCHED_NOT_SELECTED,WSm1,P05,0,VALID,3,-25.78249275317186,-24.76106997665287,-20.318240749204183,-1.021422776518989,4.442829227448687,False,67.70386040790048,formal_m1_center_not_selected
F2D000253,primary,F2V000253,P1_not_selected_qpp_pdcsap_all,P1,MATCHED_NOT_SELECTED,WSp1,P00,0,VALID,3,-37.80421777909961,-32.229868873118974,-32.50184982676988,-5.574348905980635,-0.27198095365090325,False,40.0,formal_m1_center_not_selected
F2D000254,primary,F2V000254,P1_not_selected_qpp_pdcsap_all,P1,MATCHED_NOT_SELECTED,WSp1,P01,0,VALID,3,-22.031484258348435,-19.037442299847804,-18.235703493323044,-2.994041958500631,0.8017388065247602,False,68.88383476593542,formal_m1_center_not_selected
F2D000257,primary,F2V000257,P1_not_selected_qpp_pdcsap_all,P1,MATCHED_NOT_SELECTED,WSp1,P04,0,VALID,3,-20.971285471180256,-15.709071137276135,-15.569000679308479,-5.2622143339041205,0.14007045796765638,False,40.0,formal_m1_center_not_selected
F2D000258,primary,F2V000258,P1_not_selected_qpp_pdcsap_all,P1,MATCHED_NOT_SELECTED,WSp1,P05,0,VALID,3,-4.783774044131648,1.908872053142046,0.6302004029620516,-6.692646097273694,-1.2786716501799944,False,277.02653310696246,formal_m1_center_not_selected
F2D000259,primary,F2V000259,P1_not_selected_qpp_pdcsap_all,P1,MATCHED_NOT_SELECTED,WSp2,P00,0,VALID,3,-34.204787807483854,-28.267085514286833,-29.391439949416338,-5.93770229319702,-1.1243544351295043,False,100.39114485855961,formal_m1_center_not_selected
F2D000260,primary,F2V000260,P1_not_selected_qpp_pdcsap_all,P1,MATCHED_NOT_SELECTED,WSp2,P01,0,VALID,3,-17.98298982018384,-14.884851741053241,-14.059128655899295,-3.0981380791305977,0.8257230851539461,False,68.2985553062178,formal_m1_center_not_selected
F2D000263,primary,F2V000263,P1_not_selected_qpp_pdcsap_all,P1,MATCHED_NOT_SELECTED,WSp2,P04,0,VALID,3,-9.188300033251032,-3.071586506995887,-4.0026941072676205,-6.116713526255145,-0.9311076002717336,False,40.0,formal_m1_center_not_selected
F2D000264,primary,F2V000264,P1_not_selected_qpp_pdcsap_all,P1,MATCHED_NOT_SELECTED,WSp2,P05,0,VALID,3,6.495752543519621,9.717814876936385,11.803052178068908,-3.2220623334167646,2.0852373011325227,False,68.2972529202768,formal_m1_center_not_selected
F2D000265,primary,F2V000265,P1_not_selected_qpp_pdcsap_all,P1,MATCHED_NOT_SELECTED,WEm2,P00,0,VALID,3,-40.29265456582969,-34.31493269019953,-35.94688727213274,-5.977721875630166,-1.6319545819332149,False,99.58466357948511,formal_m1_center_not_selected
F2D000266,primary,F2V000266,P1_not_selected_qpp_pdcsap_all,P1,MATCHED_NOT_SELECTED,WEm2,P01,0,VALID,3,-23.281017336479266,-22.292843874770753,-19.988885457332955,-0.988173461708513,2.303958417437798,False,67.91133952064907,formal_m1_center_not_selected
F2D000269,primary,F2V000269,P1_not_selected_qpp_pdcsap_all,P1,MATCHED_NOT_SELECTED,WEm2,P04,0,VALID,3,-34.72499502250821,-28.62408154801274,-30.204636859652048,-6.100913474495471,-1.5805553116393085,False,99.56320925159696,formal_m1_center_not_selected
F2D000270,primary,F2V000270,P1_not_selected_qpp_pdcsap_all,P1,MATCHED_NOT_SELECTED,WEm2,P05,0,VALID,3,-18.268141732553595,-17.238130354363236,-13.082679210698645,-1.030011378190359,4.155451143664591,False,67.91039299668158,formal_m1_center_not_selected
F2D000271,primary,F2V000271,P1_not_selected_qpp_pdcsap_all,P1,MATCHED_NOT_SELECTED,WEm1,P00,0,VALID,3,-41.35934757516848,-35.170806240599795,-37.2949575638825,-6.188541334568683,-2.124151323282703,False,40.0,formal_m1_center_not_selected
F2D000272,primary,F2V000272,P1_not_selected_qpp_pdcsap_all,P1,MATCHED_NOT_SELECTED,WEm1,P01,0,VALID,3,-25.455583869115543,-23.44500680336759,-21.964675538264615,-2.0105770657479525,1.4803312651029756,False,68.66572862819609,formal_m1_center_not_selected
F2D000275,primary,F2V000275,P1_not_selected_qpp_pdcsap_all,P1,MATCHED_NOT_SELECTED,WEm1,P04,0,VALID,3,-33.464441955226064,-27.412836234185605,-29.246084185621996,-6.05160572104046,-1.833247951436391,False,40.0,formal_m1_center_not_selected
F2D000276,primary,F2V000276,P1_not_selected_qpp_pdcsap_all,P1,MATCHED_NOT_SELECTED,WEm1,P05,0,VALID,3,-18.2795168344079,-16.22254959007241,-12.91717247184623,-2.056967244335489,3.305377118226181,False,68.66645453447563,formal_m1_center_not_selected
F2D000277,primary,F2V000277,P1_not_selected_qpp_pdcsap_all,P1,MATCHED_NOT_SELECTED,WEp1,P00,0,VALID,3,-44.9183855544188,-39.180941056167796,-39.470218143074746,-5.737444498251001,-0.2892770869069494,False,40.0,formal_m1_center_not_selected
F2D000278,primary,F2V000278,P1_not_selected_qpp_pdcsap_all,P1,MATCHED_NOT_SELECTED,WEp1,P01,0,VALID,3,-28.03207663175835,-25.814932327548476,-22.51439266072091,-2.2171443042098744,3.3005396668275644,False,67.96854987636843,formal_m1_center_not_selected
F2D000281,primary,F2V000281,P1_not_selected_qpp_pdcsap_all,P1,MATCHED_NOT_SELECTED,WEp1,P04,0,VALID,3,-31.92781834629512,-26.454531658330964,-26.41620530479882,-5.473286687964155,0.03832635353214542,False,40.0,formal_m1_center_not_selected
F2D000282,primary,F2V000282,P1_not_selected_qpp_pdcsap_all,P1,MATCHED_NOT_SELECTED,WEp1,P05,0,VALID,3,-15.999480985433683,-9.3908855709171,-12.125046630071832,-6.608595414516584,-2.734161059154733,False,297.0537869025776,formal_m1_center_not_selected
F2D000283,primary,F2V000283,P1_not_selected_qpp_pdcsap_all,P1,MATCHED_NOT_SELECTED,WEp2,P00,0,VALID,3,-47.863725535211955,-41.8937265633411,-42.69499840547334,-5.969998971870858,-0.8012718421322447,False,105.7072974979911,formal_m1_center_not_selected
F2D000284,primary,F2V000284,P1_not_selected_qpp_pdcsap_all,P1,MATCHED_NOT_SELECTED,WEp2,P01,0,VALID,3,-29.046001523094425,-27.557903619981417,-25.19359124067267,-1.4880979031130082,2.364312379308746,False,68.75319379242192,formal_m1_center_not_selected
F2D000287,primary,F2V000287,P1_not_selected_qpp_pdcsap_all,P1,MATCHED_NOT_SELECTED,WEp2,P04,0,VALID,3,-32.715775654390086,-26.521715820730094,-28.028385054139232,-6.194059833659992,-1.5066692334091378,False,105.64706055028503,formal_m1_center_not_selected
F2D000288,primary,F2V000288,P1_not_selected_qpp_pdcsap_all,P1,MATCHED_NOT_SELECTED,WEp2,P05,0,VALID,3,-15.229328309657637,-13.660979987321362,-11.304698134563292,-1.5683483223362753,2.3562818527580696,False,68.75142864884165,formal_m1_center_not_selected
F2D000289,primary,F2V000289,P1_not_selected_qpp_pdcsap_all,P1,MATCHED_NOT_SELECTED,WX1,P00,0,VALID,3,-50.81633511035994,-44.79364821892439,-46.67300690263809,-6.022686891435548,-1.8793586837137042,False,104.6976246369874,formal_m1_center_not_selected
F2D000290,primary,F2V000290,P1_not_selected_qpp_pdcsap_all,P1,MATCHED_NOT_SELECTED,WX1,P01,0,VALID,3,-31.680033061361137,-31.07679651047779,-28.14545799117776,-0.603236550883345,2.9313385193000308,False,68.53616522869666,formal_m1_center_not_selected
F2D000293,primary,F2V000293,P1_not_selected_qpp_pdcsap_all,P1,MATCHED_NOT_SELECTED,WX1,P04,0,VALID,3,-43.1221623616142,-36.951931266786836,-37.936140302165555,-6.170231094827365,-0.9842090353787185,False,104.55645350279576,formal_m1_center_not_selected
F2D000294,primary,F2V000294,P1_not_selected_qpp_pdcsap_all,P1,MATCHED_NOT_SELECTED,WX1,P05,0,VALID,3,-24.71289450639172,-24.058120245451377,-21.119025684318938,-0.6547742609403429,2.939094561132439,False,68.53461871318044,formal_m1_center_not_selected
F2D000295,primary,F2V000295,P1_not_selected_qpp_pdcsap_all,P1,MATCHED_NOT_SELECTED,WC1,P00,0,VALID,3,-36.98636559157569,-31.03752222453847,-31.96578911182779,-5.94884336703722,-0.9282668872893183,False,99.94989665306834,formal_m1_center_not_selected
F2D000296,primary,F2V000296,P1_not_selected_qpp_pdcsap_all,P1,MATCHED_NOT_SELECTED,WC1,P01,0,VALID,3,-20.16741490061079,-18.021543180870538,-14.917669773322297,-2.145871719740253,3.1038734075482406,False,68.09475163795581,formal_m1_center_not_selected
F2D000299,primary,F2V000299,P1_not_selected_qpp_pdcsap_all,P1,MATCHED_NOT_SELECTED,WC1,P04,0,VALID,3,-23.744118423242128,-17.559502179459898,-18.795889329273507,-6.18461624378223,-1.2363871498136092,False,99.8866388219552,formal_m1_center_not_selected
F2D000300,primary,F2V000300,P1_not_selected_qpp_pdcsap_all,P1,MATCHED_NOT_SELECTED,WC1,P05,0,VALID,3,-6.658632037040737,-4.44210289927222,-1.3986884613754231,-2.216529137768517,3.0434144378967964,False,68.09991938022497,formal_m1_center_not_selected
F2D000301,primary,F2V000301,P1_not_selected_qpp_pdcsap_all,P1,MATCHED_NOT_SELECTED,WX2,P00,0,VALID,3,-58.37369705192446,-52.51611725878139,-54.522524465187544,-5.857579793143067,-2.006407206406152,False,102.35024168558802,formal_m1_center_not_selected
F2D000302,primary,F2V000302,P1_not_selected_qpp_pdcsap_all,P1,MATCHED_NOT_SELECTED,WX2,P01,0,VALID,3,-37.7150347590358,-37.44723511696264,-34.21867223498796,-0.26779964207316453,3.228562881974675,False,67.84233088688582,formal_m1_center_not_selected
F2D000305,primary,F2V000305,P1_not_selected_qpp_pdcsap_all,P1,MATCHED_NOT_SELECTED,WX2,P04,0,VALID,3,-53.32441131348049,-47.37970662378505,-49.39152228040322,-5.944704689695442,-2.0118156566181753,False,102.37671673604615,formal_m1_center_not_selected
F2D000306,primary,F2V000306,P1_not_selected_qpp_pdcsap_all,P1,MATCHED_NOT_SELECTED,WX2,P05,0,VALID,3,-33.74126054671891,-33.448931520338704,-30.234529194889024,-0.29232902638020875,3.2144023254496794,False,67.8413325948122,formal_m1_center_not_selected
F2D000307,primary,F2V000307,P1_not_selected_qpp_pdcsap_all,P1,MATCHED_NOT_SELECTED,WC2,P00,0,VALID,3,-30.458346251258313,-24.454743738175317,-25.600565164385685,-6.0036025130829955,-1.145821426210368,False,103.99404930206407,formal_m1_center_not_selected
F2D000308,primary,F2V000308,P1_not_selected_qpp_pdcsap_all,P1,MATCHED_NOT_SELECTED,WC2,P01,0,VALID,3,-15.102987323647643,-11.68165725759573,-11.410965300198308,-3.4213300660519135,0.27069195739742113,False,68.96210481111265,formal_m1_center_not_selected
F2D000311,primary,F2V000311,P1_not_selected_qpp_pdcsap_all,P1,MATCHED_NOT_SELECTED,WC2,P04,0,VALID,3,-12.580960995077923,-6.064425654101351,-7.5532584728257195,-6.5165353409765725,-1.4888328187243687,False,40.0,formal_m1_center_not_selected
F2D000312,primary,F2V000312,P1_not_selected_qpp_pdcsap_all,P1,MATCHED_NOT_SELECTED,WC2,P05,0,VALID,3,2.1812859964698417,5.686233694368662,7.31761205989306,-3.50494769789882,1.631378365524398,False,68.9374545209657,formal_m1_center_not_selected
F2D000313,primary,F2V000313,P2_published_qpp_pdcsap_all,P2,PUBLISHED_QPP_REPRODUCED,W00,P00,0,VALID,3,-569.5695591969118,-580.1125700710792,-567.3933623924789,10.543010874167408,12.719207678600242,True,73.20974568095586,recovered_period_selected
F2D000314,primary,F2V000314,P2_published_qpp_pdcsap_all,P2,PUBLISHED_QPP_REPRODUCED,W00,P01,0,VALID,3,-550.90501705848,-561.7848448060167,-547.9015774443624,10.879827747536751,13.883267361654362,True,73.24170291043768,recovered_period_selected
F2D000317,primary,F2V000317,P2_published_qpp_pdcsap_all,P2,PUBLISHED_QPP_REPRODUCED,W00,P04,0,VALID,3,-422.8010556211348,-432.7245888647888,-419.3668022479952,9.923533243653992,13.35778661679359,False,73.15595812991111,formal_m1_center_not_selected
F2D000318,primary,F2V000318,P2_published_qpp_pdcsap_all,P2,PUBLISHED_QPP_REPRODUCED,W00,P05,0,VALID,3,-404.0166409671526,-414.6674399951618,-400.26739242835384,10.650799028009203,14.400047566807984,True,73.2125958319491,recovered_period_selected
F2D000319,primary,F2V000319,P2_published_qpp_pdcsap_all,P2,PUBLISHED_QPP_REPRODUCED,WSm2,P00,0,VALID,3,-581.0376455224473,-591.1583636645115,-578.9111018915954,10.12071814206422,12.24726177291609,True,73.24075641720763,recovered_period_selected
F2D000320,primary,F2V000320,P2_published_qpp_pdcsap_all,P2,PUBLISHED_QPP_REPRODUCED,WSm2,P01,0,VALID,3,-562.3350505514005,-572.7328017900662,-559.41134022211,10.397751238665705,13.321461567956248,True,73.28486626249376,recovered_period_selected
F2D000323,primary,F2V000323,P2_published_qpp_pdcsap_all,P2,PUBLISHED_QPP_REPRODUCED,WSm2,P04,0,VALID,3,-411.60171467212655,-420.90437970188634,-407.9556010183605,9.302665029759794,12.948778683525859,False,73.18367788892682,formal_m1_center_not_selected
F2D000324,primary,F2V000324,P2_published_qpp_pdcsap_all,P2,PUBLISHED_QPP_REPRODUCED,WSm2,P05,0,VALID,3,-392.9469491712055,-402.98540015146847,-389.04421804694425,10.038450980262951,13.941182104524216,True,73.25496360296118,recovered_period_selected
F2D000325,primary,F2V000325,P2_published_qpp_pdcsap_all,P2,PUBLISHED_QPP_REPRODUCED,WSm1,P00,0,VALID,3,-580.208694579532,-590.909757242482,-578.271288463313,10.701062662949994,12.638468779168988,True,73.2101416438791,recovered_period_selected
F2D000326,primary,F2V000326,P2_published_qpp_pdcsap_all,P2,PUBLISHED_QPP_REPRODUCED,WSm1,P01,0,VALID,3,-560.802350519197,-571.3921875588763,-557.8531809619707,10.58983703967931,13.539006596905665,True,73.2524631378503,recovered_period_selected
F2D000329,primary,F2V000329,P2_published_qpp_pdcsap_all,P2,PUBLISHED_QPP_REPRODUCED,WSm1,P04,0,VALID,3,-420.08330606186297,-429.8999707412864,-416.5686828040335,9.816664679423411,13.33128793725291,False,73.15343968727939,formal_m1_center_not_selected
F2D000330,primary,F2V000330,P2_published_qpp_pdcsap_all,P2,PUBLISHED_QPP_REPRODUCED,WSm1,P05,0,VALID,3,-400.48445661964183,-410.73866952612593,-396.6422088362097,10.2542129064841,14.096460689916228,True,73.22333915807191,recovered_period_selected
F2D000331,primary,F2V000331,P2_published_qpp_pdcsap_all,P2,PUBLISHED_QPP_REPRODUCED,WSp1,P00,0,VALID,3,-568.9044747544241,-580.0167979108501,-566.9046319119491,11.112323156425987,13.112165998900991,True,73.22007310647592,recovered_period_selected
F2D000332,primary,F2V000332,P2_published_qpp_pdcsap_all,P2,PUBLISHED_QPP_REPRODUCED,WSp1,P01,0,VALID,3,-549.4899208643229,-560.5519268498181,-546.4775954522089,11.062005985495148,14.074331397609171,True,73.24860227487278,recovered_period_selected
F2D000335,primary,F2V000335,P2_published_qpp_pdcsap_all,P2,PUBLISHED_QPP_REPRODUCED,WSp1,P04,0,VALID,3,-435.77283476038616,-446.22056826420106,-432.5409352793921,10.447733503814902,13.679632984808961,True,73.17304205472188,recovered_period_selected
F2D000336,primary,F2V000336,P2_published_qpp_pdcsap_all,P2,PUBLISHED_QPP_REPRODUCED,WSp1,P05,0,VALID,3,-415.9448788300759,-426.7919378663119,-412.27892020101746,10.847059036236033,14.513017665294456,True,73.22409732109973,recovered_period_selected
F2D000337,primary,F2V000337,P2_published_qpp_pdcsap_all,P2,PUBLISHED_QPP_REPRODUCED,WSp2,P00,0,VALID,3,-558.2818283837767,-569.2245916590599,-556.0370728045172,10.942763275283255,13.187518854542759,True,73.2163156348608,recovered_period_selected
F2D000338,primary,F2V000338,P2_published_qpp_pdcsap_all,P2,PUBLISHED_QPP_REPRODUCED,WSp2,P01,0,VALID,3,-539.6344173501825,-551.011133662645,-536.5924163957226,11.376716312462463,14.418717266922386,True,73.23427951157461,recovered_period_selected
F2D000341,primary,F2V000341,P2_published_qpp_pdcsap_all,P2,PUBLISHED_QPP_REPRODUCED,WSp2,P04,0,VALID,3,-441.1051999320062,-451.6216006069711,-437.9553994179833,10.516400674964927,13.666201188987827,True,73.17836436388876,recovered_period_selected
F2D000342,primary,F2V000342,P2_published_qpp_pdcsap_all,P2,PUBLISHED_QPP_REPRODUCED,WSp2,P05,0,VALID,3,-422.1381671089202,-433.3869674352616,-418.58147190866964,11.248800326341438,14.805495526591983,True,73.21417539430817,recovered_period_selected
F2D000343,primary,F2V000343,P2_published_qpp_pdcsap_all,P2,PUBLISHED_QPP_REPRODUCED,WEm2,P00,0,VALID,3,-562.9822684410727,-572.8206607191056,-560.8085634954019,9.83839227803287,12.012097223703677,False,73.15255816867086,formal_m1_center_not_selected
F2D000344,primary,F2V000344,P2_published_qpp_pdcsap_all,P2,PUBLISHED_QPP_REPRODUCED,WEm2,P01,0,VALID,3,-544.8983538207488,-555.1742460791213,-541.9171972153514,10.27589225837255,13.25704886376991,True,73.20675031900804,recovered_period_selected
F2D000347,primary,F2V000347,P2_published_qpp_pdcsap_all,P2,PUBLISHED_QPP_REPRODUCED,WEm2,P04,0,VALID,3,-418.29104604565435,-427.56466796538155,-414.893285425288,9.27362191972719,12.671382540093532,False,73.10298212477464,formal_m1_center_not_selected
F2D000348,primary,F2V000348,P2_published_qpp_pdcsap_all,P2,PUBLISHED_QPP_REPRODUCED,WEm2,P05,0,VALID,3,-400.1390560834005,-410.21206531008454,-396.4176584746408,10.073009226684064,13.794406835443738,True,73.18014877870188,recovered_period_selected
F2D000349,primary,F2V000349,P2_published_qpp_pdcsap_all,P2,PUBLISHED_QPP_REPRODUCED,WEm1,P00,0,VALID,3,-571.2567785939644,-581.8010954475202,-569.2903896406561,10.544316853555756,12.510705806864053,True,73.19148275014655,recovered_period_selected
F2D000350,primary,F2V000350,P2_published_qpp_pdcsap_all,P2,PUBLISHED_QPP_REPRODUCED,WEm1,P01,0,VALID,3,-552.1451364178168,-562.655730240346,-549.166515241967,10.510593822529131,13.489214998378998,True,73.23810881084208,recovered_period_selected
F2D000353,primary,F2V000353,P2_published_qpp_pdcsap_all,P2,PUBLISHED_QPP_REPRODUCED,WEm1,P04,0,VALID,3,-424.78146845809385,-434.5842429917524,-421.41818407724213,9.802774533658521,13.166058914510245,False,73.138783678825,formal_m1_center_not_selected
F2D000354,primary,F2V000354,P2_published_qpp_pdcsap_all,P2,PUBLISHED_QPP_REPRODUCED,WEm1,P05,0,VALID,3,-405.42072381221163,-415.6723407869323,-401.6722988587428,10.251616974720662,14.00004192818949,True,73.21045915646673,recovered_period_selected
F2D000355,primary,F2V000355,P2_published_qpp_pdcsap_all,P2,PUBLISHED_QPP_REPRODUCED,WEp1,P00,0,VALID,3,-577.8300336990973,-589.1142108471425,-575.8653387249808,11.284177148045273,13.248872122161742,True,73.23345155779802,recovered_period_selected
F2D000356,primary,F2V000356,P2_published_qpp_pdcsap_all,P2,PUBLISHED_QPP_REPRODUCED,WEp1,P01,0,VALID,3,-558.1242389859751,-569.2666193281499,-555.1295253016297,11.14238034217476,14.13709402652023,True,73.25855130038235,recovered_period_selected
F2D000359,primary,F2V000359,P2_published_qpp_pdcsap_all,P2,PUBLISHED_QPP_REPRODUCED,WEp1,P04,0,VALID,3,-429.17558941866974,-439.6482141822236,-425.7728428609416,10.472624763553881,13.875371321282046,True,73.18075389601285,recovered_period_selected
F2D000360,primary,F2V000360,P2_published_qpp_pdcsap_all,P2,PUBLISHED_QPP_REPRODUCED,WEp1,P05,0,VALID,3,-409.1611397225931,-420.01853853133474,-405.389639619868,10.857398808741664,14.628898911466763,True,73.23120799534108,recovered_period_selected
F2D000361,primary,F2V000361,P2_published_qpp_pdcsap_all,P2,PUBLISHED_QPP_REPRODUCED,WEp2,P00,0,VALID,3,-576.2791447923324,-587.5541247519542,-574.101063246817,11.27497995962176,13.453061505137157,True,73.28134291680198,recovered_period_selected
F2D000362,primary,F2V000362,P2_published_qpp_pdcsap_all,P2,PUBLISHED_QPP_REPRODUCED,WEp2,P01,0,VALID,3,-557.0178397203154,-568.5120976186137,-553.9852014873044,11.494257898298315,14.526896131309286,True,73.29298279932483,recovered_period_selected
F2D000365,primary,F2V000365,P2_published_qpp_pdcsap_all,P2,PUBLISHED_QPP_REPRODUCED,WEp2,P04,0,VALID,3,-427.3601720389379,-437.95951685331215,-423.9275073507179,10.599344814374263,14.032009502594235,True,73.23079870178378,recovered_period_selected
F2D000366,primary,F2V000366,P2_published_qpp_pdcsap_all,P2,PUBLISHED_QPP_REPRODUCED,WEp2,P05,0,VALID,3,-407.93351611346606,-419.1751789170614,-404.1531611284815,11.241662803595318,15.022017788579888,True,73.26567310145182,recovered_period_selected
F2D000367,primary,F2V000367,P2_published_qpp_pdcsap_all,P2,PUBLISHED_QPP_REPRODUCED,WX1,P00,0,VALID,3,-578.6248853407378,-589.330069409011,-576.4790212526195,10.705184068273184,12.851048156391471,True,73.25583667625592,recovered_period_selected
F2D000368,primary,F2V000368,P2_published_qpp_pdcsap_all,P2,PUBLISHED_QPP_REPRODUCED,WX1,P01,0,VALID,3,-559.6267328930137,-570.583202437251,-556.6485141951404,10.95646954423728,13.93468824211061,True,73.28463057197958,recovered_period_selected
F2D000371,primary,F2V000371,P2_published_qpp_pdcsap_all,P2,PUBLISHED_QPP_REPRODUCED,WX1,P04,0,VALID,3,-418.0153567874592,-427.96881396426573,-414.48202617869117,9.953457176806523,13.486787785574563,False,73.20178197895257,formal_m1_center_not_selected
F2D000372,primary,F2V000372,P2_published_qpp_pdcsap_all,P2,PUBLISHED_QPP_REPRODUCED,WX1,P05,0,VALID,3,-398.9176179013621,-409.5684673545305,-395.07174661127186,10.650849453168405,14.496720743258663,True,73.25580959951571,recovered_period_selected
F2D000373,primary,F2V000373,P2_published_qpp_pdcsap_all,P2,PUBLISHED_QPP_REPRODUCED,WC1,P00,0,VALID,3,-560.7748265292615,-571.1717851605256,-558.572223330515,10.396958631264056,12.599561830010543,True,73.1807656956009,recovered_period_selected
F2D000374,primary,F2V000374,P2_published_qpp_pdcsap_all,P2,PUBLISHED_QPP_REPRODUCED,WC1,P01,0,VALID,3,-542.366062101871,-553.20298622656,-539.3549239951611,10.836924124689062,13.848062231398899,True,73.2172283441347,recovered_period_selected
F2D000377,primary,F2V000377,P2_published_qpp_pdcsap_all,P2,PUBLISHED_QPP_REPRODUCED,WC1,P04,0,VALID,3,-429.20596736246074,-439.1047436915956,-425.9331361577813,9.898776329134876,13.171607533814324,False,73.13618224794271,formal_m1_center_not_selected
F2D000378,primary,F2V000378,P2_published_qpp_pdcsap_all,P2,PUBLISHED_QPP_REPRODUCED,WC1,P05,0,VALID,3,-410.5179459160535,-421.1895817861541,-406.87796229714854,10.671635870100602,14.31161948900558,True,73.19355893759564,recovered_period_selected
F2D000379,primary,F2V000379,P2_published_qpp_pdcsap_all,P2,PUBLISHED_QPP_REPRODUCED,WX2,P00,0,VALID,3,-587.8431724966571,-598.669870573815,-585.7074662656382,10.826698077157971,12.962404308176815,True,73.29455583732178,recovered_period_selected
F2D000380,primary,F2V000380,P2_published_qpp_pdcsap_all,P2,PUBLISHED_QPP_REPRODUCED,WX2,P01,0,VALID,3,-568.5563357869133,-579.5511569232578,-565.5969206965563,10.994821136344513,13.954236226701596,True,73.31834809603754,recovered_period_selected
F2D000383,primary,F2V000383,P2_published_qpp_pdcsap_all,P2,PUBLISHED_QPP_REPRODUCED,WX2,P04,0,VALID,3,-415.0583542396471,-424.99642060644504,-411.5778149648245,9.938066366797955,13.418605641620559,False,73.23339631837061,formal_m1_center_not_selected
F2D000384,primary,F2V000384,P2_published_qpp_pdcsap_all,P2,PUBLISHED_QPP_REPRODUCED,WX2,P05,0,VALID,3,-395.7292370469071,-406.33569624359274,-391.78262234461647,10.606459196685648,14.553073898976265,True,73.28517492007964,recovered_period_selected
F2D000385,primary,F2V000385,P2_published_qpp_pdcsap_all,P2,PUBLISHED_QPP_REPRODUCED,WC2,P00,0,VALID,3,-551.7708236853368,-561.989122444035,-549.5509221638805,10.21829875869821,12.438200280154547,True,73.13282741349178,recovered_period_selected
F2D000386,primary,F2V000386,P2_published_qpp_pdcsap_all,P2,PUBLISHED_QPP_REPRODUCED,WC2,P01,0,VALID,3,-533.7177052490258,-544.482501626687,-530.7208190887171,10.764796377661241,13.761682537969932,True,73.17322099348844,recovered_period_selected
F2D000389,primary,F2V000389,P2_published_qpp_pdcsap_all,P2,PUBLISHED_QPP_REPRODUCED,WC2,P04,0,VALID,3,-435.6800785492563,-445.50992547663543,-432.5676700036324,9.829846927379151,12.942255473003058,False,73.09187743526999,formal_m1_center_not_selected
F2D000390,primary,F2V000390,P2_published_qpp_pdcsap_all,P2,PUBLISHED_QPP_REPRODUCED,WC2,P05,0,VALID,3,-417.3101711595798,-427.96539007756894,-413.7929668535702,10.655218917989146,14.172423223998749,True,73.1515789103669,recovered_period_selected
F2D000391,primary,F2V000391,P2_not_selected_qpp_pdcsap_all,P2,MATCHED_NOT_SELECTED,W00,P00,0,VALID,3,-1126.9537602746536,-1122.4627200993077,-1122.324933436963,-4.4910401753459155,0.13778666234475168,False,83.35894551432918,formal_m1_center_not_selected
F2D000392,primary,F2V000392,P2_not_selected_qpp_pdcsap_all,P2,MATCHED_NOT_SELECTED,W00,P01,0,VALID,3,-1117.1028248633233,-1112.3324472541449,-1111.8316149045104,-4.7703776091784675,0.5008323496344929,False,82.47647821369354,formal_m1_center_not_selected
F2D000395,primary,F2V000395,P2_not_selected_qpp_pdcsap_all,P2,MATCHED_NOT_SELECTED,W00,P04,0,VALID,3,-1050.1851990902042,-1045.5818203264719,-1045.5498509474023,-4.60337876373228,0.031969379069550996,False,83.33428688302345,formal_m1_center_not_selected
F2D000396,primary,F2V000396,P2_not_selected_qpp_pdcsap_all,P2,MATCHED_NOT_SELECTED,W00,P05,0,VALID,3,-1035.9093131555303,-1031.0429223892354,-1030.4764125988609,-4.866390766294899,0.5665097903745391,False,82.44729018680206,formal_m1_center_not_selected
F2D000397,primary,F2V000397,P2_not_selected_qpp_pdcsap_all,P2,MATCHED_NOT_SELECTED,WSm2,P00,0,VALID,3,-1139.0858008035948,-1134.3511641068403,-1134.4062440360005,-4.734636696754478,-0.05507992916022886,False,83.40134000987322,formal_m1_center_not_selected
F2D000398,primary,F2V000398,P2_not_selected_qpp_pdcsap_all,P2,MATCHED_NOT_SELECTED,WSm2,P01,0,VALID,3,-1130.7164637024814,-1126.0260337167442,-1125.361789132403,-4.6904299857371825,0.6642445843413043,False,82.67665878847275,formal_m1_center_not_selected
F2D000401,primary,F2V000401,P2_not_selected_qpp_pdcsap_all,P2,MATCHED_NOT_SELECTED,WSm2,P04,0,VALID,3,-1070.8603994051696,-1066.0211749783696,-1066.1690538238302,-4.839224426800001,-0.14787884546058194,False,83.37949658590941,formal_m1_center_not_selected
F2D000402,primary,F2V000402,P2_not_selected_qpp_pdcsap_all,P2,MATCHED_NOT_SELECTED,WSm2,P05,0,VALID,3,-1058.2807542870398,-1053.4980025434536,-1053.0723975939682,-4.782751743586232,0.42560494948543237,False,82.65217100201995,formal_m1_center_not_selected
F2D000403,primary,F2V000403,P2_not_selected_qpp_pdcsap_all,P2,MATCHED_NOT_SELECTED,WSm1,P00,0,VALID,3,-1140.419235943303,-1135.8507529069345,-1135.8128130579073,-4.568483036368434,0.037939849027225137,False,83.3749048951,formal_m1_center_not_selected
F2D000404,primary,F2V000404,P2_not_selected_qpp_pdcsap_all,P2,MATCHED_NOT_SELECTED,WSm1,P01,0,VALID,3,-1131.788003939397,-1127.3389976888207,-1126.814729154435,-4.4490062505763035,0.5242685343855555,False,82.50717879567624,formal_m1_center_not_selected
F2D000407,primary,F2V000407,P2_not_selected_qpp_pdcsap_all,P2,MATCHED_NOT_SELECTED,WSm1,P04,0,VALID,3,-1067.5475988147691,-1062.8679629013282,-1062.9308521106636,-4.679635913440961,-0.0628892093354807,False,83.35202262167591,formal_m1_center_not_selected
F2D000408,primary,F2V000408,P2_not_selected_qpp_pdcsap_all,P2,MATCHED_NOT_SELECTED,WSm1,P05,0,VALID,3,-1054.569767942498,-1050.0212685555869,-1049.6138147231848,-4.5484993869110895,0.40745383240209776,False,82.4798769260538,formal_m1_center_not_selected
F2D000409,primary,F2V000409,P2_not_selected_qpp_pdcsap_all,P2,MATCHED_NOT_SELECTED,WSp1,P00,0,VALID,3,-1128.35226134459,-1124.0042088454422,-1123.7986144403276,-4.348052499147798,0.20559440511465255,False,83.32934558637601,formal_m1_center_not_selected
F2D000410,primary,F2V000410,P2_not_selected_qpp_pdcsap_all,P2,MATCHED_NOT_SELECTED,WSp1,P01,0,VALID,3,-1118.3031837022197,-1113.7651407041717,-1113.2562558500294,-4.538042998048013,0.5088848541422522,False,82.30454606171108,formal_m1_center_not_selected
F2D000413,primary,F2V000413,P2_not_selected_qpp_pdcsap_all,P2,MATCHED_NOT_SELECTED,WSp1,P04,0,VALID,3,-1046.6491429089904,-1042.1819792642334,-1042.0857619650133,-4.467163644756965,0.0962172992201431,False,83.30347288844474,formal_m1_center_not_selected
F2D000414,primary,F2V000414,P2_not_selected_qpp_pdcsap_all,P2,MATCHED_NOT_SELECTED,WSp1,P05,0,VALID,3,-1032.0586161219767,-1027.4174514027297,-1027.0386877461965,-4.6411647192469445,0.37876365653323774,False,82.27288084280049,formal_m1_center_not_selected
F2D000415,primary,F2V000415,P2_not_selected_qpp_pdcsap_all,P2,MATCHED_NOT_SELECTED,WSp2,P00,0,VALID,3,-1114.9068154007934,-1110.5874100376086,-1110.3055534112113,-4.319405363184842,0.28185662639725706,False,83.31693885957941,formal_m1_center_not_selected
F2D000416,primary,F2V000416,P2_not_selected_qpp_pdcsap_all,P2,MATCHED_NOT_SELECTED,WSp2,P01,0,VALID,3,-1103.7961461327434,-1098.9248161179958,-1098.4457320447345,-4.8713300147476275,0.4790840732612196,False,82.27065712676105,formal_m1_center_not_selected
F2D000419,primary,F2V000419,P2_not_selected_qpp_pdcsap_all,P2,MATCHED_NOT_SELECTED,WSp2,P04,0,VALID,3,-1029.1736862533676,-1024.7347009138402,-1024.5666884770533,-4.438985339527335,0.16801243678696665,False,83.28969214052196,formal_m1_center_not_selected
F2D000420,primary,F2V000420,P2_not_selected_qpp_pdcsap_all,P2,MATCHED_NOT_SELECTED,WSp2,P05,0,VALID,3,-1013.4688612687137,-1008.4984526160895,-1008.1520437034036,-4.970408652624201,0.346408912685888,False,82.23665337382003,formal_m1_center_not_selected
F2D000421,primary,F2V000421,P2_not_selected_qpp_pdcsap_all,P2,MATCHED_NOT_SELECTED,WEm2,P00,0,VALID,3,-1108.038447550679,-1103.7113085269111,-1103.5048999127503,-4.327139023767813,0.2064086141608641,False,83.38820815952732,formal_m1_center_not_selected
F2D000422,primary,F2V000422,P2_not_selected_qpp_pdcsap_all,P2,MATCHED_NOT_SELECTED,WEm2,P01,0,VALID,3,-1098.4467261431353,-1093.8525906283792,-1093.2369580918516,-4.59413551475609,0.6156325365275279,False,82.59098229460768,formal_m1_center_not_selected
F2D000425,primary,F2V000425,P2_not_selected_qpp_pdcsap_all,P2,MATCHED_NOT_SELECTED,WEm2,P04,0,VALID,3,-1036.7692594780897,-1032.3351677461008,-1032.217633133668,-4.434091731988929,0.11753461243279162,False,83.36560044389913,formal_m1_center_not_selected
F2D000426,primary,F2V000426,P2_not_selected_qpp_pdcsap_all,P2,MATCHED_NOT_SELECTED,WEm2,P05,0,VALID,3,-1022.9235315877864,-1018.2372090177157,-1017.7356123429919,-4.686322570070729,0.5015966747238281,False,82.56449285922274,formal_m1_center_not_selected
F2D000427,primary,F2V000427,P2_not_selected_qpp_pdcsap_all,P2,MATCHED_NOT_SELECTED,WEm1,P00,0,VALID,3,-1124.918241427205,-1120.5538229480128,-1120.386034313422,-4.364418479192182,0.1677886345908064,False,83.36509760163321,formal_m1_center_not_selected
F2D000428,primary,F2V000428,P2_not_selected_qpp_pdcsap_all,P2,MATCHED_NOT_SELECTED,WEm1,P01,0,VALID,3,-1115.678280853597,-1111.280390761974,-1110.704949007184,-4.397890091622912,0.575441754790063,False,82.4642392738978,formal_m1_center_not_selected
F2D000431,primary,F2V000431,P2_not_selected_qpp_pdcsap_all,P2,MATCHED_NOT_SELECTED,WEm1,P04,0,VALID,3,-1050.5311532747291,-1046.0545904336548,-1045.9838732820199,-4.476562841074383,0.07071715163488079,False,83.34219496703705,formal_m1_center_not_selected
F2D000432,primary,F2V000432,P2_not_selected_qpp_pdcsap_all,P2,MATCHED_NOT_SELECTED,WEm1,P05,0,VALID,3,-1036.9349153499313,-1032.437982020407,-1031.9832106626654,-4.496933329524381,0.45477135774149247,False,82.43632853929769,formal_m1_center_not_selected
F2D000433,primary,F2V000433,P2_not_selected_qpp_pdcsap_all,P2,MATCHED_NOT_SELECTED,WEp1,P00,0,VALID,3,-1143.7793735909231,-1139.2392899261217,-1139.159266234219,-4.5400836648013865,0.0800236919026247,False,83.34301867050644,formal_m1_center_not_selected
F2D000434,primary,F2V000434,P2_not_selected_qpp_pdcsap_all,P2,MATCHED_NOT_SELECTED,WEp1,P01,0,VALID,3,-1134.2898853884,-1129.7026401014539,-1129.1741496323564,-4.5872452869461995,0.5284904690975054,False,82.35109472736504,formal_m1_center_not_selected
F2D000437,primary,F2V000437,P2_not_selected_qpp_pdcsap_all,P2,MATCHED_NOT_SELECTED,WEp1,P04,0,VALID,3,-1063.7279401809515,-1059.0699691011637,-1059.1022258557443,-4.657971079787785,-0.0322567545806578,False,83.31677406923072,formal_m1_center_not_selected
F2D000438,primary,F2V000438,P2_not_selected_qpp_pdcsap_all,P2,MATCHED_NOT_SELECTED,WEp1,P05,0,VALID,3,-1049.706204565965,-1045.0152831356104,-1044.6824204084894,-4.690921430354592,0.3328627271209825,False,82.3196508281356,formal_m1_center_not_selected
F2D000439,primary,F2V000439,P2_not_selected_qpp_pdcsap_all,P2,MATCHED_NOT_SELECTED,WEp2,P00,0,VALID,3,-1145.5684090943562,-1140.8887963730685,-1140.8530626690335,-4.67961272128764,0.035733704035010305,False,83.34414493080739,formal_m1_center_not_selected
F2D000440,primary,F2V000440,P2_not_selected_qpp_pdcsap_all,P2,MATCHED_NOT_SELECTED,WEp2,P01,0,VALID,3,-1135.4791214777897,-1130.5177341909432,-1130.1248274376999,-4.961387286846502,0.3929067532433237,False,82.36982567882109,formal_m1_center_not_selected
F2D000443,primary,F2V000443,P2_not_selected_qpp_pdcsap_all,P2,MATCHED_NOT_SELECTED,WEp2,P04,0,VALID,3,-1063.1358716966258,-1058.339137651747,-1058.415621346617,-4.796734044878804,-0.07648369486992124,False,83.31637948270156,formal_m1_center_not_selected
F2D000444,primary,F2V000444,P2_not_selected_qpp_pdcsap_all,P2,MATCHED_NOT_SELECTED,WEp2,P05,0,VALID,3,-1048.451604188965,-1043.3902687939303,-1043.1161986070467,-5.061335395034575,0.2740701868835913,False,82.33626309423732,formal_m1_center_not_selected
F2D000445,primary,F2V000445,P2_not_selected_qpp_pdcsap_all,P2,MATCHED_NOT_SELECTED,WX1,P00,0,VALID,3,-1142.3840656709676,-1137.6976532156018,-1137.6944474624443,-4.686412455365826,0.0032057531575446774,False,83.37142798394781,formal_m1_center_not_selected
F2D000446,primary,F2V000446,P2_not_selected_qpp_pdcsap_all,P2,MATCHED_NOT_SELECTED,WX1,P01,0,VALID,3,-1133.113417307069,-1128.2958778360628,-1127.8281062908313,-4.817539471006285,0.46777154523147146,False,82.52310658129038,formal_m1_center_not_selected
F2D000449,primary,F2V000449,P2_not_selected_qpp_pdcsap_all,P2,MATCHED_NOT_SELECTED,WX1,P04,0,VALID,3,-1067.1640692546405,-1062.366444727355,-1062.4662468362908,-4.797624527285507,-0.09980210893581898,False,83.34655071163972,formal_m1_center_not_selected
F2D000450,primary,F2V000450,P2_not_selected_qpp_pdcsap_all,P2,MATCHED_NOT_SELECTED,WX1,P05,0,VALID,3,-1053.4789652310048,-1048.5649031314285,-1048.209309397174,-4.914062099576313,0.3555937342546258,False,82.49409461834104,formal_m1_center_not_selected
F2D000451,primary,F2V000451,P2_not_selected_qpp_pdcsap_all,P2,MATCHED_NOT_SELECTED,WC1,P00,0,VALID,3,-1111.4529520476435,-1107.150152435762,-1106.8939045527065,-4.302799611881483,0.25624788305549373,False,83.3519679744047,formal_m1_center_not_selected
F2D000452,primary,F2V000452,P2_not_selected_qpp_pdcsap_all,P2,MATCHED_NOT_SELECTED,WC1,P01,0,VALID,3,-1101.0569938096862,-1096.3320544510775,-1095.7789302916592,-4.724939358608708,0.553124159418303,False,82.43184453922001,formal_m1_center_not_selected
F2D000455,primary,F2V000455,P2_not_selected_qpp_pdcsap_all,P2,MATCHED_NOT_SELECTED,WC1,P04,0,VALID,3,-1033.0950845244922,-1028.6792653939808,-1028.5234906637177,-4.415819130511409,0.15577473026314692,False,83.32767207906524,formal_m1_center_not_selected
F2D000456,primary,F2V000456,P2_not_selected_qpp_pdcsap_all,P2,MATCHED_NOT_SELECTED,WC1,P05,0,VALID,3,-1018.2666841240829,-1013.4463736312339,-1013.0157876034233,-4.820310492848989,0.4305860278105911,False,82.40234397354237,formal_m1_center_not_selected
F2D000457,primary,F2V000457,P2_not_selected_qpp_pdcsap_all,P2,MATCHED_NOT_SELECTED,WX2,P00,0,VALID,3,-1157.761958402588,-1152.8707917298311,-1152.9938369688675,-4.891166672756981,-0.12304523903640074,False,83.38371110111406,formal_m1_center_not_selected
F2D000458,primary,F2V000458,P2_not_selected_qpp_pdcsap_all,P2,MATCHED_NOT_SELECTED,WX2,P01,0,VALID,3,-1149.1106443433168,-1144.2417765545053,-1143.801441971812,-4.868867788811485,0.44033458269336734,False,82.5745620952896,formal_m1_center_not_selected
F2D000461,primary,F2V000461,P2_not_selected_qpp_pdcsap_all,P2,MATCHED_NOT_SELECTED,WX2,P04,0,VALID,3,-1084.1867389458248,-1079.1861609105051,-1079.4017297650569,-5.000578035319677,-0.2155688545517478,False,83.3592318638315,formal_m1_center_not_selected
F2D000462,primary,F2V000462,P2_not_selected_qpp_pdcsap_all,P2,MATCHED_NOT_SELECTED,WX2,P05,0,VALID,3,-1071.1541412269282,-1066.1888710761964,-1065.8618295063754,-4.96527015073184,0.327041569820949,False,82.5457314536943,formal_m1_center_not_selected
F2D000463,primary,F2V000463,P2_not_selected_qpp_pdcsap_all,P2,MATCHED_NOT_SELECTED,WC2,P00,0,VALID,3,-1096.0372477403337,-1091.9144816816163,-1091.5536348624275,-4.122766058717389,0.36084681918873684,False,83.34645566533712,formal_m1_center_not_selected
F2D000464,primary,F2V000464,P2_not_selected_qpp_pdcsap_all,P2,MATCHED_NOT_SELECTED,WC2,P01,0,VALID,3,-1085.147333260906,-1080.463638806095,-1079.8730585861124,-4.683694454810848,0.5905802199827122,False,82.38399728220227,formal_m1_center_not_selected
F2D000467,primary,F2V000467,P2_not_selected_qpp_pdcsap_all,P2,MATCHED_NOT_SELECTED,WC2,P04,0,VALID,3,-1016.1221875855005,-1011.8852459062242,-1011.6329670631051,-4.236941679276242,0.25227884311914295,False,83.32129769449676,formal_m1_center_not_selected
F2D000468,primary,F2V000468,P2_not_selected_qpp_pdcsap_all,P2,MATCHED_NOT_SELECTED,WC2,P05,0,VALID,3,-1000.8065479180515,-996.0275154980396,-995.3916415375554,-4.779032420011845,0.6358739604842185,False,82.35285541437592,formal_m1_center_not_selected
F2D000469,primary,F2V000469,P3_published_qpp_pdcsap_all,P3,PUBLISHED_QPP_REPRODUCED,W00,P00,0,VALID,3,-0.9597243265181321,-12.5787800222189,1.87289027375955,11.61905569570077,14.45167029597845,True,44.031313737389596,recovered_period_selected
F2D000470,primary,F2V000470,P3_published_qpp_pdcsap_all,P3,PUBLISHED_QPP_REPRODUCED,W00,P01,0,VALID,3,2.6727975873992866,0.640722324785866,6.961514502306008,2.0320752626134206,6.320792177520142,False,40.0,formal_m1_center_not_selected
F2D000471,primary,F2V000471,P3_published_qpp_pdcsap_all,P3,PUBLISHED_QPP_REPRODUCED,W00,P02,0,VALID,3,-0.9597243265181321,-12.5787800222189,1.87289027375955,11.61905569570077,14.45167029597845,True,44.031313737389596,recovered_period_selected
F2D000472,primary,F2V000472,P3_published_qpp_pdcsap_all,P3,PUBLISHED_QPP_REPRODUCED,W00,P03,0,VALID,3,2.6727975873992866,0.640722324785866,6.961514502306008,2.0320752626134206,6.320792177520142,False,40.0,formal_m1_center_not_selected
F2D000473,primary,F2V000473,P3_published_qpp_pdcsap_all,P3,PUBLISHED_QPP_REPRODUCED,W00,P04,0,VALID,3,2.21729763818185,-9.05099898467991,6.498749232618758,11.268296622861762,15.549748217298669,True,44.22217649583494,recovered_period_selected
F2D000474,primary,F2V000474,P3_published_qpp_pdcsap_all,P3,PUBLISHED_QPP_REPRODUCED,W00,P05,0,VALID,3,6.194809769831138,4.44929447528369,10.053032051587794,1.745515294547448,5.603737576304104,False,40.0,formal_m1_center_not_selected
F2D000475,primary,F2V000475,P3_published_qpp_pdcsap_all,P3,PUBLISHED_QPP_REPRODUCED,WSm2,P00,0,VALID,3,-10.31911240823304,-23.576926800702765,-8.155795284849638,13.257814392469724,15.421131515853126,True,44.22168744550759,recovered_period_selected
F2D000476,primary,F2V000476,P3_published_qpp_pdcsap_all,P3,PUBLISHED_QPP_REPRODUCED,WSm2,P01,0,VALID,3,-6.30765288767631,-7.763432637256024,-3.7683231541273905,1.4557797495797136,3.9951094831286333,False,40.0,formal_m1_center_not_selected
F2D000477,primary,F2V000477,P3_published_qpp_pdcsap_all,P3,PUBLISHED_QPP_REPRODUCED,WSm2,P02,0,VALID,3,-10.31911240823304,-23.576926800702765,-8.155795284849638,13.257814392469724,15.421131515853126,True,44.22168744550759,recovered_period_selected
F2D000478,primary,F2V000478,P3_published_qpp_pdcsap_all,P3,PUBLISHED_QPP_REPRODUCED,WSm2,P03,0,VALID,3,-6.30765288767631,-7.763432637256024,-3.7683231541273905,1.4557797495797136,3.9951094831286333,False,40.0,formal_m1_center_not_selected
F2D000479,primary,F2V000479,P3_published_qpp_pdcsap_all,P3,PUBLISHED_QPP_REPRODUCED,WSm2,P04,0,VALID,3,-10.817270692810427,-24.13070059490409,-8.726875904539924,13.313429902093665,15.403824690364168,True,44.2087366305765,recovered_period_selected
F2D000480,primary,F2V000480,P3_published_qpp_pdcsap_all,P3,PUBLISHED_QPP_REPRODUCED,WSm2,P05,0,VALID,3,-6.597140370469036,-8.083457893957128,-4.0954337779820555,1.4863175234880917,3.9880241159750724,False,40.0,formal_m1_center_not_selected
F2D000481,primary,F2V000481,P3_published_qpp_pdcsap_all,P3,PUBLISHED_QPP_REPRODUCED,WSm1,P00,0,VALID,3,-8.36014408051317,-18.388450005817813,-6.216201713491847,10.028305925304643,12.172248292325966,True,43.516050270210755,recovered_period_selected
F2D000482,primary,F2V000482,P3_published_qpp_pdcsap_all,P3,PUBLISHED_QPP_REPRODUCED,WSm1,P01,0,VALID,3,-4.486812520066313,-4.8743436629934145,-0.2707746355982241,0.38753114292710134,4.60356902739519,False,43.21118648280947,formal_m1_center_not_selected
F2D000483,primary,F2V000483,P3_published_qpp_pdcsap_all,P3,PUBLISHED_QPP_REPRODUCED,WSm1,P02,0,VALID,3,-8.36014408051317,-18.388450005817813,-6.216201713491847,10.028305925304643,12.172248292325966,True,43.516050270210755,recovered_period_selected
F2D000484,primary,F2V000484,P3_published_qpp_pdcsap_all,P3,PUBLISHED_QPP_REPRODUCED,WSm1,P03,0,VALID,3,-4.486812520066313,-4.8743436629934145,-0.2707746355982241,0.38753114292710134,4.60356902739519,False,43.21118648280947,formal_m1_center_not_selected
F2D000485,primary,F2V000485,P3_published_qpp_pdcsap_all,P3,PUBLISHED_QPP_REPRODUCED,WSm1,P04,0,VALID,3,-7.831209855523963,-17.770210743435204,-5.624616758934687,9.939000887911241,12.145593984500517,False,43.719102680046305,formal_m1_center_not_selected
F2D000486,primary,F2V000486,P3_published_qpp_pdcsap_all,P3,PUBLISHED_QPP_REPRODUCED,WSm1,P05,0,VALID,3,-3.778644984293007,-4.091865018776378,-1.1198659245252873,0.3132200344833711,2.9719990942510908,False,43.21747159855308,formal_m1_center_not_selected
F2D000487,primary,F2V000487,P3_published_qpp_pdcsap_all,P3,PUBLISHED_QPP_REPRODUCED,WSp1,P00,0,VALID,3,0.796741855006192,-6.700734751496906,3.5872383255078546,7.497476606503098,10.28797307700476,False,43.52407772403021,formal_m1_center_not_selected
F2D000488,primary,F2V000488,P3_published_qpp_pdcsap_all,P3,PUBLISHED_QPP_REPRODUCED,WSp1,P01,0,VALID,3,4.548370134627338,2.220230551558945,8.608067687256423,2.328139583068393,6.3878371356974775,False,46.39972320412124,formal_m1_center_not_selected
F2D000489,primary,F2V000489,P3_published_qpp_pdcsap_all,P3,PUBLISHED_QPP_REPRODUCED,WSp1,P02,0,VALID,3,0.796741855006192,-6.700734751496906,3.5872383255078546,7.497476606503098,10.28797307700476,False,43.52407772403021,formal_m1_center_not_selected
F2D000490,primary,F2V000490,P3_published_qpp_pdcsap_all,P3,PUBLISHED_QPP_REPRODUCED,WSp1,P03,0,VALID,3,4.548370134627338,2.220230551558945,8.608067687256423,2.328139583068393,6.3878371356974775,False,46.39972320412124,formal_m1_center_not_selected
F2D000491,primary,F2V000491,P3_published_qpp_pdcsap_all,P3,PUBLISHED_QPP_REPRODUCED,WSp1,P04,0,VALID,3,9.332693660033033,2.320841819966219,13.412499808848814,7.011851840066814,11.091657988882595,False,43.86313580722433,formal_m1_center_not_selected
F2D000492,primary,F2V000492,P3_published_qpp_pdcsap_all,P3,PUBLISHED_QPP_REPRODUCED,WSp1,P05,0,VALID,3,13.634632887910485,11.64858201282403,17.756173051969448,1.9860508750864554,6.107591039145419,False,45.56778168684877,formal_m1_center_not_selected
F2D000493,primary,F2V000493,P3_published_qpp_pdcsap_all,P3,PUBLISHED_QPP_REPRODUCED,WSp2,P00,0,VALID,3,6.968993690203717,-0.3726981562295375,11.069323921536421,7.341691846433254,11.442022077765959,False,43.33964418120655,formal_m1_center_not_selected
F2D000494,primary,F2V000494,P3_published_qpp_pdcsap_all,P3,PUBLISHED_QPP_REPRODUCED,WSp2,P01,0,VALID,3,10.236358604025298,6.142232970027925,14.152595347077543,4.094125633997374,8.010362377049619,False,46.179117260721604,formal_m1_center_not_selected
F2D000495,primary,F2V000495,P3_published_qpp_pdcsap_all,P3,PUBLISHED_QPP_REPRODUCED,WSp2,P02,0,VALID,3,6.968993690203717,-0.3726981562295375,11.069323921536421,7.341691846433254,11.442022077765959,False,43.33964418120655,formal_m1_center_not_selected
F2D000496,primary,F2V000496,P3_published_qpp_pdcsap_all,P3,PUBLISHED_QPP_REPRODUCED,WSp2,P03,0,VALID,3,10.236358604025298,6.142232970027925,14.152595347077543,4.094125633997374,8.010362377049619,False,46.179117260721604,formal_m1_center_not_selected
F2D000497,primary,F2V000497,P3_published_qpp_pdcsap_all,P3,PUBLISHED_QPP_REPRODUCED,WSp2,P04,0,VALID,3,19.082229556290958,12.012159893098257,23.197339481318906,7.070069663192701,11.185179588220649,False,43.83973366597488,formal_m1_center_not_selected
F2D000498,primary,F2V000498,P3_published_qpp_pdcsap_all,P3,PUBLISHED_QPP_REPRODUCED,WSp2,P05,0,VALID,3,21.556775941118026,16.881820140747507,25.70611655235753,4.674955800370519,8.824296411610021,False,45.33174245474745,formal_m1_center_not_selected
F2D000499,primary,F2V000499,P3_published_qpp_pdcsap_all,P3,PUBLISHED_QPP_REPRODUCED,WEm2,P00,0,VALID,3,1.259131318619498,-9.144071137174237,3.898739878617434,10.403202455793735,13.04281101579167,True,44.64176392206165,recovered_period_selected
F2D000500,primary,F2V000500,P3_published_qpp_pdcsap_all,P3,PUBLISHED_QPP_REPRODUCED,WEm2,P01,0,VALID,3,4.4363451572842765,4.398097595807357,8.470430071506778,0.03824756147691932,4.072332475699421,False,40.0,formal_m1_center_not_selected
F2D000501,primary,F2V000501,P3_published_qpp_pdcsap_all,P3,PUBLISHED_QPP_REPRODUCED,WEm2,P02,0,VALID,3,1.259131318619498,-9.144071137174237,3.898739878617434,10.403202455793735,13.04281101579167,True,44.64176392206165,recovered_period_selected
F2D000502,primary,F2V000502,P3_published_qpp_pdcsap_all,P3,PUBLISHED_QPP_REPRODUCED,WEm2,P03,0,VALID,3,4.4363451572842765,4.398097595807357,8.470430071506778,0.03824756147691932,4.072332475699421,False,40.0,formal_m1_center_not_selected
F2D000503,primary,F2V000503,P3_published_qpp_pdcsap_all,P3,PUBLISHED_QPP_REPRODUCED,WEm2,P04,0,VALID,3,1.2313639244264492,-9.180151666557968,3.868162638631544,10.411515590984418,13.048314305189512,True,44.64193474591358,recovered_period_selected
F2D000504,primary,F2V000504,P3_published_qpp_pdcsap_all,P3,PUBLISHED_QPP_REPRODUCED,WEm2,P05,0,VALID,3,4.5037053106118,4.470842471073485,8.538480897919921,0.032862839538315036,4.067638426846436,False,40.0,formal_m1_center_not_selected
F2D000505,primary,F2V000505,P3_published_qpp_pdcsap_all,P3,PUBLISHED_QPP_REPRODUCED,WEm1,P00,0,VALID,3,-1.963533055792106,-10.659868772538271,0.7743594806492364,8.696335716746166,11.434228253187507,False,44.23877223045791,formal_m1_center_not_selected
F2D000506,primary,F2V000506,P3_published_qpp_pdcsap_all,P3,PUBLISHED_QPP_REPRODUCED,WEm1,P01,0,VALID,3,1.7895740951443662,1.6739237231494606,5.785070591861077,0.11565037199490558,4.111146868711616,False,41.756162531430874,formal_m1_center_not_selected
F2D000507,primary,F2V000507,P3_published_qpp_pdcsap_all,P3,PUBLISHED_QPP_REPRODUCED,WEm1,P02,0,VALID,3,-1.963533055792106,-10.659868772538271,0.7743594806492364,8.696335716746166,11.434228253187507,False,44.23877223045791,formal_m1_center_not_selected
F2D000508,primary,F2V000508,P3_published_qpp_pdcsap_all,P3,PUBLISHED_QPP_REPRODUCED,WEm1,P03,0,VALID,3,1.7895740951443662,1.6739237231494606,5.785070591861077,0.11565037199490558,4.111146868711616,False,41.756162531430874,formal_m1_center_not_selected
F2D000509,primary,F2V000509,P3_published_qpp_pdcsap_all,P3,PUBLISHED_QPP_REPRODUCED,WEm1,P04,0,VALID,3,-1.0269698232406705,-9.494987460937118,2.9448169119842316,8.468017637696448,12.43980437292135,False,44.22420309069567,formal_m1_center_not_selected
F2D000510,primary,F2V000510,P3_published_qpp_pdcsap_all,P3,PUBLISHED_QPP_REPRODUCED,WEm1,P05,0,VALID,3,2.8851260654510424,2.859625488211666,5.770303893931603,0.025500577239376376,2.9106784057199366,False,41.481437071982626,formal_m1_center_not_selected
F2D000511,primary,F2V000511,P3_published_qpp_pdcsap_all,P3,PUBLISHED_QPP_REPRODUCED,WEp1,P00,0,VALID,3,-4.482423373245191,-12.51155979809798,-0.24995743080594046,8.02913642485279,12.26160236729204,False,42.02207801736568,formal_m1_center_not_selected
F2D000512,primary,F2V000512,P3_published_qpp_pdcsap_all,P3,PUBLISHED_QPP_REPRODUCED,WEp1,P01,0,VALID,3,-0.42545713711894084,-2.1424196519184697,2.620781073495719,1.7169625147995289,4.763200725414189,False,45.76555758447247,formal_m1_center_not_selected
F2D000513,primary,F2V000513,P3_published_qpp_pdcsap_all,P3,PUBLISHED_QPP_REPRODUCED,WEp1,P02,0,VALID,3,-4.482423373245191,-12.51155979809798,-0.24995743080594046,8.02913642485279,12.26160236729204,False,42.02207801736568,formal_m1_center_not_selected
F2D000514,primary,F2V000514,P3_published_qpp_pdcsap_all,P3,PUBLISHED_QPP_REPRODUCED,WEp1,P03,0,VALID,3,-0.42545713711894084,-2.1424196519184697,2.620781073495719,1.7169625147995289,4.763200725414189,False,45.76555758447247,formal_m1_center_not_selected
F2D000515,primary,F2V000515,P3_published_qpp_pdcsap_all,P3,PUBLISHED_QPP_REPRODUCED,WEp1,P04,0,VALID,3,-0.5378419263805698,-8.286458330928635,2.4713328940194383,7.748616404548065,10.757791224948074,False,42.38108429246655,formal_m1_center_not_selected
F2D000516,primary,F2V000516,P3_published_qpp_pdcsap_all,P3,PUBLISHED_QPP_REPRODUCED,WEp1,P05,0,VALID,3,3.8755504666138476,2.510291746553033,7.160431996273799,1.3652587200608144,4.650140249720765,False,45.51405164290887,formal_m1_center_not_selected
F2D000517,primary,F2V000517,P3_published_qpp_pdcsap_all,P3,PUBLISHED_QPP_REPRODUCED,WEp2,P00,0,VALID,3,-3.4910170717362785,-12.71964269321581,-0.02217990846431306,9.228625621479532,12.697462784751497,False,42.72364129725814,formal_m1_center_not_selected
F2D000518,primary,F2V000518,P3_published_qpp_pdcsap_all,P3,PUBLISHED_QPP_REPRODUCED,WEp2,P01,0,VALID,3,0.6752970926647333,-2.384220767268438,4.285533430026387,3.0595178599331714,6.669754197294825,False,42.30435799272497,formal_m1_center_not_selected
F2D000519,primary,F2V000519,P3_published_qpp_pdcsap_all,P3,PUBLISHED_QPP_REPRODUCED,WEp2,P02,0,VALID,3,-3.4910170717362785,-12.71964269321581,-0.02217990846431306,9.228625621479532,12.697462784751497,False,42.72364129725814,formal_m1_center_not_selected
F2D000520,primary,F2V000520,P3_published_qpp_pdcsap_all,P3,PUBLISHED_QPP_REPRODUCED,WEp2,P03,0,VALID,3,0.6752970926647333,-2.384220767268438,4.285533430026387,3.0595178599331714,6.669754197294825,False,42.30435799272497,formal_m1_center_not_selected
F2D000521,primary,F2V000521,P3_published_qpp_pdcsap_all,P3,PUBLISHED_QPP_REPRODUCED,WEp2,P04,0,VALID,3,2.5363102160338205,-6.343391400475369,7.045269436019016,8.87970161650919,13.388660836494385,False,42.793301573923685,formal_m1_center_not_selected
F2D000522,primary,F2V000522,P3_published_qpp_pdcsap_all,P3,PUBLISHED_QPP_REPRODUCED,WEp2,P05,0,VALID,3,6.983326514782123,4.277486990505775,11.523251824225145,2.7058395242763478,7.24576483371937,False,41.940252092668636,formal_m1_center_not_selected
F2D000523,primary,F2V000523,P3_published_qpp_pdcsap_all,P3,PUBLISHED_QPP_REPRODUCED,WX1,P00,0,VALID,3,-6.10299864484079,-16.56976504696225,-3.3538282351287165,10.46676640212146,13.215936811833533,True,42.762251941547376,recovered_period_selected
F2D000524,primary,F2V000524,P3_published_qpp_pdcsap_all,P3,PUBLISHED_QPP_REPRODUCED,WX1,P01,0,VALID,3,-2.082773194596614,-4.698197814072326,0.9373172616777623,2.6154246194757125,5.635515075750089,False,40.78917788272375,formal_m1_center_not_selected
F2D000525,primary,F2V000525,P3_published_qpp_pdcsap_all,P3,PUBLISHED_QPP_REPRODUCED,WX1,P02,0,VALID,3,-6.10299864484079,-16.56976504696225,-3.3538282351287165,10.46676640212146,13.215936811833533,True,42.762251941547376,recovered_period_selected
F2D000526,primary,F2V000526,P3_published_qpp_pdcsap_all,P3,PUBLISHED_QPP_REPRODUCED,WX1,P03,0,VALID,3,-2.082773194596614,-4.698197814072326,0.9373172616777623,2.6154246194757125,5.635515075750089,False,40.78917788272375,formal_m1_center_not_selected
F2D000527,primary,F2V000527,P3_published_qpp_pdcsap_all,P3,PUBLISHED_QPP_REPRODUCED,WX1,P04,0,VALID,3,-5.163166828349111,-15.5584433637095,-2.343611669277937,10.39527653536039,13.214831694431563,True,42.77532723885536,recovered_period_selected
F2D000528,primary,F2V000528,P3_published_qpp_pdcsap_all,P3,PUBLISHED_QPP_REPRODUCED,WX1,P05,0,VALID,3,-0.9361158626791255,-3.4249564705145623,2.1604808044285946,2.488840607835437,5.585437274943157,False,40.57676093747364,formal_m1_center_not_selected
F2D000529,primary,F2V000529,P3_published_qpp_pdcsap_all,P3,PUBLISHED_QPP_REPRODUCED,WC1,P00,0,VALID,3,5.69189838879949,-4.697666704888672,8.804826710500702,10.389565093688162,13.502493415389374,True,44.271844292971956,recovered_period_selected
F2D000530,primary,F2V000530,P3_published_qpp_pdcsap_all,P3,PUBLISHED_QPP_REPRODUCED,WC1,P01,0,VALID,3,9.053353548795563,6.47255791517896,13.149341033983847,2.580795633616603,6.676783118804886,False,44.88295401065242,formal_m1_center_not_selected
F2D000531,primary,F2V000531,P3_published_qpp_pdcsap_all,P3,PUBLISHED_QPP_REPRODUCED,WC1,P02,0,VALID,3,5.69189838879949,-4.697666704888672,8.804826710500702,10.389565093688162,13.502493415389374,True,44.271844292971956,recovered_period_selected
F2D000532,primary,F2V000532,P3_published_qpp_pdcsap_all,P3,PUBLISHED_QPP_REPRODUCED,WC1,P03,0,VALID,3,9.053353548795563,6.47255791517896,13.149341033983847,2.580795633616603,6.676783118804886,False,44.88295401065242,formal_m1_center_not_selected
F2D000533,primary,F2V000533,P3_published_qpp_pdcsap_all,P3,PUBLISHED_QPP_REPRODUCED,WC1,P04,0,VALID,3,11.219103056135136,1.7071689039205467,15.314451792991518,9.51193415221459,13.607282889070971,False,44.08648066305732,formal_m1_center_not_selected
F2D000534,primary,F2V000534,P3_published_qpp_pdcsap_all,P3,PUBLISHED_QPP_REPRODUCED,WC1,P05,0,VALID,3,14.909933397257742,12.3514491607028,18.778962671802283,2.5584842365549427,6.427513511099484,False,44.856365873068405,formal_m1_center_not_selected
F2D000535,primary,F2V000535,P3_published_qpp_pdcsap_all,P3,PUBLISHED_QPP_REPRODUCED,WX2,P00,0,VALID,3,-11.633643115737097,-23.84572032834862,-8.903629278893806,12.212077212611522,14.942091049454813,True,41.316619722444926,recovered_period_selected
F2D000536,primary,F2V000536,P3_published_qpp_pdcsap_all,P3,PUBLISHED_QPP_REPRODUCED,WX2,P01,0,VALID,3,-6.972289816505111,-9.433276952815726,-3.950130322138513,2.4609871363106155,5.483146630677213,False,40.243875628851775,formal_m1_center_not_selected
F2D000537,primary,F2V000537,P3_published_qpp_pdcsap_all,P3,PUBLISHED_QPP_REPRODUCED,WX2,P02,0,VALID,3,-11.633643115737097,-23.84572032834862,-8.903629278893806,12.212077212611522,14.942091049454813,True,41.316619722444926,recovered_period_selected
F2D000538,primary,F2V000538,P3_published_qpp_pdcsap_all,P3,PUBLISHED_QPP_REPRODUCED,WX2,P03,0,VALID,3,-6.972289816505111,-9.433276952815726,-3.950130322138513,2.4609871363106155,5.483146630677213,False,40.243875628851775,formal_m1_center_not_selected
F2D000539,primary,F2V000539,P3_published_qpp_pdcsap_all,P3,PUBLISHED_QPP_REPRODUCED,WX2,P04,0,VALID,3,-11.565091577595503,-23.771284869427255,-8.83161152406339,12.206193291831752,14.939673345363865,True,41.31958013969944,recovered_period_selected
F2D000540,primary,F2V000540,P3_published_qpp_pdcsap_all,P3,PUBLISHED_QPP_REPRODUCED,WX2,P05,0,VALID,3,-6.686498401698291,-9.131596891594109,-3.620164134692544,2.445098489895818,5.511432756901565,False,40.22060142508517,formal_m1_center_not_selected
F2D000541,primary,F2V000541,P3_published_qpp_pdcsap_all,P3,PUBLISHED_QPP_REPRODUCED,WC2,P00,0,VALID,3,9.504329439081737,1.9907217506330301,13.35219346660196,7.513607688448706,11.36147171596893,False,42.33947763271069,formal_m1_center_not_selected
F2D000542,primary,F2V000542,P3_published_qpp_pdcsap_all,P3,PUBLISHED_QPP_REPRODUCED,WC2,P01,0,VALID,3,12.45171070330874,11.667970638131598,16.335060360616104,0.7837400651771418,4.667089722484507,False,40.0,formal_m1_center_not_selected
F2D000543,primary,F2V000543,P3_published_qpp_pdcsap_all,P3,PUBLISHED_QPP_REPRODUCED,WC2,P02,0,VALID,3,9.504329439081737,1.9907217506330301,13.35219346660196,7.513607688448706,11.36147171596893,False,42.33947763271069,formal_m1_center_not_selected
F2D000544,primary,F2V000544,P3_published_qpp_pdcsap_all,P3,PUBLISHED_QPP_REPRODUCED,WC2,P03,0,VALID,3,12.45171070330874,11.667970638131598,16.335060360616104,0.7837400651771418,4.667089722484507,False,40.0,formal_m1_center_not_selected
F2D000545,primary,F2V000545,P3_published_qpp_pdcsap_all,P3,PUBLISHED_QPP_REPRODUCED,WC2,P04,0,VALID,3,15.677129826205851,8.287781788362635,19.513518808874352,7.389348037843217,11.225737020511717,False,41.91482212852369,formal_m1_center_not_selected
F2D000546,primary,F2V000546,P3_published_qpp_pdcsap_all,P3,PUBLISHED_QPP_REPRODUCED,WC2,P05,0,VALID,3,18.445037461318464,16.940820680688283,22.323015548502354,1.5042167806301805,5.382194867814071,False,40.0,formal_m1_center_not_selected
F2D000547,primary,F2V000547,P3_not_selected_qpp_pdcsap_all,P3,MATCHED_NOT_SELECTED,W00,P00,0,VALID,3,-16.522256456196683,-11.32939501348012,-12.950548688220742,-5.192861442716563,-1.621153674740622,False,49.01390226976184,formal_m1_center_not_selected
F2D000548,primary,F2V000548,P3_not_selected_qpp_pdcsap_all,P3,MATCHED_NOT_SELECTED,W00,P01,0,VALID,3,-17.618614989146497,-12.416181896285433,-14.072478069701962,-5.202433092861064,-1.6562961734165285,False,48.83262359601802,formal_m1_center_not_selected
F2D000549,primary,F2V000549,P3_not_selected_qpp_pdcsap_all,P3,MATCHED_NOT_SELECTED,W00,P02,0,VALID,3,-16.522256456196683,-11.32939501348012,-12.950548688220742,-5.192861442716563,-1.621153674740622,False,49.01390226976184,formal_m1_center_not_selected
F2D000550,primary,F2V000550,P3_not_selected_qpp_pdcsap_all,P3,MATCHED_NOT_SELECTED,W00,P03,0,VALID,3,-17.618614989146497,-12.416181896285433,-14.072478069701962,-5.202433092861064,-1.6562961734165285,False,48.83262359601802,formal_m1_center_not_selected
F2D000551,primary,F2V000551,P3_not_selected_qpp_pdcsap_all,P3,MATCHED_NOT_SELECTED,W00,P04,0,VALID,3,-17.562881704810376,-12.455581557904186,-14.045838948458048,-5.107300146906191,-1.5902573905538624,False,49.010603856918024,formal_m1_center_not_selected
F2D000552,primary,F2V000552,P3_not_selected_qpp_pdcsap_all,P3,MATCHED_NOT_SELECTED,W00,P05,0,VALID,3,-18.672182787196903,-13.556715219786728,-15.182214975221601,-5.115467567410175,-1.6254997554348734,False,48.83725886495807,formal_m1_center_not_selected
F2D000553,primary,F2V000553,P3_not_selected_qpp_pdcsap_all,P3,MATCHED_NOT_SELECTED,WSm2,P00,0,VALID,3,-12.729707731425833,-6.877659951134049,-9.006477821871998,-5.852047780291784,-2.128817870737949,False,153.36933993039295,formal_m1_center_not_selected
F2D000554,primary,F2V000554,P3_not_selected_qpp_pdcsap_all,P3,MATCHED_NOT_SELECTED,WSm2,P01,0,VALID,3,-13.53112147045201,-7.676001249589429,-9.77891127647228,-5.855120220862581,-2.102910026882851,False,155.25130031863142,formal_m1_center_not_selected
F2D000555,primary,F2V000555,P3_not_selected_qpp_pdcsap_all,P3,MATCHED_NOT_SELECTED,WSm2,P02,0,VALID,3,-12.729707731425833,-6.877659951134049,-9.006477821871998,-5.852047780291784,-2.128817870737949,False,153.36933993039295,formal_m1_center_not_selected
F2D000556,primary,F2V000556,P3_not_selected_qpp_pdcsap_all,P3,MATCHED_NOT_SELECTED,WSm2,P03,0,VALID,3,-13.53112147045201,-7.676001249589429,-9.77891127647228,-5.855120220862581,-2.102910026882851,False,155.25130031863142,formal_m1_center_not_selected
F2D000557,primary,F2V000557,P3_not_selected_qpp_pdcsap_all,P3,MATCHED_NOT_SELECTED,WSm2,P04,0,VALID,3,-13.309208391614856,-7.4742543258823595,-9.697939457523239,-5.8349540657324965,-2.223685131640879,False,214.69666706990472,formal_m1_center_not_selected
F2D000558,primary,F2V000558,P3_not_selected_qpp_pdcsap_all,P3,MATCHED_NOT_SELECTED,WSm2,P05,0,VALID,3,-14.126485349328593,-8.320689194079538,-10.540277659344907,-5.805796155249055,-2.2195884652653692,False,214.554198596058,formal_m1_center_not_selected
F2D000559,primary,F2V000559,P3_not_selected_qpp_pdcsap_all,P3,MATCHED_NOT_SELECTED,WSm1,P00,0,VALID,3,-17.2886793779193,-11.460947253702315,-13.258727329742635,-5.827732124216986,-1.7977800760403202,False,46.754207106921235,formal_m1_center_not_selected
F2D000560,primary,F2V000560,P3_not_selected_qpp_pdcsap_all,P3,MATCHED_NOT_SELECTED,WSm1,P01,0,VALID,3,-18.299911663679925,-12.392071049528134,-14.293686127187739,-5.907840614151791,-1.9016150776596046,False,46.723248479361,formal_m1_center_not_selected
F2D000561,primary,F2V000561,P3_not_selected_qpp_pdcsap_all,P3,MATCHED_NOT_SELECTED,WSm1,P02,0,VALID,3,-17.2886793779193,-11.460947253702315,-13.258727329742635,-5.827732124216986,-1.7977800760403202,False,46.754207106921235,formal_m1_center_not_selected
F2D000562,primary,F2V000562,P3_not_selected_qpp_pdcsap_all,P3,MATCHED_NOT_SELECTED,WSm1,P03,0,VALID,3,-18.299911663679925,-12.392071049528134,-14.293686127187739,-5.907840614151791,-1.9016150776596046,False,46.723248479361,formal_m1_center_not_selected
F2D000563,primary,F2V000563,P3_not_selected_qpp_pdcsap_all,P3,MATCHED_NOT_SELECTED,WSm1,P04,0,VALID,3,-18.68012834882532,-12.897983492135182,-14.795499869334469,-5.782144856690138,-1.8975163771992865,False,47.55128053212563,formal_m1_center_not_selected
F2D000564,primary,F2V000564,P3_not_selected_qpp_pdcsap_all,P3,MATCHED_NOT_SELECTED,WSm1,P05,0,VALID,3,-19.708134155084462,-13.844183446550563,-15.860867056086805,-5.863950708533899,-2.0166836095362424,False,46.620211907172326,formal_m1_center_not_selected
F2D000565,primary,F2V000565,P3_not_selected_qpp_pdcsap_all,P3,MATCHED_NOT_SELECTED,WSp1,P00,0,VALID,3,-22.74797291103501,-17.543897595043756,-19.073375985455083,-5.204075315991254,-1.5294783904113274,False,78.27489132622254,formal_m1_center_not_selected
F2D000566,primary,F2V000566,P3_not_selected_qpp_pdcsap_all,P3,MATCHED_NOT_SELECTED,WSp1,P01,0,VALID,3,-24.856988431457633,-19.62578161281022,-21.298891673080174,-5.231206818647415,-1.6731100602699556,False,46.553675034673965,formal_m1_center_not_selected
F2D000567,primary,F2V000567,P3_not_selected_qpp_pdcsap_all,P3,MATCHED_NOT_SELECTED,WSp1,P02,0,VALID,3,-22.74797291103501,-17.543897595043756,-19.073375985455083,-5.204075315991254,-1.5294783904113274,False,78.27489132622254,formal_m1_center_not_selected
F2D000568,primary,F2V000568,P3_not_selected_qpp_pdcsap_all,P3,MATCHED_NOT_SELECTED,WSp1,P03,0,VALID,3,-24.856988431457633,-19.62578161281022,-21.298891673080174,-5.231206818647415,-1.6731100602699556,False,46.553675034673965,formal_m1_center_not_selected
F2D000569,primary,F2V000569,P3_not_selected_qpp_pdcsap_all,P3,MATCHED_NOT_SELECTED,WSp1,P04,0,VALID,3,-22.437813927235563,-17.28731345553481,-18.751293631493716,-5.150500471700752,-1.4639801759589055,False,78.25597100273316,formal_m1_center_not_selected
F2D000570,primary,F2V000570,P3_not_selected_qpp_pdcsap_all,P3,MATCHED_NOT_SELECTED,WSp1,P05,0,VALID,3,-24.57951734840275,-19.38785161842801,-21.008347777497207,-5.191665729974741,-1.620496159069198,False,78.48744696051716,formal_m1_center_not_selected
F2D000583,primary,F2V000583,P3_not_selected_qpp_pdcsap_all,P3,MATCHED_NOT_SELECTED,WEm1,P00,0,VALID,3,-15.446385980695418,-10.384598566031787,-11.796472329833179,-5.06178741466363,-1.4118737638013918,False,47.13969198598051,formal_m1_center_not_selected
F2D000584,primary,F2V000584,P3_not_selected_qpp_pdcsap_all,P3,MATCHED_NOT_SELECTED,WEm1,P01,0,VALID,3,-16.535158714126975,-11.324870557705669,-12.883078134732443,-5.210288156421306,-1.5582075770267743,False,47.04038029554052,formal_m1_center_not_selected
F2D000585,primary,F2V000585,P3_not_selected_qpp_pdcsap_all,P3,MATCHED_NOT_SELECTED,WEm1,P02,0,VALID,3,-15.446385980695418,-10.384598566031787,-11.796472329833179,-5.06178741466363,-1.4118737638013918,False,47.13969198598051,formal_m1_center_not_selected
F2D000586,primary,F2V000586,P3_not_selected_qpp_pdcsap_all,P3,MATCHED_NOT_SELECTED,WEm1,P03,0,VALID,3,-16.535158714126975,-11.324870557705669,-12.883078134732443,-5.210288156421306,-1.5582075770267743,False,47.04038029554052,formal_m1_center_not_selected
F2D000587,primary,F2V000587,P3_not_selected_qpp_pdcsap_all,P3,MATCHED_NOT_SELECTED,WEm1,P04,0,VALID,3,-16.770163099009775,-11.807888311955516,-13.078422781774456,-4.962274787054259,-1.2705344698189407,False,47.08394940560675,formal_m1_center_not_selected
F2D000588,primary,F2V000588,P3_not_selected_qpp_pdcsap_all,P3,MATCHED_NOT_SELECTED,WEm1,P05,0,VALID,3,-17.862415393143056,-12.747095559182672,-14.284147228724912,-5.115319833960385,-1.5370516695422403,False,46.9860436348106,formal_m1_center_not_selected
F2D000589,primary,F2V000589,P3_not_selected_qpp_pdcsap_all,P3,MATCHED_NOT_SELECTED,WEp1,P00,0,VALID,3,-24.746252544880694,-19.580701335906994,-20.831659985565338,-5.1655512089736995,-1.2509586496583438,False,46.92711337387693,formal_m1_center_not_selected
F2D000590,primary,F2V000590,P3_not_selected_qpp_pdcsap_all,P3,MATCHED_NOT_SELECTED,WEp1,P01,0,VALID,3,-26.16886479310018,-20.940831965861637,-22.121908302820138,-5.228032827238543,-1.1810763369585011,False,46.72300879131263,formal_m1_center_not_selected
F2D000591,primary,F2V000591,P3_not_selected_qpp_pdcsap_all,P3,MATCHED_NOT_SELECTED,WEp1,P02,0,VALID,3,-24.746252544880694,-19.580701335906994,-20.831659985565338,-5.1655512089736995,-1.2509586496583438,False,46.92711337387693,formal_m1_center_not_selected
F2D000592,primary,F2V000592,P3_not_selected_qpp_pdcsap_all,P3,MATCHED_NOT_SELECTED,WEp1,P03,0,VALID,3,-26.16886479310018,-20.940831965861637,-22.121908302820138,-5.228032827238543,-1.1810763369585011,False,46.72300879131263,formal_m1_center_not_selected
F2D000593,primary,F2V000593,P3_not_selected_qpp_pdcsap_all,P3,MATCHED_NOT_SELECTED,WEp1,P04,0,VALID,3,-25.810097184285144,-20.686691305589452,-21.766883471664563,-5.123405878695692,-1.0801921660751113,False,46.8780630223082,formal_m1_center_not_selected
F2D000594,primary,F2V000594,P3_not_selected_qpp_pdcsap_all,P3,MATCHED_NOT_SELECTED,WEp1,P05,0,VALID,3,-27.231769772449773,-22.04855716903633,-23.388493448047143,-5.183212603413445,-1.3399362790108142,False,46.68407159660443,formal_m1_center_not_selected
F2D000595,primary,F2V000595,P3_not_selected_qpp_pdcsap_all,P3,MATCHED_NOT_SELECTED,WEp2,P00,0,VALID,3,-25.73026255041357,-20.36576478428909,-22.071728962154303,-5.3644977661244795,-1.7059641778652122,False,48.14451386602311,formal_m1_center_not_selected
F2D000596,primary,F2V000596,P3_not_selected_qpp_pdcsap_all,P3,MATCHED_NOT_SELECTED,WEp2,P01,0,VALID,3,-27.10506130146204,-21.666857387807667,-23.138712687721018,-5.438203913654373,-1.4718552999133507,False,47.8773757169745,formal_m1_center_not_selected
F2D000597,primary,F2V000597,P3_not_selected_qpp_pdcsap_all,P3,MATCHED_NOT_SELECTED,WEp2,P02,0,VALID,3,-25.73026255041357,-20.36576478428909,-22.071728962154303,-5.3644977661244795,-1.7059641778652122,False,48.14451386602311,formal_m1_center_not_selected
F2D000598,primary,F2V000598,P3_not_selected_qpp_pdcsap_all,P3,MATCHED_NOT_SELECTED,WEp2,P03,0,VALID,3,-27.10506130146204,-21.666857387807667,-23.138712687721018,-5.438203913654373,-1.4718552999133507,False,47.8773757169745,formal_m1_center_not_selected
F2D000599,primary,F2V000599,P3_not_selected_qpp_pdcsap_all,P3,MATCHED_NOT_SELECTED,WEp2,P04,0,VALID,3,-26.07443460643786,-20.72908593593354,-22.06119711807918,-5.345348670504318,-1.3321111821456384,False,48.143141964157266,formal_m1_center_not_selected
F2D000600,primary,F2V000600,P3_not_selected_qpp_pdcsap_all,P3,MATCHED_NOT_SELECTED,WEp2,P05,0,VALID,3,-27.461971469415833,-22.04278086466344,-23.518317860818534,-5.419190604752391,-1.4755369961550926,False,47.877175824370134,formal_m1_center_not_selected
F2D000601,primary,F2V000601,P3_not_selected_qpp_pdcsap_all,P3,MATCHED_NOT_SELECTED,WX1,P00,0,VALID,3,-18.046134762459253,-12.314413358296903,-14.154157522746248,-5.73172140416235,-1.8397441644493444,False,92.14603929851742,formal_m1_center_not_selected
F2D000602,primary,F2V000602,P3_not_selected_qpp_pdcsap_all,P3,MATCHED_NOT_SELECTED,WX1,P01,0,VALID,3,-19.02532364513834,-13.124617711036521,-15.126773171453406,-5.900705934101818,-2.002155460416885,False,47.90824972587911,formal_m1_center_not_selected
F2D000603,primary,F2V000603,P3_not_selected_qpp_pdcsap_all,P3,MATCHED_NOT_SELECTED,WX1,P02,0,VALID,3,-18.046134762459253,-12.314413358296903,-14.154157522746248,-5.73172140416235,-1.8397441644493444,False,92.14603929851742,formal_m1_center_not_selected
F2D000604,primary,F2V000604,P3_not_selected_qpp_pdcsap_all,P3,MATCHED_NOT_SELECTED,WX1,P03,0,VALID,3,-19.02532364513834,-13.124617711036521,-15.126773171453406,-5.900705934101818,-2.002155460416885,False,47.90824972587911,formal_m1_center_not_selected
F2D000605,primary,F2V000605,P3_not_selected_qpp_pdcsap_all,P3,MATCHED_NOT_SELECTED,WX1,P04,0,VALID,3,-19.62207925920032,-13.867776415931168,-15.776868000896032,-5.754302843269151,-1.9090915849648642,False,48.14421197273191,formal_m1_center_not_selected
F2D000606,primary,F2V000606,P3_not_selected_qpp_pdcsap_all,P3,MATCHED_NOT_SELECTED,WX1,P05,0,VALID,3,-20.608718232812944,-14.75364339691427,-17.107481134746386,-5.855074835898673,-2.353837737832116,False,47.9540333747846,formal_m1_center_not_selected
F2D000613,primary,F2V000613,P3_not_selected_qpp_pdcsap_all,P3,MATCHED_NOT_SELECTED,WX2,P00,0,VALID,3,-20.640497912566108,-14.501124270281693,-16.58692691319002,-6.139373642284415,-2.0858026429083267,False,47.46548558356961,formal_m1_center_not_selected
F2D000614,primary,F2V000614,P3_not_selected_qpp_pdcsap_all,P3,MATCHED_NOT_SELECTED,WX2,P01,0,VALID,3,-21.586875012067683,-15.351827178369842,-17.569340011102476,-6.235047833697841,-2.217512832732634,False,47.33429770906784,formal_m1_center_not_selected
F2D000615,primary,F2V000615,P3_not_selected_qpp_pdcsap_all,P3,MATCHED_NOT_SELECTED,WX2,P02,0,VALID,3,-20.640497912566108,-14.501124270281693,-16.58692691319002,-6.139373642284415,-2.0858026429083267,False,47.46548558356961,formal_m1_center_not_selected
F2D000616,primary,F2V000616,P3_not_selected_qpp_pdcsap_all,P3,MATCHED_NOT_SELECTED,WX2,P03,0,VALID,3,-21.586875012067683,-15.351827178369842,-17.569340011102476,-6.235047833697841,-2.217512832732634,False,47.33429770906784,formal_m1_center_not_selected
F2D000617,primary,F2V000617,P3_not_selected_qpp_pdcsap_all,P3,MATCHED_NOT_SELECTED,WX2,P04,0,VALID,3,-22.188890111886565,-16.073802284037985,-18.2377263838603,-6.11508782784858,-2.1639240998223137,False,47.44715011612642,formal_m1_center_not_selected
F2D000618,primary,F2V000618,P3_not_selected_qpp_pdcsap_all,P3,MATCHED_NOT_SELECTED,WX2,P05,0,VALID,3,-23.153320310825674,-16.964268370221145,-19.23886053964639,-6.189051940604529,-2.274592169425244,False,191.22203055797766,formal_m1_center_not_selected
F2D000625,primary,F2V000625,P4_published_qpp_pdcsap_all,P4,PUBLISHED_QPP_REPRODUCED,W00,P00,0,VALID,3,-91.48836353848823,-104.99217311781575,-85.58463469487313,13.503809579327523,19.407538422942622,True,60.05391261010268,recovered_period_selected
F2D000626,primary,F2V000626,P4_published_qpp_pdcsap_all,P4,PUBLISHED_QPP_REPRODUCED,W00,P01,0,VALID,3,-90.75390182579353,-93.27332308164468,-86.53642665235341,2.5194212558511424,6.736896429291264,False,59.499635314802305,formal_m1_center_not_selected
F2D000629,primary,F2V000629,P4_published_qpp_pdcsap_all,P4,PUBLISHED_QPP_REPRODUCED,W00,P04,0,VALID,3,-91.39348712590908,-104.89631412223137,-85.48993836899261,13.502826996322298,19.406375753238763,True,60.053915692202736,recovered_period_selected
F2D000630,primary,F2V000630,P4_published_qpp_pdcsap_all,P4,PUBLISHED_QPP_REPRODUCED,W00,P05,0,VALID,3,-90.97678846913699,-93.4976137660206,-86.7566696276769,2.520825296883615,6.740944138343707,False,59.49967718325637,formal_m1_center_not_selected
F2D000631,primary,F2V000631,P4_published_qpp_pdcsap_all,P4,PUBLISHED_QPP_REPRODUCED,WSm2,P00,0,VALID,3,-105.52363607295645,-117.90890910860412,-100.89379338611043,12.385273035647671,17.01511572249369,True,60.02129032594199,recovered_period_selected
F2D000632,primary,F2V000632,P4_published_qpp_pdcsap_all,P4,PUBLISHED_QPP_REPRODUCED,WSm2,P01,0,VALID,3,-103.53500553531578,-105.34323997735856,-98.83971698037107,1.8082344420427887,6.503522996987499,False,59.40747518920459,formal_m1_center_not_selected
F2D000635,primary,F2V000635,P4_published_qpp_pdcsap_all,P4,PUBLISHED_QPP_REPRODUCED,WSm2,P04,0,VALID,3,-107.63429172694099,-120.04821970104084,-102.95770796986665,12.413927974099849,17.09051173117419,True,60.020604591860334,recovered_period_selected
F2D000636,primary,F2V000636,P4_published_qpp_pdcsap_all,P4,PUBLISHED_QPP_REPRODUCED,WSm2,P05,0,VALID,3,-105.92777606082085,-107.75744624061912,-101.19661521987652,1.8296701797982706,6.560831020742597,False,59.40789232793314,formal_m1_center_not_selected
F2D000637,primary,F2V000637,P4_published_qpp_pdcsap_all,P4,PUBLISHED_QPP_REPRODUCED,WSm1,P00,0,VALID,3,-101.15828503011318,-113.29170195074269,-96.70140982393636,12.133416920629514,16.590292126806332,True,60.115595737662325,recovered_period_selected
F2D000638,primary,F2V000638,P4_published_qpp_pdcsap_all,P4,PUBLISHED_QPP_REPRODUCED,WSm1,P01,0,VALID,3,-100.10386348795383,-102.28672284895592,-95.60347064283579,2.1828593610020874,6.68325220612013,False,59.25100808433427,formal_m1_center_not_selected
F2D000641,primary,F2V000641,P4_published_qpp_pdcsap_all,P4,PUBLISHED_QPP_REPRODUCED,WSm1,P04,0,VALID,3,-102.42986367275076,-114.57319612118243,-97.94962126737576,12.143332448431678,16.623574853806673,True,60.11531523619745,recovered_period_selected
F2D000642,primary,F2V000642,P4_published_qpp_pdcsap_all,P4,PUBLISHED_QPP_REPRODUCED,WSm1,P05,0,VALID,3,-101.70442711423068,-103.8950195172966,-97.18086735423424,2.1905924030659207,6.714152163062366,False,59.25044626458509,formal_m1_center_not_selected
F2D000643,primary,F2V000643,P4_published_qpp_pdcsap_all,P4,PUBLISHED_QPP_REPRODUCED,WSp1,P00,0,VALID,3,-87.08000763533077,-99.95267647206312,-83.03063700118201,12.872668836732345,16.922039470881103,True,59.6124291068652,recovered_period_selected
F2D000644,primary,F2V000644,P4_published_qpp_pdcsap_all,P4,PUBLISHED_QPP_REPRODUCED,WSp1,P01,0,VALID,3,-87.32575808897548,-90.45650914921599,-83.29693784078933,3.130751060240513,7.1595713084266634,False,59.194399281677434,formal_m1_center_not_selected
F2D000647,primary,F2V000647,P4_published_qpp_pdcsap_all,P4,PUBLISHED_QPP_REPRODUCED,WSp1,P04,0,VALID,3,-84.68630219275084,-97.52791525763953,-80.65680083176973,12.84161306488869,16.871114425869806,True,59.612817209273224,recovered_period_selected
F2D000648,primary,F2V000648,P4_published_qpp_pdcsap_all,P4,PUBLISHED_QPP_REPRODUCED,WSp1,P05,0,VALID,3,-85.25176832337219,-88.36429751066972,-81.24154559570493,3.1125291872975254,7.12275191496478,False,59.19421143582748,formal_m1_center_not_selected
F2D000649,primary,F2V000649,P4_published_qpp_pdcsap_all,P4,PUBLISHED_QPP_REPRODUCED,WSp2,P00,0,VALID,3,-78.06248531452785,-91.36313671366831,-74.25320043772822,13.300651399140463,17.109936275940086,True,59.771545679248234,recovered_period_selected
F2D000650,primary,F2V000650,P4_published_qpp_pdcsap_all,P4,PUBLISHED_QPP_REPRODUCED,WSp2,P01,0,VALID,3,-78.63863366315881,-81.52897027524459,-74.88315754827732,2.8903366120857754,6.645812726967264,False,58.99767031190586,formal_m1_center_not_selected
F2D000653,primary,F2V000653,P4_published_qpp_pdcsap_all,P4,PUBLISHED_QPP_REPRODUCED,WSp2,P04,0,VALID,3,-72.76790070181809,-85.98510074006259,-68.98551799572525,13.2172000382445,16.999582744337346,True,59.77296162421355,recovered_period_selected
F2D000654,primary,F2V000654,P4_published_qpp_pdcsap_all,P4,PUBLISHED_QPP_REPRODUCED,WSp2,P05,0,VALID,3,-73.69548813762098,-76.53191867445962,-69.97330203214085,2.836430536838634,6.558616642318768,False,58.999035828055405,formal_m1_center_not_selected
F2D000655,primary,F2V000655,P4_published_qpp_pdcsap_all,P4,PUBLISHED_QPP_REPRODUCED,WEm2,P00,0,VALID,3,-84.92829243539909,-95.59764841494425,-81.15907970051927,10.66935597954516,14.438568714424974,True,60.34594216871526,recovered_period_selected
F2D000656,primary,F2V000656,P4_published_qpp_pdcsap_all,P4,PUBLISHED_QPP_REPRODUCED,WEm2,P01,0,VALID,3,-82.9825801980227,-84.54628214016097,-79.18792545049479,1.563701942138266,5.358356689666181,False,59.54617843906049,formal_m1_center_not_selected
F2D000659,primary,F2V000659,P4_published_qpp_pdcsap_all,P4,PUBLISHED_QPP_REPRODUCED,WEm2,P04,0,VALID,3,-86.27656330423316,-96.96213032120193,-82.49705270686968,10.685567016968761,14.465077614332245,True,60.346760548728724,recovered_period_selected
F2D000660,primary,F2V000660,P4_published_qpp_pdcsap_all,P4,PUBLISHED_QPP_REPRODUCED,WEm2,P05,0,VALID,3,-84.61786312396573,-86.19390865699948,-80.81467071312477,1.5760455330337493,5.379237943874713,False,59.54758319148046,formal_m1_center_not_selected
F2D000661,primary,F2V000661,P4_published_qpp_pdcsap_all,P4,PUBLISHED_QPP_REPRODUCED,WEm1,P00,0,VALID,3,-90.43883548973896,-102.14704802121837,-86.4137033604799,11.708212531479404,15.733344660738467,True,59.84476815876972,recovered_period_selected
F2D000662,primary,F2V000662,P4_published_qpp_pdcsap_all,P4,PUBLISHED_QPP_REPRODUCED,WEm1,P01,0,VALID,3,-89.38539730128058,-91.8891848786876,-85.33895187991439,2.5037875774070244,6.550232998773211,False,59.312404956965956,formal_m1_center_not_selected
F2D000665,primary,F2V000665,P4_published_qpp_pdcsap_all,P4,PUBLISHED_QPP_REPRODUCED,WEm1,P04,0,VALID,3,-91.48508968156118,-103.20303385210214,-87.44766374027793,11.71794417054096,15.755370111824206,True,59.8450990817556,recovered_period_selected
F2D000666,primary,F2V000666,P4_published_qpp_pdcsap_all,P4,PUBLISHED_QPP_REPRODUCED,WEm1,P05,0,VALID,3,-90.74832835351833,-93.26040660979795,-86.68972516238067,2.5120782562796222,6.570681447417286,False,59.31282977428027,formal_m1_center_not_selected
F2D000667,primary,F2V000667,P4_published_qpp_pdcsap_all,P4,PUBLISHED_QPP_REPRODUCED,WEp1,P00,0,VALID,3,-97.54089760599035,-110.70992744524446,-93.07570653889066,13.169029839254108,17.634220906353804,True,59.899988712851204,recovered_period_selected
F2D000668,primary,F2V000668,P4_published_qpp_pdcsap_all,P4,PUBLISHED_QPP_REPRODUCED,WEp1,P01,0,VALID,3,-97.60247597399884,-100.38902959666338,-93.13907970497101,2.7865536226645418,7.249949891692367,False,59.07747977528789,formal_m1_center_not_selected
F2D000671,primary,F2V000671,P4_published_qpp_pdcsap_all,P4,PUBLISHED_QPP_REPRODUCED,WEp1,P04,0,VALID,3,-96.30274434447699,-109.45913113327752,-91.85589237421725,13.156386788800532,17.603238759060275,True,59.89961368258423,recovered_period_selected
F2D000672,primary,F2V000672,P4_published_qpp_pdcsap_all,P4,PUBLISHED_QPP_REPRODUCED,WEp1,P05,0,VALID,3,-96.76586593212458,-99.54725679739335,-92.3144471168687,2.7813908652687616,7.232809680524639,False,59.077237364079295,formal_m1_center_not_selected
F2D000673,primary,F2V000673,P4_published_qpp_pdcsap_all,P4,PUBLISHED_QPP_REPRODUCED,WEp2,P00,0,VALID,3,-97.92576507088437,-112.96366620711146,-93.3085911024203,15.037901136227092,19.655075104691164,True,59.6178810617901,recovered_period_selected
F2D000674,primary,F2V000674,P4_published_qpp_pdcsap_all,P4,PUBLISHED_QPP_REPRODUCED,WEp2,P01,0,VALID,3,-98.0672423643485,-101.07443635036341,-93.47276069504116,3.0071939860149115,7.6016756553222535,False,59.17520625862685,formal_m1_center_not_selected
F2D000677,primary,F2V000677,P4_published_qpp_pdcsap_all,P4,PUBLISHED_QPP_REPRODUCED,WEp2,P04,0,VALID,3,-95.67097023647662,-110.6772217174903,-91.09044207399602,15.006251481013678,19.586779643494282,True,59.617610547537716,recovered_period_selected
F2D000678,primary,F2V000678,P4_published_qpp_pdcsap_all,P4,PUBLISHED_QPP_REPRODUCED,WEp2,P05,0,VALID,3,-96.22581423120535,-99.21691462102525,-91.66219189213241,2.9911003898199056,7.554722728892841,False,59.174936929801426,formal_m1_center_not_selected
F2D000679,primary,F2V000679,P4_published_qpp_pdcsap_all,P4,PUBLISHED_QPP_REPRODUCED,WX1,P00,0,VALID,3,-101.68151143023628,-115.59435486027974,-97.06640528865766,13.912843430043452,18.527949571622074,True,59.79963328371039,recovered_period_selected
F2D000680,primary,F2V000680,P4_published_qpp_pdcsap_all,P4,PUBLISHED_QPP_REPRODUCED,WX1,P01,0,VALID,3,-100.78677653082725,-103.40992781458837,-96.1423945165316,2.6231512837611177,7.267533298056776,False,59.28726171073158,formal_m1_center_not_selected
F2D000683,primary,F2V000683,P4_published_qpp_pdcsap_all,P4,PUBLISHED_QPP_REPRODUCED,WX1,P04,0,VALID,3,-102.15780051287298,-116.07503722210933,-96.14305213889908,13.917236709236349,19.93198508321025,True,59.79965706459422,recovered_period_selected
F2D000684,primary,F2V000684,P4_published_qpp_pdcsap_all,P4,PUBLISHED_QPP_REPRODUCED,WX1,P05,0,VALID,3,-101.66503756127564,-104.29286908434527,-97.00535677217938,2.6278315230696307,7.287512312165887,False,59.287227602311354,formal_m1_center_not_selected
F2D000685,primary,F2V000685,P4_published_qpp_pdcsap_all,P4,PUBLISHED_QPP_REPRODUCED,WC1,P00,0,VALID,3,-80.71779266179945,-92.81575084180166,-76.94821418204717,12.097958180002209,15.867536659754492,True,60.07018477164848,recovered_period_selected
F2D000686,primary,F2V000686,P4_published_qpp_pdcsap_all,P4,PUBLISHED_QPP_REPRODUCED,WC1,P01,0,VALID,3,-80.04376345922408,-82.42379853966321,-74.27248255550697,2.3800350804391286,8.151315984156241,False,59.270380039596965,formal_m1_center_not_selected
F2D000689,primary,F2V000689,P4_published_qpp_pdcsap_all,P4,PUBLISHED_QPP_REPRODUCED,WC1,P04,0,VALID,3,-79.92444094474372,-92.0117214091077,-76.16029441533266,12.087280464363971,15.851426993775036,True,60.07029277986393,recovered_period_selected
F2D000690,primary,F2V000690,P4_published_qpp_pdcsap_all,P4,PUBLISHED_QPP_REPRODUCED,WC1,P05,0,VALID,3,-79.56719963407944,-81.94279956098994,-75.81164247610255,2.375599926910496,6.131157084887391,False,59.27030890946115,formal_m1_center_not_selected
F2D000691,primary,F2V000691,P4_published_qpp_pdcsap_all,P4,PUBLISHED_QPP_REPRODUCED,WX2,P00,0,VALID,3,-111.7852206498535,-126.13709375615797,-106.86240064863829,14.351873106304467,19.27469310751968,True,59.98887238579957,recovered_period_selected
F2D000692,primary,F2V000692,P4_published_qpp_pdcsap_all,P4,PUBLISHED_QPP_REPRODUCED,WX2,P01,0,VALID,3,-110.73057568245432,-113.01305374852724,-105.78006959057498,2.282478066072926,7.232984157952259,False,59.21608168354763,formal_m1_center_not_selected
F2D000695,primary,F2V000695,P4_published_qpp_pdcsap_all,P4,PUBLISHED_QPP_REPRODUCED,WX2,P04,0,VALID,3,-113.07127300950478,-127.44182284464576,-108.11844936836722,14.370549835140977,19.323373476278533,True,59.98864709887237,recovered_period_selected
F2D000696,primary,F2V000696,P4_published_qpp_pdcsap_all,P4,PUBLISHED_QPP_REPRODUCED,WX2,P05,0,VALID,3,-112.42431474034811,-114.7221356881371,-107.4402844017127,2.297820947788992,7.2818512864243985,False,59.2163388221194,formal_m1_center_not_selected
F2D000697,primary,F2V000697,P4_published_qpp_pdcsap_all,P4,PUBLISHED_QPP_REPRODUCED,WC2,P00,0,VALID,3,-71.24729674412657,-83.08462838776934,-67.86500604337901,11.83733164364277,15.21962234439033,True,59.71857204603265,recovered_period_selected
F2D000698,primary,F2V000698,P4_published_qpp_pdcsap_all,P4,PUBLISHED_QPP_REPRODUCED,WC2,P01,0,VALID,3,-70.64030687078022,-73.24358301737708,-67.30093099005926,2.603276146596855,5.94265202731782,False,59.21902599324589,formal_m1_center_not_selected
F2D000701,primary,F2V000701,P4_published_qpp_pdcsap_all,P4,PUBLISHED_QPP_REPRODUCED,WC2,P04,0,VALID,3,-69.04591493993587,-80.84736376326005,-65.662192956099,11.80144882332418,15.185170807161043,True,59.71894923101063,recovered_period_selected
F2D000702,primary,F2V000702,P4_published_qpp_pdcsap_all,P4,PUBLISHED_QPP_REPRODUCED,WC2,P05,0,VALID,3,-68.80768717540118,-71.39074663955438,-65.46877553245123,2.5830594641531945,5.921971107103147,False,59.21918115080071,formal_m1_center_not_selected
F2D000703,primary,F2V000703,P4_not_selected_qpp_pdcsap_all,P4,MATCHED_NOT_SELECTED,W00,P00,0,VALID,3,-34.07631274977713,-26.296493731356755,-29.689739773551793,-7.779819018420376,-3.393246042195038,False,53.710983407874465,formal_m1_center_not_selected
F2D000704,primary,F2V000704,P4_not_selected_qpp_pdcsap_all,P4,MATCHED_NOT_SELECTED,W00,P01,0,VALID,3,-33.92311151902004,-26.096250532757765,-30.050420701137128,-7.826860986262275,-3.9541701683793633,False,53.87341006029555,formal_m1_center_not_selected
F2D000707,primary,F2V000707,P4_not_selected_qpp_pdcsap_all,P4,MATCHED_NOT_SELECTED,W00,P04,0,VALID,3,-23.834081867020615,-16.070410628251317,-20.204169400014095,-7.763671238769298,-4.133758771762778,False,53.699940079638104,formal_m1_center_not_selected
F2D000708,primary,F2V000708,P4_not_selected_qpp_pdcsap_all,P4,MATCHED_NOT_SELECTED,W00,P05,0,VALID,3,-23.748327367257637,-15.938059024603346,-20.136615562361953,-7.810268342654291,-4.198556537758607,False,53.86354014785248,formal_m1_center_not_selected
F2D000709,primary,F2V000709,P4_not_selected_qpp_pdcsap_all,P4,MATCHED_NOT_SELECTED,WSm2,P00,0,VALID,3,-34.84582866738068,-27.533124448916976,-31.178197327121737,-7.312704218463704,-3.6450728782047612,False,53.00589989936359,formal_m1_center_not_selected
F2D000710,primary,F2V000710,P4_not_selected_qpp_pdcsap_all,P4,MATCHED_NOT_SELECTED,WSm2,P01,0,VALID,3,-34.76432166181269,-27.3378582298789,-31.12007062344143,-7.4264634319337866,-3.782212393562528,False,53.182378575649494,formal_m1_center_not_selected
F2D000713,primary,F2V000713,P4_not_selected_qpp_pdcsap_all,P4,MATCHED_NOT_SELECTED,WSm2,P04,0,VALID,3,-17.732010434040717,-10.44494867656545,-14.55739329476576,-7.287061757475268,-4.1124446182003105,False,52.983254280590394,formal_m1_center_not_selected
F2D000714,primary,F2V000714,P4_not_selected_qpp_pdcsap_all,P4,MATCHED_NOT_SELECTED,WSm2,P05,0,VALID,3,-17.71564321295096,-10.31469427558103,-14.561616270741517,-7.400948937369929,-4.246921995160488,False,53.16082821357381,formal_m1_center_not_selected
F2D000715,primary,F2V000715,P4_not_selected_qpp_pdcsap_all,P4,MATCHED_NOT_SELECTED,WSm1,P00,0,VALID,3,-33.93899233492598,-25.989732513675637,-28.053676192567842,-7.94925982125034,-2.0639436788922048,False,53.47810545886236,formal_m1_center_not_selected
F2D000716,primary,F2V000716,P4_not_selected_qpp_pdcsap_all,P4,MATCHED_NOT_SELECTED,WSm1,P01,0,VALID,3,-33.805281099869866,-25.789309434130548,-30.044674090598768,-8.015971665739318,-4.25536465646822,False,53.65502644264497,formal_m1_center_not_selected
F2D000719,primary,F2V000719,P4_not_selected_qpp_pdcsap_all,P4,MATCHED_NOT_SELECTED,WSm1,P04,0,VALID,3,-20.468189574543935,-12.522816750657771,-14.590734694981215,-7.945372823886164,-2.067917944323444,False,53.46852798413737,formal_m1_center_not_selected
F2D000720,primary,F2V000720,P4_not_selected_qpp_pdcsap_all,P4,MATCHED_NOT_SELECTED,WSm1,P05,0,VALID,3,-20.403429446661804,-12.080796793696525,-17.01061852463193,-8.322632652965279,-4.929821730935405,False,299.99999999999994,formal_m1_center_not_selected
F2D000721,primary,F2V000721,P4_not_selected_qpp_pdcsap_all,P4,MATCHED_NOT_SELECTED,WSp1,P00,0,VALID,3,-33.53040503470992,-25.30358561322661,-29.07702636545642,-8.226819421483313,-3.77344075222981,False,54.23952732383377,formal_m1_center_not_selected
F2D000722,primary,F2V000722,P4_not_selected_qpp_pdcsap_all,P4,MATCHED_NOT_SELECTED,WSp1,P01,0,VALID,3,-33.34007982001328,-25.31524201496982,-28.895192912542427,-8.024837805043461,-3.5799508975726084,False,75.3866795863279,formal_m1_center_not_selected
F2D000725,primary,F2V000725,P4_not_selected_qpp_pdcsap_all,P4,MATCHED_NOT_SELECTED,WSp1,P04,0,VALID,3,-26.665813201743262,-18.117481489261337,-22.785286202888997,-8.548331712481925,-4.66780471362766,False,246.6627380976509,formal_m1_center_not_selected
F2D000726,primary,F2V000726,P4_not_selected_qpp_pdcsap_all,P4,MATCHED_NOT_SELECTED,WSp1,P05,0,VALID,3,-26.531083073921224,-18.48325825854962,-22.66880962133041,-8.047824815371605,-4.185551362780792,False,75.38904207758326,formal_m1_center_not_selected
F2D000727,primary,F2V000727,P4_not_selected_qpp_pdcsap_all,P4,MATCHED_NOT_SELECTED,WSp2,P00,0,VALID,3,-32.85124860610924,-25.2622926976116,-27.19512167882496,-7.588955908497638,-1.9328289812133619,False,74.90202503906184,formal_m1_center_not_selected
F2D000728,primary,F2V000728,P4_not_selected_qpp_pdcsap_all,P4,MATCHED_NOT_SELECTED,WSp2,P01,0,VALID,3,-32.64407910382992,-24.54507615101265,-27.005836888948167,-8.099002952817266,-2.460760737935516,False,54.54544019335709,formal_m1_center_not_selected
F2D000731,primary,F2V000731,P4_not_selected_qpp_pdcsap_all,P4,MATCHED_NOT_SELECTED,WSp2,P04,0,VALID,3,-28.916330094439175,-20.82962677879747,-23.26566878769475,-8.086703315641707,-2.4360420088972816,False,54.445529318465816,formal_m1_center_not_selected
F2D000732,primary,F2V000732,P4_not_selected_qpp_pdcsap_all,P4,MATCHED_NOT_SELECTED,WSp2,P05,0,VALID,3,-28.75021648741307,-21.048461005463082,-24.32473101516195,-7.701755481949988,-3.2762700096988695,False,74.88519065129807,formal_m1_center_not_selected
F2D000733,primary,F2V000733,P4_not_selected_qpp_pdcsap_all,P4,MATCHED_NOT_SELECTED,WEm2,P00,0,VALID,3,-25.83795856452077,-18.684885880659046,-22.34458094944359,-7.153072683861723,-3.6596950687845435,False,53.32941630379961,formal_m1_center_not_selected
F2D000734,primary,F2V000734,P4_not_selected_qpp_pdcsap_all,P4,MATCHED_NOT_SELECTED,WEm2,P01,0,VALID,3,-25.761114290423812,-18.51851105735434,-22.278743611203915,-7.242603233069474,-3.760232553849576,False,53.536371431961804,formal_m1_center_not_selected
F2D000737,primary,F2V000737,P4_not_selected_qpp_pdcsap_all,P4,MATCHED_NOT_SELECTED,WEm2,P04,0,VALID,3,-7.758937806509045,-0.6319394180372679,-4.869367478763946,-7.126998388471777,-4.237428060726678,False,53.298489807210125,formal_m1_center_not_selected
F2D000738,primary,F2V000738,P4_not_selected_qpp_pdcsap_all,P4,MATCHED_NOT_SELECTED,WEm2,P05,0,VALID,3,-7.879763953934044,-0.6634113038274503,-4.992531181397615,-7.216352650106594,-4.3291198775701645,False,53.509827960687865,formal_m1_center_not_selected
F2D000739,primary,F2V000739,P4_not_selected_qpp_pdcsap_all,P4,MATCHED_NOT_SELECTED,WEm1,P00,0,VALID,3,-29.222997166133,-21.338645775332324,-25.53175987128136,-7.884351390800674,-4.193114095949035,False,53.62486910716089,formal_m1_center_not_selected
F2D000740,primary,F2V000740,P4_not_selected_qpp_pdcsap_all,P4,MATCHED_NOT_SELECTED,WEm1,P01,0,VALID,3,-29.095558151075522,-21.15405636919384,-25.423121982561575,-7.9415017818816835,-4.2690656133677365,False,53.814182463713884,formal_m1_center_not_selected
F2D000743,primary,F2V000743,P4_not_selected_qpp_pdcsap_all,P4,MATCHED_NOT_SELECTED,WEm1,P04,0,VALID,3,-13.928969715183989,-6.046949052993176,-10.68919729008246,-7.882020662190813,-4.642248237089284,False,53.61356742564514,formal_m1_center_not_selected
F2D000744,primary,F2V000744,P4_not_selected_qpp_pdcsap_all,P4,MATCHED_NOT_SELECTED,WEm1,P05,0,VALID,3,-13.937861315425017,-5.839913163786894,-10.71214282422474,-8.097948151638123,-4.872229660437846,False,299.99999999999994,formal_m1_center_not_selected
F2D000745,primary,F2V000745,P4_not_selected_qpp_pdcsap_all,P4,MATCHED_NOT_SELECTED,WEp1,P00,0,VALID,3,-38.97398070250251,-30.20929771923588,-34.80800306304223,-8.764682983266628,-4.598705343806348,False,256.9358715491544,formal_m1_center_not_selected
F2D000746,primary,F2V000746,P4_not_selected_qpp_pdcsap_all,P4,MATCHED_NOT_SELECTED,WEp1,P01,0,VALID,3,-38.77127800663538,-30.431302739777795,-34.63138408928029,-8.339975266857582,-4.200081349502494,False,54.15263629302392,formal_m1_center_not_selected
F2D000749,primary,F2V000749,P4_not_selected_qpp_pdcsap_all,P4,MATCHED_NOT_SELECTED,WEp1,P04,0,VALID,3,-32.126086601932066,-23.81779013791464,-28.120046848618415,-8.308296464017427,-4.302256710703777,False,54.017328488567145,formal_m1_center_not_selected
F2D000750,primary,F2V000750,P4_not_selected_qpp_pdcsap_all,P4,MATCHED_NOT_SELECTED,WEp1,P05,0,VALID,3,-31.94647006649074,-23.269362421820265,-27.965626272452006,-8.677107644670475,-4.696263850631741,False,258.4763155260859,formal_m1_center_not_selected
F2D000751,primary,F2V000751,P4_not_selected_qpp_pdcsap_all,P4,MATCHED_NOT_SELECTED,WEp2,P00,0,VALID,3,-42.84560625364129,-35.03842732076211,-38.42947434738073,-7.807178932879182,-3.3910470266186223,False,75.01568832592284,formal_m1_center_not_selected
F2D000752,primary,F2V000752,P4_not_selected_qpp_pdcsap_all,P4,MATCHED_NOT_SELECTED,WEp2,P01,0,VALID,3,-42.63804199906892,-34.72048470846026,-38.24704032129618,-7.917557290608656,-3.526555612835921,False,75.01093130418693,formal_m1_center_not_selected
F2D000755,primary,F2V000755,P4_not_selected_qpp_pdcsap_all,P4,MATCHED_NOT_SELECTED,WEp2,P04,0,VALID,3,-38.451888372561186,-30.63248213012319,-32.61271896047245,-7.819406242437996,-1.9802368303492592,False,75.01874079501549,formal_m1_center_not_selected
F2D000756,primary,F2V000756,P4_not_selected_qpp_pdcsap_all,P4,MATCHED_NOT_SELECTED,WEp2,P05,0,VALID,3,-38.261154963868705,-30.331977960297227,-32.42564866484332,-7.929177003571478,-2.0936707045460956,False,75.01363356495507,formal_m1_center_not_selected
F2D000757,primary,F2V000757,P4_not_selected_qpp_pdcsap_all,P4,MATCHED_NOT_SELECTED,WX1,P00,0,VALID,3,-38.86728068767756,-30.99054252481749,-33.0243535015166,-7.876738162860068,-2.0338109766991117,False,53.57872710295037,formal_m1_center_not_selected
F2D000758,primary,F2V000758,P4_not_selected_qpp_pdcsap_all,P4,MATCHED_NOT_SELECTED,WX1,P01,0,VALID,3,-38.707486777033466,-30.774041982850793,-32.869270735011256,-7.933444794182673,-2.0952287521604624,False,53.73069244154622,formal_m1_center_not_selected
F2D000761,primary,F2V000761,P4_not_selected_qpp_pdcsap_all,P4,MATCHED_NOT_SELECTED,WX1,P04,0,VALID,3,-29.661907617819182,-21.80000006017094,-25.86936525339747,-7.861907557648241,-4.069365193226528,False,53.56831377028191,formal_m1_center_not_selected
F2D000762,primary,F2V000762,P4_not_selected_qpp_pdcsap_all,P4,MATCHED_NOT_SELECTED,WX1,P05,0,VALID,3,-29.52219838332931,-21.60381816001126,-25.753629123782105,-7.918380223318049,-4.149810963770843,False,53.7212846471385,formal_m1_center_not_selected
F2D000763,primary,F2V000763,P4_not_selected_qpp_pdcsap_all,P4,MATCHED_NOT_SELECTED,WC1,P00,0,VALID,3,-28.990462149812416,-21.325120358694484,-25.190691343339793,-7.665341791117932,-3.8655709846453092,False,53.943075227452255,formal_m1_center_not_selected
F2D000764,primary,F2V000764,P4_not_selected_qpp_pdcsap_all,P4,MATCHED_NOT_SELECTED,WC1,P01,0,VALID,3,-28.84618390109722,-21.144544787954807,-25.059596889818835,-7.701639113142413,-3.9150521018640276,False,54.0996610044339,formal_m1_center_not_selected
F2D000767,primary,F2V000767,P4_not_selected_qpp_pdcsap_all,P4,MATCHED_NOT_SELECTED,WC1,P04,0,VALID,3,-18.092610283990297,-10.44497981901002,-14.589154547707976,-7.647630464980276,-4.144174728697955,False,53.93096579447457,formal_m1_center_not_selected
F2D000768,primary,F2V000768,P4_not_selected_qpp_pdcsap_all,P4,MATCHED_NOT_SELECTED,WC1,P05,0,VALID,3,-18.062804791896774,-10.379492545801694,-14.567641325738398,-7.683312246095079,-4.188148779936704,False,54.089342015428265,formal_m1_center_not_selected
F2D000769,primary,F2V000769,P4_not_selected_qpp_pdcsap_all,P4,MATCHED_NOT_SELECTED,WX2,P00,0,VALID,3,-44.499303451201826,-36.53499779093576,-38.551659493811606,-7.964305660266064,-2.016661702875844,False,53.42189483360084,formal_m1_center_not_selected
F2D000770,primary,F2V000770,P4_not_selected_qpp_pdcsap_all,P4,MATCHED_NOT_SELECTED,WX2,P01,0,VALID,3,-44.357138183327024,-36.3250961661349,-38.40352396901221,-8.032042017192126,-2.0784278028773144,False,53.5751542820827,formal_m1_center_not_selected
F2D000773,primary,F2V000773,P4_not_selected_qpp_pdcsap_all,P4,MATCHED_NOT_SELECTED,WX2,P04,0,VALID,3,-34.79801354183679,-26.849612425889042,-28.861374906106207,-7.948401115947746,-2.0117624802171648,False,53.410523803765734,formal_m1_center_not_selected
F2D000774,primary,F2V000774,P4_not_selected_qpp_pdcsap_all,P4,MATCHED_NOT_SELECTED,WX2,P05,0,VALID,3,-34.66379030388828,-26.647713128925034,-30.72414031759473,-8.016077174963243,-4.076427188669697,False,53.564676841630856,formal_m1_center_not_selected
F2D000775,primary,F2V000775,P4_not_selected_qpp_pdcsap_all,P4,MATCHED_NOT_SELECTED,WC2,P00,0,VALID,3,-25.62048582717623,-18.052370897633864,-21.819441190476176,-7.568114929542364,-3.7670702928423125,False,54.265630090157515,formal_m1_center_not_selected
F2D000776,primary,F2V000776,P4_not_selected_qpp_pdcsap_all,P4,MATCHED_NOT_SELECTED,WC2,P01,0,VALID,3,-25.47461633848297,-17.88275865579842,-21.67689336109965,-7.591857682684552,-3.794134705301232,False,54.42235128452764,formal_m1_center_not_selected
F2D000779,primary,F2V000779,P4_not_selected_qpp_pdcsap_all,P4,MATCHED_NOT_SELECTED,WC2,P04,0,VALID,3,-15.210285977495548,-7.658646457132933,-11.692852011710151,-7.551639520362615,-4.034205554577218,False,54.253691899567535,formal_m1_center_not_selected
F2D000780,primary,F2V000780,P4_not_selected_qpp_pdcsap_all,P4,MATCHED_NOT_SELECTED,WC2,P05,0,VALID,3,-15.217583922956667,-7.643098918475923,-11.696784375745743,-7.574485004480744,-4.05368545726982,False,54.4124797269566,formal_m1_center_not_selected
F2D000781,stability,F2V000001,published_qpp_pdcsap_all,calibration_pair,PUBLISHED_QPP_REPRODUCED,W00,P00,1,VALID,3,16.19707458989114,-0.8161078656282594,13.763482809123918,17.0131824555194,14.579590674752177,True,68.52767131548264,recovered_period_selected
F2D000782,stability,F2V000001,published_qpp_pdcsap_all,calibration_pair,PUBLISHED_QPP_REPRODUCED,W00,P00,2,VALID,3,16.197074589891013,-0.8161078655833123,13.763482908106479,17.013182455474325,14.579590773689791,True,68.52768051132684,recovered_period_selected
F2D000783,stability,F2V000001,published_qpp_pdcsap_all,calibration_pair,PUBLISHED_QPP_REPRODUCED,W00,P00,3,VALID,3,16.19707458989091,-0.8161078656277425,13.763489980943632,17.013182455518653,14.579597846571374,True,68.52767627937106,recovered_period_selected
F2D000784,stability,F2V000001,published_qpp_pdcsap_all,calibration_pair,PUBLISHED_QPP_REPRODUCED,W00,P00,4,VALID,3,16.197074589890935,-0.8161078655494638,13.763485863870908,17.0131824554404,14.579593729420372,True,68.52765620222475,recovered_period_selected
F2D000785,stability,F2V000001,published_qpp_pdcsap_all,calibration_pair,PUBLISHED_QPP_REPRODUCED,W00,P00,5,VALID,3,16.197074589890903,-0.8161078656262841,13.763485976904647,17.01318245551719,14.579593842530931,True,68.52767108563616,recovered_period_selected
F2D000786,stability,F2V000001,published_qpp_pdcsap_all,calibration_pair,PUBLISHED_QPP_REPRODUCED,W00,P00,6,VALID,3,16.197074589890892,-0.8161078655820599,13.76348326009671,17.01318245547295,14.57959112567877,True,68.52765107621413,recovered_period_selected
F2D000787,stability,F2V000001,published_qpp_pdcsap_all,calibration_pair,PUBLISHED_QPP_REPRODUCED,W00,P00,7,VALID,3,16.197074589890846,-0.816107865322147,13.763485924663456,17.01318245521299,14.579593789985603,True,68.5277197046801,recovered_period_selected
F2D000788,stability,F2V000001,published_qpp_pdcsap_all,calibration_pair,PUBLISHED_QPP_REPRODUCED,W00,P00,8,VALID,3,16.197074589890907,-0.816107865629732,13.763483935336666,17.01318245552064,14.579591800966398,True,68.52767622135966,recovered_period_selected
F2D000789,stability,F2V000001,published_qpp_pdcsap_all,calibration_pair,PUBLISHED_QPP_REPRODUCED,W00,P00,9,VALID,3,16.19707458989104,-0.8161078430778943,13.763483881808963,17.013182432968936,14.579591724886857,True,68.52735127243805,recovered_period_selected
F2D000790,stability,F2V000002,published_qpp_pdcsap_all,calibration_pair,PUBLISHED_QPP_REPRODUCED,W00,P01,1,VALID,3,17.448036196366996,21.004254036714354,20.79123740906563,-3.556217840347358,-0.21301662764872376,False,140.0537921836603,formal_m1_center_not_selected
F2D000791,stability,F2V000002,published_qpp_pdcsap_all,calibration_pair,PUBLISHED_QPP_REPRODUCED,W00,P01,2,VALID,3,17.448036196966047,21.00425405027621,20.791781734112437,-3.5562178533101623,-0.2124723161637725,False,140.05271213324738,formal_m1_center_not_selected
F2D000792,stability,F2V000002,published_qpp_pdcsap_all,calibration_pair,PUBLISHED_QPP_REPRODUCED,W00,P01,3,VALID,3,17.448036196375035,21.004254047511857,21.017492599298276,-3.5562178511368217,0.01323855178641864,False,140.0536297770648,formal_m1_center_not_selected
F2D000793,stability,F2V000002,published_qpp_pdcsap_all,calibration_pair,PUBLISHED_QPP_REPRODUCED,W00,P01,4,VALID,3,17.448036196991556,21.00425403631403,20.79102513855797,-3.556217839322475,-0.21322889775606058,False,140.0537298797157,formal_m1_center_not_selected
F2D000794,stability,F2V000002,published_qpp_pdcsap_all,calibration_pair,PUBLISHED_QPP_REPRODUCED,W00,P01,5,VALID,3,17.448036196278622,21.004254036800546,21.013592029208418,-3.5562178405219242,0.009337992407871809,False,140.0536600461385,formal_m1_center_not_selected
F2D000795,stability,F2V000002,published_qpp_pdcsap_all,calibration_pair,PUBLISHED_QPP_REPRODUCED,W00,P01,6,VALID,3,17.448036197617707,21.0042540375206,20.964459934432057,-3.5562178399028923,-0.0397941030885427,False,140.05430872967614,formal_m1_center_not_selected
F2D000796,stability,F2V000002,published_qpp_pdcsap_all,calibration_pair,PUBLISHED_QPP_REPRODUCED,W00,P01,7,VALID,3,17.448036205785478,21.004254223744006,20.79094495916912,-3.5562180179585283,-0.2133092645748853,False,140.05427471439853,formal_m1_center_not_selected
F2D000797,stability,F2V000002,published_qpp_pdcsap_all,calibration_pair,PUBLISHED_QPP_REPRODUCED,W00,P01,8,VALID,3,17.448036204671173,21.004254036766213,20.790947007991857,-3.55621783209504,-0.2133070287743557,False,140.0537085256304,formal_m1_center_not_selected
F2D000798,stability,F2V000002,published_qpp_pdcsap_all,calibration_pair,PUBLISHED_QPP_REPRODUCED,W00,P01,9,VALID,3,17.448036197994362,21.004254037123694,20.790976124503285,-3.5562178391293315,-0.21327791262040918,False,140.05353670490453,formal_m1_center_not_selected
F2D000799,stability,F2V000003,published_qpp_pdcsap_all,calibration_pair,PUBLISHED_QPP_REPRODUCED,W00,P02,1,VALID,3,16.19707458989114,-0.8161078656282594,13.763482809123918,17.0131824555194,14.579590674752177,True,68.52767131548264,recovered_period_selected
F2D000800,stability,F2V000003,published_qpp_pdcsap_all,calibration_pair,PUBLISHED_QPP_REPRODUCED,W00,P02,2,VALID,3,16.197074589891013,-0.8161078655833123,13.763482908106479,17.013182455474325,14.579590773689791,True,68.52768051132684,recovered_period_selected
F2D000801,stability,F2V000003,published_qpp_pdcsap_all,calibration_pair,PUBLISHED_QPP_REPRODUCED,W00,P02,3,VALID,3,16.19707458989091,-0.8161078656277425,13.763489980943632,17.013182455518653,14.579597846571374,True,68.52767627937106,recovered_period_selected
F2D000802,stability,F2V000003,published_qpp_pdcsap_all,calibration_pair,PUBLISHED_QPP_REPRODUCED,W00,P02,4,VALID,3,16.197074589890935,-0.8161078655494638,13.763485863870908,17.0131824554404,14.579593729420372,True,68.52765620222475,recovered_period_selected
F2D000803,stability,F2V000003,published_qpp_pdcsap_all,calibration_pair,PUBLISHED_QPP_REPRODUCED,W00,P02,5,VALID,3,16.197074589890903,-0.8161078656262841,13.763485976904647,17.01318245551719,14.579593842530931,True,68.52767108563616,recovered_period_selected
F2D000804,stability,F2V000003,published_qpp_pdcsap_all,calibration_pair,PUBLISHED_QPP_REPRODUCED,W00,P02,6,VALID,3,16.197074589890892,-0.8161078655820599,13.76348326009671,17.01318245547295,14.57959112567877,True,68.52765107621413,recovered_period_selected
F2D000805,stability,F2V000003,published_qpp_pdcsap_all,calibration_pair,PUBLISHED_QPP_REPRODUCED,W00,P02,7,VALID,3,16.197074589890846,-0.816107865322147,13.763485924663456,17.01318245521299,14.579593789985603,True,68.5277197046801,recovered_period_selected
F2D000806,stability,F2V000003,published_qpp_pdcsap_all,calibration_pair,PUBLISHED_QPP_REPRODUCED,W00,P02,8,VALID,3,16.197074589890907,-0.816107865629732,13.763483935336666,17.01318245552064,14.579591800966398,True,68.52767622135966,recovered_period_selected
F2D000807,stability,F2V000003,published_qpp_pdcsap_all,calibration_pair,PUBLISHED_QPP_REPRODUCED,W00,P02,9,VALID,3,16.19707458989104,-0.8161078430778943,13.763483881808963,17.013182432968936,14.579591724886857,True,68.52735127243805,recovered_period_selected
F2D000808,stability,F2V000004,published_qpp_pdcsap_all,calibration_pair,PUBLISHED_QPP_REPRODUCED,W00,P03,1,VALID,3,17.448036196366996,21.004254036714354,20.79123740906563,-3.556217840347358,-0.21301662764872376,False,140.0537921836603,formal_m1_center_not_selected
F2D000809,stability,F2V000004,published_qpp_pdcsap_all,calibration_pair,PUBLISHED_QPP_REPRODUCED,W00,P03,2,VALID,3,17.448036196966047,21.00425405027621,20.791781734112437,-3.5562178533101623,-0.2124723161637725,False,140.05271213324738,formal_m1_center_not_selected
F2D000810,stability,F2V000004,published_qpp_pdcsap_all,calibration_pair,PUBLISHED_QPP_REPRODUCED,W00,P03,3,VALID,3,17.448036196375035,21.004254047511857,21.017492599298276,-3.5562178511368217,0.01323855178641864,False,140.0536297770648,formal_m1_center_not_selected
F2D000811,stability,F2V000004,published_qpp_pdcsap_all,calibration_pair,PUBLISHED_QPP_REPRODUCED,W00,P03,4,VALID,3,17.448036196991556,21.00425403631403,20.79102513855797,-3.556217839322475,-0.21322889775606058,False,140.0537298797157,formal_m1_center_not_selected
F2D000812,stability,F2V000004,published_qpp_pdcsap_all,calibration_pair,PUBLISHED_QPP_REPRODUCED,W00,P03,5,VALID,3,17.448036196278622,21.004254036800546,21.013592029208418,-3.5562178405219242,0.009337992407871809,False,140.0536600461385,formal_m1_center_not_selected
F2D000813,stability,F2V000004,published_qpp_pdcsap_all,calibration_pair,PUBLISHED_QPP_REPRODUCED,W00,P03,6,VALID,3,17.448036197617707,21.0042540375206,20.964459934432057,-3.5562178399028923,-0.0397941030885427,False,140.05430872967614,formal_m1_center_not_selected
F2D000814,stability,F2V000004,published_qpp_pdcsap_all,calibration_pair,PUBLISHED_QPP_REPRODUCED,W00,P03,7,VALID,3,17.448036205785478,21.004254223744006,20.79094495916912,-3.5562180179585283,-0.2133092645748853,False,140.05427471439853,formal_m1_center_not_selected
F2D000815,stability,F2V000004,published_qpp_pdcsap_all,calibration_pair,PUBLISHED_QPP_REPRODUCED,W00,P03,8,VALID,3,17.448036204671173,21.004254036766213,20.790947007991857,-3.55621783209504,-0.2133070287743557,False,140.0537085256304,formal_m1_center_not_selected
F2D000816,stability,F2V000004,published_qpp_pdcsap_all,calibration_pair,PUBLISHED_QPP_REPRODUCED,W00,P03,9,VALID,3,17.448036197994362,21.004254037123694,20.790976124503285,-3.5562178391293315,-0.21327791262040918,False,140.05353670490453,formal_m1_center_not_selected
F2D000817,stability,F2V000005,published_qpp_pdcsap_all,calibration_pair,PUBLISHED_QPP_REPRODUCED,W00,P04,1,VALID,3,16.26219983433451,0.11975563695513713,14.078549155466874,16.142444197379373,13.958793518511737,True,68.64540668360043,recovered_period_selected
F2D000818,stability,F2V000005,published_qpp_pdcsap_all,calibration_pair,PUBLISHED_QPP_REPRODUCED,W00,P04,2,VALID,3,16.262199834334567,0.11975563695209956,14.078549566188851,16.142444197382467,13.958793929236752,True,68.64540986053731,recovered_period_selected
F2D000819,stability,F2V000005,published_qpp_pdcsap_all,calibration_pair,PUBLISHED_QPP_REPRODUCED,W00,P04,3,VALID,3,16.26219983433451,0.11975564169210706,14.078547671069487,16.1424441926424,13.95879202937738,True,68.64555057445631,recovered_period_selected
F2D000820,stability,F2V000005,published_qpp_pdcsap_all,calibration_pair,PUBLISHED_QPP_REPRODUCED,W00,P04,4,VALID,3,16.262199834334535,0.11975563695383507,14.07855018753855,16.142444197380698,13.958794550584715,True,68.64542064879163,recovered_period_selected
F2D000821,stability,F2V000005,published_qpp_pdcsap_all,calibration_pair,PUBLISHED_QPP_REPRODUCED,W00,P04,5,VALID,3,16.262199834339512,0.11975564161090091,14.078548130073251,16.14244419272861,13.95879248846235,True,68.64544110832693,recovered_period_selected
F2D000822,stability,F2V000005,published_qpp_pdcsap_all,calibration_pair,PUBLISHED_QPP_REPRODUCED,W00,P04,6,VALID,3,16.262199834336247,0.11975563695158264,14.078549077403718,16.142444197384663,13.958793440452135,True,68.64541127465064,recovered_period_selected
F2D000823,stability,F2V000005,published_qpp_pdcsap_all,calibration_pair,PUBLISHED_QPP_REPRODUCED,W00,P04,7,VALID,3,16.262199834335608,0.11975563699469305,14.07855024675902,16.142444197340915,13.958794609764327,True,68.64540112155116,recovered_period_selected
F2D000824,stability,F2V000005,published_qpp_pdcsap_all,calibration_pair,PUBLISHED_QPP_REPRODUCED,W00,P04,8,VALID,3,16.262199834334545,0.11975563714784165,14.078549309832532,16.142444197186705,13.95879367268469,True,68.64545977435388,recovered_period_selected
F2D000825,stability,F2V000005,published_qpp_pdcsap_all,calibration_pair,PUBLISHED_QPP_REPRODUCED,W00,P04,9,VALID,3,16.26219983435355,0.11975563996793959,14.078549507196037,16.14244419438561,13.958793867228097,True,68.64551557424076,recovered_period_selected
F2D000826,stability,F2V000006,published_qpp_pdcsap_all,calibration_pair,PUBLISHED_QPP_REPRODUCED,W00,P05,1,VALID,3,17.455211579220833,20.999662803979753,20.79817152400029,-3.5444512247589195,-0.20149127997946437,False,139.97505920585215,formal_m1_center_not_selected
F2D000827,stability,F2V000006,published_qpp_pdcsap_all,calibration_pair,PUBLISHED_QPP_REPRODUCED,W00,P05,2,VALID,3,17.455211566581923,20.99966283355436,20.79822076631186,-3.5444512669724375,-0.2014420672424997,False,139.97502884813483,formal_m1_center_not_selected
F2D000828,stability,F2V000006,published_qpp_pdcsap_all,calibration_pair,PUBLISHED_QPP_REPRODUCED,W00,P05,3,VALID,3,17.455211567089204,20.999662943237936,21.025655320952396,-3.544451376148732,0.02599237771445928,False,139.97557407748786,formal_m1_center_not_selected
F2D000829,stability,F2V000006,published_qpp_pdcsap_all,calibration_pair,PUBLISHED_QPP_REPRODUCED,W00,P05,4,VALID,3,17.455211566406078,20.99966280347475,20.800623542530587,-3.544451237068671,-0.19903926094416136,False,139.9750324521949,formal_m1_center_not_selected
F2D000830,stability,F2V000006,published_qpp_pdcsap_all,calibration_pair,PUBLISHED_QPP_REPRODUCED,W00,P05,5,VALID,3,17.45521156659572,20.999662803827405,21.02173780982913,-3.5444512372316836,0.022075006001724518,False,139.97508981843967,formal_m1_center_not_selected
F2D000831,stability,F2V000006,published_qpp_pdcsap_all,calibration_pair,PUBLISHED_QPP_REPRODUCED,W00,P05,6,VALID,3,17.455211567026346,20.999662803351647,20.798167275522673,-3.544451236325301,-0.20149552782897473,False,139.97515730936888,formal_m1_center_not_selected
F2D000832,stability,F2V000006,published_qpp_pdcsap_all,calibration_pair,PUBLISHED_QPP_REPRODUCED,W00,P05,7,VALID,3,17.455211572140023,20.999662818446534,20.798182792213012,-3.5444512463065116,-0.20148002623352212,False,139.97505248440817,formal_m1_center_not_selected
F2D000833,stability,F2V000006,published_qpp_pdcsap_all,calibration_pair,PUBLISHED_QPP_REPRODUCED,W00,P05,8,VALID,3,17.455211574067107,20.99966280542386,20.79817908494811,-3.544451231356753,-0.2014837204757498,False,139.97508322134195,formal_m1_center_not_selected
F2D000834,stability,F2V000006,published_qpp_pdcsap_all,calibration_pair,PUBLISHED_QPP_REPRODUCED,W00,P05,9,VALID,3,17.455211566065785,20.9996628046461,20.79816958276523,-3.544451238580315,-0.20149322188087027,False,139.97583407901874,formal_m1_center_not_selected
F2D000835,stability,F2V000079,notselected_pdcsap_all,calibration_pair,MATCHED_NOT_SELECTED,W00,P00,1,VALID,3,2.5217520926164556,8.255317910403877,6.371949068527685,-5.7335658177874205,-1.8833688418761918,False,49.9800217459818,formal_m1_center_not_selected
F2D000836,stability,F2V000079,notselected_pdcsap_all,calibration_pair,MATCHED_NOT_SELECTED,W00,P00,2,VALID,3,2.52175209261593,8.25531797017122,6.371953321924999,-5.733565877555289,-1.8833646482462205,False,49.97278376536479,formal_m1_center_not_selected
F2D000837,stability,F2V000079,notselected_pdcsap_all,calibration_pair,MATCHED_NOT_SELECTED,W00,P00,3,VALID,3,2.5217520926160737,8.255317910379238,6.371964167846111,-5.733565817763164,-1.883353742533127,False,49.97971496821917,formal_m1_center_not_selected
F2D000838,stability,F2V000079,notselected_pdcsap_all,calibration_pair,MATCHED_NOT_SELECTED,W00,P00,4,VALID,3,2.5217520926160524,8.255317910372979,6.371948709297327,-5.733565817756926,-1.8833692010756513,False,49.979713371033796,formal_m1_center_not_selected
F2D000839,stability,F2V000079,notselected_pdcsap_all,calibration_pair,MATCHED_NOT_SELECTED,W00,P00,5,VALID,3,2.521752092615974,8.255317910491646,6.3719756758056905,-5.733565817875672,-1.8833422346859559,False,49.97972308075202,formal_m1_center_not_selected
F2D000840,stability,F2V000079,notselected_pdcsap_all,calibration_pair,MATCHED_NOT_SELECTED,W00,P00,6,VALID,3,2.5217520926163313,8.255317910408484,6.371949259800995,-5.733565817792153,-1.8833686506074896,False,49.97986763029676,formal_m1_center_not_selected
F2D000841,stability,F2V000079,notselected_pdcsap_all,calibration_pair,MATCHED_NOT_SELECTED,W00,P00,7,VALID,3,2.5217520926160026,8.255318493649979,6.368400050478233,-5.7335664010339755,-1.8869184431717452,False,49.93357283161876,formal_m1_center_not_selected
F2D000842,stability,F2V000079,notselected_pdcsap_all,calibration_pair,MATCHED_NOT_SELECTED,W00,P00,8,VALID,3,2.521752092615919,8.25531791049446,6.372227185429641,-5.7335658178785405,-1.883090725064819,False,49.980103455904406,formal_m1_center_not_selected
F2D000843,stability,F2V000079,notselected_pdcsap_all,calibration_pair,MATCHED_NOT_SELECTED,W00,P00,9,VALID,3,2.521752092616008,8.255317910375432,6.373041667663073,-5.733565817759423,-1.8822762427123587,False,49.97970895922331,formal_m1_center_not_selected
F2D000844,stability,F2V000080,notselected_pdcsap_all,calibration_pair,MATCHED_NOT_SELECTED,W00,P01,1,VALID,3,5.877822992036968,9.272108814506343,9.712575194842469,-3.3942858224693744,0.44046638033612595,False,45.929129497542284,formal_m1_center_not_selected
F2D000845,stability,F2V000080,notselected_pdcsap_all,calibration_pair,MATCHED_NOT_SELECTED,W00,P01,2,VALID,3,5.877822992036958,9.272108767326626,9.72837696610135,-3.394285775289669,0.45626819877472435,False,45.92917952014229,formal_m1_center_not_selected
F2D000846,stability,F2V000080,notselected_pdcsap_all,calibration_pair,MATCHED_NOT_SELECTED,W00,P01,3,VALID,3,5.877822992036974,9.272108770115384,9.730560862342085,-3.3942857780784106,0.45845209222670036,False,45.92916741814763,formal_m1_center_not_selected
F2D000847,stability,F2V000080,notselected_pdcsap_all,calibration_pair,MATCHED_NOT_SELECTED,W00,P01,4,VALID,3,5.877822992036977,9.272108767401646,9.71257446023407,-3.3942857753646685,0.440465692832424,False,45.929154585236496,formal_m1_center_not_selected
F2D000848,stability,F2V000080,notselected_pdcsap_all,calibration_pair,MATCHED_NOT_SELECTED,W00,P01,5,VALID,3,5.877822992037171,9.272108780757486,9.712574450797092,-3.3942857887203157,0.4404656700396057,False,45.92913809522266,formal_m1_center_not_selected
F2D000849,stability,F2V000080,notselected_pdcsap_all,calibration_pair,MATCHED_NOT_SELECTED,W00,P01,6,VALID,3,5.877822992036974,9.272108766615867,9.760861497993691,-3.3942857745788935,0.48875273137782393,False,45.9291409755384,formal_m1_center_not_selected
F2D000850,stability,F2V000080,notselected_pdcsap_all,calibration_pair,MATCHED_NOT_SELECTED,W00,P01,7,VALID,3,5.877822992036981,9.272108801392903,9.638037726952597,-3.3942858093559227,0.36592892555969314,False,45.92902155938383,formal_m1_center_not_selected
F2D000851,stability,F2V000080,notselected_pdcsap_all,calibration_pair,MATCHED_NOT_SELECTED,W00,P01,8,VALID,3,5.877822992038073,9.272108797828821,9.727443447460114,-3.394285805790748,0.45533464963129333,False,45.92911648274618,formal_m1_center_not_selected
F2D000852,stability,F2V000080,notselected_pdcsap_all,calibration_pair,MATCHED_NOT_SELECTED,W00,P01,9,VALID,3,5.877822992037462,9.272108773839983,9.638037676445645,-3.3942857818025214,0.3659289026056616,False,45.92913830480545,formal_m1_center_not_selected
F2D000871,stability,F2V000083,notselected_pdcsap_all,calibration_pair,MATCHED_NOT_SELECTED,W00,P04,1,VALID,3,1.3289077270900829,7.058238405419541,5.173881855652927,-5.7293306783294575,-1.884356549766614,False,49.050122819008884,formal_m1_center_not_selected
F2D000872,stability,F2V000083,notselected_pdcsap_all,calibration_pair,MATCHED_NOT_SELECTED,W00,P04,2,VALID,3,1.3289077270902978,7.058238405350297,5.173879804263032,-5.729330678259998,-1.884358601087265,False,49.049823696333675,formal_m1_center_not_selected
F2D000873,stability,F2V000083,notselected_pdcsap_all,calibration_pair,MATCHED_NOT_SELECTED,W00,P04,3,VALID,3,1.3289077270898875,7.058238405365561,5.1738790139174755,-5.729330678275673,-1.8843593914480854,False,49.0497112513411,formal_m1_center_not_selected
F2D000874,stability,F2V000083,notselected_pdcsap_all,calibration_pair,MATCHED_NOT_SELECTED,W00,P04,4,VALID,3,1.3289077270898626,7.058238405356466,5.173881240796804,-5.729330678266603,-1.8843571645596624,False,49.05010294289926,formal_m1_center_not_selected
F2D000875,stability,F2V000083,notselected_pdcsap_all,calibration_pair,MATCHED_NOT_SELECTED,W00,P04,5,VALID,3,1.3289077270899408,7.0582384053535705,5.173878545707269,-5.729330678263629,-1.8843598596463016,False,49.04975526009854,formal_m1_center_not_selected
F2D000876,stability,F2V000083,notselected_pdcsap_all,calibration_pair,MATCHED_NOT_SELECTED,W00,P04,6,VALID,3,1.3289077270899052,7.0582384053668665,5.173879035891839,-5.729330678276961,-1.8843593694750274,False,49.04985589271479,formal_m1_center_not_selected
F2D000877,stability,F2V000083,notselected_pdcsap_all,calibration_pair,MATCHED_NOT_SELECTED,W00,P04,7,VALID,3,1.328907727089907,7.058238405552364,5.2188063345885345,-5.729330678462457,-1.8394320709638299,False,49.04935025265014,formal_m1_center_not_selected
F2D000878,stability,F2V000083,notselected_pdcsap_all,calibration_pair,MATCHED_NOT_SELECTED,W00,P04,8,VALID,3,1.3289077270898022,7.0582384054638485,5.173887548827195,-5.729330678374046,-1.8843508566366536,False,49.05006309919391,formal_m1_center_not_selected
F2D000879,stability,F2V000083,notselected_pdcsap_all,calibration_pair,MATCHED_NOT_SELECTED,W00,P04,9,VALID,3,1.3289077270901362,7.058238405366703,5.177931081964197,-5.7293306782765665,-1.8803073234025058,False,49.04957667915588,formal_m1_center_not_selected
F2D000880,stability,F2V000084,notselected_pdcsap_all,calibration_pair,MATCHED_NOT_SELECTED,W00,P05,1,VALID,3,5.777675663686118,9.162461748602519,9.608787616199415,-3.384786084916401,0.4463258675968955,False,45.929210628288814,formal_m1_center_not_selected
F2D000881,stability,F2V000084,notselected_pdcsap_all,calibration_pair,MATCHED_NOT_SELECTED,W00,P05,2,VALID,3,5.7776756636861,9.162461711259352,9.669495961796766,-3.384786047573252,0.5070342505374139,False,45.929228941135236,formal_m1_center_not_selected
F2D000882,stability,F2V000084,notselected_pdcsap_all,calibration_pair,MATCHED_NOT_SELECTED,W00,P05,3,VALID,3,5.777675663686127,9.162461863443957,9.626709595213246,-3.38478619975783,0.464247731769289,False,45.929190015284824,formal_m1_center_not_selected
F2D000883,stability,F2V000084,notselected_pdcsap_all,calibration_pair,MATCHED_NOT_SELECTED,W00,P05,4,VALID,3,5.777675663686205,9.162461695575782,9.669495961796862,-3.3847860318895773,0.5070342662210798,False,45.92922472034708,formal_m1_center_not_selected
F2D000884,stability,F2V000084,notselected_pdcsap_all,calibration_pair,MATCHED_NOT_SELECTED,W00,P05,5,VALID,3,5.77767566368717,9.162461693299466,9.625808130670471,-3.3847860296122967,0.4633464373710048,False,45.92920836262876,formal_m1_center_not_selected
F2D000885,stability,F2V000084,notselected_pdcsap_all,calibration_pair,MATCHED_NOT_SELECTED,W00,P05,6,VALID,3,5.777675663686482,9.16246170379311,9.625821825169396,-3.3847860401066274,0.46336012137628657,False,45.92918963986315,formal_m1_center_not_selected
F2D000886,stability,F2V000084,notselected_pdcsap_all,calibration_pair,MATCHED_NOT_SELECTED,W00,P05,7,VALID,3,5.777675663686306,9.162461695747561,9.608787766842031,-3.384786032061255,0.44632607109446987,False,45.92918323953197,formal_m1_center_not_selected
F2D000887,stability,F2V000084,notselected_pdcsap_all,calibration_pair,MATCHED_NOT_SELECTED,W00,P05,8,VALID,3,5.777675663686454,9.162462142450321,9.608787616227694,-3.3847864787638677,0.44632547377737275,False,45.92920236146435,formal_m1_center_not_selected
F2D000888,stability,F2V000084,notselected_pdcsap_all,calibration_pair,MATCHED_NOT_SELECTED,W00,P05,9,VALID,3,5.777675663686159,9.162461700245764,9.60878761618154,-3.384786036559605,0.44632591593577686,False,45.92921068092747,formal_m1_center_not_selected
F2D000889,stability,F2V000157,P1_published_qpp_pdcsap_all,P1,PUBLISHED_QPP_REPRODUCED,W00,P00,1,VALID,3,-45.318291887134095,-62.876256122331974,-42.888693216003674,17.55796423519788,19.9875629063283,True,56.05820843383256,recovered_period_selected
F2D000890,stability,F2V000157,P1_published_qpp_pdcsap_all,P1,PUBLISHED_QPP_REPRODUCED,W00,P00,2,VALID,3,-45.31829188713418,-62.87625612339263,-40.713102453601564,17.55796423625845,22.163153669791065,True,56.05823771558004,recovered_period_selected
F2D000891,stability,F2V000157,P1_published_qpp_pdcsap_all,P1,PUBLISHED_QPP_REPRODUCED,W00,P00,3,VALID,3,-45.31829188713409,-62.87625612335557,-40.718494210543,17.55796423622148,22.157761912812568,True,56.05823855324204,recovered_period_selected
F2D000892,stability,F2V000157,P1_published_qpp_pdcsap_all,P1,PUBLISHED_QPP_REPRODUCED,W00,P00,4,VALID,3,-45.31829188713385,-62.87625612339453,-42.88869321448743,17.55796423626068,19.9875629089071,True,56.05823671636545,recovered_period_selected
F2D000893,stability,F2V000157,P1_published_qpp_pdcsap_all,P1,PUBLISHED_QPP_REPRODUCED,W00,P00,5,VALID,3,-45.31829188713418,-62.87625612292185,-42.888693214670326,17.557964235787672,19.987562908251526,True,56.05822861122308,recovered_period_selected
F2D000894,stability,F2V000157,P1_published_qpp_pdcsap_all,P1,PUBLISHED_QPP_REPRODUCED,W00,P00,6,VALID,3,-45.31829188713391,-62.87625612329257,-42.88869296758426,17.55796423615866,19.987563155708308,True,56.05823324145882,recovered_period_selected
F2D000895,stability,F2V000157,P1_published_qpp_pdcsap_all,P1,PUBLISHED_QPP_REPRODUCED,W00,P00,7,VALID,3,-45.318291887134166,-62.87625612322666,-42.88869321537314,17.557964236092495,19.987562907853523,True,56.05823000051177,recovered_period_selected
F2D000896,stability,F2V000157,P1_published_qpp_pdcsap_all,P1,PUBLISHED_QPP_REPRODUCED,W00,P00,8,VALID,3,-45.31829188713398,-62.876256123286446,-42.88869320624801,17.557964236152465,19.98756291703844,True,56.05823458008595,recovered_period_selected
F2D000897,stability,F2V000157,P1_published_qpp_pdcsap_all,P1,PUBLISHED_QPP_REPRODUCED,W00,P00,9,VALID,3,-45.31829188713259,-62.87625612336824,-42.8886932155639,17.557964236235655,19.987562907804346,True,56.0582345639737,recovered_period_selected
F2D000898,stability,F2V000158,P1_published_qpp_pdcsap_all,P1,PUBLISHED_QPP_REPRODUCED,W00,P01,1,VALID,3,-26.97455252380105,-43.3708108150759,-23.457461642009207,16.396258291274847,19.913349173066692,True,55.74229623097126,recovered_period_selected
F2D000899,stability,F2V000158,P1_published_qpp_pdcsap_all,P1,PUBLISHED_QPP_REPRODUCED,W00,P01,2,VALID,3,-26.97455252380081,-43.37081081552114,-22.15314516501182,16.39625829172033,21.217665650509318,True,55.74228281131591,recovered_period_selected
F2D000900,stability,F2V000158,P1_published_qpp_pdcsap_all,P1,PUBLISHED_QPP_REPRODUCED,W00,P01,3,VALID,3,-26.97455252379966,-43.37081081538866,-22.153144223904135,16.396258291589,21.217666591484523,True,55.74228681407431,recovered_period_selected
F2D000901,stability,F2V000158,P1_published_qpp_pdcsap_all,P1,PUBLISHED_QPP_REPRODUCED,W00,P01,4,VALID,3,-26.974552523801094,-43.370810814762486,-23.45746164191859,16.39625829096139,19.913349172843894,True,55.74226441539109,recovered_period_selected
F2D000902,stability,F2V000158,P1_published_qpp_pdcsap_all,P1,PUBLISHED_QPP_REPRODUCED,W00,P01,5,VALID,3,-26.974552523800504,-43.37081081166923,-22.1531372095029,16.396258287868726,21.21767360216633,True,55.742300678527286,recovered_period_selected
F2D000903,stability,F2V000158,P1_published_qpp_pdcsap_all,P1,PUBLISHED_QPP_REPRODUCED,W00,P01,6,VALID,3,-26.97455252380101,-43.37081079259232,-23.457461641876833,16.396258268791314,19.91334915071549,True,55.7422899012623,recovered_period_selected
F2D000904,stability,F2V000158,P1_published_qpp_pdcsap_all,P1,PUBLISHED_QPP_REPRODUCED,W00,P01,7,VALID,3,-26.974552523801023,-43.37081080578748,-23.457461641901247,16.396258281986455,19.91334916388623,True,55.74231124757831,recovered_period_selected
F2D000905,stability,F2V000158,P1_published_qpp_pdcsap_all,P1,PUBLISHED_QPP_REPRODUCED,W00,P01,8,VALID,3,-26.97455252379983,-43.37081081286152,-23.457461638247146,16.39625828906169,19.913349174614375,True,55.74230684851666,recovered_period_selected
F2D000906,stability,F2V000158,P1_published_qpp_pdcsap_all,P1,PUBLISHED_QPP_REPRODUCED,W00,P01,9,VALID,3,-26.974552523800476,-43.3708108155049,-23.45746163146447,16.396258291704427,19.913349184040435,True,55.74228252192833,recovered_period_selected
F2D000925,stability,F2V000161,P1_published_qpp_pdcsap_all,P1,PUBLISHED_QPP_REPRODUCED,W00,P04,1,VALID,3,-42.00460266819137,-59.24335223165213,-39.53018840410748,17.238749563460765,19.713163827544655,True,56.060342433186584,recovered_period_selected
F2D000926,stability,F2V000161,P1_published_qpp_pdcsap_all,P1,PUBLISHED_QPP_REPRODUCED,W00,P04,2,VALID,3,-42.004602668191424,-59.24335223202508,-37.40274345331008,17.238749563833657,21.840608778715,True,56.060361046678864,recovered_period_selected
F2D000927,stability,F2V000161,P1_published_qpp_pdcsap_all,P1,PUBLISHED_QPP_REPRODUCED,W00,P04,3,VALID,3,-42.00460266819104,-59.24335223194969,-37.40037112999377,17.238749563758653,21.84298110195592,True,56.06036366297139,recovered_period_selected
F2D000928,stability,F2V000161,P1_published_qpp_pdcsap_all,P1,PUBLISHED_QPP_REPRODUCED,W00,P04,4,VALID,3,-42.0046026681915,-59.243352232002,-39.53018840352982,17.2387495638105,19.713163828472183,True,56.060361389999144,recovered_period_selected
F2D000929,stability,F2V000161,P1_published_qpp_pdcsap_all,P1,PUBLISHED_QPP_REPRODUCED,W00,P04,5,VALID,3,-42.00460266819118,-59.24335223203554,-37.52064692019402,17.238749563844358,21.722705311841523,True,56.060362067124075,recovered_period_selected
F2D000930,stability,F2V000161,P1_published_qpp_pdcsap_all,P1,PUBLISHED_QPP_REPRODUCED,W00,P04,6,VALID,3,-42.004602668190586,-59.24335222772218,-39.530188404728165,17.23874955953159,19.713163822994012,True,56.06033712253291,recovered_period_selected
F2D000931,stability,F2V000161,P1_published_qpp_pdcsap_all,P1,PUBLISHED_QPP_REPRODUCED,W00,P04,7,VALID,3,-42.00460266819132,-59.243352232032045,-39.530188404884704,17.238749563840727,19.71316382714734,True,56.06036149868272,recovered_period_selected
F2D000932,stability,F2V000161,P1_published_qpp_pdcsap_all,P1,PUBLISHED_QPP_REPRODUCED,W00,P04,8,VALID,3,-42.00460266818828,-59.24335223076043,-39.530188404870984,17.238749562572153,19.713163825889445,True,56.0603348242133,recovered_period_selected
F2D000933,stability,F2V000161,P1_published_qpp_pdcsap_all,P1,PUBLISHED_QPP_REPRODUCED,W00,P04,9,VALID,3,-42.00460266819084,-59.24335223203274,-39.53018840475936,17.2387495638419,19.713163827273384,True,56.06036050359096,recovered_period_selected
F2D000934,stability,F2V000162,P1_published_qpp_pdcsap_all,P1,PUBLISHED_QPP_REPRODUCED,W00,P05,1,VALID,3,-23.69700795042196,-39.849530129260074,-20.114093451557743,16.152522178838115,19.73543667770233,True,55.7499260126956,recovered_period_selected
F2D000935,stability,F2V000162,P1_published_qpp_pdcsap_all,P1,PUBLISHED_QPP_REPRODUCED,W00,P05,2,VALID,3,-23.697007950422194,-39.84953015008441,-18.813997740251203,16.15252219966222,21.03553240983321,True,55.75001759845343,recovered_period_selected
F2D000936,stability,F2V000162,P1_published_qpp_pdcsap_all,P1,PUBLISHED_QPP_REPRODUCED,W00,P05,3,VALID,3,-23.697007950421984,-39.84953020506086,-18.866315663662313,16.152522254638875,20.983214541398546,True,55.749880753772516,recovered_period_selected
F2D000937,stability,F2V000162,P1_published_qpp_pdcsap_all,P1,PUBLISHED_QPP_REPRODUCED,W00,P05,4,VALID,3,-23.697007950422183,-39.84953019979944,-20.11409218723322,16.152522249377256,19.73543801256622,True,55.74982201358788,recovered_period_selected
F2D000938,stability,F2V000162,P1_published_qpp_pdcsap_all,P1,PUBLISHED_QPP_REPRODUCED,W00,P05,5,VALID,3,-23.697007950421455,-39.849530204983104,-18.866318210856846,16.15252225456165,20.983211994126258,True,55.749883970979695,recovered_period_selected
F2D000939,stability,F2V000162,P1_published_qpp_pdcsap_all,P1,PUBLISHED_QPP_REPRODUCED,W00,P05,6,VALID,3,-23.69700795042205,-39.84953019472432,-20.11409324414187,16.152522244302272,19.735436950582454,True,55.74982468746064,recovered_period_selected
F2D000940,stability,F2V000162,P1_published_qpp_pdcsap_all,P1,PUBLISHED_QPP_REPRODUCED,W00,P05,7,VALID,3,-23.6970079504219,-39.84953018250306,-20.1140934515973,16.15252223208116,19.73543673090576,True,55.749859510383054,recovered_period_selected
F2D000941,stability,F2V000162,P1_published_qpp_pdcsap_all,P1,PUBLISHED_QPP_REPRODUCED,W00,P05,8,VALID,3,-23.697007950422147,-39.84953020510579,-20.11409345156043,16.152522254683646,19.735436753545365,True,55.749889778143505,recovered_period_selected
F2D000942,stability,F2V000162,P1_published_qpp_pdcsap_all,P1,PUBLISHED_QPP_REPRODUCED,W00,P05,9,VALID,3,-23.6970079504222,-39.84953016223225,-20.11409323273989,16.152522211810048,19.73543692949236,True,55.74985818346406,recovered_period_selected
F2D000943,stability,F2V000235,P1_not_selected_qpp_pdcsap_all,P1,MATCHED_NOT_SELECTED,W00,P00,1,VALID,3,-43.80473882586152,-37.959993135368855,-39.39587282423518,-5.844745690492665,-1.4358796888663221,False,104.4149119689387,formal_m1_center_not_selected
F2D000944,stability,F2V000235,P1_not_selected_qpp_pdcsap_all,P1,MATCHED_NOT_SELECTED,W00,P00,2,VALID,3,-43.804738825869265,-37.959993138439096,-38.526452640626694,-5.844745687430169,-0.5664595021875982,False,104.41476707904151,formal_m1_center_not_selected
F2D000945,stability,F2V000235,P1_not_selected_qpp_pdcsap_all,P1,MATCHED_NOT_SELECTED,W00,P00,3,VALID,3,-43.80473882586998,-37.95999313814385,-38.54477231532738,-5.844745687726132,-0.5847791771835276,False,104.41472289963212,formal_m1_center_not_selected
F2D000946,stability,F2V000235,P1_not_selected_qpp_pdcsap_all,P1,MATCHED_NOT_SELECTED,W00,P00,4,VALID,3,-43.80473882586985,-37.959993126943885,-39.3958728285976,-5.844745698925962,-1.435879701653711,False,104.41514783054805,formal_m1_center_not_selected
F2D000947,stability,F2V000235,P1_not_selected_qpp_pdcsap_all,P1,MATCHED_NOT_SELECTED,W00,P00,5,VALID,3,-43.80473882586895,-37.95999313529119,-38.8450489886562,-5.84474569057776,-0.8850558533650101,False,104.4146383223971,formal_m1_center_not_selected
F2D000948,stability,F2V000235,P1_not_selected_qpp_pdcsap_all,P1,MATCHED_NOT_SELECTED,W00,P00,6,VALID,3,-43.804738825869485,-37.959993138089985,-38.648155733132484,-5.8447456877795005,-0.688162595042499,False,104.41480473153595,formal_m1_center_not_selected
F2D000949,stability,F2V000235,P1_not_selected_qpp_pdcsap_all,P1,MATCHED_NOT_SELECTED,W00,P00,7,VALID,3,-43.80473882586989,-37.95999313761881,-39.39587282937166,-5.844745688251081,-1.4358796917528522,False,104.4149796535794,formal_m1_center_not_selected
F2D000950,stability,F2V000235,P1_not_selected_qpp_pdcsap_all,P1,MATCHED_NOT_SELECTED,W00,P00,8,VALID,3,-43.8047388258692,-37.95999313804145,-39.395872828996275,-5.8447456878277535,-1.4358796909548275,False,104.41488930729871,formal_m1_center_not_selected
F2D000951,stability,F2V000235,P1_not_selected_qpp_pdcsap_all,P1,MATCHED_NOT_SELECTED,W00,P00,9,VALID,3,-43.80473882586955,-37.95999313808386,-39.39587280141488,-5.844745687785689,-1.435879663331022,False,104.41465575429208,formal_m1_center_not_selected
F2D000952,stability,F2V000236,P1_not_selected_qpp_pdcsap_all,P1,MATCHED_NOT_SELECTED,W00,P01,1,VALID,3,-26.14538536040293,-24.016367260724635,-22.578280731466585,-2.1290180996782944,1.438086529258051,False,68.16216533637427,formal_m1_center_not_selected
F2D000953,stability,F2V000236,P1_not_selected_qpp_pdcsap_all,P1,MATCHED_NOT_SELECTED,W00,P01,2,VALID,3,-26.145385360403125,-24.016367260652096,-20.600207915923384,-2.129018099751029,3.4161593447287117,False,68.16217822913329,formal_m1_center_not_selected
F2D000954,stability,F2V000236,P1_not_selected_qpp_pdcsap_all,P1,MATCHED_NOT_SELECTED,W00,P01,3,VALID,3,-26.145385360402695,-24.01636724468242,-20.774898268235106,-2.1290181157202746,3.2414689764473152,False,68.16239328935096,formal_m1_center_not_selected
F2D000955,stability,F2V000236,P1_not_selected_qpp_pdcsap_all,P1,MATCHED_NOT_SELECTED,W00,P01,4,VALID,3,-26.145385360403274,-24.0163672607257,-22.578280731470144,-2.129018099677573,1.438086529255557,False,68.16216854059137,formal_m1_center_not_selected
F2D000956,stability,F2V000236,P1_not_selected_qpp_pdcsap_all,P1,MATCHED_NOT_SELECTED,W00,P01,5,VALID,3,-26.145385360400645,-24.01636725846827,-22.57827916339061,-2.129018101932374,1.43808809507766,False,68.16217612348201,formal_m1_center_not_selected
F2D000957,stability,F2V000236,P1_not_selected_qpp_pdcsap_all,P1,MATCHED_NOT_SELECTED,W00,P01,6,VALID,3,-26.145385360402933,-24.01636726064818,-20.77490058006218,-2.1290180997547523,3.241466680586001,False,68.16217468289825,formal_m1_center_not_selected
F2D000958,stability,F2V000236,P1_not_selected_qpp_pdcsap_all,P1,MATCHED_NOT_SELECTED,W00,P01,7,VALID,3,-26.145385360403466,-24.01636726067988,-22.578280729448124,-2.129018099723588,1.438086531231754,False,68.16216397779016,formal_m1_center_not_selected
F2D000959,stability,F2V000236,P1_not_selected_qpp_pdcsap_all,P1,MATCHED_NOT_SELECTED,W00,P01,8,VALID,3,-26.145385360402983,-24.016367260563122,-22.57828073134374,-2.129018099839861,1.4380865292193832,False,68.16215166645794,formal_m1_center_not_selected
F2D000960,stability,F2V000236,P1_not_selected_qpp_pdcsap_all,P1,MATCHED_NOT_SELECTED,W00,P01,9,VALID,3,-26.145385360403353,-24.016367256483846,-22.578280731431313,-2.129018103919506,1.4380865250525332,False,68.16212861294014,formal_m1_center_not_selected
F2D000979,stability,F2V000239,P1_not_selected_qpp_pdcsap_all,P1,MATCHED_NOT_SELECTED,W00,P04,1,VALID,3,-33.9777921932946,-27.94074813089295,-29.351182182102065,-6.037044062401648,-1.4104340512091156,False,104.37694318571795,formal_m1_center_not_selected
F2D000980,stability,F2V000239,P1_not_selected_qpp_pdcsap_all,P1,MATCHED_NOT_SELECTED,W00,P04,2,VALID,3,-33.97779219329418,-27.940748133046277,-28.603951615677133,-6.037044060247901,-0.6632034826308555,False,104.37669151440154,formal_m1_center_not_selected
F2D000981,stability,F2V000239,P1_not_selected_qpp_pdcsap_all,P1,MATCHED_NOT_SELECTED,W00,P04,3,VALID,3,-33.97779219329338,-26.98096137737091,-28.603917584825943,-6.996830815922472,-1.622956207455033,False,40.0,formal_m1_center_not_selected
F2D000982,stability,F2V000239,P1_not_selected_qpp_pdcsap_all,P1,MATCHED_NOT_SELECTED,W00,P04,4,VALID,3,-33.97779219329291,-27.940748116922315,-29.351182173892603,-6.037044076370599,-1.4104340569702885,False,104.37603478497869,formal_m1_center_not_selected
F2D000983,stability,F2V000239,P1_not_selected_qpp_pdcsap_all,P1,MATCHED_NOT_SELECTED,W00,P04,5,VALID,3,-33.9777921932939,-27.940748132117868,-28.892033392954296,-6.037044061176033,-0.9512852608364284,False,104.37652992577308,formal_m1_center_not_selected
F2D000984,stability,F2V000239,P1_not_selected_qpp_pdcsap_all,P1,MATCHED_NOT_SELECTED,W00,P04,6,VALID,3,-33.97779219329439,-27.94074813280597,-29.351181691426703,-6.0370440604884195,-1.4104335586207313,False,104.37669220814004,formal_m1_center_not_selected
F2D000985,stability,F2V000239,P1_not_selected_qpp_pdcsap_all,P1,MATCHED_NOT_SELECTED,W00,P04,7,VALID,3,-33.97779219329454,-27.940748133034525,-29.351182178862175,-6.0370440602600155,-1.4104340458276496,False,104.37649937989927,formal_m1_center_not_selected
F2D000986,stability,F2V000239,P1_not_selected_qpp_pdcsap_all,P1,MATCHED_NOT_SELECTED,W00,P04,8,VALID,3,-33.977792193293304,-27.940748131870116,-29.351182182314318,-6.037044061423188,-1.4104340504442021,False,104.37669184811341,formal_m1_center_not_selected
F2D000987,stability,F2V000239,P1_not_selected_qpp_pdcsap_all,P1,MATCHED_NOT_SELECTED,W00,P04,9,VALID,3,-33.97779219329398,-27.940748129489663,-29.351181955327597,-6.037044063804316,-1.4104338258379343,False,104.37667015685011,formal_m1_center_not_selected
F2D000988,stability,F2V000240,P1_not_selected_qpp_pdcsap_all,P1,MATCHED_NOT_SELECTED,W00,P05,1,VALID,3,-16.871423042831907,-14.68170073462465,-13.185651559856547,-2.1897223082072568,1.4960491747681033,False,68.16317439303852,formal_m1_center_not_selected
F2D000989,stability,F2V000240,P1_not_selected_qpp_pdcsap_all,P1,MATCHED_NOT_SELECTED,W00,P05,2,VALID,3,-16.87142304283212,-14.681700745052888,-11.500668619203497,-2.189722297779232,3.1810321258493914,False,68.1631003264643,formal_m1_center_not_selected
F2D000990,stability,F2V000240,P1_not_selected_qpp_pdcsap_all,P1,MATCHED_NOT_SELECTED,W00,P05,3,VALID,3,-16.87142304283168,-14.681700745061471,-11.327040400946602,-2.189722297770208,3.354660344114869,False,68.1630865344423,formal_m1_center_not_selected
F2D000991,stability,F2V000240,P1_not_selected_qpp_pdcsap_all,P1,MATCHED_NOT_SELECTED,W00,P05,4,VALID,3,-16.871423042832127,-14.681700745135762,-13.185651559875682,-2.189722297696365,1.4960491852600803,False,68.16309018871209,formal_m1_center_not_selected
F2D000992,stability,F2V000240,P1_not_selected_qpp_pdcsap_all,P1,MATCHED_NOT_SELECTED,W00,P05,5,VALID,3,-16.871423042831715,-14.68170074503733,-13.18565101155187,-2.1897222977943844,1.49604973348546,False,68.16308000924538,formal_m1_center_not_selected
F2D000993,stability,F2V000240,P1_not_selected_qpp_pdcsap_all,P1,MATCHED_NOT_SELECTED,W00,P05,6,VALID,3,-16.871423042831573,-14.68170074518371,-11.326245598352537,-2.1897222976478634,3.355455146831172,False,68.16309433417659,formal_m1_center_not_selected
F2D000994,stability,F2V000240,P1_not_selected_qpp_pdcsap_all,P1,MATCHED_NOT_SELECTED,W00,P05,7,VALID,3,-16.8714230428317,-14.6817007446892,-13.185651558965647,-2.1897222981425006,1.4960491857235532,False,68.16308671836684,formal_m1_center_not_selected
F2D000995,stability,F2V000240,P1_not_selected_qpp_pdcsap_all,P1,MATCHED_NOT_SELECTED,W00,P05,8,VALID,3,-16.871423042832074,-14.681700745189035,-13.18565141755827,-2.189722297643039,1.4960493276307645,False,68.16309559545125,formal_m1_center_not_selected
F2D000996,stability,F2V000240,P1_not_selected_qpp_pdcsap_all,P1,MATCHED_NOT_SELECTED,W00,P05,9,VALID,3,-16.871423042830955,-14.681700745151042,-13.18565153004395,-2.1897222976799124,1.4960492151070923,False,68.1630976454572,formal_m1_center_not_selected
F2D000997,stability,F2V000313,P2_published_qpp_pdcsap_all,P2,PUBLISHED_QPP_REPRODUCED,W00,P00,1,VALID,3,-569.5695591968832,-580.1125700387438,-567.3933603518326,10.543010841860564,12.7192096869112,True,73.20998036434351,recovered_period_selected
F2D000998,stability,F2V000313,P2_published_qpp_pdcsap_all,P2,PUBLISHED_QPP_REPRODUCED,W00,P00,2,VALID,3,-569.5695591968889,-580.1125700608061,-567.393362813308,10.543010863917175,12.719207247498048,True,73.20976952125042,recovered_period_selected
F2D000999,stability,F2V000313,P2_published_qpp_pdcsap_all,P2,PUBLISHED_QPP_REPRODUCED,W00,P00,3,VALID,3,-569.5695591968968,-580.1125700712696,-567.3933654486237,10.54301087437284,12.719204622645861,True,73.20973113104519,recovered_period_selected
F2D001000,stability,F2V000313,P2_published_qpp_pdcsap_all,P2,PUBLISHED_QPP_REPRODUCED,W00,P00,4,VALID,3,-569.5695591968923,-580.1125700657733,-567.3933643852968,10.54301086888097,12.719205680476534,True,73.20976130406147,recovered_period_selected
F2D001001,stability,F2V000313,P2_published_qpp_pdcsap_all,P2,PUBLISHED_QPP_REPRODUCED,W00,P00,5,VALID,3,-569.5695591969028,-580.1125700717548,-567.3933577976844,10.54301087485203,12.7192122740704,True,73.20974579568392,recovered_period_selected
F2D001002,stability,F2V000313,P2_published_qpp_pdcsap_all,P2,PUBLISHED_QPP_REPRODUCED,W00,P00,6,VALID,3,-569.5695591969072,-580.1125700724947,-567.3933639414851,10.54301087558747,12.719206131009628,True,73.20972944929491,recovered_period_selected
F2D001003,stability,F2V000313,P2_published_qpp_pdcsap_all,P2,PUBLISHED_QPP_REPRODUCED,W00,P00,7,VALID,3,-569.5695591969017,-580.1125700636815,-567.3933575860732,10.54301086677981,12.719212477608266,True,73.20984518169968,recovered_period_selected
F2D001004,stability,F2V000313,P2_published_qpp_pdcsap_all,P2,PUBLISHED_QPP_REPRODUCED,W00,P00,8,VALID,3,-569.5695591969044,-580.1125700679582,-567.3933628941612,10.543010871053866,12.719207173797031,True,73.20962119281812,recovered_period_selected
F2D001005,stability,F2V000313,P2_published_qpp_pdcsap_all,P2,PUBLISHED_QPP_REPRODUCED,W00,P00,9,VALID,3,-569.569559196901,-580.1125700719099,-567.3933646908013,10.543010875008918,12.719205381108623,True,73.2097092819381,recovered_period_selected
F2D001006,stability,F2V000314,P2_published_qpp_pdcsap_all,P2,PUBLISHED_QPP_REPRODUCED,W00,P01,1,VALID,3,-550.9050170584824,-561.7848448058559,-547.9015771875639,10.879827747373497,13.883267618291939,True,73.2417055395234,recovered_period_selected
F2D001007,stability,F2V000314,P2_published_qpp_pdcsap_all,P2,PUBLISHED_QPP_REPRODUCED,W00,P01,2,VALID,3,-550.905017058482,-561.7848448059764,-547.9015773267366,10.879827747494346,13.883267479239748,True,73.24170547754947,recovered_period_selected
F2D001008,stability,F2V000314,P2_published_qpp_pdcsap_all,P2,PUBLISHED_QPP_REPRODUCED,W00,P01,3,VALID,3,-550.9050170584916,-561.784844800797,-547.9015777523049,10.879827742305451,13.883267048492144,True,73.24171090982523,recovered_period_selected
F2D001009,stability,F2V000314,P2_published_qpp_pdcsap_all,P2,PUBLISHED_QPP_REPRODUCED,W00,P01,4,VALID,3,-550.9050170584904,-561.784844799219,-547.9015675863044,10.879827740728501,13.88327721291455,True,73.24179915683006,recovered_period_selected
F2D001010,stability,F2V000314,P2_published_qpp_pdcsap_all,P2,PUBLISHED_QPP_REPRODUCED,W00,P01,5,VALID,3,-550.9050170584864,-561.7848448045179,-547.9015731137856,10.879827746031538,13.883271690732272,True,73.24164901828834,recovered_period_selected
F2D001011,stability,F2V000314,P2_published_qpp_pdcsap_all,P2,PUBLISHED_QPP_REPRODUCED,W00,P01,6,VALID,3,-550.9050170584638,-561.7848447975753,-547.9015769975671,10.87982773911142,13.883267800008184,True,73.24165330674708,recovered_period_selected
F2D001012,stability,F2V000314,P2_published_qpp_pdcsap_all,P2,PUBLISHED_QPP_REPRODUCED,W00,P01,7,VALID,3,-550.9050170584824,-561.7848448059457,-547.9015777825556,10.87982774746331,13.88326702339009,True,73.24170128218877,recovered_period_selected
F2D001013,stability,F2V000314,P2_published_qpp_pdcsap_all,P2,PUBLISHED_QPP_REPRODUCED,W00,P01,8,VALID,3,-550.9050170584793,-561.7848447958237,-547.9015768754648,10.879827737344385,13.88326792035889,True,73.24185790072158,recovered_period_selected
F2D001014,stability,F2V000314,P2_published_qpp_pdcsap_all,P2,PUBLISHED_QPP_REPRODUCED,W00,P01,9,VALID,3,-550.9050170584807,-561.7848448059516,-547.9015770613657,10.879827747470927,13.88326774458585,True,73.24170825805828,recovered_period_selected
F2D001033,stability,F2V000317,P2_published_qpp_pdcsap_all,P2,PUBLISHED_QPP_REPRODUCED,W00,P04,1,VALID,3,-422.80105562105035,-432.72458887144984,-419.36679956951446,9.923533250399487,13.357789301935384,False,73.15594486689487,formal_m1_center_not_selected
F2D001034,stability,F2V000317,P2_published_qpp_pdcsap_all,P2,PUBLISHED_QPP_REPRODUCED,W00,P04,2,VALID,3,-422.80105562113306,-432.7245888718986,-419.3668011787446,9.923533250765558,13.357787693154023,False,73.15594289764735,formal_m1_center_not_selected
F2D001035,stability,F2V000317,P2_published_qpp_pdcsap_all,P2,PUBLISHED_QPP_REPRODUCED,W00,P04,3,VALID,3,-422.80105562113187,-432.72458885529574,-419.3668008015807,9.92353323416387,13.357788053715012,False,73.1559285854816,formal_m1_center_not_selected
F2D001036,stability,F2V000317,P2_published_qpp_pdcsap_all,P2,PUBLISHED_QPP_REPRODUCED,W00,P04,4,VALID,3,-422.8010556211298,-432.7245888601138,-419.36679846003346,9.923533238983964,13.357790400080319,False,73.15595598164906,formal_m1_center_not_selected
F2D001037,stability,F2V000317,P2_published_qpp_pdcsap_all,P2,PUBLISHED_QPP_REPRODUCED,W00,P04,5,VALID,3,-422.8010556211297,-432.72458881338906,-419.366800350777,9.923533192259356,13.357788462612064,False,73.15566430302975,formal_m1_center_not_selected
F2D001038,stability,F2V000317,P2_published_qpp_pdcsap_all,P2,PUBLISHED_QPP_REPRODUCED,W00,P04,6,VALID,3,-422.80105562088556,-432.724588872291,-419.3668009841509,9.923533251405445,13.35778788814008,False,73.15595644845835,formal_m1_center_not_selected
F2D001039,stability,F2V000317,P2_published_qpp_pdcsap_all,P2,PUBLISHED_QPP_REPRODUCED,W00,P04,7,VALID,3,-422.80105562113124,-432.72458886934555,-419.3668004373752,9.923533248214312,13.357788431970334,False,73.15597954741455,formal_m1_center_not_selected
F2D001040,stability,F2V000317,P2_published_qpp_pdcsap_all,P2,PUBLISHED_QPP_REPRODUCED,W00,P04,8,VALID,3,-422.8010556211278,-432.7245888676301,-419.36679422691594,9.923533246502302,13.357794640714133,False,73.15593108747335,formal_m1_center_not_selected
F2D001041,stability,F2V000317,P2_published_qpp_pdcsap_all,P2,PUBLISHED_QPP_REPRODUCED,W00,P04,9,VALID,3,-422.80105562108207,-432.7245888604731,-419.36680130631237,9.92353323939102,13.357787554160723,False,73.15600283815566,formal_m1_center_not_selected
F2D001042,stability,F2V000318,P2_published_qpp_pdcsap_all,P2,PUBLISHED_QPP_REPRODUCED,W00,P05,1,VALID,3,-404.0166409671591,-414.66744001520823,-400.2673914441368,10.650799048049123,14.400048571071409,True,73.21263269875001,recovered_period_selected
F2D001043,stability,F2V000318,P2_published_qpp_pdcsap_all,P2,PUBLISHED_QPP_REPRODUCED,W00,P05,2,VALID,3,-404.016640967167,-414.66744000350553,-400.2673929704603,10.650799036338526,14.400047033045212,True,73.21255254077681,recovered_period_selected
F2D001044,stability,F2V000318,P2_published_qpp_pdcsap_all,P2,PUBLISHED_QPP_REPRODUCED,W00,P05,3,VALID,3,-404.0166409671812,-414.6674400034418,-400.2673928740287,10.650799036260594,14.40004712941311,True,73.21254597939809,recovered_period_selected
F2D001045,stability,F2V000318,P2_published_qpp_pdcsap_all,P2,PUBLISHED_QPP_REPRODUCED,W00,P05,4,VALID,3,-404.01664096714313,-414.66744000795285,-400.26739059809233,10.650799040809716,14.400049409860515,True,73.2127100935963,recovered_period_selected
F2D001046,stability,F2V000318,P2_published_qpp_pdcsap_all,P2,PUBLISHED_QPP_REPRODUCED,W00,P05,5,VALID,3,-404.01664096717496,-414.66744001263254,-400.2673905942645,10.650799045457575,14.400049418368042,True,73.2127042613653,recovered_period_selected
F2D001047,stability,F2V000318,P2_published_qpp_pdcsap_all,P2,PUBLISHED_QPP_REPRODUCED,W00,P05,6,VALID,3,-404.0166409671545,-414.66743998795874,-400.26739191436405,10.650799020804243,14.40004807359469,True,73.2126175169241,recovered_period_selected
F2D001048,stability,F2V000318,P2_published_qpp_pdcsap_all,P2,PUBLISHED_QPP_REPRODUCED,W00,P05,7,VALID,3,-404.0166409671835,-414.66744000178136,-400.26739322274443,10.650799034597867,14.400046779036927,True,73.21270292844031,recovered_period_selected
F2D001049,stability,F2V000318,P2_published_qpp_pdcsap_all,P2,PUBLISHED_QPP_REPRODUCED,W00,P05,8,VALID,3,-404.01664096714865,-414.6674399953603,-400.26739067836144,10.65079902821168,14.400049316998889,True,73.21268161352751,recovered_period_selected
F2D001050,stability,F2V000318,P2_published_qpp_pdcsap_all,P2,PUBLISHED_QPP_REPRODUCED,W00,P05,9,VALID,3,-404.0166409671663,-414.6674399895747,-400.26739306180514,10.650799022408364,14.400046927769552,True,73.21271537136164,recovered_period_selected
F2D001051,stability,F2V000391,P2_not_selected_qpp_pdcsap_all,P2,MATCHED_NOT_SELECTED,W00,P00,1,VALID,3,-1126.9537602746511,-1122.4627200985167,-1122.3249334917446,-4.491040176134447,0.1377866067721243,False,83.35890953336424,formal_m1_center_not_selected
F2D001052,stability,F2V000391,P2_not_selected_qpp_pdcsap_all,P2,MATCHED_NOT_SELECTED,W00,P00,2,VALID,3,-1126.9537602746552,-1122.4627200993145,-1122.3223130140454,-4.491040175340686,0.1404070852690893,False,83.358891106731,formal_m1_center_not_selected
F2D001053,stability,F2V000391,P2_not_selected_qpp_pdcsap_all,P2,MATCHED_NOT_SELECTED,W00,P00,3,VALID,3,-1126.9537602746582,-1122.462720096222,-1122.3249333589097,-4.491040178436151,0.13778673731235358,False,83.35898714673179,formal_m1_center_not_selected
F2D001054,stability,F2V000391,P2_not_selected_qpp_pdcsap_all,P2,MATCHED_NOT_SELECTED,W00,P00,4,VALID,3,-1126.953760274648,-1122.462720097379,-1122.3249334043826,-4.491040177269042,0.13778669299631474,False,83.35891098373604,formal_m1_center_not_selected
F2D001055,stability,F2V000391,P2_not_selected_qpp_pdcsap_all,P2,MATCHED_NOT_SELECTED,W00,P00,5,VALID,3,-1126.953760274653,-1122.46272009223,-1122.324933383984,-4.491040182422921,0.13778670824603978,False,83.3588587171366,formal_m1_center_not_selected
F2D001056,stability,F2V000391,P2_not_selected_qpp_pdcsap_all,P2,MATCHED_NOT_SELECTED,W00,P00,6,VALID,3,-1126.9537602745772,-1122.4627200994282,-1122.3249332872788,-4.49104017514901,0.137786812149443,False,83.35886536648916,formal_m1_center_not_selected
F2D001057,stability,F2V000391,P2_not_selected_qpp_pdcsap_all,P2,MATCHED_NOT_SELECTED,W00,P00,7,VALID,3,-1126.9537602746534,-1122.4627200936477,-1122.3249327525577,-4.491040181005701,0.13778734108996105,False,83.35909903424661,formal_m1_center_not_selected
F2D001058,stability,F2V000391,P2_not_selected_qpp_pdcsap_all,P2,MATCHED_NOT_SELECTED,W00,P00,8,VALID,3,-1126.95376027463,-1122.4627200786365,-1122.324933156548,-4.491040195993492,0.13778692208848042,False,83.35890924226283,formal_m1_center_not_selected
F2D001059,stability,F2V000391,P2_not_selected_qpp_pdcsap_all,P2,MATCHED_NOT_SELECTED,W00,P00,9,VALID,3,-1126.953760274652,-1122.4627200974276,-1122.324933373341,-4.491040177224477,0.13778672408648163,False,83.35892777561189,formal_m1_center_not_selected
F2D001060,stability,F2V000392,P2_not_selected_qpp_pdcsap_all,P2,MATCHED_NOT_SELECTED,W00,P01,1,VALID,3,-1117.1028248633295,-1112.3324472532097,-1111.8316156346295,-4.7703776101197946,0.5008316185801505,False,82.47641850515676,formal_m1_center_not_selected
F2D001061,stability,F2V000392,P2_not_selected_qpp_pdcsap_all,P2,MATCHED_NOT_SELECTED,W00,P01,2,VALID,3,-1117.102824863312,-1112.3324472545257,-1111.831615471077,-4.770377608786248,0.5008317834488025,False,82.47638368105842,formal_m1_center_not_selected
F2D001062,stability,F2V000392,P2_not_selected_qpp_pdcsap_all,P2,MATCHED_NOT_SELECTED,W00,P01,3,VALID,3,-1117.1028248633206,-1112.3324472545419,-1111.8315860504067,-4.770377608778745,0.5008612041351626,False,82.47637119144822,formal_m1_center_not_selected
F2D001063,stability,F2V000392,P2_not_selected_qpp_pdcsap_all,P2,MATCHED_NOT_SELECTED,W00,P01,4,VALID,3,-1117.1028248633272,-1112.3324472348704,-1111.831614963222,-4.770377628456799,0.5008322716485054,False,82.4765586269079,formal_m1_center_not_selected
F2D001064,stability,F2V000392,P2_not_selected_qpp_pdcsap_all,P2,MATCHED_NOT_SELECTED,W00,P01,5,VALID,3,-1117.102824863323,-1112.332447237336,-1111.8316140224674,-4.770377625986839,0.500833214868635,False,82.4766680313487,formal_m1_center_not_selected
F2D001065,stability,F2V000392,P2_not_selected_qpp_pdcsap_all,P2,MATCHED_NOT_SELECTED,W00,P01,6,VALID,3,-1117.1028248632977,-1112.3324472471345,-1111.8316071934937,-4.7703776161631595,0.5008400536407862,False,82.47640526209649,formal_m1_center_not_selected
F2D001066,stability,F2V000392,P2_not_selected_qpp_pdcsap_all,P2,MATCHED_NOT_SELECTED,W00,P01,7,VALID,3,-1117.1028248633197,-1112.3324472389818,-1111.831615051075,-4.770377624337925,0.5008321879067807,False,82.47633748132318,formal_m1_center_not_selected
F2D001067,stability,F2V000392,P2_not_selected_qpp_pdcsap_all,P2,MATCHED_NOT_SELECTED,W00,P01,8,VALID,3,-1117.1028248633204,-1112.3324472544425,-1111.8316139915637,-4.7703776088778795,0.5008332628788139,False,82.47634178713803,formal_m1_center_not_selected
F2D001068,stability,F2V000392,P2_not_selected_qpp_pdcsap_all,P2,MATCHED_NOT_SELECTED,W00,P01,9,VALID,3,-1117.102824863329,-1112.332447250823,-1111.831612671026,-4.770377612506081,0.5008345797969014,False,82.47632444103198,formal_m1_center_not_selected
F2D001087,stability,F2V000395,P2_not_selected_qpp_pdcsap_all,P2,MATCHED_NOT_SELECTED,W00,P04,1,VALID,3,-1050.1851990902046,-1045.581820318776,-1045.5498509508998,-4.603378771428652,0.03196936787617233,False,83.33416612152989,formal_m1_center_not_selected
F2D001088,stability,F2V000395,P2_not_selected_qpp_pdcsap_all,P2,MATCHED_NOT_SELECTED,W00,P04,2,VALID,3,-1050.1851990901926,-1045.581820327091,-1045.549632235873,-4.603378763101546,0.032188091217904,False,83.33428386010098,formal_m1_center_not_selected
F2D001089,stability,F2V000395,P2_not_selected_qpp_pdcsap_all,P2,MATCHED_NOT_SELECTED,W00,P04,3,VALID,3,-1050.1851990901941,-1045.5818203268054,-1045.5497251381203,-4.603378763388719,0.0320951886851617,False,83.33440425922858,formal_m1_center_not_selected
F2D001090,stability,F2V000395,P2_not_selected_qpp_pdcsap_all,P2,MATCHED_NOT_SELECTED,W00,P04,4,VALID,3,-1050.1851990901953,-1045.5818203220058,-1045.5498508370492,-4.603378768189486,0.031969484956562155,False,83.33413225851291,formal_m1_center_not_selected
F2D001091,stability,F2V000395,P2_not_selected_qpp_pdcsap_all,P2,MATCHED_NOT_SELECTED,W00,P04,5,VALID,3,-1050.185199090199,-1045.581820327454,-1045.5498509555532,-4.603378762745024,0.03196937190068638,False,83.33432112935283,formal_m1_center_not_selected
F2D001092,stability,F2V000395,P2_not_selected_qpp_pdcsap_all,P2,MATCHED_NOT_SELECTED,W00,P04,6,VALID,3,-1050.1851990901953,-1045.581820315383,-1045.5466271481205,-4.6033787748121995,0.03519316726260513,False,83.33431707856553,formal_m1_center_not_selected
F2D001093,stability,F2V000395,P2_not_selected_qpp_pdcsap_all,P2,MATCHED_NOT_SELECTED,W00,P04,7,VALID,3,-1050.1851990901898,-1045.5818203263605,-1045.5498506096792,-4.603378763829369,0.03196971668126025,False,83.33440453611227,formal_m1_center_not_selected
F2D001094,stability,F2V000395,P2_not_selected_qpp_pdcsap_all,P2,MATCHED_NOT_SELECTED,W00,P04,8,VALID,3,-1050.185199090201,-1045.5818203268343,-1045.5498509605786,-4.603378763366663,0.03196936625568014,False,83.33440198585676,formal_m1_center_not_selected
F2D001095,stability,F2V000395,P2_not_selected_qpp_pdcsap_all,P2,MATCHED_NOT_SELECTED,W00,P04,9,VALID,3,-1050.1851990900088,-1045.5818203248084,-1045.5498509760723,-4.603378765200432,0.0319693487360837,False,83.3343731067666,formal_m1_center_not_selected
F2D001096,stability,F2V000396,P2_not_selected_qpp_pdcsap_all,P2,MATCHED_NOT_SELECTED,W00,P05,1,VALID,3,-1035.9093131555421,-1031.0429223954727,-1030.660638909735,-4.866390760069407,0.3822834857376165,False,82.44735256339126,formal_m1_center_not_selected
F2D001097,stability,F2V000396,P2_not_selected_qpp_pdcsap_all,P2,MATCHED_NOT_SELECTED,W00,P05,2,VALID,3,-1035.9093131555414,-1031.0429223951812,-1030.6606228442438,-4.866390760360218,0.3822995509374323,False,82.44731130378513,formal_m1_center_not_selected
F2D001098,stability,F2V000396,P2_not_selected_qpp_pdcsap_all,P2,MATCHED_NOT_SELECTED,W00,P05,3,VALID,3,-1035.9093131555394,-1031.0429223955018,-1030.6606386100812,-4.866390760037575,0.3822837854206682,False,82.4473291114662,formal_m1_center_not_selected
F2D001099,stability,F2V000396,P2_not_selected_qpp_pdcsap_all,P2,MATCHED_NOT_SELECTED,W00,P05,4,VALID,3,-1035.909313155538,-1031.042922394213,-1030.6606375040124,-4.866390761324965,0.3822848902007081,False,82.447409700333,formal_m1_center_not_selected
F2D001100,stability,F2V000396,P2_not_selected_qpp_pdcsap_all,P2,MATCHED_NOT_SELECTED,W00,P05,5,VALID,3,-1035.9093131555064,-1031.0429223861863,-1030.660638890632,-4.866390769320105,0.38228349555424757,False,82.44705058776191,formal_m1_center_not_selected
F2D001101,stability,F2V000396,P2_not_selected_qpp_pdcsap_all,P2,MATCHED_NOT_SELECTED,W00,P05,6,VALID,3,-1035.909313155545,-1031.0429223935923,-1030.6382546814098,-4.866390761952744,0.40466771218257236,False,82.44735310301813,formal_m1_center_not_selected
F2D001102,stability,F2V000396,P2_not_selected_qpp_pdcsap_all,P2,MATCHED_NOT_SELECTED,W00,P05,7,VALID,3,-1035.909313155542,-1031.0429223950284,-1030.6606392091207,-4.866390760513468,0.3822831859076814,False,82.44735759859452,formal_m1_center_not_selected
F2D001103,stability,F2V000396,P2_not_selected_qpp_pdcsap_all,P2,MATCHED_NOT_SELECTED,W00,P05,8,VALID,3,-1035.9093131555298,-1031.0429223911487,-1030.6606389798135,-4.866390764381094,0.38228341133526555,False,82.44739891852137,formal_m1_center_not_selected
F2D001104,stability,F2V000396,P2_not_selected_qpp_pdcsap_all,P2,MATCHED_NOT_SELECTED,W00,P05,9,VALID,3,-1035.9093131555262,-1031.042922395376,-1030.6606379213918,-4.866390760150125,0.38228447398432763,False,82.44734665858701,formal_m1_center_not_selected
F2D001105,stability,F2V000469,P3_published_qpp_pdcsap_all,P3,PUBLISHED_QPP_REPRODUCED,W00,P00,1,VALID,3,-0.9597243265181321,-12.578780021769749,1.8728902544082633,11.619055695251618,14.451670276178012,True,44.031326236130056,recovered_period_selected
F2D001106,stability,F2V000469,P3_published_qpp_pdcsap_all,P3,PUBLISHED_QPP_REPRODUCED,W00,P00,2,VALID,3,-0.9597243265181818,-12.57878000414453,3.304153251526886,11.61905567762635,15.882933255671416,True,44.031620309644154,recovered_period_selected
F2D001107,stability,F2V000469,P3_published_qpp_pdcsap_all,P3,PUBLISHED_QPP_REPRODUCED,W00,P00,3,VALID,3,-0.9597243265154747,-12.57878002227211,3.3041310622180955,11.619055695756636,15.882911084490205,True,44.031316275129015,recovered_period_selected
F2D001108,stability,F2V000469,P3_published_qpp_pdcsap_all,P3,PUBLISHED_QPP_REPRODUCED,W00,P00,4,VALID,3,-0.9597243265181747,-12.578780021676828,1.8728903208170617,11.619055695158654,14.45167034249389,True,44.031381623675266,recovered_period_selected
F2D001109,stability,F2V000469,P3_published_qpp_pdcsap_all,P3,PUBLISHED_QPP_REPRODUCED,W00,P00,5,VALID,3,-0.959724326518125,-12.578780022011848,3.3041310605665313,11.619055695493724,15.88291108257838,True,44.031258219246624,recovered_period_selected
F2D001110,stability,F2V000469,P3_published_qpp_pdcsap_all,P3,PUBLISHED_QPP_REPRODUCED,W00,P00,6,VALID,3,-0.9597243265181605,-12.578780022188031,3.304609930271015,11.619055695669871,15.883389952459046,True,44.031332592112236,recovered_period_selected
F2D001111,stability,F2V000469,P3_published_qpp_pdcsap_all,P3,PUBLISHED_QPP_REPRODUCED,W00,P00,7,VALID,3,-0.9597243265178586,-12.578780006669891,1.872890254552738,11.619055680152034,14.45167026122263,True,44.03088430735518,recovered_period_selected
F2D001112,stability,F2V000469,P3_published_qpp_pdcsap_all,P3,PUBLISHED_QPP_REPRODUCED,W00,P00,8,VALID,3,-0.9597243265178159,-12.578780021326036,1.8728902544077979,11.619055694808221,14.451670275733834,True,44.03137436265183,recovered_period_selected
F2D001113,stability,F2V000469,P3_published_qpp_pdcsap_all,P3,PUBLISHED_QPP_REPRODUCED,W00,P00,9,VALID,3,-0.9597243265180895,-12.578780022098261,1.8728902624424837,11.619055695580172,14.451670284540745,True,44.03132135606235,recovered_period_selected
F2D001114,stability,F2V000470,P3_published_qpp_pdcsap_all,P3,PUBLISHED_QPP_REPRODUCED,W00,P01,1,VALID,3,2.6727975873991765,0.6407223895300902,5.911310661363013,2.0320751978690863,5.2705882718329224,False,40.0,formal_m1_center_not_selected
F2D001115,stability,F2V000470,P3_published_qpp_pdcsap_all,P3,PUBLISHED_QPP_REPRODUCED,W00,P01,2,VALID,3,2.672797587399141,0.6407223230582986,6.961514516207062,2.0320752643408424,6.320792193148764,False,40.0,formal_m1_center_not_selected
F2D001116,stability,F2V000470,P3_published_qpp_pdcsap_all,P3,PUBLISHED_QPP_REPRODUCED,W00,P01,3,VALID,3,2.6727975874002423,0.6407223668881272,6.961518232359664,2.032075220512115,6.320795865471537,False,40.0,formal_m1_center_not_selected
F2D001117,stability,F2V000470,P3_published_qpp_pdcsap_all,P3,PUBLISHED_QPP_REPRODUCED,W00,P01,4,VALID,3,2.6727975873992156,0.6407223375483433,5.911310894349649,2.0320752498508723,5.270588556801306,False,40.0,formal_m1_center_not_selected
F2D001118,stability,F2V000470,P3_published_qpp_pdcsap_all,P3,PUBLISHED_QPP_REPRODUCED,W00,P01,5,VALID,3,2.6727975873993257,0.6407223302934213,5.911310818780864,2.0320752571059044,5.2705884884874425,False,40.0,formal_m1_center_not_selected
F2D001119,stability,F2V000470,P3_published_qpp_pdcsap_all,P3,PUBLISHED_QPP_REPRODUCED,W00,P01,6,VALID,3,2.6727975873992333,0.6407223235625708,6.961525502332341,2.0320752638366626,6.32080317876977,False,40.0,formal_m1_center_not_selected
F2D001120,stability,F2V000470,P3_published_qpp_pdcsap_all,P3,PUBLISHED_QPP_REPRODUCED,W00,P01,7,VALID,3,2.6727975873992156,0.6407224328449175,5.911310661362114,2.032075154554298,5.270588228517196,False,40.0,formal_m1_center_not_selected
F2D001121,stability,F2V000470,P3_published_qpp_pdcsap_all,P3,PUBLISHED_QPP_REPRODUCED,W00,P01,8,VALID,3,2.672797587399141,0.6407223234752664,5.911310762319337,2.0320752639238746,5.2705884388440705,False,40.0,formal_m1_center_not_selected
F2D001122,stability,F2V000470,P3_published_qpp_pdcsap_all,P3,PUBLISHED_QPP_REPRODUCED,W00,P01,9,VALID,3,2.6727975873991516,0.6407223233613166,6.2509972707615855,2.032075264037835,5.610274947400269,False,40.0,formal_m1_center_not_selected
F2D001123,stability,F2V000471,P3_published_qpp_pdcsap_all,P3,PUBLISHED_QPP_REPRODUCED,W00,P02,1,VALID,3,-0.9597243265181321,-12.578780021769749,1.8728902544082633,11.619055695251618,14.451670276178012,True,44.031326236130056,recovered_period_selected
F2D001124,stability,F2V000471,P3_published_qpp_pdcsap_all,P3,PUBLISHED_QPP_REPRODUCED,W00,P02,2,VALID,3,-0.9597243265181818,-12.57878000414453,3.304153251526886,11.61905567762635,15.882933255671416,True,44.031620309644154,recovered_period_selected
F2D001125,stability,F2V000471,P3_published_qpp_pdcsap_all,P3,PUBLISHED_QPP_REPRODUCED,W00,P02,3,VALID,3,-0.9597243265154747,-12.57878002227211,3.3041310622180955,11.619055695756636,15.882911084490205,True,44.031316275129015,recovered_period_selected
F2D001126,stability,F2V000471,P3_published_qpp_pdcsap_all,P3,PUBLISHED_QPP_REPRODUCED,W00,P02,4,VALID,3,-0.9597243265181747,-12.578780021676828,1.8728903208170617,11.619055695158654,14.45167034249389,True,44.031381623675266,recovered_period_selected
F2D001127,stability,F2V000471,P3_published_qpp_pdcsap_all,P3,PUBLISHED_QPP_REPRODUCED,W00,P02,5,VALID,3,-0.959724326518125,-12.578780022011848,3.3041310605665313,11.619055695493724,15.88291108257838,True,44.031258219246624,recovered_period_selected
F2D001128,stability,F2V000471,P3_published_qpp_pdcsap_all,P3,PUBLISHED_QPP_REPRODUCED,W00,P02,6,VALID,3,-0.9597243265181605,-12.578780022188031,3.304609930271015,11.619055695669871,15.883389952459046,True,44.031332592112236,recovered_period_selected
F2D001129,stability,F2V000471,P3_published_qpp_pdcsap_all,P3,PUBLISHED_QPP_REPRODUCED,W00,P02,7,VALID,3,-0.9597243265178586,-12.578780006669891,1.872890254552738,11.619055680152034,14.45167026122263,True,44.03088430735518,recovered_period_selected
F2D001130,stability,F2V000471,P3_published_qpp_pdcsap_all,P3,PUBLISHED_QPP_REPRODUCED,W00,P02,8,VALID,3,-0.9597243265178159,-12.578780021326036,1.8728902544077979,11.619055694808221,14.451670275733834,True,44.03137436265183,recovered_period_selected
F2D001131,stability,F2V000471,P3_published_qpp_pdcsap_all,P3,PUBLISHED_QPP_REPRODUCED,W00,P02,9,VALID,3,-0.9597243265180895,-12.578780022098261,1.8728902624424837,11.619055695580172,14.451670284540745,True,44.03132135606235,recovered_period_selected
F2D001132,stability,F2V000472,P3_published_qpp_pdcsap_all,P3,PUBLISHED_QPP_REPRODUCED,W00,P03,1,VALID,3,2.6727975873991765,0.6407223895300902,5.911310661363013,2.0320751978690863,5.2705882718329224,False,40.0,formal_m1_center_not_selected
F2D001133,stability,F2V000472,P3_published_qpp_pdcsap_all,P3,PUBLISHED_QPP_REPRODUCED,W00,P03,2,VALID,3,2.672797587399141,0.6407223230582986,6.961514516207062,2.0320752643408424,6.320792193148764,False,40.0,formal_m1_center_not_selected
F2D001134,stability,F2V000472,P3_published_qpp_pdcsap_all,P3,PUBLISHED_QPP_REPRODUCED,W00,P03,3,VALID,3,2.6727975874002423,0.6407223668881272,6.961518232359664,2.032075220512115,6.320795865471537,False,40.0,formal_m1_center_not_selected
F2D001135,stability,F2V000472,P3_published_qpp_pdcsap_all,P3,PUBLISHED_QPP_REPRODUCED,W00,P03,4,VALID,3,2.6727975873992156,0.6407223375483433,5.911310894349649,2.0320752498508723,5.270588556801306,False,40.0,formal_m1_center_not_selected
F2D001136,stability,F2V000472,P3_published_qpp_pdcsap_all,P3,PUBLISHED_QPP_REPRODUCED,W00,P03,5,VALID,3,2.6727975873993257,0.6407223302934213,5.911310818780864,2.0320752571059044,5.2705884884874425,False,40.0,formal_m1_center_not_selected
F2D001137,stability,F2V000472,P3_published_qpp_pdcsap_all,P3,PUBLISHED_QPP_REPRODUCED,W00,P03,6,VALID,3,2.6727975873992333,0.6407223235625708,6.961525502332341,2.0320752638366626,6.32080317876977,False,40.0,formal_m1_center_not_selected
F2D001138,stability,F2V000472,P3_published_qpp_pdcsap_all,P3,PUBLISHED_QPP_REPRODUCED,W00,P03,7,VALID,3,2.6727975873992156,0.6407224328449175,5.911310661362114,2.032075154554298,5.270588228517196,False,40.0,formal_m1_center_not_selected
F2D001139,stability,F2V000472,P3_published_qpp_pdcsap_all,P3,PUBLISHED_QPP_REPRODUCED,W00,P03,8,VALID,3,2.672797587399141,0.6407223234752664,5.911310762319337,2.0320752639238746,5.2705884388440705,False,40.0,formal_m1_center_not_selected
F2D001140,stability,F2V000472,P3_published_qpp_pdcsap_all,P3,PUBLISHED_QPP_REPRODUCED,W00,P03,9,VALID,3,2.6727975873991516,0.6407223233613166,6.2509972707615855,2.032075264037835,5.610274947400269,False,40.0,formal_m1_center_not_selected
F2D001141,stability,F2V000473,P3_published_qpp_pdcsap_all,P3,PUBLISHED_QPP_REPRODUCED,W00,P04,1,VALID,3,2.2172976381818144,-9.050998984725876,5.290717006278376,11.268296622907691,14.341715991004252,True,44.222140357650744,recovered_period_selected
F2D001142,stability,F2V000473,P3_published_qpp_pdcsap_all,P3,PUBLISHED_QPP_REPRODUCED,W00,P04,2,VALID,3,2.2172976381818144,-9.050998984719627,6.498750414912871,11.268296622901442,15.549749399632498,True,44.222127925243676,recovered_period_selected
F2D001143,stability,F2V000473,P3_published_qpp_pdcsap_all,P3,PUBLISHED_QPP_REPRODUCED,W00,P04,3,VALID,3,2.217297638186248,-9.050998969600268,6.6117467928564135,11.268296607786517,15.662745762456682,True,44.2218648028097,recovered_period_selected
F2D001144,stability,F2V000473,P3_published_qpp_pdcsap_all,P3,PUBLISHED_QPP_REPRODUCED,W00,P04,4,VALID,3,2.2172976381819565,-9.05099898426985,5.290717042103699,11.268296622451807,14.341716026373549,True,44.222090640543186,recovered_period_selected
F2D001145,stability,F2V000473,P3_published_qpp_pdcsap_all,P3,PUBLISHED_QPP_REPRODUCED,W00,P04,5,VALID,3,2.2172976381819636,-9.050998983067874,5.2907170004746416,11.268296621249839,14.341715983542516,True,44.22211733210936,recovered_period_selected
F2D001146,stability,F2V000473,P3_published_qpp_pdcsap_all,P3,PUBLISHED_QPP_REPRODUCED,W00,P04,6,VALID,3,2.217297638181985,-9.050998984604135,6.498770867752361,11.26829662278612,15.549769852356496,True,44.22218553791479,recovered_period_selected
F2D001147,stability,F2V000473,P3_published_qpp_pdcsap_all,P3,PUBLISHED_QPP_REPRODUCED,W00,P04,7,VALID,3,2.2172976381818357,-9.050998975615421,5.290717000360358,11.268296613797258,14.341715975975779,True,44.222114019738186,recovered_period_selected
F2D001148,stability,F2V000473,P3_published_qpp_pdcsap_all,P3,PUBLISHED_QPP_REPRODUCED,W00,P04,8,VALID,3,2.2172976381821092,-9.050998983762494,5.2907170005090105,11.268296621944604,14.341715984271504,True,44.22216747629044,recovered_period_selected
F2D001149,stability,F2V000473,P3_published_qpp_pdcsap_all,P3,PUBLISHED_QPP_REPRODUCED,W00,P04,9,VALID,3,2.217297638181864,-9.050998870339306,6.498748338168847,11.268296508521171,15.549747208508153,True,44.2220043940159,recovered_period_selected
F2D001150,stability,F2V000474,P3_published_qpp_pdcsap_all,P3,PUBLISHED_QPP_REPRODUCED,W00,P05,1,VALID,3,6.194809769831202,4.4492945076123895,9.670686163952192,1.7455152622188121,5.221391656339803,False,40.0,formal_m1_center_not_selected
F2D001151,stability,F2V000474,P3_published_qpp_pdcsap_all,P3,PUBLISHED_QPP_REPRODUCED,W00,P05,2,VALID,3,6.1948097698310844,4.449294613266012,10.505813294638012,1.7455151565650722,6.056518681371999,False,40.0,formal_m1_center_not_selected
F2D001152,stability,F2V000474,P3_published_qpp_pdcsap_all,P3,PUBLISHED_QPP_REPRODUCED,W00,P05,3,VALID,3,6.1948097698312585,4.449294568609535,10.58925892450373,1.7455152012217239,6.139964355894195,False,40.0,formal_m1_center_not_selected
F2D001153,stability,F2V000474,P3_published_qpp_pdcsap_all,P3,PUBLISHED_QPP_REPRODUCED,W00,P05,4,VALID,3,6.1948097698310844,4.449294521517942,9.670686396361491,1.7455152483131426,5.221391874843549,False,40.0,formal_m1_center_not_selected
F2D001154,stability,F2V000474,P3_published_qpp_pdcsap_all,P3,PUBLISHED_QPP_REPRODUCED,W00,P05,5,VALID,3,6.194809769831379,4.44929447581567,9.670686191842732,1.7455152940157097,5.221391716027062,False,40.0,formal_m1_center_not_selected
F2D001155,stability,F2V000474,P3_published_qpp_pdcsap_all,P3,PUBLISHED_QPP_REPRODUCED,W00,P05,6,VALID,3,6.194809769831333,4.449294511918865,10.505832414134959,1.7455152579124684,6.056537902216094,False,40.0,formal_m1_center_not_selected
F2D001156,stability,F2V000474,P3_published_qpp_pdcsap_all,P3,PUBLISHED_QPP_REPRODUCED,W00,P05,7,VALID,3,6.194809769831099,4.449294520038148,9.670686151911655,1.745515249792951,5.221391631873507,False,40.0,formal_m1_center_not_selected
F2D001157,stability,F2V000474,P3_published_qpp_pdcsap_all,P3,PUBLISHED_QPP_REPRODUCED,W00,P05,8,VALID,3,6.194809769831212,4.449294477598631,9.670686151853724,1.7455152922325814,5.221391674255093,False,40.0,formal_m1_center_not_selected
F2D001158,stability,F2V000474,P3_published_qpp_pdcsap_all,P3,PUBLISHED_QPP_REPRODUCED,W00,P05,9,VALID,3,6.194809769831077,4.449294482999452,9.670686151842274,1.7455152868316253,5.221391668842822,False,40.0,formal_m1_center_not_selected
F2D001159,stability,F2V000547,P3_not_selected_qpp_pdcsap_all,P3,MATCHED_NOT_SELECTED,W00,P00,1,VALID,3,-16.522256456196697,-11.32939504536095,-13.219448013046847,-5.1928614108357465,-1.8900529676858966,False,49.01396315516844,formal_m1_center_not_selected
F2D001160,stability,F2V000547,P3_not_selected_qpp_pdcsap_all,P3,MATCHED_NOT_SELECTED,W00,P00,2,VALID,3,-16.522256456196505,-11.32939507294029,-12.630436158086034,-5.192861383256215,-1.3010410851457443,False,49.013889942587625,formal_m1_center_not_selected
F2D001161,stability,F2V000547,P3_not_selected_qpp_pdcsap_all,P3,MATCHED_NOT_SELECTED,W00,P00,3,VALID,3,-16.52225645619673,-11.329395020754472,-12.7278746574625,-5.192861435442257,-1.3984796367080286,False,49.01400458673097,formal_m1_center_not_selected
F2D001162,stability,F2V000547,P3_not_selected_qpp_pdcsap_all,P3,MATCHED_NOT_SELECTED,W00,P00,4,VALID,3,-16.52225645619674,-11.329395057195267,-12.727874798547106,-5.1928613990014725,-1.3984797413518386,False,49.0137919238079,formal_m1_center_not_selected
F2D001163,stability,F2V000547,P3_not_selected_qpp_pdcsap_all,P3,MATCHED_NOT_SELECTED,W00,P00,5,VALID,3,-16.522256456196843,-11.329395080920815,-12.950549203018468,-5.192861375276028,-1.6211541220976535,False,49.01391379877766,formal_m1_center_not_selected
F2D001164,stability,F2V000547,P3_not_selected_qpp_pdcsap_all,P3,MATCHED_NOT_SELECTED,W00,P00,6,VALID,3,-16.522256456196825,-11.329394691716438,-12.727874856572619,-5.192861764480387,-1.3984801648561813,False,49.01393704888854,formal_m1_center_not_selected
F2D001165,stability,F2V000547,P3_not_selected_qpp_pdcsap_all,P3,MATCHED_NOT_SELECTED,W00,P00,7,VALID,3,-16.522256456196807,-11.329395114825786,-13.219447774626353,-5.192861341371021,-1.890052659800567,False,49.01393964762704,formal_m1_center_not_selected
F2D001166,stability,F2V000547,P3_not_selected_qpp_pdcsap_all,P3,MATCHED_NOT_SELECTED,W00,P00,8,VALID,3,-16.522256456196576,-11.329395049350051,-12.946622447231718,-5.192861406846525,-1.617227397881667,False,49.013898800759996,formal_m1_center_not_selected
F2D001167,stability,F2V000547,P3_not_selected_qpp_pdcsap_all,P3,MATCHED_NOT_SELECTED,W00,P00,9,VALID,3,-16.522256456196857,-11.329395128495637,-12.728370547757486,-5.19286132770122,-1.3989754192618484,False,49.01406245278601,formal_m1_center_not_selected
F2D001168,stability,F2V000548,P3_not_selected_qpp_pdcsap_all,P3,MATCHED_NOT_SELECTED,W00,P01,1,VALID,3,-17.618614989146533,-12.416181909399011,-14.072155966481109,-5.202433079747522,-1.6559740570820978,False,48.83274515286875,formal_m1_center_not_selected
F2D001169,stability,F2V000548,P3_not_selected_qpp_pdcsap_all,P3,MATCHED_NOT_SELECTED,W00,P01,2,VALID,3,-17.61861498914646,-12.416181957171595,-13.726794691035401,-5.202433031974866,-1.310612733863806,False,48.832073625439,formal_m1_center_not_selected
F2D001170,stability,F2V000548,P3_not_selected_qpp_pdcsap_all,P3,MATCHED_NOT_SELECTED,W00,P01,3,VALID,3,-17.618614989146497,-12.416180662867294,-13.7267946910358,-5.202434326279203,-1.310614028168505,False,48.831101386530975,formal_m1_center_not_selected
F2D001171,stability,F2V000548,P3_not_selected_qpp_pdcsap_all,P3,MATCHED_NOT_SELECTED,W00,P01,4,VALID,3,-17.618614989146195,-12.416181885917037,-13.876803228350465,-5.202433103229158,-1.4606213424334271,False,48.827671191629435,formal_m1_center_not_selected
F2D001172,stability,F2V000548,P3_not_selected_qpp_pdcsap_all,P3,MATCHED_NOT_SELECTED,W00,P01,5,VALID,3,-17.618614989146533,-12.416182026158229,-14.072244785014362,-5.202432962988304,-1.6560627588561339,False,48.83223057760749,formal_m1_center_not_selected
F2D001173,stability,F2V000548,P3_not_selected_qpp_pdcsap_all,P3,MATCHED_NOT_SELECTED,W00,P01,6,VALID,3,-17.618614989146476,-12.41618202683842,-13.878150320008082,-5.202432962308055,-1.4619682931696616,False,48.831454639250374,formal_m1_center_not_selected
F2D001174,stability,F2V000548,P3_not_selected_qpp_pdcsap_all,P3,MATCHED_NOT_SELECTED,W00,P01,7,VALID,3,-17.618614989146533,-12.416181826808046,-14.323940440955262,-5.202433162338487,-1.907758614147216,False,48.83219496891029,formal_m1_center_not_selected
F2D001175,stability,F2V000548,P3_not_selected_qpp_pdcsap_all,P3,MATCHED_NOT_SELECTED,W00,P01,8,VALID,3,-17.618614989146163,-12.416181607002873,-14.072046925457911,-5.20243338214329,-1.6558653184550387,False,48.83218491103988,formal_m1_center_not_selected
F2D001176,stability,F2V000548,P3_not_selected_qpp_pdcsap_all,P3,MATCHED_NOT_SELECTED,W00,P01,9,VALID,3,-17.618614989146483,-12.416182091110642,-14.072160947598832,-5.202432898035841,-1.6559788564881899,False,48.8317878730682,formal_m1_center_not_selected
F2D001177,stability,F2V000549,P3_not_selected_qpp_pdcsap_all,P3,MATCHED_NOT_SELECTED,W00,P02,1,VALID,3,-16.522256456196697,-11.32939504536095,-13.219448013046847,-5.1928614108357465,-1.8900529676858966,False,49.01396315516844,formal_m1_center_not_selected
F2D001178,stability,F2V000549,P3_not_selected_qpp_pdcsap_all,P3,MATCHED_NOT_SELECTED,W00,P02,2,VALID,3,-16.522256456196505,-11.32939507294029,-12.630436158086034,-5.192861383256215,-1.3010410851457443,False,49.013889942587625,formal_m1_center_not_selected
F2D001179,stability,F2V000549,P3_not_selected_qpp_pdcsap_all,P3,MATCHED_NOT_SELECTED,W00,P02,3,VALID,3,-16.52225645619673,-11.329395020754472,-12.7278746574625,-5.192861435442257,-1.3984796367080286,False,49.01400458673097,formal_m1_center_not_selected
F2D001180,stability,F2V000549,P3_not_selected_qpp_pdcsap_all,P3,MATCHED_NOT_SELECTED,W00,P02,4,VALID,3,-16.52225645619674,-11.329395057195267,-12.727874798547106,-5.1928613990014725,-1.3984797413518386,False,49.0137919238079,formal_m1_center_not_selected
F2D001181,stability,F2V000549,P3_not_selected_qpp_pdcsap_all,P3,MATCHED_NOT_SELECTED,W00,P02,5,VALID,3,-16.522256456196843,-11.329395080920815,-12.950549203018468,-5.192861375276028,-1.6211541220976535,False,49.01391379877766,formal_m1_center_not_selected
F2D001182,stability,F2V000549,P3_not_selected_qpp_pdcsap_all,P3,MATCHED_NOT_SELECTED,W00,P02,6,VALID,3,-16.522256456196825,-11.329394691716438,-12.727874856572619,-5.192861764480387,-1.3984801648561813,False,49.01393704888854,formal_m1_center_not_selected
F2D001183,stability,F2V000549,P3_not_selected_qpp_pdcsap_all,P3,MATCHED_NOT_SELECTED,W00,P02,7,VALID,3,-16.522256456196807,-11.329395114825786,-13.219447774626353,-5.192861341371021,-1.890052659800567,False,49.01393964762704,formal_m1_center_not_selected
F2D001184,stability,F2V000549,P3_not_selected_qpp_pdcsap_all,P3,MATCHED_NOT_SELECTED,W00,P02,8,VALID,3,-16.522256456196576,-11.329395049350051,-12.946622447231718,-5.192861406846525,-1.617227397881667,False,49.013898800759996,formal_m1_center_not_selected
F2D001185,stability,F2V000549,P3_not_selected_qpp_pdcsap_all,P3,MATCHED_NOT_SELECTED,W00,P02,9,VALID,3,-16.522256456196857,-11.329395128495637,-12.728370547757486,-5.19286132770122,-1.3989754192618484,False,49.01406245278601,formal_m1_center_not_selected
F2D001186,stability,F2V000550,P3_not_selected_qpp_pdcsap_all,P3,MATCHED_NOT_SELECTED,W00,P03,1,VALID,3,-17.618614989146533,-12.416181909399011,-14.072155966481109,-5.202433079747522,-1.6559740570820978,False,48.83274515286875,formal_m1_center_not_selected
F2D001187,stability,F2V000550,P3_not_selected_qpp_pdcsap_all,P3,MATCHED_NOT_SELECTED,W00,P03,2,VALID,3,-17.61861498914646,-12.416181957171595,-13.726794691035401,-5.202433031974866,-1.310612733863806,False,48.832073625439,formal_m1_center_not_selected
F2D001188,stability,F2V000550,P3_not_selected_qpp_pdcsap_all,P3,MATCHED_NOT_SELECTED,W00,P03,3,VALID,3,-17.618614989146497,-12.416180662867294,-13.7267946910358,-5.202434326279203,-1.310614028168505,False,48.831101386530975,formal_m1_center_not_selected
F2D001189,stability,F2V000550,P3_not_selected_qpp_pdcsap_all,P3,MATCHED_NOT_SELECTED,W00,P03,4,VALID,3,-17.618614989146195,-12.416181885917037,-13.876803228350465,-5.202433103229158,-1.4606213424334271,False,48.827671191629435,formal_m1_center_not_selected
F2D001190,stability,F2V000550,P3_not_selected_qpp_pdcsap_all,P3,MATCHED_NOT_SELECTED,W00,P03,5,VALID,3,-17.618614989146533,-12.416182026158229,-14.072244785014362,-5.202432962988304,-1.6560627588561339,False,48.83223057760749,formal_m1_center_not_selected
F2D001191,stability,F2V000550,P3_not_selected_qpp_pdcsap_all,P3,MATCHED_NOT_SELECTED,W00,P03,6,VALID,3,-17.618614989146476,-12.41618202683842,-13.878150320008082,-5.202432962308055,-1.4619682931696616,False,48.831454639250374,formal_m1_center_not_selected
F2D001192,stability,F2V000550,P3_not_selected_qpp_pdcsap_all,P3,MATCHED_NOT_SELECTED,W00,P03,7,VALID,3,-17.618614989146533,-12.416181826808046,-14.323940440955262,-5.202433162338487,-1.907758614147216,False,48.83219496891029,formal_m1_center_not_selected
F2D001193,stability,F2V000550,P3_not_selected_qpp_pdcsap_all,P3,MATCHED_NOT_SELECTED,W00,P03,8,VALID,3,-17.618614989146163,-12.416181607002873,-14.072046925457911,-5.20243338214329,-1.6558653184550387,False,48.83218491103988,formal_m1_center_not_selected
F2D001194,stability,F2V000550,P3_not_selected_qpp_pdcsap_all,P3,MATCHED_NOT_SELECTED,W00,P03,9,VALID,3,-17.618614989146483,-12.416182091110642,-14.072160947598832,-5.202432898035841,-1.6559788564881899,False,48.8317878730682,formal_m1_center_not_selected
F2D001195,stability,F2V000551,P3_not_selected_qpp_pdcsap_all,P3,MATCHED_NOT_SELECTED,W00,P04,1,VALID,3,-17.562881704810234,-12.455581648890988,-14.26127938997984,-5.1073000559192465,-1.8056977410888528,False,49.010864510024966,formal_m1_center_not_selected
F2D001196,stability,F2V000551,P3_not_selected_qpp_pdcsap_all,P3,MATCHED_NOT_SELECTED,W00,P04,2,VALID,3,-17.56288170481033,-12.455581573529987,-13.671061406699742,-5.107300131280343,-1.2154798331697556,False,49.01097552617988,formal_m1_center_not_selected
F2D001197,stability,F2V000551,P3_not_selected_qpp_pdcsap_all,P3,MATCHED_NOT_SELECTED,W00,P04,3,VALID,3,-17.56288170481034,-12.455581537837542,-13.67106140669975,-5.107300166972799,-1.2154798688622073,False,49.01114127355842,formal_m1_center_not_selected
F2D001198,stability,F2V000551,P3_not_selected_qpp_pdcsap_all,P3,MATCHED_NOT_SELECTED,W00,P04,4,VALID,3,-17.56288170481042,-12.455581437975024,-13.8823471398591,-5.107300266835395,-1.4267657018840758,False,49.011412128689805,formal_m1_center_not_selected
F2D001199,stability,F2V000551,P3_not_selected_qpp_pdcsap_all,P3,MATCHED_NOT_SELECTED,W00,P04,5,VALID,3,-17.56288170481022,-12.455581674106217,-14.044930588573287,-5.107300030704003,-1.5893489144670703,False,49.01105618649887,formal_m1_center_not_selected
F2D001200,stability,F2V000551,P3_not_selected_qpp_pdcsap_all,P3,MATCHED_NOT_SELECTED,W00,P04,6,VALID,3,-17.562881704809875,-12.45558128718152,-13.882309309826901,-5.107300417628355,-1.4267280226453813,False,49.01019462565205,formal_m1_center_not_selected
F2D001201,stability,F2V000551,P3_not_selected_qpp_pdcsap_all,P3,MATCHED_NOT_SELECTED,W00,P04,7,VALID,3,-17.56288170481044,-12.455581104499608,-14.261281551752624,-5.1073006003108326,-1.8057004472530167,False,49.00979540074539,formal_m1_center_not_selected
F2D001202,stability,F2V000551,P3_not_selected_qpp_pdcsap_all,P3,MATCHED_NOT_SELECTED,W00,P04,8,VALID,3,-17.562881704807058,-12.455581388291403,-13.88169644292308,-5.107300316515655,-1.4261150546316763,False,49.01097286259824,formal_m1_center_not_selected
F2D001203,stability,F2V000551,P3_not_selected_qpp_pdcsap_all,P3,MATCHED_NOT_SELECTED,W00,P04,9,VALID,3,-17.56288170481016,-12.455581438217298,-14.044770074312538,-5.107300266592862,-1.5891886360952405,False,49.01106715516556,formal_m1_center_not_selected
F2D001204,stability,F2V000552,P3_not_selected_qpp_pdcsap_all,P3,MATCHED_NOT_SELECTED,W00,P05,1,VALID,3,-18.672182787196718,-13.556714230681582,-15.182214884175792,-5.115468556515136,-1.6255006534942105,False,48.83769480842923,formal_m1_center_not_selected
F2D001205,stability,F2V000552,P3_not_selected_qpp_pdcsap_all,P3,MATCHED_NOT_SELECTED,W00,P05,2,VALID,3,-18.672182787196835,-13.556714812441044,-15.182214942535087,-5.115467974755791,-1.6255001300940428,False,48.83044729465607,formal_m1_center_not_selected
F2D001206,stability,F2V000552,P3_not_selected_qpp_pdcsap_all,P3,MATCHED_NOT_SELECTED,W00,P05,3,VALID,3,-18.672182787196114,-13.556715034788247,-14.780362489085373,-5.115467752407866,-1.2236474542971258,False,48.83354783388468,formal_m1_center_not_selected
F2D001207,stability,F2V000552,P3_not_selected_qpp_pdcsap_all,P3,MATCHED_NOT_SELECTED,W00,P05,4,VALID,3,-18.672182787196995,-13.556715178796697,-15.182214148467793,-5.115467608400298,-1.6254989696710958,False,48.837121724609645,formal_m1_center_not_selected
F2D001208,stability,F2V000552,P3_not_selected_qpp_pdcsap_all,P3,MATCHED_NOT_SELECTED,W00,P05,5,VALID,3,-18.672182787196583,-13.556715241599022,-15.182165313704083,-5.115467545597561,-1.6254500721050604,False,48.837322464791676,formal_m1_center_not_selected
F2D001209,stability,F2V000552,P3_not_selected_qpp_pdcsap_all,P3,MATCHED_NOT_SELECTED,W00,P05,6,VALID,3,-18.672182787197023,-13.556715057587905,-15.182212243461663,-5.115467729609119,-1.6254971858737584,False,48.836842163333436,formal_m1_center_not_selected
F2D001210,stability,F2V000552,P3_not_selected_qpp_pdcsap_all,P3,MATCHED_NOT_SELECTED,W00,P05,7,VALID,3,-18.67218278719699,-13.556713425630274,-15.379662717909081,-5.115469361566717,-1.8229492922788069,False,48.82447760669333,formal_m1_center_not_selected
F2D001211,stability,F2V000552,P3_not_selected_qpp_pdcsap_all,P3,MATCHED_NOT_SELECTED,W00,P05,8,VALID,3,-18.67218278719703,-13.556714710090144,-15.379662737679016,-5.115468077106886,-1.8229480275888719,False,48.82806744910148,formal_m1_center_not_selected
F2D001212,stability,F2V000552,P3_not_selected_qpp_pdcsap_all,P3,MATCHED_NOT_SELECTED,W00,P05,9,VALID,3,-18.672182787196608,-13.556715273038375,-15.182213181242908,-5.115467514158233,-1.625497908204533,False,48.83718070738947,formal_m1_center_not_selected
F2D001213,stability,F2V000625,P4_published_qpp_pdcsap_all,P4,PUBLISHED_QPP_REPRODUCED,W00,P00,1,VALID,3,-91.48836353848829,-104.99217311832301,-87.2858282563072,13.503809579834723,17.70634486201581,True,60.05392849199306,recovered_period_selected
F2D001214,stability,F2V000625,P4_published_qpp_pdcsap_all,P4,PUBLISHED_QPP_REPRODUCED,W00,P00,2,VALID,3,-91.488363538491,-104.9921731183105,-85.58463395693354,13.503809579819503,19.40753916137696,True,60.053931081673454,recovered_period_selected
F2D001215,stability,F2V000625,P4_published_qpp_pdcsap_all,P4,PUBLISHED_QPP_REPRODUCED,W00,P00,3,VALID,3,-91.48836353849002,-104.9921731182314,-85.584634716735,13.503809579741386,19.40753840149641,True,60.053928842091274,recovered_period_selected
F2D001216,stability,F2V000625,P4_published_qpp_pdcsap_all,P4,PUBLISHED_QPP_REPRODUCED,W00,P00,4,VALID,3,-91.48836353849164,-104.99217311830026,-87.28582814150546,13.503809579808618,17.706344976794796,True,60.05392568510262,recovered_period_selected
F2D001217,stability,F2V000625,P4_published_qpp_pdcsap_all,P4,PUBLISHED_QPP_REPRODUCED,W00,P00,5,VALID,3,-91.4883635384758,-104.99217311831228,-85.58463452247466,13.503809579836485,19.40753859583762,True,60.05392850845863,recovered_period_selected
F2D001218,stability,F2V000625,P4_published_qpp_pdcsap_all,P4,PUBLISHED_QPP_REPRODUCED,W00,P00,6,VALID,3,-91.48836353849109,-104.99217311830063,-87.28577411079304,13.503809579809541,17.706399007507585,True,60.05392704885555,recovered_period_selected
F2D001219,stability,F2V000625,P4_published_qpp_pdcsap_all,P4,PUBLISHED_QPP_REPRODUCED,W00,P00,7,VALID,3,-91.48836353849217,-104.99217311831616,-87.28582825501422,13.503809579823994,17.706344863301936,True,60.0539288163954,recovered_period_selected
F2D001220,stability,F2V000625,P4_published_qpp_pdcsap_all,P4,PUBLISHED_QPP_REPRODUCED,W00,P00,8,VALID,3,-91.48836353849143,-104.99217311817394,-87.28582825603955,13.50380957968251,17.706344862134387,True,60.05393905801361,recovered_period_selected
F2D001221,stability,F2V000625,P4_published_qpp_pdcsap_all,P4,PUBLISHED_QPP_REPRODUCED,W00,P00,9,VALID,3,-91.48836353848586,-104.99217311830502,-87.28582824464786,13.503809579819162,17.70634487365716,True,60.053929775218684,recovered_period_selected
F2D001222,stability,F2V000626,P4_published_qpp_pdcsap_all,P4,PUBLISHED_QPP_REPRODUCED,W00,P01,1,VALID,3,-90.75390182579643,-93.27332308163791,-86.53642676226518,2.519421255841479,6.7368963193727325,False,59.499634668485655,formal_m1_center_not_selected
F2D001223,stability,F2V000626,P4_published_qpp_pdcsap_all,P4,PUBLISHED_QPP_REPRODUCED,W00,P01,2,VALID,3,-90.75390182579642,-93.27332308163825,-84.76243727869121,2.5194212558418343,8.510885802947044,False,59.49963444558189,formal_m1_center_not_selected
F2D001224,stability,F2V000626,P4_published_qpp_pdcsap_all,P4,PUBLISHED_QPP_REPRODUCED,W00,P01,3,VALID,3,-90.75390182578987,-93.27332308164289,-84.85443563119546,2.5194212558530182,8.418887450447428,False,59.49963658596929,formal_m1_center_not_selected
F2D001225,stability,F2V000626,P4_published_qpp_pdcsap_all,P4,PUBLISHED_QPP_REPRODUCED,W00,P01,4,VALID,3,-90.75390182579501,-93.27332308164354,-86.53642675960019,2.5194212558485276,6.73689632204335,False,59.49963640171081,formal_m1_center_not_selected
F2D001226,stability,F2V000626,P4_published_qpp_pdcsap_all,P4,PUBLISHED_QPP_REPRODUCED,W00,P01,5,VALID,3,-90.7539018257904,-93.27332308164195,-84.8546747544576,2.5194212558515545,8.418648327184343,False,59.49963390798731,formal_m1_center_not_selected
F2D001227,stability,F2V000626,P4_published_qpp_pdcsap_all,P4,PUBLISHED_QPP_REPRODUCED,W00,P01,6,VALID,3,-90.75390182579919,-93.27332308161267,-86.53642676206313,2.5194212558134836,6.736896319549544,False,59.4996424291477,formal_m1_center_not_selected
F2D001228,stability,F2V000626,P4_published_qpp_pdcsap_all,P4,PUBLISHED_QPP_REPRODUCED,W00,P01,7,VALID,3,-90.75390182579623,-93.27332308164343,-86.53642673262613,2.519421255847192,6.7368963490173,False,59.49963253316142,formal_m1_center_not_selected
F2D001229,stability,F2V000626,P4_published_qpp_pdcsap_all,P4,PUBLISHED_QPP_REPRODUCED,W00,P01,8,VALID,3,-90.75390182579858,-93.27332308164097,-86.53642676253543,2.5194212558423885,6.73689631910554,False,59.49963256008232,formal_m1_center_not_selected
F2D001230,stability,F2V000626,P4_published_qpp_pdcsap_all,P4,PUBLISHED_QPP_REPRODUCED,W00,P01,9,VALID,3,-90.75390182579604,-93.27332308164675,-86.53642676054588,2.519421255850716,6.736896321100872,False,59.49963465290054,formal_m1_center_not_selected
F2D001249,stability,F2V000629,P4_published_qpp_pdcsap_all,P4,PUBLISHED_QPP_REPRODUCED,W00,P04,1,VALID,3,-91.39348712592563,-104.89631412222009,-87.19224262642956,13.50282699629446,17.70407149579053,True,60.053917231602036,recovered_period_selected
F2D001250,stability,F2V000629,P4_published_qpp_pdcsap_all,P4,PUBLISHED_QPP_REPRODUCED,W00,P04,2,VALID,3,-91.3934871259271,-104.8963141222137,-85.48991919480531,13.5028269962866,19.406394927408385,True,60.05391434039422,recovered_period_selected
F2D001251,stability,F2V000629,P4_published_qpp_pdcsap_all,P4,PUBLISHED_QPP_REPRODUCED,W00,P04,3,VALID,3,-91.39348712592566,-104.89631412222381,-85.40202257881788,13.502826996298154,19.494291543405936,True,60.05391581488091,recovered_period_selected
F2D001252,stability,F2V000629,P4_published_qpp_pdcsap_all,P4,PUBLISHED_QPP_REPRODUCED,W00,P04,4,VALID,3,-91.39348712592624,-104.89631412211672,-87.19224262296481,13.502826996190478,17.704071499151908,True,60.05391188869411,recovered_period_selected
F2D001253,stability,F2V000629,P4_published_qpp_pdcsap_all,P4,PUBLISHED_QPP_REPRODUCED,W00,P04,5,VALID,3,-91.39348712592609,-104.896314122231,-87.19224222274026,13.502826996304918,17.704071899490742,True,60.053916667773166,recovered_period_selected
F2D001254,stability,F2V000629,P4_published_qpp_pdcsap_all,P4,PUBLISHED_QPP_REPRODUCED,W00,P04,6,VALID,3,-91.3934871259287,-104.89631412199186,-85.4020225788016,13.502826996063163,19.494291543190258,True,60.05389920557639,recovered_period_selected
F2D001255,stability,F2V000629,P4_published_qpp_pdcsap_all,P4,PUBLISHED_QPP_REPRODUCED,W00,P04,7,VALID,3,-91.39348712592881,-104.89631412222546,-87.19224262637417,13.502826996296648,17.704071495851295,True,60.053915908327674,recovered_period_selected
F2D001256,stability,F2V000629,P4_published_qpp_pdcsap_all,P4,PUBLISHED_QPP_REPRODUCED,W00,P04,8,VALID,3,-91.39348712592742,-104.89631412222772,-87.19224262639403,13.5028269963003,17.704071495833688,True,60.05391656434957,recovered_period_selected
F2D001257,stability,F2V000629,P4_published_qpp_pdcsap_all,P4,PUBLISHED_QPP_REPRODUCED,W00,P04,9,VALID,3,-91.39348712592563,-104.8963141221304,-87.19224262621337,13.502826996204774,17.704071495917034,True,60.0539169287447,recovered_period_selected
F2D001258,stability,F2V000630,P4_published_qpp_pdcsap_all,P4,PUBLISHED_QPP_REPRODUCED,W00,P05,1,VALID,3,-90.97678846915919,-93.49761376598009,-86.75667067704838,2.5208252968209024,6.740943088931715,False,59.49968308888896,formal_m1_center_not_selected
F2D001259,stability,F2V000630,P4_published_qpp_pdcsap_all,P4,PUBLISHED_QPP_REPRODUCED,W00,P05,2,VALID,3,-90.97678846915811,-93.49761376599686,-84.9853239220503,2.5208252968387512,8.512289843946562,False,59.49967960526001,formal_m1_center_not_selected
F2D001260,stability,F2V000630,P4_published_qpp_pdcsap_all,P4,PUBLISHED_QPP_REPRODUCED,W00,P05,3,VALID,3,-90.97678846915466,-93.4976137660197,-85.07730380010356,2.5208252968650413,8.420309965916132,False,59.499674971004794,formal_m1_center_not_selected
F2D001261,stability,F2V000630,P4_published_qpp_pdcsap_all,P4,PUBLISHED_QPP_REPRODUCED,W00,P05,4,VALID,3,-90.97678846915842,-93.4976137660288,-86.7566706277231,2.5208252968703846,6.74094313830571,False,59.499677194719055,formal_m1_center_not_selected
F2D001262,stability,F2V000630,P4_published_qpp_pdcsap_all,P4,PUBLISHED_QPP_REPRODUCED,W00,P05,5,VALID,3,-90.97678846913654,-93.49761376600733,-86.75667067610063,2.5208252968707967,6.7409430899067075,False,59.49968004360987,formal_m1_center_not_selected
F2D001263,stability,F2V000630,P4_published_qpp_pdcsap_all,P4,PUBLISHED_QPP_REPRODUCED,W00,P05,6,VALID,3,-90.97678846915899,-93.49761376601161,-85.07646297738063,2.520825296852621,8.421150788630982,False,59.499674221635054,formal_m1_center_not_selected
F2D001264,stability,F2V000630,P4_published_qpp_pdcsap_all,P4,PUBLISHED_QPP_REPRODUCED,W00,P05,7,VALID,3,-90.97678846915775,-93.49761376602714,-86.7566706763034,2.52082529686939,6.740943089723743,False,59.49967707066631,formal_m1_center_not_selected
F2D001265,stability,F2V000630,P4_published_qpp_pdcsap_all,P4,PUBLISHED_QPP_REPRODUCED,W00,P05,8,VALID,3,-90.97678846915723,-93.49761376600205,-86.75667067778599,2.5208252968448193,6.740943088216056,False,59.49967590667048,formal_m1_center_not_selected
F2D001266,stability,F2V000630,P4_published_qpp_pdcsap_all,P4,PUBLISHED_QPP_REPRODUCED,W00,P05,9,VALID,3,-90.97678846915514,-93.49761376602765,-86.75667067738726,2.520825296872516,6.7409430886403925,False,59.499677208765874,formal_m1_center_not_selected
F2D001267,stability,F2V000703,P4_not_selected_qpp_pdcsap_all,P4,MATCHED_NOT_SELECTED,W00,P00,1,VALID,3,-34.0763127497772,-26.29649373145982,-29.689740603994167,-7.779819018317383,-3.3932468725343483,False,53.71097524988497,formal_m1_center_not_selected
F2D001268,stability,F2V000703,P4_not_selected_qpp_pdcsap_all,P4,MATCHED_NOT_SELECTED,W00,P00,2,VALID,3,-34.076312749776534,-26.296493731181975,-27.987267874329774,-7.779819018594559,-1.6907741431477987,False,53.71098223908786,formal_m1_center_not_selected
F2D001269,stability,F2V000703,P4_not_selected_qpp_pdcsap_all,P4,MATCHED_NOT_SELECTED,W00,P00,3,VALID,3,-34.0763127497767,-26.29649373122451,-28.340514845138443,-7.779819018552189,-2.044021113913935,False,53.71099883158275,formal_m1_center_not_selected
F2D001270,stability,F2V000703,P4_not_selected_qpp_pdcsap_all,P4,MATCHED_NOT_SELECTED,W00,P00,4,VALID,3,-34.076312749776754,-26.296493731283654,-30.182586952093615,-7.7798190184931,-3.8860932208099612,False,53.710985474628906,formal_m1_center_not_selected
F2D001271,stability,F2V000703,P4_not_selected_qpp_pdcsap_all,P4,MATCHED_NOT_SELECTED,W00,P00,5,VALID,3,-34.07631274977639,-26.296493727114218,-28.340517181378793,-7.779819022662174,-2.0440234542645754,False,53.7108912305204,formal_m1_center_not_selected
F2D001272,stability,F2V000703,P4_not_selected_qpp_pdcsap_all,P4,MATCHED_NOT_SELECTED,W00,P00,6,VALID,3,-34.07631274977684,-26.296493719496375,-27.987267874330065,-7.779819030280464,-1.69077415483369,False,53.71092476568452,formal_m1_center_not_selected
F2D001273,stability,F2V000703,P4_not_selected_qpp_pdcsap_all,P4,MATCHED_NOT_SELECTED,W00,P00,7,VALID,3,-34.076312749777045,-26.296493731421613,-30.182587042736102,-7.7798190183554325,-3.8860933113144895,False,53.71098085097435,formal_m1_center_not_selected
F2D001274,stability,F2V000703,P4_not_selected_qpp_pdcsap_all,P4,MATCHED_NOT_SELECTED,W00,P00,8,VALID,3,-34.07631274977718,-26.296493731456422,-30.18258703741008,-7.779819018320758,-3.8860933059536578,False,53.71097320422695,formal_m1_center_not_selected
F2D001275,stability,F2V000703,P4_not_selected_qpp_pdcsap_all,P4,MATCHED_NOT_SELECTED,W00,P00,9,VALID,3,-34.076312749773486,-26.29649373147263,-28.34051746763381,-7.779819018300856,-2.0440237361611793,False,53.710978373895685,formal_m1_center_not_selected
F2D001276,stability,F2V000704,P4_not_selected_qpp_pdcsap_all,P4,MATCHED_NOT_SELECTED,W00,P01,1,VALID,3,-33.92311151902107,-26.096250595221342,-30.050420969154352,-7.826860923799728,-3.9541703739330103,False,53.873136525739454,formal_m1_center_not_selected
F2D001277,stability,F2V000704,P4_not_selected_qpp_pdcsap_all,P4,MATCHED_NOT_SELECTED,W00,P01,2,VALID,3,-33.92311151902061,-26.09625059417929,-27.834066643566636,-7.82686092484132,-1.737816049387348,False,53.873131811079176,formal_m1_center_not_selected
F2D001278,stability,F2V000704,P4_not_selected_qpp_pdcsap_all,P4,MATCHED_NOT_SELECTED,W00,P01,3,VALID,3,-33.923111519021106,-26.09625059461611,-28.188411160525504,-7.826860924404997,-2.0921605659093956,False,53.87307444892496,formal_m1_center_not_selected
F2D001279,stability,F2V000704,P4_not_selected_qpp_pdcsap_all,P4,MATCHED_NOT_SELECTED,W00,P01,4,VALID,3,-33.923111519020786,-26.09625059531752,-30.050421038847084,-7.826860923703265,-3.954170443529563,False,53.87313770727654,formal_m1_center_not_selected
F2D001280,stability,F2V000704,P4_not_selected_qpp_pdcsap_all,P4,MATCHED_NOT_SELECTED,W00,P01,5,VALID,3,-33.923111519020914,-25.412588060015032,-30.050420474466478,-8.510523459005881,-4.637832414451445,False,252.81743954412062,formal_m1_center_not_selected
F2D001281,stability,F2V000704,P4_not_selected_qpp_pdcsap_all,P4,MATCHED_NOT_SELECTED,W00,P01,6,VALID,3,-33.9231115190208,-26.096250590259295,-28.188411998243843,-7.826860928761505,-2.0921614079845483,False,53.873223374412106,formal_m1_center_not_selected
F2D001282,stability,F2V000704,P4_not_selected_qpp_pdcsap_all,P4,MATCHED_NOT_SELECTED,W00,P01,7,VALID,3,-33.923111519020814,-26.096250460154373,-30.050421067448,-7.826861058866442,-3.9541706072936265,False,53.8732878669104,formal_m1_center_not_selected
F2D001283,stability,F2V000704,P4_not_selected_qpp_pdcsap_all,P4,MATCHED_NOT_SELECTED,W00,P01,8,VALID,3,-33.923111519021035,-26.096250381654365,-30.0504210679873,-7.82686113736667,-3.9541706863329367,False,53.873618568365174,formal_m1_center_not_selected
F2D001284,stability,F2V000704,P4_not_selected_qpp_pdcsap_all,P4,MATCHED_NOT_SELECTED,W00,P01,9,VALID,3,-33.92311151901875,-26.09625059539671,-28.188412018664785,-7.826860923622036,-2.092161423268074,False,53.87311057888367,formal_m1_center_not_selected
F2D001303,stability,F2V000707,P4_not_selected_qpp_pdcsap_all,P4,MATCHED_NOT_SELECTED,W00,P04,1,VALID,3,-23.83408186702176,-16.070410628311045,-20.204169405306928,-7.763671238710714,-4.133758776995883,False,53.69995399770066,formal_m1_center_not_selected
F2D001304,stability,F2V000707,P4_not_selected_qpp_pdcsap_all,P4,MATCHED_NOT_SELECTED,W00,P04,2,VALID,3,-23.834081867020586,-16.070410628270643,-17.745036991574878,-7.763671238749943,-1.6746263633042346,False,53.699927781658964,formal_m1_center_not_selected
F2D001305,stability,F2V000707,P4_not_selected_qpp_pdcsap_all,P4,MATCHED_NOT_SELECTED,W00,P04,3,VALID,3,-23.834081867022093,-16.070410628365003,-18.10524490887427,-7.763671238657089,-2.0348342805092656,False,53.69993591652074,formal_m1_center_not_selected
F2D001306,stability,F2V000707,P4_not_selected_qpp_pdcsap_all,P4,MATCHED_NOT_SELECTED,W00,P04,4,VALID,3,-23.83408186702232,-16.070410628174365,-20.20416904976249,-7.763671238847955,-4.1337584215881265,False,53.69989443845726,formal_m1_center_not_selected
F2D001307,stability,F2V000707,P4_not_selected_qpp_pdcsap_all,P4,MATCHED_NOT_SELECTED,W00,P04,5,VALID,3,-23.834081867022064,-16.07041062823025,-18.105245026698213,-7.763671238791815,-2.0348343984679644,False,53.69994119386465,formal_m1_center_not_selected
F2D001308,stability,F2V000707,P4_not_selected_qpp_pdcsap_all,P4,MATCHED_NOT_SELECTED,W00,P04,6,VALID,3,-23.834081867022277,-16.070410628169462,-18.105244231081635,-7.763671238852815,-2.0348336029121725,False,53.69992273728021,formal_m1_center_not_selected
F2D001309,stability,F2V000707,P4_not_selected_qpp_pdcsap_all,P4,MATCHED_NOT_SELECTED,W00,P04,7,VALID,3,-23.83408186702237,-16.070410628208798,-20.204169361450738,-7.763671238813572,-4.13375873324194,False,53.69996816938238,formal_m1_center_not_selected
F2D001310,stability,F2V000707,P4_not_selected_qpp_pdcsap_all,P4,MATCHED_NOT_SELECTED,W00,P04,8,VALID,3,-23.834081867021936,-16.070410628323266,-19.708638475492656,-7.76367123869867,-3.6382278471693894,False,53.699947141792485,formal_m1_center_not_selected
F2D001311,stability,F2V000707,P4_not_selected_qpp_pdcsap_all,P4,MATCHED_NOT_SELECTED,W00,P04,9,VALID,3,-23.834081867021943,-16.070410628359504,-18.105244930630548,-7.76367123866244,-2.034834302271044,False,53.69993667068719,formal_m1_center_not_selected
F2D001312,stability,F2V000708,P4_not_selected_qpp_pdcsap_all,P4,MATCHED_NOT_SELECTED,W00,P05,1,VALID,3,-23.74832736725753,-15.938059024612114,-19.494707611357043,-7.810268342645417,-3.556648586744929,False,53.86354270008277,formal_m1_center_not_selected
F2D001313,stability,F2V000708,P4_not_selected_qpp_pdcsap_all,P4,MATCHED_NOT_SELECTED,W00,P05,2,VALID,3,-23.7483273672577,-15.938059024587814,-17.659282491809947,-7.810268342669888,-1.7212234672221332,False,53.86353550607974,formal_m1_center_not_selected
F2D001314,stability,F2V000708,P4_not_selected_qpp_pdcsap_all,P4,MATCHED_NOT_SELECTED,W00,P05,3,VALID,3,-23.74832736725719,-15.938059024617734,-18.019816769025944,-7.810268342639455,-2.0817577444082094,False,53.863541770816745,formal_m1_center_not_selected
F2D001315,stability,F2V000708,P4_not_selected_qpp_pdcsap_all,P4,MATCHED_NOT_SELECTED,W00,P05,4,VALID,3,-23.74832736725712,-15.938059024548037,-20.136615699146603,-7.810268342709081,-4.198556674598565,False,53.86354080431834,formal_m1_center_not_selected
F2D001316,stability,F2V000708,P4_not_selected_qpp_pdcsap_all,P4,MATCHED_NOT_SELECTED,W00,P05,5,VALID,3,-23.748327367257616,-15.938059024615617,-18.019816913763805,-7.810268342641999,-2.0817578891481876,False,53.863540949756405,formal_m1_center_not_selected
F2D001317,stability,F2V000708,P4_not_selected_qpp_pdcsap_all,P4,MATCHED_NOT_SELECTED,W00,P05,6,VALID,3,-23.74832736725785,-15.938059024321737,-20.13661582893625,-7.810268342936114,-4.198556804614514,False,53.863548300034196,formal_m1_center_not_selected
F2D001318,stability,F2V000708,P4_not_selected_qpp_pdcsap_all,P4,MATCHED_NOT_SELECTED,W00,P05,7,VALID,3,-23.748327367257446,-15.938059024609862,-20.13661585392027,-7.810268342647584,-4.198556829310407,False,53.86354009383238,formal_m1_center_not_selected
F2D001319,stability,F2V000708,P4_not_selected_qpp_pdcsap_all,P4,MATCHED_NOT_SELECTED,W00,P05,8,VALID,3,-23.748327367256643,-15.938059024532846,-19.624878791523813,-7.810268342723797,-3.6868197669909666,False,53.86355211726509,formal_m1_center_not_selected
F2D001320,stability,F2V000708,P4_not_selected_qpp_pdcsap_all,P4,MATCHED_NOT_SELECTED,W00,P05,9,VALID,3,-23.748327367255442,-15.938059024614352,-19.36706058244215,-7.8102683426410895,-3.4290015578277977,False,53.863540400857524,formal_m1_center_not_selected
