planned_decision_id,decision_class,variant_id,external_optimizer_seed,n_samples,median_dt_s,mean_dt_s,afino_effective_dt_s,requested_median_dt_pass,afino_mean_dt_pass,requested_rfftfreq_bin_count,afino_fftfreq_positive_bin_count,afino_fftfreq_post_cutoff_bin_count,observed_post_cutoff_bin_count,requested_bin_contract_pass,afino_bin_contract_pass,models_agree_on_dt,models_agree_on_bin_count
F2D000001,primary,F2V000001,0,15,20.002015408681473,20.002015411487914,20.002015411487914,false,true,7,7,7,7,true,true,true,true
F2D000002,primary,F2V000002,0,15,20.002015408681473,20.002015411487914,20.002015411487914,false,true,7,7,7,7,true,true,true,true
F2D000003,primary,F2V000003,0,15,20.002015408681473,20.002015411487914,20.002015411487914,false,true,7,7,7,7,true,true,true,true
F2D000004,primary,F2V000004,0,15,20.002015408681473,20.002015411487914,20.002015411487914,false,true,7,7,7,7,true,true,true,true
F2D000005,primary,F2V000005,0,15,20.002015408681473,20.002015411487914,20.002015411487914,false,true,7,7,7,7,true,true,true,true
F2D000006,primary,F2V000006,0,15,20.002015408681473,20.002015411487914,20.002015411487914,false,true,7,7,7,7,true,true,true,true
F2D000007,primary,F2V000007,0,17,20.002015428326558,20.002015413592744,20.002015413592744,false,true,8,8,8,8,true,true,true,true
F2D000008,primary,F2V000008,0,17,20.002015428326558,20.002015413592744,20.002015413592744,false,true,8,8,8,8,true,true,true,true
F2D000009,primary,F2V000009,0,17,20.002015428326558,20.002015413592744,20.002015413592744,false,true,8,8,8,8,true,true,true,true
F2D000010,primary,F2V000010,0,17,20.002015428326558,20.002015413592744,20.002015413592744,false,true,8,8,8,8,true,true,true,true
F2D000011,primary,F2V000011,0,17,20.002015428326558,20.002015413592744,20.002015413592744,false,true,8,8,8,8,true,true,true,true
F2D000012,primary,F2V000012,0,17,20.002015428326558,20.002015413592744,20.002015413592744,false,true,8,8,8,8,true,true,true,true
F2D000013,primary,F2V000013,0,16,20.002015428326558,20.00201541261049,20.00201541261049,false,true,8,7,7,7,false,true,true,true
F2D000014,primary,F2V000014,0,16,20.002015428326558,20.00201541261049,20.00201541261049,false,true,8,7,7,7,false,true,true,true
F2D000015,primary,F2V000015,0,16,20.002015428326558,20.00201541261049,20.00201541261049,false,true,8,7,7,7,false,true,true,true
F2D000016,primary,F2V000016,0,16,20.002015428326558,20.00201541261049,20.00201541261049,false,true,8,7,7,7,false,true,true,true
F2D000017,primary,F2V000017,0,16,20.002015428326558,20.00201541261049,20.00201541261049,false,true,8,7,7,7,false,true,true,true
F2D000018,primary,F2V000018,0,16,20.002015428326558,20.00201541261049,20.00201541261049,false,true,8,7,7,7,false,true,true,true
F2D000043,primary,F2V000043,0,16,20.002015428326558,20.002015415229835,20.002015415229835,false,true,8,7,7,7,false,true,true,true
F2D000044,primary,F2V000044,0,16,20.002015428326558,20.002015415229835,20.002015415229835,false,true,8,7,7,7,false,true,true,true
F2D000045,primary,F2V000045,0,16,20.002015428326558,20.002015415229835,20.002015415229835,false,true,8,7,7,7,false,true,true,true
F2D000046,primary,F2V000046,0,16,20.002015428326558,20.002015415229835,20.002015415229835,false,true,8,7,7,7,false,true,true,true
F2D000047,primary,F2V000047,0,16,20.002015428326558,20.002015415229835,20.002015415229835,false,true,8,7,7,7,false,true,true,true
F2D000048,primary,F2V000048,0,16,20.002015428326558,20.002015415229835,20.002015415229835,false,true,8,7,7,7,false,true,true,true
F2D000049,primary,F2V000049,0,17,20.002015408681473,20.002015413592744,20.002015413592744,false,true,8,8,8,8,true,true,true,true
F2D000050,primary,F2V000050,0,17,20.002015408681473,20.002015413592744,20.002015413592744,false,true,8,8,8,8,true,true,true,true
F2D000051,primary,F2V000051,0,17,20.002015408681473,20.002015413592744,20.002015413592744,false,true,8,8,8,8,true,true,true,true
F2D000052,primary,F2V000052,0,17,20.002015408681473,20.002015413592744,20.002015413592744,false,true,8,8,8,8,true,true,true,true
F2D000053,primary,F2V000053,0,17,20.002015408681473,20.002015413592744,20.002015413592744,false,true,8,8,8,8,true,true,true,true
F2D000054,primary,F2V000054,0,17,20.002015408681473,20.002015413592744,20.002015413592744,false,true,8,8,8,8,true,true,true,true
F2D000055,primary,F2V000055,0,17,20.002015428326558,20.00201541604838,20.00201541604838,false,true,8,8,8,8,true,true,true,true
F2D000056,primary,F2V000056,0,17,20.002015428326558,20.00201541604838,20.00201541604838,false,true,8,8,8,8,true,true,true,true
F2D000057,primary,F2V000057,0,17,20.002015428326558,20.00201541604838,20.00201541604838,false,true,8,8,8,8,true,true,true,true
F2D000058,primary,F2V000058,0,17,20.002015428326558,20.00201541604838,20.00201541604838,false,true,8,8,8,8,true,true,true,true
F2D000059,primary,F2V000059,0,17,20.002015428326558,20.00201541604838,20.00201541604838,false,true,8,8,8,8,true,true,true,true
F2D000060,primary,F2V000060,0,17,20.002015428326558,20.00201541604838,20.00201541604838,false,true,8,8,8,8,true,true,true,true
F2D000067,primary,F2V000067,0,19,20.002015428326558,20.002015415229835,20.002015415229835,false,true,9,9,9,9,true,true,true,true
F2D000068,primary,F2V000068,0,19,20.002015428326558,20.002015415229835,20.002015415229835,false,true,9,9,9,9,true,true,true,true
F2D000069,primary,F2V000069,0,19,20.002015428326558,20.002015415229835,20.002015415229835,false,true,9,9,9,9,true,true,true,true
F2D000070,primary,F2V000070,0,19,20.002015428326558,20.002015415229835,20.002015415229835,false,true,9,9,9,9,true,true,true,true
F2D000071,primary,F2V000071,0,19,20.002015428326558,20.002015415229835,20.002015415229835,false,true,9,9,9,9,true,true,true,true
F2D000072,primary,F2V000072,0,19,20.002015428326558,20.002015415229835,20.002015415229835,false,true,9,9,9,9,true,true,true,true
F2D000079,primary,F2V000079,0,15,20.001751300151227,20.001751308570551,20.001751308570551,false,true,7,7,7,7,true,true,true,true
F2D000080,primary,F2V000080,0,15,20.001751300151227,20.001751308570551,20.001751308570551,false,true,7,7,7,7,true,true,true,true
F2D000083,primary,F2V000083,0,15,20.001751300151227,20.001751308570551,20.001751308570551,false,true,7,7,7,7,true,true,true,true
F2D000084,primary,F2V000084,0,15,20.001751300151227,20.001751308570551,20.001751308570551,false,true,7,7,7,7,true,true,true,true
F2D000085,primary,F2V000085,0,17,20.001751300151227,20.00175130997377,20.00175130997377,false,true,8,8,8,8,true,true,true,true
F2D000086,primary,F2V000086,0,17,20.001751300151227,20.00175130997377,20.00175130997377,false,true,8,8,8,8,true,true,true,true
F2D000089,primary,F2V000089,0,17,20.001751300151227,20.00175130997377,20.00175130997377,false,true,8,8,8,8,true,true,true,true
F2D000090,primary,F2V000090,0,17,20.001751300151227,20.00175130997377,20.00175130997377,false,true,8,8,8,8,true,true,true,true
F2D000091,primary,F2V000091,0,16,20.001761299499776,20.001751982490532,20.001751982490532,false,true,8,7,7,7,false,true,true,true
F2D000092,primary,F2V000092,0,16,20.001761299499776,20.001751982490532,20.001751982490532,false,true,8,7,7,7,false,true,true,true
F2D000095,primary,F2V000095,0,16,20.001761299499776,20.001751982490532,20.001751982490532,false,true,8,7,7,7,false,true,true,true
F2D000096,primary,F2V000096,0,16,20.001761299499776,20.001751982490532,20.001751982490532,false,true,8,7,7,7,false,true,true,true
F2D000121,primary,F2V000121,0,16,20.001741300802678,20.001750636147335,20.001750636147335,false,true,8,7,7,7,false,true,true,true
F2D000122,primary,F2V000122,0,16,20.001741300802678,20.001750636147335,20.001750636147335,false,true,8,7,7,7,false,true,true,true
F2D000125,primary,F2V000125,0,16,20.001741300802678,20.001750636147335,20.001750636147335,false,true,8,7,7,7,false,true,true,true
F2D000126,primary,F2V000126,0,16,20.001741300802678,20.001750636147335,20.001750636147335,false,true,8,7,7,7,false,true,true,true
F2D000127,primary,F2V000127,0,17,20.001751300151227,20.001751305062498,20.001751305062498,false,true,8,8,8,8,true,true,true,true
F2D000128,primary,F2V000128,0,17,20.001751300151227,20.001751305062498,20.001751305062498,false,true,8,8,8,8,true,true,true,true
F2D000131,primary,F2V000131,0,17,20.001751300151227,20.001751305062498,20.001751305062498,false,true,8,8,8,8,true,true,true,true
F2D000132,primary,F2V000132,0,17,20.001751300151227,20.001751305062498,20.001751305062498,false,true,8,8,8,8,true,true,true,true
F2D000133,primary,F2V000133,0,17,20.001751300151227,20.00175130997377,20.00175130997377,false,true,8,8,8,8,true,true,true,true
F2D000134,primary,F2V000134,0,17,20.001751300151227,20.00175130997377,20.00175130997377,false,true,8,8,8,8,true,true,true,true
F2D000137,primary,F2V000137,0,17,20.001751300151227,20.00175130997377,20.00175130997377,false,true,8,8,8,8,true,true,true,true
F2D000138,primary,F2V000138,0,17,20.001751300151227,20.00175130997377,20.00175130997377,false,true,8,8,8,8,true,true,true,true
F2D000145,primary,F2V000145,0,19,20.001751300151227,20.001751306699589,20.001751306699589,false,true,9,9,9,9,true,true,true,true
F2D000146,primary,F2V000146,0,19,20.001751300151227,20.001751306699589,20.001751306699589,false,true,9,9,9,9,true,true,true,true
F2D000149,primary,F2V000149,0,19,20.001751300151227,20.001751306699589,20.001751306699589,false,true,9,9,9,9,true,true,true,true
F2D000150,primary,F2V000150,0,19,20.001751300151227,20.001751306699589,20.001751306699589,false,true,9,9,9,9,true,true,true,true
F2D000157,primary,F2V000157,0,27,19.999749721318949,19.999746634018194,19.999746634018194,false,true,13,13,13,13,true,true,true,true
F2D000158,primary,F2V000158,0,27,19.999749721318949,19.999746634018194,19.999746634018194,false,true,13,13,13,13,true,true,true,true
F2D000161,primary,F2V000161,0,27,19.999749721318949,19.999746634018194,19.999746634018194,false,true,13,13,13,13,true,true,true,true
F2D000162,primary,F2V000162,0,27,19.999749721318949,19.999746634018194,19.999746634018194,false,true,13,13,13,13,true,true,true,true
F2D000163,primary,F2V000163,0,29,19.999749721318949,19.999746854539676,19.999746854539676,false,true,14,14,14,14,true,true,true,true
F2D000164,primary,F2V000164,0,29,19.999749721318949,19.999746854539676,19.999746854539676,false,true,14,14,14,14,true,true,true,true
F2D000167,primary,F2V000167,0,29,19.999749721318949,19.999746854539676,19.999746854539676,false,true,14,14,14,14,true,true,true,true
F2D000168,primary,F2V000168,0,29,19.999749721318949,19.999746854539676,19.999746854539676,false,true,14,14,14,14,true,true,true,true
F2D000169,primary,F2V000169,0,28,19.999749721318949,19.999746748362668,19.999746748362668,false,true,13,13,13,13,true,true,true,true
F2D000170,primary,F2V000170,0,28,19.999749721318949,19.999746748362668,19.999746748362668,false,true,13,13,13,13,true,true,true,true
F2D000173,primary,F2V000173,0,28,19.999749721318949,19.999746748362668,19.999746748362668,false,true,13,13,13,13,true,true,true,true
F2D000174,primary,F2V000174,0,28,19.999749721318949,19.999746748362668,19.999746748362668,false,true,13,13,13,13,true,true,true,true
F2D000175,primary,F2V000175,0,26,19.999749721318949,19.999746510526165,19.999746510526165,false,true,12,12,12,12,true,true,true,true
F2D000176,primary,F2V000176,0,26,19.999749721318949,19.999746510526165,19.999746510526165,false,true,12,12,12,12,true,true,true,true
F2D000179,primary,F2V000179,0,26,19.999749721318949,19.999746510526165,19.999746510526165,false,true,12,12,12,12,true,true,true,true
F2D000180,primary,F2V000180,0,26,19.999749721318949,19.999746510526165,19.999746510526165,false,true,12,12,12,12,true,true,true,true
F2D000181,primary,F2V000181,0,25,19.999749721318949,19.999746376743133,19.999746376743133,false,true,12,12,12,12,true,true,true,true
F2D000182,primary,F2V000182,0,25,19.999749721318949,19.999746376743133,19.999746376743133,false,true,12,12,12,12,true,true,true,true
F2D000185,primary,F2V000185,0,25,19.999749721318949,19.999746376743133,19.999746376743133,false,true,12,12,12,12,true,true,true,true
F2D000186,primary,F2V000186,0,25,19.999749721318949,19.999746376743133,19.999746376743133,false,true,12,12,12,12,true,true,true,true
F2D000187,primary,F2V000187,0,25,19.999749721318949,19.999746376743133,19.999746376743133,false,true,12,12,12,12,true,true,true,true
F2D000188,primary,F2V000188,0,25,19.999749721318949,19.999746376743133,19.999746376743133,false,true,12,12,12,12,true,true,true,true
F2D000191,primary,F2V000191,0,25,19.999749721318949,19.999746376743133,19.999746376743133,false,true,12,12,12,12,true,true,true,true
F2D000192,primary,F2V000192,0,25,19.999749721318949,19.999746376743133,19.999746376743133,false,true,12,12,12,12,true,true,true,true
F2D000193,primary,F2V000193,0,26,19.999749721318949,19.999746510526165,19.999746510526165,false,true,12,12,12,12,true,true,true,true
F2D000194,primary,F2V000194,0,26,19.999749721318949,19.999746510526165,19.999746510526165,false,true,12,12,12,12,true,true,true,true
F2D000197,primary,F2V000197,0,26,19.999749721318949,19.999746510526165,19.999746510526165,false,true,12,12,12,12,true,true,true,true
F2D000198,primary,F2V000198,0,26,19.999749721318949,19.999746510526165,19.999746510526165,false,true,12,12,12,12,true,true,true,true
F2D000199,primary,F2V000199,0,28,19.999749721318949,19.999746748362668,19.999746748362668,false,true,13,13,13,13,true,true,true,true
F2D000200,primary,F2V000200,0,28,19.999749721318949,19.999746748362668,19.999746748362668,false,true,13,13,13,13,true,true,true,true
F2D000203,primary,F2V000203,0,28,19.999749721318949,19.999746748362668,19.999746748362668,false,true,13,13,13,13,true,true,true,true
F2D000204,primary,F2V000204,0,28,19.999749721318949,19.999746748362668,19.999746748362668,false,true,13,13,13,13,true,true,true,true
F2D000205,primary,F2V000205,0,29,19.999749721318949,19.999746854539676,19.999746854539676,false,true,14,14,14,14,true,true,true,true
F2D000206,primary,F2V000206,0,29,19.999749721318949,19.999746854539676,19.999746854539676,false,true,14,14,14,14,true,true,true,true
F2D000209,primary,F2V000209,0,29,19.999749721318949,19.999746854539676,19.999746854539676,false,true,14,14,14,14,true,true,true,true
F2D000210,primary,F2V000210,0,29,19.999749721318949,19.999746854539676,19.999746854539676,false,true,14,14,14,14,true,true,true,true
F2D000211,primary,F2V000211,0,29,19.999749721318949,19.999746854539676,19.999746854539676,false,true,14,14,14,14,true,true,true,true
F2D000212,primary,F2V000212,0,29,19.999749721318949,19.999746854539676,19.999746854539676,false,true,14,14,14,14,true,true,true,true
F2D000215,primary,F2V000215,0,29,19.999749721318949,19.999746854539676,19.999746854539676,false,true,14,14,14,14,true,true,true,true
F2D000216,primary,F2V000216,0,29,19.999749721318949,19.999746854539676,19.999746854539676,false,true,14,14,14,14,true,true,true,true
F2D000217,primary,F2V000217,0,25,19.999749721318949,19.999746376743133,19.999746376743133,false,true,12,12,12,12,true,true,true,true
F2D000218,primary,F2V000218,0,25,19.999749721318949,19.999746376743133,19.999746376743133,false,true,12,12,12,12,true,true,true,true
F2D000221,primary,F2V000221,0,25,19.999749721318949,19.999746376743133,19.999746376743133,false,true,12,12,12,12,true,true,true,true
F2D000222,primary,F2V000222,0,25,19.999749721318949,19.999746376743133,19.999746376743133,false,true,12,12,12,12,true,true,true,true
F2D000223,primary,F2V000223,0,31,19.999749721318949,19.999747045658296,19.999747045658296,false,true,15,15,15,15,true,true,true,true
F2D000224,primary,F2V000224,0,31,19.999749721318949,19.999747045658296,19.999747045658296,false,true,15,15,15,15,true,true,true,true
F2D000227,primary,F2V000227,0,31,19.999749721318949,19.999747045658296,19.999747045658296,false,true,15,15,15,15,true,true,true,true
F2D000228,primary,F2V000228,0,31,19.999749721318949,19.999747045658296,19.999747045658296,false,true,15,15,15,15,true,true,true,true
F2D000229,primary,F2V000229,0,23,19.999749740964035,19.999746072690787,19.999746072690787,false,true,11,11,11,11,true,true,true,true
F2D000230,primary,F2V000230,0,23,19.999749740964035,19.999746072690787,19.999746072690787,false,true,11,11,11,11,true,true,true,true
F2D000233,primary,F2V000233,0,23,19.999749740964035,19.999746072690787,19.999746072690787,false,true,11,11,11,11,true,true,true,true
F2D000234,primary,F2V000234,0,23,19.999749740964035,19.999746072690787,19.999746072690787,false,true,11,11,11,11,true,true,true,true
F2D000235,primary,F2V000235,0,34,20.000313024502248,20.000327622586735,20.000327622586735,false,true,17,16,16,16,false,true,true,true
F2D000236,primary,F2V000236,0,34,20.000313024502248,20.000327622586735,20.000327622586735,false,true,17,16,16,16,false,true,true,true
F2D000239,primary,F2V000239,0,34,20.000313024502248,20.000327622586735,20.000327622586735,false,true,17,16,16,16,false,true,true,true
F2D000240,primary,F2V000240,0,34,20.000313024502248,20.000327622586735,20.000327622586735,false,true,17,16,16,16,false,true,true,true
F2D000241,primary,F2V000241,0,36,20.000313024502248,20.000327935683476,20.000327935683476,false,true,18,17,17,17,false,true,true,true
F2D000242,primary,F2V000242,0,36,20.000313024502248,20.000327935683476,20.000327935683476,false,true,18,17,17,17,false,true,true,true
F2D000245,primary,F2V000245,0,36,20.000313024502248,20.000327935683476,20.000327935683476,false,true,18,17,17,17,false,true,true,true
F2D000246,primary,F2V000246,0,36,20.000313024502248,20.000327935683476,20.000327935683476,false,true,18,17,17,17,false,true,true,true
F2D000247,primary,F2V000247,0,35,20.000313024502248,20.000328375403221,20.000328375403221,false,true,17,17,17,17,true,true,true,true
F2D000248,primary,F2V000248,0,35,20.000313024502248,20.000328375403221,20.000328375403221,false,true,17,17,17,17,true,true,true,true
F2D000251,primary,F2V000251,0,35,20.000313024502248,20.000328375403221,20.000328375403221,false,true,17,17,17,17,true,true,true,true
F2D000252,primary,F2V000252,0,35,20.000313024502248,20.000328375403221,20.000328375403221,false,true,17,17,17,17,true,true,true,true
F2D000253,primary,F2V000253,0,33,20.000313024502248,20.000328080004692,20.000328080004692,false,true,16,16,16,16,true,true,true,true
F2D000254,primary,F2V000254,0,33,20.000313024502248,20.000328080004692,20.000328080004692,false,true,16,16,16,16,true,true,true,true
F2D000257,primary,F2V000257,0,33,20.000313024502248,20.000328080004692,20.000328080004692,false,true,16,16,16,16,true,true,true,true
F2D000258,primary,F2V000258,0,33,20.000313024502248,20.000328080004692,20.000328080004692,false,true,16,16,16,16,true,true,true,true
F2D000259,primary,F2V000259,0,32,20.000313024502248,20.000327267822989,20.000327267822989,false,true,16,15,15,15,false,true,true,true
F2D000260,primary,F2V000260,0,32,20.000313024502248,20.000327267822989,20.000327267822989,false,true,16,15,15,15,false,true,true,true
F2D000263,primary,F2V000263,0,32,20.000313024502248,20.000327267822989,20.000327267822989,false,true,16,15,15,15,false,true,true,true
F2D000264,primary,F2V000264,0,32,20.000313024502248,20.000327267822989,20.000327267822989,false,true,16,15,15,15,false,true,true,true
F2D000265,primary,F2V000265,0,32,20.000313024502248,20.000327269090416,20.000327269090416,false,true,16,15,15,15,false,true,true,true
F2D000266,primary,F2V000266,0,32,20.000313024502248,20.000327269090416,20.000327269090416,false,true,16,15,15,15,false,true,true,true
F2D000269,primary,F2V000269,0,32,20.000313024502248,20.000327269090416,20.000327269090416,false,true,16,15,15,15,false,true,true,true
F2D000270,primary,F2V000270,0,32,20.000313024502248,20.000327269090416,20.000327269090416,false,true,16,15,15,15,false,true,true,true
F2D000271,primary,F2V000271,0,33,20.000313024502248,20.000326823947034,20.000326823947034,false,true,16,16,16,16,true,true,true,true
F2D000272,primary,F2V000272,0,33,20.000313024502248,20.000326823947034,20.000326823947034,false,true,16,16,16,16,true,true,true,true
F2D000275,primary,F2V000275,0,33,20.000313024502248,20.000326823947034,20.000326823947034,false,true,16,16,16,16,true,true,true,true
F2D000276,primary,F2V000276,0,33,20.000313024502248,20.000326823947034,20.000326823947034,false,true,16,16,16,16,true,true,true,true
F2D000277,primary,F2V000277,0,35,20.000313024502248,20.000327193231307,20.000327193231307,false,true,17,17,17,17,true,true,true,true
F2D000278,primary,F2V000278,0,35,20.000313024502248,20.000327193231307,20.000327193231307,false,true,17,17,17,17,true,true,true,true
F2D000281,primary,F2V000281,0,35,20.000313024502248,20.000327193231307,20.000327193231307,false,true,17,17,17,17,true,true,true,true
F2D000282,primary,F2V000282,0,35,20.000313024502248,20.000327193231307,20.000327193231307,false,true,17,17,17,17,true,true,true,true
F2D000283,primary,F2V000283,0,36,20.000313024502248,20.000326786165324,20.000326786165324,false,true,18,17,17,17,false,true,true,true
F2D000284,primary,F2V000284,0,36,20.000313024502248,20.000326786165324,20.000326786165324,false,true,18,17,17,17,false,true,true,true
F2D000287,primary,F2V000287,0,36,20.000313024502248,20.000326786165324,20.000326786165324,false,true,18,17,17,17,false,true,true,true
F2D000288,primary,F2V000288,0,36,20.000313024502248,20.000326786165324,20.000326786165324,false,true,18,17,17,17,false,true,true,true
F2D000289,primary,F2V000289,0,36,20.000313024502248,20.000327936806052,20.000327936806052,false,true,18,17,17,17,false,true,true,true
F2D000290,primary,F2V000290,0,36,20.000313024502248,20.000327936806052,20.000327936806052,false,true,18,17,17,17,false,true,true,true
F2D000293,primary,F2V000293,0,36,20.000313024502248,20.000327936806052,20.000327936806052,false,true,18,17,17,17,false,true,true,true
F2D000294,primary,F2V000294,0,36,20.000313024502248,20.000327936806052,20.000327936806052,false,true,18,17,17,17,false,true,true,true
F2D000295,primary,F2V000295,0,32,20.000313024502248,20.00032727035784,20.00032727035784,false,true,16,15,15,15,false,true,true,true
F2D000296,primary,F2V000296,0,32,20.000313024502248,20.00032727035784,20.00032727035784,false,true,16,15,15,15,false,true,true,true
F2D000299,primary,F2V000299,0,32,20.000313024502248,20.00032727035784,20.00032727035784,false,true,16,15,15,15,false,true,true,true
F2D000300,primary,F2V000300,0,32,20.000313024502248,20.00032727035784,20.00032727035784,false,true,16,15,15,15,false,true,true,true
F2D000301,primary,F2V000301,0,38,20.000313024502248,20.000327127549884,20.000327127549884,false,true,19,18,18,18,false,true,true,true
F2D000302,primary,F2V000302,0,38,20.000313024502248,20.000327127549884,20.000327127549884,false,true,19,18,18,18,false,true,true,true
F2D000305,primary,F2V000305,0,38,20.000313024502248,20.000327127549884,20.000327127549884,false,true,19,18,18,18,false,true,true,true
F2D000306,primary,F2V000306,0,38,20.000313024502248,20.000327127549884,20.000327127549884,false,true,19,18,18,18,false,true,true,true
F2D000307,primary,F2V000307,0,30,20.000313024502248,20.000326865481149,20.000326865481149,false,true,15,14,14,14,false,true,true,true
F2D000308,primary,F2V000308,0,30,20.000313024502248,20.000326865481149,20.000326865481149,false,true,15,14,14,14,false,true,true,true
F2D000311,primary,F2V000311,0,30,20.000313024502248,20.000326865481149,20.000326865481149,false,true,15,14,14,14,false,true,true,true
F2D000312,primary,F2V000312,0,30,20.000313024502248,20.000326865481149,20.000326865481149,false,true,15,14,14,14,false,true,true,true
F2D000313,primary,F2V000313,0,152,19.99993096687831,19.999932266836556,19.999932266836556,false,true,75,75,75,75,true,true,true,true
F2D000314,primary,F2V000314,0,152,19.99993096687831,19.999932266836556,19.999932266836556,false,true,75,75,75,75,true,true,true,true
F2D000317,primary,F2V000317,0,152,19.99993096687831,19.999932266836556,19.999932266836556,false,true,75,75,75,75,true,true,true,true
F2D000318,primary,F2V000318,0,152,19.99993096687831,19.999932266836556,19.999932266836556,false,true,75,75,75,75,true,true,true,true
F2D000319,primary,F2V000319,0,154,19.99993096687831,19.999932314556858,19.999932314556858,false,true,76,76,76,76,true,true,true,true
F2D000320,primary,F2V000320,0,154,19.99993096687831,19.999932314556858,19.999932314556858,false,true,76,76,76,76,true,true,true,true
F2D000323,primary,F2V000323,0,154,19.99993096687831,19.999932314556858,19.999932314556858,false,true,76,76,76,76,true,true,true,true
F2D000324,primary,F2V000324,0,154,19.99993096687831,19.999932314556858,19.999932314556858,false,true,76,76,76,76,true,true,true,true
F2D000325,primary,F2V000325,0,153,19.99993096687831,19.99993225776722,19.99993225776722,false,true,76,76,76,76,true,true,true,true
F2D000326,primary,F2V000326,0,153,19.99993096687831,19.99993225776722,19.99993225776722,false,true,76,76,76,76,true,true,true,true
F2D000329,primary,F2V000329,0,153,19.99993096687831,19.99993225776722,19.99993225776722,false,true,76,76,76,76,true,true,true,true
F2D000330,primary,F2V000330,0,153,19.99993096687831,19.99993225776722,19.99993225776722,false,true,76,76,76,76,true,true,true,true
F2D000331,primary,F2V000331,0,151,19.99993096687831,19.999932275764877,19.999932275764877,false,true,75,75,75,75,true,true,true,true
F2D000332,primary,F2V000332,0,151,19.99993096687831,19.999932275764877,19.999932275764877,false,true,75,75,75,75,true,true,true,true
F2D000335,primary,F2V000335,0,151,19.99993096687831,19.999932275764877,19.999932275764877,false,true,75,75,75,75,true,true,true,true
F2D000336,primary,F2V000336,0,151,19.99993096687831,19.999932275764877,19.999932275764877,false,true,75,75,75,75,true,true,true,true
F2D000337,primary,F2V000337,0,150,19.99993096687831,19.999932284549352,19.999932284549352,false,true,74,74,74,74,true,true,true,true
F2D000338,primary,F2V000338,0,150,19.99993096687831,19.999932284549352,19.999932284549352,false,true,74,74,74,74,true,true,true,true
F2D000341,primary,F2V000341,0,150,19.99993096687831,19.999932284549352,19.999932284549352,false,true,74,74,74,74,true,true,true,true
F2D000342,primary,F2V000342,0,150,19.99993096687831,19.999932284549352,19.999932284549352,false,true,74,74,74,74,true,true,true,true
F2D000343,primary,F2V000343,0,150,19.99993096687831,19.999932284549352,19.999932284549352,false,true,74,74,74,74,true,true,true,true
F2D000344,primary,F2V000344,0,150,19.99993096687831,19.999932284549352,19.999932284549352,false,true,74,74,74,74,true,true,true,true
F2D000347,primary,F2V000347,0,150,19.99993096687831,19.999932284549352,19.999932284549352,false,true,74,74,74,74,true,true,true,true
F2D000348,primary,F2V000348,0,150,19.99993096687831,19.999932284549352,19.999932284549352,false,true,74,74,74,74,true,true,true,true
F2D000349,primary,F2V000349,0,151,19.99993096687831,19.999932275764877,19.999932275764877,false,true,75,75,75,75,true,true,true,true
F2D000350,primary,F2V000350,0,151,19.99993096687831,19.999932275764877,19.999932275764877,false,true,75,75,75,75,true,true,true,true
F2D000353,primary,F2V000353,0,151,19.99993096687831,19.999932275764877,19.999932275764877,false,true,75,75,75,75,true,true,true,true
F2D000354,primary,F2V000354,0,151,19.99993096687831,19.999932275764877,19.999932275764877,false,true,75,75,75,75,true,true,true,true
F2D000355,primary,F2V000355,0,153,19.99993096687831,19.999932258025709,19.999932258025709,false,true,76,76,76,76,true,true,true,true
F2D000356,primary,F2V000356,0,153,19.99993096687831,19.999932258025709,19.999932258025709,false,true,76,76,76,76,true,true,true,true
F2D000359,primary,F2V000359,0,153,19.99993096687831,19.999932258025709,19.999932258025709,false,true,76,76,76,76,true,true,true,true
F2D000360,primary,F2V000360,0,153,19.99993096687831,19.999932258025709,19.999932258025709,false,true,76,76,76,76,true,true,true,true
F2D000361,primary,F2V000361,0,154,19.99993096687831,19.99993224907324,19.99993224907324,false,true,76,76,76,76,true,true,true,true
F2D000362,primary,F2V000362,0,154,19.99993096687831,19.99993224907324,19.99993224907324,false,true,76,76,76,76,true,true,true,true
F2D000365,primary,F2V000365,0,154,19.99993096687831,19.99993224907324,19.99993224907324,false,true,76,76,76,76,true,true,true,true
F2D000366,primary,F2V000366,0,154,19.99993096687831,19.99993224907324,19.99993224907324,false,true,76,76,76,76,true,true,true,true
F2D000367,primary,F2V000367,0,154,19.99993096687831,19.99993224907324,19.99993224907324,false,true,76,76,76,76,true,true,true,true
F2D000368,primary,F2V000368,0,154,19.99993096687831,19.99993224907324,19.99993224907324,false,true,76,76,76,76,true,true,true,true
F2D000371,primary,F2V000371,0,154,19.99993096687831,19.99993224907324,19.99993224907324,false,true,76,76,76,76,true,true,true,true
F2D000372,primary,F2V000372,0,154,19.99993096687831,19.99993224907324,19.99993224907324,false,true,76,76,76,76,true,true,true,true
F2D000373,primary,F2V000373,0,150,19.99993096687831,19.999932284813042,19.999932284813042,false,true,74,74,74,74,true,true,true,true
F2D000374,primary,F2V000374,0,150,19.99993096687831,19.999932284813042,19.999932284813042,false,true,74,74,74,74,true,true,true,true
F2D000377,primary,F2V000377,0,150,19.99993096687831,19.999932284813042,19.999932284813042,false,true,74,74,74,74,true,true,true,true
F2D000378,primary,F2V000378,0,150,19.99993096687831,19.999932284813042,19.999932284813042,false,true,74,74,74,74,true,true,true,true
F2D000379,primary,F2V000379,0,156,19.99993096687831,19.999932296407003,19.999932296407003,false,true,77,77,77,77,true,true,true,true
F2D000380,primary,F2V000380,0,156,19.99993096687831,19.999932296407003,19.999932296407003,false,true,77,77,77,77,true,true,true,true
F2D000383,primary,F2V000383,0,156,19.99993096687831,19.999932296407003,19.999932296407003,false,true,77,77,77,77,true,true,true,true
F2D000384,primary,F2V000384,0,156,19.99993096687831,19.999932296407003,19.999932296407003,false,true,77,77,77,77,true,true,true,true
F2D000385,primary,F2V000385,0,148,19.99993096687831,19.999932302744128,19.999932302744128,false,true,73,73,73,73,true,true,true,true
F2D000386,primary,F2V000386,0,148,19.99993096687831,19.999932302744128,19.999932302744128,false,true,73,73,73,73,true,true,true,true
F2D000389,primary,F2V000389,0,148,19.99993096687831,19.999932302744128,19.999932302744128,false,true,73,73,73,73,true,true,true,true
F2D000390,primary,F2V000390,0,148,19.99993096687831,19.999932302744128,19.999932302744128,false,true,73,73,73,73,true,true,true,true
F2D000391,primary,F2V000391,0,178,20.000232283200603,20.000232464112973,20.000232464112973,false,true,89,88,88,88,false,true,true,true
F2D000392,primary,F2V000392,0,178,20.000232283200603,20.000232464112973,20.000232464112973,false,true,89,88,88,88,false,true,true,true
F2D000395,primary,F2V000395,0,178,20.000232283200603,20.000232464112973,20.000232464112973,false,true,89,88,88,88,false,true,true,true
F2D000396,primary,F2V000396,0,178,20.000232283200603,20.000232464112973,20.000232464112973,false,true,89,88,88,88,false,true,true,true
F2D000397,primary,F2V000397,0,180,20.000232283200603,20.000232462091606,20.000232462091606,false,true,90,89,89,89,false,true,true,true
F2D000398,primary,F2V000398,0,180,20.000232283200603,20.000232462091606,20.000232462091606,false,true,90,89,89,89,false,true,true,true
F2D000401,primary,F2V000401,0,180,20.000232283200603,20.000232462091606,20.000232462091606,false,true,90,89,89,89,false,true,true,true
F2D000402,primary,F2V000402,0,180,20.000232283200603,20.000232462091606,20.000232462091606,false,true,90,89,89,89,false,true,true,true
F2D000403,primary,F2V000403,0,179,20.000232283200603,20.000232463096612,20.000232463096612,false,true,89,89,89,89,true,true,true,true
F2D000404,primary,F2V000404,0,179,20.000232283200603,20.000232463096612,20.000232463096612,false,true,89,89,89,89,true,true,true,true
F2D000407,primary,F2V000407,0,179,20.000232283200603,20.000232463096612,20.000232463096612,false,true,89,89,89,89,true,true,true,true
F2D000408,primary,F2V000408,0,179,20.000232283200603,20.000232463096612,20.000232463096612,false,true,89,89,89,89,true,true,true,true
F2D000409,primary,F2V000409,0,177,20.000232283200603,20.000232464917644,20.000232464917644,false,true,88,88,88,88,true,true,true,true
F2D000410,primary,F2V000410,0,177,20.000232283200603,20.000232464917644,20.000232464917644,false,true,88,88,88,88,true,true,true,true
F2D000413,primary,F2V000413,0,177,20.000232283200603,20.000232464917644,20.000232464917644,false,true,88,88,88,88,true,true,true,true
F2D000414,primary,F2V000414,0,177,20.000232283200603,20.000232464917644,20.000232464917644,false,true,88,88,88,88,true,true,true,true
F2D000415,primary,F2V000415,0,176,20.000232283200603,20.000232465731511,20.000232465731511,false,true,88,87,87,87,false,true,true,true
F2D000416,primary,F2V000416,0,176,20.000232283200603,20.000232465731511,20.000232465731511,false,true,88,87,87,87,false,true,true,true
F2D000419,primary,F2V000419,0,176,20.000232283200603,20.000232465731511,20.000232465731511,false,true,88,87,87,87,false,true,true,true
F2D000420,primary,F2V000420,0,176,20.000232283200603,20.000232465731511,20.000232465731511,false,true,88,87,87,87,false,true,true,true
F2D000421,primary,F2V000421,0,176,20.000232283200603,20.000232466180542,20.000232466180542,false,true,88,87,87,87,false,true,true,true
F2D000422,primary,F2V000422,0,176,20.000232283200603,20.000232466180542,20.000232466180542,false,true,88,87,87,87,false,true,true,true
F2D000425,primary,F2V000425,0,176,20.000232283200603,20.000232466180542,20.000232466180542,false,true,88,87,87,87,false,true,true,true
F2D000426,primary,F2V000426,0,176,20.000232283200603,20.000232466180542,20.000232466180542,false,true,88,87,87,87,false,true,true,true
F2D000427,primary,F2V000427,0,177,20.000232283200603,20.000232464917644,20.000232464917644,false,true,88,88,88,88,true,true,true,true
F2D000428,primary,F2V000428,0,177,20.000232283200603,20.000232464917644,20.000232464917644,false,true,88,88,88,88,true,true,true,true
F2D000431,primary,F2V000431,0,177,20.000232283200603,20.000232464917644,20.000232464917644,false,true,88,88,88,88,true,true,true,true
F2D000432,primary,F2V000432,0,177,20.000232283200603,20.000232464917644,20.000232464917644,false,true,88,88,88,88,true,true,true,true
F2D000433,primary,F2V000433,0,179,20.000232283200603,20.000232463317342,20.000232463317342,false,true,89,89,89,89,true,true,true,true
F2D000434,primary,F2V000434,0,179,20.000232283200603,20.000232463317342,20.000232463317342,false,true,89,89,89,89,true,true,true,true
F2D000437,primary,F2V000437,0,179,20.000232283200603,20.000232463317342,20.000232463317342,false,true,89,89,89,89,true,true,true,true
F2D000438,primary,F2V000438,0,179,20.000232283200603,20.000232463317342,20.000232463317342,false,true,89,89,89,89,true,true,true,true
F2D000439,primary,F2V000439,0,180,20.000232283200603,20.000232462091606,20.000232462091606,false,true,90,89,89,89,false,true,true,true
F2D000440,primary,F2V000440,0,180,20.000232283200603,20.000232462091606,20.000232462091606,false,true,90,89,89,89,false,true,true,true
F2D000443,primary,F2V000443,0,180,20.000232283200603,20.000232462091606,20.000232462091606,false,true,90,89,89,89,false,true,true,true
F2D000444,primary,F2V000444,0,180,20.000232283200603,20.000232462091606,20.000232462091606,false,true,90,89,89,89,false,true,true,true
F2D000445,primary,F2V000445,0,180,20.000232283200603,20.000232462311104,20.000232462311104,false,true,90,89,89,89,false,true,true,true
F2D000446,primary,F2V000446,0,180,20.000232283200603,20.000232462311104,20.000232462311104,false,true,90,89,89,89,false,true,true,true
F2D000449,primary,F2V000449,0,180,20.000232283200603,20.000232462311104,20.000232462311104,false,true,90,89,89,89,false,true,true,true
F2D000450,primary,F2V000450,0,180,20.000232283200603,20.000232462311104,20.000232462311104,false,true,90,89,89,89,false,true,true,true
F2D000451,primary,F2V000451,0,176,20.000232283200603,20.000232465731511,20.000232465731511,false,true,88,87,87,87,false,true,true,true
F2D000452,primary,F2V000452,0,176,20.000232283200603,20.000232465731511,20.000232465731511,false,true,88,87,87,87,false,true,true,true
F2D000455,primary,F2V000455,0,176,20.000232283200603,20.000232465731511,20.000232465731511,false,true,88,87,87,87,false,true,true,true
F2D000456,primary,F2V000456,0,176,20.000232283200603,20.000232465731511,20.000232465731511,false,true,88,87,87,87,false,true,true,true
F2D000457,primary,F2V000457,0,182,20.000232283200603,20.000232460114908,20.000232460114908,false,true,91,90,90,90,false,true,true,true
F2D000458,primary,F2V000458,0,182,20.000232283200603,20.000232460114908,20.000232460114908,false,true,91,90,90,90,false,true,true,true
F2D000461,primary,F2V000461,0,182,20.000232283200603,20.000232460114908,20.000232460114908,false,true,91,90,90,90,false,true,true,true
F2D000462,primary,F2V000462,0,182,20.000232283200603,20.000232460114908,20.000232460114908,false,true,91,90,90,90,false,true,true,true
F2D000463,primary,F2V000463,0,174,20.000232283200603,20.000232467841695,20.000232467841695,false,true,87,86,86,86,false,true,true,true
F2D000464,primary,F2V000464,0,174,20.000232283200603,20.000232467841695,20.000232467841695,false,true,87,86,86,86,false,true,true,true
F2D000467,primary,F2V000467,0,174,20.000232283200603,20.000232467841695,20.000232467841695,false,true,87,86,86,86,false,true,true,true
F2D000468,primary,F2V000468,0,174,20.000232283200603,20.000232467841695,20.000232467841695,false,true,87,86,86,86,false,true,true,true
F2D000469,primary,F2V000469,0,19,20.00023251894163,20.000232516758842,20.000232516758842,false,true,9,9,9,9,true,true,true,true
F2D000470,primary,F2V000470,0,19,20.00023251894163,20.000232516758842,20.000232516758842,false,true,9,9,9,9,true,true,true,true
F2D000471,primary,F2V000471,0,19,20.00023251894163,20.000232516758842,20.000232516758842,false,true,9,9,9,9,true,true,true,true
F2D000472,primary,F2V000472,0,19,20.00023251894163,20.000232516758842,20.000232516758842,false,true,9,9,9,9,true,true,true,true
F2D000473,primary,F2V000473,0,19,20.00023251894163,20.000232516758842,20.000232516758842,false,true,9,9,9,9,true,true,true,true
F2D000474,primary,F2V000474,0,19,20.00023251894163,20.000232516758842,20.000232516758842,false,true,9,9,9,9,true,true,true,true
F2D000475,primary,F2V000475,0,21,20.00023251894163,20.000232516977121,20.000232516977121,false,true,10,10,10,10,true,true,true,true
F2D000476,primary,F2V000476,0,21,20.00023251894163,20.000232516977121,20.000232516977121,false,true,10,10,10,10,true,true,true,true
F2D000477,primary,F2V000477,0,21,20.00023251894163,20.000232516977121,20.000232516977121,false,true,10,10,10,10,true,true,true,true
F2D000478,primary,F2V000478,0,21,20.00023251894163,20.000232516977121,20.000232516977121,false,true,10,10,10,10,true,true,true,true
F2D000479,primary,F2V000479,0,21,20.00023251894163,20.000232516977121,20.000232516977121,false,true,10,10,10,10,true,true,true,true
F2D000480,primary,F2V000480,0,21,20.00023251894163,20.000232516977121,20.000232516977121,false,true,10,10,10,10,true,true,true,true
F2D000481,primary,F2V000481,0,20,20.00023251894163,20.000232516873726,20.000232516873726,false,true,10,9,9,9,false,true,true,true
F2D000482,primary,F2V000482,0,20,20.00023251894163,20.000232516873726,20.000232516873726,false,true,10,9,9,9,false,true,true,true
F2D000483,primary,F2V000483,0,20,20.00023251894163,20.000232516873726,20.000232516873726,false,true,10,9,9,9,false,true,true,true
F2D000484,primary,F2V000484,0,20,20.00023251894163,20.000232516873726,20.000232516873726,false,true,10,9,9,9,false,true,true,true
F2D000485,primary,F2V000485,0,20,20.00023251894163,20.000232516873726,20.000232516873726,false,true,10,9,9,9,false,true,true,true
F2D000486,primary,F2V000486,0,20,20.00023251894163,20.000232516873726,20.000232516873726,false,true,10,9,9,9,false,true,true,true
F2D000487,primary,F2V000487,0,18,20.00023251894163,20.000232516630444,20.000232516630444,false,true,9,8,8,8,false,true,true,true
F2D000488,primary,F2V000488,0,18,20.00023251894163,20.000232516630444,20.000232516630444,false,true,9,8,8,8,false,true,true,true
F2D000489,primary,F2V000489,0,18,20.00023251894163,20.000232516630444,20.000232516630444,false,true,9,8,8,8,false,true,true,true
F2D000490,primary,F2V000490,0,18,20.00023251894163,20.000232516630444,20.000232516630444,false,true,9,8,8,8,false,true,true,true
F2D000491,primary,F2V000491,0,18,20.00023251894163,20.000232516630444,20.000232516630444,false,true,9,8,8,8,false,true,true,true
F2D000492,primary,F2V000492,0,18,20.00023251894163,20.000232516630444,20.000232516630444,false,true,9,8,8,8,false,true,true,true
F2D000493,primary,F2V000493,0,17,20.00023251894163,20.000232516485994,20.000232516485994,false,true,8,8,8,8,true,true,true,true
F2D000494,primary,F2V000494,0,17,20.00023251894163,20.000232516485994,20.000232516485994,false,true,8,8,8,8,true,true,true,true
F2D000495,primary,F2V000495,0,17,20.00023251894163,20.000232516485994,20.000232516485994,false,true,8,8,8,8,true,true,true,true
F2D000496,primary,F2V000496,0,17,20.00023251894163,20.000232516485994,20.000232516485994,false,true,8,8,8,8,true,true,true,true
F2D000497,primary,F2V000497,0,17,20.00023251894163,20.000232516485994,20.000232516485994,false,true,8,8,8,8,true,true,true,true
F2D000498,primary,F2V000498,0,17,20.00023251894163,20.000232516485994,20.000232516485994,false,true,8,8,8,8,true,true,true,true
F2D000499,primary,F2V000499,0,17,20.00023251894163,20.000232516485994,20.000232516485994,false,true,8,8,8,8,true,true,true,true
F2D000500,primary,F2V000500,0,17,20.00023251894163,20.000232516485994,20.000232516485994,false,true,8,8,8,8,true,true,true,true
F2D000501,primary,F2V000501,0,17,20.00023251894163,20.000232516485994,20.000232516485994,false,true,8,8,8,8,true,true,true,true
F2D000502,primary,F2V000502,0,17,20.00023251894163,20.000232516485994,20.000232516485994,false,true,8,8,8,8,true,true,true,true
F2D000503,primary,F2V000503,0,17,20.00023251894163,20.000232516485994,20.000232516485994,false,true,8,8,8,8,true,true,true,true
F2D000504,primary,F2V000504,0,17,20.00023251894163,20.000232516485994,20.000232516485994,false,true,8,8,8,8,true,true,true,true
F2D000505,primary,F2V000505,0,18,20.00023251894163,20.00023251894163,20.00023251894163,true,true,9,8,8,8,false,true,true,true
F2D000506,primary,F2V000506,0,18,20.00023251894163,20.00023251894163,20.00023251894163,true,true,9,8,8,8,false,true,true,true
F2D000507,primary,F2V000507,0,18,20.00023251894163,20.00023251894163,20.00023251894163,true,true,9,8,8,8,false,true,true,true
F2D000508,primary,F2V000508,0,18,20.00023251894163,20.00023251894163,20.00023251894163,true,true,9,8,8,8,false,true,true,true
F2D000509,primary,F2V000509,0,18,20.00023251894163,20.00023251894163,20.00023251894163,true,true,9,8,8,8,false,true,true,true
F2D000510,primary,F2V000510,0,18,20.00023251894163,20.00023251894163,20.00023251894163,true,true,9,8,8,8,false,true,true,true
F2D000511,primary,F2V000511,0,20,20.00023251894163,20.000234638542967,20.000234638542967,false,true,10,9,9,9,false,true,true,true
F2D000512,primary,F2V000512,0,20,20.00023251894163,20.000234638542967,20.000234638542967,false,true,10,9,9,9,false,true,true,true
F2D000513,primary,F2V000513,0,20,20.00023251894163,20.000234638542967,20.000234638542967,false,true,10,9,9,9,false,true,true,true
F2D000514,primary,F2V000514,0,20,20.00023251894163,20.000234638542967,20.000234638542967,false,true,10,9,9,9,false,true,true,true
F2D000515,primary,F2V000515,0,20,20.00023251894163,20.000234638542967,20.000234638542967,false,true,10,9,9,9,false,true,true,true
F2D000516,primary,F2V000516,0,20,20.00023251894163,20.000234638542967,20.000234638542967,false,true,10,9,9,9,false,true,true,true
F2D000517,primary,F2V000517,0,21,20.00023251894163,20.000234532562899,20.000234532562899,false,true,10,10,10,10,true,true,true,true
F2D000518,primary,F2V000518,0,21,20.00023251894163,20.000234532562899,20.000234532562899,false,true,10,10,10,10,true,true,true,true
F2D000519,primary,F2V000519,0,21,20.00023251894163,20.000234532562899,20.000234532562899,false,true,10,10,10,10,true,true,true,true
F2D000520,primary,F2V000520,0,21,20.00023251894163,20.000234532562899,20.000234532562899,false,true,10,10,10,10,true,true,true,true
F2D000521,primary,F2V000521,0,21,20.00023251894163,20.000234532562899,20.000234532562899,false,true,10,10,10,10,true,true,true,true
F2D000522,primary,F2V000522,0,21,20.00023251894163,20.000234532562899,20.000234532562899,false,true,10,10,10,10,true,true,true,true
F2D000523,primary,F2V000523,0,21,20.00023251894163,20.000234532562899,20.000234532562899,false,true,10,10,10,10,true,true,true,true
F2D000524,primary,F2V000524,0,21,20.00023251894163,20.000234532562899,20.000234532562899,false,true,10,10,10,10,true,true,true,true
F2D000525,primary,F2V000525,0,21,20.00023251894163,20.000234532562899,20.000234532562899,false,true,10,10,10,10,true,true,true,true
F2D000526,primary,F2V000526,0,21,20.00023251894163,20.000234532562899,20.000234532562899,false,true,10,10,10,10,true,true,true,true
F2D000527,primary,F2V000527,0,21,20.00023251894163,20.000234532562899,20.000234532562899,false,true,10,10,10,10,true,true,true,true
F2D000528,primary,F2V000528,0,21,20.00023251894163,20.000234532562899,20.000234532562899,false,true,10,10,10,10,true,true,true,true
F2D000529,primary,F2V000529,0,17,20.00023251894163,20.00023251894163,20.00023251894163,true,true,8,8,8,8,true,true,true,true
F2D000530,primary,F2V000530,0,17,20.00023251894163,20.00023251894163,20.00023251894163,true,true,8,8,8,8,true,true,true,true
F2D000531,primary,F2V000531,0,17,20.00023251894163,20.00023251894163,20.00023251894163,true,true,8,8,8,8,true,true,true,true
F2D000532,primary,F2V000532,0,17,20.00023251894163,20.00023251894163,20.00023251894163,true,true,8,8,8,8,true,true,true,true
F2D000533,primary,F2V000533,0,17,20.00023251894163,20.00023251894163,20.00023251894163,true,true,8,8,8,8,true,true,true,true
F2D000534,primary,F2V000534,0,17,20.00023251894163,20.00023251894163,20.00023251894163,true,true,8,8,8,8,true,true,true,true
F2D000535,primary,F2V000535,0,23,20.00023251894163,20.000234349506421,20.000234349506421,false,true,11,11,11,11,true,true,true,true
F2D000536,primary,F2V000536,0,23,20.00023251894163,20.000234349506421,20.000234349506421,false,true,11,11,11,11,true,true,true,true
F2D000537,primary,F2V000537,0,23,20.00023251894163,20.000234349506421,20.000234349506421,false,true,11,11,11,11,true,true,true,true
F2D000538,primary,F2V000538,0,23,20.00023251894163,20.000234349506421,20.000234349506421,false,true,11,11,11,11,true,true,true,true
F2D000539,primary,F2V000539,0,23,20.00023251894163,20.000234349506421,20.000234349506421,false,true,11,11,11,11,true,true,true,true
F2D000540,primary,F2V000540,0,23,20.00023251894163,20.000234349506421,20.000234349506421,false,true,11,11,11,11,true,true,true,true
F2D000541,primary,F2V000541,0,15,20.00023251894163,20.000232516135188,20.000232516135188,false,true,7,7,7,7,true,true,true,true
F2D000542,primary,F2V000542,0,15,20.00023251894163,20.000232516135188,20.000232516135188,false,true,7,7,7,7,true,true,true,true
F2D000543,primary,F2V000543,0,15,20.00023251894163,20.000232516135188,20.000232516135188,false,true,7,7,7,7,true,true,true,true
F2D000544,primary,F2V000544,0,15,20.00023251894163,20.000232516135188,20.000232516135188,false,true,7,7,7,7,true,true,true,true
F2D000545,primary,F2V000545,0,15,20.00023251894163,20.000232516135188,20.000232516135188,false,true,7,7,7,7,true,true,true,true
F2D000546,primary,F2V000546,0,15,20.00023251894163,20.000232516135188,20.000232516135188,false,true,7,7,7,7,true,true,true,true
F2D000547,primary,F2V000547,0,16,19.999991080840118,19.99997770646587,19.99997770646587,false,true,7,7,7,7,true,true,true,true
F2D000548,primary,F2V000548,0,16,19.999991080840118,19.99997770646587,19.99997770646587,false,true,7,7,7,7,true,true,true,true
F2D000549,primary,F2V000549,0,16,19.999991080840118,19.99997770646587,19.99997770646587,false,true,7,7,7,7,true,true,true,true
F2D000550,primary,F2V000550,0,16,19.999991080840118,19.99997770646587,19.99997770646587,false,true,7,7,7,7,true,true,true,true
F2D000551,primary,F2V000551,0,16,19.999991080840118,19.99997770646587,19.99997770646587,false,true,7,7,7,7,true,true,true,true
F2D000552,primary,F2V000552,0,16,19.999991080840118,19.99997770646587,19.99997770646587,false,true,7,7,7,7,true,true,true,true
F2D000553,primary,F2V000553,0,18,19.999991080840118,19.999976917889025,19.999976917889025,false,true,8,8,8,8,true,true,true,true
F2D000554,primary,F2V000554,0,18,19.999991080840118,19.999976917889025,19.999976917889025,false,true,8,8,8,8,true,true,true,true
F2D000555,primary,F2V000555,0,18,19.999991080840118,19.999976917889025,19.999976917889025,false,true,8,8,8,8,true,true,true,true
F2D000556,primary,F2V000556,0,18,19.999991080840118,19.999976917889025,19.999976917889025,false,true,8,8,8,8,true,true,true,true
F2D000557,primary,F2V000557,0,18,19.999991080840118,19.999976917889025,19.999976917889025,false,true,8,8,8,8,true,true,true,true
F2D000558,primary,F2V000558,0,18,19.999991080840118,19.999976917889025,19.999976917889025,false,true,8,8,8,8,true,true,true,true
F2D000559,primary,F2V000559,0,17,19.999991080840118,19.999976032704581,19.999976032704581,false,true,8,8,8,8,true,true,true,true
F2D000560,primary,F2V000560,0,17,19.999991080840118,19.999976032704581,19.999976032704581,false,true,8,8,8,8,true,true,true,true
F2D000561,primary,F2V000561,0,17,19.999991080840118,19.999976032704581,19.999976032704581,false,true,8,8,8,8,true,true,true,true
F2D000562,primary,F2V000562,0,17,19.999991080840118,19.999976032704581,19.999976032704581,false,true,8,8,8,8,true,true,true,true
F2D000563,primary,F2V000563,0,17,19.999991080840118,19.999976032704581,19.999976032704581,false,true,8,8,8,8,true,true,true,true
F2D000564,primary,F2V000564,0,17,19.999991080840118,19.999976032704581,19.999976032704581,false,true,8,8,8,8,true,true,true,true
F2D000565,primary,F2V000565,0,15,19.999991080840118,19.999976751153422,19.999976751153422,false,true,7,7,7,7,true,true,true,true
F2D000566,primary,F2V000566,0,15,19.999991080840118,19.999976751153422,19.999976751153422,false,true,7,7,7,7,true,true,true,true
F2D000567,primary,F2V000567,0,15,19.999991080840118,19.999976751153422,19.999976751153422,false,true,7,7,7,7,true,true,true,true
F2D000568,primary,F2V000568,0,15,19.999991080840118,19.999976751153422,19.999976751153422,false,true,7,7,7,7,true,true,true,true
F2D000569,primary,F2V000569,0,15,19.999991080840118,19.999976751153422,19.999976751153422,false,true,7,7,7,7,true,true,true,true
F2D000570,primary,F2V000570,0,15,19.999991080840118,19.999976751153422,19.999976751153422,false,true,7,7,7,7,true,true,true,true
F2D000583,primary,F2V000583,0,15,19.999991080840118,19.999976748346985,19.999976748346985,false,true,7,7,7,7,true,true,true,true
F2D000584,primary,F2V000584,0,15,19.999991080840118,19.999976748346985,19.999976748346985,false,true,7,7,7,7,true,true,true,true
F2D000585,primary,F2V000585,0,15,19.999991080840118,19.999976748346985,19.999976748346985,false,true,7,7,7,7,true,true,true,true
F2D000586,primary,F2V000586,0,15,19.999991080840118,19.999976748346985,19.999976748346985,false,true,7,7,7,7,true,true,true,true
F2D000587,primary,F2V000587,0,15,19.999991080840118,19.999976748346985,19.999976748346985,false,true,7,7,7,7,true,true,true,true
F2D000588,primary,F2V000588,0,15,19.999991080840118,19.999976748346985,19.999976748346985,false,true,7,7,7,7,true,true,true,true
F2D000589,primary,F2V000589,0,17,19.999991080840118,19.999978544819896,19.999978544819896,false,true,8,8,8,8,true,true,true,true
F2D000590,primary,F2V000590,0,17,19.999991080840118,19.999978544819896,19.999978544819896,false,true,8,8,8,8,true,true,true,true
F2D000591,primary,F2V000591,0,17,19.999991080840118,19.999978544819896,19.999978544819896,false,true,8,8,8,8,true,true,true,true
F2D000592,primary,F2V000592,0,17,19.999991080840118,19.999978544819896,19.999978544819896,false,true,8,8,8,8,true,true,true,true
F2D000593,primary,F2V000593,0,17,19.999991080840118,19.999978544819896,19.999978544819896,false,true,8,8,8,8,true,true,true,true
F2D000594,primary,F2V000594,0,17,19.999991080840118,19.999978544819896,19.999978544819896,false,true,8,8,8,8,true,true,true,true
F2D000595,primary,F2V000595,0,18,19.999991080840118,19.999976917889025,19.999976917889025,false,true,8,8,8,8,true,true,true,true
F2D000596,primary,F2V000596,0,18,19.999991080840118,19.999976917889025,19.999976917889025,false,true,8,8,8,8,true,true,true,true
F2D000597,primary,F2V000597,0,18,19.999991080840118,19.999976917889025,19.999976917889025,false,true,8,8,8,8,true,true,true,true
F2D000598,primary,F2V000598,0,18,19.999991080840118,19.999976917889025,19.999976917889025,false,true,8,8,8,8,true,true,true,true
F2D000599,primary,F2V000599,0,18,19.999991080840118,19.999976917889025,19.999976917889025,false,true,8,8,8,8,true,true,true,true
F2D000600,primary,F2V000600,0,18,19.999991080840118,19.999976917889025,19.999976917889025,false,true,8,8,8,8,true,true,true,true
F2D000601,primary,F2V000601,0,18,19.999991080840118,19.999976920200211,19.999976920200211,false,true,8,8,8,8,true,true,true,true
F2D000602,primary,F2V000602,0,18,19.999991080840118,19.999976920200211,19.999976920200211,false,true,8,8,8,8,true,true,true,true
F2D000603,primary,F2V000603,0,18,19.999991080840118,19.999976920200211,19.999976920200211,false,true,8,8,8,8,true,true,true,true
F2D000604,primary,F2V000604,0,18,19.999991080840118,19.999976920200211,19.999976920200211,false,true,8,8,8,8,true,true,true,true
F2D000605,primary,F2V000605,0,18,19.999991080840118,19.999976920200211,19.999976920200211,false,true,8,8,8,8,true,true,true,true
F2D000606,primary,F2V000606,0,18,19.999991080840118,19.999976920200211,19.999976920200211,false,true,8,8,8,8,true,true,true,true
F2D000613,primary,F2V000613,0,20,19.999991080840118,19.999976295328356,19.999976295328356,false,true,9,9,9,9,true,true,true,true
F2D000614,primary,F2V000614,0,20,19.999991080840118,19.999976295328356,19.999976295328356,false,true,9,9,9,9,true,true,true,true
F2D000615,primary,F2V000615,0,20,19.999991080840118,19.999976295328356,19.999976295328356,false,true,9,9,9,9,true,true,true,true
F2D000616,primary,F2V000616,0,20,19.999991080840118,19.999976295328356,19.999976295328356,false,true,9,9,9,9,true,true,true,true
F2D000617,primary,F2V000617,0,20,19.999991080840118,19.999976295328356,19.999976295328356,false,true,9,9,9,9,true,true,true,true
F2D000618,primary,F2V000618,0,20,19.999991080840118,19.999976295328356,19.999976295328356,false,true,9,9,9,9,true,true,true,true
F2D000625,primary,F2V000625,0,42,19.999576176633127,19.99957705634964,19.99957705634964,false,true,20,20,20,20,true,true,true,true
F2D000626,primary,F2V000626,0,42,19.999576176633127,19.99957705634964,19.99957705634964,false,true,20,20,20,20,true,true,true,true
F2D000629,primary,F2V000629,0,42,19.999576176633127,19.99957705634964,19.99957705634964,false,true,20,20,20,20,true,true,true,true
F2D000630,primary,F2V000630,0,42,19.999576176633127,19.99957705634964,19.99957705634964,false,true,20,20,20,20,true,true,true,true
F2D000631,primary,F2V000631,0,44,19.999576176633127,19.99957707208354,19.99957707208354,false,true,21,21,21,21,true,true,true,true
F2D000632,primary,F2V000632,0,44,19.999576176633127,19.99957707208354,19.99957707208354,false,true,21,21,21,21,true,true,true,true
F2D000635,primary,F2V000635,0,44,19.999576176633127,19.99957707208354,19.99957707208354,false,true,21,21,21,21,true,true,true,true
F2D000636,primary,F2V000636,0,44,19.999576176633127,19.99957707208354,19.99957707208354,false,true,21,21,21,21,true,true,true,true
F2D000637,primary,F2V000637,0,43,19.999576176633127,19.999577095274748,19.999577095274748,false,true,21,21,21,21,true,true,true,true
F2D000638,primary,F2V000638,0,43,19.999576176633127,19.999577095274748,19.999577095274748,false,true,21,21,21,21,true,true,true,true
F2D000641,primary,F2V000641,0,43,19.999576176633127,19.999577095274748,19.999577095274748,false,true,21,21,21,21,true,true,true,true
F2D000642,primary,F2V000642,0,43,19.999576176633127,19.999577095274748,19.999577095274748,false,true,21,21,21,21,true,true,true,true
F2D000643,primary,F2V000643,0,41,19.999576176633127,19.999577079324808,19.999577079324808,false,true,20,20,20,20,true,true,true,true
F2D000644,primary,F2V000644,0,41,19.999576176633127,19.999577079324808,19.999577079324808,false,true,20,20,20,20,true,true,true,true
F2D000647,primary,F2V000647,0,41,19.999576176633127,19.999577079324808,19.999577079324808,false,true,20,20,20,20,true,true,true,true
F2D000648,primary,F2V000648,0,41,19.999576176633127,19.999577079324808,19.999577079324808,false,true,20,20,20,20,true,true,true,true
F2D000649,primary,F2V000649,0,40,19.999576176633127,19.999577039002013,19.999577039002013,false,true,19,19,19,19,true,true,true,true
F2D000650,primary,F2V000650,0,40,19.999576176633127,19.999577039002013,19.999577039002013,false,true,19,19,19,19,true,true,true,true
F2D000653,primary,F2V000653,0,40,19.999576176633127,19.999577039002013,19.999577039002013,false,true,19,19,19,19,true,true,true,true
F2D000654,primary,F2V000654,0,40,19.999576176633127,19.999577039002013,19.999577039002013,false,true,19,19,19,19,true,true,true,true
F2D000655,primary,F2V000655,0,40,19.999576176633127,19.999577039002013,19.999577039002013,false,true,19,19,19,19,true,true,true,true
F2D000656,primary,F2V000656,0,40,19.999576176633127,19.999577039002013,19.999577039002013,false,true,19,19,19,19,true,true,true,true
F2D000659,primary,F2V000659,0,40,19.999576176633127,19.999577039002013,19.999577039002013,false,true,19,19,19,19,true,true,true,true
F2D000660,primary,F2V000660,0,40,19.999576176633127,19.999577039002013,19.999577039002013,false,true,19,19,19,19,true,true,true,true
F2D000661,primary,F2V000661,0,41,19.999576176633127,19.999577080307063,19.999577080307063,false,true,20,20,20,20,true,true,true,true
F2D000662,primary,F2V000662,0,41,19.999576176633127,19.999577080307063,19.999577080307063,false,true,20,20,20,20,true,true,true,true
F2D000665,primary,F2V000665,0,41,19.999576176633127,19.999577080307063,19.999577080307063,false,true,20,20,20,20,true,true,true,true
F2D000666,primary,F2V000666,0,41,19.999576176633127,19.999577080307063,19.999577080307063,false,true,20,20,20,20,true,true,true,true
F2D000667,primary,F2V000667,0,43,19.999576176633127,19.99957703353305,19.99957703353305,false,true,21,21,21,21,true,true,true,true
F2D000668,primary,F2V000668,0,43,19.999576176633127,19.99957703353305,19.99957703353305,false,true,21,21,21,21,true,true,true,true
F2D000671,primary,F2V000671,0,43,19.999576176633127,19.99957703353305,19.99957703353305,false,true,21,21,21,21,true,true,true,true
F2D000672,primary,F2V000672,0,43,19.999576176633127,19.99957703353305,19.99957703353305,false,true,21,21,21,21,true,true,true,true
F2D000673,primary,F2V000673,0,44,19.999576176633127,19.999577071169814,19.999577071169814,false,true,21,21,21,21,true,true,true,true
F2D000674,primary,F2V000674,0,44,19.999576176633127,19.999577071169814,19.999577071169814,false,true,21,21,21,21,true,true,true,true
F2D000677,primary,F2V000677,0,44,19.999576176633127,19.999577071169814,19.999577071169814,false,true,21,21,21,21,true,true,true,true
F2D000678,primary,F2V000678,0,44,19.999576176633127,19.999577071169814,19.999577071169814,false,true,21,21,21,21,true,true,true,true
F2D000679,primary,F2V000679,0,44,19.999576176633127,19.99957707208354,19.99957707208354,false,true,21,21,21,21,true,true,true,true
F2D000680,primary,F2V000680,0,44,19.999576176633127,19.99957707208354,19.99957707208354,false,true,21,21,21,21,true,true,true,true
F2D000683,primary,F2V000683,0,44,19.999576176633127,19.99957707208354,19.99957707208354,false,true,21,21,21,21,true,true,true,true
F2D000684,primary,F2V000684,0,44,19.999576176633127,19.99957707208354,19.99957707208354,false,true,21,21,21,21,true,true,true,true
F2D000685,primary,F2V000685,0,40,19.999576176633127,19.999577104485631,19.999577104485631,false,true,19,19,19,19,true,true,true,true
F2D000686,primary,F2V000686,0,40,19.999576176633127,19.999577104485631,19.999577104485631,false,true,19,19,19,19,true,true,true,true
F2D000689,primary,F2V000689,0,40,19.999576176633127,19.999577104485631,19.999577104485631,false,true,19,19,19,19,true,true,true,true
F2D000690,primary,F2V000690,0,40,19.999576176633127,19.999577104485631,19.999577104485631,false,true,19,19,19,19,true,true,true,true
F2D000691,primary,F2V000691,0,46,19.999576176633127,19.999577085545752,19.999577085545752,false,true,22,22,22,22,true,true,true,true
F2D000692,primary,F2V000692,0,46,19.999576176633127,19.999577085545752,19.999577085545752,false,true,22,22,22,22,true,true,true,true
F2D000695,primary,F2V000695,0,46,19.999576176633127,19.999577085545752,19.999577085545752,false,true,22,22,22,22,true,true,true,true
F2D000696,primary,F2V000696,0,46,19.999576176633127,19.999577085545752,19.999577085545752,false,true,22,22,22,22,true,true,true,true
F2D000697,primary,F2V000697,0,38,19.999576176633127,19.999577019778961,19.999577019778961,false,true,18,18,18,18,true,true,true,true
F2D000698,primary,F2V000698,0,38,19.999576176633127,19.999577019778961,19.999577019778961,false,true,18,18,18,18,true,true,true,true
F2D000701,primary,F2V000701,0,38,19.999576176633127,19.999577019778961,19.999577019778961,false,true,18,18,18,18,true,true,true,true
F2D000702,primary,F2V000702,0,38,19.999576176633127,19.999577019778961,19.999577019778961,false,true,18,18,18,18,true,true,true,true
F2D000703,primary,F2V000703,0,44,19.999859773088247,19.999859542829569,19.999859542829569,false,true,21,21,21,21,true,true,true,true
F2D000704,primary,F2V000704,0,44,19.999859773088247,19.999859542829569,19.999859542829569,false,true,21,21,21,21,true,true,true,true
F2D000707,primary,F2V000707,0,44,19.999859773088247,19.999859542829569,19.999859542829569,false,true,21,21,21,21,true,true,true,true
F2D000708,primary,F2V000708,0,44,19.999859773088247,19.999859542829569,19.999859542829569,false,true,21,21,21,21,true,true,true,true
F2D000709,primary,F2V000709,0,46,19.999859773088247,19.999859553063288,19.999859553063288,false,true,22,22,22,22,true,true,true,true
F2D000710,primary,F2V000710,0,46,19.999859773088247,19.999859553063288,19.999859553063288,false,true,22,22,22,22,true,true,true,true
F2D000713,primary,F2V000713,0,46,19.999859773088247,19.999859553063288,19.999859553063288,false,true,22,22,22,22,true,true,true,true
F2D000714,primary,F2V000714,0,46,19.999859773088247,19.999859553063288,19.999859553063288,false,true,22,22,22,22,true,true,true,true
F2D000715,primary,F2V000715,0,45,19.999859773088247,19.999859548062719,19.999859548062719,false,true,22,22,22,22,true,true,true,true
F2D000716,primary,F2V000716,0,45,19.999859773088247,19.999859548062719,19.999859548062719,false,true,22,22,22,22,true,true,true,true
F2D000719,primary,F2V000719,0,45,19.999859773088247,19.999859548062719,19.999859548062719,false,true,22,22,22,22,true,true,true,true
F2D000720,primary,F2V000720,0,45,19.999859773088247,19.999859548062719,19.999859548062719,false,true,22,22,22,22,true,true,true,true
F2D000721,primary,F2V000721,0,43,19.999859773088247,19.999859536411741,19.999859536411741,false,true,21,21,21,21,true,true,true,true
F2D000722,primary,F2V000722,0,43,19.999859773088247,19.999859536411741,19.999859536411741,false,true,21,21,21,21,true,true,true,true
F2D000725,primary,F2V000725,0,43,19.999859773088247,19.999859536411741,19.999859536411741,false,true,21,21,21,21,true,true,true,true
F2D000726,primary,F2V000726,0,43,19.999859773088247,19.999859536411741,19.999859536411741,false,true,21,21,21,21,true,true,true,true
F2D000727,primary,F2V000727,0,42,19.999859773088247,19.999859530639142,19.999859530639142,false,true,20,20,20,20,true,true,true,true
F2D000728,primary,F2V000728,0,42,19.999859773088247,19.999859530639142,19.999859530639142,false,true,20,20,20,20,true,true,true,true
F2D000731,primary,F2V000731,0,42,19.999859773088247,19.999859530639142,19.999859530639142,false,true,20,20,20,20,true,true,true,true
F2D000732,primary,F2V000732,0,42,19.999859773088247,19.999859530639142,19.999859530639142,false,true,20,20,20,20,true,true,true,true
F2D000733,primary,F2V000733,0,42,19.999859773088247,19.999859531597437,19.999859531597437,false,true,20,20,20,20,true,true,true,true
F2D000734,primary,F2V000734,0,42,19.999859773088247,19.999859531597437,19.999859531597437,false,true,20,20,20,20,true,true,true,true
F2D000737,primary,F2V000737,0,42,19.999859773088247,19.999859531597437,19.999859531597437,false,true,20,20,20,20,true,true,true,true
F2D000738,primary,F2V000738,0,42,19.999859773088247,19.999859531597437,19.999859531597437,false,true,20,20,20,20,true,true,true,true
F2D000739,primary,F2V000739,0,43,19.999859773088247,19.99985953734722,19.99985953734722,false,true,21,21,21,21,true,true,true,true
F2D000740,primary,F2V000740,0,43,19.999859773088247,19.99985953734722,19.99985953734722,false,true,21,21,21,21,true,true,true,true
F2D000743,primary,F2V000743,0,43,19.999859773088247,19.99985953734722,19.99985953734722,false,true,21,21,21,21,true,true,true,true
F2D000744,primary,F2V000744,0,43,19.999859773088247,19.99985953734722,19.99985953734722,false,true,21,21,21,21,true,true,true,true
F2D000745,primary,F2V000745,0,45,19.999859773088247,19.999859548062719,19.999859548062719,false,true,22,22,22,22,true,true,true,true
F2D000746,primary,F2V000746,0,45,19.999859773088247,19.999859548062719,19.999859548062719,false,true,22,22,22,22,true,true,true,true
F2D000749,primary,F2V000749,0,45,19.999859773088247,19.999859548062719,19.999859548062719,false,true,22,22,22,22,true,true,true,true
F2D000750,primary,F2V000750,0,45,19.999859773088247,19.999859548062719,19.999859548062719,false,true,22,22,22,22,true,true,true,true
F2D000751,primary,F2V000751,0,46,19.999859773088247,19.999859553063288,19.999859553063288,false,true,22,22,22,22,true,true,true,true
F2D000752,primary,F2V000752,0,46,19.999859773088247,19.999859553063288,19.999859553063288,false,true,22,22,22,22,true,true,true,true
F2D000755,primary,F2V000755,0,46,19.999859773088247,19.999859553063288,19.999859553063288,false,true,22,22,22,22,true,true,true,true
F2D000756,primary,F2V000756,0,46,19.999859773088247,19.999859553063288,19.999859553063288,false,true,22,22,22,22,true,true,true,true
F2D000757,primary,F2V000757,0,46,19.999859773088247,19.999859553063288,19.999859553063288,false,true,22,22,22,22,true,true,true,true
F2D000758,primary,F2V000758,0,46,19.999859773088247,19.999859553063288,19.999859553063288,false,true,22,22,22,22,true,true,true,true
F2D000761,primary,F2V000761,0,46,19.999859773088247,19.999859553063288,19.999859553063288,false,true,22,22,22,22,true,true,true,true
F2D000762,primary,F2V000762,0,46,19.999859773088247,19.999859553063288,19.999859553063288,false,true,22,22,22,22,true,true,true,true
F2D000763,primary,F2V000763,0,42,19.999859773088247,19.999859530639142,19.999859530639142,false,true,20,20,20,20,true,true,true,true
F2D000764,primary,F2V000764,0,42,19.999859773088247,19.999859530639142,19.999859530639142,false,true,20,20,20,20,true,true,true,true
F2D000767,primary,F2V000767,0,42,19.999859773088247,19.999859530639142,19.999859530639142,false,true,20,20,20,20,true,true,true,true
F2D000768,primary,F2V000768,0,42,19.999859773088247,19.999859530639142,19.999859530639142,false,true,20,20,20,20,true,true,true,true
F2D000769,primary,F2V000769,0,48,19.999859773088247,19.999859562426053,19.999859562426053,false,true,23,23,23,23,true,true,true,true
F2D000770,primary,F2V000770,0,48,19.999859773088247,19.999859562426053,19.999859562426053,false,true,23,23,23,23,true,true,true,true
F2D000773,primary,F2V000773,0,48,19.999859773088247,19.999859562426053,19.999859562426053,false,true,23,23,23,23,true,true,true,true
F2D000774,primary,F2V000774,0,48,19.999859773088247,19.999859562426053,19.999859562426053,false,true,23,23,23,23,true,true,true,true
F2D000775,primary,F2V000775,0,40,19.999859773088247,19.999859518205856,19.999859518205856,false,true,19,19,19,19,true,true,true,true
F2D000776,primary,F2V000776,0,40,19.999859773088247,19.999859518205856,19.999859518205856,false,true,19,19,19,19,true,true,true,true
F2D000779,primary,F2V000779,0,40,19.999859773088247,19.999859518205856,19.999859518205856,false,true,19,19,19,19,true,true,true,true
F2D000780,primary,F2V000780,0,40,19.999859773088247,19.999859518205856,19.999859518205856,false,true,19,19,19,19,true,true,true,true
F2D000781,stability,F2V000001,1,15,20.002015408681473,20.002015411487914,20.002015411487914,false,true,7,7,7,7,true,true,true,true
F2D000782,stability,F2V000001,2,15,20.002015408681473,20.002015411487914,20.002015411487914,false,true,7,7,7,7,true,true,true,true
F2D000783,stability,F2V000001,3,15,20.002015408681473,20.002015411487914,20.002015411487914,false,true,7,7,7,7,true,true,true,true
F2D000784,stability,F2V000001,4,15,20.002015408681473,20.002015411487914,20.002015411487914,false,true,7,7,7,7,true,true,true,true
F2D000785,stability,F2V000001,5,15,20.002015408681473,20.002015411487914,20.002015411487914,false,true,7,7,7,7,true,true,true,true
F2D000786,stability,F2V000001,6,15,20.002015408681473,20.002015411487914,20.002015411487914,false,true,7,7,7,7,true,true,true,true
F2D000787,stability,F2V000001,7,15,20.002015408681473,20.002015411487914,20.002015411487914,false,true,7,7,7,7,true,true,true,true
F2D000788,stability,F2V000001,8,15,20.002015408681473,20.002015411487914,20.002015411487914,false,true,7,7,7,7,true,true,true,true
F2D000789,stability,F2V000001,9,15,20.002015408681473,20.002015411487914,20.002015411487914,false,true,7,7,7,7,true,true,true,true
F2D000790,stability,F2V000002,1,15,20.002015408681473,20.002015411487914,20.002015411487914,false,true,7,7,7,7,true,true,true,true
F2D000791,stability,F2V000002,2,15,20.002015408681473,20.002015411487914,20.002015411487914,false,true,7,7,7,7,true,true,true,true
F2D000792,stability,F2V000002,3,15,20.002015408681473,20.002015411487914,20.002015411487914,false,true,7,7,7,7,true,true,true,true
F2D000793,stability,F2V000002,4,15,20.002015408681473,20.002015411487914,20.002015411487914,false,true,7,7,7,7,true,true,true,true
F2D000794,stability,F2V000002,5,15,20.002015408681473,20.002015411487914,20.002015411487914,false,true,7,7,7,7,true,true,true,true
F2D000795,stability,F2V000002,6,15,20.002015408681473,20.002015411487914,20.002015411487914,false,true,7,7,7,7,true,true,true,true
F2D000796,stability,F2V000002,7,15,20.002015408681473,20.002015411487914,20.002015411487914,false,true,7,7,7,7,true,true,true,true
F2D000797,stability,F2V000002,8,15,20.002015408681473,20.002015411487914,20.002015411487914,false,true,7,7,7,7,true,true,true,true
F2D000798,stability,F2V000002,9,15,20.002015408681473,20.002015411487914,20.002015411487914,false,true,7,7,7,7,true,true,true,true
F2D000799,stability,F2V000003,1,15,20.002015408681473,20.002015411487914,20.002015411487914,false,true,7,7,7,7,true,true,true,true
F2D000800,stability,F2V000003,2,15,20.002015408681473,20.002015411487914,20.002015411487914,false,true,7,7,7,7,true,true,true,true
F2D000801,stability,F2V000003,3,15,20.002015408681473,20.002015411487914,20.002015411487914,false,true,7,7,7,7,true,true,true,true
F2D000802,stability,F2V000003,4,15,20.002015408681473,20.002015411487914,20.002015411487914,false,true,7,7,7,7,true,true,true,true
F2D000803,stability,F2V000003,5,15,20.002015408681473,20.002015411487914,20.002015411487914,false,true,7,7,7,7,true,true,true,true
F2D000804,stability,F2V000003,6,15,20.002015408681473,20.002015411487914,20.002015411487914,false,true,7,7,7,7,true,true,true,true
F2D000805,stability,F2V000003,7,15,20.002015408681473,20.002015411487914,20.002015411487914,false,true,7,7,7,7,true,true,true,true
F2D000806,stability,F2V000003,8,15,20.002015408681473,20.002015411487914,20.002015411487914,false,true,7,7,7,7,true,true,true,true
F2D000807,stability,F2V000003,9,15,20.002015408681473,20.002015411487914,20.002015411487914,false,true,7,7,7,7,true,true,true,true
F2D000808,stability,F2V000004,1,15,20.002015408681473,20.002015411487914,20.002015411487914,false,true,7,7,7,7,true,true,true,true
F2D000809,stability,F2V000004,2,15,20.002015408681473,20.002015411487914,20.002015411487914,false,true,7,7,7,7,true,true,true,true
F2D000810,stability,F2V000004,3,15,20.002015408681473,20.002015411487914,20.002015411487914,false,true,7,7,7,7,true,true,true,true
F2D000811,stability,F2V000004,4,15,20.002015408681473,20.002015411487914,20.002015411487914,false,true,7,7,7,7,true,true,true,true
F2D000812,stability,F2V000004,5,15,20.002015408681473,20.002015411487914,20.002015411487914,false,true,7,7,7,7,true,true,true,true
F2D000813,stability,F2V000004,6,15,20.002015408681473,20.002015411487914,20.002015411487914,false,true,7,7,7,7,true,true,true,true
F2D000814,stability,F2V000004,7,15,20.002015408681473,20.002015411487914,20.002015411487914,false,true,7,7,7,7,true,true,true,true
F2D000815,stability,F2V000004,8,15,20.002015408681473,20.002015411487914,20.002015411487914,false,true,7,7,7,7,true,true,true,true
F2D000816,stability,F2V000004,9,15,20.002015408681473,20.002015411487914,20.002015411487914,false,true,7,7,7,7,true,true,true,true
F2D000817,stability,F2V000005,1,15,20.002015408681473,20.002015411487914,20.002015411487914,false,true,7,7,7,7,true,true,true,true
F2D000818,stability,F2V000005,2,15,20.002015408681473,20.002015411487914,20.002015411487914,false,true,7,7,7,7,true,true,true,true
F2D000819,stability,F2V000005,3,15,20.002015408681473,20.002015411487914,20.002015411487914,false,true,7,7,7,7,true,true,true,true
F2D000820,stability,F2V000005,4,15,20.002015408681473,20.002015411487914,20.002015411487914,false,true,7,7,7,7,true,true,true,true
F2D000821,stability,F2V000005,5,15,20.002015408681473,20.002015411487914,20.002015411487914,false,true,7,7,7,7,true,true,true,true
F2D000822,stability,F2V000005,6,15,20.002015408681473,20.002015411487914,20.002015411487914,false,true,7,7,7,7,true,true,true,true
F2D000823,stability,F2V000005,7,15,20.002015408681473,20.002015411487914,20.002015411487914,false,true,7,7,7,7,true,true,true,true
F2D000824,stability,F2V000005,8,15,20.002015408681473,20.002015411487914,20.002015411487914,false,true,7,7,7,7,true,true,true,true
F2D000825,stability,F2V000005,9,15,20.002015408681473,20.002015411487914,20.002015411487914,false,true,7,7,7,7,true,true,true,true
F2D000826,stability,F2V000006,1,15,20.002015408681473,20.002015411487914,20.002015411487914,false,true,7,7,7,7,true,true,true,true
F2D000827,stability,F2V000006,2,15,20.002015408681473,20.002015411487914,20.002015411487914,false,true,7,7,7,7,true,true,true,true
F2D000828,stability,F2V000006,3,15,20.002015408681473,20.002015411487914,20.002015411487914,false,true,7,7,7,7,true,true,true,true
F2D000829,stability,F2V000006,4,15,20.002015408681473,20.002015411487914,20.002015411487914,false,true,7,7,7,7,true,true,true,true
F2D000830,stability,F2V000006,5,15,20.002015408681473,20.002015411487914,20.002015411487914,false,true,7,7,7,7,true,true,true,true
F2D000831,stability,F2V000006,6,15,20.002015408681473,20.002015411487914,20.002015411487914,false,true,7,7,7,7,true,true,true,true
F2D000832,stability,F2V000006,7,15,20.002015408681473,20.002015411487914,20.002015411487914,false,true,7,7,7,7,true,true,true,true
F2D000833,stability,F2V000006,8,15,20.002015408681473,20.002015411487914,20.002015411487914,false,true,7,7,7,7,true,true,true,true
F2D000834,stability,F2V000006,9,15,20.002015408681473,20.002015411487914,20.002015411487914,false,true,7,7,7,7,true,true,true,true
F2D000835,stability,F2V000079,1,15,20.001751300151227,20.001751308570551,20.001751308570551,false,true,7,7,7,7,true,true,true,true
F2D000836,stability,F2V000079,2,15,20.001751300151227,20.001751308570551,20.001751308570551,false,true,7,7,7,7,true,true,true,true
F2D000837,stability,F2V000079,3,15,20.001751300151227,20.001751308570551,20.001751308570551,false,true,7,7,7,7,true,true,true,true
F2D000838,stability,F2V000079,4,15,20.001751300151227,20.001751308570551,20.001751308570551,false,true,7,7,7,7,true,true,true,true
F2D000839,stability,F2V000079,5,15,20.001751300151227,20.001751308570551,20.001751308570551,false,true,7,7,7,7,true,true,true,true
F2D000840,stability,F2V000079,6,15,20.001751300151227,20.001751308570551,20.001751308570551,false,true,7,7,7,7,true,true,true,true
F2D000841,stability,F2V000079,7,15,20.001751300151227,20.001751308570551,20.001751308570551,false,true,7,7,7,7,true,true,true,true
F2D000842,stability,F2V000079,8,15,20.001751300151227,20.001751308570551,20.001751308570551,false,true,7,7,7,7,true,true,true,true
F2D000843,stability,F2V000079,9,15,20.001751300151227,20.001751308570551,20.001751308570551,false,true,7,7,7,7,true,true,true,true
F2D000844,stability,F2V000080,1,15,20.001751300151227,20.001751308570551,20.001751308570551,false,true,7,7,7,7,true,true,true,true
F2D000845,stability,F2V000080,2,15,20.001751300151227,20.001751308570551,20.001751308570551,false,true,7,7,7,7,true,true,true,true
F2D000846,stability,F2V000080,3,15,20.001751300151227,20.001751308570551,20.001751308570551,false,true,7,7,7,7,true,true,true,true
F2D000847,stability,F2V000080,4,15,20.001751300151227,20.001751308570551,20.001751308570551,false,true,7,7,7,7,true,true,true,true
F2D000848,stability,F2V000080,5,15,20.001751300151227,20.001751308570551,20.001751308570551,false,true,7,7,7,7,true,true,true,true
F2D000849,stability,F2V000080,6,15,20.001751300151227,20.001751308570551,20.001751308570551,false,true,7,7,7,7,true,true,true,true
F2D000850,stability,F2V000080,7,15,20.001751300151227,20.001751308570551,20.001751308570551,false,true,7,7,7,7,true,true,true,true
F2D000851,stability,F2V000080,8,15,20.001751300151227,20.001751308570551,20.001751308570551,false,true,7,7,7,7,true,true,true,true
F2D000852,stability,F2V000080,9,15,20.001751300151227,20.001751308570551,20.001751308570551,false,true,7,7,7,7,true,true,true,true
F2D000871,stability,F2V000083,1,15,20.001751300151227,20.001751308570551,20.001751308570551,false,true,7,7,7,7,true,true,true,true
F2D000872,stability,F2V000083,2,15,20.001751300151227,20.001751308570551,20.001751308570551,false,true,7,7,7,7,true,true,true,true
F2D000873,stability,F2V000083,3,15,20.001751300151227,20.001751308570551,20.001751308570551,false,true,7,7,7,7,true,true,true,true
F2D000874,stability,F2V000083,4,15,20.001751300151227,20.001751308570551,20.001751308570551,false,true,7,7,7,7,true,true,true,true
F2D000875,stability,F2V000083,5,15,20.001751300151227,20.001751308570551,20.001751308570551,false,true,7,7,7,7,true,true,true,true
F2D000876,stability,F2V000083,6,15,20.001751300151227,20.001751308570551,20.001751308570551,false,true,7,7,7,7,true,true,true,true
F2D000877,stability,F2V000083,7,15,20.001751300151227,20.001751308570551,20.001751308570551,false,true,7,7,7,7,true,true,true,true
F2D000878,stability,F2V000083,8,15,20.001751300151227,20.001751308570551,20.001751308570551,false,true,7,7,7,7,true,true,true,true
F2D000879,stability,F2V000083,9,15,20.001751300151227,20.001751308570551,20.001751308570551,false,true,7,7,7,7,true,true,true,true
F2D000880,stability,F2V000084,1,15,20.001751300151227,20.001751308570551,20.001751308570551,false,true,7,7,7,7,true,true,true,true
F2D000881,stability,F2V000084,2,15,20.001751300151227,20.001751308570551,20.001751308570551,false,true,7,7,7,7,true,true,true,true
F2D000882,stability,F2V000084,3,15,20.001751300151227,20.001751308570551,20.001751308570551,false,true,7,7,7,7,true,true,true,true
F2D000883,stability,F2V000084,4,15,20.001751300151227,20.001751308570551,20.001751308570551,false,true,7,7,7,7,true,true,true,true
F2D000884,stability,F2V000084,5,15,20.001751300151227,20.001751308570551,20.001751308570551,false,true,7,7,7,7,true,true,true,true
F2D000885,stability,F2V000084,6,15,20.001751300151227,20.001751308570551,20.001751308570551,false,true,7,7,7,7,true,true,true,true
F2D000886,stability,F2V000084,7,15,20.001751300151227,20.001751308570551,20.001751308570551,false,true,7,7,7,7,true,true,true,true
F2D000887,stability,F2V000084,8,15,20.001751300151227,20.001751308570551,20.001751308570551,false,true,7,7,7,7,true,true,true,true
F2D000888,stability,F2V000084,9,15,20.001751300151227,20.001751308570551,20.001751308570551,false,true,7,7,7,7,true,true,true,true
F2D000889,stability,F2V000157,1,27,19.999749721318949,19.999746634018194,19.999746634018194,false,true,13,13,13,13,true,true,true,true
F2D000890,stability,F2V000157,2,27,19.999749721318949,19.999746634018194,19.999746634018194,false,true,13,13,13,13,true,true,true,true
F2D000891,stability,F2V000157,3,27,19.999749721318949,19.999746634018194,19.999746634018194,false,true,13,13,13,13,true,true,true,true
F2D000892,stability,F2V000157,4,27,19.999749721318949,19.999746634018194,19.999746634018194,false,true,13,13,13,13,true,true,true,true
F2D000893,stability,F2V000157,5,27,19.999749721318949,19.999746634018194,19.999746634018194,false,true,13,13,13,13,true,true,true,true
F2D000894,stability,F2V000157,6,27,19.999749721318949,19.999746634018194,19.999746634018194,false,true,13,13,13,13,true,true,true,true
F2D000895,stability,F2V000157,7,27,19.999749721318949,19.999746634018194,19.999746634018194,false,true,13,13,13,13,true,true,true,true
F2D000896,stability,F2V000157,8,27,19.999749721318949,19.999746634018194,19.999746634018194,false,true,13,13,13,13,true,true,true,true
F2D000897,stability,F2V000157,9,27,19.999749721318949,19.999746634018194,19.999746634018194,false,true,13,13,13,13,true,true,true,true
F2D000898,stability,F2V000158,1,27,19.999749721318949,19.999746634018194,19.999746634018194,false,true,13,13,13,13,true,true,true,true
F2D000899,stability,F2V000158,2,27,19.999749721318949,19.999746634018194,19.999746634018194,false,true,13,13,13,13,true,true,true,true
F2D000900,stability,F2V000158,3,27,19.999749721318949,19.999746634018194,19.999746634018194,false,true,13,13,13,13,true,true,true,true
F2D000901,stability,F2V000158,4,27,19.999749721318949,19.999746634018194,19.999746634018194,false,true,13,13,13,13,true,true,true,true
F2D000902,stability,F2V000158,5,27,19.999749721318949,19.999746634018194,19.999746634018194,false,true,13,13,13,13,true,true,true,true
F2D000903,stability,F2V000158,6,27,19.999749721318949,19.999746634018194,19.999746634018194,false,true,13,13,13,13,true,true,true,true
F2D000904,stability,F2V000158,7,27,19.999749721318949,19.999746634018194,19.999746634018194,false,true,13,13,13,13,true,true,true,true
F2D000905,stability,F2V000158,8,27,19.999749721318949,19.999746634018194,19.999746634018194,false,true,13,13,13,13,true,true,true,true
F2D000906,stability,F2V000158,9,27,19.999749721318949,19.999746634018194,19.999746634018194,false,true,13,13,13,13,true,true,true,true
F2D000925,stability,F2V000161,1,27,19.999749721318949,19.999746634018194,19.999746634018194,false,true,13,13,13,13,true,true,true,true
F2D000926,stability,F2V000161,2,27,19.999749721318949,19.999746634018194,19.999746634018194,false,true,13,13,13,13,true,true,true,true
F2D000927,stability,F2V000161,3,27,19.999749721318949,19.999746634018194,19.999746634018194,false,true,13,13,13,13,true,true,true,true
F2D000928,stability,F2V000161,4,27,19.999749721318949,19.999746634018194,19.999746634018194,false,true,13,13,13,13,true,true,true,true
F2D000929,stability,F2V000161,5,27,19.999749721318949,19.999746634018194,19.999746634018194,false,true,13,13,13,13,true,true,true,true
F2D000930,stability,F2V000161,6,27,19.999749721318949,19.999746634018194,19.999746634018194,false,true,13,13,13,13,true,true,true,true
F2D000931,stability,F2V000161,7,27,19.999749721318949,19.999746634018194,19.999746634018194,false,true,13,13,13,13,true,true,true,true
F2D000932,stability,F2V000161,8,27,19.999749721318949,19.999746634018194,19.999746634018194,false,true,13,13,13,13,true,true,true,true
F2D000933,stability,F2V000161,9,27,19.999749721318949,19.999746634018194,19.999746634018194,false,true,13,13,13,13,true,true,true,true
F2D000934,stability,F2V000162,1,27,19.999749721318949,19.999746634018194,19.999746634018194,false,true,13,13,13,13,true,true,true,true
F2D000935,stability,F2V000162,2,27,19.999749721318949,19.999746634018194,19.999746634018194,false,true,13,13,13,13,true,true,true,true
F2D000936,stability,F2V000162,3,27,19.999749721318949,19.999746634018194,19.999746634018194,false,true,13,13,13,13,true,true,true,true
F2D000937,stability,F2V000162,4,27,19.999749721318949,19.999746634018194,19.999746634018194,false,true,13,13,13,13,true,true,true,true
F2D000938,stability,F2V000162,5,27,19.999749721318949,19.999746634018194,19.999746634018194,false,true,13,13,13,13,true,true,true,true
F2D000939,stability,F2V000162,6,27,19.999749721318949,19.999746634018194,19.999746634018194,false,true,13,13,13,13,true,true,true,true
F2D000940,stability,F2V000162,7,27,19.999749721318949,19.999746634018194,19.999746634018194,false,true,13,13,13,13,true,true,true,true
F2D000941,stability,F2V000162,8,27,19.999749721318949,19.999746634018194,19.999746634018194,false,true,13,13,13,13,true,true,true,true
F2D000942,stability,F2V000162,9,27,19.999749721318949,19.999746634018194,19.999746634018194,false,true,13,13,13,13,true,true,true,true
F2D000943,stability,F2V000235,1,34,20.000313024502248,20.000327622586735,20.000327622586735,false,true,17,16,16,16,false,true,true,true
F2D000944,stability,F2V000235,2,34,20.000313024502248,20.000327622586735,20.000327622586735,false,true,17,16,16,16,false,true,true,true
F2D000945,stability,F2V000235,3,34,20.000313024502248,20.000327622586735,20.000327622586735,false,true,17,16,16,16,false,true,true,true
F2D000946,stability,F2V000235,4,34,20.000313024502248,20.000327622586735,20.000327622586735,false,true,17,16,16,16,false,true,true,true
F2D000947,stability,F2V000235,5,34,20.000313024502248,20.000327622586735,20.000327622586735,false,true,17,16,16,16,false,true,true,true
F2D000948,stability,F2V000235,6,34,20.000313024502248,20.000327622586735,20.000327622586735,false,true,17,16,16,16,false,true,true,true
F2D000949,stability,F2V000235,7,34,20.000313024502248,20.000327622586735,20.000327622586735,false,true,17,16,16,16,false,true,true,true
F2D000950,stability,F2V000235,8,34,20.000313024502248,20.000327622586735,20.000327622586735,false,true,17,16,16,16,false,true,true,true
F2D000951,stability,F2V000235,9,34,20.000313024502248,20.000327622586735,20.000327622586735,false,true,17,16,16,16,false,true,true,true
F2D000952,stability,F2V000236,1,34,20.000313024502248,20.000327622586735,20.000327622586735,false,true,17,16,16,16,false,true,true,true
F2D000953,stability,F2V000236,2,34,20.000313024502248,20.000327622586735,20.000327622586735,false,true,17,16,16,16,false,true,true,true
F2D000954,stability,F2V000236,3,34,20.000313024502248,20.000327622586735,20.000327622586735,false,true,17,16,16,16,false,true,true,true
F2D000955,stability,F2V000236,4,34,20.000313024502248,20.000327622586735,20.000327622586735,false,true,17,16,16,16,false,true,true,true
F2D000956,stability,F2V000236,5,34,20.000313024502248,20.000327622586735,20.000327622586735,false,true,17,16,16,16,false,true,true,true
F2D000957,stability,F2V000236,6,34,20.000313024502248,20.000327622586735,20.000327622586735,false,true,17,16,16,16,false,true,true,true
F2D000958,stability,F2V000236,7,34,20.000313024502248,20.000327622586735,20.000327622586735,false,true,17,16,16,16,false,true,true,true
F2D000959,stability,F2V000236,8,34,20.000313024502248,20.000327622586735,20.000327622586735,false,true,17,16,16,16,false,true,true,true
F2D000960,stability,F2V000236,9,34,20.000313024502248,20.000327622586735,20.000327622586735,false,true,17,16,16,16,false,true,true,true
F2D000979,stability,F2V000239,1,34,20.000313024502248,20.000327622586735,20.000327622586735,false,true,17,16,16,16,false,true,true,true
F2D000980,stability,F2V000239,2,34,20.000313024502248,20.000327622586735,20.000327622586735,false,true,17,16,16,16,false,true,true,true
F2D000981,stability,F2V000239,3,34,20.000313024502248,20.000327622586735,20.000327622586735,false,true,17,16,16,16,false,true,true,true
F2D000982,stability,F2V000239,4,34,20.000313024502248,20.000327622586735,20.000327622586735,false,true,17,16,16,16,false,true,true,true
F2D000983,stability,F2V000239,5,34,20.000313024502248,20.000327622586735,20.000327622586735,false,true,17,16,16,16,false,true,true,true
F2D000984,stability,F2V000239,6,34,20.000313024502248,20.000327622586735,20.000327622586735,false,true,17,16,16,16,false,true,true,true
F2D000985,stability,F2V000239,7,34,20.000313024502248,20.000327622586735,20.000327622586735,false,true,17,16,16,16,false,true,true,true
F2D000986,stability,F2V000239,8,34,20.000313024502248,20.000327622586735,20.000327622586735,false,true,17,16,16,16,false,true,true,true
F2D000987,stability,F2V000239,9,34,20.000313024502248,20.000327622586735,20.000327622586735,false,true,17,16,16,16,false,true,true,true
F2D000988,stability,F2V000240,1,34,20.000313024502248,20.000327622586735,20.000327622586735,false,true,17,16,16,16,false,true,true,true
F2D000989,stability,F2V000240,2,34,20.000313024502248,20.000327622586735,20.000327622586735,false,true,17,16,16,16,false,true,true,true
F2D000990,stability,F2V000240,3,34,20.000313024502248,20.000327622586735,20.000327622586735,false,true,17,16,16,16,false,true,true,true
F2D000991,stability,F2V000240,4,34,20.000313024502248,20.000327622586735,20.000327622586735,false,true,17,16,16,16,false,true,true,true
F2D000992,stability,F2V000240,5,34,20.000313024502248,20.000327622586735,20.000327622586735,false,true,17,16,16,16,false,true,true,true
F2D000993,stability,F2V000240,6,34,20.000313024502248,20.000327622586735,20.000327622586735,false,true,17,16,16,16,false,true,true,true
F2D000994,stability,F2V000240,7,34,20.000313024502248,20.000327622586735,20.000327622586735,false,true,17,16,16,16,false,true,true,true
F2D000995,stability,F2V000240,8,34,20.000313024502248,20.000327622586735,20.000327622586735,false,true,17,16,16,16,false,true,true,true
F2D000996,stability,F2V000240,9,34,20.000313024502248,20.000327622586735,20.000327622586735,false,true,17,16,16,16,false,true,true,true
F2D000997,stability,F2V000313,1,152,19.99993096687831,19.999932266836556,19.999932266836556,false,true,75,75,75,75,true,true,true,true
F2D000998,stability,F2V000313,2,152,19.99993096687831,19.999932266836556,19.999932266836556,false,true,75,75,75,75,true,true,true,true
F2D000999,stability,F2V000313,3,152,19.99993096687831,19.999932266836556,19.999932266836556,false,true,75,75,75,75,true,true,true,true
F2D001000,stability,F2V000313,4,152,19.99993096687831,19.999932266836556,19.999932266836556,false,true,75,75,75,75,true,true,true,true
F2D001001,stability,F2V000313,5,152,19.99993096687831,19.999932266836556,19.999932266836556,false,true,75,75,75,75,true,true,true,true
F2D001002,stability,F2V000313,6,152,19.99993096687831,19.999932266836556,19.999932266836556,false,true,75,75,75,75,true,true,true,true
F2D001003,stability,F2V000313,7,152,19.99993096687831,19.999932266836556,19.999932266836556,false,true,75,75,75,75,true,true,true,true
F2D001004,stability,F2V000313,8,152,19.99993096687831,19.999932266836556,19.999932266836556,false,true,75,75,75,75,true,true,true,true
F2D001005,stability,F2V000313,9,152,19.99993096687831,19.999932266836556,19.999932266836556,false,true,75,75,75,75,true,true,true,true
F2D001006,stability,F2V000314,1,152,19.99993096687831,19.999932266836556,19.999932266836556,false,true,75,75,75,75,true,true,true,true
F2D001007,stability,F2V000314,2,152,19.99993096687831,19.999932266836556,19.999932266836556,false,true,75,75,75,75,true,true,true,true
F2D001008,stability,F2V000314,3,152,19.99993096687831,19.999932266836556,19.999932266836556,false,true,75,75,75,75,true,true,true,true
F2D001009,stability,F2V000314,4,152,19.99993096687831,19.999932266836556,19.999932266836556,false,true,75,75,75,75,true,true,true,true
F2D001010,stability,F2V000314,5,152,19.99993096687831,19.999932266836556,19.999932266836556,false,true,75,75,75,75,true,true,true,true
F2D001011,stability,F2V000314,6,152,19.99993096687831,19.999932266836556,19.999932266836556,false,true,75,75,75,75,true,true,true,true
F2D001012,stability,F2V000314,7,152,19.99993096687831,19.999932266836556,19.999932266836556,false,true,75,75,75,75,true,true,true,true
F2D001013,stability,F2V000314,8,152,19.99993096687831,19.999932266836556,19.999932266836556,false,true,75,75,75,75,true,true,true,true
F2D001014,stability,F2V000314,9,152,19.99993096687831,19.999932266836556,19.999932266836556,false,true,75,75,75,75,true,true,true,true
F2D001033,stability,F2V000317,1,152,19.99993096687831,19.999932266836556,19.999932266836556,false,true,75,75,75,75,true,true,true,true
F2D001034,stability,F2V000317,2,152,19.99993096687831,19.999932266836556,19.999932266836556,false,true,75,75,75,75,true,true,true,true
F2D001035,stability,F2V000317,3,152,19.99993096687831,19.999932266836556,19.999932266836556,false,true,75,75,75,75,true,true,true,true
F2D001036,stability,F2V000317,4,152,19.99993096687831,19.999932266836556,19.999932266836556,false,true,75,75,75,75,true,true,true,true
F2D001037,stability,F2V000317,5,152,19.99993096687831,19.999932266836556,19.999932266836556,false,true,75,75,75,75,true,true,true,true
F2D001038,stability,F2V000317,6,152,19.99993096687831,19.999932266836556,19.999932266836556,false,true,75,75,75,75,true,true,true,true
F2D001039,stability,F2V000317,7,152,19.99993096687831,19.999932266836556,19.999932266836556,false,true,75,75,75,75,true,true,true,true
F2D001040,stability,F2V000317,8,152,19.99993096687831,19.999932266836556,19.999932266836556,false,true,75,75,75,75,true,true,true,true
F2D001041,stability,F2V000317,9,152,19.99993096687831,19.999932266836556,19.999932266836556,false,true,75,75,75,75,true,true,true,true
F2D001042,stability,F2V000318,1,152,19.99993096687831,19.999932266836556,19.999932266836556,false,true,75,75,75,75,true,true,true,true
F2D001043,stability,F2V000318,2,152,19.99993096687831,19.999932266836556,19.999932266836556,false,true,75,75,75,75,true,true,true,true
F2D001044,stability,F2V000318,3,152,19.99993096687831,19.999932266836556,19.999932266836556,false,true,75,75,75,75,true,true,true,true
F2D001045,stability,F2V000318,4,152,19.99993096687831,19.999932266836556,19.999932266836556,false,true,75,75,75,75,true,true,true,true
F2D001046,stability,F2V000318,5,152,19.99993096687831,19.999932266836556,19.999932266836556,false,true,75,75,75,75,true,true,true,true
F2D001047,stability,F2V000318,6,152,19.99993096687831,19.999932266836556,19.999932266836556,false,true,75,75,75,75,true,true,true,true
F2D001048,stability,F2V000318,7,152,19.99993096687831,19.999932266836556,19.999932266836556,false,true,75,75,75,75,true,true,true,true
F2D001049,stability,F2V000318,8,152,19.99993096687831,19.999932266836556,19.999932266836556,false,true,75,75,75,75,true,true,true,true
F2D001050,stability,F2V000318,9,152,19.99993096687831,19.999932266836556,19.999932266836556,false,true,75,75,75,75,true,true,true,true
F2D001051,stability,F2V000391,1,178,20.000232283200603,20.000232464112973,20.000232464112973,false,true,89,88,88,88,false,true,true,true
F2D001052,stability,F2V000391,2,178,20.000232283200603,20.000232464112973,20.000232464112973,false,true,89,88,88,88,false,true,true,true
F2D001053,stability,F2V000391,3,178,20.000232283200603,20.000232464112973,20.000232464112973,false,true,89,88,88,88,false,true,true,true
F2D001054,stability,F2V000391,4,178,20.000232283200603,20.000232464112973,20.000232464112973,false,true,89,88,88,88,false,true,true,true
F2D001055,stability,F2V000391,5,178,20.000232283200603,20.000232464112973,20.000232464112973,false,true,89,88,88,88,false,true,true,true
F2D001056,stability,F2V000391,6,178,20.000232283200603,20.000232464112973,20.000232464112973,false,true,89,88,88,88,false,true,true,true
F2D001057,stability,F2V000391,7,178,20.000232283200603,20.000232464112973,20.000232464112973,false,true,89,88,88,88,false,true,true,true
F2D001058,stability,F2V000391,8,178,20.000232283200603,20.000232464112973,20.000232464112973,false,true,89,88,88,88,false,true,true,true
F2D001059,stability,F2V000391,9,178,20.000232283200603,20.000232464112973,20.000232464112973,false,true,89,88,88,88,false,true,true,true
F2D001060,stability,F2V000392,1,178,20.000232283200603,20.000232464112973,20.000232464112973,false,true,89,88,88,88,false,true,true,true
F2D001061,stability,F2V000392,2,178,20.000232283200603,20.000232464112973,20.000232464112973,false,true,89,88,88,88,false,true,true,true
F2D001062,stability,F2V000392,3,178,20.000232283200603,20.000232464112973,20.000232464112973,false,true,89,88,88,88,false,true,true,true
F2D001063,stability,F2V000392,4,178,20.000232283200603,20.000232464112973,20.000232464112973,false,true,89,88,88,88,false,true,true,true
F2D001064,stability,F2V000392,5,178,20.000232283200603,20.000232464112973,20.000232464112973,false,true,89,88,88,88,false,true,true,true
F2D001065,stability,F2V000392,6,178,20.000232283200603,20.000232464112973,20.000232464112973,false,true,89,88,88,88,false,true,true,true
F2D001066,stability,F2V000392,7,178,20.000232283200603,20.000232464112973,20.000232464112973,false,true,89,88,88,88,false,true,true,true
F2D001067,stability,F2V000392,8,178,20.000232283200603,20.000232464112973,20.000232464112973,false,true,89,88,88,88,false,true,true,true
F2D001068,stability,F2V000392,9,178,20.000232283200603,20.000232464112973,20.000232464112973,false,true,89,88,88,88,false,true,true,true
F2D001087,stability,F2V000395,1,178,20.000232283200603,20.000232464112973,20.000232464112973,false,true,89,88,88,88,false,true,true,true
F2D001088,stability,F2V000395,2,178,20.000232283200603,20.000232464112973,20.000232464112973,false,true,89,88,88,88,false,true,true,true
F2D001089,stability,F2V000395,3,178,20.000232283200603,20.000232464112973,20.000232464112973,false,true,89,88,88,88,false,true,true,true
F2D001090,stability,F2V000395,4,178,20.000232283200603,20.000232464112973,20.000232464112973,false,true,89,88,88,88,false,true,true,true
F2D001091,stability,F2V000395,5,178,20.000232283200603,20.000232464112973,20.000232464112973,false,true,89,88,88,88,false,true,true,true
F2D001092,stability,F2V000395,6,178,20.000232283200603,20.000232464112973,20.000232464112973,false,true,89,88,88,88,false,true,true,true
F2D001093,stability,F2V000395,7,178,20.000232283200603,20.000232464112973,20.000232464112973,false,true,89,88,88,88,false,true,true,true
F2D001094,stability,F2V000395,8,178,20.000232283200603,20.000232464112973,20.000232464112973,false,true,89,88,88,88,false,true,true,true
F2D001095,stability,F2V000395,9,178,20.000232283200603,20.000232464112973,20.000232464112973,false,true,89,88,88,88,false,true,true,true
F2D001096,stability,F2V000396,1,178,20.000232283200603,20.000232464112973,20.000232464112973,false,true,89,88,88,88,false,true,true,true
F2D001097,stability,F2V000396,2,178,20.000232283200603,20.000232464112973,20.000232464112973,false,true,89,88,88,88,false,true,true,true
F2D001098,stability,F2V000396,3,178,20.000232283200603,20.000232464112973,20.000232464112973,false,true,89,88,88,88,false,true,true,true
F2D001099,stability,F2V000396,4,178,20.000232283200603,20.000232464112973,20.000232464112973,false,true,89,88,88,88,false,true,true,true
F2D001100,stability,F2V000396,5,178,20.000232283200603,20.000232464112973,20.000232464112973,false,true,89,88,88,88,false,true,true,true
F2D001101,stability,F2V000396,6,178,20.000232283200603,20.000232464112973,20.000232464112973,false,true,89,88,88,88,false,true,true,true
F2D001102,stability,F2V000396,7,178,20.000232283200603,20.000232464112973,20.000232464112973,false,true,89,88,88,88,false,true,true,true
F2D001103,stability,F2V000396,8,178,20.000232283200603,20.000232464112973,20.000232464112973,false,true,89,88,88,88,false,true,true,true
F2D001104,stability,F2V000396,9,178,20.000232283200603,20.000232464112973,20.000232464112973,false,true,89,88,88,88,false,true,true,true
F2D001105,stability,F2V000469,1,19,20.00023251894163,20.000232516758842,20.000232516758842,false,true,9,9,9,9,true,true,true,true
F2D001106,stability,F2V000469,2,19,20.00023251894163,20.000232516758842,20.000232516758842,false,true,9,9,9,9,true,true,true,true
F2D001107,stability,F2V000469,3,19,20.00023251894163,20.000232516758842,20.000232516758842,false,true,9,9,9,9,true,true,true,true
F2D001108,stability,F2V000469,4,19,20.00023251894163,20.000232516758842,20.000232516758842,false,true,9,9,9,9,true,true,true,true
F2D001109,stability,F2V000469,5,19,20.00023251894163,20.000232516758842,20.000232516758842,false,true,9,9,9,9,true,true,true,true
F2D001110,stability,F2V000469,6,19,20.00023251894163,20.000232516758842,20.000232516758842,false,true,9,9,9,9,true,true,true,true
F2D001111,stability,F2V000469,7,19,20.00023251894163,20.000232516758842,20.000232516758842,false,true,9,9,9,9,true,true,true,true
F2D001112,stability,F2V000469,8,19,20.00023251894163,20.000232516758842,20.000232516758842,false,true,9,9,9,9,true,true,true,true
F2D001113,stability,F2V000469,9,19,20.00023251894163,20.000232516758842,20.000232516758842,false,true,9,9,9,9,true,true,true,true
F2D001114,stability,F2V000470,1,19,20.00023251894163,20.000232516758842,20.000232516758842,false,true,9,9,9,9,true,true,true,true
F2D001115,stability,F2V000470,2,19,20.00023251894163,20.000232516758842,20.000232516758842,false,true,9,9,9,9,true,true,true,true
F2D001116,stability,F2V000470,3,19,20.00023251894163,20.000232516758842,20.000232516758842,false,true,9,9,9,9,true,true,true,true
F2D001117,stability,F2V000470,4,19,20.00023251894163,20.000232516758842,20.000232516758842,false,true,9,9,9,9,true,true,true,true
F2D001118,stability,F2V000470,5,19,20.00023251894163,20.000232516758842,20.000232516758842,false,true,9,9,9,9,true,true,true,true
F2D001119,stability,F2V000470,6,19,20.00023251894163,20.000232516758842,20.000232516758842,false,true,9,9,9,9,true,true,true,true
F2D001120,stability,F2V000470,7,19,20.00023251894163,20.000232516758842,20.000232516758842,false,true,9,9,9,9,true,true,true,true
F2D001121,stability,F2V000470,8,19,20.00023251894163,20.000232516758842,20.000232516758842,false,true,9,9,9,9,true,true,true,true
F2D001122,stability,F2V000470,9,19,20.00023251894163,20.000232516758842,20.000232516758842,false,true,9,9,9,9,true,true,true,true
F2D001123,stability,F2V000471,1,19,20.00023251894163,20.000232516758842,20.000232516758842,false,true,9,9,9,9,true,true,true,true
F2D001124,stability,F2V000471,2,19,20.00023251894163,20.000232516758842,20.000232516758842,false,true,9,9,9,9,true,true,true,true
F2D001125,stability,F2V000471,3,19,20.00023251894163,20.000232516758842,20.000232516758842,false,true,9,9,9,9,true,true,true,true
F2D001126,stability,F2V000471,4,19,20.00023251894163,20.000232516758842,20.000232516758842,false,true,9,9,9,9,true,true,true,true
F2D001127,stability,F2V000471,5,19,20.00023251894163,20.000232516758842,20.000232516758842,false,true,9,9,9,9,true,true,true,true
F2D001128,stability,F2V000471,6,19,20.00023251894163,20.000232516758842,20.000232516758842,false,true,9,9,9,9,true,true,true,true
F2D001129,stability,F2V000471,7,19,20.00023251894163,20.000232516758842,20.000232516758842,false,true,9,9,9,9,true,true,true,true
F2D001130,stability,F2V000471,8,19,20.00023251894163,20.000232516758842,20.000232516758842,false,true,9,9,9,9,true,true,true,true
F2D001131,stability,F2V000471,9,19,20.00023251894163,20.000232516758842,20.000232516758842,false,true,9,9,9,9,true,true,true,true
F2D001132,stability,F2V000472,1,19,20.00023251894163,20.000232516758842,20.000232516758842,false,true,9,9,9,9,true,true,true,true
F2D001133,stability,F2V000472,2,19,20.00023251894163,20.000232516758842,20.000232516758842,false,true,9,9,9,9,true,true,true,true
F2D001134,stability,F2V000472,3,19,20.00023251894163,20.000232516758842,20.000232516758842,false,true,9,9,9,9,true,true,true,true
F2D001135,stability,F2V000472,4,19,20.00023251894163,20.000232516758842,20.000232516758842,false,true,9,9,9,9,true,true,true,true
F2D001136,stability,F2V000472,5,19,20.00023251894163,20.000232516758842,20.000232516758842,false,true,9,9,9,9,true,true,true,true
F2D001137,stability,F2V000472,6,19,20.00023251894163,20.000232516758842,20.000232516758842,false,true,9,9,9,9,true,true,true,true
F2D001138,stability,F2V000472,7,19,20.00023251894163,20.000232516758842,20.000232516758842,false,true,9,9,9,9,true,true,true,true
F2D001139,stability,F2V000472,8,19,20.00023251894163,20.000232516758842,20.000232516758842,false,true,9,9,9,9,true,true,true,true
F2D001140,stability,F2V000472,9,19,20.00023251894163,20.000232516758842,20.000232516758842,false,true,9,9,9,9,true,true,true,true
F2D001141,stability,F2V000473,1,19,20.00023251894163,20.000232516758842,20.000232516758842,false,true,9,9,9,9,true,true,true,true
F2D001142,stability,F2V000473,2,19,20.00023251894163,20.000232516758842,20.000232516758842,false,true,9,9,9,9,true,true,true,true
F2D001143,stability,F2V000473,3,19,20.00023251894163,20.000232516758842,20.000232516758842,false,true,9,9,9,9,true,true,true,true
F2D001144,stability,F2V000473,4,19,20.00023251894163,20.000232516758842,20.000232516758842,false,true,9,9,9,9,true,true,true,true
F2D001145,stability,F2V000473,5,19,20.00023251894163,20.000232516758842,20.000232516758842,false,true,9,9,9,9,true,true,true,true
F2D001146,stability,F2V000473,6,19,20.00023251894163,20.000232516758842,20.000232516758842,false,true,9,9,9,9,true,true,true,true
F2D001147,stability,F2V000473,7,19,20.00023251894163,20.000232516758842,20.000232516758842,false,true,9,9,9,9,true,true,true,true
F2D001148,stability,F2V000473,8,19,20.00023251894163,20.000232516758842,20.000232516758842,false,true,9,9,9,9,true,true,true,true
F2D001149,stability,F2V000473,9,19,20.00023251894163,20.000232516758842,20.000232516758842,false,true,9,9,9,9,true,true,true,true
F2D001150,stability,F2V000474,1,19,20.00023251894163,20.000232516758842,20.000232516758842,false,true,9,9,9,9,true,true,true,true
F2D001151,stability,F2V000474,2,19,20.00023251894163,20.000232516758842,20.000232516758842,false,true,9,9,9,9,true,true,true,true
F2D001152,stability,F2V000474,3,19,20.00023251894163,20.000232516758842,20.000232516758842,false,true,9,9,9,9,true,true,true,true
F2D001153,stability,F2V000474,4,19,20.00023251894163,20.000232516758842,20.000232516758842,false,true,9,9,9,9,true,true,true,true
F2D001154,stability,F2V000474,5,19,20.00023251894163,20.000232516758842,20.000232516758842,false,true,9,9,9,9,true,true,true,true
F2D001155,stability,F2V000474,6,19,20.00023251894163,20.000232516758842,20.000232516758842,false,true,9,9,9,9,true,true,true,true
F2D001156,stability,F2V000474,7,19,20.00023251894163,20.000232516758842,20.000232516758842,false,true,9,9,9,9,true,true,true,true
F2D001157,stability,F2V000474,8,19,20.00023251894163,20.000232516758842,20.000232516758842,false,true,9,9,9,9,true,true,true,true
F2D001158,stability,F2V000474,9,19,20.00023251894163,20.000232516758842,20.000232516758842,false,true,9,9,9,9,true,true,true,true
F2D001159,stability,F2V000547,1,16,19.999991080840118,19.99997770646587,19.99997770646587,false,true,7,7,7,7,true,true,true,true
F2D001160,stability,F2V000547,2,16,19.999991080840118,19.99997770646587,19.99997770646587,false,true,7,7,7,7,true,true,true,true
F2D001161,stability,F2V000547,3,16,19.999991080840118,19.99997770646587,19.99997770646587,false,true,7,7,7,7,true,true,true,true
F2D001162,stability,F2V000547,4,16,19.999991080840118,19.99997770646587,19.99997770646587,false,true,7,7,7,7,true,true,true,true
F2D001163,stability,F2V000547,5,16,19.999991080840118,19.99997770646587,19.99997770646587,false,true,7,7,7,7,true,true,true,true
F2D001164,stability,F2V000547,6,16,19.999991080840118,19.99997770646587,19.99997770646587,false,true,7,7,7,7,true,true,true,true
F2D001165,stability,F2V000547,7,16,19.999991080840118,19.99997770646587,19.99997770646587,false,true,7,7,7,7,true,true,true,true
F2D001166,stability,F2V000547,8,16,19.999991080840118,19.99997770646587,19.99997770646587,false,true,7,7,7,7,true,true,true,true
F2D001167,stability,F2V000547,9,16,19.999991080840118,19.99997770646587,19.99997770646587,false,true,7,7,7,7,true,true,true,true
F2D001168,stability,F2V000548,1,16,19.999991080840118,19.99997770646587,19.99997770646587,false,true,7,7,7,7,true,true,true,true
F2D001169,stability,F2V000548,2,16,19.999991080840118,19.99997770646587,19.99997770646587,false,true,7,7,7,7,true,true,true,true
F2D001170,stability,F2V000548,3,16,19.999991080840118,19.99997770646587,19.99997770646587,false,true,7,7,7,7,true,true,true,true
F2D001171,stability,F2V000548,4,16,19.999991080840118,19.99997770646587,19.99997770646587,false,true,7,7,7,7,true,true,true,true
F2D001172,stability,F2V000548,5,16,19.999991080840118,19.99997770646587,19.99997770646587,false,true,7,7,7,7,true,true,true,true
F2D001173,stability,F2V000548,6,16,19.999991080840118,19.99997770646587,19.99997770646587,false,true,7,7,7,7,true,true,true,true
F2D001174,stability,F2V000548,7,16,19.999991080840118,19.99997770646587,19.99997770646587,false,true,7,7,7,7,true,true,true,true
F2D001175,stability,F2V000548,8,16,19.999991080840118,19.99997770646587,19.99997770646587,false,true,7,7,7,7,true,true,true,true
F2D001176,stability,F2V000548,9,16,19.999991080840118,19.99997770646587,19.99997770646587,false,true,7,7,7,7,true,true,true,true
F2D001177,stability,F2V000549,1,16,19.999991080840118,19.99997770646587,19.99997770646587,false,true,7,7,7,7,true,true,true,true
F2D001178,stability,F2V000549,2,16,19.999991080840118,19.99997770646587,19.99997770646587,false,true,7,7,7,7,true,true,true,true
F2D001179,stability,F2V000549,3,16,19.999991080840118,19.99997770646587,19.99997770646587,false,true,7,7,7,7,true,true,true,true
F2D001180,stability,F2V000549,4,16,19.999991080840118,19.99997770646587,19.99997770646587,false,true,7,7,7,7,true,true,true,true
F2D001181,stability,F2V000549,5,16,19.999991080840118,19.99997770646587,19.99997770646587,false,true,7,7,7,7,true,true,true,true
F2D001182,stability,F2V000549,6,16,19.999991080840118,19.99997770646587,19.99997770646587,false,true,7,7,7,7,true,true,true,true
F2D001183,stability,F2V000549,7,16,19.999991080840118,19.99997770646587,19.99997770646587,false,true,7,7,7,7,true,true,true,true
F2D001184,stability,F2V000549,8,16,19.999991080840118,19.99997770646587,19.99997770646587,false,true,7,7,7,7,true,true,true,true
F2D001185,stability,F2V000549,9,16,19.999991080840118,19.99997770646587,19.99997770646587,false,true,7,7,7,7,true,true,true,true
F2D001186,stability,F2V000550,1,16,19.999991080840118,19.99997770646587,19.99997770646587,false,true,7,7,7,7,true,true,true,true
F2D001187,stability,F2V000550,2,16,19.999991080840118,19.99997770646587,19.99997770646587,false,true,7,7,7,7,true,true,true,true
F2D001188,stability,F2V000550,3,16,19.999991080840118,19.99997770646587,19.99997770646587,false,true,7,7,7,7,true,true,true,true
F2D001189,stability,F2V000550,4,16,19.999991080840118,19.99997770646587,19.99997770646587,false,true,7,7,7,7,true,true,true,true
F2D001190,stability,F2V000550,5,16,19.999991080840118,19.99997770646587,19.99997770646587,false,true,7,7,7,7,true,true,true,true
F2D001191,stability,F2V000550,6,16,19.999991080840118,19.99997770646587,19.99997770646587,false,true,7,7,7,7,true,true,true,true
F2D001192,stability,F2V000550,7,16,19.999991080840118,19.99997770646587,19.99997770646587,false,true,7,7,7,7,true,true,true,true
F2D001193,stability,F2V000550,8,16,19.999991080840118,19.99997770646587,19.99997770646587,false,true,7,7,7,7,true,true,true,true
F2D001194,stability,F2V000550,9,16,19.999991080840118,19.99997770646587,19.99997770646587,false,true,7,7,7,7,true,true,true,true
F2D001195,stability,F2V000551,1,16,19.999991080840118,19.99997770646587,19.99997770646587,false,true,7,7,7,7,true,true,true,true
F2D001196,stability,F2V000551,2,16,19.999991080840118,19.99997770646587,19.99997770646587,false,true,7,7,7,7,true,true,true,true
F2D001197,stability,F2V000551,3,16,19.999991080840118,19.99997770646587,19.99997770646587,false,true,7,7,7,7,true,true,true,true
F2D001198,stability,F2V000551,4,16,19.999991080840118,19.99997770646587,19.99997770646587,false,true,7,7,7,7,true,true,true,true
F2D001199,stability,F2V000551,5,16,19.999991080840118,19.99997770646587,19.99997770646587,false,true,7,7,7,7,true,true,true,true
F2D001200,stability,F2V000551,6,16,19.999991080840118,19.99997770646587,19.99997770646587,false,true,7,7,7,7,true,true,true,true
F2D001201,stability,F2V000551,7,16,19.999991080840118,19.99997770646587,19.99997770646587,false,true,7,7,7,7,true,true,true,true
F2D001202,stability,F2V000551,8,16,19.999991080840118,19.99997770646587,19.99997770646587,false,true,7,7,7,7,true,true,true,true
F2D001203,stability,F2V000551,9,16,19.999991080840118,19.99997770646587,19.99997770646587,false,true,7,7,7,7,true,true,true,true
F2D001204,stability,F2V000552,1,16,19.999991080840118,19.99997770646587,19.99997770646587,false,true,7,7,7,7,true,true,true,true
F2D001205,stability,F2V000552,2,16,19.999991080840118,19.99997770646587,19.99997770646587,false,true,7,7,7,7,true,true,true,true
F2D001206,stability,F2V000552,3,16,19.999991080840118,19.99997770646587,19.99997770646587,false,true,7,7,7,7,true,true,true,true
F2D001207,stability,F2V000552,4,16,19.999991080840118,19.99997770646587,19.99997770646587,false,true,7,7,7,7,true,true,true,true
F2D001208,stability,F2V000552,5,16,19.999991080840118,19.99997770646587,19.99997770646587,false,true,7,7,7,7,true,true,true,true
F2D001209,stability,F2V000552,6,16,19.999991080840118,19.99997770646587,19.99997770646587,false,true,7,7,7,7,true,true,true,true
F2D001210,stability,F2V000552,7,16,19.999991080840118,19.99997770646587,19.99997770646587,false,true,7,7,7,7,true,true,true,true
F2D001211,stability,F2V000552,8,16,19.999991080840118,19.99997770646587,19.99997770646587,false,true,7,7,7,7,true,true,true,true
F2D001212,stability,F2V000552,9,16,19.999991080840118,19.99997770646587,19.99997770646587,false,true,7,7,7,7,true,true,true,true
F2D001213,stability,F2V000625,1,42,19.999576176633127,19.99957705634964,19.99957705634964,false,true,20,20,20,20,true,true,true,true
F2D001214,stability,F2V000625,2,42,19.999576176633127,19.99957705634964,19.99957705634964,false,true,20,20,20,20,true,true,true,true
F2D001215,stability,F2V000625,3,42,19.999576176633127,19.99957705634964,19.99957705634964,false,true,20,20,20,20,true,true,true,true
F2D001216,stability,F2V000625,4,42,19.999576176633127,19.99957705634964,19.99957705634964,false,true,20,20,20,20,true,true,true,true
F2D001217,stability,F2V000625,5,42,19.999576176633127,19.99957705634964,19.99957705634964,false,true,20,20,20,20,true,true,true,true
F2D001218,stability,F2V000625,6,42,19.999576176633127,19.99957705634964,19.99957705634964,false,true,20,20,20,20,true,true,true,true
F2D001219,stability,F2V000625,7,42,19.999576176633127,19.99957705634964,19.99957705634964,false,true,20,20,20,20,true,true,true,true
F2D001220,stability,F2V000625,8,42,19.999576176633127,19.99957705634964,19.99957705634964,false,true,20,20,20,20,true,true,true,true
F2D001221,stability,F2V000625,9,42,19.999576176633127,19.99957705634964,19.99957705634964,false,true,20,20,20,20,true,true,true,true
F2D001222,stability,F2V000626,1,42,19.999576176633127,19.99957705634964,19.99957705634964,false,true,20,20,20,20,true,true,true,true
F2D001223,stability,F2V000626,2,42,19.999576176633127,19.99957705634964,19.99957705634964,false,true,20,20,20,20,true,true,true,true
F2D001224,stability,F2V000626,3,42,19.999576176633127,19.99957705634964,19.99957705634964,false,true,20,20,20,20,true,true,true,true
F2D001225,stability,F2V000626,4,42,19.999576176633127,19.99957705634964,19.99957705634964,false,true,20,20,20,20,true,true,true,true
F2D001226,stability,F2V000626,5,42,19.999576176633127,19.99957705634964,19.99957705634964,false,true,20,20,20,20,true,true,true,true
F2D001227,stability,F2V000626,6,42,19.999576176633127,19.99957705634964,19.99957705634964,false,true,20,20,20,20,true,true,true,true
F2D001228,stability,F2V000626,7,42,19.999576176633127,19.99957705634964,19.99957705634964,false,true,20,20,20,20,true,true,true,true
F2D001229,stability,F2V000626,8,42,19.999576176633127,19.99957705634964,19.99957705634964,false,true,20,20,20,20,true,true,true,true
F2D001230,stability,F2V000626,9,42,19.999576176633127,19.99957705634964,19.99957705634964,false,true,20,20,20,20,true,true,true,true
F2D001249,stability,F2V000629,1,42,19.999576176633127,19.99957705634964,19.99957705634964,false,true,20,20,20,20,true,true,true,true
F2D001250,stability,F2V000629,2,42,19.999576176633127,19.99957705634964,19.99957705634964,false,true,20,20,20,20,true,true,true,true
F2D001251,stability,F2V000629,3,42,19.999576176633127,19.99957705634964,19.99957705634964,false,true,20,20,20,20,true,true,true,true
F2D001252,stability,F2V000629,4,42,19.999576176633127,19.99957705634964,19.99957705634964,false,true,20,20,20,20,true,true,true,true
F2D001253,stability,F2V000629,5,42,19.999576176633127,19.99957705634964,19.99957705634964,false,true,20,20,20,20,true,true,true,true
F2D001254,stability,F2V000629,6,42,19.999576176633127,19.99957705634964,19.99957705634964,false,true,20,20,20,20,true,true,true,true
F2D001255,stability,F2V000629,7,42,19.999576176633127,19.99957705634964,19.99957705634964,false,true,20,20,20,20,true,true,true,true
F2D001256,stability,F2V000629,8,42,19.999576176633127,19.99957705634964,19.99957705634964,false,true,20,20,20,20,true,true,true,true
F2D001257,stability,F2V000629,9,42,19.999576176633127,19.99957705634964,19.99957705634964,false,true,20,20,20,20,true,true,true,true
F2D001258,stability,F2V000630,1,42,19.999576176633127,19.99957705634964,19.99957705634964,false,true,20,20,20,20,true,true,true,true
F2D001259,stability,F2V000630,2,42,19.999576176633127,19.99957705634964,19.99957705634964,false,true,20,20,20,20,true,true,true,true
F2D001260,stability,F2V000630,3,42,19.999576176633127,19.99957705634964,19.99957705634964,false,true,20,20,20,20,true,true,true,true
F2D001261,stability,F2V000630,4,42,19.999576176633127,19.99957705634964,19.99957705634964,false,true,20,20,20,20,true,true,true,true
F2D001262,stability,F2V000630,5,42,19.999576176633127,19.99957705634964,19.99957705634964,false,true,20,20,20,20,true,true,true,true
F2D001263,stability,F2V000630,6,42,19.999576176633127,19.99957705634964,19.99957705634964,false,true,20,20,20,20,true,true,true,true
F2D001264,stability,F2V000630,7,42,19.999576176633127,19.99957705634964,19.99957705634964,false,true,20,20,20,20,true,true,true,true
F2D001265,stability,F2V000630,8,42,19.999576176633127,19.99957705634964,19.99957705634964,false,true,20,20,20,20,true,true,true,true
F2D001266,stability,F2V000630,9,42,19.999576176633127,19.99957705634964,19.99957705634964,false,true,20,20,20,20,true,true,true,true
F2D001267,stability,F2V000703,1,44,19.999859773088247,19.999859542829569,19.999859542829569,false,true,21,21,21,21,true,true,true,true
F2D001268,stability,F2V000703,2,44,19.999859773088247,19.999859542829569,19.999859542829569,false,true,21,21,21,21,true,true,true,true
F2D001269,stability,F2V000703,3,44,19.999859773088247,19.999859542829569,19.999859542829569,false,true,21,21,21,21,true,true,true,true
F2D001270,stability,F2V000703,4,44,19.999859773088247,19.999859542829569,19.999859542829569,false,true,21,21,21,21,true,true,true,true
F2D001271,stability,F2V000703,5,44,19.999859773088247,19.999859542829569,19.999859542829569,false,true,21,21,21,21,true,true,true,true
F2D001272,stability,F2V000703,6,44,19.999859773088247,19.999859542829569,19.999859542829569,false,true,21,21,21,21,true,true,true,true
F2D001273,stability,F2V000703,7,44,19.999859773088247,19.999859542829569,19.999859542829569,false,true,21,21,21,21,true,true,true,true
F2D001274,stability,F2V000703,8,44,19.999859773088247,19.999859542829569,19.999859542829569,false,true,21,21,21,21,true,true,true,true
F2D001275,stability,F2V000703,9,44,19.999859773088247,19.999859542829569,19.999859542829569,false,true,21,21,21,21,true,true,true,true
F2D001276,stability,F2V000704,1,44,19.999859773088247,19.999859542829569,19.999859542829569,false,true,21,21,21,21,true,true,true,true
F2D001277,stability,F2V000704,2,44,19.999859773088247,19.999859542829569,19.999859542829569,false,true,21,21,21,21,true,true,true,true
F2D001278,stability,F2V000704,3,44,19.999859773088247,19.999859542829569,19.999859542829569,false,true,21,21,21,21,true,true,true,true
F2D001279,stability,F2V000704,4,44,19.999859773088247,19.999859542829569,19.999859542829569,false,true,21,21,21,21,true,true,true,true
F2D001280,stability,F2V000704,5,44,19.999859773088247,19.999859542829569,19.999859542829569,false,true,21,21,21,21,true,true,true,true
F2D001281,stability,F2V000704,6,44,19.999859773088247,19.999859542829569,19.999859542829569,false,true,21,21,21,21,true,true,true,true
F2D001282,stability,F2V000704,7,44,19.999859773088247,19.999859542829569,19.999859542829569,false,true,21,21,21,21,true,true,true,true
F2D001283,stability,F2V000704,8,44,19.999859773088247,19.999859542829569,19.999859542829569,false,true,21,21,21,21,true,true,true,true
F2D001284,stability,F2V000704,9,44,19.999859773088247,19.999859542829569,19.999859542829569,false,true,21,21,21,21,true,true,true,true
F2D001303,stability,F2V000707,1,44,19.999859773088247,19.999859542829569,19.999859542829569,false,true,21,21,21,21,true,true,true,true
F2D001304,stability,F2V000707,2,44,19.999859773088247,19.999859542829569,19.999859542829569,false,true,21,21,21,21,true,true,true,true
F2D001305,stability,F2V000707,3,44,19.999859773088247,19.999859542829569,19.999859542829569,false,true,21,21,21,21,true,true,true,true
F2D001306,stability,F2V000707,4,44,19.999859773088247,19.999859542829569,19.999859542829569,false,true,21,21,21,21,true,true,true,true
F2D001307,stability,F2V000707,5,44,19.999859773088247,19.999859542829569,19.999859542829569,false,true,21,21,21,21,true,true,true,true
F2D001308,stability,F2V000707,6,44,19.999859773088247,19.999859542829569,19.999859542829569,false,true,21,21,21,21,true,true,true,true
F2D001309,stability,F2V000707,7,44,19.999859773088247,19.999859542829569,19.999859542829569,false,true,21,21,21,21,true,true,true,true
F2D001310,stability,F2V000707,8,44,19.999859773088247,19.999859542829569,19.999859542829569,false,true,21,21,21,21,true,true,true,true
F2D001311,stability,F2V000707,9,44,19.999859773088247,19.999859542829569,19.999859542829569,false,true,21,21,21,21,true,true,true,true
F2D001312,stability,F2V000708,1,44,19.999859773088247,19.999859542829569,19.999859542829569,false,true,21,21,21,21,true,true,true,true
F2D001313,stability,F2V000708,2,44,19.999859773088247,19.999859542829569,19.999859542829569,false,true,21,21,21,21,true,true,true,true
F2D001314,stability,F2V000708,3,44,19.999859773088247,19.999859542829569,19.999859542829569,false,true,21,21,21,21,true,true,true,true
F2D001315,stability,F2V000708,4,44,19.999859773088247,19.999859542829569,19.999859542829569,false,true,21,21,21,21,true,true,true,true
F2D001316,stability,F2V000708,5,44,19.999859773088247,19.999859542829569,19.999859542829569,false,true,21,21,21,21,true,true,true,true
F2D001317,stability,F2V000708,6,44,19.999859773088247,19.999859542829569,19.999859542829569,false,true,21,21,21,21,true,true,true,true
F2D001318,stability,F2V000708,7,44,19.999859773088247,19.999859542829569,19.999859542829569,false,true,21,21,21,21,true,true,true,true
F2D001319,stability,F2V000708,8,44,19.999859773088247,19.999859542829569,19.999859542829569,false,true,21,21,21,21,true,true,true,true
F2D001320,stability,F2V000708,9,44,19.999859773088247,19.999859542829569,19.999859542829569,false,true,21,21,21,21,true,true,true,true
