planned_decision_id,variant_id,event_id,pair_id,observational_role,window_variant_id,processing_profile_id,admissibility_status,inadmissibility_reason,primary_outcome,bic_m0,bic_m1,bic_m2,delta_bic_0_1,delta_bic_2_1,qpp_selected,formal_m1_period_s,period_label,margin_vs_m0,margin_vs_m2,joint_margin,baseline_qpp_selected,baseline_formal_m1_period_s,baseline_comparison_status
F2D000001,F2V000001,published_qpp_pdcsap_all,calibration_pair,PUBLISHED_QPP_REPRODUCED,W00,P00,ELIGIBLE_FOR_AFINO,,SELECTED,16.19707458989889,-0.8161078583185848,13.763481838432536,17.013182448217474,14.579589696751121,True,68.52753981433278,recovered_period_selected,7.013182448217474,4.579589696751121,4.579589696751121,True,68.52753981433278,SELECTED_RETAINED
F2D000002,F2V000002,published_qpp_pdcsap_all,calibration_pair,PUBLISHED_QPP_REPRODUCED,W00,P01,ELIGIBLE_FOR_AFINO,,NOT_SELECTED,17.448036198432956,21.00425412862872,21.016231605477902,-3.556217930195764,0.011977476849182267,False,140.05949080934252,formal_m1_center_not_selected,-13.556217930195764,-9.988022523150818,-13.556217930195764,True,68.52753981433278,SELECTION_LOST
F2D000003,F2V000003,published_qpp_pdcsap_all,calibration_pair,PUBLISHED_QPP_REPRODUCED,W00,P02,ELIGIBLE_FOR_AFINO,,SELECTED,16.19707458989889,-0.8161078583185848,13.763481838432536,17.013182448217474,14.579589696751121,True,68.52753981433278,recovered_period_selected,7.013182448217474,4.579589696751121,4.579589696751121,True,68.52753981433278,SELECTED_RETAINED
F2D000004,F2V000004,published_qpp_pdcsap_all,calibration_pair,PUBLISHED_QPP_REPRODUCED,W00,P03,ELIGIBLE_FOR_AFINO,,NOT_SELECTED,17.448036198432956,21.00425412862872,21.016231605477902,-3.556217930195764,0.011977476849182267,False,140.05949080934252,formal_m1_center_not_selected,-13.556217930195764,-9.988022523150818,-13.556217930195764,True,68.52753981433278,SELECTION_LOST
F2D000005,F2V000005,published_qpp_pdcsap_all,calibration_pair,PUBLISHED_QPP_REPRODUCED,W00,P04,ELIGIBLE_FOR_AFINO,,SELECTED,16.26219983433513,0.11975563716541693,14.078548180164866,16.142444197169716,13.958792542999449,True,68.64536127240345,recovered_period_selected,6.142444197169716,3.958792542999449,3.958792542999449,True,68.52753981433278,SELECTED_RETAINED
F2D000006,F2V000006,published_qpp_pdcsap_all,calibration_pair,PUBLISHED_QPP_REPRODUCED,W00,P05,ELIGIBLE_FOR_AFINO,,NOT_SELECTED,17.455211567803616,20.99966280344912,21.024919096417065,-3.5444512356455036,0.025256292967945626,False,139.97507931923914,formal_m1_center_not_selected,-13.544451235645504,-9.974743707032054,-13.544451235645504,True,68.52753981433278,SELECTION_LOST
F2D000007,F2V000007,published_qpp_pdcsap_all,calibration_pair,PUBLISHED_QPP_REPRODUCED,WSm2,P00,ELIGIBLE_FOR_AFINO,,NOT_SELECTED,8.562968678344326,11.416835007605744,10.427940255806863,-2.853866329261418,-0.9888947517988811,False,82.23682373254357,formal_m1_center_not_selected,-12.853866329261418,-10.988894751798881,-12.853866329261418,True,68.52753981433278,SELECTION_LOST
F2D000008,F2V000008,published_qpp_pdcsap_all,calibration_pair,PUBLISHED_QPP_REPRODUCED,WSm2,P01,ELIGIBLE_FOR_AFINO,,NOT_SELECTED,17.073143801464063,20.078214449294087,20.67483452252611,-3.005070647830024,0.596620073232021,False,155.18109513522046,formal_m1_center_not_selected,-13.005070647830024,-9.403379926767979,-13.005070647830024,True,68.52753981433278,SELECTION_LOST
F2D000009,F2V000009,published_qpp_pdcsap_all,calibration_pair,PUBLISHED_QPP_REPRODUCED,WSm2,P02,ELIGIBLE_FOR_AFINO,,NOT_SELECTED,8.562968678344326,11.416835007605744,10.427940255806863,-2.853866329261418,-0.9888947517988811,False,82.23682373254357,formal_m1_center_not_selected,-12.853866329261418,-10.988894751798881,-12.853866329261418,True,68.52753981433278,SELECTION_LOST
F2D000010,F2V000010,published_qpp_pdcsap_all,calibration_pair,PUBLISHED_QPP_REPRODUCED,WSm2,P03,ELIGIBLE_FOR_AFINO,,NOT_SELECTED,17.073143801464063,20.078214449294087,20.67483452252611,-3.005070647830024,0.596620073232021,False,155.18109513522046,formal_m1_center_not_selected,-13.005070647830024,-9.403379926767979,-13.005070647830024,True,68.52753981433278,SELECTION_LOST
F2D000011,F2V000011,published_qpp_pdcsap_all,calibration_pair,PUBLISHED_QPP_REPRODUCED,WSm2,P04,ELIGIBLE_FOR_AFINO,,NOT_SELECTED,4.544225496526235,8.021219525913741,6.675746553946878,-3.476994029387506,-1.3454729719668634,False,80.01563850823737,formal_m1_center_not_selected,-13.476994029387505,-11.345472971966863,-13.476994029387505,True,68.52753981433278,SELECTION_LOST
F2D000012,F2V000012,published_qpp_pdcsap_all,calibration_pair,PUBLISHED_QPP_REPRODUCED,WSm2,P05,ELIGIBLE_FOR_AFINO,,NOT_SELECTED,16.33368041341814,20.480373663904494,19.916332757924142,-4.146693250486354,-0.5640409059803524,False,163.93321813403543,formal_m1_center_not_selected,-14.146693250486354,-10.564040905980352,-14.146693250486354,True,68.52753981433278,SELECTION_LOST
F2D000013,F2V000013,published_qpp_pdcsap_all,calibration_pair,PUBLISHED_QPP_REPRODUCED,WSm1,P00,ELIGIBLE_FOR_AFINO,,NOT_SELECTED,15.251815478150185,12.678057382028337,15.626221902236068,2.573758096121848,2.9481645202077313,False,72.50684876935262,formal_m1_center_not_selected,-7.426241903878152,-7.051835479792269,-7.426241903878152,True,68.52753981433278,SELECTION_LOST
F2D000014,F2V000014,published_qpp_pdcsap_all,calibration_pair,PUBLISHED_QPP_REPRODUCED,WSm1,P01,ELIGIBLE_FOR_AFINO,,NOT_SELECTED,17.145625348619724,19.985322307569838,20.499175605545673,-2.839696958950114,0.5138532979758352,False,147.1043845017069,formal_m1_center_not_selected,-12.839696958950114,-9.486146702024165,-12.839696958950114,True,68.52753981433278,SELECTION_LOST
F2D000015,F2V000015,published_qpp_pdcsap_all,calibration_pair,PUBLISHED_QPP_REPRODUCED,WSm1,P02,ELIGIBLE_FOR_AFINO,,NOT_SELECTED,15.251815478150185,12.678057382028337,15.626221902236068,2.573758096121848,2.9481645202077313,False,72.50684876935262,formal_m1_center_not_selected,-7.426241903878152,-7.051835479792269,-7.426241903878152,True,68.52753981433278,SELECTION_LOST
F2D000016,F2V000016,published_qpp_pdcsap_all,calibration_pair,PUBLISHED_QPP_REPRODUCED,WSm1,P03,ELIGIBLE_FOR_AFINO,,NOT_SELECTED,17.145625348619724,19.985322307569838,20.499175605545673,-2.839696958950114,0.5138532979758352,False,147.1043845017069,formal_m1_center_not_selected,-12.839696958950114,-9.486146702024165,-12.839696958950114,True,68.52753981433278,SELECTION_LOST
F2D000017,F2V000017,published_qpp_pdcsap_all,calibration_pair,PUBLISHED_QPP_REPRODUCED,WSm1,P04,ELIGIBLE_FOR_AFINO,,NOT_SELECTED,13.215092642789283,10.891342562566372,13.364115118384092,2.3237500802229114,2.47277255581772,False,72.66047403210197,formal_m1_center_not_selected,-7.676249919777089,-7.52722744418228,-7.676249919777089,True,68.52753981433278,SELECTION_LOST
F2D000018,F2V000018,published_qpp_pdcsap_all,calibration_pair,PUBLISHED_QPP_REPRODUCED,WSm1,P05,ELIGIBLE_FOR_AFINO,,NOT_SELECTED,17.096300379805843,20.411588514843157,20.436941521669517,-3.3152881350373136,0.02535300682636077,False,149.4983576788671,formal_m1_center_not_selected,-13.315288135037314,-9.97464699317364,-13.315288135037314,True,68.52753981433278,SELECTION_LOST
F2D000019,F2V000019,published_qpp_pdcsap_all,calibration_pair,PUBLISHED_QPP_REPRODUCED,WSp1,P00,TOO_FEW_CADENCES,14 retained cadences; minimum is 15.,INPUT_INADMISSIBLE,,,,,,,,,,,,True,68.52753981433278,INPUT_INADMISSIBLE
F2D000020,F2V000020,published_qpp_pdcsap_all,calibration_pair,PUBLISHED_QPP_REPRODUCED,WSp1,P01,TOO_FEW_CADENCES,14 retained cadences; minimum is 15.,INPUT_INADMISSIBLE,,,,,,,,,,,,True,68.52753981433278,INPUT_INADMISSIBLE
F2D000021,F2V000021,published_qpp_pdcsap_all,calibration_pair,PUBLISHED_QPP_REPRODUCED,WSp1,P02,TOO_FEW_CADENCES,14 retained cadences; minimum is 15.,INPUT_INADMISSIBLE,,,,,,,,,,,,True,68.52753981433278,INPUT_INADMISSIBLE
F2D000022,F2V000022,published_qpp_pdcsap_all,calibration_pair,PUBLISHED_QPP_REPRODUCED,WSp1,P03,TOO_FEW_CADENCES,14 retained cadences; minimum is 15.,INPUT_INADMISSIBLE,,,,,,,,,,,,True,68.52753981433278,INPUT_INADMISSIBLE
F2D000023,F2V000023,published_qpp_pdcsap_all,calibration_pair,PUBLISHED_QPP_REPRODUCED,WSp1,P04,TOO_FEW_CADENCES,14 retained cadences; minimum is 15.,INPUT_INADMISSIBLE,,,,,,,,,,,,True,68.52753981433278,INPUT_INADMISSIBLE
F2D000024,F2V000024,published_qpp_pdcsap_all,calibration_pair,PUBLISHED_QPP_REPRODUCED,WSp1,P05,TOO_FEW_CADENCES,14 retained cadences; minimum is 15.,INPUT_INADMISSIBLE,,,,,,,,,,,,True,68.52753981433278,INPUT_INADMISSIBLE
F2D000025,F2V000025,published_qpp_pdcsap_all,calibration_pair,PUBLISHED_QPP_REPRODUCED,WSp2,P00,TOO_FEW_CADENCES,13 retained cadences; minimum is 15.,INPUT_INADMISSIBLE,,,,,,,,,,,,True,68.52753981433278,INPUT_INADMISSIBLE
F2D000026,F2V000026,published_qpp_pdcsap_all,calibration_pair,PUBLISHED_QPP_REPRODUCED,WSp2,P01,TOO_FEW_CADENCES,13 retained cadences; minimum is 15.,INPUT_INADMISSIBLE,,,,,,,,,,,,True,68.52753981433278,INPUT_INADMISSIBLE
F2D000027,F2V000027,published_qpp_pdcsap_all,calibration_pair,PUBLISHED_QPP_REPRODUCED,WSp2,P02,TOO_FEW_CADENCES,13 retained cadences; minimum is 15.,INPUT_INADMISSIBLE,,,,,,,,,,,,True,68.52753981433278,INPUT_INADMISSIBLE
F2D000028,F2V000028,published_qpp_pdcsap_all,calibration_pair,PUBLISHED_QPP_REPRODUCED,WSp2,P03,TOO_FEW_CADENCES,13 retained cadences; minimum is 15.,INPUT_INADMISSIBLE,,,,,,,,,,,,True,68.52753981433278,INPUT_INADMISSIBLE
F2D000029,F2V000029,published_qpp_pdcsap_all,calibration_pair,PUBLISHED_QPP_REPRODUCED,WSp2,P04,TOO_FEW_CADENCES,13 retained cadences; minimum is 15.,INPUT_INADMISSIBLE,,,,,,,,,,,,True,68.52753981433278,INPUT_INADMISSIBLE
F2D000030,F2V000030,published_qpp_pdcsap_all,calibration_pair,PUBLISHED_QPP_REPRODUCED,WSp2,P05,TOO_FEW_CADENCES,13 retained cadences; minimum is 15.,INPUT_INADMISSIBLE,,,,,,,,,,,,True,68.52753981433278,INPUT_INADMISSIBLE
F2D000031,F2V000031,published_qpp_pdcsap_all,calibration_pair,PUBLISHED_QPP_REPRODUCED,WEm2,P00,TOO_FEW_CADENCES,13 retained cadences; minimum is 15.,INPUT_INADMISSIBLE,,,,,,,,,,,,True,68.52753981433278,INPUT_INADMISSIBLE
F2D000032,F2V000032,published_qpp_pdcsap_all,calibration_pair,PUBLISHED_QPP_REPRODUCED,WEm2,P01,TOO_FEW_CADENCES,13 retained cadences; minimum is 15.,INPUT_INADMISSIBLE,,,,,,,,,,,,True,68.52753981433278,INPUT_INADMISSIBLE
F2D000033,F2V000033,published_qpp_pdcsap_all,calibration_pair,PUBLISHED_QPP_REPRODUCED,WEm2,P02,TOO_FEW_CADENCES,13 retained cadences; minimum is 15.,INPUT_INADMISSIBLE,,,,,,,,,,,,True,68.52753981433278,INPUT_INADMISSIBLE
F2D000034,F2V000034,published_qpp_pdcsap_all,calibration_pair,PUBLISHED_QPP_REPRODUCED,WEm2,P03,TOO_FEW_CADENCES,13 retained cadences; minimum is 15.,INPUT_INADMISSIBLE,,,,,,,,,,,,True,68.52753981433278,INPUT_INADMISSIBLE
F2D000035,F2V000035,published_qpp_pdcsap_all,calibration_pair,PUBLISHED_QPP_REPRODUCED,WEm2,P04,TOO_FEW_CADENCES,13 retained cadences; minimum is 15.,INPUT_INADMISSIBLE,,,,,,,,,,,,True,68.52753981433278,INPUT_INADMISSIBLE
F2D000036,F2V000036,published_qpp_pdcsap_all,calibration_pair,PUBLISHED_QPP_REPRODUCED,WEm2,P05,TOO_FEW_CADENCES,13 retained cadences; minimum is 15.,INPUT_INADMISSIBLE,,,,,,,,,,,,True,68.52753981433278,INPUT_INADMISSIBLE
F2D000037,F2V000037,published_qpp_pdcsap_all,calibration_pair,PUBLISHED_QPP_REPRODUCED,WEm1,P00,TOO_FEW_CADENCES,14 retained cadences; minimum is 15.,INPUT_INADMISSIBLE,,,,,,,,,,,,True,68.52753981433278,INPUT_INADMISSIBLE
F2D000038,F2V000038,published_qpp_pdcsap_all,calibration_pair,PUBLISHED_QPP_REPRODUCED,WEm1,P01,TOO_FEW_CADENCES,14 retained cadences; minimum is 15.,INPUT_INADMISSIBLE,,,,,,,,,,,,True,68.52753981433278,INPUT_INADMISSIBLE
F2D000039,F2V000039,published_qpp_pdcsap_all,calibration_pair,PUBLISHED_QPP_REPRODUCED,WEm1,P02,TOO_FEW_CADENCES,14 retained cadences; minimum is 15.,INPUT_INADMISSIBLE,,,,,,,,,,,,True,68.52753981433278,INPUT_INADMISSIBLE
F2D000040,F2V000040,published_qpp_pdcsap_all,calibration_pair,PUBLISHED_QPP_REPRODUCED,WEm1,P03,TOO_FEW_CADENCES,14 retained cadences; minimum is 15.,INPUT_INADMISSIBLE,,,,,,,,,,,,True,68.52753981433278,INPUT_INADMISSIBLE
F2D000041,F2V000041,published_qpp_pdcsap_all,calibration_pair,PUBLISHED_QPP_REPRODUCED,WEm1,P04,TOO_FEW_CADENCES,14 retained cadences; minimum is 15.,INPUT_INADMISSIBLE,,,,,,,,,,,,True,68.52753981433278,INPUT_INADMISSIBLE
F2D000042,F2V000042,published_qpp_pdcsap_all,calibration_pair,PUBLISHED_QPP_REPRODUCED,WEm1,P05,TOO_FEW_CADENCES,14 retained cadences; minimum is 15.,INPUT_INADMISSIBLE,,,,,,,,,,,,True,68.52753981433278,INPUT_INADMISSIBLE
F2D000043,F2V000043,published_qpp_pdcsap_all,calibration_pair,PUBLISHED_QPP_REPRODUCED,WEp1,P00,ELIGIBLE_FOR_AFINO,,SELECTED,16.30484495392835,6.153929180283786,16.690180905773534,10.150915773644563,10.536251725489748,True,69.15602581854422,recovered_period_selected,0.150915773644563,0.5362517254897483,0.150915773644563,True,68.52753981433278,SELECTED_RETAINED
F2D000044,F2V000044,published_qpp_pdcsap_all,calibration_pair,PUBLISHED_QPP_REPRODUCED,WEp1,P01,ELIGIBLE_FOR_AFINO,,NOT_SELECTED,16.190142300834154,18.513092588245083,19.253652850664086,-2.3229502874109293,0.7405602624190024,False,136.34318135567335,formal_m1_center_not_selected,-12.32295028741093,-9.259439737580998,-12.32295028741093,True,68.52753981433278,SELECTION_LOST
F2D000045,F2V000045,published_qpp_pdcsap_all,calibration_pair,PUBLISHED_QPP_REPRODUCED,WEp1,P02,ELIGIBLE_FOR_AFINO,,SELECTED,16.30484495392835,6.153929180283786,16.690180905773534,10.150915773644563,10.536251725489748,True,69.15602581854422,recovered_period_selected,0.150915773644563,0.5362517254897483,0.150915773644563,True,68.52753981433278,SELECTED_RETAINED
F2D000046,F2V000046,published_qpp_pdcsap_all,calibration_pair,PUBLISHED_QPP_REPRODUCED,WEp1,P03,ELIGIBLE_FOR_AFINO,,NOT_SELECTED,16.190142300834154,18.513092588245083,19.253652850664086,-2.3229502874109293,0.7405602624190024,False,136.34318135567335,formal_m1_center_not_selected,-12.32295028741093,-9.259439737580998,-12.32295028741093,True,68.52753981433278,SELECTION_LOST
F2D000047,F2V000047,published_qpp_pdcsap_all,calibration_pair,PUBLISHED_QPP_REPRODUCED,WEp1,P04,ELIGIBLE_FOR_AFINO,,NOT_SELECTED,16.86202036132172,7.67345295726105,17.477721741530193,9.188567404060668,9.804268784269143,False,69.10123819767823,formal_m1_center_not_selected,-0.8114325959393316,-0.1957312157308575,-0.8114325959393316,True,68.52753981433278,SELECTION_LOST
F2D000048,F2V000048,published_qpp_pdcsap_all,calibration_pair,PUBLISHED_QPP_REPRODUCED,WEp1,P05,ELIGIBLE_FOR_AFINO,,NOT_SELECTED,16.178785127059893,18.535145701884804,19.41179262513571,-2.3563605748249117,0.876646923250906,False,136.30001350068326,formal_m1_center_not_selected,-12.356360574824912,-9.123353076749094,-12.356360574824912,True,68.52753981433278,SELECTION_LOST
F2D000049,F2V000049,published_qpp_pdcsap_all,calibration_pair,PUBLISHED_QPP_REPRODUCED,WEp2,P00,ELIGIBLE_FOR_AFINO,,NOT_SELECTED,16.829484360882386,11.146313132419882,18.419077942280364,5.683171228462504,7.272764809860481,False,69.1851162697432,formal_m1_center_not_selected,-4.316828771537496,-2.7272351901395187,-4.316828771537496,True,68.52753981433278,SELECTION_LOST
F2D000050,F2V000050,published_qpp_pdcsap_all,calibration_pair,PUBLISHED_QPP_REPRODUCED,WEp2,P01,ELIGIBLE_FOR_AFINO,,NOT_SELECTED,16.045219422656047,17.764967367327,19.0426155181474,-1.719747944670953,1.2776481508204007,False,140.5635570397241,formal_m1_center_not_selected,-11.719747944670953,-8.7223518491796,-11.719747944670953,True,68.52753981433278,SELECTION_LOST
F2D000051,F2V000051,published_qpp_pdcsap_all,calibration_pair,PUBLISHED_QPP_REPRODUCED,WEp2,P02,ELIGIBLE_FOR_AFINO,,NOT_SELECTED,16.829484360882386,11.146313132419882,18.419077942280364,5.683171228462504,7.272764809860481,False,69.1851162697432,formal_m1_center_not_selected,-4.316828771537496,-2.7272351901395187,-4.316828771537496,True,68.52753981433278,SELECTION_LOST
F2D000052,F2V000052,published_qpp_pdcsap_all,calibration_pair,PUBLISHED_QPP_REPRODUCED,WEp2,P03,ELIGIBLE_FOR_AFINO,,NOT_SELECTED,16.045219422656047,17.764967367327,19.0426155181474,-1.719747944670953,1.2776481508204007,False,140.5635570397241,formal_m1_center_not_selected,-11.719747944670953,-8.7223518491796,-11.719747944670953,True,68.52753981433278,SELECTION_LOST
F2D000053,F2V000053,published_qpp_pdcsap_all,calibration_pair,PUBLISHED_QPP_REPRODUCED,WEp2,P04,ELIGIBLE_FOR_AFINO,,NOT_SELECTED,17.730757489628694,12.271828595415041,19.43705572778679,5.458928894213653,7.165227132371751,False,69.14218190687353,formal_m1_center_not_selected,-4.541071105786347,-2.8347728676282493,-4.541071105786347,True,68.52753981433278,SELECTION_LOST
F2D000054,F2V000054,published_qpp_pdcsap_all,calibration_pair,PUBLISHED_QPP_REPRODUCED,WEp2,P05,ELIGIBLE_FOR_AFINO,,NOT_SELECTED,16.10659563127279,17.632868051624214,19.107563435515736,-1.5262724203514253,1.4746953838915218,False,140.43760862825016,formal_m1_center_not_selected,-11.526272420351425,-8.525304616108478,-11.526272420351425,True,68.52753981433278,SELECTION_LOST
F2D000055,F2V000055,published_qpp_pdcsap_all,calibration_pair,PUBLISHED_QPP_REPRODUCED,WX1,P00,ELIGIBLE_FOR_AFINO,,NOT_SELECTED,13.640352267526644,6.183423949068615,10.624312477177936,7.456928318458029,4.440888528109321,False,75.704152806897,formal_m1_center_not_selected,-2.5430716815419707,-5.559111471890679,-5.559111471890679,True,68.52753981433278,SELECTION_LOST
F2D000056,F2V000056,published_qpp_pdcsap_all,calibration_pair,PUBLISHED_QPP_REPRODUCED,WX1,P01,ELIGIBLE_FOR_AFINO,,NOT_SELECTED,17.01440474553424,18.41028477412573,20.38494882411318,-1.3958800285914919,1.9746640499874495,False,148.06188711330478,formal_m1_center_not_selected,-11.395880028591492,-8.02533595001255,-11.395880028591492,True,68.52753981433278,SELECTION_LOST
F2D000057,F2V000057,published_qpp_pdcsap_all,calibration_pair,PUBLISHED_QPP_REPRODUCED,WX1,P02,ELIGIBLE_FOR_AFINO,,NOT_SELECTED,13.640352267526644,6.183423949068615,10.624312477177936,7.456928318458029,4.440888528109321,False,75.704152806897,formal_m1_center_not_selected,-2.5430716815419707,-5.559111471890679,-5.559111471890679,True,68.52753981433278,SELECTION_LOST
F2D000058,F2V000058,published_qpp_pdcsap_all,calibration_pair,PUBLISHED_QPP_REPRODUCED,WX1,P03,ELIGIBLE_FOR_AFINO,,NOT_SELECTED,17.01440474553424,18.41028477412573,20.38494882411318,-1.3958800285914919,1.9746640499874495,False,148.06188711330478,formal_m1_center_not_selected,-11.395880028591492,-8.02533595001255,-11.395880028591492,True,68.52753981433278,SELECTION_LOST
F2D000059,F2V000059,published_qpp_pdcsap_all,calibration_pair,PUBLISHED_QPP_REPRODUCED,WX1,P04,ELIGIBLE_FOR_AFINO,,NOT_SELECTED,11.89351416404936,4.585969657981851,8.782578778123531,7.30754450606751,4.19660912014168,False,76.0899326330699,formal_m1_center_not_selected,-2.6924554939324903,-5.80339087985832,-5.80339087985832,True,68.52753981433278,SELECTION_LOST
F2D000060,F2V000060,published_qpp_pdcsap_all,calibration_pair,PUBLISHED_QPP_REPRODUCED,WX1,P05,ELIGIBLE_FOR_AFINO,,NOT_SELECTED,17.09622726508395,18.995109985476567,20.466080616690213,-1.898882720392617,1.4709706312136461,False,149.08005705745035,formal_m1_center_not_selected,-11.898882720392617,-8.529029368786354,-11.898882720392617,True,68.52753981433278,SELECTION_LOST
F2D000061,F2V000061,published_qpp_pdcsap_all,calibration_pair,PUBLISHED_QPP_REPRODUCED,WC1,P00,TOO_FEW_CADENCES,13 retained cadences; minimum is 15.,INPUT_INADMISSIBLE,,,,,,,,,,,,True,68.52753981433278,INPUT_INADMISSIBLE
F2D000062,F2V000062,published_qpp_pdcsap_all,calibration_pair,PUBLISHED_QPP_REPRODUCED,WC1,P01,TOO_FEW_CADENCES,13 retained cadences; minimum is 15.,INPUT_INADMISSIBLE,,,,,,,,,,,,True,68.52753981433278,INPUT_INADMISSIBLE
F2D000063,F2V000063,published_qpp_pdcsap_all,calibration_pair,PUBLISHED_QPP_REPRODUCED,WC1,P02,TOO_FEW_CADENCES,13 retained cadences; minimum is 15.,INPUT_INADMISSIBLE,,,,,,,,,,,,True,68.52753981433278,INPUT_INADMISSIBLE
F2D000064,F2V000064,published_qpp_pdcsap_all,calibration_pair,PUBLISHED_QPP_REPRODUCED,WC1,P03,TOO_FEW_CADENCES,13 retained cadences; minimum is 15.,INPUT_INADMISSIBLE,,,,,,,,,,,,True,68.52753981433278,INPUT_INADMISSIBLE
F2D000065,F2V000065,published_qpp_pdcsap_all,calibration_pair,PUBLISHED_QPP_REPRODUCED,WC1,P04,TOO_FEW_CADENCES,13 retained cadences; minimum is 15.,INPUT_INADMISSIBLE,,,,,,,,,,,,True,68.52753981433278,INPUT_INADMISSIBLE
F2D000066,F2V000066,published_qpp_pdcsap_all,calibration_pair,PUBLISHED_QPP_REPRODUCED,WC1,P05,TOO_FEW_CADENCES,13 retained cadences; minimum is 15.,INPUT_INADMISSIBLE,,,,,,,,,,,,True,68.52753981433278,INPUT_INADMISSIBLE
F2D000067,F2V000067,published_qpp_pdcsap_all,calibration_pair,PUBLISHED_QPP_REPRODUCED,WX2,P00,ELIGIBLE_FOR_AFINO,,NOT_SELECTED,7.819153036023525,8.342772438203951,8.623695401469123,-0.5236194021804268,0.2809229632651711,False,86.11771880248072,formal_m1_center_not_selected,-10.523619402180426,-9.719077036734829,-10.523619402180426,True,68.52753981433278,SELECTION_LOST
F2D000068,F2V000068,published_qpp_pdcsap_all,calibration_pair,PUBLISHED_QPP_REPRODUCED,WX2,P01,ELIGIBLE_FOR_AFINO,,NOT_SELECTED,17.23047389104103,15.401604805557186,20.558706171702585,1.8288690854838432,5.157101366145399,False,151.7232284656436,formal_m1_center_not_selected,-8.171130914516157,-4.842898633854601,-8.171130914516157,True,68.52753981433278,SELECTION_LOST
F2D000069,F2V000069,published_qpp_pdcsap_all,calibration_pair,PUBLISHED_QPP_REPRODUCED,WX2,P02,ELIGIBLE_FOR_AFINO,,NOT_SELECTED,7.819153036023525,8.342772438203951,8.623695401469123,-0.5236194021804268,0.2809229632651711,False,86.11771880248072,formal_m1_center_not_selected,-10.523619402180426,-9.719077036734829,-10.523619402180426,True,68.52753981433278,SELECTION_LOST
F2D000070,F2V000070,published_qpp_pdcsap_all,calibration_pair,PUBLISHED_QPP_REPRODUCED,WX2,P03,ELIGIBLE_FOR_AFINO,,NOT_SELECTED,17.23047389104103,15.401604805557186,20.558706171702585,1.8288690854838432,5.157101366145399,False,151.7232284656436,formal_m1_center_not_selected,-8.171130914516157,-4.842898633854601,-8.171130914516157,True,68.52753981433278,SELECTION_LOST
F2D000071,F2V000071,published_qpp_pdcsap_all,calibration_pair,PUBLISHED_QPP_REPRODUCED,WX2,P04,ELIGIBLE_FOR_AFINO,,NOT_SELECTED,2.4613671243153936,4.015207410209172,3.4957394297135327,-1.553840285893778,-0.519467980495639,False,84.66118822987099,formal_m1_center_not_selected,-11.553840285893777,-10.519467980495639,-11.553840285893777,True,68.52753981433278,SELECTION_LOST
F2D000072,F2V000072,published_qpp_pdcsap_all,calibration_pair,PUBLISHED_QPP_REPRODUCED,WX2,P05,ELIGIBLE_FOR_AFINO,,NOT_SELECTED,17.77839537172601,19.91637095430419,21.095316364423713,-2.1379755825781785,1.1789454101195247,False,153.50897132891677,formal_m1_center_not_selected,-12.137975582578179,-8.821054589880475,-12.137975582578179,True,68.52753981433278,SELECTION_LOST
F2D000073,F2V000073,published_qpp_pdcsap_all,calibration_pair,PUBLISHED_QPP_REPRODUCED,WC2,P00,TOO_FEW_CADENCES,11 retained cadences; minimum is 15.,INPUT_INADMISSIBLE,,,,,,,,,,,,True,68.52753981433278,INPUT_INADMISSIBLE
F2D000074,F2V000074,published_qpp_pdcsap_all,calibration_pair,PUBLISHED_QPP_REPRODUCED,WC2,P01,TOO_FEW_CADENCES,11 retained cadences; minimum is 15.,INPUT_INADMISSIBLE,,,,,,,,,,,,True,68.52753981433278,INPUT_INADMISSIBLE
F2D000075,F2V000075,published_qpp_pdcsap_all,calibration_pair,PUBLISHED_QPP_REPRODUCED,WC2,P02,TOO_FEW_CADENCES,11 retained cadences; minimum is 15.,INPUT_INADMISSIBLE,,,,,,,,,,,,True,68.52753981433278,INPUT_INADMISSIBLE
F2D000076,F2V000076,published_qpp_pdcsap_all,calibration_pair,PUBLISHED_QPP_REPRODUCED,WC2,P03,TOO_FEW_CADENCES,11 retained cadences; minimum is 15.,INPUT_INADMISSIBLE,,,,,,,,,,,,True,68.52753981433278,INPUT_INADMISSIBLE
F2D000077,F2V000077,published_qpp_pdcsap_all,calibration_pair,PUBLISHED_QPP_REPRODUCED,WC2,P04,TOO_FEW_CADENCES,11 retained cadences; minimum is 15.,INPUT_INADMISSIBLE,,,,,,,,,,,,True,68.52753981433278,INPUT_INADMISSIBLE
F2D000078,F2V000078,published_qpp_pdcsap_all,calibration_pair,PUBLISHED_QPP_REPRODUCED,WC2,P05,TOO_FEW_CADENCES,11 retained cadences; minimum is 15.,INPUT_INADMISSIBLE,,,,,,,,,,,,True,68.52753981433278,INPUT_INADMISSIBLE
F2D000079,F2V000079,notselected_pdcsap_all,calibration_pair,MATCHED_NOT_SELECTED,W00,P00,ELIGIBLE_FOR_AFINO,,NOT_SELECTED,2.5217520926165817,8.25531791071572,6.371951683241156,-5.733565818099137,-1.8833662274745633,False,49.97945473103294,formal_m1_center_not_selected,-15.733565818099137,-11.883366227474564,-15.733565818099137,False,49.97945473103294,NOT_SELECTED_RETAINED
F2D000080,F2V000080,notselected_pdcsap_all,calibration_pair,MATCHED_NOT_SELECTED,W00,P01,ELIGIBLE_FOR_AFINO,,NOT_SELECTED,5.877822992036963,9.272108838517465,9.638038106404483,-3.3942858464805017,0.36592926788701874,False,45.92914030680811,formal_m1_center_not_selected,-13.394285846480502,-9.634070732112981,-13.394285846480502,False,49.97945473103294,NOT_SELECTED_RETAINED
F2D000081,F2V000081,notselected_pdcsap_all,calibration_pair,MATCHED_NOT_SELECTED,W00,P02,TOO_FEW_CADENCES,14 retained cadences; minimum is 15.,INPUT_INADMISSIBLE,,,,,,,,,,,,False,49.97945473103294,INPUT_INADMISSIBLE
F2D000082,F2V000082,notselected_pdcsap_all,calibration_pair,MATCHED_NOT_SELECTED,W00,P03,TOO_FEW_CADENCES,14 retained cadences; minimum is 15.,INPUT_INADMISSIBLE,,,,,,,,,,,,False,49.97945473103294,INPUT_INADMISSIBLE
F2D000083,F2V000083,notselected_pdcsap_all,calibration_pair,MATCHED_NOT_SELECTED,W00,P04,ELIGIBLE_FOR_AFINO,,NOT_SELECTED,1.328907727089955,7.058238405353782,5.1747595446774595,-5.7293306782638265,-1.8834788606763224,False,49.04973615704655,formal_m1_center_not_selected,-15.729330678263826,-11.883478860676323,-15.729330678263826,False,49.97945473103294,NOT_SELECTED_RETAINED
F2D000084,F2V000084,notselected_pdcsap_all,calibration_pair,MATCHED_NOT_SELECTED,W00,P05,ELIGIBLE_FOR_AFINO,,NOT_SELECTED,5.777675663686054,9.16246169385554,9.53402782896993,-3.3847860301694865,0.37156613511438863,False,45.92919598107799,formal_m1_center_not_selected,-13.384786030169487,-9.628433864885611,-13.384786030169487,False,49.97945473103294,NOT_SELECTED_RETAINED
F2D000085,F2V000085,notselected_pdcsap_all,calibration_pair,MATCHED_NOT_SELECTED,WSm2,P00,ELIGIBLE_FOR_AFINO,,NOT_SELECTED,-4.145585759240004,1.624962811282348,-0.4657380903778403,-5.770548570522352,-2.0907009016601883,False,162.31605568482271,formal_m1_center_not_selected,-15.770548570522351,-12.090700901660188,-15.770548570522351,False,49.97945473103294,NOT_SELECTED_RETAINED
F2D000086,F2V000086,notselected_pdcsap_all,calibration_pair,MATCHED_NOT_SELECTED,WSm2,P01,ELIGIBLE_FOR_AFINO,,NOT_SELECTED,-0.3877169612864124,2.449353782872766,2.6057205831867396,-2.8370707441591785,0.15636680031397354,False,45.07160747628686,formal_m1_center_not_selected,-12.837070744159178,-9.843633199686026,-12.837070744159178,False,49.97945473103294,NOT_SELECTED_RETAINED
F2D000087,F2V000087,notselected_pdcsap_all,calibration_pair,MATCHED_NOT_SELECTED,WSm2,P02,IRREGULAR_SAMPLING,retained_indices_not_consecutive|interval_deviation_gt_0.001_s,INPUT_INADMISSIBLE,,,,,,,,,,,,False,49.97945473103294,INPUT_INADMISSIBLE
F2D000088,F2V000088,notselected_pdcsap_all,calibration_pair,MATCHED_NOT_SELECTED,WSm2,P03,IRREGULAR_SAMPLING,retained_indices_not_consecutive|interval_deviation_gt_0.001_s,INPUT_INADMISSIBLE,,,,,,,,,,,,False,49.97945473103294,INPUT_INADMISSIBLE
F2D000089,F2V000089,notselected_pdcsap_all,calibration_pair,MATCHED_NOT_SELECTED,WSm2,P04,ELIGIBLE_FOR_AFINO,,NOT_SELECTED,-5.318060299356607,0.35816943794590017,-1.7725075604150415,-5.676229737302507,-2.1306769983609417,False,182.00239087387456,formal_m1_center_not_selected,-15.676229737302506,-12.130676998360942,-15.676229737302506,False,49.97945473103294,NOT_SELECTED_RETAINED
F2D000090,F2V000090,notselected_pdcsap_all,calibration_pair,MATCHED_NOT_SELECTED,WSm2,P05,ELIGIBLE_FOR_AFINO,,NOT_SELECTED,-1.2691537551942753,1.457525720398035,1.6450270567171064,-2.7266794755923103,0.1875013363190714,False,45.074687586235285,formal_m1_center_not_selected,-12.72667947559231,-9.812498663680929,-12.72667947559231,False,49.97945473103294,NOT_SELECTED_RETAINED
F2D000091,F2V000091,notselected_pdcsap_all,calibration_pair,MATCHED_NOT_SELECTED,WSm1,P00,ELIGIBLE_FOR_AFINO,,NOT_SELECTED,0.9448873184324262,6.605443411684096,4.695139292539131,-5.660556093251669,-1.910304119144965,False,48.90420936914788,formal_m1_center_not_selected,-15.66055609325167,-11.910304119144964,-15.66055609325167,False,49.97945473103294,NOT_SELECTED_RETAINED
F2D000092,F2V000092,notselected_pdcsap_all,calibration_pair,MATCHED_NOT_SELECTED,WSm1,P01,ELIGIBLE_FOR_AFINO,,NOT_SELECTED,1.8981043931546107,5.28357955157634,5.1568984942431735,-3.385475158421729,-0.12668105733316626,False,48.3410501759666,formal_m1_center_not_selected,-13.385475158421729,-10.126681057333165,-13.385475158421729,False,49.97945473103294,NOT_SELECTED_RETAINED
F2D000093,F2V000093,notselected_pdcsap_all,calibration_pair,MATCHED_NOT_SELECTED,WSm1,P02,IRREGULAR_SAMPLING,retained_indices_not_consecutive|interval_deviation_gt_0.001_s,INPUT_INADMISSIBLE,,,,,,,,,,,,False,49.97945473103294,INPUT_INADMISSIBLE
F2D000094,F2V000094,notselected_pdcsap_all,calibration_pair,MATCHED_NOT_SELECTED,WSm1,P03,IRREGULAR_SAMPLING,retained_indices_not_consecutive|interval_deviation_gt_0.001_s,INPUT_INADMISSIBLE,,,,,,,,,,,,False,49.97945473103294,INPUT_INADMISSIBLE
F2D000095,F2V000095,notselected_pdcsap_all,calibration_pair,MATCHED_NOT_SELECTED,WSm1,P04,ELIGIBLE_FOR_AFINO,,NOT_SELECTED,-0.5798322906739224,5.03810927074065,3.071969752183775,-5.617941561414572,-1.9661395185568749,False,188.76968697714125,formal_m1_center_not_selected,-15.617941561414572,-11.966139518556876,-15.617941561414572,False,49.97945473103294,NOT_SELECTED_RETAINED
F2D000096,F2V000096,notselected_pdcsap_all,calibration_pair,MATCHED_NOT_SELECTED,WSm1,P05,ELIGIBLE_FOR_AFINO,,NOT_SELECTED,0.825919128926667,4.09610247449011,4.0138264046111685,-3.2701833455634426,-0.0822760698789411,False,48.347988610272544,formal_m1_center_not_selected,-13.270183345563442,-10.08227606987894,-13.270183345563442,False,49.97945473103294,NOT_SELECTED_RETAINED
F2D000097,F2V000097,notselected_pdcsap_all,calibration_pair,MATCHED_NOT_SELECTED,WSp1,P00,TOO_FEW_CADENCES,14 retained cadences; minimum is 15.,INPUT_INADMISSIBLE,,,,,,,,,,,,False,49.97945473103294,INPUT_INADMISSIBLE
F2D000098,F2V000098,notselected_pdcsap_all,calibration_pair,MATCHED_NOT_SELECTED,WSp1,P01,TOO_FEW_CADENCES,14 retained cadences; minimum is 15.,INPUT_INADMISSIBLE,,,,,,,,,,,,False,49.97945473103294,INPUT_INADMISSIBLE
F2D000099,F2V000099,notselected_pdcsap_all,calibration_pair,MATCHED_NOT_SELECTED,WSp1,P02,TOO_FEW_CADENCES,13 retained cadences; minimum is 15.,INPUT_INADMISSIBLE,,,,,,,,,,,,False,49.97945473103294,INPUT_INADMISSIBLE
F2D000100,F2V000100,notselected_pdcsap_all,calibration_pair,MATCHED_NOT_SELECTED,WSp1,P03,TOO_FEW_CADENCES,13 retained cadences; minimum is 15.,INPUT_INADMISSIBLE,,,,,,,,,,,,False,49.97945473103294,INPUT_INADMISSIBLE
F2D000101,F2V000101,notselected_pdcsap_all,calibration_pair,MATCHED_NOT_SELECTED,WSp1,P04,TOO_FEW_CADENCES,14 retained cadences; minimum is 15.,INPUT_INADMISSIBLE,,,,,,,,,,,,False,49.97945473103294,INPUT_INADMISSIBLE
F2D000102,F2V000102,notselected_pdcsap_all,calibration_pair,MATCHED_NOT_SELECTED,WSp1,P05,TOO_FEW_CADENCES,14 retained cadences; minimum is 15.,INPUT_INADMISSIBLE,,,,,,,,,,,,False,49.97945473103294,INPUT_INADMISSIBLE
F2D000103,F2V000103,notselected_pdcsap_all,calibration_pair,MATCHED_NOT_SELECTED,WSp2,P00,TOO_FEW_CADENCES,13 retained cadences; minimum is 15.,INPUT_INADMISSIBLE,,,,,,,,,,,,False,49.97945473103294,INPUT_INADMISSIBLE
F2D000104,F2V000104,notselected_pdcsap_all,calibration_pair,MATCHED_NOT_SELECTED,WSp2,P01,TOO_FEW_CADENCES,13 retained cadences; minimum is 15.,INPUT_INADMISSIBLE,,,,,,,,,,,,False,49.97945473103294,INPUT_INADMISSIBLE
F2D000105,F2V000105,notselected_pdcsap_all,calibration_pair,MATCHED_NOT_SELECTED,WSp2,P02,TOO_FEW_CADENCES,12 retained cadences; minimum is 15.,INPUT_INADMISSIBLE,,,,,,,,,,,,False,49.97945473103294,INPUT_INADMISSIBLE
F2D000106,F2V000106,notselected_pdcsap_all,calibration_pair,MATCHED_NOT_SELECTED,WSp2,P03,TOO_FEW_CADENCES,12 retained cadences; minimum is 15.,INPUT_INADMISSIBLE,,,,,,,,,,,,False,49.97945473103294,INPUT_INADMISSIBLE
F2D000107,F2V000107,notselected_pdcsap_all,calibration_pair,MATCHED_NOT_SELECTED,WSp2,P04,TOO_FEW_CADENCES,13 retained cadences; minimum is 15.,INPUT_INADMISSIBLE,,,,,,,,,,,,False,49.97945473103294,INPUT_INADMISSIBLE
F2D000108,F2V000108,notselected_pdcsap_all,calibration_pair,MATCHED_NOT_SELECTED,WSp2,P05,TOO_FEW_CADENCES,13 retained cadences; minimum is 15.,INPUT_INADMISSIBLE,,,,,,,,,,,,False,49.97945473103294,INPUT_INADMISSIBLE
F2D000109,F2V000109,notselected_pdcsap_all,calibration_pair,MATCHED_NOT_SELECTED,WEm2,P00,TOO_FEW_CADENCES,13 retained cadences; minimum is 15.,INPUT_INADMISSIBLE,,,,,,,,,,,,False,49.97945473103294,INPUT_INADMISSIBLE
F2D000110,F2V000110,notselected_pdcsap_all,calibration_pair,MATCHED_NOT_SELECTED,WEm2,P01,TOO_FEW_CADENCES,13 retained cadences; minimum is 15.,INPUT_INADMISSIBLE,,,,,,,,,,,,False,49.97945473103294,INPUT_INADMISSIBLE
F2D000111,F2V000111,notselected_pdcsap_all,calibration_pair,MATCHED_NOT_SELECTED,WEm2,P02,TOO_FEW_CADENCES,12 retained cadences; minimum is 15.,INPUT_INADMISSIBLE,,,,,,,,,,,,False,49.97945473103294,INPUT_INADMISSIBLE
F2D000112,F2V000112,notselected_pdcsap_all,calibration_pair,MATCHED_NOT_SELECTED,WEm2,P03,TOO_FEW_CADENCES,12 retained cadences; minimum is 15.,INPUT_INADMISSIBLE,,,,,,,,,,,,False,49.97945473103294,INPUT_INADMISSIBLE
F2D000113,F2V000113,notselected_pdcsap_all,calibration_pair,MATCHED_NOT_SELECTED,WEm2,P04,TOO_FEW_CADENCES,13 retained cadences; minimum is 15.,INPUT_INADMISSIBLE,,,,,,,,,,,,False,49.97945473103294,INPUT_INADMISSIBLE
F2D000114,F2V000114,notselected_pdcsap_all,calibration_pair,MATCHED_NOT_SELECTED,WEm2,P05,TOO_FEW_CADENCES,13 retained cadences; minimum is 15.,INPUT_INADMISSIBLE,,,,,,,,,,,,False,49.97945473103294,INPUT_INADMISSIBLE
F2D000115,F2V000115,notselected_pdcsap_all,calibration_pair,MATCHED_NOT_SELECTED,WEm1,P00,TOO_FEW_CADENCES,14 retained cadences; minimum is 15.,INPUT_INADMISSIBLE,,,,,,,,,,,,False,49.97945473103294,INPUT_INADMISSIBLE
F2D000116,F2V000116,notselected_pdcsap_all,calibration_pair,MATCHED_NOT_SELECTED,WEm1,P01,TOO_FEW_CADENCES,14 retained cadences; minimum is 15.,INPUT_INADMISSIBLE,,,,,,,,,,,,False,49.97945473103294,INPUT_INADMISSIBLE
F2D000117,F2V000117,notselected_pdcsap_all,calibration_pair,MATCHED_NOT_SELECTED,WEm1,P02,TOO_FEW_CADENCES,13 retained cadences; minimum is 15.,INPUT_INADMISSIBLE,,,,,,,,,,,,False,49.97945473103294,INPUT_INADMISSIBLE
F2D000118,F2V000118,notselected_pdcsap_all,calibration_pair,MATCHED_NOT_SELECTED,WEm1,P03,TOO_FEW_CADENCES,13 retained cadences; minimum is 15.,INPUT_INADMISSIBLE,,,,,,,,,,,,False,49.97945473103294,INPUT_INADMISSIBLE
F2D000119,F2V000119,notselected_pdcsap_all,calibration_pair,MATCHED_NOT_SELECTED,WEm1,P04,TOO_FEW_CADENCES,14 retained cadences; minimum is 15.,INPUT_INADMISSIBLE,,,,,,,,,,,,False,49.97945473103294,INPUT_INADMISSIBLE
F2D000120,F2V000120,notselected_pdcsap_all,calibration_pair,MATCHED_NOT_SELECTED,WEm1,P05,TOO_FEW_CADENCES,14 retained cadences; minimum is 15.,INPUT_INADMISSIBLE,,,,,,,,,,,,False,49.97945473103294,INPUT_INADMISSIBLE
F2D000121,F2V000121,notselected_pdcsap_all,calibration_pair,MATCHED_NOT_SELECTED,WEp1,P00,ELIGIBLE_FOR_AFINO,,NOT_SELECTED,1.5680490516652568,7.3090525064668554,5.404355717922534,-5.741003454801598,-1.9046967885443218,False,234.31702537611292,formal_m1_center_not_selected,-15.741003454801598,-11.904696788544321,-15.741003454801598,False,49.97945473103294,NOT_SELECTED_RETAINED
F2D000122,F2V000122,notselected_pdcsap_all,calibration_pair,MATCHED_NOT_SELECTED,WEp1,P01,ELIGIBLE_FOR_AFINO,,NOT_SELECTED,3.192977022207795,6.237312942283664,7.055205157196055,-3.0443359200758686,0.8178922149123915,False,48.693549796747014,formal_m1_center_not_selected,-13.044335920075868,-9.18210778508761,-13.044335920075868,False,49.97945473103294,NOT_SELECTED_RETAINED
F2D000123,F2V000123,notselected_pdcsap_all,calibration_pair,MATCHED_NOT_SELECTED,WEp1,P02,IRREGULAR_SAMPLING,retained_indices_not_consecutive|interval_deviation_gt_0.001_s,INPUT_INADMISSIBLE,,,,,,,,,,,,False,49.97945473103294,INPUT_INADMISSIBLE
F2D000124,F2V000124,notselected_pdcsap_all,calibration_pair,MATCHED_NOT_SELECTED,WEp1,P03,IRREGULAR_SAMPLING,retained_indices_not_consecutive|interval_deviation_gt_0.001_s,INPUT_INADMISSIBLE,,,,,,,,,,,,False,49.97945473103294,INPUT_INADMISSIBLE
F2D000125,F2V000125,notselected_pdcsap_all,calibration_pair,MATCHED_NOT_SELECTED,WEp1,P04,ELIGIBLE_FOR_AFINO,,NOT_SELECTED,1.105628192358679,6.835605821088693,4.953157681418907,-5.729977628730014,-1.882448139669786,False,232.20315669219698,formal_m1_center_not_selected,-15.729977628730014,-11.882448139669787,-15.729977628730014,False,49.97945473103294,NOT_SELECTED_RETAINED
F2D000126,F2V000126,notselected_pdcsap_all,calibration_pair,MATCHED_NOT_SELECTED,WEp1,P05,ELIGIBLE_FOR_AFINO,,NOT_SELECTED,3.6200068665557583,6.722827651052086,7.487040220295525,-3.1028207844963274,0.7642125692434396,False,48.69077485571741,formal_m1_center_not_selected,-13.102820784496327,-9.23578743075656,-13.102820784496327,False,49.97945473103294,NOT_SELECTED_RETAINED
F2D000127,F2V000127,notselected_pdcsap_all,calibration_pair,MATCHED_NOT_SELECTED,WEp2,P00,ELIGIBLE_FOR_AFINO,,NOT_SELECTED,-2.935552581383475,2.8084095305905343,1.0804869525997294,-5.743962111974009,-1.727922577990805,False,49.04921057559891,formal_m1_center_not_selected,-15.74396211197401,-11.727922577990805,-15.74396211197401,False,49.97945473103294,NOT_SELECTED_RETAINED
F2D000128,F2V000128,notselected_pdcsap_all,calibration_pair,MATCHED_NOT_SELECTED,WEp2,P01,ELIGIBLE_FOR_AFINO,,NOT_SELECTED,0.902915507970536,4.676510191012824,5.049744062732119,-3.7735946830422877,0.3732338717192949,False,46.748839582900956,formal_m1_center_not_selected,-13.773594683042287,-9.626766128280705,-13.773594683042287,False,49.97945473103294,NOT_SELECTED_RETAINED
F2D000129,F2V000129,notselected_pdcsap_all,calibration_pair,MATCHED_NOT_SELECTED,WEp2,P02,IRREGULAR_SAMPLING,retained_indices_not_consecutive|interval_deviation_gt_0.001_s,INPUT_INADMISSIBLE,,,,,,,,,,,,False,49.97945473103294,INPUT_INADMISSIBLE
F2D000130,F2V000130,notselected_pdcsap_all,calibration_pair,MATCHED_NOT_SELECTED,WEp2,P03,IRREGULAR_SAMPLING,retained_indices_not_consecutive|interval_deviation_gt_0.001_s,INPUT_INADMISSIBLE,,,,,,,,,,,,False,49.97945473103294,INPUT_INADMISSIBLE
F2D000131,F2V000131,notselected_pdcsap_all,calibration_pair,MATCHED_NOT_SELECTED,WEp2,P04,ELIGIBLE_FOR_AFINO,,NOT_SELECTED,-2.121441636353528,3.6349140576314767,1.9003185296333456,-5.756355693985005,-1.734595527998131,False,49.059266966765435,formal_m1_center_not_selected,-15.756355693985004,-11.734595527998131,-15.756355693985004,False,49.97945473103294,NOT_SELECTED_RETAINED
F2D000132,F2V000132,notselected_pdcsap_all,calibration_pair,MATCHED_NOT_SELECTED,WEp2,P05,ELIGIBLE_FOR_AFINO,,NOT_SELECTED,2.4640786000495813,6.419863514536848,6.619350544908714,-3.9557849144872668,0.19948703037186633,False,46.734060355582464,formal_m1_center_not_selected,-13.955784914487268,-9.800512969628134,-13.955784914487268,False,49.97945473103294,NOT_SELECTED_RETAINED
F2D000133,F2V000133,notselected_pdcsap_all,calibration_pair,MATCHED_NOT_SELECTED,WX1,P00,ELIGIBLE_FOR_AFINO,,NOT_SELECTED,-2.3449785053616887,3.521334381093965,1.7507153247159888,-5.8663128864556535,-1.770619056377976,False,46.564611138784166,formal_m1_center_not_selected,-15.866312886455653,-11.770619056377976,-15.866312886455653,False,49.97945473103294,NOT_SELECTED_RETAINED
F2D000134,F2V000134,notselected_pdcsap_all,calibration_pair,MATCHED_NOT_SELECTED,WX1,P01,ELIGIBLE_FOR_AFINO,,NOT_SELECTED,1.0585963753122831,4.138137427438922,5.079557849154606,-3.079541052126639,0.9414204217156836,False,45.08922676439072,formal_m1_center_not_selected,-13.07954105212664,-9.058579578284316,-13.07954105212664,False,49.97945473103294,NOT_SELECTED_RETAINED
F2D000135,F2V000135,notselected_pdcsap_all,calibration_pair,MATCHED_NOT_SELECTED,WX1,P02,IRREGULAR_SAMPLING,retained_indices_not_consecutive|interval_deviation_gt_0.001_s,INPUT_INADMISSIBLE,,,,,,,,,,,,False,49.97945473103294,INPUT_INADMISSIBLE
F2D000136,F2V000136,notselected_pdcsap_all,calibration_pair,MATCHED_NOT_SELECTED,WX1,P03,IRREGULAR_SAMPLING,retained_indices_not_consecutive|interval_deviation_gt_0.001_s,INPUT_INADMISSIBLE,,,,,,,,,,,,False,49.97945473103294,INPUT_INADMISSIBLE
F2D000137,F2V000137,notselected_pdcsap_all,calibration_pair,MATCHED_NOT_SELECTED,WX1,P04,ELIGIBLE_FOR_AFINO,,NOT_SELECTED,-4.005165756360946,1.8409485347777519,0.03228590865972514,-5.846114291138698,-1.8086626261180268,False,46.60107802798112,formal_m1_center_not_selected,-15.846114291138697,-11.808662626118027,-15.846114291138697,False,49.97945473103294,NOT_SELECTED_RETAINED
F2D000138,F2V000138,notselected_pdcsap_all,calibration_pair,MATCHED_NOT_SELECTED,WX1,P05,ELIGIBLE_FOR_AFINO,,NOT_SELECTED,-0.17268837319082753,2.7925084884138904,3.517314422497023,-2.965196861604718,0.7248059340831325,False,45.08823201513195,formal_m1_center_not_selected,-12.965196861604717,-9.275194065916867,-12.965196861604717,False,49.97945473103294,NOT_SELECTED_RETAINED
F2D000139,F2V000139,notselected_pdcsap_all,calibration_pair,MATCHED_NOT_SELECTED,WC1,P00,TOO_FEW_CADENCES,13 retained cadences; minimum is 15.,INPUT_INADMISSIBLE,,,,,,,,,,,,False,49.97945473103294,INPUT_INADMISSIBLE
F2D000140,F2V000140,notselected_pdcsap_all,calibration_pair,MATCHED_NOT_SELECTED,WC1,P01,TOO_FEW_CADENCES,13 retained cadences; minimum is 15.,INPUT_INADMISSIBLE,,,,,,,,,,,,False,49.97945473103294,INPUT_INADMISSIBLE
F2D000141,F2V000141,notselected_pdcsap_all,calibration_pair,MATCHED_NOT_SELECTED,WC1,P02,TOO_FEW_CADENCES,12 retained cadences; minimum is 15.,INPUT_INADMISSIBLE,,,,,,,,,,,,False,49.97945473103294,INPUT_INADMISSIBLE
F2D000142,F2V000142,notselected_pdcsap_all,calibration_pair,MATCHED_NOT_SELECTED,WC1,P03,TOO_FEW_CADENCES,12 retained cadences; minimum is 15.,INPUT_INADMISSIBLE,,,,,,,,,,,,False,49.97945473103294,INPUT_INADMISSIBLE
F2D000143,F2V000143,notselected_pdcsap_all,calibration_pair,MATCHED_NOT_SELECTED,WC1,P04,TOO_FEW_CADENCES,13 retained cadences; minimum is 15.,INPUT_INADMISSIBLE,,,,,,,,,,,,False,49.97945473103294,INPUT_INADMISSIBLE
F2D000144,F2V000144,notselected_pdcsap_all,calibration_pair,MATCHED_NOT_SELECTED,WC1,P05,TOO_FEW_CADENCES,13 retained cadences; minimum is 15.,INPUT_INADMISSIBLE,,,,,,,,,,,,False,49.97945473103294,INPUT_INADMISSIBLE
F2D000145,F2V000145,notselected_pdcsap_all,calibration_pair,MATCHED_NOT_SELECTED,WX2,P00,ELIGIBLE_FOR_AFINO,,NOT_SELECTED,-8.082990079657346,-2.065306169037065,-3.935280802918202,-6.017683910620281,-1.869974633881137,False,47.82138364387493,formal_m1_center_not_selected,-16.01768391062028,-11.869974633881137,-16.01768391062028,False,49.97945473103294,NOT_SELECTED_RETAINED
F2D000146,F2V000146,notselected_pdcsap_all,calibration_pair,MATCHED_NOT_SELECTED,WX2,P01,ELIGIBLE_FOR_AFINO,,NOT_SELECTED,-3.4900597639697972,-0.5882288419558499,0.5237693131778922,-2.9018309220139473,1.1119981551337421,False,45.61011339025,formal_m1_center_not_selected,-12.901830922013946,-8.888001844866258,-12.901830922013946,False,49.97945473103294,NOT_SELECTED_RETAINED
F2D000147,F2V000147,notselected_pdcsap_all,calibration_pair,MATCHED_NOT_SELECTED,WX2,P02,IRREGULAR_SAMPLING,retained_indices_not_consecutive|interval_deviation_gt_0.001_s,INPUT_INADMISSIBLE,,,,,,,,,,,,False,49.97945473103294,INPUT_INADMISSIBLE
F2D000148,F2V000148,notselected_pdcsap_all,calibration_pair,MATCHED_NOT_SELECTED,WX2,P03,IRREGULAR_SAMPLING,retained_indices_not_consecutive|interval_deviation_gt_0.001_s,INPUT_INADMISSIBLE,,,,,,,,,,,,False,49.97945473103294,INPUT_INADMISSIBLE
F2D000149,F2V000149,notselected_pdcsap_all,calibration_pair,MATCHED_NOT_SELECTED,WX2,P04,ELIGIBLE_FOR_AFINO,,NOT_SELECTED,-9.781164970449524,-3.78445201446441,-5.712035668170296,-5.996712955985114,-1.9275836537058861,False,47.85476682066273,formal_m1_center_not_selected,-15.996712955985114,-11.927583653705886,-15.996712955985114,False,49.97945473103294,NOT_SELECTED_RETAINED
F2D000150,F2V000150,notselected_pdcsap_all,calibration_pair,MATCHED_NOT_SELECTED,WX2,P05,ELIGIBLE_FOR_AFINO,,NOT_SELECTED,-4.885569371932079,-2.0934120696017366,-0.7181857020340896,-2.7921573023303425,1.375226367567647,False,45.638414858259566,formal_m1_center_not_selected,-12.792157302330342,-8.624773632432353,-12.792157302330342,False,49.97945473103294,NOT_SELECTED_RETAINED
F2D000151,F2V000151,notselected_pdcsap_all,calibration_pair,MATCHED_NOT_SELECTED,WC2,P00,TOO_FEW_CADENCES,11 retained cadences; minimum is 15.,INPUT_INADMISSIBLE,,,,,,,,,,,,False,49.97945473103294,INPUT_INADMISSIBLE
F2D000152,F2V000152,notselected_pdcsap_all,calibration_pair,MATCHED_NOT_SELECTED,WC2,P01,TOO_FEW_CADENCES,11 retained cadences; minimum is 15.,INPUT_INADMISSIBLE,,,,,,,,,,,,False,49.97945473103294,INPUT_INADMISSIBLE
F2D000153,F2V000153,notselected_pdcsap_all,calibration_pair,MATCHED_NOT_SELECTED,WC2,P02,TOO_FEW_CADENCES,10 retained cadences; minimum is 15.,INPUT_INADMISSIBLE,,,,,,,,,,,,False,49.97945473103294,INPUT_INADMISSIBLE
F2D000154,F2V000154,notselected_pdcsap_all,calibration_pair,MATCHED_NOT_SELECTED,WC2,P03,TOO_FEW_CADENCES,10 retained cadences; minimum is 15.,INPUT_INADMISSIBLE,,,,,,,,,,,,False,49.97945473103294,INPUT_INADMISSIBLE
F2D000155,F2V000155,notselected_pdcsap_all,calibration_pair,MATCHED_NOT_SELECTED,WC2,P04,TOO_FEW_CADENCES,11 retained cadences; minimum is 15.,INPUT_INADMISSIBLE,,,,,,,,,,,,False,49.97945473103294,INPUT_INADMISSIBLE
F2D000156,F2V000156,notselected_pdcsap_all,calibration_pair,MATCHED_NOT_SELECTED,WC2,P05,TOO_FEW_CADENCES,11 retained cadences; minimum is 15.,INPUT_INADMISSIBLE,,,,,,,,,,,,False,49.97945473103294,INPUT_INADMISSIBLE
F2D000157,F2V000157,P1_published_qpp_pdcsap_all,P1,PUBLISHED_QPP_REPRODUCED,W00,P00,ELIGIBLE_FOR_AFINO,,SELECTED,-45.31829188713425,-62.87625612322601,-42.8886930198791,17.557964236091756,19.987563103346908,True,56.05824516433813,recovered_period_selected,7.557964236091756,9.987563103346908,7.557964236091756,True,56.05824516433813,SELECTED_RETAINED
F2D000158,F2V000158,P1_published_qpp_pdcsap_all,P1,PUBLISHED_QPP_REPRODUCED,W00,P01,ELIGIBLE_FOR_AFINO,,SELECTED,-26.97455252379938,-43.370810804680055,-23.457461641970106,16.396258280880673,19.91334916270995,True,55.74228038434222,recovered_period_selected,6.396258280880673,9.913349162709949,6.396258280880673,True,56.05824516433813,SELECTED_RETAINED
F2D000159,F2V000159,P1_published_qpp_pdcsap_all,P1,PUBLISHED_QPP_REPRODUCED,W00,P02,IRREGULAR_SAMPLING,retained_indices_not_consecutive|interval_deviation_gt_0.001_s,INPUT_INADMISSIBLE,,,,,,,,,,,,True,56.05824516433813,INPUT_INADMISSIBLE
F2D000160,F2V000160,P1_published_qpp_pdcsap_all,P1,PUBLISHED_QPP_REPRODUCED,W00,P03,IRREGULAR_SAMPLING,retained_indices_not_consecutive|interval_deviation_gt_0.001_s,INPUT_INADMISSIBLE,,,,,,,,,,,,True,56.05824516433813,INPUT_INADMISSIBLE
F2D000161,F2V000161,P1_published_qpp_pdcsap_all,P1,PUBLISHED_QPP_REPRODUCED,W00,P04,ELIGIBLE_FOR_AFINO,,SELECTED,-42.00460266819137,-59.24335223203337,-39.53018803177669,17.238749563842,19.713164200256678,True,56.06036161527444,recovered_period_selected,7.238749563841999,9.713164200256678,7.238749563841999,True,56.05824516433813,SELECTED_RETAINED
F2D000162,F2V000162,P1_published_qpp_pdcsap_all,P1,PUBLISHED_QPP_REPRODUCED,W00,P05,ELIGIBLE_FOR_AFINO,,SELECTED,-23.69700795042193,-39.84953020476776,-20.11409324627077,16.15252225434583,19.73543695849699,True,55.74988906642899,recovered_period_selected,6.152522254345829,9.73543695849699,6.152522254345829,True,56.05824516433813,SELECTED_RETAINED
F2D000163,F2V000163,P1_published_qpp_pdcsap_all,P1,PUBLISHED_QPP_REPRODUCED,WSm2,P00,ELIGIBLE_FOR_AFINO,,SELECTED,-53.96340901746265,-71.68170323342099,-52.70862469282469,17.718294215958338,18.973078540596298,True,55.48077942790212,recovered_period_selected,7.718294215958338,8.973078540596298,7.718294215958338,True,56.05824516433813,SELECTED_RETAINED
F2D000164,F2V000164,P1_published_qpp_pdcsap_all,P1,PUBLISHED_QPP_REPRODUCED,WSm2,P01,ELIGIBLE_FOR_AFINO,,SELECTED,-35.10169427010668,-50.377842035020734,-30.304607920301095,15.276147764914057,20.07323411471964,True,56.93728310605459,recovered_period_selected,5.276147764914057,10.07323411471964,5.276147764914057,True,56.05824516433813,SELECTED_RETAINED
F2D000165,F2V000165,P1_published_qpp_pdcsap_all,P1,PUBLISHED_QPP_REPRODUCED,WSm2,P02,IRREGULAR_SAMPLING,retained_indices_not_consecutive|interval_deviation_gt_0.001_s,INPUT_INADMISSIBLE,,,,,,,,,,,,True,56.05824516433813,INPUT_INADMISSIBLE
F2D000166,F2V000166,P1_published_qpp_pdcsap_all,P1,PUBLISHED_QPP_REPRODUCED,WSm2,P03,IRREGULAR_SAMPLING,retained_indices_not_consecutive|interval_deviation_gt_0.001_s,INPUT_INADMISSIBLE,,,,,,,,,,,,True,56.05824516433813,INPUT_INADMISSIBLE
F2D000167,F2V000167,P1_published_qpp_pdcsap_all,P1,PUBLISHED_QPP_REPRODUCED,WSm2,P04,ELIGIBLE_FOR_AFINO,,SELECTED,-55.79554932692157,-73.53996793663461,-54.52959762833389,17.744418609713044,19.010370308300722,True,55.48041601410182,recovered_period_selected,7.744418609713044,9.010370308300722,7.744418609713044,True,56.05824516433813,SELECTED_RETAINED
F2D000168,F2V000168,P1_published_qpp_pdcsap_all,P1,PUBLISHED_QPP_REPRODUCED,WSm2,P05,ELIGIBLE_FOR_AFINO,,SELECTED,-36.841609792134236,-52.16442774046233,-34.42730036254376,15.322817948328094,17.73712737791857,True,56.962293139423565,recovered_period_selected,5.322817948328094,7.7371273779185685,5.322817948328094,True,56.05824516433813,SELECTED_RETAINED
F2D000169,F2V000169,P1_published_qpp_pdcsap_all,P1,PUBLISHED_QPP_REPRODUCED,WSm1,P00,ELIGIBLE_FOR_AFINO,,SELECTED,-46.08721459239415,-57.80410151692029,-44.295940886583544,11.716886924526143,13.508160630336747,True,56.48804109633609,recovered_period_selected,1.7168869245261433,3.5081606303367465,1.7168869245261433,True,56.05824516433813,SELECTED_RETAINED
F2D000170,F2V000170,P1_published_qpp_pdcsap_all,P1,PUBLISHED_QPP_REPRODUCED,WSm1,P01,ELIGIBLE_FOR_AFINO,,SELECTED,-28.343586175189692,-40.58577729989225,-25.399004366508954,12.242191124702558,15.186772933383295,True,57.06830498268018,recovered_period_selected,2.2421911247025577,5.1867729333832955,2.2421911247025577,True,56.05824516433813,SELECTED_RETAINED
F2D000171,F2V000171,P1_published_qpp_pdcsap_all,P1,PUBLISHED_QPP_REPRODUCED,WSm1,P02,IRREGULAR_SAMPLING,retained_indices_not_consecutive|interval_deviation_gt_0.001_s,INPUT_INADMISSIBLE,,,,,,,,,,,,True,56.05824516433813,INPUT_INADMISSIBLE
F2D000172,F2V000172,P1_published_qpp_pdcsap_all,P1,PUBLISHED_QPP_REPRODUCED,WSm1,P03,IRREGULAR_SAMPLING,retained_indices_not_consecutive|interval_deviation_gt_0.001_s,INPUT_INADMISSIBLE,,,,,,,,,,,,True,56.05824516433813,INPUT_INADMISSIBLE
F2D000173,F2V000173,P1_published_qpp_pdcsap_all,P1,PUBLISHED_QPP_REPRODUCED,WSm1,P04,ELIGIBLE_FOR_AFINO,,SELECTED,-46.096166742981005,-57.81365735842645,-44.30496180452672,11.717490615445442,13.508695553899727,True,56.48809821324124,recovered_period_selected,1.717490615445442,3.5086955538997273,1.717490615445442,True,56.05824516433813,SELECTED_RETAINED
F2D000174,F2V000174,P1_published_qpp_pdcsap_all,P1,PUBLISHED_QPP_REPRODUCED,WSm1,P05,ELIGIBLE_FOR_AFINO,,SELECTED,-28.17314112880335,-40.40105011320946,-25.225363467635702,12.227908984406106,15.175686645573755,True,57.06593152137112,recovered_period_selected,2.227908984406106,5.175686645573755,2.227908984406106,True,56.05824516433813,SELECTED_RETAINED
F2D000175,F2V000175,P1_published_qpp_pdcsap_all,P1,PUBLISHED_QPP_REPRODUCED,WSp1,P00,ELIGIBLE_FOR_AFINO,,SELECTED,-37.8262873631456,-49.077844095176,-34.827146782203194,11.251556732030394,14.250697312972804,True,55.02136524119224,recovered_period_selected,1.2515567320303944,4.250697312972804,1.2515567320303944,True,56.05824516433813,SELECTED_RETAINED
F2D000176,F2V000176,P1_published_qpp_pdcsap_all,P1,PUBLISHED_QPP_REPRODUCED,WSp1,P01,ELIGIBLE_FOR_AFINO,,NOT_SELECTED,-20.561352255688906,-30.268818748993816,-16.609522097812025,9.70746649330491,13.65929665118179,False,54.88512823284686,formal_m1_center_not_selected,-0.29253350669509004,3.6592966511817906,-0.29253350669509004,True,56.05824516433813,SELECTION_LOST
F2D000177,F2V000177,P1_published_qpp_pdcsap_all,P1,PUBLISHED_QPP_REPRODUCED,WSp1,P02,IRREGULAR_SAMPLING,retained_indices_not_consecutive|interval_deviation_gt_0.001_s,INPUT_INADMISSIBLE,,,,,,,,,,,,True,56.05824516433813,INPUT_INADMISSIBLE
F2D000178,F2V000178,P1_published_qpp_pdcsap_all,P1,PUBLISHED_QPP_REPRODUCED,WSp1,P03,IRREGULAR_SAMPLING,retained_indices_not_consecutive|interval_deviation_gt_0.001_s,INPUT_INADMISSIBLE,,,,,,,,,,,,True,56.05824516433813,INPUT_INADMISSIBLE
F2D000179,F2V000179,P1_published_qpp_pdcsap_all,P1,PUBLISHED_QPP_REPRODUCED,WSp1,P04,ELIGIBLE_FOR_AFINO,,SELECTED,-29.1655356836409,-40.05956296061796,-25.04721874246458,10.89402727697706,15.01234421815338,True,55.018510745547566,recovered_period_selected,0.8940272769770594,5.01234421815338,0.8940272769770594,True,56.05824516433813,SELECTED_RETAINED
F2D000180,F2V000180,P1_published_qpp_pdcsap_all,P1,PUBLISHED_QPP_REPRODUCED,WSp1,P05,ELIGIBLE_FOR_AFINO,,NOT_SELECTED,-11.596204219340947,-21.159677469746107,-6.790624602214804,9.56347325040516,14.369052867531304,False,54.85156020693596,formal_m1_center_not_selected,-0.43652674959484017,4.369052867531304,-0.43652674959484017,True,56.05824516433813,SELECTION_LOST
F2D000181,F2V000181,P1_published_qpp_pdcsap_all,P1,PUBLISHED_QPP_REPRODUCED,WSp2,P00,ELIGIBLE_FOR_AFINO,,SELECTED,-37.07513973254085,-49.07355469395318,-33.50020816806107,11.99841496141233,15.573346525892106,True,56.73490417617328,recovered_period_selected,1.9984149614123297,5.573346525892106,1.9984149614123297,True,56.05824516433813,SELECTED_RETAINED
F2D000182,F2V000182,P1_published_qpp_pdcsap_all,P1,PUBLISHED_QPP_REPRODUCED,WSp2,P01,ELIGIBLE_FOR_AFINO,,NOT_SELECTED,-18.97183224307129,-28.5754495407164,-14.137702253873405,9.603617297645108,14.437747286842994,False,56.3498347582025,formal_m1_center_not_selected,-0.3963827023548916,4.437747286842994,-0.3963827023548916,True,56.05824516433813,SELECTION_LOST
F2D000183,F2V000183,P1_published_qpp_pdcsap_all,P1,PUBLISHED_QPP_REPRODUCED,WSp2,P02,IRREGULAR_SAMPLING,retained_indices_not_consecutive|interval_deviation_gt_0.001_s,INPUT_INADMISSIBLE,,,,,,,,,,,,True,56.05824516433813,INPUT_INADMISSIBLE
F2D000184,F2V000184,P1_published_qpp_pdcsap_all,P1,PUBLISHED_QPP_REPRODUCED,WSp2,P03,IRREGULAR_SAMPLING,retained_indices_not_consecutive|interval_deviation_gt_0.001_s,INPUT_INADMISSIBLE,,,,,,,,,,,,True,56.05824516433813,INPUT_INADMISSIBLE
F2D000185,F2V000185,P1_published_qpp_pdcsap_all,P1,PUBLISHED_QPP_REPRODUCED,WSp2,P04,ELIGIBLE_FOR_AFINO,,SELECTED,-17.873372660889842,-28.765999629208125,-13.23055551517861,10.892626968318282,15.535444114029515,True,56.643541091634596,recovered_period_selected,0.8926269683182824,5.535444114029515,0.8926269683182824,True,56.05824516433813,SELECTED_RETAINED
F2D000186,F2V000186,P1_published_qpp_pdcsap_all,P1,PUBLISHED_QPP_REPRODUCED,WSp2,P05,ELIGIBLE_FOR_AFINO,,NOT_SELECTED,0.7523134047212823,-8.271388964510457,5.471341425011898,9.023702369231739,13.742730389522356,False,56.28487588312734,formal_m1_center_not_selected,-0.9762976307682614,3.7427303895223556,-0.9762976307682614,True,56.05824516433813,SELECTION_LOST
F2D000187,F2V000187,P1_published_qpp_pdcsap_all,P1,PUBLISHED_QPP_REPRODUCED,WEm2,P00,ELIGIBLE_FOR_AFINO,,SELECTED,-37.342576053783404,-51.74520220433279,-32.9741429861975,14.402626150549388,18.771059218135292,True,55.18136243576271,recovered_period_selected,4.402626150549388,8.771059218135292,4.402626150549388,True,56.05824516433813,SELECTED_RETAINED
F2D000188,F2V000188,P1_published_qpp_pdcsap_all,P1,PUBLISHED_QPP_REPRODUCED,WEm2,P01,ELIGIBLE_FOR_AFINO,,SELECTED,-21.491681299085425,-35.373419459335345,-17.93859717860316,13.88173816024992,17.434822280732185,True,56.82526561320536,recovered_period_selected,3.8817381602499204,7.434822280732185,3.8817381602499204,True,56.05824516433813,SELECTED_RETAINED
F2D000189,F2V000189,P1_published_qpp_pdcsap_all,P1,PUBLISHED_QPP_REPRODUCED,WEm2,P02,IRREGULAR_SAMPLING,retained_indices_not_consecutive|interval_deviation_gt_0.001_s,INPUT_INADMISSIBLE,,,,,,,,,,,,True,56.05824516433813,INPUT_INADMISSIBLE
F2D000190,F2V000190,P1_published_qpp_pdcsap_all,P1,PUBLISHED_QPP_REPRODUCED,WEm2,P03,IRREGULAR_SAMPLING,retained_indices_not_consecutive|interval_deviation_gt_0.001_s,INPUT_INADMISSIBLE,,,,,,,,,,,,True,56.05824516433813,INPUT_INADMISSIBLE
F2D000191,F2V000191,P1_published_qpp_pdcsap_all,P1,PUBLISHED_QPP_REPRODUCED,WEm2,P04,ELIGIBLE_FOR_AFINO,,SELECTED,-37.1226661332405,-51.499938291965826,-34.10898097153157,14.377272158725326,17.390957320434254,True,55.17243428201627,recovered_period_selected,4.377272158725326,7.390957320434254,4.377272158725326,True,56.05824516433813,SELECTED_RETAINED
F2D000192,F2V000192,P1_published_qpp_pdcsap_all,P1,PUBLISHED_QPP_REPRODUCED,WEm2,P05,ELIGIBLE_FOR_AFINO,,SELECTED,-21.33685552815207,-35.20229157301881,-18.145796191740175,13.86543604486674,17.056495381278637,True,56.82540999223177,recovered_period_selected,3.8654360448667404,7.056495381278637,3.8654360448667404,True,56.05824516433813,SELECTED_RETAINED
F2D000193,F2V000193,P1_published_qpp_pdcsap_all,P1,PUBLISHED_QPP_REPRODUCED,WEm1,P00,ELIGIBLE_FOR_AFINO,,SELECTED,-37.88442894214836,-51.36444125285943,-34.69494883871239,13.480012310711068,16.669492414147037,True,55.371587823496036,recovered_period_selected,3.480012310711068,6.669492414147037,3.480012310711068,True,56.05824516433813,SELECTED_RETAINED
F2D000194,F2V000194,P1_published_qpp_pdcsap_all,P1,PUBLISHED_QPP_REPRODUCED,WEm1,P01,ELIGIBLE_FOR_AFINO,,SELECTED,-21.836367904197377,-33.5225505304772,-18.522476167383473,11.68618262627982,15.000074363093724,True,55.64312498514354,recovered_period_selected,1.6861826262798196,5.000074363093724,1.6861826262798196,True,56.05824516433813,SELECTED_RETAINED
F2D000195,F2V000195,P1_published_qpp_pdcsap_all,P1,PUBLISHED_QPP_REPRODUCED,WEm1,P02,IRREGULAR_SAMPLING,retained_indices_not_consecutive|interval_deviation_gt_0.001_s,INPUT_INADMISSIBLE,,,,,,,,,,,,True,56.05824516433813,INPUT_INADMISSIBLE
F2D000196,F2V000196,P1_published_qpp_pdcsap_all,P1,PUBLISHED_QPP_REPRODUCED,WEm1,P03,IRREGULAR_SAMPLING,retained_indices_not_consecutive|interval_deviation_gt_0.001_s,INPUT_INADMISSIBLE,,,,,,,,,,,,True,56.05824516433813,INPUT_INADMISSIBLE
F2D000197,F2V000197,P1_published_qpp_pdcsap_all,P1,PUBLISHED_QPP_REPRODUCED,WEm1,P04,ELIGIBLE_FOR_AFINO,,SELECTED,-36.31506907978809,-49.57155077769345,-34.02845097138185,13.256481697905365,15.543099806311602,True,55.37290499995594,recovered_period_selected,3.2564816979053646,5.543099806311602,3.2564816979053646,True,56.05824516433813,SELECTED_RETAINED
F2D000198,F2V000198,P1_published_qpp_pdcsap_all,P1,PUBLISHED_QPP_REPRODUCED,WEm1,P05,ELIGIBLE_FOR_AFINO,,SELECTED,-20.273958094970403,-31.843229093547997,-16.9184508623608,11.569270998577593,14.924778231187197,True,55.61991264025623,recovered_period_selected,1.5692709985775934,4.924778231187197,1.5692709985775934,True,56.05824516433813,SELECTED_RETAINED
F2D000199,F2V000199,P1_published_qpp_pdcsap_all,P1,PUBLISHED_QPP_REPRODUCED,WEp1,P00,ELIGIBLE_FOR_AFINO,,SELECTED,-45.90859763270536,-56.755811766777164,-41.26824129536347,10.847214134071805,15.487570471413697,True,56.355560999890656,recovered_period_selected,0.8472141340718053,5.487570471413697,0.8472141340718053,True,56.05824516433813,SELECTED_RETAINED
F2D000200,F2V000200,P1_published_qpp_pdcsap_all,P1,PUBLISHED_QPP_REPRODUCED,WEp1,P01,ELIGIBLE_FOR_AFINO,,SELECTED,-26.92896263231313,-37.4243338094523,-22.046880504442065,10.49537117713917,15.377453305010235,True,56.91299706481766,recovered_period_selected,0.49537117713916956,5.377453305010235,0.49537117713916956,True,56.05824516433813,SELECTED_RETAINED
F2D000201,F2V000201,P1_published_qpp_pdcsap_all,P1,PUBLISHED_QPP_REPRODUCED,WEp1,P02,IRREGULAR_SAMPLING,retained_indices_not_consecutive|interval_deviation_gt_0.001_s,INPUT_INADMISSIBLE,,,,,,,,,,,,True,56.05824516433813,INPUT_INADMISSIBLE
F2D000202,F2V000202,P1_published_qpp_pdcsap_all,P1,PUBLISHED_QPP_REPRODUCED,WEp1,P03,IRREGULAR_SAMPLING,retained_indices_not_consecutive|interval_deviation_gt_0.001_s,INPUT_INADMISSIBLE,,,,,,,,,,,,True,56.05824516433813,INPUT_INADMISSIBLE
F2D000203,F2V000203,P1_published_qpp_pdcsap_all,P1,PUBLISHED_QPP_REPRODUCED,WEp1,P04,ELIGIBLE_FOR_AFINO,,SELECTED,-41.3113141028271,-51.83879114159176,-38.73799080924534,10.527477038764665,13.100800332346424,True,56.33429833754604,recovered_period_selected,0.5274770387646655,3.1008003323464237,0.5274770387646655,True,56.05824516433813,SELECTED_RETAINED
F2D000204,F2V000204,P1_published_qpp_pdcsap_all,P1,PUBLISHED_QPP_REPRODUCED,WEp1,P05,ELIGIBLE_FOR_AFINO,,SELECTED,-22.71324490854299,-32.98763586954073,-17.82488751721351,10.274390960997742,15.16274835232722,True,56.87542576025297,recovered_period_selected,0.2743909609977422,5.16274835232722,0.2743909609977422,True,56.05824516433813,SELECTED_RETAINED
F2D000205,F2V000205,P1_published_qpp_pdcsap_all,P1,PUBLISHED_QPP_REPRODUCED,WEp2,P00,ELIGIBLE_FOR_AFINO,,SELECTED,-53.96326177976801,-70.70966131458593,-51.25699579789226,16.746399534817918,19.45266551669367,True,55.07923857445471,recovered_period_selected,6.746399534817918,9.45266551669367,6.746399534817918,True,56.05824516433813,SELECTED_RETAINED
F2D000206,F2V000206,P1_published_qpp_pdcsap_all,P1,PUBLISHED_QPP_REPRODUCED,WEp2,P01,ELIGIBLE_FOR_AFINO,,SELECTED,-32.46950248713307,-43.31918221953447,-28.711655686440032,10.849679732401398,14.607526533094436,True,56.492279947618975,recovered_period_selected,0.8496797324013983,4.607526533094436,0.8496797324013983,True,56.05824516433813,SELECTED_RETAINED
F2D000207,F2V000207,P1_published_qpp_pdcsap_all,P1,PUBLISHED_QPP_REPRODUCED,WEp2,P02,IRREGULAR_SAMPLING,retained_indices_not_consecutive|interval_deviation_gt_0.001_s,INPUT_INADMISSIBLE,,,,,,,,,,,,True,56.05824516433813,INPUT_INADMISSIBLE
F2D000208,F2V000208,P1_published_qpp_pdcsap_all,P1,PUBLISHED_QPP_REPRODUCED,WEp2,P03,IRREGULAR_SAMPLING,retained_indices_not_consecutive|interval_deviation_gt_0.001_s,INPUT_INADMISSIBLE,,,,,,,,,,,,True,56.05824516433813,INPUT_INADMISSIBLE
F2D000209,F2V000209,P1_published_qpp_pdcsap_all,P1,PUBLISHED_QPP_REPRODUCED,WEp2,P04,ELIGIBLE_FOR_AFINO,,SELECTED,-46.9376244085793,-63.32065253523757,-44.1606519868202,16.383028126658267,19.160000548417372,True,55.06226958046655,recovered_period_selected,6.383028126658267,9.160000548417372,6.383028126658267,True,56.05824516433813,SELECTED_RETAINED
F2D000210,F2V000210,P1_published_qpp_pdcsap_all,P1,PUBLISHED_QPP_REPRODUCED,WEp2,P05,ELIGIBLE_FOR_AFINO,,SELECTED,-25.782619848165975,-36.41237707419386,-20.755983180137505,10.629757226027888,15.656393894056357,True,54.96048253445453,recovered_period_selected,0.6297572260278876,5.656393894056357,0.6297572260278876,True,56.05824516433813,SELECTED_RETAINED
F2D000211,F2V000211,P1_published_qpp_pdcsap_all,P1,PUBLISHED_QPP_REPRODUCED,WX1,P00,ELIGIBLE_FOR_AFINO,,SELECTED,-53.42824063931871,-70.860288661424,-51.478788008332884,17.432048022105285,19.38150065309111,True,55.26057250014832,recovered_period_selected,7.432048022105285,9.38150065309111,7.432048022105285,True,56.05824516433813,SELECTED_RETAINED
F2D000212,F2V000212,P1_published_qpp_pdcsap_all,P1,PUBLISHED_QPP_REPRODUCED,WX1,P01,ELIGIBLE_FOR_AFINO,,SELECTED,-33.08796724529827,-46.01855537793605,-30.001116148781705,12.93058813263778,16.01743922915435,True,56.673562953820706,recovered_period_selected,2.93058813263778,6.017439229154348,2.93058813263778,True,56.05824516433813,SELECTED_RETAINED
F2D000213,F2V000213,P1_published_qpp_pdcsap_all,P1,PUBLISHED_QPP_REPRODUCED,WX1,P02,IRREGULAR_SAMPLING,retained_indices_not_consecutive|interval_deviation_gt_0.001_s,INPUT_INADMISSIBLE,,,,,,,,,,,,True,56.05824516433813,INPUT_INADMISSIBLE
F2D000214,F2V000214,P1_published_qpp_pdcsap_all,P1,PUBLISHED_QPP_REPRODUCED,WX1,P03,IRREGULAR_SAMPLING,retained_indices_not_consecutive|interval_deviation_gt_0.001_s,INPUT_INADMISSIBLE,,,,,,,,,,,,True,56.05824516433813,INPUT_INADMISSIBLE
F2D000215,F2V000215,P1_published_qpp_pdcsap_all,P1,PUBLISHED_QPP_REPRODUCED,WX1,P04,ELIGIBLE_FOR_AFINO,,SELECTED,-52.4834395281089,-69.85797288808944,-50.529593894828366,17.374533359980532,19.32837899326107,True,55.25813538310222,recovered_period_selected,7.374533359980532,9.328378993261069,7.374533359980532,True,56.05824516433813,SELECTED_RETAINED
F2D000216,F2V000216,P1_published_qpp_pdcsap_all,P1,PUBLISHED_QPP_REPRODUCED,WX1,P05,ELIGIBLE_FOR_AFINO,,SELECTED,-32.25150061109495,-45.14808777590149,-29.154359186202157,12.89658716480654,15.99372858969933,True,56.664760704116745,recovered_period_selected,2.89658716480654,5.99372858969933,2.89658716480654,True,56.05824516433813,SELECTED_RETAINED
F2D000217,F2V000217,P1_published_qpp_pdcsap_all,P1,PUBLISHED_QPP_REPRODUCED,WC1,P00,ELIGIBLE_FOR_AFINO,,SELECTED,-36.64764450692347,-51.051592340556276,-32.93945695349354,14.403947833632806,18.112135387062736,True,55.89228218995164,recovered_period_selected,4.403947833632806,8.112135387062736,4.403947833632806,True,56.05824516433813,SELECTED_RETAINED
F2D000218,F2V000218,P1_published_qpp_pdcsap_all,P1,PUBLISHED_QPP_REPRODUCED,WC1,P01,ELIGIBLE_FOR_AFINO,,SELECTED,-19.786379543783855,-32.2827441109713,-15.72713009636781,12.496364567187445,16.555614014603492,True,56.346003141201024,recovered_period_selected,2.4963645671874453,6.555614014603492,2.4963645671874453,True,56.05824516433813,SELECTED_RETAINED
F2D000219,F2V000219,P1_published_qpp_pdcsap_all,P1,PUBLISHED_QPP_REPRODUCED,WC1,P02,IRREGULAR_SAMPLING,retained_indices_not_consecutive|interval_deviation_gt_0.001_s,INPUT_INADMISSIBLE,,,,,,,,,,,,True,56.05824516433813,INPUT_INADMISSIBLE
F2D000220,F2V000220,P1_published_qpp_pdcsap_all,P1,PUBLISHED_QPP_REPRODUCED,WC1,P03,IRREGULAR_SAMPLING,retained_indices_not_consecutive|interval_deviation_gt_0.001_s,INPUT_INADMISSIBLE,,,,,,,,,,,,True,56.05824516433813,INPUT_INADMISSIBLE
F2D000221,F2V000221,P1_published_qpp_pdcsap_all,P1,PUBLISHED_QPP_REPRODUCED,WC1,P04,ELIGIBLE_FOR_AFINO,,SELECTED,-29.981489051523926,-44.05048880256524,-26.06665839825714,14.068999751041314,17.9838304043081,True,54.55426720737119,recovered_period_selected,4.068999751041314,7.983830404308101,4.068999751041314,True,56.05824516433813,SELECTED_RETAINED
F2D000222,F2V000222,P1_published_qpp_pdcsap_all,P1,PUBLISHED_QPP_REPRODUCED,WC1,P05,ELIGIBLE_FOR_AFINO,,SELECTED,-12.834800516947059,-24.893291396271174,-8.083074917333102,12.058490879324115,16.810216478938074,True,56.305775751878166,recovered_period_selected,2.058490879324115,6.810216478938074,2.058490879324115,True,56.05824516433813,SELECTED_RETAINED
F2D000223,F2V000223,P1_published_qpp_pdcsap_all,P1,PUBLISHED_QPP_REPRODUCED,WX2,P00,ELIGIBLE_FOR_AFINO,,SELECTED,-61.74660205271164,-79.92133090610176,-60.173874313784864,18.17472885339012,19.747456592316894,True,56.55003605171288,recovered_period_selected,8.174728853390121,9.747456592316894,8.174728853390121,True,56.05824516433813,SELECTED_RETAINED
F2D000224,F2V000224,P1_published_qpp_pdcsap_all,P1,PUBLISHED_QPP_REPRODUCED,WX2,P01,ELIGIBLE_FOR_AFINO,,SELECTED,-40.0914838809187,-55.60511910801708,-37.41927923686418,15.513635227098376,18.1858398711529,True,56.874010124025375,recovered_period_selected,5.513635227098376,8.1858398711529,5.513635227098376,True,56.05824516433813,SELECTED_RETAINED
F2D000225,F2V000225,P1_published_qpp_pdcsap_all,P1,PUBLISHED_QPP_REPRODUCED,WX2,P02,IRREGULAR_SAMPLING,retained_indices_not_consecutive|interval_deviation_gt_0.001_s,INPUT_INADMISSIBLE,,,,,,,,,,,,True,56.05824516433813,INPUT_INADMISSIBLE
F2D000226,F2V000226,P1_published_qpp_pdcsap_all,P1,PUBLISHED_QPP_REPRODUCED,WX2,P03,IRREGULAR_SAMPLING,retained_indices_not_consecutive|interval_deviation_gt_0.001_s,INPUT_INADMISSIBLE,,,,,,,,,,,,True,56.05824516433813,INPUT_INADMISSIBLE
F2D000227,F2V000227,P1_published_qpp_pdcsap_all,P1,PUBLISHED_QPP_REPRODUCED,WX2,P04,ELIGIBLE_FOR_AFINO,,SELECTED,-61.93686189164333,-80.12005956483101,-60.37747901252325,18.183197673187678,19.742580552307757,True,56.55037457923839,recovered_period_selected,8.183197673187678,9.742580552307757,8.183197673187678,True,56.05824516433813,SELECTED_RETAINED
F2D000228,F2V000228,P1_published_qpp_pdcsap_all,P1,PUBLISHED_QPP_REPRODUCED,WX2,P05,ELIGIBLE_FOR_AFINO,,SELECTED,-40.4238901204336,-55.95489413986998,-37.75306061697737,15.53100401943638,18.201833522892606,True,56.875001327554784,recovered_period_selected,5.531004019436381,8.201833522892606,5.531004019436381,True,56.05824516433813,SELECTED_RETAINED
F2D000229,F2V000229,P1_published_qpp_pdcsap_all,P1,PUBLISHED_QPP_REPRODUCED,WC2,P00,ELIGIBLE_FOR_AFINO,,SELECTED,-27.977428785198132,-39.63100200381075,-24.683944472762086,11.653573218612618,14.947057531048664,True,55.06265688856386,recovered_period_selected,1.6535732186126175,4.947057531048664,1.6535732186126175,True,56.05824516433813,SELECTED_RETAINED
F2D000230,F2V000230,P1_published_qpp_pdcsap_all,P1,PUBLISHED_QPP_REPRODUCED,WC2,P01,ELIGIBLE_FOR_AFINO,,SELECTED,-12.788900952341706,-24.856291812358698,-8.82818671630027,12.067390860016992,16.02810509605843,True,54.94650988675488,recovered_period_selected,2.0673908600169923,6.028105096058429,2.0673908600169923,True,56.05824516433813,SELECTED_RETAINED
F2D000231,F2V000231,P1_published_qpp_pdcsap_all,P1,PUBLISHED_QPP_REPRODUCED,WC2,P02,IRREGULAR_SAMPLING,retained_indices_not_consecutive|interval_deviation_gt_0.001_s,INPUT_INADMISSIBLE,,,,,,,,,,,,True,56.05824516433813,INPUT_INADMISSIBLE
F2D000232,F2V000232,P1_published_qpp_pdcsap_all,P1,PUBLISHED_QPP_REPRODUCED,WC2,P03,IRREGULAR_SAMPLING,retained_indices_not_consecutive|interval_deviation_gt_0.001_s,INPUT_INADMISSIBLE,,,,,,,,,,,,True,56.05824516433813,INPUT_INADMISSIBLE
F2D000233,F2V000233,P1_published_qpp_pdcsap_all,P1,PUBLISHED_QPP_REPRODUCED,WC2,P04,ELIGIBLE_FOR_AFINO,,SELECTED,-15.521883161443043,-26.194981958955346,-11.048084148294723,10.673098797512303,15.146897810660622,True,55.020219413700225,recovered_period_selected,0.6730987975123028,5.146897810660622,0.6730987975123028,True,56.05824516433813,SELECTED_RETAINED
F2D000234,F2V000234,P1_published_qpp_pdcsap_all,P1,PUBLISHED_QPP_REPRODUCED,WC2,P05,ELIGIBLE_FOR_AFINO,,SELECTED,-0.01825314914871612,-11.354357515118535,4.243952685641265,11.336104365969819,15.5983102007598,True,54.927653948612,recovered_period_selected,1.3361043659698186,5.5983102007598,1.3361043659698186,True,56.05824516433813,SELECTED_RETAINED
F2D000235,F2V000235,P1_not_selected_qpp_pdcsap_all,P1,MATCHED_NOT_SELECTED,W00,P00,ELIGIBLE_FOR_AFINO,,NOT_SELECTED,-43.804738825869975,-37.95999313846604,-39.39587281446782,-5.844745687403936,-1.4358796760017825,False,104.41478485447266,formal_m1_center_not_selected,-15.844745687403936,-11.435879676001782,-15.844745687403936,False,104.41478485447266,NOT_SELECTED_RETAINED
F2D000236,F2V000236,P1_not_selected_qpp_pdcsap_all,P1,MATCHED_NOT_SELECTED,W00,P01,ELIGIBLE_FOR_AFINO,,NOT_SELECTED,-26.14538536040257,-24.01636716470211,-20.774898047653934,-2.1290181957004606,3.241469117048176,False,68.16270323749632,formal_m1_center_not_selected,-12.12901819570046,-6.758530882951824,-12.12901819570046,False,104.41478485447266,NOT_SELECTED_RETAINED
F2D000237,F2V000237,P1_not_selected_qpp_pdcsap_all,P1,MATCHED_NOT_SELECTED,W00,P02,IRREGULAR_SAMPLING,retained_indices_not_consecutive|interval_deviation_gt_0.001_s,INPUT_INADMISSIBLE,,,,,,,,,,,,False,104.41478485447266,INPUT_INADMISSIBLE
F2D000238,F2V000238,P1_not_selected_qpp_pdcsap_all,P1,MATCHED_NOT_SELECTED,W00,P03,IRREGULAR_SAMPLING,retained_indices_not_consecutive|interval_deviation_gt_0.001_s,INPUT_INADMISSIBLE,,,,,,,,,,,,False,104.41478485447266,INPUT_INADMISSIBLE
F2D000239,F2V000239,P1_not_selected_qpp_pdcsap_all,P1,MATCHED_NOT_SELECTED,W00,P04,ELIGIBLE_FOR_AFINO,,NOT_SELECTED,-33.97779219329452,-27.940748109941772,-29.351182151605443,-6.037044083352747,-1.4104340416636703,False,104.37734951699451,formal_m1_center_not_selected,-16.037044083352747,-11.41043404166367,-16.037044083352747,False,104.41478485447266,NOT_SELECTED_RETAINED
F2D000240,F2V000240,P1_not_selected_qpp_pdcsap_all,P1,MATCHED_NOT_SELECTED,W00,P05,ELIGIBLE_FOR_AFINO,,NOT_SELECTED,-16.871423042832042,-14.681700745173034,-13.185651186520554,-2.1897222976590083,1.49604955865248,False,68.1630926016753,formal_m1_center_not_selected,-12.189722297659008,-8.50395044134752,-12.189722297659008,False,104.41478485447266,NOT_SELECTED_RETAINED
F2D000241,F2V000241,P1_not_selected_qpp_pdcsap_all,P1,MATCHED_NOT_SELECTED,WSm2,P00,ELIGIBLE_FOR_AFINO,,NOT_SELECTED,-54.470660633559234,-48.33673632922086,-50.71875092547616,-6.133924304338372,-2.3820145962552957,False,103.80868351520998,formal_m1_center_not_selected,-16.13392430433837,-12.382014596255296,-16.13392430433837,False,104.41478485447266,NOT_SELECTED_RETAINED
F2D000242,F2V000242,P1_not_selected_qpp_pdcsap_all,P1,MATCHED_NOT_SELECTED,WSm2,P01,ELIGIBLE_FOR_AFINO,,NOT_SELECTED,-34.84721068044874,-35.304544794846485,-31.591533351120173,0.45733411439774585,3.7130114437263124,False,68.33806233100927,formal_m1_center_not_selected,-9.542665885602254,-6.286988556273688,-9.542665885602254,False,104.41478485447266,NOT_SELECTED_RETAINED
F2D000243,F2V000243,P1_not_selected_qpp_pdcsap_all,P1,MATCHED_NOT_SELECTED,WSm2,P02,IRREGULAR_SAMPLING,retained_indices_not_consecutive|interval_deviation_gt_0.001_s,INPUT_INADMISSIBLE,,,,,,,,,,,,False,104.41478485447266,INPUT_INADMISSIBLE
F2D000244,F2V000244,P1_not_selected_qpp_pdcsap_all,P1,MATCHED_NOT_SELECTED,WSm2,P03,IRREGULAR_SAMPLING,retained_indices_not_consecutive|interval_deviation_gt_0.001_s,INPUT_INADMISSIBLE,,,,,,,,,,,,False,104.41478485447266,INPUT_INADMISSIBLE
F2D000245,F2V000245,P1_not_selected_qpp_pdcsap_all,P1,MATCHED_NOT_SELECTED,WSm2,P04,ELIGIBLE_FOR_AFINO,,NOT_SELECTED,-52.57408146657416,-46.392432590103944,-47.5846133619942,-6.181648876470213,-1.192180771890257,False,103.75705636240939,formal_m1_center_not_selected,-16.181648876470213,-11.192180771890257,-16.181648876470213,False,104.41478485447266,NOT_SELECTED_RETAINED
F2D000246,F2V000246,P1_not_selected_qpp_pdcsap_all,P1,MATCHED_NOT_SELECTED,WSm2,P05,ELIGIBLE_FOR_AFINO,,NOT_SELECTED,-33.406053573327576,-33.85176246380858,-30.13321859661215,0.4457088904810078,3.718543867196434,False,68.33862878828235,formal_m1_center_not_selected,-9.554291109518992,-6.281456132803566,-9.554291109518992,False,104.41478485447266,NOT_SELECTED_RETAINED
F2D000247,F2V000247,P1_not_selected_qpp_pdcsap_all,P1,MATCHED_NOT_SELECTED,WSm1,P00,ELIGIBLE_FOR_AFINO,,NOT_SELECTED,-48.27844281465597,-41.91674521511267,-44.44249370817501,-6.361697599543298,-2.5257484930623377,False,40.0,formal_m1_center_not_selected,-16.361697599543298,-12.525748493062338,-16.361697599543298,False,104.41478485447266,NOT_SELECTED_RETAINED
F2D000248,F2V000248,P1_not_selected_qpp_pdcsap_all,P1,MATCHED_NOT_SELECTED,WSm1,P01,ELIGIBLE_FOR_AFINO,,NOT_SELECTED,-31.074236244280563,-30.090903886029373,-27.613921748094267,-0.9833323582511895,2.4769821379351065,False,67.70380203168794,formal_m1_center_not_selected,-10.98333235825119,-7.5230178620648935,-10.98333235825119,False,104.41478485447266,NOT_SELECTED_RETAINED
F2D000249,F2V000249,P1_not_selected_qpp_pdcsap_all,P1,MATCHED_NOT_SELECTED,WSm1,P02,IRREGULAR_SAMPLING,retained_indices_not_consecutive|interval_deviation_gt_0.001_s,INPUT_INADMISSIBLE,,,,,,,,,,,,False,104.41478485447266,INPUT_INADMISSIBLE
F2D000250,F2V000250,P1_not_selected_qpp_pdcsap_all,P1,MATCHED_NOT_SELECTED,WSm1,P03,IRREGULAR_SAMPLING,retained_indices_not_consecutive|interval_deviation_gt_0.001_s,INPUT_INADMISSIBLE,,,,,,,,,,,,False,104.41478485447266,INPUT_INADMISSIBLE
F2D000251,F2V000251,P1_not_selected_qpp_pdcsap_all,P1,MATCHED_NOT_SELECTED,WSm1,P04,ELIGIBLE_FOR_AFINO,,NOT_SELECTED,-42.47159125954266,-36.22213346971116,-38.53518853332953,-6.249457789831503,-2.3130550636183713,False,40.0,formal_m1_center_not_selected,-16.249457789831503,-12.313055063618371,-16.249457789831503,False,104.41478485447266,NOT_SELECTED_RETAINED
F2D000252,F2V000252,P1_not_selected_qpp_pdcsap_all,P1,MATCHED_NOT_SELECTED,WSm1,P05,ELIGIBLE_FOR_AFINO,,NOT_SELECTED,-25.78249275317186,-24.76106997665287,-20.318240749204183,-1.021422776518989,4.442829227448687,False,67.70386040790048,formal_m1_center_not_selected,-11.021422776518989,-5.557170772551313,-11.021422776518989,False,104.41478485447266,NOT_SELECTED_RETAINED
F2D000253,F2V000253,P1_not_selected_qpp_pdcsap_all,P1,MATCHED_NOT_SELECTED,WSp1,P00,ELIGIBLE_FOR_AFINO,,NOT_SELECTED,-37.80421777909961,-32.229868873118974,-32.50184982676988,-5.574348905980635,-0.27198095365090325,False,40.0,formal_m1_center_not_selected,-15.574348905980635,-10.271980953650903,-15.574348905980635,False,104.41478485447266,NOT_SELECTED_RETAINED
F2D000254,F2V000254,P1_not_selected_qpp_pdcsap_all,P1,MATCHED_NOT_SELECTED,WSp1,P01,ELIGIBLE_FOR_AFINO,,NOT_SELECTED,-22.031484258348435,-19.037442299847804,-18.235703493323044,-2.994041958500631,0.8017388065247602,False,68.88383476593542,formal_m1_center_not_selected,-12.994041958500631,-9.19826119347524,-12.994041958500631,False,104.41478485447266,NOT_SELECTED_RETAINED
F2D000255,F2V000255,P1_not_selected_qpp_pdcsap_all,P1,MATCHED_NOT_SELECTED,WSp1,P02,IRREGULAR_SAMPLING,retained_indices_not_consecutive|interval_deviation_gt_0.001_s,INPUT_INADMISSIBLE,,,,,,,,,,,,False,104.41478485447266,INPUT_INADMISSIBLE
F2D000256,F2V000256,P1_not_selected_qpp_pdcsap_all,P1,MATCHED_NOT_SELECTED,WSp1,P03,IRREGULAR_SAMPLING,retained_indices_not_consecutive|interval_deviation_gt_0.001_s,INPUT_INADMISSIBLE,,,,,,,,,,,,False,104.41478485447266,INPUT_INADMISSIBLE
F2D000257,F2V000257,P1_not_selected_qpp_pdcsap_all,P1,MATCHED_NOT_SELECTED,WSp1,P04,ELIGIBLE_FOR_AFINO,,NOT_SELECTED,-20.971285471180256,-15.709071137276135,-15.569000679308479,-5.2622143339041205,0.14007045796765638,False,40.0,formal_m1_center_not_selected,-15.26221433390412,-9.859929542032344,-15.26221433390412,False,104.41478485447266,NOT_SELECTED_RETAINED
F2D000258,F2V000258,P1_not_selected_qpp_pdcsap_all,P1,MATCHED_NOT_SELECTED,WSp1,P05,ELIGIBLE_FOR_AFINO,,NOT_SELECTED,-4.783774044131648,1.908872053142046,0.6302004029620516,-6.692646097273694,-1.2786716501799944,False,277.02653310696246,formal_m1_center_not_selected,-16.692646097273695,-11.278671650179994,-16.692646097273695,False,104.41478485447266,NOT_SELECTED_RETAINED
F2D000259,F2V000259,P1_not_selected_qpp_pdcsap_all,P1,MATCHED_NOT_SELECTED,WSp2,P00,ELIGIBLE_FOR_AFINO,,NOT_SELECTED,-34.204787807483854,-28.267085514286833,-29.391439949416338,-5.93770229319702,-1.1243544351295043,False,100.39114485855961,formal_m1_center_not_selected,-15.93770229319702,-11.124354435129504,-15.93770229319702,False,104.41478485447266,NOT_SELECTED_RETAINED
F2D000260,F2V000260,P1_not_selected_qpp_pdcsap_all,P1,MATCHED_NOT_SELECTED,WSp2,P01,ELIGIBLE_FOR_AFINO,,NOT_SELECTED,-17.98298982018384,-14.884851741053241,-14.059128655899295,-3.0981380791305977,0.8257230851539461,False,68.2985553062178,formal_m1_center_not_selected,-13.098138079130598,-9.174276914846054,-13.098138079130598,False,104.41478485447266,NOT_SELECTED_RETAINED
F2D000261,F2V000261,P1_not_selected_qpp_pdcsap_all,P1,MATCHED_NOT_SELECTED,WSp2,P02,IRREGULAR_SAMPLING,retained_indices_not_consecutive|interval_deviation_gt_0.001_s,INPUT_INADMISSIBLE,,,,,,,,,,,,False,104.41478485447266,INPUT_INADMISSIBLE
F2D000262,F2V000262,P1_not_selected_qpp_pdcsap_all,P1,MATCHED_NOT_SELECTED,WSp2,P03,IRREGULAR_SAMPLING,retained_indices_not_consecutive|interval_deviation_gt_0.001_s,INPUT_INADMISSIBLE,,,,,,,,,,,,False,104.41478485447266,INPUT_INADMISSIBLE
F2D000263,F2V000263,P1_not_selected_qpp_pdcsap_all,P1,MATCHED_NOT_SELECTED,WSp2,P04,ELIGIBLE_FOR_AFINO,,NOT_SELECTED,-9.188300033251032,-3.071586506995887,-4.0026941072676205,-6.116713526255145,-0.9311076002717336,False,40.0,formal_m1_center_not_selected,-16.116713526255147,-10.931107600271734,-16.116713526255147,False,104.41478485447266,NOT_SELECTED_RETAINED
F2D000264,F2V000264,P1_not_selected_qpp_pdcsap_all,P1,MATCHED_NOT_SELECTED,WSp2,P05,ELIGIBLE_FOR_AFINO,,NOT_SELECTED,6.495752543519621,9.717814876936385,11.803052178068908,-3.2220623334167646,2.0852373011325227,False,68.2972529202768,formal_m1_center_not_selected,-13.222062333416766,-7.914762698867477,-13.222062333416766,False,104.41478485447266,NOT_SELECTED_RETAINED
F2D000265,F2V000265,P1_not_selected_qpp_pdcsap_all,P1,MATCHED_NOT_SELECTED,WEm2,P00,ELIGIBLE_FOR_AFINO,,NOT_SELECTED,-40.29265456582969,-34.31493269019953,-35.94688727213274,-5.977721875630166,-1.6319545819332149,False,99.58466357948511,formal_m1_center_not_selected,-15.977721875630166,-11.631954581933215,-15.977721875630166,False,104.41478485447266,NOT_SELECTED_RETAINED
F2D000266,F2V000266,P1_not_selected_qpp_pdcsap_all,P1,MATCHED_NOT_SELECTED,WEm2,P01,ELIGIBLE_FOR_AFINO,,NOT_SELECTED,-23.281017336479266,-22.292843874770753,-19.988885457332955,-0.988173461708513,2.303958417437798,False,67.91133952064907,formal_m1_center_not_selected,-10.988173461708513,-7.696041582562202,-10.988173461708513,False,104.41478485447266,NOT_SELECTED_RETAINED
F2D000267,F2V000267,P1_not_selected_qpp_pdcsap_all,P1,MATCHED_NOT_SELECTED,WEm2,P02,IRREGULAR_SAMPLING,retained_indices_not_consecutive|interval_deviation_gt_0.001_s,INPUT_INADMISSIBLE,,,,,,,,,,,,False,104.41478485447266,INPUT_INADMISSIBLE
F2D000268,F2V000268,P1_not_selected_qpp_pdcsap_all,P1,MATCHED_NOT_SELECTED,WEm2,P03,IRREGULAR_SAMPLING,retained_indices_not_consecutive|interval_deviation_gt_0.001_s,INPUT_INADMISSIBLE,,,,,,,,,,,,False,104.41478485447266,INPUT_INADMISSIBLE
F2D000269,F2V000269,P1_not_selected_qpp_pdcsap_all,P1,MATCHED_NOT_SELECTED,WEm2,P04,ELIGIBLE_FOR_AFINO,,NOT_SELECTED,-34.72499502250821,-28.62408154801274,-30.204636859652048,-6.100913474495471,-1.5805553116393085,False,99.56320925159696,formal_m1_center_not_selected,-16.10091347449547,-11.580555311639309,-16.10091347449547,False,104.41478485447266,NOT_SELECTED_RETAINED
F2D000270,F2V000270,P1_not_selected_qpp_pdcsap_all,P1,MATCHED_NOT_SELECTED,WEm2,P05,ELIGIBLE_FOR_AFINO,,NOT_SELECTED,-18.268141732553595,-17.238130354363236,-13.082679210698645,-1.030011378190359,4.155451143664591,False,67.91039299668158,formal_m1_center_not_selected,-11.030011378190359,-5.844548856335409,-11.030011378190359,False,104.41478485447266,NOT_SELECTED_RETAINED
F2D000271,F2V000271,P1_not_selected_qpp_pdcsap_all,P1,MATCHED_NOT_SELECTED,WEm1,P00,ELIGIBLE_FOR_AFINO,,NOT_SELECTED,-41.35934757516848,-35.170806240599795,-37.2949575638825,-6.188541334568683,-2.124151323282703,False,40.0,formal_m1_center_not_selected,-16.188541334568683,-12.124151323282703,-16.188541334568683,False,104.41478485447266,NOT_SELECTED_RETAINED
F2D000272,F2V000272,P1_not_selected_qpp_pdcsap_all,P1,MATCHED_NOT_SELECTED,WEm1,P01,ELIGIBLE_FOR_AFINO,,NOT_SELECTED,-25.455583869115543,-23.44500680336759,-21.964675538264615,-2.0105770657479525,1.4803312651029756,False,68.66572862819609,formal_m1_center_not_selected,-12.010577065747952,-8.519668734897024,-12.010577065747952,False,104.41478485447266,NOT_SELECTED_RETAINED
F2D000273,F2V000273,P1_not_selected_qpp_pdcsap_all,P1,MATCHED_NOT_SELECTED,WEm1,P02,IRREGULAR_SAMPLING,retained_indices_not_consecutive|interval_deviation_gt_0.001_s,INPUT_INADMISSIBLE,,,,,,,,,,,,False,104.41478485447266,INPUT_INADMISSIBLE
F2D000274,F2V000274,P1_not_selected_qpp_pdcsap_all,P1,MATCHED_NOT_SELECTED,WEm1,P03,IRREGULAR_SAMPLING,retained_indices_not_consecutive|interval_deviation_gt_0.001_s,INPUT_INADMISSIBLE,,,,,,,,,,,,False,104.41478485447266,INPUT_INADMISSIBLE
F2D000275,F2V000275,P1_not_selected_qpp_pdcsap_all,P1,MATCHED_NOT_SELECTED,WEm1,P04,ELIGIBLE_FOR_AFINO,,NOT_SELECTED,-33.464441955226064,-27.412836234185605,-29.246084185621996,-6.05160572104046,-1.833247951436391,False,40.0,formal_m1_center_not_selected,-16.05160572104046,-11.833247951436391,-16.05160572104046,False,104.41478485447266,NOT_SELECTED_RETAINED
F2D000276,F2V000276,P1_not_selected_qpp_pdcsap_all,P1,MATCHED_NOT_SELECTED,WEm1,P05,ELIGIBLE_FOR_AFINO,,NOT_SELECTED,-18.2795168344079,-16.22254959007241,-12.91717247184623,-2.056967244335489,3.305377118226181,False,68.66645453447563,formal_m1_center_not_selected,-12.056967244335489,-6.694622881773819,-12.056967244335489,False,104.41478485447266,NOT_SELECTED_RETAINED
F2D000277,F2V000277,P1_not_selected_qpp_pdcsap_all,P1,MATCHED_NOT_SELECTED,WEp1,P00,ELIGIBLE_FOR_AFINO,,NOT_SELECTED,-44.9183855544188,-39.180941056167796,-39.470218143074746,-5.737444498251001,-0.2892770869069494,False,40.0,formal_m1_center_not_selected,-15.737444498251001,-10.28927708690695,-15.737444498251001,False,104.41478485447266,NOT_SELECTED_RETAINED
F2D000278,F2V000278,P1_not_selected_qpp_pdcsap_all,P1,MATCHED_NOT_SELECTED,WEp1,P01,ELIGIBLE_FOR_AFINO,,NOT_SELECTED,-28.03207663175835,-25.814932327548476,-22.51439266072091,-2.2171443042098744,3.3005396668275644,False,67.96854987636843,formal_m1_center_not_selected,-12.217144304209874,-6.699460333172436,-12.217144304209874,False,104.41478485447266,NOT_SELECTED_RETAINED
F2D000279,F2V000279,P1_not_selected_qpp_pdcsap_all,P1,MATCHED_NOT_SELECTED,WEp1,P02,IRREGULAR_SAMPLING,retained_indices_not_consecutive|interval_deviation_gt_0.001_s,INPUT_INADMISSIBLE,,,,,,,,,,,,False,104.41478485447266,INPUT_INADMISSIBLE
F2D000280,F2V000280,P1_not_selected_qpp_pdcsap_all,P1,MATCHED_NOT_SELECTED,WEp1,P03,IRREGULAR_SAMPLING,retained_indices_not_consecutive|interval_deviation_gt_0.001_s,INPUT_INADMISSIBLE,,,,,,,,,,,,False,104.41478485447266,INPUT_INADMISSIBLE
F2D000281,F2V000281,P1_not_selected_qpp_pdcsap_all,P1,MATCHED_NOT_SELECTED,WEp1,P04,ELIGIBLE_FOR_AFINO,,NOT_SELECTED,-31.92781834629512,-26.454531658330964,-26.41620530479882,-5.473286687964155,0.03832635353214542,False,40.0,formal_m1_center_not_selected,-15.473286687964155,-9.961673646467855,-15.473286687964155,False,104.41478485447266,NOT_SELECTED_RETAINED
F2D000282,F2V000282,P1_not_selected_qpp_pdcsap_all,P1,MATCHED_NOT_SELECTED,WEp1,P05,ELIGIBLE_FOR_AFINO,,NOT_SELECTED,-15.999480985433683,-9.3908855709171,-12.125046630071832,-6.608595414516584,-2.734161059154733,False,297.0537869025776,formal_m1_center_not_selected,-16.608595414516586,-12.734161059154733,-16.608595414516586,False,104.41478485447266,NOT_SELECTED_RETAINED
F2D000283,F2V000283,P1_not_selected_qpp_pdcsap_all,P1,MATCHED_NOT_SELECTED,WEp2,P00,ELIGIBLE_FOR_AFINO,,NOT_SELECTED,-47.863725535211955,-41.8937265633411,-42.69499840547334,-5.969998971870858,-0.8012718421322447,False,105.7072974979911,formal_m1_center_not_selected,-15.969998971870858,-10.801271842132245,-15.969998971870858,False,104.41478485447266,NOT_SELECTED_RETAINED
F2D000284,F2V000284,P1_not_selected_qpp_pdcsap_all,P1,MATCHED_NOT_SELECTED,WEp2,P01,ELIGIBLE_FOR_AFINO,,NOT_SELECTED,-29.046001523094425,-27.557903619981417,-25.19359124067267,-1.4880979031130082,2.364312379308746,False,68.75319379242192,formal_m1_center_not_selected,-11.488097903113008,-7.635687620691254,-11.488097903113008,False,104.41478485447266,NOT_SELECTED_RETAINED
F2D000285,F2V000285,P1_not_selected_qpp_pdcsap_all,P1,MATCHED_NOT_SELECTED,WEp2,P02,IRREGULAR_SAMPLING,retained_indices_not_consecutive|interval_deviation_gt_0.001_s,INPUT_INADMISSIBLE,,,,,,,,,,,,False,104.41478485447266,INPUT_INADMISSIBLE
F2D000286,F2V000286,P1_not_selected_qpp_pdcsap_all,P1,MATCHED_NOT_SELECTED,WEp2,P03,IRREGULAR_SAMPLING,retained_indices_not_consecutive|interval_deviation_gt_0.001_s,INPUT_INADMISSIBLE,,,,,,,,,,,,False,104.41478485447266,INPUT_INADMISSIBLE
F2D000287,F2V000287,P1_not_selected_qpp_pdcsap_all,P1,MATCHED_NOT_SELECTED,WEp2,P04,ELIGIBLE_FOR_AFINO,,NOT_SELECTED,-32.715775654390086,-26.521715820730094,-28.028385054139232,-6.194059833659992,-1.5066692334091378,False,105.64706055028503,formal_m1_center_not_selected,-16.194059833659992,-11.506669233409138,-16.194059833659992,False,104.41478485447266,NOT_SELECTED_RETAINED
F2D000288,F2V000288,P1_not_selected_qpp_pdcsap_all,P1,MATCHED_NOT_SELECTED,WEp2,P05,ELIGIBLE_FOR_AFINO,,NOT_SELECTED,-15.229328309657637,-13.660979987321362,-11.304698134563292,-1.5683483223362753,2.3562818527580696,False,68.75142864884165,formal_m1_center_not_selected,-11.568348322336275,-7.64371814724193,-11.568348322336275,False,104.41478485447266,NOT_SELECTED_RETAINED
F2D000289,F2V000289,P1_not_selected_qpp_pdcsap_all,P1,MATCHED_NOT_SELECTED,WX1,P00,ELIGIBLE_FOR_AFINO,,NOT_SELECTED,-50.81633511035994,-44.79364821892439,-46.67300690263809,-6.022686891435548,-1.8793586837137042,False,104.6976246369874,formal_m1_center_not_selected,-16.022686891435548,-11.879358683713704,-16.022686891435548,False,104.41478485447266,NOT_SELECTED_RETAINED
F2D000290,F2V000290,P1_not_selected_qpp_pdcsap_all,P1,MATCHED_NOT_SELECTED,WX1,P01,ELIGIBLE_FOR_AFINO,,NOT_SELECTED,-31.680033061361137,-31.07679651047779,-28.14545799117776,-0.603236550883345,2.9313385193000308,False,68.53616522869666,formal_m1_center_not_selected,-10.603236550883345,-7.068661480699969,-10.603236550883345,False,104.41478485447266,NOT_SELECTED_RETAINED
F2D000291,F2V000291,P1_not_selected_qpp_pdcsap_all,P1,MATCHED_NOT_SELECTED,WX1,P02,IRREGULAR_SAMPLING,retained_indices_not_consecutive|interval_deviation_gt_0.001_s,INPUT_INADMISSIBLE,,,,,,,,,,,,False,104.41478485447266,INPUT_INADMISSIBLE
F2D000292,F2V000292,P1_not_selected_qpp_pdcsap_all,P1,MATCHED_NOT_SELECTED,WX1,P03,IRREGULAR_SAMPLING,retained_indices_not_consecutive|interval_deviation_gt_0.001_s,INPUT_INADMISSIBLE,,,,,,,,,,,,False,104.41478485447266,INPUT_INADMISSIBLE
F2D000293,F2V000293,P1_not_selected_qpp_pdcsap_all,P1,MATCHED_NOT_SELECTED,WX1,P04,ELIGIBLE_FOR_AFINO,,NOT_SELECTED,-43.1221623616142,-36.951931266786836,-37.936140302165555,-6.170231094827365,-0.9842090353787185,False,104.55645350279576,formal_m1_center_not_selected,-16.170231094827365,-10.984209035378719,-16.170231094827365,False,104.41478485447266,NOT_SELECTED_RETAINED
F2D000294,F2V000294,P1_not_selected_qpp_pdcsap_all,P1,MATCHED_NOT_SELECTED,WX1,P05,ELIGIBLE_FOR_AFINO,,NOT_SELECTED,-24.71289450639172,-24.058120245451377,-21.119025684318938,-0.6547742609403429,2.939094561132439,False,68.53461871318044,formal_m1_center_not_selected,-10.654774260940343,-7.060905438867561,-10.654774260940343,False,104.41478485447266,NOT_SELECTED_RETAINED
F2D000295,F2V000295,P1_not_selected_qpp_pdcsap_all,P1,MATCHED_NOT_SELECTED,WC1,P00,ELIGIBLE_FOR_AFINO,,NOT_SELECTED,-36.98636559157569,-31.03752222453847,-31.96578911182779,-5.94884336703722,-0.9282668872893183,False,99.94989665306834,formal_m1_center_not_selected,-15.94884336703722,-10.928266887289318,-15.94884336703722,False,104.41478485447266,NOT_SELECTED_RETAINED
F2D000296,F2V000296,P1_not_selected_qpp_pdcsap_all,P1,MATCHED_NOT_SELECTED,WC1,P01,ELIGIBLE_FOR_AFINO,,NOT_SELECTED,-20.16741490061079,-18.021543180870538,-14.917669773322297,-2.145871719740253,3.1038734075482406,False,68.09475163795581,formal_m1_center_not_selected,-12.145871719740253,-6.896126592451759,-12.145871719740253,False,104.41478485447266,NOT_SELECTED_RETAINED
F2D000297,F2V000297,P1_not_selected_qpp_pdcsap_all,P1,MATCHED_NOT_SELECTED,WC1,P02,IRREGULAR_SAMPLING,retained_indices_not_consecutive|interval_deviation_gt_0.001_s,INPUT_INADMISSIBLE,,,,,,,,,,,,False,104.41478485447266,INPUT_INADMISSIBLE
F2D000298,F2V000298,P1_not_selected_qpp_pdcsap_all,P1,MATCHED_NOT_SELECTED,WC1,P03,IRREGULAR_SAMPLING,retained_indices_not_consecutive|interval_deviation_gt_0.001_s,INPUT_INADMISSIBLE,,,,,,,,,,,,False,104.41478485447266,INPUT_INADMISSIBLE
F2D000299,F2V000299,P1_not_selected_qpp_pdcsap_all,P1,MATCHED_NOT_SELECTED,WC1,P04,ELIGIBLE_FOR_AFINO,,NOT_SELECTED,-23.744118423242128,-17.559502179459898,-18.795889329273507,-6.18461624378223,-1.2363871498136092,False,99.8866388219552,formal_m1_center_not_selected,-16.18461624378223,-11.23638714981361,-16.18461624378223,False,104.41478485447266,NOT_SELECTED_RETAINED
F2D000300,F2V000300,P1_not_selected_qpp_pdcsap_all,P1,MATCHED_NOT_SELECTED,WC1,P05,ELIGIBLE_FOR_AFINO,,NOT_SELECTED,-6.658632037040737,-4.44210289927222,-1.3986884613754231,-2.216529137768517,3.0434144378967964,False,68.09991938022497,formal_m1_center_not_selected,-12.216529137768518,-6.956585562103204,-12.216529137768518,False,104.41478485447266,NOT_SELECTED_RETAINED
F2D000301,F2V000301,P1_not_selected_qpp_pdcsap_all,P1,MATCHED_NOT_SELECTED,WX2,P00,ELIGIBLE_FOR_AFINO,,NOT_SELECTED,-58.37369705192446,-52.51611725878139,-54.522524465187544,-5.857579793143067,-2.006407206406152,False,102.35024168558802,formal_m1_center_not_selected,-15.857579793143067,-12.006407206406152,-15.857579793143067,False,104.41478485447266,NOT_SELECTED_RETAINED
F2D000302,F2V000302,P1_not_selected_qpp_pdcsap_all,P1,MATCHED_NOT_SELECTED,WX2,P01,ELIGIBLE_FOR_AFINO,,NOT_SELECTED,-37.7150347590358,-37.44723511696264,-34.21867223498796,-0.26779964207316453,3.228562881974675,False,67.84233088688582,formal_m1_center_not_selected,-10.267799642073165,-6.771437118025325,-10.267799642073165,False,104.41478485447266,NOT_SELECTED_RETAINED
F2D000303,F2V000303,P1_not_selected_qpp_pdcsap_all,P1,MATCHED_NOT_SELECTED,WX2,P02,IRREGULAR_SAMPLING,retained_indices_not_consecutive|interval_deviation_gt_0.001_s,INPUT_INADMISSIBLE,,,,,,,,,,,,False,104.41478485447266,INPUT_INADMISSIBLE
F2D000304,F2V000304,P1_not_selected_qpp_pdcsap_all,P1,MATCHED_NOT_SELECTED,WX2,P03,IRREGULAR_SAMPLING,retained_indices_not_consecutive|interval_deviation_gt_0.001_s,INPUT_INADMISSIBLE,,,,,,,,,,,,False,104.41478485447266,INPUT_INADMISSIBLE
F2D000305,F2V000305,P1_not_selected_qpp_pdcsap_all,P1,MATCHED_NOT_SELECTED,WX2,P04,ELIGIBLE_FOR_AFINO,,NOT_SELECTED,-53.32441131348049,-47.37970662378505,-49.39152228040322,-5.944704689695442,-2.0118156566181753,False,102.37671673604615,formal_m1_center_not_selected,-15.944704689695442,-12.011815656618175,-15.944704689695442,False,104.41478485447266,NOT_SELECTED_RETAINED
F2D000306,F2V000306,P1_not_selected_qpp_pdcsap_all,P1,MATCHED_NOT_SELECTED,WX2,P05,ELIGIBLE_FOR_AFINO,,NOT_SELECTED,-33.74126054671891,-33.448931520338704,-30.234529194889024,-0.29232902638020875,3.2144023254496794,False,67.8413325948122,formal_m1_center_not_selected,-10.292329026380209,-6.785597674550321,-10.292329026380209,False,104.41478485447266,NOT_SELECTED_RETAINED
F2D000307,F2V000307,P1_not_selected_qpp_pdcsap_all,P1,MATCHED_NOT_SELECTED,WC2,P00,ELIGIBLE_FOR_AFINO,,NOT_SELECTED,-30.458346251258313,-24.454743738175317,-25.600565164385685,-6.0036025130829955,-1.145821426210368,False,103.99404930206407,formal_m1_center_not_selected,-16.003602513082996,-11.145821426210368,-16.003602513082996,False,104.41478485447266,NOT_SELECTED_RETAINED
F2D000308,F2V000308,P1_not_selected_qpp_pdcsap_all,P1,MATCHED_NOT_SELECTED,WC2,P01,ELIGIBLE_FOR_AFINO,,NOT_SELECTED,-15.102987323647643,-11.68165725759573,-11.410965300198308,-3.4213300660519135,0.27069195739742113,False,68.96210481111265,formal_m1_center_not_selected,-13.421330066051913,-9.729308042602579,-13.421330066051913,False,104.41478485447266,NOT_SELECTED_RETAINED
F2D000309,F2V000309,P1_not_selected_qpp_pdcsap_all,P1,MATCHED_NOT_SELECTED,WC2,P02,IRREGULAR_SAMPLING,retained_indices_not_consecutive|interval_deviation_gt_0.001_s,INPUT_INADMISSIBLE,,,,,,,,,,,,False,104.41478485447266,INPUT_INADMISSIBLE
F2D000310,F2V000310,P1_not_selected_qpp_pdcsap_all,P1,MATCHED_NOT_SELECTED,WC2,P03,IRREGULAR_SAMPLING,retained_indices_not_consecutive|interval_deviation_gt_0.001_s,INPUT_INADMISSIBLE,,,,,,,,,,,,False,104.41478485447266,INPUT_INADMISSIBLE
F2D000311,F2V000311,P1_not_selected_qpp_pdcsap_all,P1,MATCHED_NOT_SELECTED,WC2,P04,ELIGIBLE_FOR_AFINO,,NOT_SELECTED,-12.580960995077923,-6.064425654101351,-7.5532584728257195,-6.5165353409765725,-1.4888328187243687,False,40.0,formal_m1_center_not_selected,-16.516535340976574,-11.488832818724369,-16.516535340976574,False,104.41478485447266,NOT_SELECTED_RETAINED
F2D000312,F2V000312,P1_not_selected_qpp_pdcsap_all,P1,MATCHED_NOT_SELECTED,WC2,P05,ELIGIBLE_FOR_AFINO,,NOT_SELECTED,2.1812859964698417,5.686233694368662,7.31761205989306,-3.50494769789882,1.631378365524398,False,68.9374545209657,formal_m1_center_not_selected,-13.504947697898821,-8.368621634475602,-13.504947697898821,False,104.41478485447266,NOT_SELECTED_RETAINED
F2D000313,F2V000313,P2_published_qpp_pdcsap_all,P2,PUBLISHED_QPP_REPRODUCED,W00,P00,ELIGIBLE_FOR_AFINO,,SELECTED,-569.5695591969118,-580.1125700710792,-567.3933623924789,10.543010874167408,12.719207678600242,True,73.20974568095586,recovered_period_selected,0.5430108741674076,2.7192076786002417,0.5430108741674076,True,73.20974568095586,SELECTED_RETAINED
F2D000314,F2V000314,P2_published_qpp_pdcsap_all,P2,PUBLISHED_QPP_REPRODUCED,W00,P01,ELIGIBLE_FOR_AFINO,,SELECTED,-550.90501705848,-561.7848448060167,-547.9015774443624,10.879827747536751,13.883267361654362,True,73.24170291043768,recovered_period_selected,0.8798277475367513,3.8832673616543616,0.8798277475367513,True,73.20974568095586,SELECTED_RETAINED
F2D000315,F2V000315,P2_published_qpp_pdcsap_all,P2,PUBLISHED_QPP_REPRODUCED,W00,P02,PEAK_REMOVED_BY_QUALITY,Frozen peak index 93153 is absent after the frozen quality mask.,INPUT_INADMISSIBLE,,,,,,,,,,,,True,73.20974568095586,INPUT_INADMISSIBLE
F2D000316,F2V000316,P2_published_qpp_pdcsap_all,P2,PUBLISHED_QPP_REPRODUCED,W00,P03,PEAK_REMOVED_BY_QUALITY,Frozen peak index 93153 is absent after the frozen quality mask.,INPUT_INADMISSIBLE,,,,,,,,,,,,True,73.20974568095586,INPUT_INADMISSIBLE
F2D000317,F2V000317,P2_published_qpp_pdcsap_all,P2,PUBLISHED_QPP_REPRODUCED,W00,P04,ELIGIBLE_FOR_AFINO,,NOT_SELECTED,-422.8010556211348,-432.7245888647888,-419.3668022479952,9.923533243653992,13.35778661679359,False,73.15595812991111,formal_m1_center_not_selected,-0.07646675634600797,3.3577866167935895,-0.07646675634600797,True,73.20974568095586,SELECTION_LOST
F2D000318,F2V000318,P2_published_qpp_pdcsap_all,P2,PUBLISHED_QPP_REPRODUCED,W00,P05,ELIGIBLE_FOR_AFINO,,SELECTED,-404.0166409671526,-414.6674399951618,-400.26739242835384,10.650799028009203,14.400047566807984,True,73.2125958319491,recovered_period_selected,0.6507990280092031,4.400047566807984,0.6507990280092031,True,73.20974568095586,SELECTED_RETAINED
F2D000319,F2V000319,P2_published_qpp_pdcsap_all,P2,PUBLISHED_QPP_REPRODUCED,WSm2,P00,ELIGIBLE_FOR_AFINO,,SELECTED,-581.0376455224473,-591.1583636645115,-578.9111018915954,10.12071814206422,12.24726177291609,True,73.24075641720763,recovered_period_selected,0.12071814206422005,2.24726177291609,0.12071814206422005,True,73.20974568095586,SELECTED_RETAINED
F2D000320,F2V000320,P2_published_qpp_pdcsap_all,P2,PUBLISHED_QPP_REPRODUCED,WSm2,P01,ELIGIBLE_FOR_AFINO,,SELECTED,-562.3350505514005,-572.7328017900662,-559.41134022211,10.397751238665705,13.321461567956248,True,73.28486626249376,recovered_period_selected,0.3977512386657054,3.3214615679562485,0.3977512386657054,True,73.20974568095586,SELECTED_RETAINED
F2D000321,F2V000321,P2_published_qpp_pdcsap_all,P2,PUBLISHED_QPP_REPRODUCED,WSm2,P02,PEAK_REMOVED_BY_QUALITY,Frozen peak index 93153 is absent after the frozen quality mask.,INPUT_INADMISSIBLE,,,,,,,,,,,,True,73.20974568095586,INPUT_INADMISSIBLE
F2D000322,F2V000322,P2_published_qpp_pdcsap_all,P2,PUBLISHED_QPP_REPRODUCED,WSm2,P03,PEAK_REMOVED_BY_QUALITY,Frozen peak index 93153 is absent after the frozen quality mask.,INPUT_INADMISSIBLE,,,,,,,,,,,,True,73.20974568095586,INPUT_INADMISSIBLE
F2D000323,F2V000323,P2_published_qpp_pdcsap_all,P2,PUBLISHED_QPP_REPRODUCED,WSm2,P04,ELIGIBLE_FOR_AFINO,,NOT_SELECTED,-411.60171467212655,-420.90437970188634,-407.9556010183605,9.302665029759794,12.948778683525859,False,73.18367788892682,formal_m1_center_not_selected,-0.6973349702402061,2.948778683525859,-0.6973349702402061,True,73.20974568095586,SELECTION_LOST
F2D000324,F2V000324,P2_published_qpp_pdcsap_all,P2,PUBLISHED_QPP_REPRODUCED,WSm2,P05,ELIGIBLE_FOR_AFINO,,SELECTED,-392.9469491712055,-402.98540015146847,-389.04421804694425,10.038450980262951,13.941182104524216,True,73.25496360296118,recovered_period_selected,0.03845098026295091,3.9411821045242164,0.03845098026295091,True,73.20974568095586,SELECTED_RETAINED
F2D000325,F2V000325,P2_published_qpp_pdcsap_all,P2,PUBLISHED_QPP_REPRODUCED,WSm1,P00,ELIGIBLE_FOR_AFINO,,SELECTED,-580.208694579532,-590.909757242482,-578.271288463313,10.701062662949994,12.638468779168988,True,73.2101416438791,recovered_period_selected,0.7010626629499939,2.6384687791689885,0.7010626629499939,True,73.20974568095586,SELECTED_RETAINED
F2D000326,F2V000326,P2_published_qpp_pdcsap_all,P2,PUBLISHED_QPP_REPRODUCED,WSm1,P01,ELIGIBLE_FOR_AFINO,,SELECTED,-560.802350519197,-571.3921875588763,-557.8531809619707,10.58983703967931,13.539006596905665,True,73.2524631378503,recovered_period_selected,0.5898370396793098,3.539006596905665,0.5898370396793098,True,73.20974568095586,SELECTED_RETAINED
F2D000327,F2V000327,P2_published_qpp_pdcsap_all,P2,PUBLISHED_QPP_REPRODUCED,WSm1,P02,PEAK_REMOVED_BY_QUALITY,Frozen peak index 93153 is absent after the frozen quality mask.,INPUT_INADMISSIBLE,,,,,,,,,,,,True,73.20974568095586,INPUT_INADMISSIBLE
F2D000328,F2V000328,P2_published_qpp_pdcsap_all,P2,PUBLISHED_QPP_REPRODUCED,WSm1,P03,PEAK_REMOVED_BY_QUALITY,Frozen peak index 93153 is absent after the frozen quality mask.,INPUT_INADMISSIBLE,,,,,,,,,,,,True,73.20974568095586,INPUT_INADMISSIBLE
F2D000329,F2V000329,P2_published_qpp_pdcsap_all,P2,PUBLISHED_QPP_REPRODUCED,WSm1,P04,ELIGIBLE_FOR_AFINO,,NOT_SELECTED,-420.08330606186297,-429.8999707412864,-416.5686828040335,9.816664679423411,13.33128793725291,False,73.15343968727939,formal_m1_center_not_selected,-0.18333532057658886,3.3312879372529096,-0.18333532057658886,True,73.20974568095586,SELECTION_LOST
F2D000330,F2V000330,P2_published_qpp_pdcsap_all,P2,PUBLISHED_QPP_REPRODUCED,WSm1,P05,ELIGIBLE_FOR_AFINO,,SELECTED,-400.48445661964183,-410.73866952612593,-396.6422088362097,10.2542129064841,14.096460689916228,True,73.22333915807191,recovered_period_selected,0.2542129064840992,4.096460689916228,0.2542129064840992,True,73.20974568095586,SELECTED_RETAINED
F2D000331,F2V000331,P2_published_qpp_pdcsap_all,P2,PUBLISHED_QPP_REPRODUCED,WSp1,P00,ELIGIBLE_FOR_AFINO,,SELECTED,-568.9044747544241,-580.0167979108501,-566.9046319119491,11.112323156425987,13.112165998900991,True,73.22007310647592,recovered_period_selected,1.1123231564259868,3.1121659989009913,1.1123231564259868,True,73.20974568095586,SELECTED_RETAINED
F2D000332,F2V000332,P2_published_qpp_pdcsap_all,P2,PUBLISHED_QPP_REPRODUCED,WSp1,P01,ELIGIBLE_FOR_AFINO,,SELECTED,-549.4899208643229,-560.5519268498181,-546.4775954522089,11.062005985495148,14.074331397609171,True,73.24860227487278,recovered_period_selected,1.0620059854951478,4.074331397609171,1.0620059854951478,True,73.20974568095586,SELECTED_RETAINED
F2D000333,F2V000333,P2_published_qpp_pdcsap_all,P2,PUBLISHED_QPP_REPRODUCED,WSp1,P02,PEAK_REMOVED_BY_QUALITY,Frozen peak index 93153 is absent after the frozen quality mask.,INPUT_INADMISSIBLE,,,,,,,,,,,,True,73.20974568095586,INPUT_INADMISSIBLE
F2D000334,F2V000334,P2_published_qpp_pdcsap_all,P2,PUBLISHED_QPP_REPRODUCED,WSp1,P03,PEAK_REMOVED_BY_QUALITY,Frozen peak index 93153 is absent after the frozen quality mask.,INPUT_INADMISSIBLE,,,,,,,,,,,,True,73.20974568095586,INPUT_INADMISSIBLE
F2D000335,F2V000335,P2_published_qpp_pdcsap_all,P2,PUBLISHED_QPP_REPRODUCED,WSp1,P04,ELIGIBLE_FOR_AFINO,,SELECTED,-435.77283476038616,-446.22056826420106,-432.5409352793921,10.447733503814902,13.679632984808961,True,73.17304205472188,recovered_period_selected,0.4477335038149022,3.6796329848089613,0.4477335038149022,True,73.20974568095586,SELECTED_RETAINED
F2D000336,F2V000336,P2_published_qpp_pdcsap_all,P2,PUBLISHED_QPP_REPRODUCED,WSp1,P05,ELIGIBLE_FOR_AFINO,,SELECTED,-415.9448788300759,-426.7919378663119,-412.27892020101746,10.847059036236033,14.513017665294456,True,73.22409732109973,recovered_period_selected,0.8470590362360326,4.513017665294456,0.8470590362360326,True,73.20974568095586,SELECTED_RETAINED
F2D000337,F2V000337,P2_published_qpp_pdcsap_all,P2,PUBLISHED_QPP_REPRODUCED,WSp2,P00,ELIGIBLE_FOR_AFINO,,SELECTED,-558.2818283837767,-569.2245916590599,-556.0370728045172,10.942763275283255,13.187518854542759,True,73.2163156348608,recovered_period_selected,0.9427632752832551,3.187518854542759,0.9427632752832551,True,73.20974568095586,SELECTED_RETAINED
F2D000338,F2V000338,P2_published_qpp_pdcsap_all,P2,PUBLISHED_QPP_REPRODUCED,WSp2,P01,ELIGIBLE_FOR_AFINO,,SELECTED,-539.6344173501825,-551.011133662645,-536.5924163957226,11.376716312462463,14.418717266922386,True,73.23427951157461,recovered_period_selected,1.376716312462463,4.4187172669223855,1.376716312462463,True,73.20974568095586,SELECTED_RETAINED
F2D000339,F2V000339,P2_published_qpp_pdcsap_all,P2,PUBLISHED_QPP_REPRODUCED,WSp2,P02,PEAK_REMOVED_BY_QUALITY,Frozen peak index 93153 is absent after the frozen quality mask.,INPUT_INADMISSIBLE,,,,,,,,,,,,True,73.20974568095586,INPUT_INADMISSIBLE
F2D000340,F2V000340,P2_published_qpp_pdcsap_all,P2,PUBLISHED_QPP_REPRODUCED,WSp2,P03,PEAK_REMOVED_BY_QUALITY,Frozen peak index 93153 is absent after the frozen quality mask.,INPUT_INADMISSIBLE,,,,,,,,,,,,True,73.20974568095586,INPUT_INADMISSIBLE
F2D000341,F2V000341,P2_published_qpp_pdcsap_all,P2,PUBLISHED_QPP_REPRODUCED,WSp2,P04,ELIGIBLE_FOR_AFINO,,SELECTED,-441.1051999320062,-451.6216006069711,-437.9553994179833,10.516400674964927,13.666201188987827,True,73.17836436388876,recovered_period_selected,0.5164006749649275,3.666201188987827,0.5164006749649275,True,73.20974568095586,SELECTED_RETAINED
F2D000342,F2V000342,P2_published_qpp_pdcsap_all,P2,PUBLISHED_QPP_REPRODUCED,WSp2,P05,ELIGIBLE_FOR_AFINO,,SELECTED,-422.1381671089202,-433.3869674352616,-418.58147190866964,11.248800326341438,14.805495526591983,True,73.21417539430817,recovered_period_selected,1.2488003263414384,4.805495526591983,1.2488003263414384,True,73.20974568095586,SELECTED_RETAINED
F2D000343,F2V000343,P2_published_qpp_pdcsap_all,P2,PUBLISHED_QPP_REPRODUCED,WEm2,P00,ELIGIBLE_FOR_AFINO,,NOT_SELECTED,-562.9822684410727,-572.8206607191056,-560.8085634954019,9.83839227803287,12.012097223703677,False,73.15255816867086,formal_m1_center_not_selected,-0.1616077219671297,2.0120972237036767,-0.1616077219671297,True,73.20974568095586,SELECTION_LOST
F2D000344,F2V000344,P2_published_qpp_pdcsap_all,P2,PUBLISHED_QPP_REPRODUCED,WEm2,P01,ELIGIBLE_FOR_AFINO,,SELECTED,-544.8983538207488,-555.1742460791213,-541.9171972153514,10.27589225837255,13.25704886376991,True,73.20675031900804,recovered_period_selected,0.2758922583725507,3.25704886376991,0.2758922583725507,True,73.20974568095586,SELECTED_RETAINED
F2D000345,F2V000345,P2_published_qpp_pdcsap_all,P2,PUBLISHED_QPP_REPRODUCED,WEm2,P02,PEAK_REMOVED_BY_QUALITY,Frozen peak index 93153 is absent after the frozen quality mask.,INPUT_INADMISSIBLE,,,,,,,,,,,,True,73.20974568095586,INPUT_INADMISSIBLE
F2D000346,F2V000346,P2_published_qpp_pdcsap_all,P2,PUBLISHED_QPP_REPRODUCED,WEm2,P03,PEAK_REMOVED_BY_QUALITY,Frozen peak index 93153 is absent after the frozen quality mask.,INPUT_INADMISSIBLE,,,,,,,,,,,,True,73.20974568095586,INPUT_INADMISSIBLE
F2D000347,F2V000347,P2_published_qpp_pdcsap_all,P2,PUBLISHED_QPP_REPRODUCED,WEm2,P04,ELIGIBLE_FOR_AFINO,,NOT_SELECTED,-418.29104604565435,-427.56466796538155,-414.893285425288,9.27362191972719,12.671382540093532,False,73.10298212477464,formal_m1_center_not_selected,-0.7263780802728093,2.671382540093532,-0.7263780802728093,True,73.20974568095586,SELECTION_LOST
F2D000348,F2V000348,P2_published_qpp_pdcsap_all,P2,PUBLISHED_QPP_REPRODUCED,WEm2,P05,ELIGIBLE_FOR_AFINO,,SELECTED,-400.1390560834005,-410.21206531008454,-396.4176584746408,10.073009226684064,13.794406835443738,True,73.18014877870188,recovered_period_selected,0.07300922668406429,3.7944068354437377,0.07300922668406429,True,73.20974568095586,SELECTED_RETAINED
F2D000349,F2V000349,P2_published_qpp_pdcsap_all,P2,PUBLISHED_QPP_REPRODUCED,WEm1,P00,ELIGIBLE_FOR_AFINO,,SELECTED,-571.2567785939644,-581.8010954475202,-569.2903896406561,10.544316853555756,12.510705806864053,True,73.19148275014655,recovered_period_selected,0.5443168535557561,2.5107058068640526,0.5443168535557561,True,73.20974568095586,SELECTED_RETAINED
F2D000350,F2V000350,P2_published_qpp_pdcsap_all,P2,PUBLISHED_QPP_REPRODUCED,WEm1,P01,ELIGIBLE_FOR_AFINO,,SELECTED,-552.1451364178168,-562.655730240346,-549.166515241967,10.510593822529131,13.489214998378998,True,73.23810881084208,recovered_period_selected,0.5105938225291311,3.4892149983789977,0.5105938225291311,True,73.20974568095586,SELECTED_RETAINED
F2D000351,F2V000351,P2_published_qpp_pdcsap_all,P2,PUBLISHED_QPP_REPRODUCED,WEm1,P02,PEAK_REMOVED_BY_QUALITY,Frozen peak index 93153 is absent after the frozen quality mask.,INPUT_INADMISSIBLE,,,,,,,,,,,,True,73.20974568095586,INPUT_INADMISSIBLE
F2D000352,F2V000352,P2_published_qpp_pdcsap_all,P2,PUBLISHED_QPP_REPRODUCED,WEm1,P03,PEAK_REMOVED_BY_QUALITY,Frozen peak index 93153 is absent after the frozen quality mask.,INPUT_INADMISSIBLE,,,,,,,,,,,,True,73.20974568095586,INPUT_INADMISSIBLE
F2D000353,F2V000353,P2_published_qpp_pdcsap_all,P2,PUBLISHED_QPP_REPRODUCED,WEm1,P04,ELIGIBLE_FOR_AFINO,,NOT_SELECTED,-424.78146845809385,-434.5842429917524,-421.41818407724213,9.802774533658521,13.166058914510245,False,73.138783678825,formal_m1_center_not_selected,-0.19722546634147875,3.166058914510245,-0.19722546634147875,True,73.20974568095586,SELECTION_LOST
F2D000354,F2V000354,P2_published_qpp_pdcsap_all,P2,PUBLISHED_QPP_REPRODUCED,WEm1,P05,ELIGIBLE_FOR_AFINO,,SELECTED,-405.42072381221163,-415.6723407869323,-401.6722988587428,10.251616974720662,14.00004192818949,True,73.21045915646673,recovered_period_selected,0.2516169747206618,4.000041928189489,0.2516169747206618,True,73.20974568095586,SELECTED_RETAINED
F2D000355,F2V000355,P2_published_qpp_pdcsap_all,P2,PUBLISHED_QPP_REPRODUCED,WEp1,P00,ELIGIBLE_FOR_AFINO,,SELECTED,-577.8300336990973,-589.1142108471425,-575.8653387249808,11.284177148045273,13.248872122161742,True,73.23345155779802,recovered_period_selected,1.2841771480452735,3.2488721221617425,1.2841771480452735,True,73.20974568095586,SELECTED_RETAINED
F2D000356,F2V000356,P2_published_qpp_pdcsap_all,P2,PUBLISHED_QPP_REPRODUCED,WEp1,P01,ELIGIBLE_FOR_AFINO,,SELECTED,-558.1242389859751,-569.2666193281499,-555.1295253016297,11.14238034217476,14.13709402652023,True,73.25855130038235,recovered_period_selected,1.1423803421747607,4.137094026520231,1.1423803421747607,True,73.20974568095586,SELECTED_RETAINED
F2D000357,F2V000357,P2_published_qpp_pdcsap_all,P2,PUBLISHED_QPP_REPRODUCED,WEp1,P02,PEAK_REMOVED_BY_QUALITY,Frozen peak index 93153 is absent after the frozen quality mask.,INPUT_INADMISSIBLE,,,,,,,,,,,,True,73.20974568095586,INPUT_INADMISSIBLE
F2D000358,F2V000358,P2_published_qpp_pdcsap_all,P2,PUBLISHED_QPP_REPRODUCED,WEp1,P03,PEAK_REMOVED_BY_QUALITY,Frozen peak index 93153 is absent after the frozen quality mask.,INPUT_INADMISSIBLE,,,,,,,,,,,,True,73.20974568095586,INPUT_INADMISSIBLE
F2D000359,F2V000359,P2_published_qpp_pdcsap_all,P2,PUBLISHED_QPP_REPRODUCED,WEp1,P04,ELIGIBLE_FOR_AFINO,,SELECTED,-429.17558941866974,-439.6482141822236,-425.7728428609416,10.472624763553881,13.875371321282046,True,73.18075389601285,recovered_period_selected,0.47262476355388117,3.8753713212820458,0.47262476355388117,True,73.20974568095586,SELECTED_RETAINED
F2D000360,F2V000360,P2_published_qpp_pdcsap_all,P2,PUBLISHED_QPP_REPRODUCED,WEp1,P05,ELIGIBLE_FOR_AFINO,,SELECTED,-409.1611397225931,-420.01853853133474,-405.389639619868,10.857398808741664,14.628898911466763,True,73.23120799534108,recovered_period_selected,0.8573988087416637,4.628898911466763,0.8573988087416637,True,73.20974568095586,SELECTED_RETAINED
F2D000361,F2V000361,P2_published_qpp_pdcsap_all,P2,PUBLISHED_QPP_REPRODUCED,WEp2,P00,ELIGIBLE_FOR_AFINO,,SELECTED,-576.2791447923324,-587.5541247519542,-574.101063246817,11.27497995962176,13.453061505137157,True,73.28134291680198,recovered_period_selected,1.27497995962176,3.453061505137157,1.27497995962176,True,73.20974568095586,SELECTED_RETAINED
F2D000362,F2V000362,P2_published_qpp_pdcsap_all,P2,PUBLISHED_QPP_REPRODUCED,WEp2,P01,ELIGIBLE_FOR_AFINO,,SELECTED,-557.0178397203154,-568.5120976186137,-553.9852014873044,11.494257898298315,14.526896131309286,True,73.29298279932483,recovered_period_selected,1.494257898298315,4.526896131309286,1.494257898298315,True,73.20974568095586,SELECTED_RETAINED
F2D000363,F2V000363,P2_published_qpp_pdcsap_all,P2,PUBLISHED_QPP_REPRODUCED,WEp2,P02,PEAK_REMOVED_BY_QUALITY,Frozen peak index 93153 is absent after the frozen quality mask.,INPUT_INADMISSIBLE,,,,,,,,,,,,True,73.20974568095586,INPUT_INADMISSIBLE
F2D000364,F2V000364,P2_published_qpp_pdcsap_all,P2,PUBLISHED_QPP_REPRODUCED,WEp2,P03,PEAK_REMOVED_BY_QUALITY,Frozen peak index 93153 is absent after the frozen quality mask.,INPUT_INADMISSIBLE,,,,,,,,,,,,True,73.20974568095586,INPUT_INADMISSIBLE
F2D000365,F2V000365,P2_published_qpp_pdcsap_all,P2,PUBLISHED_QPP_REPRODUCED,WEp2,P04,ELIGIBLE_FOR_AFINO,,SELECTED,-427.3601720389379,-437.95951685331215,-423.9275073507179,10.599344814374263,14.032009502594235,True,73.23079870178378,recovered_period_selected,0.5993448143742626,4.032009502594235,0.5993448143742626,True,73.20974568095586,SELECTED_RETAINED
F2D000366,F2V000366,P2_published_qpp_pdcsap_all,P2,PUBLISHED_QPP_REPRODUCED,WEp2,P05,ELIGIBLE_FOR_AFINO,,SELECTED,-407.93351611346606,-419.1751789170614,-404.1531611284815,11.241662803595318,15.022017788579888,True,73.26567310145182,recovered_period_selected,1.241662803595318,5.022017788579888,1.241662803595318,True,73.20974568095586,SELECTED_RETAINED
F2D000367,F2V000367,P2_published_qpp_pdcsap_all,P2,PUBLISHED_QPP_REPRODUCED,WX1,P00,ELIGIBLE_FOR_AFINO,,SELECTED,-578.6248853407378,-589.330069409011,-576.4790212526195,10.705184068273184,12.851048156391471,True,73.25583667625592,recovered_period_selected,0.7051840682731836,2.851048156391471,0.7051840682731836,True,73.20974568095586,SELECTED_RETAINED
F2D000368,F2V000368,P2_published_qpp_pdcsap_all,P2,PUBLISHED_QPP_REPRODUCED,WX1,P01,ELIGIBLE_FOR_AFINO,,SELECTED,-559.6267328930137,-570.583202437251,-556.6485141951404,10.95646954423728,13.93468824211061,True,73.28463057197958,recovered_period_selected,0.9564695442372795,3.93468824211061,0.9564695442372795,True,73.20974568095586,SELECTED_RETAINED
F2D000369,F2V000369,P2_published_qpp_pdcsap_all,P2,PUBLISHED_QPP_REPRODUCED,WX1,P02,PEAK_REMOVED_BY_QUALITY,Frozen peak index 93153 is absent after the frozen quality mask.,INPUT_INADMISSIBLE,,,,,,,,,,,,True,73.20974568095586,INPUT_INADMISSIBLE
F2D000370,F2V000370,P2_published_qpp_pdcsap_all,P2,PUBLISHED_QPP_REPRODUCED,WX1,P03,PEAK_REMOVED_BY_QUALITY,Frozen peak index 93153 is absent after the frozen quality mask.,INPUT_INADMISSIBLE,,,,,,,,,,,,True,73.20974568095586,INPUT_INADMISSIBLE
F2D000371,F2V000371,P2_published_qpp_pdcsap_all,P2,PUBLISHED_QPP_REPRODUCED,WX1,P04,ELIGIBLE_FOR_AFINO,,NOT_SELECTED,-418.0153567874592,-427.96881396426573,-414.48202617869117,9.953457176806523,13.486787785574563,False,73.20178197895257,formal_m1_center_not_selected,-0.04654282319347658,3.4867877855745633,-0.04654282319347658,True,73.20974568095586,SELECTION_LOST
F2D000372,F2V000372,P2_published_qpp_pdcsap_all,P2,PUBLISHED_QPP_REPRODUCED,WX1,P05,ELIGIBLE_FOR_AFINO,,SELECTED,-398.9176179013621,-409.5684673545305,-395.07174661127186,10.650849453168405,14.496720743258663,True,73.25580959951571,recovered_period_selected,0.650849453168405,4.496720743258663,0.650849453168405,True,73.20974568095586,SELECTED_RETAINED
F2D000373,F2V000373,P2_published_qpp_pdcsap_all,P2,PUBLISHED_QPP_REPRODUCED,WC1,P00,ELIGIBLE_FOR_AFINO,,SELECTED,-560.7748265292615,-571.1717851605256,-558.572223330515,10.396958631264056,12.599561830010543,True,73.1807656956009,recovered_period_selected,0.39695863126405584,2.5995618300105434,0.39695863126405584,True,73.20974568095586,SELECTED_RETAINED
F2D000374,F2V000374,P2_published_qpp_pdcsap_all,P2,PUBLISHED_QPP_REPRODUCED,WC1,P01,ELIGIBLE_FOR_AFINO,,SELECTED,-542.366062101871,-553.20298622656,-539.3549239951611,10.836924124689062,13.848062231398899,True,73.2172283441347,recovered_period_selected,0.8369241246890624,3.848062231398899,0.8369241246890624,True,73.20974568095586,SELECTED_RETAINED
F2D000375,F2V000375,P2_published_qpp_pdcsap_all,P2,PUBLISHED_QPP_REPRODUCED,WC1,P02,PEAK_REMOVED_BY_QUALITY,Frozen peak index 93153 is absent after the frozen quality mask.,INPUT_INADMISSIBLE,,,,,,,,,,,,True,73.20974568095586,INPUT_INADMISSIBLE
F2D000376,F2V000376,P2_published_qpp_pdcsap_all,P2,PUBLISHED_QPP_REPRODUCED,WC1,P03,PEAK_REMOVED_BY_QUALITY,Frozen peak index 93153 is absent after the frozen quality mask.,INPUT_INADMISSIBLE,,,,,,,,,,,,True,73.20974568095586,INPUT_INADMISSIBLE
F2D000377,F2V000377,P2_published_qpp_pdcsap_all,P2,PUBLISHED_QPP_REPRODUCED,WC1,P04,ELIGIBLE_FOR_AFINO,,NOT_SELECTED,-429.20596736246074,-439.1047436915956,-425.9331361577813,9.898776329134876,13.171607533814324,False,73.13618224794271,formal_m1_center_not_selected,-0.1012236708651244,3.171607533814324,-0.1012236708651244,True,73.20974568095586,SELECTION_LOST
F2D000378,F2V000378,P2_published_qpp_pdcsap_all,P2,PUBLISHED_QPP_REPRODUCED,WC1,P05,ELIGIBLE_FOR_AFINO,,SELECTED,-410.5179459160535,-421.1895817861541,-406.87796229714854,10.671635870100602,14.31161948900558,True,73.19355893759564,recovered_period_selected,0.6716358701006016,4.3116194890055795,0.6716358701006016,True,73.20974568095586,SELECTED_RETAINED
F2D000379,F2V000379,P2_published_qpp_pdcsap_all,P2,PUBLISHED_QPP_REPRODUCED,WX2,P00,ELIGIBLE_FOR_AFINO,,SELECTED,-587.8431724966571,-598.669870573815,-585.7074662656382,10.826698077157971,12.962404308176815,True,73.29455583732178,recovered_period_selected,0.8266980771579711,2.962404308176815,0.8266980771579711,True,73.20974568095586,SELECTED_RETAINED
F2D000380,F2V000380,P2_published_qpp_pdcsap_all,P2,PUBLISHED_QPP_REPRODUCED,WX2,P01,ELIGIBLE_FOR_AFINO,,SELECTED,-568.5563357869133,-579.5511569232578,-565.5969206965563,10.994821136344513,13.954236226701596,True,73.31834809603754,recovered_period_selected,0.9948211363445125,3.954236226701596,0.9948211363445125,True,73.20974568095586,SELECTED_RETAINED
F2D000381,F2V000381,P2_published_qpp_pdcsap_all,P2,PUBLISHED_QPP_REPRODUCED,WX2,P02,PEAK_REMOVED_BY_QUALITY,Frozen peak index 93153 is absent after the frozen quality mask.,INPUT_INADMISSIBLE,,,,,,,,,,,,True,73.20974568095586,INPUT_INADMISSIBLE
F2D000382,F2V000382,P2_published_qpp_pdcsap_all,P2,PUBLISHED_QPP_REPRODUCED,WX2,P03,PEAK_REMOVED_BY_QUALITY,Frozen peak index 93153 is absent after the frozen quality mask.,INPUT_INADMISSIBLE,,,,,,,,,,,,True,73.20974568095586,INPUT_INADMISSIBLE
F2D000383,F2V000383,P2_published_qpp_pdcsap_all,P2,PUBLISHED_QPP_REPRODUCED,WX2,P04,ELIGIBLE_FOR_AFINO,,NOT_SELECTED,-415.0583542396471,-424.99642060644504,-411.5778149648245,9.938066366797955,13.418605641620559,False,73.23339631837061,formal_m1_center_not_selected,-0.06193363320204526,3.418605641620559,-0.06193363320204526,True,73.20974568095586,SELECTION_LOST
F2D000384,F2V000384,P2_published_qpp_pdcsap_all,P2,PUBLISHED_QPP_REPRODUCED,WX2,P05,ELIGIBLE_FOR_AFINO,,SELECTED,-395.7292370469071,-406.33569624359274,-391.78262234461647,10.606459196685648,14.553073898976265,True,73.28517492007964,recovered_period_selected,0.6064591966856483,4.553073898976265,0.6064591966856483,True,73.20974568095586,SELECTED_RETAINED
F2D000385,F2V000385,P2_published_qpp_pdcsap_all,P2,PUBLISHED_QPP_REPRODUCED,WC2,P00,ELIGIBLE_FOR_AFINO,,SELECTED,-551.7708236853368,-561.989122444035,-549.5509221638805,10.21829875869821,12.438200280154547,True,73.13282741349178,recovered_period_selected,0.2182987586982108,2.438200280154547,0.2182987586982108,True,73.20974568095586,SELECTED_RETAINED
F2D000386,F2V000386,P2_published_qpp_pdcsap_all,P2,PUBLISHED_QPP_REPRODUCED,WC2,P01,ELIGIBLE_FOR_AFINO,,SELECTED,-533.7177052490258,-544.482501626687,-530.7208190887171,10.764796377661241,13.761682537969932,True,73.17322099348844,recovered_period_selected,0.7647963776612414,3.761682537969932,0.7647963776612414,True,73.20974568095586,SELECTED_RETAINED
F2D000387,F2V000387,P2_published_qpp_pdcsap_all,P2,PUBLISHED_QPP_REPRODUCED,WC2,P02,PEAK_REMOVED_BY_QUALITY,Frozen peak index 93153 is absent after the frozen quality mask.,INPUT_INADMISSIBLE,,,,,,,,,,,,True,73.20974568095586,INPUT_INADMISSIBLE
F2D000388,F2V000388,P2_published_qpp_pdcsap_all,P2,PUBLISHED_QPP_REPRODUCED,WC2,P03,PEAK_REMOVED_BY_QUALITY,Frozen peak index 93153 is absent after the frozen quality mask.,INPUT_INADMISSIBLE,,,,,,,,,,,,True,73.20974568095586,INPUT_INADMISSIBLE
F2D000389,F2V000389,P2_published_qpp_pdcsap_all,P2,PUBLISHED_QPP_REPRODUCED,WC2,P04,ELIGIBLE_FOR_AFINO,,NOT_SELECTED,-435.6800785492563,-445.50992547663543,-432.5676700036324,9.829846927379151,12.942255473003058,False,73.09187743526999,formal_m1_center_not_selected,-0.1701530726208489,2.9422554730030583,-0.1701530726208489,True,73.20974568095586,SELECTION_LOST
F2D000390,F2V000390,P2_published_qpp_pdcsap_all,P2,PUBLISHED_QPP_REPRODUCED,WC2,P05,ELIGIBLE_FOR_AFINO,,SELECTED,-417.3101711595798,-427.96539007756894,-413.7929668535702,10.655218917989146,14.172423223998749,True,73.1515789103669,recovered_period_selected,0.6552189179891457,4.172423223998749,0.6552189179891457,True,73.20974568095586,SELECTED_RETAINED
F2D000391,F2V000391,P2_not_selected_qpp_pdcsap_all,P2,MATCHED_NOT_SELECTED,W00,P00,ELIGIBLE_FOR_AFINO,,NOT_SELECTED,-1126.9537602746536,-1122.4627200993077,-1122.324933436963,-4.4910401753459155,0.13778666234475168,False,83.35894551432918,formal_m1_center_not_selected,-14.491040175345915,-9.862213337655248,-14.491040175345915,False,83.35894551432918,NOT_SELECTED_RETAINED
F2D000392,F2V000392,P2_not_selected_qpp_pdcsap_all,P2,MATCHED_NOT_SELECTED,W00,P01,ELIGIBLE_FOR_AFINO,,NOT_SELECTED,-1117.1028248633233,-1112.3324472541449,-1111.8316149045104,-4.7703776091784675,0.5008323496344929,False,82.47647821369354,formal_m1_center_not_selected,-14.770377609178468,-9.499167650365507,-14.770377609178468,False,83.35894551432918,NOT_SELECTED_RETAINED
F2D000393,F2V000393,P2_not_selected_qpp_pdcsap_all,P2,MATCHED_NOT_SELECTED,W00,P02,IRREGULAR_SAMPLING,retained_indices_not_consecutive|interval_deviation_gt_0.001_s,INPUT_INADMISSIBLE,,,,,,,,,,,,False,83.35894551432918,INPUT_INADMISSIBLE
F2D000394,F2V000394,P2_not_selected_qpp_pdcsap_all,P2,MATCHED_NOT_SELECTED,W00,P03,IRREGULAR_SAMPLING,retained_indices_not_consecutive|interval_deviation_gt_0.001_s,INPUT_INADMISSIBLE,,,,,,,,,,,,False,83.35894551432918,INPUT_INADMISSIBLE
F2D000395,F2V000395,P2_not_selected_qpp_pdcsap_all,P2,MATCHED_NOT_SELECTED,W00,P04,ELIGIBLE_FOR_AFINO,,NOT_SELECTED,-1050.1851990902042,-1045.5818203264719,-1045.5498509474023,-4.60337876373228,0.031969379069550996,False,83.33428688302345,formal_m1_center_not_selected,-14.60337876373228,-9.968030620930449,-14.60337876373228,False,83.35894551432918,NOT_SELECTED_RETAINED
F2D000396,F2V000396,P2_not_selected_qpp_pdcsap_all,P2,MATCHED_NOT_SELECTED,W00,P05,ELIGIBLE_FOR_AFINO,,NOT_SELECTED,-1035.9093131555303,-1031.0429223892354,-1030.4764125988609,-4.866390766294899,0.5665097903745391,False,82.44729018680206,formal_m1_center_not_selected,-14.866390766294899,-9.433490209625461,-14.866390766294899,False,83.35894551432918,NOT_SELECTED_RETAINED
F2D000397,F2V000397,P2_not_selected_qpp_pdcsap_all,P2,MATCHED_NOT_SELECTED,WSm2,P00,ELIGIBLE_FOR_AFINO,,NOT_SELECTED,-1139.0858008035948,-1134.3511641068403,-1134.4062440360005,-4.734636696754478,-0.05507992916022886,False,83.40134000987322,formal_m1_center_not_selected,-14.734636696754478,-10.055079929160229,-14.734636696754478,False,83.35894551432918,NOT_SELECTED_RETAINED
F2D000398,F2V000398,P2_not_selected_qpp_pdcsap_all,P2,MATCHED_NOT_SELECTED,WSm2,P01,ELIGIBLE_FOR_AFINO,,NOT_SELECTED,-1130.7164637024814,-1126.0260337167442,-1125.361789132403,-4.6904299857371825,0.6642445843413043,False,82.67665878847275,formal_m1_center_not_selected,-14.690429985737183,-9.335755415658696,-14.690429985737183,False,83.35894551432918,NOT_SELECTED_RETAINED
F2D000399,F2V000399,P2_not_selected_qpp_pdcsap_all,P2,MATCHED_NOT_SELECTED,WSm2,P02,IRREGULAR_SAMPLING,retained_indices_not_consecutive|interval_deviation_gt_0.001_s,INPUT_INADMISSIBLE,,,,,,,,,,,,False,83.35894551432918,INPUT_INADMISSIBLE
F2D000400,F2V000400,P2_not_selected_qpp_pdcsap_all,P2,MATCHED_NOT_SELECTED,WSm2,P03,IRREGULAR_SAMPLING,retained_indices_not_consecutive|interval_deviation_gt_0.001_s,INPUT_INADMISSIBLE,,,,,,,,,,,,False,83.35894551432918,INPUT_INADMISSIBLE
F2D000401,F2V000401,P2_not_selected_qpp_pdcsap_all,P2,MATCHED_NOT_SELECTED,WSm2,P04,ELIGIBLE_FOR_AFINO,,NOT_SELECTED,-1070.8603994051696,-1066.0211749783696,-1066.1690538238302,-4.839224426800001,-0.14787884546058194,False,83.37949658590941,formal_m1_center_not_selected,-14.839224426800001,-10.147878845460582,-14.839224426800001,False,83.35894551432918,NOT_SELECTED_RETAINED
F2D000402,F2V000402,P2_not_selected_qpp_pdcsap_all,P2,MATCHED_NOT_SELECTED,WSm2,P05,ELIGIBLE_FOR_AFINO,,NOT_SELECTED,-1058.2807542870398,-1053.4980025434536,-1053.0723975939682,-4.782751743586232,0.42560494948543237,False,82.65217100201995,formal_m1_center_not_selected,-14.782751743586232,-9.574395050514568,-14.782751743586232,False,83.35894551432918,NOT_SELECTED_RETAINED
F2D000403,F2V000403,P2_not_selected_qpp_pdcsap_all,P2,MATCHED_NOT_SELECTED,WSm1,P00,ELIGIBLE_FOR_AFINO,,NOT_SELECTED,-1140.419235943303,-1135.8507529069345,-1135.8128130579073,-4.568483036368434,0.037939849027225137,False,83.3749048951,formal_m1_center_not_selected,-14.568483036368434,-9.962060150972775,-14.568483036368434,False,83.35894551432918,NOT_SELECTED_RETAINED
F2D000404,F2V000404,P2_not_selected_qpp_pdcsap_all,P2,MATCHED_NOT_SELECTED,WSm1,P01,ELIGIBLE_FOR_AFINO,,NOT_SELECTED,-1131.788003939397,-1127.3389976888207,-1126.814729154435,-4.4490062505763035,0.5242685343855555,False,82.50717879567624,formal_m1_center_not_selected,-14.449006250576304,-9.475731465614444,-14.449006250576304,False,83.35894551432918,NOT_SELECTED_RETAINED
F2D000405,F2V000405,P2_not_selected_qpp_pdcsap_all,P2,MATCHED_NOT_SELECTED,WSm1,P02,IRREGULAR_SAMPLING,retained_indices_not_consecutive|interval_deviation_gt_0.001_s,INPUT_INADMISSIBLE,,,,,,,,,,,,False,83.35894551432918,INPUT_INADMISSIBLE
F2D000406,F2V000406,P2_not_selected_qpp_pdcsap_all,P2,MATCHED_NOT_SELECTED,WSm1,P03,IRREGULAR_SAMPLING,retained_indices_not_consecutive|interval_deviation_gt_0.001_s,INPUT_INADMISSIBLE,,,,,,,,,,,,False,83.35894551432918,INPUT_INADMISSIBLE
F2D000407,F2V000407,P2_not_selected_qpp_pdcsap_all,P2,MATCHED_NOT_SELECTED,WSm1,P04,ELIGIBLE_FOR_AFINO,,NOT_SELECTED,-1067.5475988147691,-1062.8679629013282,-1062.9308521106636,-4.679635913440961,-0.0628892093354807,False,83.35202262167591,formal_m1_center_not_selected,-14.679635913440961,-10.06288920933548,-14.679635913440961,False,83.35894551432918,NOT_SELECTED_RETAINED
F2D000408,F2V000408,P2_not_selected_qpp_pdcsap_all,P2,MATCHED_NOT_SELECTED,WSm1,P05,ELIGIBLE_FOR_AFINO,,NOT_SELECTED,-1054.569767942498,-1050.0212685555869,-1049.6138147231848,-4.5484993869110895,0.40745383240209776,False,82.4798769260538,formal_m1_center_not_selected,-14.54849938691109,-9.592546167597902,-14.54849938691109,False,83.35894551432918,NOT_SELECTED_RETAINED
F2D000409,F2V000409,P2_not_selected_qpp_pdcsap_all,P2,MATCHED_NOT_SELECTED,WSp1,P00,ELIGIBLE_FOR_AFINO,,NOT_SELECTED,-1128.35226134459,-1124.0042088454422,-1123.7986144403276,-4.348052499147798,0.20559440511465255,False,83.32934558637601,formal_m1_center_not_selected,-14.348052499147798,-9.794405594885347,-14.348052499147798,False,83.35894551432918,NOT_SELECTED_RETAINED
F2D000410,F2V000410,P2_not_selected_qpp_pdcsap_all,P2,MATCHED_NOT_SELECTED,WSp1,P01,ELIGIBLE_FOR_AFINO,,NOT_SELECTED,-1118.3031837022197,-1113.7651407041717,-1113.2562558500294,-4.538042998048013,0.5088848541422522,False,82.30454606171108,formal_m1_center_not_selected,-14.538042998048013,-9.491115145857748,-14.538042998048013,False,83.35894551432918,NOT_SELECTED_RETAINED
F2D000411,F2V000411,P2_not_selected_qpp_pdcsap_all,P2,MATCHED_NOT_SELECTED,WSp1,P02,IRREGULAR_SAMPLING,retained_indices_not_consecutive|interval_deviation_gt_0.001_s,INPUT_INADMISSIBLE,,,,,,,,,,,,False,83.35894551432918,INPUT_INADMISSIBLE
F2D000412,F2V000412,P2_not_selected_qpp_pdcsap_all,P2,MATCHED_NOT_SELECTED,WSp1,P03,IRREGULAR_SAMPLING,retained_indices_not_consecutive|interval_deviation_gt_0.001_s,INPUT_INADMISSIBLE,,,,,,,,,,,,False,83.35894551432918,INPUT_INADMISSIBLE
F2D000413,F2V000413,P2_not_selected_qpp_pdcsap_all,P2,MATCHED_NOT_SELECTED,WSp1,P04,ELIGIBLE_FOR_AFINO,,NOT_SELECTED,-1046.6491429089904,-1042.1819792642334,-1042.0857619650133,-4.467163644756965,0.0962172992201431,False,83.30347288844474,formal_m1_center_not_selected,-14.467163644756965,-9.903782700779857,-14.467163644756965,False,83.35894551432918,NOT_SELECTED_RETAINED
F2D000414,F2V000414,P2_not_selected_qpp_pdcsap_all,P2,MATCHED_NOT_SELECTED,WSp1,P05,ELIGIBLE_FOR_AFINO,,NOT_SELECTED,-1032.0586161219767,-1027.4174514027297,-1027.0386877461965,-4.6411647192469445,0.37876365653323774,False,82.27288084280049,formal_m1_center_not_selected,-14.641164719246945,-9.621236343466762,-14.641164719246945,False,83.35894551432918,NOT_SELECTED_RETAINED
F2D000415,F2V000415,P2_not_selected_qpp_pdcsap_all,P2,MATCHED_NOT_SELECTED,WSp2,P00,ELIGIBLE_FOR_AFINO,,NOT_SELECTED,-1114.9068154007934,-1110.5874100376086,-1110.3055534112113,-4.319405363184842,0.28185662639725706,False,83.31693885957941,formal_m1_center_not_selected,-14.319405363184842,-9.718143373602743,-14.319405363184842,False,83.35894551432918,NOT_SELECTED_RETAINED
F2D000416,F2V000416,P2_not_selected_qpp_pdcsap_all,P2,MATCHED_NOT_SELECTED,WSp2,P01,ELIGIBLE_FOR_AFINO,,NOT_SELECTED,-1103.7961461327434,-1098.9248161179958,-1098.4457320447345,-4.8713300147476275,0.4790840732612196,False,82.27065712676105,formal_m1_center_not_selected,-14.871330014747628,-9.52091592673878,-14.871330014747628,False,83.35894551432918,NOT_SELECTED_RETAINED
F2D000417,F2V000417,P2_not_selected_qpp_pdcsap_all,P2,MATCHED_NOT_SELECTED,WSp2,P02,IRREGULAR_SAMPLING,retained_indices_not_consecutive|interval_deviation_gt_0.001_s,INPUT_INADMISSIBLE,,,,,,,,,,,,False,83.35894551432918,INPUT_INADMISSIBLE
F2D000418,F2V000418,P2_not_selected_qpp_pdcsap_all,P2,MATCHED_NOT_SELECTED,WSp2,P03,IRREGULAR_SAMPLING,retained_indices_not_consecutive|interval_deviation_gt_0.001_s,INPUT_INADMISSIBLE,,,,,,,,,,,,False,83.35894551432918,INPUT_INADMISSIBLE
F2D000419,F2V000419,P2_not_selected_qpp_pdcsap_all,P2,MATCHED_NOT_SELECTED,WSp2,P04,ELIGIBLE_FOR_AFINO,,NOT_SELECTED,-1029.1736862533676,-1024.7347009138402,-1024.5666884770533,-4.438985339527335,0.16801243678696665,False,83.28969214052196,formal_m1_center_not_selected,-14.438985339527335,-9.831987563213033,-14.438985339527335,False,83.35894551432918,NOT_SELECTED_RETAINED
F2D000420,F2V000420,P2_not_selected_qpp_pdcsap_all,P2,MATCHED_NOT_SELECTED,WSp2,P05,ELIGIBLE_FOR_AFINO,,NOT_SELECTED,-1013.4688612687137,-1008.4984526160895,-1008.1520437034036,-4.970408652624201,0.346408912685888,False,82.23665337382003,formal_m1_center_not_selected,-14.9704086526242,-9.653591087314112,-14.9704086526242,False,83.35894551432918,NOT_SELECTED_RETAINED
F2D000421,F2V000421,P2_not_selected_qpp_pdcsap_all,P2,MATCHED_NOT_SELECTED,WEm2,P00,ELIGIBLE_FOR_AFINO,,NOT_SELECTED,-1108.038447550679,-1103.7113085269111,-1103.5048999127503,-4.327139023767813,0.2064086141608641,False,83.38820815952732,formal_m1_center_not_selected,-14.327139023767813,-9.793591385839136,-14.327139023767813,False,83.35894551432918,NOT_SELECTED_RETAINED
F2D000422,F2V000422,P2_not_selected_qpp_pdcsap_all,P2,MATCHED_NOT_SELECTED,WEm2,P01,ELIGIBLE_FOR_AFINO,,NOT_SELECTED,-1098.4467261431353,-1093.8525906283792,-1093.2369580918516,-4.59413551475609,0.6156325365275279,False,82.59098229460768,formal_m1_center_not_selected,-14.59413551475609,-9.384367463472472,-14.59413551475609,False,83.35894551432918,NOT_SELECTED_RETAINED
F2D000423,F2V000423,P2_not_selected_qpp_pdcsap_all,P2,MATCHED_NOT_SELECTED,WEm2,P02,IRREGULAR_SAMPLING,retained_indices_not_consecutive|interval_deviation_gt_0.001_s,INPUT_INADMISSIBLE,,,,,,,,,,,,False,83.35894551432918,INPUT_INADMISSIBLE
F2D000424,F2V000424,P2_not_selected_qpp_pdcsap_all,P2,MATCHED_NOT_SELECTED,WEm2,P03,IRREGULAR_SAMPLING,retained_indices_not_consecutive|interval_deviation_gt_0.001_s,INPUT_INADMISSIBLE,,,,,,,,,,,,False,83.35894551432918,INPUT_INADMISSIBLE
F2D000425,F2V000425,P2_not_selected_qpp_pdcsap_all,P2,MATCHED_NOT_SELECTED,WEm2,P04,ELIGIBLE_FOR_AFINO,,NOT_SELECTED,-1036.7692594780897,-1032.3351677461008,-1032.217633133668,-4.434091731988929,0.11753461243279162,False,83.36560044389913,formal_m1_center_not_selected,-14.434091731988929,-9.882465387567208,-14.434091731988929,False,83.35894551432918,NOT_SELECTED_RETAINED
F2D000426,F2V000426,P2_not_selected_qpp_pdcsap_all,P2,MATCHED_NOT_SELECTED,WEm2,P05,ELIGIBLE_FOR_AFINO,,NOT_SELECTED,-1022.9235315877864,-1018.2372090177157,-1017.7356123429919,-4.686322570070729,0.5015966747238281,False,82.56449285922274,formal_m1_center_not_selected,-14.686322570070729,-9.498403325276172,-14.686322570070729,False,83.35894551432918,NOT_SELECTED_RETAINED
F2D000427,F2V000427,P2_not_selected_qpp_pdcsap_all,P2,MATCHED_NOT_SELECTED,WEm1,P00,ELIGIBLE_FOR_AFINO,,NOT_SELECTED,-1124.918241427205,-1120.5538229480128,-1120.386034313422,-4.364418479192182,0.1677886345908064,False,83.36509760163321,formal_m1_center_not_selected,-14.364418479192182,-9.832211365409194,-14.364418479192182,False,83.35894551432918,NOT_SELECTED_RETAINED
F2D000428,F2V000428,P2_not_selected_qpp_pdcsap_all,P2,MATCHED_NOT_SELECTED,WEm1,P01,ELIGIBLE_FOR_AFINO,,NOT_SELECTED,-1115.678280853597,-1111.280390761974,-1110.704949007184,-4.397890091622912,0.575441754790063,False,82.4642392738978,formal_m1_center_not_selected,-14.397890091622912,-9.424558245209937,-14.397890091622912,False,83.35894551432918,NOT_SELECTED_RETAINED
F2D000429,F2V000429,P2_not_selected_qpp_pdcsap_all,P2,MATCHED_NOT_SELECTED,WEm1,P02,IRREGULAR_SAMPLING,retained_indices_not_consecutive|interval_deviation_gt_0.001_s,INPUT_INADMISSIBLE,,,,,,,,,,,,False,83.35894551432918,INPUT_INADMISSIBLE
F2D000430,F2V000430,P2_not_selected_qpp_pdcsap_all,P2,MATCHED_NOT_SELECTED,WEm1,P03,IRREGULAR_SAMPLING,retained_indices_not_consecutive|interval_deviation_gt_0.001_s,INPUT_INADMISSIBLE,,,,,,,,,,,,False,83.35894551432918,INPUT_INADMISSIBLE
F2D000431,F2V000431,P2_not_selected_qpp_pdcsap_all,P2,MATCHED_NOT_SELECTED,WEm1,P04,ELIGIBLE_FOR_AFINO,,NOT_SELECTED,-1050.5311532747291,-1046.0545904336548,-1045.9838732820199,-4.476562841074383,0.07071715163488079,False,83.34219496703705,formal_m1_center_not_selected,-14.476562841074383,-9.92928284836512,-14.476562841074383,False,83.35894551432918,NOT_SELECTED_RETAINED
F2D000432,F2V000432,P2_not_selected_qpp_pdcsap_all,P2,MATCHED_NOT_SELECTED,WEm1,P05,ELIGIBLE_FOR_AFINO,,NOT_SELECTED,-1036.9349153499313,-1032.437982020407,-1031.9832106626654,-4.496933329524381,0.45477135774149247,False,82.43632853929769,formal_m1_center_not_selected,-14.496933329524381,-9.545228642258508,-14.496933329524381,False,83.35894551432918,NOT_SELECTED_RETAINED
F2D000433,F2V000433,P2_not_selected_qpp_pdcsap_all,P2,MATCHED_NOT_SELECTED,WEp1,P00,ELIGIBLE_FOR_AFINO,,NOT_SELECTED,-1143.7793735909231,-1139.2392899261217,-1139.159266234219,-4.5400836648013865,0.0800236919026247,False,83.34301867050644,formal_m1_center_not_selected,-14.540083664801386,-9.919976308097375,-14.540083664801386,False,83.35894551432918,NOT_SELECTED_RETAINED
F2D000434,F2V000434,P2_not_selected_qpp_pdcsap_all,P2,MATCHED_NOT_SELECTED,WEp1,P01,ELIGIBLE_FOR_AFINO,,NOT_SELECTED,-1134.2898853884,-1129.7026401014539,-1129.1741496323564,-4.5872452869461995,0.5284904690975054,False,82.35109472736504,formal_m1_center_not_selected,-14.5872452869462,-9.471509530902495,-14.5872452869462,False,83.35894551432918,NOT_SELECTED_RETAINED
F2D000435,F2V000435,P2_not_selected_qpp_pdcsap_all,P2,MATCHED_NOT_SELECTED,WEp1,P02,IRREGULAR_SAMPLING,retained_indices_not_consecutive|interval_deviation_gt_0.001_s,INPUT_INADMISSIBLE,,,,,,,,,,,,False,83.35894551432918,INPUT_INADMISSIBLE
F2D000436,F2V000436,P2_not_selected_qpp_pdcsap_all,P2,MATCHED_NOT_SELECTED,WEp1,P03,IRREGULAR_SAMPLING,retained_indices_not_consecutive|interval_deviation_gt_0.001_s,INPUT_INADMISSIBLE,,,,,,,,,,,,False,83.35894551432918,INPUT_INADMISSIBLE
F2D000437,F2V000437,P2_not_selected_qpp_pdcsap_all,P2,MATCHED_NOT_SELECTED,WEp1,P04,ELIGIBLE_FOR_AFINO,,NOT_SELECTED,-1063.7279401809515,-1059.0699691011637,-1059.1022258557443,-4.657971079787785,-0.0322567545806578,False,83.31677406923072,formal_m1_center_not_selected,-14.657971079787785,-10.032256754580658,-14.657971079787785,False,83.35894551432918,NOT_SELECTED_RETAINED
F2D000438,F2V000438,P2_not_selected_qpp_pdcsap_all,P2,MATCHED_NOT_SELECTED,WEp1,P05,ELIGIBLE_FOR_AFINO,,NOT_SELECTED,-1049.706204565965,-1045.0152831356104,-1044.6824204084894,-4.690921430354592,0.3328627271209825,False,82.3196508281356,formal_m1_center_not_selected,-14.690921430354592,-9.667137272879017,-14.690921430354592,False,83.35894551432918,NOT_SELECTED_RETAINED
F2D000439,F2V000439,P2_not_selected_qpp_pdcsap_all,P2,MATCHED_NOT_SELECTED,WEp2,P00,ELIGIBLE_FOR_AFINO,,NOT_SELECTED,-1145.5684090943562,-1140.8887963730685,-1140.8530626690335,-4.67961272128764,0.035733704035010305,False,83.34414493080739,formal_m1_center_not_selected,-14.67961272128764,-9.96426629596499,-14.67961272128764,False,83.35894551432918,NOT_SELECTED_RETAINED
F2D000440,F2V000440,P2_not_selected_qpp_pdcsap_all,P2,MATCHED_NOT_SELECTED,WEp2,P01,ELIGIBLE_FOR_AFINO,,NOT_SELECTED,-1135.4791214777897,-1130.5177341909432,-1130.1248274376999,-4.961387286846502,0.3929067532433237,False,82.36982567882109,formal_m1_center_not_selected,-14.961387286846502,-9.607093246756676,-14.961387286846502,False,83.35894551432918,NOT_SELECTED_RETAINED
F2D000441,F2V000441,P2_not_selected_qpp_pdcsap_all,P2,MATCHED_NOT_SELECTED,WEp2,P02,IRREGULAR_SAMPLING,retained_indices_not_consecutive|interval_deviation_gt_0.001_s,INPUT_INADMISSIBLE,,,,,,,,,,,,False,83.35894551432918,INPUT_INADMISSIBLE
F2D000442,F2V000442,P2_not_selected_qpp_pdcsap_all,P2,MATCHED_NOT_SELECTED,WEp2,P03,IRREGULAR_SAMPLING,retained_indices_not_consecutive|interval_deviation_gt_0.001_s,INPUT_INADMISSIBLE,,,,,,,,,,,,False,83.35894551432918,INPUT_INADMISSIBLE
F2D000443,F2V000443,P2_not_selected_qpp_pdcsap_all,P2,MATCHED_NOT_SELECTED,WEp2,P04,ELIGIBLE_FOR_AFINO,,NOT_SELECTED,-1063.1358716966258,-1058.339137651747,-1058.415621346617,-4.796734044878804,-0.07648369486992124,False,83.31637948270156,formal_m1_center_not_selected,-14.796734044878804,-10.076483694869921,-14.796734044878804,False,83.35894551432918,NOT_SELECTED_RETAINED
F2D000444,F2V000444,P2_not_selected_qpp_pdcsap_all,P2,MATCHED_NOT_SELECTED,WEp2,P05,ELIGIBLE_FOR_AFINO,,NOT_SELECTED,-1048.451604188965,-1043.3902687939303,-1043.1161986070467,-5.061335395034575,0.2740701868835913,False,82.33626309423732,formal_m1_center_not_selected,-15.061335395034575,-9.725929813116409,-15.061335395034575,False,83.35894551432918,NOT_SELECTED_RETAINED
F2D000445,F2V000445,P2_not_selected_qpp_pdcsap_all,P2,MATCHED_NOT_SELECTED,WX1,P00,ELIGIBLE_FOR_AFINO,,NOT_SELECTED,-1142.3840656709676,-1137.6976532156018,-1137.6944474624443,-4.686412455365826,0.0032057531575446774,False,83.37142798394781,formal_m1_center_not_selected,-14.686412455365826,-9.996794246842455,-14.686412455365826,False,83.35894551432918,NOT_SELECTED_RETAINED
F2D000446,F2V000446,P2_not_selected_qpp_pdcsap_all,P2,MATCHED_NOT_SELECTED,WX1,P01,ELIGIBLE_FOR_AFINO,,NOT_SELECTED,-1133.113417307069,-1128.2958778360628,-1127.8281062908313,-4.817539471006285,0.46777154523147146,False,82.52310658129038,formal_m1_center_not_selected,-14.817539471006285,-9.532228454768529,-14.817539471006285,False,83.35894551432918,NOT_SELECTED_RETAINED
F2D000447,F2V000447,P2_not_selected_qpp_pdcsap_all,P2,MATCHED_NOT_SELECTED,WX1,P02,IRREGULAR_SAMPLING,retained_indices_not_consecutive|interval_deviation_gt_0.001_s,INPUT_INADMISSIBLE,,,,,,,,,,,,False,83.35894551432918,INPUT_INADMISSIBLE
F2D000448,F2V000448,P2_not_selected_qpp_pdcsap_all,P2,MATCHED_NOT_SELECTED,WX1,P03,IRREGULAR_SAMPLING,retained_indices_not_consecutive|interval_deviation_gt_0.001_s,INPUT_INADMISSIBLE,,,,,,,,,,,,False,83.35894551432918,INPUT_INADMISSIBLE
F2D000449,F2V000449,P2_not_selected_qpp_pdcsap_all,P2,MATCHED_NOT_SELECTED,WX1,P04,ELIGIBLE_FOR_AFINO,,NOT_SELECTED,-1067.1640692546405,-1062.366444727355,-1062.4662468362908,-4.797624527285507,-0.09980210893581898,False,83.34655071163972,formal_m1_center_not_selected,-14.797624527285507,-10.099802108935819,-14.797624527285507,False,83.35894551432918,NOT_SELECTED_RETAINED
F2D000450,F2V000450,P2_not_selected_qpp_pdcsap_all,P2,MATCHED_NOT_SELECTED,WX1,P05,ELIGIBLE_FOR_AFINO,,NOT_SELECTED,-1053.4789652310048,-1048.5649031314285,-1048.209309397174,-4.914062099576313,0.3555937342546258,False,82.49409461834104,formal_m1_center_not_selected,-14.914062099576313,-9.644406265745374,-14.914062099576313,False,83.35894551432918,NOT_SELECTED_RETAINED
F2D000451,F2V000451,P2_not_selected_qpp_pdcsap_all,P2,MATCHED_NOT_SELECTED,WC1,P00,ELIGIBLE_FOR_AFINO,,NOT_SELECTED,-1111.4529520476435,-1107.150152435762,-1106.8939045527065,-4.302799611881483,0.25624788305549373,False,83.3519679744047,formal_m1_center_not_selected,-14.302799611881483,-9.743752116944506,-14.302799611881483,False,83.35894551432918,NOT_SELECTED_RETAINED
F2D000452,F2V000452,P2_not_selected_qpp_pdcsap_all,P2,MATCHED_NOT_SELECTED,WC1,P01,ELIGIBLE_FOR_AFINO,,NOT_SELECTED,-1101.0569938096862,-1096.3320544510775,-1095.7789302916592,-4.724939358608708,0.553124159418303,False,82.43184453922001,formal_m1_center_not_selected,-14.724939358608708,-9.446875840581697,-14.724939358608708,False,83.35894551432918,NOT_SELECTED_RETAINED
F2D000453,F2V000453,P2_not_selected_qpp_pdcsap_all,P2,MATCHED_NOT_SELECTED,WC1,P02,IRREGULAR_SAMPLING,retained_indices_not_consecutive|interval_deviation_gt_0.001_s,INPUT_INADMISSIBLE,,,,,,,,,,,,False,83.35894551432918,INPUT_INADMISSIBLE
F2D000454,F2V000454,P2_not_selected_qpp_pdcsap_all,P2,MATCHED_NOT_SELECTED,WC1,P03,IRREGULAR_SAMPLING,retained_indices_not_consecutive|interval_deviation_gt_0.001_s,INPUT_INADMISSIBLE,,,,,,,,,,,,False,83.35894551432918,INPUT_INADMISSIBLE
F2D000455,F2V000455,P2_not_selected_qpp_pdcsap_all,P2,MATCHED_NOT_SELECTED,WC1,P04,ELIGIBLE_FOR_AFINO,,NOT_SELECTED,-1033.0950845244922,-1028.6792653939808,-1028.5234906637177,-4.415819130511409,0.15577473026314692,False,83.32767207906524,formal_m1_center_not_selected,-14.415819130511409,-9.844225269736853,-14.415819130511409,False,83.35894551432918,NOT_SELECTED_RETAINED
F2D000456,F2V000456,P2_not_selected_qpp_pdcsap_all,P2,MATCHED_NOT_SELECTED,WC1,P05,ELIGIBLE_FOR_AFINO,,NOT_SELECTED,-1018.2666841240829,-1013.4463736312339,-1013.0157876034233,-4.820310492848989,0.4305860278105911,False,82.40234397354237,formal_m1_center_not_selected,-14.82031049284899,-9.569413972189409,-14.82031049284899,False,83.35894551432918,NOT_SELECTED_RETAINED
F2D000457,F2V000457,P2_not_selected_qpp_pdcsap_all,P2,MATCHED_NOT_SELECTED,WX2,P00,ELIGIBLE_FOR_AFINO,,NOT_SELECTED,-1157.761958402588,-1152.8707917298311,-1152.9938369688675,-4.891166672756981,-0.12304523903640074,False,83.38371110111406,formal_m1_center_not_selected,-14.891166672756981,-10.1230452390364,-14.891166672756981,False,83.35894551432918,NOT_SELECTED_RETAINED
F2D000458,F2V000458,P2_not_selected_qpp_pdcsap_all,P2,MATCHED_NOT_SELECTED,WX2,P01,ELIGIBLE_FOR_AFINO,,NOT_SELECTED,-1149.1106443433168,-1144.2417765545053,-1143.801441971812,-4.868867788811485,0.44033458269336734,False,82.5745620952896,formal_m1_center_not_selected,-14.868867788811485,-9.559665417306633,-14.868867788811485,False,83.35894551432918,NOT_SELECTED_RETAINED
F2D000459,F2V000459,P2_not_selected_qpp_pdcsap_all,P2,MATCHED_NOT_SELECTED,WX2,P02,IRREGULAR_SAMPLING,retained_indices_not_consecutive|interval_deviation_gt_0.001_s,INPUT_INADMISSIBLE,,,,,,,,,,,,False,83.35894551432918,INPUT_INADMISSIBLE
F2D000460,F2V000460,P2_not_selected_qpp_pdcsap_all,P2,MATCHED_NOT_SELECTED,WX2,P03,IRREGULAR_SAMPLING,retained_indices_not_consecutive|interval_deviation_gt_0.001_s,INPUT_INADMISSIBLE,,,,,,,,,,,,False,83.35894551432918,INPUT_INADMISSIBLE
F2D000461,F2V000461,P2_not_selected_qpp_pdcsap_all,P2,MATCHED_NOT_SELECTED,WX2,P04,ELIGIBLE_FOR_AFINO,,NOT_SELECTED,-1084.1867389458248,-1079.1861609105051,-1079.4017297650569,-5.000578035319677,-0.2155688545517478,False,83.3592318638315,formal_m1_center_not_selected,-15.000578035319677,-10.215568854551748,-15.000578035319677,False,83.35894551432918,NOT_SELECTED_RETAINED
F2D000462,F2V000462,P2_not_selected_qpp_pdcsap_all,P2,MATCHED_NOT_SELECTED,WX2,P05,ELIGIBLE_FOR_AFINO,,NOT_SELECTED,-1071.1541412269282,-1066.1888710761964,-1065.8618295063754,-4.96527015073184,0.327041569820949,False,82.5457314536943,formal_m1_center_not_selected,-14.96527015073184,-9.672958430179051,-14.96527015073184,False,83.35894551432918,NOT_SELECTED_RETAINED
F2D000463,F2V000463,P2_not_selected_qpp_pdcsap_all,P2,MATCHED_NOT_SELECTED,WC2,P00,ELIGIBLE_FOR_AFINO,,NOT_SELECTED,-1096.0372477403337,-1091.9144816816163,-1091.5536348624275,-4.122766058717389,0.36084681918873684,False,83.34645566533712,formal_m1_center_not_selected,-14.122766058717389,-9.639153180811263,-14.122766058717389,False,83.35894551432918,NOT_SELECTED_RETAINED
F2D000464,F2V000464,P2_not_selected_qpp_pdcsap_all,P2,MATCHED_NOT_SELECTED,WC2,P01,ELIGIBLE_FOR_AFINO,,NOT_SELECTED,-1085.147333260906,-1080.463638806095,-1079.8730585861124,-4.683694454810848,0.5905802199827122,False,82.38399728220227,formal_m1_center_not_selected,-14.683694454810848,-9.409419780017288,-14.683694454810848,False,83.35894551432918,NOT_SELECTED_RETAINED
F2D000465,F2V000465,P2_not_selected_qpp_pdcsap_all,P2,MATCHED_NOT_SELECTED,WC2,P02,IRREGULAR_SAMPLING,retained_indices_not_consecutive|interval_deviation_gt_0.001_s,INPUT_INADMISSIBLE,,,,,,,,,,,,False,83.35894551432918,INPUT_INADMISSIBLE
F2D000466,F2V000466,P2_not_selected_qpp_pdcsap_all,P2,MATCHED_NOT_SELECTED,WC2,P03,IRREGULAR_SAMPLING,retained_indices_not_consecutive|interval_deviation_gt_0.001_s,INPUT_INADMISSIBLE,,,,,,,,,,,,False,83.35894551432918,INPUT_INADMISSIBLE
F2D000467,F2V000467,P2_not_selected_qpp_pdcsap_all,P2,MATCHED_NOT_SELECTED,WC2,P04,ELIGIBLE_FOR_AFINO,,NOT_SELECTED,-1016.1221875855005,-1011.8852459062242,-1011.6329670631051,-4.236941679276242,0.25227884311914295,False,83.32129769449676,formal_m1_center_not_selected,-14.236941679276242,-9.747721156880857,-14.236941679276242,False,83.35894551432918,NOT_SELECTED_RETAINED
F2D000468,F2V000468,P2_not_selected_qpp_pdcsap_all,P2,MATCHED_NOT_SELECTED,WC2,P05,ELIGIBLE_FOR_AFINO,,NOT_SELECTED,-1000.8065479180515,-996.0275154980396,-995.3916415375554,-4.779032420011845,0.6358739604842185,False,82.35285541437592,formal_m1_center_not_selected,-14.779032420011845,-9.364126039515781,-14.779032420011845,False,83.35894551432918,NOT_SELECTED_RETAINED
F2D000469,F2V000469,P3_published_qpp_pdcsap_all,P3,PUBLISHED_QPP_REPRODUCED,W00,P00,ELIGIBLE_FOR_AFINO,,SELECTED,-0.9597243265181321,-12.5787800222189,1.87289027375955,11.61905569570077,14.45167029597845,True,44.031313737389596,recovered_period_selected,1.6190556957007693,4.451670295978451,1.6190556957007693,True,44.031313737389596,SELECTED_RETAINED
F2D000470,F2V000470,P3_published_qpp_pdcsap_all,P3,PUBLISHED_QPP_REPRODUCED,W00,P01,ELIGIBLE_FOR_AFINO,,NOT_SELECTED,2.6727975873992866,0.640722324785866,6.961514502306008,2.0320752626134206,6.320792177520142,False,40.0,formal_m1_center_not_selected,-7.967924737386579,-3.6792078224798583,-7.967924737386579,True,44.031313737389596,SELECTION_LOST
F2D000471,F2V000471,P3_published_qpp_pdcsap_all,P3,PUBLISHED_QPP_REPRODUCED,W00,P02,ELIGIBLE_FOR_AFINO,,SELECTED,-0.9597243265181321,-12.5787800222189,1.87289027375955,11.61905569570077,14.45167029597845,True,44.031313737389596,recovered_period_selected,1.6190556957007693,4.451670295978451,1.6190556957007693,True,44.031313737389596,SELECTED_RETAINED
F2D000472,F2V000472,P3_published_qpp_pdcsap_all,P3,PUBLISHED_QPP_REPRODUCED,W00,P03,ELIGIBLE_FOR_AFINO,,NOT_SELECTED,2.6727975873992866,0.640722324785866,6.961514502306008,2.0320752626134206,6.320792177520142,False,40.0,formal_m1_center_not_selected,-7.967924737386579,-3.6792078224798583,-7.967924737386579,True,44.031313737389596,SELECTION_LOST
F2D000473,F2V000473,P3_published_qpp_pdcsap_all,P3,PUBLISHED_QPP_REPRODUCED,W00,P04,ELIGIBLE_FOR_AFINO,,SELECTED,2.21729763818185,-9.05099898467991,6.498749232618758,11.268296622861762,15.549748217298669,True,44.22217649583494,recovered_period_selected,1.2682966228617616,5.549748217298669,1.2682966228617616,True,44.031313737389596,SELECTED_RETAINED
F2D000474,F2V000474,P3_published_qpp_pdcsap_all,P3,PUBLISHED_QPP_REPRODUCED,W00,P05,ELIGIBLE_FOR_AFINO,,NOT_SELECTED,6.194809769831138,4.44929447528369,10.053032051587794,1.745515294547448,5.603737576304104,False,40.0,formal_m1_center_not_selected,-8.254484705452551,-4.396262423695896,-8.254484705452551,True,44.031313737389596,SELECTION_LOST
F2D000475,F2V000475,P3_published_qpp_pdcsap_all,P3,PUBLISHED_QPP_REPRODUCED,WSm2,P00,ELIGIBLE_FOR_AFINO,,SELECTED,-10.31911240823304,-23.576926800702765,-8.155795284849638,13.257814392469724,15.421131515853126,True,44.22168744550759,recovered_period_selected,3.257814392469724,5.421131515853126,3.257814392469724,True,44.031313737389596,SELECTED_RETAINED
F2D000476,F2V000476,P3_published_qpp_pdcsap_all,P3,PUBLISHED_QPP_REPRODUCED,WSm2,P01,ELIGIBLE_FOR_AFINO,,NOT_SELECTED,-6.30765288767631,-7.763432637256024,-3.7683231541273905,1.4557797495797136,3.9951094831286333,False,40.0,formal_m1_center_not_selected,-8.544220250420286,-6.004890516871367,-8.544220250420286,True,44.031313737389596,SELECTION_LOST
F2D000477,F2V000477,P3_published_qpp_pdcsap_all,P3,PUBLISHED_QPP_REPRODUCED,WSm2,P02,ELIGIBLE_FOR_AFINO,,SELECTED,-10.31911240823304,-23.576926800702765,-8.155795284849638,13.257814392469724,15.421131515853126,True,44.22168744550759,recovered_period_selected,3.257814392469724,5.421131515853126,3.257814392469724,True,44.031313737389596,SELECTED_RETAINED
F2D000478,F2V000478,P3_published_qpp_pdcsap_all,P3,PUBLISHED_QPP_REPRODUCED,WSm2,P03,ELIGIBLE_FOR_AFINO,,NOT_SELECTED,-6.30765288767631,-7.763432637256024,-3.7683231541273905,1.4557797495797136,3.9951094831286333,False,40.0,formal_m1_center_not_selected,-8.544220250420286,-6.004890516871367,-8.544220250420286,True,44.031313737389596,SELECTION_LOST
F2D000479,F2V000479,P3_published_qpp_pdcsap_all,P3,PUBLISHED_QPP_REPRODUCED,WSm2,P04,ELIGIBLE_FOR_AFINO,,SELECTED,-10.817270692810427,-24.13070059490409,-8.726875904539924,13.313429902093665,15.403824690364168,True,44.2087366305765,recovered_period_selected,3.313429902093665,5.403824690364168,3.313429902093665,True,44.031313737389596,SELECTED_RETAINED
F2D000480,F2V000480,P3_published_qpp_pdcsap_all,P3,PUBLISHED_QPP_REPRODUCED,WSm2,P05,ELIGIBLE_FOR_AFINO,,NOT_SELECTED,-6.597140370469036,-8.083457893957128,-4.0954337779820555,1.4863175234880917,3.9880241159750724,False,40.0,formal_m1_center_not_selected,-8.513682476511908,-6.0119758840249276,-8.513682476511908,True,44.031313737389596,SELECTION_LOST
F2D000481,F2V000481,P3_published_qpp_pdcsap_all,P3,PUBLISHED_QPP_REPRODUCED,WSm1,P00,ELIGIBLE_FOR_AFINO,,SELECTED,-8.36014408051317,-18.388450005817813,-6.216201713491847,10.028305925304643,12.172248292325966,True,43.516050270210755,recovered_period_selected,0.028305925304643154,2.172248292325966,0.028305925304643154,True,44.031313737389596,SELECTED_RETAINED
F2D000482,F2V000482,P3_published_qpp_pdcsap_all,P3,PUBLISHED_QPP_REPRODUCED,WSm1,P01,ELIGIBLE_FOR_AFINO,,NOT_SELECTED,-4.486812520066313,-4.8743436629934145,-0.2707746355982241,0.38753114292710134,4.60356902739519,False,43.21118648280947,formal_m1_center_not_selected,-9.612468857072898,-5.39643097260481,-9.612468857072898,True,44.031313737389596,SELECTION_LOST
F2D000483,F2V000483,P3_published_qpp_pdcsap_all,P3,PUBLISHED_QPP_REPRODUCED,WSm1,P02,ELIGIBLE_FOR_AFINO,,SELECTED,-8.36014408051317,-18.388450005817813,-6.216201713491847,10.028305925304643,12.172248292325966,True,43.516050270210755,recovered_period_selected,0.028305925304643154,2.172248292325966,0.028305925304643154,True,44.031313737389596,SELECTED_RETAINED
F2D000484,F2V000484,P3_published_qpp_pdcsap_all,P3,PUBLISHED_QPP_REPRODUCED,WSm1,P03,ELIGIBLE_FOR_AFINO,,NOT_SELECTED,-4.486812520066313,-4.8743436629934145,-0.2707746355982241,0.38753114292710134,4.60356902739519,False,43.21118648280947,formal_m1_center_not_selected,-9.612468857072898,-5.39643097260481,-9.612468857072898,True,44.031313737389596,SELECTION_LOST
F2D000485,F2V000485,P3_published_qpp_pdcsap_all,P3,PUBLISHED_QPP_REPRODUCED,WSm1,P04,ELIGIBLE_FOR_AFINO,,NOT_SELECTED,-7.831209855523963,-17.770210743435204,-5.624616758934687,9.939000887911241,12.145593984500517,False,43.719102680046305,formal_m1_center_not_selected,-0.06099911208875852,2.1455939845005165,-0.06099911208875852,True,44.031313737389596,SELECTION_LOST
F2D000486,F2V000486,P3_published_qpp_pdcsap_all,P3,PUBLISHED_QPP_REPRODUCED,WSm1,P05,ELIGIBLE_FOR_AFINO,,NOT_SELECTED,-3.778644984293007,-4.091865018776378,-1.1198659245252873,0.3132200344833711,2.9719990942510908,False,43.21747159855308,formal_m1_center_not_selected,-9.686779965516628,-7.028000905748909,-9.686779965516628,True,44.031313737389596,SELECTION_LOST
F2D000487,F2V000487,P3_published_qpp_pdcsap_all,P3,PUBLISHED_QPP_REPRODUCED,WSp1,P00,ELIGIBLE_FOR_AFINO,,NOT_SELECTED,0.796741855006192,-6.700734751496906,3.5872383255078546,7.497476606503098,10.28797307700476,False,43.52407772403021,formal_m1_center_not_selected,-2.502523393496902,0.2879730770047608,-2.502523393496902,True,44.031313737389596,SELECTION_LOST
F2D000488,F2V000488,P3_published_qpp_pdcsap_all,P3,PUBLISHED_QPP_REPRODUCED,WSp1,P01,ELIGIBLE_FOR_AFINO,,NOT_SELECTED,4.548370134627338,2.220230551558945,8.608067687256423,2.328139583068393,6.3878371356974775,False,46.39972320412124,formal_m1_center_not_selected,-7.671860416931607,-3.6121628643025225,-7.671860416931607,True,44.031313737389596,SELECTION_LOST
F2D000489,F2V000489,P3_published_qpp_pdcsap_all,P3,PUBLISHED_QPP_REPRODUCED,WSp1,P02,ELIGIBLE_FOR_AFINO,,NOT_SELECTED,0.796741855006192,-6.700734751496906,3.5872383255078546,7.497476606503098,10.28797307700476,False,43.52407772403021,formal_m1_center_not_selected,-2.502523393496902,0.2879730770047608,-2.502523393496902,True,44.031313737389596,SELECTION_LOST
F2D000490,F2V000490,P3_published_qpp_pdcsap_all,P3,PUBLISHED_QPP_REPRODUCED,WSp1,P03,ELIGIBLE_FOR_AFINO,,NOT_SELECTED,4.548370134627338,2.220230551558945,8.608067687256423,2.328139583068393,6.3878371356974775,False,46.39972320412124,formal_m1_center_not_selected,-7.671860416931607,-3.6121628643025225,-7.671860416931607,True,44.031313737389596,SELECTION_LOST
F2D000491,F2V000491,P3_published_qpp_pdcsap_all,P3,PUBLISHED_QPP_REPRODUCED,WSp1,P04,ELIGIBLE_FOR_AFINO,,NOT_SELECTED,9.332693660033033,2.320841819966219,13.412499808848814,7.011851840066814,11.091657988882595,False,43.86313580722433,formal_m1_center_not_selected,-2.9881481599331856,1.091657988882595,-2.9881481599331856,True,44.031313737389596,SELECTION_LOST
F2D000492,F2V000492,P3_published_qpp_pdcsap_all,P3,PUBLISHED_QPP_REPRODUCED,WSp1,P05,ELIGIBLE_FOR_AFINO,,NOT_SELECTED,13.634632887910485,11.64858201282403,17.756173051969448,1.9860508750864554,6.107591039145419,False,45.56778168684877,formal_m1_center_not_selected,-8.013949124913545,-3.8924089608545813,-8.013949124913545,True,44.031313737389596,SELECTION_LOST
F2D000493,F2V000493,P3_published_qpp_pdcsap_all,P3,PUBLISHED_QPP_REPRODUCED,WSp2,P00,ELIGIBLE_FOR_AFINO,,NOT_SELECTED,6.968993690203717,-0.3726981562295375,11.069323921536421,7.341691846433254,11.442022077765959,False,43.33964418120655,formal_m1_center_not_selected,-2.658308153566746,1.4420220777659587,-2.658308153566746,True,44.031313737389596,SELECTION_LOST
F2D000494,F2V000494,P3_published_qpp_pdcsap_all,P3,PUBLISHED_QPP_REPRODUCED,WSp2,P01,ELIGIBLE_FOR_AFINO,,NOT_SELECTED,10.236358604025298,6.142232970027925,14.152595347077543,4.094125633997374,8.010362377049619,False,46.179117260721604,formal_m1_center_not_selected,-5.905874366002626,-1.9896376229503812,-5.905874366002626,True,44.031313737389596,SELECTION_LOST
F2D000495,F2V000495,P3_published_qpp_pdcsap_all,P3,PUBLISHED_QPP_REPRODUCED,WSp2,P02,ELIGIBLE_FOR_AFINO,,NOT_SELECTED,6.968993690203717,-0.3726981562295375,11.069323921536421,7.341691846433254,11.442022077765959,False,43.33964418120655,formal_m1_center_not_selected,-2.658308153566746,1.4420220777659587,-2.658308153566746,True,44.031313737389596,SELECTION_LOST
F2D000496,F2V000496,P3_published_qpp_pdcsap_all,P3,PUBLISHED_QPP_REPRODUCED,WSp2,P03,ELIGIBLE_FOR_AFINO,,NOT_SELECTED,10.236358604025298,6.142232970027925,14.152595347077543,4.094125633997374,8.010362377049619,False,46.179117260721604,formal_m1_center_not_selected,-5.905874366002626,-1.9896376229503812,-5.905874366002626,True,44.031313737389596,SELECTION_LOST
F2D000497,F2V000497,P3_published_qpp_pdcsap_all,P3,PUBLISHED_QPP_REPRODUCED,WSp2,P04,ELIGIBLE_FOR_AFINO,,NOT_SELECTED,19.082229556290958,12.012159893098257,23.197339481318906,7.070069663192701,11.185179588220649,False,43.83973366597488,formal_m1_center_not_selected,-2.929930336807299,1.1851795882206488,-2.929930336807299,True,44.031313737389596,SELECTION_LOST
F2D000498,F2V000498,P3_published_qpp_pdcsap_all,P3,PUBLISHED_QPP_REPRODUCED,WSp2,P05,ELIGIBLE_FOR_AFINO,,NOT_SELECTED,21.556775941118026,16.881820140747507,25.70611655235753,4.674955800370519,8.824296411610021,False,45.33174245474745,formal_m1_center_not_selected,-5.325044199629481,-1.175703588389979,-5.325044199629481,True,44.031313737389596,SELECTION_LOST
F2D000499,F2V000499,P3_published_qpp_pdcsap_all,P3,PUBLISHED_QPP_REPRODUCED,WEm2,P00,ELIGIBLE_FOR_AFINO,,SELECTED,1.259131318619498,-9.144071137174237,3.898739878617434,10.403202455793735,13.04281101579167,True,44.64176392206165,recovered_period_selected,0.4032024557937355,3.0428110157916706,0.4032024557937355,True,44.031313737389596,SELECTED_RETAINED
F2D000500,F2V000500,P3_published_qpp_pdcsap_all,P3,PUBLISHED_QPP_REPRODUCED,WEm2,P01,ELIGIBLE_FOR_AFINO,,NOT_SELECTED,4.4363451572842765,4.398097595807357,8.470430071506778,0.03824756147691932,4.072332475699421,False,40.0,formal_m1_center_not_selected,-9.961752438523082,-5.927667524300579,-9.961752438523082,True,44.031313737389596,SELECTION_LOST
F2D000501,F2V000501,P3_published_qpp_pdcsap_all,P3,PUBLISHED_QPP_REPRODUCED,WEm2,P02,ELIGIBLE_FOR_AFINO,,SELECTED,1.259131318619498,-9.144071137174237,3.898739878617434,10.403202455793735,13.04281101579167,True,44.64176392206165,recovered_period_selected,0.4032024557937355,3.0428110157916706,0.4032024557937355,True,44.031313737389596,SELECTED_RETAINED
F2D000502,F2V000502,P3_published_qpp_pdcsap_all,P3,PUBLISHED_QPP_REPRODUCED,WEm2,P03,ELIGIBLE_FOR_AFINO,,NOT_SELECTED,4.4363451572842765,4.398097595807357,8.470430071506778,0.03824756147691932,4.072332475699421,False,40.0,formal_m1_center_not_selected,-9.961752438523082,-5.927667524300579,-9.961752438523082,True,44.031313737389596,SELECTION_LOST
F2D000503,F2V000503,P3_published_qpp_pdcsap_all,P3,PUBLISHED_QPP_REPRODUCED,WEm2,P04,ELIGIBLE_FOR_AFINO,,SELECTED,1.2313639244264492,-9.180151666557968,3.868162638631544,10.411515590984418,13.048314305189512,True,44.64193474591358,recovered_period_selected,0.41151559098441837,3.0483143051895123,0.41151559098441837,True,44.031313737389596,SELECTED_RETAINED
F2D000504,F2V000504,P3_published_qpp_pdcsap_all,P3,PUBLISHED_QPP_REPRODUCED,WEm2,P05,ELIGIBLE_FOR_AFINO,,NOT_SELECTED,4.5037053106118,4.470842471073485,8.538480897919921,0.032862839538315036,4.067638426846436,False,40.0,formal_m1_center_not_selected,-9.967137160461686,-5.932361573153564,-9.967137160461686,True,44.031313737389596,SELECTION_LOST
F2D000505,F2V000505,P3_published_qpp_pdcsap_all,P3,PUBLISHED_QPP_REPRODUCED,WEm1,P00,ELIGIBLE_FOR_AFINO,,NOT_SELECTED,-1.963533055792106,-10.659868772538271,0.7743594806492364,8.696335716746166,11.434228253187507,False,44.23877223045791,formal_m1_center_not_selected,-1.303664283253834,1.4342282531875075,-1.303664283253834,True,44.031313737389596,SELECTION_LOST
F2D000506,F2V000506,P3_published_qpp_pdcsap_all,P3,PUBLISHED_QPP_REPRODUCED,WEm1,P01,ELIGIBLE_FOR_AFINO,,NOT_SELECTED,1.7895740951443662,1.6739237231494606,5.785070591861077,0.11565037199490558,4.111146868711616,False,41.756162531430874,formal_m1_center_not_selected,-9.884349628005094,-5.888853131288384,-9.884349628005094,True,44.031313737389596,SELECTION_LOST
F2D000507,F2V000507,P3_published_qpp_pdcsap_all,P3,PUBLISHED_QPP_REPRODUCED,WEm1,P02,ELIGIBLE_FOR_AFINO,,NOT_SELECTED,-1.963533055792106,-10.659868772538271,0.7743594806492364,8.696335716746166,11.434228253187507,False,44.23877223045791,formal_m1_center_not_selected,-1.303664283253834,1.4342282531875075,-1.303664283253834,True,44.031313737389596,SELECTION_LOST
F2D000508,F2V000508,P3_published_qpp_pdcsap_all,P3,PUBLISHED_QPP_REPRODUCED,WEm1,P03,ELIGIBLE_FOR_AFINO,,NOT_SELECTED,1.7895740951443662,1.6739237231494606,5.785070591861077,0.11565037199490558,4.111146868711616,False,41.756162531430874,formal_m1_center_not_selected,-9.884349628005094,-5.888853131288384,-9.884349628005094,True,44.031313737389596,SELECTION_LOST
F2D000509,F2V000509,P3_published_qpp_pdcsap_all,P3,PUBLISHED_QPP_REPRODUCED,WEm1,P04,ELIGIBLE_FOR_AFINO,,NOT_SELECTED,-1.0269698232406705,-9.494987460937118,2.9448169119842316,8.468017637696448,12.43980437292135,False,44.22420309069567,formal_m1_center_not_selected,-1.5319823623035518,2.4398043729213494,-1.5319823623035518,True,44.031313737389596,SELECTION_LOST
F2D000510,F2V000510,P3_published_qpp_pdcsap_all,P3,PUBLISHED_QPP_REPRODUCED,WEm1,P05,ELIGIBLE_FOR_AFINO,,NOT_SELECTED,2.8851260654510424,2.859625488211666,5.770303893931603,0.025500577239376376,2.9106784057199366,False,41.481437071982626,formal_m1_center_not_selected,-9.974499422760623,-7.089321594280063,-9.974499422760623,True,44.031313737389596,SELECTION_LOST
F2D000511,F2V000511,P3_published_qpp_pdcsap_all,P3,PUBLISHED_QPP_REPRODUCED,WEp1,P00,ELIGIBLE_FOR_AFINO,,NOT_SELECTED,-4.482423373245191,-12.51155979809798,-0.24995743080594046,8.02913642485279,12.26160236729204,False,42.02207801736568,formal_m1_center_not_selected,-1.9708635751472094,2.2616023672920402,-1.9708635751472094,True,44.031313737389596,SELECTION_LOST
F2D000512,F2V000512,P3_published_qpp_pdcsap_all,P3,PUBLISHED_QPP_REPRODUCED,WEp1,P01,ELIGIBLE_FOR_AFINO,,NOT_SELECTED,-0.42545713711894084,-2.1424196519184697,2.620781073495719,1.7169625147995289,4.763200725414189,False,45.76555758447247,formal_m1_center_not_selected,-8.28303748520047,-5.236799274585811,-8.28303748520047,True,44.031313737389596,SELECTION_LOST
F2D000513,F2V000513,P3_published_qpp_pdcsap_all,P3,PUBLISHED_QPP_REPRODUCED,WEp1,P02,ELIGIBLE_FOR_AFINO,,NOT_SELECTED,-4.482423373245191,-12.51155979809798,-0.24995743080594046,8.02913642485279,12.26160236729204,False,42.02207801736568,formal_m1_center_not_selected,-1.9708635751472094,2.2616023672920402,-1.9708635751472094,True,44.031313737389596,SELECTION_LOST
F2D000514,F2V000514,P3_published_qpp_pdcsap_all,P3,PUBLISHED_QPP_REPRODUCED,WEp1,P03,ELIGIBLE_FOR_AFINO,,NOT_SELECTED,-0.42545713711894084,-2.1424196519184697,2.620781073495719,1.7169625147995289,4.763200725414189,False,45.76555758447247,formal_m1_center_not_selected,-8.28303748520047,-5.236799274585811,-8.28303748520047,True,44.031313737389596,SELECTION_LOST
F2D000515,F2V000515,P3_published_qpp_pdcsap_all,P3,PUBLISHED_QPP_REPRODUCED,WEp1,P04,ELIGIBLE_FOR_AFINO,,NOT_SELECTED,-0.5378419263805698,-8.286458330928635,2.4713328940194383,7.748616404548065,10.757791224948074,False,42.38108429246655,formal_m1_center_not_selected,-2.2513835954519346,0.7577912249480736,-2.2513835954519346,True,44.031313737389596,SELECTION_LOST
F2D000516,F2V000516,P3_published_qpp_pdcsap_all,P3,PUBLISHED_QPP_REPRODUCED,WEp1,P05,ELIGIBLE_FOR_AFINO,,NOT_SELECTED,3.8755504666138476,2.510291746553033,7.160431996273799,1.3652587200608144,4.650140249720765,False,45.51405164290887,formal_m1_center_not_selected,-8.634741279939185,-5.349859750279235,-8.634741279939185,True,44.031313737389596,SELECTION_LOST
F2D000517,F2V000517,P3_published_qpp_pdcsap_all,P3,PUBLISHED_QPP_REPRODUCED,WEp2,P00,ELIGIBLE_FOR_AFINO,,NOT_SELECTED,-3.4910170717362785,-12.71964269321581,-0.02217990846431306,9.228625621479532,12.697462784751497,False,42.72364129725814,formal_m1_center_not_selected,-0.7713743785204681,2.6974627847514974,-0.7713743785204681,True,44.031313737389596,SELECTION_LOST
F2D000518,F2V000518,P3_published_qpp_pdcsap_all,P3,PUBLISHED_QPP_REPRODUCED,WEp2,P01,ELIGIBLE_FOR_AFINO,,NOT_SELECTED,0.6752970926647333,-2.384220767268438,4.285533430026387,3.0595178599331714,6.669754197294825,False,42.30435799272497,formal_m1_center_not_selected,-6.940482140066829,-3.330245802705175,-6.940482140066829,True,44.031313737389596,SELECTION_LOST
F2D000519,F2V000519,P3_published_qpp_pdcsap_all,P3,PUBLISHED_QPP_REPRODUCED,WEp2,P02,ELIGIBLE_FOR_AFINO,,NOT_SELECTED,-3.4910170717362785,-12.71964269321581,-0.02217990846431306,9.228625621479532,12.697462784751497,False,42.72364129725814,formal_m1_center_not_selected,-0.7713743785204681,2.6974627847514974,-0.7713743785204681,True,44.031313737389596,SELECTION_LOST
F2D000520,F2V000520,P3_published_qpp_pdcsap_all,P3,PUBLISHED_QPP_REPRODUCED,WEp2,P03,ELIGIBLE_FOR_AFINO,,NOT_SELECTED,0.6752970926647333,-2.384220767268438,4.285533430026387,3.0595178599331714,6.669754197294825,False,42.30435799272497,formal_m1_center_not_selected,-6.940482140066829,-3.330245802705175,-6.940482140066829,True,44.031313737389596,SELECTION_LOST
F2D000521,F2V000521,P3_published_qpp_pdcsap_all,P3,PUBLISHED_QPP_REPRODUCED,WEp2,P04,ELIGIBLE_FOR_AFINO,,NOT_SELECTED,2.5363102160338205,-6.343391400475369,7.045269436019016,8.87970161650919,13.388660836494385,False,42.793301573923685,formal_m1_center_not_selected,-1.1202983834908107,3.3886608364943847,-1.1202983834908107,True,44.031313737389596,SELECTION_LOST
F2D000522,F2V000522,P3_published_qpp_pdcsap_all,P3,PUBLISHED_QPP_REPRODUCED,WEp2,P05,ELIGIBLE_FOR_AFINO,,NOT_SELECTED,6.983326514782123,4.277486990505775,11.523251824225145,2.7058395242763478,7.24576483371937,False,41.940252092668636,formal_m1_center_not_selected,-7.294160475723652,-2.7542351662806297,-7.294160475723652,True,44.031313737389596,SELECTION_LOST
F2D000523,F2V000523,P3_published_qpp_pdcsap_all,P3,PUBLISHED_QPP_REPRODUCED,WX1,P00,ELIGIBLE_FOR_AFINO,,SELECTED,-6.10299864484079,-16.56976504696225,-3.3538282351287165,10.46676640212146,13.215936811833533,True,42.762251941547376,recovered_period_selected,0.4667664021214595,3.215936811833533,0.4667664021214595,True,44.031313737389596,SELECTED_RETAINED
F2D000524,F2V000524,P3_published_qpp_pdcsap_all,P3,PUBLISHED_QPP_REPRODUCED,WX1,P01,ELIGIBLE_FOR_AFINO,,NOT_SELECTED,-2.082773194596614,-4.698197814072326,0.9373172616777623,2.6154246194757125,5.635515075750089,False,40.78917788272375,formal_m1_center_not_selected,-7.3845753805242875,-4.364484924249911,-7.3845753805242875,True,44.031313737389596,SELECTION_LOST
F2D000525,F2V000525,P3_published_qpp_pdcsap_all,P3,PUBLISHED_QPP_REPRODUCED,WX1,P02,ELIGIBLE_FOR_AFINO,,SELECTED,-6.10299864484079,-16.56976504696225,-3.3538282351287165,10.46676640212146,13.215936811833533,True,42.762251941547376,recovered_period_selected,0.4667664021214595,3.215936811833533,0.4667664021214595,True,44.031313737389596,SELECTED_RETAINED
F2D000526,F2V000526,P3_published_qpp_pdcsap_all,P3,PUBLISHED_QPP_REPRODUCED,WX1,P03,ELIGIBLE_FOR_AFINO,,NOT_SELECTED,-2.082773194596614,-4.698197814072326,0.9373172616777623,2.6154246194757125,5.635515075750089,False,40.78917788272375,formal_m1_center_not_selected,-7.3845753805242875,-4.364484924249911,-7.3845753805242875,True,44.031313737389596,SELECTION_LOST
F2D000527,F2V000527,P3_published_qpp_pdcsap_all,P3,PUBLISHED_QPP_REPRODUCED,WX1,P04,ELIGIBLE_FOR_AFINO,,SELECTED,-5.163166828349111,-15.5584433637095,-2.343611669277937,10.39527653536039,13.214831694431563,True,42.77532723885536,recovered_period_selected,0.39527653536038976,3.214831694431563,0.39527653536038976,True,44.031313737389596,SELECTED_RETAINED
F2D000528,F2V000528,P3_published_qpp_pdcsap_all,P3,PUBLISHED_QPP_REPRODUCED,WX1,P05,ELIGIBLE_FOR_AFINO,,NOT_SELECTED,-0.9361158626791255,-3.4249564705145623,2.1604808044285946,2.488840607835437,5.585437274943157,False,40.57676093747364,formal_m1_center_not_selected,-7.511159392164563,-4.414562725056843,-7.511159392164563,True,44.031313737389596,SELECTION_LOST
F2D000529,F2V000529,P3_published_qpp_pdcsap_all,P3,PUBLISHED_QPP_REPRODUCED,WC1,P00,ELIGIBLE_FOR_AFINO,,SELECTED,5.69189838879949,-4.697666704888672,8.804826710500702,10.389565093688162,13.502493415389374,True,44.271844292971956,recovered_period_selected,0.3895650936881623,3.502493415389374,0.3895650936881623,True,44.031313737389596,SELECTED_RETAINED
F2D000530,F2V000530,P3_published_qpp_pdcsap_all,P3,PUBLISHED_QPP_REPRODUCED,WC1,P01,ELIGIBLE_FOR_AFINO,,NOT_SELECTED,9.053353548795563,6.47255791517896,13.149341033983847,2.580795633616603,6.676783118804886,False,44.88295401065242,formal_m1_center_not_selected,-7.419204366383397,-3.3232168811951137,-7.419204366383397,True,44.031313737389596,SELECTION_LOST
F2D000531,F2V000531,P3_published_qpp_pdcsap_all,P3,PUBLISHED_QPP_REPRODUCED,WC1,P02,ELIGIBLE_FOR_AFINO,,SELECTED,5.69189838879949,-4.697666704888672,8.804826710500702,10.389565093688162,13.502493415389374,True,44.271844292971956,recovered_period_selected,0.3895650936881623,3.502493415389374,0.3895650936881623,True,44.031313737389596,SELECTED_RETAINED
F2D000532,F2V000532,P3_published_qpp_pdcsap_all,P3,PUBLISHED_QPP_REPRODUCED,WC1,P03,ELIGIBLE_FOR_AFINO,,NOT_SELECTED,9.053353548795563,6.47255791517896,13.149341033983847,2.580795633616603,6.676783118804886,False,44.88295401065242,formal_m1_center_not_selected,-7.419204366383397,-3.3232168811951137,-7.419204366383397,True,44.031313737389596,SELECTION_LOST
F2D000533,F2V000533,P3_published_qpp_pdcsap_all,P3,PUBLISHED_QPP_REPRODUCED,WC1,P04,ELIGIBLE_FOR_AFINO,,NOT_SELECTED,11.219103056135136,1.7071689039205467,15.314451792991518,9.51193415221459,13.607282889070971,False,44.08648066305732,formal_m1_center_not_selected,-0.4880658477854105,3.607282889070971,-0.4880658477854105,True,44.031313737389596,SELECTION_LOST
F2D000534,F2V000534,P3_published_qpp_pdcsap_all,P3,PUBLISHED_QPP_REPRODUCED,WC1,P05,ELIGIBLE_FOR_AFINO,,NOT_SELECTED,14.909933397257742,12.3514491607028,18.778962671802283,2.5584842365549427,6.427513511099484,False,44.856365873068405,formal_m1_center_not_selected,-7.441515763445057,-3.572486488900516,-7.441515763445057,True,44.031313737389596,SELECTION_LOST
F2D000535,F2V000535,P3_published_qpp_pdcsap_all,P3,PUBLISHED_QPP_REPRODUCED,WX2,P00,ELIGIBLE_FOR_AFINO,,SELECTED,-11.633643115737097,-23.84572032834862,-8.903629278893806,12.212077212611522,14.942091049454813,True,41.316619722444926,recovered_period_selected,2.212077212611522,4.942091049454813,2.212077212611522,True,44.031313737389596,SELECTED_RETAINED
F2D000536,F2V000536,P3_published_qpp_pdcsap_all,P3,PUBLISHED_QPP_REPRODUCED,WX2,P01,ELIGIBLE_FOR_AFINO,,NOT_SELECTED,-6.972289816505111,-9.433276952815726,-3.950130322138513,2.4609871363106155,5.483146630677213,False,40.243875628851775,formal_m1_center_not_selected,-7.5390128636893845,-4.516853369322787,-7.5390128636893845,True,44.031313737389596,SELECTION_LOST
F2D000537,F2V000537,P3_published_qpp_pdcsap_all,P3,PUBLISHED_QPP_REPRODUCED,WX2,P02,ELIGIBLE_FOR_AFINO,,SELECTED,-11.633643115737097,-23.84572032834862,-8.903629278893806,12.212077212611522,14.942091049454813,True,41.316619722444926,recovered_period_selected,2.212077212611522,4.942091049454813,2.212077212611522,True,44.031313737389596,SELECTED_RETAINED
F2D000538,F2V000538,P3_published_qpp_pdcsap_all,P3,PUBLISHED_QPP_REPRODUCED,WX2,P03,ELIGIBLE_FOR_AFINO,,NOT_SELECTED,-6.972289816505111,-9.433276952815726,-3.950130322138513,2.4609871363106155,5.483146630677213,False,40.243875628851775,formal_m1_center_not_selected,-7.5390128636893845,-4.516853369322787,-7.5390128636893845,True,44.031313737389596,SELECTION_LOST
F2D000539,F2V000539,P3_published_qpp_pdcsap_all,P3,PUBLISHED_QPP_REPRODUCED,WX2,P04,ELIGIBLE_FOR_AFINO,,SELECTED,-11.565091577595503,-23.771284869427255,-8.83161152406339,12.206193291831752,14.939673345363865,True,41.31958013969944,recovered_period_selected,2.2061932918317524,4.939673345363865,2.2061932918317524,True,44.031313737389596,SELECTED_RETAINED
F2D000540,F2V000540,P3_published_qpp_pdcsap_all,P3,PUBLISHED_QPP_REPRODUCED,WX2,P05,ELIGIBLE_FOR_AFINO,,NOT_SELECTED,-6.686498401698291,-9.131596891594109,-3.620164134692544,2.445098489895818,5.511432756901565,False,40.22060142508517,formal_m1_center_not_selected,-7.554901510104182,-4.488567243098435,-7.554901510104182,True,44.031313737389596,SELECTION_LOST
F2D000541,F2V000541,P3_published_qpp_pdcsap_all,P3,PUBLISHED_QPP_REPRODUCED,WC2,P00,ELIGIBLE_FOR_AFINO,,NOT_SELECTED,9.504329439081737,1.9907217506330301,13.35219346660196,7.513607688448706,11.36147171596893,False,42.33947763271069,formal_m1_center_not_selected,-2.4863923115512936,1.3614717159689302,-2.4863923115512936,True,44.031313737389596,SELECTION_LOST
F2D000542,F2V000542,P3_published_qpp_pdcsap_all,P3,PUBLISHED_QPP_REPRODUCED,WC2,P01,ELIGIBLE_FOR_AFINO,,NOT_SELECTED,12.45171070330874,11.667970638131598,16.335060360616104,0.7837400651771418,4.667089722484507,False,40.0,formal_m1_center_not_selected,-9.216259934822858,-5.332910277515493,-9.216259934822858,True,44.031313737389596,SELECTION_LOST
F2D000543,F2V000543,P3_published_qpp_pdcsap_all,P3,PUBLISHED_QPP_REPRODUCED,WC2,P02,ELIGIBLE_FOR_AFINO,,NOT_SELECTED,9.504329439081737,1.9907217506330301,13.35219346660196,7.513607688448706,11.36147171596893,False,42.33947763271069,formal_m1_center_not_selected,-2.4863923115512936,1.3614717159689302,-2.4863923115512936,True,44.031313737389596,SELECTION_LOST
F2D000544,F2V000544,P3_published_qpp_pdcsap_all,P3,PUBLISHED_QPP_REPRODUCED,WC2,P03,ELIGIBLE_FOR_AFINO,,NOT_SELECTED,12.45171070330874,11.667970638131598,16.335060360616104,0.7837400651771418,4.667089722484507,False,40.0,formal_m1_center_not_selected,-9.216259934822858,-5.332910277515493,-9.216259934822858,True,44.031313737389596,SELECTION_LOST
F2D000545,F2V000545,P3_published_qpp_pdcsap_all,P3,PUBLISHED_QPP_REPRODUCED,WC2,P04,ELIGIBLE_FOR_AFINO,,NOT_SELECTED,15.677129826205851,8.287781788362635,19.513518808874352,7.389348037843217,11.225737020511717,False,41.91482212852369,formal_m1_center_not_selected,-2.6106519621567834,1.2257370205117173,-2.6106519621567834,True,44.031313737389596,SELECTION_LOST
F2D000546,F2V000546,P3_published_qpp_pdcsap_all,P3,PUBLISHED_QPP_REPRODUCED,WC2,P05,ELIGIBLE_FOR_AFINO,,NOT_SELECTED,18.445037461318464,16.940820680688283,22.323015548502354,1.5042167806301805,5.382194867814071,False,40.0,formal_m1_center_not_selected,-8.49578321936982,-4.617805132185929,-8.49578321936982,True,44.031313737389596,SELECTION_LOST
F2D000547,F2V000547,P3_not_selected_qpp_pdcsap_all,P3,MATCHED_NOT_SELECTED,W00,P00,ELIGIBLE_FOR_AFINO,,NOT_SELECTED,-16.522256456196683,-11.32939501348012,-12.950548688220742,-5.192861442716563,-1.621153674740622,False,49.01390226976184,formal_m1_center_not_selected,-15.192861442716563,-11.621153674740622,-15.192861442716563,False,49.01390226976184,NOT_SELECTED_RETAINED
F2D000548,F2V000548,P3_not_selected_qpp_pdcsap_all,P3,MATCHED_NOT_SELECTED,W00,P01,ELIGIBLE_FOR_AFINO,,NOT_SELECTED,-17.618614989146497,-12.416181896285433,-14.072478069701962,-5.202433092861064,-1.6562961734165285,False,48.83262359601802,formal_m1_center_not_selected,-15.202433092861064,-11.656296173416528,-15.202433092861064,False,49.01390226976184,NOT_SELECTED_RETAINED
F2D000549,F2V000549,P3_not_selected_qpp_pdcsap_all,P3,MATCHED_NOT_SELECTED,W00,P02,ELIGIBLE_FOR_AFINO,,NOT_SELECTED,-16.522256456196683,-11.32939501348012,-12.950548688220742,-5.192861442716563,-1.621153674740622,False,49.01390226976184,formal_m1_center_not_selected,-15.192861442716563,-11.621153674740622,-15.192861442716563,False,49.01390226976184,NOT_SELECTED_RETAINED
F2D000550,F2V000550,P3_not_selected_qpp_pdcsap_all,P3,MATCHED_NOT_SELECTED,W00,P03,ELIGIBLE_FOR_AFINO,,NOT_SELECTED,-17.618614989146497,-12.416181896285433,-14.072478069701962,-5.202433092861064,-1.6562961734165285,False,48.83262359601802,formal_m1_center_not_selected,-15.202433092861064,-11.656296173416528,-15.202433092861064,False,49.01390226976184,NOT_SELECTED_RETAINED
F2D000551,F2V000551,P3_not_selected_qpp_pdcsap_all,P3,MATCHED_NOT_SELECTED,W00,P04,ELIGIBLE_FOR_AFINO,,NOT_SELECTED,-17.562881704810376,-12.455581557904186,-14.045838948458048,-5.107300146906191,-1.5902573905538624,False,49.010603856918024,formal_m1_center_not_selected,-15.10730014690619,-11.590257390553862,-15.10730014690619,False,49.01390226976184,NOT_SELECTED_RETAINED
F2D000552,F2V000552,P3_not_selected_qpp_pdcsap_all,P3,MATCHED_NOT_SELECTED,W00,P05,ELIGIBLE_FOR_AFINO,,NOT_SELECTED,-18.672182787196903,-13.556715219786728,-15.182214975221601,-5.115467567410175,-1.6254997554348734,False,48.83725886495807,formal_m1_center_not_selected,-15.115467567410175,-11.625499755434873,-15.115467567410175,False,49.01390226976184,NOT_SELECTED_RETAINED
F2D000553,F2V000553,P3_not_selected_qpp_pdcsap_all,P3,MATCHED_NOT_SELECTED,WSm2,P00,ELIGIBLE_FOR_AFINO,,NOT_SELECTED,-12.729707731425833,-6.877659951134049,-9.006477821871998,-5.852047780291784,-2.128817870737949,False,153.36933993039295,formal_m1_center_not_selected,-15.852047780291784,-12.128817870737949,-15.852047780291784,False,49.01390226976184,NOT_SELECTED_RETAINED
F2D000554,F2V000554,P3_not_selected_qpp_pdcsap_all,P3,MATCHED_NOT_SELECTED,WSm2,P01,ELIGIBLE_FOR_AFINO,,NOT_SELECTED,-13.53112147045201,-7.676001249589429,-9.77891127647228,-5.855120220862581,-2.102910026882851,False,155.25130031863142,formal_m1_center_not_selected,-15.855120220862581,-12.102910026882851,-15.855120220862581,False,49.01390226976184,NOT_SELECTED_RETAINED
F2D000555,F2V000555,P3_not_selected_qpp_pdcsap_all,P3,MATCHED_NOT_SELECTED,WSm2,P02,ELIGIBLE_FOR_AFINO,,NOT_SELECTED,-12.729707731425833,-6.877659951134049,-9.006477821871998,-5.852047780291784,-2.128817870737949,False,153.36933993039295,formal_m1_center_not_selected,-15.852047780291784,-12.128817870737949,-15.852047780291784,False,49.01390226976184,NOT_SELECTED_RETAINED
F2D000556,F2V000556,P3_not_selected_qpp_pdcsap_all,P3,MATCHED_NOT_SELECTED,WSm2,P03,ELIGIBLE_FOR_AFINO,,NOT_SELECTED,-13.53112147045201,-7.676001249589429,-9.77891127647228,-5.855120220862581,-2.102910026882851,False,155.25130031863142,formal_m1_center_not_selected,-15.855120220862581,-12.102910026882851,-15.855120220862581,False,49.01390226976184,NOT_SELECTED_RETAINED
F2D000557,F2V000557,P3_not_selected_qpp_pdcsap_all,P3,MATCHED_NOT_SELECTED,WSm2,P04,ELIGIBLE_FOR_AFINO,,NOT_SELECTED,-13.309208391614856,-7.4742543258823595,-9.697939457523239,-5.8349540657324965,-2.223685131640879,False,214.69666706990472,formal_m1_center_not_selected,-15.834954065732497,-12.22368513164088,-15.834954065732497,False,49.01390226976184,NOT_SELECTED_RETAINED
F2D000558,F2V000558,P3_not_selected_qpp_pdcsap_all,P3,MATCHED_NOT_SELECTED,WSm2,P05,ELIGIBLE_FOR_AFINO,,NOT_SELECTED,-14.126485349328593,-8.320689194079538,-10.540277659344907,-5.805796155249055,-2.2195884652653692,False,214.554198596058,formal_m1_center_not_selected,-15.805796155249055,-12.21958846526537,-15.805796155249055,False,49.01390226976184,NOT_SELECTED_RETAINED
F2D000559,F2V000559,P3_not_selected_qpp_pdcsap_all,P3,MATCHED_NOT_SELECTED,WSm1,P00,ELIGIBLE_FOR_AFINO,,NOT_SELECTED,-17.2886793779193,-11.460947253702315,-13.258727329742635,-5.827732124216986,-1.7977800760403202,False,46.754207106921235,formal_m1_center_not_selected,-15.827732124216986,-11.79778007604032,-15.827732124216986,False,49.01390226976184,NOT_SELECTED_RETAINED
F2D000560,F2V000560,P3_not_selected_qpp_pdcsap_all,P3,MATCHED_NOT_SELECTED,WSm1,P01,ELIGIBLE_FOR_AFINO,,NOT_SELECTED,-18.299911663679925,-12.392071049528134,-14.293686127187739,-5.907840614151791,-1.9016150776596046,False,46.723248479361,formal_m1_center_not_selected,-15.907840614151791,-11.901615077659605,-15.907840614151791,False,49.01390226976184,NOT_SELECTED_RETAINED
F2D000561,F2V000561,P3_not_selected_qpp_pdcsap_all,P3,MATCHED_NOT_SELECTED,WSm1,P02,ELIGIBLE_FOR_AFINO,,NOT_SELECTED,-17.2886793779193,-11.460947253702315,-13.258727329742635,-5.827732124216986,-1.7977800760403202,False,46.754207106921235,formal_m1_center_not_selected,-15.827732124216986,-11.79778007604032,-15.827732124216986,False,49.01390226976184,NOT_SELECTED_RETAINED
F2D000562,F2V000562,P3_not_selected_qpp_pdcsap_all,P3,MATCHED_NOT_SELECTED,WSm1,P03,ELIGIBLE_FOR_AFINO,,NOT_SELECTED,-18.299911663679925,-12.392071049528134,-14.293686127187739,-5.907840614151791,-1.9016150776596046,False,46.723248479361,formal_m1_center_not_selected,-15.907840614151791,-11.901615077659605,-15.907840614151791,False,49.01390226976184,NOT_SELECTED_RETAINED
F2D000563,F2V000563,P3_not_selected_qpp_pdcsap_all,P3,MATCHED_NOT_SELECTED,WSm1,P04,ELIGIBLE_FOR_AFINO,,NOT_SELECTED,-18.68012834882532,-12.897983492135182,-14.795499869334469,-5.782144856690138,-1.8975163771992865,False,47.55128053212563,formal_m1_center_not_selected,-15.782144856690138,-11.897516377199286,-15.782144856690138,False,49.01390226976184,NOT_SELECTED_RETAINED
F2D000564,F2V000564,P3_not_selected_qpp_pdcsap_all,P3,MATCHED_NOT_SELECTED,WSm1,P05,ELIGIBLE_FOR_AFINO,,NOT_SELECTED,-19.708134155084462,-13.844183446550563,-15.860867056086805,-5.863950708533899,-2.0166836095362424,False,46.620211907172326,formal_m1_center_not_selected,-15.863950708533899,-12.016683609536242,-15.863950708533899,False,49.01390226976184,NOT_SELECTED_RETAINED
F2D000565,F2V000565,P3_not_selected_qpp_pdcsap_all,P3,MATCHED_NOT_SELECTED,WSp1,P00,ELIGIBLE_FOR_AFINO,,NOT_SELECTED,-22.74797291103501,-17.543897595043756,-19.073375985455083,-5.204075315991254,-1.5294783904113274,False,78.27489132622254,formal_m1_center_not_selected,-15.204075315991254,-11.529478390411327,-15.204075315991254,False,49.01390226976184,NOT_SELECTED_RETAINED
F2D000566,F2V000566,P3_not_selected_qpp_pdcsap_all,P3,MATCHED_NOT_SELECTED,WSp1,P01,ELIGIBLE_FOR_AFINO,,NOT_SELECTED,-24.856988431457633,-19.62578161281022,-21.298891673080174,-5.231206818647415,-1.6731100602699556,False,46.553675034673965,formal_m1_center_not_selected,-15.231206818647415,-11.673110060269956,-15.231206818647415,False,49.01390226976184,NOT_SELECTED_RETAINED
F2D000567,F2V000567,P3_not_selected_qpp_pdcsap_all,P3,MATCHED_NOT_SELECTED,WSp1,P02,ELIGIBLE_FOR_AFINO,,NOT_SELECTED,-22.74797291103501,-17.543897595043756,-19.073375985455083,-5.204075315991254,-1.5294783904113274,False,78.27489132622254,formal_m1_center_not_selected,-15.204075315991254,-11.529478390411327,-15.204075315991254,False,49.01390226976184,NOT_SELECTED_RETAINED
F2D000568,F2V000568,P3_not_selected_qpp_pdcsap_all,P3,MATCHED_NOT_SELECTED,WSp1,P03,ELIGIBLE_FOR_AFINO,,NOT_SELECTED,-24.856988431457633,-19.62578161281022,-21.298891673080174,-5.231206818647415,-1.6731100602699556,False,46.553675034673965,formal_m1_center_not_selected,-15.231206818647415,-11.673110060269956,-15.231206818647415,False,49.01390226976184,NOT_SELECTED_RETAINED
F2D000569,F2V000569,P3_not_selected_qpp_pdcsap_all,P3,MATCHED_NOT_SELECTED,WSp1,P04,ELIGIBLE_FOR_AFINO,,NOT_SELECTED,-22.437813927235563,-17.28731345553481,-18.751293631493716,-5.150500471700752,-1.4639801759589055,False,78.25597100273316,formal_m1_center_not_selected,-15.150500471700752,-11.463980175958906,-15.150500471700752,False,49.01390226976184,NOT_SELECTED_RETAINED
F2D000570,F2V000570,P3_not_selected_qpp_pdcsap_all,P3,MATCHED_NOT_SELECTED,WSp1,P05,ELIGIBLE_FOR_AFINO,,NOT_SELECTED,-24.57951734840275,-19.38785161842801,-21.008347777497207,-5.191665729974741,-1.620496159069198,False,78.48744696051716,formal_m1_center_not_selected,-15.19166572997474,-11.620496159069198,-15.19166572997474,False,49.01390226976184,NOT_SELECTED_RETAINED
F2D000571,F2V000571,P3_not_selected_qpp_pdcsap_all,P3,MATCHED_NOT_SELECTED,WSp2,P00,TOO_FEW_CADENCES,14 retained cadences; minimum is 15.,INPUT_INADMISSIBLE,,,,,,,,,,,,False,49.01390226976184,INPUT_INADMISSIBLE
F2D000572,F2V000572,P3_not_selected_qpp_pdcsap_all,P3,MATCHED_NOT_SELECTED,WSp2,P01,TOO_FEW_CADENCES,14 retained cadences; minimum is 15.,INPUT_INADMISSIBLE,,,,,,,,,,,,False,49.01390226976184,INPUT_INADMISSIBLE
F2D000573,F2V000573,P3_not_selected_qpp_pdcsap_all,P3,MATCHED_NOT_SELECTED,WSp2,P02,TOO_FEW_CADENCES,14 retained cadences; minimum is 15.,INPUT_INADMISSIBLE,,,,,,,,,,,,False,49.01390226976184,INPUT_INADMISSIBLE
F2D000574,F2V000574,P3_not_selected_qpp_pdcsap_all,P3,MATCHED_NOT_SELECTED,WSp2,P03,TOO_FEW_CADENCES,14 retained cadences; minimum is 15.,INPUT_INADMISSIBLE,,,,,,,,,,,,False,49.01390226976184,INPUT_INADMISSIBLE
F2D000575,F2V000575,P3_not_selected_qpp_pdcsap_all,P3,MATCHED_NOT_SELECTED,WSp2,P04,TOO_FEW_CADENCES,14 retained cadences; minimum is 15.,INPUT_INADMISSIBLE,,,,,,,,,,,,False,49.01390226976184,INPUT_INADMISSIBLE
F2D000576,F2V000576,P3_not_selected_qpp_pdcsap_all,P3,MATCHED_NOT_SELECTED,WSp2,P05,TOO_FEW_CADENCES,14 retained cadences; minimum is 15.,INPUT_INADMISSIBLE,,,,,,,,,,,,False,49.01390226976184,INPUT_INADMISSIBLE
F2D000577,F2V000577,P3_not_selected_qpp_pdcsap_all,P3,MATCHED_NOT_SELECTED,WEm2,P00,TOO_FEW_CADENCES,14 retained cadences; minimum is 15.,INPUT_INADMISSIBLE,,,,,,,,,,,,False,49.01390226976184,INPUT_INADMISSIBLE
F2D000578,F2V000578,P3_not_selected_qpp_pdcsap_all,P3,MATCHED_NOT_SELECTED,WEm2,P01,TOO_FEW_CADENCES,14 retained cadences; minimum is 15.,INPUT_INADMISSIBLE,,,,,,,,,,,,False,49.01390226976184,INPUT_INADMISSIBLE
F2D000579,F2V000579,P3_not_selected_qpp_pdcsap_all,P3,MATCHED_NOT_SELECTED,WEm2,P02,TOO_FEW_CADENCES,14 retained cadences; minimum is 15.,INPUT_INADMISSIBLE,,,,,,,,,,,,False,49.01390226976184,INPUT_INADMISSIBLE
F2D000580,F2V000580,P3_not_selected_qpp_pdcsap_all,P3,MATCHED_NOT_SELECTED,WEm2,P03,TOO_FEW_CADENCES,14 retained cadences; minimum is 15.,INPUT_INADMISSIBLE,,,,,,,,,,,,False,49.01390226976184,INPUT_INADMISSIBLE
F2D000581,F2V000581,P3_not_selected_qpp_pdcsap_all,P3,MATCHED_NOT_SELECTED,WEm2,P04,TOO_FEW_CADENCES,14 retained cadences; minimum is 15.,INPUT_INADMISSIBLE,,,,,,,,,,,,False,49.01390226976184,INPUT_INADMISSIBLE
F2D000582,F2V000582,P3_not_selected_qpp_pdcsap_all,P3,MATCHED_NOT_SELECTED,WEm2,P05,TOO_FEW_CADENCES,14 retained cadences; minimum is 15.,INPUT_INADMISSIBLE,,,,,,,,,,,,False,49.01390226976184,INPUT_INADMISSIBLE
F2D000583,F2V000583,P3_not_selected_qpp_pdcsap_all,P3,MATCHED_NOT_SELECTED,WEm1,P00,ELIGIBLE_FOR_AFINO,,NOT_SELECTED,-15.446385980695418,-10.384598566031787,-11.796472329833179,-5.06178741466363,-1.4118737638013918,False,47.13969198598051,formal_m1_center_not_selected,-15.06178741466363,-11.411873763801392,-15.06178741466363,False,49.01390226976184,NOT_SELECTED_RETAINED
F2D000584,F2V000584,P3_not_selected_qpp_pdcsap_all,P3,MATCHED_NOT_SELECTED,WEm1,P01,ELIGIBLE_FOR_AFINO,,NOT_SELECTED,-16.535158714126975,-11.324870557705669,-12.883078134732443,-5.210288156421306,-1.5582075770267743,False,47.04038029554052,formal_m1_center_not_selected,-15.210288156421306,-11.558207577026774,-15.210288156421306,False,49.01390226976184,NOT_SELECTED_RETAINED
F2D000585,F2V000585,P3_not_selected_qpp_pdcsap_all,P3,MATCHED_NOT_SELECTED,WEm1,P02,ELIGIBLE_FOR_AFINO,,NOT_SELECTED,-15.446385980695418,-10.384598566031787,-11.796472329833179,-5.06178741466363,-1.4118737638013918,False,47.13969198598051,formal_m1_center_not_selected,-15.06178741466363,-11.411873763801392,-15.06178741466363,False,49.01390226976184,NOT_SELECTED_RETAINED
F2D000586,F2V000586,P3_not_selected_qpp_pdcsap_all,P3,MATCHED_NOT_SELECTED,WEm1,P03,ELIGIBLE_FOR_AFINO,,NOT_SELECTED,-16.535158714126975,-11.324870557705669,-12.883078134732443,-5.210288156421306,-1.5582075770267743,False,47.04038029554052,formal_m1_center_not_selected,-15.210288156421306,-11.558207577026774,-15.210288156421306,False,49.01390226976184,NOT_SELECTED_RETAINED
F2D000587,F2V000587,P3_not_selected_qpp_pdcsap_all,P3,MATCHED_NOT_SELECTED,WEm1,P04,ELIGIBLE_FOR_AFINO,,NOT_SELECTED,-16.770163099009775,-11.807888311955516,-13.078422781774456,-4.962274787054259,-1.2705344698189407,False,47.08394940560675,formal_m1_center_not_selected,-14.962274787054259,-11.27053446981894,-14.962274787054259,False,49.01390226976184,NOT_SELECTED_RETAINED
F2D000588,F2V000588,P3_not_selected_qpp_pdcsap_all,P3,MATCHED_NOT_SELECTED,WEm1,P05,ELIGIBLE_FOR_AFINO,,NOT_SELECTED,-17.862415393143056,-12.747095559182672,-14.284147228724912,-5.115319833960385,-1.5370516695422403,False,46.9860436348106,formal_m1_center_not_selected,-15.115319833960385,-11.53705166954224,-15.115319833960385,False,49.01390226976184,NOT_SELECTED_RETAINED
F2D000589,F2V000589,P3_not_selected_qpp_pdcsap_all,P3,MATCHED_NOT_SELECTED,WEp1,P00,ELIGIBLE_FOR_AFINO,,NOT_SELECTED,-24.746252544880694,-19.580701335906994,-20.831659985565338,-5.1655512089736995,-1.2509586496583438,False,46.92711337387693,formal_m1_center_not_selected,-15.1655512089737,-11.250958649658344,-15.1655512089737,False,49.01390226976184,NOT_SELECTED_RETAINED
F2D000590,F2V000590,P3_not_selected_qpp_pdcsap_all,P3,MATCHED_NOT_SELECTED,WEp1,P01,ELIGIBLE_FOR_AFINO,,NOT_SELECTED,-26.16886479310018,-20.940831965861637,-22.121908302820138,-5.228032827238543,-1.1810763369585011,False,46.72300879131263,formal_m1_center_not_selected,-15.228032827238543,-11.181076336958501,-15.228032827238543,False,49.01390226976184,NOT_SELECTED_RETAINED
F2D000591,F2V000591,P3_not_selected_qpp_pdcsap_all,P3,MATCHED_NOT_SELECTED,WEp1,P02,ELIGIBLE_FOR_AFINO,,NOT_SELECTED,-24.746252544880694,-19.580701335906994,-20.831659985565338,-5.1655512089736995,-1.2509586496583438,False,46.92711337387693,formal_m1_center_not_selected,-15.1655512089737,-11.250958649658344,-15.1655512089737,False,49.01390226976184,NOT_SELECTED_RETAINED
F2D000592,F2V000592,P3_not_selected_qpp_pdcsap_all,P3,MATCHED_NOT_SELECTED,WEp1,P03,ELIGIBLE_FOR_AFINO,,NOT_SELECTED,-26.16886479310018,-20.940831965861637,-22.121908302820138,-5.228032827238543,-1.1810763369585011,False,46.72300879131263,formal_m1_center_not_selected,-15.228032827238543,-11.181076336958501,-15.228032827238543,False,49.01390226976184,NOT_SELECTED_RETAINED
F2D000593,F2V000593,P3_not_selected_qpp_pdcsap_all,P3,MATCHED_NOT_SELECTED,WEp1,P04,ELIGIBLE_FOR_AFINO,,NOT_SELECTED,-25.810097184285144,-20.686691305589452,-21.766883471664563,-5.123405878695692,-1.0801921660751113,False,46.8780630223082,formal_m1_center_not_selected,-15.123405878695692,-11.080192166075111,-15.123405878695692,False,49.01390226976184,NOT_SELECTED_RETAINED
F2D000594,F2V000594,P3_not_selected_qpp_pdcsap_all,P3,MATCHED_NOT_SELECTED,WEp1,P05,ELIGIBLE_FOR_AFINO,,NOT_SELECTED,-27.231769772449773,-22.04855716903633,-23.388493448047143,-5.183212603413445,-1.3399362790108142,False,46.68407159660443,formal_m1_center_not_selected,-15.183212603413445,-11.339936279010814,-15.183212603413445,False,49.01390226976184,NOT_SELECTED_RETAINED
F2D000595,F2V000595,P3_not_selected_qpp_pdcsap_all,P3,MATCHED_NOT_SELECTED,WEp2,P00,ELIGIBLE_FOR_AFINO,,NOT_SELECTED,-25.73026255041357,-20.36576478428909,-22.071728962154303,-5.3644977661244795,-1.7059641778652122,False,48.14451386602311,formal_m1_center_not_selected,-15.36449776612448,-11.705964177865212,-15.36449776612448,False,49.01390226976184,NOT_SELECTED_RETAINED
F2D000596,F2V000596,P3_not_selected_qpp_pdcsap_all,P3,MATCHED_NOT_SELECTED,WEp2,P01,ELIGIBLE_FOR_AFINO,,NOT_SELECTED,-27.10506130146204,-21.666857387807667,-23.138712687721018,-5.438203913654373,-1.4718552999133507,False,47.8773757169745,formal_m1_center_not_selected,-15.438203913654373,-11.47185529991335,-15.438203913654373,False,49.01390226976184,NOT_SELECTED_RETAINED
F2D000597,F2V000597,P3_not_selected_qpp_pdcsap_all,P3,MATCHED_NOT_SELECTED,WEp2,P02,ELIGIBLE_FOR_AFINO,,NOT_SELECTED,-25.73026255041357,-20.36576478428909,-22.071728962154303,-5.3644977661244795,-1.7059641778652122,False,48.14451386602311,formal_m1_center_not_selected,-15.36449776612448,-11.705964177865212,-15.36449776612448,False,49.01390226976184,NOT_SELECTED_RETAINED
F2D000598,F2V000598,P3_not_selected_qpp_pdcsap_all,P3,MATCHED_NOT_SELECTED,WEp2,P03,ELIGIBLE_FOR_AFINO,,NOT_SELECTED,-27.10506130146204,-21.666857387807667,-23.138712687721018,-5.438203913654373,-1.4718552999133507,False,47.8773757169745,formal_m1_center_not_selected,-15.438203913654373,-11.47185529991335,-15.438203913654373,False,49.01390226976184,NOT_SELECTED_RETAINED
F2D000599,F2V000599,P3_not_selected_qpp_pdcsap_all,P3,MATCHED_NOT_SELECTED,WEp2,P04,ELIGIBLE_FOR_AFINO,,NOT_SELECTED,-26.07443460643786,-20.72908593593354,-22.06119711807918,-5.345348670504318,-1.3321111821456384,False,48.143141964157266,formal_m1_center_not_selected,-15.345348670504318,-11.332111182145638,-15.345348670504318,False,49.01390226976184,NOT_SELECTED_RETAINED
F2D000600,F2V000600,P3_not_selected_qpp_pdcsap_all,P3,MATCHED_NOT_SELECTED,WEp2,P05,ELIGIBLE_FOR_AFINO,,NOT_SELECTED,-27.461971469415833,-22.04278086466344,-23.518317860818534,-5.419190604752391,-1.4755369961550926,False,47.877175824370134,formal_m1_center_not_selected,-15.41919060475239,-11.475536996155093,-15.41919060475239,False,49.01390226976184,NOT_SELECTED_RETAINED
F2D000601,F2V000601,P3_not_selected_qpp_pdcsap_all,P3,MATCHED_NOT_SELECTED,WX1,P00,ELIGIBLE_FOR_AFINO,,NOT_SELECTED,-18.046134762459253,-12.314413358296903,-14.154157522746248,-5.73172140416235,-1.8397441644493444,False,92.14603929851742,formal_m1_center_not_selected,-15.73172140416235,-11.839744164449344,-15.73172140416235,False,49.01390226976184,NOT_SELECTED_RETAINED
F2D000602,F2V000602,P3_not_selected_qpp_pdcsap_all,P3,MATCHED_NOT_SELECTED,WX1,P01,ELIGIBLE_FOR_AFINO,,NOT_SELECTED,-19.02532364513834,-13.124617711036521,-15.126773171453406,-5.900705934101818,-2.002155460416885,False,47.90824972587911,formal_m1_center_not_selected,-15.900705934101818,-12.002155460416885,-15.900705934101818,False,49.01390226976184,NOT_SELECTED_RETAINED
F2D000603,F2V000603,P3_not_selected_qpp_pdcsap_all,P3,MATCHED_NOT_SELECTED,WX1,P02,ELIGIBLE_FOR_AFINO,,NOT_SELECTED,-18.046134762459253,-12.314413358296903,-14.154157522746248,-5.73172140416235,-1.8397441644493444,False,92.14603929851742,formal_m1_center_not_selected,-15.73172140416235,-11.839744164449344,-15.73172140416235,False,49.01390226976184,NOT_SELECTED_RETAINED
F2D000604,F2V000604,P3_not_selected_qpp_pdcsap_all,P3,MATCHED_NOT_SELECTED,WX1,P03,ELIGIBLE_FOR_AFINO,,NOT_SELECTED,-19.02532364513834,-13.124617711036521,-15.126773171453406,-5.900705934101818,-2.002155460416885,False,47.90824972587911,formal_m1_center_not_selected,-15.900705934101818,-12.002155460416885,-15.900705934101818,False,49.01390226976184,NOT_SELECTED_RETAINED
F2D000605,F2V000605,P3_not_selected_qpp_pdcsap_all,P3,MATCHED_NOT_SELECTED,WX1,P04,ELIGIBLE_FOR_AFINO,,NOT_SELECTED,-19.62207925920032,-13.867776415931168,-15.776868000896032,-5.754302843269151,-1.9090915849648642,False,48.14421197273191,formal_m1_center_not_selected,-15.754302843269151,-11.909091584964864,-15.754302843269151,False,49.01390226976184,NOT_SELECTED_RETAINED
F2D000606,F2V000606,P3_not_selected_qpp_pdcsap_all,P3,MATCHED_NOT_SELECTED,WX1,P05,ELIGIBLE_FOR_AFINO,,NOT_SELECTED,-20.608718232812944,-14.75364339691427,-17.107481134746386,-5.855074835898673,-2.353837737832116,False,47.9540333747846,formal_m1_center_not_selected,-15.855074835898673,-12.353837737832116,-15.855074835898673,False,49.01390226976184,NOT_SELECTED_RETAINED
F2D000607,F2V000607,P3_not_selected_qpp_pdcsap_all,P3,MATCHED_NOT_SELECTED,WC1,P00,TOO_FEW_CADENCES,14 retained cadences; minimum is 15.,INPUT_INADMISSIBLE,,,,,,,,,,,,False,49.01390226976184,INPUT_INADMISSIBLE
F2D000608,F2V000608,P3_not_selected_qpp_pdcsap_all,P3,MATCHED_NOT_SELECTED,WC1,P01,TOO_FEW_CADENCES,14 retained cadences; minimum is 15.,INPUT_INADMISSIBLE,,,,,,,,,,,,False,49.01390226976184,INPUT_INADMISSIBLE
F2D000609,F2V000609,P3_not_selected_qpp_pdcsap_all,P3,MATCHED_NOT_SELECTED,WC1,P02,TOO_FEW_CADENCES,14 retained cadences; minimum is 15.,INPUT_INADMISSIBLE,,,,,,,,,,,,False,49.01390226976184,INPUT_INADMISSIBLE
F2D000610,F2V000610,P3_not_selected_qpp_pdcsap_all,P3,MATCHED_NOT_SELECTED,WC1,P03,TOO_FEW_CADENCES,14 retained cadences; minimum is 15.,INPUT_INADMISSIBLE,,,,,,,,,,,,False,49.01390226976184,INPUT_INADMISSIBLE
F2D000611,F2V000611,P3_not_selected_qpp_pdcsap_all,P3,MATCHED_NOT_SELECTED,WC1,P04,TOO_FEW_CADENCES,14 retained cadences; minimum is 15.,INPUT_INADMISSIBLE,,,,,,,,,,,,False,49.01390226976184,INPUT_INADMISSIBLE
F2D000612,F2V000612,P3_not_selected_qpp_pdcsap_all,P3,MATCHED_NOT_SELECTED,WC1,P05,TOO_FEW_CADENCES,14 retained cadences; minimum is 15.,INPUT_INADMISSIBLE,,,,,,,,,,,,False,49.01390226976184,INPUT_INADMISSIBLE
F2D000613,F2V000613,P3_not_selected_qpp_pdcsap_all,P3,MATCHED_NOT_SELECTED,WX2,P00,ELIGIBLE_FOR_AFINO,,NOT_SELECTED,-20.640497912566108,-14.501124270281693,-16.58692691319002,-6.139373642284415,-2.0858026429083267,False,47.46548558356961,formal_m1_center_not_selected,-16.139373642284415,-12.085802642908327,-16.139373642284415,False,49.01390226976184,NOT_SELECTED_RETAINED
F2D000614,F2V000614,P3_not_selected_qpp_pdcsap_all,P3,MATCHED_NOT_SELECTED,WX2,P01,ELIGIBLE_FOR_AFINO,,NOT_SELECTED,-21.586875012067683,-15.351827178369842,-17.569340011102476,-6.235047833697841,-2.217512832732634,False,47.33429770906784,formal_m1_center_not_selected,-16.23504783369784,-12.217512832732634,-16.23504783369784,False,49.01390226976184,NOT_SELECTED_RETAINED
F2D000615,F2V000615,P3_not_selected_qpp_pdcsap_all,P3,MATCHED_NOT_SELECTED,WX2,P02,ELIGIBLE_FOR_AFINO,,NOT_SELECTED,-20.640497912566108,-14.501124270281693,-16.58692691319002,-6.139373642284415,-2.0858026429083267,False,47.46548558356961,formal_m1_center_not_selected,-16.139373642284415,-12.085802642908327,-16.139373642284415,False,49.01390226976184,NOT_SELECTED_RETAINED
F2D000616,F2V000616,P3_not_selected_qpp_pdcsap_all,P3,MATCHED_NOT_SELECTED,WX2,P03,ELIGIBLE_FOR_AFINO,,NOT_SELECTED,-21.586875012067683,-15.351827178369842,-17.569340011102476,-6.235047833697841,-2.217512832732634,False,47.33429770906784,formal_m1_center_not_selected,-16.23504783369784,-12.217512832732634,-16.23504783369784,False,49.01390226976184,NOT_SELECTED_RETAINED
F2D000617,F2V000617,P3_not_selected_qpp_pdcsap_all,P3,MATCHED_NOT_SELECTED,WX2,P04,ELIGIBLE_FOR_AFINO,,NOT_SELECTED,-22.188890111886565,-16.073802284037985,-18.2377263838603,-6.11508782784858,-2.1639240998223137,False,47.44715011612642,formal_m1_center_not_selected,-16.11508782784858,-12.163924099822314,-16.11508782784858,False,49.01390226976184,NOT_SELECTED_RETAINED
F2D000618,F2V000618,P3_not_selected_qpp_pdcsap_all,P3,MATCHED_NOT_SELECTED,WX2,P05,ELIGIBLE_FOR_AFINO,,NOT_SELECTED,-23.153320310825674,-16.964268370221145,-19.23886053964639,-6.189051940604529,-2.274592169425244,False,191.22203055797766,formal_m1_center_not_selected,-16.18905194060453,-12.274592169425244,-16.18905194060453,False,49.01390226976184,NOT_SELECTED_RETAINED
F2D000619,F2V000619,P3_not_selected_qpp_pdcsap_all,P3,MATCHED_NOT_SELECTED,WC2,P00,TOO_FEW_CADENCES,12 retained cadences; minimum is 15.,INPUT_INADMISSIBLE,,,,,,,,,,,,False,49.01390226976184,INPUT_INADMISSIBLE
F2D000620,F2V000620,P3_not_selected_qpp_pdcsap_all,P3,MATCHED_NOT_SELECTED,WC2,P01,TOO_FEW_CADENCES,12 retained cadences; minimum is 15.,INPUT_INADMISSIBLE,,,,,,,,,,,,False,49.01390226976184,INPUT_INADMISSIBLE
F2D000621,F2V000621,P3_not_selected_qpp_pdcsap_all,P3,MATCHED_NOT_SELECTED,WC2,P02,TOO_FEW_CADENCES,12 retained cadences; minimum is 15.,INPUT_INADMISSIBLE,,,,,,,,,,,,False,49.01390226976184,INPUT_INADMISSIBLE
F2D000622,F2V000622,P3_not_selected_qpp_pdcsap_all,P3,MATCHED_NOT_SELECTED,WC2,P03,TOO_FEW_CADENCES,12 retained cadences; minimum is 15.,INPUT_INADMISSIBLE,,,,,,,,,,,,False,49.01390226976184,INPUT_INADMISSIBLE
F2D000623,F2V000623,P3_not_selected_qpp_pdcsap_all,P3,MATCHED_NOT_SELECTED,WC2,P04,TOO_FEW_CADENCES,12 retained cadences; minimum is 15.,INPUT_INADMISSIBLE,,,,,,,,,,,,False,49.01390226976184,INPUT_INADMISSIBLE
F2D000624,F2V000624,P3_not_selected_qpp_pdcsap_all,P3,MATCHED_NOT_SELECTED,WC2,P05,TOO_FEW_CADENCES,12 retained cadences; minimum is 15.,INPUT_INADMISSIBLE,,,,,,,,,,,,False,49.01390226976184,INPUT_INADMISSIBLE
F2D000625,F2V000625,P4_published_qpp_pdcsap_all,P4,PUBLISHED_QPP_REPRODUCED,W00,P00,ELIGIBLE_FOR_AFINO,,SELECTED,-91.48836353848823,-104.99217311781575,-85.58463469487313,13.503809579327523,19.407538422942622,True,60.05391261010268,recovered_period_selected,3.5038095793275232,9.407538422942622,3.5038095793275232,True,60.05391261010268,SELECTED_RETAINED
F2D000626,F2V000626,P4_published_qpp_pdcsap_all,P4,PUBLISHED_QPP_REPRODUCED,W00,P01,ELIGIBLE_FOR_AFINO,,NOT_SELECTED,-90.75390182579353,-93.27332308164468,-86.53642665235341,2.5194212558511424,6.736896429291264,False,59.499635314802305,formal_m1_center_not_selected,-7.480578744148858,-3.2631035707087364,-7.480578744148858,True,60.05391261010268,SELECTION_LOST
F2D000627,F2V000627,P4_published_qpp_pdcsap_all,P4,PUBLISHED_QPP_REPRODUCED,W00,P02,IRREGULAR_SAMPLING,retained_indices_not_consecutive|interval_deviation_gt_0.001_s,INPUT_INADMISSIBLE,,,,,,,,,,,,True,60.05391261010268,INPUT_INADMISSIBLE
F2D000628,F2V000628,P4_published_qpp_pdcsap_all,P4,PUBLISHED_QPP_REPRODUCED,W00,P03,IRREGULAR_SAMPLING,retained_indices_not_consecutive|interval_deviation_gt_0.001_s,INPUT_INADMISSIBLE,,,,,,,,,,,,True,60.05391261010268,INPUT_INADMISSIBLE
F2D000629,F2V000629,P4_published_qpp_pdcsap_all,P4,PUBLISHED_QPP_REPRODUCED,W00,P04,ELIGIBLE_FOR_AFINO,,SELECTED,-91.39348712590908,-104.89631412223137,-85.48993836899261,13.502826996322298,19.406375753238763,True,60.053915692202736,recovered_period_selected,3.502826996322298,9.406375753238763,3.502826996322298,True,60.05391261010268,SELECTED_RETAINED
F2D000630,F2V000630,P4_published_qpp_pdcsap_all,P4,PUBLISHED_QPP_REPRODUCED,W00,P05,ELIGIBLE_FOR_AFINO,,NOT_SELECTED,-90.97678846913699,-93.4976137660206,-86.7566696276769,2.520825296883615,6.740944138343707,False,59.49967718325637,formal_m1_center_not_selected,-7.479174703116385,-3.259055861656293,-7.479174703116385,True,60.05391261010268,SELECTION_LOST
F2D000631,F2V000631,P4_published_qpp_pdcsap_all,P4,PUBLISHED_QPP_REPRODUCED,WSm2,P00,ELIGIBLE_FOR_AFINO,,SELECTED,-105.52363607295645,-117.90890910860412,-100.89379338611043,12.385273035647671,17.01511572249369,True,60.02129032594199,recovered_period_selected,2.3852730356476712,7.0151157224936895,2.3852730356476712,True,60.05391261010268,SELECTED_RETAINED
F2D000632,F2V000632,P4_published_qpp_pdcsap_all,P4,PUBLISHED_QPP_REPRODUCED,WSm2,P01,ELIGIBLE_FOR_AFINO,,NOT_SELECTED,-103.53500553531578,-105.34323997735856,-98.83971698037107,1.8082344420427887,6.503522996987499,False,59.40747518920459,formal_m1_center_not_selected,-8.191765557957211,-3.496477003012501,-8.191765557957211,True,60.05391261010268,SELECTION_LOST
F2D000633,F2V000633,P4_published_qpp_pdcsap_all,P4,PUBLISHED_QPP_REPRODUCED,WSm2,P02,IRREGULAR_SAMPLING,retained_indices_not_consecutive|interval_deviation_gt_0.001_s,INPUT_INADMISSIBLE,,,,,,,,,,,,True,60.05391261010268,INPUT_INADMISSIBLE
F2D000634,F2V000634,P4_published_qpp_pdcsap_all,P4,PUBLISHED_QPP_REPRODUCED,WSm2,P03,IRREGULAR_SAMPLING,retained_indices_not_consecutive|interval_deviation_gt_0.001_s,INPUT_INADMISSIBLE,,,,,,,,,,,,True,60.05391261010268,INPUT_INADMISSIBLE
F2D000635,F2V000635,P4_published_qpp_pdcsap_all,P4,PUBLISHED_QPP_REPRODUCED,WSm2,P04,ELIGIBLE_FOR_AFINO,,SELECTED,-107.63429172694099,-120.04821970104084,-102.95770796986665,12.413927974099849,17.09051173117419,True,60.020604591860334,recovered_period_selected,2.413927974099849,7.090511731174189,2.413927974099849,True,60.05391261010268,SELECTED_RETAINED
F2D000636,F2V000636,P4_published_qpp_pdcsap_all,P4,PUBLISHED_QPP_REPRODUCED,WSm2,P05,ELIGIBLE_FOR_AFINO,,NOT_SELECTED,-105.92777606082085,-107.75744624061912,-101.19661521987652,1.8296701797982706,6.560831020742597,False,59.40789232793314,formal_m1_center_not_selected,-8.17032982020173,-3.4391689792574027,-8.17032982020173,True,60.05391261010268,SELECTION_LOST
F2D000637,F2V000637,P4_published_qpp_pdcsap_all,P4,PUBLISHED_QPP_REPRODUCED,WSm1,P00,ELIGIBLE_FOR_AFINO,,SELECTED,-101.15828503011318,-113.29170195074269,-96.70140982393636,12.133416920629514,16.590292126806332,True,60.115595737662325,recovered_period_selected,2.1334169206295144,6.590292126806332,2.1334169206295144,True,60.05391261010268,SELECTED_RETAINED
F2D000638,F2V000638,P4_published_qpp_pdcsap_all,P4,PUBLISHED_QPP_REPRODUCED,WSm1,P01,ELIGIBLE_FOR_AFINO,,NOT_SELECTED,-100.10386348795383,-102.28672284895592,-95.60347064283579,2.1828593610020874,6.68325220612013,False,59.25100808433427,formal_m1_center_not_selected,-7.817140638997913,-3.3167477938798697,-7.817140638997913,True,60.05391261010268,SELECTION_LOST
F2D000639,F2V000639,P4_published_qpp_pdcsap_all,P4,PUBLISHED_QPP_REPRODUCED,WSm1,P02,IRREGULAR_SAMPLING,retained_indices_not_consecutive|interval_deviation_gt_0.001_s,INPUT_INADMISSIBLE,,,,,,,,,,,,True,60.05391261010268,INPUT_INADMISSIBLE
F2D000640,F2V000640,P4_published_qpp_pdcsap_all,P4,PUBLISHED_QPP_REPRODUCED,WSm1,P03,IRREGULAR_SAMPLING,retained_indices_not_consecutive|interval_deviation_gt_0.001_s,INPUT_INADMISSIBLE,,,,,,,,,,,,True,60.05391261010268,INPUT_INADMISSIBLE
F2D000641,F2V000641,P4_published_qpp_pdcsap_all,P4,PUBLISHED_QPP_REPRODUCED,WSm1,P04,ELIGIBLE_FOR_AFINO,,SELECTED,-102.42986367275076,-114.57319612118243,-97.94962126737576,12.143332448431678,16.623574853806673,True,60.11531523619745,recovered_period_selected,2.1433324484316785,6.623574853806673,2.1433324484316785,True,60.05391261010268,SELECTED_RETAINED
F2D000642,F2V000642,P4_published_qpp_pdcsap_all,P4,PUBLISHED_QPP_REPRODUCED,WSm1,P05,ELIGIBLE_FOR_AFINO,,NOT_SELECTED,-101.70442711423068,-103.8950195172966,-97.18086735423424,2.1905924030659207,6.714152163062366,False,59.25044626458509,formal_m1_center_not_selected,-7.809407596934079,-3.2858478369376343,-7.809407596934079,True,60.05391261010268,SELECTION_LOST
F2D000643,F2V000643,P4_published_qpp_pdcsap_all,P4,PUBLISHED_QPP_REPRODUCED,WSp1,P00,ELIGIBLE_FOR_AFINO,,SELECTED,-87.08000763533077,-99.95267647206312,-83.03063700118201,12.872668836732345,16.922039470881103,True,59.6124291068652,recovered_period_selected,2.8726688367323447,6.922039470881103,2.8726688367323447,True,60.05391261010268,SELECTED_RETAINED
F2D000644,F2V000644,P4_published_qpp_pdcsap_all,P4,PUBLISHED_QPP_REPRODUCED,WSp1,P01,ELIGIBLE_FOR_AFINO,,NOT_SELECTED,-87.32575808897548,-90.45650914921599,-83.29693784078933,3.130751060240513,7.1595713084266634,False,59.194399281677434,formal_m1_center_not_selected,-6.869248939759487,-2.8404286915733366,-6.869248939759487,True,60.05391261010268,SELECTION_LOST
F2D000645,F2V000645,P4_published_qpp_pdcsap_all,P4,PUBLISHED_QPP_REPRODUCED,WSp1,P02,IRREGULAR_SAMPLING,retained_indices_not_consecutive|interval_deviation_gt_0.001_s,INPUT_INADMISSIBLE,,,,,,,,,,,,True,60.05391261010268,INPUT_INADMISSIBLE
F2D000646,F2V000646,P4_published_qpp_pdcsap_all,P4,PUBLISHED_QPP_REPRODUCED,WSp1,P03,IRREGULAR_SAMPLING,retained_indices_not_consecutive|interval_deviation_gt_0.001_s,INPUT_INADMISSIBLE,,,,,,,,,,,,True,60.05391261010268,INPUT_INADMISSIBLE
F2D000647,F2V000647,P4_published_qpp_pdcsap_all,P4,PUBLISHED_QPP_REPRODUCED,WSp1,P04,ELIGIBLE_FOR_AFINO,,SELECTED,-84.68630219275084,-97.52791525763953,-80.65680083176973,12.84161306488869,16.871114425869806,True,59.612817209273224,recovered_period_selected,2.8416130648886906,6.871114425869806,2.8416130648886906,True,60.05391261010268,SELECTED_RETAINED
F2D000648,F2V000648,P4_published_qpp_pdcsap_all,P4,PUBLISHED_QPP_REPRODUCED,WSp1,P05,ELIGIBLE_FOR_AFINO,,NOT_SELECTED,-85.25176832337219,-88.36429751066972,-81.24154559570493,3.1125291872975254,7.12275191496478,False,59.19421143582748,formal_m1_center_not_selected,-6.887470812702475,-2.8772480850352196,-6.887470812702475,True,60.05391261010268,SELECTION_LOST
F2D000649,F2V000649,P4_published_qpp_pdcsap_all,P4,PUBLISHED_QPP_REPRODUCED,WSp2,P00,ELIGIBLE_FOR_AFINO,,SELECTED,-78.06248531452785,-91.36313671366831,-74.25320043772822,13.300651399140463,17.109936275940086,True,59.771545679248234,recovered_period_selected,3.300651399140463,7.109936275940086,3.300651399140463,True,60.05391261010268,SELECTED_RETAINED
F2D000650,F2V000650,P4_published_qpp_pdcsap_all,P4,PUBLISHED_QPP_REPRODUCED,WSp2,P01,ELIGIBLE_FOR_AFINO,,NOT_SELECTED,-78.63863366315881,-81.52897027524459,-74.88315754827732,2.8903366120857754,6.645812726967264,False,58.99767031190586,formal_m1_center_not_selected,-7.109663387914225,-3.3541872730327356,-7.109663387914225,True,60.05391261010268,SELECTION_LOST
F2D000651,F2V000651,P4_published_qpp_pdcsap_all,P4,PUBLISHED_QPP_REPRODUCED,WSp2,P02,IRREGULAR_SAMPLING,retained_indices_not_consecutive|interval_deviation_gt_0.001_s,INPUT_INADMISSIBLE,,,,,,,,,,,,True,60.05391261010268,INPUT_INADMISSIBLE
F2D000652,F2V000652,P4_published_qpp_pdcsap_all,P4,PUBLISHED_QPP_REPRODUCED,WSp2,P03,IRREGULAR_SAMPLING,retained_indices_not_consecutive|interval_deviation_gt_0.001_s,INPUT_INADMISSIBLE,,,,,,,,,,,,True,60.05391261010268,INPUT_INADMISSIBLE
F2D000653,F2V000653,P4_published_qpp_pdcsap_all,P4,PUBLISHED_QPP_REPRODUCED,WSp2,P04,ELIGIBLE_FOR_AFINO,,SELECTED,-72.76790070181809,-85.98510074006259,-68.98551799572525,13.2172000382445,16.999582744337346,True,59.77296162421355,recovered_period_selected,3.217200038244499,6.999582744337346,3.217200038244499,True,60.05391261010268,SELECTED_RETAINED
F2D000654,F2V000654,P4_published_qpp_pdcsap_all,P4,PUBLISHED_QPP_REPRODUCED,WSp2,P05,ELIGIBLE_FOR_AFINO,,NOT_SELECTED,-73.69548813762098,-76.53191867445962,-69.97330203214085,2.836430536838634,6.558616642318768,False,58.999035828055405,formal_m1_center_not_selected,-7.163569463161366,-3.4413833576812323,-7.163569463161366,True,60.05391261010268,SELECTION_LOST
F2D000655,F2V000655,P4_published_qpp_pdcsap_all,P4,PUBLISHED_QPP_REPRODUCED,WEm2,P00,ELIGIBLE_FOR_AFINO,,SELECTED,-84.92829243539909,-95.59764841494425,-81.15907970051927,10.66935597954516,14.438568714424974,True,60.34594216871526,recovered_period_selected,0.6693559795451591,4.438568714424974,0.6693559795451591,True,60.05391261010268,SELECTED_RETAINED
F2D000656,F2V000656,P4_published_qpp_pdcsap_all,P4,PUBLISHED_QPP_REPRODUCED,WEm2,P01,ELIGIBLE_FOR_AFINO,,NOT_SELECTED,-82.9825801980227,-84.54628214016097,-79.18792545049479,1.563701942138266,5.358356689666181,False,59.54617843906049,formal_m1_center_not_selected,-8.436298057861734,-4.641643310333819,-8.436298057861734,True,60.05391261010268,SELECTION_LOST
F2D000657,F2V000657,P4_published_qpp_pdcsap_all,P4,PUBLISHED_QPP_REPRODUCED,WEm2,P02,IRREGULAR_SAMPLING,retained_indices_not_consecutive|interval_deviation_gt_0.001_s,INPUT_INADMISSIBLE,,,,,,,,,,,,True,60.05391261010268,INPUT_INADMISSIBLE
F2D000658,F2V000658,P4_published_qpp_pdcsap_all,P4,PUBLISHED_QPP_REPRODUCED,WEm2,P03,IRREGULAR_SAMPLING,retained_indices_not_consecutive|interval_deviation_gt_0.001_s,INPUT_INADMISSIBLE,,,,,,,,,,,,True,60.05391261010268,INPUT_INADMISSIBLE
F2D000659,F2V000659,P4_published_qpp_pdcsap_all,P4,PUBLISHED_QPP_REPRODUCED,WEm2,P04,ELIGIBLE_FOR_AFINO,,SELECTED,-86.27656330423316,-96.96213032120193,-82.49705270686968,10.685567016968761,14.465077614332245,True,60.346760548728724,recovered_period_selected,0.6855670169687613,4.465077614332245,0.6855670169687613,True,60.05391261010268,SELECTED_RETAINED
F2D000660,F2V000660,P4_published_qpp_pdcsap_all,P4,PUBLISHED_QPP_REPRODUCED,WEm2,P05,ELIGIBLE_FOR_AFINO,,NOT_SELECTED,-84.61786312396573,-86.19390865699948,-80.81467071312477,1.5760455330337493,5.379237943874713,False,59.54758319148046,formal_m1_center_not_selected,-8.42395446696625,-4.620762056125287,-8.42395446696625,True,60.05391261010268,SELECTION_LOST
F2D000661,F2V000661,P4_published_qpp_pdcsap_all,P4,PUBLISHED_QPP_REPRODUCED,WEm1,P00,ELIGIBLE_FOR_AFINO,,SELECTED,-90.43883548973896,-102.14704802121837,-86.4137033604799,11.708212531479404,15.733344660738467,True,59.84476815876972,recovered_period_selected,1.708212531479404,5.733344660738467,1.708212531479404,True,60.05391261010268,SELECTED_RETAINED
F2D000662,F2V000662,P4_published_qpp_pdcsap_all,P4,PUBLISHED_QPP_REPRODUCED,WEm1,P01,ELIGIBLE_FOR_AFINO,,NOT_SELECTED,-89.38539730128058,-91.8891848786876,-85.33895187991439,2.5037875774070244,6.550232998773211,False,59.312404956965956,formal_m1_center_not_selected,-7.496212422592976,-3.449767001226789,-7.496212422592976,True,60.05391261010268,SELECTION_LOST
F2D000663,F2V000663,P4_published_qpp_pdcsap_all,P4,PUBLISHED_QPP_REPRODUCED,WEm1,P02,IRREGULAR_SAMPLING,retained_indices_not_consecutive|interval_deviation_gt_0.001_s,INPUT_INADMISSIBLE,,,,,,,,,,,,True,60.05391261010268,INPUT_INADMISSIBLE
F2D000664,F2V000664,P4_published_qpp_pdcsap_all,P4,PUBLISHED_QPP_REPRODUCED,WEm1,P03,IRREGULAR_SAMPLING,retained_indices_not_consecutive|interval_deviation_gt_0.001_s,INPUT_INADMISSIBLE,,,,,,,,,,,,True,60.05391261010268,INPUT_INADMISSIBLE
F2D000665,F2V000665,P4_published_qpp_pdcsap_all,P4,PUBLISHED_QPP_REPRODUCED,WEm1,P04,ELIGIBLE_FOR_AFINO,,SELECTED,-91.48508968156118,-103.20303385210214,-87.44766374027793,11.71794417054096,15.755370111824206,True,59.8450990817556,recovered_period_selected,1.7179441705409602,5.755370111824206,1.7179441705409602,True,60.05391261010268,SELECTED_RETAINED
F2D000666,F2V000666,P4_published_qpp_pdcsap_all,P4,PUBLISHED_QPP_REPRODUCED,WEm1,P05,ELIGIBLE_FOR_AFINO,,NOT_SELECTED,-90.74832835351833,-93.26040660979795,-86.68972516238067,2.5120782562796222,6.570681447417286,False,59.31282977428027,formal_m1_center_not_selected,-7.487921743720378,-3.429318552582714,-7.487921743720378,True,60.05391261010268,SELECTION_LOST
F2D000667,F2V000667,P4_published_qpp_pdcsap_all,P4,PUBLISHED_QPP_REPRODUCED,WEp1,P00,ELIGIBLE_FOR_AFINO,,SELECTED,-97.54089760599035,-110.70992744524446,-93.07570653889066,13.169029839254108,17.634220906353804,True,59.899988712851204,recovered_period_selected,3.169029839254108,7.634220906353804,3.169029839254108,True,60.05391261010268,SELECTED_RETAINED
F2D000668,F2V000668,P4_published_qpp_pdcsap_all,P4,PUBLISHED_QPP_REPRODUCED,WEp1,P01,ELIGIBLE_FOR_AFINO,,NOT_SELECTED,-97.60247597399884,-100.38902959666338,-93.13907970497101,2.7865536226645418,7.249949891692367,False,59.07747977528789,formal_m1_center_not_selected,-7.213446377335458,-2.750050108307633,-7.213446377335458,True,60.05391261010268,SELECTION_LOST
F2D000669,F2V000669,P4_published_qpp_pdcsap_all,P4,PUBLISHED_QPP_REPRODUCED,WEp1,P02,IRREGULAR_SAMPLING,retained_indices_not_consecutive|interval_deviation_gt_0.001_s,INPUT_INADMISSIBLE,,,,,,,,,,,,True,60.05391261010268,INPUT_INADMISSIBLE
F2D000670,F2V000670,P4_published_qpp_pdcsap_all,P4,PUBLISHED_QPP_REPRODUCED,WEp1,P03,IRREGULAR_SAMPLING,retained_indices_not_consecutive|interval_deviation_gt_0.001_s,INPUT_INADMISSIBLE,,,,,,,,,,,,True,60.05391261010268,INPUT_INADMISSIBLE
F2D000671,F2V000671,P4_published_qpp_pdcsap_all,P4,PUBLISHED_QPP_REPRODUCED,WEp1,P04,ELIGIBLE_FOR_AFINO,,SELECTED,-96.30274434447699,-109.45913113327752,-91.85589237421725,13.156386788800532,17.603238759060275,True,59.89961368258423,recovered_period_selected,3.156386788800532,7.603238759060275,3.156386788800532,True,60.05391261010268,SELECTED_RETAINED
F2D000672,F2V000672,P4_published_qpp_pdcsap_all,P4,PUBLISHED_QPP_REPRODUCED,WEp1,P05,ELIGIBLE_FOR_AFINO,,NOT_SELECTED,-96.76586593212458,-99.54725679739335,-92.3144471168687,2.7813908652687616,7.232809680524639,False,59.077237364079295,formal_m1_center_not_selected,-7.218609134731238,-2.767190319475361,-7.218609134731238,True,60.05391261010268,SELECTION_LOST
F2D000673,F2V000673,P4_published_qpp_pdcsap_all,P4,PUBLISHED_QPP_REPRODUCED,WEp2,P00,ELIGIBLE_FOR_AFINO,,SELECTED,-97.92576507088437,-112.96366620711146,-93.3085911024203,15.037901136227092,19.655075104691164,True,59.6178810617901,recovered_period_selected,5.037901136227092,9.655075104691164,5.037901136227092,True,60.05391261010268,SELECTED_RETAINED
F2D000674,F2V000674,P4_published_qpp_pdcsap_all,P4,PUBLISHED_QPP_REPRODUCED,WEp2,P01,ELIGIBLE_FOR_AFINO,,NOT_SELECTED,-98.0672423643485,-101.07443635036341,-93.47276069504116,3.0071939860149115,7.6016756553222535,False,59.17520625862685,formal_m1_center_not_selected,-6.9928060139850885,-2.3983243446777465,-6.9928060139850885,True,60.05391261010268,SELECTION_LOST
F2D000675,F2V000675,P4_published_qpp_pdcsap_all,P4,PUBLISHED_QPP_REPRODUCED,WEp2,P02,IRREGULAR_SAMPLING,retained_indices_not_consecutive|interval_deviation_gt_0.001_s,INPUT_INADMISSIBLE,,,,,,,,,,,,True,60.05391261010268,INPUT_INADMISSIBLE
F2D000676,F2V000676,P4_published_qpp_pdcsap_all,P4,PUBLISHED_QPP_REPRODUCED,WEp2,P03,IRREGULAR_SAMPLING,retained_indices_not_consecutive|interval_deviation_gt_0.001_s,INPUT_INADMISSIBLE,,,,,,,,,,,,True,60.05391261010268,INPUT_INADMISSIBLE
F2D000677,F2V000677,P4_published_qpp_pdcsap_all,P4,PUBLISHED_QPP_REPRODUCED,WEp2,P04,ELIGIBLE_FOR_AFINO,,SELECTED,-95.67097023647662,-110.6772217174903,-91.09044207399602,15.006251481013678,19.586779643494282,True,59.617610547537716,recovered_period_selected,5.006251481013678,9.586779643494282,5.006251481013678,True,60.05391261010268,SELECTED_RETAINED
F2D000678,F2V000678,P4_published_qpp_pdcsap_all,P4,PUBLISHED_QPP_REPRODUCED,WEp2,P05,ELIGIBLE_FOR_AFINO,,NOT_SELECTED,-96.22581423120535,-99.21691462102525,-91.66219189213241,2.9911003898199056,7.554722728892841,False,59.174936929801426,formal_m1_center_not_selected,-7.008899610180094,-2.445277271107159,-7.008899610180094,True,60.05391261010268,SELECTION_LOST
F2D000679,F2V000679,P4_published_qpp_pdcsap_all,P4,PUBLISHED_QPP_REPRODUCED,WX1,P00,ELIGIBLE_FOR_AFINO,,SELECTED,-101.68151143023628,-115.59435486027974,-97.06640528865766,13.912843430043452,18.527949571622074,True,59.79963328371039,recovered_period_selected,3.912843430043452,8.527949571622074,3.912843430043452,True,60.05391261010268,SELECTED_RETAINED
F2D000680,F2V000680,P4_published_qpp_pdcsap_all,P4,PUBLISHED_QPP_REPRODUCED,WX1,P01,ELIGIBLE_FOR_AFINO,,NOT_SELECTED,-100.78677653082725,-103.40992781458837,-96.1423945165316,2.6231512837611177,7.267533298056776,False,59.28726171073158,formal_m1_center_not_selected,-7.376848716238882,-2.732466701943224,-7.376848716238882,True,60.05391261010268,SELECTION_LOST
F2D000681,F2V000681,P4_published_qpp_pdcsap_all,P4,PUBLISHED_QPP_REPRODUCED,WX1,P02,IRREGULAR_SAMPLING,retained_indices_not_consecutive|interval_deviation_gt_0.001_s,INPUT_INADMISSIBLE,,,,,,,,,,,,True,60.05391261010268,INPUT_INADMISSIBLE
F2D000682,F2V000682,P4_published_qpp_pdcsap_all,P4,PUBLISHED_QPP_REPRODUCED,WX1,P03,IRREGULAR_SAMPLING,retained_indices_not_consecutive|interval_deviation_gt_0.001_s,INPUT_INADMISSIBLE,,,,,,,,,,,,True,60.05391261010268,INPUT_INADMISSIBLE
F2D000683,F2V000683,P4_published_qpp_pdcsap_all,P4,PUBLISHED_QPP_REPRODUCED,WX1,P04,ELIGIBLE_FOR_AFINO,,SELECTED,-102.15780051287298,-116.07503722210933,-96.14305213889908,13.917236709236349,19.93198508321025,True,59.79965706459422,recovered_period_selected,3.9172367092363487,9.93198508321025,3.9172367092363487,True,60.05391261010268,SELECTED_RETAINED
F2D000684,F2V000684,P4_published_qpp_pdcsap_all,P4,PUBLISHED_QPP_REPRODUCED,WX1,P05,ELIGIBLE_FOR_AFINO,,NOT_SELECTED,-101.66503756127564,-104.29286908434527,-97.00535677217938,2.6278315230696307,7.287512312165887,False,59.287227602311354,formal_m1_center_not_selected,-7.372168476930369,-2.7124876878341126,-7.372168476930369,True,60.05391261010268,SELECTION_LOST
F2D000685,F2V000685,P4_published_qpp_pdcsap_all,P4,PUBLISHED_QPP_REPRODUCED,WC1,P00,ELIGIBLE_FOR_AFINO,,SELECTED,-80.71779266179945,-92.81575084180166,-76.94821418204717,12.097958180002209,15.867536659754492,True,60.07018477164848,recovered_period_selected,2.097958180002209,5.867536659754492,2.097958180002209,True,60.05391261010268,SELECTED_RETAINED
F2D000686,F2V000686,P4_published_qpp_pdcsap_all,P4,PUBLISHED_QPP_REPRODUCED,WC1,P01,ELIGIBLE_FOR_AFINO,,NOT_SELECTED,-80.04376345922408,-82.42379853966321,-74.27248255550697,2.3800350804391286,8.151315984156241,False,59.270380039596965,formal_m1_center_not_selected,-7.619964919560871,-1.8486840158437587,-7.619964919560871,True,60.05391261010268,SELECTION_LOST
F2D000687,F2V000687,P4_published_qpp_pdcsap_all,P4,PUBLISHED_QPP_REPRODUCED,WC1,P02,IRREGULAR_SAMPLING,retained_indices_not_consecutive|interval_deviation_gt_0.001_s,INPUT_INADMISSIBLE,,,,,,,,,,,,True,60.05391261010268,INPUT_INADMISSIBLE
F2D000688,F2V000688,P4_published_qpp_pdcsap_all,P4,PUBLISHED_QPP_REPRODUCED,WC1,P03,IRREGULAR_SAMPLING,retained_indices_not_consecutive|interval_deviation_gt_0.001_s,INPUT_INADMISSIBLE,,,,,,,,,,,,True,60.05391261010268,INPUT_INADMISSIBLE
F2D000689,F2V000689,P4_published_qpp_pdcsap_all,P4,PUBLISHED_QPP_REPRODUCED,WC1,P04,ELIGIBLE_FOR_AFINO,,SELECTED,-79.92444094474372,-92.0117214091077,-76.16029441533266,12.087280464363971,15.851426993775036,True,60.07029277986393,recovered_period_selected,2.087280464363971,5.851426993775036,2.087280464363971,True,60.05391261010268,SELECTED_RETAINED
F2D000690,F2V000690,P4_published_qpp_pdcsap_all,P4,PUBLISHED_QPP_REPRODUCED,WC1,P05,ELIGIBLE_FOR_AFINO,,NOT_SELECTED,-79.56719963407944,-81.94279956098994,-75.81164247610255,2.375599926910496,6.131157084887391,False,59.27030890946115,formal_m1_center_not_selected,-7.624400073089504,-3.8688429151126087,-7.624400073089504,True,60.05391261010268,SELECTION_LOST
F2D000691,F2V000691,P4_published_qpp_pdcsap_all,P4,PUBLISHED_QPP_REPRODUCED,WX2,P00,ELIGIBLE_FOR_AFINO,,SELECTED,-111.7852206498535,-126.13709375615797,-106.86240064863829,14.351873106304467,19.27469310751968,True,59.98887238579957,recovered_period_selected,4.351873106304467,9.274693107519681,4.351873106304467,True,60.05391261010268,SELECTED_RETAINED
F2D000692,F2V000692,P4_published_qpp_pdcsap_all,P4,PUBLISHED_QPP_REPRODUCED,WX2,P01,ELIGIBLE_FOR_AFINO,,NOT_SELECTED,-110.73057568245432,-113.01305374852724,-105.78006959057498,2.282478066072926,7.232984157952259,False,59.21608168354763,formal_m1_center_not_selected,-7.717521933927074,-2.7670158420477406,-7.717521933927074,True,60.05391261010268,SELECTION_LOST
F2D000693,F2V000693,P4_published_qpp_pdcsap_all,P4,PUBLISHED_QPP_REPRODUCED,WX2,P02,IRREGULAR_SAMPLING,retained_indices_not_consecutive|interval_deviation_gt_0.001_s,INPUT_INADMISSIBLE,,,,,,,,,,,,True,60.05391261010268,INPUT_INADMISSIBLE
F2D000694,F2V000694,P4_published_qpp_pdcsap_all,P4,PUBLISHED_QPP_REPRODUCED,WX2,P03,IRREGULAR_SAMPLING,retained_indices_not_consecutive|interval_deviation_gt_0.001_s,INPUT_INADMISSIBLE,,,,,,,,,,,,True,60.05391261010268,INPUT_INADMISSIBLE
F2D000695,F2V000695,P4_published_qpp_pdcsap_all,P4,PUBLISHED_QPP_REPRODUCED,WX2,P04,ELIGIBLE_FOR_AFINO,,SELECTED,-113.07127300950478,-127.44182284464576,-108.11844936836722,14.370549835140977,19.323373476278533,True,59.98864709887237,recovered_period_selected,4.370549835140977,9.323373476278533,4.370549835140977,True,60.05391261010268,SELECTED_RETAINED
F2D000696,F2V000696,P4_published_qpp_pdcsap_all,P4,PUBLISHED_QPP_REPRODUCED,WX2,P05,ELIGIBLE_FOR_AFINO,,NOT_SELECTED,-112.42431474034811,-114.7221356881371,-107.4402844017127,2.297820947788992,7.2818512864243985,False,59.2163388221194,formal_m1_center_not_selected,-7.702179052211008,-2.7181487135756015,-7.702179052211008,True,60.05391261010268,SELECTION_LOST
F2D000697,F2V000697,P4_published_qpp_pdcsap_all,P4,PUBLISHED_QPP_REPRODUCED,WC2,P00,ELIGIBLE_FOR_AFINO,,SELECTED,-71.24729674412657,-83.08462838776934,-67.86500604337901,11.83733164364277,15.21962234439033,True,59.71857204603265,recovered_period_selected,1.83733164364277,5.219622344390331,1.83733164364277,True,60.05391261010268,SELECTED_RETAINED
F2D000698,F2V000698,P4_published_qpp_pdcsap_all,P4,PUBLISHED_QPP_REPRODUCED,WC2,P01,ELIGIBLE_FOR_AFINO,,NOT_SELECTED,-70.64030687078022,-73.24358301737708,-67.30093099005926,2.603276146596855,5.94265202731782,False,59.21902599324589,formal_m1_center_not_selected,-7.396723853403145,-4.05734797268218,-7.396723853403145,True,60.05391261010268,SELECTION_LOST
F2D000699,F2V000699,P4_published_qpp_pdcsap_all,P4,PUBLISHED_QPP_REPRODUCED,WC2,P02,IRREGULAR_SAMPLING,retained_indices_not_consecutive|interval_deviation_gt_0.001_s,INPUT_INADMISSIBLE,,,,,,,,,,,,True,60.05391261010268,INPUT_INADMISSIBLE
F2D000700,F2V000700,P4_published_qpp_pdcsap_all,P4,PUBLISHED_QPP_REPRODUCED,WC2,P03,IRREGULAR_SAMPLING,retained_indices_not_consecutive|interval_deviation_gt_0.001_s,INPUT_INADMISSIBLE,,,,,,,,,,,,True,60.05391261010268,INPUT_INADMISSIBLE
F2D000701,F2V000701,P4_published_qpp_pdcsap_all,P4,PUBLISHED_QPP_REPRODUCED,WC2,P04,ELIGIBLE_FOR_AFINO,,SELECTED,-69.04591493993587,-80.84736376326005,-65.662192956099,11.80144882332418,15.185170807161043,True,59.71894923101063,recovered_period_selected,1.8014488233241792,5.185170807161043,1.8014488233241792,True,60.05391261010268,SELECTED_RETAINED
F2D000702,F2V000702,P4_published_qpp_pdcsap_all,P4,PUBLISHED_QPP_REPRODUCED,WC2,P05,ELIGIBLE_FOR_AFINO,,NOT_SELECTED,-68.80768717540118,-71.39074663955438,-65.46877553245123,2.5830594641531945,5.921971107103147,False,59.21918115080071,formal_m1_center_not_selected,-7.4169405358468055,-4.078028892896853,-7.4169405358468055,True,60.05391261010268,SELECTION_LOST
F2D000703,F2V000703,P4_not_selected_qpp_pdcsap_all,P4,MATCHED_NOT_SELECTED,W00,P00,ELIGIBLE_FOR_AFINO,,NOT_SELECTED,-34.07631274977713,-26.296493731356755,-29.689739773551793,-7.779819018420376,-3.393246042195038,False,53.710983407874465,formal_m1_center_not_selected,-17.779819018420376,-13.393246042195038,-17.779819018420376,False,53.710983407874465,NOT_SELECTED_RETAINED
F2D000704,F2V000704,P4_not_selected_qpp_pdcsap_all,P4,MATCHED_NOT_SELECTED,W00,P01,ELIGIBLE_FOR_AFINO,,NOT_SELECTED,-33.92311151902004,-26.096250532757765,-30.050420701137128,-7.826860986262275,-3.9541701683793633,False,53.87341006029555,formal_m1_center_not_selected,-17.826860986262275,-13.954170168379363,-17.826860986262275,False,53.710983407874465,NOT_SELECTED_RETAINED
F2D000705,F2V000705,P4_not_selected_qpp_pdcsap_all,P4,MATCHED_NOT_SELECTED,W00,P02,IRREGULAR_SAMPLING,retained_indices_not_consecutive|interval_deviation_gt_0.001_s,INPUT_INADMISSIBLE,,,,,,,,,,,,False,53.710983407874465,INPUT_INADMISSIBLE
F2D000706,F2V000706,P4_not_selected_qpp_pdcsap_all,P4,MATCHED_NOT_SELECTED,W00,P03,IRREGULAR_SAMPLING,retained_indices_not_consecutive|interval_deviation_gt_0.001_s,INPUT_INADMISSIBLE,,,,,,,,,,,,False,53.710983407874465,INPUT_INADMISSIBLE
F2D000707,F2V000707,P4_not_selected_qpp_pdcsap_all,P4,MATCHED_NOT_SELECTED,W00,P04,ELIGIBLE_FOR_AFINO,,NOT_SELECTED,-23.834081867020615,-16.070410628251317,-20.204169400014095,-7.763671238769298,-4.133758771762778,False,53.699940079638104,formal_m1_center_not_selected,-17.763671238769298,-14.133758771762778,-17.763671238769298,False,53.710983407874465,NOT_SELECTED_RETAINED
F2D000708,F2V000708,P4_not_selected_qpp_pdcsap_all,P4,MATCHED_NOT_SELECTED,W00,P05,ELIGIBLE_FOR_AFINO,,NOT_SELECTED,-23.748327367257637,-15.938059024603346,-20.136615562361953,-7.810268342654291,-4.198556537758607,False,53.86354014785248,formal_m1_center_not_selected,-17.81026834265429,-14.198556537758607,-17.81026834265429,False,53.710983407874465,NOT_SELECTED_RETAINED
F2D000709,F2V000709,P4_not_selected_qpp_pdcsap_all,P4,MATCHED_NOT_SELECTED,WSm2,P00,ELIGIBLE_FOR_AFINO,,NOT_SELECTED,-34.84582866738068,-27.533124448916976,-31.178197327121737,-7.312704218463704,-3.6450728782047612,False,53.00589989936359,formal_m1_center_not_selected,-17.312704218463704,-13.645072878204761,-17.312704218463704,False,53.710983407874465,NOT_SELECTED_RETAINED
F2D000710,F2V000710,P4_not_selected_qpp_pdcsap_all,P4,MATCHED_NOT_SELECTED,WSm2,P01,ELIGIBLE_FOR_AFINO,,NOT_SELECTED,-34.76432166181269,-27.3378582298789,-31.12007062344143,-7.4264634319337866,-3.782212393562528,False,53.182378575649494,formal_m1_center_not_selected,-17.426463431933787,-13.782212393562528,-17.426463431933787,False,53.710983407874465,NOT_SELECTED_RETAINED
F2D000711,F2V000711,P4_not_selected_qpp_pdcsap_all,P4,MATCHED_NOT_SELECTED,WSm2,P02,IRREGULAR_SAMPLING,retained_indices_not_consecutive|interval_deviation_gt_0.001_s,INPUT_INADMISSIBLE,,,,,,,,,,,,False,53.710983407874465,INPUT_INADMISSIBLE
F2D000712,F2V000712,P4_not_selected_qpp_pdcsap_all,P4,MATCHED_NOT_SELECTED,WSm2,P03,IRREGULAR_SAMPLING,retained_indices_not_consecutive|interval_deviation_gt_0.001_s,INPUT_INADMISSIBLE,,,,,,,,,,,,False,53.710983407874465,INPUT_INADMISSIBLE
F2D000713,F2V000713,P4_not_selected_qpp_pdcsap_all,P4,MATCHED_NOT_SELECTED,WSm2,P04,ELIGIBLE_FOR_AFINO,,NOT_SELECTED,-17.732010434040717,-10.44494867656545,-14.55739329476576,-7.287061757475268,-4.1124446182003105,False,52.983254280590394,formal_m1_center_not_selected,-17.287061757475268,-14.11244461820031,-17.287061757475268,False,53.710983407874465,NOT_SELECTED_RETAINED
F2D000714,F2V000714,P4_not_selected_qpp_pdcsap_all,P4,MATCHED_NOT_SELECTED,WSm2,P05,ELIGIBLE_FOR_AFINO,,NOT_SELECTED,-17.71564321295096,-10.31469427558103,-14.561616270741517,-7.400948937369929,-4.246921995160488,False,53.16082821357381,formal_m1_center_not_selected,-17.40094893736993,-14.246921995160488,-17.40094893736993,False,53.710983407874465,NOT_SELECTED_RETAINED
F2D000715,F2V000715,P4_not_selected_qpp_pdcsap_all,P4,MATCHED_NOT_SELECTED,WSm1,P00,ELIGIBLE_FOR_AFINO,,NOT_SELECTED,-33.93899233492598,-25.989732513675637,-28.053676192567842,-7.94925982125034,-2.0639436788922048,False,53.47810545886236,formal_m1_center_not_selected,-17.94925982125034,-12.063943678892205,-17.94925982125034,False,53.710983407874465,NOT_SELECTED_RETAINED
F2D000716,F2V000716,P4_not_selected_qpp_pdcsap_all,P4,MATCHED_NOT_SELECTED,WSm1,P01,ELIGIBLE_FOR_AFINO,,NOT_SELECTED,-33.805281099869866,-25.789309434130548,-30.044674090598768,-8.015971665739318,-4.25536465646822,False,53.65502644264497,formal_m1_center_not_selected,-18.01597166573932,-14.25536465646822,-18.01597166573932,False,53.710983407874465,NOT_SELECTED_RETAINED
F2D000717,F2V000717,P4_not_selected_qpp_pdcsap_all,P4,MATCHED_NOT_SELECTED,WSm1,P02,IRREGULAR_SAMPLING,retained_indices_not_consecutive|interval_deviation_gt_0.001_s,INPUT_INADMISSIBLE,,,,,,,,,,,,False,53.710983407874465,INPUT_INADMISSIBLE
F2D000718,F2V000718,P4_not_selected_qpp_pdcsap_all,P4,MATCHED_NOT_SELECTED,WSm1,P03,IRREGULAR_SAMPLING,retained_indices_not_consecutive|interval_deviation_gt_0.001_s,INPUT_INADMISSIBLE,,,,,,,,,,,,False,53.710983407874465,INPUT_INADMISSIBLE
F2D000719,F2V000719,P4_not_selected_qpp_pdcsap_all,P4,MATCHED_NOT_SELECTED,WSm1,P04,ELIGIBLE_FOR_AFINO,,NOT_SELECTED,-20.468189574543935,-12.522816750657771,-14.590734694981215,-7.945372823886164,-2.067917944323444,False,53.46852798413737,formal_m1_center_not_selected,-17.945372823886164,-12.067917944323444,-17.945372823886164,False,53.710983407874465,NOT_SELECTED_RETAINED
F2D000720,F2V000720,P4_not_selected_qpp_pdcsap_all,P4,MATCHED_NOT_SELECTED,WSm1,P05,ELIGIBLE_FOR_AFINO,,NOT_SELECTED,-20.403429446661804,-12.080796793696525,-17.01061852463193,-8.322632652965279,-4.929821730935405,False,299.99999999999994,formal_m1_center_not_selected,-18.32263265296528,-14.929821730935405,-18.32263265296528,False,53.710983407874465,NOT_SELECTED_RETAINED
F2D000721,F2V000721,P4_not_selected_qpp_pdcsap_all,P4,MATCHED_NOT_SELECTED,WSp1,P00,ELIGIBLE_FOR_AFINO,,NOT_SELECTED,-33.53040503470992,-25.30358561322661,-29.07702636545642,-8.226819421483313,-3.77344075222981,False,54.23952732383377,formal_m1_center_not_selected,-18.226819421483313,-13.77344075222981,-18.226819421483313,False,53.710983407874465,NOT_SELECTED_RETAINED
F2D000722,F2V000722,P4_not_selected_qpp_pdcsap_all,P4,MATCHED_NOT_SELECTED,WSp1,P01,ELIGIBLE_FOR_AFINO,,NOT_SELECTED,-33.34007982001328,-25.31524201496982,-28.895192912542427,-8.024837805043461,-3.5799508975726084,False,75.3866795863279,formal_m1_center_not_selected,-18.02483780504346,-13.579950897572608,-18.02483780504346,False,53.710983407874465,NOT_SELECTED_RETAINED
F2D000723,F2V000723,P4_not_selected_qpp_pdcsap_all,P4,MATCHED_NOT_SELECTED,WSp1,P02,IRREGULAR_SAMPLING,retained_indices_not_consecutive|interval_deviation_gt_0.001_s,INPUT_INADMISSIBLE,,,,,,,,,,,,False,53.710983407874465,INPUT_INADMISSIBLE
F2D000724,F2V000724,P4_not_selected_qpp_pdcsap_all,P4,MATCHED_NOT_SELECTED,WSp1,P03,IRREGULAR_SAMPLING,retained_indices_not_consecutive|interval_deviation_gt_0.001_s,INPUT_INADMISSIBLE,,,,,,,,,,,,False,53.710983407874465,INPUT_INADMISSIBLE
F2D000725,F2V000725,P4_not_selected_qpp_pdcsap_all,P4,MATCHED_NOT_SELECTED,WSp1,P04,ELIGIBLE_FOR_AFINO,,NOT_SELECTED,-26.665813201743262,-18.117481489261337,-22.785286202888997,-8.548331712481925,-4.66780471362766,False,246.6627380976509,formal_m1_center_not_selected,-18.548331712481925,-14.66780471362766,-18.548331712481925,False,53.710983407874465,NOT_SELECTED_RETAINED
F2D000726,F2V000726,P4_not_selected_qpp_pdcsap_all,P4,MATCHED_NOT_SELECTED,WSp1,P05,ELIGIBLE_FOR_AFINO,,NOT_SELECTED,-26.531083073921224,-18.48325825854962,-22.66880962133041,-8.047824815371605,-4.185551362780792,False,75.38904207758326,formal_m1_center_not_selected,-18.047824815371605,-14.185551362780792,-18.047824815371605,False,53.710983407874465,NOT_SELECTED_RETAINED
F2D000727,F2V000727,P4_not_selected_qpp_pdcsap_all,P4,MATCHED_NOT_SELECTED,WSp2,P00,ELIGIBLE_FOR_AFINO,,NOT_SELECTED,-32.85124860610924,-25.2622926976116,-27.19512167882496,-7.588955908497638,-1.9328289812133619,False,74.90202503906184,formal_m1_center_not_selected,-17.58895590849764,-11.932828981213362,-17.58895590849764,False,53.710983407874465,NOT_SELECTED_RETAINED
F2D000728,F2V000728,P4_not_selected_qpp_pdcsap_all,P4,MATCHED_NOT_SELECTED,WSp2,P01,ELIGIBLE_FOR_AFINO,,NOT_SELECTED,-32.64407910382992,-24.54507615101265,-27.005836888948167,-8.099002952817266,-2.460760737935516,False,54.54544019335709,formal_m1_center_not_selected,-18.099002952817266,-12.460760737935516,-18.099002952817266,False,53.710983407874465,NOT_SELECTED_RETAINED
F2D000729,F2V000729,P4_not_selected_qpp_pdcsap_all,P4,MATCHED_NOT_SELECTED,WSp2,P02,IRREGULAR_SAMPLING,retained_indices_not_consecutive|interval_deviation_gt_0.001_s,INPUT_INADMISSIBLE,,,,,,,,,,,,False,53.710983407874465,INPUT_INADMISSIBLE
F2D000730,F2V000730,P4_not_selected_qpp_pdcsap_all,P4,MATCHED_NOT_SELECTED,WSp2,P03,IRREGULAR_SAMPLING,retained_indices_not_consecutive|interval_deviation_gt_0.001_s,INPUT_INADMISSIBLE,,,,,,,,,,,,False,53.710983407874465,INPUT_INADMISSIBLE
F2D000731,F2V000731,P4_not_selected_qpp_pdcsap_all,P4,MATCHED_NOT_SELECTED,WSp2,P04,ELIGIBLE_FOR_AFINO,,NOT_SELECTED,-28.916330094439175,-20.82962677879747,-23.26566878769475,-8.086703315641707,-2.4360420088972816,False,54.445529318465816,formal_m1_center_not_selected,-18.086703315641707,-12.436042008897282,-18.086703315641707,False,53.710983407874465,NOT_SELECTED_RETAINED
F2D000732,F2V000732,P4_not_selected_qpp_pdcsap_all,P4,MATCHED_NOT_SELECTED,WSp2,P05,ELIGIBLE_FOR_AFINO,,NOT_SELECTED,-28.75021648741307,-21.048461005463082,-24.32473101516195,-7.701755481949988,-3.2762700096988695,False,74.88519065129807,formal_m1_center_not_selected,-17.701755481949988,-13.27627000969887,-17.701755481949988,False,53.710983407874465,NOT_SELECTED_RETAINED
F2D000733,F2V000733,P4_not_selected_qpp_pdcsap_all,P4,MATCHED_NOT_SELECTED,WEm2,P00,ELIGIBLE_FOR_AFINO,,NOT_SELECTED,-25.83795856452077,-18.684885880659046,-22.34458094944359,-7.153072683861723,-3.6596950687845435,False,53.32941630379961,formal_m1_center_not_selected,-17.153072683861723,-13.659695068784544,-17.153072683861723,False,53.710983407874465,NOT_SELECTED_RETAINED
F2D000734,F2V000734,P4_not_selected_qpp_pdcsap_all,P4,MATCHED_NOT_SELECTED,WEm2,P01,ELIGIBLE_FOR_AFINO,,NOT_SELECTED,-25.761114290423812,-18.51851105735434,-22.278743611203915,-7.242603233069474,-3.760232553849576,False,53.536371431961804,formal_m1_center_not_selected,-17.242603233069474,-13.760232553849576,-17.242603233069474,False,53.710983407874465,NOT_SELECTED_RETAINED
F2D000735,F2V000735,P4_not_selected_qpp_pdcsap_all,P4,MATCHED_NOT_SELECTED,WEm2,P02,IRREGULAR_SAMPLING,retained_indices_not_consecutive|interval_deviation_gt_0.001_s,INPUT_INADMISSIBLE,,,,,,,,,,,,False,53.710983407874465,INPUT_INADMISSIBLE
F2D000736,F2V000736,P4_not_selected_qpp_pdcsap_all,P4,MATCHED_NOT_SELECTED,WEm2,P03,IRREGULAR_SAMPLING,retained_indices_not_consecutive|interval_deviation_gt_0.001_s,INPUT_INADMISSIBLE,,,,,,,,,,,,False,53.710983407874465,INPUT_INADMISSIBLE
F2D000737,F2V000737,P4_not_selected_qpp_pdcsap_all,P4,MATCHED_NOT_SELECTED,WEm2,P04,ELIGIBLE_FOR_AFINO,,NOT_SELECTED,-7.758937806509045,-0.6319394180372679,-4.869367478763946,-7.126998388471777,-4.237428060726678,False,53.298489807210125,formal_m1_center_not_selected,-17.126998388471776,-14.237428060726678,-17.126998388471776,False,53.710983407874465,NOT_SELECTED_RETAINED
F2D000738,F2V000738,P4_not_selected_qpp_pdcsap_all,P4,MATCHED_NOT_SELECTED,WEm2,P05,ELIGIBLE_FOR_AFINO,,NOT_SELECTED,-7.879763953934044,-0.6634113038274503,-4.992531181397615,-7.216352650106594,-4.3291198775701645,False,53.509827960687865,formal_m1_center_not_selected,-17.216352650106593,-14.329119877570164,-17.216352650106593,False,53.710983407874465,NOT_SELECTED_RETAINED
F2D000739,F2V000739,P4_not_selected_qpp_pdcsap_all,P4,MATCHED_NOT_SELECTED,WEm1,P00,ELIGIBLE_FOR_AFINO,,NOT_SELECTED,-29.222997166133,-21.338645775332324,-25.53175987128136,-7.884351390800674,-4.193114095949035,False,53.62486910716089,formal_m1_center_not_selected,-17.884351390800674,-14.193114095949035,-17.884351390800674,False,53.710983407874465,NOT_SELECTED_RETAINED
F2D000740,F2V000740,P4_not_selected_qpp_pdcsap_all,P4,MATCHED_NOT_SELECTED,WEm1,P01,ELIGIBLE_FOR_AFINO,,NOT_SELECTED,-29.095558151075522,-21.15405636919384,-25.423121982561575,-7.9415017818816835,-4.2690656133677365,False,53.814182463713884,formal_m1_center_not_selected,-17.941501781881684,-14.269065613367736,-17.941501781881684,False,53.710983407874465,NOT_SELECTED_RETAINED
F2D000741,F2V000741,P4_not_selected_qpp_pdcsap_all,P4,MATCHED_NOT_SELECTED,WEm1,P02,IRREGULAR_SAMPLING,retained_indices_not_consecutive|interval_deviation_gt_0.001_s,INPUT_INADMISSIBLE,,,,,,,,,,,,False,53.710983407874465,INPUT_INADMISSIBLE
F2D000742,F2V000742,P4_not_selected_qpp_pdcsap_all,P4,MATCHED_NOT_SELECTED,WEm1,P03,IRREGULAR_SAMPLING,retained_indices_not_consecutive|interval_deviation_gt_0.001_s,INPUT_INADMISSIBLE,,,,,,,,,,,,False,53.710983407874465,INPUT_INADMISSIBLE
F2D000743,F2V000743,P4_not_selected_qpp_pdcsap_all,P4,MATCHED_NOT_SELECTED,WEm1,P04,ELIGIBLE_FOR_AFINO,,NOT_SELECTED,-13.928969715183989,-6.046949052993176,-10.68919729008246,-7.882020662190813,-4.642248237089284,False,53.61356742564514,formal_m1_center_not_selected,-17.88202066219081,-14.642248237089284,-17.88202066219081,False,53.710983407874465,NOT_SELECTED_RETAINED
F2D000744,F2V000744,P4_not_selected_qpp_pdcsap_all,P4,MATCHED_NOT_SELECTED,WEm1,P05,ELIGIBLE_FOR_AFINO,,NOT_SELECTED,-13.937861315425017,-5.839913163786894,-10.71214282422474,-8.097948151638123,-4.872229660437846,False,299.99999999999994,formal_m1_center_not_selected,-18.09794815163812,-14.872229660437846,-18.09794815163812,False,53.710983407874465,NOT_SELECTED_RETAINED
F2D000745,F2V000745,P4_not_selected_qpp_pdcsap_all,P4,MATCHED_NOT_SELECTED,WEp1,P00,ELIGIBLE_FOR_AFINO,,NOT_SELECTED,-38.97398070250251,-30.20929771923588,-34.80800306304223,-8.764682983266628,-4.598705343806348,False,256.9358715491544,formal_m1_center_not_selected,-18.764682983266628,-14.598705343806348,-18.764682983266628,False,53.710983407874465,NOT_SELECTED_RETAINED
F2D000746,F2V000746,P4_not_selected_qpp_pdcsap_all,P4,MATCHED_NOT_SELECTED,WEp1,P01,ELIGIBLE_FOR_AFINO,,NOT_SELECTED,-38.77127800663538,-30.431302739777795,-34.63138408928029,-8.339975266857582,-4.200081349502494,False,54.15263629302392,formal_m1_center_not_selected,-18.339975266857582,-14.200081349502494,-18.339975266857582,False,53.710983407874465,NOT_SELECTED_RETAINED
F2D000747,F2V000747,P4_not_selected_qpp_pdcsap_all,P4,MATCHED_NOT_SELECTED,WEp1,P02,IRREGULAR_SAMPLING,retained_indices_not_consecutive|interval_deviation_gt_0.001_s,INPUT_INADMISSIBLE,,,,,,,,,,,,False,53.710983407874465,INPUT_INADMISSIBLE
F2D000748,F2V000748,P4_not_selected_qpp_pdcsap_all,P4,MATCHED_NOT_SELECTED,WEp1,P03,IRREGULAR_SAMPLING,retained_indices_not_consecutive|interval_deviation_gt_0.001_s,INPUT_INADMISSIBLE,,,,,,,,,,,,False,53.710983407874465,INPUT_INADMISSIBLE
F2D000749,F2V000749,P4_not_selected_qpp_pdcsap_all,P4,MATCHED_NOT_SELECTED,WEp1,P04,ELIGIBLE_FOR_AFINO,,NOT_SELECTED,-32.126086601932066,-23.81779013791464,-28.120046848618415,-8.308296464017427,-4.302256710703777,False,54.017328488567145,formal_m1_center_not_selected,-18.308296464017427,-14.302256710703777,-18.308296464017427,False,53.710983407874465,NOT_SELECTED_RETAINED
F2D000750,F2V000750,P4_not_selected_qpp_pdcsap_all,P4,MATCHED_NOT_SELECTED,WEp1,P05,ELIGIBLE_FOR_AFINO,,NOT_SELECTED,-31.94647006649074,-23.269362421820265,-27.965626272452006,-8.677107644670475,-4.696263850631741,False,258.4763155260859,formal_m1_center_not_selected,-18.677107644670475,-14.696263850631741,-18.677107644670475,False,53.710983407874465,NOT_SELECTED_RETAINED
F2D000751,F2V000751,P4_not_selected_qpp_pdcsap_all,P4,MATCHED_NOT_SELECTED,WEp2,P00,ELIGIBLE_FOR_AFINO,,NOT_SELECTED,-42.84560625364129,-35.03842732076211,-38.42947434738073,-7.807178932879182,-3.3910470266186223,False,75.01568832592284,formal_m1_center_not_selected,-17.807178932879182,-13.391047026618622,-17.807178932879182,False,53.710983407874465,NOT_SELECTED_RETAINED
F2D000752,F2V000752,P4_not_selected_qpp_pdcsap_all,P4,MATCHED_NOT_SELECTED,WEp2,P01,ELIGIBLE_FOR_AFINO,,NOT_SELECTED,-42.63804199906892,-34.72048470846026,-38.24704032129618,-7.917557290608656,-3.526555612835921,False,75.01093130418693,formal_m1_center_not_selected,-17.917557290608656,-13.52655561283592,-17.917557290608656,False,53.710983407874465,NOT_SELECTED_RETAINED
F2D000753,F2V000753,P4_not_selected_qpp_pdcsap_all,P4,MATCHED_NOT_SELECTED,WEp2,P02,IRREGULAR_SAMPLING,retained_indices_not_consecutive|interval_deviation_gt_0.001_s,INPUT_INADMISSIBLE,,,,,,,,,,,,False,53.710983407874465,INPUT_INADMISSIBLE
F2D000754,F2V000754,P4_not_selected_qpp_pdcsap_all,P4,MATCHED_NOT_SELECTED,WEp2,P03,IRREGULAR_SAMPLING,retained_indices_not_consecutive|interval_deviation_gt_0.001_s,INPUT_INADMISSIBLE,,,,,,,,,,,,False,53.710983407874465,INPUT_INADMISSIBLE
F2D000755,F2V000755,P4_not_selected_qpp_pdcsap_all,P4,MATCHED_NOT_SELECTED,WEp2,P04,ELIGIBLE_FOR_AFINO,,NOT_SELECTED,-38.451888372561186,-30.63248213012319,-32.61271896047245,-7.819406242437996,-1.9802368303492592,False,75.01874079501549,formal_m1_center_not_selected,-17.819406242437996,-11.98023683034926,-17.819406242437996,False,53.710983407874465,NOT_SELECTED_RETAINED
F2D000756,F2V000756,P4_not_selected_qpp_pdcsap_all,P4,MATCHED_NOT_SELECTED,WEp2,P05,ELIGIBLE_FOR_AFINO,,NOT_SELECTED,-38.261154963868705,-30.331977960297227,-32.42564866484332,-7.929177003571478,-2.0936707045460956,False,75.01363356495507,formal_m1_center_not_selected,-17.92917700357148,-12.093670704546096,-17.92917700357148,False,53.710983407874465,NOT_SELECTED_RETAINED
F2D000757,F2V000757,P4_not_selected_qpp_pdcsap_all,P4,MATCHED_NOT_SELECTED,WX1,P00,ELIGIBLE_FOR_AFINO,,NOT_SELECTED,-38.86728068767756,-30.99054252481749,-33.0243535015166,-7.876738162860068,-2.0338109766991117,False,53.57872710295037,formal_m1_center_not_selected,-17.876738162860068,-12.033810976699112,-17.876738162860068,False,53.710983407874465,NOT_SELECTED_RETAINED
F2D000758,F2V000758,P4_not_selected_qpp_pdcsap_all,P4,MATCHED_NOT_SELECTED,WX1,P01,ELIGIBLE_FOR_AFINO,,NOT_SELECTED,-38.707486777033466,-30.774041982850793,-32.869270735011256,-7.933444794182673,-2.0952287521604624,False,53.73069244154622,formal_m1_center_not_selected,-17.933444794182673,-12.095228752160462,-17.933444794182673,False,53.710983407874465,NOT_SELECTED_RETAINED
F2D000759,F2V000759,P4_not_selected_qpp_pdcsap_all,P4,MATCHED_NOT_SELECTED,WX1,P02,IRREGULAR_SAMPLING,retained_indices_not_consecutive|interval_deviation_gt_0.001_s,INPUT_INADMISSIBLE,,,,,,,,,,,,False,53.710983407874465,INPUT_INADMISSIBLE
F2D000760,F2V000760,P4_not_selected_qpp_pdcsap_all,P4,MATCHED_NOT_SELECTED,WX1,P03,IRREGULAR_SAMPLING,retained_indices_not_consecutive|interval_deviation_gt_0.001_s,INPUT_INADMISSIBLE,,,,,,,,,,,,False,53.710983407874465,INPUT_INADMISSIBLE
F2D000761,F2V000761,P4_not_selected_qpp_pdcsap_all,P4,MATCHED_NOT_SELECTED,WX1,P04,ELIGIBLE_FOR_AFINO,,NOT_SELECTED,-29.661907617819182,-21.80000006017094,-25.86936525339747,-7.861907557648241,-4.069365193226528,False,53.56831377028191,formal_m1_center_not_selected,-17.86190755764824,-14.069365193226528,-17.86190755764824,False,53.710983407874465,NOT_SELECTED_RETAINED
F2D000762,F2V000762,P4_not_selected_qpp_pdcsap_all,P4,MATCHED_NOT_SELECTED,WX1,P05,ELIGIBLE_FOR_AFINO,,NOT_SELECTED,-29.52219838332931,-21.60381816001126,-25.753629123782105,-7.918380223318049,-4.149810963770843,False,53.7212846471385,formal_m1_center_not_selected,-17.91838022331805,-14.149810963770843,-17.91838022331805,False,53.710983407874465,NOT_SELECTED_RETAINED
F2D000763,F2V000763,P4_not_selected_qpp_pdcsap_all,P4,MATCHED_NOT_SELECTED,WC1,P00,ELIGIBLE_FOR_AFINO,,NOT_SELECTED,-28.990462149812416,-21.325120358694484,-25.190691343339793,-7.665341791117932,-3.8655709846453092,False,53.943075227452255,formal_m1_center_not_selected,-17.665341791117932,-13.86557098464531,-17.665341791117932,False,53.710983407874465,NOT_SELECTED_RETAINED
F2D000764,F2V000764,P4_not_selected_qpp_pdcsap_all,P4,MATCHED_NOT_SELECTED,WC1,P01,ELIGIBLE_FOR_AFINO,,NOT_SELECTED,-28.84618390109722,-21.144544787954807,-25.059596889818835,-7.701639113142413,-3.9150521018640276,False,54.0996610044339,formal_m1_center_not_selected,-17.701639113142413,-13.915052101864028,-17.701639113142413,False,53.710983407874465,NOT_SELECTED_RETAINED
F2D000765,F2V000765,P4_not_selected_qpp_pdcsap_all,P4,MATCHED_NOT_SELECTED,WC1,P02,IRREGULAR_SAMPLING,retained_indices_not_consecutive|interval_deviation_gt_0.001_s,INPUT_INADMISSIBLE,,,,,,,,,,,,False,53.710983407874465,INPUT_INADMISSIBLE
F2D000766,F2V000766,P4_not_selected_qpp_pdcsap_all,P4,MATCHED_NOT_SELECTED,WC1,P03,IRREGULAR_SAMPLING,retained_indices_not_consecutive|interval_deviation_gt_0.001_s,INPUT_INADMISSIBLE,,,,,,,,,,,,False,53.710983407874465,INPUT_INADMISSIBLE
F2D000767,F2V000767,P4_not_selected_qpp_pdcsap_all,P4,MATCHED_NOT_SELECTED,WC1,P04,ELIGIBLE_FOR_AFINO,,NOT_SELECTED,-18.092610283990297,-10.44497981901002,-14.589154547707976,-7.647630464980276,-4.144174728697955,False,53.93096579447457,formal_m1_center_not_selected,-17.647630464980274,-14.144174728697955,-17.647630464980274,False,53.710983407874465,NOT_SELECTED_RETAINED
F2D000768,F2V000768,P4_not_selected_qpp_pdcsap_all,P4,MATCHED_NOT_SELECTED,WC1,P05,ELIGIBLE_FOR_AFINO,,NOT_SELECTED,-18.062804791896774,-10.379492545801694,-14.567641325738398,-7.683312246095079,-4.188148779936704,False,54.089342015428265,formal_m1_center_not_selected,-17.683312246095078,-14.188148779936704,-17.683312246095078,False,53.710983407874465,NOT_SELECTED_RETAINED
F2D000769,F2V000769,P4_not_selected_qpp_pdcsap_all,P4,MATCHED_NOT_SELECTED,WX2,P00,ELIGIBLE_FOR_AFINO,,NOT_SELECTED,-44.499303451201826,-36.53499779093576,-38.551659493811606,-7.964305660266064,-2.016661702875844,False,53.42189483360084,formal_m1_center_not_selected,-17.964305660266064,-12.016661702875844,-17.964305660266064,False,53.710983407874465,NOT_SELECTED_RETAINED
F2D000770,F2V000770,P4_not_selected_qpp_pdcsap_all,P4,MATCHED_NOT_SELECTED,WX2,P01,ELIGIBLE_FOR_AFINO,,NOT_SELECTED,-44.357138183327024,-36.3250961661349,-38.40352396901221,-8.032042017192126,-2.0784278028773144,False,53.5751542820827,formal_m1_center_not_selected,-18.032042017192126,-12.078427802877314,-18.032042017192126,False,53.710983407874465,NOT_SELECTED_RETAINED
F2D000771,F2V000771,P4_not_selected_qpp_pdcsap_all,P4,MATCHED_NOT_SELECTED,WX2,P02,IRREGULAR_SAMPLING,retained_indices_not_consecutive|interval_deviation_gt_0.001_s,INPUT_INADMISSIBLE,,,,,,,,,,,,False,53.710983407874465,INPUT_INADMISSIBLE
F2D000772,F2V000772,P4_not_selected_qpp_pdcsap_all,P4,MATCHED_NOT_SELECTED,WX2,P03,IRREGULAR_SAMPLING,retained_indices_not_consecutive|interval_deviation_gt_0.001_s,INPUT_INADMISSIBLE,,,,,,,,,,,,False,53.710983407874465,INPUT_INADMISSIBLE
F2D000773,F2V000773,P4_not_selected_qpp_pdcsap_all,P4,MATCHED_NOT_SELECTED,WX2,P04,ELIGIBLE_FOR_AFINO,,NOT_SELECTED,-34.79801354183679,-26.849612425889042,-28.861374906106207,-7.948401115947746,-2.0117624802171648,False,53.410523803765734,formal_m1_center_not_selected,-17.948401115947746,-12.011762480217165,-17.948401115947746,False,53.710983407874465,NOT_SELECTED_RETAINED
F2D000774,F2V000774,P4_not_selected_qpp_pdcsap_all,P4,MATCHED_NOT_SELECTED,WX2,P05,ELIGIBLE_FOR_AFINO,,NOT_SELECTED,-34.66379030388828,-26.647713128925034,-30.72414031759473,-8.016077174963243,-4.076427188669697,False,53.564676841630856,formal_m1_center_not_selected,-18.016077174963243,-14.076427188669697,-18.016077174963243,False,53.710983407874465,NOT_SELECTED_RETAINED
F2D000775,F2V000775,P4_not_selected_qpp_pdcsap_all,P4,MATCHED_NOT_SELECTED,WC2,P00,ELIGIBLE_FOR_AFINO,,NOT_SELECTED,-25.62048582717623,-18.052370897633864,-21.819441190476176,-7.568114929542364,-3.7670702928423125,False,54.265630090157515,formal_m1_center_not_selected,-17.568114929542364,-13.767070292842313,-17.568114929542364,False,53.710983407874465,NOT_SELECTED_RETAINED
F2D000776,F2V000776,P4_not_selected_qpp_pdcsap_all,P4,MATCHED_NOT_SELECTED,WC2,P01,ELIGIBLE_FOR_AFINO,,NOT_SELECTED,-25.47461633848297,-17.88275865579842,-21.67689336109965,-7.591857682684552,-3.794134705301232,False,54.42235128452764,formal_m1_center_not_selected,-17.59185768268455,-13.794134705301232,-17.59185768268455,False,53.710983407874465,NOT_SELECTED_RETAINED
F2D000777,F2V000777,P4_not_selected_qpp_pdcsap_all,P4,MATCHED_NOT_SELECTED,WC2,P02,IRREGULAR_SAMPLING,retained_indices_not_consecutive|interval_deviation_gt_0.001_s,INPUT_INADMISSIBLE,,,,,,,,,,,,False,53.710983407874465,INPUT_INADMISSIBLE
F2D000778,F2V000778,P4_not_selected_qpp_pdcsap_all,P4,MATCHED_NOT_SELECTED,WC2,P03,IRREGULAR_SAMPLING,retained_indices_not_consecutive|interval_deviation_gt_0.001_s,INPUT_INADMISSIBLE,,,,,,,,,,,,False,53.710983407874465,INPUT_INADMISSIBLE
F2D000779,F2V000779,P4_not_selected_qpp_pdcsap_all,P4,MATCHED_NOT_SELECTED,WC2,P04,ELIGIBLE_FOR_AFINO,,NOT_SELECTED,-15.210285977495548,-7.658646457132933,-11.692852011710151,-7.551639520362615,-4.034205554577218,False,54.253691899567535,formal_m1_center_not_selected,-17.551639520362613,-14.034205554577218,-17.551639520362613,False,53.710983407874465,NOT_SELECTED_RETAINED
F2D000780,F2V000780,P4_not_selected_qpp_pdcsap_all,P4,MATCHED_NOT_SELECTED,WC2,P05,ELIGIBLE_FOR_AFINO,,NOT_SELECTED,-15.217583922956667,-7.643098918475923,-11.696784375745743,-7.574485004480744,-4.05368545726982,False,54.4124797269566,formal_m1_center_not_selected,-17.574485004480742,-14.05368545726982,-17.574485004480742,False,53.710983407874465,NOT_SELECTED_RETAINED
