job_class,series_id,condition_id,ground_truth,data_seed,external_optimizer_seed,valid_models,decision_status,delta_bic_0_1,delta_bic_2_1,qpp_selected,estimated_period_s,period_label
primary,S000001,C001_NULL_N015_A0,NULL_FLARE_RED_NOISE,0,0,3,VALID,-5.58868419362139,-1.8910501670456688,false,222.48118932338997,formal_m1_center_not_selected
primary,S000002,C001_NULL_N015_A0,NULL_FLARE_RED_NOISE,1,0,3,VALID,-5.626235002195852,-1.8671189350854034,false,216.87063163213483,formal_m1_center_not_selected
primary,S000003,C001_NULL_N015_A0,NULL_FLARE_RED_NOISE,2,0,3,VALID,-5.608549404554765,-1.9319379264373753,false,130.8008282997567,formal_m1_center_not_selected
primary,S000004,C001_NULL_N015_A0,NULL_FLARE_RED_NOISE,3,0,3,VALID,-5.56343235064003,-1.9096468939997342,false,129.75126799744345,formal_m1_center_not_selected
primary,S000005,C001_NULL_N015_A0,NULL_FLARE_RED_NOISE,4,0,3,VALID,-5.558186557441045,-1.9676294715109792,false,169.38031021895472,formal_m1_center_not_selected
primary,S000006,C001_NULL_N015_A0,NULL_FLARE_RED_NOISE,5,0,3,VALID,-5.619332490530228,-1.9359610258297293,false,125.06750225409309,formal_m1_center_not_selected
primary,S000007,C001_NULL_N015_A0,NULL_FLARE_RED_NOISE,6,0,3,VALID,-5.468885580313481,-1.9271760747478277,false,129.2053107909376,formal_m1_center_not_selected
primary,S000008,C001_NULL_N015_A0,NULL_FLARE_RED_NOISE,7,0,3,VALID,-5.574570987367181,-1.9194721941180903,false,225.51513981203513,formal_m1_center_not_selected
primary,S000009,C001_NULL_N015_A0,NULL_FLARE_RED_NOISE,8,0,3,VALID,-5.311301390620628,-1.931602913443796,false,126.54493575064468,formal_m1_center_not_selected
primary,S000010,C001_NULL_N015_A0,NULL_FLARE_RED_NOISE,9,0,3,VALID,-5.3902210227970215,-1.8310258659031975,false,218.95614518995086,formal_m1_center_not_selected
primary,S000011,C001_NULL_N015_A0,NULL_FLARE_RED_NOISE,10,0,3,VALID,-5.381761604519852,-1.8922789404976461,false,151.10240334174483,formal_m1_center_not_selected
primary,S000012,C001_NULL_N015_A0,NULL_FLARE_RED_NOISE,11,0,3,VALID,-5.416457123894942,-1.9484500595630694,false,170.83899891464884,formal_m1_center_not_selected
primary,S000013,C001_NULL_N015_A0,NULL_FLARE_RED_NOISE,12,0,3,VALID,-5.541409900080909,-1.8484433653117796,false,215.24708883993756,formal_m1_center_not_selected
primary,S000014,C001_NULL_N015_A0,NULL_FLARE_RED_NOISE,13,0,3,VALID,-5.3366257346236186,-1.8431427496372903,false,123.76489249137117,formal_m1_center_not_selected
primary,S000015,C001_NULL_N015_A0,NULL_FLARE_RED_NOISE,14,0,3,VALID,-5.567017738467486,-1.8957645468000068,false,231.47068492902824,formal_m1_center_not_selected
primary,S000016,C001_NULL_N015_A0,NULL_FLARE_RED_NOISE,15,0,3,VALID,-5.425022419763826,-1.9508477258685106,false,180.9875109096034,formal_m1_center_not_selected
primary,S000017,C001_NULL_N015_A0,NULL_FLARE_RED_NOISE,16,0,3,VALID,-5.533539203634376,-1.8522513813246588,false,236.74751583091228,formal_m1_center_not_selected
primary,S000018,C001_NULL_N015_A0,NULL_FLARE_RED_NOISE,17,0,3,VALID,-5.557821767456398,-1.84588753916898,false,218.4941107435068,formal_m1_center_not_selected
primary,S000019,C001_NULL_N015_A0,NULL_FLARE_RED_NOISE,18,0,3,VALID,-5.662716192260053,-1.873465944598169,false,219.85715380692275,formal_m1_center_not_selected
primary,S000020,C001_NULL_N015_A0,NULL_FLARE_RED_NOISE,19,0,3,VALID,-5.329825673168044,-1.9267836750515466,false,126.64030318185374,formal_m1_center_not_selected
primary,S000021,C001_NULL_N015_A0,NULL_FLARE_RED_NOISE,20,0,3,VALID,-5.588378923378119,-1.9510534442738185,false,171.89841414866348,formal_m1_center_not_selected
primary,S000022,C001_NULL_N015_A0,NULL_FLARE_RED_NOISE,21,0,3,VALID,-5.39841837812051,-1.8371767049227676,false,232.94819260657917,formal_m1_center_not_selected
primary,S000023,C001_NULL_N015_A0,NULL_FLARE_RED_NOISE,22,0,3,VALID,-5.439899883926362,-1.9518577461464544,false,173.9503134109229,formal_m1_center_not_selected
primary,S000024,C001_NULL_N015_A0,NULL_FLARE_RED_NOISE,23,0,3,VALID,-5.541229173165187,-1.849580459790272,false,237.15665360251424,formal_m1_center_not_selected
primary,S000025,C001_NULL_N015_A0,NULL_FLARE_RED_NOISE,24,0,3,VALID,-5.418108368965621,-1.8088215489566677,false,47.541329112140346,formal_m1_center_not_selected
primary,S000026,C001_NULL_N015_A0,NULL_FLARE_RED_NOISE,25,0,3,VALID,-5.544574172906435,-1.821007607494157,false,217.2367362721603,formal_m1_center_not_selected
primary,S000027,C001_NULL_N015_A0,NULL_FLARE_RED_NOISE,26,0,3,VALID,-5.537686199655926,-1.927970471808206,false,125.87129125125925,formal_m1_center_not_selected
primary,S000028,C001_NULL_N015_A0,NULL_FLARE_RED_NOISE,27,0,3,VALID,-5.509793027187888,-1.9302940186527993,false,157.5943182234306,formal_m1_center_not_selected
primary,S000029,C001_NULL_N015_A0,NULL_FLARE_RED_NOISE,28,0,3,VALID,-5.432474477378602,-1.9517112301957562,false,152.24851101483188,formal_m1_center_not_selected
primary,S000030,C001_NULL_N015_A0,NULL_FLARE_RED_NOISE,29,0,3,VALID,-5.363792197603981,-1.9274634574411236,false,161.37436407499771,formal_m1_center_not_selected
primary,S000031,C001_NULL_N015_A0,NULL_FLARE_RED_NOISE,30,0,3,VALID,-5.47606744385579,-1.9002754717096915,false,210.33538733006617,formal_m1_center_not_selected
primary,S000032,C001_NULL_N015_A0,NULL_FLARE_RED_NOISE,31,0,3,VALID,-5.47288399021885,-1.9347681148415043,false,186.2497935565428,formal_m1_center_not_selected
primary,S000033,C001_NULL_N015_A0,NULL_FLARE_RED_NOISE,32,0,3,VALID,-5.4721792840153824,-1.9060428818781583,false,231.87428139672764,formal_m1_center_not_selected
primary,S000034,C001_NULL_N015_A0,NULL_FLARE_RED_NOISE,33,0,3,VALID,-5.467668316694752,-1.855877907240166,false,40.001509249744,formal_m1_center_not_selected
primary,S000035,C001_NULL_N015_A0,NULL_FLARE_RED_NOISE,34,0,3,VALID,-5.334971215895104,-1.960693836890333,false,160.71968153499174,formal_m1_center_not_selected
primary,S000036,C001_NULL_N015_A0,NULL_FLARE_RED_NOISE,35,0,3,VALID,-5.560955802039144,-1.9133305549165973,false,214.05963407277022,formal_m1_center_not_selected
primary,S000037,C001_NULL_N015_A0,NULL_FLARE_RED_NOISE,36,0,3,VALID,-5.608550725553375,-1.8711529506853593,false,237.04093568408396,formal_m1_center_not_selected
primary,S000038,C001_NULL_N015_A0,NULL_FLARE_RED_NOISE,37,0,3,VALID,-5.500734574185804,-1.9419279098601736,false,186.1295268477152,formal_m1_center_not_selected
primary,S000039,C001_NULL_N015_A0,NULL_FLARE_RED_NOISE,38,0,3,VALID,-5.520630735703103,-1.9271469720338663,false,127.88822418504867,formal_m1_center_not_selected
primary,S000040,C001_NULL_N015_A0,NULL_FLARE_RED_NOISE,39,0,3,VALID,-5.538891962445746,-1.876288526211579,false,214.4576588519321,formal_m1_center_not_selected
primary,S000041,C002_NULL_N015_A1,NULL_FLARE_RED_NOISE,0,0,3,VALID,-5.427058859044418,-1.9404957922733184,false,181.10498660688862,formal_m1_center_not_selected
primary,S000042,C002_NULL_N015_A1,NULL_FLARE_RED_NOISE,1,0,3,VALID,-5.488615356959324,-1.9220224128615095,false,190.22726694350865,formal_m1_center_not_selected
primary,S000043,C002_NULL_N015_A1,NULL_FLARE_RED_NOISE,2,0,3,VALID,-5.722027325644133,-1.8957456646008852,false,216.44533562786066,formal_m1_center_not_selected
primary,S000044,C002_NULL_N015_A1,NULL_FLARE_RED_NOISE,3,0,3,VALID,-5.4937436440739535,-1.9515777915718902,false,167.43967339959116,formal_m1_center_not_selected
primary,S000045,C002_NULL_N015_A1,NULL_FLARE_RED_NOISE,4,0,3,VALID,-5.516622820456844,-1.9071249042460279,false,204.56129645852045,formal_m1_center_not_selected
primary,S000046,C002_NULL_N015_A1,NULL_FLARE_RED_NOISE,5,0,3,VALID,-5.499020529446732,-1.9501424474834659,false,161.97939762444216,formal_m1_center_not_selected
primary,S000047,C002_NULL_N015_A1,NULL_FLARE_RED_NOISE,6,0,3,VALID,-5.514111580892376,-1.9261146771367974,false,129.89508324147874,formal_m1_center_not_selected
primary,S000048,C002_NULL_N015_A1,NULL_FLARE_RED_NOISE,7,0,3,VALID,-5.562499850077744,-1.9409723263096277,false,175.08247117855342,formal_m1_center_not_selected
primary,S000049,C002_NULL_N015_A1,NULL_FLARE_RED_NOISE,8,0,3,VALID,-5.409492903152856,-1.9203573645134968,false,129.0512990046608,formal_m1_center_not_selected
primary,S000050,C002_NULL_N015_A1,NULL_FLARE_RED_NOISE,9,0,3,VALID,-5.485407474864006,-1.930801533875104,false,124.678922223868,formal_m1_center_not_selected
primary,S000051,C002_NULL_N015_A1,NULL_FLARE_RED_NOISE,10,0,3,VALID,-5.441914641634547,-1.840254315660796,false,219.30641897693093,formal_m1_center_not_selected
primary,S000052,C002_NULL_N015_A1,NULL_FLARE_RED_NOISE,11,0,3,VALID,-5.538978687905599,-1.8157071275952026,false,215.44375710646574,formal_m1_center_not_selected
primary,S000053,C002_NULL_N015_A1,NULL_FLARE_RED_NOISE,12,0,3,VALID,-5.454739352956832,-1.922709092838443,false,129.2697469593634,formal_m1_center_not_selected
primary,S000054,C002_NULL_N015_A1,NULL_FLARE_RED_NOISE,13,0,3,VALID,-5.511168793291574,-1.905145396002692,false,227.2347191560407,formal_m1_center_not_selected
primary,S000055,C002_NULL_N015_A1,NULL_FLARE_RED_NOISE,14,0,3,VALID,-5.46516807172585,-1.9512313091222433,false,180.9567683160977,formal_m1_center_not_selected
primary,S000056,C002_NULL_N015_A1,NULL_FLARE_RED_NOISE,15,0,3,VALID,-5.61639298286355,-1.9334580934204597,false,130.72663097985284,formal_m1_center_not_selected
primary,S000057,C002_NULL_N015_A1,NULL_FLARE_RED_NOISE,16,0,3,VALID,-5.560767568131277,-1.923309410660834,false,155.0567345774125,formal_m1_center_not_selected
primary,S000058,C002_NULL_N015_A1,NULL_FLARE_RED_NOISE,17,0,3,VALID,-5.560802516367637,-1.8655986884338374,false,216.85446669673718,formal_m1_center_not_selected
primary,S000059,C002_NULL_N015_A1,NULL_FLARE_RED_NOISE,18,0,3,VALID,-5.367787964867251,-1.920418849506281,false,128.3512919574731,formal_m1_center_not_selected
primary,S000060,C002_NULL_N015_A1,NULL_FLARE_RED_NOISE,19,0,3,VALID,-5.468977037332817,-1.9313024901308902,false,128.96107424469352,formal_m1_center_not_selected
primary,S000061,C002_NULL_N015_A1,NULL_FLARE_RED_NOISE,20,0,3,VALID,-5.4229493121674395,-1.910836893777426,false,222.89368290091693,formal_m1_center_not_selected
primary,S000062,C002_NULL_N015_A1,NULL_FLARE_RED_NOISE,21,0,3,VALID,-5.691022587720193,-1.934498313715861,false,170.4802827292864,formal_m1_center_not_selected
primary,S000063,C002_NULL_N015_A1,NULL_FLARE_RED_NOISE,22,0,3,VALID,-5.580666320784186,-1.9338796701073493,false,172.60106454052217,formal_m1_center_not_selected
primary,S000064,C002_NULL_N015_A1,NULL_FLARE_RED_NOISE,23,0,3,VALID,-5.716688787384253,-1.947725118233449,false,179.7172859113589,formal_m1_center_not_selected
primary,S000065,C002_NULL_N015_A1,NULL_FLARE_RED_NOISE,24,0,3,VALID,-5.421696499122589,-1.8311539058579358,false,221.41185099684645,formal_m1_center_not_selected
primary,S000066,C002_NULL_N015_A1,NULL_FLARE_RED_NOISE,25,0,3,VALID,-5.561146490164276,-1.9345257206360271,false,128.34824156519988,formal_m1_center_not_selected
primary,S000067,C002_NULL_N015_A1,NULL_FLARE_RED_NOISE,26,0,3,VALID,-5.511031563245188,-1.9107708323569552,false,232.16042367436413,formal_m1_center_not_selected
primary,S000068,C002_NULL_N015_A1,NULL_FLARE_RED_NOISE,27,0,3,VALID,-5.480295050023562,-1.8208742159206155,false,216.0850105051301,formal_m1_center_not_selected
primary,S000069,C002_NULL_N015_A1,NULL_FLARE_RED_NOISE,28,0,3,VALID,-5.5612865729351295,-1.7534058354524058,false,216.29649573214544,formal_m1_center_not_selected
primary,S000070,C002_NULL_N015_A1,NULL_FLARE_RED_NOISE,29,0,3,VALID,-5.511049897531112,-1.9363426019601233,false,171.23795350537839,formal_m1_center_not_selected
primary,S000071,C002_NULL_N015_A1,NULL_FLARE_RED_NOISE,30,0,3,VALID,-5.501809453361723,-1.9368003706272416,false,130.040008977987,formal_m1_center_not_selected
primary,S000072,C002_NULL_N015_A1,NULL_FLARE_RED_NOISE,31,0,3,VALID,-5.4359196866332535,-1.8887711769537026,false,124.52089775501895,formal_m1_center_not_selected
primary,S000073,C002_NULL_N015_A1,NULL_FLARE_RED_NOISE,32,0,3,VALID,-5.614804938813464,-1.914173308214127,false,223.97769337100672,formal_m1_center_not_selected
primary,S000074,C002_NULL_N015_A1,NULL_FLARE_RED_NOISE,33,0,3,VALID,-5.444553264142636,-1.9424974110820008,false,130.29933902034455,formal_m1_center_not_selected
primary,S000075,C002_NULL_N015_A1,NULL_FLARE_RED_NOISE,34,0,3,VALID,-5.635704852613717,-1.918834519790578,false,232.0720778027912,formal_m1_center_not_selected
primary,S000076,C002_NULL_N015_A1,NULL_FLARE_RED_NOISE,35,0,3,VALID,-5.506119165695672,-1.954794679980357,false,178.1134557505133,formal_m1_center_not_selected
primary,S000077,C002_NULL_N015_A1,NULL_FLARE_RED_NOISE,36,0,3,VALID,-5.349147082486583,-1.8980250205189355,false,229.83562960603643,formal_m1_center_not_selected
primary,S000078,C002_NULL_N015_A1,NULL_FLARE_RED_NOISE,37,0,3,VALID,-5.630324202661482,-1.90970068535806,false,127.30908778158835,formal_m1_center_not_selected
primary,S000079,C002_NULL_N015_A1,NULL_FLARE_RED_NOISE,38,0,3,VALID,-5.627333668834501,-1.9434721308902807,false,180.35190118288452,formal_m1_center_not_selected
primary,S000080,C002_NULL_N015_A1,NULL_FLARE_RED_NOISE,39,0,3,VALID,-5.623427194195841,-1.9337042225779024,false,133.59328365975924,formal_m1_center_not_selected
primary,S000081,C003_NULL_N015_A2,NULL_FLARE_RED_NOISE,0,0,3,VALID,-5.517473407497588,-1.9220007165942254,false,128.61793660147663,formal_m1_center_not_selected
primary,S000082,C003_NULL_N015_A2,NULL_FLARE_RED_NOISE,1,0,3,VALID,-5.6496795621867815,-1.901440728907196,false,218.62127199000224,formal_m1_center_not_selected
primary,S000083,C003_NULL_N015_A2,NULL_FLARE_RED_NOISE,2,0,3,VALID,-5.618445219451877,-1.9379996659303886,false,130.3132629638105,formal_m1_center_not_selected
primary,S000084,C003_NULL_N015_A2,NULL_FLARE_RED_NOISE,3,0,3,VALID,-5.585683336927103,-1.9523444305868543,false,173.051045280704,formal_m1_center_not_selected
primary,S000085,C003_NULL_N015_A2,NULL_FLARE_RED_NOISE,4,0,3,VALID,-5.5246857968661764,-1.9261048380523116,false,129.09489080107014,formal_m1_center_not_selected
primary,S000086,C003_NULL_N015_A2,NULL_FLARE_RED_NOISE,5,0,3,VALID,-5.543143111987623,-1.9346796796551748,false,131.35825852939243,formal_m1_center_not_selected
primary,S000087,C003_NULL_N015_A2,NULL_FLARE_RED_NOISE,6,0,3,VALID,-5.356233623397037,-1.9390343682511686,false,131.24921650907083,formal_m1_center_not_selected
primary,S000088,C003_NULL_N015_A2,NULL_FLARE_RED_NOISE,7,0,3,VALID,-5.472146922509728,-1.9323803966232722,false,198.6675723398344,formal_m1_center_not_selected
primary,S000089,C003_NULL_N015_A2,NULL_FLARE_RED_NOISE,8,0,3,VALID,-5.587230331546639,-1.9337774029347026,false,129.24344653192637,formal_m1_center_not_selected
primary,S000090,C003_NULL_N015_A2,NULL_FLARE_RED_NOISE,9,0,3,VALID,-5.547686835619135,-1.952807779485668,false,176.16674828369534,formal_m1_center_not_selected
primary,S000091,C003_NULL_N015_A2,NULL_FLARE_RED_NOISE,10,0,3,VALID,-5.576622604648136,-1.9205163892161314,false,217.48914991415234,formal_m1_center_not_selected
primary,S000092,C003_NULL_N015_A2,NULL_FLARE_RED_NOISE,11,0,3,VALID,-5.454587855984245,-1.9329527783427052,false,132.6580035271424,formal_m1_center_not_selected
primary,S000093,C003_NULL_N015_A2,NULL_FLARE_RED_NOISE,12,0,3,VALID,-5.5797447819353145,-1.9463084065074883,false,173.24593313937396,formal_m1_center_not_selected
primary,S000094,C003_NULL_N015_A2,NULL_FLARE_RED_NOISE,13,0,3,VALID,-5.401907102430606,-1.9367238855888482,false,160.71373311065008,formal_m1_center_not_selected
primary,S000095,C003_NULL_N015_A2,NULL_FLARE_RED_NOISE,14,0,3,VALID,-5.555778345968163,-1.9405664626245658,false,172.33814168828596,formal_m1_center_not_selected
primary,S000096,C003_NULL_N015_A2,NULL_FLARE_RED_NOISE,15,0,3,VALID,-5.436208581600546,-1.923104455164558,false,130.07641151827735,formal_m1_center_not_selected
primary,S000097,C003_NULL_N015_A2,NULL_FLARE_RED_NOISE,16,0,3,VALID,-5.415654779485733,-1.9358262767410848,false,158.54905537190683,formal_m1_center_not_selected
primary,S000098,C003_NULL_N015_A2,NULL_FLARE_RED_NOISE,17,0,3,VALID,-5.381875199010196,-1.7863505692783361,false,217.3965288206286,formal_m1_center_not_selected
primary,S000099,C003_NULL_N015_A2,NULL_FLARE_RED_NOISE,18,0,3,VALID,-5.596834278777228,-1.9382733463294661,false,181.34331504251884,formal_m1_center_not_selected
primary,S000100,C003_NULL_N015_A2,NULL_FLARE_RED_NOISE,19,0,3,VALID,-5.553373139074351,-1.9303702306255994,false,165.70940985227472,formal_m1_center_not_selected
primary,S000101,C003_NULL_N015_A2,NULL_FLARE_RED_NOISE,20,0,3,VALID,-5.537182083951306,-1.9283513245196202,false,171.1818774140134,formal_m1_center_not_selected
primary,S000102,C003_NULL_N015_A2,NULL_FLARE_RED_NOISE,21,0,3,VALID,-5.423914565804072,-1.9319224151343475,false,154.97975925448628,formal_m1_center_not_selected
primary,S000103,C003_NULL_N015_A2,NULL_FLARE_RED_NOISE,22,0,3,VALID,-5.4381744250626305,-1.9219131946275256,false,157.5227399971356,formal_m1_center_not_selected
primary,S000104,C003_NULL_N015_A2,NULL_FLARE_RED_NOISE,23,0,3,VALID,-5.424936037536403,-1.9179851578863234,false,125.25110897198475,formal_m1_center_not_selected
primary,S000105,C003_NULL_N015_A2,NULL_FLARE_RED_NOISE,24,0,3,VALID,-5.449642319162651,-1.8987094447814945,false,206.556802074257,formal_m1_center_not_selected
primary,S000106,C003_NULL_N015_A2,NULL_FLARE_RED_NOISE,25,0,3,VALID,-5.561618711449622,-1.9396764478421753,false,158.59086436853426,formal_m1_center_not_selected
primary,S000107,C003_NULL_N015_A2,NULL_FLARE_RED_NOISE,26,0,3,VALID,-5.496206842603694,-1.9342967627683274,false,129.29215953492712,formal_m1_center_not_selected
primary,S000108,C003_NULL_N015_A2,NULL_FLARE_RED_NOISE,27,0,3,VALID,-5.561776212499607,-1.9406586057727973,false,134.79140810291588,formal_m1_center_not_selected
primary,S000109,C003_NULL_N015_A2,NULL_FLARE_RED_NOISE,28,0,3,VALID,-5.662652016359093,-1.9090312828301998,false,218.94202036370868,formal_m1_center_not_selected
primary,S000110,C003_NULL_N015_A2,NULL_FLARE_RED_NOISE,29,0,3,VALID,-5.625345627965853,-1.949187462410534,false,176.0078135045674,formal_m1_center_not_selected
primary,S000111,C003_NULL_N015_A2,NULL_FLARE_RED_NOISE,30,0,3,VALID,-5.538318344024976,-1.9207636156381378,false,147.32345592260822,formal_m1_center_not_selected
primary,S000112,C003_NULL_N015_A2,NULL_FLARE_RED_NOISE,31,0,3,VALID,-5.505159189022578,-1.936986981937662,false,156.22576472034157,formal_m1_center_not_selected
primary,S000113,C003_NULL_N015_A2,NULL_FLARE_RED_NOISE,32,0,3,VALID,-5.640840788436732,-1.947160181976483,false,172.30533746207834,formal_m1_center_not_selected
primary,S000114,C003_NULL_N015_A2,NULL_FLARE_RED_NOISE,33,0,3,VALID,-5.582992354635994,-1.8283978262590503,false,216.62829411245627,formal_m1_center_not_selected
primary,S000115,C003_NULL_N015_A2,NULL_FLARE_RED_NOISE,34,0,3,VALID,-5.626557771188089,-1.934027090097616,false,130.97965372101706,formal_m1_center_not_selected
primary,S000116,C003_NULL_N015_A2,NULL_FLARE_RED_NOISE,35,0,3,VALID,-5.502014137562995,-1.9209148865203796,false,131.9357110040576,formal_m1_center_not_selected
primary,S000117,C003_NULL_N015_A2,NULL_FLARE_RED_NOISE,36,0,3,VALID,-5.554909897884826,-1.9000563155274213,false,231.66422205961246,formal_m1_center_not_selected
primary,S000118,C003_NULL_N015_A2,NULL_FLARE_RED_NOISE,37,0,3,VALID,-5.662757937918386,-1.9311545185388281,false,127.99752462005527,formal_m1_center_not_selected
primary,S000119,C003_NULL_N015_A2,NULL_FLARE_RED_NOISE,38,0,3,VALID,-5.58783611543701,-1.9418826086604009,false,178.20254902779396,formal_m1_center_not_selected
primary,S000120,C003_NULL_N015_A2,NULL_FLARE_RED_NOISE,39,0,3,VALID,-5.419873280174901,-1.9016963375982892,false,227.9733902907389,formal_m1_center_not_selected
primary,S000121,C004_NULL_N030_A0,NULL_FLARE_RED_NOISE,0,0,3,VALID,-7.703493612735123,-2.6645806859969667,false,45.56286991579818,formal_m1_center_not_selected
primary,S000122,C004_NULL_N030_A0,NULL_FLARE_RED_NOISE,1,0,3,VALID,-6.806253536649429,-1.6280892590358604,false,59.02769868482772,formal_m1_center_not_selected
primary,S000123,C004_NULL_N030_A0,NULL_FLARE_RED_NOISE,2,0,3,VALID,-6.389091165678934,-1.3304491864353594,false,48.03928460403404,formal_m1_center_not_selected
primary,S000124,C004_NULL_N030_A0,NULL_FLARE_RED_NOISE,3,0,3,VALID,-7.118847224533887,-2.406370559432581,false,40.0,formal_m1_center_not_selected
primary,S000125,C004_NULL_N030_A0,NULL_FLARE_RED_NOISE,4,0,3,VALID,-7.614659940888579,-2.554578715384409,false,249.08539487891292,formal_m1_center_not_selected
primary,S000126,C004_NULL_N030_A0,NULL_FLARE_RED_NOISE,5,0,3,VALID,-7.45417214688613,-2.506219885825402,false,43.06575995940672,formal_m1_center_not_selected
primary,S000127,C004_NULL_N030_A0,NULL_FLARE_RED_NOISE,6,0,3,VALID,-6.528951132821021,-1.6298641811675054,false,46.968705881336035,formal_m1_center_not_selected
primary,S000128,C004_NULL_N030_A0,NULL_FLARE_RED_NOISE,7,0,3,VALID,-6.955000197828802,-2.025380092546442,false,48.12050014737211,formal_m1_center_not_selected
primary,S000129,C004_NULL_N030_A0,NULL_FLARE_RED_NOISE,8,0,3,VALID,-7.003554674905715,-2.0536443944432676,false,40.0,formal_m1_center_not_selected
primary,S000130,C004_NULL_N030_A0,NULL_FLARE_RED_NOISE,9,0,3,VALID,-7.628516521837298,-2.520398536994783,false,46.42298652362782,formal_m1_center_not_selected
primary,S000131,C004_NULL_N030_A0,NULL_FLARE_RED_NOISE,10,0,3,VALID,-7.457128226781812,-2.367372264667722,false,40.0,formal_m1_center_not_selected
primary,S000132,C004_NULL_N030_A0,NULL_FLARE_RED_NOISE,11,0,3,VALID,-7.629578793336684,-2.633517241460652,false,276.9461294830262,formal_m1_center_not_selected
primary,S000133,C004_NULL_N030_A0,NULL_FLARE_RED_NOISE,12,0,3,VALID,-7.226053091281365,-2.177945986327984,false,51.39470190561295,formal_m1_center_not_selected
primary,S000134,C004_NULL_N030_A0,NULL_FLARE_RED_NOISE,13,0,3,VALID,-7.593838886952383,-2.6367004233398177,false,299.99999999999994,formal_m1_center_not_selected
primary,S000135,C004_NULL_N030_A0,NULL_FLARE_RED_NOISE,14,0,3,VALID,-7.705896953806821,-2.6284941895527965,false,254.38004368395428,formal_m1_center_not_selected
primary,S000136,C004_NULL_N030_A0,NULL_FLARE_RED_NOISE,15,0,3,VALID,-7.152990651092317,-2.0825396645915504,false,50.712157297010286,formal_m1_center_not_selected
primary,S000137,C004_NULL_N030_A0,NULL_FLARE_RED_NOISE,16,0,3,VALID,-7.586813158854731,-2.568937947605008,false,253.57840440508528,formal_m1_center_not_selected
primary,S000138,C004_NULL_N030_A0,NULL_FLARE_RED_NOISE,17,0,3,VALID,-7.012119189840696,-2.200825632021129,false,45.02736089391919,formal_m1_center_not_selected
primary,S000139,C004_NULL_N030_A0,NULL_FLARE_RED_NOISE,18,0,3,VALID,-7.315809680484264,-2.1399538695498848,false,66.42752282653198,formal_m1_center_not_selected
primary,S000140,C004_NULL_N030_A0,NULL_FLARE_RED_NOISE,19,0,3,VALID,-7.516794193663792,-2.7045282084573117,false,43.654594082447765,formal_m1_center_not_selected
primary,S000141,C004_NULL_N030_A0,NULL_FLARE_RED_NOISE,20,0,3,VALID,-6.874462741009772,-1.8156887004773026,false,48.33970539092083,formal_m1_center_not_selected
primary,S000142,C004_NULL_N030_A0,NULL_FLARE_RED_NOISE,21,0,3,VALID,-7.285210112473742,-2.2838896381899545,false,63.07866243816276,formal_m1_center_not_selected
primary,S000143,C004_NULL_N030_A0,NULL_FLARE_RED_NOISE,22,0,3,VALID,-7.537793266136269,-2.525503538950886,false,40.0,formal_m1_center_not_selected
primary,S000144,C004_NULL_N030_A0,NULL_FLARE_RED_NOISE,23,0,3,VALID,-6.348949865860554,-1.3663769901164642,false,48.418409645394235,formal_m1_center_not_selected
primary,S000145,C004_NULL_N030_A0,NULL_FLARE_RED_NOISE,24,0,3,VALID,-7.540478709527328,-2.5709511053556042,false,44.12814375638439,formal_m1_center_not_selected
primary,S000146,C004_NULL_N030_A0,NULL_FLARE_RED_NOISE,25,0,3,VALID,-7.319976014043874,-2.184597378231622,false,49.62682849172434,formal_m1_center_not_selected
primary,S000147,C004_NULL_N030_A0,NULL_FLARE_RED_NOISE,26,0,3,VALID,-6.5828977753832945,-1.6055889366268659,false,50.171731936241564,formal_m1_center_not_selected
primary,S000148,C004_NULL_N030_A0,NULL_FLARE_RED_NOISE,27,0,3,VALID,-7.539604288786286,-2.8458080260997463,false,64.29086662411862,formal_m1_center_not_selected
primary,S000149,C004_NULL_N030_A0,NULL_FLARE_RED_NOISE,28,0,3,VALID,-6.503236782240798,-1.9563455153930889,false,44.19547545329893,formal_m1_center_not_selected
primary,S000150,C004_NULL_N030_A0,NULL_FLARE_RED_NOISE,29,0,3,VALID,-7.663034528792615,-2.5981478213413567,false,267.13650118076157,formal_m1_center_not_selected
primary,S000151,C004_NULL_N030_A0,NULL_FLARE_RED_NOISE,30,0,3,VALID,-7.82571598142205,-2.659308061754416,false,95.13763972781781,formal_m1_center_not_selected
primary,S000152,C004_NULL_N030_A0,NULL_FLARE_RED_NOISE,31,0,3,VALID,-7.5997600944979595,-2.6137495204810506,false,44.957461968435354,formal_m1_center_not_selected
primary,S000153,C004_NULL_N030_A0,NULL_FLARE_RED_NOISE,32,0,3,VALID,-7.253791872710131,-2.129807936432755,false,62.9434155742781,formal_m1_center_not_selected
primary,S000154,C004_NULL_N030_A0,NULL_FLARE_RED_NOISE,33,0,3,VALID,-7.2323595891669825,-2.176551010557638,false,52.86583742878658,formal_m1_center_not_selected
primary,S000155,C004_NULL_N030_A0,NULL_FLARE_RED_NOISE,34,0,3,VALID,-7.317988582879302,-2.1432827966678047,false,63.969791573579464,formal_m1_center_not_selected
primary,S000156,C004_NULL_N030_A0,NULL_FLARE_RED_NOISE,35,0,3,VALID,-7.607745218069503,-2.51235905154779,false,299.3269665818162,formal_m1_center_not_selected
primary,S000157,C004_NULL_N030_A0,NULL_FLARE_RED_NOISE,36,0,3,VALID,-7.421166828722448,-2.30615030532028,false,57.717700249591005,formal_m1_center_not_selected
primary,S000158,C004_NULL_N030_A0,NULL_FLARE_RED_NOISE,37,0,3,VALID,-7.498177434350346,-2.604918208266909,false,45.861599728526464,formal_m1_center_not_selected
primary,S000159,C004_NULL_N030_A0,NULL_FLARE_RED_NOISE,38,0,3,VALID,-7.5914304498590255,-2.4721515654332933,false,66.8738218507388,formal_m1_center_not_selected
primary,S000160,C004_NULL_N030_A0,NULL_FLARE_RED_NOISE,39,0,3,VALID,-7.583173227164025,-2.3547220456831752,false,50.41696171325907,formal_m1_center_not_selected
primary,S000161,C005_NULL_N030_A1,NULL_FLARE_RED_NOISE,0,0,3,VALID,-7.324006011654639,-2.4707850476355233,false,44.06969842450353,formal_m1_center_not_selected
primary,S000162,C005_NULL_N030_A1,NULL_FLARE_RED_NOISE,1,0,3,VALID,-7.664064181816933,-2.5461553655543554,false,66.144413736459,formal_m1_center_not_selected
primary,S000163,C005_NULL_N030_A1,NULL_FLARE_RED_NOISE,2,0,3,VALID,-7.607551280988204,-2.5591466423486224,false,299.99999999999994,formal_m1_center_not_selected
primary,S000164,C005_NULL_N030_A1,NULL_FLARE_RED_NOISE,3,0,3,VALID,-7.58620544760938,-2.5188577822759157,false,298.23718420510704,formal_m1_center_not_selected
primary,S000165,C005_NULL_N030_A1,NULL_FLARE_RED_NOISE,4,0,3,VALID,-7.61386519182259,-2.5500009696404007,false,55.0270419899498,formal_m1_center_not_selected
primary,S000166,C005_NULL_N030_A1,NULL_FLARE_RED_NOISE,5,0,3,VALID,-7.426695101877435,-2.511283634309848,false,45.138690662432694,formal_m1_center_not_selected
primary,S000167,C005_NULL_N030_A1,NULL_FLARE_RED_NOISE,6,0,3,VALID,-7.620453704217063,-2.6983796685323256,false,116.73600682127389,formal_m1_center_not_selected
primary,S000168,C005_NULL_N030_A1,NULL_FLARE_RED_NOISE,7,0,3,VALID,-7.679837674117671,-2.7041030672667716,false,299.99999999999994,formal_m1_center_not_selected
primary,S000169,C005_NULL_N030_A1,NULL_FLARE_RED_NOISE,8,0,3,VALID,-7.558107805831185,-2.538278503151865,false,45.847111934138155,formal_m1_center_not_selected
primary,S000170,C005_NULL_N030_A1,NULL_FLARE_RED_NOISE,9,0,3,VALID,-7.572075366466272,-2.608160109754209,false,40.0,formal_m1_center_not_selected
primary,S000171,C005_NULL_N030_A1,NULL_FLARE_RED_NOISE,10,0,3,VALID,-7.606415055990453,-2.545336719118076,false,264.2769805855331,formal_m1_center_not_selected
primary,S000172,C005_NULL_N030_A1,NULL_FLARE_RED_NOISE,11,0,3,VALID,-7.69472455292545,-2.5532664537709593,false,48.56607751044492,formal_m1_center_not_selected
primary,S000173,C005_NULL_N030_A1,NULL_FLARE_RED_NOISE,12,0,3,VALID,-7.719793673655623,-2.6134467466825413,false,48.078068217376014,formal_m1_center_not_selected
primary,S000174,C005_NULL_N030_A1,NULL_FLARE_RED_NOISE,13,0,3,VALID,-7.717886166957939,-2.633685386517598,false,40.95922659791853,formal_m1_center_not_selected
primary,S000175,C005_NULL_N030_A1,NULL_FLARE_RED_NOISE,14,0,3,VALID,-7.416333008245211,-2.4045452026127947,false,45.620290313307365,formal_m1_center_not_selected
primary,S000176,C005_NULL_N030_A1,NULL_FLARE_RED_NOISE,15,0,3,VALID,-7.639831963089321,-2.606253728152545,false,40.0,formal_m1_center_not_selected
primary,S000177,C005_NULL_N030_A1,NULL_FLARE_RED_NOISE,16,0,3,VALID,-7.5544723520431845,-2.468015251926005,false,252.6389716061975,formal_m1_center_not_selected
primary,S000178,C005_NULL_N030_A1,NULL_FLARE_RED_NOISE,17,0,3,VALID,-7.61504032465205,-2.6298519566302474,false,299.99999999999994,formal_m1_center_not_selected
primary,S000179,C005_NULL_N030_A1,NULL_FLARE_RED_NOISE,18,0,3,VALID,-7.795917008677996,-2.629739788092209,false,284.3462319509953,formal_m1_center_not_selected
primary,S000180,C005_NULL_N030_A1,NULL_FLARE_RED_NOISE,19,0,3,VALID,-7.658511546641584,-2.5566700701912026,false,299.9999275294677,formal_m1_center_not_selected
primary,S000181,C005_NULL_N030_A1,NULL_FLARE_RED_NOISE,20,0,3,VALID,-7.646426606749955,-2.6368691252597287,false,299.99999999999994,formal_m1_center_not_selected
primary,S000182,C005_NULL_N030_A1,NULL_FLARE_RED_NOISE,21,0,3,VALID,-7.691635732368489,-2.5692258696372647,false,285.59129296128384,formal_m1_center_not_selected
primary,S000183,C005_NULL_N030_A1,NULL_FLARE_RED_NOISE,22,0,3,VALID,-7.7319902270340535,-2.5953139350039507,false,299.80043600252463,formal_m1_center_not_selected
primary,S000184,C005_NULL_N030_A1,NULL_FLARE_RED_NOISE,23,0,3,VALID,-7.621909985006575,-2.6628483990664407,false,44.340260321249374,formal_m1_center_not_selected
primary,S000185,C005_NULL_N030_A1,NULL_FLARE_RED_NOISE,24,0,3,VALID,-7.42654264559809,-2.4727042530700984,false,40.0,formal_m1_center_not_selected
primary,S000186,C005_NULL_N030_A1,NULL_FLARE_RED_NOISE,25,0,3,VALID,-7.607599181966812,-2.5148946325348476,false,271.9048223826782,formal_m1_center_not_selected
primary,S000187,C005_NULL_N030_A1,NULL_FLARE_RED_NOISE,26,0,3,VALID,-7.61734412001821,-2.464193293827293,false,51.061607335916065,formal_m1_center_not_selected
primary,S000188,C005_NULL_N030_A1,NULL_FLARE_RED_NOISE,27,0,3,VALID,-7.357032874141382,-2.40761002686709,false,40.0,formal_m1_center_not_selected
primary,S000189,C005_NULL_N030_A1,NULL_FLARE_RED_NOISE,28,0,3,VALID,-7.5807856644637255,-2.7334658985784372,false,299.99999999999994,formal_m1_center_not_selected
primary,S000190,C005_NULL_N030_A1,NULL_FLARE_RED_NOISE,29,0,3,VALID,-7.637785905421303,-2.561713589299309,false,299.9999561442407,formal_m1_center_not_selected
primary,S000191,C005_NULL_N030_A1,NULL_FLARE_RED_NOISE,30,0,3,VALID,-7.680797690194844,-2.6385343543536095,false,299.99999999999994,formal_m1_center_not_selected
primary,S000192,C005_NULL_N030_A1,NULL_FLARE_RED_NOISE,31,0,3,VALID,-7.632247798157472,-2.6761079502595635,false,299.99999999999994,formal_m1_center_not_selected
primary,S000193,C005_NULL_N030_A1,NULL_FLARE_RED_NOISE,32,0,3,VALID,-7.634589762274167,-2.6847180496300282,false,292.3198377509243,formal_m1_center_not_selected
primary,S000194,C005_NULL_N030_A1,NULL_FLARE_RED_NOISE,33,0,3,VALID,-7.683854846438926,-2.5678164294733463,false,299.99999069127193,formal_m1_center_not_selected
primary,S000195,C005_NULL_N030_A1,NULL_FLARE_RED_NOISE,34,0,3,VALID,-7.460566451336291,-2.737446117828391,false,47.83613905026174,formal_m1_center_not_selected
primary,S000196,C005_NULL_N030_A1,NULL_FLARE_RED_NOISE,35,0,3,VALID,-7.654608714008653,-2.7007729956957576,false,40.0,formal_m1_center_not_selected
primary,S000197,C005_NULL_N030_A1,NULL_FLARE_RED_NOISE,36,0,3,VALID,-7.656527603348252,-2.526442688252679,false,299.9817504459193,formal_m1_center_not_selected
primary,S000198,C005_NULL_N030_A1,NULL_FLARE_RED_NOISE,37,0,3,VALID,-7.687829939125429,-2.6184749486487533,false,299.99999999999994,formal_m1_center_not_selected
primary,S000199,C005_NULL_N030_A1,NULL_FLARE_RED_NOISE,38,0,3,VALID,-7.6983863441898635,-2.617443102366366,false,299.99999999999994,formal_m1_center_not_selected
primary,S000200,C005_NULL_N030_A1,NULL_FLARE_RED_NOISE,39,0,3,VALID,-7.711360036697748,-2.724335902774314,false,290.6078366882032,formal_m1_center_not_selected
primary,S000201,C006_NULL_N030_A2,NULL_FLARE_RED_NOISE,0,0,3,VALID,-7.6028888933411665,-2.6533489127257184,false,49.08211353018857,formal_m1_center_not_selected
primary,S000202,C006_NULL_N030_A2,NULL_FLARE_RED_NOISE,1,0,3,VALID,-7.554699438928843,-2.5110501642488714,false,265.1632406034711,formal_m1_center_not_selected
primary,S000203,C006_NULL_N030_A2,NULL_FLARE_RED_NOISE,2,0,3,VALID,-7.615309570867545,-2.557410590241588,false,251.45446331253387,formal_m1_center_not_selected
primary,S000204,C006_NULL_N030_A2,NULL_FLARE_RED_NOISE,3,0,3,VALID,-7.632846353175147,-2.5050578047682137,false,299.99999999999994,formal_m1_center_not_selected
primary,S000205,C006_NULL_N030_A2,NULL_FLARE_RED_NOISE,4,0,3,VALID,-7.680600029235713,-2.594129483357861,false,299.99999689956246,formal_m1_center_not_selected
primary,S000206,C006_NULL_N030_A2,NULL_FLARE_RED_NOISE,5,0,3,VALID,-7.65503266265403,-2.650518146149693,false,299.99999999999994,formal_m1_center_not_selected
primary,S000207,C006_NULL_N030_A2,NULL_FLARE_RED_NOISE,6,0,3,VALID,-7.7532463748495815,-2.6367339779871415,false,299.99999999999994,formal_m1_center_not_selected
primary,S000208,C006_NULL_N030_A2,NULL_FLARE_RED_NOISE,7,0,3,VALID,-7.607007878324282,-2.533805029604842,false,299.99993132821584,formal_m1_center_not_selected
primary,S000209,C006_NULL_N030_A2,NULL_FLARE_RED_NOISE,8,0,3,VALID,-7.67442119766735,-2.686605494650955,false,299.99999999999994,formal_m1_center_not_selected
primary,S000210,C006_NULL_N030_A2,NULL_FLARE_RED_NOISE,9,0,3,VALID,-7.6587523576835395,-2.568866952008044,false,257.36478752798007,formal_m1_center_not_selected
primary,S000211,C006_NULL_N030_A2,NULL_FLARE_RED_NOISE,10,0,3,VALID,-7.664798392489864,-2.714504119661683,false,299.99999999999994,formal_m1_center_not_selected
primary,S000212,C006_NULL_N030_A2,NULL_FLARE_RED_NOISE,11,0,3,VALID,-7.711029906571021,-2.584495718310066,false,299.63320489564416,formal_m1_center_not_selected
primary,S000213,C006_NULL_N030_A2,NULL_FLARE_RED_NOISE,12,0,3,VALID,-7.705419211673146,-2.620816609770081,false,258.1023960485588,formal_m1_center_not_selected
primary,S000214,C006_NULL_N030_A2,NULL_FLARE_RED_NOISE,13,0,3,VALID,-7.60960311675381,-2.5883560358818727,false,275.36129237956595,formal_m1_center_not_selected
primary,S000215,C006_NULL_N030_A2,NULL_FLARE_RED_NOISE,14,0,3,VALID,-7.687450011112652,-2.6111693596120915,false,273.19459752827294,formal_m1_center_not_selected
primary,S000216,C006_NULL_N030_A2,NULL_FLARE_RED_NOISE,15,0,3,VALID,-7.685172455042981,-2.6608667547932896,false,299.99763917166246,formal_m1_center_not_selected
primary,S000217,C006_NULL_N030_A2,NULL_FLARE_RED_NOISE,16,0,3,VALID,-7.700184417238354,-2.585444578830689,false,257.09940095603855,formal_m1_center_not_selected
primary,S000218,C006_NULL_N030_A2,NULL_FLARE_RED_NOISE,17,0,3,VALID,-7.635650479172419,-2.543944991882647,false,299.99999928787173,formal_m1_center_not_selected
primary,S000219,C006_NULL_N030_A2,NULL_FLARE_RED_NOISE,18,0,3,VALID,-7.733087837238934,-2.627222481480487,false,299.99999999999994,formal_m1_center_not_selected
primary,S000220,C006_NULL_N030_A2,NULL_FLARE_RED_NOISE,19,0,3,VALID,-7.781908731135417,-2.6742254693307217,false,299.99999999999994,formal_m1_center_not_selected
primary,S000221,C006_NULL_N030_A2,NULL_FLARE_RED_NOISE,20,0,3,VALID,-7.670500776281777,-2.6041470898949086,false,299.99999999999994,formal_m1_center_not_selected
primary,S000222,C006_NULL_N030_A2,NULL_FLARE_RED_NOISE,21,0,3,VALID,-7.615147368641679,-2.6490756822377577,false,299.99999999999994,formal_m1_center_not_selected
primary,S000223,C006_NULL_N030_A2,NULL_FLARE_RED_NOISE,22,0,3,VALID,-7.549485557321198,-2.546937501628932,false,298.7821735803227,formal_m1_center_not_selected
primary,S000224,C006_NULL_N030_A2,NULL_FLARE_RED_NOISE,23,0,3,VALID,-7.671660777177017,-2.614063946500721,false,299.9999160171417,formal_m1_center_not_selected
primary,S000225,C006_NULL_N030_A2,NULL_FLARE_RED_NOISE,24,0,3,VALID,-7.677920934988315,-2.654274610613129,false,299.98724329358345,formal_m1_center_not_selected
primary,S000226,C006_NULL_N030_A2,NULL_FLARE_RED_NOISE,25,0,3,VALID,-7.754576337782126,-2.713915990389367,false,299.99999999999994,formal_m1_center_not_selected
primary,S000227,C006_NULL_N030_A2,NULL_FLARE_RED_NOISE,26,0,3,VALID,-7.676281438971692,-2.6206429182024493,false,299.99999999999994,formal_m1_center_not_selected
primary,S000228,C006_NULL_N030_A2,NULL_FLARE_RED_NOISE,27,0,3,VALID,-7.702259274930164,-2.6258893478097747,false,288.75140225766376,formal_m1_center_not_selected
primary,S000229,C006_NULL_N030_A2,NULL_FLARE_RED_NOISE,28,0,3,VALID,-7.679091249938338,-2.6295666270382867,false,92.66123386005044,formal_m1_center_not_selected
primary,S000230,C006_NULL_N030_A2,NULL_FLARE_RED_NOISE,29,0,3,VALID,-7.645309212191712,-2.5731178165621316,false,293.4558011667166,formal_m1_center_not_selected
primary,S000231,C006_NULL_N030_A2,NULL_FLARE_RED_NOISE,30,0,3,VALID,-7.638326307657266,-2.597872257521672,false,247.82313690663509,formal_m1_center_not_selected
primary,S000232,C006_NULL_N030_A2,NULL_FLARE_RED_NOISE,31,0,3,VALID,-7.6655558606393654,-2.6610354838874173,false,299.99999999999994,formal_m1_center_not_selected
primary,S000233,C006_NULL_N030_A2,NULL_FLARE_RED_NOISE,32,0,3,VALID,-7.654388458068503,-2.627103259056973,false,299.99999999999994,formal_m1_center_not_selected
primary,S000234,C006_NULL_N030_A2,NULL_FLARE_RED_NOISE,33,0,3,VALID,-7.751592447924111,-2.6353967703142303,false,294.0151077050713,formal_m1_center_not_selected
primary,S000235,C006_NULL_N030_A2,NULL_FLARE_RED_NOISE,34,0,3,VALID,-7.738332801602816,-2.6451760385118632,false,299.99999999999994,formal_m1_center_not_selected
primary,S000236,C006_NULL_N030_A2,NULL_FLARE_RED_NOISE,35,0,3,VALID,-7.731910969224884,-2.7159460978211527,false,299.99999999999994,formal_m1_center_not_selected
primary,S000237,C006_NULL_N030_A2,NULL_FLARE_RED_NOISE,36,0,3,VALID,-7.720103944674285,-2.628491021555739,false,299.99999999999994,formal_m1_center_not_selected
primary,S000238,C006_NULL_N030_A2,NULL_FLARE_RED_NOISE,37,0,3,VALID,-7.778723169496068,-2.6706632812867355,false,299.99999999999994,formal_m1_center_not_selected
primary,S000239,C006_NULL_N030_A2,NULL_FLARE_RED_NOISE,38,0,3,VALID,-7.622100307066056,-2.5930945105505856,false,299.99999999999994,formal_m1_center_not_selected
primary,S000240,C006_NULL_N030_A2,NULL_FLARE_RED_NOISE,39,0,3,VALID,-7.690509726375922,-2.611979297016809,false,271.9438952663641,formal_m1_center_not_selected
primary,S000241,C007_NULL_N060_A0,NULL_FLARE_RED_NOISE,0,0,3,VALID,-9.6153793801127,-3.5077280985551056,false,56.424979635970516,formal_m1_center_not_selected
primary,S000242,C007_NULL_N060_A0,NULL_FLARE_RED_NOISE,1,0,3,VALID,-6.402768607851897,-1.653242234780663,false,40.0,formal_m1_center_not_selected
primary,S000243,C007_NULL_N060_A0,NULL_FLARE_RED_NOISE,2,0,3,VALID,-5.8380592467301256,0.23304733377105435,false,40.0,formal_m1_center_not_selected
primary,S000244,C007_NULL_N060_A0,NULL_FLARE_RED_NOISE,3,0,3,VALID,-8.58613673554072,-2.036354440999588,false,50.41315294926238,formal_m1_center_not_selected
primary,S000245,C007_NULL_N060_A0,NULL_FLARE_RED_NOISE,4,0,3,VALID,-8.228913839202818,-2.537662758494946,false,47.39549065312669,formal_m1_center_not_selected
primary,S000246,C007_NULL_N060_A0,NULL_FLARE_RED_NOISE,5,0,3,VALID,-8.845312966405658,-2.7662968188938635,false,61.9408961512895,formal_m1_center_not_selected
primary,S000247,C007_NULL_N060_A0,NULL_FLARE_RED_NOISE,6,0,3,VALID,-9.014155320552135,-2.6418440641803613,false,45.19694895262428,formal_m1_center_not_selected
primary,S000248,C007_NULL_N060_A0,NULL_FLARE_RED_NOISE,7,0,3,VALID,-8.447057944652244,-2.6269126091063413,false,40.20469352962218,formal_m1_center_not_selected
primary,S000249,C007_NULL_N060_A0,NULL_FLARE_RED_NOISE,8,0,3,VALID,-3.7257454751548096,2.394472230240609,false,61.56581893740657,formal_m1_center_not_selected
primary,S000250,C007_NULL_N060_A0,NULL_FLARE_RED_NOISE,9,0,3,VALID,-8.409209995365103,-2.211960734484279,false,54.637660695802445,formal_m1_center_not_selected
primary,S000251,C007_NULL_N060_A0,NULL_FLARE_RED_NOISE,10,0,3,VALID,-9.520113393509405,-2.942428136398064,false,110.65856603090589,formal_m1_center_not_selected
primary,S000252,C007_NULL_N060_A0,NULL_FLARE_RED_NOISE,11,0,3,VALID,-9.46077981247413,-3.004323286800087,false,47.316168607623815,formal_m1_center_not_selected
primary,S000253,C007_NULL_N060_A0,NULL_FLARE_RED_NOISE,12,0,3,VALID,-9.578846602253464,-3.263042240615704,false,50.58289884832582,formal_m1_center_not_selected
primary,S000254,C007_NULL_N060_A0,NULL_FLARE_RED_NOISE,13,0,3,VALID,-8.544518216995044,-2.0066770036364687,false,54.988915321235105,formal_m1_center_not_selected
primary,S000255,C007_NULL_N060_A0,NULL_FLARE_RED_NOISE,14,0,3,VALID,-8.358491545853411,-2.0102344885602577,false,74.67814329590647,formal_m1_center_not_selected
primary,S000256,C007_NULL_N060_A0,NULL_FLARE_RED_NOISE,15,0,3,VALID,-9.42511030954779,-3.0361600463475327,false,105.23146547550232,formal_m1_center_not_selected
primary,S000257,C007_NULL_N060_A0,NULL_FLARE_RED_NOISE,16,0,3,VALID,-7.591658885849796,-1.0773866003842727,false,78.22378918927309,formal_m1_center_not_selected
primary,S000258,C007_NULL_N060_A0,NULL_FLARE_RED_NOISE,17,0,3,VALID,-8.39032468004865,-2.282701670477792,false,97.19662607820494,formal_m1_center_not_selected
primary,S000259,C007_NULL_N060_A0,NULL_FLARE_RED_NOISE,18,0,3,VALID,-9.346377098234825,-3.4670770437925,false,159.61685671568637,formal_m1_center_not_selected
primary,S000260,C007_NULL_N060_A0,NULL_FLARE_RED_NOISE,19,0,3,VALID,-9.627655376246594,-2.984808038411728,false,93.20676634082207,formal_m1_center_not_selected
primary,S000261,C007_NULL_N060_A0,NULL_FLARE_RED_NOISE,20,0,3,VALID,-9.35023679541382,-3.004851385657389,false,56.967026466485265,formal_m1_center_not_selected
primary,S000262,C007_NULL_N060_A0,NULL_FLARE_RED_NOISE,21,0,3,VALID,-9.147711693938646,-3.1089279378963397,false,47.57105587212437,formal_m1_center_not_selected
primary,S000263,C007_NULL_N060_A0,NULL_FLARE_RED_NOISE,22,0,3,VALID,-9.080557579788376,-2.541821054845485,false,50.08640806207759,formal_m1_center_not_selected
primary,S000264,C007_NULL_N060_A0,NULL_FLARE_RED_NOISE,23,0,3,VALID,-8.407507835322122,-1.9252154722366868,false,63.411193004689466,formal_m1_center_not_selected
primary,S000265,C007_NULL_N060_A0,NULL_FLARE_RED_NOISE,24,0,3,VALID,-9.688968568750937,-3.120160995439761,false,62.23129335986206,formal_m1_center_not_selected
primary,S000266,C007_NULL_N060_A0,NULL_FLARE_RED_NOISE,25,0,3,VALID,-9.284472562096738,-2.657742876422674,false,63.76763499240126,formal_m1_center_not_selected
primary,S000267,C007_NULL_N060_A0,NULL_FLARE_RED_NOISE,26,0,3,VALID,-8.951359867655441,-2.4341086507122043,false,45.93762443174133,formal_m1_center_not_selected
primary,S000268,C007_NULL_N060_A0,NULL_FLARE_RED_NOISE,27,0,3,VALID,-9.176997024868314,-2.5857454506179636,false,53.486508450673654,formal_m1_center_not_selected
primary,S000269,C007_NULL_N060_A0,NULL_FLARE_RED_NOISE,28,0,3,VALID,-9.173749527777318,-2.815260654027867,false,116.94919887383911,formal_m1_center_not_selected
primary,S000270,C007_NULL_N060_A0,NULL_FLARE_RED_NOISE,29,0,3,VALID,-5.658457140770452,0.586597778817719,false,47.41272476823194,formal_m1_center_not_selected
primary,S000271,C007_NULL_N060_A0,NULL_FLARE_RED_NOISE,30,0,3,VALID,-8.003185962941643,-1.6418022430219992,false,47.483571491068574,formal_m1_center_not_selected
primary,S000272,C007_NULL_N060_A0,NULL_FLARE_RED_NOISE,31,0,3,VALID,-8.885300989459523,-2.932222157879636,false,58.12346128014196,formal_m1_center_not_selected
primary,S000273,C007_NULL_N060_A0,NULL_FLARE_RED_NOISE,32,0,3,VALID,-9.260924146746135,-3.1437685038075642,false,47.3878341533011,formal_m1_center_not_selected
primary,S000274,C007_NULL_N060_A0,NULL_FLARE_RED_NOISE,33,0,3,VALID,-9.597858671627819,-3.298484227653489,false,83.11051974421564,formal_m1_center_not_selected
primary,S000275,C007_NULL_N060_A0,NULL_FLARE_RED_NOISE,34,0,3,VALID,-9.813328482773642,-3.42075916156233,false,48.94423270812349,formal_m1_center_not_selected
primary,S000276,C007_NULL_N060_A0,NULL_FLARE_RED_NOISE,35,0,3,VALID,-7.998415837377479,-1.754683612742241,false,42.27053516217462,formal_m1_center_not_selected
primary,S000277,C007_NULL_N060_A0,NULL_FLARE_RED_NOISE,36,0,3,VALID,-7.915136665650493,-1.89126850716886,false,48.79284173695405,formal_m1_center_not_selected
primary,S000278,C007_NULL_N060_A0,NULL_FLARE_RED_NOISE,37,0,3,VALID,-9.115695245983517,-2.980567718232521,false,55.94242552197945,formal_m1_center_not_selected
primary,S000279,C007_NULL_N060_A0,NULL_FLARE_RED_NOISE,38,0,3,VALID,-7.9968513700476365,-1.5019473408468116,false,62.91863536326511,formal_m1_center_not_selected
primary,S000280,C007_NULL_N060_A0,NULL_FLARE_RED_NOISE,39,0,3,VALID,-8.295517330189739,-2.04116684318862,false,102.07517744686785,formal_m1_center_not_selected
primary,S000281,C008_NULL_N060_A1,NULL_FLARE_RED_NOISE,0,0,3,VALID,-9.578240467935814,-2.9591186309998534,false,60.74386602345422,formal_m1_center_not_selected
primary,S000282,C008_NULL_N060_A1,NULL_FLARE_RED_NOISE,1,0,3,VALID,-8.520114421965673,-2.728680269684048,false,72.78751334551214,formal_m1_center_not_selected
primary,S000283,C008_NULL_N060_A1,NULL_FLARE_RED_NOISE,2,0,3,VALID,-9.572790848014563,-3.7642684640760535,false,43.034395977283545,formal_m1_center_not_selected
primary,S000284,C008_NULL_N060_A1,NULL_FLARE_RED_NOISE,3,0,3,VALID,-9.272056966250716,-2.8026252359681507,false,41.56926385029452,formal_m1_center_not_selected
primary,S000285,C008_NULL_N060_A1,NULL_FLARE_RED_NOISE,4,0,3,VALID,-8.65421408945042,-2.8325710866635347,false,55.80227334020998,formal_m1_center_not_selected
primary,S000286,C008_NULL_N060_A1,NULL_FLARE_RED_NOISE,5,0,3,VALID,-9.536389530391318,-2.8502252439337497,false,61.32779221250736,formal_m1_center_not_selected
primary,S000287,C008_NULL_N060_A1,NULL_FLARE_RED_NOISE,6,0,3,VALID,-8.830715358901529,-2.43423292264805,false,53.35583201957173,formal_m1_center_not_selected
primary,S000288,C008_NULL_N060_A1,NULL_FLARE_RED_NOISE,7,0,3,VALID,-9.186826392760452,-3.1590748339829986,false,40.0,formal_m1_center_not_selected
primary,S000289,C008_NULL_N060_A1,NULL_FLARE_RED_NOISE,8,0,3,VALID,-9.041446934473214,-2.8068943073190837,false,45.19895125999308,formal_m1_center_not_selected
primary,S000290,C008_NULL_N060_A1,NULL_FLARE_RED_NOISE,9,0,3,VALID,-9.22384848754973,-3.236579340748449,false,46.0803262349573,formal_m1_center_not_selected
primary,S000291,C008_NULL_N060_A1,NULL_FLARE_RED_NOISE,10,0,3,VALID,-9.71291227389915,-3.281222647843947,false,127.63815765027263,formal_m1_center_not_selected
primary,S000292,C008_NULL_N060_A1,NULL_FLARE_RED_NOISE,11,0,3,VALID,-9.765022406774051,-3.2822502826497555,false,42.16019060498573,formal_m1_center_not_selected
primary,S000293,C008_NULL_N060_A1,NULL_FLARE_RED_NOISE,12,0,3,VALID,-9.357322530394839,-2.979153840846294,false,49.994834861051686,formal_m1_center_not_selected
primary,S000294,C008_NULL_N060_A1,NULL_FLARE_RED_NOISE,13,0,3,VALID,-9.020025692125756,-2.5157922809158038,false,59.42707305286337,formal_m1_center_not_selected
primary,S000295,C008_NULL_N060_A1,NULL_FLARE_RED_NOISE,14,0,3,VALID,-9.259104467100684,-3.178576067367544,false,90.90387204607207,formal_m1_center_not_selected
primary,S000296,C008_NULL_N060_A1,NULL_FLARE_RED_NOISE,15,0,3,VALID,-9.517673684487363,-3.1416732501199363,false,71.20916278504349,formal_m1_center_not_selected
primary,S000297,C008_NULL_N060_A1,NULL_FLARE_RED_NOISE,16,0,3,VALID,-8.32759672575068,-2.0578606654303826,false,53.42917288130914,formal_m1_center_not_selected
primary,S000298,C008_NULL_N060_A1,NULL_FLARE_RED_NOISE,17,0,3,VALID,-9.444605943474329,-2.9118107037539858,false,51.305792554733706,formal_m1_center_not_selected
primary,S000299,C008_NULL_N060_A1,NULL_FLARE_RED_NOISE,18,0,3,VALID,-8.95240725812343,-2.324913152332556,false,50.50557148496223,formal_m1_center_not_selected
primary,S000300,C008_NULL_N060_A1,NULL_FLARE_RED_NOISE,19,0,3,VALID,-9.49889427876451,-3.2995554277628116,false,75.34290200867348,formal_m1_center_not_selected
primary,S000301,C008_NULL_N060_A1,NULL_FLARE_RED_NOISE,20,0,3,VALID,-9.346903375430998,-2.8694127947120194,false,141.44172397121676,formal_m1_center_not_selected
primary,S000302,C008_NULL_N060_A1,NULL_FLARE_RED_NOISE,21,0,3,VALID,-8.328116249985015,-1.7671092646612863,false,54.41474751619753,formal_m1_center_not_selected
primary,S000303,C008_NULL_N060_A1,NULL_FLARE_RED_NOISE,22,0,3,VALID,-9.459425809420793,-3.2090402149069064,false,54.022268053742806,formal_m1_center_not_selected
primary,S000304,C008_NULL_N060_A1,NULL_FLARE_RED_NOISE,23,0,3,VALID,-8.890610487879343,-2.473496365339372,false,40.70425994298458,formal_m1_center_not_selected
primary,S000305,C008_NULL_N060_A1,NULL_FLARE_RED_NOISE,24,0,3,VALID,-9.739708048675993,-3.166131927085644,false,47.51703176041849,formal_m1_center_not_selected
primary,S000306,C008_NULL_N060_A1,NULL_FLARE_RED_NOISE,25,0,3,VALID,-8.862381233368296,-2.887007256195858,false,44.28357250125167,formal_m1_center_not_selected
primary,S000307,C008_NULL_N060_A1,NULL_FLARE_RED_NOISE,26,0,3,VALID,-9.810290728430346,-3.1552596266362514,false,79.46866886984922,formal_m1_center_not_selected
primary,S000308,C008_NULL_N060_A1,NULL_FLARE_RED_NOISE,27,0,3,VALID,-9.07866541025956,-2.4340110479462282,false,46.92561389036409,formal_m1_center_not_selected
primary,S000309,C008_NULL_N060_A1,NULL_FLARE_RED_NOISE,28,0,3,VALID,-9.170262591833108,-3.2637285274482224,false,40.0,formal_m1_center_not_selected
primary,S000310,C008_NULL_N060_A1,NULL_FLARE_RED_NOISE,29,0,3,VALID,-8.675922810054004,-2.13562639597086,false,60.00986905508375,formal_m1_center_not_selected
primary,S000311,C008_NULL_N060_A1,NULL_FLARE_RED_NOISE,30,0,3,VALID,-8.351563236592398,-2.1849868088625612,false,45.7300968218334,formal_m1_center_not_selected
primary,S000312,C008_NULL_N060_A1,NULL_FLARE_RED_NOISE,31,0,3,VALID,-9.62885316052899,-3.0237551043312294,false,62.29824962293169,formal_m1_center_not_selected
primary,S000313,C008_NULL_N060_A1,NULL_FLARE_RED_NOISE,32,0,3,VALID,-9.403147783674171,-2.7819487017579263,false,58.60142473093258,formal_m1_center_not_selected
primary,S000314,C008_NULL_N060_A1,NULL_FLARE_RED_NOISE,33,0,3,VALID,-9.544698744423215,-3.0933805839613626,false,71.99699382169523,formal_m1_center_not_selected
primary,S000315,C008_NULL_N060_A1,NULL_FLARE_RED_NOISE,34,0,3,VALID,-7.565861694728085,-1.9699167739066183,false,40.000000000000014,formal_m1_center_not_selected
primary,S000316,C008_NULL_N060_A1,NULL_FLARE_RED_NOISE,35,0,3,VALID,-9.584033041566613,-3.1558328309273804,false,70.37925537290562,formal_m1_center_not_selected
primary,S000317,C008_NULL_N060_A1,NULL_FLARE_RED_NOISE,36,0,3,VALID,-7.458534253035452,-1.0539003336193105,false,46.928595248908415,formal_m1_center_not_selected
primary,S000318,C008_NULL_N060_A1,NULL_FLARE_RED_NOISE,37,0,3,VALID,-8.907915088441058,-2.518043440023206,false,72.98268332999167,formal_m1_center_not_selected
primary,S000319,C008_NULL_N060_A1,NULL_FLARE_RED_NOISE,38,0,3,VALID,-9.018742287327399,-2.943243562612139,false,42.93117989195718,formal_m1_center_not_selected
primary,S000320,C008_NULL_N060_A1,NULL_FLARE_RED_NOISE,39,0,3,VALID,-9.75067574594766,-3.4543375219955124,false,47.046038680456896,formal_m1_center_not_selected
primary,S000321,C009_NULL_N060_A2,NULL_FLARE_RED_NOISE,0,0,3,VALID,-9.46512930180586,-2.943005735101991,false,45.0481312776778,formal_m1_center_not_selected
primary,S000322,C009_NULL_N060_A2,NULL_FLARE_RED_NOISE,1,0,3,VALID,-9.606553246116675,-3.481813458591432,false,196.28410357787936,formal_m1_center_not_selected
primary,S000323,C009_NULL_N060_A2,NULL_FLARE_RED_NOISE,2,0,3,VALID,-9.80474306310822,-3.2282763019981644,false,51.766902826101635,formal_m1_center_not_selected
primary,S000324,C009_NULL_N060_A2,NULL_FLARE_RED_NOISE,3,0,3,VALID,-9.920945176260489,-3.3425553791544758,false,42.145951675683094,formal_m1_center_not_selected
primary,S000325,C009_NULL_N060_A2,NULL_FLARE_RED_NOISE,4,0,3,VALID,-10.0094161451795,-3.5545913640114293,false,40.0,formal_m1_center_not_selected
primary,S000326,C009_NULL_N060_A2,NULL_FLARE_RED_NOISE,5,0,3,VALID,-9.96077785071384,-3.359631422793285,false,214.95251347105219,formal_m1_center_not_selected
primary,S000327,C009_NULL_N060_A2,NULL_FLARE_RED_NOISE,6,0,3,VALID,-9.631093608329564,-3.448018194483268,false,43.071074900969826,formal_m1_center_not_selected
primary,S000328,C009_NULL_N060_A2,NULL_FLARE_RED_NOISE,7,0,3,VALID,-9.71846456276981,-3.074176978427772,false,119.29273454093385,formal_m1_center_not_selected
primary,S000329,C009_NULL_N060_A2,NULL_FLARE_RED_NOISE,8,0,3,VALID,-9.800138620321178,-3.3652431821637094,false,42.66575821633706,formal_m1_center_not_selected
primary,S000330,C009_NULL_N060_A2,NULL_FLARE_RED_NOISE,9,0,3,VALID,-9.902649499031327,-3.404282052300374,false,213.26467258547925,formal_m1_center_not_selected
primary,S000331,C009_NULL_N060_A2,NULL_FLARE_RED_NOISE,10,0,3,VALID,-9.777669328623148,-3.311437364277708,false,42.82775035665516,formal_m1_center_not_selected
primary,S000332,C009_NULL_N060_A2,NULL_FLARE_RED_NOISE,11,0,3,VALID,-9.888726901138654,-3.6962910784930045,false,224.12049055937405,formal_m1_center_not_selected
primary,S000333,C009_NULL_N060_A2,NULL_FLARE_RED_NOISE,12,0,3,VALID,-9.926476831060285,-3.4508991404309484,false,256.16558510667375,formal_m1_center_not_selected
primary,S000334,C009_NULL_N060_A2,NULL_FLARE_RED_NOISE,13,0,3,VALID,-9.666481183430648,-3.3354562823438414,false,42.87016228075029,formal_m1_center_not_selected
primary,S000335,C009_NULL_N060_A2,NULL_FLARE_RED_NOISE,14,0,3,VALID,-9.87750705633647,-3.4508136407006873,false,43.193326324778,formal_m1_center_not_selected
primary,S000336,C009_NULL_N060_A2,NULL_FLARE_RED_NOISE,15,0,3,VALID,-9.670297662618253,-3.296448170447974,false,40.0,formal_m1_center_not_selected
primary,S000337,C009_NULL_N060_A2,NULL_FLARE_RED_NOISE,16,0,3,VALID,-9.632216743754242,-3.253163962228143,false,49.165564421551906,formal_m1_center_not_selected
primary,S000338,C009_NULL_N060_A2,NULL_FLARE_RED_NOISE,17,0,3,VALID,-9.877857030611807,-3.4842103721101125,false,54.40209558054018,formal_m1_center_not_selected
primary,S000339,C009_NULL_N060_A2,NULL_FLARE_RED_NOISE,18,0,3,VALID,-9.775907945068582,-3.4491806309799813,false,40.264505173932825,formal_m1_center_not_selected
primary,S000340,C009_NULL_N060_A2,NULL_FLARE_RED_NOISE,19,0,3,VALID,-9.830335620294306,-3.337988933034012,false,175.64318659713703,formal_m1_center_not_selected
primary,S000341,C009_NULL_N060_A2,NULL_FLARE_RED_NOISE,20,0,3,VALID,-9.770631065347942,-3.386780212027105,false,40.0,formal_m1_center_not_selected
primary,S000342,C009_NULL_N060_A2,NULL_FLARE_RED_NOISE,21,0,3,VALID,-9.930180788185794,-3.58170875585472,false,43.50571010306393,formal_m1_center_not_selected
primary,S000343,C009_NULL_N060_A2,NULL_FLARE_RED_NOISE,22,0,3,VALID,-9.631981726323914,-3.3002835155228354,false,44.31902156139716,formal_m1_center_not_selected
primary,S000344,C009_NULL_N060_A2,NULL_FLARE_RED_NOISE,23,0,3,VALID,-9.66386623868442,-3.1851361501485655,false,45.187953579932085,formal_m1_center_not_selected
primary,S000345,C009_NULL_N060_A2,NULL_FLARE_RED_NOISE,24,0,3,VALID,-9.726698999171504,-3.3717733093592983,false,44.38662137842513,formal_m1_center_not_selected
primary,S000346,C009_NULL_N060_A2,NULL_FLARE_RED_NOISE,25,0,3,VALID,-9.828512337110624,-3.3714344295154604,false,156.02922669342152,formal_m1_center_not_selected
primary,S000347,C009_NULL_N060_A2,NULL_FLARE_RED_NOISE,26,0,3,VALID,-9.788850239254742,-3.300254816646884,false,135.38434322202994,formal_m1_center_not_selected
primary,S000348,C009_NULL_N060_A2,NULL_FLARE_RED_NOISE,27,0,3,VALID,-9.939057523087143,-3.4653010707088754,false,45.19223414637043,formal_m1_center_not_selected
primary,S000349,C009_NULL_N060_A2,NULL_FLARE_RED_NOISE,28,0,3,VALID,-10.001375446108966,-3.4846306834613756,false,44.19981978671989,formal_m1_center_not_selected
primary,S000350,C009_NULL_N060_A2,NULL_FLARE_RED_NOISE,29,0,3,VALID,-10.036237006685298,-3.551505584842829,false,299.99999999999835,formal_m1_center_not_selected
primary,S000351,C009_NULL_N060_A2,NULL_FLARE_RED_NOISE,30,0,3,VALID,-9.930588682837907,-3.442857331754965,false,92.82179979669868,formal_m1_center_not_selected
primary,S000352,C009_NULL_N060_A2,NULL_FLARE_RED_NOISE,31,0,3,VALID,-9.539096208030344,-3.353272415951608,false,45.53709281052283,formal_m1_center_not_selected
primary,S000353,C009_NULL_N060_A2,NULL_FLARE_RED_NOISE,32,0,3,VALID,-9.878869624972396,-3.4678239719244743,false,40.0,formal_m1_center_not_selected
primary,S000354,C009_NULL_N060_A2,NULL_FLARE_RED_NOISE,33,0,3,VALID,-9.813246977352833,-3.3278542912473768,false,46.203420167392366,formal_m1_center_not_selected
primary,S000355,C009_NULL_N060_A2,NULL_FLARE_RED_NOISE,34,0,3,VALID,-9.842852016586477,-3.372851343317052,false,40.25442798748049,formal_m1_center_not_selected
primary,S000356,C009_NULL_N060_A2,NULL_FLARE_RED_NOISE,35,0,3,VALID,-9.910182202964364,-3.437808133915638,false,46.25456201126509,formal_m1_center_not_selected
primary,S000357,C009_NULL_N060_A2,NULL_FLARE_RED_NOISE,36,0,3,VALID,-9.706122039685141,-3.192527155371778,false,40.0,formal_m1_center_not_selected
primary,S000358,C009_NULL_N060_A2,NULL_FLARE_RED_NOISE,37,0,3,VALID,-9.993950063901963,-3.495061655556441,false,42.58483431006754,formal_m1_center_not_selected
primary,S000359,C009_NULL_N060_A2,NULL_FLARE_RED_NOISE,38,0,3,VALID,-9.94459506435311,-3.3852832495735754,false,76.67074918746185,formal_m1_center_not_selected
primary,S000360,C009_NULL_N060_A2,NULL_FLARE_RED_NOISE,39,0,3,VALID,-9.813698987775894,-3.296095943794853,false,94.50084075726494,formal_m1_center_not_selected
primary,S000361,C010_NULL_N120_A0,NULL_FLARE_RED_NOISE,0,0,3,VALID,-8.831211799925427,-1.7705805589672536,false,40.0,formal_m1_center_not_selected
primary,S000362,C010_NULL_N120_A0,NULL_FLARE_RED_NOISE,1,0,3,VALID,-5.79953922214429,1.1054384924702845,false,71.88138568501968,formal_m1_center_not_selected
primary,S000363,C010_NULL_N120_A0,NULL_FLARE_RED_NOISE,2,0,3,VALID,-9.382727598538168,-2.4649908469594948,false,87.169077886881,formal_m1_center_not_selected
primary,S000364,C010_NULL_N120_A0,NULL_FLARE_RED_NOISE,3,0,3,VALID,-10.26217480594346,-2.9994241377445405,false,135.19685172378703,formal_m1_center_not_selected
primary,S000365,C010_NULL_N120_A0,NULL_FLARE_RED_NOISE,4,0,3,VALID,-8.306940151704907,-3.5048027073244157,false,52.68976143368014,formal_m1_center_not_selected
primary,S000366,C010_NULL_N120_A0,NULL_FLARE_RED_NOISE,5,0,3,VALID,-9.323286619952228,-1.8628885712060992,false,46.18235805943529,formal_m1_center_not_selected
primary,S000367,C010_NULL_N120_A0,NULL_FLARE_RED_NOISE,6,0,3,VALID,-7.738752868010238,-1.0799350300893593,false,55.46188854784888,formal_m1_center_not_selected
primary,S000368,C010_NULL_N120_A0,NULL_FLARE_RED_NOISE,7,0,3,VALID,-4.230940985118309,1.2957117921730514,false,55.332017324872766,formal_m1_center_not_selected
primary,S000369,C010_NULL_N120_A0,NULL_FLARE_RED_NOISE,8,0,3,VALID,-8.482056477560377,-1.9652313633116592,false,40.0,formal_m1_center_not_selected
primary,S000370,C010_NULL_N120_A0,NULL_FLARE_RED_NOISE,9,0,3,VALID,-11.63180897785935,-3.8998822495743752,false,43.487465255369614,formal_m1_center_not_selected
primary,S000371,C010_NULL_N120_A0,NULL_FLARE_RED_NOISE,10,0,3,VALID,-8.106192184657402,-1.8722201866065689,false,48.67860111194793,formal_m1_center_not_selected
primary,S000372,C010_NULL_N120_A0,NULL_FLARE_RED_NOISE,11,0,3,VALID,-6.9330836948736305,0.04561875395995685,false,50.38731863906325,formal_m1_center_not_selected
primary,S000373,C010_NULL_N120_A0,NULL_FLARE_RED_NOISE,12,0,3,VALID,-8.698319017253198,-1.891411119869531,false,68.4885532710003,formal_m1_center_not_selected
primary,S000374,C010_NULL_N120_A0,NULL_FLARE_RED_NOISE,13,0,3,VALID,-8.04623359791674,-1.1182665160248462,false,60.23494663558391,formal_m1_center_not_selected
primary,S000375,C010_NULL_N120_A0,NULL_FLARE_RED_NOISE,14,0,3,VALID,-10.896516059106148,-4.207271844472643,false,116.40464907417213,formal_m1_center_not_selected
primary,S000376,C010_NULL_N120_A0,NULL_FLARE_RED_NOISE,15,0,3,VALID,-4.974853448465751,0.011945423658289656,false,70.73828412961574,formal_m1_center_not_selected
primary,S000377,C010_NULL_N120_A0,NULL_FLARE_RED_NOISE,16,0,3,VALID,-10.858465544690944,-3.0208792140920195,false,44.745864763780034,formal_m1_center_not_selected
primary,S000378,C010_NULL_N120_A0,NULL_FLARE_RED_NOISE,17,0,3,VALID,3.7132595217899507,10.891582503657219,false,51.87101189925044,formal_m1_center_not_selected
primary,S000379,C010_NULL_N120_A0,NULL_FLARE_RED_NOISE,18,0,3,VALID,-7.068289487690436,-0.38626458531507524,false,91.20844907754582,formal_m1_center_not_selected
primary,S000380,C010_NULL_N120_A0,NULL_FLARE_RED_NOISE,19,0,3,VALID,-9.772135156660966,-2.2394726576720814,false,75.43797125431054,formal_m1_center_not_selected
primary,S000381,C010_NULL_N120_A0,NULL_FLARE_RED_NOISE,20,0,3,VALID,-5.373993627738628,2.295785948223056,false,58.65066368895937,formal_m1_center_not_selected
primary,S000382,C010_NULL_N120_A0,NULL_FLARE_RED_NOISE,21,0,3,VALID,-2.9221689864326663,2.3050845784974854,false,43.08538810874504,formal_m1_center_not_selected
primary,S000383,C010_NULL_N120_A0,NULL_FLARE_RED_NOISE,22,0,3,VALID,-8.163361455226777,-1.7444094132054033,false,42.18329388490899,formal_m1_center_not_selected
primary,S000384,C010_NULL_N120_A0,NULL_FLARE_RED_NOISE,23,0,3,VALID,-5.701758249537079,1.9548226158036641,false,51.07540070860368,formal_m1_center_not_selected
primary,S000385,C010_NULL_N120_A0,NULL_FLARE_RED_NOISE,24,0,3,VALID,-9.946337817663675,-4.003792732793158,false,120.06576607635786,formal_m1_center_not_selected
primary,S000386,C010_NULL_N120_A0,NULL_FLARE_RED_NOISE,25,0,3,VALID,-11.126290909818408,-4.456010605486881,false,154.95253948954362,formal_m1_center_not_selected
primary,S000387,C010_NULL_N120_A0,NULL_FLARE_RED_NOISE,26,0,3,VALID,-11.655151732885315,-3.8579333354692835,false,81.6696030815827,formal_m1_center_not_selected
primary,S000388,C010_NULL_N120_A0,NULL_FLARE_RED_NOISE,27,0,3,VALID,-7.696554144241759,-1.8322256265989836,false,59.32784359979089,formal_m1_center_not_selected
primary,S000389,C010_NULL_N120_A0,NULL_FLARE_RED_NOISE,28,0,3,VALID,-9.619743441526111,-2.669846674833366,false,118.22190761787787,formal_m1_center_not_selected
primary,S000390,C010_NULL_N120_A0,NULL_FLARE_RED_NOISE,29,0,3,VALID,-11.162044195934754,-3.402474204292389,false,42.818685761783186,formal_m1_center_not_selected
primary,S000391,C010_NULL_N120_A0,NULL_FLARE_RED_NOISE,30,0,3,VALID,-9.091697730139686,-1.5219796367350682,false,41.28415028459115,formal_m1_center_not_selected
primary,S000392,C010_NULL_N120_A0,NULL_FLARE_RED_NOISE,31,0,3,VALID,-6.357880170341787,0.8544871705601054,false,84.70330380810235,formal_m1_center_not_selected
primary,S000393,C010_NULL_N120_A0,NULL_FLARE_RED_NOISE,32,0,3,VALID,-3.6228677609144597,2.1266148856157088,false,62.66619244948679,formal_m1_center_not_selected
primary,S000394,C010_NULL_N120_A0,NULL_FLARE_RED_NOISE,33,0,3,VALID,-4.288493609991065,1.8148090371378203,false,47.121836001787614,formal_m1_center_not_selected
primary,S000395,C010_NULL_N120_A0,NULL_FLARE_RED_NOISE,34,0,3,VALID,-0.2432265081914693,5.918372797045322,false,50.078309712074024,formal_m1_center_not_selected
primary,S000396,C010_NULL_N120_A0,NULL_FLARE_RED_NOISE,35,0,3,VALID,-11.099473596083385,-3.494764856719712,false,50.56250439334489,formal_m1_center_not_selected
primary,S000397,C010_NULL_N120_A0,NULL_FLARE_RED_NOISE,36,0,3,VALID,-9.052157441263034,-2.5817958563974344,false,121.10541985005246,formal_m1_center_not_selected
primary,S000398,C010_NULL_N120_A0,NULL_FLARE_RED_NOISE,37,0,3,VALID,-8.771124620583123,-2.787633280052546,false,60.20816226547345,formal_m1_center_not_selected
primary,S000399,C010_NULL_N120_A0,NULL_FLARE_RED_NOISE,38,0,3,VALID,-10.510775675122659,-2.961988793213777,false,153.88942777249238,formal_m1_center_not_selected
primary,S000400,C010_NULL_N120_A0,NULL_FLARE_RED_NOISE,39,0,3,VALID,-9.170414247594294,-1.1520444485039434,false,71.77943425516763,formal_m1_center_not_selected
primary,S000401,C011_NULL_N120_A1,NULL_FLARE_RED_NOISE,0,0,3,VALID,-10.50837063000813,-2.9544012736951117,false,179.067111651782,formal_m1_center_not_selected
primary,S000402,C011_NULL_N120_A1,NULL_FLARE_RED_NOISE,1,0,3,VALID,-9.724441670088709,-1.7073717978887544,false,62.115937270637716,formal_m1_center_not_selected
primary,S000403,C011_NULL_N120_A1,NULL_FLARE_RED_NOISE,2,0,3,VALID,-10.531012047776017,-2.9645866975866966,false,55.70920215930122,formal_m1_center_not_selected
primary,S000404,C011_NULL_N120_A1,NULL_FLARE_RED_NOISE,3,0,3,VALID,-11.552537244420932,-3.985491030091339,false,40.0,formal_m1_center_not_selected
primary,S000405,C011_NULL_N120_A1,NULL_FLARE_RED_NOISE,4,0,3,VALID,-10.361129447474468,-3.1145824655818615,false,46.8536771022789,formal_m1_center_not_selected
primary,S000406,C011_NULL_N120_A1,NULL_FLARE_RED_NOISE,5,0,3,VALID,-9.15478112817425,-1.3971320399854221,false,50.243417739039366,formal_m1_center_not_selected
primary,S000407,C011_NULL_N120_A1,NULL_FLARE_RED_NOISE,6,0,3,VALID,-10.343540049280364,-2.481158820940891,false,53.60061749913149,formal_m1_center_not_selected
primary,S000408,C011_NULL_N120_A1,NULL_FLARE_RED_NOISE,7,0,3,VALID,-10.30013728369397,-2.3045023088795915,false,62.569565214415505,formal_m1_center_not_selected
primary,S000409,C011_NULL_N120_A1,NULL_FLARE_RED_NOISE,8,0,3,VALID,-11.62479403577936,-3.7690472389260776,false,57.4780947936233,formal_m1_center_not_selected
primary,S000410,C011_NULL_N120_A1,NULL_FLARE_RED_NOISE,9,0,3,VALID,-9.468532668036119,-2.6233348378807477,false,54.64226249285504,formal_m1_center_not_selected
primary,S000411,C011_NULL_N120_A1,NULL_FLARE_RED_NOISE,10,0,3,VALID,-10.934132773934039,-3.092855137914512,false,46.73159304130691,formal_m1_center_not_selected
primary,S000412,C011_NULL_N120_A1,NULL_FLARE_RED_NOISE,11,0,3,VALID,-11.579930023540214,-3.8987621664136896,false,59.08712328243315,formal_m1_center_not_selected
primary,S000413,C011_NULL_N120_A1,NULL_FLARE_RED_NOISE,12,0,3,VALID,-11.53191768406748,-4.017770911057369,false,63.695977651642664,formal_m1_center_not_selected
primary,S000414,C011_NULL_N120_A1,NULL_FLARE_RED_NOISE,13,0,3,VALID,1.5779709682722114,6.9324113699690315,false,64.68488412473415,formal_m1_center_not_selected
primary,S000415,C011_NULL_N120_A1,NULL_FLARE_RED_NOISE,14,0,3,VALID,-10.148930913645472,-2.8554049179549565,false,71.3932807387493,formal_m1_center_not_selected
primary,S000416,C011_NULL_N120_A1,NULL_FLARE_RED_NOISE,15,0,3,VALID,-6.311541144380044,-0.3029116144848558,false,56.17133923136939,formal_m1_center_not_selected
primary,S000417,C011_NULL_N120_A1,NULL_FLARE_RED_NOISE,16,0,3,VALID,-4.95877403778843,0.6945096419594847,false,60.3422846150316,formal_m1_center_not_selected
primary,S000418,C011_NULL_N120_A1,NULL_FLARE_RED_NOISE,17,0,3,VALID,-10.198753465692334,-3.5265987122895694,false,74.70760895704595,formal_m1_center_not_selected
primary,S000419,C011_NULL_N120_A1,NULL_FLARE_RED_NOISE,18,0,3,VALID,-9.560419599880674,-2.578305524184543,false,62.231612567372814,formal_m1_center_not_selected
primary,S000420,C011_NULL_N120_A1,NULL_FLARE_RED_NOISE,19,0,3,VALID,-10.445829666094596,-3.494061195089671,false,120.09585800704015,formal_m1_center_not_selected
primary,S000421,C011_NULL_N120_A1,NULL_FLARE_RED_NOISE,20,0,3,VALID,-9.003692420961329,-4.653535980484094,false,47.12183625113107,formal_m1_center_not_selected
primary,S000422,C011_NULL_N120_A1,NULL_FLARE_RED_NOISE,21,0,3,VALID,-10.330100098572643,-3.7383523864348263,false,45.39838368592561,formal_m1_center_not_selected
primary,S000423,C011_NULL_N120_A1,NULL_FLARE_RED_NOISE,22,0,3,VALID,-6.127918164650055,0.552201940127361,false,82.17889919289728,formal_m1_center_not_selected
primary,S000424,C011_NULL_N120_A1,NULL_FLARE_RED_NOISE,23,0,3,VALID,-4.47920702549402,-0.5888391244194509,false,45.7487815669526,formal_m1_center_not_selected
primary,S000425,C011_NULL_N120_A1,NULL_FLARE_RED_NOISE,24,0,3,VALID,-10.734985017056943,-3.4360701490887777,false,71.58216381051356,formal_m1_center_not_selected
primary,S000426,C011_NULL_N120_A1,NULL_FLARE_RED_NOISE,25,0,3,VALID,-9.809249303199863,-3.020023144487709,false,57.452665592679054,formal_m1_center_not_selected
primary,S000427,C011_NULL_N120_A1,NULL_FLARE_RED_NOISE,26,0,3,VALID,-8.620517715041274,-2.0756067229923474,false,46.2046874865906,formal_m1_center_not_selected
primary,S000428,C011_NULL_N120_A1,NULL_FLARE_RED_NOISE,27,0,3,VALID,-9.46581413174249,-1.7609336319383146,false,52.11428787751149,formal_m1_center_not_selected
primary,S000429,C011_NULL_N120_A1,NULL_FLARE_RED_NOISE,28,0,3,VALID,-10.414126144863758,-3.1561953991326845,false,66.65665377942625,formal_m1_center_not_selected
primary,S000430,C011_NULL_N120_A1,NULL_FLARE_RED_NOISE,29,0,3,VALID,-9.55627313969353,-2.2584956094227664,false,52.34830216609277,formal_m1_center_not_selected
primary,S000431,C011_NULL_N120_A1,NULL_FLARE_RED_NOISE,30,0,3,VALID,-6.061973713970588,0.7635267451789787,false,89.96595496152472,formal_m1_center_not_selected
primary,S000432,C011_NULL_N120_A1,NULL_FLARE_RED_NOISE,31,0,3,VALID,-8.902547106297675,-1.2643091796080625,false,58.4293454980221,formal_m1_center_not_selected
primary,S000433,C011_NULL_N120_A1,NULL_FLARE_RED_NOISE,32,0,3,VALID,-10.728853287940524,-3.038092563090231,false,56.00074371068918,formal_m1_center_not_selected
primary,S000434,C011_NULL_N120_A1,NULL_FLARE_RED_NOISE,33,0,3,VALID,-10.105703353436638,-2.201300717237018,false,45.22044049917138,formal_m1_center_not_selected
primary,S000435,C011_NULL_N120_A1,NULL_FLARE_RED_NOISE,34,0,3,VALID,-8.22249149032018,-1.0492248571454184,false,51.81449905030495,formal_m1_center_not_selected
primary,S000436,C011_NULL_N120_A1,NULL_FLARE_RED_NOISE,35,0,3,VALID,-8.329312626216506,-1.3723622087040894,false,68.59371586765513,formal_m1_center_not_selected
primary,S000437,C011_NULL_N120_A1,NULL_FLARE_RED_NOISE,36,0,3,VALID,-8.627191035404962,-2.031611810370464,false,42.182687841577554,formal_m1_center_not_selected
primary,S000438,C011_NULL_N120_A1,NULL_FLARE_RED_NOISE,37,0,3,VALID,-9.638926393263432,-3.1880591161270786,false,62.73921418847604,formal_m1_center_not_selected
primary,S000439,C011_NULL_N120_A1,NULL_FLARE_RED_NOISE,38,0,3,VALID,-10.621992822596326,-3.154192951993423,false,92.46550371348599,formal_m1_center_not_selected
primary,S000440,C011_NULL_N120_A1,NULL_FLARE_RED_NOISE,39,0,3,VALID,-8.239808198830815,-1.614344917199901,false,55.93799787823684,formal_m1_center_not_selected
primary,S000441,C012_NULL_N120_A2,NULL_FLARE_RED_NOISE,0,0,3,VALID,-11.746256978293218,-4.322354340589868,false,43.82665255008164,formal_m1_center_not_selected
primary,S000442,C012_NULL_N120_A2,NULL_FLARE_RED_NOISE,1,0,3,VALID,-11.836896555504609,-4.301604142868541,false,43.15644515566182,formal_m1_center_not_selected
primary,S000443,C012_NULL_N120_A2,NULL_FLARE_RED_NOISE,2,0,3,VALID,-11.73655419847637,-4.171761267562488,false,40.80678244305388,formal_m1_center_not_selected
primary,S000444,C012_NULL_N120_A2,NULL_FLARE_RED_NOISE,3,0,3,VALID,-11.312046393423088,-3.6692198017640294,false,65.31319624959869,formal_m1_center_not_selected
primary,S000445,C012_NULL_N120_A2,NULL_FLARE_RED_NOISE,4,0,3,VALID,-11.764607126323085,-4.096439123042728,false,40.0,formal_m1_center_not_selected
primary,S000446,C012_NULL_N120_A2,NULL_FLARE_RED_NOISE,5,0,3,VALID,-11.447491600817898,-4.430395049049821,false,146.4797269980749,formal_m1_center_not_selected
primary,S000447,C012_NULL_N120_A2,NULL_FLARE_RED_NOISE,6,0,3,VALID,-12.000335781277158,-4.5215677740741285,false,299.99999999999994,formal_m1_center_not_selected
primary,S000448,C012_NULL_N120_A2,NULL_FLARE_RED_NOISE,7,0,3,VALID,-11.920937006382815,-4.722483029925002,false,42.61601157748514,formal_m1_center_not_selected
primary,S000449,C012_NULL_N120_A2,NULL_FLARE_RED_NOISE,8,0,3,VALID,-10.685361412980797,-2.7590646596337365,false,57.54834105563573,formal_m1_center_not_selected
primary,S000450,C012_NULL_N120_A2,NULL_FLARE_RED_NOISE,9,0,3,VALID,-11.74333579694894,-4.193578820790094,false,40.0,formal_m1_center_not_selected
primary,S000451,C012_NULL_N120_A2,NULL_FLARE_RED_NOISE,10,0,3,VALID,-11.412384300459848,-3.931655195004396,false,44.566814960956464,formal_m1_center_not_selected
primary,S000452,C012_NULL_N120_A2,NULL_FLARE_RED_NOISE,11,0,3,VALID,-10.938292375962305,-3.393996378974748,false,50.916996686603206,formal_m1_center_not_selected
primary,S000453,C012_NULL_N120_A2,NULL_FLARE_RED_NOISE,12,0,3,VALID,-11.516118912119623,-3.675753620992623,false,43.942215266751816,formal_m1_center_not_selected
primary,S000454,C012_NULL_N120_A2,NULL_FLARE_RED_NOISE,13,0,3,VALID,-9.680802834790143,-2.7834584549515284,false,74.60657640090177,formal_m1_center_not_selected
primary,S000455,C012_NULL_N120_A2,NULL_FLARE_RED_NOISE,14,0,3,VALID,-11.840314685185717,-4.099938284463747,false,42.33541935395946,formal_m1_center_not_selected
primary,S000456,C012_NULL_N120_A2,NULL_FLARE_RED_NOISE,15,0,3,VALID,-11.485616713018658,-3.573792167619331,false,40.00000000000011,formal_m1_center_not_selected
primary,S000457,C012_NULL_N120_A2,NULL_FLARE_RED_NOISE,16,0,3,VALID,-11.694253218270205,-3.7402709712050637,false,274.07983648944133,formal_m1_center_not_selected
primary,S000458,C012_NULL_N120_A2,NULL_FLARE_RED_NOISE,17,0,3,VALID,-12.065818269551755,-4.2037224578152745,false,45.32401652405095,formal_m1_center_not_selected
primary,S000459,C012_NULL_N120_A2,NULL_FLARE_RED_NOISE,18,0,3,VALID,-11.86689680539007,-3.83676520003894,false,130.23548463697858,formal_m1_center_not_selected
primary,S000460,C012_NULL_N120_A2,NULL_FLARE_RED_NOISE,19,0,3,VALID,-11.536106462307316,-3.8704322617038542,false,85.21406073915209,formal_m1_center_not_selected
primary,S000461,C012_NULL_N120_A2,NULL_FLARE_RED_NOISE,20,0,3,VALID,-11.710736285234702,-4.743023242521872,false,299.99999999999994,formal_m1_center_not_selected
primary,S000462,C012_NULL_N120_A2,NULL_FLARE_RED_NOISE,21,0,3,VALID,-10.918315627324318,-3.3732589976618783,false,55.738529961343,formal_m1_center_not_selected
primary,S000463,C012_NULL_N120_A2,NULL_FLARE_RED_NOISE,22,0,3,VALID,-11.180377153123345,-3.831785995482278,false,47.16120089515866,formal_m1_center_not_selected
primary,S000464,C012_NULL_N120_A2,NULL_FLARE_RED_NOISE,23,0,3,VALID,-11.579374476906537,-4.318319220502758,false,42.93436031368893,formal_m1_center_not_selected
primary,S000465,C012_NULL_N120_A2,NULL_FLARE_RED_NOISE,24,0,3,VALID,-11.378973499227072,-3.7171004332246866,false,84.80936159637768,formal_m1_center_not_selected
primary,S000466,C012_NULL_N120_A2,NULL_FLARE_RED_NOISE,25,0,3,VALID,-12.009872788925122,-4.337750944832919,false,299.99999999999994,formal_m1_center_not_selected
primary,S000467,C012_NULL_N120_A2,NULL_FLARE_RED_NOISE,26,0,3,VALID,-11.52695173752329,-4.000131882067876,false,161.67895740408062,formal_m1_center_not_selected
primary,S000468,C012_NULL_N120_A2,NULL_FLARE_RED_NOISE,27,0,3,VALID,-11.567057637634889,-4.176500461337355,false,161.30600180839562,formal_m1_center_not_selected
primary,S000469,C012_NULL_N120_A2,NULL_FLARE_RED_NOISE,28,0,3,VALID,-11.939110650108205,-4.480708028418576,false,44.8361087228206,formal_m1_center_not_selected
primary,S000470,C012_NULL_N120_A2,NULL_FLARE_RED_NOISE,29,0,3,VALID,-11.226216480050198,-4.626172443132418,false,41.6617745554141,formal_m1_center_not_selected
primary,S000471,C012_NULL_N120_A2,NULL_FLARE_RED_NOISE,30,0,3,VALID,-11.635174149744557,-4.134881283541063,false,161.68355946855075,formal_m1_center_not_selected
primary,S000472,C012_NULL_N120_A2,NULL_FLARE_RED_NOISE,31,0,3,VALID,-11.695015166196868,-4.010608423604822,false,47.869893971433605,formal_m1_center_not_selected
primary,S000473,C012_NULL_N120_A2,NULL_FLARE_RED_NOISE,32,0,3,VALID,-11.56769013641042,-3.874560550044748,false,43.32322003070167,formal_m1_center_not_selected
primary,S000474,C012_NULL_N120_A2,NULL_FLARE_RED_NOISE,33,0,3,VALID,-11.51755039939087,-4.155308165600445,false,40.0,formal_m1_center_not_selected
primary,S000475,C012_NULL_N120_A2,NULL_FLARE_RED_NOISE,34,0,3,VALID,-11.855172028164361,-4.09942447211165,false,195.1194353574318,formal_m1_center_not_selected
primary,S000476,C012_NULL_N120_A2,NULL_FLARE_RED_NOISE,35,0,3,VALID,-11.778954596804624,-4.358237845103531,false,299.99999999999994,formal_m1_center_not_selected
primary,S000477,C012_NULL_N120_A2,NULL_FLARE_RED_NOISE,36,0,3,VALID,-10.896292442783079,-3.731254298141721,false,40.0,formal_m1_center_not_selected
primary,S000478,C012_NULL_N120_A2,NULL_FLARE_RED_NOISE,37,0,3,VALID,-10.794796575351711,-3.2032027685729645,false,40.0,formal_m1_center_not_selected
primary,S000479,C012_NULL_N120_A2,NULL_FLARE_RED_NOISE,38,0,3,VALID,-12.007443915625117,-4.012852571890107,false,252.6695580470048,formal_m1_center_not_selected
primary,S000480,C012_NULL_N120_A2,NULL_FLARE_RED_NOISE,39,0,3,VALID,-11.97490791042435,-4.567427441557925,false,40.0,formal_m1_center_not_selected
primary,S000481,C013_QPP_N015_P050_A0_Q010,STATIONARY_QPP_PRESENT,0,0,3,VALID,-5.5941397768218195,-1.8926581892282721,false,208.0357394439235,formal_m1_center_not_selected
primary,S000482,C013_QPP_N015_P050_A0_Q010,STATIONARY_QPP_PRESENT,1,0,3,VALID,-5.594112750201415,-1.9134554308778489,false,212.63404978206862,formal_m1_center_not_selected
primary,S000483,C013_QPP_N015_P050_A0_Q010,STATIONARY_QPP_PRESENT,2,0,3,VALID,-5.545677855340674,-1.940531707638237,false,130.03069842583702,formal_m1_center_not_selected
primary,S000484,C013_QPP_N015_P050_A0_Q010,STATIONARY_QPP_PRESENT,3,0,3,VALID,-5.605482971758208,-1.8641095546089383,false,228.72965685496584,formal_m1_center_not_selected
primary,S000485,C013_QPP_N015_P050_A0_Q010,STATIONARY_QPP_PRESENT,4,0,3,VALID,-5.4958042624576215,-1.9760146573794772,false,162.04297434415653,formal_m1_center_not_selected
primary,S000486,C013_QPP_N015_P050_A0_Q010,STATIONARY_QPP_PRESENT,5,0,3,VALID,-5.652920067529024,-1.9282715070379668,false,128.596016565772,formal_m1_center_not_selected
primary,S000487,C013_QPP_N015_P050_A0_Q010,STATIONARY_QPP_PRESENT,6,0,3,VALID,-5.396154571985164,-1.9136753901511172,false,148.68793419523863,formal_m1_center_not_selected
primary,S000488,C013_QPP_N015_P050_A0_Q010,STATIONARY_QPP_PRESENT,7,0,3,VALID,-5.600654357610372,-1.9025667302844544,false,217.10644999451262,formal_m1_center_not_selected
primary,S000489,C013_QPP_N015_P050_A0_Q010,STATIONARY_QPP_PRESENT,8,0,3,VALID,-5.210734259552007,-1.9455805270388984,false,152.45052101054316,formal_m1_center_not_selected
primary,S000490,C013_QPP_N015_P050_A0_Q010,STATIONARY_QPP_PRESENT,9,0,3,VALID,-5.384382576720093,-1.8615377663548047,false,217.57187863650486,formal_m1_center_not_selected
primary,S000491,C013_QPP_N015_P050_A0_Q010,STATIONARY_QPP_PRESENT,10,0,3,VALID,-5.257624871340976,-1.8695330945208957,false,42.74975037701666,formal_m1_center_not_selected
primary,S000492,C013_QPP_N015_P050_A0_Q010,STATIONARY_QPP_PRESENT,11,0,3,VALID,-5.454590145816342,-1.9533784270633978,false,174.16841676869262,formal_m1_center_not_selected
primary,S000493,C013_QPP_N015_P050_A0_Q010,STATIONARY_QPP_PRESENT,12,0,3,VALID,-5.5230348401616,-1.842613391910226,false,217.24138972119007,formal_m1_center_not_selected
primary,S000494,C013_QPP_N015_P050_A0_Q010,STATIONARY_QPP_PRESENT,13,0,3,VALID,-5.1944646759141175,-1.791102814422989,false,126.31029875753286,formal_m1_center_not_selected
primary,S000495,C013_QPP_N015_P050_A0_Q010,STATIONARY_QPP_PRESENT,14,0,3,VALID,-5.594313757667637,-1.8374081803258955,false,218.2959645001228,formal_m1_center_not_selected
primary,S000496,C013_QPP_N015_P050_A0_Q010,STATIONARY_QPP_PRESENT,15,0,3,VALID,-5.473579116127052,-1.9165197522249917,false,178.2020726349848,formal_m1_center_not_selected
primary,S000497,C013_QPP_N015_P050_A0_Q010,STATIONARY_QPP_PRESENT,16,0,3,VALID,-5.540973049539948,-1.8793089607537814,false,236.25475945925447,formal_m1_center_not_selected
primary,S000498,C013_QPP_N015_P050_A0_Q010,STATIONARY_QPP_PRESENT,17,0,3,VALID,-5.547016125566328,-1.894729827282858,false,217.84252929294786,formal_m1_center_not_selected
primary,S000499,C013_QPP_N015_P050_A0_Q010,STATIONARY_QPP_PRESENT,18,0,3,VALID,-5.682809619006255,-1.8781749806361754,false,213.9666546341393,formal_m1_center_not_selected
primary,S000500,C013_QPP_N015_P050_A0_Q010,STATIONARY_QPP_PRESENT,19,0,3,VALID,-5.301391118165734,-1.8425064321984896,false,126.88028141326356,formal_m1_center_not_selected
primary,S000501,C013_QPP_N015_P050_A0_Q010,STATIONARY_QPP_PRESENT,20,0,3,VALID,-5.633238282293485,-1.9213833444887163,false,149.05925913402083,formal_m1_center_not_selected
primary,S000502,C013_QPP_N015_P050_A0_Q010,STATIONARY_QPP_PRESENT,21,0,3,VALID,-5.402474437865994,-1.797863482734802,false,233.52571625175636,formal_m1_center_not_selected
primary,S000503,C013_QPP_N015_P050_A0_Q010,STATIONARY_QPP_PRESENT,22,0,3,VALID,-5.515620961621739,-1.9379850185257022,false,133.20792432420677,formal_m1_center_not_selected
primary,S000504,C013_QPP_N015_P050_A0_Q010,STATIONARY_QPP_PRESENT,23,0,3,VALID,-5.54549524343634,-1.7990635429252064,false,220.54871693152938,formal_m1_center_not_selected
primary,S000505,C013_QPP_N015_P050_A0_Q010,STATIONARY_QPP_PRESENT,24,0,3,VALID,-5.428794854648308,-1.900597547550773,false,47.08179566137361,formal_m1_center_not_selected
primary,S000506,C013_QPP_N015_P050_A0_Q010,STATIONARY_QPP_PRESENT,25,0,3,VALID,-5.532041235574901,-1.7999413115571778,false,218.43581352552386,formal_m1_center_not_selected
primary,S000507,C013_QPP_N015_P050_A0_Q010,STATIONARY_QPP_PRESENT,26,0,3,VALID,-5.558332823488291,-1.9267762084567073,false,131.21587490246077,formal_m1_center_not_selected
primary,S000508,C013_QPP_N015_P050_A0_Q010,STATIONARY_QPP_PRESENT,27,0,3,VALID,-5.415231124876584,-1.9020344694067939,false,154.31641421873675,formal_m1_center_not_selected
primary,S000509,C013_QPP_N015_P050_A0_Q010,STATIONARY_QPP_PRESENT,28,0,3,VALID,-5.359313538231177,-1.94910894879549,false,151.13128284679394,formal_m1_center_not_selected
primary,S000510,C013_QPP_N015_P050_A0_Q010,STATIONARY_QPP_PRESENT,29,0,3,VALID,-5.4186200692254705,-1.8791064343190813,false,228.31850903662826,formal_m1_center_not_selected
primary,S000511,C013_QPP_N015_P050_A0_Q010,STATIONARY_QPP_PRESENT,30,0,3,VALID,-5.466131592848074,-1.9156216269689041,false,149.77590103060865,formal_m1_center_not_selected
primary,S000512,C013_QPP_N015_P050_A0_Q010,STATIONARY_QPP_PRESENT,31,0,3,VALID,-5.507415962441609,-1.898885633516504,false,232.30459067225087,formal_m1_center_not_selected
primary,S000513,C013_QPP_N015_P050_A0_Q010,STATIONARY_QPP_PRESENT,32,0,3,VALID,-5.401834739505935,-1.9338257126763638,false,130.1265607389369,formal_m1_center_not_selected
primary,S000514,C013_QPP_N015_P050_A0_Q010,STATIONARY_QPP_PRESENT,33,0,3,VALID,-5.284020114336956,-1.711908401383364,false,40.0,formal_m1_center_not_selected
primary,S000515,C013_QPP_N015_P050_A0_Q010,STATIONARY_QPP_PRESENT,34,0,3,VALID,-5.233088836691941,-1.9582927213008814,false,157.82154426617376,formal_m1_center_not_selected
primary,S000516,C013_QPP_N015_P050_A0_Q010,STATIONARY_QPP_PRESENT,35,0,3,VALID,-5.519402605221359,-1.9424320263489792,false,184.41929379931193,formal_m1_center_not_selected
primary,S000517,C013_QPP_N015_P050_A0_Q010,STATIONARY_QPP_PRESENT,36,0,3,VALID,-5.575083859437379,-1.9229734632521067,false,219.2052147251332,formal_m1_center_not_selected
primary,S000518,C013_QPP_N015_P050_A0_Q010,STATIONARY_QPP_PRESENT,37,0,3,VALID,-5.556776027164393,-1.912775609713699,false,219.74944665951284,formal_m1_center_not_selected
primary,S000519,C013_QPP_N015_P050_A0_Q010,STATIONARY_QPP_PRESENT,38,0,3,VALID,-5.5699898031975685,-1.929677925338118,false,128.23412586082938,formal_m1_center_not_selected
primary,S000520,C013_QPP_N015_P050_A0_Q010,STATIONARY_QPP_PRESENT,39,0,3,VALID,-5.508584472323097,-1.9103213293853925,false,150.20782021915076,formal_m1_center_not_selected
primary,S000521,C014_QPP_N015_P050_A0_Q020,STATIONARY_QPP_PRESENT,0,0,3,VALID,-5.587901156008339,-1.9041623968301833,false,126.22448943500288,formal_m1_center_not_selected
primary,S000522,C014_QPP_N015_P050_A0_Q020,STATIONARY_QPP_PRESENT,1,0,3,VALID,-5.542825911812564,-1.944134906505318,false,175.06865789663368,formal_m1_center_not_selected
primary,S000523,C014_QPP_N015_P050_A0_Q020,STATIONARY_QPP_PRESENT,2,0,3,VALID,-5.469696930310281,-1.9475356016272594,false,162.3448550203914,formal_m1_center_not_selected
primary,S000524,C014_QPP_N015_P050_A0_Q020,STATIONARY_QPP_PRESENT,3,0,3,VALID,-5.62629435910271,-1.8235260946336824,false,56.492399359744404,formal_m1_center_not_selected
primary,S000525,C014_QPP_N015_P050_A0_Q020,STATIONARY_QPP_PRESENT,4,0,3,VALID,-5.384636918372756,-1.9106710698719764,false,45.71084459981199,formal_m1_center_not_selected
primary,S000526,C014_QPP_N015_P050_A0_Q020,STATIONARY_QPP_PRESENT,5,0,3,VALID,-5.681683618504161,-1.918401389906017,false,124.98736992779372,formal_m1_center_not_selected
primary,S000527,C014_QPP_N015_P050_A0_Q020,STATIONARY_QPP_PRESENT,6,0,3,VALID,-5.311530125444682,-1.8861711401377024,false,159.1906388805956,formal_m1_center_not_selected
primary,S000528,C014_QPP_N015_P050_A0_Q020,STATIONARY_QPP_PRESENT,7,0,3,VALID,-5.622344031767904,-1.8880825872082498,false,218.15206781621282,formal_m1_center_not_selected
primary,S000529,C014_QPP_N015_P050_A0_Q020,STATIONARY_QPP_PRESENT,8,0,3,VALID,-5.097745274570135,-1.7724112385228201,false,152.2910869440174,formal_m1_center_not_selected
primary,S000530,C014_QPP_N015_P050_A0_Q020,STATIONARY_QPP_PRESENT,9,0,3,VALID,-5.369291171496048,-1.8845091924868695,false,213.59746921795556,formal_m1_center_not_selected
primary,S000531,C014_QPP_N015_P050_A0_Q020,STATIONARY_QPP_PRESENT,10,0,3,VALID,-5.0469556401366,-1.6919802972412645,false,40.00029659074139,formal_m1_center_not_selected
primary,S000532,C014_QPP_N015_P050_A0_Q020,STATIONARY_QPP_PRESENT,11,0,3,VALID,-5.487358307242728,-1.9567147677248427,false,175.8617847393793,formal_m1_center_not_selected
primary,S000533,C014_QPP_N015_P050_A0_Q020,STATIONARY_QPP_PRESENT,12,0,3,VALID,-5.501498379008117,-1.843473486001618,false,233.96214501311655,formal_m1_center_not_selected
primary,S000534,C014_QPP_N015_P050_A0_Q020,STATIONARY_QPP_PRESENT,13,0,3,VALID,-5.078080962243483,-1.8895390733179633,false,124.90182923745436,formal_m1_center_not_selected
primary,S000535,C014_QPP_N015_P050_A0_Q020,STATIONARY_QPP_PRESENT,14,0,3,VALID,-5.6310778116820845,-1.8181419882024565,false,216.3226340162534,formal_m1_center_not_selected
primary,S000536,C014_QPP_N015_P050_A0_Q020,STATIONARY_QPP_PRESENT,15,0,3,VALID,-5.500907015995818,-1.8586577749417037,false,231.29613779582573,formal_m1_center_not_selected
primary,S000537,C014_QPP_N015_P050_A0_Q020,STATIONARY_QPP_PRESENT,16,0,3,VALID,-5.54121684423111,-1.9049521839825614,false,214.9068880991171,formal_m1_center_not_selected
primary,S000538,C014_QPP_N015_P050_A0_Q020,STATIONARY_QPP_PRESENT,17,0,3,VALID,-5.517300758504582,-1.925699827385034,false,163.93205926509737,formal_m1_center_not_selected
primary,S000539,C014_QPP_N015_P050_A0_Q020,STATIONARY_QPP_PRESENT,18,0,3,VALID,-5.688113784570238,-1.8961991394337625,false,145.48289917766985,formal_m1_center_not_selected
primary,S000540,C014_QPP_N015_P050_A0_Q020,STATIONARY_QPP_PRESENT,19,0,3,VALID,-5.265396681739359,-1.8474035578334762,false,123.64857651876576,formal_m1_center_not_selected
primary,S000541,C014_QPP_N015_P050_A0_Q020,STATIONARY_QPP_PRESENT,20,0,3,VALID,-5.664943310555742,-1.8824573108102802,false,215.47454987482848,formal_m1_center_not_selected
primary,S000542,C014_QPP_N015_P050_A0_Q020,STATIONARY_QPP_PRESENT,21,0,3,VALID,-5.302331825161824,-1.6698484063411163,false,53.39884639275747,formal_m1_center_not_selected
primary,S000543,C014_QPP_N015_P050_A0_Q020,STATIONARY_QPP_PRESENT,22,0,3,VALID,-5.575046556957879,-1.9099393467142827,false,214.0624143545282,formal_m1_center_not_selected
primary,S000544,C014_QPP_N015_P050_A0_Q020,STATIONARY_QPP_PRESENT,23,0,3,VALID,-5.50927442968627,-1.785819470775805,false,53.23502917553425,formal_m1_center_not_selected
primary,S000545,C014_QPP_N015_P050_A0_Q020,STATIONARY_QPP_PRESENT,24,0,3,VALID,-5.38560501238919,-1.9338825988006993,false,46.80158581335738,formal_m1_center_not_selected
primary,S000546,C014_QPP_N015_P050_A0_Q020,STATIONARY_QPP_PRESENT,25,0,3,VALID,-5.516421551099954,-1.7824843903609144,false,217.99180071321888,formal_m1_center_not_selected
primary,S000547,C014_QPP_N015_P050_A0_Q020,STATIONARY_QPP_PRESENT,26,0,3,VALID,-5.5749089831579415,-1.9258492144724793,false,131.65884651825777,formal_m1_center_not_selected
primary,S000548,C014_QPP_N015_P050_A0_Q020,STATIONARY_QPP_PRESENT,27,0,3,VALID,-5.316575555941057,-1.9460954593134625,false,153.54121715461218,formal_m1_center_not_selected
primary,S000549,C014_QPP_N015_P050_A0_Q020,STATIONARY_QPP_PRESENT,28,0,3,VALID,-5.282067715821219,-1.8271209292192525,false,151.51868145443413,formal_m1_center_not_selected
primary,S000550,C014_QPP_N015_P050_A0_Q020,STATIONARY_QPP_PRESENT,29,0,3,VALID,-5.452271673007459,-1.8071149832425126,false,223.07156970432533,formal_m1_center_not_selected
primary,S000551,C014_QPP_N015_P050_A0_Q020,STATIONARY_QPP_PRESENT,30,0,3,VALID,-5.455815822360604,-1.931032155101085,false,150.90418761815312,formal_m1_center_not_selected
primary,S000552,C014_QPP_N015_P050_A0_Q020,STATIONARY_QPP_PRESENT,31,0,3,VALID,-5.519054474910831,-1.840960698074574,false,234.5171738912737,formal_m1_center_not_selected
primary,S000553,C014_QPP_N015_P050_A0_Q020,STATIONARY_QPP_PRESENT,32,0,3,VALID,-5.315850175546549,-1.9454917375086067,false,171.17495811736168,formal_m1_center_not_selected
primary,S000554,C014_QPP_N015_P050_A0_Q020,STATIONARY_QPP_PRESENT,33,0,3,VALID,-5.082729899134229,-1.5470809811489366,false,40.0,formal_m1_center_not_selected
primary,S000555,C014_QPP_N015_P050_A0_Q020,STATIONARY_QPP_PRESENT,34,0,3,VALID,-5.133324084515172,-1.9486265935475702,false,157.15267651484066,formal_m1_center_not_selected
primary,S000556,C014_QPP_N015_P050_A0_Q020,STATIONARY_QPP_PRESENT,35,0,3,VALID,-5.468591465253686,-1.9610633261545045,false,173.72878516340643,formal_m1_center_not_selected
primary,S000557,C014_QPP_N015_P050_A0_Q020,STATIONARY_QPP_PRESENT,36,0,3,VALID,-5.512614862624096,-1.938914385647828,false,174.5686177577874,formal_m1_center_not_selected
primary,S000558,C014_QPP_N015_P050_A0_Q020,STATIONARY_QPP_PRESENT,37,0,3,VALID,-5.5950287426696,-1.8675901199415135,false,214.41787336027235,formal_m1_center_not_selected
primary,S000559,C014_QPP_N015_P050_A0_Q020,STATIONARY_QPP_PRESENT,38,0,3,VALID,-5.611446501522623,-1.9288327696030416,false,128.78239820573046,formal_m1_center_not_selected
primary,S000560,C014_QPP_N015_P050_A0_Q020,STATIONARY_QPP_PRESENT,39,0,3,VALID,-5.474043156568381,-1.9370962455361207,false,149.96566402134295,formal_m1_center_not_selected
primary,S000561,C015_QPP_N015_P050_A0_Q040,STATIONARY_QPP_PRESENT,0,0,3,VALID,-5.575070148337543,-1.9748835458615384,false,156.10185561903043,formal_m1_center_not_selected
primary,S000562,C015_QPP_N015_P050_A0_Q040,STATIONARY_QPP_PRESENT,1,0,3,VALID,-5.4000259644461135,-1.9629232833977452,false,168.002163593708,formal_m1_center_not_selected
primary,S000563,C015_QPP_N015_P050_A0_Q040,STATIONARY_QPP_PRESENT,2,0,3,VALID,-5.294033691989792,-1.8752141052718345,false,159.39797351131583,formal_m1_center_not_selected
primary,S000564,C015_QPP_N015_P050_A0_Q040,STATIONARY_QPP_PRESENT,3,0,3,VALID,-5.201022660209681,-1.6830982716722742,false,55.42741607607125,formal_m1_center_not_selected
primary,S000565,C015_QPP_N015_P050_A0_Q040,STATIONARY_QPP_PRESENT,4,0,3,VALID,-5.0040381401592935,-1.6234267144471923,false,45.6286013260787,formal_m1_center_not_selected
primary,S000566,C015_QPP_N015_P050_A0_Q040,STATIONARY_QPP_PRESENT,5,0,3,VALID,-5.624447889027227,-1.7970726209785246,false,54.659528176694124,formal_m1_center_not_selected
primary,S000567,C015_QPP_N015_P050_A0_Q040,STATIONARY_QPP_PRESENT,6,0,3,VALID,-5.089972478648873,-1.864487801679254,false,46.891420741079656,formal_m1_center_not_selected
primary,S000568,C015_QPP_N015_P050_A0_Q040,STATIONARY_QPP_PRESENT,7,0,3,VALID,-5.657261673615082,-1.8859650475209806,false,209.69602692791233,formal_m1_center_not_selected
primary,S000569,C015_QPP_N015_P050_A0_Q040,STATIONARY_QPP_PRESENT,8,0,3,VALID,-4.904308380361876,-1.9326593216597177,false,152.50337138429364,formal_m1_center_not_selected
primary,S000570,C015_QPP_N015_P050_A0_Q040,STATIONARY_QPP_PRESENT,9,0,3,VALID,-5.261874324761624,-1.8524339119547273,false,40.0,formal_m1_center_not_selected
primary,S000571,C015_QPP_N015_P050_A0_Q040,STATIONARY_QPP_PRESENT,10,0,3,VALID,-4.595227319104811,-1.2923923962387418,false,40.0,formal_m1_center_not_selected
primary,S000572,C015_QPP_N015_P050_A0_Q040,STATIONARY_QPP_PRESENT,11,0,3,VALID,-5.541697323998818,-1.9616974255192607,false,160.29087158609323,formal_m1_center_not_selected
primary,S000573,C015_QPP_N015_P050_A0_Q040,STATIONARY_QPP_PRESENT,12,0,3,VALID,-5.452369815461267,-1.8693682464896755,false,235.80763981914706,formal_m1_center_not_selected
primary,S000574,C015_QPP_N015_P050_A0_Q040,STATIONARY_QPP_PRESENT,13,0,3,VALID,-4.9276148915931035,-1.8649461735465342,false,124.665483382302,formal_m1_center_not_selected
primary,S000575,C015_QPP_N015_P050_A0_Q040,STATIONARY_QPP_PRESENT,14,0,3,VALID,-5.247750414471787,-1.9405273328529402,false,54.92126676324304,formal_m1_center_not_selected
primary,S000576,C015_QPP_N015_P050_A0_Q040,STATIONARY_QPP_PRESENT,15,0,3,VALID,-5.476787729745398,-1.8155354458358657,false,54.33735458380797,formal_m1_center_not_selected
primary,S000577,C015_QPP_N015_P050_A0_Q040,STATIONARY_QPP_PRESENT,16,0,3,VALID,-5.515764285526897,-1.940160971174989,false,162.8779330208114,formal_m1_center_not_selected
primary,S000578,C015_QPP_N015_P050_A0_Q040,STATIONARY_QPP_PRESENT,17,0,3,VALID,-5.438779890720662,-1.9646104431398976,false,186.15714380856144,formal_m1_center_not_selected
primary,S000579,C015_QPP_N015_P050_A0_Q040,STATIONARY_QPP_PRESENT,18,0,3,VALID,-5.466511616101295,-1.7509988691311724,false,66.2315909252369,formal_m1_center_not_selected
primary,S000580,C015_QPP_N015_P050_A0_Q040,STATIONARY_QPP_PRESENT,19,0,3,VALID,-5.16373201914022,-1.8369261705700444,false,152.32393824689692,formal_m1_center_not_selected
primary,S000581,C015_QPP_N015_P050_A0_Q040,STATIONARY_QPP_PRESENT,20,0,3,VALID,-5.6138906868345835,-1.8135817757408352,false,56.189823967611865,formal_m1_center_not_selected
primary,S000582,C015_QPP_N015_P050_A0_Q040,STATIONARY_QPP_PRESENT,21,0,3,VALID,-4.797860103364673,-1.304419594106645,false,53.78870657373559,formal_m1_center_not_selected
primary,S000583,C015_QPP_N015_P050_A0_Q040,STATIONARY_QPP_PRESENT,22,0,3,VALID,-5.609321767072965,-1.9024541001569544,false,61.9226449516954,formal_m1_center_not_selected
primary,S000584,C015_QPP_N015_P050_A0_Q040,STATIONARY_QPP_PRESENT,23,0,3,VALID,-5.069369469198868,-1.5349792125915185,false,54.437761617508095,formal_m1_center_not_selected
primary,S000585,C015_QPP_N015_P050_A0_Q040,STATIONARY_QPP_PRESENT,24,0,3,VALID,-5.154359607035435,-1.8482368854225149,false,46.47343817292747,formal_m1_center_not_selected
primary,S000586,C015_QPP_N015_P050_A0_Q040,STATIONARY_QPP_PRESENT,25,0,3,VALID,-5.4773154459929,-1.7690491188362296,false,218.17559181769397,formal_m1_center_not_selected
primary,S000587,C015_QPP_N015_P050_A0_Q040,STATIONARY_QPP_PRESENT,26,0,3,VALID,-5.569838211119542,-1.8959823953479171,false,40.0,formal_m1_center_not_selected
primary,S000588,C015_QPP_N015_P050_A0_Q040,STATIONARY_QPP_PRESENT,27,0,3,VALID,-5.030697838990976,-1.8095601718490064,false,45.63212397311682,formal_m1_center_not_selected
primary,S000589,C015_QPP_N015_P050_A0_Q040,STATIONARY_QPP_PRESENT,28,0,3,VALID,-5.153817425190226,-1.7596368239567726,false,142.5035993831311,formal_m1_center_not_selected
primary,S000590,C015_QPP_N015_P050_A0_Q040,STATIONARY_QPP_PRESENT,29,0,3,VALID,-5.528376790617873,-1.7433548683610356,false,215.84527904908495,formal_m1_center_not_selected
primary,S000591,C015_QPP_N015_P050_A0_Q040,STATIONARY_QPP_PRESENT,30,0,3,VALID,-5.173870120013262,-1.69596827176015,false,40.0,formal_m1_center_not_selected
primary,S000592,C015_QPP_N015_P050_A0_Q040,STATIONARY_QPP_PRESENT,31,0,3,VALID,-5.360000066535397,-1.6618148039103664,false,54.26905151995607,formal_m1_center_not_selected
primary,S000593,C015_QPP_N015_P050_A0_Q040,STATIONARY_QPP_PRESENT,32,0,3,VALID,-5.119089004914905,-1.9460279688428317,false,164.33555217564827,formal_m1_center_not_selected
primary,S000594,C015_QPP_N015_P050_A0_Q040,STATIONARY_QPP_PRESENT,33,0,3,VALID,-4.67383261735926,-1.1987553857720004,false,40.0,formal_m1_center_not_selected
primary,S000595,C015_QPP_N015_P050_A0_Q040,STATIONARY_QPP_PRESENT,34,0,3,VALID,-4.715589699781084,-1.6737644778866558,false,45.45242320069345,formal_m1_center_not_selected
primary,S000596,C015_QPP_N015_P050_A0_Q040,STATIONARY_QPP_PRESENT,35,0,3,VALID,-5.3518611512597865,-1.9705623022624517,false,162.46496426981062,formal_m1_center_not_selected
primary,S000597,C015_QPP_N015_P050_A0_Q040,STATIONARY_QPP_PRESENT,36,0,3,VALID,-5.344162385702935,-1.949171453953336,false,165.41151896651775,formal_m1_center_not_selected
primary,S000598,C015_QPP_N015_P050_A0_Q040,STATIONARY_QPP_PRESENT,37,0,3,VALID,-5.627833115889107,-1.9057398378151076,false,138.1063589676895,formal_m1_center_not_selected
primary,S000599,C015_QPP_N015_P050_A0_Q040,STATIONARY_QPP_PRESENT,38,0,3,VALID,-5.616450576237188,-1.8810234645372033,false,61.88359220955906,formal_m1_center_not_selected
primary,S000600,C015_QPP_N015_P050_A0_Q040,STATIONARY_QPP_PRESENT,39,0,3,VALID,-5.21946907780333,-1.7914717819186654,false,40.0,formal_m1_center_not_selected
primary,S000601,C016_QPP_N015_P050_A1_Q010,STATIONARY_QPP_PRESENT,0,0,3,VALID,-5.344177751412214,-1.9469705673476598,false,171.3934396734746,formal_m1_center_not_selected
primary,S000602,C016_QPP_N015_P050_A1_Q010,STATIONARY_QPP_PRESENT,1,0,3,VALID,-5.413119843558613,-1.9399832227034457,false,132.84910420977303,formal_m1_center_not_selected
primary,S000603,C016_QPP_N015_P050_A1_Q010,STATIONARY_QPP_PRESENT,2,0,3,VALID,-5.703006923362816,-1.9292367709932998,false,171.12899572900653,formal_m1_center_not_selected
primary,S000604,C016_QPP_N015_P050_A1_Q010,STATIONARY_QPP_PRESENT,3,0,3,VALID,-5.5084868421600905,-1.9555805025350361,false,163.85105442659778,formal_m1_center_not_selected
primary,S000605,C016_QPP_N015_P050_A1_Q010,STATIONARY_QPP_PRESENT,4,0,3,VALID,-5.496290284783925,-1.9208103943922952,false,125.36234401111223,formal_m1_center_not_selected
primary,S000606,C016_QPP_N015_P050_A1_Q010,STATIONARY_QPP_PRESENT,5,0,3,VALID,-5.439546778079324,-1.949486668232649,false,159.2829227734422,formal_m1_center_not_selected
primary,S000607,C016_QPP_N015_P050_A1_Q010,STATIONARY_QPP_PRESENT,6,0,3,VALID,-5.578420822194982,-1.8962989810740085,false,226.5558742395971,formal_m1_center_not_selected
primary,S000608,C016_QPP_N015_P050_A1_Q010,STATIONARY_QPP_PRESENT,7,0,3,VALID,-5.504223478464532,-1.9582963236542499,false,177.24584087316714,formal_m1_center_not_selected
primary,S000609,C016_QPP_N015_P050_A1_Q010,STATIONARY_QPP_PRESENT,8,0,3,VALID,-5.344065432789193,-1.9111892678655975,false,128.4445228881366,formal_m1_center_not_selected
primary,S000610,C016_QPP_N015_P050_A1_Q010,STATIONARY_QPP_PRESENT,9,0,3,VALID,-5.419292912753461,-1.9397641331668813,false,166.4505741054318,formal_m1_center_not_selected
primary,S000611,C016_QPP_N015_P050_A1_Q010,STATIONARY_QPP_PRESENT,10,0,3,VALID,-5.485871572600445,-1.7798648029969142,false,215.56211929697307,formal_m1_center_not_selected
primary,S000612,C016_QPP_N015_P050_A1_Q010,STATIONARY_QPP_PRESENT,11,0,3,VALID,-5.584284553371509,-1.789417768874089,false,214.95770085232314,formal_m1_center_not_selected
primary,S000613,C016_QPP_N015_P050_A1_Q010,STATIONARY_QPP_PRESENT,12,0,3,VALID,-5.371699227505664,-1.931471217730393,false,126.99341026619601,formal_m1_center_not_selected
primary,S000614,C016_QPP_N015_P050_A1_Q010,STATIONARY_QPP_PRESENT,13,0,3,VALID,-5.539578732881004,-1.8329810113774831,false,234.11547542419467,formal_m1_center_not_selected
primary,S000615,C016_QPP_N015_P050_A1_Q010,STATIONARY_QPP_PRESENT,14,0,3,VALID,-5.480595129886341,-1.9536351826168952,false,173.77809275007607,formal_m1_center_not_selected
primary,S000616,C016_QPP_N015_P050_A1_Q010,STATIONARY_QPP_PRESENT,15,0,3,VALID,-5.617911710837644,-1.9398533179094608,false,128.05670119986087,formal_m1_center_not_selected
primary,S000617,C016_QPP_N015_P050_A1_Q010,STATIONARY_QPP_PRESENT,16,0,3,VALID,-5.552594109203229,-1.9193989597061565,false,148.589843232789,formal_m1_center_not_selected
primary,S000618,C016_QPP_N015_P050_A1_Q010,STATIONARY_QPP_PRESENT,17,0,3,VALID,-5.5652945382171435,-1.8902465032227793,false,216.52511837812142,formal_m1_center_not_selected
primary,S000619,C016_QPP_N015_P050_A1_Q010,STATIONARY_QPP_PRESENT,18,0,3,VALID,-5.271156904264634,-1.9175211945507433,false,161.28583662104617,formal_m1_center_not_selected
primary,S000620,C016_QPP_N015_P050_A1_Q010,STATIONARY_QPP_PRESENT,19,0,3,VALID,-5.468981068269738,-1.9374264224229245,false,133.1080988843953,formal_m1_center_not_selected
primary,S000621,C016_QPP_N015_P050_A1_Q010,STATIONARY_QPP_PRESENT,20,0,3,VALID,-5.448864229469047,-1.8421059975022898,false,234.24815091579237,formal_m1_center_not_selected
primary,S000622,C016_QPP_N015_P050_A1_Q010,STATIONARY_QPP_PRESENT,21,0,3,VALID,-5.712068887481433,-1.9044143246874947,false,216.3067096454,formal_m1_center_not_selected
primary,S000623,C016_QPP_N015_P050_A1_Q010,STATIONARY_QPP_PRESENT,22,0,3,VALID,-5.525199971031046,-1.9556776694140519,false,182.03587818897975,formal_m1_center_not_selected
primary,S000624,C016_QPP_N015_P050_A1_Q010,STATIONARY_QPP_PRESENT,23,0,3,VALID,-5.711304786273676,-1.942483226674999,false,180.08584985676453,formal_m1_center_not_selected
primary,S000625,C016_QPP_N015_P050_A1_Q010,STATIONARY_QPP_PRESENT,24,0,3,VALID,-5.3800765834419355,-1.8865072756657684,false,216.7726782371406,formal_m1_center_not_selected
primary,S000626,C016_QPP_N015_P050_A1_Q010,STATIONARY_QPP_PRESENT,25,0,3,VALID,-5.476587837441448,-1.9296846488801416,false,129.0006318052567,formal_m1_center_not_selected
primary,S000627,C016_QPP_N015_P050_A1_Q010,STATIONARY_QPP_PRESENT,26,0,3,VALID,-5.526371298907353,-1.8445781437824271,false,238.3572626684958,formal_m1_center_not_selected
primary,S000628,C016_QPP_N015_P050_A1_Q010,STATIONARY_QPP_PRESENT,27,0,3,VALID,-5.459428324722838,-1.8213034991394084,false,215.97016541744236,formal_m1_center_not_selected
primary,S000629,C016_QPP_N015_P050_A1_Q010,STATIONARY_QPP_PRESENT,28,0,3,VALID,-5.5965330297496685,-1.8023895120950053,false,215.04063873143366,formal_m1_center_not_selected
primary,S000630,C016_QPP_N015_P050_A1_Q010,STATIONARY_QPP_PRESENT,29,0,3,VALID,-5.546652422246055,-1.9002129645159238,false,233.32688940768585,formal_m1_center_not_selected
primary,S000631,C016_QPP_N015_P050_A1_Q010,STATIONARY_QPP_PRESENT,30,0,3,VALID,-5.4166487755251875,-1.946705835022537,false,166.86430790069164,formal_m1_center_not_selected
primary,S000632,C016_QPP_N015_P050_A1_Q010,STATIONARY_QPP_PRESENT,31,0,3,VALID,-5.317497033084885,-1.9362068933488912,false,126.5972999081345,formal_m1_center_not_selected
primary,S000633,C016_QPP_N015_P050_A1_Q010,STATIONARY_QPP_PRESENT,32,0,3,VALID,-5.650392125503139,-1.8751830282186335,false,215.11873482173175,formal_m1_center_not_selected
primary,S000634,C016_QPP_N015_P050_A1_Q010,STATIONARY_QPP_PRESENT,33,0,3,VALID,-5.356758397596526,-1.9522933777628078,false,165.70154425046414,formal_m1_center_not_selected
primary,S000635,C016_QPP_N015_P050_A1_Q010,STATIONARY_QPP_PRESENT,34,0,3,VALID,-5.586791344768555,-1.9349978774657517,false,46.827744931852976,formal_m1_center_not_selected
primary,S000636,C016_QPP_N015_P050_A1_Q010,STATIONARY_QPP_PRESENT,35,0,3,VALID,-5.466107687966225,-1.9599953486442017,false,185.02592019172738,formal_m1_center_not_selected
primary,S000637,C016_QPP_N015_P050_A1_Q010,STATIONARY_QPP_PRESENT,36,0,3,VALID,-5.386857508167756,-1.847964289969032,false,233.07892752804224,formal_m1_center_not_selected
primary,S000638,C016_QPP_N015_P050_A1_Q010,STATIONARY_QPP_PRESENT,37,0,3,VALID,-5.5824416088543085,-1.7915171317596679,false,53.025289392130794,formal_m1_center_not_selected
primary,S000639,C016_QPP_N015_P050_A1_Q010,STATIONARY_QPP_PRESENT,38,0,3,VALID,-5.564198133190473,-1.9546403252933624,false,166.87243363897932,formal_m1_center_not_selected
primary,S000640,C016_QPP_N015_P050_A1_Q010,STATIONARY_QPP_PRESENT,39,0,3,VALID,-5.661803955746393,-1.905410216331851,false,231.31195168608573,formal_m1_center_not_selected
primary,S000641,C017_QPP_N015_P050_A1_Q020,STATIONARY_QPP_PRESENT,0,0,3,VALID,-5.251601181586649,-1.947395533138807,false,166.42340204798413,formal_m1_center_not_selected
primary,S000642,C017_QPP_N015_P050_A1_Q020,STATIONARY_QPP_PRESENT,1,0,3,VALID,-5.325098977580865,-1.938424150602784,false,167.86008856592562,formal_m1_center_not_selected
primary,S000643,C017_QPP_N015_P050_A1_Q020,STATIONARY_QPP_PRESENT,2,0,3,VALID,-5.674622498150516,-1.9564756226102125,false,175.23049428204172,formal_m1_center_not_selected
primary,S000644,C017_QPP_N015_P050_A1_Q020,STATIONARY_QPP_PRESENT,3,0,3,VALID,-5.521398693927928,-1.9618118635735504,false,161.18300176821276,formal_m1_center_not_selected
primary,S000645,C017_QPP_N015_P050_A1_Q020,STATIONARY_QPP_PRESENT,4,0,3,VALID,-5.473274288848996,-1.93540055074208,false,124.8628916406336,formal_m1_center_not_selected
primary,S000646,C017_QPP_N015_P050_A1_Q020,STATIONARY_QPP_PRESENT,5,0,3,VALID,-5.373336533718145,-1.893418308464141,false,158.03373877996177,formal_m1_center_not_selected
primary,S000647,C017_QPP_N015_P050_A1_Q020,STATIONARY_QPP_PRESENT,6,0,3,VALID,-5.618168859839601,-1.8528279702411732,false,225.22700181757128,formal_m1_center_not_selected
primary,S000648,C017_QPP_N015_P050_A1_Q020,STATIONARY_QPP_PRESENT,7,0,3,VALID,-5.435284335820544,-1.965015652261937,false,168.7457295896072,formal_m1_center_not_selected
primary,S000649,C017_QPP_N015_P050_A1_Q020,STATIONARY_QPP_PRESENT,8,0,3,VALID,-5.267985503536938,-1.8885565382067382,false,128.32549550863553,formal_m1_center_not_selected
primary,S000650,C017_QPP_N015_P050_A1_Q020,STATIONARY_QPP_PRESENT,9,0,3,VALID,-5.3435551477173036,-1.9366981003813253,false,161.85020447904577,formal_m1_center_not_selected
primary,S000651,C017_QPP_N015_P050_A1_Q020,STATIONARY_QPP_PRESENT,10,0,3,VALID,-5.538150615542465,-1.7646879692958484,false,215.44466292128675,formal_m1_center_not_selected
primary,S000652,C017_QPP_N015_P050_A1_Q020,STATIONARY_QPP_PRESENT,11,0,3,VALID,-5.624221942094991,-1.8665593191140735,false,214.7158938499241,formal_m1_center_not_selected
primary,S000653,C017_QPP_N015_P050_A1_Q020,STATIONARY_QPP_PRESENT,12,0,3,VALID,-5.2788738634354395,-1.9437286339935609,false,124.78035350443002,formal_m1_center_not_selected
primary,S000654,C017_QPP_N015_P050_A1_Q020,STATIONARY_QPP_PRESENT,13,0,3,VALID,-5.580785318262185,-1.7796085593360607,false,217.99389601339627,formal_m1_center_not_selected
primary,S000655,C017_QPP_N015_P050_A1_Q020,STATIONARY_QPP_PRESENT,14,0,3,VALID,-5.493262642841827,-1.9579695610526935,false,169.8114830699946,formal_m1_center_not_selected
primary,S000656,C017_QPP_N015_P050_A1_Q020,STATIONARY_QPP_PRESENT,15,0,3,VALID,-5.617673847235956,-1.9479505908714154,false,132.2193023677511,formal_m1_center_not_selected
primary,S000657,C017_QPP_N015_P050_A1_Q020,STATIONARY_QPP_PRESENT,16,0,3,VALID,-5.541543859234867,-1.9189107168680755,false,211.23022249739506,formal_m1_center_not_selected
primary,S000658,C017_QPP_N015_P050_A1_Q020,STATIONARY_QPP_PRESENT,17,0,3,VALID,-5.560388197754937,-1.9093343426775897,false,146.1215830315547,formal_m1_center_not_selected
primary,S000659,C017_QPP_N015_P050_A1_Q020,STATIONARY_QPP_PRESENT,18,0,3,VALID,-5.161823806816452,-1.9505118892602775,false,158.97508463390645,formal_m1_center_not_selected
primary,S000660,C017_QPP_N015_P050_A1_Q020,STATIONARY_QPP_PRESENT,19,0,3,VALID,-5.465531714430519,-1.9463688693485102,false,175.72984417645776,formal_m1_center_not_selected
primary,S000661,C017_QPP_N015_P050_A1_Q020,STATIONARY_QPP_PRESENT,20,0,3,VALID,-5.477845754255991,-1.7749527993255887,false,230.7296767667729,formal_m1_center_not_selected
primary,S000662,C017_QPP_N015_P050_A1_Q020,STATIONARY_QPP_PRESENT,21,0,3,VALID,-5.730806241235948,-1.8853676353782811,false,216.1963405801899,formal_m1_center_not_selected
primary,S000663,C017_QPP_N015_P050_A1_Q020,STATIONARY_QPP_PRESENT,22,0,3,VALID,-5.458503242042974,-1.9642450250640247,false,171.23120907620887,formal_m1_center_not_selected
primary,S000664,C017_QPP_N015_P050_A1_Q020,STATIONARY_QPP_PRESENT,23,0,3,VALID,-5.676206957505197,-1.912534434789369,false,47.14195438663661,formal_m1_center_not_selected
primary,S000665,C017_QPP_N015_P050_A1_Q020,STATIONARY_QPP_PRESENT,24,0,3,VALID,-5.322262848374626,-1.9243219708930797,false,147.06647369980288,formal_m1_center_not_selected
primary,S000666,C017_QPP_N015_P050_A1_Q020,STATIONARY_QPP_PRESENT,25,0,3,VALID,-5.37761292747906,-1.9037491350025464,false,158.16940880198752,formal_m1_center_not_selected
primary,S000667,C017_QPP_N015_P050_A1_Q020,STATIONARY_QPP_PRESENT,26,0,3,VALID,-5.541924067502126,-1.778851510185791,false,215.83030187537807,formal_m1_center_not_selected
primary,S000668,C017_QPP_N015_P050_A1_Q020,STATIONARY_QPP_PRESENT,27,0,3,VALID,-5.435977231402585,-1.829803190762214,false,236.72812844477988,formal_m1_center_not_selected
primary,S000669,C017_QPP_N015_P050_A1_Q020,STATIONARY_QPP_PRESENT,28,0,3,VALID,-5.604497060479025,-1.8555992731868782,false,55.73299856733293,formal_m1_center_not_selected
primary,S000670,C017_QPP_N015_P050_A1_Q020,STATIONARY_QPP_PRESENT,29,0,3,VALID,-5.559502902477547,-1.841121667047175,false,224.24269020377065,formal_m1_center_not_selected
primary,S000671,C017_QPP_N015_P050_A1_Q020,STATIONARY_QPP_PRESENT,30,0,3,VALID,-5.317309275777607,-1.918813895454325,false,162.03758752154587,formal_m1_center_not_selected
primary,S000672,C017_QPP_N015_P050_A1_Q020,STATIONARY_QPP_PRESENT,31,0,3,VALID,-5.192924253088982,-1.8148289390445251,false,146.36768502808997,formal_m1_center_not_selected
primary,S000673,C017_QPP_N015_P050_A1_Q020,STATIONARY_QPP_PRESENT,32,0,3,VALID,-5.669435225615302,-1.8768440531984778,false,207.72129271537273,formal_m1_center_not_selected
primary,S000674,C017_QPP_N015_P050_A1_Q020,STATIONARY_QPP_PRESENT,33,0,3,VALID,-5.25991597378521,-1.9208529376347334,false,161.73994396159017,formal_m1_center_not_selected
primary,S000675,C017_QPP_N015_P050_A1_Q020,STATIONARY_QPP_PRESENT,34,0,3,VALID,-5.4749708366282945,-1.8861104415535364,false,46.73444321710713,formal_m1_center_not_selected
primary,S000676,C017_QPP_N015_P050_A1_Q020,STATIONARY_QPP_PRESENT,35,0,3,VALID,-5.419816387573926,-1.9605544738230742,false,177.74374891928892,formal_m1_center_not_selected
primary,S000677,C017_QPP_N015_P050_A1_Q020,STATIONARY_QPP_PRESENT,36,0,3,VALID,-5.423456404711015,-1.8043070844602225,false,231.8951794026024,formal_m1_center_not_selected
primary,S000678,C017_QPP_N015_P050_A1_Q020,STATIONARY_QPP_PRESENT,37,0,3,VALID,-5.403953391933998,-1.5514307582891318,false,54.13805768076924,formal_m1_center_not_selected
primary,S000679,C017_QPP_N015_P050_A1_Q020,STATIONARY_QPP_PRESENT,38,0,3,VALID,-5.48934140256276,-1.9435477642484011,false,160.49460117701872,formal_m1_center_not_selected
primary,S000680,C017_QPP_N015_P050_A1_Q020,STATIONARY_QPP_PRESENT,39,0,3,VALID,-5.689982053696962,-1.882396735822474,false,213.89343316158545,formal_m1_center_not_selected
primary,S000681,C018_QPP_N015_P050_A1_Q040,STATIONARY_QPP_PRESENT,0,0,3,VALID,-5.019302949539943,-1.8657101151030142,false,46.595001158407946,formal_m1_center_not_selected
primary,S000682,C018_QPP_N015_P050_A1_Q040,STATIONARY_QPP_PRESENT,1,0,3,VALID,-5.127580321581423,-1.9440840553602206,false,162.69529300041347,formal_m1_center_not_selected
primary,S000683,C018_QPP_N015_P050_A1_Q040,STATIONARY_QPP_PRESENT,2,0,3,VALID,-5.549583756350934,-1.9457165787821902,false,45.32950855433482,formal_m1_center_not_selected
primary,S000684,C018_QPP_N015_P050_A1_Q040,STATIONARY_QPP_PRESENT,3,0,3,VALID,-5.544747564984842,-1.9765584413485735,false,153.1670096570585,formal_m1_center_not_selected
primary,S000685,C018_QPP_N015_P050_A1_Q040,STATIONARY_QPP_PRESENT,4,0,3,VALID,-5.423438647891645,-1.961838017004573,false,172.39956687435145,formal_m1_center_not_selected
primary,S000686,C018_QPP_N015_P050_A1_Q040,STATIONARY_QPP_PRESENT,5,0,3,VALID,-5.1965472973511755,-1.7856373032858803,false,46.570179011093416,formal_m1_center_not_selected
primary,S000687,C018_QPP_N015_P050_A1_Q040,STATIONARY_QPP_PRESENT,6,0,3,VALID,-5.426618063817763,-1.6763577835426835,false,56.03554429217525,formal_m1_center_not_selected
primary,S000688,C018_QPP_N015_P050_A1_Q040,STATIONARY_QPP_PRESENT,7,0,3,VALID,-5.277697828384122,-1.9598053401413944,false,161.17533242333667,formal_m1_center_not_selected
primary,S000689,C018_QPP_N015_P050_A1_Q040,STATIONARY_QPP_PRESENT,8,0,3,VALID,-5.117351404764078,-1.829342285326173,false,126.6377392109171,formal_m1_center_not_selected
primary,S000690,C018_QPP_N015_P050_A1_Q040,STATIONARY_QPP_PRESENT,9,0,3,VALID,-5.181723969905654,-1.9047560945180022,false,156.0665773033637,formal_m1_center_not_selected
primary,S000691,C018_QPP_N015_P050_A1_Q040,STATIONARY_QPP_PRESENT,10,0,3,VALID,-5.41072713634567,-1.6809115141424913,false,55.150524518157184,formal_m1_center_not_selected
primary,S000692,C018_QPP_N015_P050_A1_Q040,STATIONARY_QPP_PRESENT,11,0,3,VALID,-5.558089214816501,-1.817614309163468,false,55.18652043772035,formal_m1_center_not_selected
primary,S000693,C018_QPP_N015_P050_A1_Q040,STATIONARY_QPP_PRESENT,12,0,3,VALID,-5.093702458603035,-1.8376708189137156,false,128.01680392575747,formal_m1_center_not_selected
primary,S000694,C018_QPP_N015_P050_A1_Q040,STATIONARY_QPP_PRESENT,13,0,3,VALID,-5.116280996029824,-1.76943445605533,false,54.955869845352694,formal_m1_center_not_selected
primary,S000695,C018_QPP_N015_P050_A1_Q040,STATIONARY_QPP_PRESENT,14,0,3,VALID,-5.402625854451395,-1.8598585967623924,false,40.0,formal_m1_center_not_selected
primary,S000696,C018_QPP_N015_P050_A1_Q040,STATIONARY_QPP_PRESENT,15,0,3,VALID,-5.514946707478279,-1.8658133340735175,false,40.0,formal_m1_center_not_selected
primary,S000697,C018_QPP_N015_P050_A1_Q040,STATIONARY_QPP_PRESENT,16,0,3,VALID,-5.459841058234732,-1.8779973158940058,false,47.03148337604837,formal_m1_center_not_selected
primary,S000698,C018_QPP_N015_P050_A1_Q040,STATIONARY_QPP_PRESENT,17,0,3,VALID,-5.5291228311605085,-1.929782768665695,false,40.0,formal_m1_center_not_selected
primary,S000699,C018_QPP_N015_P050_A1_Q040,STATIONARY_QPP_PRESENT,18,0,3,VALID,-4.95002042573663,-1.9401804194115515,false,157.88842412618538,formal_m1_center_not_selected
primary,S000700,C018_QPP_N015_P050_A1_Q040,STATIONARY_QPP_PRESENT,19,0,3,VALID,-5.452118828315175,-1.9678831793180729,false,178.88040455779472,formal_m1_center_not_selected
primary,S000701,C018_QPP_N015_P050_A1_Q040,STATIONARY_QPP_PRESENT,20,0,3,VALID,-5.1881617180734505,-1.344934057623349,false,54.75104602980086,formal_m1_center_not_selected
primary,S000702,C018_QPP_N015_P050_A1_Q040,STATIONARY_QPP_PRESENT,21,0,3,VALID,-5.583202614275002,-1.990435060048891,false,54.66687101174772,formal_m1_center_not_selected
primary,S000703,C018_QPP_N015_P050_A1_Q040,STATIONARY_QPP_PRESENT,22,0,3,VALID,-5.230452518637268,-1.8578261201076858,false,45.81174807169322,formal_m1_center_not_selected
primary,S000704,C018_QPP_N015_P050_A1_Q040,STATIONARY_QPP_PRESENT,23,0,3,VALID,-5.448345364461309,-1.7104281696778534,false,47.34985456281807,formal_m1_center_not_selected
primary,S000705,C018_QPP_N015_P050_A1_Q040,STATIONARY_QPP_PRESENT,24,0,3,VALID,-5.18040494766454,-1.9534296426953857,false,188.14874569748375,formal_m1_center_not_selected
primary,S000706,C018_QPP_N015_P050_A1_Q040,STATIONARY_QPP_PRESENT,25,0,3,VALID,-5.1875265127535695,-1.8339640046859325,false,150.3391561703093,formal_m1_center_not_selected
primary,S000707,C018_QPP_N015_P050_A1_Q040,STATIONARY_QPP_PRESENT,26,0,3,VALID,-5.184125009350419,-1.616915570343548,false,54.74749930032963,formal_m1_center_not_selected
primary,S000708,C018_QPP_N015_P050_A1_Q040,STATIONARY_QPP_PRESENT,27,0,3,VALID,-5.384710528517266,-1.8665106899358177,false,238.4418854559839,formal_m1_center_not_selected
primary,S000709,C018_QPP_N015_P050_A1_Q040,STATIONARY_QPP_PRESENT,28,0,3,VALID,-5.4137205757781395,-1.9026416408980422,false,62.38651778322547,formal_m1_center_not_selected
primary,S000710,C018_QPP_N015_P050_A1_Q040,STATIONARY_QPP_PRESENT,29,0,3,VALID,-5.444877837602721,-1.732838774078826,false,54.367258739578126,formal_m1_center_not_selected
primary,S000711,C018_QPP_N015_P050_A1_Q040,STATIONARY_QPP_PRESENT,30,0,3,VALID,-5.125346031496322,-1.9397694990920078,false,158.98871716766186,formal_m1_center_not_selected
primary,S000712,C018_QPP_N015_P050_A1_Q040,STATIONARY_QPP_PRESENT,31,0,3,VALID,-4.984089948123138,-1.9040590921029237,false,123.77149006352762,formal_m1_center_not_selected
primary,S000713,C018_QPP_N015_P050_A1_Q040,STATIONARY_QPP_PRESENT,32,0,3,VALID,-5.470709233716381,-1.7616646128394473,false,55.42542436044701,formal_m1_center_not_selected
primary,S000714,C018_QPP_N015_P050_A1_Q040,STATIONARY_QPP_PRESENT,33,0,3,VALID,-5.030237097908481,-1.8184307146897334,false,45.14135479233403,formal_m1_center_not_selected
primary,S000715,C018_QPP_N015_P050_A1_Q040,STATIONARY_QPP_PRESENT,34,0,3,VALID,-5.174516709461441,-1.7190767679266719,false,46.65641507250446,formal_m1_center_not_selected
primary,S000716,C018_QPP_N015_P050_A1_Q040,STATIONARY_QPP_PRESENT,35,0,3,VALID,-5.209144372588643,-1.839368620277729,false,46.55101667266658,formal_m1_center_not_selected
primary,S000717,C018_QPP_N015_P050_A1_Q040,STATIONARY_QPP_PRESENT,36,0,3,VALID,-5.415801825389115,-1.6902159612656709,false,61.70552989534823,formal_m1_center_not_selected
primary,S000718,C018_QPP_N015_P050_A1_Q040,STATIONARY_QPP_PRESENT,37,0,3,VALID,-4.861229928180041,-0.988705892965732,false,54.63115067713267,formal_m1_center_not_selected
primary,S000719,C018_QPP_N015_P050_A1_Q040,STATIONARY_QPP_PRESENT,38,0,3,VALID,-5.230090156324511,-1.8538656965665394,false,46.035316289944745,formal_m1_center_not_selected
primary,S000720,C018_QPP_N015_P050_A1_Q040,STATIONARY_QPP_PRESENT,39,0,3,VALID,-5.612906000604051,-1.8526024953916336,false,55.834029880854885,formal_m1_center_not_selected
primary,S000721,C019_QPP_N015_P050_A2_Q010,STATIONARY_QPP_PRESENT,0,0,3,VALID,-5.594476022584491,-1.9048948920080386,false,130.37889708269017,formal_m1_center_not_selected
primary,S000722,C019_QPP_N015_P050_A2_Q010,STATIONARY_QPP_PRESENT,1,0,3,VALID,-5.643797555290423,-1.8771374210700253,false,232.9116887374518,formal_m1_center_not_selected
primary,S000723,C019_QPP_N015_P050_A2_Q010,STATIONARY_QPP_PRESENT,2,0,3,VALID,-5.662852098440689,-1.9203887147675376,false,220.47397049644565,formal_m1_center_not_selected
primary,S000724,C019_QPP_N015_P050_A2_Q010,STATIONARY_QPP_PRESENT,3,0,3,VALID,-5.534732042662414,-1.9646626470991828,false,165.0017357369847,formal_m1_center_not_selected
primary,S000725,C019_QPP_N015_P050_A2_Q010,STATIONARY_QPP_PRESENT,4,0,3,VALID,-5.565514259058592,-1.8925516327184342,false,227.47421406530668,formal_m1_center_not_selected
primary,S000726,C019_QPP_N015_P050_A2_Q010,STATIONARY_QPP_PRESENT,5,0,3,VALID,-5.4715510550800595,-1.9488401125561614,false,169.2985928419942,formal_m1_center_not_selected
primary,S000727,C019_QPP_N015_P050_A2_Q010,STATIONARY_QPP_PRESENT,6,0,3,VALID,-5.415456195198045,-1.9247995415902972,false,130.44776957764327,formal_m1_center_not_selected
primary,S000728,C019_QPP_N015_P050_A2_Q010,STATIONARY_QPP_PRESENT,7,0,3,VALID,-5.476750235705744,-1.937514984573954,false,171.44603536434093,formal_m1_center_not_selected
primary,S000729,C019_QPP_N015_P050_A2_Q010,STATIONARY_QPP_PRESENT,8,0,3,VALID,-5.514340908927112,-1.9398349362057195,false,162.82974841760375,formal_m1_center_not_selected
primary,S000730,C019_QPP_N015_P050_A2_Q010,STATIONARY_QPP_PRESENT,9,0,3,VALID,-5.584687399938012,-1.9488766969115998,false,170.84837497269444,formal_m1_center_not_selected
primary,S000731,C019_QPP_N015_P050_A2_Q010,STATIONARY_QPP_PRESENT,10,0,3,VALID,-5.608519123036919,-1.868928262772111,false,217.58710770985695,formal_m1_center_not_selected
primary,S000732,C019_QPP_N015_P050_A2_Q010,STATIONARY_QPP_PRESENT,11,0,3,VALID,-5.3919640244403215,-1.9422778249690635,false,129.40483523216898,formal_m1_center_not_selected
primary,S000733,C019_QPP_N015_P050_A2_Q010,STATIONARY_QPP_PRESENT,12,0,3,VALID,-5.574756769787953,-1.9409396250901176,false,173.47684070250028,formal_m1_center_not_selected
primary,S000734,C019_QPP_N015_P050_A2_Q010,STATIONARY_QPP_PRESENT,13,0,3,VALID,-5.47126396089952,-1.9388153210110035,false,165.4636054376722,formal_m1_center_not_selected
primary,S000735,C019_QPP_N015_P050_A2_Q010,STATIONARY_QPP_PRESENT,14,0,3,VALID,-5.570292731487134,-1.9419410523548857,false,166.51474165505613,formal_m1_center_not_selected
primary,S000736,C019_QPP_N015_P050_A2_Q010,STATIONARY_QPP_PRESENT,15,0,3,VALID,-5.483368229108127,-1.913703143744427,false,131.07858214629155,formal_m1_center_not_selected
primary,S000737,C019_QPP_N015_P050_A2_Q010,STATIONARY_QPP_PRESENT,16,0,3,VALID,-5.315877789243457,-1.9158178979248381,false,159.8110770181303,formal_m1_center_not_selected
primary,S000738,C019_QPP_N015_P050_A2_Q010,STATIONARY_QPP_PRESENT,17,0,3,VALID,-5.434263667553694,-1.7436003651923988,false,215.10417955035618,formal_m1_center_not_selected
primary,S000739,C019_QPP_N015_P050_A2_Q010,STATIONARY_QPP_PRESENT,18,0,3,VALID,-5.540209277191606,-1.9456270725869578,false,169.75725016273034,formal_m1_center_not_selected
primary,S000740,C019_QPP_N015_P050_A2_Q010,STATIONARY_QPP_PRESENT,19,0,3,VALID,-5.595362753091612,-1.8934631171581264,false,219.37464408301244,formal_m1_center_not_selected
primary,S000741,C019_QPP_N015_P050_A2_Q010,STATIONARY_QPP_PRESENT,20,0,3,VALID,-5.512575235802247,-1.9507304991011898,false,178.4653824767216,formal_m1_center_not_selected
primary,S000742,C019_QPP_N015_P050_A2_Q010,STATIONARY_QPP_PRESENT,21,0,3,VALID,-5.482939376492414,-1.887254548335222,false,230.1382288595569,formal_m1_center_not_selected
primary,S000743,C019_QPP_N015_P050_A2_Q010,STATIONARY_QPP_PRESENT,22,0,3,VALID,-5.389745926938572,-1.939689762778099,false,192.50639403639138,formal_m1_center_not_selected
primary,S000744,C019_QPP_N015_P050_A2_Q010,STATIONARY_QPP_PRESENT,23,0,3,VALID,-5.377707059401393,-1.9393553168964983,false,128.0326191996354,formal_m1_center_not_selected
primary,S000745,C019_QPP_N015_P050_A2_Q010,STATIONARY_QPP_PRESENT,24,0,3,VALID,-5.393465140148173,-1.9393763884651287,false,170.63120443209158,formal_m1_center_not_selected
primary,S000746,C019_QPP_N015_P050_A2_Q010,STATIONARY_QPP_PRESENT,25,0,3,VALID,-5.634396983074687,-1.9364799863815145,false,125.93021752799288,formal_m1_center_not_selected
primary,S000747,C019_QPP_N015_P050_A2_Q010,STATIONARY_QPP_PRESENT,26,0,3,VALID,-5.56837682614125,-1.9157926527146492,false,129.98000790490866,formal_m1_center_not_selected
primary,S000748,C019_QPP_N015_P050_A2_Q010,STATIONARY_QPP_PRESENT,27,0,3,VALID,-5.549866156059418,-1.9494987268848396,false,174.0177569945614,formal_m1_center_not_selected
primary,S000749,C019_QPP_N015_P050_A2_Q010,STATIONARY_QPP_PRESENT,28,0,3,VALID,-5.652392331572766,-1.9302944747161712,false,153.3932746975667,formal_m1_center_not_selected
primary,S000750,C019_QPP_N015_P050_A2_Q010,STATIONARY_QPP_PRESENT,29,0,3,VALID,-5.665105392238013,-1.9400843800968302,false,170.75406402229012,formal_m1_center_not_selected
primary,S000751,C019_QPP_N015_P050_A2_Q010,STATIONARY_QPP_PRESENT,30,0,3,VALID,-5.5050219015842,-1.9515791847680974,false,164.91789395358086,formal_m1_center_not_selected
primary,S000752,C019_QPP_N015_P050_A2_Q010,STATIONARY_QPP_PRESENT,31,0,3,VALID,-5.446346476597801,-1.9561573232246348,false,154.44128245114595,formal_m1_center_not_selected
primary,S000753,C019_QPP_N015_P050_A2_Q010,STATIONARY_QPP_PRESENT,32,0,3,VALID,-5.576851531723474,-1.948813982331143,false,162.46867912322082,formal_m1_center_not_selected
primary,S000754,C019_QPP_N015_P050_A2_Q010,STATIONARY_QPP_PRESENT,33,0,3,VALID,-5.566631856202193,-1.8711131448868281,false,217.2287870438062,formal_m1_center_not_selected
primary,S000755,C019_QPP_N015_P050_A2_Q010,STATIONARY_QPP_PRESENT,34,0,3,VALID,-5.6555903063564195,-1.929075601488969,false,132.6753301161401,formal_m1_center_not_selected
primary,S000756,C019_QPP_N015_P050_A2_Q010,STATIONARY_QPP_PRESENT,35,0,3,VALID,-5.552699604632089,-1.880483140216632,false,228.10538549546797,formal_m1_center_not_selected
primary,S000757,C019_QPP_N015_P050_A2_Q010,STATIONARY_QPP_PRESENT,36,0,3,VALID,-5.559259865195234,-1.8541650233879503,false,236.38148997969753,formal_m1_center_not_selected
primary,S000758,C019_QPP_N015_P050_A2_Q010,STATIONARY_QPP_PRESENT,37,0,3,VALID,-5.614859929424158,-1.9270204197629122,false,127.89018831084888,formal_m1_center_not_selected
primary,S000759,C019_QPP_N015_P050_A2_Q010,STATIONARY_QPP_PRESENT,38,0,3,VALID,-5.594967744630038,-1.932502169853021,false,131.6137560017097,formal_m1_center_not_selected
primary,S000760,C019_QPP_N015_P050_A2_Q010,STATIONARY_QPP_PRESENT,39,0,3,VALID,-5.395155397153392,-1.9264295773598912,false,165.55415384364102,formal_m1_center_not_selected
primary,S000761,C020_QPP_N015_P050_A2_Q020,STATIONARY_QPP_PRESENT,0,0,3,VALID,-5.631016046469144,-1.8519399832361794,false,228.00295331928447,formal_m1_center_not_selected
primary,S000762,C020_QPP_N015_P050_A2_Q020,STATIONARY_QPP_PRESENT,1,0,3,VALID,-5.634618246107594,-1.8550550813624378,false,222.76211425544474,formal_m1_center_not_selected
primary,S000763,C020_QPP_N015_P050_A2_Q020,STATIONARY_QPP_PRESENT,2,0,3,VALID,-5.6747353869382255,-1.8737824446196365,false,235.59848938879674,formal_m1_center_not_selected
primary,S000764,C020_QPP_N015_P050_A2_Q020,STATIONARY_QPP_PRESENT,3,0,3,VALID,-5.47784572561339,-1.958470402351538,false,159.80867839164617,formal_m1_center_not_selected
primary,S000765,C020_QPP_N015_P050_A2_Q020,STATIONARY_QPP_PRESENT,4,0,3,VALID,-5.5885656287209695,-1.8460625128358723,false,226.8914863848683,formal_m1_center_not_selected
primary,S000766,C020_QPP_N015_P050_A2_Q020,STATIONARY_QPP_PRESENT,5,0,3,VALID,-5.3878258729987785,-1.944958229733472,false,162.9142768790755,formal_m1_center_not_selected
primary,S000767,C020_QPP_N015_P050_A2_Q020,STATIONARY_QPP_PRESENT,6,0,3,VALID,-5.463332060232361,-1.9026971889017839,false,212.06166992196717,formal_m1_center_not_selected
primary,S000768,C020_QPP_N015_P050_A2_Q020,STATIONARY_QPP_PRESENT,7,0,3,VALID,-5.47894106348669,-1.945671229957214,false,171.4606301238201,formal_m1_center_not_selected
primary,S000769,C020_QPP_N015_P050_A2_Q020,STATIONARY_QPP_PRESENT,8,0,3,VALID,-5.42703684090929,-1.9266541820096466,false,157.92355316197342,formal_m1_center_not_selected
primary,S000770,C020_QPP_N015_P050_A2_Q020,STATIONARY_QPP_PRESENT,9,0,3,VALID,-5.615085335819272,-1.942694285708428,false,157.7664989011913,formal_m1_center_not_selected
primary,S000771,C020_QPP_N015_P050_A2_Q020,STATIONARY_QPP_PRESENT,10,0,3,VALID,-5.643507006532474,-1.8317900420426527,false,214.50720602356398,formal_m1_center_not_selected
primary,S000772,C020_QPP_N015_P050_A2_Q020,STATIONARY_QPP_PRESENT,11,0,3,VALID,-5.318456861667462,-1.946149953571724,false,169.58755423857812,formal_m1_center_not_selected
primary,S000773,C020_QPP_N015_P050_A2_Q020,STATIONARY_QPP_PRESENT,12,0,3,VALID,-5.56497825459506,-1.936926731216464,false,124.82023466413493,formal_m1_center_not_selected
primary,S000774,C020_QPP_N015_P050_A2_Q020,STATIONARY_QPP_PRESENT,13,0,3,VALID,-5.530154309082398,-1.9289329276052483,false,129.17596669998574,formal_m1_center_not_selected
primary,S000775,C020_QPP_N015_P050_A2_Q020,STATIONARY_QPP_PRESENT,14,0,3,VALID,-5.582388574832157,-1.9456703967046236,false,163.25534573558699,formal_m1_center_not_selected
primary,S000776,C020_QPP_N015_P050_A2_Q020,STATIONARY_QPP_PRESENT,15,0,3,VALID,-5.5197734848065245,-1.9001011169552582,false,211.83147384268136,formal_m1_center_not_selected
primary,S000777,C020_QPP_N015_P050_A2_Q020,STATIONARY_QPP_PRESENT,16,0,3,VALID,-5.2089119987624795,-1.947318702796621,false,157.6212069769165,formal_m1_center_not_selected
primary,S000778,C020_QPP_N015_P050_A2_Q020,STATIONARY_QPP_PRESENT,17,0,3,VALID,-5.493498039362226,-1.7429575128458366,false,214.57320452650396,formal_m1_center_not_selected
primary,S000779,C020_QPP_N015_P050_A2_Q020,STATIONARY_QPP_PRESENT,18,0,3,VALID,-5.472174518362728,-1.9395860306538664,false,163.3533142742353,formal_m1_center_not_selected
primary,S000780,C020_QPP_N015_P050_A2_Q020,STATIONARY_QPP_PRESENT,19,0,3,VALID,-5.626380795143174,-1.8508487004285046,false,215.64170894134435,formal_m1_center_not_selected
primary,S000781,C020_QPP_N015_P050_A2_Q020,STATIONARY_QPP_PRESENT,20,0,3,VALID,-5.483889022534505,-1.9694795911119813,false,182.23373574172558,formal_m1_center_not_selected
primary,S000782,C020_QPP_N015_P050_A2_Q020,STATIONARY_QPP_PRESENT,21,0,3,VALID,-5.523776241318911,-1.8255625893422058,false,214.59280185315188,formal_m1_center_not_selected
primary,S000783,C020_QPP_N015_P050_A2_Q020,STATIONARY_QPP_PRESENT,22,0,3,VALID,-5.332409091869572,-1.948105815894153,false,182.86317671411206,formal_m1_center_not_selected
primary,S000784,C020_QPP_N015_P050_A2_Q020,STATIONARY_QPP_PRESENT,23,0,3,VALID,-5.326230536725246,-1.9199421338283882,false,159.63631895782,formal_m1_center_not_selected
primary,S000785,C020_QPP_N015_P050_A2_Q020,STATIONARY_QPP_PRESENT,24,0,3,VALID,-5.327100220552751,-1.963513310877393,false,186.80715648466938,formal_m1_center_not_selected
primary,S000786,C020_QPP_N015_P050_A2_Q020,STATIONARY_QPP_PRESENT,25,0,3,VALID,-5.689645661543873,-1.9166517086302237,false,193.55896132392905,formal_m1_center_not_selected
primary,S000787,C020_QPP_N015_P050_A2_Q020,STATIONARY_QPP_PRESENT,26,0,3,VALID,-5.613134262316635,-1.8791406776653323,false,219.71188575150848,formal_m1_center_not_selected
primary,S000788,C020_QPP_N015_P050_A2_Q020,STATIONARY_QPP_PRESENT,27,0,3,VALID,-5.534352696629822,-1.959756328521661,false,170.48430143825428,formal_m1_center_not_selected
primary,S000789,C020_QPP_N015_P050_A2_Q020,STATIONARY_QPP_PRESENT,28,0,3,VALID,-5.638084481450267,-1.9495022667206738,false,165.04722165492404,formal_m1_center_not_selected
primary,S000790,C020_QPP_N015_P050_A2_Q020,STATIONARY_QPP_PRESENT,29,0,3,VALID,-5.693792956666343,-1.9265492708456984,false,153.62884799299522,formal_m1_center_not_selected
primary,S000791,C020_QPP_N015_P050_A2_Q020,STATIONARY_QPP_PRESENT,30,0,3,VALID,-5.406622505203179,-1.913696736793809,false,40.0,formal_m1_center_not_selected
primary,S000792,C020_QPP_N015_P050_A2_Q020,STATIONARY_QPP_PRESENT,31,0,3,VALID,-5.381691720691094,-1.8878414097578569,false,153.56295874921415,formal_m1_center_not_selected
primary,S000793,C020_QPP_N015_P050_A2_Q020,STATIONARY_QPP_PRESENT,32,0,3,VALID,-5.50226805258656,-1.9358346532869435,false,157.48124226567958,formal_m1_center_not_selected
primary,S000794,C020_QPP_N015_P050_A2_Q020,STATIONARY_QPP_PRESENT,33,0,3,VALID,-5.538972982751117,-1.9030934073477974,false,210.50641641197697,formal_m1_center_not_selected
primary,S000795,C020_QPP_N015_P050_A2_Q020,STATIONARY_QPP_PRESENT,34,0,3,VALID,-5.675876241224536,-1.9237575982495256,false,206.42221917491258,formal_m1_center_not_selected
primary,S000796,C020_QPP_N015_P050_A2_Q020,STATIONARY_QPP_PRESENT,35,0,3,VALID,-5.590792120136324,-1.8490717240099395,false,212.96840494000787,formal_m1_center_not_selected
primary,S000797,C020_QPP_N015_P050_A2_Q020,STATIONARY_QPP_PRESENT,36,0,3,VALID,-5.56252559710812,-1.8118457470480118,false,215.56459657454965,formal_m1_center_not_selected
primary,S000798,C020_QPP_N015_P050_A2_Q020,STATIONARY_QPP_PRESENT,37,0,3,VALID,-5.557879958773087,-1.9145494704132497,false,143.1305368496973,formal_m1_center_not_selected
primary,S000799,C020_QPP_N015_P050_A2_Q020,STATIONARY_QPP_PRESENT,38,0,3,VALID,-5.598661116703493,-1.9259793054965408,false,131.62616904572639,formal_m1_center_not_selected
primary,S000800,C020_QPP_N015_P050_A2_Q020,STATIONARY_QPP_PRESENT,39,0,3,VALID,-5.365593525065307,-1.9476615553441663,false,173.64029260981286,formal_m1_center_not_selected
primary,S000801,C021_QPP_N015_P050_A2_Q040,STATIONARY_QPP_PRESENT,0,0,3,VALID,-5.304550931609459,-1.4925168786735634,false,55.227555805849754,formal_m1_center_not_selected
primary,S000802,C021_QPP_N015_P050_A2_Q040,STATIONARY_QPP_PRESENT,1,0,3,VALID,-5.506979150982966,-1.7252138758867064,false,52.35575569731018,formal_m1_center_not_selected
primary,S000803,C021_QPP_N015_P050_A2_Q040,STATIONARY_QPP_PRESENT,2,0,3,VALID,-5.3937294337772475,-1.640591407774374,false,54.64145566756936,formal_m1_center_not_selected
primary,S000804,C021_QPP_N015_P050_A2_Q040,STATIONARY_QPP_PRESENT,3,0,3,VALID,-5.097927701900197,-1.7182456951718814,false,43.29582116794904,formal_m1_center_not_selected
primary,S000805,C021_QPP_N015_P050_A2_Q040,STATIONARY_QPP_PRESENT,4,0,3,VALID,-5.356400148617613,-1.5323130449077977,false,54.604407045810525,formal_m1_center_not_selected
primary,S000806,C021_QPP_N015_P050_A2_Q040,STATIONARY_QPP_PRESENT,5,0,3,VALID,-5.205654955387349,-1.955634886142147,false,157.2902279328678,formal_m1_center_not_selected
primary,S000807,C021_QPP_N015_P050_A2_Q040,STATIONARY_QPP_PRESENT,6,0,3,VALID,-5.507305237891195,-1.875181524860987,false,146.97367339087558,formal_m1_center_not_selected
primary,S000808,C021_QPP_N015_P050_A2_Q040,STATIONARY_QPP_PRESENT,7,0,3,VALID,-5.476015442524076,-1.9631549151385785,false,40.0,formal_m1_center_not_selected
primary,S000809,C021_QPP_N015_P050_A2_Q040,STATIONARY_QPP_PRESENT,8,0,3,VALID,-5.23555487926218,-1.9461034407450244,false,45.0517388328094,formal_m1_center_not_selected
primary,S000810,C021_QPP_N015_P050_A2_Q040,STATIONARY_QPP_PRESENT,9,0,3,VALID,-5.636899546615529,-1.947275801513281,false,145.2806769556268,formal_m1_center_not_selected
primary,S000811,C021_QPP_N015_P050_A2_Q040,STATIONARY_QPP_PRESENT,10,0,3,VALID,-5.430888735514474,-1.6235206409974774,false,55.16004287055905,formal_m1_center_not_selected
primary,S000812,C021_QPP_N015_P050_A2_Q040,STATIONARY_QPP_PRESENT,11,0,3,VALID,-5.155654347224347,-1.9404353471948594,false,156.2864643702957,formal_m1_center_not_selected
primary,S000813,C021_QPP_N015_P050_A2_Q040,STATIONARY_QPP_PRESENT,12,0,3,VALID,-5.423758272390886,-1.8245824801546933,false,48.998147833705815,formal_m1_center_not_selected
primary,S000814,C021_QPP_N015_P050_A2_Q040,STATIONARY_QPP_PRESENT,13,0,3,VALID,-5.554905733000782,-1.8204163081868687,false,52.45854508858638,formal_m1_center_not_selected
primary,S000815,C021_QPP_N015_P050_A2_Q040,STATIONARY_QPP_PRESENT,14,0,3,VALID,-5.6027215661347505,-1.9573326334095187,false,160.23641184587882,formal_m1_center_not_selected
primary,S000816,C021_QPP_N015_P050_A2_Q040,STATIONARY_QPP_PRESENT,15,0,3,VALID,-5.555659378179433,-1.8840696374995956,false,126.88274033473404,formal_m1_center_not_selected
primary,S000817,C021_QPP_N015_P050_A2_Q040,STATIONARY_QPP_PRESENT,16,0,3,VALID,-5.028273882005781,-1.8082609539851662,false,151.4970601364885,formal_m1_center_not_selected
primary,S000818,C021_QPP_N015_P050_A2_Q040,STATIONARY_QPP_PRESENT,17,0,3,VALID,-5.465848937438311,-1.8668404297671204,false,63.00850964223774,formal_m1_center_not_selected
primary,S000819,C021_QPP_N015_P050_A2_Q040,STATIONARY_QPP_PRESENT,18,0,3,VALID,-5.315122106036247,-1.9439226458269276,false,159.4450721782171,formal_m1_center_not_selected
primary,S000820,C021_QPP_N015_P050_A2_Q040,STATIONARY_QPP_PRESENT,19,0,3,VALID,-5.676663742862917,-1.9570436819701422,false,143.4266539146324,formal_m1_center_not_selected
primary,S000821,C021_QPP_N015_P050_A2_Q040,STATIONARY_QPP_PRESENT,20,0,3,VALID,-5.2848722993147685,-1.8584301372717933,false,40.0,formal_m1_center_not_selected
primary,S000822,C021_QPP_N015_P050_A2_Q040,STATIONARY_QPP_PRESENT,21,0,3,VALID,-5.595924102657474,-1.8485346719401923,false,208.694632060697,formal_m1_center_not_selected
primary,S000823,C021_QPP_N015_P050_A2_Q040,STATIONARY_QPP_PRESENT,22,0,3,VALID,-5.194451675758948,-1.9470697835532578,false,170.85191966660753,formal_m1_center_not_selected
primary,S000824,C021_QPP_N015_P050_A2_Q040,STATIONARY_QPP_PRESENT,23,0,3,VALID,-5.008906953392913,-1.7575199074795131,false,40.0,formal_m1_center_not_selected
primary,S000825,C021_QPP_N015_P050_A2_Q040,STATIONARY_QPP_PRESENT,24,0,3,VALID,-5.1726394353468965,-1.9731950592523644,false,172.06684819770862,formal_m1_center_not_selected
primary,S000826,C021_QPP_N015_P050_A2_Q040,STATIONARY_QPP_PRESENT,25,0,3,VALID,-5.515262391969893,-1.7155239789940557,false,54.54628623227876,formal_m1_center_not_selected
primary,S000827,C021_QPP_N015_P050_A2_Q040,STATIONARY_QPP_PRESENT,26,0,3,VALID,-5.519543662843276,-1.801577625331988,false,56.475771595258536,formal_m1_center_not_selected
primary,S000828,C021_QPP_N015_P050_A2_Q040,STATIONARY_QPP_PRESENT,27,0,3,VALID,-5.385312646147808,-1.871671828643163,false,40.0,formal_m1_center_not_selected
primary,S000829,C021_QPP_N015_P050_A2_Q040,STATIONARY_QPP_PRESENT,28,0,3,VALID,-5.4601517971914255,-1.8378027124577878,false,40.0,formal_m1_center_not_selected
primary,S000830,C021_QPP_N015_P050_A2_Q040,STATIONARY_QPP_PRESENT,29,0,3,VALID,-5.696773482288483,-1.9703903875233033,false,66.48560422233325,formal_m1_center_not_selected
primary,S000831,C021_QPP_N015_P050_A2_Q040,STATIONARY_QPP_PRESENT,30,0,3,VALID,-5.003154985257549,-1.6180432094348367,false,40.0,formal_m1_center_not_selected
primary,S000832,C021_QPP_N015_P050_A2_Q040,STATIONARY_QPP_PRESENT,31,0,3,VALID,-5.256015983024312,-1.9391821737151629,false,156.31774559167795,formal_m1_center_not_selected
primary,S000833,C021_QPP_N015_P050_A2_Q040,STATIONARY_QPP_PRESENT,32,0,3,VALID,-5.217354734217501,-1.8224847760856369,false,45.6129252006589,formal_m1_center_not_selected
primary,S000834,C021_QPP_N015_P050_A2_Q040,STATIONARY_QPP_PRESENT,33,0,3,VALID,-5.385579009316288,-1.864016548242044,false,43.70064157315203,formal_m1_center_not_selected
primary,S000835,C021_QPP_N015_P050_A2_Q040,STATIONARY_QPP_PRESENT,34,0,3,VALID,-5.67494077461836,-1.952790111857154,false,159.54371461105544,formal_m1_center_not_selected
primary,S000836,C021_QPP_N015_P050_A2_Q040,STATIONARY_QPP_PRESENT,35,0,3,VALID,-5.531934908441928,-1.9290907623047433,false,55.88908003311775,formal_m1_center_not_selected
primary,S000837,C021_QPP_N015_P050_A2_Q040,STATIONARY_QPP_PRESENT,36,0,3,VALID,-5.337062198734767,-1.5171094768269056,false,53.761217469214955,formal_m1_center_not_selected
primary,S000838,C021_QPP_N015_P050_A2_Q040,STATIONARY_QPP_PRESENT,37,0,3,VALID,-5.4156882106696,-1.8543252882143806,false,153.15554760869344,formal_m1_center_not_selected
primary,S000839,C021_QPP_N015_P050_A2_Q040,STATIONARY_QPP_PRESENT,38,0,3,VALID,-5.4822878748862145,-1.8120822693012117,false,50.84431558968777,formal_m1_center_not_selected
primary,S000840,C021_QPP_N015_P050_A2_Q040,STATIONARY_QPP_PRESENT,39,0,3,VALID,-5.246327409479564,-1.9256065946874452,false,40.0,formal_m1_center_not_selected
primary,S000841,C022_QPP_N015_P080_A0_Q010,STATIONARY_QPP_PRESENT,0,0,3,VALID,-5.534466793235371,-1.8995101858526775,false,127.14814659094596,formal_m1_center_not_selected
primary,S000842,C022_QPP_N015_P080_A0_Q010,STATIONARY_QPP_PRESENT,1,0,3,VALID,-5.59373853967114,-1.8269261845600058,false,215.58502229496847,formal_m1_center_not_selected
primary,S000843,C022_QPP_N015_P080_A0_Q010,STATIONARY_QPP_PRESENT,2,0,3,VALID,-5.6189918035651605,-1.9124995711288664,false,227.80424791357268,formal_m1_center_not_selected
primary,S000844,C022_QPP_N015_P080_A0_Q010,STATIONARY_QPP_PRESENT,3,0,3,VALID,-5.591869126118958,-1.9210193863089318,false,129.74722224205567,formal_m1_center_not_selected
primary,S000845,C022_QPP_N015_P080_A0_Q010,STATIONARY_QPP_PRESENT,4,0,3,VALID,-5.528050981047295,-1.959955711391781,false,178.01451865538877,formal_m1_center_not_selected
primary,S000846,C022_QPP_N015_P080_A0_Q010,STATIONARY_QPP_PRESENT,5,0,3,VALID,-5.671400288592038,-1.9455934685202303,false,129.23428404494206,formal_m1_center_not_selected
primary,S000847,C022_QPP_N015_P080_A0_Q010,STATIONARY_QPP_PRESENT,6,0,3,VALID,-5.525824848372022,-1.9290689504082588,false,130.57503599822874,formal_m1_center_not_selected
primary,S000848,C022_QPP_N015_P080_A0_Q010,STATIONARY_QPP_PRESENT,7,0,3,VALID,-5.539880867927721,-1.939984037357564,false,187.78290859162468,formal_m1_center_not_selected
primary,S000849,C022_QPP_N015_P080_A0_Q010,STATIONARY_QPP_PRESENT,8,0,3,VALID,-5.214643876480126,-1.7964156775622202,false,126.38541516716153,formal_m1_center_not_selected
primary,S000850,C022_QPP_N015_P080_A0_Q010,STATIONARY_QPP_PRESENT,9,0,3,VALID,-5.31564028977448,-1.8522736493840606,false,218.74524056427973,formal_m1_center_not_selected
primary,S000851,C022_QPP_N015_P080_A0_Q010,STATIONARY_QPP_PRESENT,10,0,3,VALID,-5.261502325498045,-1.8471313942096979,false,152.37581606968158,formal_m1_center_not_selected
primary,S000852,C022_QPP_N015_P080_A0_Q010,STATIONARY_QPP_PRESENT,11,0,3,VALID,-5.312978854121059,-1.9266696626859003,false,163.38219128581306,formal_m1_center_not_selected
primary,S000853,C022_QPP_N015_P080_A0_Q010,STATIONARY_QPP_PRESENT,12,0,3,VALID,-5.579700034003647,-1.8306639399778382,false,216.424913432375,formal_m1_center_not_selected
primary,S000854,C022_QPP_N015_P080_A0_Q010,STATIONARY_QPP_PRESENT,13,0,3,VALID,-5.3748848798393585,-1.9226680515694143,false,124.65268185844339,formal_m1_center_not_selected
primary,S000855,C022_QPP_N015_P080_A0_Q010,STATIONARY_QPP_PRESENT,14,0,3,VALID,-5.6036902529531165,-1.9195140939987594,false,175.05050208347714,formal_m1_center_not_selected
primary,S000856,C022_QPP_N015_P080_A0_Q010,STATIONARY_QPP_PRESENT,15,0,3,VALID,-5.488417288855944,-1.9584173916867185,false,176.71328345644872,formal_m1_center_not_selected
primary,S000857,C022_QPP_N015_P080_A0_Q010,STATIONARY_QPP_PRESENT,16,0,3,VALID,-5.477024866955608,-1.874242606146141,false,236.54918868504683,formal_m1_center_not_selected
primary,S000858,C022_QPP_N015_P080_A0_Q010,STATIONARY_QPP_PRESENT,17,0,3,VALID,-5.500204464202428,-1.8339287022612618,false,228.72720086081642,formal_m1_center_not_selected
primary,S000859,C022_QPP_N015_P080_A0_Q010,STATIONARY_QPP_PRESENT,18,0,3,VALID,-5.641558948985237,-1.8996213639275075,false,230.31074799753085,formal_m1_center_not_selected
primary,S000860,C022_QPP_N015_P080_A0_Q010,STATIONARY_QPP_PRESENT,19,0,3,VALID,-5.16627641136448,-1.7489239241780181,false,123.7978924835496,formal_m1_center_not_selected
primary,S000861,C022_QPP_N015_P080_A0_Q010,STATIONARY_QPP_PRESENT,20,0,3,VALID,-5.610241192368184,-1.9655047827965655,false,40.0,formal_m1_center_not_selected
primary,S000862,C022_QPP_N015_P080_A0_Q010,STATIONARY_QPP_PRESENT,21,0,3,VALID,-5.464804203698026,-1.8222877371963628,false,232.3306425595519,formal_m1_center_not_selected
primary,S000863,C022_QPP_N015_P080_A0_Q010,STATIONARY_QPP_PRESENT,22,0,3,VALID,-5.408377849992139,-1.9483138740204913,false,164.50970690963464,formal_m1_center_not_selected
primary,S000864,C022_QPP_N015_P080_A0_Q010,STATIONARY_QPP_PRESENT,23,0,3,VALID,-5.6010005812531585,-1.8590946225456007,false,216.3458021487118,formal_m1_center_not_selected
primary,S000865,C022_QPP_N015_P080_A0_Q010,STATIONARY_QPP_PRESENT,24,0,3,VALID,-5.4098765587093425,-1.845330301369116,false,47.50233426631797,formal_m1_center_not_selected
primary,S000866,C022_QPP_N015_P080_A0_Q010,STATIONARY_QPP_PRESENT,25,0,3,VALID,-5.594874719524659,-1.8208920792965904,false,217.56447008996125,formal_m1_center_not_selected
primary,S000867,C022_QPP_N015_P080_A0_Q010,STATIONARY_QPP_PRESENT,26,0,3,VALID,-5.4515056122069705,-1.918044313927413,false,127.81888265439409,formal_m1_center_not_selected
primary,S000868,C022_QPP_N015_P080_A0_Q010,STATIONARY_QPP_PRESENT,27,0,3,VALID,-5.510343917413826,-1.9377782467806268,false,163.03082684244555,formal_m1_center_not_selected
primary,S000869,C022_QPP_N015_P080_A0_Q010,STATIONARY_QPP_PRESENT,28,0,3,VALID,-5.514427758651589,-1.9515856139968095,false,157.0188339035801,formal_m1_center_not_selected
primary,S000870,C022_QPP_N015_P080_A0_Q010,STATIONARY_QPP_PRESENT,29,0,3,VALID,-5.4177429388873115,-1.940208573460267,false,170.49063992923027,formal_m1_center_not_selected
primary,S000871,C022_QPP_N015_P080_A0_Q010,STATIONARY_QPP_PRESENT,30,0,3,VALID,-5.404498419005394,-1.9129517218434389,false,149.8090333689538,formal_m1_center_not_selected
primary,S000872,C022_QPP_N015_P080_A0_Q010,STATIONARY_QPP_PRESENT,31,0,3,VALID,-5.5307727539173435,-1.9375036476270244,false,172.64435784888715,formal_m1_center_not_selected
primary,S000873,C022_QPP_N015_P080_A0_Q010,STATIONARY_QPP_PRESENT,32,0,3,VALID,-5.417519456823197,-1.890806512890756,false,234.5390333709456,formal_m1_center_not_selected
primary,S000874,C022_QPP_N015_P080_A0_Q010,STATIONARY_QPP_PRESENT,33,0,3,VALID,-5.470006663359289,-1.9133593843471823,false,40.0,formal_m1_center_not_selected
primary,S000875,C022_QPP_N015_P080_A0_Q010,STATIONARY_QPP_PRESENT,34,0,3,VALID,-5.312903286590316,-1.9548238956232629,false,164.91203338871372,formal_m1_center_not_selected
primary,S000876,C022_QPP_N015_P080_A0_Q010,STATIONARY_QPP_PRESENT,35,0,3,VALID,-5.506794119169273,-1.9117547600968274,false,206.283449739667,formal_m1_center_not_selected
primary,S000877,C022_QPP_N015_P080_A0_Q010,STATIONARY_QPP_PRESENT,36,0,3,VALID,-5.57436207051556,-1.8250478840160165,false,215.84401215110034,formal_m1_center_not_selected
primary,S000878,C022_QPP_N015_P080_A0_Q010,STATIONARY_QPP_PRESENT,37,0,3,VALID,-5.490313670736402,-1.9496824679692617,false,171.96092207283317,formal_m1_center_not_selected
primary,S000879,C022_QPP_N015_P080_A0_Q010,STATIONARY_QPP_PRESENT,38,0,3,VALID,-5.43285363237522,-1.8981446664622892,false,126.87973398054514,formal_m1_center_not_selected
primary,S000880,C022_QPP_N015_P080_A0_Q010,STATIONARY_QPP_PRESENT,39,0,3,VALID,-5.476465300388325,-1.8561326734653756,false,217.57480234995504,formal_m1_center_not_selected
primary,S000881,C023_QPP_N015_P080_A0_Q020,STATIONARY_QPP_PRESENT,0,0,3,VALID,-5.447932338350945,-1.8839565465759405,false,127.28602395020918,formal_m1_center_not_selected
primary,S000882,C023_QPP_N015_P080_A0_Q020,STATIONARY_QPP_PRESENT,1,0,3,VALID,-5.555338281666044,-1.7820623733921908,false,216.44651443303445,formal_m1_center_not_selected
primary,S000883,C023_QPP_N015_P080_A0_Q020,STATIONARY_QPP_PRESENT,2,0,3,VALID,-5.605895865396743,-1.871162883780923,false,236.47303236068643,formal_m1_center_not_selected
primary,S000884,C023_QPP_N015_P080_A0_Q020,STATIONARY_QPP_PRESENT,3,0,3,VALID,-5.6167387061987935,-1.9331217692549432,false,124.61775642056571,formal_m1_center_not_selected
primary,S000885,C023_QPP_N015_P080_A0_Q020,STATIONARY_QPP_PRESENT,4,0,3,VALID,-5.49097020060003,-1.9523270822910623,false,187.47389088881025,formal_m1_center_not_selected
primary,S000886,C023_QPP_N015_P080_A0_Q020,STATIONARY_QPP_PRESENT,5,0,3,VALID,-5.713142948245469,-1.9524640836814156,false,168.4430105994282,formal_m1_center_not_selected
primary,S000887,C023_QPP_N015_P080_A0_Q020,STATIONARY_QPP_PRESENT,6,0,3,VALID,-5.55999837513796,-1.9123434427648442,false,229.45445179310354,formal_m1_center_not_selected
primary,S000888,C023_QPP_N015_P080_A0_Q020,STATIONARY_QPP_PRESENT,7,0,3,VALID,-5.48566737915808,-1.9427192667425563,false,171.01101044206467,formal_m1_center_not_selected
primary,S000889,C023_QPP_N015_P080_A0_Q020,STATIONARY_QPP_PRESENT,8,0,3,VALID,-5.093553000709116,-1.8925528636261406,false,125.3097290799819,formal_m1_center_not_selected
primary,S000890,C023_QPP_N015_P080_A0_Q020,STATIONARY_QPP_PRESENT,9,0,3,VALID,-5.236060143778015,-1.8834859806764053,false,233.41193690176988,formal_m1_center_not_selected
primary,S000891,C023_QPP_N015_P080_A0_Q020,STATIONARY_QPP_PRESENT,10,0,3,VALID,-5.12428912410317,-1.9410727765567826,false,154.62037268114628,formal_m1_center_not_selected
primary,S000892,C023_QPP_N015_P080_A0_Q020,STATIONARY_QPP_PRESENT,11,0,3,VALID,-5.182407286797414,-1.8801624019162313,false,148.94337212348285,formal_m1_center_not_selected
primary,S000893,C023_QPP_N015_P080_A0_Q020,STATIONARY_QPP_PRESENT,12,0,3,VALID,-5.618534770497622,-1.8271769030573077,false,216.14378679521647,formal_m1_center_not_selected
primary,S000894,C023_QPP_N015_P080_A0_Q020,STATIONARY_QPP_PRESENT,13,0,3,VALID,-5.406997371419012,-1.9240630519447555,false,126.76479533062583,formal_m1_center_not_selected
primary,S000895,C023_QPP_N015_P080_A0_Q020,STATIONARY_QPP_PRESENT,14,0,3,VALID,-5.631694943180893,-1.938662255673873,false,171.07687354174053,formal_m1_center_not_selected
primary,S000896,C023_QPP_N015_P080_A0_Q020,STATIONARY_QPP_PRESENT,15,0,3,VALID,-5.544550558904355,-1.96764222393612,false,173.28026750558342,formal_m1_center_not_selected
primary,S000897,C023_QPP_N015_P080_A0_Q020,STATIONARY_QPP_PRESENT,16,0,3,VALID,-5.4190646948767665,-1.9064157847146843,false,236.20001784000914,formal_m1_center_not_selected
primary,S000898,C023_QPP_N015_P080_A0_Q020,STATIONARY_QPP_PRESENT,17,0,3,VALID,-5.438004383591771,-1.8297043538061457,false,219.63987469116117,formal_m1_center_not_selected
primary,S000899,C023_QPP_N015_P080_A0_Q020,STATIONARY_QPP_PRESENT,18,0,3,VALID,-5.600953749698572,-1.9143373032089643,false,129.30108801640125,formal_m1_center_not_selected
primary,S000900,C023_QPP_N015_P080_A0_Q020,STATIONARY_QPP_PRESENT,19,0,3,VALID,-4.981719571486622,-1.6411080611858688,false,124.03553725078893,formal_m1_center_not_selected
primary,S000901,C023_QPP_N015_P080_A0_Q020,STATIONARY_QPP_PRESENT,20,0,3,VALID,-5.598975211359015,-1.9500118098906691,false,40.0,formal_m1_center_not_selected
primary,S000902,C023_QPP_N015_P080_A0_Q020,STATIONARY_QPP_PRESENT,21,0,3,VALID,-5.5279015974158465,-1.8208692476724702,false,217.43458235637553,formal_m1_center_not_selected
primary,S000903,C023_QPP_N015_P080_A0_Q020,STATIONARY_QPP_PRESENT,22,0,3,VALID,-5.3635871593853945,-1.9327042810228816,false,157.71170708165116,formal_m1_center_not_selected
primary,S000904,C023_QPP_N015_P080_A0_Q020,STATIONARY_QPP_PRESENT,23,0,3,VALID,-5.653715123239671,-1.874388222157605,false,215.18600347313026,formal_m1_center_not_selected
primary,S000905,C023_QPP_N015_P080_A0_Q020,STATIONARY_QPP_PRESENT,24,0,3,VALID,-5.37525213700545,-1.86413239923077,false,236.13026220493086,formal_m1_center_not_selected
primary,S000906,C023_QPP_N015_P080_A0_Q020,STATIONARY_QPP_PRESENT,25,0,3,VALID,-5.6450642358038206,-1.8323230494824108,false,216.26996351677067,formal_m1_center_not_selected
primary,S000907,C023_QPP_N015_P080_A0_Q020,STATIONARY_QPP_PRESENT,26,0,3,VALID,-5.326990767681801,-1.8622684274676713,false,126.93798260027744,formal_m1_center_not_selected
primary,S000908,C023_QPP_N015_P080_A0_Q020,STATIONARY_QPP_PRESENT,27,0,3,VALID,-5.5021804364338855,-1.9417261099558294,false,129.38065181557474,formal_m1_center_not_selected
primary,S000909,C023_QPP_N015_P080_A0_Q020,STATIONARY_QPP_PRESENT,28,0,3,VALID,-5.578535436618312,-1.9487036379970677,false,164.77715882178222,formal_m1_center_not_selected
primary,S000910,C023_QPP_N015_P080_A0_Q020,STATIONARY_QPP_PRESENT,29,0,3,VALID,-5.4669744968214555,-1.9554902750589251,false,174.95608950452484,formal_m1_center_not_selected
primary,S000911,C023_QPP_N015_P080_A0_Q020,STATIONARY_QPP_PRESENT,30,0,3,VALID,-5.327726118095173,-1.9331854299305986,false,171.72020572756705,formal_m1_center_not_selected
primary,S000912,C023_QPP_N015_P080_A0_Q020,STATIONARY_QPP_PRESENT,31,0,3,VALID,-5.582099321531556,-1.94257652380045,false,167.52390339766737,formal_m1_center_not_selected
primary,S000913,C023_QPP_N015_P080_A0_Q020,STATIONARY_QPP_PRESENT,32,0,3,VALID,-5.357757945490416,-1.8779931243963732,false,234.9468944106514,formal_m1_center_not_selected
primary,S000914,C023_QPP_N015_P080_A0_Q020,STATIONARY_QPP_PRESENT,33,0,3,VALID,-5.456728778595567,-1.9651522236579533,false,175.85436770794033,formal_m1_center_not_selected
primary,S000915,C023_QPP_N015_P080_A0_Q020,STATIONARY_QPP_PRESENT,34,0,3,VALID,-5.28618091283651,-1.9500849448004347,false,169.00093318463166,formal_m1_center_not_selected
primary,S000916,C023_QPP_N015_P080_A0_Q020,STATIONARY_QPP_PRESENT,35,0,3,VALID,-5.443814186274386,-1.9124306326255036,false,135.64903416284704,formal_m1_center_not_selected
primary,S000917,C023_QPP_N015_P080_A0_Q020,STATIONARY_QPP_PRESENT,36,0,3,VALID,-5.534403859615157,-1.7750453782963733,false,219.21527612446317,formal_m1_center_not_selected
primary,S000918,C023_QPP_N015_P080_A0_Q020,STATIONARY_QPP_PRESENT,37,0,3,VALID,-5.46961617158264,-1.9476862649372846,false,162.94511835035541,formal_m1_center_not_selected
primary,S000919,C023_QPP_N015_P080_A0_Q020,STATIONARY_QPP_PRESENT,38,0,3,VALID,-5.322658944855432,-1.8506139674959465,false,126.28611188687503,formal_m1_center_not_selected
primary,S000920,C023_QPP_N015_P080_A0_Q020,STATIONARY_QPP_PRESENT,39,0,3,VALID,-5.406144637271925,-1.8392590106608475,false,216.26494313307904,formal_m1_center_not_selected
primary,S000921,C024_QPP_N015_P080_A0_Q040,STATIONARY_QPP_PRESENT,0,0,3,VALID,-5.180991246617493,-1.8869158901527863,false,126.03433053931562,formal_m1_center_not_selected
primary,S000922,C024_QPP_N015_P080_A0_Q040,STATIONARY_QPP_PRESENT,1,0,3,VALID,-5.464982046251974,-1.683504461386403,false,215.82463401816185,formal_m1_center_not_selected
primary,S000923,C024_QPP_N015_P080_A0_Q040,STATIONARY_QPP_PRESENT,2,0,3,VALID,-5.560590869604603,-1.7743932509329374,false,215.97728958343322,formal_m1_center_not_selected
primary,S000924,C024_QPP_N015_P080_A0_Q040,STATIONARY_QPP_PRESENT,3,0,3,VALID,-5.648906505038253,-1.9549396100627705,false,160.78869399516702,formal_m1_center_not_selected
primary,S000925,C024_QPP_N015_P080_A0_Q040,STATIONARY_QPP_PRESENT,4,0,3,VALID,-5.395983584975729,-1.9368356698604279,false,174.50399464159597,formal_m1_center_not_selected
primary,S000926,C024_QPP_N015_P080_A0_Q040,STATIONARY_QPP_PRESENT,5,0,3,VALID,-5.755294915804949,-1.9434859481053275,false,40.0,formal_m1_center_not_selected
primary,S000927,C024_QPP_N015_P080_A0_Q040,STATIONARY_QPP_PRESENT,6,0,3,VALID,-5.568716102059941,-1.8254421486361734,false,215.61558557547872,formal_m1_center_not_selected
primary,S000928,C024_QPP_N015_P080_A0_Q040,STATIONARY_QPP_PRESENT,7,0,3,VALID,-5.323449808592251,-1.9445813619995738,false,157.9692615616106,formal_m1_center_not_selected
primary,S000929,C024_QPP_N015_P080_A0_Q040,STATIONARY_QPP_PRESENT,8,0,3,VALID,-4.882533356995594,-1.8256344908736084,false,125.71411535418196,formal_m1_center_not_selected
primary,S000930,C024_QPP_N015_P080_A0_Q040,STATIONARY_QPP_PRESENT,9,0,3,VALID,-5.050695898782537,-1.9367628726083401,false,129.81589736924312,formal_m1_center_not_selected
primary,S000931,C024_QPP_N015_P080_A0_Q040,STATIONARY_QPP_PRESENT,10,0,3,VALID,-4.785868060994449,-1.8658008591732473,false,123.92765676250059,formal_m1_center_not_selected
primary,S000932,C024_QPP_N015_P080_A0_Q040,STATIONARY_QPP_PRESENT,11,0,3,VALID,-4.845189953683498,-1.9359264375170442,false,144.2475365548635,formal_m1_center_not_selected
primary,S000933,C024_QPP_N015_P080_A0_Q040,STATIONARY_QPP_PRESENT,12,0,3,VALID,-5.6896855114061164,-1.85669446964324,false,214.74602382736708,formal_m1_center_not_selected
primary,S000934,C024_QPP_N015_P080_A0_Q040,STATIONARY_QPP_PRESENT,13,0,3,VALID,-5.378757851628311,-1.8651083462661395,false,236.71190492167634,formal_m1_center_not_selected
primary,S000935,C024_QPP_N015_P080_A0_Q040,STATIONARY_QPP_PRESENT,14,0,3,VALID,-5.6656835123283,-1.966225215501825,false,167.21421322963323,formal_m1_center_not_selected
primary,S000936,C024_QPP_N015_P080_A0_Q040,STATIONARY_QPP_PRESENT,15,0,3,VALID,-5.637636112276708,-1.9884026604995233,false,168.7681779243838,formal_m1_center_not_selected
primary,S000937,C024_QPP_N015_P080_A0_Q040,STATIONARY_QPP_PRESENT,16,0,3,VALID,-5.21304297358337,-1.925799398658719,false,125.25498711254322,formal_m1_center_not_selected
primary,S000938,C024_QPP_N015_P080_A0_Q040,STATIONARY_QPP_PRESENT,17,0,3,VALID,-5.300559001929956,-1.8429297793565622,false,236.3226783736193,formal_m1_center_not_selected
primary,S000939,C024_QPP_N015_P080_A0_Q040,STATIONARY_QPP_PRESENT,18,0,3,VALID,-5.428371218721914,-1.8825216097744262,false,126.49471456075779,formal_m1_center_not_selected
primary,S000940,C024_QPP_N015_P080_A0_Q040,STATIONARY_QPP_PRESENT,19,0,3,VALID,-4.6522354882912555,-1.455154708497834,false,125.94706337239481,formal_m1_center_not_selected
primary,S000941,C024_QPP_N015_P080_A0_Q040,STATIONARY_QPP_PRESENT,20,0,3,VALID,-5.602458516810991,-1.952294549464189,false,40.0,formal_m1_center_not_selected
primary,S000942,C024_QPP_N015_P080_A0_Q040,STATIONARY_QPP_PRESENT,21,0,3,VALID,-5.632208139309599,-1.8522473471936136,false,213.69514256580248,formal_m1_center_not_selected
primary,S000943,C024_QPP_N015_P080_A0_Q040,STATIONARY_QPP_PRESENT,22,0,3,VALID,-5.2334955144391415,-1.863310714332818,false,146.9665304737866,formal_m1_center_not_selected
primary,S000944,C024_QPP_N015_P080_A0_Q040,STATIONARY_QPP_PRESENT,23,0,3,VALID,-5.735701967613746,-1.9111999901815215,false,213.0284682552115,formal_m1_center_not_selected
primary,S000945,C024_QPP_N015_P080_A0_Q040,STATIONARY_QPP_PRESENT,24,0,3,VALID,-5.225420647218597,-1.8507548304190165,false,236.16129064184395,formal_m1_center_not_selected
primary,S000946,C024_QPP_N015_P080_A0_Q040,STATIONARY_QPP_PRESENT,25,0,3,VALID,-5.711787816359834,-1.860123539944433,false,68.53633890438238,formal_m1_center_not_selected
primary,S000947,C024_QPP_N015_P080_A0_Q040,STATIONARY_QPP_PRESENT,26,0,3,VALID,-4.978634910255549,-1.6611194941815617,false,124.63371147347759,formal_m1_center_not_selected
primary,S000948,C024_QPP_N015_P080_A0_Q040,STATIONARY_QPP_PRESENT,27,0,3,VALID,-5.467337892980078,-1.9366240184179615,false,131.99144897178596,formal_m1_center_not_selected
primary,S000949,C024_QPP_N015_P080_A0_Q040,STATIONARY_QPP_PRESENT,28,0,3,VALID,-5.648941310167087,-1.9302289138545676,false,149.06692758704784,formal_m1_center_not_selected
primary,S000950,C024_QPP_N015_P080_A0_Q040,STATIONARY_QPP_PRESENT,29,0,3,VALID,-5.54906120147939,-1.9866164539403082,false,177.19145877150183,formal_m1_center_not_selected
primary,S000951,C024_QPP_N015_P080_A0_Q040,STATIONARY_QPP_PRESENT,30,0,3,VALID,-5.125375370209023,-1.95292744462406,false,183.33129090503405,formal_m1_center_not_selected
primary,S000952,C024_QPP_N015_P080_A0_Q040,STATIONARY_QPP_PRESENT,31,0,3,VALID,-5.666918439283027,-1.9574606151573457,false,158.46605494943688,formal_m1_center_not_selected
primary,S000953,C024_QPP_N015_P080_A0_Q040,STATIONARY_QPP_PRESENT,32,0,3,VALID,-5.229952303022655,-1.8639890058521873,false,235.35072039704664,formal_m1_center_not_selected
primary,S000954,C024_QPP_N015_P080_A0_Q040,STATIONARY_QPP_PRESENT,33,0,3,VALID,-5.279436835928447,-1.9520694106403473,false,172.4234501237767,formal_m1_center_not_selected
primary,S000955,C024_QPP_N015_P080_A0_Q040,STATIONARY_QPP_PRESENT,34,0,3,VALID,-5.219873065838396,-1.9383800926621868,false,131.31609996521854,formal_m1_center_not_selected
primary,S000956,C024_QPP_N015_P080_A0_Q040,STATIONARY_QPP_PRESENT,35,0,3,VALID,-5.279982194574771,-1.913362421638765,false,128.55066615571576,formal_m1_center_not_selected
primary,S000957,C024_QPP_N015_P080_A0_Q040,STATIONARY_QPP_PRESENT,36,0,3,VALID,-5.447332957321274,-1.6780231859345536,false,219.58211636444588,formal_m1_center_not_selected
primary,S000958,C024_QPP_N015_P080_A0_Q040,STATIONARY_QPP_PRESENT,37,0,3,VALID,-5.397718164512472,-1.9141852509523032,false,149.962913703038,formal_m1_center_not_selected
primary,S000959,C024_QPP_N015_P080_A0_Q040,STATIONARY_QPP_PRESENT,38,0,3,VALID,-5.050418640401919,-1.7089851169270416,false,124.28529407751584,formal_m1_center_not_selected
primary,S000960,C024_QPP_N015_P080_A0_Q040,STATIONARY_QPP_PRESENT,39,0,3,VALID,-5.244620855293153,-1.8305226498977047,false,230.4732355903397,formal_m1_center_not_selected
primary,S000961,C025_QPP_N015_P080_A1_Q010,STATIONARY_QPP_PRESENT,0,0,3,VALID,-5.444468837957906,-1.9272140825944613,false,210.50345353809976,formal_m1_center_not_selected
primary,S000962,C025_QPP_N015_P080_A1_Q010,STATIONARY_QPP_PRESENT,1,0,3,VALID,-5.491402085693602,-1.8934135237685643,false,227.85195932394922,formal_m1_center_not_selected
primary,S000963,C025_QPP_N015_P080_A1_Q010,STATIONARY_QPP_PRESENT,2,0,3,VALID,-5.68142851793403,-1.8695169418972535,false,215.09813405783154,formal_m1_center_not_selected
primary,S000964,C025_QPP_N015_P080_A1_Q010,STATIONARY_QPP_PRESENT,3,0,3,VALID,-5.426609505530383,-1.9668124801119165,false,180.15486685623324,formal_m1_center_not_selected
primary,S000965,C025_QPP_N015_P080_A1_Q010,STATIONARY_QPP_PRESENT,4,0,3,VALID,-5.4416791445971935,-1.9078326533489198,false,129.18649685165428,formal_m1_center_not_selected
primary,S000966,C025_QPP_N015_P080_A1_Q010,STATIONARY_QPP_PRESENT,5,0,3,VALID,-5.564386468641834,-1.9495583418399685,false,171.98188747963013,formal_m1_center_not_selected
primary,S000967,C025_QPP_N015_P080_A1_Q010,STATIONARY_QPP_PRESENT,6,0,3,VALID,-5.49626169971825,-1.9291818381955848,false,124.05377679938421,formal_m1_center_not_selected
primary,S000968,C025_QPP_N015_P080_A1_Q010,STATIONARY_QPP_PRESENT,7,0,3,VALID,-5.559038068341117,-1.9135544811599212,false,148.82937128693172,formal_m1_center_not_selected
primary,S000969,C025_QPP_N015_P080_A1_Q010,STATIONARY_QPP_PRESENT,8,0,3,VALID,-5.478402440519016,-1.9225719899188212,false,132.22220339190687,formal_m1_center_not_selected
primary,S000970,C025_QPP_N015_P080_A1_Q010,STATIONARY_QPP_PRESENT,9,0,3,VALID,-5.410968217789275,-1.9225650092210662,false,128.75639717131176,formal_m1_center_not_selected
primary,S000971,C025_QPP_N015_P080_A1_Q010,STATIONARY_QPP_PRESENT,10,0,3,VALID,-5.480623211505737,-1.884974098689642,false,216.08104616081584,formal_m1_center_not_selected
primary,S000972,C025_QPP_N015_P080_A1_Q010,STATIONARY_QPP_PRESENT,11,0,3,VALID,-5.541823169819468,-1.8577075510579837,false,234.35673861885314,formal_m1_center_not_selected
primary,S000973,C025_QPP_N015_P080_A1_Q010,STATIONARY_QPP_PRESENT,12,0,3,VALID,-5.491152028172733,-1.9124821223006991,false,224.505440156262,formal_m1_center_not_selected
primary,S000974,C025_QPP_N015_P080_A1_Q010,STATIONARY_QPP_PRESENT,13,0,3,VALID,-5.553300492174829,-1.921997648010195,false,204.83187078337122,formal_m1_center_not_selected
primary,S000975,C025_QPP_N015_P080_A1_Q010,STATIONARY_QPP_PRESENT,14,0,3,VALID,-5.386974905112796,-1.9560392643938291,false,177.03280909295677,formal_m1_center_not_selected
primary,S000976,C025_QPP_N015_P080_A1_Q010,STATIONARY_QPP_PRESENT,15,0,3,VALID,-5.543892577728707,-1.9268716772546073,false,129.11192111203553,formal_m1_center_not_selected
primary,S000977,C025_QPP_N015_P080_A1_Q010,STATIONARY_QPP_PRESENT,16,0,3,VALID,-5.609027183718114,-1.9065037134130671,false,214.39488351110754,formal_m1_center_not_selected
primary,S000978,C025_QPP_N015_P080_A1_Q010,STATIONARY_QPP_PRESENT,17,0,3,VALID,-5.510239178076503,-1.885506510068221,false,234.57576883682356,formal_m1_center_not_selected
primary,S000979,C025_QPP_N015_P080_A1_Q010,STATIONARY_QPP_PRESENT,18,0,3,VALID,-5.318616867294651,-1.9114956734928255,false,128.13592027980374,formal_m1_center_not_selected
primary,S000980,C025_QPP_N015_P080_A1_Q010,STATIONARY_QPP_PRESENT,19,0,3,VALID,-5.372910209513391,-1.9250122122054956,false,129.49096608598958,formal_m1_center_not_selected
primary,S000981,C025_QPP_N015_P080_A1_Q010,STATIONARY_QPP_PRESENT,20,0,3,VALID,-5.478893508019382,-1.9181213908716535,false,211.19057177649213,formal_m1_center_not_selected
primary,S000982,C025_QPP_N015_P080_A1_Q010,STATIONARY_QPP_PRESENT,21,0,3,VALID,-5.720805818861471,-1.9483631314172625,false,151.29537412607644,formal_m1_center_not_selected
primary,S000983,C025_QPP_N015_P080_A1_Q010,STATIONARY_QPP_PRESENT,22,0,3,VALID,-5.544900867547518,-1.9166221640438854,false,227.70040212927253,formal_m1_center_not_selected
primary,S000984,C025_QPP_N015_P080_A1_Q010,STATIONARY_QPP_PRESENT,23,0,3,VALID,-5.748703716008148,-1.9397585234789139,false,159.9333966520403,formal_m1_center_not_selected
primary,S000985,C025_QPP_N015_P080_A1_Q010,STATIONARY_QPP_PRESENT,24,0,3,VALID,-5.397706901405925,-1.7706518341054673,false,218.16356853535643,formal_m1_center_not_selected
primary,S000986,C025_QPP_N015_P080_A1_Q010,STATIONARY_QPP_PRESENT,25,0,3,VALID,-5.562604742323876,-1.9318556979576682,false,127.71479790660177,formal_m1_center_not_selected
primary,S000987,C025_QPP_N015_P080_A1_Q010,STATIONARY_QPP_PRESENT,26,0,3,VALID,-5.565566838703109,-1.9203637503842375,false,223.35853818262666,formal_m1_center_not_selected
primary,S000988,C025_QPP_N015_P080_A1_Q010,STATIONARY_QPP_PRESENT,27,0,3,VALID,-5.517841054575102,-1.7892794688914906,false,219.09639737193177,formal_m1_center_not_selected
primary,S000989,C025_QPP_N015_P080_A1_Q010,STATIONARY_QPP_PRESENT,28,0,3,VALID,-5.538954657176088,-1.7786802554577088,false,226.08045977380715,formal_m1_center_not_selected
primary,S000990,C025_QPP_N015_P080_A1_Q010,STATIONARY_QPP_PRESENT,29,0,3,VALID,-5.563822842169522,-1.9433327336775585,false,169.3661331755148,formal_m1_center_not_selected
primary,S000991,C025_QPP_N015_P080_A1_Q010,STATIONARY_QPP_PRESENT,30,0,3,VALID,-5.496616071661764,-1.9298057689202066,false,126.61511157010442,formal_m1_center_not_selected
primary,S000992,C025_QPP_N015_P080_A1_Q010,STATIONARY_QPP_PRESENT,31,0,3,VALID,-5.451153035500594,-1.9014509122160943,false,125.81463246462685,formal_m1_center_not_selected
primary,S000993,C025_QPP_N015_P080_A1_Q010,STATIONARY_QPP_PRESENT,32,0,3,VALID,-5.595652074318648,-1.9251007079025326,false,129.49784454239148,formal_m1_center_not_selected
primary,S000994,C025_QPP_N015_P080_A1_Q010,STATIONARY_QPP_PRESENT,33,0,3,VALID,-5.410674722651562,-1.9367546750912377,false,129.96841345959567,formal_m1_center_not_selected
primary,S000995,C025_QPP_N015_P080_A1_Q010,STATIONARY_QPP_PRESENT,34,0,3,VALID,-5.621162736274215,-1.88103894871242,false,215.89788517312533,formal_m1_center_not_selected
primary,S000996,C025_QPP_N015_P080_A1_Q010,STATIONARY_QPP_PRESENT,35,0,3,VALID,-5.535978876134893,-1.9244162987326527,false,144.07971410644512,formal_m1_center_not_selected
primary,S000997,C025_QPP_N015_P080_A1_Q010,STATIONARY_QPP_PRESENT,36,0,3,VALID,-5.2901490567808125,-1.910075863681027,false,126.78826290639032,formal_m1_center_not_selected
primary,S000998,C025_QPP_N015_P080_A1_Q010,STATIONARY_QPP_PRESENT,37,0,3,VALID,-5.665100428988083,-1.915870677164258,false,127.33018117160694,formal_m1_center_not_selected
primary,S000999,C025_QPP_N015_P080_A1_Q010,STATIONARY_QPP_PRESENT,38,0,3,VALID,-5.60754890753255,-1.9326353017589186,false,201.24090533242423,formal_m1_center_not_selected
primary,S001000,C025_QPP_N015_P080_A1_Q010,STATIONARY_QPP_PRESENT,39,0,3,VALID,-5.603821079399079,-1.9415408397615161,false,131.67577410649534,formal_m1_center_not_selected
primary,S001001,C026_QPP_N015_P080_A1_Q020,STATIONARY_QPP_PRESENT,0,0,3,VALID,-5.436608258532882,-1.8888436815085354,false,236.55673116622248,formal_m1_center_not_selected
primary,S001002,C026_QPP_N015_P080_A1_Q020,STATIONARY_QPP_PRESENT,1,0,3,VALID,-5.474258518141424,-1.8458304197838258,false,233.31817275431862,formal_m1_center_not_selected
primary,S001003,C026_QPP_N015_P080_A1_Q020,STATIONARY_QPP_PRESENT,2,0,3,VALID,-5.632225426342654,-1.8413857824418267,false,217.17480775803546,formal_m1_center_not_selected
primary,S001004,C026_QPP_N015_P080_A1_Q020,STATIONARY_QPP_PRESENT,3,0,3,VALID,-5.333885399330237,-1.9675575353489885,false,168.8606783323392,formal_m1_center_not_selected
primary,S001005,C026_QPP_N015_P080_A1_Q020,STATIONARY_QPP_PRESENT,4,0,3,VALID,-5.341364524038271,-1.8912714612227264,false,127.88825067284561,formal_m1_center_not_selected
primary,S001006,C026_QPP_N015_P080_A1_Q020,STATIONARY_QPP_PRESENT,5,0,3,VALID,-5.60927419623537,-1.9427909533466243,false,180.12276565903545,formal_m1_center_not_selected
primary,S001007,C026_QPP_N015_P080_A1_Q020,STATIONARY_QPP_PRESENT,6,0,3,VALID,-5.469375939270833,-1.9250470773943809,false,127.54743411359215,formal_m1_center_not_selected
primary,S001008,C026_QPP_N015_P080_A1_Q020,STATIONARY_QPP_PRESENT,7,0,3,VALID,-5.543950250139831,-1.875671148004721,false,216.83675750942172,formal_m1_center_not_selected
primary,S001009,C026_QPP_N015_P080_A1_Q020,STATIONARY_QPP_PRESENT,8,0,3,VALID,-5.512071205766977,-1.8916245411378645,false,234.2749926963903,formal_m1_center_not_selected
primary,S001010,C026_QPP_N015_P080_A1_Q020,STATIONARY_QPP_PRESENT,9,0,3,VALID,-5.320839447151217,-1.9223083106648078,false,128.37625665032004,formal_m1_center_not_selected
primary,S001011,C026_QPP_N015_P080_A1_Q020,STATIONARY_QPP_PRESENT,10,0,3,VALID,-5.505911960887584,-1.9177594595074732,false,137.90306847900786,formal_m1_center_not_selected
primary,S001012,C026_QPP_N015_P080_A1_Q020,STATIONARY_QPP_PRESENT,11,0,3,VALID,-5.544089179751673,-1.8993242323708133,false,232.71670440019494,formal_m1_center_not_selected
primary,S001013,C026_QPP_N015_P080_A1_Q020,STATIONARY_QPP_PRESENT,12,0,3,VALID,-5.486083669509718,-1.8617329724125247,false,235.06772173198246,formal_m1_center_not_selected
primary,S001014,C026_QPP_N015_P080_A1_Q020,STATIONARY_QPP_PRESENT,13,0,3,VALID,-5.586732819978943,-1.9368614409148295,false,188.9878313149535,formal_m1_center_not_selected
primary,S001015,C026_QPP_N015_P080_A1_Q020,STATIONARY_QPP_PRESENT,14,0,3,VALID,-5.284844136524788,-1.9533867837425722,false,167.91742083103702,formal_m1_center_not_selected
primary,S001016,C026_QPP_N015_P080_A1_Q020,STATIONARY_QPP_PRESENT,15,0,3,VALID,-5.444426205757255,-1.9005155747373914,false,127.27474226467787,formal_m1_center_not_selected
primary,S001017,C026_QPP_N015_P080_A1_Q020,STATIONARY_QPP_PRESENT,16,0,3,VALID,-5.649031579393844,-1.8921633294447124,false,219.03739288177377,formal_m1_center_not_selected
primary,S001018,C026_QPP_N015_P080_A1_Q020,STATIONARY_QPP_PRESENT,17,0,3,VALID,-5.45224833581328,-1.9112972389151741,false,224.66654472229087,formal_m1_center_not_selected
primary,S001019,C026_QPP_N015_P080_A1_Q020,STATIONARY_QPP_PRESENT,18,0,3,VALID,-5.264019185711991,-1.9182409719135558,false,128.21774269945695,formal_m1_center_not_selected
primary,S001020,C026_QPP_N015_P080_A1_Q020,STATIONARY_QPP_PRESENT,19,0,3,VALID,-5.243364385458333,-1.8897241185177345,false,128.04034275656696,formal_m1_center_not_selected
primary,S001021,C026_QPP_N015_P080_A1_Q020,STATIONARY_QPP_PRESENT,20,0,3,VALID,-5.528027905704052,-1.9283255768624619,false,201.59586185615163,formal_m1_center_not_selected
primary,S001022,C026_QPP_N015_P080_A1_Q020,STATIONARY_QPP_PRESENT,21,0,3,VALID,-5.746341509254396,-1.961544972711482,false,168.95934068475432,formal_m1_center_not_selected
primary,S001023,C026_QPP_N015_P080_A1_Q020,STATIONARY_QPP_PRESENT,22,0,3,VALID,-5.499183821192814,-1.895473913935045,false,218.63002457036683,formal_m1_center_not_selected
primary,S001024,C026_QPP_N015_P080_A1_Q020,STATIONARY_QPP_PRESENT,23,0,3,VALID,-5.769766377963206,-1.9325718972293027,false,172.76172232123525,formal_m1_center_not_selected
primary,S001025,C026_QPP_N015_P080_A1_Q020,STATIONARY_QPP_PRESENT,24,0,3,VALID,-5.374901313107351,-1.7120812264127911,false,216.92368431843084,formal_m1_center_not_selected
primary,S001026,C026_QPP_N015_P080_A1_Q020,STATIONARY_QPP_PRESENT,25,0,3,VALID,-5.553106033217004,-1.9216199892512646,false,222.05270571777402,formal_m1_center_not_selected
primary,S001027,C026_QPP_N015_P080_A1_Q020,STATIONARY_QPP_PRESENT,26,0,3,VALID,-5.611540244121697,-1.930998991029452,false,167.56662884191292,formal_m1_center_not_selected
primary,S001028,C026_QPP_N015_P080_A1_Q020,STATIONARY_QPP_PRESENT,27,0,3,VALID,-5.55864973873916,-1.774562290381767,false,216.2050627059062,formal_m1_center_not_selected
primary,S001029,C026_QPP_N015_P080_A1_Q020,STATIONARY_QPP_PRESENT,28,0,3,VALID,-5.513103395275554,-1.8119987032324394,false,231.21206101191356,formal_m1_center_not_selected
primary,S001030,C026_QPP_N015_P080_A1_Q020,STATIONARY_QPP_PRESENT,29,0,3,VALID,-5.610501010484665,-1.9523479526319543,false,169.10397241112992,formal_m1_center_not_selected
primary,S001031,C026_QPP_N015_P080_A1_Q020,STATIONARY_QPP_PRESENT,30,0,3,VALID,-5.478124852031197,-1.9133845073825482,false,229.14388917804348,formal_m1_center_not_selected
primary,S001032,C026_QPP_N015_P080_A1_Q020,STATIONARY_QPP_PRESENT,31,0,3,VALID,-5.460994996273552,-1.9113377948927424,false,128.17984300299776,formal_m1_center_not_selected
primary,S001033,C026_QPP_N015_P080_A1_Q020,STATIONARY_QPP_PRESENT,32,0,3,VALID,-5.562235969563428,-1.9225991259939699,false,128.30410165199584,formal_m1_center_not_selected
primary,S001034,C026_QPP_N015_P080_A1_Q020,STATIONARY_QPP_PRESENT,33,0,3,VALID,-5.372016006469501,-1.9327723294275492,false,130.43198412634092,formal_m1_center_not_selected
primary,S001035,C026_QPP_N015_P080_A1_Q020,STATIONARY_QPP_PRESENT,34,0,3,VALID,-5.599962703435214,-1.8369286020417332,false,218.11509565809158,formal_m1_center_not_selected
primary,S001036,C026_QPP_N015_P080_A1_Q020,STATIONARY_QPP_PRESENT,35,0,3,VALID,-5.560495040520667,-1.8923144230315811,false,216.51912145134057,formal_m1_center_not_selected
primary,S001037,C026_QPP_N015_P080_A1_Q020,STATIONARY_QPP_PRESENT,36,0,3,VALID,-5.1841322634453455,-1.8760894910149792,false,127.66569869530737,formal_m1_center_not_selected
primary,S001038,C026_QPP_N015_P080_A1_Q020,STATIONARY_QPP_PRESENT,37,0,3,VALID,-5.692864563853838,-1.9219491387235008,false,127.26616875601617,formal_m1_center_not_selected
primary,S001039,C026_QPP_N015_P080_A1_Q020,STATIONARY_QPP_PRESENT,38,0,3,VALID,-5.577251353176379,-1.9147567646540269,false,233.2258488955385,formal_m1_center_not_selected
primary,S001040,C026_QPP_N015_P080_A1_Q020,STATIONARY_QPP_PRESENT,39,0,3,VALID,-5.57045633782236,-1.936765756954503,false,159.31074155753862,formal_m1_center_not_selected
primary,S001041,C027_QPP_N015_P080_A1_Q040,STATIONARY_QPP_PRESENT,0,0,3,VALID,-5.385319516736173,-1.7792545589457385,false,215.96637267268443,formal_m1_center_not_selected
primary,S001042,C027_QPP_N015_P080_A1_Q040,STATIONARY_QPP_PRESENT,1,0,3,VALID,-5.424258602802123,-1.7380608445809722,false,218.80715858614317,formal_m1_center_not_selected
primary,S001043,C027_QPP_N015_P080_A1_Q040,STATIONARY_QPP_PRESENT,2,0,3,VALID,-5.5106712466900625,-1.7943050417074522,false,216.70890891816424,formal_m1_center_not_selected
primary,S001044,C027_QPP_N015_P080_A1_Q040,STATIONARY_QPP_PRESENT,3,0,3,VALID,-5.070222458341554,-1.9558560660789306,false,158.38518954762822,formal_m1_center_not_selected
primary,S001045,C027_QPP_N015_P080_A1_Q040,STATIONARY_QPP_PRESENT,4,0,3,VALID,-5.011293280075288,-1.7369169671827729,false,124.61182793204661,formal_m1_center_not_selected
primary,S001046,C027_QPP_N015_P080_A1_Q040,STATIONARY_QPP_PRESENT,5,0,3,VALID,-5.647538909152033,-1.8874784601688388,false,219.65512149894388,formal_m1_center_not_selected
primary,S001047,C027_QPP_N015_P080_A1_Q040,STATIONARY_QPP_PRESENT,6,0,3,VALID,-5.3911755744179395,-1.8973383540492739,false,151.87877935610953,formal_m1_center_not_selected
primary,S001048,C027_QPP_N015_P080_A1_Q040,STATIONARY_QPP_PRESENT,7,0,3,VALID,-5.482602630856103,-1.7722695531298323,false,215.9195878925366,formal_m1_center_not_selected
primary,S001049,C027_QPP_N015_P080_A1_Q040,STATIONARY_QPP_PRESENT,8,0,3,VALID,-5.534730739950289,-1.7971305957166317,false,221.6084106232668,formal_m1_center_not_selected
primary,S001050,C027_QPP_N015_P080_A1_Q040,STATIONARY_QPP_PRESENT,9,0,3,VALID,-5.07569312641351,-1.823352753452677,false,125.97403179660506,formal_m1_center_not_selected
primary,S001051,C027_QPP_N015_P080_A1_Q040,STATIONARY_QPP_PRESENT,10,0,3,VALID,-5.531435019134756,-1.961813899151104,false,177.12198060104313,formal_m1_center_not_selected
primary,S001052,C027_QPP_N015_P080_A1_Q040,STATIONARY_QPP_PRESENT,11,0,3,VALID,-5.483316986660315,-1.9167125739202868,false,128.6198216176959,formal_m1_center_not_selected
primary,S001053,C027_QPP_N015_P080_A1_Q040,STATIONARY_QPP_PRESENT,12,0,3,VALID,-5.462642641738396,-1.7508600607092637,false,218.1594893395867,formal_m1_center_not_selected
primary,S001054,C027_QPP_N015_P080_A1_Q040,STATIONARY_QPP_PRESENT,13,0,3,VALID,-5.633302581347088,-1.9608711961054395,false,167.0424534042501,formal_m1_center_not_selected
primary,S001055,C027_QPP_N015_P080_A1_Q040,STATIONARY_QPP_PRESENT,14,0,3,VALID,-5.008608538084998,-1.9400213401759343,false,157.08503498299882,formal_m1_center_not_selected
primary,S001056,C027_QPP_N015_P080_A1_Q040,STATIONARY_QPP_PRESENT,15,0,3,VALID,-5.129445930883389,-1.7433479947700645,false,123.83508801303972,formal_m1_center_not_selected
primary,S001057,C027_QPP_N015_P080_A1_Q040,STATIONARY_QPP_PRESENT,16,0,3,VALID,-5.703412593047041,-1.8689868104607799,false,75.30080749290242,formal_m1_center_not_selected
primary,S001058,C027_QPP_N015_P080_A1_Q040,STATIONARY_QPP_PRESENT,17,0,3,VALID,-5.253286557324916,-1.9069846343975962,false,125.97067069007844,formal_m1_center_not_selected
primary,S001059,C027_QPP_N015_P080_A1_Q040,STATIONARY_QPP_PRESENT,18,0,3,VALID,-5.1333874371834955,-1.8749889812019704,false,127.95443384442568,formal_m1_center_not_selected
primary,S001060,C027_QPP_N015_P080_A1_Q040,STATIONARY_QPP_PRESENT,19,0,3,VALID,-4.871190564423225,-1.8587787844108439,false,126.95574079362953,formal_m1_center_not_selected
primary,S001061,C027_QPP_N015_P080_A1_Q040,STATIONARY_QPP_PRESENT,20,0,3,VALID,-5.607895286818941,-1.9526349795453433,false,184.6450230583511,formal_m1_center_not_selected
primary,S001062,C027_QPP_N015_P080_A1_Q040,STATIONARY_QPP_PRESENT,21,0,3,VALID,-5.7220021459993795,-1.9356707203601866,false,85.19824773740488,formal_m1_center_not_selected
primary,S001063,C027_QPP_N015_P080_A1_Q040,STATIONARY_QPP_PRESENT,22,0,3,VALID,-5.369063695103847,-1.8418071278511965,false,216.1931386247955,formal_m1_center_not_selected
primary,S001064,C027_QPP_N015_P080_A1_Q040,STATIONARY_QPP_PRESENT,23,0,3,VALID,-5.741694872174689,-1.8901655058440996,false,78.22829364695956,formal_m1_center_not_selected
primary,S001065,C027_QPP_N015_P080_A1_Q040,STATIONARY_QPP_PRESENT,24,0,3,VALID,-5.336673820107068,-1.6048168880107285,false,218.02884372035183,formal_m1_center_not_selected
primary,S001066,C027_QPP_N015_P080_A1_Q040,STATIONARY_QPP_PRESENT,25,0,3,VALID,-5.472636260851846,-1.8551668084309112,false,238.72752460000595,formal_m1_center_not_selected
primary,S001067,C027_QPP_N015_P080_A1_Q040,STATIONARY_QPP_PRESENT,26,0,3,VALID,-5.684291716373888,-1.9543630495530868,false,180.14032000672006,formal_m1_center_not_selected
primary,S001068,C027_QPP_N015_P080_A1_Q040,STATIONARY_QPP_PRESENT,27,0,3,VALID,-5.646436024259531,-1.7901119233830753,false,218.32460641586525,formal_m1_center_not_selected
primary,S001069,C027_QPP_N015_P080_A1_Q040,STATIONARY_QPP_PRESENT,28,0,3,VALID,-5.424649588372636,-1.8607629759694815,false,127.64139539745979,formal_m1_center_not_selected
primary,S001070,C027_QPP_N015_P080_A1_Q040,STATIONARY_QPP_PRESENT,29,0,3,VALID,-5.68660721753929,-1.972416766983014,false,183.29651655581884,formal_m1_center_not_selected
primary,S001071,C027_QPP_N015_P080_A1_Q040,STATIONARY_QPP_PRESENT,30,0,3,VALID,-5.38757889251726,-1.8453036921565014,false,234.3427542486054,formal_m1_center_not_selected
primary,S001072,C027_QPP_N015_P080_A1_Q040,STATIONARY_QPP_PRESENT,31,0,3,VALID,-5.43114708948497,-1.8923749982906672,false,236.01133913245368,formal_m1_center_not_selected
primary,S001073,C027_QPP_N015_P080_A1_Q040,STATIONARY_QPP_PRESENT,32,0,3,VALID,-5.465514021993398,-1.8895318928616005,false,147.44134205129174,formal_m1_center_not_selected
primary,S001074,C027_QPP_N015_P080_A1_Q040,STATIONARY_QPP_PRESENT,33,0,3,VALID,-5.279562594750651,-1.93111835393693,false,126.8174325792584,formal_m1_center_not_selected
primary,S001075,C027_QPP_N015_P080_A1_Q040,STATIONARY_QPP_PRESENT,34,0,3,VALID,-5.558215396994511,-1.7510886485217094,false,220.77220982602023,formal_m1_center_not_selected
primary,S001076,C027_QPP_N015_P080_A1_Q040,STATIONARY_QPP_PRESENT,35,0,3,VALID,-5.580099900840718,-1.8135379413226902,false,218.3339912567965,formal_m1_center_not_selected
primary,S001077,C027_QPP_N015_P080_A1_Q040,STATIONARY_QPP_PRESENT,36,0,3,VALID,-4.853751174911343,-1.85614070944911,false,125.51770381746319,formal_m1_center_not_selected
primary,S001078,C027_QPP_N015_P080_A1_Q040,STATIONARY_QPP_PRESENT,37,0,3,VALID,-5.719507774970861,-1.9294236236170255,false,148.59977387852655,formal_m1_center_not_selected
primary,S001079,C027_QPP_N015_P080_A1_Q040,STATIONARY_QPP_PRESENT,38,0,3,VALID,-5.476581313117379,-1.8544003391289943,false,239.80994733599965,formal_m1_center_not_selected
primary,S001080,C027_QPP_N015_P080_A1_Q040,STATIONARY_QPP_PRESENT,39,0,3,VALID,-5.463358375412673,-1.8898320369660224,false,147.82025858325306,formal_m1_center_not_selected
primary,S001081,C028_QPP_N015_P080_A2_Q010,STATIONARY_QPP_PRESENT,0,0,3,VALID,-5.541400420467621,-1.92815496305671,false,128.08842232897024,formal_m1_center_not_selected
primary,S001082,C028_QPP_N015_P080_A2_Q010,STATIONARY_QPP_PRESENT,1,0,3,VALID,-5.688009645056317,-1.8949171497804658,false,215.50514825562786,formal_m1_center_not_selected
primary,S001083,C028_QPP_N015_P080_A2_Q010,STATIONARY_QPP_PRESENT,2,0,3,VALID,-5.658929566578621,-1.944905268489074,false,171.28280124883798,formal_m1_center_not_selected
primary,S001084,C028_QPP_N015_P080_A2_Q010,STATIONARY_QPP_PRESENT,3,0,3,VALID,-5.528259719243149,-1.9460942865187478,false,173.33958662673587,formal_m1_center_not_selected
primary,S001085,C028_QPP_N015_P080_A2_Q010,STATIONARY_QPP_PRESENT,4,0,3,VALID,-5.5716616286599745,-1.933593660701086,false,128.96052910160176,formal_m1_center_not_selected
primary,S001086,C028_QPP_N015_P080_A2_Q010,STATIONARY_QPP_PRESENT,5,0,3,VALID,-5.507178793325185,-1.9259436470092082,false,132.3880341271837,formal_m1_center_not_selected
primary,S001087,C028_QPP_N015_P080_A2_Q010,STATIONARY_QPP_PRESENT,6,0,3,VALID,-5.2834975072533545,-1.933285269614598,false,131.74143758335092,formal_m1_center_not_selected
primary,S001088,C028_QPP_N015_P080_A2_Q010,STATIONARY_QPP_PRESENT,7,0,3,VALID,-5.390146732112273,-1.9386008908109007,false,131.28865448841242,formal_m1_center_not_selected
primary,S001089,C028_QPP_N015_P080_A2_Q010,STATIONARY_QPP_PRESENT,8,0,3,VALID,-5.554669637976012,-1.926866683026609,false,126.1997650688425,formal_m1_center_not_selected
primary,S001090,C028_QPP_N015_P080_A2_Q010,STATIONARY_QPP_PRESENT,9,0,3,VALID,-5.4803008883610875,-1.949277595912597,false,163.99464131011194,formal_m1_center_not_selected
primary,S001091,C028_QPP_N015_P080_A2_Q010,STATIONARY_QPP_PRESENT,10,0,3,VALID,-5.604326718907664,-1.9386365173801687,false,173.64520746235476,formal_m1_center_not_selected
primary,S001092,C028_QPP_N015_P080_A2_Q010,STATIONARY_QPP_PRESENT,11,0,3,VALID,-5.48605648797216,-1.9066884050731057,false,224.90270151321783,formal_m1_center_not_selected
primary,S001093,C028_QPP_N015_P080_A2_Q010,STATIONARY_QPP_PRESENT,12,0,3,VALID,-5.638509874304573,-1.942172735085344,false,179.5769299820342,formal_m1_center_not_selected
primary,S001094,C028_QPP_N015_P080_A2_Q010,STATIONARY_QPP_PRESENT,13,0,3,VALID,-5.465952760257739,-1.947431655989246,false,158.86457344518934,formal_m1_center_not_selected
primary,S001095,C028_QPP_N015_P080_A2_Q010,STATIONARY_QPP_PRESENT,14,0,3,VALID,-5.4873894831231205,-1.9499799375744784,false,175.73778838358643,formal_m1_center_not_selected
primary,S001096,C028_QPP_N015_P080_A2_Q010,STATIONARY_QPP_PRESENT,15,0,3,VALID,-5.351375667794141,-1.90896773398189,false,126.89761074126449,formal_m1_center_not_selected
primary,S001097,C028_QPP_N015_P080_A2_Q010,STATIONARY_QPP_PRESENT,16,0,3,VALID,-5.448729935613487,-1.9403051779847145,false,130.25484995377468,formal_m1_center_not_selected
primary,S001098,C028_QPP_N015_P080_A2_Q010,STATIONARY_QPP_PRESENT,17,0,3,VALID,-5.394626021588637,-1.848308130772799,false,232.17713208653385,formal_m1_center_not_selected
primary,S001099,C028_QPP_N015_P080_A2_Q010,STATIONARY_QPP_PRESENT,18,0,3,VALID,-5.6165455216892415,-1.9170933893809758,false,223.55260268960077,formal_m1_center_not_selected
primary,S001100,C028_QPP_N015_P080_A2_Q010,STATIONARY_QPP_PRESENT,19,0,3,VALID,-5.55361506898454,-1.9506258705701631,false,184.34449053274074,formal_m1_center_not_selected
primary,S001101,C028_QPP_N015_P080_A2_Q010,STATIONARY_QPP_PRESENT,20,0,3,VALID,-5.470790095600009,-1.9329430889321069,false,194.4503248143038,formal_m1_center_not_selected
primary,S001102,C028_QPP_N015_P080_A2_Q010,STATIONARY_QPP_PRESENT,21,0,3,VALID,-5.426131622914884,-1.9472355470228484,false,181.84940374601965,formal_m1_center_not_selected
primary,S001103,C028_QPP_N015_P080_A2_Q010,STATIONARY_QPP_PRESENT,22,0,3,VALID,-5.46088640642602,-1.8830050799019498,false,216.6697034611697,formal_m1_center_not_selected
primary,S001104,C028_QPP_N015_P080_A2_Q010,STATIONARY_QPP_PRESENT,23,0,3,VALID,-5.318456592739231,-1.9216190351125073,false,127.38591668204207,formal_m1_center_not_selected
primary,S001105,C028_QPP_N015_P080_A2_Q010,STATIONARY_QPP_PRESENT,24,0,3,VALID,-5.400780375039544,-1.876134332305754,false,230.72557548092553,formal_m1_center_not_selected
primary,S001106,C028_QPP_N015_P080_A2_Q010,STATIONARY_QPP_PRESENT,25,0,3,VALID,-5.574271236136072,-1.936833211867829,false,153.0547458637704,formal_m1_center_not_selected
primary,S001107,C028_QPP_N015_P080_A2_Q010,STATIONARY_QPP_PRESENT,26,0,3,VALID,-5.474368222638864,-1.935020380763123,false,128.1763177226759,formal_m1_center_not_selected
primary,S001108,C028_QPP_N015_P080_A2_Q010,STATIONARY_QPP_PRESENT,27,0,3,VALID,-5.47354274928677,-1.9338943687285068,false,129.42356865003205,formal_m1_center_not_selected
primary,S001109,C028_QPP_N015_P080_A2_Q010,STATIONARY_QPP_PRESENT,28,0,3,VALID,-5.614407429669141,-1.9155410185508819,false,230.51586912228828,formal_m1_center_not_selected
primary,S001110,C028_QPP_N015_P080_A2_Q010,STATIONARY_QPP_PRESENT,29,0,3,VALID,-5.578150183655534,-1.9467475886318573,false,162.2356244997124,formal_m1_center_not_selected
primary,S001111,C028_QPP_N015_P080_A2_Q010,STATIONARY_QPP_PRESENT,30,0,3,VALID,-5.484997915610563,-1.911563600661606,false,145.01807465119995,formal_m1_center_not_selected
primary,S001112,C028_QPP_N015_P080_A2_Q010,STATIONARY_QPP_PRESENT,31,0,3,VALID,-5.577294770020595,-1.9587274724895964,false,164.05510242045324,formal_m1_center_not_selected
primary,S001113,C028_QPP_N015_P080_A2_Q010,STATIONARY_QPP_PRESENT,32,0,3,VALID,-5.61443507633278,-1.9405693095794811,false,133.1556931573578,formal_m1_center_not_selected
primary,S001114,C028_QPP_N015_P080_A2_Q010,STATIONARY_QPP_PRESENT,33,0,3,VALID,-5.5228899008434915,-1.6655420735055424,false,215.5499085670533,formal_m1_center_not_selected
primary,S001115,C028_QPP_N015_P080_A2_Q010,STATIONARY_QPP_PRESENT,34,0,3,VALID,-5.565531211524707,-1.928041921301392,false,128.5784660820134,formal_m1_center_not_selected
primary,S001116,C028_QPP_N015_P080_A2_Q010,STATIONARY_QPP_PRESENT,35,0,3,VALID,-5.474900666095765,-1.9274947692090256,false,129.4566570649491,formal_m1_center_not_selected
primary,S001117,C028_QPP_N015_P080_A2_Q010,STATIONARY_QPP_PRESENT,36,0,3,VALID,-5.608663229788569,-1.9012644520948703,false,215.55373886379968,formal_m1_center_not_selected
primary,S001118,C028_QPP_N015_P080_A2_Q010,STATIONARY_QPP_PRESENT,37,0,3,VALID,-5.700415785944504,-1.9309312047892186,false,131.66633019762213,formal_m1_center_not_selected
primary,S001119,C028_QPP_N015_P080_A2_Q010,STATIONARY_QPP_PRESENT,38,0,3,VALID,-5.6442997282149125,-1.9382184081857305,false,172.46911378963947,formal_m1_center_not_selected
primary,S001120,C028_QPP_N015_P080_A2_Q010,STATIONARY_QPP_PRESENT,39,0,3,VALID,-5.343334517881912,-1.9164887041231955,false,218.02563921972936,formal_m1_center_not_selected
primary,S001121,C029_QPP_N015_P080_A2_Q020,STATIONARY_QPP_PRESENT,0,0,3,VALID,-5.561776421378232,-1.9375570182298825,false,127.98129701733826,formal_m1_center_not_selected
primary,S001122,C029_QPP_N015_P080_A2_Q020,STATIONARY_QPP_PRESENT,1,0,3,VALID,-5.725016592231466,-1.8977999074578298,false,216.29474099100034,formal_m1_center_not_selected
primary,S001123,C029_QPP_N015_P080_A2_Q020,STATIONARY_QPP_PRESENT,2,0,3,VALID,-5.691869352183037,-1.9508854216120932,false,166.60301466856254,formal_m1_center_not_selected
primary,S001124,C029_QPP_N015_P080_A2_Q020,STATIONARY_QPP_PRESENT,3,0,3,VALID,-5.459476091019859,-1.9376665547855554,false,124.3999773634951,formal_m1_center_not_selected
primary,S001125,C029_QPP_N015_P080_A2_Q020,STATIONARY_QPP_PRESENT,4,0,3,VALID,-5.612763234010304,-1.9419321068466564,false,181.4831339249365,formal_m1_center_not_selected
primary,S001126,C029_QPP_N015_P080_A2_Q020,STATIONARY_QPP_PRESENT,5,0,3,VALID,-5.466541651951259,-1.9195197093366163,false,132.7494137970366,formal_m1_center_not_selected
primary,S001127,C029_QPP_N015_P080_A2_Q020,STATIONARY_QPP_PRESENT,6,0,3,VALID,-5.188680273129165,-1.9052931980598595,false,153.03219129615323,formal_m1_center_not_selected
primary,S001128,C029_QPP_N015_P080_A2_Q020,STATIONARY_QPP_PRESENT,7,0,3,VALID,-5.280259641650932,-1.922589788877473,false,128.86854804332555,formal_m1_center_not_selected
primary,S001129,C029_QPP_N015_P080_A2_Q020,STATIONARY_QPP_PRESENT,8,0,3,VALID,-5.517190461033792,-1.9216188576350222,false,129.3160962558389,formal_m1_center_not_selected
primary,S001130,C029_QPP_N015_P080_A2_Q020,STATIONARY_QPP_PRESENT,9,0,3,VALID,-5.389424088481345,-1.9259733562819674,false,157.3688224906123,formal_m1_center_not_selected
primary,S001131,C029_QPP_N015_P080_A2_Q020,STATIONARY_QPP_PRESENT,10,0,3,VALID,-5.624918428719832,-1.9530935196716586,false,178.89220526316566,formal_m1_center_not_selected
primary,S001132,C029_QPP_N015_P080_A2_Q020,STATIONARY_QPP_PRESENT,11,0,3,VALID,-5.509578820403554,-1.8746066953470288,false,197.4401159417399,formal_m1_center_not_selected
primary,S001133,C029_QPP_N015_P080_A2_Q020,STATIONARY_QPP_PRESENT,12,0,3,VALID,-5.679073659142512,-1.9291427939477606,false,149.95056221257602,formal_m1_center_not_selected
primary,S001134,C029_QPP_N015_P080_A2_Q020,STATIONARY_QPP_PRESENT,13,0,3,VALID,-5.520391569318022,-1.9718134240067284,false,156.0628429256211,formal_m1_center_not_selected
primary,S001135,C029_QPP_N015_P080_A2_Q020,STATIONARY_QPP_PRESENT,14,0,3,VALID,-5.39032292485574,-1.9374258718710289,false,165.39753984790408,formal_m1_center_not_selected
primary,S001136,C029_QPP_N015_P080_A2_Q020,STATIONARY_QPP_PRESENT,15,0,3,VALID,-5.238685199499612,-1.9184589765752564,false,124.89519295151813,formal_m1_center_not_selected
primary,S001137,C029_QPP_N015_P080_A2_Q020,STATIONARY_QPP_PRESENT,16,0,3,VALID,-5.4693707679298225,-1.9335083218205762,false,133.16109239598572,formal_m1_center_not_selected
primary,S001138,C029_QPP_N015_P080_A2_Q020,STATIONARY_QPP_PRESENT,17,0,3,VALID,-5.395906693689755,-1.8998061162734698,false,220.01831967842543,formal_m1_center_not_selected
primary,S001139,C029_QPP_N015_P080_A2_Q020,STATIONARY_QPP_PRESENT,18,0,3,VALID,-5.615136737138098,-1.8771316829384839,false,215.37213838615196,formal_m1_center_not_selected
primary,S001140,C029_QPP_N015_P080_A2_Q020,STATIONARY_QPP_PRESENT,19,0,3,VALID,-5.5395693649151845,-1.9572932339061024,false,168.62381970577397,formal_m1_center_not_selected
primary,S001141,C029_QPP_N015_P080_A2_Q020,STATIONARY_QPP_PRESENT,20,0,3,VALID,-5.389827941658034,-1.9344594860099162,false,131.57044714890935,formal_m1_center_not_selected
primary,S001142,C029_QPP_N015_P080_A2_Q020,STATIONARY_QPP_PRESENT,21,0,3,VALID,-5.4173821657167185,-1.954447879558141,false,170.79263626854294,formal_m1_center_not_selected
primary,S001143,C029_QPP_N015_P080_A2_Q020,STATIONARY_QPP_PRESENT,22,0,3,VALID,-5.467131832006309,-1.8304001682531768,false,218.82865865080106,formal_m1_center_not_selected
primary,S001144,C029_QPP_N015_P080_A2_Q020,STATIONARY_QPP_PRESENT,23,0,3,VALID,-5.180941813304075,-1.9152287055481212,false,125.40256900909556,formal_m1_center_not_selected
primary,S001145,C029_QPP_N015_P080_A2_Q020,STATIONARY_QPP_PRESENT,24,0,3,VALID,-5.341683494541449,-1.8505217065257744,false,234.6704729600874,formal_m1_center_not_selected
primary,S001146,C029_QPP_N015_P080_A2_Q020,STATIONARY_QPP_PRESENT,25,0,3,VALID,-5.578140060963355,-1.963356092326479,false,147.0424534974038,formal_m1_center_not_selected
primary,S001147,C029_QPP_N015_P080_A2_Q020,STATIONARY_QPP_PRESENT,26,0,3,VALID,-5.445032989504838,-1.9298619783720161,false,139.95697648049833,formal_m1_center_not_selected
primary,S001148,C029_QPP_N015_P080_A2_Q020,STATIONARY_QPP_PRESENT,27,0,3,VALID,-5.356122839492478,-1.9304765717335348,false,128.10551385942574,formal_m1_center_not_selected
primary,S001149,C029_QPP_N015_P080_A2_Q020,STATIONARY_QPP_PRESENT,28,0,3,VALID,-5.55695102413226,-1.925940252739477,false,203.67745200808255,formal_m1_center_not_selected
primary,S001150,C029_QPP_N015_P080_A2_Q020,STATIONARY_QPP_PRESENT,29,0,3,VALID,-5.511436262950344,-1.953055357731409,false,154.86778992522449,formal_m1_center_not_selected
primary,S001151,C029_QPP_N015_P080_A2_Q020,STATIONARY_QPP_PRESENT,30,0,3,VALID,-5.426320679531619,-1.9065303260499649,false,175.81831608936724,formal_m1_center_not_selected
primary,S001152,C029_QPP_N015_P080_A2_Q020,STATIONARY_QPP_PRESENT,31,0,3,VALID,-5.628244555772884,-1.9548473954810417,false,179.9784640838482,formal_m1_center_not_selected
primary,S001153,C029_QPP_N015_P080_A2_Q020,STATIONARY_QPP_PRESENT,32,0,3,VALID,-5.581197336742555,-1.9331266023716163,false,134.64516412316578,formal_m1_center_not_selected
primary,S001154,C029_QPP_N015_P080_A2_Q020,STATIONARY_QPP_PRESENT,33,0,3,VALID,-5.455465384395099,-1.7604397284494455,false,218.70428694446798,formal_m1_center_not_selected
primary,S001155,C029_QPP_N015_P080_A2_Q020,STATIONARY_QPP_PRESENT,34,0,3,VALID,-5.482908769888214,-1.9036140586358057,false,127.79418338870319,formal_m1_center_not_selected
primary,S001156,C029_QPP_N015_P080_A2_Q020,STATIONARY_QPP_PRESENT,35,0,3,VALID,-5.435291522273431,-1.9271958009924939,false,128.3390090492011,formal_m1_center_not_selected
primary,S001157,C029_QPP_N015_P080_A2_Q020,STATIONARY_QPP_PRESENT,36,0,3,VALID,-5.655428876053362,-1.9066457528235814,false,215.42112818359678,formal_m1_center_not_selected
primary,S001158,C029_QPP_N015_P080_A2_Q020,STATIONARY_QPP_PRESENT,37,0,3,VALID,-5.7132756999410255,-1.9097475378567266,false,234.6094727077821,formal_m1_center_not_selected
primary,S001159,C029_QPP_N015_P080_A2_Q020,STATIONARY_QPP_PRESENT,38,0,3,VALID,-5.685616416137625,-1.9295598648690726,false,166.27878190660593,formal_m1_center_not_selected
primary,S001160,C029_QPP_N015_P080_A2_Q020,STATIONARY_QPP_PRESENT,39,0,3,VALID,-5.252256445031307,-1.9282152589572243,false,130.76027584685417,formal_m1_center_not_selected
primary,S001161,C030_QPP_N015_P080_A2_Q040,STATIONARY_QPP_PRESENT,0,0,3,VALID,-5.582308172336974,-1.9382585879490533,false,151.30950785648687,formal_m1_center_not_selected
primary,S001162,C030_QPP_N015_P080_A2_Q040,STATIONARY_QPP_PRESENT,1,0,3,VALID,-5.757935758852662,-1.9039914729752416,false,70.73441882014917,formal_m1_center_not_selected
primary,S001163,C030_QPP_N015_P080_A2_Q040,STATIONARY_QPP_PRESENT,2,0,3,VALID,-5.7381396091452235,-1.9644837350911937,false,152.2788057848061,formal_m1_center_not_selected
primary,S001164,C030_QPP_N015_P080_A2_Q040,STATIONARY_QPP_PRESENT,3,0,3,VALID,-5.281123861767492,-1.9038102173634242,false,128.28179929321888,formal_m1_center_not_selected
primary,S001165,C030_QPP_N015_P080_A2_Q040,STATIONARY_QPP_PRESENT,4,0,3,VALID,-5.6657795231089665,-1.9596924874989297,false,173.4502263149214,formal_m1_center_not_selected
primary,S001166,C030_QPP_N015_P080_A2_Q040,STATIONARY_QPP_PRESENT,5,0,3,VALID,-5.359995148365989,-1.9054965377623256,false,235.01186773202852,formal_m1_center_not_selected
primary,S001167,C030_QPP_N015_P080_A2_Q040,STATIONARY_QPP_PRESENT,6,0,3,VALID,-4.944127400099594,-1.943809668349469,false,155.41623064244544,formal_m1_center_not_selected
primary,S001168,C030_QPP_N015_P080_A2_Q040,STATIONARY_QPP_PRESENT,7,0,3,VALID,-4.948348715571665,-1.9047089434076865,false,125.0943282430906,formal_m1_center_not_selected
primary,S001169,C030_QPP_N015_P080_A2_Q040,STATIONARY_QPP_PRESENT,8,0,3,VALID,-5.426876906489273,-1.9183288543774877,false,124.43477329380602,formal_m1_center_not_selected
primary,S001170,C030_QPP_N015_P080_A2_Q040,STATIONARY_QPP_PRESENT,9,0,3,VALID,-5.14162839589533,-1.949625786936891,false,150.3132482367245,formal_m1_center_not_selected
primary,S001171,C030_QPP_N015_P080_A2_Q040,STATIONARY_QPP_PRESENT,10,0,3,VALID,-5.642376427404631,-1.966144111078811,false,155.98346242467522,formal_m1_center_not_selected
primary,S001172,C030_QPP_N015_P080_A2_Q040,STATIONARY_QPP_PRESENT,11,0,3,VALID,-5.489757330156861,-1.7528177746554805,false,216.4371457233374,formal_m1_center_not_selected
primary,S001173,C030_QPP_N015_P080_A2_Q040,STATIONARY_QPP_PRESENT,12,0,3,VALID,-5.740501681007414,-1.912037448843635,false,214.03028313170643,formal_m1_center_not_selected
primary,S001174,C030_QPP_N015_P080_A2_Q040,STATIONARY_QPP_PRESENT,13,0,3,VALID,-5.600858185777616,-1.9616443842750515,false,146.25022986612043,formal_m1_center_not_selected
primary,S001175,C030_QPP_N015_P080_A2_Q040,STATIONARY_QPP_PRESENT,14,0,3,VALID,-5.096621032491003,-1.8243124469237797,false,145.4819533077544,formal_m1_center_not_selected
primary,S001176,C030_QPP_N015_P080_A2_Q040,STATIONARY_QPP_PRESENT,15,0,3,VALID,-4.938974782258269,-1.7090384918896726,false,124.80406597709727,formal_m1_center_not_selected
primary,S001177,C030_QPP_N015_P080_A2_Q040,STATIONARY_QPP_PRESENT,16,0,3,VALID,-5.453078866361855,-1.866974352034835,false,235.95512883758747,formal_m1_center_not_selected
primary,S001178,C030_QPP_N015_P080_A2_Q040,STATIONARY_QPP_PRESENT,17,0,3,VALID,-5.330005459965932,-1.936336603280437,false,130.26202597026534,formal_m1_center_not_selected
primary,S001179,C030_QPP_N015_P080_A2_Q040,STATIONARY_QPP_PRESENT,18,0,3,VALID,-5.598655555348701,-1.7924959084417322,false,217.4886483041003,formal_m1_center_not_selected
primary,S001180,C030_QPP_N015_P080_A2_Q040,STATIONARY_QPP_PRESENT,19,0,3,VALID,-5.471856575807619,-1.932452532194909,false,151.38083934950046,formal_m1_center_not_selected
primary,S001181,C030_QPP_N015_P080_A2_Q040,STATIONARY_QPP_PRESENT,20,0,3,VALID,-5.163903581299715,-1.8984889529601174,false,124.430825475609,formal_m1_center_not_selected
primary,S001182,C030_QPP_N015_P080_A2_Q040,STATIONARY_QPP_PRESENT,21,0,3,VALID,-5.369434975955869,-1.9383804489351109,false,156.26199806735394,formal_m1_center_not_selected
primary,S001183,C030_QPP_N015_P080_A2_Q040,STATIONARY_QPP_PRESENT,22,0,3,VALID,-5.477923359440775,-1.7357572242214578,false,218.41715481093954,formal_m1_center_not_selected
primary,S001184,C030_QPP_N015_P080_A2_Q040,STATIONARY_QPP_PRESENT,23,0,3,VALID,-4.869205060555059,-1.8337323808481498,false,126.47657947445713,formal_m1_center_not_selected
primary,S001185,C030_QPP_N015_P080_A2_Q040,STATIONARY_QPP_PRESENT,24,0,3,VALID,-5.205716808895595,-1.8107316787257632,false,224.1657476843891,formal_m1_center_not_selected
primary,S001186,C030_QPP_N015_P080_A2_Q040,STATIONARY_QPP_PRESENT,25,0,3,VALID,-5.544543666514365,-1.8799288164189436,false,134.38925212700076,formal_m1_center_not_selected
primary,S001187,C030_QPP_N015_P080_A2_Q040,STATIONARY_QPP_PRESENT,26,0,3,VALID,-5.349771157079509,-1.9586513196635318,false,148.90127145576065,formal_m1_center_not_selected
primary,S001188,C030_QPP_N015_P080_A2_Q040,STATIONARY_QPP_PRESENT,27,0,3,VALID,-5.00375632513674,-1.7261272856197811,false,124.88724505158588,formal_m1_center_not_selected
primary,S001189,C030_QPP_N015_P080_A2_Q040,STATIONARY_QPP_PRESENT,28,0,3,VALID,-5.3798204160551695,-1.9166348119210666,false,128.77778228216678,formal_m1_center_not_selected
primary,S001190,C030_QPP_N015_P080_A2_Q040,STATIONARY_QPP_PRESENT,29,0,3,VALID,-5.3249190952665,-1.950332520608968,false,146.5125960493249,formal_m1_center_not_selected
primary,S001191,C030_QPP_N015_P080_A2_Q040,STATIONARY_QPP_PRESENT,30,0,3,VALID,-5.289165479242078,-1.9100330951362858,false,220.42954923411813,formal_m1_center_not_selected
primary,S001192,C030_QPP_N015_P080_A2_Q040,STATIONARY_QPP_PRESENT,31,0,3,VALID,-5.67508892687745,-1.911379739011502,false,216.79316159630048,formal_m1_center_not_selected
primary,S001193,C030_QPP_N015_P080_A2_Q040,STATIONARY_QPP_PRESENT,32,0,3,VALID,-5.48392017789217,-1.9116291155897942,false,239.28879219399417,formal_m1_center_not_selected
primary,S001194,C030_QPP_N015_P080_A2_Q040,STATIONARY_QPP_PRESENT,33,0,3,VALID,-5.301715149059055,-1.718985194436205,false,218.4429693759723,formal_m1_center_not_selected
primary,S001195,C030_QPP_N015_P080_A2_Q040,STATIONARY_QPP_PRESENT,34,0,3,VALID,-5.259080726135185,-1.8000097126083157,false,127.42617323794639,formal_m1_center_not_selected
primary,S001196,C030_QPP_N015_P080_A2_Q040,STATIONARY_QPP_PRESENT,35,0,3,VALID,-5.327719487329148,-1.8867086200706682,false,151.48335891643043,formal_m1_center_not_selected
primary,S001197,C030_QPP_N015_P080_A2_Q040,STATIONARY_QPP_PRESENT,36,0,3,VALID,-5.729325595156723,-1.9248975707650482,false,202.16283691667186,formal_m1_center_not_selected
primary,S001198,C030_QPP_N015_P080_A2_Q040,STATIONARY_QPP_PRESENT,37,0,3,VALID,-5.71665173403604,-1.8594830962798765,false,217.42560522533864,formal_m1_center_not_selected
primary,S001199,C030_QPP_N015_P080_A2_Q040,STATIONARY_QPP_PRESENT,38,0,3,VALID,-5.749050296670614,-1.9234807684149535,false,199.64225877904497,formal_m1_center_not_selected
primary,S001200,C030_QPP_N015_P080_A2_Q040,STATIONARY_QPP_PRESENT,39,0,3,VALID,-4.991765885100522,-1.9213563418006148,false,127.33344473814815,formal_m1_center_not_selected
primary,S001201,C031_QPP_N030_P050_A0_Q010,STATIONARY_QPP_PRESENT,0,0,3,VALID,-7.67683753630476,-2.5915818363455827,false,263.475239696867,formal_m1_center_not_selected
primary,S001202,C031_QPP_N030_P050_A0_Q010,STATIONARY_QPP_PRESENT,1,0,3,VALID,-6.378820334200277,-1.185271151759835,false,58.79867842437739,formal_m1_center_not_selected
primary,S001203,C031_QPP_N030_P050_A0_Q010,STATIONARY_QPP_PRESENT,2,0,3,VALID,-7.1223844502557725,-2.58161752381379,false,48.33972936525479,formal_m1_center_not_selected
primary,S001204,C031_QPP_N030_P050_A0_Q010,STATIONARY_QPP_PRESENT,3,0,3,VALID,-6.153600185718936,-1.5121021074696301,false,43.577440098243144,formal_m1_center_not_selected
primary,S001205,C031_QPP_N030_P050_A0_Q010,STATIONARY_QPP_PRESENT,4,0,3,VALID,-7.533461857239168,-2.54689449259547,false,46.507705406353026,formal_m1_center_not_selected
primary,S001206,C031_QPP_N030_P050_A0_Q010,STATIONARY_QPP_PRESENT,5,0,3,VALID,-7.65309638332937,-2.6814673613640494,false,252.50562855537603,formal_m1_center_not_selected
primary,S001207,C031_QPP_N030_P050_A0_Q010,STATIONARY_QPP_PRESENT,6,0,3,VALID,-5.953799225431929,-1.1288395644931768,false,47.733411628415546,formal_m1_center_not_selected
primary,S001208,C031_QPP_N030_P050_A0_Q010,STATIONARY_QPP_PRESENT,7,0,3,VALID,-6.3962051337603825,-1.456344401026385,false,49.04921477058249,formal_m1_center_not_selected
primary,S001209,C031_QPP_N030_P050_A0_Q010,STATIONARY_QPP_PRESENT,8,0,3,VALID,-7.462676475240805,-2.529854658475699,false,40.0,formal_m1_center_not_selected
primary,S001210,C031_QPP_N030_P050_A0_Q010,STATIONARY_QPP_PRESENT,9,0,3,VALID,-7.318596386130821,-2.2283388745175117,false,49.41602826053143,formal_m1_center_not_selected
primary,S001211,C031_QPP_N030_P050_A0_Q010,STATIONARY_QPP_PRESENT,10,0,3,VALID,-7.675760316538181,-2.6298860381337192,false,299.99999999999994,formal_m1_center_not_selected
primary,S001212,C031_QPP_N030_P050_A0_Q010,STATIONARY_QPP_PRESENT,11,0,3,VALID,-7.576180070285382,-2.606405541277894,false,44.99385930649904,formal_m1_center_not_selected
primary,S001213,C031_QPP_N030_P050_A0_Q010,STATIONARY_QPP_PRESENT,12,0,3,VALID,-7.584467177430518,-2.5826143454315513,false,285.2741628367061,formal_m1_center_not_selected
primary,S001214,C031_QPP_N030_P050_A0_Q010,STATIONARY_QPP_PRESENT,13,0,3,VALID,-7.619690521974839,-2.579602807419313,false,299.99999999999994,formal_m1_center_not_selected
primary,S001215,C031_QPP_N030_P050_A0_Q010,STATIONARY_QPP_PRESENT,14,0,3,VALID,-7.700185719977206,-2.7026028368495503,false,284.94725555596864,formal_m1_center_not_selected
primary,S001216,C031_QPP_N030_P050_A0_Q010,STATIONARY_QPP_PRESENT,15,0,3,VALID,-6.540643574560832,-1.5661405507769288,false,50.04236976149211,formal_m1_center_not_selected
primary,S001217,C031_QPP_N030_P050_A0_Q010,STATIONARY_QPP_PRESENT,16,0,3,VALID,-7.59397273930405,-2.598712458589553,false,292.49758768721244,formal_m1_center_not_selected
primary,S001218,C031_QPP_N030_P050_A0_Q010,STATIONARY_QPP_PRESENT,17,0,3,VALID,-7.1466277447749675,-2.2681701694691156,false,44.35763708012241,formal_m1_center_not_selected
primary,S001219,C031_QPP_N030_P050_A0_Q010,STATIONARY_QPP_PRESENT,18,0,3,VALID,-7.169614575135007,-2.330254904024173,false,60.87220346078685,formal_m1_center_not_selected
primary,S001220,C031_QPP_N030_P050_A0_Q010,STATIONARY_QPP_PRESENT,19,0,3,VALID,-7.565776200567456,-2.7200778343338854,false,299.99999999999994,formal_m1_center_not_selected
primary,S001221,C031_QPP_N030_P050_A0_Q010,STATIONARY_QPP_PRESENT,20,0,3,VALID,-6.874913586909706,-1.7584688529619257,false,49.475292855393704,formal_m1_center_not_selected
primary,S001222,C031_QPP_N030_P050_A0_Q010,STATIONARY_QPP_PRESENT,21,0,3,VALID,-7.519570687364933,-2.4593192724503368,false,63.874047848740204,formal_m1_center_not_selected
primary,S001223,C031_QPP_N030_P050_A0_Q010,STATIONARY_QPP_PRESENT,22,0,3,VALID,-7.018917154295856,-2.032872886755939,false,40.0,formal_m1_center_not_selected
primary,S001224,C031_QPP_N030_P050_A0_Q010,STATIONARY_QPP_PRESENT,23,0,3,VALID,-5.898400242533562,-0.9022444092111925,false,49.54714019490201,formal_m1_center_not_selected
primary,S001225,C031_QPP_N030_P050_A0_Q010,STATIONARY_QPP_PRESENT,24,0,3,VALID,-7.1096816521666995,-2.2459345437407876,false,44.56987610349994,formal_m1_center_not_selected
primary,S001226,C031_QPP_N030_P050_A0_Q010,STATIONARY_QPP_PRESENT,25,0,3,VALID,-7.689405146333797,-2.5021960284224747,false,51.183913892231466,formal_m1_center_not_selected
primary,S001227,C031_QPP_N030_P050_A0_Q010,STATIONARY_QPP_PRESENT,26,0,3,VALID,-5.634791993738325,-0.667412260501635,false,49.777990199790594,formal_m1_center_not_selected
primary,S001228,C031_QPP_N030_P050_A0_Q010,STATIONARY_QPP_PRESENT,27,0,3,VALID,-7.0239275172982545,-2.6388810396436924,false,49.83383356272992,formal_m1_center_not_selected
primary,S001229,C031_QPP_N030_P050_A0_Q010,STATIONARY_QPP_PRESENT,28,0,3,VALID,-6.838380637083397,-2.1581882583493766,false,44.02644066547293,formal_m1_center_not_selected
primary,S001230,C031_QPP_N030_P050_A0_Q010,STATIONARY_QPP_PRESENT,29,0,3,VALID,-7.113678497886049,-2.0272491197575704,false,65.09264451736931,formal_m1_center_not_selected
primary,S001231,C031_QPP_N030_P050_A0_Q010,STATIONARY_QPP_PRESENT,30,0,3,VALID,-7.767889897562888,-2.610242340645243,false,264.0465436020766,formal_m1_center_not_selected
primary,S001232,C031_QPP_N030_P050_A0_Q010,STATIONARY_QPP_PRESENT,31,0,3,VALID,-7.683343821288986,-2.609844907206366,false,284.8706303135664,formal_m1_center_not_selected
primary,S001233,C031_QPP_N030_P050_A0_Q010,STATIONARY_QPP_PRESENT,32,0,3,VALID,-7.124549683727203,-2.321791755743014,false,61.2807438657509,formal_m1_center_not_selected
primary,S001234,C031_QPP_N030_P050_A0_Q010,STATIONARY_QPP_PRESENT,33,0,3,VALID,-6.42152331627382,-1.2983908979746843,false,52.2528974994059,formal_m1_center_not_selected
primary,S001235,C031_QPP_N030_P050_A0_Q010,STATIONARY_QPP_PRESENT,34,0,3,VALID,-7.446487657204933,-2.351826048363641,false,64.26320962157652,formal_m1_center_not_selected
primary,S001236,C031_QPP_N030_P050_A0_Q010,STATIONARY_QPP_PRESENT,35,0,3,VALID,-7.6314504430811,-2.549615948365499,false,272.44307436056494,formal_m1_center_not_selected
primary,S001237,C031_QPP_N030_P050_A0_Q010,STATIONARY_QPP_PRESENT,36,0,3,VALID,-7.095202447689992,-1.9531711873767819,false,57.78734434166119,formal_m1_center_not_selected
primary,S001238,C031_QPP_N030_P050_A0_Q010,STATIONARY_QPP_PRESENT,37,0,3,VALID,-7.21510482804112,-2.3829431378175556,false,47.06117159772265,formal_m1_center_not_selected
primary,S001239,C031_QPP_N030_P050_A0_Q010,STATIONARY_QPP_PRESENT,38,0,3,VALID,-7.297521451481792,-2.251392468781958,false,49.45199524911171,formal_m1_center_not_selected
primary,S001240,C031_QPP_N030_P050_A0_Q010,STATIONARY_QPP_PRESENT,39,0,3,VALID,-7.704528777991278,-2.5115499168460644,false,280.461571164211,formal_m1_center_not_selected
primary,S001241,C032_QPP_N030_P050_A0_Q020,STATIONARY_QPP_PRESENT,0,0,3,VALID,-7.152831898273213,-2.071582991599122,false,53.10259926473628,formal_m1_center_not_selected
primary,S001242,C032_QPP_N030_P050_A0_Q020,STATIONARY_QPP_PRESENT,1,0,3,VALID,-6.006849802332056,-0.8212449695667701,false,58.579694042459806,formal_m1_center_not_selected
primary,S001243,C032_QPP_N030_P050_A0_Q020,STATIONARY_QPP_PRESENT,2,0,3,VALID,-7.356504024277989,-2.993934880545723,false,51.16789742749124,formal_m1_center_not_selected
primary,S001244,C032_QPP_N030_P050_A0_Q020,STATIONARY_QPP_PRESENT,3,0,3,VALID,-5.097973130326075,-0.46841018946267354,false,43.80624751995349,formal_m1_center_not_selected
primary,S001245,C032_QPP_N030_P050_A0_Q020,STATIONARY_QPP_PRESENT,4,0,3,VALID,-6.850664716825527,-1.9488040466880605,false,47.11935375116136,formal_m1_center_not_selected
primary,S001246,C032_QPP_N030_P050_A0_Q020,STATIONARY_QPP_PRESENT,5,0,3,VALID,-7.640503950059767,-2.663449808893695,false,259.3073324244285,formal_m1_center_not_selected
primary,S001247,C032_QPP_N030_P050_A0_Q020,STATIONARY_QPP_PRESENT,6,0,3,VALID,-5.1800527993018335,-0.43261152772112865,false,48.34867176876564,formal_m1_center_not_selected
primary,S001248,C032_QPP_N030_P050_A0_Q020,STATIONARY_QPP_PRESENT,7,0,3,VALID,-5.555138347788521,-0.6421784686479626,false,49.72639046519475,formal_m1_center_not_selected
primary,S001249,C032_QPP_N030_P050_A0_Q020,STATIONARY_QPP_PRESENT,8,0,3,VALID,-7.552562379192764,-2.657728443117229,false,45.560726521149036,formal_m1_center_not_selected
primary,S001250,C032_QPP_N030_P050_A0_Q020,STATIONARY_QPP_PRESENT,9,0,3,VALID,-6.726014764999533,-1.674574348999478,false,49.943158494747124,formal_m1_center_not_selected
primary,S001251,C032_QPP_N030_P050_A0_Q020,STATIONARY_QPP_PRESENT,10,0,3,VALID,-7.642721931863704,-2.6555930548379294,false,299.99999999999994,formal_m1_center_not_selected
primary,S001252,C032_QPP_N030_P050_A0_Q020,STATIONARY_QPP_PRESENT,11,0,3,VALID,-7.203608998240391,-2.2716362627887037,false,44.86842451863969,formal_m1_center_not_selected
primary,S001253,C032_QPP_N030_P050_A0_Q020,STATIONARY_QPP_PRESENT,12,0,3,VALID,-7.451310639038077,-2.51887935636681,false,40.0,formal_m1_center_not_selected
primary,S001254,C032_QPP_N030_P050_A0_Q020,STATIONARY_QPP_PRESENT,13,0,3,VALID,-7.4135258054716004,-2.381097132987705,false,61.899418644939736,formal_m1_center_not_selected
primary,S001255,C032_QPP_N030_P050_A0_Q020,STATIONARY_QPP_PRESENT,14,0,3,VALID,-7.47705330443906,-2.5603144810481666,false,44.738075137410256,formal_m1_center_not_selected
primary,S001256,C032_QPP_N030_P050_A0_Q020,STATIONARY_QPP_PRESENT,15,0,3,VALID,-5.775935274582686,-0.9053506556987543,false,49.765551255266075,formal_m1_center_not_selected
primary,S001257,C032_QPP_N030_P050_A0_Q020,STATIONARY_QPP_PRESENT,16,0,3,VALID,-7.397789286884013,-2.443945562020616,false,43.38314446609023,formal_m1_center_not_selected
primary,S001258,C032_QPP_N030_P050_A0_Q020,STATIONARY_QPP_PRESENT,17,0,3,VALID,-7.398110972862931,-2.4543821212613324,false,43.96574857680435,formal_m1_center_not_selected
primary,S001259,C032_QPP_N030_P050_A0_Q020,STATIONARY_QPP_PRESENT,18,0,3,VALID,-6.247259804299176,-1.7250440472469393,false,52.66176097343954,formal_m1_center_not_selected
primary,S001260,C032_QPP_N030_P050_A0_Q020,STATIONARY_QPP_PRESENT,19,0,3,VALID,-7.24445905789775,-2.391756724482576,false,52.86063765104543,formal_m1_center_not_selected
primary,S001261,C032_QPP_N030_P050_A0_Q020,STATIONARY_QPP_PRESENT,20,0,3,VALID,-6.431830375518395,-1.6087073776423608,false,50.637291119917215,formal_m1_center_not_selected
primary,S001262,C032_QPP_N030_P050_A0_Q020,STATIONARY_QPP_PRESENT,21,0,3,VALID,-7.596330577312884,-2.6351049881390978,false,299.99999999999994,formal_m1_center_not_selected
primary,S001263,C032_QPP_N030_P050_A0_Q020,STATIONARY_QPP_PRESENT,22,0,3,VALID,-6.635498298086567,-2.153647634032154,false,40.0,formal_m1_center_not_selected
primary,S001264,C032_QPP_N030_P050_A0_Q020,STATIONARY_QPP_PRESENT,23,0,3,VALID,-5.0352633259450315,-0.04761013518697155,false,50.25226590782641,formal_m1_center_not_selected
primary,S001265,C032_QPP_N030_P050_A0_Q020,STATIONARY_QPP_PRESENT,24,0,3,VALID,-6.6695036852747975,-1.9171349809480063,false,45.152205326660656,formal_m1_center_not_selected
primary,S001266,C032_QPP_N030_P050_A0_Q020,STATIONARY_QPP_PRESENT,25,0,3,VALID,-7.734998533772789,-2.584470078249673,false,53.44210773189684,formal_m1_center_not_selected
primary,S001267,C032_QPP_N030_P050_A0_Q020,STATIONARY_QPP_PRESENT,26,0,3,VALID,-4.651039910909049,0.2143082252961932,false,49.68757715435801,formal_m1_center_not_selected
primary,S001268,C032_QPP_N030_P050_A0_Q020,STATIONARY_QPP_PRESENT,27,0,3,VALID,-6.188382605013189,-2.0155920686353213,false,50.13495116144694,formal_m1_center_not_selected
primary,S001269,C032_QPP_N030_P050_A0_Q020,STATIONARY_QPP_PRESENT,28,0,3,VALID,-7.335094725954448,-2.499875603407304,false,44.01986218184125,formal_m1_center_not_selected
primary,S001270,C032_QPP_N030_P050_A0_Q020,STATIONARY_QPP_PRESENT,29,0,3,VALID,-6.853873278788349,-1.7616618549002823,false,64.69459215426888,formal_m1_center_not_selected
primary,S001271,C032_QPP_N030_P050_A0_Q020,STATIONARY_QPP_PRESENT,30,0,3,VALID,-7.713828598243289,-2.556156367859785,false,43.82146102005,formal_m1_center_not_selected
primary,S001272,C032_QPP_N030_P050_A0_Q020,STATIONARY_QPP_PRESENT,31,0,3,VALID,-7.264810427215913,-2.084163284493691,false,52.92235970576658,formal_m1_center_not_selected
primary,S001273,C032_QPP_N030_P050_A0_Q020,STATIONARY_QPP_PRESENT,32,0,3,VALID,-6.655710143436536,-2.287112098675408,false,59.74511563599428,formal_m1_center_not_selected
primary,S001274,C032_QPP_N030_P050_A0_Q020,STATIONARY_QPP_PRESENT,33,0,3,VALID,-5.483202013295781,-0.4221334431703241,false,51.927863812898025,formal_m1_center_not_selected
primary,S001275,C032_QPP_N030_P050_A0_Q020,STATIONARY_QPP_PRESENT,34,0,3,VALID,-7.633940550645001,-2.633658941775039,false,257.1405044843811,formal_m1_center_not_selected
primary,S001276,C032_QPP_N030_P050_A0_Q020,STATIONARY_QPP_PRESENT,35,0,3,VALID,-7.637696248988881,-2.5145926557876948,false,253.26414916459328,formal_m1_center_not_selected
primary,S001277,C032_QPP_N030_P050_A0_Q020,STATIONARY_QPP_PRESENT,36,0,3,VALID,-6.756170227009953,-1.8496179469182294,false,57.76006680192704,formal_m1_center_not_selected
primary,S001278,C032_QPP_N030_P050_A0_Q020,STATIONARY_QPP_PRESENT,37,0,3,VALID,-6.695057519717061,-2.031260428107416,false,47.7904004797195,formal_m1_center_not_selected
primary,S001279,C032_QPP_N030_P050_A0_Q020,STATIONARY_QPP_PRESENT,38,0,3,VALID,-6.583377399907604,-1.6252711276642984,false,49.171474670620015,formal_m1_center_not_selected
primary,S001280,C032_QPP_N030_P050_A0_Q020,STATIONARY_QPP_PRESENT,39,0,3,VALID,-7.558073250858492,-2.570792133444243,false,45.63624640451761,formal_m1_center_not_selected
primary,S001281,C033_QPP_N030_P050_A0_Q040,STATIONARY_QPP_PRESENT,0,0,3,VALID,-5.2808180505527815,-0.32349180259063104,false,52.98387717199356,formal_m1_center_not_selected
primary,S001282,C033_QPP_N030_P050_A0_Q040,STATIONARY_QPP_PRESENT,1,0,3,VALID,-5.749950078431084,-0.5596252872795162,false,57.95955070335164,formal_m1_center_not_selected
primary,S001283,C033_QPP_N030_P050_A0_Q040,STATIONARY_QPP_PRESENT,2,0,3,VALID,-5.8633851486316,-2.553297626466872,false,52.825762082536905,formal_m1_center_not_selected
primary,S001284,C033_QPP_N030_P050_A0_Q040,STATIONARY_QPP_PRESENT,3,0,3,VALID,-3.9663778309180273,0.5222869936218757,false,44.60775353447387,formal_m1_center_not_selected
primary,S001285,C033_QPP_N030_P050_A0_Q040,STATIONARY_QPP_PRESENT,4,0,3,VALID,-5.007390802685421,-0.28676209757498583,false,47.473008176604075,formal_m1_center_not_selected
primary,S001286,C033_QPP_N030_P050_A0_Q040,STATIONARY_QPP_PRESENT,5,0,3,VALID,-6.524719408545948,-1.611117786709947,false,51.54479398090608,formal_m1_center_not_selected
primary,S001287,C033_QPP_N030_P050_A0_Q040,STATIONARY_QPP_PRESENT,6,0,3,VALID,-3.3208029722283428,1.2663939132218047,false,49.06277580896748,formal_m1_center_not_selected
primary,S001288,C033_QPP_N030_P050_A0_Q040,STATIONARY_QPP_PRESENT,7,0,3,VALID,-3.5151015599257818,1.2700768088367624,false,50.36629332190879,formal_m1_center_not_selected
primary,S001289,C033_QPP_N030_P050_A0_Q040,STATIONARY_QPP_PRESENT,8,0,3,VALID,-6.596313150241393,-1.824497890526601,false,49.9181782386846,formal_m1_center_not_selected
primary,S001290,C033_QPP_N030_P050_A0_Q040,STATIONARY_QPP_PRESENT,9,0,3,VALID,-5.186097477114437,-0.2559676926496266,false,50.308460922330184,formal_m1_center_not_selected
primary,S001291,C033_QPP_N030_P050_A0_Q040,STATIONARY_QPP_PRESENT,10,0,3,VALID,-6.596381273184825,-1.7843919719420427,false,49.19006762219283,formal_m1_center_not_selected
primary,S001292,C033_QPP_N030_P050_A0_Q040,STATIONARY_QPP_PRESENT,11,0,3,VALID,-6.836108143062347,-1.9997380107635294,false,45.25934133093337,formal_m1_center_not_selected
primary,S001293,C033_QPP_N030_P050_A0_Q040,STATIONARY_QPP_PRESENT,12,0,3,VALID,-6.733561929809717,-1.9182807300791325,false,42.64107326176263,formal_m1_center_not_selected
primary,S001294,C033_QPP_N030_P050_A0_Q040,STATIONARY_QPP_PRESENT,13,0,3,VALID,-7.1304230312348835,-1.9419139700463077,false,59.59605201303884,formal_m1_center_not_selected
primary,S001295,C033_QPP_N030_P050_A0_Q040,STATIONARY_QPP_PRESENT,14,0,3,VALID,-6.314665327175383,-1.5648794230993843,false,46.186654052754925,formal_m1_center_not_selected
primary,S001296,C033_QPP_N030_P050_A0_Q040,STATIONARY_QPP_PRESENT,15,0,3,VALID,-4.032334316877289,0.5587757800593067,false,49.58553475489619,formal_m1_center_not_selected
primary,S001297,C033_QPP_N030_P050_A0_Q040,STATIONARY_QPP_PRESENT,16,0,3,VALID,-6.950489301113343,-2.0988313327638863,false,44.02208225571922,formal_m1_center_not_selected
primary,S001298,C033_QPP_N030_P050_A0_Q040,STATIONARY_QPP_PRESENT,17,0,3,VALID,-7.311162354578606,-2.2456418225220247,false,55.45377157361091,formal_m1_center_not_selected
primary,S001299,C033_QPP_N030_P050_A0_Q040,STATIONARY_QPP_PRESENT,18,0,3,VALID,-4.348497585261875,-0.010296531544881304,false,52.47272803810625,formal_m1_center_not_selected
primary,S001300,C033_QPP_N030_P050_A0_Q040,STATIONARY_QPP_PRESENT,19,0,3,VALID,-5.477952536274984,-0.6854523487047004,false,52.454271207818586,formal_m1_center_not_selected
primary,S001301,C033_QPP_N030_P050_A0_Q040,STATIONARY_QPP_PRESENT,20,0,3,VALID,-4.671007760305699,-0.5144487893391485,false,51.56486082019714,formal_m1_center_not_selected
primary,S001302,C033_QPP_N030_P050_A0_Q040,STATIONARY_QPP_PRESENT,21,0,3,VALID,-6.765382824899319,-1.952625468851032,false,47.012567471977945,formal_m1_center_not_selected
primary,S001303,C033_QPP_N030_P050_A0_Q040,STATIONARY_QPP_PRESENT,22,0,3,VALID,-6.596196922533274,-1.6564760349572083,false,42.961031374296866,formal_m1_center_not_selected
primary,S001304,C033_QPP_N030_P050_A0_Q040,STATIONARY_QPP_PRESENT,23,0,3,VALID,-2.895735301271138,2.0480470803594386,false,50.78598162696077,formal_m1_center_not_selected
primary,S001305,C033_QPP_N030_P050_A0_Q040,STATIONARY_QPP_PRESENT,24,0,3,VALID,-5.270894992816572,-1.2272754761679465,false,46.20530201136348,formal_m1_center_not_selected
primary,S001306,C033_QPP_N030_P050_A0_Q040,STATIONARY_QPP_PRESENT,25,0,3,VALID,-6.8792598793138495,-2.53680085215435,false,55.51706145352451,formal_m1_center_not_selected
primary,S001307,C033_QPP_N030_P050_A0_Q040,STATIONARY_QPP_PRESENT,26,0,3,VALID,-2.745538363659179,1.8988296164186949,false,49.72841626196709,formal_m1_center_not_selected
primary,S001308,C033_QPP_N030_P050_A0_Q040,STATIONARY_QPP_PRESENT,27,0,3,VALID,-4.569950102463224,0.01729551676714891,false,50.43547019268837,formal_m1_center_not_selected
primary,S001309,C033_QPP_N030_P050_A0_Q040,STATIONARY_QPP_PRESENT,28,0,3,VALID,-7.4263119594539475,-2.4085015638712264,false,55.860806929087474,formal_m1_center_not_selected
primary,S001310,C033_QPP_N030_P050_A0_Q040,STATIONARY_QPP_PRESENT,29,0,3,VALID,-6.851433085333419,-1.7216061873444204,false,64.22004763222401,formal_m1_center_not_selected
primary,S001311,C033_QPP_N030_P050_A0_Q040,STATIONARY_QPP_PRESENT,30,0,3,VALID,-7.708544846709749,-2.582391500533646,false,44.41132571254074,formal_m1_center_not_selected
primary,S001312,C033_QPP_N030_P050_A0_Q040,STATIONARY_QPP_PRESENT,31,0,3,VALID,-4.800388572931823,-0.9049728068790301,false,52.94722918324489,formal_m1_center_not_selected
primary,S001313,C033_QPP_N030_P050_A0_Q040,STATIONARY_QPP_PRESENT,32,0,3,VALID,-5.459178970678771,-1.6166358933779605,false,57.238901433843445,formal_m1_center_not_selected
primary,S001314,C033_QPP_N030_P050_A0_Q040,STATIONARY_QPP_PRESENT,33,0,3,VALID,-3.617002479862137,1.2893014842338673,false,51.54755487729099,formal_m1_center_not_selected
primary,S001315,C033_QPP_N030_P050_A0_Q040,STATIONARY_QPP_PRESENT,34,0,3,VALID,-6.706560350206182,-1.9221035688041184,false,47.008911834438564,formal_m1_center_not_selected
primary,S001316,C033_QPP_N030_P050_A0_Q040,STATIONARY_QPP_PRESENT,35,0,3,VALID,-7.387470864361113,-2.2377038583536404,false,54.85560860363064,formal_m1_center_not_selected
primary,S001317,C033_QPP_N030_P050_A0_Q040,STATIONARY_QPP_PRESENT,36,0,3,VALID,-6.385761130645328,-1.210401501301689,false,57.281006457887194,formal_m1_center_not_selected
primary,S001318,C033_QPP_N030_P050_A0_Q040,STATIONARY_QPP_PRESENT,37,0,3,VALID,-5.261409980772008,-0.8688943717644264,false,49.09153840898883,formal_m1_center_not_selected
primary,S001319,C033_QPP_N030_P050_A0_Q040,STATIONARY_QPP_PRESENT,38,0,3,VALID,-4.875757151121867,-0.10559231009342085,false,49.13194030437449,formal_m1_center_not_selected
primary,S001320,C033_QPP_N030_P050_A0_Q040,STATIONARY_QPP_PRESENT,39,0,3,VALID,-6.599369244563881,-1.6071465139873453,false,45.380359055627146,formal_m1_center_not_selected
primary,S001321,C034_QPP_N030_P050_A1_Q010,STATIONARY_QPP_PRESENT,0,0,3,VALID,-7.662368719148468,-2.628304798180693,false,43.34963879128723,formal_m1_center_not_selected
primary,S001322,C034_QPP_N030_P050_A1_Q010,STATIONARY_QPP_PRESENT,1,0,3,VALID,-7.661259390731239,-2.565602361350898,false,50.19018749697851,formal_m1_center_not_selected
primary,S001323,C034_QPP_N030_P050_A1_Q010,STATIONARY_QPP_PRESENT,2,0,3,VALID,-7.521899392030548,-2.4851848026559082,false,49.97672913367146,formal_m1_center_not_selected
primary,S001324,C034_QPP_N030_P050_A1_Q010,STATIONARY_QPP_PRESENT,3,0,3,VALID,-7.595445452840529,-2.437957113184666,false,299.99999999999994,formal_m1_center_not_selected
primary,S001325,C034_QPP_N030_P050_A1_Q010,STATIONARY_QPP_PRESENT,4,0,3,VALID,-7.541588074889795,-2.4599422416635264,false,56.19719817954068,formal_m1_center_not_selected
primary,S001326,C034_QPP_N030_P050_A1_Q010,STATIONARY_QPP_PRESENT,5,0,3,VALID,-7.159215562764047,-2.2406204415593933,false,44.58332736110666,formal_m1_center_not_selected
primary,S001327,C034_QPP_N030_P050_A1_Q010,STATIONARY_QPP_PRESENT,6,0,3,VALID,-7.215694834620763,-2.5170640345442905,false,45.9060554673562,formal_m1_center_not_selected
primary,S001328,C034_QPP_N030_P050_A1_Q010,STATIONARY_QPP_PRESENT,7,0,3,VALID,-7.3771389840134916,-2.2951654467447753,false,53.54972421458162,formal_m1_center_not_selected
primary,S001329,C034_QPP_N030_P050_A1_Q010,STATIONARY_QPP_PRESENT,8,0,3,VALID,-7.240617475582603,-2.2760785365343423,false,47.218762863666434,formal_m1_center_not_selected
primary,S001330,C034_QPP_N030_P050_A1_Q010,STATIONARY_QPP_PRESENT,9,0,3,VALID,-7.356436974165327,-2.3349704311017376,false,40.0,formal_m1_center_not_selected
primary,S001331,C034_QPP_N030_P050_A1_Q010,STATIONARY_QPP_PRESENT,10,0,3,VALID,-7.483468303029156,-2.3473987446655826,false,51.4227980328836,formal_m1_center_not_selected
primary,S001332,C034_QPP_N030_P050_A1_Q010,STATIONARY_QPP_PRESENT,11,0,3,VALID,-7.703190094845311,-2.5881135732978677,false,270.5887858158386,formal_m1_center_not_selected
primary,S001333,C034_QPP_N030_P050_A1_Q010,STATIONARY_QPP_PRESENT,12,0,3,VALID,-7.072621958287414,-1.9870080650417776,false,49.171173356954895,formal_m1_center_not_selected
primary,S001334,C034_QPP_N030_P050_A1_Q010,STATIONARY_QPP_PRESENT,13,0,3,VALID,-7.4790010682365065,-2.485958710273941,false,43.815347690151626,formal_m1_center_not_selected
primary,S001335,C034_QPP_N030_P050_A1_Q010,STATIONARY_QPP_PRESENT,14,0,3,VALID,-6.85125736366583,-1.9173350937220235,false,45.677007629865734,formal_m1_center_not_selected
primary,S001336,C034_QPP_N030_P050_A1_Q010,STATIONARY_QPP_PRESENT,15,0,3,VALID,-7.664487172984472,-2.5998858885582905,false,46.27591957394277,formal_m1_center_not_selected
primary,S001337,C034_QPP_N030_P050_A1_Q010,STATIONARY_QPP_PRESENT,16,0,3,VALID,-7.309889231883481,-2.31233324441385,false,46.736021189283285,formal_m1_center_not_selected
primary,S001338,C034_QPP_N030_P050_A1_Q010,STATIONARY_QPP_PRESENT,17,0,3,VALID,-7.499126055109066,-2.4068604413968018,false,54.36840556180226,formal_m1_center_not_selected
primary,S001339,C034_QPP_N030_P050_A1_Q010,STATIONARY_QPP_PRESENT,18,0,3,VALID,-7.740672731149637,-2.6311505616107524,false,54.94537654676535,formal_m1_center_not_selected
primary,S001340,C034_QPP_N030_P050_A1_Q010,STATIONARY_QPP_PRESENT,19,0,3,VALID,-7.629604496521345,-2.5729055644412924,false,48.49308239419908,formal_m1_center_not_selected
primary,S001341,C034_QPP_N030_P050_A1_Q010,STATIONARY_QPP_PRESENT,20,0,3,VALID,-7.668264547427569,-2.5685119191428996,false,299.99999999999994,formal_m1_center_not_selected
primary,S001342,C034_QPP_N030_P050_A1_Q010,STATIONARY_QPP_PRESENT,21,0,3,VALID,-7.436917694527665,-2.3592317451509217,false,44.35549801564207,formal_m1_center_not_selected
primary,S001343,C034_QPP_N030_P050_A1_Q010,STATIONARY_QPP_PRESENT,22,0,3,VALID,-7.5356309028866875,-2.5030805079730953,false,62.65576321172067,formal_m1_center_not_selected
primary,S001344,C034_QPP_N030_P050_A1_Q010,STATIONARY_QPP_PRESENT,23,0,3,VALID,-7.135336201705606,-2.2577328999721544,false,46.103968214602595,formal_m1_center_not_selected
primary,S001345,C034_QPP_N030_P050_A1_Q010,STATIONARY_QPP_PRESENT,24,0,3,VALID,-7.32734476318867,-2.5440828069003913,false,43.00952653492078,formal_m1_center_not_selected
primary,S001346,C034_QPP_N030_P050_A1_Q010,STATIONARY_QPP_PRESENT,25,0,3,VALID,-7.61752793605816,-2.4765058380918816,false,266.6244106895161,formal_m1_center_not_selected
primary,S001347,C034_QPP_N030_P050_A1_Q010,STATIONARY_QPP_PRESENT,26,0,3,VALID,-7.778051721810449,-2.633380679934035,false,299.99996480911767,formal_m1_center_not_selected
primary,S001348,C034_QPP_N030_P050_A1_Q010,STATIONARY_QPP_PRESENT,27,0,3,VALID,-6.959705022874239,-2.1007243568504066,false,42.92191013504946,formal_m1_center_not_selected
primary,S001349,C034_QPP_N030_P050_A1_Q010,STATIONARY_QPP_PRESENT,28,0,3,VALID,-7.351996312193066,-2.599526686189101,false,49.47827225824423,formal_m1_center_not_selected
primary,S001350,C034_QPP_N030_P050_A1_Q010,STATIONARY_QPP_PRESENT,29,0,3,VALID,-7.518920159855085,-2.4986499746541924,false,44.27807149334666,formal_m1_center_not_selected
primary,S001351,C034_QPP_N030_P050_A1_Q010,STATIONARY_QPP_PRESENT,30,0,3,VALID,-7.501299829560459,-2.3698555333702416,false,52.83317852956041,formal_m1_center_not_selected
primary,S001352,C034_QPP_N030_P050_A1_Q010,STATIONARY_QPP_PRESENT,31,0,3,VALID,-7.612608207601561,-2.586891347428768,false,40.0,formal_m1_center_not_selected
primary,S001353,C034_QPP_N030_P050_A1_Q010,STATIONARY_QPP_PRESENT,32,0,3,VALID,-7.597564169173175,-2.5471713580678,false,61.161323472166465,formal_m1_center_not_selected
primary,S001354,C034_QPP_N030_P050_A1_Q010,STATIONARY_QPP_PRESENT,33,0,3,VALID,-7.6899087037111755,-2.64780576501515,false,291.8077872882029,formal_m1_center_not_selected
primary,S001355,C034_QPP_N030_P050_A1_Q010,STATIONARY_QPP_PRESENT,34,0,3,VALID,-6.746796422328025,-1.6942213936517447,false,48.127941331379986,formal_m1_center_not_selected
primary,S001356,C034_QPP_N030_P050_A1_Q010,STATIONARY_QPP_PRESENT,35,0,3,VALID,-7.545447715437625,-2.5081515799530223,false,54.12765999419164,formal_m1_center_not_selected
primary,S001357,C034_QPP_N030_P050_A1_Q010,STATIONARY_QPP_PRESENT,36,0,3,VALID,-7.343893829855574,-2.3049557466424844,false,46.88314552504505,formal_m1_center_not_selected
primary,S001358,C034_QPP_N030_P050_A1_Q010,STATIONARY_QPP_PRESENT,37,0,3,VALID,-7.355939900634745,-2.3468228305789225,false,49.41331412782834,formal_m1_center_not_selected
primary,S001359,C034_QPP_N030_P050_A1_Q010,STATIONARY_QPP_PRESENT,38,0,3,VALID,-7.7000889039772815,-2.5627136885861574,false,266.1828999028721,formal_m1_center_not_selected
primary,S001360,C034_QPP_N030_P050_A1_Q010,STATIONARY_QPP_PRESENT,39,0,3,VALID,-7.369908100658236,-2.271637600033273,false,52.67923749866207,formal_m1_center_not_selected
primary,S001361,C035_QPP_N030_P050_A1_Q020,STATIONARY_QPP_PRESENT,0,0,3,VALID,-7.452173463771544,-2.42283681733376,false,56.701714918695856,formal_m1_center_not_selected
primary,S001362,C035_QPP_N030_P050_A1_Q020,STATIONARY_QPP_PRESENT,1,0,3,VALID,-7.103458590952265,-2.0665117462886613,false,50.299039661302274,formal_m1_center_not_selected
primary,S001363,C035_QPP_N030_P050_A1_Q020,STATIONARY_QPP_PRESENT,2,0,3,VALID,-6.865467915413788,-1.8817197997970325,false,50.1648670038813,formal_m1_center_not_selected
primary,S001364,C035_QPP_N030_P050_A1_Q020,STATIONARY_QPP_PRESENT,3,0,3,VALID,-7.4657633683342866,-2.4585609500461203,false,59.941941595710816,formal_m1_center_not_selected
primary,S001365,C035_QPP_N030_P050_A1_Q020,STATIONARY_QPP_PRESENT,4,0,3,VALID,-7.427489934314231,-2.339333690508383,false,56.550528648730555,formal_m1_center_not_selected
primary,S001366,C035_QPP_N030_P050_A1_Q020,STATIONARY_QPP_PRESENT,5,0,3,VALID,-7.016210317522614,-2.098331975081919,false,44.40220682092267,formal_m1_center_not_selected
primary,S001367,C035_QPP_N030_P050_A1_Q020,STATIONARY_QPP_PRESENT,6,0,3,VALID,-6.370240146754831,-1.6057668974097226,false,46.47550067842857,formal_m1_center_not_selected
primary,S001368,C035_QPP_N030_P050_A1_Q020,STATIONARY_QPP_PRESENT,7,0,3,VALID,-6.413059080236884,-1.235900389844538,false,53.54138083769718,formal_m1_center_not_selected
primary,S001369,C035_QPP_N030_P050_A1_Q020,STATIONARY_QPP_PRESENT,8,0,3,VALID,-6.634848518409264,-1.7479017880284857,false,47.81747701764984,formal_m1_center_not_selected
primary,S001370,C035_QPP_N030_P050_A1_Q020,STATIONARY_QPP_PRESENT,9,0,3,VALID,-7.400276711993179,-2.325719308715989,false,40.0,formal_m1_center_not_selected
primary,S001371,C035_QPP_N030_P050_A1_Q020,STATIONARY_QPP_PRESENT,10,0,3,VALID,-6.930575334156146,-1.9762409106135053,false,52.20464168176849,formal_m1_center_not_selected
primary,S001372,C035_QPP_N030_P050_A1_Q020,STATIONARY_QPP_PRESENT,11,0,3,VALID,-7.45488000905803,-2.373653359304626,false,44.83628120864525,formal_m1_center_not_selected
primary,S001373,C035_QPP_N030_P050_A1_Q020,STATIONARY_QPP_PRESENT,12,0,3,VALID,-6.147222801008667,-1.107308303689571,false,49.50368184303796,formal_m1_center_not_selected
primary,S001374,C035_QPP_N030_P050_A1_Q020,STATIONARY_QPP_PRESENT,13,0,3,VALID,-6.9730014922736885,-2.17696098909407,false,45.160284222948206,formal_m1_center_not_selected
primary,S001375,C035_QPP_N030_P050_A1_Q020,STATIONARY_QPP_PRESENT,14,0,3,VALID,-6.2355553895641975,-1.3801404196496847,false,45.97743929844412,formal_m1_center_not_selected
primary,S001376,C035_QPP_N030_P050_A1_Q020,STATIONARY_QPP_PRESENT,15,0,3,VALID,-7.256966637104576,-2.2774063288724804,false,48.2064109715709,formal_m1_center_not_selected
primary,S001377,C035_QPP_N030_P050_A1_Q020,STATIONARY_QPP_PRESENT,16,0,3,VALID,-6.5804818362229724,-1.669983085309397,false,46.71007762967721,formal_m1_center_not_selected
primary,S001378,C035_QPP_N030_P050_A1_Q020,STATIONARY_QPP_PRESENT,17,0,3,VALID,-6.555163184781868,-1.5402729637458776,false,53.73861746085661,formal_m1_center_not_selected
primary,S001379,C035_QPP_N030_P050_A1_Q020,STATIONARY_QPP_PRESENT,18,0,3,VALID,-7.342224074422113,-2.481241858496759,false,55.580086551680196,formal_m1_center_not_selected
primary,S001380,C035_QPP_N030_P050_A1_Q020,STATIONARY_QPP_PRESENT,19,0,3,VALID,-7.058751108028076,-2.06262728094714,false,48.82765159728845,formal_m1_center_not_selected
primary,S001381,C035_QPP_N030_P050_A1_Q020,STATIONARY_QPP_PRESENT,20,0,3,VALID,-7.381803483360564,-2.2047722436390558,false,55.82425957081864,formal_m1_center_not_selected
primary,S001382,C035_QPP_N030_P050_A1_Q020,STATIONARY_QPP_PRESENT,21,0,3,VALID,-7.077279525524538,-2.003204436113421,false,44.29120566624362,formal_m1_center_not_selected
primary,S001383,C035_QPP_N030_P050_A1_Q020,STATIONARY_QPP_PRESENT,22,0,3,VALID,-6.991349137094225,-2.518316612718934,false,62.4615009441814,formal_m1_center_not_selected
primary,S001384,C035_QPP_N030_P050_A1_Q020,STATIONARY_QPP_PRESENT,23,0,3,VALID,-6.382392600313736,-1.6251038861980192,false,46.61555382685355,formal_m1_center_not_selected
primary,S001385,C035_QPP_N030_P050_A1_Q020,STATIONARY_QPP_PRESENT,24,0,3,VALID,-6.788412811716043,-2.187163969729376,false,45.669912236342846,formal_m1_center_not_selected
primary,S001386,C035_QPP_N030_P050_A1_Q020,STATIONARY_QPP_PRESENT,25,0,3,VALID,-7.446388386169723,-2.275952655590089,false,57.49254383759179,formal_m1_center_not_selected
primary,S001387,C035_QPP_N030_P050_A1_Q020,STATIONARY_QPP_PRESENT,26,0,3,VALID,-7.790591135245215,-2.7017006961617795,false,40.0,formal_m1_center_not_selected
primary,S001388,C035_QPP_N030_P050_A1_Q020,STATIONARY_QPP_PRESENT,27,0,3,VALID,-6.350136209502104,-1.5632813838645276,false,43.65727802748873,formal_m1_center_not_selected
primary,S001389,C035_QPP_N030_P050_A1_Q020,STATIONARY_QPP_PRESENT,28,0,3,VALID,-6.648292910568728,-2.0020711649007694,false,49.082339550078316,formal_m1_center_not_selected
primary,S001390,C035_QPP_N030_P050_A1_Q020,STATIONARY_QPP_PRESENT,29,0,3,VALID,-7.184164442719464,-2.2170873581283956,false,44.42235904550634,formal_m1_center_not_selected
primary,S001391,C035_QPP_N030_P050_A1_Q020,STATIONARY_QPP_PRESENT,30,0,3,VALID,-6.878713907246812,-1.9774282147495654,false,53.41222407026226,formal_m1_center_not_selected
primary,S001392,C035_QPP_N030_P050_A1_Q020,STATIONARY_QPP_PRESENT,31,0,3,VALID,-7.577059153759691,-2.4874502551458875,false,55.828443103144544,formal_m1_center_not_selected
primary,S001393,C035_QPP_N030_P050_A1_Q020,STATIONARY_QPP_PRESENT,32,0,3,VALID,-7.336086156630039,-2.191395453716737,false,59.58136093812206,formal_m1_center_not_selected
primary,S001394,C035_QPP_N030_P050_A1_Q020,STATIONARY_QPP_PRESENT,33,0,3,VALID,-7.394895479602589,-2.4304118336076215,false,44.86327825815895,formal_m1_center_not_selected
primary,S001395,C035_QPP_N030_P050_A1_Q020,STATIONARY_QPP_PRESENT,34,0,3,VALID,-5.880394683950605,-0.9505317133670204,false,48.22178991054743,formal_m1_center_not_selected
primary,S001396,C035_QPP_N030_P050_A1_Q020,STATIONARY_QPP_PRESENT,35,0,3,VALID,-6.7775474262857855,-1.6896989673769127,false,53.657903069073384,formal_m1_center_not_selected
primary,S001397,C035_QPP_N030_P050_A1_Q020,STATIONARY_QPP_PRESENT,36,0,3,VALID,-6.607800750547959,-1.6562332182200805,false,46.88718152439857,formal_m1_center_not_selected
primary,S001398,C035_QPP_N030_P050_A1_Q020,STATIONARY_QPP_PRESENT,37,0,3,VALID,-6.546538718419143,-1.6231535629016847,false,49.46681041087642,formal_m1_center_not_selected
primary,S001399,C035_QPP_N030_P050_A1_Q020,STATIONARY_QPP_PRESENT,38,0,3,VALID,-7.291056567524656,-2.3347521252882615,false,52.03126186868725,formal_m1_center_not_selected
primary,S001400,C035_QPP_N030_P050_A1_Q020,STATIONARY_QPP_PRESENT,39,0,3,VALID,-6.565831511322976,-1.512258513229824,false,53.15415104658869,formal_m1_center_not_selected
primary,S001401,C036_QPP_N030_P050_A1_Q040,STATIONARY_QPP_PRESENT,0,0,3,VALID,-6.311964556811191,-1.2734833939419232,false,55.562089069620036,formal_m1_center_not_selected
primary,S001402,C036_QPP_N030_P050_A1_Q040,STATIONARY_QPP_PRESENT,1,0,3,VALID,-5.604963022596557,-0.7902382984198155,false,50.3902417501544,formal_m1_center_not_selected
primary,S001403,C036_QPP_N030_P050_A1_Q040,STATIONARY_QPP_PRESENT,2,0,3,VALID,-5.214113393076069,-0.4160519082446257,false,50.39592799352153,formal_m1_center_not_selected
primary,S001404,C036_QPP_N030_P050_A1_Q040,STATIONARY_QPP_PRESENT,3,0,3,VALID,-6.398077461088853,-2.46314723689747,false,58.65516344168789,formal_m1_center_not_selected
primary,S001405,C036_QPP_N030_P050_A1_Q040,STATIONARY_QPP_PRESENT,4,0,3,VALID,-7.255847557862353,-2.25811625443243,false,56.23816445640048,formal_m1_center_not_selected
primary,S001406,C036_QPP_N030_P050_A1_Q040,STATIONARY_QPP_PRESENT,5,0,3,VALID,-7.312405277940165,-2.408875862983095,false,44.72817832278235,formal_m1_center_not_selected
primary,S001407,C036_QPP_N030_P050_A1_Q040,STATIONARY_QPP_PRESENT,6,0,3,VALID,-4.058833697139242,0.11842063931418068,false,46.850086596523504,formal_m1_center_not_selected
primary,S001408,C036_QPP_N030_P050_A1_Q040,STATIONARY_QPP_PRESENT,7,0,3,VALID,-3.520953244409178,0.13199992635826163,false,53.64681949912373,formal_m1_center_not_selected
primary,S001409,C036_QPP_N030_P050_A1_Q040,STATIONARY_QPP_PRESENT,8,0,3,VALID,-5.095031737753374,-0.39280093663722937,false,48.513354976213705,formal_m1_center_not_selected
primary,S001410,C036_QPP_N030_P050_A1_Q040,STATIONARY_QPP_PRESENT,9,0,3,VALID,-7.191797708501134,-2.043787440533521,false,55.08456093644624,formal_m1_center_not_selected
primary,S001411,C036_QPP_N030_P050_A1_Q040,STATIONARY_QPP_PRESENT,10,0,3,VALID,-5.1357862582793175,-1.114161321817221,false,53.76589004637693,formal_m1_center_not_selected
primary,S001412,C036_QPP_N030_P050_A1_Q040,STATIONARY_QPP_PRESENT,11,0,3,VALID,-6.9710018053241285,-1.9789464728501827,false,44.85241590210407,formal_m1_center_not_selected
primary,S001413,C036_QPP_N030_P050_A1_Q040,STATIONARY_QPP_PRESENT,12,0,3,VALID,-4.080818051970432,0.827609267542698,false,49.80982283165806,formal_m1_center_not_selected
primary,S001414,C036_QPP_N030_P050_A1_Q040,STATIONARY_QPP_PRESENT,13,0,3,VALID,-5.291683130240742,-0.6204883356155122,false,46.308652733979805,formal_m1_center_not_selected
primary,S001415,C036_QPP_N030_P050_A1_Q040,STATIONARY_QPP_PRESENT,14,0,3,VALID,-4.847148632363442,-0.17468679908227358,false,46.55565749068214,formal_m1_center_not_selected
primary,S001416,C036_QPP_N030_P050_A1_Q040,STATIONARY_QPP_PRESENT,15,0,3,VALID,-5.768738677172671,-0.9050894177090711,false,48.98069631523641,formal_m1_center_not_selected
primary,S001417,C036_QPP_N030_P050_A1_Q040,STATIONARY_QPP_PRESENT,16,0,3,VALID,-4.532614405678267,0.18639952720774744,false,46.867976258048074,formal_m1_center_not_selected
primary,S001418,C036_QPP_N030_P050_A1_Q040,STATIONARY_QPP_PRESENT,17,0,3,VALID,-3.586455456574079,-0.0005877584918536627,false,53.56379608315759,formal_m1_center_not_selected
primary,S001419,C036_QPP_N030_P050_A1_Q040,STATIONARY_QPP_PRESENT,18,0,3,VALID,-5.946760075633939,-1.9349669966339107,false,54.774656105827276,formal_m1_center_not_selected
primary,S001420,C036_QPP_N030_P050_A1_Q040,STATIONARY_QPP_PRESENT,19,0,3,VALID,-5.4499554479656,-0.5940927222178232,false,49.06910582816882,formal_m1_center_not_selected
primary,S001421,C036_QPP_N030_P050_A1_Q040,STATIONARY_QPP_PRESENT,20,0,3,VALID,-5.346013818057962,-1.0817475741150986,false,55.16025082136183,formal_m1_center_not_selected
primary,S001422,C036_QPP_N030_P050_A1_Q040,STATIONARY_QPP_PRESENT,21,0,3,VALID,-6.825386680482062,-1.7989444149478686,false,44.64767675255632,formal_m1_center_not_selected
primary,S001423,C036_QPP_N030_P050_A1_Q040,STATIONARY_QPP_PRESENT,22,0,3,VALID,-5.570352679099791,-2.080253176090352,false,55.75987302271603,formal_m1_center_not_selected
primary,S001424,C036_QPP_N030_P050_A1_Q040,STATIONARY_QPP_PRESENT,23,0,3,VALID,-4.495336724333647,0.005319612613995162,false,47.03479364096078,formal_m1_center_not_selected
primary,S001425,C036_QPP_N030_P050_A1_Q040,STATIONARY_QPP_PRESENT,24,0,3,VALID,-4.906482312659477,-0.6247852550472572,false,46.598560740110294,formal_m1_center_not_selected
primary,S001426,C036_QPP_N030_P050_A1_Q040,STATIONARY_QPP_PRESENT,25,0,3,VALID,-6.886949025180023,-1.8329794940193693,false,56.32688526705139,formal_m1_center_not_selected
primary,S001427,C036_QPP_N030_P050_A1_Q040,STATIONARY_QPP_PRESENT,26,0,3,VALID,-7.729485624361267,-2.60448763480332,false,57.36260540171278,formal_m1_center_not_selected
primary,S001428,C036_QPP_N030_P050_A1_Q040,STATIONARY_QPP_PRESENT,27,0,3,VALID,-5.1101770632027055,-0.6872997332746706,false,44.89134624049689,formal_m1_center_not_selected
primary,S001429,C036_QPP_N030_P050_A1_Q040,STATIONARY_QPP_PRESENT,28,0,3,VALID,-4.909929893899459,-0.4657659865482131,false,48.37032478967109,formal_m1_center_not_selected
primary,S001430,C036_QPP_N030_P050_A1_Q040,STATIONARY_QPP_PRESENT,29,0,3,VALID,-6.907753972036296,-2.040577157755237,false,45.13451388520773,formal_m1_center_not_selected
primary,S001431,C036_QPP_N030_P050_A1_Q040,STATIONARY_QPP_PRESENT,30,0,3,VALID,-4.837365537888161,-0.7625311010197464,false,53.64422019247879,formal_m1_center_not_selected
primary,S001432,C036_QPP_N030_P050_A1_Q040,STATIONARY_QPP_PRESENT,31,0,3,VALID,-6.659887137974003,-1.5297623010163761,false,54.497738614802,formal_m1_center_not_selected
primary,S001433,C036_QPP_N030_P050_A1_Q040,STATIONARY_QPP_PRESENT,32,0,3,VALID,-5.921155768821784,-1.473319077382179,false,57.16665041166082,formal_m1_center_not_selected
primary,S001434,C036_QPP_N030_P050_A1_Q040,STATIONARY_QPP_PRESENT,33,0,3,VALID,-6.013579939654257,-1.1989348978375531,false,45.959200447830916,formal_m1_center_not_selected
primary,S001435,C036_QPP_N030_P050_A1_Q040,STATIONARY_QPP_PRESENT,34,0,3,VALID,-3.9777204663473995,0.7376539311241856,false,48.260330139189705,formal_m1_center_not_selected
primary,S001436,C036_QPP_N030_P050_A1_Q040,STATIONARY_QPP_PRESENT,35,0,3,VALID,-4.135363648142999,0.3558681874498717,false,53.53235652517967,formal_m1_center_not_selected
primary,S001437,C036_QPP_N030_P050_A1_Q040,STATIONARY_QPP_PRESENT,36,0,3,VALID,-4.467686767236579,0.32694579321302086,false,47.036303104244034,formal_m1_center_not_selected
primary,S001438,C036_QPP_N030_P050_A1_Q040,STATIONARY_QPP_PRESENT,37,0,3,VALID,-4.655932238158208,0.054449190929055646,false,49.62799296471825,formal_m1_center_not_selected
primary,S001439,C036_QPP_N030_P050_A1_Q040,STATIONARY_QPP_PRESENT,38,0,3,VALID,-5.3033904790698045,-0.6841771658067444,false,52.205784994022274,formal_m1_center_not_selected
primary,S001440,C036_QPP_N030_P050_A1_Q040,STATIONARY_QPP_PRESENT,39,0,3,VALID,-4.142714965233196,-0.30994794146950966,false,53.63763172026685,formal_m1_center_not_selected
primary,S001441,C037_QPP_N030_P050_A2_Q010,STATIONARY_QPP_PRESENT,0,0,3,VALID,-7.246360713273276,-2.1946512573669352,false,51.883033516262216,formal_m1_center_not_selected
primary,S001442,C037_QPP_N030_P050_A2_Q010,STATIONARY_QPP_PRESENT,1,0,3,VALID,-7.557793513244398,-2.502023433703087,false,55.97746083232903,formal_m1_center_not_selected
primary,S001443,C037_QPP_N030_P050_A2_Q010,STATIONARY_QPP_PRESENT,2,0,3,VALID,-7.629590629547813,-2.5510736439016455,false,253.30579554711804,formal_m1_center_not_selected
primary,S001444,C037_QPP_N030_P050_A2_Q010,STATIONARY_QPP_PRESENT,3,0,3,VALID,-7.636318902708773,-2.4840852659605304,false,299.99999999999994,formal_m1_center_not_selected
primary,S001445,C037_QPP_N030_P050_A2_Q010,STATIONARY_QPP_PRESENT,4,0,3,VALID,-7.659264123316497,-2.663252707430388,false,45.573343758272415,formal_m1_center_not_selected
primary,S001446,C037_QPP_N030_P050_A2_Q010,STATIONARY_QPP_PRESENT,5,0,3,VALID,-7.342991203281429,-2.4224918255309476,false,45.115520429037446,formal_m1_center_not_selected
primary,S001447,C037_QPP_N030_P050_A2_Q010,STATIONARY_QPP_PRESENT,6,0,3,VALID,-7.474081962285453,-2.3592927490385165,false,50.338891159132075,formal_m1_center_not_selected
primary,S001448,C037_QPP_N030_P050_A2_Q010,STATIONARY_QPP_PRESENT,7,0,3,VALID,-7.595615783518518,-2.5676716619396416,false,299.99999999999994,formal_m1_center_not_selected
primary,S001449,C037_QPP_N030_P050_A2_Q010,STATIONARY_QPP_PRESENT,8,0,3,VALID,-7.544715674471753,-2.574100797793591,false,44.324831441187285,formal_m1_center_not_selected
primary,S001450,C037_QPP_N030_P050_A2_Q010,STATIONARY_QPP_PRESENT,9,0,3,VALID,-7.405892322268485,-2.3510018078669646,false,54.883744777127994,formal_m1_center_not_selected
primary,S001451,C037_QPP_N030_P050_A2_Q010,STATIONARY_QPP_PRESENT,10,0,3,VALID,-7.67587415171004,-2.630236856755218,false,299.96995732490427,formal_m1_center_not_selected
primary,S001452,C037_QPP_N030_P050_A2_Q010,STATIONARY_QPP_PRESENT,11,0,3,VALID,-7.701378272315644,-2.6390886805471183,false,281.2698478452264,formal_m1_center_not_selected
primary,S001453,C037_QPP_N030_P050_A2_Q010,STATIONARY_QPP_PRESENT,12,0,3,VALID,-7.722198245360367,-2.554119006525532,false,299.41092631339666,formal_m1_center_not_selected
primary,S001454,C037_QPP_N030_P050_A2_Q010,STATIONARY_QPP_PRESENT,13,0,3,VALID,-7.620513662927003,-2.5024921209256163,false,262.73095287813453,formal_m1_center_not_selected
primary,S001455,C037_QPP_N030_P050_A2_Q010,STATIONARY_QPP_PRESENT,14,0,3,VALID,-7.541363222819186,-2.531111615740393,false,48.8173551977213,formal_m1_center_not_selected
primary,S001456,C037_QPP_N030_P050_A2_Q010,STATIONARY_QPP_PRESENT,15,0,3,VALID,-7.67489825083905,-2.6633449652214267,false,299.9758379244518,formal_m1_center_not_selected
primary,S001457,C037_QPP_N030_P050_A2_Q010,STATIONARY_QPP_PRESENT,16,0,3,VALID,-7.474045064945969,-2.398097206590137,false,49.07289988867418,formal_m1_center_not_selected
primary,S001458,C037_QPP_N030_P050_A2_Q010,STATIONARY_QPP_PRESENT,17,0,3,VALID,-7.641618935564232,-2.502195179422145,false,299.9205378069127,formal_m1_center_not_selected
primary,S001459,C037_QPP_N030_P050_A2_Q010,STATIONARY_QPP_PRESENT,18,0,3,VALID,-7.314175319052026,-2.2969120032510446,false,47.25110848929989,formal_m1_center_not_selected
primary,S001460,C037_QPP_N030_P050_A2_Q010,STATIONARY_QPP_PRESENT,19,0,3,VALID,-7.779936281526481,-2.6365799064508195,false,40.0,formal_m1_center_not_selected
primary,S001461,C037_QPP_N030_P050_A2_Q010,STATIONARY_QPP_PRESENT,20,0,3,VALID,-7.633869124506759,-2.6427499270474755,false,47.14039687362009,formal_m1_center_not_selected
primary,S001462,C037_QPP_N030_P050_A2_Q010,STATIONARY_QPP_PRESENT,21,0,3,VALID,-7.605568524500818,-2.5158409582685053,false,54.38509250418148,formal_m1_center_not_selected
primary,S001463,C037_QPP_N030_P050_A2_Q010,STATIONARY_QPP_PRESENT,22,0,3,VALID,-7.536585133729865,-2.532844207673236,false,285.48306439041596,formal_m1_center_not_selected
primary,S001464,C037_QPP_N030_P050_A2_Q010,STATIONARY_QPP_PRESENT,23,0,3,VALID,-7.673750479540324,-2.5488521814766756,false,299.9999300186096,formal_m1_center_not_selected
primary,S001465,C037_QPP_N030_P050_A2_Q010,STATIONARY_QPP_PRESENT,24,0,3,VALID,-7.526772360249645,-2.5655480692572326,false,44.627646093781266,formal_m1_center_not_selected
primary,S001466,C037_QPP_N030_P050_A2_Q010,STATIONARY_QPP_PRESENT,25,0,3,VALID,-7.401139906093476,-2.4490047211245596,false,45.64108368675575,formal_m1_center_not_selected
primary,S001467,C037_QPP_N030_P050_A2_Q010,STATIONARY_QPP_PRESENT,26,0,3,VALID,-7.688650286656106,-2.536578154328822,false,299.9447976148831,formal_m1_center_not_selected
primary,S001468,C037_QPP_N030_P050_A2_Q010,STATIONARY_QPP_PRESENT,27,0,3,VALID,-7.446868736833906,-2.427720499747359,false,49.80515472914836,formal_m1_center_not_selected
primary,S001469,C037_QPP_N030_P050_A2_Q010,STATIONARY_QPP_PRESENT,28,0,3,VALID,-7.5497600611178015,-2.516979809732767,false,48.59314482829001,formal_m1_center_not_selected
primary,S001470,C037_QPP_N030_P050_A2_Q010,STATIONARY_QPP_PRESENT,29,0,3,VALID,-7.45007237995393,-2.3495984493797977,false,51.40562236958911,formal_m1_center_not_selected
primary,S001471,C037_QPP_N030_P050_A2_Q010,STATIONARY_QPP_PRESENT,30,0,3,VALID,-7.604032236304349,-2.523744666650309,false,51.54538020698072,formal_m1_center_not_selected
primary,S001472,C037_QPP_N030_P050_A2_Q010,STATIONARY_QPP_PRESENT,31,0,3,VALID,-7.652606903214171,-2.647850330949062,false,299.99999999999994,formal_m1_center_not_selected
primary,S001473,C037_QPP_N030_P050_A2_Q010,STATIONARY_QPP_PRESENT,32,0,3,VALID,-7.550386174477417,-2.61873646307491,false,44.61784221184221,formal_m1_center_not_selected
primary,S001474,C037_QPP_N030_P050_A2_Q010,STATIONARY_QPP_PRESENT,33,0,3,VALID,-7.759920461876497,-2.567646402556562,false,299.99999999999994,formal_m1_center_not_selected
primary,S001475,C037_QPP_N030_P050_A2_Q010,STATIONARY_QPP_PRESENT,34,0,3,VALID,-7.733045476603657,-2.596348892914051,false,249.24502003405655,formal_m1_center_not_selected
primary,S001476,C037_QPP_N030_P050_A2_Q010,STATIONARY_QPP_PRESENT,35,0,3,VALID,-7.5083205511344815,-2.5315987411554275,false,44.478817720136504,formal_m1_center_not_selected
primary,S001477,C037_QPP_N030_P050_A2_Q010,STATIONARY_QPP_PRESENT,36,0,3,VALID,-7.732197898780086,-2.562538376132686,false,299.99999999999994,formal_m1_center_not_selected
primary,S001478,C037_QPP_N030_P050_A2_Q010,STATIONARY_QPP_PRESENT,37,0,3,VALID,-7.4173225602493105,-2.3564041904392354,false,44.55693852463378,formal_m1_center_not_selected
primary,S001479,C037_QPP_N030_P050_A2_Q010,STATIONARY_QPP_PRESENT,38,0,3,VALID,-7.4278122106092255,-2.4949552789484954,false,45.5258362397395,formal_m1_center_not_selected
primary,S001480,C037_QPP_N030_P050_A2_Q010,STATIONARY_QPP_PRESENT,39,0,3,VALID,-7.4726758459663,-2.4905407938994415,false,45.98202523211889,formal_m1_center_not_selected
primary,S001481,C038_QPP_N030_P050_A2_Q020,STATIONARY_QPP_PRESENT,0,0,3,VALID,-6.210581283995289,-1.4990763600407035,false,52.376787698446286,formal_m1_center_not_selected
primary,S001482,C038_QPP_N030_P050_A2_Q020,STATIONARY_QPP_PRESENT,1,0,3,VALID,-6.977580851791608,-1.9859777787290227,false,55.80792189332852,formal_m1_center_not_selected
primary,S001483,C038_QPP_N030_P050_A2_Q020,STATIONARY_QPP_PRESENT,2,0,3,VALID,-7.628331272159407,-2.5426399540819062,false,40.0,formal_m1_center_not_selected
primary,S001484,C038_QPP_N030_P050_A2_Q020,STATIONARY_QPP_PRESENT,3,0,3,VALID,-7.389272445500772,-2.254714306097881,false,55.003659246571736,formal_m1_center_not_selected
primary,S001485,C038_QPP_N030_P050_A2_Q020,STATIONARY_QPP_PRESENT,4,0,3,VALID,-7.076542571534723,-2.1692343945737065,false,46.42883234490134,formal_m1_center_not_selected
primary,S001486,C038_QPP_N030_P050_A2_Q020,STATIONARY_QPP_PRESENT,5,0,3,VALID,-6.6828426698011185,-1.8414599407230483,false,45.333198977689364,formal_m1_center_not_selected
primary,S001487,C038_QPP_N030_P050_A2_Q020,STATIONARY_QPP_PRESENT,6,0,3,VALID,-6.738394083505973,-1.6563243748309304,false,50.640168067580596,formal_m1_center_not_selected
primary,S001488,C038_QPP_N030_P050_A2_Q020,STATIONARY_QPP_PRESENT,7,0,3,VALID,-7.076471000181577,-2.112018676739112,false,48.65684282000427,formal_m1_center_not_selected
primary,S001489,C038_QPP_N030_P050_A2_Q020,STATIONARY_QPP_PRESENT,8,0,3,VALID,-7.344575450118377,-2.3925255729071893,false,44.193102126802835,formal_m1_center_not_selected
primary,S001490,C038_QPP_N030_P050_A2_Q020,STATIONARY_QPP_PRESENT,9,0,3,VALID,-6.457898378774395,-1.7680329003905797,false,54.34958434349369,formal_m1_center_not_selected
primary,S001491,C038_QPP_N030_P050_A2_Q020,STATIONARY_QPP_PRESENT,10,0,3,VALID,-7.515872200996604,-2.4763467971129955,false,56.84628707279371,formal_m1_center_not_selected
primary,S001492,C038_QPP_N030_P050_A2_Q020,STATIONARY_QPP_PRESENT,11,0,3,VALID,-7.241863049132554,-2.2068828465519417,false,50.983207211992834,formal_m1_center_not_selected
primary,S001493,C038_QPP_N030_P050_A2_Q020,STATIONARY_QPP_PRESENT,12,0,3,VALID,-7.291504913498592,-2.3871680522273238,false,56.30000360448033,formal_m1_center_not_selected
primary,S001494,C038_QPP_N030_P050_A2_Q020,STATIONARY_QPP_PRESENT,13,0,3,VALID,-7.006571498389185,-2.1582641766716435,false,54.25476605476728,formal_m1_center_not_selected
primary,S001495,C038_QPP_N030_P050_A2_Q020,STATIONARY_QPP_PRESENT,14,0,3,VALID,-6.874218270531429,-1.9410492381020603,false,48.14472508967502,formal_m1_center_not_selected
primary,S001496,C038_QPP_N030_P050_A2_Q020,STATIONARY_QPP_PRESENT,15,0,3,VALID,-7.163640732715706,-2.1892520263789805,false,49.38484048800935,formal_m1_center_not_selected
primary,S001497,C038_QPP_N030_P050_A2_Q020,STATIONARY_QPP_PRESENT,16,0,3,VALID,-6.779127655292356,-1.7658587439354605,false,49.35280829721144,formal_m1_center_not_selected
primary,S001498,C038_QPP_N030_P050_A2_Q020,STATIONARY_QPP_PRESENT,17,0,3,VALID,-7.668233513272817,-2.5124145997514304,false,299.99999634114886,formal_m1_center_not_selected
primary,S001499,C038_QPP_N030_P050_A2_Q020,STATIONARY_QPP_PRESENT,18,0,3,VALID,-6.505828474548032,-1.5862164636049272,false,47.259525526220784,formal_m1_center_not_selected
primary,S001500,C038_QPP_N030_P050_A2_Q020,STATIONARY_QPP_PRESENT,19,0,3,VALID,-7.622632051361471,-2.484739971334548,false,57.84122433085396,formal_m1_center_not_selected
primary,S001501,C038_QPP_N030_P050_A2_Q020,STATIONARY_QPP_PRESENT,20,0,3,VALID,-7.002324401173631,-2.0592817682605826,false,47.584872641172794,formal_m1_center_not_selected
primary,S001502,C038_QPP_N030_P050_A2_Q020,STATIONARY_QPP_PRESENT,21,0,3,VALID,-6.821746925489428,-1.8712202424348874,false,54.07553037383814,formal_m1_center_not_selected
primary,S001503,C038_QPP_N030_P050_A2_Q020,STATIONARY_QPP_PRESENT,22,0,3,VALID,-7.17979102520831,-2.2108912976085193,false,50.9270587470125,formal_m1_center_not_selected
primary,S001504,C038_QPP_N030_P050_A2_Q020,STATIONARY_QPP_PRESENT,23,0,3,VALID,-7.682380032916846,-2.499684479819308,false,299.9999971875942,formal_m1_center_not_selected
primary,S001505,C038_QPP_N030_P050_A2_Q020,STATIONARY_QPP_PRESENT,24,0,3,VALID,-7.052807612755096,-2.1484926097351433,false,44.580020589297675,formal_m1_center_not_selected
primary,S001506,C038_QPP_N030_P050_A2_Q020,STATIONARY_QPP_PRESENT,25,0,3,VALID,-6.676798072137515,-1.8195906552469054,false,46.22916327288173,formal_m1_center_not_selected
primary,S001507,C038_QPP_N030_P050_A2_Q020,STATIONARY_QPP_PRESENT,26,0,3,VALID,-7.058066108044152,-2.2355921749609564,false,54.70803607219719,formal_m1_center_not_selected
primary,S001508,C038_QPP_N030_P050_A2_Q020,STATIONARY_QPP_PRESENT,27,0,3,VALID,-6.765081269617177,-1.8169269412441338,false,49.64358651134157,formal_m1_center_not_selected
primary,S001509,C038_QPP_N030_P050_A2_Q020,STATIONARY_QPP_PRESENT,28,0,3,VALID,-6.965027574295782,-1.9702690886253151,false,49.25341294310884,formal_m1_center_not_selected
primary,S001510,C038_QPP_N030_P050_A2_Q020,STATIONARY_QPP_PRESENT,29,0,3,VALID,-6.568489627371662,-1.6508197914490736,false,51.44649936716255,formal_m1_center_not_selected
primary,S001511,C038_QPP_N030_P050_A2_Q020,STATIONARY_QPP_PRESENT,30,0,3,VALID,-6.807802256480265,-1.8769481514235054,false,51.71718548363614,formal_m1_center_not_selected
primary,S001512,C038_QPP_N030_P050_A2_Q020,STATIONARY_QPP_PRESENT,31,0,3,VALID,-7.044117785316374,-2.073036206029606,false,50.56340739828484,formal_m1_center_not_selected
primary,S001513,C038_QPP_N030_P050_A2_Q020,STATIONARY_QPP_PRESENT,32,0,3,VALID,-6.9638348981388205,-2.1218973176114346,false,45.30324569423759,formal_m1_center_not_selected
primary,S001514,C038_QPP_N030_P050_A2_Q020,STATIONARY_QPP_PRESENT,33,0,3,VALID,-7.404879750695038,-2.541333803808058,false,57.20889052587273,formal_m1_center_not_selected
primary,S001515,C038_QPP_N030_P050_A2_Q020,STATIONARY_QPP_PRESENT,34,0,3,VALID,-7.6506783282655775,-2.609021535005496,false,57.44791423414308,formal_m1_center_not_selected
primary,S001516,C038_QPP_N030_P050_A2_Q020,STATIONARY_QPP_PRESENT,35,0,3,VALID,-6.934400011774365,-2.0913257164517987,false,44.572363008062766,formal_m1_center_not_selected
primary,S001517,C038_QPP_N030_P050_A2_Q020,STATIONARY_QPP_PRESENT,36,0,3,VALID,-7.032185218580935,-2.2152841172129953,false,54.683114758826754,formal_m1_center_not_selected
primary,S001518,C038_QPP_N030_P050_A2_Q020,STATIONARY_QPP_PRESENT,37,0,3,VALID,-6.956971260273356,-1.9431150457811128,false,44.51460063933004,formal_m1_center_not_selected
primary,S001519,C038_QPP_N030_P050_A2_Q020,STATIONARY_QPP_PRESENT,38,0,3,VALID,-6.738282226027472,-1.8936527576757385,false,46.1739963288493,formal_m1_center_not_selected
primary,S001520,C038_QPP_N030_P050_A2_Q020,STATIONARY_QPP_PRESENT,39,0,3,VALID,-6.77939085127381,-1.887180805704645,false,46.19209384570906,formal_m1_center_not_selected
primary,S001521,C039_QPP_N030_P050_A2_Q040,STATIONARY_QPP_PRESENT,0,0,3,VALID,-3.5249109254550604,0.2780840300190235,false,52.981541430234365,formal_m1_center_not_selected
primary,S001522,C039_QPP_N030_P050_A2_Q040,STATIONARY_QPP_PRESENT,1,0,3,VALID,-5.337106349289783,-1.047523049957455,false,54.78357830612442,formal_m1_center_not_selected
primary,S001523,C039_QPP_N030_P050_A2_Q040,STATIONARY_QPP_PRESENT,2,0,3,VALID,-7.56827382895073,-2.479008519670174,false,56.611009157341094,formal_m1_center_not_selected
primary,S001524,C039_QPP_N030_P050_A2_Q040,STATIONARY_QPP_PRESENT,3,0,3,VALID,-5.980592976296798,-1.535313536943157,false,54.327117780302764,formal_m1_center_not_selected
primary,S001525,C039_QPP_N030_P050_A2_Q040,STATIONARY_QPP_PRESENT,4,0,3,VALID,-5.1152358406481895,-0.3754362883523541,false,46.92558239682881,formal_m1_center_not_selected
primary,S001526,C039_QPP_N030_P050_A2_Q040,STATIONARY_QPP_PRESENT,5,0,3,VALID,-5.253096623032086,-0.5539249550241863,false,46.05808109401142,formal_m1_center_not_selected
primary,S001527,C039_QPP_N030_P050_A2_Q040,STATIONARY_QPP_PRESENT,6,0,3,VALID,-4.9119613708649155,0.10201708014815125,false,50.72179227235655,formal_m1_center_not_selected
primary,S001528,C039_QPP_N030_P050_A2_Q040,STATIONARY_QPP_PRESENT,7,0,3,VALID,-5.493217441218675,-0.47949737732213293,false,49.060958905471765,formal_m1_center_not_selected
primary,S001529,C039_QPP_N030_P050_A2_Q040,STATIONARY_QPP_PRESENT,8,0,3,VALID,-7.39103910074342,-2.4680267073872244,false,44.63115760135218,formal_m1_center_not_selected
primary,S001530,C039_QPP_N030_P050_A2_Q040,STATIONARY_QPP_PRESENT,9,0,3,VALID,-3.7559831587745123,-0.16188436219306368,false,53.93293895155054,formal_m1_center_not_selected
primary,S001531,C039_QPP_N030_P050_A2_Q040,STATIONARY_QPP_PRESENT,10,0,3,VALID,-5.916547011184107,-1.3988510633485873,false,55.064082092898644,formal_m1_center_not_selected
primary,S001532,C039_QPP_N030_P050_A2_Q040,STATIONARY_QPP_PRESENT,11,0,3,VALID,-5.578382260948466,-0.6521754046787294,false,50.73082134716747,formal_m1_center_not_selected
primary,S001533,C039_QPP_N030_P050_A2_Q040,STATIONARY_QPP_PRESENT,12,0,3,VALID,-5.921051427689626,-2.0999959427158714,false,55.48808370336788,formal_m1_center_not_selected
primary,S001534,C039_QPP_N030_P050_A2_Q040,STATIONARY_QPP_PRESENT,13,0,3,VALID,-4.653746171717806,-0.729444863080495,false,53.96497993047721,formal_m1_center_not_selected
primary,S001535,C039_QPP_N030_P050_A2_Q040,STATIONARY_QPP_PRESENT,14,0,3,VALID,-5.153113904446961,-0.3835819870305315,false,48.4540724173814,formal_m1_center_not_selected
primary,S001536,C039_QPP_N030_P050_A2_Q040,STATIONARY_QPP_PRESENT,15,0,3,VALID,-5.542908208252442,-0.6851174762787977,false,50.035956494305054,formal_m1_center_not_selected
primary,S001537,C039_QPP_N030_P050_A2_Q040,STATIONARY_QPP_PRESENT,16,0,3,VALID,-5.073703443738729,-0.24082487776999528,false,49.571987669459894,formal_m1_center_not_selected
primary,S001538,C039_QPP_N030_P050_A2_Q040,STATIONARY_QPP_PRESENT,17,0,3,VALID,-7.1206187737015725,-2.319719367195333,false,55.53773087280236,formal_m1_center_not_selected
primary,S001539,C039_QPP_N030_P050_A2_Q040,STATIONARY_QPP_PRESENT,18,0,3,VALID,-4.4314998636832215,0.3017466631038488,false,47.32004701231273,formal_m1_center_not_selected
primary,S001540,C039_QPP_N030_P050_A2_Q040,STATIONARY_QPP_PRESENT,19,0,3,VALID,-6.925769190017824,-2.0327201113487092,false,56.755443180422134,formal_m1_center_not_selected
primary,S001541,C039_QPP_N030_P050_A2_Q040,STATIONARY_QPP_PRESENT,20,0,3,VALID,-5.138081779724757,-0.3125858178396541,false,47.83044878793416,formal_m1_center_not_selected
primary,S001542,C039_QPP_N030_P050_A2_Q040,STATIONARY_QPP_PRESENT,21,0,3,VALID,-4.244953486937902,-0.676585003926391,false,53.83257816292654,formal_m1_center_not_selected
primary,S001543,C039_QPP_N030_P050_A2_Q040,STATIONARY_QPP_PRESENT,22,0,3,VALID,-5.494962104389934,-0.6742598942282143,false,50.913685557707886,formal_m1_center_not_selected
primary,S001544,C039_QPP_N030_P050_A2_Q040,STATIONARY_QPP_PRESENT,23,0,3,VALID,-6.646507013991986,-1.9624250914514931,false,55.33612917993545,formal_m1_center_not_selected
primary,S001545,C039_QPP_N030_P050_A2_Q040,STATIONARY_QPP_PRESENT,24,0,3,VALID,-6.444586177553454,-1.7842708945756698,false,45.09752084343615,formal_m1_center_not_selected
primary,S001546,C039_QPP_N030_P050_A2_Q040,STATIONARY_QPP_PRESENT,25,0,3,VALID,-4.6065575527536495,0.030386152136792077,false,46.736798867293786,formal_m1_center_not_selected
primary,S001547,C039_QPP_N030_P050_A2_Q040,STATIONARY_QPP_PRESENT,26,0,3,VALID,-4.660445189206193,-1.0291065754755664,false,54.09722066829835,formal_m1_center_not_selected
primary,S001548,C039_QPP_N030_P050_A2_Q040,STATIONARY_QPP_PRESENT,27,0,3,VALID,-5.075544121104578,-0.28322301720228893,false,49.50415335429362,formal_m1_center_not_selected
primary,S001549,C039_QPP_N030_P050_A2_Q040,STATIONARY_QPP_PRESENT,28,0,3,VALID,-5.322794734309198,-0.3707727919662034,false,49.633851771909626,formal_m1_center_not_selected
primary,S001550,C039_QPP_N030_P050_A2_Q040,STATIONARY_QPP_PRESENT,29,0,3,VALID,-4.470796838865915,0.49539493267165113,false,51.44818421190149,formal_m1_center_not_selected
primary,S001551,C039_QPP_N030_P050_A2_Q040,STATIONARY_QPP_PRESENT,30,0,3,VALID,-4.732455727581069,0.22937321008807743,false,51.703695885362045,formal_m1_center_not_selected
primary,S001552,C039_QPP_N030_P050_A2_Q040,STATIONARY_QPP_PRESENT,31,0,3,VALID,-5.25478268335975,-0.4241550601750248,false,50.68893552309164,formal_m1_center_not_selected
primary,S001553,C039_QPP_N030_P050_A2_Q040,STATIONARY_QPP_PRESENT,32,0,3,VALID,-5.263774219337385,-0.5938933362119272,false,46.20298983815242,formal_m1_center_not_selected
primary,S001554,C039_QPP_N030_P050_A2_Q040,STATIONARY_QPP_PRESENT,33,0,3,VALID,-6.314533765510603,-1.911317199193661,false,56.10307548810305,formal_m1_center_not_selected
primary,S001555,C039_QPP_N030_P050_A2_Q040,STATIONARY_QPP_PRESENT,34,0,3,VALID,-6.986113338479321,-2.28388839996164,false,56.796824811724484,formal_m1_center_not_selected
primary,S001556,C039_QPP_N030_P050_A2_Q040,STATIONARY_QPP_PRESENT,35,0,3,VALID,-6.046528105382848,-1.418745605601174,false,45.21630796202575,formal_m1_center_not_selected
primary,S001557,C039_QPP_N030_P050_A2_Q040,STATIONARY_QPP_PRESENT,36,0,3,VALID,-4.587241774792496,-0.7228055155778677,false,53.993687299903215,formal_m1_center_not_selected
primary,S001558,C039_QPP_N030_P050_A2_Q040,STATIONARY_QPP_PRESENT,37,0,3,VALID,-6.47756731626999,-1.5531036305942578,false,44.96030176409672,formal_m1_center_not_selected
primary,S001559,C039_QPP_N030_P050_A2_Q040,STATIONARY_QPP_PRESENT,38,0,3,VALID,-4.665788786674177,0.02535550008919074,false,46.72425636626777,formal_m1_center_not_selected
primary,S001560,C039_QPP_N030_P050_A2_Q040,STATIONARY_QPP_PRESENT,39,0,3,VALID,-4.821141512839141,-0.10103004875588795,false,46.621458243347796,formal_m1_center_not_selected
primary,S001561,C040_QPP_N030_P080_A0_Q010,STATIONARY_QPP_PRESENT,0,0,3,VALID,-7.6603932025266985,-2.5694834843765406,false,45.47098316836174,formal_m1_center_not_selected
primary,S001562,C040_QPP_N030_P080_A0_Q010,STATIONARY_QPP_PRESENT,1,0,3,VALID,-6.6845789266081255,-1.5418122759722692,false,59.130741373790315,formal_m1_center_not_selected
primary,S001563,C040_QPP_N030_P080_A0_Q010,STATIONARY_QPP_PRESENT,2,0,3,VALID,-6.3212173734957915,-1.2565491108182485,false,48.021414244117366,formal_m1_center_not_selected
primary,S001564,C040_QPP_N030_P080_A0_Q010,STATIONARY_QPP_PRESENT,3,0,3,VALID,-7.159210173327999,-2.5634405046558157,false,40.0,formal_m1_center_not_selected
primary,S001565,C040_QPP_N030_P080_A0_Q010,STATIONARY_QPP_PRESENT,4,0,3,VALID,-7.595203121421854,-2.5379881950058945,false,265.0962278683776,formal_m1_center_not_selected
primary,S001566,C040_QPP_N030_P080_A0_Q010,STATIONARY_QPP_PRESENT,5,0,3,VALID,-7.473051055818182,-2.44624578465141,false,42.94044935447079,formal_m1_center_not_selected
primary,S001567,C040_QPP_N030_P080_A0_Q010,STATIONARY_QPP_PRESENT,6,0,3,VALID,-6.721248991806526,-1.724909511750056,false,46.92659386713397,formal_m1_center_not_selected
primary,S001568,C040_QPP_N030_P080_A0_Q010,STATIONARY_QPP_PRESENT,7,0,3,VALID,-7.082108911857013,-2.0425555201707226,false,48.1511938281344,formal_m1_center_not_selected
primary,S001569,C040_QPP_N030_P080_A0_Q010,STATIONARY_QPP_PRESENT,8,0,3,VALID,-7.071949918987421,-2.0599790433373713,false,40.0,formal_m1_center_not_selected
primary,S001570,C040_QPP_N030_P080_A0_Q010,STATIONARY_QPP_PRESENT,9,0,3,VALID,-7.385087410872501,-2.2046180654848513,false,81.0565691974884,formal_m1_center_not_selected
primary,S001571,C040_QPP_N030_P080_A0_Q010,STATIONARY_QPP_PRESENT,10,0,3,VALID,-7.3793805516382704,-2.2254678187549928,false,78.88746566297253,formal_m1_center_not_selected
primary,S001572,C040_QPP_N030_P080_A0_Q010,STATIONARY_QPP_PRESENT,11,0,3,VALID,-7.616796008797742,-2.681370184137215,false,299.99999999999994,formal_m1_center_not_selected
primary,S001573,C040_QPP_N030_P080_A0_Q010,STATIONARY_QPP_PRESENT,12,0,3,VALID,-7.2002461419614505,-2.19336799383251,false,51.45889406532418,formal_m1_center_not_selected
primary,S001574,C040_QPP_N030_P080_A0_Q010,STATIONARY_QPP_PRESENT,13,0,3,VALID,-7.622411932927442,-2.657434699995541,false,92.12038011050878,formal_m1_center_not_selected
primary,S001575,C040_QPP_N030_P080_A0_Q010,STATIONARY_QPP_PRESENT,14,0,3,VALID,-7.5516092616160435,-2.525289267489839,false,59.81768169904604,formal_m1_center_not_selected
primary,S001576,C040_QPP_N030_P080_A0_Q010,STATIONARY_QPP_PRESENT,15,0,3,VALID,-7.264872631911409,-2.183540974359204,false,50.70636547912649,formal_m1_center_not_selected
primary,S001577,C040_QPP_N030_P080_A0_Q010,STATIONARY_QPP_PRESENT,16,0,3,VALID,-7.566092182590772,-2.6151106861168287,false,299.99999999999994,formal_m1_center_not_selected
primary,S001578,C040_QPP_N030_P080_A0_Q010,STATIONARY_QPP_PRESENT,17,0,3,VALID,-6.816779245977557,-2.0873159530120233,false,45.05834966582073,formal_m1_center_not_selected
primary,S001579,C040_QPP_N030_P080_A0_Q010,STATIONARY_QPP_PRESENT,18,0,3,VALID,-7.531769481015779,-2.3511846375141303,false,66.51194921466592,formal_m1_center_not_selected
primary,S001580,C040_QPP_N030_P080_A0_Q010,STATIONARY_QPP_PRESENT,19,0,3,VALID,-7.493370091050693,-2.5883538404307345,false,43.656894234383806,formal_m1_center_not_selected
primary,S001581,C040_QPP_N030_P080_A0_Q010,STATIONARY_QPP_PRESENT,20,0,3,VALID,-6.851249040920507,-1.8443129151258333,false,48.33643097447242,formal_m1_center_not_selected
primary,S001582,C040_QPP_N030_P080_A0_Q010,STATIONARY_QPP_PRESENT,21,0,3,VALID,-7.177580102147061,-2.2289362034750297,false,63.825532904198845,formal_m1_center_not_selected
primary,S001583,C040_QPP_N030_P080_A0_Q010,STATIONARY_QPP_PRESENT,22,0,3,VALID,-7.52758494216598,-2.6064873789023295,false,40.0,formal_m1_center_not_selected
primary,S001584,C040_QPP_N030_P080_A0_Q010,STATIONARY_QPP_PRESENT,23,0,3,VALID,-6.458895456117183,-1.4477789188209798,false,48.39833039565377,formal_m1_center_not_selected
primary,S001585,C040_QPP_N030_P080_A0_Q010,STATIONARY_QPP_PRESENT,24,0,3,VALID,-7.442773089450441,-2.4419732830005785,false,63.197536076052295,formal_m1_center_not_selected
primary,S001586,C040_QPP_N030_P080_A0_Q010,STATIONARY_QPP_PRESENT,25,0,3,VALID,-7.263283294228195,-2.1439684834076402,false,49.56518842348513,formal_m1_center_not_selected
primary,S001587,C040_QPP_N030_P080_A0_Q010,STATIONARY_QPP_PRESENT,26,0,3,VALID,-6.766578134350283,-1.6259724882113673,false,50.075701924656386,formal_m1_center_not_selected
primary,S001588,C040_QPP_N030_P080_A0_Q010,STATIONARY_QPP_PRESENT,27,0,3,VALID,-7.655255245629789,-2.994857013397791,false,49.39944205748482,formal_m1_center_not_selected
primary,S001589,C040_QPP_N030_P080_A0_Q010,STATIONARY_QPP_PRESENT,28,0,3,VALID,-6.317861971397882,-2.077452363412796,false,44.184250523086206,formal_m1_center_not_selected
primary,S001590,C040_QPP_N030_P080_A0_Q010,STATIONARY_QPP_PRESENT,29,0,3,VALID,-7.693723007791952,-2.6507735878215755,false,296.83280276643956,formal_m1_center_not_selected
primary,S001591,C040_QPP_N030_P080_A0_Q010,STATIONARY_QPP_PRESENT,30,0,3,VALID,-7.744004123207127,-2.629622663256029,false,96.79853733070365,formal_m1_center_not_selected
primary,S001592,C040_QPP_N030_P080_A0_Q010,STATIONARY_QPP_PRESENT,31,0,3,VALID,-7.504188650552315,-3.0511430991326947,false,85.08298362973103,formal_m1_center_not_selected
primary,S001593,C040_QPP_N030_P080_A0_Q010,STATIONARY_QPP_PRESENT,32,0,3,VALID,-7.453366460218362,-2.3361485690799384,false,62.49996225454644,formal_m1_center_not_selected
primary,S001594,C040_QPP_N030_P080_A0_Q010,STATIONARY_QPP_PRESENT,33,0,3,VALID,-7.30712112877135,-2.1125316292765604,false,52.81825288489691,formal_m1_center_not_selected
primary,S001595,C040_QPP_N030_P080_A0_Q010,STATIONARY_QPP_PRESENT,34,0,3,VALID,-7.0959857364331,-2.079328943538542,false,64.20120305508757,formal_m1_center_not_selected
primary,S001596,C040_QPP_N030_P080_A0_Q010,STATIONARY_QPP_PRESENT,35,0,3,VALID,-7.612869482195826,-2.576353675190205,false,267.32028613380794,formal_m1_center_not_selected
primary,S001597,C040_QPP_N030_P080_A0_Q010,STATIONARY_QPP_PRESENT,36,0,3,VALID,-7.341406331740735,-2.266856832972273,false,57.7574205121263,formal_m1_center_not_selected
primary,S001598,C040_QPP_N030_P080_A0_Q010,STATIONARY_QPP_PRESENT,37,0,3,VALID,-7.613856296339328,-2.6380127462322847,false,45.78151074026057,formal_m1_center_not_selected
primary,S001599,C040_QPP_N030_P080_A0_Q010,STATIONARY_QPP_PRESENT,38,0,3,VALID,-7.502052895760933,-2.3410819735478583,false,67.68756668041489,formal_m1_center_not_selected
primary,S001600,C040_QPP_N030_P080_A0_Q010,STATIONARY_QPP_PRESENT,39,0,3,VALID,-7.560409572907659,-2.510362895666219,false,50.519116359779446,formal_m1_center_not_selected
primary,S001601,C041_QPP_N030_P080_A0_Q020,STATIONARY_QPP_PRESENT,0,0,3,VALID,-7.626928355593627,-2.481863486107244,false,45.46612480141303,formal_m1_center_not_selected
primary,S001602,C041_QPP_N030_P080_A0_Q020,STATIONARY_QPP_PRESENT,1,0,3,VALID,-6.609625647248009,-1.4897563568002212,false,59.40816147811606,formal_m1_center_not_selected
primary,S001603,C041_QPP_N030_P080_A0_Q020,STATIONARY_QPP_PRESENT,2,0,3,VALID,-6.3380942793859205,-1.6997898918887842,false,47.989273352156864,formal_m1_center_not_selected
primary,S001604,C041_QPP_N030_P080_A0_Q020,STATIONARY_QPP_PRESENT,3,0,3,VALID,-7.207461404847784,-2.6987431548088594,false,40.0,formal_m1_center_not_selected
primary,S001605,C041_QPP_N030_P080_A0_Q020,STATIONARY_QPP_PRESENT,4,0,3,VALID,-7.331853234342674,-2.3496837605505903,false,69.55985224445506,formal_m1_center_not_selected
primary,S001606,C041_QPP_N030_P080_A0_Q020,STATIONARY_QPP_PRESENT,5,0,3,VALID,-7.506190855205439,-2.4055261889135195,false,42.73583281449178,formal_m1_center_not_selected
primary,S001607,C041_QPP_N030_P080_A0_Q020,STATIONARY_QPP_PRESENT,6,0,3,VALID,-6.904492971330583,-1.8781992055256467,false,46.88466393834603,formal_m1_center_not_selected
primary,S001608,C041_QPP_N030_P080_A0_Q020,STATIONARY_QPP_PRESENT,7,0,3,VALID,-7.250101463655746,-2.357093174552375,false,48.18315761772351,formal_m1_center_not_selected
primary,S001609,C041_QPP_N030_P080_A0_Q020,STATIONARY_QPP_PRESENT,8,0,3,VALID,-7.134304501376754,-2.054041620444096,false,40.0,formal_m1_center_not_selected
primary,S001610,C041_QPP_N030_P080_A0_Q020,STATIONARY_QPP_PRESENT,9,0,3,VALID,-6.910125478433109,-1.6984060506643388,false,80.74359819017828,formal_m1_center_not_selected
primary,S001611,C041_QPP_N030_P080_A0_Q020,STATIONARY_QPP_PRESENT,10,0,3,VALID,-6.969592497307268,-1.7621626567696538,false,78.74467904693947,formal_m1_center_not_selected
primary,S001612,C041_QPP_N030_P080_A0_Q020,STATIONARY_QPP_PRESENT,11,0,3,VALID,-7.607834270038133,-2.7117706119710476,false,281.16625095466185,formal_m1_center_not_selected
primary,S001613,C041_QPP_N030_P080_A0_Q020,STATIONARY_QPP_PRESENT,12,0,3,VALID,-7.201400129433942,-2.215016966255142,false,51.51107080186709,formal_m1_center_not_selected
primary,S001614,C041_QPP_N030_P080_A0_Q020,STATIONARY_QPP_PRESENT,13,0,3,VALID,-7.321105394448317,-2.3335891824726147,false,92.1206044296059,formal_m1_center_not_selected
primary,S001615,C041_QPP_N030_P080_A0_Q020,STATIONARY_QPP_PRESENT,14,0,3,VALID,-7.405196029128135,-2.423761567637257,false,60.98225746041125,formal_m1_center_not_selected
primary,S001616,C041_QPP_N030_P080_A0_Q020,STATIONARY_QPP_PRESENT,15,0,3,VALID,-7.371255466168897,-2.257153074529498,false,50.67836800066794,formal_m1_center_not_selected
primary,S001617,C041_QPP_N030_P080_A0_Q020,STATIONARY_QPP_PRESENT,16,0,3,VALID,-7.550823055601164,-2.646727335760673,false,299.99999999999994,formal_m1_center_not_selected
primary,S001618,C041_QPP_N030_P080_A0_Q020,STATIONARY_QPP_PRESENT,17,0,3,VALID,-6.623555847847619,-2.465040271458662,false,45.07258075456893,formal_m1_center_not_selected
primary,S001619,C041_QPP_N030_P080_A0_Q020,STATIONARY_QPP_PRESENT,18,0,3,VALID,-7.708139770378573,-2.516483150322884,false,299.8210837511721,formal_m1_center_not_selected
primary,S001620,C041_QPP_N030_P080_A0_Q020,STATIONARY_QPP_PRESENT,19,0,3,VALID,-7.4652783091165205,-2.4673448018313167,false,43.66164260642678,formal_m1_center_not_selected
primary,S001621,C041_QPP_N030_P080_A0_Q020,STATIONARY_QPP_PRESENT,20,0,3,VALID,-6.89679899279934,-1.8151361606575378,false,48.348959132390995,formal_m1_center_not_selected
primary,S001622,C041_QPP_N030_P080_A0_Q020,STATIONARY_QPP_PRESENT,21,0,3,VALID,-6.994989217991957,-1.934066727619637,false,66.30814125965412,formal_m1_center_not_selected
primary,S001623,C041_QPP_N030_P080_A0_Q020,STATIONARY_QPP_PRESENT,22,0,3,VALID,-7.508314203420234,-2.670605701237065,false,40.0,formal_m1_center_not_selected
primary,S001624,C041_QPP_N030_P080_A0_Q020,STATIONARY_QPP_PRESENT,23,0,3,VALID,-6.628239500512478,-1.869476179234546,false,48.387378286758214,formal_m1_center_not_selected
primary,S001625,C041_QPP_N030_P080_A0_Q020,STATIONARY_QPP_PRESENT,24,0,3,VALID,-7.20781611672016,-2.159179688766571,false,67.14862402607703,formal_m1_center_not_selected
primary,S001626,C041_QPP_N030_P080_A0_Q020,STATIONARY_QPP_PRESENT,25,0,3,VALID,-7.163082786530495,-2.065723836911232,false,92.98077723804387,formal_m1_center_not_selected
primary,S001627,C041_QPP_N030_P080_A0_Q020,STATIONARY_QPP_PRESENT,26,0,3,VALID,-6.959605640072041,-2.1027591269312964,false,49.9662869206549,formal_m1_center_not_selected
primary,S001628,C041_QPP_N030_P080_A0_Q020,STATIONARY_QPP_PRESENT,27,0,3,VALID,-7.716389757224256,-3.1098651726003936,false,83.05724150693526,formal_m1_center_not_selected
primary,S001629,C041_QPP_N030_P080_A0_Q020,STATIONARY_QPP_PRESENT,28,0,3,VALID,-6.166590367272455,-2.1958390185417542,false,44.172992906568574,formal_m1_center_not_selected
primary,S001630,C041_QPP_N030_P080_A0_Q020,STATIONARY_QPP_PRESENT,29,0,3,VALID,-7.426765859281552,-2.3851581665700365,false,65.83862269302244,formal_m1_center_not_selected
primary,S001631,C041_QPP_N030_P080_A0_Q020,STATIONARY_QPP_PRESENT,30,0,3,VALID,-7.639148460960946,-2.5733737628529667,false,98.14500206329639,formal_m1_center_not_selected
primary,S001632,C041_QPP_N030_P080_A0_Q020,STATIONARY_QPP_PRESENT,31,0,3,VALID,-7.128085512277337,-2.1236377488189504,false,84.32333481533846,formal_m1_center_not_selected
primary,S001633,C041_QPP_N030_P080_A0_Q020,STATIONARY_QPP_PRESENT,32,0,3,VALID,-7.487181780360167,-2.3945473405304085,false,87.87789999984112,formal_m1_center_not_selected
primary,S001634,C041_QPP_N030_P080_A0_Q020,STATIONARY_QPP_PRESENT,33,0,3,VALID,-7.393366993337949,-2.1927626596020175,false,52.77152331067504,formal_m1_center_not_selected
primary,S001635,C041_QPP_N030_P080_A0_Q020,STATIONARY_QPP_PRESENT,34,0,3,VALID,-6.836635565235817,-1.8989536665959008,false,66.33628651564992,formal_m1_center_not_selected
primary,S001636,C041_QPP_N030_P080_A0_Q020,STATIONARY_QPP_PRESENT,35,0,3,VALID,-7.6251548701017455,-2.6386355457907342,false,252.5814069053851,formal_m1_center_not_selected
primary,S001637,C041_QPP_N030_P080_A0_Q020,STATIONARY_QPP_PRESENT,36,0,3,VALID,-7.29571155623924,-2.161378613297032,false,57.81119363007315,formal_m1_center_not_selected
primary,S001638,C041_QPP_N030_P080_A0_Q020,STATIONARY_QPP_PRESENT,37,0,3,VALID,-7.71125620342665,-2.6504256422045245,false,45.66846755335446,formal_m1_center_not_selected
primary,S001639,C041_QPP_N030_P080_A0_Q020,STATIONARY_QPP_PRESENT,38,0,3,VALID,-7.350166314592002,-2.174697608552819,false,69.55658463691195,formal_m1_center_not_selected
primary,S001640,C041_QPP_N030_P080_A0_Q020,STATIONARY_QPP_PRESENT,39,0,3,VALID,-7.4773905817822595,-2.345065537404359,false,54.337629068524194,formal_m1_center_not_selected
primary,S001641,C042_QPP_N030_P080_A0_Q040,STATIONARY_QPP_PRESENT,0,0,3,VALID,-6.968395337908454,-1.71683913354088,false,79.89921212668854,formal_m1_center_not_selected
primary,S001642,C042_QPP_N030_P080_A0_Q040,STATIONARY_QPP_PRESENT,1,0,3,VALID,-6.6186880946206585,-1.4879618520015399,false,60.23973393649378,formal_m1_center_not_selected
primary,S001643,C042_QPP_N030_P080_A0_Q040,STATIONARY_QPP_PRESENT,2,0,3,VALID,-6.667215294954559,-2.087021367418444,false,47.886524332969174,formal_m1_center_not_selected
primary,S001644,C042_QPP_N030_P080_A0_Q040,STATIONARY_QPP_PRESENT,3,0,3,VALID,-7.336616498178863,-2.8387106375861038,false,42.417690656456614,formal_m1_center_not_selected
primary,S001645,C042_QPP_N030_P080_A0_Q040,STATIONARY_QPP_PRESENT,4,0,3,VALID,-6.191479518947297,-1.1654977253914396,false,70.98322419272276,formal_m1_center_not_selected
primary,S001646,C042_QPP_N030_P080_A0_Q040,STATIONARY_QPP_PRESENT,5,0,3,VALID,-6.67243325129278,-1.582434172294704,false,80.8000665470823,formal_m1_center_not_selected
primary,S001647,C042_QPP_N030_P080_A0_Q040,STATIONARY_QPP_PRESENT,6,0,3,VALID,-6.468625875598171,-1.5641187418483469,false,76.67510474544088,formal_m1_center_not_selected
primary,S001648,C042_QPP_N030_P080_A0_Q040,STATIONARY_QPP_PRESENT,7,0,3,VALID,-6.078866372545889,-1.011335599545717,false,80.30973809308142,formal_m1_center_not_selected
primary,S001649,C042_QPP_N030_P080_A0_Q040,STATIONARY_QPP_PRESENT,8,0,3,VALID,-6.994013126761445,-1.8393204283876798,false,78.9559358071365,formal_m1_center_not_selected
primary,S001650,C042_QPP_N030_P080_A0_Q040,STATIONARY_QPP_PRESENT,9,0,3,VALID,-5.691345799159102,-1.19078670301829,false,80.56424347917216,formal_m1_center_not_selected
primary,S001651,C042_QPP_N030_P080_A0_Q040,STATIONARY_QPP_PRESENT,10,0,3,VALID,-5.946514977478273,-1.1209121898373908,false,78.77463583341218,formal_m1_center_not_selected
primary,S001652,C042_QPP_N030_P080_A0_Q040,STATIONARY_QPP_PRESENT,11,0,3,VALID,-7.455697065164188,-2.5518097839620566,false,62.94077255040993,formal_m1_center_not_selected
primary,S001653,C042_QPP_N030_P080_A0_Q040,STATIONARY_QPP_PRESENT,12,0,3,VALID,-7.2779437463400285,-2.2518853214018506,false,51.57456857259853,formal_m1_center_not_selected
primary,S001654,C042_QPP_N030_P080_A0_Q040,STATIONARY_QPP_PRESENT,13,0,3,VALID,-6.531595616576993,-1.4850771725575669,false,91.9544752906888,formal_m1_center_not_selected
primary,S001655,C042_QPP_N030_P080_A0_Q040,STATIONARY_QPP_PRESENT,14,0,3,VALID,-7.037042326080616,-2.1321309799974415,false,62.57294239148652,formal_m1_center_not_selected
primary,S001656,C042_QPP_N030_P080_A0_Q040,STATIONARY_QPP_PRESENT,15,0,3,VALID,-7.371683845230123,-2.3770191754360326,false,76.27217040098533,formal_m1_center_not_selected
primary,S001657,C042_QPP_N030_P080_A0_Q040,STATIONARY_QPP_PRESENT,16,0,3,VALID,-7.35513049014569,-2.4430069188043575,false,66.10102842349585,formal_m1_center_not_selected
primary,S001658,C042_QPP_N030_P080_A0_Q040,STATIONARY_QPP_PRESENT,17,0,3,VALID,-6.340616415388837,-1.7703624591523237,false,45.043816215077236,formal_m1_center_not_selected
primary,S001659,C042_QPP_N030_P080_A0_Q040,STATIONARY_QPP_PRESENT,18,0,3,VALID,-7.492993696410991,-2.3693999741626826,false,89.08288145786798,formal_m1_center_not_selected
primary,S001660,C042_QPP_N030_P080_A0_Q040,STATIONARY_QPP_PRESENT,19,0,3,VALID,-6.967759228865582,-1.8937979986575613,false,81.13136022629973,formal_m1_center_not_selected
primary,S001661,C042_QPP_N030_P080_A0_Q040,STATIONARY_QPP_PRESENT,20,0,3,VALID,-6.503598568659058,-1.368975066769167,false,86.45062304564813,formal_m1_center_not_selected
primary,S001662,C042_QPP_N030_P080_A0_Q040,STATIONARY_QPP_PRESENT,21,0,3,VALID,-6.191470764830449,-1.2547954287709118,false,70.04816111804165,formal_m1_center_not_selected
primary,S001663,C042_QPP_N030_P080_A0_Q040,STATIONARY_QPP_PRESENT,22,0,3,VALID,-7.148158184440767,-2.4123294759070717,false,107.55321675809196,formal_m1_center_not_selected
primary,S001664,C042_QPP_N030_P080_A0_Q040,STATIONARY_QPP_PRESENT,23,0,3,VALID,-6.779454261209388,-1.796310849175697,false,81.32323700629763,formal_m1_center_not_selected
primary,S001665,C042_QPP_N030_P080_A0_Q040,STATIONARY_QPP_PRESENT,24,0,3,VALID,-6.414436797805074,-1.4319958629560645,false,68.80419999853395,formal_m1_center_not_selected
primary,S001666,C042_QPP_N030_P080_A0_Q040,STATIONARY_QPP_PRESENT,25,0,3,VALID,-6.341462491816195,-1.2047545823786336,false,92.67393749157048,formal_m1_center_not_selected
primary,S001667,C042_QPP_N030_P080_A0_Q040,STATIONARY_QPP_PRESENT,26,0,3,VALID,-6.428402337594811,-1.6897557344788936,false,80.22012375531737,formal_m1_center_not_selected
primary,S001668,C042_QPP_N030_P080_A0_Q040,STATIONARY_QPP_PRESENT,27,0,3,VALID,-7.04956467755833,-2.387792583273537,false,84.89905504292308,formal_m1_center_not_selected
primary,S001669,C042_QPP_N030_P080_A0_Q040,STATIONARY_QPP_PRESENT,28,0,3,VALID,-6.043854677001953,-1.3448368007363456,false,44.15441984872862,formal_m1_center_not_selected
primary,S001670,C042_QPP_N030_P080_A0_Q040,STATIONARY_QPP_PRESENT,29,0,3,VALID,-7.542736814026874,-2.4534507389028875,false,66.31692795561571,formal_m1_center_not_selected
primary,S001671,C042_QPP_N030_P080_A0_Q040,STATIONARY_QPP_PRESENT,30,0,3,VALID,-7.439020001028531,-2.4233309043527953,false,96.8803534648644,formal_m1_center_not_selected
primary,S001672,C042_QPP_N030_P080_A0_Q040,STATIONARY_QPP_PRESENT,31,0,3,VALID,-6.062103695160701,-2.8909985647781795,false,86.22132462435913,formal_m1_center_not_selected
primary,S001673,C042_QPP_N030_P080_A0_Q040,STATIONARY_QPP_PRESENT,32,0,3,VALID,-6.5027659997931195,-1.7803889616828883,false,88.93514046827981,formal_m1_center_not_selected
primary,S001674,C042_QPP_N030_P080_A0_Q040,STATIONARY_QPP_PRESENT,33,0,3,VALID,-7.223835483650738,-2.082635544347795,false,81.73802244393832,formal_m1_center_not_selected
primary,S001675,C042_QPP_N030_P080_A0_Q040,STATIONARY_QPP_PRESENT,34,0,3,VALID,-5.906474085392652,-0.7985286979737864,false,68.25248580457743,formal_m1_center_not_selected
primary,S001676,C042_QPP_N030_P080_A0_Q040,STATIONARY_QPP_PRESENT,35,0,3,VALID,-7.178193796982789,-2.2178048088526054,false,92.593234264227,formal_m1_center_not_selected
primary,S001677,C042_QPP_N030_P080_A0_Q040,STATIONARY_QPP_PRESENT,36,0,3,VALID,-7.341328056339442,-2.3063469550172755,false,57.98393971255106,formal_m1_center_not_selected
primary,S001678,C042_QPP_N030_P080_A0_Q040,STATIONARY_QPP_PRESENT,37,0,3,VALID,-7.022199979139451,-1.870456864053601,false,76.76538518271053,formal_m1_center_not_selected
primary,S001679,C042_QPP_N030_P080_A0_Q040,STATIONARY_QPP_PRESENT,38,0,3,VALID,-6.6736215411171145,-1.574512727335211,false,71.04945354195843,formal_m1_center_not_selected
primary,S001680,C042_QPP_N030_P080_A0_Q040,STATIONARY_QPP_PRESENT,39,0,3,VALID,-7.166784223323653,-2.1834544697634897,false,57.33107434843207,formal_m1_center_not_selected
primary,S001681,C043_QPP_N030_P080_A1_Q010,STATIONARY_QPP_PRESENT,0,0,3,VALID,-7.14552586785193,-2.308884584005888,false,44.080054025561104,formal_m1_center_not_selected
primary,S001682,C043_QPP_N030_P080_A1_Q010,STATIONARY_QPP_PRESENT,1,0,3,VALID,-7.696623601422409,-2.596298498792578,false,68.35095352774545,formal_m1_center_not_selected
primary,S001683,C043_QPP_N030_P080_A1_Q010,STATIONARY_QPP_PRESENT,2,0,3,VALID,-7.632235842420592,-2.7043857764184693,false,267.99724460651714,formal_m1_center_not_selected
primary,S001684,C043_QPP_N030_P080_A1_Q010,STATIONARY_QPP_PRESENT,3,0,3,VALID,-7.597218724041603,-2.5815107730881124,false,299.99999999999994,formal_m1_center_not_selected
primary,S001685,C043_QPP_N030_P080_A1_Q010,STATIONARY_QPP_PRESENT,4,0,3,VALID,-7.557418374677347,-2.562690015153926,false,55.09878280011072,formal_m1_center_not_selected
primary,S001686,C043_QPP_N030_P080_A1_Q010,STATIONARY_QPP_PRESENT,5,0,3,VALID,-7.400560882422724,-2.5524899991408603,false,45.173246699775554,formal_m1_center_not_selected
primary,S001687,C043_QPP_N030_P080_A1_Q010,STATIONARY_QPP_PRESENT,6,0,3,VALID,-7.658478034448038,-2.6855310553128575,false,123.63827461508629,formal_m1_center_not_selected
primary,S001688,C043_QPP_N030_P080_A1_Q010,STATIONARY_QPP_PRESENT,7,0,3,VALID,-7.749962625934124,-2.7606752494282745,false,47.400594699627064,formal_m1_center_not_selected
primary,S001689,C043_QPP_N030_P080_A1_Q010,STATIONARY_QPP_PRESENT,8,0,3,VALID,-7.636641712625007,-2.5288818625679,false,45.76013564196893,formal_m1_center_not_selected
primary,S001690,C043_QPP_N030_P080_A1_Q010,STATIONARY_QPP_PRESENT,9,0,3,VALID,-7.5011081658791525,-2.6063795520745714,false,40.0,formal_m1_center_not_selected
primary,S001691,C043_QPP_N030_P080_A1_Q010,STATIONARY_QPP_PRESENT,10,0,3,VALID,-7.627009584959161,-2.5679236690810114,false,257.9041061190361,formal_m1_center_not_selected
primary,S001692,C043_QPP_N030_P080_A1_Q010,STATIONARY_QPP_PRESENT,11,0,3,VALID,-7.665723012987904,-2.594796359347356,false,250.1581960604986,formal_m1_center_not_selected
primary,S001693,C043_QPP_N030_P080_A1_Q010,STATIONARY_QPP_PRESENT,12,0,3,VALID,-7.763670208889245,-2.602566509072105,false,73.7800784868737,formal_m1_center_not_selected
primary,S001694,C043_QPP_N030_P080_A1_Q010,STATIONARY_QPP_PRESENT,13,0,3,VALID,-7.76526958943451,-2.6730475271110237,false,299.99999999999994,formal_m1_center_not_selected
primary,S001695,C043_QPP_N030_P080_A1_Q010,STATIONARY_QPP_PRESENT,14,0,3,VALID,-7.504515536766469,-2.546680363771287,false,45.66018894582752,formal_m1_center_not_selected
primary,S001696,C043_QPP_N030_P080_A1_Q010,STATIONARY_QPP_PRESENT,15,0,3,VALID,-7.666633824628498,-2.5544934421744614,false,40.0,formal_m1_center_not_selected
primary,S001697,C043_QPP_N030_P080_A1_Q010,STATIONARY_QPP_PRESENT,16,0,3,VALID,-7.501546088068409,-2.444744098780859,false,252.24959730115071,formal_m1_center_not_selected
primary,S001698,C043_QPP_N030_P080_A1_Q010,STATIONARY_QPP_PRESENT,17,0,3,VALID,-7.419934093913334,-2.3980547784446458,false,90.24140026736366,formal_m1_center_not_selected
primary,S001699,C043_QPP_N030_P080_A1_Q010,STATIONARY_QPP_PRESENT,18,0,3,VALID,-7.771520828461483,-2.631600171253396,false,299.99999999999994,formal_m1_center_not_selected
primary,S001700,C043_QPP_N030_P080_A1_Q010,STATIONARY_QPP_PRESENT,19,0,3,VALID,-7.6532114793847725,-2.4877388546814814,false,299.99448477617113,formal_m1_center_not_selected
primary,S001701,C043_QPP_N030_P080_A1_Q010,STATIONARY_QPP_PRESENT,20,0,3,VALID,-7.683867146029677,-2.6310901900339942,false,299.99999999999994,formal_m1_center_not_selected
primary,S001702,C043_QPP_N030_P080_A1_Q010,STATIONARY_QPP_PRESENT,21,0,3,VALID,-7.656435839192973,-2.590525874781207,false,67.26994503499897,formal_m1_center_not_selected
primary,S001703,C043_QPP_N030_P080_A1_Q010,STATIONARY_QPP_PRESENT,22,0,3,VALID,-7.737685092984954,-2.597701792236734,false,53.50764763624088,formal_m1_center_not_selected
primary,S001704,C043_QPP_N030_P080_A1_Q010,STATIONARY_QPP_PRESENT,23,0,3,VALID,-7.642401461717917,-2.625399675188433,false,72.16564370786575,formal_m1_center_not_selected
primary,S001705,C043_QPP_N030_P080_A1_Q010,STATIONARY_QPP_PRESENT,24,0,3,VALID,-7.522890566670853,-2.531152812904814,false,40.0,formal_m1_center_not_selected
primary,S001706,C043_QPP_N030_P080_A1_Q010,STATIONARY_QPP_PRESENT,25,0,3,VALID,-7.611718238923409,-2.5830583348709695,false,272.45258651972017,formal_m1_center_not_selected
primary,S001707,C043_QPP_N030_P080_A1_Q010,STATIONARY_QPP_PRESENT,26,0,3,VALID,-7.564709188803327,-2.4665677475206707,false,51.104111811195835,formal_m1_center_not_selected
primary,S001708,C043_QPP_N030_P080_A1_Q010,STATIONARY_QPP_PRESENT,27,0,3,VALID,-7.462873208946284,-2.544263324181692,false,40.0,formal_m1_center_not_selected
primary,S001709,C043_QPP_N030_P080_A1_Q010,STATIONARY_QPP_PRESENT,28,0,3,VALID,-7.594008164527217,-2.6672631906667164,false,299.99999999999994,formal_m1_center_not_selected
primary,S001710,C043_QPP_N030_P080_A1_Q010,STATIONARY_QPP_PRESENT,29,0,3,VALID,-7.629017711588318,-2.6147669171767305,false,290.77179925291284,formal_m1_center_not_selected
primary,S001711,C043_QPP_N030_P080_A1_Q010,STATIONARY_QPP_PRESENT,30,0,3,VALID,-7.6662728697411,-2.617579163981503,false,48.73356434709281,formal_m1_center_not_selected
primary,S001712,C043_QPP_N030_P080_A1_Q010,STATIONARY_QPP_PRESENT,31,0,3,VALID,-7.557120551973632,-2.6391503238465646,false,42.94381140426857,formal_m1_center_not_selected
primary,S001713,C043_QPP_N030_P080_A1_Q010,STATIONARY_QPP_PRESENT,32,0,3,VALID,-7.640078129738349,-2.686013032312843,false,44.46020564860485,formal_m1_center_not_selected
primary,S001714,C043_QPP_N030_P080_A1_Q010,STATIONARY_QPP_PRESENT,33,0,3,VALID,-7.663852532921673,-2.5883861858420687,false,295.7101961886027,formal_m1_center_not_selected
primary,S001715,C043_QPP_N030_P080_A1_Q010,STATIONARY_QPP_PRESENT,34,0,3,VALID,-7.429812595352907,-2.7078904431748896,false,60.93619625137385,formal_m1_center_not_selected
primary,S001716,C043_QPP_N030_P080_A1_Q010,STATIONARY_QPP_PRESENT,35,0,3,VALID,-7.6029108663789415,-2.6343357891463057,false,40.0,formal_m1_center_not_selected
primary,S001717,C043_QPP_N030_P080_A1_Q010,STATIONARY_QPP_PRESENT,36,0,3,VALID,-7.640049183092593,-2.5025141872025785,false,296.80933869037506,formal_m1_center_not_selected
primary,S001718,C043_QPP_N030_P080_A1_Q010,STATIONARY_QPP_PRESENT,37,0,3,VALID,-7.701491423521489,-2.555096867353292,false,277.5764456535805,formal_m1_center_not_selected
primary,S001719,C043_QPP_N030_P080_A1_Q010,STATIONARY_QPP_PRESENT,38,0,3,VALID,-7.724492635350394,-2.5994063163587953,false,270.38439731942594,formal_m1_center_not_selected
primary,S001720,C043_QPP_N030_P080_A1_Q010,STATIONARY_QPP_PRESENT,39,0,3,VALID,-7.709849877089383,-2.6904694521470773,false,48.61705038891861,formal_m1_center_not_selected
primary,S001721,C044_QPP_N030_P080_A1_Q020,STATIONARY_QPP_PRESENT,0,0,3,VALID,-6.957532371013883,-2.1151936975254486,false,44.075027892414255,formal_m1_center_not_selected
primary,S001722,C044_QPP_N030_P080_A1_Q020,STATIONARY_QPP_PRESENT,1,0,3,VALID,-7.585157313772804,-2.363258696024218,false,74.51955874099217,formal_m1_center_not_selected
primary,S001723,C044_QPP_N030_P080_A1_Q020,STATIONARY_QPP_PRESENT,2,0,3,VALID,-7.263107915885868,-2.0917559159583234,false,79.36435643849806,formal_m1_center_not_selected
primary,S001724,C044_QPP_N030_P080_A1_Q020,STATIONARY_QPP_PRESENT,3,0,3,VALID,-7.6088576644598405,-2.6271887980138047,false,49.06927669359959,formal_m1_center_not_selected
primary,S001725,C044_QPP_N030_P080_A1_Q020,STATIONARY_QPP_PRESENT,4,0,3,VALID,-7.517096224009229,-2.575995130140953,false,55.159586932435765,formal_m1_center_not_selected
primary,S001726,C044_QPP_N030_P080_A1_Q020,STATIONARY_QPP_PRESENT,5,0,3,VALID,-7.379107891441336,-2.6263238811003617,false,45.2003924042199,formal_m1_center_not_selected
primary,S001727,C044_QPP_N030_P080_A1_Q020,STATIONARY_QPP_PRESENT,6,0,3,VALID,-7.60589905415808,-2.592740019564957,false,74.9693726534186,formal_m1_center_not_selected
primary,S001728,C044_QPP_N030_P080_A1_Q020,STATIONARY_QPP_PRESENT,7,0,3,VALID,-7.503890840461061,-2.4878648048068897,false,90.20094313004219,formal_m1_center_not_selected
primary,S001729,C044_QPP_N030_P080_A1_Q020,STATIONARY_QPP_PRESENT,8,0,3,VALID,-7.406502280991184,-2.2352527479714155,false,74.80377749534141,formal_m1_center_not_selected
primary,S001730,C044_QPP_N030_P080_A1_Q020,STATIONARY_QPP_PRESENT,9,0,3,VALID,-7.4152180905410106,-2.574007328180201,false,40.0,formal_m1_center_not_selected
primary,S001731,C044_QPP_N030_P080_A1_Q020,STATIONARY_QPP_PRESENT,10,0,3,VALID,-7.649260193462936,-2.579544039946107,false,257.95357803908433,formal_m1_center_not_selected
primary,S001732,C044_QPP_N030_P080_A1_Q020,STATIONARY_QPP_PRESENT,11,0,3,VALID,-7.635665132871878,-2.6379500987648754,false,299.99999999999994,formal_m1_center_not_selected
primary,S001733,C044_QPP_N030_P080_A1_Q020,STATIONARY_QPP_PRESENT,12,0,3,VALID,-7.4679292096027154,-2.4289470262525867,false,76.42352547197936,formal_m1_center_not_selected
primary,S001734,C044_QPP_N030_P080_A1_Q020,STATIONARY_QPP_PRESENT,13,0,3,VALID,-7.728055958543123,-2.613997622987391,false,67.01562859543318,formal_m1_center_not_selected
primary,S001735,C044_QPP_N030_P080_A1_Q020,STATIONARY_QPP_PRESENT,14,0,3,VALID,-7.5166092709167245,-2.6042275114777595,false,299.99999999999994,formal_m1_center_not_selected
primary,S001736,C044_QPP_N030_P080_A1_Q020,STATIONARY_QPP_PRESENT,15,0,3,VALID,-7.456490793402061,-2.289635056697172,false,79.01930765152709,formal_m1_center_not_selected
primary,S001737,C044_QPP_N030_P080_A1_Q020,STATIONARY_QPP_PRESENT,16,0,3,VALID,-7.455631204495127,-2.4189512055323377,false,251.76858875376712,formal_m1_center_not_selected
primary,S001738,C044_QPP_N030_P080_A1_Q020,STATIONARY_QPP_PRESENT,17,0,3,VALID,-7.003088876179596,-1.9427766951384484,false,90.04396773187305,formal_m1_center_not_selected
primary,S001739,C044_QPP_N030_P080_A1_Q020,STATIONARY_QPP_PRESENT,18,0,3,VALID,-7.791830004201167,-2.6669788697587364,false,50.20876357687657,formal_m1_center_not_selected
primary,S001740,C044_QPP_N030_P080_A1_Q020,STATIONARY_QPP_PRESENT,19,0,3,VALID,-7.379877180743847,-2.160583617341125,false,75.99234919837477,formal_m1_center_not_selected
primary,S001741,C044_QPP_N030_P080_A1_Q020,STATIONARY_QPP_PRESENT,20,0,3,VALID,-7.428540695642134,-2.329480659229631,false,87.16222698915006,formal_m1_center_not_selected
primary,S001742,C044_QPP_N030_P080_A1_Q020,STATIONARY_QPP_PRESENT,21,0,3,VALID,-7.650823674425631,-2.6334907140375066,false,299.99999999999994,formal_m1_center_not_selected
primary,S001743,C044_QPP_N030_P080_A1_Q020,STATIONARY_QPP_PRESENT,22,0,3,VALID,-7.684782053729613,-2.5832286617123685,false,103.16949872347148,formal_m1_center_not_selected
primary,S001744,C044_QPP_N030_P080_A1_Q020,STATIONARY_QPP_PRESENT,23,0,3,VALID,-7.220723805916421,-2.139075304915387,false,72.18823908438004,formal_m1_center_not_selected
primary,S001745,C044_QPP_N030_P080_A1_Q020,STATIONARY_QPP_PRESENT,24,0,3,VALID,-7.587078076301751,-2.553609593292883,false,68.02620947617422,formal_m1_center_not_selected
primary,S001746,C044_QPP_N030_P080_A1_Q020,STATIONARY_QPP_PRESENT,25,0,3,VALID,-7.623596223596259,-2.6461178462448203,false,285.6918377448345,formal_m1_center_not_selected
primary,S001747,C044_QPP_N030_P080_A1_Q020,STATIONARY_QPP_PRESENT,26,0,3,VALID,-7.525848137140564,-2.472576955917205,false,51.14476464022308,formal_m1_center_not_selected
primary,S001748,C044_QPP_N030_P080_A1_Q020,STATIONARY_QPP_PRESENT,27,0,3,VALID,-7.555202552159287,-2.6526217529995577,false,40.0,formal_m1_center_not_selected
primary,S001749,C044_QPP_N030_P080_A1_Q020,STATIONARY_QPP_PRESENT,28,0,3,VALID,-7.61287472470017,-2.5966236096840802,false,299.99999999999994,formal_m1_center_not_selected
primary,S001750,C044_QPP_N030_P080_A1_Q020,STATIONARY_QPP_PRESENT,29,0,3,VALID,-7.619297447943346,-2.6592858954409593,false,288.72901498404684,formal_m1_center_not_selected
primary,S001751,C044_QPP_N030_P080_A1_Q020,STATIONARY_QPP_PRESENT,30,0,3,VALID,-7.328531947836019,-2.266929206096634,false,92.00303761150816,formal_m1_center_not_selected
primary,S001752,C044_QPP_N030_P080_A1_Q020,STATIONARY_QPP_PRESENT,31,0,3,VALID,-7.449895508275958,-2.5532116389503585,false,43.07283861961098,formal_m1_center_not_selected
primary,S001753,C044_QPP_N030_P080_A1_Q020,STATIONARY_QPP_PRESENT,32,0,3,VALID,-7.5544504946313396,-2.5821692145293227,false,44.41565428254501,formal_m1_center_not_selected
primary,S001754,C044_QPP_N030_P080_A1_Q020,STATIONARY_QPP_PRESENT,33,0,3,VALID,-7.646340195886189,-2.6032889364235814,false,278.7131317204759,formal_m1_center_not_selected
primary,S001755,C044_QPP_N030_P080_A1_Q020,STATIONARY_QPP_PRESENT,34,0,3,VALID,-7.2778344633000955,-2.5697735161046396,false,65.03933129748,formal_m1_center_not_selected
primary,S001756,C044_QPP_N030_P080_A1_Q020,STATIONARY_QPP_PRESENT,35,0,3,VALID,-7.413476887878801,-2.4631414593555547,false,92.74708377695777,formal_m1_center_not_selected
primary,S001757,C044_QPP_N030_P080_A1_Q020,STATIONARY_QPP_PRESENT,36,0,3,VALID,-7.619777360595343,-2.4672463451688245,false,72.18900163009725,formal_m1_center_not_selected
primary,S001758,C044_QPP_N030_P080_A1_Q020,STATIONARY_QPP_PRESENT,37,0,3,VALID,-7.612474979907368,-2.3706548122985396,false,74.96396563935934,formal_m1_center_not_selected
primary,S001759,C044_QPP_N030_P080_A1_Q020,STATIONARY_QPP_PRESENT,38,0,3,VALID,-7.563151847297888,-2.556606598024601,false,81.04529138930653,formal_m1_center_not_selected
primary,S001760,C044_QPP_N030_P080_A1_Q020,STATIONARY_QPP_PRESENT,39,0,3,VALID,-7.494473807276584,-3.000991619526296,false,93.19434824106942,formal_m1_center_not_selected
primary,S001761,C045_QPP_N030_P080_A1_Q040,STATIONARY_QPP_PRESENT,0,0,3,VALID,-6.679258913780778,-2.690537474104488,false,44.03289459871018,formal_m1_center_not_selected
primary,S001762,C045_QPP_N030_P080_A1_Q040,STATIONARY_QPP_PRESENT,1,0,3,VALID,-6.804562661921047,-1.6030967203069508,false,77.56805386344041,formal_m1_center_not_selected
primary,S001763,C045_QPP_N030_P080_A1_Q040,STATIONARY_QPP_PRESENT,2,0,3,VALID,-6.176887223444261,-1.0224760183951886,false,79.76283976593129,formal_m1_center_not_selected
primary,S001764,C045_QPP_N030_P080_A1_Q040,STATIONARY_QPP_PRESENT,3,0,3,VALID,-7.509665874854626,-2.5037261920408866,false,91.74174505726798,formal_m1_center_not_selected
primary,S001765,C045_QPP_N030_P080_A1_Q040,STATIONARY_QPP_PRESENT,4,0,3,VALID,-7.517851901536666,-2.5978088663780454,false,55.22428632158538,formal_m1_center_not_selected
primary,S001766,C045_QPP_N030_P080_A1_Q040,STATIONARY_QPP_PRESENT,5,0,3,VALID,-7.3572658839955665,-2.593219662382694,false,45.20992092781066,formal_m1_center_not_selected
primary,S001767,C045_QPP_N030_P080_A1_Q040,STATIONARY_QPP_PRESENT,6,0,3,VALID,-6.946521123206132,-1.8076554110335792,false,73.69683880332582,formal_m1_center_not_selected
primary,S001768,C045_QPP_N030_P080_A1_Q040,STATIONARY_QPP_PRESENT,7,0,3,VALID,-6.688368740587926,-1.6018757933384222,false,89.25476796769867,formal_m1_center_not_selected
primary,S001769,C045_QPP_N030_P080_A1_Q040,STATIONARY_QPP_PRESENT,8,0,3,VALID,-6.486663437823907,-1.7437708500656868,false,76.4766237682498,formal_m1_center_not_selected
primary,S001770,C045_QPP_N030_P080_A1_Q040,STATIONARY_QPP_PRESENT,9,0,3,VALID,-7.078256654154281,-3.2997328135486583,false,116.38274300467563,formal_m1_center_not_selected
primary,S001771,C045_QPP_N030_P080_A1_Q040,STATIONARY_QPP_PRESENT,10,0,3,VALID,-7.346633209199268,-2.2322451500867544,false,95.72692857388827,formal_m1_center_not_selected
primary,S001772,C045_QPP_N030_P080_A1_Q040,STATIONARY_QPP_PRESENT,11,0,3,VALID,-7.591449970703017,-2.696317154555615,false,299.99999999999994,formal_m1_center_not_selected
primary,S001773,C045_QPP_N030_P080_A1_Q040,STATIONARY_QPP_PRESENT,12,0,3,VALID,-6.42653147358309,-1.363070078153271,false,77.53344468163897,formal_m1_center_not_selected
primary,S001774,C045_QPP_N030_P080_A1_Q040,STATIONARY_QPP_PRESENT,13,0,3,VALID,-7.142932981205988,-2.0919794159663425,false,69.13521918210648,formal_m1_center_not_selected
primary,S001775,C045_QPP_N030_P080_A1_Q040,STATIONARY_QPP_PRESENT,14,0,3,VALID,-7.253598919598801,-2.3710142419868276,false,68.93900414208532,formal_m1_center_not_selected
primary,S001776,C045_QPP_N030_P080_A1_Q040,STATIONARY_QPP_PRESENT,15,0,3,VALID,-6.484458120718479,-1.845935383114913,false,78.22564257124726,formal_m1_center_not_selected
primary,S001777,C045_QPP_N030_P080_A1_Q040,STATIONARY_QPP_PRESENT,16,0,3,VALID,-7.306577583960269,-2.2802261184315142,false,72.84408473270052,formal_m1_center_not_selected
primary,S001778,C045_QPP_N030_P080_A1_Q040,STATIONARY_QPP_PRESENT,17,0,3,VALID,-5.825225072808344,-2.139268851914167,false,88.16028939045216,formal_m1_center_not_selected
primary,S001779,C045_QPP_N030_P080_A1_Q040,STATIONARY_QPP_PRESENT,18,0,3,VALID,-7.371359844254293,-2.2527042563031188,false,92.49176408866579,formal_m1_center_not_selected
primary,S001780,C045_QPP_N030_P080_A1_Q040,STATIONARY_QPP_PRESENT,19,0,3,VALID,-6.352369924858621,-1.1945612389570073,false,76.72483039955706,formal_m1_center_not_selected
primary,S001781,C045_QPP_N030_P080_A1_Q040,STATIONARY_QPP_PRESENT,20,0,3,VALID,-6.564184716965478,-1.479161950409889,false,87.44018746865973,formal_m1_center_not_selected
primary,S001782,C045_QPP_N030_P080_A1_Q040,STATIONARY_QPP_PRESENT,21,0,3,VALID,-7.64254155523151,-2.657853706730222,false,299.99999999999994,formal_m1_center_not_selected
primary,S001783,C045_QPP_N030_P080_A1_Q040,STATIONARY_QPP_PRESENT,22,0,3,VALID,-7.4077130192274225,-2.3401456864247763,false,95.44715107519718,formal_m1_center_not_selected
primary,S001784,C045_QPP_N030_P080_A1_Q040,STATIONARY_QPP_PRESENT,23,0,3,VALID,-6.040163151440758,-0.9364286104841284,false,72.30091559183784,formal_m1_center_not_selected
primary,S001785,C045_QPP_N030_P080_A1_Q040,STATIONARY_QPP_PRESENT,24,0,3,VALID,-6.774619822083437,-1.71320517771359,false,70.05518099393731,formal_m1_center_not_selected
primary,S001786,C045_QPP_N030_P080_A1_Q040,STATIONARY_QPP_PRESENT,25,0,3,VALID,-7.593111329293173,-2.6510436101448533,false,91.7199368684938,formal_m1_center_not_selected
primary,S001787,C045_QPP_N030_P080_A1_Q040,STATIONARY_QPP_PRESENT,26,0,3,VALID,-7.516011642161338,-2.4841781071474998,false,51.17200576984337,formal_m1_center_not_selected
primary,S001788,C045_QPP_N030_P080_A1_Q040,STATIONARY_QPP_PRESENT,27,0,3,VALID,-7.471137832234746,-2.5396249936952415,false,65.51152765210003,formal_m1_center_not_selected
primary,S001789,C045_QPP_N030_P080_A1_Q040,STATIONARY_QPP_PRESENT,28,0,3,VALID,-7.006527364614328,-1.9185007836070724,false,76.52152408147205,formal_m1_center_not_selected
primary,S001790,C045_QPP_N030_P080_A1_Q040,STATIONARY_QPP_PRESENT,29,0,3,VALID,-7.471443977036351,-2.5502150463559303,false,58.83350194679142,formal_m1_center_not_selected
primary,S001791,C045_QPP_N030_P080_A1_Q040,STATIONARY_QPP_PRESENT,30,0,3,VALID,-6.40194788744661,-2.5117691677112646,false,91.77626659393245,formal_m1_center_not_selected
primary,S001792,C045_QPP_N030_P080_A1_Q040,STATIONARY_QPP_PRESENT,31,0,3,VALID,-6.883129498076329,-2.015587665188093,false,103.63948193205218,formal_m1_center_not_selected
primary,S001793,C045_QPP_N030_P080_A1_Q040,STATIONARY_QPP_PRESENT,32,0,3,VALID,-6.965274222252383,-2.0011107847915426,false,91.12517122010287,formal_m1_center_not_selected
primary,S001794,C045_QPP_N030_P080_A1_Q040,STATIONARY_QPP_PRESENT,33,0,3,VALID,-7.469398907447179,-2.474074151463988,false,64.52956230127705,formal_m1_center_not_selected
primary,S001795,C045_QPP_N030_P080_A1_Q040,STATIONARY_QPP_PRESENT,34,0,3,VALID,-6.793796605332076,-2.1157421450193468,false,68.26787933061946,formal_m1_center_not_selected
primary,S001796,C045_QPP_N030_P080_A1_Q040,STATIONARY_QPP_PRESENT,35,0,3,VALID,-6.5960736774807245,-1.5913872037680576,false,92.03452966147614,formal_m1_center_not_selected
primary,S001797,C045_QPP_N030_P080_A1_Q040,STATIONARY_QPP_PRESENT,36,0,3,VALID,-6.7540302230907585,-1.7523385051791465,false,72.07981181089285,formal_m1_center_not_selected
primary,S001798,C045_QPP_N030_P080_A1_Q040,STATIONARY_QPP_PRESENT,37,0,3,VALID,-6.704113004253323,-1.560289321602248,false,77.20146424015047,formal_m1_center_not_selected
primary,S001799,C045_QPP_N030_P080_A1_Q040,STATIONARY_QPP_PRESENT,38,0,3,VALID,-6.588652364560652,-2.114274717055004,false,81.16292400221377,formal_m1_center_not_selected
primary,S001800,C045_QPP_N030_P080_A1_Q040,STATIONARY_QPP_PRESENT,39,0,3,VALID,-6.700062382486408,-1.612719825129929,false,92.40482590967399,formal_m1_center_not_selected
primary,S001801,C046_QPP_N030_P080_A2_Q010,STATIONARY_QPP_PRESENT,0,0,3,VALID,-7.600361609505356,-2.5816547139138706,false,48.74648760961112,formal_m1_center_not_selected
primary,S001802,C046_QPP_N030_P080_A2_Q010,STATIONARY_QPP_PRESENT,1,0,3,VALID,-7.577864711629012,-2.5642507208364265,false,275.8356271910618,formal_m1_center_not_selected
primary,S001803,C046_QPP_N030_P080_A2_Q010,STATIONARY_QPP_PRESENT,2,0,3,VALID,-7.615891773612553,-2.612922678001695,false,263.393810189273,formal_m1_center_not_selected
primary,S001804,C046_QPP_N030_P080_A2_Q010,STATIONARY_QPP_PRESENT,3,0,3,VALID,-7.6502616013486815,-2.551210102841125,false,299.07435403376,formal_m1_center_not_selected
primary,S001805,C046_QPP_N030_P080_A2_Q010,STATIONARY_QPP_PRESENT,4,0,3,VALID,-7.655562051861175,-2.5448883884159557,false,266.98360361427456,formal_m1_center_not_selected
primary,S001806,C046_QPP_N030_P080_A2_Q010,STATIONARY_QPP_PRESENT,5,0,3,VALID,-7.62939832410607,-2.6632060280706327,false,299.99999999999994,formal_m1_center_not_selected
primary,S001807,C046_QPP_N030_P080_A2_Q010,STATIONARY_QPP_PRESENT,6,0,3,VALID,-7.769728526950182,-2.597045986339211,false,271.74248244906903,formal_m1_center_not_selected
primary,S001808,C046_QPP_N030_P080_A2_Q010,STATIONARY_QPP_PRESENT,7,0,3,VALID,-7.602848857344227,-2.4638909972128147,false,299.9999984572868,formal_m1_center_not_selected
primary,S001809,C046_QPP_N030_P080_A2_Q010,STATIONARY_QPP_PRESENT,8,0,3,VALID,-7.663267900217711,-2.7432832568663486,false,299.99999999999994,formal_m1_center_not_selected
primary,S001810,C046_QPP_N030_P080_A2_Q010,STATIONARY_QPP_PRESENT,9,0,3,VALID,-7.696860193636105,-2.5807744788511613,false,258.60380402590425,formal_m1_center_not_selected
primary,S001811,C046_QPP_N030_P080_A2_Q010,STATIONARY_QPP_PRESENT,10,0,3,VALID,-7.660908978502356,-2.7286675286736966,false,40.0,formal_m1_center_not_selected
primary,S001812,C046_QPP_N030_P080_A2_Q010,STATIONARY_QPP_PRESENT,11,0,3,VALID,-7.712298931149441,-2.575046561717812,false,299.99999557446057,formal_m1_center_not_selected
primary,S001813,C046_QPP_N030_P080_A2_Q010,STATIONARY_QPP_PRESENT,12,0,3,VALID,-7.7198537788861685,-2.6722863710116798,false,268.988444753485,formal_m1_center_not_selected
primary,S001814,C046_QPP_N030_P080_A2_Q010,STATIONARY_QPP_PRESENT,13,0,3,VALID,-7.638285697030518,-2.6200620087406463,false,262.5733703284916,formal_m1_center_not_selected
primary,S001815,C046_QPP_N030_P080_A2_Q010,STATIONARY_QPP_PRESENT,14,0,3,VALID,-7.679940601703066,-2.5499189707547245,false,286.0582659523625,formal_m1_center_not_selected
primary,S001816,C046_QPP_N030_P080_A2_Q010,STATIONARY_QPP_PRESENT,15,0,3,VALID,-7.683629189175299,-2.5800687036892214,false,299.9985822133437,formal_m1_center_not_selected
primary,S001817,C046_QPP_N030_P080_A2_Q010,STATIONARY_QPP_PRESENT,16,0,3,VALID,-7.674535730532504,-2.4940994866084907,false,80.00925423914975,formal_m1_center_not_selected
primary,S001818,C046_QPP_N030_P080_A2_Q010,STATIONARY_QPP_PRESENT,17,0,3,VALID,-7.652060115259943,-2.607093981113003,false,299.9997893335841,formal_m1_center_not_selected
primary,S001819,C046_QPP_N030_P080_A2_Q010,STATIONARY_QPP_PRESENT,18,0,3,VALID,-7.714131639209377,-2.59020425164276,false,299.99999999999994,formal_m1_center_not_selected
primary,S001820,C046_QPP_N030_P080_A2_Q010,STATIONARY_QPP_PRESENT,19,0,3,VALID,-7.759489719420053,-2.69530411021411,false,92.53663459692741,formal_m1_center_not_selected
primary,S001821,C046_QPP_N030_P080_A2_Q010,STATIONARY_QPP_PRESENT,20,0,3,VALID,-7.653730016262948,-2.540585948903818,false,299.9999940255556,formal_m1_center_not_selected
primary,S001822,C046_QPP_N030_P080_A2_Q010,STATIONARY_QPP_PRESENT,21,0,3,VALID,-7.656544175497537,-2.6766365221821076,false,299.99999999999994,formal_m1_center_not_selected
primary,S001823,C046_QPP_N030_P080_A2_Q010,STATIONARY_QPP_PRESENT,22,0,3,VALID,-7.561609453173041,-2.4808080486429276,false,276.0404407300387,formal_m1_center_not_selected
primary,S001824,C046_QPP_N030_P080_A2_Q010,STATIONARY_QPP_PRESENT,23,0,3,VALID,-7.690176617874265,-2.7946432992271752,false,299.99999999999994,formal_m1_center_not_selected
primary,S001825,C046_QPP_N030_P080_A2_Q010,STATIONARY_QPP_PRESENT,24,0,3,VALID,-7.670526578056744,-2.698435455753369,false,299.99999999999994,formal_m1_center_not_selected
primary,S001826,C046_QPP_N030_P080_A2_Q010,STATIONARY_QPP_PRESENT,25,0,3,VALID,-7.746539782583142,-2.6986894703918196,false,296.83425367783826,formal_m1_center_not_selected
primary,S001827,C046_QPP_N030_P080_A2_Q010,STATIONARY_QPP_PRESENT,26,0,3,VALID,-7.708400493199768,-2.637444699552347,false,269.25850186473343,formal_m1_center_not_selected
primary,S001828,C046_QPP_N030_P080_A2_Q010,STATIONARY_QPP_PRESENT,27,0,3,VALID,-7.703446416901308,-2.555475340088165,false,299.9906016307045,formal_m1_center_not_selected
primary,S001829,C046_QPP_N030_P080_A2_Q010,STATIONARY_QPP_PRESENT,28,0,3,VALID,-7.713915261149452,-2.596845638931647,false,89.43040842123737,formal_m1_center_not_selected
primary,S001830,C046_QPP_N030_P080_A2_Q010,STATIONARY_QPP_PRESENT,29,0,3,VALID,-7.656466124712402,-2.5238260727483777,false,299.9987522286499,formal_m1_center_not_selected
primary,S001831,C046_QPP_N030_P080_A2_Q010,STATIONARY_QPP_PRESENT,30,0,3,VALID,-7.67499589983516,-2.572447266327167,false,266.2284967670159,formal_m1_center_not_selected
primary,S001832,C046_QPP_N030_P080_A2_Q010,STATIONARY_QPP_PRESENT,31,0,3,VALID,-7.688849432553646,-2.6018029499934983,false,262.9232606753098,formal_m1_center_not_selected
primary,S001833,C046_QPP_N030_P080_A2_Q010,STATIONARY_QPP_PRESENT,32,0,3,VALID,-7.631280177404925,-2.613806240128227,false,249.04602218355913,formal_m1_center_not_selected
primary,S001834,C046_QPP_N030_P080_A2_Q010,STATIONARY_QPP_PRESENT,33,0,3,VALID,-7.773045332989064,-2.688731593204494,false,299.99999363782524,formal_m1_center_not_selected
primary,S001835,C046_QPP_N030_P080_A2_Q010,STATIONARY_QPP_PRESENT,34,0,3,VALID,-7.729748309156584,-2.6956910752227685,false,299.99999999999994,formal_m1_center_not_selected
primary,S001836,C046_QPP_N030_P080_A2_Q010,STATIONARY_QPP_PRESENT,35,0,3,VALID,-7.71700693117495,-2.7565756725611408,false,299.99999999999994,formal_m1_center_not_selected
primary,S001837,C046_QPP_N030_P080_A2_Q010,STATIONARY_QPP_PRESENT,36,0,3,VALID,-7.752086407020627,-2.6329302211640666,false,299.99999999999994,formal_m1_center_not_selected
primary,S001838,C046_QPP_N030_P080_A2_Q010,STATIONARY_QPP_PRESENT,37,0,3,VALID,-7.763840500324683,-2.7009814144466873,false,299.99999999999994,formal_m1_center_not_selected
primary,S001839,C046_QPP_N030_P080_A2_Q010,STATIONARY_QPP_PRESENT,38,0,3,VALID,-7.589582737433311,-2.5478525749157797,false,276.5693966664663,formal_m1_center_not_selected
primary,S001840,C046_QPP_N030_P080_A2_Q010,STATIONARY_QPP_PRESENT,39,0,3,VALID,-7.669572328028146,-2.6050471887525504,false,299.99999999999994,formal_m1_center_not_selected
primary,S001841,C047_QPP_N030_P080_A2_Q020,STATIONARY_QPP_PRESENT,0,0,3,VALID,-7.586114811666725,-2.5028662944903246,false,81.933176235974,formal_m1_center_not_selected
primary,S001842,C047_QPP_N030_P080_A2_Q020,STATIONARY_QPP_PRESENT,1,0,3,VALID,-7.607848859977089,-2.6101492728816282,false,299.98953849167737,formal_m1_center_not_selected
primary,S001843,C047_QPP_N030_P080_A2_Q020,STATIONARY_QPP_PRESENT,2,0,3,VALID,-7.624041442199903,-2.656394995696445,false,250.25707991196168,formal_m1_center_not_selected
primary,S001844,C047_QPP_N030_P080_A2_Q020,STATIONARY_QPP_PRESENT,3,0,3,VALID,-7.537209733917273,-2.4558682399445644,false,92.83266187729735,formal_m1_center_not_selected
primary,S001845,C047_QPP_N030_P080_A2_Q020,STATIONARY_QPP_PRESENT,4,0,3,VALID,-7.642918868609854,-2.5005724943065246,false,275.96008731964605,formal_m1_center_not_selected
primary,S001846,C047_QPP_N030_P080_A2_Q020,STATIONARY_QPP_PRESENT,5,0,3,VALID,-7.607406177992566,-2.662129417578008,false,299.99999999999994,formal_m1_center_not_selected
primary,S001847,C047_QPP_N030_P080_A2_Q020,STATIONARY_QPP_PRESENT,6,0,3,VALID,-7.687822077393854,-2.547842685896306,false,78.14184534982581,formal_m1_center_not_selected
primary,S001848,C047_QPP_N030_P080_A2_Q020,STATIONARY_QPP_PRESENT,7,0,3,VALID,-7.501802821351809,-2.304009358103201,false,78.71361676921272,formal_m1_center_not_selected
primary,S001849,C047_QPP_N030_P080_A2_Q020,STATIONARY_QPP_PRESENT,8,0,3,VALID,-7.658400462713239,-2.7859254950324015,false,299.99999999999994,formal_m1_center_not_selected
primary,S001850,C047_QPP_N030_P080_A2_Q020,STATIONARY_QPP_PRESENT,9,0,3,VALID,-7.42917661969134,-2.284938844896658,false,90.67293171559139,formal_m1_center_not_selected
primary,S001851,C047_QPP_N030_P080_A2_Q020,STATIONARY_QPP_PRESENT,10,0,3,VALID,-7.571446247630554,-2.6399073282147043,false,40.0,formal_m1_center_not_selected
primary,S001852,C047_QPP_N030_P080_A2_Q020,STATIONARY_QPP_PRESENT,11,0,3,VALID,-7.530808289224716,-2.321358263715723,false,80.86236879264808,formal_m1_center_not_selected
primary,S001853,C047_QPP_N030_P080_A2_Q020,STATIONARY_QPP_PRESENT,12,0,3,VALID,-7.623187048856103,-2.5989010251386375,false,94.03720379639928,formal_m1_center_not_selected
primary,S001854,C047_QPP_N030_P080_A2_Q020,STATIONARY_QPP_PRESENT,13,0,3,VALID,-7.670186976500979,-2.6430708399793446,false,251.55752768871125,formal_m1_center_not_selected
primary,S001855,C047_QPP_N030_P080_A2_Q020,STATIONARY_QPP_PRESENT,14,0,3,VALID,-7.6773732865373745,-2.492820233075804,false,297.07030638952506,formal_m1_center_not_selected
primary,S001856,C047_QPP_N030_P080_A2_Q020,STATIONARY_QPP_PRESENT,15,0,3,VALID,-7.550874418459564,-2.5286617497013424,false,79.72636773508361,formal_m1_center_not_selected
primary,S001857,C047_QPP_N030_P080_A2_Q020,STATIONARY_QPP_PRESENT,16,0,3,VALID,-7.307168700524272,-2.083421919891215,false,79.6688292621525,formal_m1_center_not_selected
primary,S001858,C047_QPP_N030_P080_A2_Q020,STATIONARY_QPP_PRESENT,17,0,3,VALID,-7.551878961723503,-2.5431104672168345,false,105.18024491567691,formal_m1_center_not_selected
primary,S001859,C047_QPP_N030_P080_A2_Q020,STATIONARY_QPP_PRESENT,18,0,3,VALID,-7.703387663531359,-2.550684575726244,false,299.99999999999994,formal_m1_center_not_selected
primary,S001860,C047_QPP_N030_P080_A2_Q020,STATIONARY_QPP_PRESENT,19,0,3,VALID,-7.544203239318456,-2.516064053546998,false,92.6634398321659,formal_m1_center_not_selected
primary,S001861,C047_QPP_N030_P080_A2_Q020,STATIONARY_QPP_PRESENT,20,0,3,VALID,-7.641136403541715,-2.477630796198845,false,299.9964571554723,formal_m1_center_not_selected
primary,S001862,C047_QPP_N030_P080_A2_Q020,STATIONARY_QPP_PRESENT,21,0,3,VALID,-7.570945525894075,-2.565641138743267,false,88.10874472207328,formal_m1_center_not_selected
primary,S001863,C047_QPP_N030_P080_A2_Q020,STATIONARY_QPP_PRESENT,22,0,3,VALID,-7.552995309725212,-2.4028216104853115,false,80.11294099040522,formal_m1_center_not_selected
primary,S001864,C047_QPP_N030_P080_A2_Q020,STATIONARY_QPP_PRESENT,23,0,3,VALID,-7.381439503839012,-2.357981254313543,false,92.79299327156309,formal_m1_center_not_selected
primary,S001865,C047_QPP_N030_P080_A2_Q020,STATIONARY_QPP_PRESENT,24,0,3,VALID,-7.664789781190258,-2.7263131011120265,false,267.1523400370786,formal_m1_center_not_selected
primary,S001866,C047_QPP_N030_P080_A2_Q020,STATIONARY_QPP_PRESENT,25,0,3,VALID,-7.723281722635157,-2.6530704103543954,false,295.31516717363263,formal_m1_center_not_selected
primary,S001867,C047_QPP_N030_P080_A2_Q020,STATIONARY_QPP_PRESENT,26,0,3,VALID,-7.483076090200427,-2.578279377603394,false,91.17222771752829,formal_m1_center_not_selected
primary,S001868,C047_QPP_N030_P080_A2_Q020,STATIONARY_QPP_PRESENT,27,0,3,VALID,-7.513877939151591,-2.2967137183774184,false,78.70966387484836,formal_m1_center_not_selected
primary,S001869,C047_QPP_N030_P080_A2_Q020,STATIONARY_QPP_PRESENT,28,0,3,VALID,-7.539691454830667,-2.5308544970598135,false,84.10643981457095,formal_m1_center_not_selected
primary,S001870,C047_QPP_N030_P080_A2_Q020,STATIONARY_QPP_PRESENT,29,0,3,VALID,-7.588796926949627,-2.3737411276315186,false,81.46117700395907,formal_m1_center_not_selected
primary,S001871,C047_QPP_N030_P080_A2_Q020,STATIONARY_QPP_PRESENT,30,0,3,VALID,-7.5853877062283885,-2.523431050599335,false,81.42402085143227,formal_m1_center_not_selected
primary,S001872,C047_QPP_N030_P080_A2_Q020,STATIONARY_QPP_PRESENT,31,0,3,VALID,-7.591717145403585,-2.432235428359917,false,80.07781444248621,formal_m1_center_not_selected
primary,S001873,C047_QPP_N030_P080_A2_Q020,STATIONARY_QPP_PRESENT,32,0,3,VALID,-7.610056293092754,-2.586599213164085,false,299.99999999999994,formal_m1_center_not_selected
primary,S001874,C047_QPP_N030_P080_A2_Q020,STATIONARY_QPP_PRESENT,33,0,3,VALID,-7.601624923529279,-2.467704240857856,false,93.79191709579464,formal_m1_center_not_selected
primary,S001875,C047_QPP_N030_P080_A2_Q020,STATIONARY_QPP_PRESENT,34,0,3,VALID,-7.741970455137512,-2.7545912814244247,false,258.87010530402927,formal_m1_center_not_selected
primary,S001876,C047_QPP_N030_P080_A2_Q020,STATIONARY_QPP_PRESENT,35,0,3,VALID,-7.709962520527746,-2.7883697072642946,false,299.99999999999994,formal_m1_center_not_selected
primary,S001877,C047_QPP_N030_P080_A2_Q020,STATIONARY_QPP_PRESENT,36,0,3,VALID,-7.622500254320293,-2.572207222814768,false,86.12141746906862,formal_m1_center_not_selected
primary,S001878,C047_QPP_N030_P080_A2_Q020,STATIONARY_QPP_PRESENT,37,0,3,VALID,-7.746442458432547,-2.7147078875235593,false,299.99999999999994,formal_m1_center_not_selected
primary,S001879,C047_QPP_N030_P080_A2_Q020,STATIONARY_QPP_PRESENT,38,0,3,VALID,-7.570454407675321,-2.502446282449114,false,286.08193709279715,formal_m1_center_not_selected
primary,S001880,C047_QPP_N030_P080_A2_Q020,STATIONARY_QPP_PRESENT,39,0,3,VALID,-7.672202507837795,-2.606448271222696,false,295.4748362682875,formal_m1_center_not_selected
primary,S001881,C048_QPP_N030_P080_A2_Q040,STATIONARY_QPP_PRESENT,0,0,3,VALID,-6.682505454795553,-1.4980863199897954,false,81.74612152528444,formal_m1_center_not_selected
primary,S001882,C048_QPP_N030_P080_A2_Q040,STATIONARY_QPP_PRESENT,1,0,3,VALID,-6.833019772634238,-1.777129719919472,false,92.34772236406017,formal_m1_center_not_selected
primary,S001883,C048_QPP_N030_P080_A2_Q040,STATIONARY_QPP_PRESENT,2,0,3,VALID,-7.45004168275144,-2.4744114900634457,false,107.79938582159059,formal_m1_center_not_selected
primary,S001884,C048_QPP_N030_P080_A2_Q040,STATIONARY_QPP_PRESENT,3,0,3,VALID,-6.542860484697535,-1.4710080523553017,false,92.45613338272464,formal_m1_center_not_selected
primary,S001885,C048_QPP_N030_P080_A2_Q040,STATIONARY_QPP_PRESENT,4,0,3,VALID,-6.897113689555226,-1.8039433940347394,false,70.9660665556872,formal_m1_center_not_selected
primary,S001886,C048_QPP_N030_P080_A2_Q040,STATIONARY_QPP_PRESENT,5,0,3,VALID,-7.5849440393579,-2.60552845363528,false,299.99999999999994,formal_m1_center_not_selected
primary,S001887,C048_QPP_N030_P080_A2_Q040,STATIONARY_QPP_PRESENT,6,0,3,VALID,-6.8444790654980565,-2.071280409454424,false,79.58567400916081,formal_m1_center_not_selected
primary,S001888,C048_QPP_N030_P080_A2_Q040,STATIONARY_QPP_PRESENT,7,0,3,VALID,-6.497488839410941,-1.3214659582263195,false,78.09741118464262,formal_m1_center_not_selected
primary,S001889,C048_QPP_N030_P080_A2_Q040,STATIONARY_QPP_PRESENT,8,0,3,VALID,-7.674293290634431,-2.805736855128387,false,299.99999999999994,formal_m1_center_not_selected
primary,S001890,C048_QPP_N030_P080_A2_Q040,STATIONARY_QPP_PRESENT,9,0,3,VALID,-6.358090083045653,-2.0794931300344075,false,89.05129800662255,formal_m1_center_not_selected
primary,S001891,C048_QPP_N030_P080_A2_Q040,STATIONARY_QPP_PRESENT,10,0,3,VALID,-6.783471787192234,-2.949983102417761,false,92.5331055534022,formal_m1_center_not_selected
primary,S001892,C048_QPP_N030_P080_A2_Q040,STATIONARY_QPP_PRESENT,11,0,3,VALID,-6.51875044772094,-1.8084183116711188,false,80.40445498534551,formal_m1_center_not_selected
primary,S001893,C048_QPP_N030_P080_A2_Q040,STATIONARY_QPP_PRESENT,12,0,3,VALID,-6.911428505357911,-2.783052017494299,false,93.13751136019384,formal_m1_center_not_selected
primary,S001894,C048_QPP_N030_P080_A2_Q040,STATIONARY_QPP_PRESENT,13,0,3,VALID,-6.9224582892298585,-1.8551082756715758,false,91.65573056800949,formal_m1_center_not_selected
primary,S001895,C048_QPP_N030_P080_A2_Q040,STATIONARY_QPP_PRESENT,14,0,3,VALID,-6.9050379049011426,-1.7643737381878069,false,76.14396958367578,formal_m1_center_not_selected
primary,S001896,C048_QPP_N030_P080_A2_Q040,STATIONARY_QPP_PRESENT,15,0,3,VALID,-6.56358965308398,-1.3537799947963265,false,79.35655633286183,formal_m1_center_not_selected
primary,S001897,C048_QPP_N030_P080_A2_Q040,STATIONARY_QPP_PRESENT,16,0,3,VALID,-6.222755661331355,-1.0565269153140378,false,78.97794331458975,formal_m1_center_not_selected
primary,S001898,C048_QPP_N030_P080_A2_Q040,STATIONARY_QPP_PRESENT,17,0,3,VALID,-6.829535563207379,-2.9719001730895513,false,93.07758721257487,formal_m1_center_not_selected
primary,S001899,C048_QPP_N030_P080_A2_Q040,STATIONARY_QPP_PRESENT,18,0,3,VALID,-6.952298229951722,-1.8656284365945837,false,71.17887790404993,formal_m1_center_not_selected
primary,S001900,C048_QPP_N030_P080_A2_Q040,STATIONARY_QPP_PRESENT,19,0,3,VALID,-6.855909107714616,-1.8599321970418288,false,92.55674610534413,formal_m1_center_not_selected
primary,S001901,C048_QPP_N030_P080_A2_Q040,STATIONARY_QPP_PRESENT,20,0,3,VALID,-6.848731726960416,-1.6457330210033376,false,72.20679984405781,formal_m1_center_not_selected
primary,S001902,C048_QPP_N030_P080_A2_Q040,STATIONARY_QPP_PRESENT,21,0,3,VALID,-6.801767030279443,-2.6239533843705374,false,87.95998807172906,formal_m1_center_not_selected
primary,S001903,C048_QPP_N030_P080_A2_Q040,STATIONARY_QPP_PRESENT,22,0,3,VALID,-6.538818883979161,-1.3167318474376373,false,80.20371287436522,formal_m1_center_not_selected
primary,S001904,C048_QPP_N030_P080_A2_Q040,STATIONARY_QPP_PRESENT,23,0,3,VALID,-6.43313019168874,-1.3913892159682604,false,92.42344832840686,formal_m1_center_not_selected
primary,S001905,C048_QPP_N030_P080_A2_Q040,STATIONARY_QPP_PRESENT,24,0,3,VALID,-7.6596320283643635,-2.7054372074476163,false,284.6664146639349,formal_m1_center_not_selected
primary,S001906,C048_QPP_N030_P080_A2_Q040,STATIONARY_QPP_PRESENT,25,0,3,VALID,-7.313106181255272,-2.218772101653059,false,71.65616394322302,formal_m1_center_not_selected
primary,S001907,C048_QPP_N030_P080_A2_Q040,STATIONARY_QPP_PRESENT,26,0,3,VALID,-6.588482907376424,-2.4435094553609957,false,89.19565248798408,formal_m1_center_not_selected
primary,S001908,C048_QPP_N030_P080_A2_Q040,STATIONARY_QPP_PRESENT,27,0,3,VALID,-6.580681265192091,-1.3992724717189375,false,78.31819852152834,formal_m1_center_not_selected
primary,S001909,C048_QPP_N030_P080_A2_Q040,STATIONARY_QPP_PRESENT,28,0,3,VALID,-6.6618072414098535,-1.9322787376544568,false,80.05048257663941,formal_m1_center_not_selected
primary,S001910,C048_QPP_N030_P080_A2_Q040,STATIONARY_QPP_PRESENT,29,0,3,VALID,-6.562952318708412,-1.925331961994253,false,80.99893760191135,formal_m1_center_not_selected
primary,S001911,C048_QPP_N030_P080_A2_Q040,STATIONARY_QPP_PRESENT,30,0,3,VALID,-6.571126233397692,-1.5214427868397706,false,81.02331381024636,formal_m1_center_not_selected
primary,S001912,C048_QPP_N030_P080_A2_Q040,STATIONARY_QPP_PRESENT,31,0,3,VALID,-6.600994878341879,-1.9172448534449842,false,80.14249830455586,formal_m1_center_not_selected
primary,S001913,C048_QPP_N030_P080_A2_Q040,STATIONARY_QPP_PRESENT,32,0,3,VALID,-7.1493324206447895,-2.0600686716329406,false,71.44380609575784,formal_m1_center_not_selected
primary,S001914,C048_QPP_N030_P080_A2_Q040,STATIONARY_QPP_PRESENT,33,0,3,VALID,-6.889767060034025,-1.8260227241699454,false,93.03252816224348,formal_m1_center_not_selected
primary,S001915,C048_QPP_N030_P080_A2_Q040,STATIONARY_QPP_PRESENT,34,0,3,VALID,-7.351914242779664,-2.401615909416847,false,106.32803572830923,formal_m1_center_not_selected
primary,S001916,C048_QPP_N030_P080_A2_Q040,STATIONARY_QPP_PRESENT,35,0,3,VALID,-7.69156232779077,-2.750976779033863,false,299.99999999999994,formal_m1_center_not_selected
primary,S001917,C048_QPP_N030_P080_A2_Q040,STATIONARY_QPP_PRESENT,36,0,3,VALID,-6.723349041250799,-2.289538827964776,false,86.4160523117652,formal_m1_center_not_selected
primary,S001918,C048_QPP_N030_P080_A2_Q040,STATIONARY_QPP_PRESENT,37,0,3,VALID,-7.669083469621718,-2.6269331441004624,false,64.47506813072793,formal_m1_center_not_selected
primary,S001919,C048_QPP_N030_P080_A2_Q040,STATIONARY_QPP_PRESENT,38,0,3,VALID,-6.96520236867206,-1.873590781833201,false,70.99983086601057,formal_m1_center_not_selected
primary,S001920,C048_QPP_N030_P080_A2_Q040,STATIONARY_QPP_PRESENT,39,0,3,VALID,-7.278138707285798,-2.1963494508477197,false,72.49453605244702,formal_m1_center_not_selected
primary,S001921,C049_QPP_N030_P140_A0_Q010,STATIONARY_QPP_PRESENT,0,0,3,VALID,-7.673696784050172,-2.635167094241716,false,45.52049933962296,formal_m1_center_not_selected
primary,S001922,C049_QPP_N030_P140_A0_Q010,STATIONARY_QPP_PRESENT,1,0,3,VALID,-6.71709729310237,-1.7641441867227101,false,59.03866878625819,formal_m1_center_not_selected
primary,S001923,C049_QPP_N030_P140_A0_Q010,STATIONARY_QPP_PRESENT,2,0,3,VALID,-6.33715965578704,-1.3203759736105525,false,48.04243443918951,formal_m1_center_not_selected
primary,S001924,C049_QPP_N030_P140_A0_Q010,STATIONARY_QPP_PRESENT,3,0,3,VALID,-7.154809188981012,-2.445651547524129,false,40.0,formal_m1_center_not_selected
primary,S001925,C049_QPP_N030_P140_A0_Q010,STATIONARY_QPP_PRESENT,4,0,3,VALID,-7.654500596061361,-2.499968545297193,false,299.9999926976006,formal_m1_center_not_selected
primary,S001926,C049_QPP_N030_P140_A0_Q010,STATIONARY_QPP_PRESENT,5,0,3,VALID,-7.434985513087604,-2.4626350933224828,false,43.022584525311345,formal_m1_center_not_selected
primary,S001927,C049_QPP_N030_P140_A0_Q010,STATIONARY_QPP_PRESENT,6,0,3,VALID,-6.566263881985762,-1.6093109946440904,false,46.951579903040695,formal_m1_center_not_selected
primary,S001928,C049_QPP_N030_P140_A0_Q010,STATIONARY_QPP_PRESENT,7,0,3,VALID,-6.9713056745265405,-2.022939547776005,false,48.124195842772004,formal_m1_center_not_selected
primary,S001929,C049_QPP_N030_P140_A0_Q010,STATIONARY_QPP_PRESENT,8,0,3,VALID,-6.9930974307631075,-2.0010814272755724,false,40.0,formal_m1_center_not_selected
primary,S001930,C049_QPP_N030_P140_A0_Q010,STATIONARY_QPP_PRESENT,9,0,3,VALID,-7.607198644395261,-2.4800103881031816,false,46.36784797395786,formal_m1_center_not_selected
primary,S001931,C049_QPP_N030_P140_A0_Q010,STATIONARY_QPP_PRESENT,10,0,3,VALID,-7.459733801489556,-2.322321889250915,false,40.0,formal_m1_center_not_selected
primary,S001932,C049_QPP_N030_P140_A0_Q010,STATIONARY_QPP_PRESENT,11,0,3,VALID,-7.57699013115603,-2.5984353459021747,false,271.4887572309051,formal_m1_center_not_selected
primary,S001933,C049_QPP_N030_P140_A0_Q010,STATIONARY_QPP_PRESENT,12,0,3,VALID,-7.221842349091133,-2.178443446515004,false,51.410615383864695,formal_m1_center_not_selected
primary,S001934,C049_QPP_N030_P140_A0_Q010,STATIONARY_QPP_PRESENT,13,0,3,VALID,-7.548767639271887,-2.6561381936653916,false,299.99999999999994,formal_m1_center_not_selected
primary,S001935,C049_QPP_N030_P140_A0_Q010,STATIONARY_QPP_PRESENT,14,0,3,VALID,-7.648770037222164,-2.550983197338205,false,59.117907319579544,formal_m1_center_not_selected
primary,S001936,C049_QPP_N030_P140_A0_Q010,STATIONARY_QPP_PRESENT,15,0,3,VALID,-7.176363936286833,-2.056501451462971,false,50.67077087424736,formal_m1_center_not_selected
primary,S001937,C049_QPP_N030_P140_A0_Q010,STATIONARY_QPP_PRESENT,16,0,3,VALID,-7.523219760153843,-2.525730204577158,false,270.85987217794974,formal_m1_center_not_selected
primary,S001938,C049_QPP_N030_P140_A0_Q010,STATIONARY_QPP_PRESENT,17,0,3,VALID,-6.992376136865154,-2.2750157722153617,false,45.0295009635167,formal_m1_center_not_selected
primary,S001939,C049_QPP_N030_P140_A0_Q010,STATIONARY_QPP_PRESENT,18,0,3,VALID,-7.359188826133675,-2.1948823870765466,false,66.41270872559237,formal_m1_center_not_selected
primary,S001940,C049_QPP_N030_P140_A0_Q010,STATIONARY_QPP_PRESENT,19,0,3,VALID,-7.481970388871616,-2.6544630709116674,false,43.67521212239478,formal_m1_center_not_selected
primary,S001941,C049_QPP_N030_P140_A0_Q010,STATIONARY_QPP_PRESENT,20,0,3,VALID,-6.843754939849809,-1.8077674934599628,false,48.32860922180146,formal_m1_center_not_selected
primary,S001942,C049_QPP_N030_P140_A0_Q010,STATIONARY_QPP_PRESENT,21,0,3,VALID,-7.324086629211081,-2.141921213785224,false,63.128192411504656,formal_m1_center_not_selected
primary,S001943,C049_QPP_N030_P140_A0_Q010,STATIONARY_QPP_PRESENT,22,0,3,VALID,-7.557181602693227,-2.5739087305771022,false,40.0,formal_m1_center_not_selected
primary,S001944,C049_QPP_N030_P140_A0_Q010,STATIONARY_QPP_PRESENT,23,0,3,VALID,-6.350398643980618,-1.5331642723670882,false,48.408560125931025,formal_m1_center_not_selected
primary,S001945,C049_QPP_N030_P140_A0_Q010,STATIONARY_QPP_PRESENT,24,0,3,VALID,-7.559370612702601,-2.548637244319451,false,62.81850067700437,formal_m1_center_not_selected
primary,S001946,C049_QPP_N030_P140_A0_Q010,STATIONARY_QPP_PRESENT,25,0,3,VALID,-7.292564622583733,-2.1959874877057572,false,49.624388092834536,formal_m1_center_not_selected
primary,S001947,C049_QPP_N030_P140_A0_Q010,STATIONARY_QPP_PRESENT,26,0,3,VALID,-6.6372414439410505,-1.6870128556111368,false,50.14966138477651,formal_m1_center_not_selected
primary,S001948,C049_QPP_N030_P140_A0_Q010,STATIONARY_QPP_PRESENT,27,0,3,VALID,-7.564102317359939,-2.878632395025562,false,64.27933425192657,formal_m1_center_not_selected
primary,S001949,C049_QPP_N030_P140_A0_Q010,STATIONARY_QPP_PRESENT,28,0,3,VALID,-6.479213960102946,-1.6700889386928282,false,44.1874792410928,formal_m1_center_not_selected
primary,S001950,C049_QPP_N030_P140_A0_Q010,STATIONARY_QPP_PRESENT,29,0,3,VALID,-7.31190222039816,-2.2856349477069102,false,65.65823223849105,formal_m1_center_not_selected
primary,S001951,C049_QPP_N030_P140_A0_Q010,STATIONARY_QPP_PRESENT,30,0,3,VALID,-7.725339421270796,-2.574368461278411,false,282.2283033607492,formal_m1_center_not_selected
primary,S001952,C049_QPP_N030_P140_A0_Q010,STATIONARY_QPP_PRESENT,31,0,3,VALID,-7.581205520787371,-2.6331180557539824,false,44.958651367214784,formal_m1_center_not_selected
primary,S001953,C049_QPP_N030_P140_A0_Q010,STATIONARY_QPP_PRESENT,32,0,3,VALID,-7.2686986024272855,-2.1445870255519637,false,62.914535487625955,formal_m1_center_not_selected
primary,S001954,C049_QPP_N030_P140_A0_Q010,STATIONARY_QPP_PRESENT,33,0,3,VALID,-7.250983996720045,-2.0778434739490734,false,52.84537452040822,formal_m1_center_not_selected
primary,S001955,C049_QPP_N030_P140_A0_Q010,STATIONARY_QPP_PRESENT,34,0,3,VALID,-7.335506214558357,-2.2513478595074403,false,63.9911303412538,formal_m1_center_not_selected
primary,S001956,C049_QPP_N030_P140_A0_Q010,STATIONARY_QPP_PRESENT,35,0,3,VALID,-7.572523469631314,-2.4930022481780156,false,278.4431241865995,formal_m1_center_not_selected
primary,S001957,C049_QPP_N030_P140_A0_Q010,STATIONARY_QPP_PRESENT,36,0,3,VALID,-7.373242687685284,-2.2929456154965777,false,57.72391378667779,formal_m1_center_not_selected
primary,S001958,C049_QPP_N030_P140_A0_Q010,STATIONARY_QPP_PRESENT,37,0,3,VALID,-7.481084902142605,-2.5255703601935124,false,45.83331593430274,formal_m1_center_not_selected
primary,S001959,C049_QPP_N030_P140_A0_Q010,STATIONARY_QPP_PRESENT,38,0,3,VALID,-7.623336367911499,-2.468253110933759,false,66.88965731658791,formal_m1_center_not_selected
primary,S001960,C049_QPP_N030_P140_A0_Q010,STATIONARY_QPP_PRESENT,39,0,3,VALID,-7.584591396402317,-2.3994702290044856,false,50.43224521391968,formal_m1_center_not_selected
primary,S001961,C050_QPP_N030_P140_A0_Q020,STATIONARY_QPP_PRESENT,0,0,3,VALID,-7.639598645570793,-2.6033639053414035,false,45.47672859928278,formal_m1_center_not_selected
primary,S001962,C050_QPP_N030_P140_A0_Q020,STATIONARY_QPP_PRESENT,1,0,3,VALID,-6.629973037723055,-1.6880809731941184,false,59.053196190557316,formal_m1_center_not_selected
primary,S001963,C050_QPP_N030_P140_A0_Q020,STATIONARY_QPP_PRESENT,2,0,3,VALID,-6.286833695856373,-1.3164484138026822,false,48.04377826019638,formal_m1_center_not_selected
primary,S001964,C050_QPP_N030_P140_A0_Q020,STATIONARY_QPP_PRESENT,3,0,3,VALID,-7.184615599320388,-2.4832249221657037,false,40.0,formal_m1_center_not_selected
primary,S001965,C050_QPP_N030_P140_A0_Q020,STATIONARY_QPP_PRESENT,4,0,3,VALID,-7.655532278690593,-2.5213703380238712,false,299.97815361583537,formal_m1_center_not_selected
primary,S001966,C050_QPP_N030_P140_A0_Q020,STATIONARY_QPP_PRESENT,5,0,3,VALID,-7.422932717560535,-2.603465232651473,false,42.9724249564621,formal_m1_center_not_selected
primary,S001967,C050_QPP_N030_P140_A0_Q020,STATIONARY_QPP_PRESENT,6,0,3,VALID,-6.607228319624667,-1.59792616774007,false,46.93509776349761,formal_m1_center_not_selected
primary,S001968,C050_QPP_N030_P140_A0_Q020,STATIONARY_QPP_PRESENT,7,0,3,VALID,-6.994431296336423,-2.0312590962251846,false,48.12875282295645,formal_m1_center_not_selected
primary,S001969,C050_QPP_N030_P140_A0_Q020,STATIONARY_QPP_PRESENT,8,0,3,VALID,-6.984893955112227,-1.9572171559186557,false,40.00000000000026,formal_m1_center_not_selected
primary,S001970,C050_QPP_N030_P140_A0_Q020,STATIONARY_QPP_PRESENT,9,0,3,VALID,-7.587196512873426,-2.4732980107342684,false,46.358047133805115,formal_m1_center_not_selected
primary,S001971,C050_QPP_N030_P140_A0_Q020,STATIONARY_QPP_PRESENT,10,0,3,VALID,-7.464101602067764,-2.308164785316727,false,40.0,formal_m1_center_not_selected
primary,S001972,C050_QPP_N030_P140_A0_Q020,STATIONARY_QPP_PRESENT,11,0,3,VALID,-7.51623012773711,-2.5575140217491352,false,251.4271634796733,formal_m1_center_not_selected
primary,S001973,C050_QPP_N030_P140_A0_Q020,STATIONARY_QPP_PRESENT,12,0,3,VALID,-7.21977392129822,-2.1821312127931662,false,51.424780724313585,formal_m1_center_not_selected
primary,S001974,C050_QPP_N030_P140_A0_Q020,STATIONARY_QPP_PRESENT,13,0,3,VALID,-7.4802174925258385,-2.6629694756027362,false,284.0013081735203,formal_m1_center_not_selected
primary,S001975,C050_QPP_N030_P140_A0_Q020,STATIONARY_QPP_PRESENT,14,0,3,VALID,-7.638816381314534,-2.522174479149342,false,271.25285956842527,formal_m1_center_not_selected
primary,S001976,C050_QPP_N030_P140_A0_Q020,STATIONARY_QPP_PRESENT,15,0,3,VALID,-7.19972219384141,-2.0610255813993206,false,50.64816448672405,formal_m1_center_not_selected
primary,S001977,C050_QPP_N030_P140_A0_Q020,STATIONARY_QPP_PRESENT,16,0,3,VALID,-7.450015872028857,-2.4756322948427965,false,267.34216005864306,formal_m1_center_not_selected
primary,S001978,C050_QPP_N030_P140_A0_Q020,STATIONARY_QPP_PRESENT,17,0,3,VALID,-6.964242718176166,-2.362041034908586,false,45.03136972651488,formal_m1_center_not_selected
primary,S001979,C050_QPP_N030_P140_A0_Q020,STATIONARY_QPP_PRESENT,18,0,3,VALID,-7.405999428741339,-2.255199092969903,false,66.40845183646726,formal_m1_center_not_selected
primary,S001980,C050_QPP_N030_P140_A0_Q020,STATIONARY_QPP_PRESENT,19,0,3,VALID,-7.443360076801184,-2.6076698894207198,false,43.69601731712042,formal_m1_center_not_selected
primary,S001981,C050_QPP_N030_P140_A0_Q020,STATIONARY_QPP_PRESENT,20,0,3,VALID,-6.813879895935088,-1.802656565987462,false,48.31887002353506,formal_m1_center_not_selected
primary,S001982,C050_QPP_N030_P140_A0_Q020,STATIONARY_QPP_PRESENT,21,0,3,VALID,-7.366922969205895,-2.1596584047989182,false,63.180612461003214,formal_m1_center_not_selected
primary,S001983,C050_QPP_N030_P140_A0_Q020,STATIONARY_QPP_PRESENT,22,0,3,VALID,-7.498222365759396,-2.548777290737192,false,247.8102935350846,formal_m1_center_not_selected
primary,S001984,C050_QPP_N030_P140_A0_Q020,STATIONARY_QPP_PRESENT,23,0,3,VALID,-6.358328972683964,-1.6492615635127876,false,48.39946080083226,formal_m1_center_not_selected
primary,S001985,C050_QPP_N030_P140_A0_Q020,STATIONARY_QPP_PRESENT,24,0,3,VALID,-7.586141268761537,-2.5372420375703797,false,44.12962741666082,formal_m1_center_not_selected
primary,S001986,C050_QPP_N030_P140_A0_Q020,STATIONARY_QPP_PRESENT,25,0,3,VALID,-7.26381939232008,-2.212822616773792,false,49.61951561884536,formal_m1_center_not_selected
primary,S001987,C050_QPP_N030_P140_A0_Q020,STATIONARY_QPP_PRESENT,26,0,3,VALID,-6.695652857045182,-1.774331508982712,false,50.12517463126735,formal_m1_center_not_selected
primary,S001988,C050_QPP_N030_P140_A0_Q020,STATIONARY_QPP_PRESENT,27,0,3,VALID,-7.590381377061952,-2.914763734952956,false,64.26928556351352,formal_m1_center_not_selected
primary,S001989,C050_QPP_N030_P140_A0_Q020,STATIONARY_QPP_PRESENT,28,0,3,VALID,-6.451428762621838,-1.730794663721909,false,44.17904422913831,formal_m1_center_not_selected
primary,S001990,C050_QPP_N030_P140_A0_Q020,STATIONARY_QPP_PRESENT,29,0,3,VALID,-7.237970742392115,-2.2586261212121883,false,65.61601413118034,formal_m1_center_not_selected
primary,S001991,C050_QPP_N030_P140_A0_Q020,STATIONARY_QPP_PRESENT,30,0,3,VALID,-7.68394197995088,-2.5512929981536274,false,278.95035578022595,formal_m1_center_not_selected
primary,S001992,C050_QPP_N030_P140_A0_Q020,STATIONARY_QPP_PRESENT,31,0,3,VALID,-7.561728014765663,-2.678867289873054,false,44.955768408612514,formal_m1_center_not_selected
primary,S001993,C050_QPP_N030_P140_A0_Q020,STATIONARY_QPP_PRESENT,32,0,3,VALID,-7.288155186764925,-2.1609920605048956,false,62.881823625749725,formal_m1_center_not_selected
primary,S001994,C050_QPP_N030_P140_A0_Q020,STATIONARY_QPP_PRESENT,33,0,3,VALID,-7.273048007521673,-2.0959811913666115,false,52.82436273927447,formal_m1_center_not_selected
primary,S001995,C050_QPP_N030_P140_A0_Q020,STATIONARY_QPP_PRESENT,34,0,3,VALID,-7.358821967007209,-2.1493489448044514,false,64.01253956750035,formal_m1_center_not_selected
primary,S001996,C050_QPP_N030_P140_A0_Q020,STATIONARY_QPP_PRESENT,35,0,3,VALID,-7.528748822580603,-2.5014584212956947,false,299.99999999999994,formal_m1_center_not_selected
primary,S001997,C050_QPP_N030_P140_A0_Q020,STATIONARY_QPP_PRESENT,36,0,3,VALID,-7.326970860086043,-2.2875072161055527,false,57.729663264010725,formal_m1_center_not_selected
primary,S001998,C050_QPP_N030_P140_A0_Q020,STATIONARY_QPP_PRESENT,37,0,3,VALID,-7.465479382779854,-2.4592545740038076,false,45.80105308917902,formal_m1_center_not_selected
primary,S001999,C050_QPP_N030_P140_A0_Q020,STATIONARY_QPP_PRESENT,38,0,3,VALID,-7.656001713031003,-2.471961620948278,false,66.90842101664614,formal_m1_center_not_selected
primary,S002000,C050_QPP_N030_P140_A0_Q020,STATIONARY_QPP_PRESENT,39,0,3,VALID,-7.587406128304238,-2.357531293646801,false,50.44705602510908,formal_m1_center_not_selected
primary,S002001,C051_QPP_N030_P140_A0_Q040,STATIONARY_QPP_PRESENT,0,0,3,VALID,-7.5231168934696555,-2.661830800454574,false,137.57671991320635,formal_m1_center_not_selected
primary,S002002,C051_QPP_N030_P140_A0_Q040,STATIONARY_QPP_PRESENT,1,0,3,VALID,-6.466924968024493,-1.4474162746577122,false,59.09043678913134,formal_m1_center_not_selected
primary,S002003,C051_QPP_N030_P140_A0_Q040,STATIONARY_QPP_PRESENT,2,0,3,VALID,-6.193844210612227,-1.3651596350295918,false,48.043887450275705,formal_m1_center_not_selected
primary,S002004,C051_QPP_N030_P140_A0_Q040,STATIONARY_QPP_PRESENT,3,0,3,VALID,-7.224230335576706,-2.5432281765411133,false,40.0,formal_m1_center_not_selected
primary,S002005,C051_QPP_N030_P140_A0_Q040,STATIONARY_QPP_PRESENT,4,0,3,VALID,-7.509744636391893,-2.4254044137458663,false,108.0157592864592,formal_m1_center_not_selected
primary,S002006,C051_QPP_N030_P140_A0_Q040,STATIONARY_QPP_PRESENT,5,0,3,VALID,-7.15097468545536,-2.6199175156097283,false,128.42337380499598,formal_m1_center_not_selected
primary,S002007,C051_QPP_N030_P140_A0_Q040,STATIONARY_QPP_PRESENT,6,0,3,VALID,-6.705596425097696,-1.7585623548648286,false,46.903441395221854,formal_m1_center_not_selected
primary,S002008,C051_QPP_N030_P140_A0_Q040,STATIONARY_QPP_PRESENT,7,0,3,VALID,-7.064590147341242,-2.354562579268098,false,48.13892337407251,formal_m1_center_not_selected
primary,S002009,C051_QPP_N030_P140_A0_Q040,STATIONARY_QPP_PRESENT,8,0,3,VALID,-6.981642403028836,-2.0557043029649122,false,40.0,formal_m1_center_not_selected
primary,S002010,C051_QPP_N030_P140_A0_Q040,STATIONARY_QPP_PRESENT,9,0,3,VALID,-7.553845438560266,-2.5055705616580823,false,133.97939054759604,formal_m1_center_not_selected
primary,S002011,C051_QPP_N030_P140_A0_Q040,STATIONARY_QPP_PRESENT,10,0,3,VALID,-7.483305489258193,-2.318231965056782,false,40.00000000000011,formal_m1_center_not_selected
primary,S002012,C051_QPP_N030_P140_A0_Q040,STATIONARY_QPP_PRESENT,11,0,3,VALID,-7.381675278102939,-2.465091568251239,false,256.54195250071547,formal_m1_center_not_selected
primary,S002013,C051_QPP_N030_P140_A0_Q040,STATIONARY_QPP_PRESENT,12,0,3,VALID,-7.2197511709355595,-2.1950377357705833,false,51.448093666385766,formal_m1_center_not_selected
primary,S002014,C051_QPP_N030_P140_A0_Q040,STATIONARY_QPP_PRESENT,13,0,3,VALID,-7.208387180867653,-2.612180306321349,false,260.5035425394259,formal_m1_center_not_selected
primary,S002015,C051_QPP_N030_P140_A0_Q040,STATIONARY_QPP_PRESENT,14,0,3,VALID,-7.5597094997508165,-2.409105770115879,false,92.714100010877,formal_m1_center_not_selected
primary,S002016,C051_QPP_N030_P140_A0_Q040,STATIONARY_QPP_PRESENT,15,0,3,VALID,-7.258063936521005,-2.087398219948497,false,50.63862011840371,formal_m1_center_not_selected
primary,S002017,C051_QPP_N030_P140_A0_Q040,STATIONARY_QPP_PRESENT,16,0,3,VALID,-7.287656539404118,-2.3631668838635846,false,255.8229225986622,formal_m1_center_not_selected
primary,S002018,C051_QPP_N030_P140_A0_Q040,STATIONARY_QPP_PRESENT,17,0,3,VALID,-6.881672322726388,-2.620908321849271,false,45.03424788826852,formal_m1_center_not_selected
primary,S002019,C051_QPP_N030_P140_A0_Q040,STATIONARY_QPP_PRESENT,18,0,3,VALID,-7.504461087341312,-2.388098292520546,false,66.42988908857666,formal_m1_center_not_selected
primary,S002020,C051_QPP_N030_P140_A0_Q040,STATIONARY_QPP_PRESENT,19,0,3,VALID,-7.356094646843474,-2.876773696153215,false,43.73581939693926,formal_m1_center_not_selected
primary,S002021,C051_QPP_N030_P140_A0_Q040,STATIONARY_QPP_PRESENT,20,0,3,VALID,-6.7625978677917615,-1.8433388818777985,false,48.303336094476506,formal_m1_center_not_selected
primary,S002022,C051_QPP_N030_P140_A0_Q040,STATIONARY_QPP_PRESENT,21,0,3,VALID,-7.459735826674397,-2.4697380267411546,false,63.30511912256418,formal_m1_center_not_selected
primary,S002023,C051_QPP_N030_P140_A0_Q040,STATIONARY_QPP_PRESENT,22,0,3,VALID,-7.335125456575348,-2.467617452223635,false,250.6413347121115,formal_m1_center_not_selected
primary,S002024,C051_QPP_N030_P140_A0_Q040,STATIONARY_QPP_PRESENT,23,0,3,VALID,-6.397927353167681,-1.9899295855813435,false,48.383508879002484,formal_m1_center_not_selected
primary,S002025,C051_QPP_N030_P140_A0_Q040,STATIONARY_QPP_PRESENT,24,0,3,VALID,-7.57206974395779,-2.4567381335227765,false,121.91457975478266,formal_m1_center_not_selected
primary,S002026,C051_QPP_N030_P140_A0_Q040,STATIONARY_QPP_PRESENT,25,0,3,VALID,-7.201793786569915,-2.263793227282747,false,49.598912188479545,formal_m1_center_not_selected
primary,S002027,C051_QPP_N030_P140_A0_Q040,STATIONARY_QPP_PRESENT,26,0,3,VALID,-6.829097786141546,-1.6781566312397231,false,50.06998267578392,formal_m1_center_not_selected
primary,S002028,C051_QPP_N030_P140_A0_Q040,STATIONARY_QPP_PRESENT,27,0,3,VALID,-7.546616408255872,-2.8949376892318526,false,140.41346244612993,formal_m1_center_not_selected
primary,S002029,C051_QPP_N030_P140_A0_Q040,STATIONARY_QPP_PRESENT,28,0,3,VALID,-6.375766297532287,-1.9118742276888554,false,44.16088691865189,formal_m1_center_not_selected
primary,S002030,C051_QPP_N030_P140_A0_Q040,STATIONARY_QPP_PRESENT,29,0,3,VALID,-7.093318302834483,-2.2356354511436223,false,65.55328412866065,formal_m1_center_not_selected
primary,S002031,C051_QPP_N030_P140_A0_Q040,STATIONARY_QPP_PRESENT,30,0,3,VALID,-7.586855911775423,-2.5000323010718404,false,287.41512873898296,formal_m1_center_not_selected
primary,S002032,C051_QPP_N030_P140_A0_Q040,STATIONARY_QPP_PRESENT,31,0,3,VALID,-7.484509212310506,-2.8490465340968996,false,134.6590389963018,formal_m1_center_not_selected
primary,S002033,C051_QPP_N030_P140_A0_Q040,STATIONARY_QPP_PRESENT,32,0,3,VALID,-7.3361609195953505,-2.2221905811673963,false,62.811880800537374,formal_m1_center_not_selected
primary,S002034,C051_QPP_N030_P140_A0_Q040,STATIONARY_QPP_PRESENT,33,0,3,VALID,-7.327394120783225,-2.127690526162418,false,52.78203932814939,formal_m1_center_not_selected
primary,S002035,C051_QPP_N030_P140_A0_Q040,STATIONARY_QPP_PRESENT,34,0,3,VALID,-7.415923775940506,-2.1939883965220304,false,64.05741760935035,formal_m1_center_not_selected
primary,S002036,C051_QPP_N030_P140_A0_Q040,STATIONARY_QPP_PRESENT,35,0,3,VALID,-7.406468757283186,-2.469831977427532,false,299.99999999999994,formal_m1_center_not_selected
primary,S002037,C051_QPP_N030_P140_A0_Q040,STATIONARY_QPP_PRESENT,36,0,3,VALID,-7.242421346985857,-2.3021950248464265,false,57.739134829909325,formal_m1_center_not_selected
primary,S002038,C051_QPP_N030_P140_A0_Q040,STATIONARY_QPP_PRESENT,37,0,3,VALID,-7.368352811601035,-2.2895355171501777,false,133.5667030756015,formal_m1_center_not_selected
primary,S002039,C051_QPP_N030_P140_A0_Q040,STATIONARY_QPP_PRESENT,38,0,3,VALID,-7.611746186539598,-2.3844861258069017,false,110.15221839230907,formal_m1_center_not_selected
primary,S002040,C051_QPP_N030_P140_A0_Q040,STATIONARY_QPP_PRESENT,39,0,3,VALID,-7.594144048077553,-2.5156837723737056,false,50.4775644947786,formal_m1_center_not_selected
primary,S002041,C052_QPP_N030_P140_A1_Q010,STATIONARY_QPP_PRESENT,0,0,3,VALID,-7.281740627184547,-2.5438465552732197,false,44.06890465885054,formal_m1_center_not_selected
primary,S002042,C052_QPP_N030_P140_A1_Q010,STATIONARY_QPP_PRESENT,1,0,3,VALID,-7.692529772302343,-2.5514675862934126,false,66.19216430382859,formal_m1_center_not_selected
primary,S002043,C052_QPP_N030_P140_A1_Q010,STATIONARY_QPP_PRESENT,2,0,3,VALID,-7.6590500534493415,-2.5928335584057294,false,270.4219986226289,formal_m1_center_not_selected
primary,S002044,C052_QPP_N030_P140_A1_Q010,STATIONARY_QPP_PRESENT,3,0,3,VALID,-7.570345633228335,-2.5544224919312057,false,299.99999999999994,formal_m1_center_not_selected
primary,S002045,C052_QPP_N030_P140_A1_Q010,STATIONARY_QPP_PRESENT,4,0,3,VALID,-7.589755958446688,-2.5622115503101313,false,55.06406856714294,formal_m1_center_not_selected
primary,S002046,C052_QPP_N030_P140_A1_Q010,STATIONARY_QPP_PRESENT,5,0,3,VALID,-7.445107813911854,-2.570132156704034,false,45.148749386213886,formal_m1_center_not_selected
primary,S002047,C052_QPP_N030_P140_A1_Q010,STATIONARY_QPP_PRESENT,6,0,3,VALID,-7.550704414743834,-2.5949100336775714,false,113.40080481109091,formal_m1_center_not_selected
primary,S002048,C052_QPP_N030_P140_A1_Q010,STATIONARY_QPP_PRESENT,7,0,3,VALID,-7.655526779990318,-2.7415399187620153,false,293.37695875760346,formal_m1_center_not_selected
primary,S002049,C052_QPP_N030_P140_A1_Q010,STATIONARY_QPP_PRESENT,8,0,3,VALID,-7.565492855273654,-2.4976042252130384,false,45.81702995826215,formal_m1_center_not_selected
primary,S002050,C052_QPP_N030_P140_A1_Q010,STATIONARY_QPP_PRESENT,9,0,3,VALID,-7.578498171088377,-2.6692361153936446,false,40.0,formal_m1_center_not_selected
primary,S002051,C052_QPP_N030_P140_A1_Q010,STATIONARY_QPP_PRESENT,10,0,3,VALID,-7.6301301650151245,-2.60288013060854,false,299.99999999999994,formal_m1_center_not_selected
primary,S002052,C052_QPP_N030_P140_A1_Q010,STATIONARY_QPP_PRESENT,11,0,3,VALID,-7.643997304758592,-2.50878887030845,false,253.9439341328535,formal_m1_center_not_selected
primary,S002053,C052_QPP_N030_P140_A1_Q010,STATIONARY_QPP_PRESENT,12,0,3,VALID,-7.733118304392285,-2.601837775858357,false,48.057657367401085,formal_m1_center_not_selected
primary,S002054,C052_QPP_N030_P140_A1_Q010,STATIONARY_QPP_PRESENT,13,0,3,VALID,-7.728572173231619,-2.611992444333822,false,40.61731059904824,formal_m1_center_not_selected
primary,S002055,C052_QPP_N030_P140_A1_Q010,STATIONARY_QPP_PRESENT,14,0,3,VALID,-7.441412416007033,-2.406853270180463,false,45.627857067106184,formal_m1_center_not_selected
primary,S002056,C052_QPP_N030_P140_A1_Q010,STATIONARY_QPP_PRESENT,15,0,3,VALID,-7.625630814057509,-2.611462370440236,false,40.0,formal_m1_center_not_selected
primary,S002057,C052_QPP_N030_P140_A1_Q010,STATIONARY_QPP_PRESENT,16,0,3,VALID,-7.551851990290693,-2.436549943618445,false,253.93415187589324,formal_m1_center_not_selected
primary,S002058,C052_QPP_N030_P140_A1_Q010,STATIONARY_QPP_PRESENT,17,0,3,VALID,-7.648513547825466,-2.70496944246284,false,299.99999999999994,formal_m1_center_not_selected
primary,S002059,C052_QPP_N030_P140_A1_Q010,STATIONARY_QPP_PRESENT,18,0,3,VALID,-7.734589437706653,-2.6060745669388012,false,299.99999999999994,formal_m1_center_not_selected
primary,S002060,C052_QPP_N030_P140_A1_Q010,STATIONARY_QPP_PRESENT,19,0,3,VALID,-7.67426791238956,-2.541248739682331,false,299.99999999999994,formal_m1_center_not_selected
primary,S002061,C052_QPP_N030_P140_A1_Q010,STATIONARY_QPP_PRESENT,20,0,3,VALID,-7.65329390665493,-2.6833264410703066,false,299.99999999999994,formal_m1_center_not_selected
primary,S002062,C052_QPP_N030_P140_A1_Q010,STATIONARY_QPP_PRESENT,21,0,3,VALID,-7.637636144573953,-2.5271409702760863,false,248.15551584648261,formal_m1_center_not_selected
primary,S002063,C052_QPP_N030_P140_A1_Q010,STATIONARY_QPP_PRESENT,22,0,3,VALID,-7.7324231366404845,-2.5973319452877064,false,58.82278249549119,formal_m1_center_not_selected
primary,S002064,C052_QPP_N030_P140_A1_Q010,STATIONARY_QPP_PRESENT,23,0,3,VALID,-7.640886281908813,-2.62303000246348,false,44.29698745293933,formal_m1_center_not_selected
primary,S002065,C052_QPP_N030_P140_A1_Q010,STATIONARY_QPP_PRESENT,24,0,3,VALID,-7.447130922666332,-2.4284321765238346,false,40.0,formal_m1_center_not_selected
primary,S002066,C052_QPP_N030_P140_A1_Q010,STATIONARY_QPP_PRESENT,25,0,3,VALID,-7.571244273333782,-2.5199925401884116,false,299.98785364645175,formal_m1_center_not_selected
primary,S002067,C052_QPP_N030_P140_A1_Q010,STATIONARY_QPP_PRESENT,26,0,3,VALID,-7.59848384168756,-2.470208008438462,false,51.07909334481987,formal_m1_center_not_selected
primary,S002068,C052_QPP_N030_P140_A1_Q010,STATIONARY_QPP_PRESENT,27,0,3,VALID,-7.376114417291397,-2.3895045069883523,false,40.0,formal_m1_center_not_selected
primary,S002069,C052_QPP_N030_P140_A1_Q010,STATIONARY_QPP_PRESENT,28,0,3,VALID,-7.644192001101182,-2.7270130582883425,false,299.99999999999994,formal_m1_center_not_selected
primary,S002070,C052_QPP_N030_P140_A1_Q010,STATIONARY_QPP_PRESENT,29,0,3,VALID,-7.598497437781013,-2.522771822173979,false,299.99999999999994,formal_m1_center_not_selected
primary,S002071,C052_QPP_N030_P140_A1_Q010,STATIONARY_QPP_PRESENT,30,0,3,VALID,-7.65832662692484,-2.6686249200984236,false,299.99999999999994,formal_m1_center_not_selected
primary,S002072,C052_QPP_N030_P140_A1_Q010,STATIONARY_QPP_PRESENT,31,0,3,VALID,-7.631550589363805,-2.7378792101536433,false,283.15878884117944,formal_m1_center_not_selected
primary,S002073,C052_QPP_N030_P140_A1_Q010,STATIONARY_QPP_PRESENT,32,0,3,VALID,-7.6426563354329815,-2.7514135642596003,false,249.92158039023906,formal_m1_center_not_selected
primary,S002074,C052_QPP_N030_P140_A1_Q010,STATIONARY_QPP_PRESENT,33,0,3,VALID,-7.650120434046194,-2.5165260210056317,false,278.81076615385336,formal_m1_center_not_selected
primary,S002075,C052_QPP_N030_P140_A1_Q010,STATIONARY_QPP_PRESENT,34,0,3,VALID,-7.488301673596219,-2.7742343945427734,false,47.82415005788124,formal_m1_center_not_selected
primary,S002076,C052_QPP_N030_P140_A1_Q010,STATIONARY_QPP_PRESENT,35,0,3,VALID,-7.6223623392339945,-2.829368815950019,false,40.0,formal_m1_center_not_selected
primary,S002077,C052_QPP_N030_P140_A1_Q010,STATIONARY_QPP_PRESENT,36,0,3,VALID,-7.638521939722594,-2.483721548661819,false,299.9796909319451,formal_m1_center_not_selected
primary,S002078,C052_QPP_N030_P140_A1_Q010,STATIONARY_QPP_PRESENT,37,0,3,VALID,-7.737326641282685,-2.6347660907296984,false,287.13966356014663,formal_m1_center_not_selected
primary,S002079,C052_QPP_N030_P140_A1_Q010,STATIONARY_QPP_PRESENT,38,0,3,VALID,-7.739058169069601,-2.6684747500402466,false,299.99999999999994,formal_m1_center_not_selected
primary,S002080,C052_QPP_N030_P140_A1_Q010,STATIONARY_QPP_PRESENT,39,0,3,VALID,-7.6558276467461255,-2.7446148996506494,false,267.9668543509779,formal_m1_center_not_selected
primary,S002081,C053_QPP_N030_P140_A1_Q020,STATIONARY_QPP_PRESENT,0,0,3,VALID,-7.231210785328912,-2.701504441285522,false,44.068420569225324,formal_m1_center_not_selected
primary,S002082,C053_QPP_N030_P140_A1_Q020,STATIONARY_QPP_PRESENT,1,0,3,VALID,-7.813059920367984,-2.652764692770944,false,40.0,formal_m1_center_not_selected
primary,S002083,C053_QPP_N030_P140_A1_Q020,STATIONARY_QPP_PRESENT,2,0,3,VALID,-7.698703835620066,-2.617984584403125,false,299.99999999999994,formal_m1_center_not_selected
primary,S002084,C053_QPP_N030_P140_A1_Q020,STATIONARY_QPP_PRESENT,3,0,3,VALID,-7.60025239152764,-2.6437752757076396,false,299.9997499989094,formal_m1_center_not_selected
primary,S002085,C053_QPP_N030_P140_A1_Q020,STATIONARY_QPP_PRESENT,4,0,3,VALID,-7.553264756006712,-2.568595364361151,false,299.99999999999915,formal_m1_center_not_selected
primary,S002086,C053_QPP_N030_P140_A1_Q020,STATIONARY_QPP_PRESENT,5,0,3,VALID,-7.460748501529153,-2.6317885768026628,false,45.161575710851025,formal_m1_center_not_selected
primary,S002087,C053_QPP_N030_P140_A1_Q020,STATIONARY_QPP_PRESENT,6,0,3,VALID,-7.4590491631795,-2.472800114631376,false,113.09195131207736,formal_m1_center_not_selected
primary,S002088,C053_QPP_N030_P140_A1_Q020,STATIONARY_QPP_PRESENT,7,0,3,VALID,-7.602270955438321,-2.770588782804893,false,267.39220660842346,formal_m1_center_not_selected
primary,S002089,C053_QPP_N030_P140_A1_Q020,STATIONARY_QPP_PRESENT,8,0,3,VALID,-7.574891782197511,-2.488651186467095,false,45.78107125615227,formal_m1_center_not_selected
primary,S002090,C053_QPP_N030_P140_A1_Q020,STATIONARY_QPP_PRESENT,9,0,3,VALID,-7.580647748545438,-2.7340997392299187,false,40.0,formal_m1_center_not_selected
primary,S002091,C053_QPP_N030_P140_A1_Q020,STATIONARY_QPP_PRESENT,10,0,3,VALID,-7.6571944346052945,-2.6669302280247607,false,299.99999999999994,formal_m1_center_not_selected
primary,S002092,C053_QPP_N030_P140_A1_Q020,STATIONARY_QPP_PRESENT,11,0,3,VALID,-7.584278844920405,-2.456701757383371,false,254.7839665593543,formal_m1_center_not_selected
primary,S002093,C053_QPP_N030_P140_A1_Q020,STATIONARY_QPP_PRESENT,12,0,3,VALID,-7.749952373020449,-2.598180924528741,false,48.04977975103514,formal_m1_center_not_selected
primary,S002094,C053_QPP_N030_P140_A1_Q020,STATIONARY_QPP_PRESENT,13,0,3,VALID,-7.735877602884663,-2.591245526643334,false,40.29092016042668,formal_m1_center_not_selected
primary,S002095,C053_QPP_N030_P140_A1_Q020,STATIONARY_QPP_PRESENT,14,0,3,VALID,-7.463177167773587,-2.4078003059112234,false,45.63486271132719,formal_m1_center_not_selected
primary,S002096,C053_QPP_N030_P140_A1_Q020,STATIONARY_QPP_PRESENT,15,0,3,VALID,-7.591067343735354,-2.657079803570454,false,129.57383328145082,formal_m1_center_not_selected
primary,S002097,C053_QPP_N030_P140_A1_Q020,STATIONARY_QPP_PRESENT,16,0,3,VALID,-7.556570263512668,-2.415734602219217,false,249.08876646295323,formal_m1_center_not_selected
primary,S002098,C053_QPP_N030_P140_A1_Q020,STATIONARY_QPP_PRESENT,17,0,3,VALID,-7.6777618433781,-2.780293869312416,false,299.99999999999994,formal_m1_center_not_selected
primary,S002099,C053_QPP_N030_P140_A1_Q020,STATIONARY_QPP_PRESENT,18,0,3,VALID,-7.686619802850409,-2.6029398469519833,false,282.2770105001547,formal_m1_center_not_selected
primary,S002100,C053_QPP_N030_P140_A1_Q020,STATIONARY_QPP_PRESENT,19,0,3,VALID,-7.692930455024808,-2.5345768446258035,false,299.9999437294717,formal_m1_center_not_selected
primary,S002101,C053_QPP_N030_P140_A1_Q020,STATIONARY_QPP_PRESENT,20,0,3,VALID,-7.645962551531767,-2.724625790639571,false,286.4362054287738,formal_m1_center_not_selected
primary,S002102,C053_QPP_N030_P140_A1_Q020,STATIONARY_QPP_PRESENT,21,0,3,VALID,-7.577923601352715,-2.48146773046993,false,250.3449432387021,formal_m1_center_not_selected
primary,S002103,C053_QPP_N030_P140_A1_Q020,STATIONARY_QPP_PRESENT,22,0,3,VALID,-7.707019042586943,-2.5958683664743347,false,58.754260258456,formal_m1_center_not_selected
primary,S002104,C053_QPP_N030_P140_A1_Q020,STATIONARY_QPP_PRESENT,23,0,3,VALID,-7.655931581065325,-2.588925811249972,false,44.243497242759624,formal_m1_center_not_selected
primary,S002105,C053_QPP_N030_P140_A1_Q020,STATIONARY_QPP_PRESENT,24,0,3,VALID,-7.462949271412015,-2.3967880210033528,false,40.0,formal_m1_center_not_selected
primary,S002106,C053_QPP_N030_P140_A1_Q020,STATIONARY_QPP_PRESENT,25,0,3,VALID,-7.525844233390906,-2.5235907328959115,false,299.99999999999994,formal_m1_center_not_selected
primary,S002107,C053_QPP_N030_P140_A1_Q020,STATIONARY_QPP_PRESENT,26,0,3,VALID,-7.5815304393949745,-2.483345598524579,false,51.11155410832134,formal_m1_center_not_selected
primary,S002108,C053_QPP_N030_P140_A1_Q020,STATIONARY_QPP_PRESENT,27,0,3,VALID,-7.389486956758184,-2.3688425976761778,false,40.0,formal_m1_center_not_selected
primary,S002109,C053_QPP_N030_P140_A1_Q020,STATIONARY_QPP_PRESENT,28,0,3,VALID,-7.671605527436391,-2.6938489604383307,false,299.99999999999994,formal_m1_center_not_selected
primary,S002110,C053_QPP_N030_P140_A1_Q020,STATIONARY_QPP_PRESENT,29,0,3,VALID,-7.550709461407401,-2.4773617128438445,false,271.8445301378295,formal_m1_center_not_selected
primary,S002111,C053_QPP_N030_P140_A1_Q020,STATIONARY_QPP_PRESENT,30,0,3,VALID,-7.6116385698870985,-2.6873358898938733,false,278.1503451635415,formal_m1_center_not_selected
primary,S002112,C053_QPP_N030_P140_A1_Q020,STATIONARY_QPP_PRESENT,31,0,3,VALID,-7.627871840459804,-2.8053768834216584,false,299.99999999999994,formal_m1_center_not_selected
primary,S002113,C053_QPP_N030_P140_A1_Q020,STATIONARY_QPP_PRESENT,32,0,3,VALID,-7.625572029994906,-2.799263201518471,false,299.99999999999994,formal_m1_center_not_selected
primary,S002114,C053_QPP_N030_P140_A1_Q020,STATIONARY_QPP_PRESENT,33,0,3,VALID,-7.618820844424327,-2.469230061589286,false,250.46562995833617,formal_m1_center_not_selected
primary,S002115,C053_QPP_N030_P140_A1_Q020,STATIONARY_QPP_PRESENT,34,0,3,VALID,-7.5185359888650325,-2.8121041007716485,false,47.810942586381096,formal_m1_center_not_selected
primary,S002116,C053_QPP_N030_P140_A1_Q020,STATIONARY_QPP_PRESENT,35,0,3,VALID,-7.581705811851975,-2.952673524513834,false,161.94823751583502,formal_m1_center_not_selected
primary,S002117,C053_QPP_N030_P140_A1_Q020,STATIONARY_QPP_PRESENT,36,0,3,VALID,-7.624733996979963,-2.472934940272033,false,299.99999999999994,formal_m1_center_not_selected
primary,S002118,C053_QPP_N030_P140_A1_Q020,STATIONARY_QPP_PRESENT,37,0,3,VALID,-7.76327959718148,-2.6338100464849674,false,123.72866714451128,formal_m1_center_not_selected
primary,S002119,C053_QPP_N030_P140_A1_Q020,STATIONARY_QPP_PRESENT,38,0,3,VALID,-7.777770439040005,-2.7190892261486397,false,258.7674118256084,formal_m1_center_not_selected
primary,S002120,C053_QPP_N030_P140_A1_Q020,STATIONARY_QPP_PRESENT,39,0,3,VALID,-7.55108316403507,-2.7876736759043936,false,247.85431328780197,formal_m1_center_not_selected
primary,S002121,C054_QPP_N030_P140_A1_Q040,STATIONARY_QPP_PRESENT,0,0,3,VALID,-6.9210704376528085,-2.9633000676610664,false,238.5510138094317,formal_m1_center_not_selected
primary,S002122,C054_QPP_N030_P140_A1_Q040,STATIONARY_QPP_PRESENT,1,0,3,VALID,-7.797494250979419,-2.617380915064203,false,40.0,formal_m1_center_not_selected
primary,S002123,C054_QPP_N030_P140_A1_Q040,STATIONARY_QPP_PRESENT,2,0,3,VALID,-7.713558039283988,-2.6176673474110004,false,40.0,formal_m1_center_not_selected
primary,S002124,C054_QPP_N030_P140_A1_Q040,STATIONARY_QPP_PRESENT,3,0,3,VALID,-7.409465388777697,-2.594785727636193,false,287.1562296708007,formal_m1_center_not_selected
primary,S002125,C054_QPP_N030_P140_A1_Q040,STATIONARY_QPP_PRESENT,4,0,3,VALID,-7.38390936141041,-2.504203931045623,false,299.99999999999994,formal_m1_center_not_selected
primary,S002126,C054_QPP_N030_P140_A1_Q040,STATIONARY_QPP_PRESENT,5,0,3,VALID,-7.272090710400988,-2.5519844360564576,false,290.33474368551776,formal_m1_center_not_selected
primary,S002127,C054_QPP_N030_P140_A1_Q040,STATIONARY_QPP_PRESENT,6,0,3,VALID,-7.21808284586978,-2.249675225972098,false,112.51983662594078,formal_m1_center_not_selected
primary,S002128,C054_QPP_N030_P140_A1_Q040,STATIONARY_QPP_PRESENT,7,0,3,VALID,-7.326461018304762,-2.817996568110644,false,237.33545019855606,formal_m1_center_not_selected
primary,S002129,C054_QPP_N030_P140_A1_Q040,STATIONARY_QPP_PRESENT,8,0,3,VALID,-7.551847685173271,-2.580064898306155,false,110.87376140481767,formal_m1_center_not_selected
primary,S002130,C054_QPP_N030_P140_A1_Q040,STATIONARY_QPP_PRESENT,9,0,3,VALID,-7.492065145441309,-2.7955664160204634,false,290.9193933562862,formal_m1_center_not_selected
primary,S002131,C054_QPP_N030_P140_A1_Q040,STATIONARY_QPP_PRESENT,10,0,3,VALID,-7.665603215532165,-2.7598973456426776,false,50.21222218391676,formal_m1_center_not_selected
primary,S002132,C054_QPP_N030_P140_A1_Q040,STATIONARY_QPP_PRESENT,11,0,3,VALID,-7.458229298736519,-2.3336932684361216,false,252.5706950285302,formal_m1_center_not_selected
primary,S002133,C054_QPP_N030_P140_A1_Q040,STATIONARY_QPP_PRESENT,12,0,3,VALID,-7.542906665321112,-2.5666612014913426,false,130.28074917289578,formal_m1_center_not_selected
primary,S002134,C054_QPP_N030_P140_A1_Q040,STATIONARY_QPP_PRESENT,13,0,3,VALID,-7.718497689402021,-2.529612334353665,false,112.86826245219193,formal_m1_center_not_selected
primary,S002135,C054_QPP_N030_P140_A1_Q040,STATIONARY_QPP_PRESENT,14,0,3,VALID,-7.463234355790796,-2.371307355050348,false,255.78450666656536,formal_m1_center_not_selected
primary,S002136,C054_QPP_N030_P140_A1_Q040,STATIONARY_QPP_PRESENT,15,0,3,VALID,-7.281776640697672,-2.5308429985431786,false,126.45109014967228,formal_m1_center_not_selected
primary,S002137,C054_QPP_N030_P140_A1_Q040,STATIONARY_QPP_PRESENT,16,0,3,VALID,-7.585691121174641,-2.4345749994981176,false,254.01344345291434,formal_m1_center_not_selected
primary,S002138,C054_QPP_N030_P140_A1_Q040,STATIONARY_QPP_PRESENT,17,0,3,VALID,-7.500420256442716,-2.7750505018631486,false,163.83008667827906,formal_m1_center_not_selected
primary,S002139,C054_QPP_N030_P140_A1_Q040,STATIONARY_QPP_PRESENT,18,0,3,VALID,-7.463212358886516,-2.5195827330400817,false,173.81454924172508,formal_m1_center_not_selected
primary,S002140,C054_QPP_N030_P140_A1_Q040,STATIONARY_QPP_PRESENT,19,0,3,VALID,-7.50011356817695,-2.399757074210534,false,113.28183086067433,formal_m1_center_not_selected
primary,S002141,C054_QPP_N030_P140_A1_Q040,STATIONARY_QPP_PRESENT,20,0,3,VALID,-7.476015121632358,-2.773098818048851,false,172.03208810692885,formal_m1_center_not_selected
primary,S002142,C054_QPP_N030_P140_A1_Q040,STATIONARY_QPP_PRESENT,21,0,3,VALID,-7.452454214059308,-2.389410492415479,false,253.74639786742003,formal_m1_center_not_selected
primary,S002143,C054_QPP_N030_P140_A1_Q040,STATIONARY_QPP_PRESENT,22,0,3,VALID,-7.455008605176268,-2.447505088006565,false,171.7699531805928,formal_m1_center_not_selected
primary,S002144,C054_QPP_N030_P140_A1_Q040,STATIONARY_QPP_PRESENT,23,0,3,VALID,-7.677158348869646,-2.575965363494497,false,44.10122797552548,formal_m1_center_not_selected
primary,S002145,C054_QPP_N030_P140_A1_Q040,STATIONARY_QPP_PRESENT,24,0,3,VALID,-7.480252440644783,-2.337929421448621,false,40.0,formal_m1_center_not_selected
primary,S002146,C054_QPP_N030_P140_A1_Q040,STATIONARY_QPP_PRESENT,25,0,3,VALID,-7.380956274267525,-2.4996765774398995,false,299.99999999999994,formal_m1_center_not_selected
primary,S002147,C054_QPP_N030_P140_A1_Q040,STATIONARY_QPP_PRESENT,26,0,3,VALID,-7.549251500912909,-2.528049949344563,false,51.163106463528706,formal_m1_center_not_selected
primary,S002148,C054_QPP_N030_P140_A1_Q040,STATIONARY_QPP_PRESENT,27,0,3,VALID,-7.39856173292349,-2.3192469437620105,false,40.0,formal_m1_center_not_selected
primary,S002149,C054_QPP_N030_P140_A1_Q040,STATIONARY_QPP_PRESENT,28,0,3,VALID,-7.699154424219216,-2.65789551846634,false,299.99999999999994,formal_m1_center_not_selected
primary,S002150,C054_QPP_N030_P140_A1_Q040,STATIONARY_QPP_PRESENT,29,0,3,VALID,-7.43685132479218,-2.3731155149223184,false,248.77779864083172,formal_m1_center_not_selected
primary,S002151,C054_QPP_N030_P140_A1_Q040,STATIONARY_QPP_PRESENT,30,0,3,VALID,-7.30542091963428,-2.6129713755028945,false,173.13050779331903,formal_m1_center_not_selected
primary,S002152,C054_QPP_N030_P140_A1_Q040,STATIONARY_QPP_PRESENT,31,0,3,VALID,-7.451237398103508,-2.825391107896124,false,265.1678727451076,formal_m1_center_not_selected
primary,S002153,C054_QPP_N030_P140_A1_Q040,STATIONARY_QPP_PRESENT,32,0,3,VALID,-7.500491091566566,-2.906723412578174,false,171.12323894892413,formal_m1_center_not_selected
primary,S002154,C054_QPP_N030_P140_A1_Q040,STATIONARY_QPP_PRESENT,33,0,3,VALID,-7.56607240949306,-2.4051416093335547,false,270.8634179492633,formal_m1_center_not_selected
primary,S002155,C054_QPP_N030_P140_A1_Q040,STATIONARY_QPP_PRESENT,34,0,3,VALID,-7.590737998806937,-2.888929373296456,false,47.780712644021875,formal_m1_center_not_selected
primary,S002156,C054_QPP_N030_P140_A1_Q040,STATIONARY_QPP_PRESENT,35,0,3,VALID,-7.182019912500635,-3.0212733552777635,false,160.80991792434645,formal_m1_center_not_selected
primary,S002157,C054_QPP_N030_P140_A1_Q040,STATIONARY_QPP_PRESENT,36,0,3,VALID,-7.578357839337684,-2.432465685325596,false,107.6430733722852,formal_m1_center_not_selected
primary,S002158,C054_QPP_N030_P140_A1_Q040,STATIONARY_QPP_PRESENT,37,0,3,VALID,-7.518112063272959,-2.419511568740937,false,130.87752646204638,formal_m1_center_not_selected
primary,S002159,C054_QPP_N030_P140_A1_Q040,STATIONARY_QPP_PRESENT,38,0,3,VALID,-7.587008540079857,-2.6326789229314755,false,135.8472261590006,formal_m1_center_not_selected
primary,S002160,C054_QPP_N030_P140_A1_Q040,STATIONARY_QPP_PRESENT,39,0,3,VALID,-7.182423995405465,-2.8456684413108846,false,227.689845422291,formal_m1_center_not_selected
primary,S002161,C055_QPP_N030_P140_A2_Q010,STATIONARY_QPP_PRESENT,0,0,3,VALID,-7.578516042818087,-2.6855937468232867,false,49.03262773159499,formal_m1_center_not_selected
primary,S002162,C055_QPP_N030_P140_A2_Q010,STATIONARY_QPP_PRESENT,1,0,3,VALID,-7.54714303149688,-2.5497424751340105,false,267.7743104793765,formal_m1_center_not_selected
primary,S002163,C055_QPP_N030_P140_A2_Q010,STATIONARY_QPP_PRESENT,2,0,3,VALID,-7.555567352334343,-2.5387793947950428,false,260.0493563432055,formal_m1_center_not_selected
primary,S002164,C055_QPP_N030_P140_A2_Q010,STATIONARY_QPP_PRESENT,3,0,3,VALID,-7.645289698389782,-2.5584873836278916,false,294.5591620591245,formal_m1_center_not_selected
primary,S002165,C055_QPP_N030_P140_A2_Q010,STATIONARY_QPP_PRESENT,4,0,3,VALID,-7.665029354438104,-2.532620429578543,false,254.6133744368527,formal_m1_center_not_selected
primary,S002166,C055_QPP_N030_P140_A2_Q010,STATIONARY_QPP_PRESENT,5,0,3,VALID,-7.613901259942594,-2.590112523234083,false,267.9069327682362,formal_m1_center_not_selected
primary,S002167,C055_QPP_N030_P140_A2_Q010,STATIONARY_QPP_PRESENT,6,0,3,VALID,-7.793214100021586,-2.663143916499223,false,299.99999999999994,formal_m1_center_not_selected
primary,S002168,C055_QPP_N030_P140_A2_Q010,STATIONARY_QPP_PRESENT,7,0,3,VALID,-7.6244840191302,-2.5189347196556184,false,299.95265958559537,formal_m1_center_not_selected
primary,S002169,C055_QPP_N030_P140_A2_Q010,STATIONARY_QPP_PRESENT,8,0,3,VALID,-7.612264271816535,-2.6532682685983247,false,299.99999999999994,formal_m1_center_not_selected
primary,S002170,C055_QPP_N030_P140_A2_Q010,STATIONARY_QPP_PRESENT,9,0,3,VALID,-7.6803820013395665,-2.6185201809259695,false,299.99999999999994,formal_m1_center_not_selected
primary,S002171,C055_QPP_N030_P140_A2_Q010,STATIONARY_QPP_PRESENT,10,0,3,VALID,-7.65999496173189,-2.7728220000547594,false,299.99999999999994,formal_m1_center_not_selected
primary,S002172,C055_QPP_N030_P140_A2_Q010,STATIONARY_QPP_PRESENT,11,0,3,VALID,-7.736288125311496,-2.6487032723583326,false,269.12354882487136,formal_m1_center_not_selected
primary,S002173,C055_QPP_N030_P140_A2_Q010,STATIONARY_QPP_PRESENT,12,0,3,VALID,-7.695818841609949,-2.6588442268583137,false,299.99999999999994,formal_m1_center_not_selected
primary,S002174,C055_QPP_N030_P140_A2_Q010,STATIONARY_QPP_PRESENT,13,0,3,VALID,-7.622170230739208,-2.6427588467759335,false,299.99999999999994,formal_m1_center_not_selected
primary,S002175,C055_QPP_N030_P140_A2_Q010,STATIONARY_QPP_PRESENT,14,0,3,VALID,-7.696705045018753,-2.580951350884874,false,299.99999999999994,formal_m1_center_not_selected
primary,S002176,C055_QPP_N030_P140_A2_Q010,STATIONARY_QPP_PRESENT,15,0,3,VALID,-7.708328484684216,-2.570675841811756,false,299.99999999999994,formal_m1_center_not_selected
primary,S002177,C055_QPP_N030_P140_A2_Q010,STATIONARY_QPP_PRESENT,16,0,3,VALID,-7.783886891050109,-2.6400827055254723,false,299.99999999999994,formal_m1_center_not_selected
primary,S002178,C055_QPP_N030_P140_A2_Q010,STATIONARY_QPP_PRESENT,17,0,3,VALID,-7.632913885017999,-2.5817463301664603,false,297.9661147965615,formal_m1_center_not_selected
primary,S002179,C055_QPP_N030_P140_A2_Q010,STATIONARY_QPP_PRESENT,18,0,3,VALID,-7.741538296614976,-2.5982846683444194,false,247.95806593052023,formal_m1_center_not_selected
primary,S002180,C055_QPP_N030_P140_A2_Q010,STATIONARY_QPP_PRESENT,19,0,3,VALID,-7.751105585226405,-2.6841006198074524,false,299.99999999999994,formal_m1_center_not_selected
primary,S002181,C055_QPP_N030_P140_A2_Q010,STATIONARY_QPP_PRESENT,20,0,3,VALID,-7.674724122311964,-2.572275403496704,false,299.99998171955616,formal_m1_center_not_selected
primary,S002182,C055_QPP_N030_P140_A2_Q010,STATIONARY_QPP_PRESENT,21,0,3,VALID,-7.5982523102874,-2.685162989488262,false,283.7437005434985,formal_m1_center_not_selected
primary,S002183,C055_QPP_N030_P140_A2_Q010,STATIONARY_QPP_PRESENT,22,0,3,VALID,-7.587575791334082,-2.566695215745085,false,299.99998780266105,formal_m1_center_not_selected
primary,S002184,C055_QPP_N030_P140_A2_Q010,STATIONARY_QPP_PRESENT,23,0,3,VALID,-7.681471281507719,-2.6732831602059974,false,299.9999628611004,formal_m1_center_not_selected
primary,S002185,C055_QPP_N030_P140_A2_Q010,STATIONARY_QPP_PRESENT,24,0,3,VALID,-7.649098286191737,-2.6256711737682963,false,299.9997285187521,formal_m1_center_not_selected
primary,S002186,C055_QPP_N030_P140_A2_Q010,STATIONARY_QPP_PRESENT,25,0,3,VALID,-7.741683906597942,-2.6591168649879933,false,266.2149734569283,formal_m1_center_not_selected
primary,S002187,C055_QPP_N030_P140_A2_Q010,STATIONARY_QPP_PRESENT,26,0,3,VALID,-7.68634577477269,-2.6678327380497535,false,299.99999999999994,formal_m1_center_not_selected
primary,S002188,C055_QPP_N030_P140_A2_Q010,STATIONARY_QPP_PRESENT,27,0,3,VALID,-7.72326176887821,-2.6101520461425736,false,299.9510008715042,formal_m1_center_not_selected
primary,S002189,C055_QPP_N030_P140_A2_Q010,STATIONARY_QPP_PRESENT,28,0,3,VALID,-7.697594152038455,-2.588322354112279,false,92.69305222924422,formal_m1_center_not_selected
primary,S002190,C055_QPP_N030_P140_A2_Q010,STATIONARY_QPP_PRESENT,29,0,3,VALID,-7.6787360834872445,-2.605175653248182,false,299.9999318542064,formal_m1_center_not_selected
primary,S002191,C055_QPP_N030_P140_A2_Q010,STATIONARY_QPP_PRESENT,30,0,3,VALID,-7.697143058634552,-2.656227888290921,false,292.45375323483387,formal_m1_center_not_selected
primary,S002192,C055_QPP_N030_P140_A2_Q010,STATIONARY_QPP_PRESENT,31,0,3,VALID,-7.725220131825537,-2.698290383557918,false,299.99999999999994,formal_m1_center_not_selected
primary,S002193,C055_QPP_N030_P140_A2_Q010,STATIONARY_QPP_PRESENT,32,0,3,VALID,-7.627665986109825,-2.5687645569096276,false,251.19749756517888,formal_m1_center_not_selected
primary,S002194,C055_QPP_N030_P140_A2_Q010,STATIONARY_QPP_PRESENT,33,0,3,VALID,-7.738921349915124,-2.6668362798290772,false,299.99999999999994,formal_m1_center_not_selected
primary,S002195,C055_QPP_N030_P140_A2_Q010,STATIONARY_QPP_PRESENT,34,0,3,VALID,-7.689506726050702,-2.6388519121595806,false,299.99999999999994,formal_m1_center_not_selected
primary,S002196,C055_QPP_N030_P140_A2_Q010,STATIONARY_QPP_PRESENT,35,0,3,VALID,-7.686498969697958,-2.664542559945346,false,299.99999999999994,formal_m1_center_not_selected
primary,S002197,C055_QPP_N030_P140_A2_Q010,STATIONARY_QPP_PRESENT,36,0,3,VALID,-7.735695405563625,-2.6705577946508186,false,299.99999999999994,formal_m1_center_not_selected
primary,S002198,C055_QPP_N030_P140_A2_Q010,STATIONARY_QPP_PRESENT,37,0,3,VALID,-7.740193264295719,-2.634252086889191,false,299.99999999999994,formal_m1_center_not_selected
primary,S002199,C055_QPP_N030_P140_A2_Q010,STATIONARY_QPP_PRESENT,38,0,3,VALID,-7.600559139430111,-2.5353477813508647,false,277.83626606594896,formal_m1_center_not_selected
primary,S002200,C055_QPP_N030_P140_A2_Q010,STATIONARY_QPP_PRESENT,39,0,3,VALID,-7.6645006246704455,-2.5555709975096406,false,265.7188184429757,formal_m1_center_not_selected
primary,S002201,C056_QPP_N030_P140_A2_Q020,STATIONARY_QPP_PRESENT,0,0,3,VALID,-7.5353311353678905,-2.751193441521181,false,239.96358296293062,formal_m1_center_not_selected
primary,S002202,C056_QPP_N030_P140_A2_Q020,STATIONARY_QPP_PRESENT,1,0,3,VALID,-7.540788080305838,-2.5969673100041035,false,262.08503018219153,formal_m1_center_not_selected
primary,S002203,C056_QPP_N030_P140_A2_Q020,STATIONARY_QPP_PRESENT,2,0,3,VALID,-7.484851556465038,-2.5164762501901663,false,259.840221353342,formal_m1_center_not_selected
primary,S002204,C056_QPP_N030_P140_A2_Q020,STATIONARY_QPP_PRESENT,3,0,3,VALID,-7.6628226533226425,-2.623365792067915,false,299.9999910000457,formal_m1_center_not_selected
primary,S002205,C056_QPP_N030_P140_A2_Q020,STATIONARY_QPP_PRESENT,4,0,3,VALID,-7.658692650176079,-2.505904617322763,false,271.39032394767696,formal_m1_center_not_selected
primary,S002206,C056_QPP_N030_P140_A2_Q020,STATIONARY_QPP_PRESENT,5,0,3,VALID,-7.57382677776949,-2.5324423251118233,false,261.7257128754811,formal_m1_center_not_selected
primary,S002207,C056_QPP_N030_P140_A2_Q020,STATIONARY_QPP_PRESENT,6,0,3,VALID,-7.821959710925661,-2.681207317388072,false,299.99999999999994,formal_m1_center_not_selected
primary,S002208,C056_QPP_N030_P140_A2_Q020,STATIONARY_QPP_PRESENT,7,0,3,VALID,-7.645452724086418,-2.513139564422872,false,299.99973062384095,formal_m1_center_not_selected
primary,S002209,C056_QPP_N030_P140_A2_Q020,STATIONARY_QPP_PRESENT,8,0,3,VALID,-7.539877249095461,-2.614368472984509,false,299.99999999999994,formal_m1_center_not_selected
primary,S002210,C056_QPP_N030_P140_A2_Q020,STATIONARY_QPP_PRESENT,9,0,3,VALID,-7.691466708794103,-2.6622775788261137,false,297.7767966661233,formal_m1_center_not_selected
primary,S002211,C056_QPP_N030_P140_A2_Q020,STATIONARY_QPP_PRESENT,10,0,3,VALID,-7.607453066477042,-2.7956316786504516,false,275.8224795512973,formal_m1_center_not_selected
primary,S002212,C056_QPP_N030_P140_A2_Q020,STATIONARY_QPP_PRESENT,11,0,3,VALID,-7.737936199660581,-2.6720145870772143,false,133.6813151002709,formal_m1_center_not_selected
primary,S002213,C056_QPP_N030_P140_A2_Q020,STATIONARY_QPP_PRESENT,12,0,3,VALID,-7.655902059969073,-2.674165378493143,false,299.99999999999994,formal_m1_center_not_selected
primary,S002214,C056_QPP_N030_P140_A2_Q020,STATIONARY_QPP_PRESENT,13,0,3,VALID,-7.620585526971091,-2.6873276832079256,false,299.99999999999994,formal_m1_center_not_selected
primary,S002215,C056_QPP_N030_P140_A2_Q020,STATIONARY_QPP_PRESENT,14,0,3,VALID,-7.704101264376966,-2.555652066764331,false,299.99999999999994,formal_m1_center_not_selected
primary,S002216,C056_QPP_N030_P140_A2_Q020,STATIONARY_QPP_PRESENT,15,0,3,VALID,-7.732708878510316,-2.663076873648791,false,299.9998588810721,formal_m1_center_not_selected
primary,S002217,C056_QPP_N030_P140_A2_Q020,STATIONARY_QPP_PRESENT,16,0,3,VALID,-7.786473879527769,-2.618762853152859,false,250.57179442504005,formal_m1_center_not_selected
primary,S002218,C056_QPP_N030_P140_A2_Q020,STATIONARY_QPP_PRESENT,17,0,3,VALID,-7.628779120162498,-2.6253995777667996,false,260.9954939856368,formal_m1_center_not_selected
primary,S002219,C056_QPP_N030_P140_A2_Q020,STATIONARY_QPP_PRESENT,18,0,3,VALID,-7.749754920191911,-2.56308067187112,false,271.59721928866463,formal_m1_center_not_selected
primary,S002220,C056_QPP_N030_P140_A2_Q020,STATIONARY_QPP_PRESENT,19,0,3,VALID,-7.697521654237228,-2.6798521157525386,false,291.73843077462607,formal_m1_center_not_selected
primary,S002221,C056_QPP_N030_P140_A2_Q020,STATIONARY_QPP_PRESENT,20,0,3,VALID,-7.612990329597075,-2.480766100199226,false,114.25970092544732,formal_m1_center_not_selected
primary,S002222,C056_QPP_N030_P140_A2_Q020,STATIONARY_QPP_PRESENT,21,0,3,VALID,-7.549018728805557,-2.66085856053364,false,261.97828246000614,formal_m1_center_not_selected
primary,S002223,C056_QPP_N030_P140_A2_Q020,STATIONARY_QPP_PRESENT,22,0,3,VALID,-7.6215884300145476,-2.585810712273542,false,299.999859985623,formal_m1_center_not_selected
primary,S002224,C056_QPP_N030_P140_A2_Q020,STATIONARY_QPP_PRESENT,23,0,3,VALID,-7.693621365838958,-2.742521223877077,false,285.5636062885059,formal_m1_center_not_selected
primary,S002225,C056_QPP_N030_P140_A2_Q020,STATIONARY_QPP_PRESENT,24,0,3,VALID,-7.620553694763181,-2.599256141656113,false,299.9999806256241,formal_m1_center_not_selected
primary,S002226,C056_QPP_N030_P140_A2_Q020,STATIONARY_QPP_PRESENT,25,0,3,VALID,-7.730986432322418,-2.612049827207322,false,273.1461119017674,formal_m1_center_not_selected
primary,S002227,C056_QPP_N030_P140_A2_Q020,STATIONARY_QPP_PRESENT,26,0,3,VALID,-7.682708852840072,-2.706433819246314,false,289.2257694075031,formal_m1_center_not_selected
primary,S002228,C056_QPP_N030_P140_A2_Q020,STATIONARY_QPP_PRESENT,27,0,3,VALID,-7.738496458157869,-2.5951765537341274,false,299.9964619788876,formal_m1_center_not_selected
primary,S002229,C056_QPP_N030_P140_A2_Q020,STATIONARY_QPP_PRESENT,28,0,3,VALID,-7.7189569086163985,-2.6103715287366356,false,92.72870045322996,formal_m1_center_not_selected
primary,S002230,C056_QPP_N030_P140_A2_Q020,STATIONARY_QPP_PRESENT,29,0,3,VALID,-7.711886734616023,-2.639047872395963,false,299.9999880625073,formal_m1_center_not_selected
primary,S002231,C056_QPP_N030_P140_A2_Q020,STATIONARY_QPP_PRESENT,30,0,3,VALID,-7.746642781620899,-2.7073365339027546,false,299.99999999999994,formal_m1_center_not_selected
primary,S002232,C056_QPP_N030_P140_A2_Q020,STATIONARY_QPP_PRESENT,31,0,3,VALID,-7.761623452648102,-2.716698356878112,false,132.5338696608217,formal_m1_center_not_selected
primary,S002233,C056_QPP_N030_P140_A2_Q020,STATIONARY_QPP_PRESENT,32,0,3,VALID,-7.630891399120131,-2.543581746012684,false,299.9680267880194,formal_m1_center_not_selected
primary,S002234,C056_QPP_N030_P140_A2_Q020,STATIONARY_QPP_PRESENT,33,0,3,VALID,-7.696818674634223,-2.6768148026591945,false,299.96691296006674,formal_m1_center_not_selected
primary,S002235,C056_QPP_N030_P140_A2_Q020,STATIONARY_QPP_PRESENT,34,0,3,VALID,-7.6384844002895065,-2.638229303519708,false,299.99999999999994,formal_m1_center_not_selected
primary,S002236,C056_QPP_N030_P140_A2_Q020,STATIONARY_QPP_PRESENT,35,0,3,VALID,-7.635844355035125,-2.609846140311191,false,289.8053566306866,formal_m1_center_not_selected
primary,S002237,C056_QPP_N030_P140_A2_Q020,STATIONARY_QPP_PRESENT,36,0,3,VALID,-7.741687744381899,-2.7116501308870653,false,275.801604497526,formal_m1_center_not_selected
primary,S002238,C056_QPP_N030_P140_A2_Q020,STATIONARY_QPP_PRESENT,37,0,3,VALID,-7.6979510900913155,-2.595608773372817,false,299.99999999999994,formal_m1_center_not_selected
primary,S002239,C056_QPP_N030_P140_A2_Q020,STATIONARY_QPP_PRESENT,38,0,3,VALID,-7.594290452104026,-2.4974830662688134,false,299.9999604379596,formal_m1_center_not_selected
primary,S002240,C056_QPP_N030_P140_A2_Q020,STATIONARY_QPP_PRESENT,39,0,3,VALID,-7.642010190123862,-2.507729509239141,false,260.3546568485442,formal_m1_center_not_selected
primary,S002241,C057_QPP_N030_P140_A2_Q040,STATIONARY_QPP_PRESENT,0,0,3,VALID,-7.169727089273088,-2.779227289328034,false,169.60937756783832,formal_m1_center_not_selected
primary,S002242,C057_QPP_N030_P140_A2_Q040,STATIONARY_QPP_PRESENT,1,0,3,VALID,-7.498264865694004,-2.6844556240465067,false,299.99999999999994,formal_m1_center_not_selected
primary,S002243,C057_QPP_N030_P140_A2_Q040,STATIONARY_QPP_PRESENT,2,0,3,VALID,-7.322502193559153,-2.47304568999499,false,285.12850358572655,formal_m1_center_not_selected
primary,S002244,C057_QPP_N030_P140_A2_Q040,STATIONARY_QPP_PRESENT,3,0,3,VALID,-7.584738590596196,-2.659094179968122,false,171.25900565237225,formal_m1_center_not_selected
primary,S002245,C057_QPP_N030_P140_A2_Q040,STATIONARY_QPP_PRESENT,4,0,3,VALID,-7.654377696833556,-2.455165588825075,false,275.64178877043105,formal_m1_center_not_selected
primary,S002246,C057_QPP_N030_P140_A2_Q040,STATIONARY_QPP_PRESENT,5,0,3,VALID,-7.506333910775922,-2.433878949975231,false,259.7827973738703,formal_m1_center_not_selected
primary,S002247,C057_QPP_N030_P140_A2_Q040,STATIONARY_QPP_PRESENT,6,0,3,VALID,-7.606778945147468,-2.5958755375756937,false,132.99742479809106,formal_m1_center_not_selected
primary,S002248,C057_QPP_N030_P140_A2_Q040,STATIONARY_QPP_PRESENT,7,0,3,VALID,-7.682106774442545,-2.5575781300110236,false,121.28348923502165,formal_m1_center_not_selected
primary,S002249,C057_QPP_N030_P140_A2_Q040,STATIONARY_QPP_PRESENT,8,0,3,VALID,-7.37223859189006,-2.526932191363983,false,299.99999999999994,formal_m1_center_not_selected
primary,S002250,C057_QPP_N030_P140_A2_Q040,STATIONARY_QPP_PRESENT,9,0,3,VALID,-7.648871033862143,-2.719488025665406,false,172.88113944139567,formal_m1_center_not_selected
primary,S002251,C057_QPP_N030_P140_A2_Q040,STATIONARY_QPP_PRESENT,10,0,3,VALID,-7.200896026142452,-2.699143769021518,false,172.14139609464414,formal_m1_center_not_selected
primary,S002252,C057_QPP_N030_P140_A2_Q040,STATIONARY_QPP_PRESENT,11,0,3,VALID,-7.418422793641419,-2.561616700759238,false,133.2003830065848,formal_m1_center_not_selected
primary,S002253,C057_QPP_N030_P140_A2_Q040,STATIONARY_QPP_PRESENT,12,0,3,VALID,-7.489046469888905,-2.655375517179266,false,173.1225525098424,formal_m1_center_not_selected
primary,S002254,C057_QPP_N030_P140_A2_Q040,STATIONARY_QPP_PRESENT,13,0,3,VALID,-7.5437110064142345,-2.735747810376637,false,259.0953423705547,formal_m1_center_not_selected
primary,S002255,C057_QPP_N030_P140_A2_Q040,STATIONARY_QPP_PRESENT,14,0,3,VALID,-7.719524150394555,-2.5230823039390984,false,114.53115932073999,formal_m1_center_not_selected
primary,S002256,C057_QPP_N030_P140_A2_Q040,STATIONARY_QPP_PRESENT,15,0,3,VALID,-7.485437986405756,-2.593835808126151,false,133.7453559829267,formal_m1_center_not_selected
primary,S002257,C057_QPP_N030_P140_A2_Q040,STATIONARY_QPP_PRESENT,16,0,3,VALID,-7.737432449580801,-2.5777070168703773,false,113.97632361494848,formal_m1_center_not_selected
primary,S002258,C057_QPP_N030_P140_A2_Q040,STATIONARY_QPP_PRESENT,17,0,3,VALID,-7.58558794662364,-2.701216032854944,false,299.99999999999994,formal_m1_center_not_selected
primary,S002259,C057_QPP_N030_P140_A2_Q040,STATIONARY_QPP_PRESENT,18,0,3,VALID,-7.737387098536942,-2.516598942253445,false,106.14188645404604,formal_m1_center_not_selected
primary,S002260,C057_QPP_N030_P140_A2_Q040,STATIONARY_QPP_PRESENT,19,0,3,VALID,-7.50845948361998,-2.6355651841626155,false,264.2675974718148,formal_m1_center_not_selected
primary,S002261,C057_QPP_N030_P140_A2_Q040,STATIONARY_QPP_PRESENT,20,0,3,VALID,-7.316724630342414,-2.3244282546838875,false,114.71793293391049,formal_m1_center_not_selected
primary,S002262,C057_QPP_N030_P140_A2_Q040,STATIONARY_QPP_PRESENT,21,0,3,VALID,-7.325219278012135,-2.7481851257083605,false,173.86460998972,formal_m1_center_not_selected
primary,S002263,C057_QPP_N030_P140_A2_Q040,STATIONARY_QPP_PRESENT,22,0,3,VALID,-7.687537865870311,-2.638975568816356,false,132.70346093262347,formal_m1_center_not_selected
primary,S002264,C057_QPP_N030_P140_A2_Q040,STATIONARY_QPP_PRESENT,23,0,3,VALID,-7.509369906029768,-2.7063163560517722,false,170.92658032748463,formal_m1_center_not_selected
primary,S002265,C057_QPP_N030_P140_A2_Q040,STATIONARY_QPP_PRESENT,24,0,3,VALID,-7.571983126440109,-2.559597653517656,false,299.9999430946036,formal_m1_center_not_selected
primary,S002266,C057_QPP_N030_P140_A2_Q040,STATIONARY_QPP_PRESENT,25,0,3,VALID,-7.686798330204816,-2.533353664229921,false,114.23797806559861,formal_m1_center_not_selected
primary,S002267,C057_QPP_N030_P140_A2_Q040,STATIONARY_QPP_PRESENT,26,0,3,VALID,-7.52110871803098,-2.7021800114966155,false,170.64145494488542,formal_m1_center_not_selected
primary,S002268,C057_QPP_N030_P140_A2_Q040,STATIONARY_QPP_PRESENT,27,0,3,VALID,-7.647142419869972,-2.519988745793306,false,122.03174125370349,formal_m1_center_not_selected
primary,S002269,C057_QPP_N030_P140_A2_Q040,STATIONARY_QPP_PRESENT,28,0,3,VALID,-7.669445169080269,-2.8179784949166446,false,125.58711740085657,formal_m1_center_not_selected
primary,S002270,C057_QPP_N030_P140_A2_Q040,STATIONARY_QPP_PRESENT,29,0,3,VALID,-7.550009204828854,-2.587566044896718,false,136.58265526783464,formal_m1_center_not_selected
primary,S002271,C057_QPP_N030_P140_A2_Q040,STATIONARY_QPP_PRESENT,30,0,3,VALID,-7.703874210853357,-2.7355273123859547,false,134.50204297221578,formal_m1_center_not_selected
primary,S002272,C057_QPP_N030_P140_A2_Q040,STATIONARY_QPP_PRESENT,31,0,3,VALID,-7.46176078278102,-2.595999054639975,false,133.4922096767403,formal_m1_center_not_selected
primary,S002273,C057_QPP_N030_P140_A2_Q040,STATIONARY_QPP_PRESENT,32,0,3,VALID,-7.597501500142606,-2.4625136783704633,false,299.9994430843032,formal_m1_center_not_selected
primary,S002274,C057_QPP_N030_P140_A2_Q040,STATIONARY_QPP_PRESENT,33,0,3,VALID,-7.503241122294973,-2.63400502207908,false,259.9250108812933,formal_m1_center_not_selected
primary,S002275,C057_QPP_N030_P140_A2_Q040,STATIONARY_QPP_PRESENT,34,0,3,VALID,-7.4600155080035435,-2.58862297099283,false,283.6594559878763,formal_m1_center_not_selected
primary,S002276,C057_QPP_N030_P140_A2_Q040,STATIONARY_QPP_PRESENT,35,0,3,VALID,-7.521307436506426,-2.491544391651729,false,254.3822993993364,formal_m1_center_not_selected
primary,S002277,C057_QPP_N030_P140_A2_Q040,STATIONARY_QPP_PRESENT,36,0,3,VALID,-7.503895385555396,-2.6815086857840313,false,166.42661855482157,formal_m1_center_not_selected
primary,S002278,C057_QPP_N030_P140_A2_Q040,STATIONARY_QPP_PRESENT,37,0,3,VALID,-7.607861694036821,-2.5160466153197945,false,255.11439677895717,formal_m1_center_not_selected
primary,S002279,C057_QPP_N030_P140_A2_Q040,STATIONARY_QPP_PRESENT,38,0,3,VALID,-7.58600628334176,-2.438903042649514,false,299.9939763435171,formal_m1_center_not_selected
primary,S002280,C057_QPP_N030_P140_A2_Q040,STATIONARY_QPP_PRESENT,39,0,3,VALID,-7.617298157055899,-2.440026276477546,false,299.99884490835757,formal_m1_center_not_selected
primary,S002281,C058_QPP_N060_P050_A0_Q010,STATIONARY_QPP_PRESENT,0,0,3,VALID,-9.124758323589873,-3.046089663132477,false,54.36974623085392,formal_m1_center_not_selected
primary,S002282,C058_QPP_N060_P050_A0_Q010,STATIONARY_QPP_PRESENT,1,0,3,VALID,-6.338845446153812,-1.6987959582667145,false,42.315343148736055,formal_m1_center_not_selected
primary,S002283,C058_QPP_N060_P050_A0_Q010,STATIONARY_QPP_PRESENT,2,0,3,VALID,-7.168610756528693,-1.311239411226154,false,40.0,formal_m1_center_not_selected
primary,S002284,C058_QPP_N060_P050_A0_Q010,STATIONARY_QPP_PRESENT,3,0,3,VALID,-2.5524449659342565,3.493596281923203,false,50.538975977784204,formal_m1_center_not_selected
primary,S002285,C058_QPP_N060_P050_A0_Q010,STATIONARY_QPP_PRESENT,4,0,3,VALID,-6.280138286316401,-0.3928749005179668,false,47.967757115154555,formal_m1_center_not_selected
primary,S002286,C058_QPP_N060_P050_A0_Q010,STATIONARY_QPP_PRESENT,5,0,3,VALID,-9.245864550911506,-2.6197027184028343,false,92.52005120278923,formal_m1_center_not_selected
primary,S002287,C058_QPP_N060_P050_A0_Q010,STATIONARY_QPP_PRESENT,6,0,3,VALID,-9.432850557000393,-2.9313800437533075,false,44.779806901527806,formal_m1_center_not_selected
primary,S002288,C058_QPP_N060_P050_A0_Q010,STATIONARY_QPP_PRESENT,7,0,3,VALID,-9.059079289447823,-2.5381442407781094,false,53.114348294964536,formal_m1_center_not_selected
primary,S002289,C058_QPP_N060_P050_A0_Q010,STATIONARY_QPP_PRESENT,8,0,3,VALID,-4.252577663024027,1.5489545610290634,false,59.09299855589274,formal_m1_center_not_selected
primary,S002290,C058_QPP_N060_P050_A0_Q010,STATIONARY_QPP_PRESENT,9,0,3,VALID,-8.230232670904996,-2.030808618755941,false,53.946463836105735,formal_m1_center_not_selected
primary,S002291,C058_QPP_N060_P050_A0_Q010,STATIONARY_QPP_PRESENT,10,0,3,VALID,-8.570421090221657,-2.1173525475586814,false,51.33676365018515,formal_m1_center_not_selected
primary,S002292,C058_QPP_N060_P050_A0_Q010,STATIONARY_QPP_PRESENT,11,0,3,VALID,-8.953483606558223,-2.4369458364755587,false,46.43731412115823,formal_m1_center_not_selected
primary,S002293,C058_QPP_N060_P050_A0_Q010,STATIONARY_QPP_PRESENT,12,0,3,VALID,-9.05361211868032,-2.6488801749528648,false,54.79105703281675,formal_m1_center_not_selected
primary,S002294,C058_QPP_N060_P050_A0_Q010,STATIONARY_QPP_PRESENT,13,0,3,VALID,-9.315466145099748,-2.6664617419677086,false,78.96962129768409,formal_m1_center_not_selected
primary,S002295,C058_QPP_N060_P050_A0_Q010,STATIONARY_QPP_PRESENT,14,0,3,VALID,-8.00172887638459,-2.7095498003154717,false,74.6071408358633,formal_m1_center_not_selected
primary,S002296,C058_QPP_N060_P050_A0_Q010,STATIONARY_QPP_PRESENT,15,0,3,VALID,-9.551408478576661,-2.91652845331825,false,105.20233015116568,formal_m1_center_not_selected
primary,S002297,C058_QPP_N060_P050_A0_Q010,STATIONARY_QPP_PRESENT,16,0,3,VALID,-7.349761852342596,-1.217008591651478,false,51.20372901028233,formal_m1_center_not_selected
primary,S002298,C058_QPP_N060_P050_A0_Q010,STATIONARY_QPP_PRESENT,17,0,3,VALID,-8.31054567810446,-2.1070803451694076,false,97.2096018629366,formal_m1_center_not_selected
primary,S002299,C058_QPP_N060_P050_A0_Q010,STATIONARY_QPP_PRESENT,18,0,3,VALID,-7.934380692988725,-2.6914101619882445,false,49.192636039447954,formal_m1_center_not_selected
primary,S002300,C058_QPP_N060_P050_A0_Q010,STATIONARY_QPP_PRESENT,19,0,3,VALID,-9.65350287246713,-2.9549821112836696,false,93.20886235298318,formal_m1_center_not_selected
primary,S002301,C058_QPP_N060_P050_A0_Q010,STATIONARY_QPP_PRESENT,20,0,3,VALID,-9.009711373810688,-2.6991303325446836,false,40.0,formal_m1_center_not_selected
primary,S002302,C058_QPP_N060_P050_A0_Q010,STATIONARY_QPP_PRESENT,21,0,3,VALID,-7.206339957368499,-1.8253155873083529,false,46.39757509383369,formal_m1_center_not_selected
primary,S002303,C058_QPP_N060_P050_A0_Q010,STATIONARY_QPP_PRESENT,22,0,3,VALID,-7.349193971920073,-0.9467387824808782,false,50.37804278319958,formal_m1_center_not_selected
primary,S002304,C058_QPP_N060_P050_A0_Q010,STATIONARY_QPP_PRESENT,23,0,3,VALID,-9.250694856041235,-2.910947827368176,false,48.637165791008435,formal_m1_center_not_selected
primary,S002305,C058_QPP_N060_P050_A0_Q010,STATIONARY_QPP_PRESENT,24,0,3,VALID,-8.652476413509788,-2.2911850775718676,false,52.57280690230655,formal_m1_center_not_selected
primary,S002306,C058_QPP_N060_P050_A0_Q010,STATIONARY_QPP_PRESENT,25,0,3,VALID,-7.483024616748281,-1.0910381558524875,false,51.6413189827977,formal_m1_center_not_selected
primary,S002307,C058_QPP_N060_P050_A0_Q010,STATIONARY_QPP_PRESENT,26,0,3,VALID,-7.67746447062251,-1.1740851452395873,false,48.20062930627332,formal_m1_center_not_selected
primary,S002308,C058_QPP_N060_P050_A0_Q010,STATIONARY_QPP_PRESENT,27,0,3,VALID,-8.939691133350152,-2.467838769523155,false,45.295008014225566,formal_m1_center_not_selected
primary,S002309,C058_QPP_N060_P050_A0_Q010,STATIONARY_QPP_PRESENT,28,0,3,VALID,-9.300289337059667,-2.7626528873645952,false,116.94015464717282,formal_m1_center_not_selected
primary,S002310,C058_QPP_N060_P050_A0_Q010,STATIONARY_QPP_PRESENT,29,0,3,VALID,-8.374098595524714,-1.9046708207150687,false,46.16552306885894,formal_m1_center_not_selected
primary,S002311,C058_QPP_N060_P050_A0_Q010,STATIONARY_QPP_PRESENT,30,0,3,VALID,-6.673929050289587,-0.3357515594559004,false,46.92722075718193,formal_m1_center_not_selected
primary,S002312,C058_QPP_N060_P050_A0_Q010,STATIONARY_QPP_PRESENT,31,0,3,VALID,-6.697636432962042,-0.5332486647150745,false,53.37178482787096,formal_m1_center_not_selected
primary,S002313,C058_QPP_N060_P050_A0_Q010,STATIONARY_QPP_PRESENT,32,0,3,VALID,-7.113642698867864,-0.5876643557228931,false,52.35457089561002,formal_m1_center_not_selected
primary,S002314,C058_QPP_N060_P050_A0_Q010,STATIONARY_QPP_PRESENT,33,0,3,VALID,-7.611453977006676,-1.460259743486091,false,44.698835811013225,formal_m1_center_not_selected
primary,S002315,C058_QPP_N060_P050_A0_Q010,STATIONARY_QPP_PRESENT,34,0,3,VALID,-9.621719087911714,-3.086280554195241,false,57.235426812609965,formal_m1_center_not_selected
primary,S002316,C058_QPP_N060_P050_A0_Q010,STATIONARY_QPP_PRESENT,35,0,3,VALID,-9.106988274074581,-2.8477824049335823,false,41.86694159090726,formal_m1_center_not_selected
primary,S002317,C058_QPP_N060_P050_A0_Q010,STATIONARY_QPP_PRESENT,36,0,3,VALID,-6.417909243626326,-0.5801190020968647,false,48.56378821809943,formal_m1_center_not_selected
primary,S002318,C058_QPP_N060_P050_A0_Q010,STATIONARY_QPP_PRESENT,37,0,3,VALID,-8.944744011995652,-2.830636690817073,false,49.86867345347189,formal_m1_center_not_selected
primary,S002319,C058_QPP_N060_P050_A0_Q010,STATIONARY_QPP_PRESENT,38,0,3,VALID,-8.841457607846195,-2.4308052613436075,false,64.60040394727017,formal_m1_center_not_selected
primary,S002320,C058_QPP_N060_P050_A0_Q010,STATIONARY_QPP_PRESENT,39,0,3,VALID,-8.10791524747708,-2.23498513021579,false,102.1157542602597,formal_m1_center_not_selected
primary,S002321,C059_QPP_N060_P050_A0_Q020,STATIONARY_QPP_PRESENT,0,0,3,VALID,-6.7299663924829645,-1.0668708539758995,false,52.298956871540994,formal_m1_center_not_selected
primary,S002322,C059_QPP_N060_P050_A0_Q020,STATIONARY_QPP_PRESENT,1,0,3,VALID,-5.28319741528847,-0.7417177901048717,false,45.850778194141085,formal_m1_center_not_selected
primary,S002323,C059_QPP_N060_P050_A0_Q020,STATIONARY_QPP_PRESENT,2,0,3,VALID,-8.004218019904442,-2.473789388128438,false,41.52507857129519,formal_m1_center_not_selected
primary,S002324,C059_QPP_N060_P050_A0_Q020,STATIONARY_QPP_PRESENT,3,0,3,VALID,3.5470425208185077,9.3448758077771,false,50.584712654061256,formal_m1_center_not_selected
primary,S002325,C059_QPP_N060_P050_A0_Q020,STATIONARY_QPP_PRESENT,4,0,3,VALID,-2.2084154739206667,2.643304802386865,false,48.80765843977294,formal_m1_center_not_selected
primary,S002326,C059_QPP_N060_P050_A0_Q020,STATIONARY_QPP_PRESENT,5,0,3,VALID,-8.0005294050234,-1.721633774725717,false,48.8736569318061,formal_m1_center_not_selected
primary,S002327,C059_QPP_N060_P050_A0_Q020,STATIONARY_QPP_PRESENT,6,0,3,VALID,-9.46285477164841,-2.8762998231826487,false,48.4775851248079,formal_m1_center_not_selected
primary,S002328,C059_QPP_N060_P050_A0_Q020,STATIONARY_QPP_PRESENT,7,0,3,VALID,-5.839668446844001,0.5095480662115506,false,52.18687532297963,formal_m1_center_not_selected
primary,S002329,C059_QPP_N060_P050_A0_Q020,STATIONARY_QPP_PRESENT,8,0,3,VALID,-2.18946714511614,3.4132539585783945,false,56.79289211902301,formal_m1_center_not_selected
primary,S002330,C059_QPP_N060_P050_A0_Q020,STATIONARY_QPP_PRESENT,9,0,3,VALID,-6.402214088021083,-0.41441776114467643,false,52.10804889158884,formal_m1_center_not_selected
primary,S002331,C059_QPP_N060_P050_A0_Q020,STATIONARY_QPP_PRESENT,10,0,3,VALID,-3.970519833748199,2.2579473786551887,false,50.79725370845497,formal_m1_center_not_selected
primary,S002332,C059_QPP_N060_P050_A0_Q020,STATIONARY_QPP_PRESENT,11,0,3,VALID,-8.012310408327181,-1.632814854607119,false,47.43961759388788,formal_m1_center_not_selected
primary,S002333,C059_QPP_N060_P050_A0_Q020,STATIONARY_QPP_PRESENT,12,0,3,VALID,-6.762895464767723,-0.5692527822307056,false,52.795360543491455,formal_m1_center_not_selected
primary,S002334,C059_QPP_N060_P050_A0_Q020,STATIONARY_QPP_PRESENT,13,0,3,VALID,-9.077203665225085,-2.467573855868295,false,51.805798773226776,formal_m1_center_not_selected
primary,S002335,C059_QPP_N060_P050_A0_Q020,STATIONARY_QPP_PRESENT,14,0,3,VALID,-8.398041394625494,-1.880961249623482,false,74.58726144832022,formal_m1_center_not_selected
primary,S002336,C059_QPP_N060_P050_A0_Q020,STATIONARY_QPP_PRESENT,15,0,3,VALID,-7.718056420688896,-1.2719033856417639,false,51.62119187858194,formal_m1_center_not_selected
primary,S002337,C059_QPP_N060_P050_A0_Q020,STATIONARY_QPP_PRESENT,16,0,3,VALID,-2.274857367489716,3.8296175373250776,false,51.31552899981903,formal_m1_center_not_selected
primary,S002338,C059_QPP_N060_P050_A0_Q020,STATIONARY_QPP_PRESENT,17,0,3,VALID,-6.380148587949577,-1.146225677663665,false,48.299244620978605,formal_m1_center_not_selected
primary,S002339,C059_QPP_N060_P050_A0_Q020,STATIONARY_QPP_PRESENT,18,0,3,VALID,-3.49905747373694,1.026095295610304,false,49.25688675517538,formal_m1_center_not_selected
primary,S002340,C059_QPP_N060_P050_A0_Q020,STATIONARY_QPP_PRESENT,19,0,3,VALID,-8.023691924137779,-1.5380101753091822,false,50.22271985641615,formal_m1_center_not_selected
primary,S002341,C059_QPP_N060_P050_A0_Q020,STATIONARY_QPP_PRESENT,20,0,3,VALID,-9.581448536960721,-3.340235064163352,false,42.49720970286027,formal_m1_center_not_selected
primary,S002342,C059_QPP_N060_P050_A0_Q020,STATIONARY_QPP_PRESENT,21,0,3,VALID,-3.2633816450357074,2.4376631552116237,false,46.78672084042659,formal_m1_center_not_selected
primary,S002343,C059_QPP_N060_P050_A0_Q020,STATIONARY_QPP_PRESENT,22,0,3,VALID,-3.3858313782677385,2.7394949356397262,false,50.475137565832384,formal_m1_center_not_selected
primary,S002344,C059_QPP_N060_P050_A0_Q020,STATIONARY_QPP_PRESENT,23,0,3,VALID,-6.590926506770273,-0.7652478476472311,false,48.81076371002259,formal_m1_center_not_selected
primary,S002345,C059_QPP_N060_P050_A0_Q020,STATIONARY_QPP_PRESENT,24,0,3,VALID,-5.003793402834646,1.154187618744146,false,51.816675711033426,formal_m1_center_not_selected
primary,S002346,C059_QPP_N060_P050_A0_Q020,STATIONARY_QPP_PRESENT,25,0,3,VALID,-3.3665118282746107,2.9623777320578313,false,51.497372417780404,formal_m1_center_not_selected
primary,S002347,C059_QPP_N060_P050_A0_Q020,STATIONARY_QPP_PRESENT,26,0,3,VALID,-3.949704825029812,2.1326437199967074,false,48.80998324518115,formal_m1_center_not_selected
primary,S002348,C059_QPP_N060_P050_A0_Q020,STATIONARY_QPP_PRESENT,27,0,3,VALID,-6.672110892778619,-0.3636245436953516,false,47.669456086221714,formal_m1_center_not_selected
primary,S002349,C059_QPP_N060_P050_A0_Q020,STATIONARY_QPP_PRESENT,28,0,3,VALID,-8.618572028779369,-2.216211364726746,false,55.660268163581755,formal_m1_center_not_selected
primary,S002350,C059_QPP_N060_P050_A0_Q020,STATIONARY_QPP_PRESENT,29,0,3,VALID,-9.430696992691765,-2.8946514357711806,false,50.50203877406358,formal_m1_center_not_selected
primary,S002351,C059_QPP_N060_P050_A0_Q020,STATIONARY_QPP_PRESENT,30,0,3,VALID,-4.574044990833016,1.7423833276783967,false,47.751411219092226,formal_m1_center_not_selected
primary,S002352,C059_QPP_N060_P050_A0_Q020,STATIONARY_QPP_PRESENT,31,0,3,VALID,-2.003750505306243,3.821554753739292,false,50.25267014372609,formal_m1_center_not_selected
primary,S002353,C059_QPP_N060_P050_A0_Q020,STATIONARY_QPP_PRESENT,32,0,3,VALID,-1.7266356927339075,4.485972920852959,false,52.04470940231782,formal_m1_center_not_selected
primary,S002354,C059_QPP_N060_P050_A0_Q020,STATIONARY_QPP_PRESENT,33,0,3,VALID,-6.422163495843932,-0.4805070087851391,false,45.77065524692554,formal_m1_center_not_selected
primary,S002355,C059_QPP_N060_P050_A0_Q020,STATIONARY_QPP_PRESENT,34,0,3,VALID,-8.239561630631954,-1.83285558542417,false,54.57567335346331,formal_m1_center_not_selected
primary,S002356,C059_QPP_N060_P050_A0_Q020,STATIONARY_QPP_PRESENT,35,0,3,VALID,-8.49179421088877,-2.422526520468722,false,52.36128909447305,formal_m1_center_not_selected
primary,S002357,C059_QPP_N060_P050_A0_Q020,STATIONARY_QPP_PRESENT,36,0,3,VALID,-2.819849168270906,2.618928731112703,false,48.52984598549734,formal_m1_center_not_selected
primary,S002358,C059_QPP_N060_P050_A0_Q020,STATIONARY_QPP_PRESENT,37,0,3,VALID,-6.762404337951608,-1.3281718511896088,false,49.2579348522632,formal_m1_center_not_selected
primary,S002359,C059_QPP_N060_P050_A0_Q020,STATIONARY_QPP_PRESENT,38,0,3,VALID,-9.002758103155685,-3.3397771874057867,false,48.969573744988125,formal_m1_center_not_selected
primary,S002360,C059_QPP_N060_P050_A0_Q020,STATIONARY_QPP_PRESENT,39,0,3,VALID,-8.137584408498668,-2.6549888582289043,false,102.18881308932123,formal_m1_center_not_selected
primary,S002361,C060_QPP_N060_P050_A0_Q040,STATIONARY_QPP_PRESENT,0,0,3,VALID,1.771849973660892,6.509483203458899,false,51.415604622423736,formal_m1_center_not_selected
primary,S002362,C060_QPP_N060_P050_A0_Q040,STATIONARY_QPP_PRESENT,1,0,3,VALID,2.4517745665962423,7.1576609426994935,false,49.35430477837142,formal_m1_center_not_selected
primary,S002363,C060_QPP_N060_P050_A0_Q040,STATIONARY_QPP_PRESENT,2,0,3,VALID,0.5332214951280037,5.129380205742933,false,49.24749038822551,formal_m1_center_not_selected
primary,S002364,C060_QPP_N060_P050_A0_Q040,STATIONARY_QPP_PRESENT,3,0,3,VALID,14.044737742186129,18.934410989119783,true,50.578496599764975,recovered_period_selected
primary,S002365,C060_QPP_N060_P050_A0_Q040,STATIONARY_QPP_PRESENT,4,0,3,VALID,9.811076906630262,15.076777149277035,false,50.27501895196659,formal_m1_center_not_selected
primary,S002366,C060_QPP_N060_P050_A0_Q040,STATIONARY_QPP_PRESENT,5,0,3,VALID,1.5888500962987848,6.883416698374475,false,49.61376940397155,formal_m1_center_not_selected
primary,S002367,C060_QPP_N060_P050_A0_Q040,STATIONARY_QPP_PRESENT,6,0,3,VALID,-1.8308180678822055,4.250190000268049,false,50.61172856278684,formal_m1_center_not_selected
primary,S002368,C060_QPP_N060_P050_A0_Q040,STATIONARY_QPP_PRESENT,7,0,3,VALID,3.4755052745998114,9.446920759518122,false,51.25212836925032,formal_m1_center_not_selected
primary,S002369,C060_QPP_N060_P050_A0_Q040,STATIONARY_QPP_PRESENT,8,0,3,VALID,4.28680013561538,9.76457054002151,false,54.89953621745112,formal_m1_center_not_selected
primary,S002370,C060_QPP_N060_P050_A0_Q040,STATIONARY_QPP_PRESENT,9,0,3,VALID,4.221571250946738,9.442685232107834,false,50.11115333721418,formal_m1_center_not_selected
primary,S002371,C060_QPP_N060_P050_A0_Q040,STATIONARY_QPP_PRESENT,10,0,3,VALID,6.087208047046516,12.10161084080795,false,50.51502111824763,formal_m1_center_not_selected
primary,S002372,C060_QPP_N060_P050_A0_Q040,STATIONARY_QPP_PRESENT,11,0,3,VALID,-1.225436775220487,4.193559895975056,false,49.2616285023946,formal_m1_center_not_selected
primary,S002373,C060_QPP_N060_P050_A0_Q040,STATIONARY_QPP_PRESENT,12,0,3,VALID,1.8489409314098566,7.377371169342041,false,51.86484564561004,formal_m1_center_not_selected
primary,S002374,C060_QPP_N060_P050_A0_Q040,STATIONARY_QPP_PRESENT,13,0,3,VALID,-1.0097555337322603,4.938031443451905,false,50.39364857852261,formal_m1_center_not_selected
primary,S002375,C060_QPP_N060_P050_A0_Q040,STATIONARY_QPP_PRESENT,14,0,3,VALID,-3.8979470368315674,2.347801004410229,false,50.53568756958607,formal_m1_center_not_selected
primary,S002376,C060_QPP_N060_P050_A0_Q040,STATIONARY_QPP_PRESENT,15,0,3,VALID,2.543323865026281,8.67912912818818,false,51.20998347670419,formal_m1_center_not_selected
primary,S002377,C060_QPP_N060_P050_A0_Q040,STATIONARY_QPP_PRESENT,16,0,3,VALID,7.667816204506067,13.178307337972768,false,51.34573416710265,formal_m1_center_not_selected
primary,S002378,C060_QPP_N060_P050_A0_Q040,STATIONARY_QPP_PRESENT,17,0,3,VALID,3.5119598665309013,9.114919838190787,false,49.04055481613935,formal_m1_center_not_selected
primary,S002379,C060_QPP_N060_P050_A0_Q040,STATIONARY_QPP_PRESENT,18,0,3,VALID,6.7622543124190315,10.811634944551031,false,49.37175107776684,formal_m1_center_not_selected
primary,S002380,C060_QPP_N060_P050_A0_Q040,STATIONARY_QPP_PRESENT,19,0,3,VALID,1.5759255134048544,7.723656581221121,false,50.742342075000465,formal_m1_center_not_selected
primary,S002381,C060_QPP_N060_P050_A0_Q040,STATIONARY_QPP_PRESENT,20,0,3,VALID,-4.71318958771306,0.871960293631787,false,49.84172939706907,formal_m1_center_not_selected
primary,S002382,C060_QPP_N060_P050_A0_Q040,STATIONARY_QPP_PRESENT,21,0,3,VALID,6.925501932924277,12.04386016470363,false,47.6891977929567,formal_m1_center_not_selected
primary,S002383,C060_QPP_N060_P050_A0_Q040,STATIONARY_QPP_PRESENT,22,0,3,VALID,6.720160280710019,11.530918542385734,false,50.63666018376927,formal_m1_center_not_selected
primary,S002384,C060_QPP_N060_P050_A0_Q040,STATIONARY_QPP_PRESENT,23,0,3,VALID,1.2864538474219103,6.959643659216681,false,49.070323017638934,formal_m1_center_not_selected
primary,S002385,C060_QPP_N060_P050_A0_Q040,STATIONARY_QPP_PRESENT,24,0,3,VALID,5.0041601908034465,10.209754457922969,false,51.08300643614104,formal_m1_center_not_selected
primary,S002386,C060_QPP_N060_P050_A0_Q040,STATIONARY_QPP_PRESENT,25,0,3,VALID,5.92397828077867,11.185407358299301,false,51.350076218200655,formal_m1_center_not_selected
primary,S002387,C060_QPP_N060_P050_A0_Q040,STATIONARY_QPP_PRESENT,26,0,3,VALID,5.349041366439337,10.196426677301673,false,49.35327991089322,formal_m1_center_not_selected
primary,S002388,C060_QPP_N060_P050_A0_Q040,STATIONARY_QPP_PRESENT,27,0,3,VALID,3.917931152048965,9.391090175853293,false,48.29243268725403,formal_m1_center_not_selected
primary,S002389,C060_QPP_N060_P050_A0_Q040,STATIONARY_QPP_PRESENT,28,0,3,VALID,-3.9670772119512208,1.7662517208358963,false,52.25169324647637,formal_m1_center_not_selected
primary,S002390,C060_QPP_N060_P050_A0_Q040,STATIONARY_QPP_PRESENT,29,0,3,VALID,-0.47652952982289776,5.697620863900767,false,50.88164238162736,formal_m1_center_not_selected
primary,S002391,C060_QPP_N060_P050_A0_Q040,STATIONARY_QPP_PRESENT,30,0,3,VALID,4.004109119492284,9.677692730410143,false,49.495588794290335,formal_m1_center_not_selected
primary,S002392,C060_QPP_N060_P050_A0_Q040,STATIONARY_QPP_PRESENT,31,0,3,VALID,7.997052282957156,13.249132254195416,false,50.50090462663378,formal_m1_center_not_selected
primary,S002393,C060_QPP_N060_P050_A0_Q040,STATIONARY_QPP_PRESENT,32,0,3,VALID,10.857789167456076,16.71668346514187,true,51.29857764957462,recovered_period_selected
primary,S002394,C060_QPP_N060_P050_A0_Q040,STATIONARY_QPP_PRESENT,33,0,3,VALID,1.5272697187837139,6.259723298309012,false,47.553802666387384,formal_m1_center_not_selected
primary,S002395,C060_QPP_N060_P050_A0_Q040,STATIONARY_QPP_PRESENT,34,0,3,VALID,-0.050634611703429755,6.185268458008068,false,51.99120395861391,formal_m1_center_not_selected
primary,S002396,C060_QPP_N060_P050_A0_Q040,STATIONARY_QPP_PRESENT,35,0,3,VALID,-1.1976256142415025,4.132006549576857,false,51.45716147829159,formal_m1_center_not_selected
primary,S002397,C060_QPP_N060_P050_A0_Q040,STATIONARY_QPP_PRESENT,36,0,3,VALID,8.29060828253418,12.832590770781252,false,48.61523979157928,formal_m1_center_not_selected
primary,S002398,C060_QPP_N060_P050_A0_Q040,STATIONARY_QPP_PRESENT,37,0,3,VALID,3.420090553717074,8.60165302948161,false,49.11464854795492,formal_m1_center_not_selected
primary,S002399,C060_QPP_N060_P050_A0_Q040,STATIONARY_QPP_PRESENT,38,0,3,VALID,-1.484944016189644,3.6872714509338493,false,49.392247655861674,formal_m1_center_not_selected
primary,S002400,C060_QPP_N060_P050_A0_Q040,STATIONARY_QPP_PRESENT,39,0,3,VALID,-2.149434923162346,4.075145687781145,false,48.656141979843994,formal_m1_center_not_selected
primary,S002401,C061_QPP_N060_P050_A1_Q010,STATIONARY_QPP_PRESENT,0,0,3,VALID,-9.70459371082859,-3.1428364184514805,false,60.55883519465551,formal_m1_center_not_selected
primary,S002402,C061_QPP_N060_P050_A1_Q010,STATIONARY_QPP_PRESENT,1,0,3,VALID,-5.942658787949,0.16611792574619244,false,49.94517270947986,formal_m1_center_not_selected
primary,S002403,C061_QPP_N060_P050_A1_Q010,STATIONARY_QPP_PRESENT,2,0,3,VALID,-8.326123101470756,-2.2484404272337883,false,52.00498310758014,formal_m1_center_not_selected
primary,S002404,C061_QPP_N060_P050_A1_Q010,STATIONARY_QPP_PRESENT,3,0,3,VALID,-9.144714250941632,-2.697520801085062,false,42.02669579326928,formal_m1_center_not_selected
primary,S002405,C061_QPP_N060_P050_A1_Q010,STATIONARY_QPP_PRESENT,4,0,3,VALID,-8.647602062980525,-2.5649369022478368,false,51.01299596794861,formal_m1_center_not_selected
primary,S002406,C061_QPP_N060_P050_A1_Q010,STATIONARY_QPP_PRESENT,5,0,3,VALID,-9.381281845406448,-3.3248647873950006,false,61.29884038702146,formal_m1_center_not_selected
primary,S002407,C061_QPP_N060_P050_A1_Q010,STATIONARY_QPP_PRESENT,6,0,3,VALID,-8.921853395125481,-2.5480031277228363,false,53.51304253639989,formal_m1_center_not_selected
primary,S002408,C061_QPP_N060_P050_A1_Q010,STATIONARY_QPP_PRESENT,7,0,3,VALID,-8.961909243239774,-3.196819167183804,false,61.28079638401995,formal_m1_center_not_selected
primary,S002409,C061_QPP_N060_P050_A1_Q010,STATIONARY_QPP_PRESENT,8,0,3,VALID,-7.990280043462661,-2.1274630006128064,false,44.41904147204527,formal_m1_center_not_selected
primary,S002410,C061_QPP_N060_P050_A1_Q010,STATIONARY_QPP_PRESENT,9,0,3,VALID,-5.815006404327363,0.13373171514260207,false,49.12199640266981,formal_m1_center_not_selected
primary,S002411,C061_QPP_N060_P050_A1_Q010,STATIONARY_QPP_PRESENT,10,0,3,VALID,-8.822103395668051,-2.1154627050407555,false,53.653527447461165,formal_m1_center_not_selected
primary,S002412,C061_QPP_N060_P050_A1_Q010,STATIONARY_QPP_PRESENT,11,0,3,VALID,-9.471565633702028,-3.1482883113254445,false,59.474907378600214,formal_m1_center_not_selected
primary,S002413,C061_QPP_N060_P050_A1_Q010,STATIONARY_QPP_PRESENT,12,0,3,VALID,-4.186422748285082,1.913751195336033,false,50.222474580581064,formal_m1_center_not_selected
primary,S002414,C061_QPP_N060_P050_A1_Q010,STATIONARY_QPP_PRESENT,13,0,3,VALID,-7.9277476930919875,-1.5072487593006088,false,57.10692469983132,formal_m1_center_not_selected
primary,S002415,C061_QPP_N060_P050_A1_Q010,STATIONARY_QPP_PRESENT,14,0,3,VALID,-8.25898145229857,-1.8438652873183514,false,49.02698013306521,formal_m1_center_not_selected
primary,S002416,C061_QPP_N060_P050_A1_Q010,STATIONARY_QPP_PRESENT,15,0,3,VALID,-9.429897421676856,-2.8882942916638115,false,46.42429738894937,formal_m1_center_not_selected
primary,S002417,C061_QPP_N060_P050_A1_Q010,STATIONARY_QPP_PRESENT,16,0,3,VALID,-7.60676292834907,-1.264836863995498,false,54.273957366988036,formal_m1_center_not_selected
primary,S002418,C061_QPP_N060_P050_A1_Q010,STATIONARY_QPP_PRESENT,17,0,3,VALID,-4.186217934396694,2.1788785394980152,false,51.2910579692351,formal_m1_center_not_selected
primary,S002419,C061_QPP_N060_P050_A1_Q010,STATIONARY_QPP_PRESENT,18,0,3,VALID,-9.73582636159395,-3.056918082807698,false,49.58591649056269,formal_m1_center_not_selected
primary,S002420,C061_QPP_N060_P050_A1_Q010,STATIONARY_QPP_PRESENT,19,0,3,VALID,-9.573243268918446,-2.9577462255873,false,52.2028189862322,formal_m1_center_not_selected
primary,S002421,C061_QPP_N060_P050_A1_Q010,STATIONARY_QPP_PRESENT,20,0,3,VALID,-7.4431305670381676,-1.240351260430515,false,49.40305120587546,formal_m1_center_not_selected
primary,S002422,C061_QPP_N060_P050_A1_Q010,STATIONARY_QPP_PRESENT,21,0,3,VALID,-7.660511061207188,-1.2641804307185112,false,52.30548379933224,formal_m1_center_not_selected
primary,S002423,C061_QPP_N060_P050_A1_Q010,STATIONARY_QPP_PRESENT,22,0,3,VALID,-5.756166045066578,-0.9221516422160221,false,53.45865171390072,formal_m1_center_not_selected
primary,S002424,C061_QPP_N060_P050_A1_Q010,STATIONARY_QPP_PRESENT,23,0,3,VALID,-9.151423121784376,-2.817114189192637,false,49.21386536790827,formal_m1_center_not_selected
primary,S002425,C061_QPP_N060_P050_A1_Q010,STATIONARY_QPP_PRESENT,24,0,3,VALID,-8.09784136941596,-1.6751434163500392,false,48.427348210282425,formal_m1_center_not_selected
primary,S002426,C061_QPP_N060_P050_A1_Q010,STATIONARY_QPP_PRESENT,25,0,3,VALID,-9.296769499317548,-3.014068795052424,false,51.97046308979843,formal_m1_center_not_selected
primary,S002427,C061_QPP_N060_P050_A1_Q010,STATIONARY_QPP_PRESENT,26,0,3,VALID,-8.455818468246179,-2.338635080577859,false,53.774145397444556,formal_m1_center_not_selected
primary,S002428,C061_QPP_N060_P050_A1_Q010,STATIONARY_QPP_PRESENT,27,0,3,VALID,-9.698033979588132,-3.26556903221595,false,54.64910010686177,formal_m1_center_not_selected
primary,S002429,C061_QPP_N060_P050_A1_Q010,STATIONARY_QPP_PRESENT,28,0,3,VALID,-8.371451987169053,-2.7843977768224306,false,43.84522221919635,formal_m1_center_not_selected
primary,S002430,C061_QPP_N060_P050_A1_Q010,STATIONARY_QPP_PRESENT,29,0,3,VALID,-8.130863713444995,-2.371350761960457,false,59.52066059457593,formal_m1_center_not_selected
primary,S002431,C061_QPP_N060_P050_A1_Q010,STATIONARY_QPP_PRESENT,30,0,3,VALID,-7.911894862573405,-1.7448823144898995,false,48.84445310062288,formal_m1_center_not_selected
primary,S002432,C061_QPP_N060_P050_A1_Q010,STATIONARY_QPP_PRESENT,31,0,3,VALID,-9.166544188976786,-2.795505267748098,false,48.92852029614931,formal_m1_center_not_selected
primary,S002433,C061_QPP_N060_P050_A1_Q010,STATIONARY_QPP_PRESENT,32,0,3,VALID,-8.926910664376067,-2.5846682992114722,false,48.83329776672474,formal_m1_center_not_selected
primary,S002434,C061_QPP_N060_P050_A1_Q010,STATIONARY_QPP_PRESENT,33,0,3,VALID,-6.424817689563412,0.08190101340963452,false,50.979098174673666,formal_m1_center_not_selected
primary,S002435,C061_QPP_N060_P050_A1_Q010,STATIONARY_QPP_PRESENT,34,0,3,VALID,-8.890658380861623,-2.4318801410528295,false,52.002703805703966,formal_m1_center_not_selected
primary,S002436,C061_QPP_N060_P050_A1_Q010,STATIONARY_QPP_PRESENT,35,0,3,VALID,-7.6188334605118655,-1.2571778202468806,false,49.02335623999182,formal_m1_center_not_selected
primary,S002437,C061_QPP_N060_P050_A1_Q010,STATIONARY_QPP_PRESENT,36,0,3,VALID,-4.5945852972651835,1.8354105106124905,false,47.243188783605305,formal_m1_center_not_selected
primary,S002438,C061_QPP_N060_P050_A1_Q010,STATIONARY_QPP_PRESENT,37,0,3,VALID,-8.912104241865023,-2.2745395488254303,false,72.91423777925374,formal_m1_center_not_selected
primary,S002439,C061_QPP_N060_P050_A1_Q010,STATIONARY_QPP_PRESENT,38,0,3,VALID,-8.280046875057366,-2.473709980868989,false,45.961635449882344,formal_m1_center_not_selected
primary,S002440,C061_QPP_N060_P050_A1_Q010,STATIONARY_QPP_PRESENT,39,0,3,VALID,-7.105533057121903,-1.2533850081041464,false,47.64482065986357,formal_m1_center_not_selected
primary,S002441,C062_QPP_N060_P050_A1_Q020,STATIONARY_QPP_PRESENT,0,0,3,VALID,-7.356622461915805,-1.211498692989096,false,49.91441772453547,formal_m1_center_not_selected
primary,S002442,C062_QPP_N060_P050_A1_Q020,STATIONARY_QPP_PRESENT,1,0,3,VALID,-0.45641209243211733,5.724655493002359,false,50.23737314820199,formal_m1_center_not_selected
primary,S002443,C062_QPP_N060_P050_A1_Q020,STATIONARY_QPP_PRESENT,2,0,3,VALID,-2.554834819452026,3.063945093619168,false,51.66900896233721,formal_m1_center_not_selected
primary,S002444,C062_QPP_N060_P050_A1_Q020,STATIONARY_QPP_PRESENT,3,0,3,VALID,-9.29456661820717,-2.8934288295665453,false,51.092043384647134,formal_m1_center_not_selected
primary,S002445,C062_QPP_N060_P050_A1_Q020,STATIONARY_QPP_PRESENT,4,0,3,VALID,-5.334028560940482,0.7753176448721604,false,50.095724700532735,formal_m1_center_not_selected
primary,S002446,C062_QPP_N060_P050_A1_Q020,STATIONARY_QPP_PRESENT,5,0,3,VALID,-9.591152413539305,-3.0900219677803022,false,50.33900379222632,formal_m1_center_not_selected
primary,S002447,C062_QPP_N060_P050_A1_Q020,STATIONARY_QPP_PRESENT,6,0,3,VALID,-5.4729073513074695,0.7254346325134122,false,50.50680409464167,formal_m1_center_not_selected
primary,S002448,C062_QPP_N060_P050_A1_Q020,STATIONARY_QPP_PRESENT,7,0,3,VALID,-8.132911081681101,-1.5977103763746356,false,55.876915910980024,formal_m1_center_not_selected
primary,S002449,C062_QPP_N060_P050_A1_Q020,STATIONARY_QPP_PRESENT,8,0,3,VALID,-8.127548472517333,-2.004667506628465,false,46.46305683099282,formal_m1_center_not_selected
primary,S002450,C062_QPP_N060_P050_A1_Q020,STATIONARY_QPP_PRESENT,9,0,3,VALID,-0.7437112871314469,4.760541236024551,false,49.1569659154086,formal_m1_center_not_selected
primary,S002451,C062_QPP_N060_P050_A1_Q020,STATIONARY_QPP_PRESENT,10,0,3,VALID,-3.6387791252180364,1.9989038461248185,false,52.98349690482269,formal_m1_center_not_selected
primary,S002452,C062_QPP_N060_P050_A1_Q020,STATIONARY_QPP_PRESENT,11,0,3,VALID,-7.533358001978684,-1.2748594041603383,false,53.305002118136294,formal_m1_center_not_selected
primary,S002453,C062_QPP_N060_P050_A1_Q020,STATIONARY_QPP_PRESENT,12,0,3,VALID,1.9659223374559076,7.169329855060312,false,50.25708759595537,formal_m1_center_not_selected
primary,S002454,C062_QPP_N060_P050_A1_Q020,STATIONARY_QPP_PRESENT,13,0,3,VALID,-5.128126242305058,0.9427389036895306,false,53.60436744039329,formal_m1_center_not_selected
primary,S002455,C062_QPP_N060_P050_A1_Q020,STATIONARY_QPP_PRESENT,14,0,3,VALID,-3.671574266155858,2.7930171351476076,false,48.99154105060822,formal_m1_center_not_selected
primary,S002456,C062_QPP_N060_P050_A1_Q020,STATIONARY_QPP_PRESENT,15,0,3,VALID,-7.38070799889212,-1.0788116332462891,false,47.603295040296146,formal_m1_center_not_selected
primary,S002457,C062_QPP_N060_P050_A1_Q020,STATIONARY_QPP_PRESENT,16,0,3,VALID,-3.1509596832086118,2.1423100310672964,false,51.679385147977875,formal_m1_center_not_selected
primary,S002458,C062_QPP_N060_P050_A1_Q020,STATIONARY_QPP_PRESENT,17,0,3,VALID,2.526325644400771,8.58470047872072,false,51.24691967553689,formal_m1_center_not_selected
primary,S002459,C062_QPP_N060_P050_A1_Q020,STATIONARY_QPP_PRESENT,18,0,3,VALID,-8.154624483319992,-1.5976652785505223,false,49.588985896672945,formal_m1_center_not_selected
primary,S002460,C062_QPP_N060_P050_A1_Q020,STATIONARY_QPP_PRESENT,19,0,3,VALID,-5.255627647749122,0.9368743849549332,false,51.822086879909854,formal_m1_center_not_selected
primary,S002461,C062_QPP_N060_P050_A1_Q020,STATIONARY_QPP_PRESENT,20,0,3,VALID,-1.6808031697238164,3.613070717797342,false,49.76413405320087,formal_m1_center_not_selected
primary,S002462,C062_QPP_N060_P050_A1_Q020,STATIONARY_QPP_PRESENT,21,0,3,VALID,-3.963492284369778,1.723134668594838,false,49.48786341475382,formal_m1_center_not_selected
primary,S002463,C062_QPP_N060_P050_A1_Q020,STATIONARY_QPP_PRESENT,22,0,3,VALID,0.7869767627683188,4.44471257030429,false,52.61572253047797,formal_m1_center_not_selected
primary,S002464,C062_QPP_N060_P050_A1_Q020,STATIONARY_QPP_PRESENT,23,0,3,VALID,-5.59534037259121,0.3977717760469375,false,49.157069162300026,formal_m1_center_not_selected
primary,S002465,C062_QPP_N060_P050_A1_Q020,STATIONARY_QPP_PRESENT,24,0,3,VALID,-3.5592320410792126,2.3472530471614164,false,49.31939033847764,formal_m1_center_not_selected
primary,S002466,C062_QPP_N060_P050_A1_Q020,STATIONARY_QPP_PRESENT,25,0,3,VALID,-4.659824620617172,1.3906156507666196,false,51.887236761450794,formal_m1_center_not_selected
primary,S002467,C062_QPP_N060_P050_A1_Q020,STATIONARY_QPP_PRESENT,26,0,3,VALID,-3.546973705192954,2.291536437110409,false,51.87412068021382,formal_m1_center_not_selected
primary,S002468,C062_QPP_N060_P050_A1_Q020,STATIONARY_QPP_PRESENT,27,0,3,VALID,-5.825812510098501,-0.12508769174147005,false,52.92544521683154,formal_m1_center_not_selected
primary,S002469,C062_QPP_N060_P050_A1_Q020,STATIONARY_QPP_PRESENT,28,0,3,VALID,-6.82629135831985,-1.8838647325434863,false,48.171105669236056,formal_m1_center_not_selected
primary,S002470,C062_QPP_N060_P050_A1_Q020,STATIONARY_QPP_PRESENT,29,0,3,VALID,-7.698211495535958,-1.472468280727071,false,54.821639427853256,formal_m1_center_not_selected
primary,S002471,C062_QPP_N060_P050_A1_Q020,STATIONARY_QPP_PRESENT,30,0,3,VALID,-2.5174540037265274,2.866040715421775,false,50.06482555867912,formal_m1_center_not_selected
primary,S002472,C062_QPP_N060_P050_A1_Q020,STATIONARY_QPP_PRESENT,31,0,3,VALID,-5.58933232187195,0.6069819713445952,false,49.67162880059753,formal_m1_center_not_selected
primary,S002473,C062_QPP_N060_P050_A1_Q020,STATIONARY_QPP_PRESENT,32,0,3,VALID,-5.106352499282252,0.5371661895675004,false,49.01525792539181,formal_m1_center_not_selected
primary,S002474,C062_QPP_N060_P050_A1_Q020,STATIONARY_QPP_PRESENT,33,0,3,VALID,-0.9666319061813624,5.268271400230475,false,51.04377881989366,formal_m1_center_not_selected
primary,S002475,C062_QPP_N060_P050_A1_Q020,STATIONARY_QPP_PRESENT,34,0,3,VALID,-4.047214274729413,2.0645139862063786,false,51.596531662251515,formal_m1_center_not_selected
primary,S002476,C062_QPP_N060_P050_A1_Q020,STATIONARY_QPP_PRESENT,35,0,3,VALID,-3.571860325042053,2.3896181167511656,false,49.03887671775097,formal_m1_center_not_selected
primary,S002477,C062_QPP_N060_P050_A1_Q020,STATIONARY_QPP_PRESENT,36,0,3,VALID,-0.534003418636587,5.505268477265929,false,47.87894786250226,formal_m1_center_not_selected
primary,S002478,C062_QPP_N060_P050_A1_Q020,STATIONARY_QPP_PRESENT,37,0,3,VALID,-6.403708841176382,-0.07169998401141697,false,52.02053953424668,formal_m1_center_not_selected
primary,S002479,C062_QPP_N060_P050_A1_Q020,STATIONARY_QPP_PRESENT,38,0,3,VALID,-4.784785971734266,0.6658703105487973,false,48.369864873180795,formal_m1_center_not_selected
primary,S002480,C062_QPP_N060_P050_A1_Q020,STATIONARY_QPP_PRESENT,39,0,3,VALID,-2.3040233252929454,2.8748858332144778,false,48.22103490769675,formal_m1_center_not_selected
primary,S002481,C063_QPP_N060_P050_A1_Q040,STATIONARY_QPP_PRESENT,0,0,3,VALID,4.9661269585037076,9.764317807020433,false,50.32411762840405,formal_m1_center_not_selected
primary,S002482,C063_QPP_N060_P050_A1_Q040,STATIONARY_QPP_PRESENT,1,0,3,VALID,9.827931044044306,15.194984319619522,false,50.341561757473634,formal_m1_center_not_selected
primary,S002483,C063_QPP_N060_P050_A1_Q040,STATIONARY_QPP_PRESENT,2,0,3,VALID,11.53199856556472,15.83475830663508,true,51.36405315746541,recovered_period_selected
primary,S002484,C063_QPP_N060_P050_A1_Q040,STATIONARY_QPP_PRESENT,3,0,3,VALID,1.7584694722850713,6.964091374667646,false,50.30269264864768,formal_m1_center_not_selected
primary,S002485,C063_QPP_N060_P050_A1_Q040,STATIONARY_QPP_PRESENT,4,0,3,VALID,4.546590753754828,9.93499773438404,false,49.82697326533483,formal_m1_center_not_selected
primary,S002486,C063_QPP_N060_P050_A1_Q040,STATIONARY_QPP_PRESENT,5,0,3,VALID,0.35449389618841565,5.95302698372484,false,50.03144071787894,formal_m1_center_not_selected
primary,S002487,C063_QPP_N060_P050_A1_Q040,STATIONARY_QPP_PRESENT,6,0,3,VALID,8.41224883148135,14.021900451417281,false,50.37439606359447,formal_m1_center_not_selected
primary,S002488,C063_QPP_N060_P050_A1_Q040,STATIONARY_QPP_PRESENT,7,0,3,VALID,1.3606487718301707,7.646394731559951,false,51.69500391404922,formal_m1_center_not_selected
primary,S002489,C063_QPP_N060_P050_A1_Q040,STATIONARY_QPP_PRESENT,8,0,3,VALID,3.3557527775375036,8.071763706882393,false,49.67575274947278,formal_m1_center_not_selected
primary,S002490,C063_QPP_N060_P050_A1_Q040,STATIONARY_QPP_PRESENT,9,0,3,VALID,9.760949092014187,14.782677812509235,false,49.311313929545314,formal_m1_center_not_selected
primary,S002491,C063_QPP_N060_P050_A1_Q040,STATIONARY_QPP_PRESENT,10,0,3,VALID,8.611798766025544,14.047828872972417,false,52.09862169760555,formal_m1_center_not_selected
primary,S002492,C063_QPP_N060_P050_A1_Q040,STATIONARY_QPP_PRESENT,11,0,3,VALID,4.171349211993942,9.501392901449606,false,51.674919341871586,formal_m1_center_not_selected
primary,S002493,C063_QPP_N060_P050_A1_Q040,STATIONARY_QPP_PRESENT,12,0,3,VALID,13.085681142751127,18.003639957077297,true,50.280336120600474,recovered_period_selected
primary,S002494,C063_QPP_N060_P050_A1_Q040,STATIONARY_QPP_PRESENT,13,0,3,VALID,6.299813955262721,11.912617191542068,false,51.88904929250983,formal_m1_center_not_selected
primary,S002495,C063_QPP_N060_P050_A1_Q040,STATIONARY_QPP_PRESENT,14,0,3,VALID,6.488747256690175,12.15024659660125,false,49.042483972917225,formal_m1_center_not_selected
primary,S002496,C063_QPP_N060_P050_A1_Q040,STATIONARY_QPP_PRESENT,15,0,3,VALID,1.7787808054997925,6.608568215711614,false,49.02100194810038,formal_m1_center_not_selected
primary,S002497,C063_QPP_N060_P050_A1_Q040,STATIONARY_QPP_PRESENT,16,0,3,VALID,11.050020270001284,15.736560839167367,true,51.653883811579284,recovered_period_selected
primary,S002498,C063_QPP_N060_P050_A1_Q040,STATIONARY_QPP_PRESENT,17,0,3,VALID,14.443811737030671,19.76773931578552,true,51.173364993991335,recovered_period_selected
primary,S002499,C063_QPP_N060_P050_A1_Q040,STATIONARY_QPP_PRESENT,18,0,3,VALID,1.8180792476356373,7.646388550115745,false,49.530811583050856,formal_m1_center_not_selected
primary,S002500,C063_QPP_N060_P050_A1_Q040,STATIONARY_QPP_PRESENT,19,0,3,VALID,6.773491728968992,12.565203624020597,false,50.98426778045011,formal_m1_center_not_selected
primary,S002501,C063_QPP_N060_P050_A1_Q040,STATIONARY_QPP_PRESENT,20,0,3,VALID,9.567840670435146,14.199457241165078,false,49.94293596468528,formal_m1_center_not_selected
primary,S002502,C063_QPP_N060_P050_A1_Q040,STATIONARY_QPP_PRESENT,21,0,3,VALID,6.984998710656669,11.450641660748147,false,50.0410321123593,formal_m1_center_not_selected
primary,S002503,C063_QPP_N060_P050_A1_Q040,STATIONARY_QPP_PRESENT,22,0,3,VALID,12.610176202630214,18.4579993028062,true,51.81382578605417,recovered_period_selected
primary,S002504,C063_QPP_N060_P050_A1_Q040,STATIONARY_QPP_PRESENT,23,0,3,VALID,3.9995220745965128,9.354195321287449,false,49.19599523037066,formal_m1_center_not_selected
primary,S002505,C063_QPP_N060_P050_A1_Q040,STATIONARY_QPP_PRESENT,24,0,3,VALID,9.079133701526388,13.296155186584855,false,49.70795970232056,formal_m1_center_not_selected
primary,S002506,C063_QPP_N060_P050_A1_Q040,STATIONARY_QPP_PRESENT,25,0,3,VALID,7.368122516077278,12.438961278177999,false,51.65189228945009,formal_m1_center_not_selected
primary,S002507,C063_QPP_N060_P050_A1_Q040,STATIONARY_QPP_PRESENT,26,0,3,VALID,11.000062573880314,15.89623270459515,true,51.06206025573137,recovered_period_selected
primary,S002508,C063_QPP_N060_P050_A1_Q040,STATIONARY_QPP_PRESENT,27,0,3,VALID,7.8608049058654785,13.632207665949664,false,51.76621248731545,formal_m1_center_not_selected
primary,S002509,C063_QPP_N060_P050_A1_Q040,STATIONARY_QPP_PRESENT,28,0,3,VALID,3.9243582266870476,7.856042274947782,false,49.27605173309982,formal_m1_center_not_selected
primary,S002510,C063_QPP_N060_P050_A1_Q040,STATIONARY_QPP_PRESENT,29,0,3,VALID,4.178946448798484,9.410211984732427,false,52.13380055194186,formal_m1_center_not_selected
primary,S002511,C063_QPP_N060_P050_A1_Q040,STATIONARY_QPP_PRESENT,30,0,3,VALID,11.183506670725336,15.496153882191976,true,50.648634116845834,recovered_period_selected
primary,S002512,C063_QPP_N060_P050_A1_Q040,STATIONARY_QPP_PRESENT,31,0,3,VALID,3.938992676483309,9.419996850888651,false,49.7055754187656,formal_m1_center_not_selected
primary,S002513,C063_QPP_N060_P050_A1_Q040,STATIONARY_QPP_PRESENT,32,0,3,VALID,5.145108115037516,10.810288843869614,false,49.11011290340919,formal_m1_center_not_selected
primary,S002514,C063_QPP_N060_P050_A1_Q040,STATIONARY_QPP_PRESENT,33,0,3,VALID,9.312138585572455,14.98587942755276,false,50.99737768005016,formal_m1_center_not_selected
primary,S002515,C063_QPP_N060_P050_A1_Q040,STATIONARY_QPP_PRESENT,34,0,3,VALID,7.813716091097007,12.705883001294751,false,51.2522405028191,formal_m1_center_not_selected
primary,S002516,C063_QPP_N060_P050_A1_Q040,STATIONARY_QPP_PRESENT,35,0,3,VALID,6.317765475712264,11.564567419988435,false,49.2810633828165,formal_m1_center_not_selected
primary,S002517,C063_QPP_N060_P050_A1_Q040,STATIONARY_QPP_PRESENT,36,0,3,VALID,9.76335326989718,14.946026853401833,false,48.512527925057306,formal_m1_center_not_selected
primary,S002518,C063_QPP_N060_P050_A1_Q040,STATIONARY_QPP_PRESENT,37,0,3,VALID,6.250447163874952,11.851207118885725,false,50.62426470495078,formal_m1_center_not_selected
primary,S002519,C063_QPP_N060_P050_A1_Q040,STATIONARY_QPP_PRESENT,38,0,3,VALID,5.996786772540787,11.310331054555576,false,48.93718846808456,formal_m1_center_not_selected
primary,S002520,C063_QPP_N060_P050_A1_Q040,STATIONARY_QPP_PRESENT,39,0,3,VALID,9.623160573946734,13.865701501680348,false,48.93091445408476,formal_m1_center_not_selected
primary,S002521,C064_QPP_N060_P050_A2_Q010,STATIONARY_QPP_PRESENT,0,0,3,VALID,-7.528892700267249,-1.5726133442988726,false,47.06515697211404,formal_m1_center_not_selected
primary,S002522,C064_QPP_N060_P050_A2_Q010,STATIONARY_QPP_PRESENT,1,0,3,VALID,-9.561229289458225,-3.295193928112724,false,40.0,formal_m1_center_not_selected
primary,S002523,C064_QPP_N060_P050_A2_Q010,STATIONARY_QPP_PRESENT,2,0,3,VALID,-8.281334971405755,-1.70551420476545,false,52.618853567760965,formal_m1_center_not_selected
primary,S002524,C064_QPP_N060_P050_A2_Q010,STATIONARY_QPP_PRESENT,3,0,3,VALID,-8.248503280422597,-1.7737499362610833,false,49.76467782587625,formal_m1_center_not_selected
primary,S002525,C064_QPP_N060_P050_A2_Q010,STATIONARY_QPP_PRESENT,4,0,3,VALID,-7.141122867980982,-1.2558094399578863,false,53.58904112459465,formal_m1_center_not_selected
primary,S002526,C064_QPP_N060_P050_A2_Q010,STATIONARY_QPP_PRESENT,5,0,3,VALID,-8.207156745657215,-1.9209471301681162,false,47.94043200793269,formal_m1_center_not_selected
primary,S002527,C064_QPP_N060_P050_A2_Q010,STATIONARY_QPP_PRESENT,6,0,3,VALID,-6.764136828915355,-0.5791454924307118,false,52.74793066687362,formal_m1_center_not_selected
primary,S002528,C064_QPP_N060_P050_A2_Q010,STATIONARY_QPP_PRESENT,7,0,3,VALID,-8.141998157288612,-1.863497909586556,false,47.31160552283277,formal_m1_center_not_selected
primary,S002529,C064_QPP_N060_P050_A2_Q010,STATIONARY_QPP_PRESENT,8,0,3,VALID,-9.016625527562269,-2.734817496977854,false,44.75631777875289,formal_m1_center_not_selected
primary,S002530,C064_QPP_N060_P050_A2_Q010,STATIONARY_QPP_PRESENT,9,0,3,VALID,-9.237221748360014,-2.9316228739507437,false,47.164181408284776,formal_m1_center_not_selected
primary,S002531,C064_QPP_N060_P050_A2_Q010,STATIONARY_QPP_PRESENT,10,0,3,VALID,-7.473011703565703,-1.0365355714181703,false,51.573088680992825,formal_m1_center_not_selected
primary,S002532,C064_QPP_N060_P050_A2_Q010,STATIONARY_QPP_PRESENT,11,0,3,VALID,-8.093246087206865,-1.6182775185248772,false,53.084351506529764,formal_m1_center_not_selected
primary,S002533,C064_QPP_N060_P050_A2_Q010,STATIONARY_QPP_PRESENT,12,0,3,VALID,-7.506865161991499,-1.3439238521084746,false,49.10354257638354,formal_m1_center_not_selected
primary,S002534,C064_QPP_N060_P050_A2_Q010,STATIONARY_QPP_PRESENT,13,0,3,VALID,-6.825185534257486,-0.6934578100031388,false,49.35176882867001,formal_m1_center_not_selected
primary,S002535,C064_QPP_N060_P050_A2_Q010,STATIONARY_QPP_PRESENT,14,0,3,VALID,-9.029688757346236,-2.657480661352565,false,53.511278070185256,formal_m1_center_not_selected
primary,S002536,C064_QPP_N060_P050_A2_Q010,STATIONARY_QPP_PRESENT,15,0,3,VALID,-7.956760011029701,-2.132659288387316,false,47.976106961943294,formal_m1_center_not_selected
primary,S002537,C064_QPP_N060_P050_A2_Q010,STATIONARY_QPP_PRESENT,16,0,3,VALID,-8.994455032030487,-2.7423944977995234,false,54.28099003399253,formal_m1_center_not_selected
primary,S002538,C064_QPP_N060_P050_A2_Q010,STATIONARY_QPP_PRESENT,17,0,3,VALID,-6.591365735395044,-0.3963008177521772,false,51.14001396104232,formal_m1_center_not_selected
primary,S002539,C064_QPP_N060_P050_A2_Q010,STATIONARY_QPP_PRESENT,18,0,3,VALID,-8.497726714283345,-2.316251497027679,false,53.079607336044425,formal_m1_center_not_selected
primary,S002540,C064_QPP_N060_P050_A2_Q010,STATIONARY_QPP_PRESENT,19,0,3,VALID,-6.706577080935745,-0.5789769291772018,false,51.35859556210597,formal_m1_center_not_selected
primary,S002541,C064_QPP_N060_P050_A2_Q010,STATIONARY_QPP_PRESENT,20,0,3,VALID,-7.944078291719791,-1.9008460840737484,false,48.08986958427362,formal_m1_center_not_selected
primary,S002542,C064_QPP_N060_P050_A2_Q010,STATIONARY_QPP_PRESENT,21,0,3,VALID,-6.621666696700885,-0.3402131782717106,false,52.78333893840405,formal_m1_center_not_selected
primary,S002543,C064_QPP_N060_P050_A2_Q010,STATIONARY_QPP_PRESENT,22,0,3,VALID,-8.196219871797126,-2.053779167759785,false,49.79052212891179,formal_m1_center_not_selected
primary,S002544,C064_QPP_N060_P050_A2_Q010,STATIONARY_QPP_PRESENT,23,0,3,VALID,-9.2807499818245,-2.8357411379311657,false,45.67129674133768,formal_m1_center_not_selected
primary,S002545,C064_QPP_N060_P050_A2_Q010,STATIONARY_QPP_PRESENT,24,0,3,VALID,-7.571015306680238,-1.6398492691402566,false,46.33750253624428,formal_m1_center_not_selected
primary,S002546,C064_QPP_N060_P050_A2_Q010,STATIONARY_QPP_PRESENT,25,0,3,VALID,-7.151006707722075,-0.847697612745236,false,50.4215941705509,formal_m1_center_not_selected
primary,S002547,C064_QPP_N060_P050_A2_Q010,STATIONARY_QPP_PRESENT,26,0,3,VALID,-7.2722726722599305,-1.4480888932287712,false,47.40128575724245,formal_m1_center_not_selected
primary,S002548,C064_QPP_N060_P050_A2_Q010,STATIONARY_QPP_PRESENT,27,0,3,VALID,-7.0438369600807675,-0.6121691240890641,false,51.202908345067414,formal_m1_center_not_selected
primary,S002549,C064_QPP_N060_P050_A2_Q010,STATIONARY_QPP_PRESENT,28,0,3,VALID,-8.436506683499744,-2.310220923283225,false,52.84080283152183,formal_m1_center_not_selected
primary,S002550,C064_QPP_N060_P050_A2_Q010,STATIONARY_QPP_PRESENT,29,0,3,VALID,-8.542731594652764,-2.341847083080978,false,47.31316946934985,formal_m1_center_not_selected
primary,S002551,C064_QPP_N060_P050_A2_Q010,STATIONARY_QPP_PRESENT,30,0,3,VALID,-9.69750299237407,-3.0825341329794753,false,54.09224296284317,formal_m1_center_not_selected
primary,S002552,C064_QPP_N060_P050_A2_Q010,STATIONARY_QPP_PRESENT,31,0,3,VALID,-6.634797379378597,-0.9855758944363231,false,48.188039718119434,formal_m1_center_not_selected
primary,S002553,C064_QPP_N060_P050_A2_Q010,STATIONARY_QPP_PRESENT,32,0,3,VALID,-7.242662448694745,-1.0685331382623247,false,50.04891360334795,formal_m1_center_not_selected
primary,S002554,C064_QPP_N060_P050_A2_Q010,STATIONARY_QPP_PRESENT,33,0,3,VALID,-6.830558996686904,-0.559481510453935,false,49.48729635846984,formal_m1_center_not_selected
primary,S002555,C064_QPP_N060_P050_A2_Q010,STATIONARY_QPP_PRESENT,34,0,3,VALID,-9.627633276137175,-3.2260960737533253,false,41.72041574716671,formal_m1_center_not_selected
primary,S002556,C064_QPP_N060_P050_A2_Q010,STATIONARY_QPP_PRESENT,35,0,3,VALID,-9.903063613596288,-3.398844662979883,false,46.22075723998379,formal_m1_center_not_selected
primary,S002557,C064_QPP_N060_P050_A2_Q010,STATIONARY_QPP_PRESENT,36,0,3,VALID,-9.737032211677445,-3.377252782872489,false,40.0,formal_m1_center_not_selected
primary,S002558,C064_QPP_N060_P050_A2_Q010,STATIONARY_QPP_PRESENT,37,0,3,VALID,-6.865484119490816,-0.6095518343333595,false,50.71644100745439,formal_m1_center_not_selected
primary,S002559,C064_QPP_N060_P050_A2_Q010,STATIONARY_QPP_PRESENT,38,0,3,VALID,-8.020379677165579,-2.0469908683408846,false,53.296533206860865,formal_m1_center_not_selected
primary,S002560,C064_QPP_N060_P050_A2_Q010,STATIONARY_QPP_PRESENT,39,0,3,VALID,-9.065822607557578,-2.8694570221357765,false,53.72702610086869,formal_m1_center_not_selected
primary,S002561,C065_QPP_N060_P050_A2_Q020,STATIONARY_QPP_PRESENT,0,0,3,VALID,-2.786060741041581,2.810324190520248,false,47.88036028686254,formal_m1_center_not_selected
primary,S002562,C065_QPP_N060_P050_A2_Q020,STATIONARY_QPP_PRESENT,1,0,3,VALID,-7.02906678361478,-0.7759499732779318,false,52.65163945048012,formal_m1_center_not_selected
primary,S002563,C065_QPP_N060_P050_A2_Q020,STATIONARY_QPP_PRESENT,2,0,3,VALID,-2.5057514661578466,3.643914343256796,false,51.6914481912924,formal_m1_center_not_selected
primary,S002564,C065_QPP_N060_P050_A2_Q020,STATIONARY_QPP_PRESENT,3,0,3,VALID,-3.2439034206955455,2.673000292482982,false,49.826301527949,formal_m1_center_not_selected
primary,S002565,C065_QPP_N060_P050_A2_Q020,STATIONARY_QPP_PRESENT,4,0,3,VALID,-0.6506365007514319,5.40580527527473,false,52.7589954663258,formal_m1_center_not_selected
primary,S002566,C065_QPP_N060_P050_A2_Q020,STATIONARY_QPP_PRESENT,5,0,3,VALID,-3.356911452769225,2.4657095648446727,false,48.425915518617145,formal_m1_center_not_selected
primary,S002567,C065_QPP_N060_P050_A2_Q020,STATIONARY_QPP_PRESENT,6,0,3,VALID,-0.3344723605334252,5.678663561250602,false,52.17641444177264,formal_m1_center_not_selected
primary,S002568,C065_QPP_N060_P050_A2_Q020,STATIONARY_QPP_PRESENT,7,0,3,VALID,-3.8203876426858585,1.6530533512292038,false,47.92763872329328,formal_m1_center_not_selected
primary,S002569,C065_QPP_N060_P050_A2_Q020,STATIONARY_QPP_PRESENT,8,0,3,VALID,-7.2686405600099135,-1.2164425550678288,false,47.10579708687218,formal_m1_center_not_selected
primary,S002570,C065_QPP_N060_P050_A2_Q020,STATIONARY_QPP_PRESENT,9,0,3,VALID,-5.601447769583558,0.1774691415086238,false,48.676984905602176,formal_m1_center_not_selected
primary,S002571,C065_QPP_N060_P050_A2_Q020,STATIONARY_QPP_PRESENT,10,0,3,VALID,-1.3552788495772745,4.710511435656855,false,51.4607354971473,formal_m1_center_not_selected
primary,S002572,C065_QPP_N060_P050_A2_Q020,STATIONARY_QPP_PRESENT,11,0,3,VALID,-1.6786800712546892,4.384314224316711,false,52.5951731896856,formal_m1_center_not_selected
primary,S002573,C065_QPP_N060_P050_A2_Q020,STATIONARY_QPP_PRESENT,12,0,3,VALID,-2.028363334851065,3.7698938039740426,false,49.233212694857826,formal_m1_center_not_selected
primary,S002574,C065_QPP_N060_P050_A2_Q020,STATIONARY_QPP_PRESENT,13,0,3,VALID,-0.8666603500712426,4.937931073042421,false,49.492199302356155,formal_m1_center_not_selected
primary,S002575,C065_QPP_N060_P050_A2_Q020,STATIONARY_QPP_PRESENT,14,0,3,VALID,-3.7386317808368688,2.4862066063979,false,52.04403605776569,formal_m1_center_not_selected
primary,S002576,C065_QPP_N060_P050_A2_Q020,STATIONARY_QPP_PRESENT,15,0,3,VALID,-2.9942952517121455,1.9866779481117192,false,48.36086191954424,formal_m1_center_not_selected
primary,S002577,C065_QPP_N060_P050_A2_Q020,STATIONARY_QPP_PRESENT,16,0,3,VALID,-4.157515228342987,0.688279632246946,false,53.164560899453114,formal_m1_center_not_selected
primary,S002578,C065_QPP_N060_P050_A2_Q020,STATIONARY_QPP_PRESENT,17,0,3,VALID,-0.5662834340233758,5.042475717811158,false,50.808776927879805,formal_m1_center_not_selected
primary,S002579,C065_QPP_N060_P050_A2_Q020,STATIONARY_QPP_PRESENT,18,0,3,VALID,-2.2675650350726073,3.8306595884510557,false,52.22681037636419,formal_m1_center_not_selected
primary,S002580,C065_QPP_N060_P050_A2_Q020,STATIONARY_QPP_PRESENT,19,0,3,VALID,-0.13536836058480617,5.86953363380951,false,51.414904580593614,formal_m1_center_not_selected
primary,S002581,C065_QPP_N060_P050_A2_Q020,STATIONARY_QPP_PRESENT,20,0,3,VALID,-2.8408384742620285,2.6056190507651706,false,48.499637149490425,formal_m1_center_not_selected
primary,S002582,C065_QPP_N060_P050_A2_Q020,STATIONARY_QPP_PRESENT,21,0,3,VALID,0.0948422919006191,6.083196755032759,false,52.32099915941494,formal_m1_center_not_selected
primary,S002583,C065_QPP_N060_P050_A2_Q020,STATIONARY_QPP_PRESENT,22,0,3,VALID,-2.8531718571210547,2.8454740729956995,false,49.89460694141191,formal_m1_center_not_selected
primary,S002584,C065_QPP_N060_P050_A2_Q020,STATIONARY_QPP_PRESENT,23,0,3,VALID,-6.843844265543197,-0.6053203528856841,false,49.204610052555374,formal_m1_center_not_selected
primary,S002585,C065_QPP_N060_P050_A2_Q020,STATIONARY_QPP_PRESENT,24,0,3,VALID,-2.9906454536154854,2.5979539832215153,false,47.28823351393738,formal_m1_center_not_selected
primary,S002586,C065_QPP_N060_P050_A2_Q020,STATIONARY_QPP_PRESENT,25,0,3,VALID,-1.4903457153791635,4.203910484056621,false,50.4309883299306,formal_m1_center_not_selected
primary,S002587,C065_QPP_N060_P050_A2_Q020,STATIONARY_QPP_PRESENT,26,0,3,VALID,-1.7901791608969404,3.2174760638168607,false,47.95340589272934,formal_m1_center_not_selected
primary,S002588,C065_QPP_N060_P050_A2_Q020,STATIONARY_QPP_PRESENT,27,0,3,VALID,-0.8432526219353349,5.212228832522811,false,51.093020151272256,formal_m1_center_not_selected
primary,S002589,C065_QPP_N060_P050_A2_Q020,STATIONARY_QPP_PRESENT,28,0,3,VALID,-2.1830326182087276,3.8567431462570596,false,52.22340355151786,formal_m1_center_not_selected
primary,S002590,C065_QPP_N060_P050_A2_Q020,STATIONARY_QPP_PRESENT,29,0,3,VALID,-4.047950859943228,1.835063420404083,false,47.90900934420729,formal_m1_center_not_selected
primary,S002591,C065_QPP_N060_P050_A2_Q020,STATIONARY_QPP_PRESENT,30,0,3,VALID,-5.192733235255957,1.0352510717006282,false,51.0844255416181,formal_m1_center_not_selected
primary,S002592,C065_QPP_N060_P050_A2_Q020,STATIONARY_QPP_PRESENT,31,0,3,VALID,-1.329993965477854,3.780536185323797,false,48.63671810289283,formal_m1_center_not_selected
primary,S002593,C065_QPP_N060_P050_A2_Q020,STATIONARY_QPP_PRESENT,32,0,3,VALID,-1.5938530724396287,4.098498983879239,false,50.107772649120875,formal_m1_center_not_selected
primary,S002594,C065_QPP_N060_P050_A2_Q020,STATIONARY_QPP_PRESENT,33,0,3,VALID,-1.204164972999763,4.46149534641998,false,49.724369886592754,formal_m1_center_not_selected
primary,S002595,C065_QPP_N060_P050_A2_Q020,STATIONARY_QPP_PRESENT,34,0,3,VALID,-8.365299296087898,-2.157398976139973,false,49.47987226970909,formal_m1_center_not_selected
primary,S002596,C065_QPP_N060_P050_A2_Q020,STATIONARY_QPP_PRESENT,35,0,3,VALID,-6.571390394692742,-0.42445857038933354,false,50.69425378561631,formal_m1_center_not_selected
primary,S002597,C065_QPP_N060_P050_A2_Q020,STATIONARY_QPP_PRESENT,36,0,3,VALID,-7.987869504246987,-1.840498400015207,false,48.781566096945745,formal_m1_center_not_selected
primary,S002598,C065_QPP_N060_P050_A2_Q020,STATIONARY_QPP_PRESENT,37,0,3,VALID,-0.8317552447869616,5.140451496862795,false,50.6545992145566,formal_m1_center_not_selected
primary,S002599,C065_QPP_N060_P050_A2_Q020,STATIONARY_QPP_PRESENT,38,0,3,VALID,-1.5887335215001315,4.3789273740084695,false,52.41024453144592,formal_m1_center_not_selected
primary,S002600,C065_QPP_N060_P050_A2_Q020,STATIONARY_QPP_PRESENT,39,0,3,VALID,-3.1552113077610784,3.1020891869024183,false,52.68399515911953,formal_m1_center_not_selected
primary,S002601,C066_QPP_N060_P050_A2_Q040,STATIONARY_QPP_PRESENT,0,0,3,VALID,9.564418738329039,15.055295445498018,false,48.538773534689135,formal_m1_center_not_selected
primary,S002602,C066_QPP_N060_P050_A2_Q040,STATIONARY_QPP_PRESENT,1,0,3,VALID,6.256756669141765,11.351058711279109,false,51.32844026703215,formal_m1_center_not_selected
primary,S002603,C066_QPP_N060_P050_A2_Q040,STATIONARY_QPP_PRESENT,2,0,3,VALID,12.311172186791651,17.664570515406695,true,51.184427971832875,recovered_period_selected
primary,S002604,C066_QPP_N060_P050_A2_Q040,STATIONARY_QPP_PRESENT,3,0,3,VALID,7.642371194454228,12.440827190544326,false,49.873502190624976,formal_m1_center_not_selected
primary,S002605,C066_QPP_N060_P050_A2_Q040,STATIONARY_QPP_PRESENT,4,0,3,VALID,13.687550040078008,18.924011092756245,true,52.059445730783374,recovered_period_selected
primary,S002606,C066_QPP_N060_P050_A2_Q040,STATIONARY_QPP_PRESENT,5,0,3,VALID,8.166853890328582,13.200770939270058,false,48.733429320276,formal_m1_center_not_selected
primary,S002607,C066_QPP_N060_P050_A2_Q040,STATIONARY_QPP_PRESENT,6,0,3,VALID,13.085966761371822,18.24999220930016,true,51.7957124818352,recovered_period_selected
primary,S002608,C066_QPP_N060_P050_A2_Q040,STATIONARY_QPP_PRESENT,7,0,3,VALID,6.9955516540024405,11.935271868590235,false,48.445941290510554,formal_m1_center_not_selected
primary,S002609,C066_QPP_N060_P050_A2_Q040,STATIONARY_QPP_PRESENT,8,0,3,VALID,4.701220986382339,9.743862261493462,false,48.91960562865131,formal_m1_center_not_selected
primary,S002610,C066_QPP_N060_P050_A2_Q040,STATIONARY_QPP_PRESENT,9,0,3,VALID,7.496649855959106,12.22516299512614,false,49.39621874036566,formal_m1_center_not_selected
primary,S002611,C066_QPP_N060_P050_A2_Q040,STATIONARY_QPP_PRESENT,10,0,3,VALID,10.977491363477554,16.195222839076166,true,51.34928574043304,recovered_period_selected
primary,S002612,C066_QPP_N060_P050_A2_Q040,STATIONARY_QPP_PRESENT,11,0,3,VALID,12.588385729499606,17.595432216811048,true,52.14263117373725,recovered_period_selected
primary,S002613,C066_QPP_N060_P050_A2_Q040,STATIONARY_QPP_PRESENT,12,0,3,VALID,9.525287075856966,14.514659096395889,false,49.3077884098391,formal_m1_center_not_selected
primary,S002614,C066_QPP_N060_P050_A2_Q040,STATIONARY_QPP_PRESENT,13,0,3,VALID,10.70961210411059,15.742019622945321,true,49.627473175789,recovered_period_selected
primary,S002615,C066_QPP_N060_P050_A2_Q040,STATIONARY_QPP_PRESENT,14,0,3,VALID,11.262443850133224,16.453787281821747,true,51.36807418283648,recovered_period_selected
primary,S002616,C066_QPP_N060_P050_A2_Q040,STATIONARY_QPP_PRESENT,15,0,3,VALID,8.601304099330605,13.425245801820125,false,48.65330470733226,formal_m1_center_not_selected
primary,S002617,C066_QPP_N060_P050_A2_Q040,STATIONARY_QPP_PRESENT,16,0,3,VALID,10.34286547797106,15.475544463552978,true,51.83271097498008,recovered_period_selected
primary,S002618,C066_QPP_N060_P050_A2_Q040,STATIONARY_QPP_PRESENT,17,0,3,VALID,11.205291937208983,16.09466257215948,true,50.669670922981254,recovered_period_selected
primary,S002619,C066_QPP_N060_P050_A2_Q040,STATIONARY_QPP_PRESENT,18,0,3,VALID,12.371560810561562,17.66677589090989,true,51.65523746307833,recovered_period_selected
primary,S002620,C066_QPP_N060_P050_A2_Q040,STATIONARY_QPP_PRESENT,19,0,3,VALID,12.643542801708264,17.623206161276443,true,51.35640965876684,recovered_period_selected
primary,S002621,C066_QPP_N060_P050_A2_Q040,STATIONARY_QPP_PRESENT,20,0,3,VALID,9.068222159062543,13.589798684121405,false,48.77498457424342,formal_m1_center_not_selected
primary,S002622,C066_QPP_N060_P050_A2_Q040,STATIONARY_QPP_PRESENT,21,0,3,VALID,13.432702064538859,18.567188925556678,true,51.893239743082994,recovered_period_selected
primary,S002623,C066_QPP_N060_P050_A2_Q040,STATIONARY_QPP_PRESENT,22,0,3,VALID,8.500460988746852,13.326173036457163,false,49.98119907499703,formal_m1_center_not_selected
primary,S002624,C066_QPP_N060_P050_A2_Q040,STATIONARY_QPP_PRESENT,23,0,3,VALID,6.778980933341359,11.91451374325348,false,49.89644592803837,formal_m1_center_not_selected
primary,S002625,C066_QPP_N060_P050_A2_Q040,STATIONARY_QPP_PRESENT,24,0,3,VALID,9.518300187684844,14.193999164705332,false,48.147158056993895,formal_m1_center_not_selected
primary,S002626,C066_QPP_N060_P050_A2_Q040,STATIONARY_QPP_PRESENT,25,0,3,VALID,9.751358763716325,14.40161684671014,false,50.4514806064879,formal_m1_center_not_selected
primary,S002627,C066_QPP_N060_P050_A2_Q040,STATIONARY_QPP_PRESENT,26,0,3,VALID,10.785153513699186,15.207234769369279,true,48.38280981451265,recovered_period_selected
primary,S002628,C066_QPP_N060_P050_A2_Q040,STATIONARY_QPP_PRESENT,27,0,3,VALID,11.000846830694712,16.581396460216297,true,51.00885235041711,recovered_period_selected
primary,S002629,C066_QPP_N060_P050_A2_Q040,STATIONARY_QPP_PRESENT,28,0,3,VALID,12.266163196662745,17.707098517851108,true,51.78921773421185,recovered_period_selected
primary,S002630,C066_QPP_N060_P050_A2_Q040,STATIONARY_QPP_PRESENT,29,0,3,VALID,8.0373548982395,12.998026726875082,false,48.53241100225206,formal_m1_center_not_selected
primary,S002631,C066_QPP_N060_P050_A2_Q040,STATIONARY_QPP_PRESENT,30,0,3,VALID,9.79088202419868,15.107067618808628,false,51.05210985535819,formal_m1_center_not_selected
primary,S002632,C066_QPP_N060_P050_A2_Q040,STATIONARY_QPP_PRESENT,31,0,3,VALID,10.310459386369473,15.109688052484756,true,48.94896487127902,recovered_period_selected
primary,S002633,C066_QPP_N060_P050_A2_Q040,STATIONARY_QPP_PRESENT,32,0,3,VALID,9.715459524858147,14.739444110311467,false,50.16897361006339,formal_m1_center_not_selected
primary,S002634,C066_QPP_N060_P050_A2_Q040,STATIONARY_QPP_PRESENT,33,0,3,VALID,10.01357830074707,15.783980253067398,true,49.83265476636803,recovered_period_selected
primary,S002635,C066_QPP_N060_P050_A2_Q040,STATIONARY_QPP_PRESENT,34,0,3,VALID,5.005947688633796,10.430371673450708,false,50.03465289350104,formal_m1_center_not_selected
primary,S002636,C066_QPP_N060_P050_A2_Q040,STATIONARY_QPP_PRESENT,35,0,3,VALID,9.144799504664661,14.04850131707201,false,50.69682970938798,formal_m1_center_not_selected
primary,S002637,C066_QPP_N060_P050_A2_Q040,STATIONARY_QPP_PRESENT,36,0,3,VALID,3.404187346266525,8.525753604825525,false,49.830031411870756,formal_m1_center_not_selected
primary,S002638,C066_QPP_N060_P050_A2_Q040,STATIONARY_QPP_PRESENT,37,0,3,VALID,10.829293409109908,15.971059320172003,true,50.63265442329312,recovered_period_selected
primary,S002639,C066_QPP_N060_P050_A2_Q040,STATIONARY_QPP_PRESENT,38,0,3,VALID,12.591886099446754,17.75203672146222,true,51.940134848248846,recovered_period_selected
primary,S002640,C066_QPP_N060_P050_A2_Q040,STATIONARY_QPP_PRESENT,39,0,3,VALID,10.806039737186865,16.611342156585067,true,51.93629955691334,recovered_period_selected
primary,S002641,C067_QPP_N060_P080_A0_Q010,STATIONARY_QPP_PRESENT,0,0,3,VALID,-9.738504410559926,-3.363243938818613,false,56.21742066185079,formal_m1_center_not_selected
primary,S002642,C067_QPP_N060_P080_A0_Q010,STATIONARY_QPP_PRESENT,1,0,3,VALID,-6.232724595172613,-1.4024355731829985,false,40.0,formal_m1_center_not_selected
primary,S002643,C067_QPP_N060_P080_A0_Q010,STATIONARY_QPP_PRESENT,2,0,3,VALID,-6.2406621516802545,0.021554239093546812,false,40.0,formal_m1_center_not_selected
primary,S002644,C067_QPP_N060_P080_A0_Q010,STATIONARY_QPP_PRESENT,3,0,3,VALID,-8.767674669248834,-2.1454255326060263,false,50.40533458257888,formal_m1_center_not_selected
primary,S002645,C067_QPP_N060_P080_A0_Q010,STATIONARY_QPP_PRESENT,4,0,3,VALID,-8.068578731204298,-3.2723635289177935,false,47.445702104654224,formal_m1_center_not_selected
primary,S002646,C067_QPP_N060_P080_A0_Q010,STATIONARY_QPP_PRESENT,5,0,3,VALID,-8.533562035080564,-1.9833498221710784,false,63.00238704885021,formal_m1_center_not_selected
primary,S002647,C067_QPP_N060_P080_A0_Q010,STATIONARY_QPP_PRESENT,6,0,3,VALID,-8.620458809129502,-3.025533685371329,false,45.006939889671926,formal_m1_center_not_selected
primary,S002648,C067_QPP_N060_P080_A0_Q010,STATIONARY_QPP_PRESENT,7,0,3,VALID,-8.11972116421552,-1.9784935093141485,false,86.99135037468557,formal_m1_center_not_selected
primary,S002649,C067_QPP_N060_P080_A0_Q010,STATIONARY_QPP_PRESENT,8,0,3,VALID,-4.138462011117298,2.0632377639109336,false,61.57611426207152,formal_m1_center_not_selected
primary,S002650,C067_QPP_N060_P080_A0_Q010,STATIONARY_QPP_PRESENT,9,0,3,VALID,-8.413687228318594,-2.3206274551554316,false,54.66449253457273,formal_m1_center_not_selected
primary,S002651,C067_QPP_N060_P080_A0_Q010,STATIONARY_QPP_PRESENT,10,0,3,VALID,-9.550771938420041,-2.9052470500012646,false,77.26774378797602,formal_m1_center_not_selected
primary,S002652,C067_QPP_N060_P080_A0_Q010,STATIONARY_QPP_PRESENT,11,0,3,VALID,-9.30506762165794,-3.0206637821937363,false,65.11353465474747,formal_m1_center_not_selected
primary,S002653,C067_QPP_N060_P080_A0_Q010,STATIONARY_QPP_PRESENT,12,0,3,VALID,-9.353998382050179,-2.8588381793902897,false,83.42600954366566,formal_m1_center_not_selected
primary,S002654,C067_QPP_N060_P080_A0_Q010,STATIONARY_QPP_PRESENT,13,0,3,VALID,-6.683709318717234,-0.35986405856922943,false,78.83991164685996,formal_m1_center_not_selected
primary,S002655,C067_QPP_N060_P080_A0_Q010,STATIONARY_QPP_PRESENT,14,0,3,VALID,-8.401405242600447,-2.535826969371783,false,45.36712885542473,formal_m1_center_not_selected
primary,S002656,C067_QPP_N060_P080_A0_Q010,STATIONARY_QPP_PRESENT,15,0,3,VALID,-9.229249436261142,-3.2271172569200246,false,43.75438740151515,formal_m1_center_not_selected
primary,S002657,C067_QPP_N060_P080_A0_Q010,STATIONARY_QPP_PRESENT,16,0,3,VALID,-6.833557879623527,-0.2822843988504644,false,78.39454904325832,formal_m1_center_not_selected
primary,S002658,C067_QPP_N060_P080_A0_Q010,STATIONARY_QPP_PRESENT,17,0,3,VALID,-8.247703289027925,-2.104645199449635,false,97.33722129348865,formal_m1_center_not_selected
primary,S002659,C067_QPP_N060_P080_A0_Q010,STATIONARY_QPP_PRESENT,18,0,3,VALID,-9.247719697400726,-2.693737293554449,false,80.8663290958724,formal_m1_center_not_selected
primary,S002660,C067_QPP_N060_P080_A0_Q010,STATIONARY_QPP_PRESENT,19,0,3,VALID,-9.171280246932895,-2.7316197135130267,false,92.13578279854481,formal_m1_center_not_selected
primary,S002661,C067_QPP_N060_P080_A0_Q010,STATIONARY_QPP_PRESENT,20,0,3,VALID,-7.631873923731376,-1.060189099460672,false,78.78519346720248,formal_m1_center_not_selected
primary,S002662,C067_QPP_N060_P080_A0_Q010,STATIONARY_QPP_PRESENT,21,0,3,VALID,-9.356885943741474,-3.215097068418004,false,47.89175839733354,formal_m1_center_not_selected
primary,S002663,C067_QPP_N060_P080_A0_Q010,STATIONARY_QPP_PRESENT,22,0,3,VALID,-8.94790633299084,-2.39230325849897,false,50.00866412007529,formal_m1_center_not_selected
primary,S002664,C067_QPP_N060_P080_A0_Q010,STATIONARY_QPP_PRESENT,23,0,3,VALID,-8.502961459204101,-1.8634601131335273,false,63.56423370155831,formal_m1_center_not_selected
primary,S002665,C067_QPP_N060_P080_A0_Q010,STATIONARY_QPP_PRESENT,24,0,3,VALID,-8.053223954776314,-1.3447311254803935,false,83.83626459435277,formal_m1_center_not_selected
primary,S002666,C067_QPP_N060_P080_A0_Q010,STATIONARY_QPP_PRESENT,25,0,3,VALID,-9.14209345720451,-2.6395712283136277,false,88.70179102049056,formal_m1_center_not_selected
primary,S002667,C067_QPP_N060_P080_A0_Q010,STATIONARY_QPP_PRESENT,26,0,3,VALID,-7.489014486082084,-0.9915155334284407,false,78.31059669888771,formal_m1_center_not_selected
primary,S002668,C067_QPP_N060_P080_A0_Q010,STATIONARY_QPP_PRESENT,27,0,3,VALID,-9.037354528186881,-2.5708522739414548,false,53.51794448320026,formal_m1_center_not_selected
primary,S002669,C067_QPP_N060_P080_A0_Q010,STATIONARY_QPP_PRESENT,28,0,3,VALID,-9.22546934202532,-2.7475428083325824,false,116.85571390829597,formal_m1_center_not_selected
primary,S002670,C067_QPP_N060_P080_A0_Q010,STATIONARY_QPP_PRESENT,29,0,3,VALID,-4.833573161657398,0.10301059199696283,false,47.41516016522696,formal_m1_center_not_selected
primary,S002671,C067_QPP_N060_P080_A0_Q010,STATIONARY_QPP_PRESENT,30,0,3,VALID,-7.784732911188172,-1.5160685980520725,false,47.47377444626455,formal_m1_center_not_selected
primary,S002672,C067_QPP_N060_P080_A0_Q010,STATIONARY_QPP_PRESENT,31,0,3,VALID,-9.030626047428626,-3.272216583165715,false,72.28865217404874,formal_m1_center_not_selected
primary,S002673,C067_QPP_N060_P080_A0_Q010,STATIONARY_QPP_PRESENT,32,0,3,VALID,-9.172608938696214,-3.340036800487809,false,47.201436228992684,formal_m1_center_not_selected
primary,S002674,C067_QPP_N060_P080_A0_Q010,STATIONARY_QPP_PRESENT,33,0,3,VALID,-9.45436785635593,-3.867176950518143,false,242.5692385172964,formal_m1_center_not_selected
primary,S002675,C067_QPP_N060_P080_A0_Q010,STATIONARY_QPP_PRESENT,34,0,3,VALID,-9.336795016111978,-2.896316477629597,false,90.92842980437226,formal_m1_center_not_selected
primary,S002676,C067_QPP_N060_P080_A0_Q010,STATIONARY_QPP_PRESENT,35,0,3,VALID,-7.704995354288144,-1.2625284193026118,false,42.28877925742518,formal_m1_center_not_selected
primary,S002677,C067_QPP_N060_P080_A0_Q010,STATIONARY_QPP_PRESENT,36,0,3,VALID,-7.216364424918453,-1.8989985300987087,false,48.891233945953154,formal_m1_center_not_selected
primary,S002678,C067_QPP_N060_P080_A0_Q010,STATIONARY_QPP_PRESENT,37,0,3,VALID,-9.196882152242296,-3.0197396431534003,false,56.0014712412651,formal_m1_center_not_selected
primary,S002679,C067_QPP_N060_P080_A0_Q010,STATIONARY_QPP_PRESENT,38,0,3,VALID,-7.7772620761245435,-1.489270977933586,false,63.302201158862005,formal_m1_center_not_selected
primary,S002680,C067_QPP_N060_P080_A0_Q010,STATIONARY_QPP_PRESENT,39,0,3,VALID,-9.062792752312873,-2.630707168649849,false,102.1202255441411,formal_m1_center_not_selected
primary,S002681,C068_QPP_N060_P080_A0_Q020,STATIONARY_QPP_PRESENT,0,0,3,VALID,-8.04998831715838,-1.4042535307745254,false,84.14342827901771,formal_m1_center_not_selected
primary,S002682,C068_QPP_N060_P080_A0_Q020,STATIONARY_QPP_PRESENT,1,0,3,VALID,-6.6457466015987166,-0.5062822481154683,false,40.19282877587886,formal_m1_center_not_selected
primary,S002683,C068_QPP_N060_P080_A0_Q020,STATIONARY_QPP_PRESENT,2,0,3,VALID,-6.5107391276451665,-0.11383141246980699,false,40.0,formal_m1_center_not_selected
primary,S002684,C068_QPP_N060_P080_A0_Q020,STATIONARY_QPP_PRESENT,3,0,3,VALID,-8.361475869390262,-2.2028574177061557,false,81.61627783716925,formal_m1_center_not_selected
primary,S002685,C068_QPP_N060_P080_A0_Q020,STATIONARY_QPP_PRESENT,4,0,3,VALID,-8.085236186821362,-2.612813137776982,false,47.41876946899633,formal_m1_center_not_selected
primary,S002686,C068_QPP_N060_P080_A0_Q020,STATIONARY_QPP_PRESENT,5,0,3,VALID,-8.389859491199758,-1.8820674819880878,false,67.34223088207436,formal_m1_center_not_selected
primary,S002687,C068_QPP_N060_P080_A0_Q020,STATIONARY_QPP_PRESENT,6,0,3,VALID,-8.391398866275608,-3.4812245581159686,false,44.95264257820029,formal_m1_center_not_selected
primary,S002688,C068_QPP_N060_P080_A0_Q020,STATIONARY_QPP_PRESENT,7,0,3,VALID,-5.3384991073433525,-1.6292143248068385,false,85.74443895911806,formal_m1_center_not_selected
primary,S002689,C068_QPP_N060_P080_A0_Q020,STATIONARY_QPP_PRESENT,8,0,3,VALID,-5.232005785377311,0.6699745964004649,false,61.70077369645598,formal_m1_center_not_selected
primary,S002690,C068_QPP_N060_P080_A0_Q020,STATIONARY_QPP_PRESENT,9,0,3,VALID,-8.79837954005228,-2.2668280964655025,false,54.617731454501936,formal_m1_center_not_selected
primary,S002691,C068_QPP_N060_P080_A0_Q020,STATIONARY_QPP_PRESENT,10,0,3,VALID,-7.476926812905646,-1.3311636267217466,false,79.10916908092344,formal_m1_center_not_selected
primary,S002692,C068_QPP_N060_P080_A0_Q020,STATIONARY_QPP_PRESENT,11,0,3,VALID,-9.07534462225152,-2.8266409443897373,false,70.26510657931526,formal_m1_center_not_selected
primary,S002693,C068_QPP_N060_P080_A0_Q020,STATIONARY_QPP_PRESENT,12,0,3,VALID,-7.1171577264718735,-0.5914993207591692,false,82.91494579242003,formal_m1_center_not_selected
primary,S002694,C068_QPP_N060_P080_A0_Q020,STATIONARY_QPP_PRESENT,13,0,3,VALID,-2.890796506962971,2.788432182246879,false,79.09848759854034,formal_m1_center_not_selected
primary,S002695,C068_QPP_N060_P080_A0_Q020,STATIONARY_QPP_PRESENT,14,0,3,VALID,-8.147415799481053,-3.115218433998791,false,45.196075522808634,formal_m1_center_not_selected
primary,S002696,C068_QPP_N060_P080_A0_Q020,STATIONARY_QPP_PRESENT,15,0,3,VALID,-8.883919078528635,-3.9263360298454586,false,97.49554961060747,formal_m1_center_not_selected
primary,S002697,C068_QPP_N060_P080_A0_Q020,STATIONARY_QPP_PRESENT,16,0,3,VALID,-5.035929772572018,0.34606825052657086,false,78.79820199020901,formal_m1_center_not_selected
primary,S002698,C068_QPP_N060_P080_A0_Q020,STATIONARY_QPP_PRESENT,17,0,3,VALID,-8.680016517717036,-2.5717767182735827,false,97.11273236885414,formal_m1_center_not_selected
primary,S002699,C068_QPP_N060_P080_A0_Q020,STATIONARY_QPP_PRESENT,18,0,3,VALID,-6.7464009509503455,-0.2691467984686824,false,79.31974677261523,formal_m1_center_not_selected
primary,S002700,C068_QPP_N060_P080_A0_Q020,STATIONARY_QPP_PRESENT,19,0,3,VALID,-8.594337287539844,-2.3214096336494947,false,90.85724063611607,formal_m1_center_not_selected
primary,S002701,C068_QPP_N060_P080_A0_Q020,STATIONARY_QPP_PRESENT,20,0,3,VALID,-4.100511289864812,2.332277829778633,false,79.07860532461305,formal_m1_center_not_selected
primary,S002702,C068_QPP_N060_P080_A0_Q020,STATIONARY_QPP_PRESENT,21,0,3,VALID,-9.7076860837862,-3.2377458955178042,false,188.81817505542108,formal_m1_center_not_selected
primary,S002703,C068_QPP_N060_P080_A0_Q020,STATIONARY_QPP_PRESENT,22,0,3,VALID,-8.317161933400712,-1.7357944653055313,false,86.56588911440201,formal_m1_center_not_selected
primary,S002704,C068_QPP_N060_P080_A0_Q020,STATIONARY_QPP_PRESENT,23,0,3,VALID,-8.46018252072514,-2.493421514387819,false,71.22497708224556,formal_m1_center_not_selected
primary,S002705,C068_QPP_N060_P080_A0_Q020,STATIONARY_QPP_PRESENT,24,0,3,VALID,-4.831536193334159,0.3414580089552999,false,83.54558331899442,formal_m1_center_not_selected
primary,S002706,C068_QPP_N060_P080_A0_Q020,STATIONARY_QPP_PRESENT,25,0,3,VALID,-7.41177903552304,-1.0215948735827283,false,85.63831991887169,formal_m1_center_not_selected
primary,S002707,C068_QPP_N060_P080_A0_Q020,STATIONARY_QPP_PRESENT,26,0,3,VALID,-4.2121275730301875,2.2416061217320475,false,78.685636856626,formal_m1_center_not_selected
primary,S002708,C068_QPP_N060_P080_A0_Q020,STATIONARY_QPP_PRESENT,27,0,3,VALID,-9.116327320266066,-2.619686599387819,false,53.57154279579472,formal_m1_center_not_selected
primary,S002709,C068_QPP_N060_P080_A0_Q020,STATIONARY_QPP_PRESENT,28,0,3,VALID,-9.522173787205304,-3.062345399559746,false,116.88879360748562,formal_m1_center_not_selected
primary,S002710,C068_QPP_N060_P080_A0_Q020,STATIONARY_QPP_PRESENT,29,0,3,VALID,-4.660390444315738,0.0033678174251861037,false,47.414967948520655,formal_m1_center_not_selected
primary,S002711,C068_QPP_N060_P080_A0_Q020,STATIONARY_QPP_PRESENT,30,0,3,VALID,-6.659730594230382,-0.33384179914952483,false,86.59433952500403,formal_m1_center_not_selected
primary,S002712,C068_QPP_N060_P080_A0_Q020,STATIONARY_QPP_PRESENT,31,0,3,VALID,-6.509113085227682,-0.5390209685205889,false,79.76344334179745,formal_m1_center_not_selected
primary,S002713,C068_QPP_N060_P080_A0_Q020,STATIONARY_QPP_PRESENT,32,0,3,VALID,-6.9683627975514355,-2.227588489969463,false,85.70207537004532,formal_m1_center_not_selected
primary,S002714,C068_QPP_N060_P080_A0_Q020,STATIONARY_QPP_PRESENT,33,0,3,VALID,-9.37104931506525,-3.9002897387248368,false,244.129381564297,formal_m1_center_not_selected
primary,S002715,C068_QPP_N060_P080_A0_Q020,STATIONARY_QPP_PRESENT,34,0,3,VALID,-7.890593445657231,-1.3054123951899896,false,86.75266572713812,formal_m1_center_not_selected
primary,S002716,C068_QPP_N060_P080_A0_Q020,STATIONARY_QPP_PRESENT,35,0,3,VALID,-7.022421431873823,-0.3241287876388981,false,84.55599457993634,formal_m1_center_not_selected
primary,S002717,C068_QPP_N060_P080_A0_Q020,STATIONARY_QPP_PRESENT,36,0,3,VALID,-7.216061595126774,-1.9827443640452884,false,48.914819873443584,formal_m1_center_not_selected
primary,S002718,C068_QPP_N060_P080_A0_Q020,STATIONARY_QPP_PRESENT,37,0,3,VALID,-9.36986565456067,-3.056927954983422,false,74.05008317150754,formal_m1_center_not_selected
primary,S002719,C068_QPP_N060_P080_A0_Q020,STATIONARY_QPP_PRESENT,38,0,3,VALID,-7.223214346206248,-0.9994969137178487,false,68.58117721704038,formal_m1_center_not_selected
primary,S002720,C068_QPP_N060_P080_A0_Q020,STATIONARY_QPP_PRESENT,39,0,3,VALID,-7.389209849297657,-1.8684022506395195,false,77.8543436568786,formal_m1_center_not_selected
primary,S002721,C069_QPP_N060_P080_A0_Q040,STATIONARY_QPP_PRESENT,0,0,3,VALID,-1.5766299079441524,2.2985881201136635,false,83.37319757609338,formal_m1_center_not_selected
primary,S002722,C069_QPP_N060_P080_A0_Q040,STATIONARY_QPP_PRESENT,1,0,3,VALID,-5.711416879395955,-0.9264256656923635,false,81.32882834374158,formal_m1_center_not_selected
primary,S002723,C069_QPP_N060_P080_A0_Q040,STATIONARY_QPP_PRESENT,2,0,3,VALID,1.6696110518268767,7.752672520255345,false,77.35785540708815,formal_m1_center_not_selected
primary,S002724,C069_QPP_N060_P080_A0_Q040,STATIONARY_QPP_PRESENT,3,0,3,VALID,-0.33063950868842085,3.8620775238075566,false,81.19486114249409,formal_m1_center_not_selected
primary,S002725,C069_QPP_N060_P080_A0_Q040,STATIONARY_QPP_PRESENT,4,0,3,VALID,-7.751531899655987,-1.959009678719923,false,82.03034326920863,formal_m1_center_not_selected
primary,S002726,C069_QPP_N060_P080_A0_Q040,STATIONARY_QPP_PRESENT,5,0,3,VALID,-3.693838595777123,1.8847832404321707,false,75.78000635752092,formal_m1_center_not_selected
primary,S002727,C069_QPP_N060_P080_A0_Q040,STATIONARY_QPP_PRESENT,6,0,3,VALID,-3.6268070362960714,-0.13899365463180402,false,85.17282672316594,formal_m1_center_not_selected
primary,S002728,C069_QPP_N060_P080_A0_Q040,STATIONARY_QPP_PRESENT,7,0,3,VALID,2.674447994748135,7.788788719120703,false,84.47152874041544,formal_m1_center_not_selected
primary,S002729,C069_QPP_N060_P080_A0_Q040,STATIONARY_QPP_PRESENT,8,0,3,VALID,-4.477184189186488,-0.2098771304366096,false,85.35534845013456,formal_m1_center_not_selected
primary,S002730,C069_QPP_N060_P080_A0_Q040,STATIONARY_QPP_PRESENT,9,0,3,VALID,-6.861649501689811,-1.0144424288433243,false,80.71945064415897,formal_m1_center_not_selected
primary,S002731,C069_QPP_N060_P080_A0_Q040,STATIONARY_QPP_PRESENT,10,0,3,VALID,1.0163850179395695,4.6745092246738125,false,79.71417559419784,formal_m1_center_not_selected
primary,S002732,C069_QPP_N060_P080_A0_Q040,STATIONARY_QPP_PRESENT,11,0,3,VALID,-5.731650970114572,0.24726209252753506,false,74.68106725757016,formal_m1_center_not_selected
primary,S002733,C069_QPP_N060_P080_A0_Q040,STATIONARY_QPP_PRESENT,12,0,3,VALID,-0.2770606151287609,6.073937205377803,false,82.44873810449266,formal_m1_center_not_selected
primary,S002734,C069_QPP_N060_P080_A0_Q040,STATIONARY_QPP_PRESENT,13,0,3,VALID,7.026580308471978,9.126473906560989,false,79.62423334414532,formal_m1_center_not_selected
primary,S002735,C069_QPP_N060_P080_A0_Q040,STATIONARY_QPP_PRESENT,14,0,3,VALID,-2.3601916460221446,-0.06106108056206949,false,87.07906966249467,formal_m1_center_not_selected
primary,S002736,C069_QPP_N060_P080_A0_Q040,STATIONARY_QPP_PRESENT,15,0,3,VALID,-3.6941436406295622,-0.9657681500218303,false,84.65545909116639,formal_m1_center_not_selected
primary,S002737,C069_QPP_N060_P080_A0_Q040,STATIONARY_QPP_PRESENT,16,0,3,VALID,2.2418713108545774,4.454825687658342,false,79.85936820127806,formal_m1_center_not_selected
primary,S002738,C069_QPP_N060_P080_A0_Q040,STATIONARY_QPP_PRESENT,17,0,3,VALID,-7.299294815709686,-1.983958360401516,false,83.40051212451169,formal_m1_center_not_selected
primary,S002739,C069_QPP_N060_P080_A0_Q040,STATIONARY_QPP_PRESENT,18,0,3,VALID,1.031450929161707,7.217542281397414,false,79.14218523797557,formal_m1_center_not_selected
primary,S002740,C069_QPP_N060_P080_A0_Q040,STATIONARY_QPP_PRESENT,19,0,3,VALID,-5.9667543228121644,0.6249701833328629,false,86.0061888843374,formal_m1_center_not_selected
primary,S002741,C069_QPP_N060_P080_A0_Q040,STATIONARY_QPP_PRESENT,20,0,3,VALID,4.382241128612122,10.450079148312597,false,79.61314919703025,formal_m1_center_not_selected
primary,S002742,C069_QPP_N060_P080_A0_Q040,STATIONARY_QPP_PRESENT,21,0,3,VALID,-5.487166668454648,0.6339158185608653,false,77.44898743689953,formal_m1_center_not_selected
primary,S002743,C069_QPP_N060_P080_A0_Q040,STATIONARY_QPP_PRESENT,22,0,3,VALID,-2.601299419478778,1.667825378194749,false,84.48256095512254,formal_m1_center_not_selected
primary,S002744,C069_QPP_N060_P080_A0_Q040,STATIONARY_QPP_PRESENT,23,0,3,VALID,-2.2096759372232953,2.8829062733208275,false,77.42688848569732,formal_m1_center_not_selected
primary,S002745,C069_QPP_N060_P080_A0_Q040,STATIONARY_QPP_PRESENT,24,0,3,VALID,4.150083871940211,5.614418798328984,false,82.69223093805323,formal_m1_center_not_selected
primary,S002746,C069_QPP_N060_P080_A0_Q040,STATIONARY_QPP_PRESENT,25,0,3,VALID,-1.0925531827381292,2.884951537457283,false,83.89836189790671,formal_m1_center_not_selected
primary,S002747,C069_QPP_N060_P080_A0_Q040,STATIONARY_QPP_PRESENT,26,0,3,VALID,4.288467563577484,7.118253912579831,false,79.00660129096273,formal_m1_center_not_selected
primary,S002748,C069_QPP_N060_P080_A0_Q040,STATIONARY_QPP_PRESENT,27,0,3,VALID,-6.728378098910753,-0.4675069798008451,false,78.45081299417339,formal_m1_center_not_selected
primary,S002749,C069_QPP_N060_P080_A0_Q040,STATIONARY_QPP_PRESENT,28,0,3,VALID,-4.524999391424416,1.9825847661209934,false,84.29563586751458,formal_m1_center_not_selected
primary,S002750,C069_QPP_N060_P080_A0_Q040,STATIONARY_QPP_PRESENT,29,0,3,VALID,-5.227770853114606,-1.3228309339268378,false,89.74670006613684,formal_m1_center_not_selected
primary,S002751,C069_QPP_N060_P080_A0_Q040,STATIONARY_QPP_PRESENT,30,0,3,VALID,-1.5134495657254092,2.2933475841752795,false,83.86863853458816,formal_m1_center_not_selected
primary,S002752,C069_QPP_N060_P080_A0_Q040,STATIONARY_QPP_PRESENT,31,0,3,VALID,2.742183520898294,5.63694344930849,false,79.50852882556333,formal_m1_center_not_selected
primary,S002753,C069_QPP_N060_P080_A0_Q040,STATIONARY_QPP_PRESENT,32,0,3,VALID,0.6267387368970958,6.457515811760231,false,84.49031541927583,formal_m1_center_not_selected
primary,S002754,C069_QPP_N060_P080_A0_Q040,STATIONARY_QPP_PRESENT,33,0,3,VALID,-7.553548901523044,-1.3710962904131918,false,74.4995540646189,formal_m1_center_not_selected
primary,S002755,C069_QPP_N060_P080_A0_Q040,STATIONARY_QPP_PRESENT,34,0,3,VALID,-1.597813930442868,4.509910577169364,false,84.11962499252871,formal_m1_center_not_selected
primary,S002756,C069_QPP_N060_P080_A0_Q040,STATIONARY_QPP_PRESENT,35,0,3,VALID,0.2537158508623918,6.44251930788414,false,83.82859390387598,formal_m1_center_not_selected
primary,S002757,C069_QPP_N060_P080_A0_Q040,STATIONARY_QPP_PRESENT,36,0,3,VALID,-8.844466772334016,-2.3679019745882215,false,48.75772530812357,formal_m1_center_not_selected
primary,S002758,C069_QPP_N060_P080_A0_Q040,STATIONARY_QPP_PRESENT,37,0,3,VALID,-3.9961039905028315,1.598055762324833,false,76.28239090837307,formal_m1_center_not_selected
primary,S002759,C069_QPP_N060_P080_A0_Q040,STATIONARY_QPP_PRESENT,38,0,3,VALID,-2.400148611940864,3.199996546420209,false,73.27376527860449,formal_m1_center_not_selected
primary,S002760,C069_QPP_N060_P080_A0_Q040,STATIONARY_QPP_PRESENT,39,0,3,VALID,-0.808486318342716,2.4515261028112434,false,78.63293194956834,formal_m1_center_not_selected
primary,S002761,C070_QPP_N060_P080_A1_Q010,STATIONARY_QPP_PRESENT,0,0,3,VALID,-9.588573439495207,-2.96652920058321,false,60.906087154080254,formal_m1_center_not_selected
primary,S002762,C070_QPP_N060_P080_A1_Q010,STATIONARY_QPP_PRESENT,1,0,3,VALID,-8.020393125753912,-2.5233414046761027,false,77.87057784436972,formal_m1_center_not_selected
primary,S002763,C070_QPP_N060_P080_A1_Q010,STATIONARY_QPP_PRESENT,2,0,3,VALID,-9.38123214664941,-4.00063720424194,false,43.97037890106703,formal_m1_center_not_selected
primary,S002764,C070_QPP_N060_P080_A1_Q010,STATIONARY_QPP_PRESENT,3,0,3,VALID,-9.26333971390568,-3.192934840083126,false,41.52970872716235,formal_m1_center_not_selected
primary,S002765,C070_QPP_N060_P080_A1_Q010,STATIONARY_QPP_PRESENT,4,0,3,VALID,-8.820037489711154,-3.2482238764660565,false,66.4862250175923,formal_m1_center_not_selected
primary,S002766,C070_QPP_N060_P080_A1_Q010,STATIONARY_QPP_PRESENT,5,0,3,VALID,-9.401129366777411,-2.8026717037656965,false,61.487072322907004,formal_m1_center_not_selected
primary,S002767,C070_QPP_N060_P080_A1_Q010,STATIONARY_QPP_PRESENT,6,0,3,VALID,-8.730463172734119,-2.5213105336010244,false,53.358661756054296,formal_m1_center_not_selected
primary,S002768,C070_QPP_N060_P080_A1_Q010,STATIONARY_QPP_PRESENT,7,0,3,VALID,-9.107985027379556,-2.7706091797417685,false,40.0,formal_m1_center_not_selected
primary,S002769,C070_QPP_N060_P080_A1_Q010,STATIONARY_QPP_PRESENT,8,0,3,VALID,-8.798602277843145,-2.956328228092559,false,45.26400854024336,formal_m1_center_not_selected
primary,S002770,C070_QPP_N060_P080_A1_Q010,STATIONARY_QPP_PRESENT,9,0,3,VALID,-9.116085059936921,-3.094226026286833,false,76.72193477336432,formal_m1_center_not_selected
primary,S002771,C070_QPP_N060_P080_A1_Q010,STATIONARY_QPP_PRESENT,10,0,3,VALID,-9.628949632870217,-3.6942008828813755,false,127.52376887239991,formal_m1_center_not_selected
primary,S002772,C070_QPP_N060_P080_A1_Q010,STATIONARY_QPP_PRESENT,11,0,3,VALID,-9.604488644983888,-3.5477577894995704,false,42.41503327854222,formal_m1_center_not_selected
primary,S002773,C070_QPP_N060_P080_A1_Q010,STATIONARY_QPP_PRESENT,12,0,3,VALID,-8.630679907233286,-2.3572506399395365,false,79.8935304032682,formal_m1_center_not_selected
primary,S002774,C070_QPP_N060_P080_A1_Q010,STATIONARY_QPP_PRESENT,13,0,3,VALID,-9.137104973238934,-2.606397092500373,false,58.79671582820646,formal_m1_center_not_selected
primary,S002775,C070_QPP_N060_P080_A1_Q010,STATIONARY_QPP_PRESENT,14,0,3,VALID,-7.564085870904819,-1.9374042589089129,false,76.98107362660596,formal_m1_center_not_selected
primary,S002776,C070_QPP_N060_P080_A1_Q010,STATIONARY_QPP_PRESENT,15,0,3,VALID,-8.608129680144913,-2.36472674451187,false,72.05860079638185,formal_m1_center_not_selected
primary,S002777,C070_QPP_N060_P080_A1_Q010,STATIONARY_QPP_PRESENT,16,0,3,VALID,-8.255052008811901,-1.93503833903236,false,50.947089869091364,formal_m1_center_not_selected
primary,S002778,C070_QPP_N060_P080_A1_Q010,STATIONARY_QPP_PRESENT,17,0,3,VALID,-8.039792635350295,-1.9418186287125252,false,80.89701799637308,formal_m1_center_not_selected
primary,S002779,C070_QPP_N060_P080_A1_Q010,STATIONARY_QPP_PRESENT,18,0,3,VALID,-8.991304289338728,-2.5125807527311963,false,50.56411023694547,formal_m1_center_not_selected
primary,S002780,C070_QPP_N060_P080_A1_Q010,STATIONARY_QPP_PRESENT,19,0,3,VALID,-9.321132055491518,-3.3285618289759498,false,44.319009763138936,formal_m1_center_not_selected
primary,S002781,C070_QPP_N060_P080_A1_Q010,STATIONARY_QPP_PRESENT,20,0,3,VALID,-9.63633584063112,-3.131749205945283,false,141.34127456040792,formal_m1_center_not_selected
primary,S002782,C070_QPP_N060_P080_A1_Q010,STATIONARY_QPP_PRESENT,21,0,3,VALID,-8.837209968501242,-3.024060308101184,false,54.769947594126535,formal_m1_center_not_selected
primary,S002783,C070_QPP_N060_P080_A1_Q010,STATIONARY_QPP_PRESENT,22,0,3,VALID,-9.496839169128208,-3.051815323915122,false,53.864787606070344,formal_m1_center_not_selected
primary,S002784,C070_QPP_N060_P080_A1_Q010,STATIONARY_QPP_PRESENT,23,0,3,VALID,-8.920448892383462,-2.4001552558547132,false,77.08239369504737,formal_m1_center_not_selected
primary,S002785,C070_QPP_N060_P080_A1_Q010,STATIONARY_QPP_PRESENT,24,0,3,VALID,-9.755871771146218,-3.269556602945471,false,47.61729842936204,formal_m1_center_not_selected
primary,S002786,C070_QPP_N060_P080_A1_Q010,STATIONARY_QPP_PRESENT,25,0,3,VALID,-8.780897033104083,-3.354267591408359,false,44.233121136033255,formal_m1_center_not_selected
primary,S002787,C070_QPP_N060_P080_A1_Q010,STATIONARY_QPP_PRESENT,26,0,3,VALID,-9.696525363675534,-3.1862836448026144,false,55.14192078650478,formal_m1_center_not_selected
primary,S002788,C070_QPP_N060_P080_A1_Q010,STATIONARY_QPP_PRESENT,27,0,3,VALID,-9.094227366709106,-2.703854278870807,false,46.93369194131819,formal_m1_center_not_selected
primary,S002789,C070_QPP_N060_P080_A1_Q010,STATIONARY_QPP_PRESENT,28,0,3,VALID,-9.256739923925352,-3.6232832982760783,false,40.0,formal_m1_center_not_selected
primary,S002790,C070_QPP_N060_P080_A1_Q010,STATIONARY_QPP_PRESENT,29,0,3,VALID,-8.616196737677143,-2.0399833814407202,false,59.99850983339011,formal_m1_center_not_selected
primary,S002791,C070_QPP_N060_P080_A1_Q010,STATIONARY_QPP_PRESENT,30,0,3,VALID,-8.011825120983417,-1.9898655170181314,false,45.73564525321758,formal_m1_center_not_selected
primary,S002792,C070_QPP_N060_P080_A1_Q010,STATIONARY_QPP_PRESENT,31,0,3,VALID,-9.295183753588589,-2.7022320323492863,false,78.77881246880219,formal_m1_center_not_selected
primary,S002793,C070_QPP_N060_P080_A1_Q010,STATIONARY_QPP_PRESENT,32,0,3,VALID,-9.53111847284481,-3.1454389933224434,false,58.698068720395625,formal_m1_center_not_selected
primary,S002794,C070_QPP_N060_P080_A1_Q010,STATIONARY_QPP_PRESENT,33,0,3,VALID,-9.148441433866395,-2.9162370070334305,false,80.85139106541185,formal_m1_center_not_selected
primary,S002795,C070_QPP_N060_P080_A1_Q010,STATIONARY_QPP_PRESENT,34,0,3,VALID,-7.332133750448236,-1.9128813927849535,false,40.0,formal_m1_center_not_selected
primary,S002796,C070_QPP_N060_P080_A1_Q010,STATIONARY_QPP_PRESENT,35,0,3,VALID,-8.881046150883037,-2.5558561560321493,false,73.36948863073067,formal_m1_center_not_selected
primary,S002797,C070_QPP_N060_P080_A1_Q010,STATIONARY_QPP_PRESENT,36,0,3,VALID,-7.990626328317063,-2.0880091693186955,false,46.873328723729024,formal_m1_center_not_selected
primary,S002798,C070_QPP_N060_P080_A1_Q010,STATIONARY_QPP_PRESENT,37,0,3,VALID,-9.359108763156541,-2.8970867745692885,false,48.354785418169946,formal_m1_center_not_selected
primary,S002799,C070_QPP_N060_P080_A1_Q010,STATIONARY_QPP_PRESENT,38,0,3,VALID,-9.373638457523157,-3.0462006475889893,false,42.95640747130184,formal_m1_center_not_selected
primary,S002800,C070_QPP_N060_P080_A1_Q010,STATIONARY_QPP_PRESENT,39,0,3,VALID,-9.268734807441177,-2.808056250191129,false,73.79168079962176,formal_m1_center_not_selected
primary,S002801,C071_QPP_N060_P080_A1_Q020,STATIONARY_QPP_PRESENT,0,0,3,VALID,-9.82341540916002,-3.1541052350463588,false,61.1752381092191,formal_m1_center_not_selected
primary,S002802,C071_QPP_N060_P080_A1_Q020,STATIONARY_QPP_PRESENT,1,0,3,VALID,-5.378689052026033,-0.581950682113245,false,79.08522660090519,formal_m1_center_not_selected
primary,S002803,C071_QPP_N060_P080_A1_Q020,STATIONARY_QPP_PRESENT,2,0,3,VALID,-7.347414226273543,-2.556818127814097,false,85.69870819327365,formal_m1_center_not_selected
primary,S002804,C071_QPP_N060_P080_A1_Q020,STATIONARY_QPP_PRESENT,3,0,3,VALID,-9.162575480893196,-2.9301490440077202,false,41.56500058895075,formal_m1_center_not_selected
primary,S002805,C071_QPP_N060_P080_A1_Q020,STATIONARY_QPP_PRESENT,4,0,3,VALID,-7.156368935398007,-1.8946159475114257,false,76.75799887404479,formal_m1_center_not_selected
primary,S002806,C071_QPP_N060_P080_A1_Q020,STATIONARY_QPP_PRESENT,5,0,3,VALID,-9.530515889081613,-2.9780877502899727,false,61.56951267662778,formal_m1_center_not_selected
primary,S002807,C071_QPP_N060_P080_A1_Q020,STATIONARY_QPP_PRESENT,6,0,3,VALID,-8.966075048965052,-2.739493319504703,false,53.29916624244989,formal_m1_center_not_selected
primary,S002808,C071_QPP_N060_P080_A1_Q020,STATIONARY_QPP_PRESENT,7,0,3,VALID,-8.653937898726412,-2.5940997364816383,false,89.3088306426309,formal_m1_center_not_selected
primary,S002809,C071_QPP_N060_P080_A1_Q020,STATIONARY_QPP_PRESENT,8,0,3,VALID,-8.890892768318537,-2.790695464018256,false,45.14006430597858,formal_m1_center_not_selected
primary,S002810,C071_QPP_N060_P080_A1_Q020,STATIONARY_QPP_PRESENT,9,0,3,VALID,-6.184867484217506,0.39572558319093787,false,76.98977412843495,formal_m1_center_not_selected
primary,S002811,C071_QPP_N060_P080_A1_Q020,STATIONARY_QPP_PRESENT,10,0,3,VALID,-8.29293617160738,-3.623944672553563,false,87.10375940203177,formal_m1_center_not_selected
primary,S002812,C071_QPP_N060_P080_A1_Q020,STATIONARY_QPP_PRESENT,11,0,3,VALID,-9.405356632903704,-3.6810798953976303,false,42.286719295292095,formal_m1_center_not_selected
primary,S002813,C071_QPP_N060_P080_A1_Q020,STATIONARY_QPP_PRESENT,12,0,3,VALID,-5.277723998840173,1.2599316560011005,false,80.0165574807976,formal_m1_center_not_selected
primary,S002814,C071_QPP_N060_P080_A1_Q020,STATIONARY_QPP_PRESENT,13,0,3,VALID,-9.513994732188849,-2.8519612498948277,false,57.24780992618723,formal_m1_center_not_selected
primary,S002815,C071_QPP_N060_P080_A1_Q020,STATIONARY_QPP_PRESENT,14,0,3,VALID,-3.8221283046301266,0.8837082694767275,false,76.9129304148648,formal_m1_center_not_selected
primary,S002816,C071_QPP_N060_P080_A1_Q020,STATIONARY_QPP_PRESENT,15,0,3,VALID,-7.235475315913533,-0.9758200986659062,false,73.37286324969661,formal_m1_center_not_selected
primary,S002817,C071_QPP_N060_P080_A1_Q020,STATIONARY_QPP_PRESENT,16,0,3,VALID,-8.55565398529211,-1.9393432547230987,false,50.971311033274,formal_m1_center_not_selected
primary,S002818,C071_QPP_N060_P080_A1_Q020,STATIONARY_QPP_PRESENT,17,0,3,VALID,-4.270609009025975,0.57019122625519,false,81.01559159632073,formal_m1_center_not_selected
primary,S002819,C071_QPP_N060_P080_A1_Q020,STATIONARY_QPP_PRESENT,18,0,3,VALID,-8.515584126097167,-2.0921843896637995,false,72.01022777276127,formal_m1_center_not_selected
primary,S002820,C071_QPP_N060_P080_A1_Q020,STATIONARY_QPP_PRESENT,19,0,3,VALID,-8.025470219774519,-3.315422035074789,false,85.05304099728504,formal_m1_center_not_selected
primary,S002821,C071_QPP_N060_P080_A1_Q020,STATIONARY_QPP_PRESENT,20,0,3,VALID,-7.46205719221939,-1.5228745276417328,false,80.40849848796509,formal_m1_center_not_selected
primary,S002822,C071_QPP_N060_P080_A1_Q020,STATIONARY_QPP_PRESENT,21,0,3,VALID,-7.519985044186598,-1.8175153392108427,false,77.01852757359023,formal_m1_center_not_selected
primary,S002823,C071_QPP_N060_P080_A1_Q020,STATIONARY_QPP_PRESENT,22,0,3,VALID,-8.430767977056036,-2.131304013022117,false,84.71358438302411,formal_m1_center_not_selected
primary,S002824,C071_QPP_N060_P080_A1_Q020,STATIONARY_QPP_PRESENT,23,0,3,VALID,-6.157084637249767,0.3661606418137069,false,77.24528011678271,formal_m1_center_not_selected
primary,S002825,C071_QPP_N060_P080_A1_Q020,STATIONARY_QPP_PRESENT,24,0,3,VALID,-9.795659408844415,-3.3497018245426204,false,47.60841624745657,formal_m1_center_not_selected
primary,S002826,C071_QPP_N060_P080_A1_Q020,STATIONARY_QPP_PRESENT,25,0,3,VALID,-6.482649673155464,-2.1502055320843567,false,81.9619560424169,formal_m1_center_not_selected
primary,S002827,C071_QPP_N060_P080_A1_Q020,STATIONARY_QPP_PRESENT,26,0,3,VALID,-9.485130043265286,-2.9715885502450874,false,87.12164698955802,formal_m1_center_not_selected
primary,S002828,C071_QPP_N060_P080_A1_Q020,STATIONARY_QPP_PRESENT,27,0,3,VALID,-7.3598520228860025,-2.1122418079402507,false,84.83055261138362,formal_m1_center_not_selected
primary,S002829,C071_QPP_N060_P080_A1_Q020,STATIONARY_QPP_PRESENT,28,0,3,VALID,-9.266058700186449,-3.0378970070626963,false,75.66015165272988,formal_m1_center_not_selected
primary,S002830,C071_QPP_N060_P080_A1_Q020,STATIONARY_QPP_PRESENT,29,0,3,VALID,-9.088872246052034,-2.4445592913519363,false,59.989680609660695,formal_m1_center_not_selected
primary,S002831,C071_QPP_N060_P080_A1_Q020,STATIONARY_QPP_PRESENT,30,0,3,VALID,-7.982142638308716,-2.2904545267757044,false,45.6927024762294,formal_m1_center_not_selected
primary,S002832,C071_QPP_N060_P080_A1_Q020,STATIONARY_QPP_PRESENT,31,0,3,VALID,-6.772963559791037,-0.32436463671510296,false,78.77429053943216,formal_m1_center_not_selected
primary,S002833,C071_QPP_N060_P080_A1_Q020,STATIONARY_QPP_PRESENT,32,0,3,VALID,-7.5579778143272165,-1.2324167590107322,false,76.7152979622709,formal_m1_center_not_selected
primary,S002834,C071_QPP_N060_P080_A1_Q020,STATIONARY_QPP_PRESENT,33,0,3,VALID,-6.592636378295651,-1.3755120191693209,false,81.24255592139502,formal_m1_center_not_selected
primary,S002835,C071_QPP_N060_P080_A1_Q020,STATIONARY_QPP_PRESENT,34,0,3,VALID,-7.351727795856391,-3.38420361804134,false,40.0,formal_m1_center_not_selected
primary,S002836,C071_QPP_N060_P080_A1_Q020,STATIONARY_QPP_PRESENT,35,0,3,VALID,-6.936799273766496,-0.6066938433528151,false,74.81036264390747,formal_m1_center_not_selected
primary,S002837,C071_QPP_N060_P080_A1_Q020,STATIONARY_QPP_PRESENT,36,0,3,VALID,-5.489930503626795,0.772681165433994,false,76.47110756385818,formal_m1_center_not_selected
primary,S002838,C071_QPP_N060_P080_A1_Q020,STATIONARY_QPP_PRESENT,37,0,3,VALID,-9.42139859155506,-3.3769765468906314,false,48.13580329833525,formal_m1_center_not_selected
primary,S002839,C071_QPP_N060_P080_A1_Q020,STATIONARY_QPP_PRESENT,38,0,3,VALID,-8.333752582143688,-1.781650872443322,false,75.98872947444097,formal_m1_center_not_selected
primary,S002840,C071_QPP_N060_P080_A1_Q020,STATIONARY_QPP_PRESENT,39,0,3,VALID,-7.192404279900813,-0.7071279815379228,false,75.0007434777031,formal_m1_center_not_selected
primary,S002841,C072_QPP_N060_P080_A1_Q040,STATIONARY_QPP_PRESENT,0,0,3,VALID,-4.5644185060405675,-0.09611403821335784,false,80.70117705163604,formal_m1_center_not_selected
primary,S002842,C072_QPP_N060_P080_A1_Q040,STATIONARY_QPP_PRESENT,1,0,3,VALID,3.7671488925686845,4.812494933677925,false,79.6891874930028,formal_m1_center_not_selected
primary,S002843,C072_QPP_N060_P080_A1_Q040,STATIONARY_QPP_PRESENT,2,0,3,VALID,1.2069712745619086,2.2101342951447123,false,83.92851215189955,formal_m1_center_not_selected
primary,S002844,C072_QPP_N060_P080_A1_Q040,STATIONARY_QPP_PRESENT,3,0,3,VALID,-8.302996795133538,-2.9796179062954593,false,79.27790270116915,formal_m1_center_not_selected
primary,S002845,C072_QPP_N060_P080_A1_Q040,STATIONARY_QPP_PRESENT,4,0,3,VALID,1.435491360139082,4.435430251972036,false,77.1530016182809,formal_m1_center_not_selected
primary,S002846,C072_QPP_N060_P080_A1_Q040,STATIONARY_QPP_PRESENT,5,0,3,VALID,-8.242951645876587,-2.768962051995402,false,84.27476823773496,formal_m1_center_not_selected
primary,S002847,C072_QPP_N060_P080_A1_Q040,STATIONARY_QPP_PRESENT,6,0,3,VALID,-5.4163104330394845,-0.04307656378989577,false,83.38082977132157,formal_m1_center_not_selected
primary,S002848,C072_QPP_N060_P080_A1_Q040,STATIONARY_QPP_PRESENT,7,0,3,VALID,-3.1032477983529816,-0.6113371552498563,false,85.72358596350021,formal_m1_center_not_selected
primary,S002849,C072_QPP_N060_P080_A1_Q040,STATIONARY_QPP_PRESENT,8,0,3,VALID,-5.76332941839749,-1.8425932962600768,false,81.99523181378706,formal_m1_center_not_selected
primary,S002850,C072_QPP_N060_P080_A1_Q040,STATIONARY_QPP_PRESENT,9,0,3,VALID,2.3294751672066525,8.453434706592844,false,77.54655886836215,formal_m1_center_not_selected
primary,S002851,C072_QPP_N060_P080_A1_Q040,STATIONARY_QPP_PRESENT,10,0,3,VALID,-1.368629788356941,-0.07611787034454665,false,85.3800185073753,formal_m1_center_not_selected
primary,S002852,C072_QPP_N060_P080_A1_Q040,STATIONARY_QPP_PRESENT,11,0,3,VALID,-6.00914221648739,-2.2206691963320395,false,84.47738588916256,formal_m1_center_not_selected
primary,S002853,C072_QPP_N060_P080_A1_Q040,STATIONARY_QPP_PRESENT,12,0,3,VALID,4.652377792002767,6.134334928971043,false,80.13846377247609,formal_m1_center_not_selected
primary,S002854,C072_QPP_N060_P080_A1_Q040,STATIONARY_QPP_PRESENT,13,0,3,VALID,-5.261905513469941,-0.25306680449153873,false,83.43878142675494,formal_m1_center_not_selected
primary,S002855,C072_QPP_N060_P080_A1_Q040,STATIONARY_QPP_PRESENT,14,0,3,VALID,6.254172627922827,7.371289071987292,false,76.77155187347803,formal_m1_center_not_selected
primary,S002856,C072_QPP_N060_P080_A1_Q040,STATIONARY_QPP_PRESENT,15,0,3,VALID,-0.8960207956075124,4.160742461935115,false,76.46180944504697,formal_m1_center_not_selected
primary,S002857,C072_QPP_N060_P080_A1_Q040,STATIONARY_QPP_PRESENT,16,0,3,VALID,-4.082431980543362,0.841944156021043,false,83.81570334323047,formal_m1_center_not_selected
primary,S002858,C072_QPP_N060_P080_A1_Q040,STATIONARY_QPP_PRESENT,17,0,3,VALID,6.704770316254184,6.645302976067057,false,81.01068135519778,formal_m1_center_not_selected
primary,S002859,C072_QPP_N060_P080_A1_Q040,STATIONARY_QPP_PRESENT,18,0,3,VALID,-4.705661805246876,1.1452573018811734,false,75.33719075671956,formal_m1_center_not_selected
primary,S002860,C072_QPP_N060_P080_A1_Q040,STATIONARY_QPP_PRESENT,19,0,3,VALID,-0.026390914083435746,0.87735015038254,false,84.13231924727575,formal_m1_center_not_selected
primary,S002861,C072_QPP_N060_P080_A1_Q040,STATIONARY_QPP_PRESENT,20,0,3,VALID,2.003030007009386,3.6273242754957096,false,80.37486302006144,formal_m1_center_not_selected
primary,S002862,C072_QPP_N060_P080_A1_Q040,STATIONARY_QPP_PRESENT,21,0,3,VALID,0.32354844616654077,4.387392924116369,false,77.77498822664383,formal_m1_center_not_selected
primary,S002863,C072_QPP_N060_P080_A1_Q040,STATIONARY_QPP_PRESENT,22,0,3,VALID,-0.5057566776913802,1.520600448401808,false,83.53657447363736,formal_m1_center_not_selected
primary,S002864,C072_QPP_N060_P080_A1_Q040,STATIONARY_QPP_PRESENT,23,0,3,VALID,1.7560134683180877,5.471800355777191,false,77.74840025045715,formal_m1_center_not_selected
primary,S002865,C072_QPP_N060_P080_A1_Q040,STATIONARY_QPP_PRESENT,24,0,3,VALID,-6.200392603259445,-0.14972756261244058,false,79.47800103173655,formal_m1_center_not_selected
primary,S002866,C072_QPP_N060_P080_A1_Q040,STATIONARY_QPP_PRESENT,25,0,3,VALID,2.0454002101865,3.3424530626009528,false,81.86784466242936,formal_m1_center_not_selected
primary,S002867,C072_QPP_N060_P080_A1_Q040,STATIONARY_QPP_PRESENT,26,0,3,VALID,-4.621815651894849,-0.277943966957082,false,83.75517210467885,formal_m1_center_not_selected
primary,S002868,C072_QPP_N060_P080_A1_Q040,STATIONARY_QPP_PRESENT,27,0,3,VALID,2.3748095490753087,2.6563246527978777,false,83.241916258807,formal_m1_center_not_selected
primary,S002869,C072_QPP_N060_P080_A1_Q040,STATIONARY_QPP_PRESENT,28,0,3,VALID,-3.9374676939574726,0.48715368747409116,false,77.81353053098688,formal_m1_center_not_selected
primary,S002870,C072_QPP_N060_P080_A1_Q040,STATIONARY_QPP_PRESENT,29,0,3,VALID,-3.251199223481251,0.06826443376274938,false,82.50983297904361,formal_m1_center_not_selected
primary,S002871,C072_QPP_N060_P080_A1_Q040,STATIONARY_QPP_PRESENT,30,0,3,VALID,-3.0856314921758496,-0.1804268294659721,false,83.25871551753588,formal_m1_center_not_selected
primary,S002872,C072_QPP_N060_P080_A1_Q040,STATIONARY_QPP_PRESENT,31,0,3,VALID,1.0155417637371897,4.917568153598296,false,79.22520309584337,formal_m1_center_not_selected
primary,S002873,C072_QPP_N060_P080_A1_Q040,STATIONARY_QPP_PRESENT,32,0,3,VALID,-0.2923986105609231,4.674590562814103,false,77.17464583450965,formal_m1_center_not_selected
primary,S002874,C072_QPP_N060_P080_A1_Q040,STATIONARY_QPP_PRESENT,33,0,3,VALID,2.829708539305585,3.793248761486865,false,81.11343721850506,formal_m1_center_not_selected
primary,S002875,C072_QPP_N060_P080_A1_Q040,STATIONARY_QPP_PRESENT,34,0,3,VALID,0.4819943244838498,0.5882742207002423,false,83.65482707097986,formal_m1_center_not_selected
primary,S002876,C072_QPP_N060_P080_A1_Q040,STATIONARY_QPP_PRESENT,35,0,3,VALID,-0.05637225350517383,4.912267719611236,false,75.88403838905263,formal_m1_center_not_selected
primary,S002877,C072_QPP_N060_P080_A1_Q040,STATIONARY_QPP_PRESENT,36,0,3,VALID,3.0928529648039103,7.337842227876536,false,77.19805616819121,formal_m1_center_not_selected
primary,S002878,C072_QPP_N060_P080_A1_Q040,STATIONARY_QPP_PRESENT,37,0,3,VALID,-4.5332502751633115,-1.3653026742753411,false,82.9663578015293,formal_m1_center_not_selected
primary,S002879,C072_QPP_N060_P080_A1_Q040,STATIONARY_QPP_PRESENT,38,0,3,VALID,-1.0828053812624887,4.9611224489996175,false,76.87569225828366,formal_m1_center_not_selected
primary,S002880,C072_QPP_N060_P080_A1_Q040,STATIONARY_QPP_PRESENT,39,0,3,VALID,0.34361476930465074,4.595366939054514,false,76.34766328624151,formal_m1_center_not_selected
primary,S002881,C073_QPP_N060_P080_A2_Q010,STATIONARY_QPP_PRESENT,0,0,3,VALID,-9.639308170180925,-3.0005372671048463,false,45.018152853359794,formal_m1_center_not_selected
primary,S002882,C073_QPP_N060_P080_A2_Q010,STATIONARY_QPP_PRESENT,1,0,3,VALID,-9.567894070068917,-3.9335389339561573,false,194.6120277177561,formal_m1_center_not_selected
primary,S002883,C073_QPP_N060_P080_A2_Q010,STATIONARY_QPP_PRESENT,2,0,3,VALID,-9.581679671554156,-3.476863501242633,false,89.58542316261497,formal_m1_center_not_selected
primary,S002884,C073_QPP_N060_P080_A2_Q010,STATIONARY_QPP_PRESENT,3,0,3,VALID,-8.699037664547774,-2.372435287580572,false,77.78038366205128,formal_m1_center_not_selected
primary,S002885,C073_QPP_N060_P080_A2_Q010,STATIONARY_QPP_PRESENT,4,0,3,VALID,-9.333562942367365,-3.4454203673672907,false,87.3242925241033,formal_m1_center_not_selected
primary,S002886,C073_QPP_N060_P080_A2_Q010,STATIONARY_QPP_PRESENT,5,0,3,VALID,-8.99046629275577,-2.4826662960343526,false,77.26771503822049,formal_m1_center_not_selected
primary,S002887,C073_QPP_N060_P080_A2_Q010,STATIONARY_QPP_PRESENT,6,0,3,VALID,-8.592511988409683,-3.243480847841056,false,84.40097808561299,formal_m1_center_not_selected
primary,S002888,C073_QPP_N060_P080_A2_Q010,STATIONARY_QPP_PRESENT,7,0,3,VALID,-9.339093284733963,-2.6722693192577367,false,76.28096533064355,formal_m1_center_not_selected
primary,S002889,C073_QPP_N060_P080_A2_Q010,STATIONARY_QPP_PRESENT,8,0,3,VALID,-9.81200694119471,-3.5047772739517313,false,68.72096509403858,formal_m1_center_not_selected
primary,S002890,C073_QPP_N060_P080_A2_Q010,STATIONARY_QPP_PRESENT,9,0,3,VALID,-9.802384096881298,-3.4191518669319976,false,63.476185927769585,formal_m1_center_not_selected
primary,S002891,C073_QPP_N060_P080_A2_Q010,STATIONARY_QPP_PRESENT,10,0,3,VALID,-8.256800103495948,-2.606793027191287,false,82.62029886033253,formal_m1_center_not_selected
primary,S002892,C073_QPP_N060_P080_A2_Q010,STATIONARY_QPP_PRESENT,11,0,3,VALID,-9.119238896229177,-3.4154219078860706,false,85.61369617105377,formal_m1_center_not_selected
primary,S002893,C073_QPP_N060_P080_A2_Q010,STATIONARY_QPP_PRESENT,12,0,3,VALID,-9.50908504332753,-2.865714171945001,false,78.59583263489085,formal_m1_center_not_selected
primary,S002894,C073_QPP_N060_P080_A2_Q010,STATIONARY_QPP_PRESENT,13,0,3,VALID,-8.977976892060497,-3.0168533902716774,false,79.64631608305336,formal_m1_center_not_selected
primary,S002895,C073_QPP_N060_P080_A2_Q010,STATIONARY_QPP_PRESENT,14,0,3,VALID,-9.737775806932376,-3.764529169245833,false,43.22999074946003,formal_m1_center_not_selected
primary,S002896,C073_QPP_N060_P080_A2_Q010,STATIONARY_QPP_PRESENT,15,0,3,VALID,-9.024819033486608,-2.9452875425863567,false,73.77196999376561,formal_m1_center_not_selected
primary,S002897,C073_QPP_N060_P080_A2_Q010,STATIONARY_QPP_PRESENT,16,0,3,VALID,-9.49637901825875,-3.289342432039149,false,49.02625791796718,formal_m1_center_not_selected
primary,S002898,C073_QPP_N060_P080_A2_Q010,STATIONARY_QPP_PRESENT,17,0,3,VALID,-9.232450154468182,-2.635928674737613,false,79.41866791914295,formal_m1_center_not_selected
primary,S002899,C073_QPP_N060_P080_A2_Q010,STATIONARY_QPP_PRESENT,18,0,3,VALID,-9.276758161450005,-3.0099501127365045,false,84.32463155948086,formal_m1_center_not_selected
primary,S002900,C073_QPP_N060_P080_A2_Q010,STATIONARY_QPP_PRESENT,19,0,3,VALID,-8.735035826699118,-2.7636515883529853,false,83.2813156869267,formal_m1_center_not_selected
primary,S002901,C073_QPP_N060_P080_A2_Q010,STATIONARY_QPP_PRESENT,20,0,3,VALID,-8.476671190889334,-2.2649282154549724,false,76.84358424676861,formal_m1_center_not_selected
primary,S002902,C073_QPP_N060_P080_A2_Q010,STATIONARY_QPP_PRESENT,21,0,3,VALID,-8.495642840807903,-2.7709707382709325,false,83.27049225543021,formal_m1_center_not_selected
primary,S002903,C073_QPP_N060_P080_A2_Q010,STATIONARY_QPP_PRESENT,22,0,3,VALID,-8.817191895516686,-2.551103476862778,false,78.4752034296872,formal_m1_center_not_selected
primary,S002904,C073_QPP_N060_P080_A2_Q010,STATIONARY_QPP_PRESENT,23,0,3,VALID,-9.62217280684257,-3.2134077470681746,false,45.19954687559728,formal_m1_center_not_selected
primary,S002905,C073_QPP_N060_P080_A2_Q010,STATIONARY_QPP_PRESENT,24,0,3,VALID,-9.643731900913423,-3.166624107170378,false,74.38181949020321,formal_m1_center_not_selected
primary,S002906,C073_QPP_N060_P080_A2_Q010,STATIONARY_QPP_PRESENT,25,0,3,VALID,-8.276784599193974,-2.2534859275609165,false,81.73279639797187,formal_m1_center_not_selected
primary,S002907,C073_QPP_N060_P080_A2_Q010,STATIONARY_QPP_PRESENT,26,0,3,VALID,-9.422343520797796,-2.8195761397215904,false,77.00186839460832,formal_m1_center_not_selected
primary,S002908,C073_QPP_N060_P080_A2_Q010,STATIONARY_QPP_PRESENT,27,0,3,VALID,-9.234310319061763,-3.110485255122427,false,81.98273072527151,formal_m1_center_not_selected
primary,S002909,C073_QPP_N060_P080_A2_Q010,STATIONARY_QPP_PRESENT,28,0,3,VALID,-9.322129761323623,-3.3364772328358185,false,85.994623155168,formal_m1_center_not_selected
primary,S002910,C073_QPP_N060_P080_A2_Q010,STATIONARY_QPP_PRESENT,29,0,3,VALID,-9.834689778287895,-3.2956567856356287,false,74.68969538996777,formal_m1_center_not_selected
primary,S002911,C073_QPP_N060_P080_A2_Q010,STATIONARY_QPP_PRESENT,30,0,3,VALID,-9.473273594800844,-3.2478642759555783,false,91.1321452836684,formal_m1_center_not_selected
primary,S002912,C073_QPP_N060_P080_A2_Q010,STATIONARY_QPP_PRESENT,31,0,3,VALID,-9.756242760585423,-3.298843221096945,false,46.906870146552734,formal_m1_center_not_selected
primary,S002913,C073_QPP_N060_P080_A2_Q010,STATIONARY_QPP_PRESENT,32,0,3,VALID,-8.958280848323085,-2.7026892260593627,false,80.21813046154527,formal_m1_center_not_selected
primary,S002914,C073_QPP_N060_P080_A2_Q010,STATIONARY_QPP_PRESENT,33,0,3,VALID,-9.05409393196922,-2.7337330911376228,false,77.90645767614821,formal_m1_center_not_selected
primary,S002915,C073_QPP_N060_P080_A2_Q010,STATIONARY_QPP_PRESENT,34,0,3,VALID,-9.85232159119181,-3.561237205785602,false,40.217120086607395,formal_m1_center_not_selected
primary,S002916,C073_QPP_N060_P080_A2_Q010,STATIONARY_QPP_PRESENT,35,0,3,VALID,-9.827577177067923,-3.6338397885653535,false,211.06446754493504,formal_m1_center_not_selected
primary,S002917,C073_QPP_N060_P080_A2_Q010,STATIONARY_QPP_PRESENT,36,0,3,VALID,-9.786068642772449,-3.343805193984082,false,40.0,formal_m1_center_not_selected
primary,S002918,C073_QPP_N060_P080_A2_Q010,STATIONARY_QPP_PRESENT,37,0,3,VALID,-8.822322599255983,-2.541503069251405,false,81.46136707358242,formal_m1_center_not_selected
primary,S002919,C073_QPP_N060_P080_A2_Q010,STATIONARY_QPP_PRESENT,38,0,3,VALID,-9.658295733895756,-3.135034157812271,false,84.90094406209069,formal_m1_center_not_selected
primary,S002920,C073_QPP_N060_P080_A2_Q010,STATIONARY_QPP_PRESENT,39,0,3,VALID,-9.08854179352494,-3.24342499036851,false,91.12139155880593,formal_m1_center_not_selected
primary,S002921,C074_QPP_N060_P080_A2_Q020,STATIONARY_QPP_PRESENT,0,0,3,VALID,-8.405050414020138,-1.886538903001707,false,76.36359596325589,formal_m1_center_not_selected
primary,S002922,C074_QPP_N060_P080_A2_Q020,STATIONARY_QPP_PRESENT,1,0,3,VALID,-9.611895934462353,-4.21227009837645,false,40.0,formal_m1_center_not_selected
primary,S002923,C074_QPP_N060_P080_A2_Q020,STATIONARY_QPP_PRESENT,2,0,3,VALID,-7.961014443806988,-2.8853118576878956,false,86.53712920342952,formal_m1_center_not_selected
primary,S002924,C074_QPP_N060_P080_A2_Q020,STATIONARY_QPP_PRESENT,3,0,3,VALID,-5.479032510719293,-0.05393863229824092,false,78.38164981124154,formal_m1_center_not_selected
primary,S002925,C074_QPP_N060_P080_A2_Q020,STATIONARY_QPP_PRESENT,4,0,3,VALID,-7.008053960737783,-2.2742712117883457,false,85.88496237704118,formal_m1_center_not_selected
primary,S002926,C074_QPP_N060_P080_A2_Q020,STATIONARY_QPP_PRESENT,5,0,3,VALID,-6.107360585414625,-0.134110318811679,false,77.07485895221696,formal_m1_center_not_selected
primary,S002927,C074_QPP_N060_P080_A2_Q020,STATIONARY_QPP_PRESENT,6,0,3,VALID,-5.196922117535763,-1.1978159143795324,false,83.93500455917444,formal_m1_center_not_selected
primary,S002928,C074_QPP_N060_P080_A2_Q020,STATIONARY_QPP_PRESENT,7,0,3,VALID,-6.976787054178999,-0.6247149392208371,false,76.69824600188208,formal_m1_center_not_selected
primary,S002929,C074_QPP_N060_P080_A2_Q020,STATIONARY_QPP_PRESENT,8,0,3,VALID,-9.118548868995873,-2.618939817612528,false,71.54128912244047,formal_m1_center_not_selected
primary,S002930,C074_QPP_N060_P080_A2_Q020,STATIONARY_QPP_PRESENT,9,0,3,VALID,-9.8218058357767,-3.2627829211907624,false,64.15969241387889,formal_m1_center_not_selected
primary,S002931,C074_QPP_N060_P080_A2_Q020,STATIONARY_QPP_PRESENT,10,0,3,VALID,-4.518121684512408,-0.3468568745058178,false,82.40274984238376,formal_m1_center_not_selected
primary,S002932,C074_QPP_N060_P080_A2_Q020,STATIONARY_QPP_PRESENT,11,0,3,VALID,-6.342224840588557,-1.921937271970961,false,85.02006633521898,formal_m1_center_not_selected
primary,S002933,C074_QPP_N060_P080_A2_Q020,STATIONARY_QPP_PRESENT,12,0,3,VALID,-6.786680933788176,-0.6754933143680546,false,78.20215582680966,formal_m1_center_not_selected
primary,S002934,C074_QPP_N060_P080_A2_Q020,STATIONARY_QPP_PRESENT,13,0,3,VALID,-5.728254640780989,-0.6997808907663909,false,79.26188627727639,formal_m1_center_not_selected
primary,S002935,C074_QPP_N060_P080_A2_Q020,STATIONARY_QPP_PRESENT,14,0,3,VALID,-8.319429531276938,-3.4154227130225365,false,86.07547486429651,formal_m1_center_not_selected
primary,S002936,C074_QPP_N060_P080_A2_Q020,STATIONARY_QPP_PRESENT,15,0,3,VALID,-6.227470387576915,-0.6629035982001028,false,75.20936275854996,formal_m1_center_not_selected
primary,S002937,C074_QPP_N060_P080_A2_Q020,STATIONARY_QPP_PRESENT,16,0,3,VALID,-9.091789023784202,-3.419827792920586,false,86.93123843336244,formal_m1_center_not_selected
primary,S002938,C074_QPP_N060_P080_A2_Q020,STATIONARY_QPP_PRESENT,17,0,3,VALID,-6.245106492015935,-0.4146393902230727,false,79.93036632779433,formal_m1_center_not_selected
primary,S002939,C074_QPP_N060_P080_A2_Q020,STATIONARY_QPP_PRESENT,18,0,3,VALID,-7.18326589714232,-2.9330246464633944,false,84.58774461144834,formal_m1_center_not_selected
primary,S002940,C074_QPP_N060_P080_A2_Q020,STATIONARY_QPP_PRESENT,19,0,3,VALID,-5.395922767811612,1.1780176648785812,false,82.9215951526545,formal_m1_center_not_selected
primary,S002941,C074_QPP_N060_P080_A2_Q020,STATIONARY_QPP_PRESENT,20,0,3,VALID,-5.1342294982037515,1.4220486955294405,false,76.91268296428389,formal_m1_center_not_selected
primary,S002942,C074_QPP_N060_P080_A2_Q020,STATIONARY_QPP_PRESENT,21,0,3,VALID,-5.007659680165858,-0.6886757118880666,false,83.02918912664069,formal_m1_center_not_selected
primary,S002943,C074_QPP_N060_P080_A2_Q020,STATIONARY_QPP_PRESENT,22,0,3,VALID,-5.517919193954725,0.8402961769621697,false,78.65512376697654,formal_m1_center_not_selected
primary,S002944,C074_QPP_N060_P080_A2_Q020,STATIONARY_QPP_PRESENT,23,0,3,VALID,-9.463646447165303,-3.2893118879763676,false,72.12463130595009,formal_m1_center_not_selected
primary,S002945,C074_QPP_N060_P080_A2_Q020,STATIONARY_QPP_PRESENT,24,0,3,VALID,-7.786798118189381,-1.5149003155453329,false,75.44882769337782,formal_m1_center_not_selected
primary,S002946,C074_QPP_N060_P080_A2_Q020,STATIONARY_QPP_PRESENT,25,0,3,VALID,-4.776940615064632,1.6398743221484438,false,81.13168307803262,formal_m1_center_not_selected
primary,S002947,C074_QPP_N060_P080_A2_Q020,STATIONARY_QPP_PRESENT,26,0,3,VALID,-6.793817306072498,-0.41396145881657276,false,76.95781861965018,formal_m1_center_not_selected
primary,S002948,C074_QPP_N060_P080_A2_Q020,STATIONARY_QPP_PRESENT,27,0,3,VALID,-6.313851828233879,-1.4253478923788805,false,81.83635419427046,formal_m1_center_not_selected
primary,S002949,C074_QPP_N060_P080_A2_Q020,STATIONARY_QPP_PRESENT,28,0,3,VALID,-6.884692361917558,-2.1959676101389505,false,85.43763074675886,formal_m1_center_not_selected
primary,S002950,C074_QPP_N060_P080_A2_Q020,STATIONARY_QPP_PRESENT,29,0,3,VALID,-8.122304341520476,-1.6265166743938835,false,75.47521868636048,formal_m1_center_not_selected
primary,S002951,C074_QPP_N060_P080_A2_Q020,STATIONARY_QPP_PRESENT,30,0,3,VALID,-8.66450225453491,-2.9525386154676028,false,88.4652575316077,formal_m1_center_not_selected
primary,S002952,C074_QPP_N060_P080_A2_Q020,STATIONARY_QPP_PRESENT,31,0,3,VALID,-7.996108394139696,-1.366742969903754,false,77.2607067854876,formal_m1_center_not_selected
primary,S002953,C074_QPP_N060_P080_A2_Q020,STATIONARY_QPP_PRESENT,32,0,3,VALID,-5.730629918064437,0.8550087616663689,false,79.96833234826852,formal_m1_center_not_selected
primary,S002954,C074_QPP_N060_P080_A2_Q020,STATIONARY_QPP_PRESENT,33,0,3,VALID,-5.974274163398832,0.4755156338294739,false,78.31905062169433,formal_m1_center_not_selected
primary,S002955,C074_QPP_N060_P080_A2_Q020,STATIONARY_QPP_PRESENT,34,0,3,VALID,-9.797973455139896,-3.3499798921034767,false,40.33490710472053,formal_m1_center_not_selected
primary,S002956,C074_QPP_N060_P080_A2_Q020,STATIONARY_QPP_PRESENT,35,0,3,VALID,-9.839928372821788,-3.424038929655808,false,46.032720252566556,formal_m1_center_not_selected
primary,S002957,C074_QPP_N060_P080_A2_Q020,STATIONARY_QPP_PRESENT,36,0,3,VALID,-9.424983176683952,-2.839868942984026,false,72.64611120149347,formal_m1_center_not_selected
primary,S002958,C074_QPP_N060_P080_A2_Q020,STATIONARY_QPP_PRESENT,37,0,3,VALID,-5.446137825836388,-0.14628154307700925,false,80.99115339997962,formal_m1_center_not_selected
primary,S002959,C074_QPP_N060_P080_A2_Q020,STATIONARY_QPP_PRESENT,38,0,3,VALID,-7.4885272015152395,-2.070014525044087,false,84.87106848400336,formal_m1_center_not_selected
primary,S002960,C074_QPP_N060_P080_A2_Q020,STATIONARY_QPP_PRESENT,39,0,3,VALID,-6.926968501624941,-2.4719939513224745,false,87.76401556011199,formal_m1_center_not_selected
primary,S002961,C075_QPP_N060_P080_A2_Q040,STATIONARY_QPP_PRESENT,0,0,3,VALID,-0.9470340129455508,4.145993697290692,false,76.96346574171834,formal_m1_center_not_selected
primary,S002962,C075_QPP_N060_P080_A2_Q040,STATIONARY_QPP_PRESENT,1,0,3,VALID,-5.016827415913582,-1.5692556785498368,false,83.90763643734067,formal_m1_center_not_selected
primary,S002963,C075_QPP_N060_P080_A2_Q040,STATIONARY_QPP_PRESENT,2,0,3,VALID,0.8062057067309354,1.4612415477233753,false,84.41342954995098,formal_m1_center_not_selected
primary,S002964,C075_QPP_N060_P080_A2_Q040,STATIONARY_QPP_PRESENT,3,0,3,VALID,4.3785549544525395,5.868438753745892,false,79.0200958505597,formal_m1_center_not_selected
primary,S002965,C075_QPP_N060_P080_A2_Q040,STATIONARY_QPP_PRESENT,4,0,3,VALID,2.3899251684571823,2.6275927663179743,false,84.50448622542231,formal_m1_center_not_selected
primary,S002966,C075_QPP_N060_P080_A2_Q040,STATIONARY_QPP_PRESENT,5,0,3,VALID,2.872998592529001,6.047007836448216,false,77.38199135475713,formal_m1_center_not_selected
primary,S002967,C075_QPP_N060_P080_A2_Q040,STATIONARY_QPP_PRESENT,6,0,3,VALID,5.008327238922561,4.756302940764158,false,82.962665478471,formal_m1_center_not_selected
primary,S002968,C075_QPP_N060_P080_A2_Q040,STATIONARY_QPP_PRESENT,7,0,3,VALID,1.1823395177493694,4.967556860594527,false,77.31279557460131,formal_m1_center_not_selected
primary,S002969,C075_QPP_N060_P080_A2_Q040,STATIONARY_QPP_PRESENT,8,0,3,VALID,-4.458720858905963,2.0404291038061046,false,76.00255200102157,formal_m1_center_not_selected
primary,S002970,C075_QPP_N060_P080_A2_Q040,STATIONARY_QPP_PRESENT,9,0,3,VALID,-5.9935101867596074,-0.45850885747765346,false,77.6805682395335,formal_m1_center_not_selected
primary,S002971,C075_QPP_N060_P080_A2_Q040,STATIONARY_QPP_PRESENT,10,0,3,VALID,6.507643911265035,5.869131000622787,false,81.93501922899549,formal_m1_center_not_selected
primary,S002972,C075_QPP_N060_P080_A2_Q040,STATIONARY_QPP_PRESENT,11,0,3,VALID,3.4855151162104505,3.0875710502131994,false,83.87751783288394,formal_m1_center_not_selected
primary,S002973,C075_QPP_N060_P080_A2_Q040,STATIONARY_QPP_PRESENT,12,0,3,VALID,2.436117781797549,5.6777041306442015,false,78.65137924801367,formal_m1_center_not_selected
primary,S002974,C075_QPP_N060_P080_A2_Q040,STATIONARY_QPP_PRESENT,13,0,3,VALID,4.432299095570755,8.263558318149734,false,79.37112942631248,formal_m1_center_not_selected
primary,S002975,C075_QPP_N060_P080_A2_Q040,STATIONARY_QPP_PRESENT,14,0,3,VALID,-0.5774116293568738,0.22136209816278551,false,84.0729230561349,formal_m1_center_not_selected
primary,S002976,C075_QPP_N060_P080_A2_Q040,STATIONARY_QPP_PRESENT,15,0,3,VALID,2.5909616688029757,5.337704295726212,false,76.21920450807148,formal_m1_center_not_selected
primary,S002977,C075_QPP_N060_P080_A2_Q040,STATIONARY_QPP_PRESENT,16,0,3,VALID,-2.36893233417382,0.1923314881885574,false,84.7993610220038,formal_m1_center_not_selected
primary,S002978,C075_QPP_N060_P080_A2_Q040,STATIONARY_QPP_PRESENT,17,0,3,VALID,3.856314863582412,5.721773839082857,false,80.15706018113015,formal_m1_center_not_selected
primary,S002979,C075_QPP_N060_P080_A2_Q040,STATIONARY_QPP_PRESENT,18,0,3,VALID,2.125173062663549,1.2208987261478796,false,83.50129369727824,formal_m1_center_not_selected
primary,S002980,C075_QPP_N060_P080_A2_Q040,STATIONARY_QPP_PRESENT,19,0,3,VALID,5.186187338429704,5.173475299069594,false,82.28958481294272,formal_m1_center_not_selected
primary,S002981,C075_QPP_N060_P080_A2_Q040,STATIONARY_QPP_PRESENT,20,0,3,VALID,4.330279278099823,6.884756220848487,false,77.53591403948481,formal_m1_center_not_selected
primary,S002982,C075_QPP_N060_P080_A2_Q040,STATIONARY_QPP_PRESENT,21,0,3,VALID,6.032715883072058,5.370523696861312,false,82.39828922249988,formal_m1_center_not_selected
primary,S002983,C075_QPP_N060_P080_A2_Q040,STATIONARY_QPP_PRESENT,22,0,3,VALID,4.641807919590519,5.917368692933138,false,79.18039612859873,formal_m1_center_not_selected
primary,S002984,C075_QPP_N060_P080_A2_Q040,STATIONARY_QPP_PRESENT,23,0,3,VALID,-4.060522384141649,-0.3528415410206094,false,81.07928521905686,formal_m1_center_not_selected
primary,S002985,C075_QPP_N060_P080_A2_Q040,STATIONARY_QPP_PRESENT,24,0,3,VALID,0.06685550197860834,3.9144835760078536,false,76.65340696434036,formal_m1_center_not_selected
primary,S002986,C075_QPP_N060_P080_A2_Q040,STATIONARY_QPP_PRESENT,25,0,3,VALID,5.6069270525531465,6.412194069591493,false,80.77772816644288,formal_m1_center_not_selected
primary,S002987,C075_QPP_N060_P080_A2_Q040,STATIONARY_QPP_PRESENT,26,0,3,VALID,2.0998809816970834,5.8627446969986465,false,77.4200252485915,formal_m1_center_not_selected
primary,S002988,C075_QPP_N060_P080_A2_Q040,STATIONARY_QPP_PRESENT,27,0,3,VALID,3.7954903936151254,3.9727811607952788,false,81.4215077897155,formal_m1_center_not_selected
primary,S002989,C075_QPP_N060_P080_A2_Q040,STATIONARY_QPP_PRESENT,28,0,3,VALID,2.679752023093357,2.5389809708259463,false,84.32096289066553,formal_m1_center_not_selected
primary,S002990,C075_QPP_N060_P080_A2_Q040,STATIONARY_QPP_PRESENT,29,0,3,VALID,-0.6485035099979655,4.225183732411182,false,76.42338064951508,formal_m1_center_not_selected
primary,S002991,C075_QPP_N060_P080_A2_Q040,STATIONARY_QPP_PRESENT,30,0,3,VALID,-1.9488209020695706,0.25368866311319493,false,84.23844439033428,formal_m1_center_not_selected
primary,S002992,C075_QPP_N060_P080_A2_Q040,STATIONARY_QPP_PRESENT,31,0,3,VALID,-0.09135514828190594,4.129761526580978,false,77.73821558621515,formal_m1_center_not_selected
primary,S002993,C075_QPP_N060_P080_A2_Q040,STATIONARY_QPP_PRESENT,32,0,3,VALID,4.286455452045459,5.9023680345650575,false,79.98323331570032,formal_m1_center_not_selected
primary,S002994,C075_QPP_N060_P080_A2_Q040,STATIONARY_QPP_PRESENT,33,0,3,VALID,3.85319794835857,5.526894074543122,false,78.96557771699734,formal_m1_center_not_selected
primary,S002995,C075_QPP_N060_P080_A2_Q040,STATIONARY_QPP_PRESENT,34,0,3,VALID,-6.750199596554438,-1.9588494614692138,false,82.27032107102329,formal_m1_center_not_selected
primary,S002996,C075_QPP_N060_P080_A2_Q040,STATIONARY_QPP_PRESENT,35,0,3,VALID,-6.219028049579634,-1.555226154002355,false,83.36336547890157,formal_m1_center_not_selected
primary,S002997,C075_QPP_N060_P080_A2_Q040,STATIONARY_QPP_PRESENT,36,0,3,VALID,-5.25499574661896,-0.11240511366213468,false,76.26844687661234,formal_m1_center_not_selected
primary,S002998,C075_QPP_N060_P080_A2_Q040,STATIONARY_QPP_PRESENT,37,0,3,VALID,5.129199290181532,6.132579062814358,false,80.77829369933738,formal_m1_center_not_selected
primary,S002999,C075_QPP_N060_P080_A2_Q040,STATIONARY_QPP_PRESENT,38,0,3,VALID,1.8163510442159065,2.618341134675717,false,84.09947281167872,formal_m1_center_not_selected
primary,S003000,C075_QPP_N060_P080_A2_Q040,STATIONARY_QPP_PRESENT,39,0,3,VALID,2.882003448572391,1.8637293238318193,false,85.16693327762678,formal_m1_center_not_selected
primary,S003001,C076_QPP_N060_P140_A0_Q010,STATIONARY_QPP_PRESENT,0,0,3,VALID,-8.7417299202082,-3.1907770972784135,false,144.01906407945924,formal_m1_center_not_selected
primary,S003002,C076_QPP_N060_P140_A0_Q010,STATIONARY_QPP_PRESENT,1,0,3,VALID,-6.507245462777405,-1.4046599912147997,false,40.0,formal_m1_center_not_selected
primary,S003003,C076_QPP_N060_P140_A0_Q010,STATIONARY_QPP_PRESENT,2,0,3,VALID,-5.818817233155556,0.26415584831508454,false,40.0,formal_m1_center_not_selected
primary,S003004,C076_QPP_N060_P140_A0_Q010,STATIONARY_QPP_PRESENT,3,0,3,VALID,-8.662439094831143,-2.160158290719437,false,50.40818896681392,formal_m1_center_not_selected
primary,S003005,C076_QPP_N060_P140_A0_Q010,STATIONARY_QPP_PRESENT,4,0,3,VALID,-8.239192382167033,-2.46387503826071,false,47.45680595868432,formal_m1_center_not_selected
primary,S003006,C076_QPP_N060_P140_A0_Q010,STATIONARY_QPP_PRESENT,5,0,3,VALID,-8.798473568803331,-2.167665121510339,false,62.02228096233275,formal_m1_center_not_selected
primary,S003007,C076_QPP_N060_P140_A0_Q010,STATIONARY_QPP_PRESENT,6,0,3,VALID,-8.957807600253403,-2.6260946891834465,false,45.223756547562296,formal_m1_center_not_selected
primary,S003008,C076_QPP_N060_P140_A0_Q010,STATIONARY_QPP_PRESENT,7,0,3,VALID,-8.444352987848845,-2.563856968630944,false,40.362945969255016,formal_m1_center_not_selected
primary,S003009,C076_QPP_N060_P140_A0_Q010,STATIONARY_QPP_PRESENT,8,0,3,VALID,-3.532139784510349,2.5380889994311246,false,61.52682824658836,formal_m1_center_not_selected
primary,S003010,C076_QPP_N060_P140_A0_Q010,STATIONARY_QPP_PRESENT,9,0,3,VALID,-8.354570403675126,-2.279511321364623,false,54.648623975860716,formal_m1_center_not_selected
primary,S003011,C076_QPP_N060_P140_A0_Q010,STATIONARY_QPP_PRESENT,10,0,3,VALID,-9.645261200704937,-2.948061586704398,false,109.98994135280765,formal_m1_center_not_selected
primary,S003012,C076_QPP_N060_P140_A0_Q010,STATIONARY_QPP_PRESENT,11,0,3,VALID,-9.505901533083943,-3.0270178868298387,false,47.37389739139494,formal_m1_center_not_selected
primary,S003013,C076_QPP_N060_P140_A0_Q010,STATIONARY_QPP_PRESENT,12,0,3,VALID,-9.494274892381583,-3.2303937271147163,false,50.430336445393436,formal_m1_center_not_selected
primary,S003014,C076_QPP_N060_P140_A0_Q010,STATIONARY_QPP_PRESENT,13,0,3,VALID,-8.654055246712545,-2.334486360672912,false,54.99881072993636,formal_m1_center_not_selected
primary,S003015,C076_QPP_N060_P140_A0_Q010,STATIONARY_QPP_PRESENT,14,0,3,VALID,-8.227311048566008,-1.8543637109127076,false,74.6808896385994,formal_m1_center_not_selected
primary,S003016,C076_QPP_N060_P140_A0_Q010,STATIONARY_QPP_PRESENT,15,0,3,VALID,-9.424984613853525,-3.066483026668209,false,43.729098118967904,formal_m1_center_not_selected
primary,S003017,C076_QPP_N060_P140_A0_Q010,STATIONARY_QPP_PRESENT,16,0,3,VALID,-7.7704823441891335,-1.419556350084548,false,78.21091660409901,formal_m1_center_not_selected
primary,S003018,C076_QPP_N060_P140_A0_Q010,STATIONARY_QPP_PRESENT,17,0,3,VALID,-8.227371664377586,-2.2137551504885096,false,97.33586456254777,formal_m1_center_not_selected
primary,S003019,C076_QPP_N060_P140_A0_Q010,STATIONARY_QPP_PRESENT,18,0,3,VALID,-9.516081333001324,-3.4892180696811295,false,42.42914661827991,formal_m1_center_not_selected
primary,S003020,C076_QPP_N060_P140_A0_Q010,STATIONARY_QPP_PRESENT,19,0,3,VALID,-9.530579322048737,-2.8566881227279737,false,93.27313021303908,formal_m1_center_not_selected
primary,S003021,C076_QPP_N060_P140_A0_Q010,STATIONARY_QPP_PRESENT,20,0,3,VALID,-9.343919981602227,-3.214989992181927,false,40.0,formal_m1_center_not_selected
primary,S003022,C076_QPP_N060_P140_A0_Q010,STATIONARY_QPP_PRESENT,21,0,3,VALID,-9.181873440749854,-3.0223885524786738,false,47.57734564057967,formal_m1_center_not_selected
primary,S003023,C076_QPP_N060_P140_A0_Q010,STATIONARY_QPP_PRESENT,22,0,3,VALID,-9.030317399178472,-2.6133859963852046,false,50.06584967531379,formal_m1_center_not_selected
primary,S003024,C076_QPP_N060_P140_A0_Q010,STATIONARY_QPP_PRESENT,23,0,3,VALID,-8.52483891027913,-1.989860690809735,false,63.42087957449983,formal_m1_center_not_selected
primary,S003025,C076_QPP_N060_P140_A0_Q010,STATIONARY_QPP_PRESENT,24,0,3,VALID,-9.498261314171003,-3.0646680843586864,false,153.32379939108475,formal_m1_center_not_selected
primary,S003026,C076_QPP_N060_P140_A0_Q010,STATIONARY_QPP_PRESENT,25,0,3,VALID,-9.316672763483439,-2.6717833093242405,false,63.73264381814893,formal_m1_center_not_selected
primary,S003027,C076_QPP_N060_P140_A0_Q010,STATIONARY_QPP_PRESENT,26,0,3,VALID,-8.870979355130913,-2.287165165960971,false,45.93284226342859,formal_m1_center_not_selected
primary,S003028,C076_QPP_N060_P140_A0_Q010,STATIONARY_QPP_PRESENT,27,0,3,VALID,-9.170191183741423,-2.536759818408342,false,53.49602289125328,formal_m1_center_not_selected
primary,S003029,C076_QPP_N060_P140_A0_Q010,STATIONARY_QPP_PRESENT,28,0,3,VALID,-9.62203957105092,-3.342345951738565,false,116.28263523585137,formal_m1_center_not_selected
primary,S003030,C076_QPP_N060_P140_A0_Q010,STATIONARY_QPP_PRESENT,29,0,3,VALID,-5.537174598822304,0.676437356187165,false,47.41622830610033,formal_m1_center_not_selected
primary,S003031,C076_QPP_N060_P140_A0_Q010,STATIONARY_QPP_PRESENT,30,0,3,VALID,-7.984634922383606,-1.5978320687835037,false,47.523129531500835,formal_m1_center_not_selected
primary,S003032,C076_QPP_N060_P140_A0_Q010,STATIONARY_QPP_PRESENT,31,0,3,VALID,-9.18775945880995,-3.310107245438303,false,57.60471735633001,formal_m1_center_not_selected
primary,S003033,C076_QPP_N060_P140_A0_Q010,STATIONARY_QPP_PRESENT,32,0,3,VALID,-9.194933046438592,-2.93265714603848,false,47.38870733464808,formal_m1_center_not_selected
primary,S003034,C076_QPP_N060_P140_A0_Q010,STATIONARY_QPP_PRESENT,33,0,3,VALID,-9.51217602823462,-3.123256920919289,false,83.16756698049494,formal_m1_center_not_selected
primary,S003035,C076_QPP_N060_P140_A0_Q010,STATIONARY_QPP_PRESENT,34,0,3,VALID,-9.74316960703942,-3.419567657655989,false,49.049577626921646,formal_m1_center_not_selected
primary,S003036,C076_QPP_N060_P140_A0_Q010,STATIONARY_QPP_PRESENT,35,0,3,VALID,-7.8535516191601005,-1.7443563930102357,false,42.278826402171774,formal_m1_center_not_selected
primary,S003037,C076_QPP_N060_P140_A0_Q010,STATIONARY_QPP_PRESENT,36,0,3,VALID,-7.980603162630587,-2.0666127446962435,false,48.79250520299592,formal_m1_center_not_selected
primary,S003038,C076_QPP_N060_P140_A0_Q010,STATIONARY_QPP_PRESENT,37,0,3,VALID,-9.150961544829926,-3.147759010100714,false,55.94926901677872,formal_m1_center_not_selected
primary,S003039,C076_QPP_N060_P140_A0_Q010,STATIONARY_QPP_PRESENT,38,0,3,VALID,-8.018272432526146,-1.4460220415729168,false,62.9556367508101,formal_m1_center_not_selected
primary,S003040,C076_QPP_N060_P140_A0_Q010,STATIONARY_QPP_PRESENT,39,0,3,VALID,-8.307096842321073,-2.1659978101219224,false,102.30912333844324,formal_m1_center_not_selected
primary,S003041,C077_QPP_N060_P140_A0_Q020,STATIONARY_QPP_PRESENT,0,0,3,VALID,-7.440558900807616,-2.670484205036246,false,143.68364003102204,formal_m1_center_not_selected
primary,S003042,C077_QPP_N060_P140_A0_Q020,STATIONARY_QPP_PRESENT,1,0,3,VALID,-6.490849926169943,-1.5491971780459721,false,40.0,formal_m1_center_not_selected
primary,S003043,C077_QPP_N060_P140_A0_Q020,STATIONARY_QPP_PRESENT,2,0,3,VALID,-5.697437625840422,0.2565024516548249,false,40.0,formal_m1_center_not_selected
primary,S003044,C077_QPP_N060_P140_A0_Q020,STATIONARY_QPP_PRESENT,3,0,3,VALID,-8.50768089420825,-2.3829764259741637,false,141.18819738623407,formal_m1_center_not_selected
primary,S003045,C077_QPP_N060_P140_A0_Q020,STATIONARY_QPP_PRESENT,4,0,3,VALID,-8.21252662602106,-2.414365232073891,false,47.48898654930087,formal_m1_center_not_selected
primary,S003046,C077_QPP_N060_P140_A0_Q020,STATIONARY_QPP_PRESENT,5,0,3,VALID,-8.824507769176648,-2.9195191508676146,false,62.06560513019925,formal_m1_center_not_selected
primary,S003047,C077_QPP_N060_P140_A0_Q020,STATIONARY_QPP_PRESENT,6,0,3,VALID,-8.837530843779803,-2.803672774817869,false,45.168462081227794,formal_m1_center_not_selected
primary,S003048,C077_QPP_N060_P140_A0_Q020,STATIONARY_QPP_PRESENT,7,0,3,VALID,-8.397403247524409,-2.5151205938372527,false,40.42410709063846,formal_m1_center_not_selected
primary,S003049,C077_QPP_N060_P140_A0_Q020,STATIONARY_QPP_PRESENT,8,0,3,VALID,-3.5054409147666092,2.6002098255620183,false,61.50133711541242,formal_m1_center_not_selected
primary,S003050,C077_QPP_N060_P140_A0_Q020,STATIONARY_QPP_PRESENT,9,0,3,VALID,-8.322500941629016,-2.1736437238931217,false,54.65102788086809,formal_m1_center_not_selected
primary,S003051,C077_QPP_N060_P140_A0_Q020,STATIONARY_QPP_PRESENT,10,0,3,VALID,-9.710027404383368,-3.041870093701931,false,130.54849997379193,formal_m1_center_not_selected
primary,S003052,C077_QPP_N060_P140_A0_Q020,STATIONARY_QPP_PRESENT,11,0,3,VALID,-9.507663782198165,-2.9989524366477553,false,47.36995660251669,formal_m1_center_not_selected
primary,S003053,C077_QPP_N060_P140_A0_Q020,STATIONARY_QPP_PRESENT,12,0,3,VALID,-9.402015346490089,-3.533467361615294,false,50.16861007526256,formal_m1_center_not_selected
primary,S003054,C077_QPP_N060_P140_A0_Q020,STATIONARY_QPP_PRESENT,13,0,3,VALID,-8.794856651307413,-2.0885389646655312,false,55.009826079851436,formal_m1_center_not_selected
primary,S003055,C077_QPP_N060_P140_A0_Q020,STATIONARY_QPP_PRESENT,14,0,3,VALID,-8.198183375699216,-1.844569394930403,false,74.69085083728211,formal_m1_center_not_selected
primary,S003056,C077_QPP_N060_P140_A0_Q020,STATIONARY_QPP_PRESENT,15,0,3,VALID,-9.334459668571071,-3.1139678428000934,false,43.70865292839514,formal_m1_center_not_selected
primary,S003057,C077_QPP_N060_P140_A0_Q020,STATIONARY_QPP_PRESENT,16,0,3,VALID,-8.048072077013245,-1.6959457475110185,false,78.20366310712836,formal_m1_center_not_selected
primary,S003058,C077_QPP_N060_P140_A0_Q020,STATIONARY_QPP_PRESENT,17,0,3,VALID,-8.19212987290095,-1.898362754253867,false,97.4833990560824,formal_m1_center_not_selected
primary,S003059,C077_QPP_N060_P140_A0_Q020,STATIONARY_QPP_PRESENT,18,0,3,VALID,-9.184000041484495,-3.260874139586008,false,140.8485906910166,formal_m1_center_not_selected
primary,S003060,C077_QPP_N060_P140_A0_Q020,STATIONARY_QPP_PRESENT,19,0,3,VALID,-9.478772988978818,-2.8315276546383643,false,93.34070650777939,formal_m1_center_not_selected
primary,S003061,C077_QPP_N060_P140_A0_Q020,STATIONARY_QPP_PRESENT,20,0,3,VALID,-8.38468445248273,-2.633594027036054,false,130.25064681476422,formal_m1_center_not_selected
primary,S003062,C077_QPP_N060_P140_A0_Q020,STATIONARY_QPP_PRESENT,21,0,3,VALID,-9.16132508621277,-3.018092948323499,false,47.49368632156068,formal_m1_center_not_selected
primary,S003063,C077_QPP_N060_P140_A0_Q020,STATIONARY_QPP_PRESENT,22,0,3,VALID,-8.963875193695571,-2.722542367992503,false,50.03283512318511,formal_m1_center_not_selected
primary,S003064,C077_QPP_N060_P140_A0_Q020,STATIONARY_QPP_PRESENT,23,0,3,VALID,-8.678739525009775,-2.2367712278008867,false,63.42973941972561,formal_m1_center_not_selected
primary,S003065,C077_QPP_N060_P140_A0_Q020,STATIONARY_QPP_PRESENT,24,0,3,VALID,-8.7310458408474,-2.7216269438019367,false,150.6860817831233,formal_m1_center_not_selected
primary,S003066,C077_QPP_N060_P140_A0_Q020,STATIONARY_QPP_PRESENT,25,0,3,VALID,-9.384137090947945,-2.7817665078730442,false,63.680224897203075,formal_m1_center_not_selected
primary,S003067,C077_QPP_N060_P140_A0_Q020,STATIONARY_QPP_PRESENT,26,0,3,VALID,-8.821755137634426,-2.331366668919401,false,45.92504801231816,formal_m1_center_not_selected
primary,S003068,C077_QPP_N060_P140_A0_Q020,STATIONARY_QPP_PRESENT,27,0,3,VALID,-9.174584087377895,-2.5158233373471433,false,53.50715318830401,formal_m1_center_not_selected
primary,S003069,C077_QPP_N060_P140_A0_Q020,STATIONARY_QPP_PRESENT,28,0,3,VALID,-9.682048430799654,-3.6093444048144363,false,206.62940537128063,formal_m1_center_not_selected
primary,S003070,C077_QPP_N060_P140_A0_Q020,STATIONARY_QPP_PRESENT,29,0,3,VALID,-5.352856190994061,0.5499648997762563,false,47.419476614529046,formal_m1_center_not_selected
primary,S003071,C077_QPP_N060_P140_A0_Q020,STATIONARY_QPP_PRESENT,30,0,3,VALID,-7.916631976416795,-1.6685094718552023,false,47.54853255372973,formal_m1_center_not_selected
primary,S003072,C077_QPP_N060_P140_A0_Q020,STATIONARY_QPP_PRESENT,31,0,3,VALID,-9.01952550655082,-3.175706119677045,false,127.73634378648958,formal_m1_center_not_selected
primary,S003073,C077_QPP_N060_P140_A0_Q020,STATIONARY_QPP_PRESENT,32,0,3,VALID,-9.072882504248497,-3.039956301338975,false,158.34955454716683,formal_m1_center_not_selected
primary,S003074,C077_QPP_N060_P140_A0_Q020,STATIONARY_QPP_PRESENT,33,0,3,VALID,-9.494275718909165,-3.0388546209141793,false,83.22520847874544,formal_m1_center_not_selected
primary,S003075,C077_QPP_N060_P140_A0_Q020,STATIONARY_QPP_PRESENT,34,0,3,VALID,-9.088703313996263,-2.9735302985890826,false,158.65966421343126,formal_m1_center_not_selected
primary,S003076,C077_QPP_N060_P140_A0_Q020,STATIONARY_QPP_PRESENT,35,0,3,VALID,-7.627497445530167,-2.001023701812784,false,42.29547533782979,formal_m1_center_not_selected
primary,S003077,C077_QPP_N060_P140_A0_Q020,STATIONARY_QPP_PRESENT,36,0,3,VALID,-7.9187081985491545,-2.0983871081010648,false,48.78634157505124,formal_m1_center_not_selected
primary,S003078,C077_QPP_N060_P140_A0_Q020,STATIONARY_QPP_PRESENT,37,0,3,VALID,-9.199200489466136,-2.966663419618868,false,55.954616550345506,formal_m1_center_not_selected
primary,S003079,C077_QPP_N060_P140_A0_Q020,STATIONARY_QPP_PRESENT,38,0,3,VALID,-8.122807940276346,-1.5242307837281999,false,63.00863644292728,formal_m1_center_not_selected
primary,S003080,C077_QPP_N060_P140_A0_Q020,STATIONARY_QPP_PRESENT,39,0,3,VALID,-8.40307368597908,-2.442860371208724,false,102.53879465183037,formal_m1_center_not_selected
primary,S003081,C078_QPP_N060_P140_A0_Q040,STATIONARY_QPP_PRESENT,0,0,3,VALID,-3.956854162736022,-1.5581892676384257,false,147.0847793457587,formal_m1_center_not_selected
primary,S003082,C078_QPP_N060_P140_A0_Q040,STATIONARY_QPP_PRESENT,1,0,3,VALID,-6.07449766918657,-2.3477781826054525,false,40.0,formal_m1_center_not_selected
primary,S003083,C078_QPP_N060_P140_A0_Q040,STATIONARY_QPP_PRESENT,2,0,3,VALID,-5.3408677135339815,0.10488371865474733,false,40.000000000028244,formal_m1_center_not_selected
primary,S003084,C078_QPP_N060_P140_A0_Q040,STATIONARY_QPP_PRESENT,3,0,3,VALID,-5.474943419873085,-0.8384736771660926,false,140.82413788808543,formal_m1_center_not_selected
primary,S003085,C078_QPP_N060_P140_A0_Q040,STATIONARY_QPP_PRESENT,4,0,3,VALID,-8.03865904375786,-2.763808707951142,false,47.46921213495612,formal_m1_center_not_selected
primary,S003086,C078_QPP_N060_P140_A0_Q040,STATIONARY_QPP_PRESENT,5,0,3,VALID,-9.070610433950918,-3.163256047933885,false,62.03737186188487,formal_m1_center_not_selected
primary,S003087,C078_QPP_N060_P140_A0_Q040,STATIONARY_QPP_PRESENT,6,0,3,VALID,-7.493207094073568,-2.634880083959729,false,160.14759176908117,formal_m1_center_not_selected
primary,S003088,C078_QPP_N060_P140_A0_Q040,STATIONARY_QPP_PRESENT,7,0,3,VALID,-8.208142856083583,-2.827240262561986,false,40.30916910837952,formal_m1_center_not_selected
primary,S003089,C078_QPP_N060_P140_A0_Q040,STATIONARY_QPP_PRESENT,8,0,3,VALID,-3.950324453534307,2.240710714402212,false,61.497802761592325,formal_m1_center_not_selected
primary,S003090,C078_QPP_N060_P140_A0_Q040,STATIONARY_QPP_PRESENT,9,0,3,VALID,-8.332896895260063,-2.3509778413708773,false,54.62869553796549,formal_m1_center_not_selected
primary,S003091,C078_QPP_N060_P140_A0_Q040,STATIONARY_QPP_PRESENT,10,0,3,VALID,-8.018568169404375,-2.0465674597220413,false,140.9578569228272,formal_m1_center_not_selected
primary,S003092,C078_QPP_N060_P140_A0_Q040,STATIONARY_QPP_PRESENT,11,0,3,VALID,-9.37346612665624,-2.800714658734023,false,47.17797632118995,formal_m1_center_not_selected
primary,S003093,C078_QPP_N060_P140_A0_Q040,STATIONARY_QPP_PRESENT,12,0,3,VALID,-7.390013577110949,-2.904742072838843,false,148.64116672721386,formal_m1_center_not_selected
primary,S003094,C078_QPP_N060_P140_A0_Q040,STATIONARY_QPP_PRESENT,13,0,3,VALID,-8.088599099850285,-1.6725670485227226,false,136.2955066053287,formal_m1_center_not_selected
primary,S003095,C078_QPP_N060_P140_A0_Q040,STATIONARY_QPP_PRESENT,14,0,3,VALID,-8.105775922612196,-2.3735234462731967,false,156.5208436998231,formal_m1_center_not_selected
primary,S003096,C078_QPP_N060_P140_A0_Q040,STATIONARY_QPP_PRESENT,15,0,3,VALID,-7.8498605802436145,-2.7601103451566757,false,151.8733424019692,formal_m1_center_not_selected
primary,S003097,C078_QPP_N060_P140_A0_Q040,STATIONARY_QPP_PRESENT,16,0,3,VALID,-8.670670907217072,-2.155842842554165,false,142.40937138763948,formal_m1_center_not_selected
primary,S003098,C078_QPP_N060_P140_A0_Q040,STATIONARY_QPP_PRESENT,17,0,3,VALID,-8.462568668684668,-2.889333500846078,false,97.78604115133008,formal_m1_center_not_selected
primary,S003099,C078_QPP_N060_P140_A0_Q040,STATIONARY_QPP_PRESENT,18,0,3,VALID,-7.481700549219369,-2.275917210532498,false,138.48248300902443,formal_m1_center_not_selected
primary,S003100,C078_QPP_N060_P140_A0_Q040,STATIONARY_QPP_PRESENT,19,0,3,VALID,-9.579050299007037,-2.9118460055170203,false,93.44988625024392,formal_m1_center_not_selected
primary,S003101,C078_QPP_N060_P140_A0_Q040,STATIONARY_QPP_PRESENT,20,0,3,VALID,-5.6680266758066296,-1.1285309751150407,false,133.79046779412033,formal_m1_center_not_selected
primary,S003102,C078_QPP_N060_P140_A0_Q040,STATIONARY_QPP_PRESENT,21,0,3,VALID,-8.847812530948204,-3.428297159917321,false,122.40295464851211,formal_m1_center_not_selected
primary,S003103,C078_QPP_N060_P140_A0_Q040,STATIONARY_QPP_PRESENT,22,0,3,VALID,-7.654398488943542,-2.5997757770013834,false,157.42148566498065,formal_m1_center_not_selected
primary,S003104,C078_QPP_N060_P140_A0_Q040,STATIONARY_QPP_PRESENT,23,0,3,VALID,-7.438223558407742,-1.506889186727335,false,128.85130477051186,formal_m1_center_not_selected
primary,S003105,C078_QPP_N060_P140_A0_Q040,STATIONARY_QPP_PRESENT,24,0,3,VALID,-6.031466714447191,-1.5570783376107897,false,149.0355865382479,formal_m1_center_not_selected
primary,S003106,C078_QPP_N060_P140_A0_Q040,STATIONARY_QPP_PRESENT,25,0,3,VALID,-8.632998180050919,-2.418221120467223,false,149.32178489942797,formal_m1_center_not_selected
primary,S003107,C078_QPP_N060_P140_A0_Q040,STATIONARY_QPP_PRESENT,26,0,3,VALID,-6.857408663087682,-1.0768821534372535,false,137.16868321893568,formal_m1_center_not_selected
primary,S003108,C078_QPP_N060_P140_A0_Q040,STATIONARY_QPP_PRESENT,27,0,3,VALID,-9.219983864075004,-2.6009247825727186,false,53.53481824518458,formal_m1_center_not_selected
primary,S003109,C078_QPP_N060_P140_A0_Q040,STATIONARY_QPP_PRESENT,28,0,3,VALID,-8.294697831578532,-3.6292552815270085,false,174.22111213468443,formal_m1_center_not_selected
primary,S003110,C078_QPP_N060_P140_A0_Q040,STATIONARY_QPP_PRESENT,29,0,3,VALID,-4.897832265293516,-0.5258991736832286,false,47.424048689653176,formal_m1_center_not_selected
primary,S003111,C078_QPP_N060_P140_A0_Q040,STATIONARY_QPP_PRESENT,30,0,3,VALID,-7.599193049600871,-1.7035946640742736,false,47.55667103091917,formal_m1_center_not_selected
primary,S003112,C078_QPP_N060_P140_A0_Q040,STATIONARY_QPP_PRESENT,31,0,3,VALID,-6.763879204177414,-1.0015365380016306,false,133.11405555430153,formal_m1_center_not_selected
primary,S003113,C078_QPP_N060_P140_A0_Q040,STATIONARY_QPP_PRESENT,32,0,3,VALID,-6.678389125914606,-2.0069407754665463,false,154.73830575691719,formal_m1_center_not_selected
primary,S003114,C078_QPP_N060_P140_A0_Q040,STATIONARY_QPP_PRESENT,33,0,3,VALID,-9.55535113661719,-3.133386748708716,false,44.18697347160804,formal_m1_center_not_selected
primary,S003115,C078_QPP_N060_P140_A0_Q040,STATIONARY_QPP_PRESENT,34,0,3,VALID,-7.056812612046059,-2.397216887984797,false,157.7824775712418,formal_m1_center_not_selected
primary,S003116,C078_QPP_N060_P140_A0_Q040,STATIONARY_QPP_PRESENT,35,0,3,VALID,-6.569792746195361,-2.8891400161578815,false,142.97202625776507,formal_m1_center_not_selected
primary,S003117,C078_QPP_N060_P140_A0_Q040,STATIONARY_QPP_PRESENT,36,0,3,VALID,-7.4537536460766205,-1.7918771488735672,false,48.75837636114501,formal_m1_center_not_selected
primary,S003118,C078_QPP_N060_P140_A0_Q040,STATIONARY_QPP_PRESENT,37,0,3,VALID,-8.0522541804784,-2.516069897182632,false,119.05043573101425,formal_m1_center_not_selected
primary,S003119,C078_QPP_N060_P140_A0_Q040,STATIONARY_QPP_PRESENT,38,0,3,VALID,-7.934283639501615,-1.4124474142408303,false,124.4886235114282,formal_m1_center_not_selected
primary,S003120,C078_QPP_N060_P140_A0_Q040,STATIONARY_QPP_PRESENT,39,0,3,VALID,-7.172266716995296,-1.8212977378373978,false,120.69383854220581,formal_m1_center_not_selected
primary,S003121,C079_QPP_N060_P140_A1_Q010,STATIONARY_QPP_PRESENT,0,0,3,VALID,-9.46366476121608,-2.8734907804868612,false,60.72860513924147,formal_m1_center_not_selected
primary,S003122,C079_QPP_N060_P140_A1_Q010,STATIONARY_QPP_PRESENT,1,0,3,VALID,-8.812780956933807,-2.775127984933704,false,72.73284091881911,formal_m1_center_not_selected
primary,S003123,C079_QPP_N060_P140_A1_Q010,STATIONARY_QPP_PRESENT,2,0,3,VALID,-8.95144410551157,-3.794542411197,false,156.58106659310212,formal_m1_center_not_selected
primary,S003124,C079_QPP_N060_P140_A1_Q010,STATIONARY_QPP_PRESENT,3,0,3,VALID,-9.379769987537685,-2.959360061762112,false,41.484734403812446,formal_m1_center_not_selected
primary,S003125,C079_QPP_N060_P140_A1_Q010,STATIONARY_QPP_PRESENT,4,0,3,VALID,-8.800853898336669,-3.0795730775978427,false,55.724486381296366,formal_m1_center_not_selected
primary,S003126,C079_QPP_N060_P140_A1_Q010,STATIONARY_QPP_PRESENT,5,0,3,VALID,-9.475948865097365,-3.1067867447722506,false,61.349350112486924,formal_m1_center_not_selected
primary,S003127,C079_QPP_N060_P140_A1_Q010,STATIONARY_QPP_PRESENT,6,0,3,VALID,-8.759219228064637,-2.344510587811044,false,53.37198638670192,formal_m1_center_not_selected
primary,S003128,C079_QPP_N060_P140_A1_Q010,STATIONARY_QPP_PRESENT,7,0,3,VALID,-9.113634875729616,-3.078613647884765,false,61.982870289505804,formal_m1_center_not_selected
primary,S003129,C079_QPP_N060_P140_A1_Q010,STATIONARY_QPP_PRESENT,8,0,3,VALID,-9.13596205161619,-2.9224706238012743,false,45.25015071922549,formal_m1_center_not_selected
primary,S003130,C079_QPP_N060_P140_A1_Q010,STATIONARY_QPP_PRESENT,9,0,3,VALID,-9.259055146921554,-3.3495204580340783,false,45.96102726181338,formal_m1_center_not_selected
primary,S003131,C079_QPP_N060_P140_A1_Q010,STATIONARY_QPP_PRESENT,10,0,3,VALID,-9.808041602838642,-3.332216121694813,false,145.28399819673828,formal_m1_center_not_selected
primary,S003132,C079_QPP_N060_P140_A1_Q010,STATIONARY_QPP_PRESENT,11,0,3,VALID,-9.407471872154218,-3.13097584860472,false,159.4992659057756,formal_m1_center_not_selected
primary,S003133,C079_QPP_N060_P140_A1_Q010,STATIONARY_QPP_PRESENT,12,0,3,VALID,-9.108563164719556,-3.007825467506848,false,130.13693496952757,formal_m1_center_not_selected
primary,S003134,C079_QPP_N060_P140_A1_Q010,STATIONARY_QPP_PRESENT,13,0,3,VALID,-8.883128435850892,-2.4367601880603615,false,59.58252987515127,formal_m1_center_not_selected
primary,S003135,C079_QPP_N060_P140_A1_Q010,STATIONARY_QPP_PRESENT,14,0,3,VALID,-9.333587857639401,-3.3147924285083548,false,92.50001114734538,formal_m1_center_not_selected
primary,S003136,C079_QPP_N060_P140_A1_Q010,STATIONARY_QPP_PRESENT,15,0,3,VALID,-9.472166859439199,-3.1388140530773683,false,71.23854467611193,formal_m1_center_not_selected
primary,S003137,C079_QPP_N060_P140_A1_Q010,STATIONARY_QPP_PRESENT,16,0,3,VALID,-8.188508313298712,-2.005155485998216,false,53.586630220580986,formal_m1_center_not_selected
primary,S003138,C079_QPP_N060_P140_A1_Q010,STATIONARY_QPP_PRESENT,17,0,3,VALID,-9.47320049671859,-2.9685853786869245,false,51.257912808081166,formal_m1_center_not_selected
primary,S003139,C079_QPP_N060_P140_A1_Q010,STATIONARY_QPP_PRESENT,18,0,3,VALID,-8.95521891982969,-2.3172170934646203,false,50.50904262921173,formal_m1_center_not_selected
primary,S003140,C079_QPP_N060_P140_A1_Q010,STATIONARY_QPP_PRESENT,19,0,3,VALID,-9.495904553150808,-3.258815354313839,false,43.70986990990374,formal_m1_center_not_selected
primary,S003141,C079_QPP_N060_P140_A1_Q010,STATIONARY_QPP_PRESENT,20,0,3,VALID,-8.331805449173402,-2.246610440183616,false,140.77582188436,formal_m1_center_not_selected
primary,S003142,C079_QPP_N060_P140_A1_Q010,STATIONARY_QPP_PRESENT,21,0,3,VALID,-8.351605361443376,-2.1717614612583134,false,54.45065216283412,formal_m1_center_not_selected
primary,S003143,C079_QPP_N060_P140_A1_Q010,STATIONARY_QPP_PRESENT,22,0,3,VALID,-9.4016209299987,-3.1446533648019397,false,54.04009644502849,formal_m1_center_not_selected
primary,S003144,C079_QPP_N060_P140_A1_Q010,STATIONARY_QPP_PRESENT,23,0,3,VALID,-8.822194932238887,-2.4491749628159596,false,40.74750267394853,formal_m1_center_not_selected
primary,S003145,C079_QPP_N060_P140_A1_Q010,STATIONARY_QPP_PRESENT,24,0,3,VALID,-9.779940089580236,-3.323365359086864,false,47.59310083750253,formal_m1_center_not_selected
primary,S003146,C079_QPP_N060_P140_A1_Q010,STATIONARY_QPP_PRESENT,25,0,3,VALID,-8.769460968162036,-3.0599549994889514,false,44.27179376942049,formal_m1_center_not_selected
primary,S003147,C079_QPP_N060_P140_A1_Q010,STATIONARY_QPP_PRESENT,26,0,3,VALID,-9.742698145416483,-3.15077480991215,false,79.3744337660358,formal_m1_center_not_selected
primary,S003148,C079_QPP_N060_P140_A1_Q010,STATIONARY_QPP_PRESENT,27,0,3,VALID,-9.062543266017883,-2.494347245088875,false,46.930460545654256,formal_m1_center_not_selected
primary,S003149,C079_QPP_N060_P140_A1_Q010,STATIONARY_QPP_PRESENT,28,0,3,VALID,-9.308487025216976,-3.153346485297817,false,40.0,formal_m1_center_not_selected
primary,S003150,C079_QPP_N060_P140_A1_Q010,STATIONARY_QPP_PRESENT,29,0,3,VALID,-8.542459229164905,-2.3998480243819813,false,60.00689889911832,formal_m1_center_not_selected
primary,S003151,C079_QPP_N060_P140_A1_Q010,STATIONARY_QPP_PRESENT,30,0,3,VALID,-8.322664975690401,-2.4464722044192513,false,45.73982973934403,formal_m1_center_not_selected
primary,S003152,C079_QPP_N060_P140_A1_Q010,STATIONARY_QPP_PRESENT,31,0,3,VALID,-9.666851003553575,-3.0727837478334834,false,131.24807439801907,formal_m1_center_not_selected
primary,S003153,C079_QPP_N060_P140_A1_Q010,STATIONARY_QPP_PRESENT,32,0,3,VALID,-9.47681301851648,-2.8376938977531267,false,58.61142894416791,formal_m1_center_not_selected
primary,S003154,C079_QPP_N060_P140_A1_Q010,STATIONARY_QPP_PRESENT,33,0,3,VALID,-9.746080152393517,-3.37377485523362,false,40.0,formal_m1_center_not_selected
primary,S003155,C079_QPP_N060_P140_A1_Q010,STATIONARY_QPP_PRESENT,34,0,3,VALID,-7.4515962771228885,-1.7159417738079412,false,40.0,formal_m1_center_not_selected
primary,S003156,C079_QPP_N060_P140_A1_Q010,STATIONARY_QPP_PRESENT,35,0,3,VALID,-9.60171147705961,-3.1731662805473206,false,70.40822546747376,formal_m1_center_not_selected
primary,S003157,C079_QPP_N060_P140_A1_Q010,STATIONARY_QPP_PRESENT,36,0,3,VALID,-7.50734876926802,-1.2815423862692228,false,46.91299115570859,formal_m1_center_not_selected
primary,S003158,C079_QPP_N060_P140_A1_Q010,STATIONARY_QPP_PRESENT,37,0,3,VALID,-8.785628150576741,-2.3884236784818995,false,72.96360046523488,formal_m1_center_not_selected
primary,S003159,C079_QPP_N060_P140_A1_Q010,STATIONARY_QPP_PRESENT,38,0,3,VALID,-9.009338568034224,-3.070759093290093,false,42.903014316521485,formal_m1_center_not_selected
primary,S003160,C079_QPP_N060_P140_A1_Q010,STATIONARY_QPP_PRESENT,39,0,3,VALID,-9.770036808311772,-3.3697632702064197,false,47.05893838023449,formal_m1_center_not_selected
primary,S003161,C080_QPP_N060_P140_A1_Q020,STATIONARY_QPP_PRESENT,0,0,3,VALID,-9.379247344730999,-2.8055150417343953,false,60.72041876896137,formal_m1_center_not_selected
primary,S003162,C080_QPP_N060_P140_A1_Q020,STATIONARY_QPP_PRESENT,1,0,3,VALID,-8.863969346909755,-3.0313072734811897,false,138.42695437915293,formal_m1_center_not_selected
primary,S003163,C080_QPP_N060_P140_A1_Q020,STATIONARY_QPP_PRESENT,2,0,3,VALID,-7.720890847652811,-3.533951656265458,false,154.8027947247127,formal_m1_center_not_selected
primary,S003164,C080_QPP_N060_P140_A1_Q020,STATIONARY_QPP_PRESENT,3,0,3,VALID,-9.428620701575909,-3.0818740579294683,false,41.43617934763814,formal_m1_center_not_selected
primary,S003165,C080_QPP_N060_P140_A1_Q020,STATIONARY_QPP_PRESENT,4,0,3,VALID,-8.987701290802335,-3.237945801974263,false,55.56940889326728,formal_m1_center_not_selected
primary,S003166,C080_QPP_N060_P140_A1_Q020,STATIONARY_QPP_PRESENT,5,0,3,VALID,-9.44859447644373,-3.0776619550626094,false,61.35694432712976,formal_m1_center_not_selected
primary,S003167,C080_QPP_N060_P140_A1_Q020,STATIONARY_QPP_PRESENT,6,0,3,VALID,-8.702631166683801,-2.309602481384502,false,53.376295378929164,formal_m1_center_not_selected
primary,S003168,C080_QPP_N060_P140_A1_Q020,STATIONARY_QPP_PRESENT,7,0,3,VALID,-9.077609157915504,-2.705056663890815,false,61.972321849788784,formal_m1_center_not_selected
primary,S003169,C080_QPP_N060_P140_A1_Q020,STATIONARY_QPP_PRESENT,8,0,3,VALID,-9.186067602711631,-3.0645590349040788,false,45.28221848671416,formal_m1_center_not_selected
primary,S003170,C080_QPP_N060_P140_A1_Q020,STATIONARY_QPP_PRESENT,9,0,3,VALID,-8.72010235734868,-3.0682234466397347,false,127.28641125879257,formal_m1_center_not_selected
primary,S003171,C080_QPP_N060_P140_A1_Q020,STATIONARY_QPP_PRESENT,10,0,3,VALID,-9.38056945922844,-3.1021092844908082,false,149.7413350501559,formal_m1_center_not_selected
primary,S003172,C080_QPP_N060_P140_A1_Q020,STATIONARY_QPP_PRESENT,11,0,3,VALID,-8.606044488559036,-2.69001194964909,false,159.08891194726047,formal_m1_center_not_selected
primary,S003173,C080_QPP_N060_P140_A1_Q020,STATIONARY_QPP_PRESENT,12,0,3,VALID,-8.071390943110544,-2.4976197614216744,false,133.3105218377239,formal_m1_center_not_selected
primary,S003174,C080_QPP_N060_P140_A1_Q020,STATIONARY_QPP_PRESENT,13,0,3,VALID,-8.80151263228504,-2.4071345948290173,false,59.61666580588858,formal_m1_center_not_selected
primary,S003175,C080_QPP_N060_P140_A1_Q020,STATIONARY_QPP_PRESENT,14,0,3,VALID,-9.41342276520922,-3.4746282870970617,false,107.57789304064659,formal_m1_center_not_selected
primary,S003176,C080_QPP_N060_P140_A1_Q020,STATIONARY_QPP_PRESENT,15,0,3,VALID,-9.507618978936677,-3.1448314342748347,false,65.35519334755287,formal_m1_center_not_selected
primary,S003177,C080_QPP_N060_P140_A1_Q020,STATIONARY_QPP_PRESENT,16,0,3,VALID,-8.077028751211344,-2.19642441060887,false,53.63636245630993,formal_m1_center_not_selected
primary,S003178,C080_QPP_N060_P140_A1_Q020,STATIONARY_QPP_PRESENT,17,0,3,VALID,-9.37911594676089,-3.159201235273514,false,150.57225313758929,formal_m1_center_not_selected
primary,S003179,C080_QPP_N060_P140_A1_Q020,STATIONARY_QPP_PRESENT,18,0,3,VALID,-8.954873883288428,-2.3100883040179383,false,50.49516775412784,formal_m1_center_not_selected
primary,S003180,C080_QPP_N060_P140_A1_Q020,STATIONARY_QPP_PRESENT,19,0,3,VALID,-9.10854241569271,-2.8766385830099352,false,142.81001917983795,formal_m1_center_not_selected
primary,S003181,C080_QPP_N060_P140_A1_Q020,STATIONARY_QPP_PRESENT,20,0,3,VALID,-6.931505218995312,-1.505474690039506,false,140.47333078009518,formal_m1_center_not_selected
primary,S003182,C080_QPP_N060_P140_A1_Q020,STATIONARY_QPP_PRESENT,21,0,3,VALID,-8.446690151456323,-2.588324096504607,false,54.49960156976486,formal_m1_center_not_selected
primary,S003183,C080_QPP_N060_P140_A1_Q020,STATIONARY_QPP_PRESENT,22,0,3,VALID,-9.375937236934334,-2.895593366935657,false,54.00692743993973,formal_m1_center_not_selected
primary,S003184,C080_QPP_N060_P140_A1_Q020,STATIONARY_QPP_PRESENT,23,0,3,VALID,-8.70056423519452,-2.541194242478184,false,40.810815526159914,formal_m1_center_not_selected
primary,S003185,C080_QPP_N060_P140_A1_Q020,STATIONARY_QPP_PRESENT,24,0,3,VALID,-9.801546317945082,-3.4523191434962257,false,47.63267899161763,formal_m1_center_not_selected
primary,S003186,C080_QPP_N060_P140_A1_Q020,STATIONARY_QPP_PRESENT,25,0,3,VALID,-8.639029473994725,-3.4919470814807596,false,44.260236666674096,formal_m1_center_not_selected
primary,S003187,C080_QPP_N060_P140_A1_Q020,STATIONARY_QPP_PRESENT,26,0,3,VALID,-9.607895814550403,-3.0553079165001122,false,206.9987979155602,formal_m1_center_not_selected
primary,S003188,C080_QPP_N060_P140_A1_Q020,STATIONARY_QPP_PRESENT,27,0,3,VALID,-9.020729965023463,-2.62833581503142,false,46.936422377507284,formal_m1_center_not_selected
primary,S003189,C080_QPP_N060_P140_A1_Q020,STATIONARY_QPP_PRESENT,28,0,3,VALID,-9.361876433884959,-3.1777314732267996,false,40.0,formal_m1_center_not_selected
primary,S003190,C080_QPP_N060_P140_A1_Q020,STATIONARY_QPP_PRESENT,29,0,3,VALID,-8.475234480982834,-1.8849741633873123,false,60.00000971032708,formal_m1_center_not_selected
primary,S003191,C080_QPP_N060_P140_A1_Q020,STATIONARY_QPP_PRESENT,30,0,3,VALID,-8.236266153289336,-2.8265704872504784,false,45.74494614715804,formal_m1_center_not_selected
primary,S003192,C080_QPP_N060_P140_A1_Q020,STATIONARY_QPP_PRESENT,31,0,3,VALID,-8.885929345105893,-2.5063984538261934,false,132.04077405725346,formal_m1_center_not_selected
primary,S003193,C080_QPP_N060_P140_A1_Q020,STATIONARY_QPP_PRESENT,32,0,3,VALID,-9.325902931839948,-2.7298754421465503,false,120.29466772282335,formal_m1_center_not_selected
primary,S003194,C080_QPP_N060_P140_A1_Q020,STATIONARY_QPP_PRESENT,33,0,3,VALID,-9.523883938837287,-3.1522978914412647,false,140.2581273117879,formal_m1_center_not_selected
primary,S003195,C080_QPP_N060_P140_A1_Q020,STATIONARY_QPP_PRESENT,34,0,3,VALID,-7.316329932097858,-2.2735673816935957,false,40.0,formal_m1_center_not_selected
primary,S003196,C080_QPP_N060_P140_A1_Q020,STATIONARY_QPP_PRESENT,35,0,3,VALID,-9.66011233116734,-3.092363641059478,false,70.43405033168006,formal_m1_center_not_selected
primary,S003197,C080_QPP_N060_P140_A1_Q020,STATIONARY_QPP_PRESENT,36,0,3,VALID,-7.565890343078195,-1.5973205596627906,false,46.894166699186364,formal_m1_center_not_selected
primary,S003198,C080_QPP_N060_P140_A1_Q020,STATIONARY_QPP_PRESENT,37,0,3,VALID,-8.75615273897401,-2.3700891751230984,false,72.94206514397527,formal_m1_center_not_selected
primary,S003199,C080_QPP_N060_P140_A1_Q020,STATIONARY_QPP_PRESENT,38,0,3,VALID,-8.604138496669606,-2.87741641993901,false,125.04204425548703,formal_m1_center_not_selected
primary,S003200,C080_QPP_N060_P140_A1_Q020,STATIONARY_QPP_PRESENT,39,0,3,VALID,-9.775427235752687,-3.3036781314713153,false,47.0587407775678,formal_m1_center_not_selected
primary,S003201,C081_QPP_N060_P140_A1_Q040,STATIONARY_QPP_PRESENT,0,0,3,VALID,-9.347269592462112,-2.7963089139945225,false,60.72049902606769,formal_m1_center_not_selected
primary,S003202,C081_QPP_N060_P140_A1_Q040,STATIONARY_QPP_PRESENT,1,0,3,VALID,-6.1469346323194145,-1.0399472326184025,false,138.64868032340658,formal_m1_center_not_selected
primary,S003203,C081_QPP_N060_P140_A1_Q040,STATIONARY_QPP_PRESENT,2,0,3,VALID,-3.9584778539782803,-2.60974965312505,false,152.26905450505714,formal_m1_center_not_selected
primary,S003204,C081_QPP_N060_P140_A1_Q040,STATIONARY_QPP_PRESENT,3,0,3,VALID,-9.33093870926865,-3.1931110385646377,false,41.460755097461444,formal_m1_center_not_selected
primary,S003205,C081_QPP_N060_P140_A1_Q040,STATIONARY_QPP_PRESENT,4,0,3,VALID,-8.753192090273018,-2.974146413896875,false,126.33542848596484,formal_m1_center_not_selected
primary,S003206,C081_QPP_N060_P140_A1_Q040,STATIONARY_QPP_PRESENT,5,0,3,VALID,-9.506299103439886,-2.955392220927564,false,61.330891406601054,formal_m1_center_not_selected
primary,S003207,C081_QPP_N060_P140_A1_Q040,STATIONARY_QPP_PRESENT,6,0,3,VALID,-8.64289808509946,-2.4210886649661347,false,53.34875754269704,formal_m1_center_not_selected
primary,S003208,C081_QPP_N060_P140_A1_Q040,STATIONARY_QPP_PRESENT,7,0,3,VALID,-8.302973802520796,-1.9802662790631587,false,155.74186315556565,formal_m1_center_not_selected
primary,S003209,C081_QPP_N060_P140_A1_Q040,STATIONARY_QPP_PRESENT,8,0,3,VALID,-9.010377656906314,-3.2839398513592357,false,45.29353042501827,formal_m1_center_not_selected
primary,S003210,C081_QPP_N060_P140_A1_Q040,STATIONARY_QPP_PRESENT,9,0,3,VALID,-6.274421422044611,-1.4791976133472247,false,128.47458896829295,formal_m1_center_not_selected
primary,S003211,C081_QPP_N060_P140_A1_Q040,STATIONARY_QPP_PRESENT,10,0,3,VALID,-7.524256370562455,-2.1979145757392757,false,152.11738304234092,formal_m1_center_not_selected
primary,S003212,C081_QPP_N060_P140_A1_Q040,STATIONARY_QPP_PRESENT,11,0,3,VALID,-6.427374238967445,-1.9995974442002193,false,157.1915979447187,formal_m1_center_not_selected
primary,S003213,C081_QPP_N060_P140_A1_Q040,STATIONARY_QPP_PRESENT,12,0,3,VALID,-4.986804962256059,-1.024323258260921,false,135.91579754509104,formal_m1_center_not_selected
primary,S003214,C081_QPP_N060_P140_A1_Q040,STATIONARY_QPP_PRESENT,13,0,3,VALID,-8.761406644491558,-2.418019266249587,false,157.4723045248921,formal_m1_center_not_selected
primary,S003215,C081_QPP_N060_P140_A1_Q040,STATIONARY_QPP_PRESENT,14,0,3,VALID,-8.39326078309682,-2.7450909665899985,false,131.09677969013018,formal_m1_center_not_selected
primary,S003216,C081_QPP_N060_P140_A1_Q040,STATIONARY_QPP_PRESENT,15,0,3,VALID,-9.615824980596983,-3.091113747899584,false,59.68637722450235,formal_m1_center_not_selected
primary,S003217,C081_QPP_N060_P140_A1_Q040,STATIONARY_QPP_PRESENT,16,0,3,VALID,-7.762814033643934,-3.2783597845632357,false,159.22838356009456,formal_m1_center_not_selected
primary,S003218,C081_QPP_N060_P140_A1_Q040,STATIONARY_QPP_PRESENT,17,0,3,VALID,-7.1267266809473995,-2.103050233520918,false,145.92589208277923,formal_m1_center_not_selected
primary,S003219,C081_QPP_N060_P140_A1_Q040,STATIONARY_QPP_PRESENT,18,0,3,VALID,-8.967165870807833,-2.3245611359055545,false,50.41812016608335,formal_m1_center_not_selected
primary,S003220,C081_QPP_N060_P140_A1_Q040,STATIONARY_QPP_PRESENT,19,0,3,VALID,-6.750434491497828,-1.7856687998499012,false,143.66881710862734,formal_m1_center_not_selected
primary,S003221,C081_QPP_N060_P140_A1_Q040,STATIONARY_QPP_PRESENT,20,0,3,VALID,-3.2076274171030548,0.09616864974154282,false,139.71106484868127,formal_m1_center_not_selected
primary,S003222,C081_QPP_N060_P140_A1_Q040,STATIONARY_QPP_PRESENT,21,0,3,VALID,-8.46082572761162,-2.421095318686042,false,125.27322478653967,formal_m1_center_not_selected
primary,S003223,C081_QPP_N060_P140_A1_Q040,STATIONARY_QPP_PRESENT,22,0,3,VALID,-8.952420510013667,-2.6256355458178575,false,155.11450156460813,formal_m1_center_not_selected
primary,S003224,C081_QPP_N060_P140_A1_Q040,STATIONARY_QPP_PRESENT,23,0,3,VALID,-6.605115462620631,-1.280858258847303,false,127.83099333814829,formal_m1_center_not_selected
primary,S003225,C081_QPP_N060_P140_A1_Q040,STATIONARY_QPP_PRESENT,24,0,3,VALID,-9.764676567767935,-3.306333015349992,false,47.60609175928323,formal_m1_center_not_selected
primary,S003226,C081_QPP_N060_P140_A1_Q040,STATIONARY_QPP_PRESENT,25,0,3,VALID,-6.063824662887555,-2.73422759924685,false,148.3177188393241,formal_m1_center_not_selected
primary,S003227,C081_QPP_N060_P140_A1_Q040,STATIONARY_QPP_PRESENT,26,0,3,VALID,-8.658094040529818,-2.380541903481685,false,160.95426358409276,formal_m1_center_not_selected
primary,S003228,C081_QPP_N060_P140_A1_Q040,STATIONARY_QPP_PRESENT,27,0,3,VALID,-7.76210108465736,-2.300559220298169,false,157.96281351001088,formal_m1_center_not_selected
primary,S003229,C081_QPP_N060_P140_A1_Q040,STATIONARY_QPP_PRESENT,28,0,3,VALID,-9.231809696024271,-3.0339441810758387,false,40.0,formal_m1_center_not_selected
primary,S003230,C081_QPP_N060_P140_A1_Q040,STATIONARY_QPP_PRESENT,29,0,3,VALID,-8.570332089041443,-2.1799319960642833,false,59.976387059408815,formal_m1_center_not_selected
primary,S003231,C081_QPP_N060_P140_A1_Q040,STATIONARY_QPP_PRESENT,30,0,3,VALID,-6.800614332438812,-3.201772678330485,false,169.830352284911,formal_m1_center_not_selected
primary,S003232,C081_QPP_N060_P140_A1_Q040,STATIONARY_QPP_PRESENT,31,0,3,VALID,-6.574981172392626,-1.0630624676668958,false,133.85752393890147,formal_m1_center_not_selected
primary,S003233,C081_QPP_N060_P140_A1_Q040,STATIONARY_QPP_PRESENT,32,0,3,VALID,-7.79348524537204,-1.6217529533757613,false,124.62227506350497,formal_m1_center_not_selected
primary,S003234,C081_QPP_N060_P140_A1_Q040,STATIONARY_QPP_PRESENT,33,0,3,VALID,-7.255987666134331,-1.9122894456924655,false,140.2344928354896,formal_m1_center_not_selected
primary,S003235,C081_QPP_N060_P140_A1_Q040,STATIONARY_QPP_PRESENT,34,0,3,VALID,-4.276278191191125,-1.3417220093095352,false,151.76565944251175,formal_m1_center_not_selected
primary,S003236,C081_QPP_N060_P140_A1_Q040,STATIONARY_QPP_PRESENT,35,0,3,VALID,-8.81604542869755,-2.1556530498552604,false,128.26252681531827,formal_m1_center_not_selected
primary,S003237,C081_QPP_N060_P140_A1_Q040,STATIONARY_QPP_PRESENT,36,0,3,VALID,-7.8606270662687905,-1.4157417269908876,false,46.85354399659546,formal_m1_center_not_selected
primary,S003238,C081_QPP_N060_P140_A1_Q040,STATIONARY_QPP_PRESENT,37,0,3,VALID,-8.20745622024566,-2.2909796362867496,false,157.95846831636757,formal_m1_center_not_selected
primary,S003239,C081_QPP_N060_P140_A1_Q040,STATIONARY_QPP_PRESENT,38,0,3,VALID,-6.326240029624017,-1.331393262519299,false,126.45033574740127,formal_m1_center_not_selected
primary,S003240,C081_QPP_N060_P140_A1_Q040,STATIONARY_QPP_PRESENT,39,0,3,VALID,-9.436439220675311,-2.893403668817541,false,126.94264328614665,formal_m1_center_not_selected
primary,S003241,C082_QPP_N060_P140_A2_Q010,STATIONARY_QPP_PRESENT,0,0,3,VALID,-9.453900952823318,-2.9134502577198305,false,45.02447615928709,formal_m1_center_not_selected
primary,S003242,C082_QPP_N060_P140_A2_Q010,STATIONARY_QPP_PRESENT,1,0,3,VALID,-9.46287594679282,-3.513171788726737,false,198.36949709969824,formal_m1_center_not_selected
primary,S003243,C082_QPP_N060_P140_A2_Q010,STATIONARY_QPP_PRESENT,2,0,3,VALID,-9.558156379105185,-3.109446457998871,false,157.76240009606227,formal_m1_center_not_selected
primary,S003244,C082_QPP_N060_P140_A2_Q010,STATIONARY_QPP_PRESENT,3,0,3,VALID,-9.860880578976946,-3.315689912716465,false,42.205613672095716,formal_m1_center_not_selected
primary,S003245,C082_QPP_N060_P140_A2_Q010,STATIONARY_QPP_PRESENT,4,0,3,VALID,-9.619819632946673,-3.3048523390647233,false,157.90273675447023,formal_m1_center_not_selected
primary,S003246,C082_QPP_N060_P140_A2_Q010,STATIONARY_QPP_PRESENT,5,0,3,VALID,-9.91755934898842,-3.30345367126867,false,131.46699045018465,formal_m1_center_not_selected
primary,S003247,C082_QPP_N060_P140_A2_Q010,STATIONARY_QPP_PRESENT,6,0,3,VALID,-9.607676040561671,-3.545958769226246,false,43.079557315448405,formal_m1_center_not_selected
primary,S003248,C082_QPP_N060_P140_A2_Q010,STATIONARY_QPP_PRESENT,7,0,3,VALID,-9.333061142046944,-2.7375609813208257,false,120.24691322493192,formal_m1_center_not_selected
primary,S003249,C082_QPP_N060_P140_A2_Q010,STATIONARY_QPP_PRESENT,8,0,3,VALID,-9.828041188025338,-3.3680047551000882,false,42.650639821673465,formal_m1_center_not_selected
primary,S003250,C082_QPP_N060_P140_A2_Q010,STATIONARY_QPP_PRESENT,9,0,3,VALID,-9.800697803964567,-3.284908729119678,false,114.85964050992888,formal_m1_center_not_selected
primary,S003251,C082_QPP_N060_P140_A2_Q010,STATIONARY_QPP_PRESENT,10,0,3,VALID,-9.696023591569713,-3.4677312639143736,false,150.89020198743597,formal_m1_center_not_selected
primary,S003252,C082_QPP_N060_P140_A2_Q010,STATIONARY_QPP_PRESENT,11,0,3,VALID,-9.652852139604136,-3.6645743863450946,false,253.1506229085515,formal_m1_center_not_selected
primary,S003253,C082_QPP_N060_P140_A2_Q010,STATIONARY_QPP_PRESENT,12,0,3,VALID,-9.811176890541418,-3.2770201430371912,false,136.0078961965293,formal_m1_center_not_selected
primary,S003254,C082_QPP_N060_P140_A2_Q010,STATIONARY_QPP_PRESENT,13,0,3,VALID,-9.635991800188236,-3.395319857229424,false,42.762640618083225,formal_m1_center_not_selected
primary,S003255,C082_QPP_N060_P140_A2_Q010,STATIONARY_QPP_PRESENT,14,0,3,VALID,-9.851515347795726,-3.5468723501836052,false,243.08774436951646,formal_m1_center_not_selected
primary,S003256,C082_QPP_N060_P140_A2_Q010,STATIONARY_QPP_PRESENT,15,0,3,VALID,-9.629364912014864,-3.302830262008854,false,119.259869866033,formal_m1_center_not_selected
primary,S003257,C082_QPP_N060_P140_A2_Q010,STATIONARY_QPP_PRESENT,16,0,3,VALID,-9.536807044055024,-3.313031764822256,false,157.09673121137533,formal_m1_center_not_selected
primary,S003258,C082_QPP_N060_P140_A2_Q010,STATIONARY_QPP_PRESENT,17,0,3,VALID,-9.61559399806984,-3.2836186683458664,false,132.4964231418487,formal_m1_center_not_selected
primary,S003259,C082_QPP_N060_P140_A2_Q010,STATIONARY_QPP_PRESENT,18,0,3,VALID,-9.696332492962057,-3.5534713752711014,false,239.61960056776869,formal_m1_center_not_selected
primary,S003260,C082_QPP_N060_P140_A2_Q010,STATIONARY_QPP_PRESENT,19,0,3,VALID,-9.566156252954585,-3.2881946753201134,false,166.55671259665058,formal_m1_center_not_selected
primary,S003261,C082_QPP_N060_P140_A2_Q010,STATIONARY_QPP_PRESENT,20,0,3,VALID,-9.769494869681495,-3.330070408653512,false,40.0,formal_m1_center_not_selected
primary,S003262,C082_QPP_N060_P140_A2_Q010,STATIONARY_QPP_PRESENT,21,0,3,VALID,-9.704935895705802,-3.5813470713378024,false,151.60246027626383,formal_m1_center_not_selected
primary,S003263,C082_QPP_N060_P140_A2_Q010,STATIONARY_QPP_PRESENT,22,0,3,VALID,-9.385570445518454,-3.3422139600233436,false,138.09161261081684,formal_m1_center_not_selected
primary,S003264,C082_QPP_N060_P140_A2_Q010,STATIONARY_QPP_PRESENT,23,0,3,VALID,-9.709943286678481,-3.2687873906408242,false,45.24268573506923,formal_m1_center_not_selected
primary,S003265,C082_QPP_N060_P140_A2_Q010,STATIONARY_QPP_PRESENT,24,0,3,VALID,-9.7475079299073,-3.294371845361894,false,44.38697999398225,formal_m1_center_not_selected
primary,S003266,C082_QPP_N060_P140_A2_Q010,STATIONARY_QPP_PRESENT,25,0,3,VALID,-9.446826407844611,-3.2043327360056537,false,145.06188739626023,formal_m1_center_not_selected
primary,S003267,C082_QPP_N060_P140_A2_Q010,STATIONARY_QPP_PRESENT,26,0,3,VALID,-9.30850840774886,-2.850391573942858,false,129.74112380812352,formal_m1_center_not_selected
primary,S003268,C082_QPP_N060_P140_A2_Q010,STATIONARY_QPP_PRESENT,27,0,3,VALID,-9.650145156239915,-3.3838136091718525,false,146.84684527914334,formal_m1_center_not_selected
primary,S003269,C082_QPP_N060_P140_A2_Q010,STATIONARY_QPP_PRESENT,28,0,3,VALID,-9.86545847995174,-3.4644453501421424,false,192.91047322524304,formal_m1_center_not_selected
primary,S003270,C082_QPP_N060_P140_A2_Q010,STATIONARY_QPP_PRESENT,29,0,3,VALID,-9.983783090915097,-3.4210787616028426,false,120.61702569473836,formal_m1_center_not_selected
primary,S003271,C082_QPP_N060_P140_A2_Q010,STATIONARY_QPP_PRESENT,30,0,3,VALID,-9.75514949171668,-3.300061133133937,false,186.5988511416069,formal_m1_center_not_selected
primary,S003272,C082_QPP_N060_P140_A2_Q010,STATIONARY_QPP_PRESENT,31,0,3,VALID,-9.525280811437,-3.496008933449758,false,45.510862109045604,formal_m1_center_not_selected
primary,S003273,C082_QPP_N060_P140_A2_Q010,STATIONARY_QPP_PRESENT,32,0,3,VALID,-9.734618718765034,-3.5390818472410217,false,136.53905106774923,formal_m1_center_not_selected
primary,S003274,C082_QPP_N060_P140_A2_Q010,STATIONARY_QPP_PRESENT,33,0,3,VALID,-9.300892966335795,-2.8069642262800585,false,134.25378025469868,formal_m1_center_not_selected
primary,S003275,C082_QPP_N060_P140_A2_Q010,STATIONARY_QPP_PRESENT,34,0,3,VALID,-9.894163405483766,-3.4334407813053645,false,40.08356448688997,formal_m1_center_not_selected
primary,S003276,C082_QPP_N060_P140_A2_Q010,STATIONARY_QPP_PRESENT,35,0,3,VALID,-9.863164658434215,-3.4655064985335002,false,201.86044443065876,formal_m1_center_not_selected
primary,S003277,C082_QPP_N060_P140_A2_Q010,STATIONARY_QPP_PRESENT,36,0,3,VALID,-9.738417827840692,-3.147788632511066,false,40.0,formal_m1_center_not_selected
primary,S003278,C082_QPP_N060_P140_A2_Q010,STATIONARY_QPP_PRESENT,37,0,3,VALID,-9.619587280812226,-3.3170346987216703,false,140.47578761645735,formal_m1_center_not_selected
primary,S003279,C082_QPP_N060_P140_A2_Q010,STATIONARY_QPP_PRESENT,38,0,3,VALID,-9.627555412230237,-3.1788914776862214,false,154.8085463122346,formal_m1_center_not_selected
primary,S003280,C082_QPP_N060_P140_A2_Q010,STATIONARY_QPP_PRESENT,39,0,3,VALID,-9.798823195416986,-3.3476463365440168,false,161.24558625024608,formal_m1_center_not_selected
primary,S003281,C083_QPP_N060_P140_A2_Q020,STATIONARY_QPP_PRESENT,0,0,3,VALID,-9.085516860415623,-2.6315691102840333,false,124.3809613406124,formal_m1_center_not_selected
primary,S003282,C083_QPP_N060_P140_A2_Q020,STATIONARY_QPP_PRESENT,1,0,3,VALID,-9.245566701839778,-3.612009950294265,false,198.38221351265648,formal_m1_center_not_selected
primary,S003283,C083_QPP_N060_P140_A2_Q020,STATIONARY_QPP_PRESENT,2,0,3,VALID,-8.87681333574136,-2.710642619130482,false,158.1310286082589,formal_m1_center_not_selected
primary,S003284,C083_QPP_N060_P140_A2_Q020,STATIONARY_QPP_PRESENT,3,0,3,VALID,-9.301824166092018,-2.9489723626574573,false,139.18365680570793,formal_m1_center_not_selected
primary,S003285,C083_QPP_N060_P140_A2_Q020,STATIONARY_QPP_PRESENT,4,0,3,VALID,-8.825983340420521,-2.8845135098306685,false,157.87296287352277,formal_m1_center_not_selected
primary,S003286,C083_QPP_N060_P140_A2_Q020,STATIONARY_QPP_PRESENT,5,0,3,VALID,-9.45982062990305,-2.987620079727293,false,129.79013691877407,formal_m1_center_not_selected
primary,S003287,C083_QPP_N060_P140_A2_Q020,STATIONARY_QPP_PRESENT,6,0,3,VALID,-9.539867200986464,-3.658752086132637,false,43.103540694437086,formal_m1_center_not_selected
primary,S003288,C083_QPP_N060_P140_A2_Q020,STATIONARY_QPP_PRESENT,7,0,3,VALID,-8.766415917255728,-2.2958373389035103,false,122.84537242109401,formal_m1_center_not_selected
primary,S003289,C083_QPP_N060_P140_A2_Q020,STATIONARY_QPP_PRESENT,8,0,3,VALID,-9.815576638418975,-3.3433068797321823,false,42.65716404720611,formal_m1_center_not_selected
primary,S003290,C083_QPP_N060_P140_A2_Q020,STATIONARY_QPP_PRESENT,9,0,3,VALID,-9.638913246891889,-3.1182946795237,false,115.53517044616599,formal_m1_center_not_selected
primary,S003291,C083_QPP_N060_P140_A2_Q020,STATIONARY_QPP_PRESENT,10,0,3,VALID,-8.787966052833468,-3.0455772939775443,false,146.75932142798013,formal_m1_center_not_selected
primary,S003292,C083_QPP_N060_P140_A2_Q020,STATIONARY_QPP_PRESENT,11,0,3,VALID,-9.250352126426748,-3.598270269097384,false,218.8756916915647,formal_m1_center_not_selected
primary,S003293,C083_QPP_N060_P140_A2_Q020,STATIONARY_QPP_PRESENT,12,0,3,VALID,-9.165051503754682,-2.9049679135941346,false,133.97662611888313,formal_m1_center_not_selected
primary,S003294,C083_QPP_N060_P140_A2_Q020,STATIONARY_QPP_PRESENT,13,0,3,VALID,-9.275976168037374,-3.457016656174119,false,135.0919081546946,formal_m1_center_not_selected
primary,S003295,C083_QPP_N060_P140_A2_Q020,STATIONARY_QPP_PRESENT,14,0,3,VALID,-9.344647301998577,-3.2749317228701216,false,160.23385834783676,formal_m1_center_not_selected
primary,S003296,C083_QPP_N060_P140_A2_Q020,STATIONARY_QPP_PRESENT,15,0,3,VALID,-9.012085316630618,-2.8625349394636714,false,121.77961206928825,formal_m1_center_not_selected
primary,S003297,C083_QPP_N060_P140_A2_Q020,STATIONARY_QPP_PRESENT,16,0,3,VALID,-8.808025136543762,-2.8611997161154363,false,157.6660676623095,formal_m1_center_not_selected
primary,S003298,C083_QPP_N060_P140_A2_Q020,STATIONARY_QPP_PRESENT,17,0,3,VALID,-8.762801157966265,-2.873778523869589,false,135.8304710507238,formal_m1_center_not_selected
primary,S003299,C083_QPP_N060_P140_A2_Q020,STATIONARY_QPP_PRESENT,18,0,3,VALID,-9.11610259358369,-3.285270614913969,false,157.59171455038296,formal_m1_center_not_selected
primary,S003300,C083_QPP_N060_P140_A2_Q020,STATIONARY_QPP_PRESENT,19,0,3,VALID,-8.811255316529781,-2.9790761979038223,false,156.0016734533575,formal_m1_center_not_selected
primary,S003301,C083_QPP_N060_P140_A2_Q020,STATIONARY_QPP_PRESENT,20,0,3,VALID,-9.730541052480362,-3.3347155831750683,false,40.0,formal_m1_center_not_selected
primary,S003302,C083_QPP_N060_P140_A2_Q020,STATIONARY_QPP_PRESENT,21,0,3,VALID,-8.793713768807919,-3.226222089628891,false,148.23696160553766,formal_m1_center_not_selected
primary,S003303,C083_QPP_N060_P140_A2_Q020,STATIONARY_QPP_PRESENT,22,0,3,VALID,-8.42861642014168,-2.882771419971789,false,137.98870722171714,formal_m1_center_not_selected
primary,S003304,C083_QPP_N060_P140_A2_Q020,STATIONARY_QPP_PRESENT,23,0,3,VALID,-9.709143382482551,-3.3248131084020827,false,45.266572671628545,formal_m1_center_not_selected
primary,S003305,C083_QPP_N060_P140_A2_Q020,STATIONARY_QPP_PRESENT,24,0,3,VALID,-9.738054864163558,-3.251346027014989,false,44.37864869805654,formal_m1_center_not_selected
primary,S003306,C083_QPP_N060_P140_A2_Q020,STATIONARY_QPP_PRESENT,25,0,3,VALID,-8.53379197653797,-2.7440530175016136,false,141.82543172970475,formal_m1_center_not_selected
primary,S003307,C083_QPP_N060_P140_A2_Q020,STATIONARY_QPP_PRESENT,26,0,3,VALID,-8.486330699699892,-2.18149204231932,false,129.31840369832665,formal_m1_center_not_selected
primary,S003308,C083_QPP_N060_P140_A2_Q020,STATIONARY_QPP_PRESENT,27,0,3,VALID,-8.725912309104103,-2.945459908612065,false,141.11240867547212,formal_m1_center_not_selected
primary,S003309,C083_QPP_N060_P140_A2_Q020,STATIONARY_QPP_PRESENT,28,0,3,VALID,-9.350206837582448,-3.2118641937281325,false,160.02878003073423,formal_m1_center_not_selected
primary,S003310,C083_QPP_N060_P140_A2_Q020,STATIONARY_QPP_PRESENT,29,0,3,VALID,-9.723247396693665,-3.1111956234246065,false,122.61710285095482,formal_m1_center_not_selected
primary,S003311,C083_QPP_N060_P140_A2_Q020,STATIONARY_QPP_PRESENT,30,0,3,VALID,-9.430643455186754,-3.1377799702439404,false,184.4364589095105,formal_m1_center_not_selected
primary,S003312,C083_QPP_N060_P140_A2_Q020,STATIONARY_QPP_PRESENT,31,0,3,VALID,-8.770406069713658,-3.0414905808839876,false,128.05681630464883,formal_m1_center_not_selected
primary,S003313,C083_QPP_N060_P140_A2_Q020,STATIONARY_QPP_PRESENT,32,0,3,VALID,-8.885918120338289,-3.1229884677460404,false,136.28715014548612,formal_m1_center_not_selected
primary,S003314,C083_QPP_N060_P140_A2_Q020,STATIONARY_QPP_PRESENT,33,0,3,VALID,-8.259579556402826,-2.5414793811667664,false,135.038092251663,formal_m1_center_not_selected
primary,S003315,C083_QPP_N060_P140_A2_Q020,STATIONARY_QPP_PRESENT,34,0,3,VALID,-9.851543407467915,-3.4220518898885928,false,269.4036178864348,formal_m1_center_not_selected
primary,S003316,C083_QPP_N060_P140_A2_Q020,STATIONARY_QPP_PRESENT,35,0,3,VALID,-9.657849116771757,-3.354621392475849,false,194.14273558747468,formal_m1_center_not_selected
primary,S003317,C083_QPP_N060_P140_A2_Q020,STATIONARY_QPP_PRESENT,36,0,3,VALID,-9.736394723641297,-3.168812421334138,false,40.0,formal_m1_center_not_selected
primary,S003318,C083_QPP_N060_P140_A2_Q020,STATIONARY_QPP_PRESENT,37,0,3,VALID,-8.658085267622823,-2.8316301928314545,false,139.8898710488053,formal_m1_center_not_selected
primary,S003319,C083_QPP_N060_P140_A2_Q020,STATIONARY_QPP_PRESENT,38,0,3,VALID,-8.880151844776492,-2.61488192888055,false,155.28125132073586,formal_m1_center_not_selected
primary,S003320,C083_QPP_N060_P140_A2_Q020,STATIONARY_QPP_PRESENT,39,0,3,VALID,-9.15396056331221,-2.9858916576512513,false,159.85696197586188,formal_m1_center_not_selected
primary,S003321,C084_QPP_N060_P140_A2_Q040,STATIONARY_QPP_PRESENT,0,0,3,VALID,-7.219772147196693,-1.355825658780219,false,125.72715110831837,formal_m1_center_not_selected
primary,S003322,C084_QPP_N060_P140_A2_Q040,STATIONARY_QPP_PRESENT,1,0,3,VALID,-8.214145739890256,-3.657863003224577,false,185.76690305135065,formal_m1_center_not_selected
primary,S003323,C084_QPP_N060_P140_A2_Q040,STATIONARY_QPP_PRESENT,2,0,3,VALID,-6.869968388861707,-1.9909205109049708,false,156.6637890780316,formal_m1_center_not_selected
primary,S003324,C084_QPP_N060_P140_A2_Q040,STATIONARY_QPP_PRESENT,3,0,3,VALID,-6.993517239799559,-1.6457782356802113,false,137.49327499429688,formal_m1_center_not_selected
primary,S003325,C084_QPP_N060_P140_A2_Q040,STATIONARY_QPP_PRESENT,4,0,3,VALID,-6.381731195823846,-2.129699978268974,false,155.03628047640825,formal_m1_center_not_selected
primary,S003326,C084_QPP_N060_P140_A2_Q040,STATIONARY_QPP_PRESENT,5,0,3,VALID,-7.67576612322668,-1.807449132125555,false,129.39293985424194,formal_m1_center_not_selected
primary,S003327,C084_QPP_N060_P140_A2_Q040,STATIONARY_QPP_PRESENT,6,0,3,VALID,-6.928193073036141,-2.822994570536707,false,143.5894811965613,formal_m1_center_not_selected
primary,S003328,C084_QPP_N060_P140_A2_Q040,STATIONARY_QPP_PRESENT,7,0,3,VALID,-6.715708899562173,-0.814955689789258,false,125.23763774727222,formal_m1_center_not_selected
primary,S003329,C084_QPP_N060_P140_A2_Q040,STATIONARY_QPP_PRESENT,8,0,3,VALID,-9.570255873263392,-3.135695274035413,false,118.72562325228867,formal_m1_center_not_selected
primary,S003330,C084_QPP_N060_P140_A2_Q040,STATIONARY_QPP_PRESENT,9,0,3,VALID,-9.295982453182859,-2.814326095247651,false,117.0674810033911,formal_m1_center_not_selected
primary,S003331,C084_QPP_N060_P140_A2_Q040,STATIONARY_QPP_PRESENT,10,0,3,VALID,-5.586232286790278,-1.5655246017158504,false,142.61545590977752,formal_m1_center_not_selected
primary,S003332,C084_QPP_N060_P140_A2_Q040,STATIONARY_QPP_PRESENT,11,0,3,VALID,-7.036084563258072,-3.047718283870779,false,155.23375181990696,formal_m1_center_not_selected
primary,S003333,C084_QPP_N060_P140_A2_Q040,STATIONARY_QPP_PRESENT,12,0,3,VALID,-6.952907980447208,-1.6927556593743986,false,134.37426997597922,formal_m1_center_not_selected
primary,S003334,C084_QPP_N060_P140_A2_Q040,STATIONARY_QPP_PRESENT,13,0,3,VALID,-6.897893856756241,-2.3152330548572593,false,135.42226317575117,formal_m1_center_not_selected
primary,S003335,C084_QPP_N060_P140_A2_Q040,STATIONARY_QPP_PRESENT,14,0,3,VALID,-7.46205116813735,-2.511634981849113,false,159.20360647158626,formal_m1_center_not_selected
primary,S003336,C084_QPP_N060_P140_A2_Q040,STATIONARY_QPP_PRESENT,15,0,3,VALID,-6.97010884793724,-1.5962708618348813,false,124.27320583064501,formal_m1_center_not_selected
primary,S003337,C084_QPP_N060_P140_A2_Q040,STATIONARY_QPP_PRESENT,16,0,3,VALID,-6.653469268894554,-2.2680018397060735,false,155.84118279826768,formal_m1_center_not_selected
primary,S003338,C084_QPP_N060_P140_A2_Q040,STATIONARY_QPP_PRESENT,17,0,3,VALID,-5.883736205985969,-1.480096969874296,false,137.6958726846608,formal_m1_center_not_selected
primary,S003339,C084_QPP_N060_P140_A2_Q040,STATIONARY_QPP_PRESENT,18,0,3,VALID,-6.95440966871891,-2.5963422954055204,false,155.58563232336644,formal_m1_center_not_selected
primary,S003340,C084_QPP_N060_P140_A2_Q040,STATIONARY_QPP_PRESENT,19,0,3,VALID,-5.907507991942879,-1.6285247036458657,false,149.66090136782626,formal_m1_center_not_selected
primary,S003341,C084_QPP_N060_P140_A2_Q040,STATIONARY_QPP_PRESENT,20,0,3,VALID,-8.21689325197383,-2.35792777143169,false,126.75528347174527,formal_m1_center_not_selected
primary,S003342,C084_QPP_N060_P140_A2_Q040,STATIONARY_QPP_PRESENT,21,0,3,VALID,-5.562229625495405,-1.8902816139135723,false,142.58938810520678,formal_m1_center_not_selected
primary,S003343,C084_QPP_N060_P140_A2_Q040,STATIONARY_QPP_PRESENT,22,0,3,VALID,-5.579096520593424,-1.59156652443113,false,137.4195068788183,formal_m1_center_not_selected
primary,S003344,C084_QPP_N060_P140_A2_Q040,STATIONARY_QPP_PRESENT,23,0,3,VALID,-9.552432206179162,-3.3616173851998212,false,45.2051292700091,formal_m1_center_not_selected
primary,S003345,C084_QPP_N060_P140_A2_Q040,STATIONARY_QPP_PRESENT,24,0,3,VALID,-9.106087178813965,-2.961144944167586,false,120.43797801810436,formal_m1_center_not_selected
primary,S003346,C084_QPP_N060_P140_A2_Q040,STATIONARY_QPP_PRESENT,25,0,3,VALID,-5.614838136518614,-1.3415718608854377,false,140.0420038188489,formal_m1_center_not_selected
primary,S003347,C084_QPP_N060_P140_A2_Q040,STATIONARY_QPP_PRESENT,26,0,3,VALID,-6.122054154471044,-0.5884634520935208,false,129.25495089217623,formal_m1_center_not_selected
primary,S003348,C084_QPP_N060_P140_A2_Q040,STATIONARY_QPP_PRESENT,27,0,3,VALID,-5.693577299271453,-1.5412560626118932,false,141.2928481276188,formal_m1_center_not_selected
primary,S003349,C084_QPP_N060_P140_A2_Q040,STATIONARY_QPP_PRESENT,28,0,3,VALID,-7.191915917695951,-2.3670588737365392,false,156.62246956974994,formal_m1_center_not_selected
primary,S003350,C084_QPP_N060_P140_A2_Q040,STATIONARY_QPP_PRESENT,29,0,3,VALID,-8.4269887005498,-2.1813474156091957,false,125.93991162119234,formal_m1_center_not_selected
primary,S003351,C084_QPP_N060_P140_A2_Q040,STATIONARY_QPP_PRESENT,30,0,3,VALID,-8.33455168235733,-2.592104921833311,false,177.6260656715365,formal_m1_center_not_selected
primary,S003352,C084_QPP_N060_P140_A2_Q040,STATIONARY_QPP_PRESENT,31,0,3,VALID,-6.309164613214563,-1.6620082446349613,false,128.50995341098243,formal_m1_center_not_selected
primary,S003353,C084_QPP_N060_P140_A2_Q040,STATIONARY_QPP_PRESENT,32,0,3,VALID,-6.106323055424241,-1.7759594312356342,false,136.7713224335248,formal_m1_center_not_selected
primary,S003354,C084_QPP_N060_P140_A2_Q040,STATIONARY_QPP_PRESENT,33,0,3,VALID,-5.254181877129781,-1.0640012652466169,false,136.0559228940934,formal_m1_center_not_selected
primary,S003355,C084_QPP_N060_P140_A2_Q040,STATIONARY_QPP_PRESENT,34,0,3,VALID,-9.749865359516406,-3.4421807213736315,false,252.07330118239582,formal_m1_center_not_selected
primary,S003356,C084_QPP_N060_P140_A2_Q040,STATIONARY_QPP_PRESENT,35,0,3,VALID,-9.015281235338904,-3.1528021558640944,false,178.55874997477713,formal_m1_center_not_selected
primary,S003357,C084_QPP_N060_P140_A2_Q040,STATIONARY_QPP_PRESENT,36,0,3,VALID,-9.629716941702071,-3.1579274514051576,false,40.0,formal_m1_center_not_selected
primary,S003358,C084_QPP_N060_P140_A2_Q040,STATIONARY_QPP_PRESENT,37,0,3,VALID,-5.62504695798475,-1.3817236491977667,false,139.6324633961661,formal_m1_center_not_selected
primary,S003359,C084_QPP_N060_P140_A2_Q040,STATIONARY_QPP_PRESENT,38,0,3,VALID,-6.273193777802732,-1.504934390692739,false,151.80690753924424,formal_m1_center_not_selected
primary,S003360,C084_QPP_N060_P140_A2_Q040,STATIONARY_QPP_PRESENT,39,0,3,VALID,-6.901600290123014,-2.0429363227530644,false,156.62418637411938,formal_m1_center_not_selected
primary,S003361,C085_QPP_N120_P050_A0_Q010,STATIONARY_QPP_PRESENT,0,0,3,VALID,-10.393673697678423,-3.7729876597999237,false,40.0,formal_m1_center_not_selected
primary,S003362,C085_QPP_N120_P050_A0_Q010,STATIONARY_QPP_PRESENT,1,0,3,VALID,-6.633146939913331,0.2593232513260091,false,71.84750134449563,formal_m1_center_not_selected
primary,S003363,C085_QPP_N120_P050_A0_Q010,STATIONARY_QPP_PRESENT,2,0,3,VALID,-9.50268529373841,-2.6946727626478832,false,66.95843117856928,formal_m1_center_not_selected
primary,S003364,C085_QPP_N120_P050_A0_Q010,STATIONARY_QPP_PRESENT,3,0,3,VALID,-10.35319885119793,-3.0500991886358406,false,135.19897999306048,formal_m1_center_not_selected
primary,S003365,C085_QPP_N120_P050_A0_Q010,STATIONARY_QPP_PRESENT,4,0,3,VALID,-5.555650075685207,-1.508274023059812,false,52.294550362447005,formal_m1_center_not_selected
primary,S003366,C085_QPP_N120_P050_A0_Q010,STATIONARY_QPP_PRESENT,5,0,3,VALID,-10.520544982275055,-2.88433248460899,false,49.36258987463431,formal_m1_center_not_selected
primary,S003367,C085_QPP_N120_P050_A0_Q010,STATIONARY_QPP_PRESENT,6,0,3,VALID,-5.250439821116061,0.29105479246800314,false,52.72811478754165,formal_m1_center_not_selected
primary,S003368,C085_QPP_N120_P050_A0_Q010,STATIONARY_QPP_PRESENT,7,0,3,VALID,-3.1762085171048966,2.131831000864622,false,55.14868210890572,formal_m1_center_not_selected
primary,S003369,C085_QPP_N120_P050_A0_Q010,STATIONARY_QPP_PRESENT,8,0,3,VALID,-8.839284057461782,-3.1861724605179234,false,47.633067328003996,formal_m1_center_not_selected
primary,S003370,C085_QPP_N120_P050_A0_Q010,STATIONARY_QPP_PRESENT,9,0,3,VALID,-6.268927263768774,0.7796652707670546,false,50.71933916856137,formal_m1_center_not_selected
primary,S003371,C085_QPP_N120_P050_A0_Q010,STATIONARY_QPP_PRESENT,10,0,3,VALID,-5.009558335857605,0.761753375212038,false,49.20773534159916,formal_m1_center_not_selected
primary,S003372,C085_QPP_N120_P050_A0_Q010,STATIONARY_QPP_PRESENT,11,0,3,VALID,12.279681256010463,19.193958084753717,true,50.251429043765114,recovered_period_selected
primary,S003373,C085_QPP_N120_P050_A0_Q010,STATIONARY_QPP_PRESENT,12,0,3,VALID,-6.859221977130346,0.76573156707218,false,50.86546596204991,formal_m1_center_not_selected
primary,S003374,C085_QPP_N120_P050_A0_Q010,STATIONARY_QPP_PRESENT,13,0,3,VALID,-5.532158457771288,1.2708574643526163,false,53.45271800907242,formal_m1_center_not_selected
primary,S003375,C085_QPP_N120_P050_A0_Q010,STATIONARY_QPP_PRESENT,14,0,3,VALID,-10.968560460368849,-3.3252377465627205,false,93.06613017454626,formal_m1_center_not_selected
primary,S003376,C085_QPP_N120_P050_A0_Q010,STATIONARY_QPP_PRESENT,15,0,3,VALID,-6.168076048982925,-0.7118243843078744,false,66.28558187670008,formal_m1_center_not_selected
primary,S003377,C085_QPP_N120_P050_A0_Q010,STATIONARY_QPP_PRESENT,16,0,3,VALID,-11.470493962295222,-3.769060431475964,false,45.47196934893907,formal_m1_center_not_selected
primary,S003378,C085_QPP_N120_P050_A0_Q010,STATIONARY_QPP_PRESENT,17,0,3,VALID,-3.499330602267605,3.2713778074690936,false,52.46824666023623,formal_m1_center_not_selected
primary,S003379,C085_QPP_N120_P050_A0_Q010,STATIONARY_QPP_PRESENT,18,0,3,VALID,-5.813655851162821,0.9325130941303996,false,48.521625423487684,formal_m1_center_not_selected
primary,S003380,C085_QPP_N120_P050_A0_Q010,STATIONARY_QPP_PRESENT,19,0,3,VALID,-10.621468861418066,-4.049373658923059,false,75.50992539757738,formal_m1_center_not_selected
primary,S003381,C085_QPP_N120_P050_A0_Q010,STATIONARY_QPP_PRESENT,20,0,3,VALID,-3.7829931476015872,2.64274779051766,false,52.76112685500492,formal_m1_center_not_selected
primary,S003382,C085_QPP_N120_P050_A0_Q010,STATIONARY_QPP_PRESENT,21,0,3,VALID,-3.7605488019009954,1.0987539546543985,false,44.811353831331104,formal_m1_center_not_selected
primary,S003383,C085_QPP_N120_P050_A0_Q010,STATIONARY_QPP_PRESENT,22,0,3,VALID,-9.221933497951682,-2.4024300576495534,false,46.582334125804685,formal_m1_center_not_selected
primary,S003384,C085_QPP_N120_P050_A0_Q010,STATIONARY_QPP_PRESENT,23,0,3,VALID,4.608622223525231,11.597197100265134,false,50.58983417509924,formal_m1_center_not_selected
primary,S003385,C085_QPP_N120_P050_A0_Q010,STATIONARY_QPP_PRESENT,24,0,3,VALID,-7.555872866055324,-1.6462887513972646,false,52.259113602616516,formal_m1_center_not_selected
primary,S003386,C085_QPP_N120_P050_A0_Q010,STATIONARY_QPP_PRESENT,25,0,3,VALID,-9.570950461135794,-3.5906191088041624,false,51.42286769881222,formal_m1_center_not_selected
primary,S003387,C085_QPP_N120_P050_A0_Q010,STATIONARY_QPP_PRESENT,26,0,3,VALID,-11.433039810547598,-3.3147091878037145,false,50.14496379942679,formal_m1_center_not_selected
primary,S003388,C085_QPP_N120_P050_A0_Q010,STATIONARY_QPP_PRESENT,27,0,3,VALID,-9.532839504733602,-2.9270690635634082,false,54.99281088961694,formal_m1_center_not_selected
primary,S003389,C085_QPP_N120_P050_A0_Q010,STATIONARY_QPP_PRESENT,28,0,3,VALID,-9.66135665425827,-2.9918140933531276,false,49.65192734782873,formal_m1_center_not_selected
primary,S003390,C085_QPP_N120_P050_A0_Q010,STATIONARY_QPP_PRESENT,29,0,3,VALID,-11.062982212030306,-3.859832352957824,false,50.186392757402515,formal_m1_center_not_selected
primary,S003391,C085_QPP_N120_P050_A0_Q010,STATIONARY_QPP_PRESENT,30,0,3,VALID,-8.835078387440376,-1.8718906002703761,false,40.0,formal_m1_center_not_selected
primary,S003392,C085_QPP_N120_P050_A0_Q010,STATIONARY_QPP_PRESENT,31,0,3,VALID,-6.719089245231885,0.563634769341661,false,84.64875063662964,formal_m1_center_not_selected
primary,S003393,C085_QPP_N120_P050_A0_Q010,STATIONARY_QPP_PRESENT,32,0,3,VALID,-2.880969837678208,2.6625582839880053,false,62.60035141674251,formal_m1_center_not_selected
primary,S003394,C085_QPP_N120_P050_A0_Q010,STATIONARY_QPP_PRESENT,33,0,3,VALID,-4.446337008985779,2.1739916328161826,false,47.98683722988848,formal_m1_center_not_selected
primary,S003395,C085_QPP_N120_P050_A0_Q010,STATIONARY_QPP_PRESENT,34,0,3,VALID,-3.1700194245172497,3.4026472746376157,false,50.228007734364,formal_m1_center_not_selected
primary,S003396,C085_QPP_N120_P050_A0_Q010,STATIONARY_QPP_PRESENT,35,0,3,VALID,-6.400063790978038,0.5206652355528831,false,49.98188929405911,formal_m1_center_not_selected
primary,S003397,C085_QPP_N120_P050_A0_Q010,STATIONARY_QPP_PRESENT,36,0,3,VALID,-9.117454144502972,-2.653580660210423,false,121.14216343257081,formal_m1_center_not_selected
primary,S003398,C085_QPP_N120_P050_A0_Q010,STATIONARY_QPP_PRESENT,37,0,3,VALID,-7.211553884304976,-2.003882444889996,false,56.080730919881496,formal_m1_center_not_selected
primary,S003399,C085_QPP_N120_P050_A0_Q010,STATIONARY_QPP_PRESENT,38,0,3,VALID,-5.967949156130771,1.3208211904401423,false,49.83332978117324,formal_m1_center_not_selected
primary,S003400,C085_QPP_N120_P050_A0_Q010,STATIONARY_QPP_PRESENT,39,0,3,VALID,-10.380478556840103,-2.390366687626738,false,71.96763087783206,formal_m1_center_not_selected
primary,S003401,C086_QPP_N120_P050_A0_Q020,STATIONARY_QPP_PRESENT,0,0,3,VALID,-4.236732151869887,1.1226271248834792,false,50.004862845826565,formal_m1_center_not_selected
primary,S003402,C086_QPP_N120_P050_A0_Q020,STATIONARY_QPP_PRESENT,1,0,3,VALID,-6.358834082539033,-1.0337201388369976,false,50.57092712461424,formal_m1_center_not_selected
primary,S003403,C086_QPP_N120_P050_A0_Q020,STATIONARY_QPP_PRESENT,2,0,3,VALID,-8.825189707597929,-3.0055455496172954,false,51.11299750684873,formal_m1_center_not_selected
primary,S003404,C086_QPP_N120_P050_A0_Q020,STATIONARY_QPP_PRESENT,3,0,3,VALID,-0.4078997889658922,5.948986548221569,false,51.081384434540226,formal_m1_center_not_selected
primary,S003405,C086_QPP_N120_P050_A0_Q020,STATIONARY_QPP_PRESENT,4,0,3,VALID,8.747215727286175,12.023711831303785,false,50.17567089759052,formal_m1_center_not_selected
primary,S003406,C086_QPP_N120_P050_A0_Q020,STATIONARY_QPP_PRESENT,5,0,3,VALID,-0.7326864494309575,5.9344095233560665,false,50.18754910992976,formal_m1_center_not_selected
primary,S003407,C086_QPP_N120_P050_A0_Q020,STATIONARY_QPP_PRESENT,6,0,3,VALID,9.864338871545783,14.084962647181783,false,51.66952190056366,formal_m1_center_not_selected
primary,S003408,C086_QPP_N120_P050_A0_Q020,STATIONARY_QPP_PRESENT,7,0,3,VALID,3.2282803811459644,7.559381629928907,false,54.43063063214754,formal_m1_center_not_selected
primary,S003409,C086_QPP_N120_P050_A0_Q020,STATIONARY_QPP_PRESENT,8,0,3,VALID,5.33200005467404,10.070331890315515,false,50.22740174063778,formal_m1_center_not_selected
primary,S003410,C086_QPP_N120_P050_A0_Q020,STATIONARY_QPP_PRESENT,9,0,3,VALID,10.513843047402133,16.6847079086466,true,50.38049282585744,recovered_period_selected
primary,S003411,C086_QPP_N120_P050_A0_Q020,STATIONARY_QPP_PRESENT,10,0,3,VALID,7.642730281865738,13.595323353594722,false,49.56100840025727,formal_m1_center_not_selected
primary,S003412,C086_QPP_N120_P050_A0_Q020,STATIONARY_QPP_PRESENT,11,0,3,VALID,33.23831177244381,38.57551913781913,true,50.22140384621627,recovered_period_selected
primary,S003413,C086_QPP_N120_P050_A0_Q020,STATIONARY_QPP_PRESENT,12,0,3,VALID,7.994997117991602,14.504079931987576,false,50.52231981156988,formal_m1_center_not_selected
primary,S003414,C086_QPP_N120_P050_A0_Q020,STATIONARY_QPP_PRESENT,13,0,3,VALID,7.66190328495486,13.19635888153607,false,52.54669418336742,formal_m1_center_not_selected
primary,S003415,C086_QPP_N120_P050_A0_Q020,STATIONARY_QPP_PRESENT,14,0,3,VALID,-6.32188531142242,0.5698795226037419,false,50.52331961679886,formal_m1_center_not_selected
primary,S003416,C086_QPP_N120_P050_A0_Q020,STATIONARY_QPP_PRESENT,15,0,3,VALID,-3.3629517994519347,3.930332916585371,false,51.01886772423995,formal_m1_center_not_selected
primary,S003417,C086_QPP_N120_P050_A0_Q020,STATIONARY_QPP_PRESENT,16,0,3,VALID,-1.7390439573927097,4.931398993515927,false,49.63852936377692,formal_m1_center_not_selected
primary,S003418,C086_QPP_N120_P050_A0_Q020,STATIONARY_QPP_PRESENT,17,0,3,VALID,1.7838626478597917,9.006720739727598,false,50.89506497694969,formal_m1_center_not_selected
primary,S003419,C086_QPP_N120_P050_A0_Q020,STATIONARY_QPP_PRESENT,18,0,3,VALID,5.6556585154093,13.032004794416366,false,49.260161111409595,formal_m1_center_not_selected
primary,S003420,C086_QPP_N120_P050_A0_Q020,STATIONARY_QPP_PRESENT,19,0,3,VALID,-0.05554964007160379,4.957728140702784,false,49.549073308729255,formal_m1_center_not_selected
primary,S003421,C086_QPP_N120_P050_A0_Q020,STATIONARY_QPP_PRESENT,20,0,3,VALID,12.351604169803409,17.700740421628325,true,52.386412572073425,recovered_period_selected
primary,S003422,C086_QPP_N120_P050_A0_Q020,STATIONARY_QPP_PRESENT,21,0,3,VALID,4.0226656769636975,7.744552440811503,false,46.89142168662296,formal_m1_center_not_selected
primary,S003423,C086_QPP_N120_P050_A0_Q020,STATIONARY_QPP_PRESENT,22,0,3,VALID,0.7132561175224055,7.935423754567978,false,50.497162172074795,formal_m1_center_not_selected
primary,S003424,C086_QPP_N120_P050_A0_Q020,STATIONARY_QPP_PRESENT,23,0,3,VALID,19.438730700230735,25.90820397816492,true,50.39884704086429,recovered_period_selected
primary,S003425,C086_QPP_N120_P050_A0_Q020,STATIONARY_QPP_PRESENT,24,0,3,VALID,4.869864919287124,10.643912513989108,false,51.43659255465529,formal_m1_center_not_selected
primary,S003426,C086_QPP_N120_P050_A0_Q020,STATIONARY_QPP_PRESENT,25,0,3,VALID,0.021837925110389733,5.085330165336472,false,50.654082328705066,formal_m1_center_not_selected
primary,S003427,C086_QPP_N120_P050_A0_Q020,STATIONARY_QPP_PRESENT,26,0,3,VALID,-0.8714222662636075,6.827950144514034,false,50.24899052145224,formal_m1_center_not_selected
primary,S003428,C086_QPP_N120_P050_A0_Q020,STATIONARY_QPP_PRESENT,27,0,3,VALID,2.3243295477010406,9.57695747468722,false,51.213030876950995,formal_m1_center_not_selected
primary,S003429,C086_QPP_N120_P050_A0_Q020,STATIONARY_QPP_PRESENT,28,0,3,VALID,2.3569366615085983,9.141090659308816,false,49.8157839657273,formal_m1_center_not_selected
primary,S003430,C086_QPP_N120_P050_A0_Q020,STATIONARY_QPP_PRESENT,29,0,3,VALID,0.9582730501176684,6.491335911886267,false,49.71013218137934,formal_m1_center_not_selected
primary,S003431,C086_QPP_N120_P050_A0_Q020,STATIONARY_QPP_PRESENT,30,0,3,VALID,-4.845217826311341,2.287783560858884,false,46.9161924224017,formal_m1_center_not_selected
primary,S003432,C086_QPP_N120_P050_A0_Q020,STATIONARY_QPP_PRESENT,31,0,3,VALID,-1.621055112321642,5.465902733998064,false,48.9634395957901,formal_m1_center_not_selected
primary,S003433,C086_QPP_N120_P050_A0_Q020,STATIONARY_QPP_PRESENT,32,0,3,VALID,-3.0706688161735656,2.999760556208912,false,58.42394153000312,formal_m1_center_not_selected
primary,S003434,C086_QPP_N120_P050_A0_Q020,STATIONARY_QPP_PRESENT,33,0,3,VALID,9.47739910514133,15.083704289163734,false,49.4421765194172,formal_m1_center_not_selected
primary,S003435,C086_QPP_N120_P050_A0_Q020,STATIONARY_QPP_PRESENT,34,0,3,VALID,8.05695068183195,13.782368142318774,false,50.24403062422012,formal_m1_center_not_selected
primary,S003436,C086_QPP_N120_P050_A0_Q020,STATIONARY_QPP_PRESENT,35,0,3,VALID,7.211316956800715,13.535084751925751,false,49.94599183674432,formal_m1_center_not_selected
primary,S003437,C086_QPP_N120_P050_A0_Q020,STATIONARY_QPP_PRESENT,36,0,3,VALID,-0.9080283156516771,5.494135498741116,false,49.66213533366191,formal_m1_center_not_selected
primary,S003438,C086_QPP_N120_P050_A0_Q020,STATIONARY_QPP_PRESENT,37,0,3,VALID,0.35101239625805647,4.405385264104666,false,54.32126831423813,formal_m1_center_not_selected
primary,S003439,C086_QPP_N120_P050_A0_Q020,STATIONARY_QPP_PRESENT,38,0,3,VALID,8.55924455479942,14.782137707594643,false,49.92439479696923,formal_m1_center_not_selected
primary,S003440,C086_QPP_N120_P050_A0_Q020,STATIONARY_QPP_PRESENT,39,0,3,VALID,-0.006208452181226676,7.0388408765319355,false,49.19544428535477,formal_m1_center_not_selected
primary,S003441,C087_QPP_N120_P050_A0_Q040,STATIONARY_QPP_PRESENT,0,0,3,VALID,28.947380093174957,33.32100718176048,true,50.06055571446197,recovered_period_selected
primary,S003442,C087_QPP_N120_P050_A0_Q040,STATIONARY_QPP_PRESENT,1,0,3,VALID,22.706058184779067,26.429937978126645,true,50.43529257925819,recovered_period_selected
primary,S003443,C087_QPP_N120_P050_A0_Q040,STATIONARY_QPP_PRESENT,2,0,3,VALID,18.877484665976112,23.99190031875878,true,50.55095674206388,recovered_period_selected
primary,S003444,C087_QPP_N120_P050_A0_Q040,STATIONARY_QPP_PRESENT,3,0,3,VALID,37.95570807296451,43.43229936687521,true,50.662840013800405,recovered_period_selected
primary,S003445,C087_QPP_N120_P050_A0_Q040,STATIONARY_QPP_PRESENT,4,0,3,VALID,48.106336881638754,51.882320785496404,true,50.12282624303967,recovered_period_selected
primary,S003446,C087_QPP_N120_P050_A0_Q040,STATIONARY_QPP_PRESENT,5,0,3,VALID,36.61298492613048,42.08608679057056,true,50.24909006216541,recovered_period_selected
primary,S003447,C087_QPP_N120_P050_A0_Q040,STATIONARY_QPP_PRESENT,6,0,3,VALID,49.18398653314773,53.292222950632436,true,51.21975977355774,recovered_period_selected
primary,S003448,C087_QPP_N120_P050_A0_Q040,STATIONARY_QPP_PRESENT,7,0,3,VALID,31.494641629987996,35.16301262346633,true,50.56760132350314,recovered_period_selected
primary,S003449,C087_QPP_N120_P050_A0_Q040,STATIONARY_QPP_PRESENT,8,0,3,VALID,41.535477973024626,47.28657480687025,true,50.30043495091861,recovered_period_selected
primary,S003450,C087_QPP_N120_P050_A0_Q040,STATIONARY_QPP_PRESENT,9,0,3,VALID,50.341850710961694,55.614510436024375,true,50.34247979147904,recovered_period_selected
primary,S003451,C087_QPP_N120_P050_A0_Q040,STATIONARY_QPP_PRESENT,10,0,3,VALID,43.24872827281149,48.29029195952171,true,49.83358712378127,recovered_period_selected
primary,S003452,C087_QPP_N120_P050_A0_Q040,STATIONARY_QPP_PRESENT,11,0,3,VALID,71.23664687140035,76.23766769576707,true,50.21729801436909,recovered_period_selected
primary,S003453,C087_QPP_N120_P050_A0_Q040,STATIONARY_QPP_PRESENT,12,0,3,VALID,45.5828432341508,50.162559775995874,true,50.38170560641204,recovered_period_selected
primary,S003454,C087_QPP_N120_P050_A0_Q040,STATIONARY_QPP_PRESENT,13,0,3,VALID,45.40156937960171,49.34662477869847,true,50.27562278056044,recovered_period_selected
primary,S003455,C087_QPP_N120_P050_A0_Q040,STATIONARY_QPP_PRESENT,14,0,3,VALID,29.092952536116286,35.12489549692134,true,50.865568071758766,recovered_period_selected
primary,S003456,C087_QPP_N120_P050_A0_Q040,STATIONARY_QPP_PRESENT,15,0,3,VALID,30.270014174451717,35.76639116542856,true,51.08325041778928,recovered_period_selected
primary,S003457,C087_QPP_N120_P050_A0_Q040,STATIONARY_QPP_PRESENT,16,0,3,VALID,38.23685614892929,43.28401962596092,true,49.8248285523853,recovered_period_selected
primary,S003458,C087_QPP_N120_P050_A0_Q040,STATIONARY_QPP_PRESENT,17,0,3,VALID,41.25024379810088,45.91368480804704,true,50.410818543184966,recovered_period_selected
primary,S003459,C087_QPP_N120_P050_A0_Q040,STATIONARY_QPP_PRESENT,18,0,3,VALID,38.11473769985082,43.31959773821188,true,49.68477672544102,recovered_period_selected
primary,S003460,C087_QPP_N120_P050_A0_Q040,STATIONARY_QPP_PRESENT,19,0,3,VALID,33.61908143624851,38.9743250527207,true,49.47766879128328,recovered_period_selected
primary,S003461,C087_QPP_N120_P050_A0_Q040,STATIONARY_QPP_PRESENT,20,0,3,VALID,52.22933597562121,57.41064507701026,true,52.01150425488107,recovered_period_selected
primary,S003462,C087_QPP_N120_P050_A0_Q040,STATIONARY_QPP_PRESENT,21,0,3,VALID,39.895978829311844,43.968278730258135,true,49.02989782778501,recovered_period_selected
primary,S003463,C087_QPP_N120_P050_A0_Q040,STATIONARY_QPP_PRESENT,22,0,3,VALID,33.03079860692378,38.47976329970618,true,50.23993392840878,recovered_period_selected
primary,S003464,C087_QPP_N120_P050_A0_Q040,STATIONARY_QPP_PRESENT,23,0,3,VALID,50.99654809078595,56.67054736967157,true,50.268287986273116,recovered_period_selected
primary,S003465,C087_QPP_N120_P050_A0_Q040,STATIONARY_QPP_PRESENT,24,0,3,VALID,42.062319561568074,48.552652750492825,true,50.791933661987336,recovered_period_selected
primary,S003466,C087_QPP_N120_P050_A0_Q040,STATIONARY_QPP_PRESENT,25,0,3,VALID,31.96576666430724,38.030693448940156,true,50.05447588066697,recovered_period_selected
primary,S003467,C087_QPP_N120_P050_A0_Q040,STATIONARY_QPP_PRESENT,26,0,3,VALID,33.46520191940908,39.59771995537085,true,50.266818233149394,recovered_period_selected
primary,S003468,C087_QPP_N120_P050_A0_Q040,STATIONARY_QPP_PRESENT,27,0,3,VALID,38.63133445727806,44.050268330267954,true,51.08703976438724,recovered_period_selected
primary,S003469,C087_QPP_N120_P050_A0_Q040,STATIONARY_QPP_PRESENT,28,0,3,VALID,34.55422914787107,39.873501421147125,true,49.95349956134155,recovered_period_selected
primary,S003470,C087_QPP_N120_P050_A0_Q040,STATIONARY_QPP_PRESENT,29,0,3,VALID,38.163916581360695,42.49751590170172,true,49.754284521502846,recovered_period_selected
primary,S003471,C087_QPP_N120_P050_A0_Q040,STATIONARY_QPP_PRESENT,30,0,3,VALID,23.24425504283056,28.634835589207114,true,49.50822027822192,recovered_period_selected
primary,S003472,C087_QPP_N120_P050_A0_Q040,STATIONARY_QPP_PRESENT,31,0,3,VALID,30.465428753209835,35.29183442841804,true,49.86493052709727,recovered_period_selected
primary,S003473,C087_QPP_N120_P050_A0_Q040,STATIONARY_QPP_PRESENT,32,0,3,VALID,21.239742299128352,24.690147133136975,true,50.33978777241096,recovered_period_selected
primary,S003474,C087_QPP_N120_P050_A0_Q040,STATIONARY_QPP_PRESENT,33,0,3,VALID,51.961589302007496,56.22730611184363,true,50.40567019642287,recovered_period_selected
primary,S003475,C087_QPP_N120_P050_A0_Q040,STATIONARY_QPP_PRESENT,34,0,3,VALID,45.49471479710007,50.29855730247323,true,50.257913687472666,recovered_period_selected
primary,S003476,C087_QPP_N120_P050_A0_Q040,STATIONARY_QPP_PRESENT,35,0,3,VALID,42.2251909887359,47.633910209089436,true,49.88880871551337,recovered_period_selected
primary,S003477,C087_QPP_N120_P050_A0_Q040,STATIONARY_QPP_PRESENT,36,0,3,VALID,33.14252219323771,39.67923961708868,true,49.82344647186252,recovered_period_selected
primary,S003478,C087_QPP_N120_P050_A0_Q040,STATIONARY_QPP_PRESENT,37,0,3,VALID,33.1700506375073,36.83895379059163,true,50.29745197367104,recovered_period_selected
primary,S003479,C087_QPP_N120_P050_A0_Q040,STATIONARY_QPP_PRESENT,38,0,3,VALID,41.665358479297765,47.61574783645892,true,49.96960332221402,recovered_period_selected
primary,S003480,C087_QPP_N120_P050_A0_Q040,STATIONARY_QPP_PRESENT,39,0,3,VALID,34.673765407532755,39.86136289050057,true,49.54605855237432,recovered_period_selected
primary,S003481,C088_QPP_N120_P050_A1_Q010,STATIONARY_QPP_PRESENT,0,0,3,VALID,9.448541670484587,13.433111333947295,false,51.527502562850366,formal_m1_center_not_selected
primary,S003482,C088_QPP_N120_P050_A1_Q010,STATIONARY_QPP_PRESENT,1,0,3,VALID,-1.2686431389480504,5.255547262403411,false,50.26340301102787,formal_m1_center_not_selected
primary,S003483,C088_QPP_N120_P050_A1_Q010,STATIONARY_QPP_PRESENT,2,0,3,VALID,-2.4306140170147046,4.587516707544864,false,50.57043465682746,formal_m1_center_not_selected
primary,S003484,C088_QPP_N120_P050_A1_Q010,STATIONARY_QPP_PRESENT,3,0,3,VALID,-6.443058824674381,1.1875184505919378,false,49.310841951950174,formal_m1_center_not_selected
primary,S003485,C088_QPP_N120_P050_A1_Q010,STATIONARY_QPP_PRESENT,4,0,3,VALID,1.5291123652424403,8.743366841557304,false,50.37988190418018,formal_m1_center_not_selected
primary,S003486,C088_QPP_N120_P050_A1_Q010,STATIONARY_QPP_PRESENT,5,0,3,VALID,14.89081412267808,20.756350933167823,true,50.821332259141734,recovered_period_selected
primary,S003487,C088_QPP_N120_P050_A1_Q010,STATIONARY_QPP_PRESENT,6,0,3,VALID,-0.04577529186542506,7.068951184165485,false,50.66714269451972,formal_m1_center_not_selected
primary,S003488,C088_QPP_N120_P050_A1_Q010,STATIONARY_QPP_PRESENT,7,0,3,VALID,1.8635843219477692,8.909991222711142,false,50.61070922448329,formal_m1_center_not_selected
primary,S003489,C088_QPP_N120_P050_A1_Q010,STATIONARY_QPP_PRESENT,8,0,3,VALID,-5.001248635525258,1.990610461549295,false,49.06899358041479,formal_m1_center_not_selected
primary,S003490,C088_QPP_N120_P050_A1_Q010,STATIONARY_QPP_PRESENT,9,0,3,VALID,-5.5996319232666565,0.8126993352068439,false,52.57525832343157,formal_m1_center_not_selected
primary,S003491,C088_QPP_N120_P050_A1_Q010,STATIONARY_QPP_PRESENT,10,0,3,VALID,-0.32485416701626946,7.336729441229977,false,49.07212565625666,formal_m1_center_not_selected
primary,S003492,C088_QPP_N120_P050_A1_Q010,STATIONARY_QPP_PRESENT,11,0,3,VALID,6.7058502369521875,12.253458834863409,false,50.30760906941971,formal_m1_center_not_selected
primary,S003493,C088_QPP_N120_P050_A1_Q010,STATIONARY_QPP_PRESENT,12,0,3,VALID,-5.438280259166845,0.8653837750672437,false,50.178724835750025,formal_m1_center_not_selected
primary,S003494,C088_QPP_N120_P050_A1_Q010,STATIONARY_QPP_PRESENT,13,0,3,VALID,4.750464330467821,11.712112437322503,false,56.754859710093825,formal_m1_center_not_selected
primary,S003495,C088_QPP_N120_P050_A1_Q010,STATIONARY_QPP_PRESENT,14,0,3,VALID,3.84129824383956,11.397642164397553,false,50.35729750278194,formal_m1_center_not_selected
primary,S003496,C088_QPP_N120_P050_A1_Q010,STATIONARY_QPP_PRESENT,15,0,3,VALID,2.078351488140129,8.887530428795344,false,51.36181305833153,formal_m1_center_not_selected
primary,S003497,C088_QPP_N120_P050_A1_Q010,STATIONARY_QPP_PRESENT,16,0,3,VALID,-6.040889902074696,-0.30180199846529376,false,60.5589646707394,formal_m1_center_not_selected
primary,S003498,C088_QPP_N120_P050_A1_Q010,STATIONARY_QPP_PRESENT,17,0,3,VALID,-10.445828677872555,-3.4168481514716404,false,74.78321829614622,formal_m1_center_not_selected
primary,S003499,C088_QPP_N120_P050_A1_Q010,STATIONARY_QPP_PRESENT,18,0,3,VALID,-2.455625598722463,4.930207454051924,false,50.66880904074145,formal_m1_center_not_selected
primary,S003500,C088_QPP_N120_P050_A1_Q010,STATIONARY_QPP_PRESENT,19,0,3,VALID,-3.176256060273431,3.5452442224761853,false,52.10645859581266,formal_m1_center_not_selected
primary,S003501,C088_QPP_N120_P050_A1_Q010,STATIONARY_QPP_PRESENT,20,0,3,VALID,-0.15025006453481637,3.8582815764171983,false,49.49763731771827,formal_m1_center_not_selected
primary,S003502,C088_QPP_N120_P050_A1_Q010,STATIONARY_QPP_PRESENT,21,0,3,VALID,8.338431537842439,14.286192899931848,false,50.5309068294836,formal_m1_center_not_selected
primary,S003503,C088_QPP_N120_P050_A1_Q010,STATIONARY_QPP_PRESENT,22,0,3,VALID,-6.763464115588931,0.22047984887785788,false,52.5599873380526,formal_m1_center_not_selected
primary,S003504,C088_QPP_N120_P050_A1_Q010,STATIONARY_QPP_PRESENT,23,0,3,VALID,6.029717212438186,9.645173029272314,false,46.920518538249965,formal_m1_center_not_selected
primary,S003505,C088_QPP_N120_P050_A1_Q010,STATIONARY_QPP_PRESENT,24,0,3,VALID,-3.9273091545010175,3.2333930037801792,false,50.06679150260112,formal_m1_center_not_selected
primary,S003506,C088_QPP_N120_P050_A1_Q010,STATIONARY_QPP_PRESENT,25,0,3,VALID,-1.617238893874628,3.9885267489302123,false,52.419172501000965,formal_m1_center_not_selected
primary,S003507,C088_QPP_N120_P050_A1_Q010,STATIONARY_QPP_PRESENT,26,0,3,VALID,6.764580291284574,12.858368817034716,false,48.60170215699614,formal_m1_center_not_selected
primary,S003508,C088_QPP_N120_P050_A1_Q010,STATIONARY_QPP_PRESENT,27,0,3,VALID,-10.029436991811849,-2.0492919355632466,false,49.226404651976665,formal_m1_center_not_selected
primary,S003509,C088_QPP_N120_P050_A1_Q010,STATIONARY_QPP_PRESENT,28,0,3,VALID,-0.06562245813370282,7.237003761007827,false,50.77867630204373,formal_m1_center_not_selected
primary,S003510,C088_QPP_N120_P050_A1_Q010,STATIONARY_QPP_PRESENT,29,0,3,VALID,0.8190441592225852,7.985870786044188,false,49.98905934790195,formal_m1_center_not_selected
primary,S003511,C088_QPP_N120_P050_A1_Q010,STATIONARY_QPP_PRESENT,30,0,3,VALID,-3.4174904918455695,3.858663566011842,false,48.58297114361968,formal_m1_center_not_selected
primary,S003512,C088_QPP_N120_P050_A1_Q010,STATIONARY_QPP_PRESENT,31,0,3,VALID,-9.834775551166558,-2.239246669465956,false,55.47463681226463,formal_m1_center_not_selected
primary,S003513,C088_QPP_N120_P050_A1_Q010,STATIONARY_QPP_PRESENT,32,0,3,VALID,2.7437058691373295,9.838571957936665,false,51.67062324127383,formal_m1_center_not_selected
primary,S003514,C088_QPP_N120_P050_A1_Q010,STATIONARY_QPP_PRESENT,33,0,3,VALID,-0.3549851554290626,6.553633603517369,false,48.689152839761256,formal_m1_center_not_selected
primary,S003515,C088_QPP_N120_P050_A1_Q010,STATIONARY_QPP_PRESENT,34,0,3,VALID,3.5857485649693217,9.263711090459651,false,50.58749655911254,formal_m1_center_not_selected
primary,S003516,C088_QPP_N120_P050_A1_Q010,STATIONARY_QPP_PRESENT,35,0,3,VALID,-7.227929657274103,-0.20067153064087506,false,48.20497635681711,formal_m1_center_not_selected
primary,S003517,C088_QPP_N120_P050_A1_Q010,STATIONARY_QPP_PRESENT,36,0,3,VALID,-10.380163340241893,-2.3375283874628394,false,71.66499418690113,formal_m1_center_not_selected
primary,S003518,C088_QPP_N120_P050_A1_Q010,STATIONARY_QPP_PRESENT,37,0,3,VALID,-6.2247727851677155,0.32685655057343865,false,50.06388443872622,formal_m1_center_not_selected
primary,S003519,C088_QPP_N120_P050_A1_Q010,STATIONARY_QPP_PRESENT,38,0,3,VALID,0.5242476093698087,8.240034371601155,false,49.383613480170546,formal_m1_center_not_selected
primary,S003520,C088_QPP_N120_P050_A1_Q010,STATIONARY_QPP_PRESENT,39,0,3,VALID,-4.360038292040713,2.1152975879978158,false,51.07655112287442,formal_m1_center_not_selected
primary,S003521,C089_QPP_N120_P050_A1_Q020,STATIONARY_QPP_PRESENT,0,0,3,VALID,40.47859986220726,42.50083990781275,true,51.29104416154519,recovered_period_selected
primary,S003522,C089_QPP_N120_P050_A1_Q020,STATIONARY_QPP_PRESENT,1,0,3,VALID,22.31291766462948,27.671945082627985,true,50.20504759023403,recovered_period_selected
primary,S003523,C089_QPP_N120_P050_A1_Q020,STATIONARY_QPP_PRESENT,2,0,3,VALID,20.08846677071847,25.231779787330424,true,50.224827044411775,recovered_period_selected
primary,S003524,C089_QPP_N120_P050_A1_Q020,STATIONARY_QPP_PRESENT,3,0,3,VALID,13.897029027570966,20.3303299843343,true,49.730898155516265,recovered_period_selected
primary,S003525,C089_QPP_N120_P050_A1_Q020,STATIONARY_QPP_PRESENT,4,0,3,VALID,25.70411626312216,31.16530324961127,true,50.59607426463369,recovered_period_selected
primary,S003526,C089_QPP_N120_P050_A1_Q020,STATIONARY_QPP_PRESENT,5,0,3,VALID,42.11055045620003,45.92327280025256,true,50.79747038110427,recovered_period_selected
primary,S003527,C089_QPP_N120_P050_A1_Q020,STATIONARY_QPP_PRESENT,6,0,3,VALID,23.913896160497757,29.379379248893656,true,50.28921519315141,recovered_period_selected
primary,S003528,C089_QPP_N120_P050_A1_Q020,STATIONARY_QPP_PRESENT,7,0,3,VALID,28.617009704312977,34.06055866874374,true,50.71166920562509,recovered_period_selected
primary,S003529,C089_QPP_N120_P050_A1_Q020,STATIONARY_QPP_PRESENT,8,0,3,VALID,18.557869405159863,23.582574775349144,true,49.495185101145,recovered_period_selected
primary,S003530,C089_QPP_N120_P050_A1_Q020,STATIONARY_QPP_PRESENT,9,0,3,VALID,14.733595929203375,20.616863073146305,true,51.32478905510906,recovered_period_selected
primary,S003531,C089_QPP_N120_P050_A1_Q020,STATIONARY_QPP_PRESENT,10,0,3,VALID,22.6477128837887,28.948152282796627,true,49.578707931764924,recovered_period_selected
primary,S003532,C089_QPP_N120_P050_A1_Q020,STATIONARY_QPP_PRESENT,11,0,3,VALID,35.35147439038724,39.815181009455955,true,50.378237578414435,recovered_period_selected
primary,S003533,C089_QPP_N120_P050_A1_Q020,STATIONARY_QPP_PRESENT,12,0,3,VALID,14.355781651588018,19.055674940797644,true,50.13746236871602,recovered_period_selected
primary,S003534,C089_QPP_N120_P050_A1_Q020,STATIONARY_QPP_PRESENT,13,0,3,VALID,20.90835496215766,26.61030723745796,true,50.48895189661819,recovered_period_selected
primary,S003535,C089_QPP_N120_P050_A1_Q020,STATIONARY_QPP_PRESENT,14,0,3,VALID,31.046923249945507,37.283744967413554,true,50.72592539285416,recovered_period_selected
primary,S003536,C089_QPP_N120_P050_A1_Q020,STATIONARY_QPP_PRESENT,15,0,3,VALID,31.259107430932545,37.517637980035715,true,50.91090930174488,recovered_period_selected
primary,S003537,C089_QPP_N120_P050_A1_Q020,STATIONARY_QPP_PRESENT,16,0,3,VALID,1.3048654322726634,8.615911560206882,false,53.518931525172405,formal_m1_center_not_selected
primary,S003538,C089_QPP_N120_P050_A1_Q020,STATIONARY_QPP_PRESENT,17,0,3,VALID,12.162715005398695,18.46968875342077,true,50.312413921654866,recovered_period_selected
primary,S003539,C089_QPP_N120_P050_A1_Q020,STATIONARY_QPP_PRESENT,18,0,3,VALID,19.747237888908103,26.303224172018417,true,50.72048493276498,recovered_period_selected
primary,S003540,C089_QPP_N120_P050_A1_Q020,STATIONARY_QPP_PRESENT,19,0,3,VALID,24.203916597340594,29.611273582032027,true,50.179567745072156,recovered_period_selected
primary,S003541,C089_QPP_N120_P050_A1_Q020,STATIONARY_QPP_PRESENT,20,0,3,VALID,32.01316174038163,36.42290079678685,true,50.10277269361215,recovered_period_selected
primary,S003542,C089_QPP_N120_P050_A1_Q020,STATIONARY_QPP_PRESENT,21,0,3,VALID,37.699692633277664,42.80932115316921,true,50.671683963658204,recovered_period_selected
primary,S003543,C089_QPP_N120_P050_A1_Q020,STATIONARY_QPP_PRESENT,22,0,3,VALID,10.147440993749228,16.266741028184583,true,51.518122436297425,recovered_period_selected
primary,S003544,C089_QPP_N120_P050_A1_Q020,STATIONARY_QPP_PRESENT,23,0,3,VALID,33.461596183080815,37.94126967959414,true,48.9231886165479,recovered_period_selected
primary,S003545,C089_QPP_N120_P050_A1_Q020,STATIONARY_QPP_PRESENT,24,0,3,VALID,21.54220302113208,27.753855234652292,true,50.15585996491388,recovered_period_selected
primary,S003546,C089_QPP_N120_P050_A1_Q020,STATIONARY_QPP_PRESENT,25,0,3,VALID,25.439473654261633,29.902521873687988,true,51.46254000562268,recovered_period_selected
primary,S003547,C089_QPP_N120_P050_A1_Q020,STATIONARY_QPP_PRESENT,26,0,3,VALID,31.630642256153692,36.664507504141966,true,49.2070272321773,recovered_period_selected
primary,S003548,C089_QPP_N120_P050_A1_Q020,STATIONARY_QPP_PRESENT,27,0,3,VALID,9.432260920859903,15.770836765122453,false,49.879194048197206,formal_m1_center_not_selected
primary,S003549,C089_QPP_N120_P050_A1_Q020,STATIONARY_QPP_PRESENT,28,0,3,VALID,27.31882223451737,33.419131019625866,true,51.090913718638085,recovered_period_selected
primary,S003550,C089_QPP_N120_P050_A1_Q020,STATIONARY_QPP_PRESENT,29,0,3,VALID,27.29523287296263,33.364787462697564,true,49.77688765571464,recovered_period_selected
primary,S003551,C089_QPP_N120_P050_A1_Q020,STATIONARY_QPP_PRESENT,30,0,3,VALID,22.253168104876522,28.83649083130865,true,49.53225673226539,recovered_period_selected
primary,S003552,C089_QPP_N120_P050_A1_Q020,STATIONARY_QPP_PRESENT,31,0,3,VALID,2.4685483410793267,8.886521802276775,false,52.60132006929437,formal_m1_center_not_selected
primary,S003553,C089_QPP_N120_P050_A1_Q020,STATIONARY_QPP_PRESENT,32,0,3,VALID,27.31467905945931,32.735462420995646,true,51.33079409813192,recovered_period_selected
primary,S003554,C089_QPP_N120_P050_A1_Q020,STATIONARY_QPP_PRESENT,33,0,3,VALID,33.56653452495141,38.6966340762217,true,49.725853347028085,recovered_period_selected
primary,S003555,C089_QPP_N120_P050_A1_Q020,STATIONARY_QPP_PRESENT,34,0,3,VALID,29.186886964207588,34.45173505318155,true,50.17415334529411,recovered_period_selected
primary,S003556,C089_QPP_N120_P050_A1_Q020,STATIONARY_QPP_PRESENT,35,0,3,VALID,12.178015495667978,16.534621934607685,true,49.069962933986666,recovered_period_selected
primary,S003557,C089_QPP_N120_P050_A1_Q020,STATIONARY_QPP_PRESENT,36,0,3,VALID,3.7093801804276154,9.914192118365463,false,50.38632102688643,formal_m1_center_not_selected
primary,S003558,C089_QPP_N120_P050_A1_Q020,STATIONARY_QPP_PRESENT,37,0,3,VALID,15.77482345932151,20.32782196458436,true,50.51313811413572,recovered_period_selected
primary,S003559,C089_QPP_N120_P050_A1_Q020,STATIONARY_QPP_PRESENT,38,0,3,VALID,22.981903706383605,28.91021912820304,true,49.68995420853789,recovered_period_selected
primary,S003560,C089_QPP_N120_P050_A1_Q020,STATIONARY_QPP_PRESENT,39,0,3,VALID,20.483239746072854,23.487799075200996,true,50.80865004756716,recovered_period_selected
primary,S003561,C090_QPP_N120_P050_A1_Q040,STATIONARY_QPP_PRESENT,0,0,3,VALID,89.66289573685447,94.3917305864436,true,51.078048834574474,recovered_period_selected
primary,S003562,C090_QPP_N120_P050_A1_Q040,STATIONARY_QPP_PRESENT,1,0,3,VALID,65.57539343365397,70.5435410326404,true,50.302807642756854,recovered_period_selected
primary,S003563,C090_QPP_N120_P050_A1_Q040,STATIONARY_QPP_PRESENT,2,0,3,VALID,65.98084572331709,69.89286122535441,true,49.824616916938986,recovered_period_selected
primary,S003564,C090_QPP_N120_P050_A1_Q040,STATIONARY_QPP_PRESENT,3,0,3,VALID,57.098456331347734,62.35557806403392,true,49.94974423139992,recovered_period_selected
primary,S003565,C090_QPP_N120_P050_A1_Q040,STATIONARY_QPP_PRESENT,4,0,3,VALID,70.0821749300469,74.29030976599597,true,50.66895979892245,recovered_period_selected
primary,S003566,C090_QPP_N120_P050_A1_Q040,STATIONARY_QPP_PRESENT,5,0,3,VALID,87.33655986356587,90.62350886506931,true,50.68616288864977,recovered_period_selected
primary,S003567,C090_QPP_N120_P050_A1_Q040,STATIONARY_QPP_PRESENT,6,0,3,VALID,69.02852797986861,73.15304469977355,true,49.950135601007496,recovered_period_selected
primary,S003568,C090_QPP_N120_P050_A1_Q040,STATIONARY_QPP_PRESENT,7,0,3,VALID,76.24145652020809,80.03312577652287,true,50.839740634758506,recovered_period_selected
primary,S003569,C090_QPP_N120_P050_A1_Q040,STATIONARY_QPP_PRESENT,8,0,3,VALID,66.90611734552215,71.71348724784207,true,49.79817592591775,recovered_period_selected
primary,S003570,C090_QPP_N120_P050_A1_Q040,STATIONARY_QPP_PRESENT,9,0,3,VALID,62.04372835712081,66.7226717879613,true,50.633452280199826,recovered_period_selected
primary,S003571,C090_QPP_N120_P050_A1_Q040,STATIONARY_QPP_PRESENT,10,0,3,VALID,68.29003527566476,72.99519713318625,true,50.09791234578987,recovered_period_selected
primary,S003572,C090_QPP_N120_P050_A1_Q040,STATIONARY_QPP_PRESENT,11,0,3,VALID,81.88197506155996,86.20945658420908,true,50.330905387649594,recovered_period_selected
primary,S003573,C090_QPP_N120_P050_A1_Q040,STATIONARY_QPP_PRESENT,12,0,3,VALID,56.844131794700274,60.356424319560915,true,49.99022738892831,recovered_period_selected
primary,S003574,C090_QPP_N120_P050_A1_Q040,STATIONARY_QPP_PRESENT,13,0,3,VALID,57.8766025275246,62.905222258245544,true,50.5087783086345,recovered_period_selected
primary,S003575,C090_QPP_N120_P050_A1_Q040,STATIONARY_QPP_PRESENT,14,0,3,VALID,80.66747447016917,85.54781991500158,true,50.78316832973683,recovered_period_selected
primary,S003576,C090_QPP_N120_P050_A1_Q040,STATIONARY_QPP_PRESENT,15,0,3,VALID,84.85297422994347,89.54981490992566,true,50.870593740868124,recovered_period_selected
primary,S003577,C090_QPP_N120_P050_A1_Q040,STATIONARY_QPP_PRESENT,16,0,3,VALID,45.22307833441721,49.34306265887608,true,51.154987181274024,recovered_period_selected
primary,S003578,C090_QPP_N120_P050_A1_Q040,STATIONARY_QPP_PRESENT,17,0,3,VALID,65.3003609778558,69.42441762404849,true,50.29586775900815,recovered_period_selected
primary,S003579,C090_QPP_N120_P050_A1_Q040,STATIONARY_QPP_PRESENT,18,0,3,VALID,61.78408825213717,66.40515745027608,true,50.75040000480328,recovered_period_selected
primary,S003580,C090_QPP_N120_P050_A1_Q040,STATIONARY_QPP_PRESENT,19,0,3,VALID,77.00253653699451,80.6883565258006,true,50.19342764021342,recovered_period_selected
primary,S003581,C090_QPP_N120_P050_A1_Q040,STATIONARY_QPP_PRESENT,20,0,3,VALID,90.05926847092053,94.84708525035194,true,50.37912922392169,recovered_period_selected
primary,S003582,C090_QPP_N120_P050_A1_Q040,STATIONARY_QPP_PRESENT,21,0,3,VALID,86.1467110704109,90.92727435728591,true,50.71906835271226,recovered_period_selected
primary,S003583,C090_QPP_N120_P050_A1_Q040,STATIONARY_QPP_PRESENT,22,0,3,VALID,50.38582871416895,54.75909960045317,true,50.901349753565974,recovered_period_selected
primary,S003584,C090_QPP_N120_P050_A1_Q040,STATIONARY_QPP_PRESENT,23,0,3,VALID,83.75070404344854,87.6651382309069,true,49.28300197211937,recovered_period_selected
primary,S003585,C090_QPP_N120_P050_A1_Q040,STATIONARY_QPP_PRESENT,24,0,3,VALID,72.63062920980849,77.10415962443483,true,50.14691468127723,recovered_period_selected
primary,S003586,C090_QPP_N120_P050_A1_Q040,STATIONARY_QPP_PRESENT,25,0,3,VALID,77.25627436654736,81.53357302614938,true,50.877729774794396,recovered_period_selected
primary,S003587,C090_QPP_N120_P050_A1_Q040,STATIONARY_QPP_PRESENT,26,0,3,VALID,76.18063393879811,80.44584096296865,true,49.62049407030959,recovered_period_selected
primary,S003588,C090_QPP_N120_P050_A1_Q040,STATIONARY_QPP_PRESENT,27,0,3,VALID,57.46345306934086,63.50878457499539,true,49.2782169784124,recovered_period_selected
primary,S003589,C090_QPP_N120_P050_A1_Q040,STATIONARY_QPP_PRESENT,28,0,3,VALID,78.47913692360919,84.21511027932092,true,51.26631874327549,recovered_period_selected
primary,S003590,C090_QPP_N120_P050_A1_Q040,STATIONARY_QPP_PRESENT,29,0,3,VALID,76.23579916871483,80.60269927142622,true,49.735411170049574,recovered_period_selected
primary,S003591,C090_QPP_N120_P050_A1_Q040,STATIONARY_QPP_PRESENT,30,0,3,VALID,73.377774531706,78.72236471821998,true,50.07446271085141,recovered_period_selected
primary,S003592,C090_QPP_N120_P050_A1_Q040,STATIONARY_QPP_PRESENT,31,0,3,VALID,46.01984164183989,50.4991313664666,true,51.76826979552457,recovered_period_selected
primary,S003593,C090_QPP_N120_P050_A1_Q040,STATIONARY_QPP_PRESENT,32,0,3,VALID,71.10388186175669,75.60681159644014,true,51.09269274735365,recovered_period_selected
primary,S003594,C090_QPP_N120_P050_A1_Q040,STATIONARY_QPP_PRESENT,33,0,3,VALID,92.28409310473398,96.22720296715488,true,50.12406362422182,recovered_period_selected
primary,S003595,C090_QPP_N120_P050_A1_Q040,STATIONARY_QPP_PRESENT,34,0,3,VALID,75.27874469148685,79.93637398933049,true,50.15901146057564,recovered_period_selected
primary,S003596,C090_QPP_N120_P050_A1_Q040,STATIONARY_QPP_PRESENT,35,0,3,VALID,58.098020251307844,61.62442893976038,true,49.66535093380822,recovered_period_selected
primary,S003597,C090_QPP_N120_P050_A1_Q040,STATIONARY_QPP_PRESENT,36,0,3,VALID,45.25789516645,51.23105604483442,true,50.53764602667283,recovered_period_selected
primary,S003598,C090_QPP_N120_P050_A1_Q040,STATIONARY_QPP_PRESENT,37,0,3,VALID,62.71185112096771,65.4370275540931,true,50.638020860704934,recovered_period_selected
primary,S003599,C090_QPP_N120_P050_A1_Q040,STATIONARY_QPP_PRESENT,38,0,3,VALID,64.80942754512682,68.76270843135012,true,50.00279647238334,recovered_period_selected
primary,S003600,C090_QPP_N120_P050_A1_Q040,STATIONARY_QPP_PRESENT,39,0,3,VALID,71.6772735076704,75.62913076826851,true,50.89173931271346,recovered_period_selected
primary,S003601,C091_QPP_N120_P050_A2_Q010,STATIONARY_QPP_PRESENT,0,0,3,VALID,6.745732437497281,12.80820889881511,false,48.975898991450705,formal_m1_center_not_selected
primary,S003602,C091_QPP_N120_P050_A2_Q010,STATIONARY_QPP_PRESENT,1,0,3,VALID,13.17400371718611,18.921941969853037,true,49.1842234295911,recovered_period_selected
primary,S003603,C091_QPP_N120_P050_A2_Q010,STATIONARY_QPP_PRESENT,2,0,3,VALID,8.586001929420377,14.543907474360594,false,49.49176049162291,formal_m1_center_not_selected
primary,S003604,C091_QPP_N120_P050_A2_Q010,STATIONARY_QPP_PRESENT,3,0,3,VALID,7.129712532466101,14.0643081808214,false,51.103692433208806,formal_m1_center_not_selected
primary,S003605,C091_QPP_N120_P050_A2_Q010,STATIONARY_QPP_PRESENT,4,0,3,VALID,15.829143806145112,20.69485406504873,true,49.73504811575243,recovered_period_selected
primary,S003606,C091_QPP_N120_P050_A2_Q010,STATIONARY_QPP_PRESENT,5,0,3,VALID,15.406677652845701,21.076644323105256,true,50.94175410455804,recovered_period_selected
primary,S003607,C091_QPP_N120_P050_A2_Q010,STATIONARY_QPP_PRESENT,6,0,3,VALID,12.808628814571875,17.966443511315333,true,49.91301868366039,recovered_period_selected
primary,S003608,C091_QPP_N120_P050_A2_Q010,STATIONARY_QPP_PRESENT,7,0,3,VALID,11.596250436785908,17.830817216307196,true,51.36896593601805,recovered_period_selected
primary,S003609,C091_QPP_N120_P050_A2_Q010,STATIONARY_QPP_PRESENT,8,0,3,VALID,3.534659406628066,10.324243066655413,false,51.49658766009639,formal_m1_center_not_selected
primary,S003610,C091_QPP_N120_P050_A2_Q010,STATIONARY_QPP_PRESENT,9,0,3,VALID,15.307883310564193,21.185079042222583,true,50.59925594044776,recovered_period_selected
primary,S003611,C091_QPP_N120_P050_A2_Q010,STATIONARY_QPP_PRESENT,10,0,3,VALID,14.766187324433986,19.511558832444052,true,49.36981714390414,recovered_period_selected
primary,S003612,C091_QPP_N120_P050_A2_Q010,STATIONARY_QPP_PRESENT,11,0,3,VALID,19.020151484922735,24.516407223928468,true,49.57927295549516,recovered_period_selected
primary,S003613,C091_QPP_N120_P050_A2_Q010,STATIONARY_QPP_PRESENT,12,0,3,VALID,9.832181803246385,15.113507175002042,false,49.62014475685315,formal_m1_center_not_selected
primary,S003614,C091_QPP_N120_P050_A2_Q010,STATIONARY_QPP_PRESENT,13,0,3,VALID,7.906280722463293,14.914847636591958,false,50.38722818881821,formal_m1_center_not_selected
primary,S003615,C091_QPP_N120_P050_A2_Q010,STATIONARY_QPP_PRESENT,14,0,3,VALID,8.705209320744757,15.938577531097849,false,51.18590128602551,formal_m1_center_not_selected
primary,S003616,C091_QPP_N120_P050_A2_Q010,STATIONARY_QPP_PRESENT,15,0,3,VALID,13.107387753090734,19.50063199862359,true,51.268861727178496,recovered_period_selected
primary,S003617,C091_QPP_N120_P050_A2_Q010,STATIONARY_QPP_PRESENT,16,0,3,VALID,13.32948389071339,19.163307118979105,true,50.47080705609117,recovered_period_selected
primary,S003618,C091_QPP_N120_P050_A2_Q010,STATIONARY_QPP_PRESENT,17,0,3,VALID,7.792862148149197,13.605000604210659,false,49.62723761234485,formal_m1_center_not_selected
primary,S003619,C091_QPP_N120_P050_A2_Q010,STATIONARY_QPP_PRESENT,18,0,3,VALID,14.648406987550516,21.009265294671195,true,51.32454255977844,recovered_period_selected
primary,S003620,C091_QPP_N120_P050_A2_Q010,STATIONARY_QPP_PRESENT,19,0,3,VALID,8.84547152560026,14.465763849642258,false,50.395927845114684,formal_m1_center_not_selected
primary,S003621,C091_QPP_N120_P050_A2_Q010,STATIONARY_QPP_PRESENT,20,0,3,VALID,13.903092609866349,18.30575091476851,true,49.32503350278706,recovered_period_selected
primary,S003622,C091_QPP_N120_P050_A2_Q010,STATIONARY_QPP_PRESENT,21,0,3,VALID,16.776554236638958,22.764459912132565,true,51.42098586806276,recovered_period_selected
primary,S003623,C091_QPP_N120_P050_A2_Q010,STATIONARY_QPP_PRESENT,22,0,3,VALID,9.304624867157258,15.476788111240467,false,51.01484561033586,formal_m1_center_not_selected
primary,S003624,C091_QPP_N120_P050_A2_Q010,STATIONARY_QPP_PRESENT,23,0,3,VALID,9.375919307339473,14.795453118001546,false,49.50308596326459,formal_m1_center_not_selected
primary,S003625,C091_QPP_N120_P050_A2_Q010,STATIONARY_QPP_PRESENT,24,0,3,VALID,12.595184024908804,19.380485940477456,true,51.068211681029275,recovered_period_selected
primary,S003626,C091_QPP_N120_P050_A2_Q010,STATIONARY_QPP_PRESENT,25,0,3,VALID,13.883021145507882,19.18225142643621,true,49.8764304856914,recovered_period_selected
primary,S003627,C091_QPP_N120_P050_A2_Q010,STATIONARY_QPP_PRESENT,26,0,3,VALID,8.805632643144236,13.243624703591308,false,49.40588360545876,formal_m1_center_not_selected
primary,S003628,C091_QPP_N120_P050_A2_Q010,STATIONARY_QPP_PRESENT,27,0,3,VALID,16.848279529573006,21.269508532085183,true,49.31456988974319,recovered_period_selected
primary,S003629,C091_QPP_N120_P050_A2_Q010,STATIONARY_QPP_PRESENT,28,0,3,VALID,16.858048218417707,22.46737343054201,true,50.92977372609021,recovered_period_selected
primary,S003630,C091_QPP_N120_P050_A2_Q010,STATIONARY_QPP_PRESENT,29,0,3,VALID,9.118425542024056,14.135694606484435,false,51.15692324223586,formal_m1_center_not_selected
primary,S003631,C091_QPP_N120_P050_A2_Q010,STATIONARY_QPP_PRESENT,30,0,3,VALID,14.876157685858175,20.413215244879325,true,51.01437619551058,recovered_period_selected
primary,S003632,C091_QPP_N120_P050_A2_Q010,STATIONARY_QPP_PRESENT,31,0,3,VALID,8.52217685032167,14.52979782053194,false,50.41682069388289,formal_m1_center_not_selected
primary,S003633,C091_QPP_N120_P050_A2_Q010,STATIONARY_QPP_PRESENT,32,0,3,VALID,4.908710448272473,11.911193783371118,false,50.20905021081454,formal_m1_center_not_selected
primary,S003634,C091_QPP_N120_P050_A2_Q010,STATIONARY_QPP_PRESENT,33,0,3,VALID,8.431861020268798,13.725915935549779,false,49.50267915466179,formal_m1_center_not_selected
primary,S003635,C091_QPP_N120_P050_A2_Q010,STATIONARY_QPP_PRESENT,34,0,3,VALID,10.855847487289566,16.854984973201454,true,50.029726536332646,recovered_period_selected
primary,S003636,C091_QPP_N120_P050_A2_Q010,STATIONARY_QPP_PRESENT,35,0,3,VALID,11.038684740300596,16.92288291959278,true,50.82361409402448,recovered_period_selected
primary,S003637,C091_QPP_N120_P050_A2_Q010,STATIONARY_QPP_PRESENT,36,0,3,VALID,6.1873593754620515,12.99850970200589,false,51.07298775053035,formal_m1_center_not_selected
primary,S003638,C091_QPP_N120_P050_A2_Q010,STATIONARY_QPP_PRESENT,37,0,3,VALID,-1.8170792857566767,5.336626028230739,false,50.092430169537934,formal_m1_center_not_selected
primary,S003639,C091_QPP_N120_P050_A2_Q010,STATIONARY_QPP_PRESENT,38,0,3,VALID,5.695097584389373,12.360761179666042,false,50.21589105880585,formal_m1_center_not_selected
primary,S003640,C091_QPP_N120_P050_A2_Q010,STATIONARY_QPP_PRESENT,39,0,3,VALID,8.656725139869195,15.08403913224572,false,51.369038731253696,formal_m1_center_not_selected
primary,S003641,C092_QPP_N120_P050_A2_Q020,STATIONARY_QPP_PRESENT,0,0,3,VALID,44.719252194864225,48.42496002205792,true,49.46199941301387,recovered_period_selected
primary,S003642,C092_QPP_N120_P050_A2_Q020,STATIONARY_QPP_PRESENT,1,0,3,VALID,48.97337677377686,53.37662226333134,true,49.339498463797696,recovered_period_selected
primary,S003643,C092_QPP_N120_P050_A2_Q020,STATIONARY_QPP_PRESENT,2,0,3,VALID,45.719247743756,50.171468204949065,true,49.61481041398059,recovered_period_selected
primary,S003644,C092_QPP_N120_P050_A2_Q020,STATIONARY_QPP_PRESENT,3,0,3,VALID,34.87484847461633,39.37935258979792,true,50.90270593994548,recovered_period_selected
primary,S003645,C092_QPP_N120_P050_A2_Q020,STATIONARY_QPP_PRESENT,4,0,3,VALID,48.91566455660859,53.03256935148579,true,49.83866955308094,recovered_period_selected
primary,S003646,C092_QPP_N120_P050_A2_Q020,STATIONARY_QPP_PRESENT,5,0,3,VALID,52.36415993320384,56.325334416500255,true,50.876483294534104,recovered_period_selected
primary,S003647,C092_QPP_N120_P050_A2_Q020,STATIONARY_QPP_PRESENT,6,0,3,VALID,46.46628782759444,50.29738935269404,true,49.97014756942911,recovered_period_selected
primary,S003648,C092_QPP_N120_P050_A2_Q020,STATIONARY_QPP_PRESENT,7,0,3,VALID,50.90115187193112,54.58754286986982,true,51.18791158362013,recovered_period_selected
primary,S003649,C092_QPP_N120_P050_A2_Q020,STATIONARY_QPP_PRESENT,8,0,3,VALID,39.036885754948,43.26248200095404,true,51.178351743202796,recovered_period_selected
primary,S003650,C092_QPP_N120_P050_A2_Q020,STATIONARY_QPP_PRESENT,9,0,3,VALID,48.078628132099084,51.918318996566086,true,50.60126650384841,recovered_period_selected
primary,S003651,C092_QPP_N120_P050_A2_Q020,STATIONARY_QPP_PRESENT,10,0,3,VALID,45.37317850075294,49.03420902400728,true,49.60239924602217,recovered_period_selected
primary,S003652,C092_QPP_N120_P050_A2_Q020,STATIONARY_QPP_PRESENT,11,0,3,VALID,57.35778920382552,61.10523806540152,true,49.769629113067396,recovered_period_selected
primary,S003653,C092_QPP_N120_P050_A2_Q020,STATIONARY_QPP_PRESENT,12,0,3,VALID,41.959475014211876,45.484104784409055,true,49.75271966391165,recovered_period_selected
primary,S003654,C092_QPP_N120_P050_A2_Q020,STATIONARY_QPP_PRESENT,13,0,3,VALID,36.66097296313001,40.54648443567885,true,50.42103786285724,recovered_period_selected
primary,S003655,C092_QPP_N120_P050_A2_Q020,STATIONARY_QPP_PRESENT,14,0,3,VALID,48.59303326656482,53.224436313307706,true,50.850692517755824,recovered_period_selected
primary,S003656,C092_QPP_N120_P050_A2_Q020,STATIONARY_QPP_PRESENT,15,0,3,VALID,46.06717472788284,50.926359454909516,true,51.20501957859538,recovered_period_selected
primary,S003657,C092_QPP_N120_P050_A2_Q020,STATIONARY_QPP_PRESENT,16,0,3,VALID,44.402830202202836,48.56906870777459,true,50.47845927660411,recovered_period_selected
primary,S003658,C092_QPP_N120_P050_A2_Q020,STATIONARY_QPP_PRESENT,17,0,3,VALID,39.88359236485746,44.68232016480977,true,49.81557686354357,recovered_period_selected
primary,S003659,C092_QPP_N120_P050_A2_Q020,STATIONARY_QPP_PRESENT,18,0,3,VALID,48.14156688284231,53.71834989038871,true,51.15001873406713,recovered_period_selected
primary,S003660,C092_QPP_N120_P050_A2_Q020,STATIONARY_QPP_PRESENT,19,0,3,VALID,38.51953823679696,43.217488529550224,true,50.26631881672207,recovered_period_selected
primary,S003661,C092_QPP_N120_P050_A2_Q020,STATIONARY_QPP_PRESENT,20,0,3,VALID,50.20555567710801,53.284764544074505,true,49.564610604399824,recovered_period_selected
primary,S003662,C092_QPP_N120_P050_A2_Q020,STATIONARY_QPP_PRESENT,21,0,3,VALID,53.261200225591324,57.63390508219459,true,51.28897468732745,recovered_period_selected
primary,S003663,C092_QPP_N120_P050_A2_Q020,STATIONARY_QPP_PRESENT,22,0,3,VALID,48.52581370259918,52.78116328254623,true,50.913331385369574,recovered_period_selected
primary,S003664,C092_QPP_N120_P050_A2_Q020,STATIONARY_QPP_PRESENT,23,0,3,VALID,43.124366203903946,46.723238000351216,true,49.6113167479075,recovered_period_selected
primary,S003665,C092_QPP_N120_P050_A2_Q020,STATIONARY_QPP_PRESENT,24,0,3,VALID,45.48105325728068,49.64253954006256,true,51.027670793655304,recovered_period_selected
primary,S003666,C092_QPP_N120_P050_A2_Q020,STATIONARY_QPP_PRESENT,25,0,3,VALID,46.13963306364076,50.33071144458711,true,49.97226329632733,recovered_period_selected
primary,S003667,C092_QPP_N120_P050_A2_Q020,STATIONARY_QPP_PRESENT,26,0,3,VALID,41.85568731008357,45.253359803619446,true,49.617404265537175,recovered_period_selected
primary,S003668,C092_QPP_N120_P050_A2_Q020,STATIONARY_QPP_PRESENT,27,0,3,VALID,50.625450253749705,53.96131072883452,true,49.59282821688773,recovered_period_selected
primary,S003669,C092_QPP_N120_P050_A2_Q020,STATIONARY_QPP_PRESENT,28,0,3,VALID,51.15842639944833,54.88936005848075,true,50.89089961988829,recovered_period_selected
primary,S003670,C092_QPP_N120_P050_A2_Q020,STATIONARY_QPP_PRESENT,29,0,3,VALID,46.78776359288872,48.98663688697229,true,51.04866647027856,recovered_period_selected
primary,S003671,C092_QPP_N120_P050_A2_Q020,STATIONARY_QPP_PRESENT,30,0,3,VALID,51.062443115832934,54.58305553990135,true,51.004206982345146,recovered_period_selected
primary,S003672,C092_QPP_N120_P050_A2_Q020,STATIONARY_QPP_PRESENT,31,0,3,VALID,50.792678404991875,55.60324433028211,true,50.386556017424105,recovered_period_selected
primary,S003673,C092_QPP_N120_P050_A2_Q020,STATIONARY_QPP_PRESENT,32,0,3,VALID,43.079945111500024,47.587962015280596,true,50.35223718482854,recovered_period_selected
primary,S003674,C092_QPP_N120_P050_A2_Q020,STATIONARY_QPP_PRESENT,33,0,3,VALID,45.466781306314715,49.44502755711153,true,49.70382584176945,recovered_period_selected
primary,S003675,C092_QPP_N120_P050_A2_Q020,STATIONARY_QPP_PRESENT,34,0,3,VALID,51.89645495848504,55.16417945289322,true,50.189462834547335,recovered_period_selected
primary,S003676,C092_QPP_N120_P050_A2_Q020,STATIONARY_QPP_PRESENT,35,0,3,VALID,45.53352998413163,49.59148432586301,true,50.71726741262982,recovered_period_selected
primary,S003677,C092_QPP_N120_P050_A2_Q020,STATIONARY_QPP_PRESENT,36,0,3,VALID,45.22196621295109,49.061728278046644,true,50.948891315931014,recovered_period_selected
primary,S003678,C092_QPP_N120_P050_A2_Q020,STATIONARY_QPP_PRESENT,37,0,3,VALID,33.60421849320596,39.468995093340254,true,50.16914146265341,recovered_period_selected
primary,S003679,C092_QPP_N120_P050_A2_Q020,STATIONARY_QPP_PRESENT,38,0,3,VALID,47.372937850024186,51.331446844586594,true,50.456744173274046,recovered_period_selected
primary,S003680,C092_QPP_N120_P050_A2_Q020,STATIONARY_QPP_PRESENT,39,0,3,VALID,50.70177958700867,54.51377599454531,true,51.213120232488976,recovered_period_selected
primary,S003681,C093_QPP_N120_P050_A2_Q040,STATIONARY_QPP_PRESENT,0,0,3,VALID,102.7038186184484,106.37170315800017,true,49.67822930424191,recovered_period_selected
primary,S003682,C093_QPP_N120_P050_A2_Q040,STATIONARY_QPP_PRESENT,1,0,3,VALID,103.23047232866213,106.9147220973897,true,49.419521987418655,recovered_period_selected
primary,S003683,C093_QPP_N120_P050_A2_Q040,STATIONARY_QPP_PRESENT,2,0,3,VALID,102.62383857960094,105.8387020608667,true,49.49969466972246,recovered_period_selected
primary,S003684,C093_QPP_N120_P050_A2_Q040,STATIONARY_QPP_PRESENT,3,0,3,VALID,80.72748292473807,85.85740122186826,true,50.823859127005996,recovered_period_selected
primary,S003685,C093_QPP_N120_P050_A2_Q040,STATIONARY_QPP_PRESENT,4,0,3,VALID,97.76223166410068,101.97582124121413,true,49.8638547565256,recovered_period_selected
primary,S003686,C093_QPP_N120_P050_A2_Q040,STATIONARY_QPP_PRESENT,5,0,3,VALID,106.03365935937666,110.56142670632255,true,51.03812513174253,recovered_period_selected
primary,S003687,C093_QPP_N120_P050_A2_Q040,STATIONARY_QPP_PRESENT,6,0,3,VALID,96.11857256028668,99.88476697493286,true,49.99467655210327,recovered_period_selected
primary,S003688,C093_QPP_N120_P050_A2_Q040,STATIONARY_QPP_PRESENT,7,0,3,VALID,109.99087311536823,113.12020193596231,true,51.25130388273192,recovered_period_selected
primary,S003689,C093_QPP_N120_P050_A2_Q040,STATIONARY_QPP_PRESENT,8,0,3,VALID,97.31903827136478,101.2900462351655,true,51.12202018905423,recovered_period_selected
primary,S003690,C093_QPP_N120_P050_A2_Q040,STATIONARY_QPP_PRESENT,9,0,3,VALID,96.81755821820911,100.20457520529817,true,50.61386796713893,recovered_period_selected
primary,S003691,C093_QPP_N120_P050_A2_Q040,STATIONARY_QPP_PRESENT,10,0,3,VALID,91.69797605369263,95.92557402328225,true,49.80908737769154,recovered_period_selected
primary,S003692,C093_QPP_N120_P050_A2_Q040,STATIONARY_QPP_PRESENT,11,0,3,VALID,114.96702142504739,118.15479786304877,true,49.82915638677087,recovered_period_selected
primary,S003693,C093_QPP_N120_P050_A2_Q040,STATIONARY_QPP_PRESENT,12,0,3,VALID,90.87359294055909,95.2805716313602,true,49.86040912013857,recovered_period_selected
primary,S003694,C093_QPP_N120_P050_A2_Q040,STATIONARY_QPP_PRESENT,13,0,3,VALID,82.20050417900325,86.49115686542257,true,50.398232981064446,recovered_period_selected
primary,S003695,C093_QPP_N120_P050_A2_Q040,STATIONARY_QPP_PRESENT,14,0,3,VALID,109.09626697739748,113.26401161693934,true,50.88834548530885,recovered_period_selected
primary,S003696,C093_QPP_N120_P050_A2_Q040,STATIONARY_QPP_PRESENT,15,0,3,VALID,96.09487489088735,100.11230412528607,true,51.110466865086934,recovered_period_selected
primary,S003697,C093_QPP_N120_P050_A2_Q040,STATIONARY_QPP_PRESENT,16,0,3,VALID,91.89466600403796,94.28045111081485,true,50.52621613033387,recovered_period_selected
primary,S003698,C093_QPP_N120_P050_A2_Q040,STATIONARY_QPP_PRESENT,17,0,3,VALID,89.02051529654784,93.38607420171388,true,49.9548532783196,recovered_period_selected
primary,S003699,C093_QPP_N120_P050_A2_Q040,STATIONARY_QPP_PRESENT,18,0,3,VALID,97.71758071216107,102.83542338829079,true,51.09285281805226,recovered_period_selected
primary,S003700,C093_QPP_N120_P050_A2_Q040,STATIONARY_QPP_PRESENT,19,0,3,VALID,84.89167517173314,89.05814821173499,true,50.20137494876817,recovered_period_selected
primary,S003701,C093_QPP_N120_P050_A2_Q040,STATIONARY_QPP_PRESENT,20,0,3,VALID,104.03859817891293,107.25242661603136,true,49.676216846607595,recovered_period_selected
primary,S003702,C093_QPP_N120_P050_A2_Q040,STATIONARY_QPP_PRESENT,21,0,3,VALID,108.47270336554323,112.15008940219616,true,51.272931433627164,recovered_period_selected
primary,S003703,C093_QPP_N120_P050_A2_Q040,STATIONARY_QPP_PRESENT,22,0,3,VALID,105.77909638391725,109.80876489864602,true,51.14494719825878,recovered_period_selected
primary,S003704,C093_QPP_N120_P050_A2_Q040,STATIONARY_QPP_PRESENT,23,0,3,VALID,94.10463164581006,97.76750978681628,true,49.723997613523494,recovered_period_selected
primary,S003705,C093_QPP_N120_P050_A2_Q040,STATIONARY_QPP_PRESENT,24,0,3,VALID,95.43979465182144,98.9865730148523,true,50.9738648575506,recovered_period_selected
primary,S003706,C093_QPP_N120_P050_A2_Q040,STATIONARY_QPP_PRESENT,25,0,3,VALID,94.11955208652682,97.99010050959475,true,50.09218531384823,recovered_period_selected
primary,S003707,C093_QPP_N120_P050_A2_Q040,STATIONARY_QPP_PRESENT,26,0,3,VALID,92.76351714064515,96.9080967673799,true,49.750808551411346,recovered_period_selected
primary,S003708,C093_QPP_N120_P050_A2_Q040,STATIONARY_QPP_PRESENT,27,0,3,VALID,101.07318530023724,105.54532841798084,true,49.74758387286735,recovered_period_selected
primary,S003709,C093_QPP_N120_P050_A2_Q040,STATIONARY_QPP_PRESENT,28,0,3,VALID,101.02734164632875,105.23637585125755,true,50.89515623004047,recovered_period_selected
primary,S003710,C093_QPP_N120_P050_A2_Q040,STATIONARY_QPP_PRESENT,29,0,3,VALID,103.97239237189422,107.0737092687865,true,51.00462203669703,recovered_period_selected
primary,S003711,C093_QPP_N120_P050_A2_Q040,STATIONARY_QPP_PRESENT,30,0,3,VALID,104.0313430750964,108.3198456420979,true,51.111929025234396,recovered_period_selected
primary,S003712,C093_QPP_N120_P050_A2_Q040,STATIONARY_QPP_PRESENT,31,0,3,VALID,114.88006486008885,118.7753766578578,true,50.547676471376825,recovered_period_selected
primary,S003713,C093_QPP_N120_P050_A2_Q040,STATIONARY_QPP_PRESENT,32,0,3,VALID,104.66740676925701,108.4899447199557,true,50.436330050802596,recovered_period_selected
primary,S003714,C093_QPP_N120_P050_A2_Q040,STATIONARY_QPP_PRESENT,33,0,3,VALID,101.00986126736211,105.07326179234337,true,49.79871128993842,recovered_period_selected
primary,S003715,C093_QPP_N120_P050_A2_Q040,STATIONARY_QPP_PRESENT,34,0,3,VALID,114.57044619223836,118.07658581739497,true,50.31402542957868,recovered_period_selected
primary,S003716,C093_QPP_N120_P050_A2_Q040,STATIONARY_QPP_PRESENT,35,0,3,VALID,97.6227724734639,100.84593379330363,true,50.75251628851638,recovered_period_selected
primary,S003717,C093_QPP_N120_P050_A2_Q040,STATIONARY_QPP_PRESENT,36,0,3,VALID,104.25322107805516,108.11578726943821,true,51.03972696928446,recovered_period_selected
primary,S003718,C093_QPP_N120_P050_A2_Q040,STATIONARY_QPP_PRESENT,37,0,3,VALID,91.13223557399158,95.5080719208031,true,50.19963160510318,recovered_period_selected
primary,S003719,C093_QPP_N120_P050_A2_Q040,STATIONARY_QPP_PRESENT,38,0,3,VALID,111.56709411337931,115.1210949662551,true,50.7376394809937,recovered_period_selected
primary,S003720,C093_QPP_N120_P050_A2_Q040,STATIONARY_QPP_PRESENT,39,0,3,VALID,113.93336056909516,117.8316247930054,true,51.245188664034366,recovered_period_selected
primary,S003721,C094_QPP_N120_P080_A0_Q010,STATIONARY_QPP_PRESENT,0,0,3,VALID,-10.00662035859898,-2.3169750764208175,false,40.0,formal_m1_center_not_selected
primary,S003722,C094_QPP_N120_P080_A0_Q010,STATIONARY_QPP_PRESENT,1,0,3,VALID,-6.426261211589008,0.7954164230472998,false,70.47567903470471,formal_m1_center_not_selected
primary,S003723,C094_QPP_N120_P080_A0_Q010,STATIONARY_QPP_PRESENT,2,0,3,VALID,-8.893436306471926,-1.9872756154460376,false,86.56770879854577,formal_m1_center_not_selected
primary,S003724,C094_QPP_N120_P080_A0_Q010,STATIONARY_QPP_PRESENT,3,0,3,VALID,-9.455143358111854,-2.271445858333209,false,135.21353289608416,formal_m1_center_not_selected
primary,S003725,C094_QPP_N120_P080_A0_Q010,STATIONARY_QPP_PRESENT,4,0,3,VALID,-8.097339946944885,-1.8774404385849266,false,77.69554587971045,formal_m1_center_not_selected
primary,S003726,C094_QPP_N120_P080_A0_Q010,STATIONARY_QPP_PRESENT,5,0,3,VALID,-9.287804379127465,-1.6611754084344739,false,46.11846155549201,formal_m1_center_not_selected
primary,S003727,C094_QPP_N120_P080_A0_Q010,STATIONARY_QPP_PRESENT,6,0,3,VALID,-9.03856402747624,-1.5282355764288695,false,55.342803516150376,formal_m1_center_not_selected
primary,S003728,C094_QPP_N120_P080_A0_Q010,STATIONARY_QPP_PRESENT,7,0,3,VALID,-7.899362486609107,-1.7645567928240098,false,61.51726938854007,formal_m1_center_not_selected
primary,S003729,C094_QPP_N120_P080_A0_Q010,STATIONARY_QPP_PRESENT,8,0,3,VALID,-8.910071211961963,-1.448358947307952,false,40.0,formal_m1_center_not_selected
primary,S003730,C094_QPP_N120_P080_A0_Q010,STATIONARY_QPP_PRESENT,9,0,3,VALID,-9.002021664065182,-1.241548589698482,false,81.13260282104966,formal_m1_center_not_selected
primary,S003731,C094_QPP_N120_P080_A0_Q010,STATIONARY_QPP_PRESENT,10,0,3,VALID,-8.3443768056394,-2.1737641177700198,false,48.71354880570899,formal_m1_center_not_selected
primary,S003732,C094_QPP_N120_P080_A0_Q010,STATIONARY_QPP_PRESENT,11,0,3,VALID,-0.9999456971510199,3.6178459792199646,false,78.4441080640949,formal_m1_center_not_selected
primary,S003733,C094_QPP_N120_P080_A0_Q010,STATIONARY_QPP_PRESENT,12,0,3,VALID,-9.399588499216065,-3.024995396252052,false,68.67332799551363,formal_m1_center_not_selected
primary,S003734,C094_QPP_N120_P080_A0_Q010,STATIONARY_QPP_PRESENT,13,0,3,VALID,-5.859439458953034,-0.24376593139913894,false,80.86060492909594,formal_m1_center_not_selected
primary,S003735,C094_QPP_N120_P080_A0_Q010,STATIONARY_QPP_PRESENT,14,0,3,VALID,-8.927996536441356,-1.3981438149112364,false,86.62360986022385,formal_m1_center_not_selected
primary,S003736,C094_QPP_N120_P080_A0_Q010,STATIONARY_QPP_PRESENT,15,0,3,VALID,-6.0591455206385945,-0.9938596603433325,false,72.1391556859216,formal_m1_center_not_selected
primary,S003737,C094_QPP_N120_P080_A0_Q010,STATIONARY_QPP_PRESENT,16,0,3,VALID,-10.69266491132123,-2.8207565333756293,false,44.738314106537445,formal_m1_center_not_selected
primary,S003738,C094_QPP_N120_P080_A0_Q010,STATIONARY_QPP_PRESENT,17,0,3,VALID,2.20943922848312,9.087304771669665,false,51.844071735217874,formal_m1_center_not_selected
primary,S003739,C094_QPP_N120_P080_A0_Q010,STATIONARY_QPP_PRESENT,18,0,3,VALID,-6.346470009683571,1.0820671249974794,false,99.27006466057432,formal_m1_center_not_selected
primary,S003740,C094_QPP_N120_P080_A0_Q010,STATIONARY_QPP_PRESENT,19,0,3,VALID,-2.6232107976003363,3.890753887632286,false,77.61743787135431,formal_m1_center_not_selected
primary,S003741,C094_QPP_N120_P080_A0_Q010,STATIONARY_QPP_PRESENT,20,0,3,VALID,-7.052913399991212,0.3325051064116451,false,58.7009059438491,formal_m1_center_not_selected
primary,S003742,C094_QPP_N120_P080_A0_Q010,STATIONARY_QPP_PRESENT,21,0,3,VALID,-7.636790597767458,-0.8714252303591365,false,79.83904653825573,formal_m1_center_not_selected
primary,S003743,C094_QPP_N120_P080_A0_Q010,STATIONARY_QPP_PRESENT,22,0,3,VALID,-8.904667598089532,-1.067189994157502,false,42.146450135445086,formal_m1_center_not_selected
primary,S003744,C094_QPP_N120_P080_A0_Q010,STATIONARY_QPP_PRESENT,23,0,3,VALID,-6.889868463166408,-0.6489933615654309,false,80.75642523911813,formal_m1_center_not_selected
primary,S003745,C094_QPP_N120_P080_A0_Q010,STATIONARY_QPP_PRESENT,24,0,3,VALID,-10.92498401047294,-2.9255291991322565,false,119.9446370386988,formal_m1_center_not_selected
primary,S003746,C094_QPP_N120_P080_A0_Q010,STATIONARY_QPP_PRESENT,25,0,3,VALID,-6.771396946548066,0.25501212950871377,false,78.07203743072102,formal_m1_center_not_selected
primary,S003747,C094_QPP_N120_P080_A0_Q010,STATIONARY_QPP_PRESENT,26,0,3,VALID,-11.395813333562387,-3.584670765424221,false,40.0,formal_m1_center_not_selected
primary,S003748,C094_QPP_N120_P080_A0_Q010,STATIONARY_QPP_PRESENT,27,0,3,VALID,-7.370099023581929,-1.2120992474330023,false,59.280082945780016,formal_m1_center_not_selected
primary,S003749,C094_QPP_N120_P080_A0_Q010,STATIONARY_QPP_PRESENT,28,0,3,VALID,-9.24773762470511,-1.1628705963408947,false,78.496809263918,formal_m1_center_not_selected
primary,S003750,C094_QPP_N120_P080_A0_Q010,STATIONARY_QPP_PRESENT,29,0,3,VALID,-8.912792260066112,-1.2715059363704313,false,86.61257359627197,formal_m1_center_not_selected
primary,S003751,C094_QPP_N120_P080_A0_Q010,STATIONARY_QPP_PRESENT,30,0,3,VALID,-9.849054287624313,-1.952516906078813,false,78.3184923295442,formal_m1_center_not_selected
primary,S003752,C094_QPP_N120_P080_A0_Q010,STATIONARY_QPP_PRESENT,31,0,3,VALID,-7.396836292815351,-0.004709775025276031,false,83.86643261243715,formal_m1_center_not_selected
primary,S003753,C094_QPP_N120_P080_A0_Q010,STATIONARY_QPP_PRESENT,32,0,3,VALID,-3.981675287318353,1.7005168853841042,false,62.5681458853301,formal_m1_center_not_selected
primary,S003754,C094_QPP_N120_P080_A0_Q010,STATIONARY_QPP_PRESENT,33,0,3,VALID,-6.380703265834541,1.4110967348904069,false,47.10976600191396,formal_m1_center_not_selected
primary,S003755,C094_QPP_N120_P080_A0_Q010,STATIONARY_QPP_PRESENT,34,0,3,VALID,-2.3581210263345156,4.251070352853162,false,80.46936781923402,formal_m1_center_not_selected
primary,S003756,C094_QPP_N120_P080_A0_Q010,STATIONARY_QPP_PRESENT,35,0,3,VALID,-9.1220799308403,-1.1711966727352774,false,76.7391650959503,formal_m1_center_not_selected
primary,S003757,C094_QPP_N120_P080_A0_Q010,STATIONARY_QPP_PRESENT,36,0,3,VALID,-9.298761986586555,-1.9189532316391933,false,121.11369680236976,formal_m1_center_not_selected
primary,S003758,C094_QPP_N120_P080_A0_Q010,STATIONARY_QPP_PRESENT,37,0,3,VALID,-8.771289422416203,-2.642850144319709,false,66.60158405320635,formal_m1_center_not_selected
primary,S003759,C094_QPP_N120_P080_A0_Q010,STATIONARY_QPP_PRESENT,38,0,3,VALID,-9.451637380562488,-2.4877931540061127,false,80.40264109369524,formal_m1_center_not_selected
primary,S003760,C094_QPP_N120_P080_A0_Q010,STATIONARY_QPP_PRESENT,39,0,3,VALID,-8.254797591644774,-0.42150862326332117,false,70.86668427957363,formal_m1_center_not_selected
primary,S003761,C095_QPP_N120_P080_A0_Q020,STATIONARY_QPP_PRESENT,0,0,3,VALID,1.3223211364626195,7.158523038994758,false,80.80603187377707,formal_m1_center_not_selected
primary,S003762,C095_QPP_N120_P080_A0_Q020,STATIONARY_QPP_PRESENT,1,0,3,VALID,-6.841548474270326,-0.2598556144332633,false,75.48342183609107,formal_m1_center_not_selected
primary,S003763,C095_QPP_N120_P080_A0_Q020,STATIONARY_QPP_PRESENT,2,0,3,VALID,-2.27559236080117,3.523646395125411,false,83.60973275574187,formal_m1_center_not_selected
primary,S003764,C095_QPP_N120_P080_A0_Q020,STATIONARY_QPP_PRESENT,3,0,3,VALID,-7.676574043419805,-0.924293692426204,false,75.79039865298704,formal_m1_center_not_selected
primary,S003765,C095_QPP_N120_P080_A0_Q020,STATIONARY_QPP_PRESENT,4,0,3,VALID,7.140563340513268,11.86666131859863,false,78.61518361420542,formal_m1_center_not_selected
primary,S003766,C095_QPP_N120_P080_A0_Q020,STATIONARY_QPP_PRESENT,5,0,3,VALID,-4.0814269683895645,2.4402989892073492,false,79.45267496290876,formal_m1_center_not_selected
primary,S003767,C095_QPP_N120_P080_A0_Q020,STATIONARY_QPP_PRESENT,6,0,3,VALID,4.7411732585169375,10.008083238383506,false,81.24522621177977,formal_m1_center_not_selected
primary,S003768,C095_QPP_N120_P080_A0_Q020,STATIONARY_QPP_PRESENT,7,0,3,VALID,-3.15616575026138,2.2353384002412895,false,81.60277582721238,formal_m1_center_not_selected
primary,S003769,C095_QPP_N120_P080_A0_Q020,STATIONARY_QPP_PRESENT,8,0,3,VALID,-2.544565914497298,4.735156747401561,false,82.0226505339511,formal_m1_center_not_selected
primary,S003770,C095_QPP_N120_P080_A0_Q020,STATIONARY_QPP_PRESENT,9,0,3,VALID,5.362587841562458,10.126197699017325,false,80.95966615499881,formal_m1_center_not_selected
primary,S003771,C095_QPP_N120_P080_A0_Q020,STATIONARY_QPP_PRESENT,10,0,3,VALID,-8.184075679692683,-0.8707944364435889,false,79.2802195987674,formal_m1_center_not_selected
primary,S003772,C095_QPP_N120_P080_A0_Q020,STATIONARY_QPP_PRESENT,11,0,3,VALID,16.404280263198643,20.698924697227312,true,79.45604539235305,recovered_period_selected
primary,S003773,C095_QPP_N120_P080_A0_Q020,STATIONARY_QPP_PRESENT,12,0,3,VALID,-3.3451460011905283,0.5179127490764586,false,78.93634048567807,formal_m1_center_not_selected
primary,S003774,C095_QPP_N120_P080_A0_Q020,STATIONARY_QPP_PRESENT,13,0,3,VALID,11.183439962763487,13.68536500707819,true,80.58489092140306,recovered_period_selected
primary,S003775,C095_QPP_N120_P080_A0_Q020,STATIONARY_QPP_PRESENT,14,0,3,VALID,3.975417728725006,8.583430897463131,false,83.94022092838027,formal_m1_center_not_selected
primary,S003776,C095_QPP_N120_P080_A0_Q020,STATIONARY_QPP_PRESENT,15,0,3,VALID,0.13807433038812178,4.367850624224388,false,79.6035158111749,formal_m1_center_not_selected
primary,S003777,C095_QPP_N120_P080_A0_Q020,STATIONARY_QPP_PRESENT,16,0,3,VALID,-4.5357176020219185,2.2833616094309264,false,82.21563092740263,formal_m1_center_not_selected
primary,S003778,C095_QPP_N120_P080_A0_Q020,STATIONARY_QPP_PRESENT,17,0,3,VALID,-1.6203345813094074,2.9763949995793837,false,51.67151699130084,formal_m1_center_not_selected
primary,S003779,C095_QPP_N120_P080_A0_Q020,STATIONARY_QPP_PRESENT,18,0,3,VALID,-6.399076684412762,0.003722839702049896,false,89.87938312134663,formal_m1_center_not_selected
primary,S003780,C095_QPP_N120_P080_A0_Q020,STATIONARY_QPP_PRESENT,19,0,3,VALID,13.36423778226515,17.48425984699429,true,78.60672408798432,recovered_period_selected
primary,S003781,C095_QPP_N120_P080_A0_Q020,STATIONARY_QPP_PRESENT,20,0,3,VALID,2.8068469966376597,7.6304122720099485,false,84.211108968527,formal_m1_center_not_selected
primary,S003782,C095_QPP_N120_P080_A0_Q020,STATIONARY_QPP_PRESENT,21,0,3,VALID,9.230881644151054,15.383938362559775,false,79.91852852123297,formal_m1_center_not_selected
primary,S003783,C095_QPP_N120_P080_A0_Q020,STATIONARY_QPP_PRESENT,22,0,3,VALID,-0.8416329585850235,4.4383151446727425,false,83.60125494910076,formal_m1_center_not_selected
primary,S003784,C095_QPP_N120_P080_A0_Q020,STATIONARY_QPP_PRESENT,23,0,3,VALID,6.106266297083607,9.247550808810388,false,80.47760966560995,formal_m1_center_not_selected
primary,S003785,C095_QPP_N120_P080_A0_Q020,STATIONARY_QPP_PRESENT,24,0,3,VALID,-1.4048640466847928,4.274404868632473,false,82.05765110352337,formal_m1_center_not_selected
primary,S003786,C095_QPP_N120_P080_A0_Q020,STATIONARY_QPP_PRESENT,25,0,3,VALID,8.543826955609347,13.11700754034473,false,79.07224178670792,formal_m1_center_not_selected
primary,S003787,C095_QPP_N120_P080_A0_Q020,STATIONARY_QPP_PRESENT,26,0,3,VALID,-11.010536484106638,-3.4215946332074054,false,83.66535278102666,formal_m1_center_not_selected
primary,S003788,C095_QPP_N120_P080_A0_Q020,STATIONARY_QPP_PRESENT,27,0,3,VALID,-4.5882884790007665,0.2549506893975604,false,81.14057679894341,formal_m1_center_not_selected
primary,S003789,C095_QPP_N120_P080_A0_Q020,STATIONARY_QPP_PRESENT,28,0,3,VALID,1.7552318237288773,7.211276118233741,false,79.24334471573528,formal_m1_center_not_selected
primary,S003790,C095_QPP_N120_P080_A0_Q020,STATIONARY_QPP_PRESENT,29,0,3,VALID,2.4710445938596877,8.11871483582695,false,83.96424956789454,formal_m1_center_not_selected
primary,S003791,C095_QPP_N120_P080_A0_Q020,STATIONARY_QPP_PRESENT,30,0,3,VALID,2.4768028588484867,8.4698732684991,false,79.08222939256031,formal_m1_center_not_selected
primary,S003792,C095_QPP_N120_P080_A0_Q020,STATIONARY_QPP_PRESENT,31,0,3,VALID,0.29992664215910736,6.052789151361026,false,81.16665909006569,formal_m1_center_not_selected
primary,S003793,C095_QPP_N120_P080_A0_Q020,STATIONARY_QPP_PRESENT,32,0,3,VALID,-3.0420879695276426,0.9046199985549492,false,73.39881870175982,formal_m1_center_not_selected
primary,S003794,C095_QPP_N120_P080_A0_Q020,STATIONARY_QPP_PRESENT,33,0,3,VALID,7.594286422544087,12.465254706594692,false,81.1750131938537,formal_m1_center_not_selected
primary,S003795,C095_QPP_N120_P080_A0_Q020,STATIONARY_QPP_PRESENT,34,0,3,VALID,16.591837295366076,20.045416310559062,true,80.47451575256967,recovered_period_selected
primary,S003796,C095_QPP_N120_P080_A0_Q020,STATIONARY_QPP_PRESENT,35,0,3,VALID,1.954004305428498,8.172567976475648,false,78.38946924200346,formal_m1_center_not_selected
primary,S003797,C095_QPP_N120_P080_A0_Q020,STATIONARY_QPP_PRESENT,36,0,3,VALID,-6.938872244351614,-0.29417461649074994,false,83.15799193762356,formal_m1_center_not_selected
primary,S003798,C095_QPP_N120_P080_A0_Q020,STATIONARY_QPP_PRESENT,37,0,3,VALID,0.46643801441359756,4.367942317160555,false,82.07336189818622,formal_m1_center_not_selected
primary,S003799,C095_QPP_N120_P080_A0_Q020,STATIONARY_QPP_PRESENT,38,0,3,VALID,1.0663005060654314,7.399722737659658,false,80.51201147892644,formal_m1_center_not_selected
primary,S003800,C095_QPP_N120_P080_A0_Q020,STATIONARY_QPP_PRESENT,39,0,3,VALID,-3.9463517914614386,3.4118658223333114,false,75.434433523532,formal_m1_center_not_selected
primary,S003801,C096_QPP_N120_P080_A0_Q040,STATIONARY_QPP_PRESENT,0,0,3,VALID,40.83601318873855,41.82011164267908,true,81.300543961049,recovered_period_selected
primary,S003802,C096_QPP_N120_P080_A0_Q040,STATIONARY_QPP_PRESENT,1,0,3,VALID,22.082997281449707,24.799365529898182,true,78.69681864664035,recovered_period_selected
primary,S003803,C096_QPP_N120_P080_A0_Q040,STATIONARY_QPP_PRESENT,2,0,3,VALID,30.67347852195269,32.14265751995106,true,81.574164104221,recovered_period_selected
primary,S003804,C096_QPP_N120_P080_A0_Q040,STATIONARY_QPP_PRESENT,3,0,3,VALID,25.36760032632344,26.910838728925683,true,79.2163488906595,recovered_period_selected
primary,S003805,C096_QPP_N120_P080_A0_Q040,STATIONARY_QPP_PRESENT,4,0,3,VALID,46.642411941078194,46.602699863202815,true,79.24653027235816,recovered_period_selected
primary,S003806,C096_QPP_N120_P080_A0_Q040,STATIONARY_QPP_PRESENT,5,0,3,VALID,34.20289963675589,32.8782296005578,true,80.45113367468234,recovered_period_selected
primary,S003807,C096_QPP_N120_P080_A0_Q040,STATIONARY_QPP_PRESENT,6,0,3,VALID,44.13910459101294,41.83122787461559,true,81.10121960565596,recovered_period_selected
primary,S003808,C096_QPP_N120_P080_A0_Q040,STATIONARY_QPP_PRESENT,7,0,3,VALID,30.257267936818266,30.782594284069546,true,80.98742006409488,recovered_period_selected
primary,S003809,C096_QPP_N120_P080_A0_Q040,STATIONARY_QPP_PRESENT,8,0,3,VALID,34.739611320856625,33.36734133373375,true,80.9976765919867,recovered_period_selected
primary,S003810,C096_QPP_N120_P080_A0_Q040,STATIONARY_QPP_PRESENT,9,0,3,VALID,43.421497919391186,39.751171015315435,true,80.94071540202808,recovered_period_selected
primary,S003811,C096_QPP_N120_P080_A0_Q040,STATIONARY_QPP_PRESENT,10,0,3,VALID,28.10809364080717,29.715930811742737,true,79.10889103927684,recovered_period_selected
primary,S003812,C096_QPP_N120_P080_A0_Q040,STATIONARY_QPP_PRESENT,11,0,3,VALID,58.906057902909765,48.677097455950275,true,80.31721808167485,recovered_period_selected
primary,S003813,C096_QPP_N120_P080_A0_Q040,STATIONARY_QPP_PRESENT,12,0,3,VALID,33.206557587440216,32.601641098701634,true,79.35602899864551,recovered_period_selected
primary,S003814,C096_QPP_N120_P080_A0_Q040,STATIONARY_QPP_PRESENT,13,0,3,VALID,48.63972219996947,46.64590334542049,true,80.27860049962825,recovered_period_selected
primary,S003815,C096_QPP_N120_P080_A0_Q040,STATIONARY_QPP_PRESENT,14,0,3,VALID,41.272330457594194,36.25709846925804,true,82.91171633757519,recovered_period_selected
primary,S003816,C096_QPP_N120_P080_A0_Q040,STATIONARY_QPP_PRESENT,15,0,3,VALID,35.46794294485585,36.33201888197232,true,80.27899146076233,recovered_period_selected
primary,S003817,C096_QPP_N120_P080_A0_Q040,STATIONARY_QPP_PRESENT,16,0,3,VALID,33.39047338627324,33.3773052083194,true,80.76245119301633,recovered_period_selected
primary,S003818,C096_QPP_N120_P080_A0_Q040,STATIONARY_QPP_PRESENT,17,0,3,VALID,32.058067257218454,31.766488602192453,true,79.98995544857797,recovered_period_selected
primary,S003819,C096_QPP_N120_P080_A0_Q040,STATIONARY_QPP_PRESENT,18,0,3,VALID,20.59580065614034,21.70865005374003,true,84.09929699205767,recovered_period_selected
primary,S003820,C096_QPP_N120_P080_A0_Q040,STATIONARY_QPP_PRESENT,19,0,3,VALID,50.68511606447953,47.565286222680584,true,79.24715781650613,recovered_period_selected
primary,S003821,C096_QPP_N120_P080_A0_Q040,STATIONARY_QPP_PRESENT,20,0,3,VALID,40.91511839664463,39.21004029449011,true,83.31830248932516,recovered_period_selected
primary,S003822,C096_QPP_N120_P080_A0_Q040,STATIONARY_QPP_PRESENT,21,0,3,VALID,49.370626862931545,51.818874485475476,true,80.00211026976301,recovered_period_selected
primary,S003823,C096_QPP_N120_P080_A0_Q040,STATIONARY_QPP_PRESENT,22,0,3,VALID,34.64338266931486,31.90313162137818,true,82.4386763396848,recovered_period_selected
primary,S003824,C096_QPP_N120_P080_A0_Q040,STATIONARY_QPP_PRESENT,23,0,3,VALID,37.710625301983896,38.565187161582,true,80.36696934080334,recovered_period_selected
primary,S003825,C096_QPP_N120_P080_A0_Q040,STATIONARY_QPP_PRESENT,24,0,3,VALID,33.63126228288161,31.28382319657908,true,81.64259608994674,recovered_period_selected
primary,S003826,C096_QPP_N120_P080_A0_Q040,STATIONARY_QPP_PRESENT,25,0,3,VALID,44.74733065344719,43.306093634691024,true,79.44005100172758,recovered_period_selected
primary,S003827,C096_QPP_N120_P080_A0_Q040,STATIONARY_QPP_PRESENT,26,0,3,VALID,20.265513765219566,23.15829700340123,true,80.94306231890211,recovered_period_selected
primary,S003828,C096_QPP_N120_P080_A0_Q040,STATIONARY_QPP_PRESENT,27,0,3,VALID,28.06161661532667,27.306954910100217,true,81.72838812648936,recovered_period_selected
primary,S003829,C096_QPP_N120_P080_A0_Q040,STATIONARY_QPP_PRESENT,28,0,3,VALID,36.39443091152873,36.01501859625887,true,79.83918277788108,recovered_period_selected
primary,S003830,C096_QPP_N120_P080_A0_Q040,STATIONARY_QPP_PRESENT,29,0,3,VALID,42.85363125715833,40.47371075102512,true,82.21812988802401,recovered_period_selected
primary,S003831,C096_QPP_N120_P080_A0_Q040,STATIONARY_QPP_PRESENT,30,0,3,VALID,40.18600281430383,40.181265877059104,true,79.52603320425047,recovered_period_selected
primary,S003832,C096_QPP_N120_P080_A0_Q040,STATIONARY_QPP_PRESENT,31,0,3,VALID,37.173407835701255,37.744297679338274,true,80.29616930775876,recovered_period_selected
primary,S003833,C096_QPP_N120_P080_A0_Q040,STATIONARY_QPP_PRESENT,32,0,3,VALID,24.177788408326478,28.407942860112144,true,80.71116389304579,recovered_period_selected
primary,S003834,C096_QPP_N120_P080_A0_Q040,STATIONARY_QPP_PRESENT,33,0,3,VALID,46.870105788362366,50.678173743563775,true,81.4700663444705,recovered_period_selected
primary,S003835,C096_QPP_N120_P080_A0_Q040,STATIONARY_QPP_PRESENT,34,0,3,VALID,53.62141927708285,50.5775186772978,true,80.44752451745491,recovered_period_selected
primary,S003836,C096_QPP_N120_P080_A0_Q040,STATIONARY_QPP_PRESENT,35,0,3,VALID,38.926008745117656,37.7542042223082,true,79.37919355291622,recovered_period_selected
primary,S003837,C096_QPP_N120_P080_A0_Q040,STATIONARY_QPP_PRESENT,36,0,3,VALID,27.761135636184235,27.935673160242686,true,81.92885498738553,recovered_period_selected
primary,S003838,C096_QPP_N120_P080_A0_Q040,STATIONARY_QPP_PRESENT,37,0,3,VALID,35.072638829518155,36.55231745926676,true,81.40326969007404,recovered_period_selected
primary,S003839,C096_QPP_N120_P080_A0_Q040,STATIONARY_QPP_PRESENT,38,0,3,VALID,34.38070920524888,32.76984440630008,true,80.58341085913058,recovered_period_selected
primary,S003840,C096_QPP_N120_P080_A0_Q040,STATIONARY_QPP_PRESENT,39,0,3,VALID,31.97468476252527,32.56897920042809,true,77.70497609809826,recovered_period_selected
primary,S003841,C097_QPP_N120_P080_A1_Q010,STATIONARY_QPP_PRESENT,0,0,3,VALID,-5.976472883723204,-0.22105911676976575,false,81.62334870883478,formal_m1_center_not_selected
primary,S003842,C097_QPP_N120_P080_A1_Q010,STATIONARY_QPP_PRESENT,1,0,3,VALID,-9.059645883639632,-1.7126438340053483,false,81.20571435001762,formal_m1_center_not_selected
primary,S003843,C097_QPP_N120_P080_A1_Q010,STATIONARY_QPP_PRESENT,2,0,3,VALID,-8.299279938100767,-1.911623126588097,false,77.80462142064172,formal_m1_center_not_selected
primary,S003844,C097_QPP_N120_P080_A1_Q010,STATIONARY_QPP_PRESENT,3,0,3,VALID,-6.264818527951206,0.9658680318231063,false,78.28685359483677,formal_m1_center_not_selected
primary,S003845,C097_QPP_N120_P080_A1_Q010,STATIONARY_QPP_PRESENT,4,0,3,VALID,-2.270098435868931,3.6585462640359765,false,80.58982586902096,formal_m1_center_not_selected
primary,S003846,C097_QPP_N120_P080_A1_Q010,STATIONARY_QPP_PRESENT,5,0,3,VALID,-6.985473058614957,0.1725944651716418,false,81.91025921973778,formal_m1_center_not_selected
primary,S003847,C097_QPP_N120_P080_A1_Q010,STATIONARY_QPP_PRESENT,6,0,3,VALID,-6.3241905299776136,0.7082362370188093,false,78.09215365933721,formal_m1_center_not_selected
primary,S003848,C097_QPP_N120_P080_A1_Q010,STATIONARY_QPP_PRESENT,7,0,3,VALID,-1.8932759508190884,4.28909556657095,false,81.66307742455737,formal_m1_center_not_selected
primary,S003849,C097_QPP_N120_P080_A1_Q010,STATIONARY_QPP_PRESENT,8,0,3,VALID,-10.830501652965268,-3.113717606924979,false,75.63574090255167,formal_m1_center_not_selected
primary,S003850,C097_QPP_N120_P080_A1_Q010,STATIONARY_QPP_PRESENT,9,0,3,VALID,-3.454474976847564,2.6514280814335507,false,81.183987208061,formal_m1_center_not_selected
primary,S003851,C097_QPP_N120_P080_A1_Q010,STATIONARY_QPP_PRESENT,10,0,3,VALID,-10.51516390191648,-3.897232241318875,false,79.18896530907836,formal_m1_center_not_selected
primary,S003852,C097_QPP_N120_P080_A1_Q010,STATIONARY_QPP_PRESENT,11,0,3,VALID,2.9953672517243604,9.32420288263063,false,79.49239442727952,formal_m1_center_not_selected
primary,S003853,C097_QPP_N120_P080_A1_Q010,STATIONARY_QPP_PRESENT,12,0,3,VALID,-5.356222805265588,0.900240495227763,false,79.4945583092494,formal_m1_center_not_selected
primary,S003854,C097_QPP_N120_P080_A1_Q010,STATIONARY_QPP_PRESENT,13,0,3,VALID,-1.2127803889729876,3.610290762888667,false,72.09497388467062,formal_m1_center_not_selected
primary,S003855,C097_QPP_N120_P080_A1_Q010,STATIONARY_QPP_PRESENT,14,0,3,VALID,-4.742947928282888,1.0560533940346204,false,79.88361923234774,formal_m1_center_not_selected
primary,S003856,C097_QPP_N120_P080_A1_Q010,STATIONARY_QPP_PRESENT,15,0,3,VALID,-8.927675370620932,-3.330966472537625,false,53.761931881402184,formal_m1_center_not_selected
primary,S003857,C097_QPP_N120_P080_A1_Q010,STATIONARY_QPP_PRESENT,16,0,3,VALID,-5.489802817199575,-0.22556889122779467,false,73.44152193699917,formal_m1_center_not_selected
primary,S003858,C097_QPP_N120_P080_A1_Q010,STATIONARY_QPP_PRESENT,17,0,3,VALID,-10.096404152148239,-3.8159382376078383,false,77.07942604156946,formal_m1_center_not_selected
primary,S003859,C097_QPP_N120_P080_A1_Q010,STATIONARY_QPP_PRESENT,18,0,3,VALID,-4.5765750919150605,1.5780514738439706,false,79.77768311609064,formal_m1_center_not_selected
primary,S003860,C097_QPP_N120_P080_A1_Q010,STATIONARY_QPP_PRESENT,19,0,3,VALID,-10.987494376503264,-2.872544534755093,false,45.62137801889479,formal_m1_center_not_selected
primary,S003861,C097_QPP_N120_P080_A1_Q010,STATIONARY_QPP_PRESENT,20,0,3,VALID,-7.710129793794408,-2.9681275426308957,false,80.86589440416535,formal_m1_center_not_selected
primary,S003862,C097_QPP_N120_P080_A1_Q010,STATIONARY_QPP_PRESENT,21,0,3,VALID,-8.713431970400734,-3.535396006724568,false,82.46596649916842,formal_m1_center_not_selected
primary,S003863,C097_QPP_N120_P080_A1_Q010,STATIONARY_QPP_PRESENT,22,0,3,VALID,8.744763414200406,13.693281109777217,false,81.01798183097307,formal_m1_center_not_selected
primary,S003864,C097_QPP_N120_P080_A1_Q010,STATIONARY_QPP_PRESENT,23,0,3,VALID,-8.102568210016443,-0.9886264185864775,false,45.670952230481625,formal_m1_center_not_selected
primary,S003865,C097_QPP_N120_P080_A1_Q010,STATIONARY_QPP_PRESENT,24,0,3,VALID,-11.009646576324712,-3.5669251820437466,false,70.38488706176689,formal_m1_center_not_selected
primary,S003866,C097_QPP_N120_P080_A1_Q010,STATIONARY_QPP_PRESENT,25,0,3,VALID,-7.261009989009381,-0.2435535439975638,false,82.18258164039187,formal_m1_center_not_selected
primary,S003867,C097_QPP_N120_P080_A1_Q010,STATIONARY_QPP_PRESENT,26,0,3,VALID,-9.308926713681785,-2.6676153542504153,false,77.48523832515833,formal_m1_center_not_selected
primary,S003868,C097_QPP_N120_P080_A1_Q010,STATIONARY_QPP_PRESENT,27,0,3,VALID,-9.699879572665964,-2.7719001095071008,false,80.10533367120618,formal_m1_center_not_selected
primary,S003869,C097_QPP_N120_P080_A1_Q010,STATIONARY_QPP_PRESENT,28,0,3,VALID,-6.653500996295406,-0.3835744372507861,false,81.78507315796453,formal_m1_center_not_selected
primary,S003870,C097_QPP_N120_P080_A1_Q010,STATIONARY_QPP_PRESENT,29,0,3,VALID,-7.926846871428779,-1.3412376258798986,false,78.28399726072224,formal_m1_center_not_selected
primary,S003871,C097_QPP_N120_P080_A1_Q010,STATIONARY_QPP_PRESENT,30,0,3,VALID,-1.3276530812829606,4.3627212214239535,false,84.07554714943679,formal_m1_center_not_selected
primary,S003872,C097_QPP_N120_P080_A1_Q010,STATIONARY_QPP_PRESENT,31,0,3,VALID,-1.6861359940701277,3.24384458830491,false,81.16689214302595,formal_m1_center_not_selected
primary,S003873,C097_QPP_N120_P080_A1_Q010,STATIONARY_QPP_PRESENT,32,0,3,VALID,-1.0356492665346195,5.451561692762084,false,81.28135218865059,formal_m1_center_not_selected
primary,S003874,C097_QPP_N120_P080_A1_Q010,STATIONARY_QPP_PRESENT,33,0,3,VALID,-10.247838172293996,-2.3460412028006203,false,45.216030455029724,formal_m1_center_not_selected
primary,S003875,C097_QPP_N120_P080_A1_Q010,STATIONARY_QPP_PRESENT,34,0,3,VALID,-6.560412758405732,0.8192518533074917,false,82.73879469272643,formal_m1_center_not_selected
primary,S003876,C097_QPP_N120_P080_A1_Q010,STATIONARY_QPP_PRESENT,35,0,3,VALID,-7.972951603089996,-1.414865600697226,false,70.55330217211385,formal_m1_center_not_selected
primary,S003877,C097_QPP_N120_P080_A1_Q010,STATIONARY_QPP_PRESENT,36,0,3,VALID,-7.887371344370877,-1.6999558840038844,false,42.15220165860688,formal_m1_center_not_selected
primary,S003878,C097_QPP_N120_P080_A1_Q010,STATIONARY_QPP_PRESENT,37,0,3,VALID,3.0326660801151775,8.702538708184079,false,81.30400455651994,formal_m1_center_not_selected
primary,S003879,C097_QPP_N120_P080_A1_Q010,STATIONARY_QPP_PRESENT,38,0,3,VALID,1.2908132806533104,5.569518255764024,false,80.17880382390244,formal_m1_center_not_selected
primary,S003880,C097_QPP_N120_P080_A1_Q010,STATIONARY_QPP_PRESENT,39,0,3,VALID,-8.937523532224532,-2.421197155282016,false,83.50059636534274,formal_m1_center_not_selected
primary,S003881,C098_QPP_N120_P080_A1_Q020,STATIONARY_QPP_PRESENT,0,0,3,VALID,15.521288970232263,14.969106596205847,true,81.59390823353174,recovered_period_selected
primary,S003882,C098_QPP_N120_P080_A1_Q020,STATIONARY_QPP_PRESENT,1,0,3,VALID,8.576513050393942,11.799330196760707,false,80.73540201076156,formal_m1_center_not_selected
primary,S003883,C098_QPP_N120_P080_A1_Q020,STATIONARY_QPP_PRESENT,2,0,3,VALID,8.362018799829798,13.458801526574462,false,78.83243568883256,formal_m1_center_not_selected
primary,S003884,C098_QPP_N120_P080_A1_Q020,STATIONARY_QPP_PRESENT,3,0,3,VALID,13.658702693039118,16.338167801713553,true,78.4395211512316,recovered_period_selected
primary,S003885,C098_QPP_N120_P080_A1_Q020,STATIONARY_QPP_PRESENT,4,0,3,VALID,17.911097419510725,20.14920125729259,true,80.70857128973273,recovered_period_selected
primary,S003886,C098_QPP_N120_P080_A1_Q020,STATIONARY_QPP_PRESENT,5,0,3,VALID,11.833843538321503,14.709414217751373,true,82.12487889631556,recovered_period_selected
primary,S003887,C098_QPP_N120_P080_A1_Q020,STATIONARY_QPP_PRESENT,6,0,3,VALID,12.626448894340001,16.087562619118785,true,78.75554774616515,recovered_period_selected
primary,S003888,C098_QPP_N120_P080_A1_Q020,STATIONARY_QPP_PRESENT,7,0,3,VALID,21.831636002013738,19.90746637543225,true,81.66874667790444,recovered_period_selected
primary,S003889,C098_QPP_N120_P080_A1_Q020,STATIONARY_QPP_PRESENT,8,0,3,VALID,3.563451731725536,9.30510423306032,false,78.99309371693774,formal_m1_center_not_selected
primary,S003890,C098_QPP_N120_P080_A1_Q020,STATIONARY_QPP_PRESENT,9,0,3,VALID,16.862544235755536,20.4043417259212,true,81.10175379740242,recovered_period_selected
primary,S003891,C098_QPP_N120_P080_A1_Q020,STATIONARY_QPP_PRESENT,10,0,3,VALID,5.049408906598387,9.546615361533554,false,78.64362427828492,formal_m1_center_not_selected
primary,S003892,C098_QPP_N120_P080_A1_Q020,STATIONARY_QPP_PRESENT,11,0,3,VALID,29.278399620834875,25.667515790589164,true,79.7145707362955,recovered_period_selected
primary,S003893,C098_QPP_N120_P080_A1_Q020,STATIONARY_QPP_PRESENT,12,0,3,VALID,12.72217899652469,17.1657863108328,true,79.48870051091006,recovered_period_selected
primary,S003894,C098_QPP_N120_P080_A1_Q020,STATIONARY_QPP_PRESENT,13,0,3,VALID,8.923249614179554,11.42532382221134,false,75.52490982870002,formal_m1_center_not_selected
primary,S003895,C098_QPP_N120_P080_A1_Q020,STATIONARY_QPP_PRESENT,14,0,3,VALID,17.388201519724248,15.53118316235657,true,80.89899885472889,recovered_period_selected
primary,S003896,C098_QPP_N120_P080_A1_Q020,STATIONARY_QPP_PRESENT,15,0,3,VALID,11.412212892904222,14.589909630471084,true,80.61639865029692,recovered_period_selected
primary,S003897,C098_QPP_N120_P080_A1_Q020,STATIONARY_QPP_PRESENT,16,0,3,VALID,3.9845735507767586,8.27097895923066,false,80.33871173779588,formal_m1_center_not_selected
primary,S003898,C098_QPP_N120_P080_A1_Q020,STATIONARY_QPP_PRESENT,17,0,3,VALID,7.429042435276983,8.841718770633406,false,79.78985028079241,formal_m1_center_not_selected
primary,S003899,C098_QPP_N120_P080_A1_Q020,STATIONARY_QPP_PRESENT,18,0,3,VALID,14.665634765500045,16.311862316917768,true,80.10544790387198,recovered_period_selected
primary,S003900,C098_QPP_N120_P080_A1_Q020,STATIONARY_QPP_PRESENT,19,0,3,VALID,4.834551441904864,9.874350938259,false,81.58694798460725,formal_m1_center_not_selected
primary,S003901,C098_QPP_N120_P080_A1_Q020,STATIONARY_QPP_PRESENT,20,0,3,VALID,13.993829807940301,13.014961628898163,true,81.45989277517984,recovered_period_selected
primary,S003902,C098_QPP_N120_P080_A1_Q020,STATIONARY_QPP_PRESENT,21,0,3,VALID,10.588055303833585,10.977911374681412,true,81.40611999353393,recovered_period_selected
primary,S003903,C098_QPP_N120_P080_A1_Q020,STATIONARY_QPP_PRESENT,22,0,3,VALID,28.346164516907947,29.227156017944367,true,80.5958191470467,recovered_period_selected
primary,S003904,C098_QPP_N120_P080_A1_Q020,STATIONARY_QPP_PRESENT,23,0,3,VALID,7.951449993431311,11.434823737044098,false,79.3896323185741,formal_m1_center_not_selected
primary,S003905,C098_QPP_N120_P080_A1_Q020,STATIONARY_QPP_PRESENT,24,0,3,VALID,-0.9230248669766752,4.315486580117522,false,79.90875116523748,formal_m1_center_not_selected
primary,S003906,C098_QPP_N120_P080_A1_Q020,STATIONARY_QPP_PRESENT,25,0,3,VALID,13.667672919176994,15.958790484925316,true,81.69617738675598,recovered_period_selected
primary,S003907,C098_QPP_N120_P080_A1_Q020,STATIONARY_QPP_PRESENT,26,0,3,VALID,7.348175227228694,13.159049689261792,false,79.06411310308242,formal_m1_center_not_selected
primary,S003908,C098_QPP_N120_P080_A1_Q020,STATIONARY_QPP_PRESENT,27,0,3,VALID,6.155987203023983,11.593338813490618,false,79.03684990203463,formal_m1_center_not_selected
primary,S003909,C098_QPP_N120_P080_A1_Q020,STATIONARY_QPP_PRESENT,28,0,3,VALID,12.763166094697453,16.308945334847294,true,81.42169851983438,recovered_period_selected
primary,S003910,C098_QPP_N120_P080_A1_Q020,STATIONARY_QPP_PRESENT,29,0,3,VALID,9.685150456288852,15.323598176263545,false,78.96410924159207,formal_m1_center_not_selected
primary,S003911,C098_QPP_N120_P080_A1_Q020,STATIONARY_QPP_PRESENT,30,0,3,VALID,19.031053403169153,22.51800239556235,true,82.4535412887207,recovered_period_selected
primary,S003912,C098_QPP_N120_P080_A1_Q020,STATIONARY_QPP_PRESENT,31,0,3,VALID,18.506773313465487,21.24879338297444,true,81.48106784060414,recovered_period_selected
primary,S003913,C098_QPP_N120_P080_A1_Q020,STATIONARY_QPP_PRESENT,32,0,3,VALID,19.079935247258163,20.665278616696583,true,80.80797446686066,recovered_period_selected
primary,S003914,C098_QPP_N120_P080_A1_Q020,STATIONARY_QPP_PRESENT,33,0,3,VALID,4.845937792634231,8.707169057762371,false,79.0541408432401,formal_m1_center_not_selected
primary,S003915,C098_QPP_N120_P080_A1_Q020,STATIONARY_QPP_PRESENT,34,0,3,VALID,12.830244479380326,15.96693944739684,true,81.79599762719971,recovered_period_selected
primary,S003916,C098_QPP_N120_P080_A1_Q020,STATIONARY_QPP_PRESENT,35,0,3,VALID,1.6781623237084204,7.233757140134685,false,77.58136302443354,formal_m1_center_not_selected
primary,S003917,C098_QPP_N120_P080_A1_Q020,STATIONARY_QPP_PRESENT,36,0,3,VALID,2.3266365143791745,8.7442321056443,false,82.42099398535747,formal_m1_center_not_selected
primary,S003918,C098_QPP_N120_P080_A1_Q020,STATIONARY_QPP_PRESENT,37,0,3,VALID,25.141818104931644,26.39864213724536,true,81.23312300542914,recovered_period_selected
primary,S003919,C098_QPP_N120_P080_A1_Q020,STATIONARY_QPP_PRESENT,38,0,3,VALID,23.398453454164724,20.6857537112719,true,80.28094198769725,recovered_period_selected
primary,S003920,C098_QPP_N120_P080_A1_Q020,STATIONARY_QPP_PRESENT,39,0,3,VALID,7.0519383666891144,13.34142213689438,false,82.67069828000824,formal_m1_center_not_selected
primary,S003921,C099_QPP_N120_P080_A1_Q040,STATIONARY_QPP_PRESENT,0,0,3,VALID,74.00632493853277,47.185957169061,true,81.31903841697766,recovered_period_selected
primary,S003922,C099_QPP_N120_P080_A1_Q040,STATIONARY_QPP_PRESENT,1,0,3,VALID,56.49507180375906,39.91198890013959,true,80.79877585359037,recovered_period_selected
primary,S003923,C099_QPP_N120_P080_A1_Q040,STATIONARY_QPP_PRESENT,2,0,3,VALID,53.258880826553195,44.44606242767247,true,79.27263663737449,recovered_period_selected
primary,S003924,C099_QPP_N120_P080_A1_Q040,STATIONARY_QPP_PRESENT,3,0,3,VALID,62.74842419146364,48.62749875948259,true,78.74972826437048,recovered_period_selected
primary,S003925,C099_QPP_N120_P080_A1_Q040,STATIONARY_QPP_PRESENT,4,0,3,VALID,68.63093454454054,48.353311999512925,true,80.87186681841726,recovered_period_selected
primary,S003926,C099_QPP_N120_P080_A1_Q040,STATIONARY_QPP_PRESENT,5,0,3,VALID,62.21646139038012,46.22495929627826,true,82.31103247749509,recovered_period_selected
primary,S003927,C099_QPP_N120_P080_A1_Q040,STATIONARY_QPP_PRESENT,6,0,3,VALID,62.14317344426354,46.07594471278151,true,79.28025614551905,recovered_period_selected
primary,S003928,C099_QPP_N120_P080_A1_Q040,STATIONARY_QPP_PRESENT,7,0,3,VALID,81.95826826519237,50.524656175472614,true,81.7608000205194,recovered_period_selected
primary,S003929,C099_QPP_N120_P080_A1_Q040,STATIONARY_QPP_PRESENT,8,0,3,VALID,52.27307712965512,44.23691279943762,true,79.44533595806479,recovered_period_selected
primary,S003930,C099_QPP_N120_P080_A1_Q040,STATIONARY_QPP_PRESENT,9,0,3,VALID,62.45840164089168,49.378782179358154,true,80.99398487654345,recovered_period_selected
primary,S003931,C099_QPP_N120_P080_A1_Q040,STATIONARY_QPP_PRESENT,10,0,3,VALID,51.943319352374374,43.73936086578294,true,78.6718975848254,recovered_period_selected
primary,S003932,C099_QPP_N120_P080_A1_Q040,STATIONARY_QPP_PRESENT,11,0,3,VALID,86.1000870409398,54.811504221205155,true,80.0031620943943,recovered_period_selected
primary,S003933,C099_QPP_N120_P080_A1_Q040,STATIONARY_QPP_PRESENT,12,0,3,VALID,54.50822799710613,45.399935757984395,true,79.61090849386453,recovered_period_selected
primary,S003934,C099_QPP_N120_P080_A1_Q040,STATIONARY_QPP_PRESENT,13,0,3,VALID,49.85525078639898,34.4741023550356,true,76.54906446944035,recovered_period_selected
primary,S003935,C099_QPP_N120_P080_A1_Q040,STATIONARY_QPP_PRESENT,14,0,3,VALID,77.6476894834808,47.12184006969096,true,80.80539595669349,recovered_period_selected
primary,S003936,C099_QPP_N120_P080_A1_Q040,STATIONARY_QPP_PRESENT,15,0,3,VALID,72.04848959691128,46.05737472846158,true,80.63171827456789,recovered_period_selected
primary,S003937,C099_QPP_N120_P080_A1_Q040,STATIONARY_QPP_PRESENT,16,0,3,VALID,51.11125413028094,38.78418617447335,true,80.20128633051257,recovered_period_selected
primary,S003938,C099_QPP_N120_P080_A1_Q040,STATIONARY_QPP_PRESENT,17,0,3,VALID,63.96590707797998,45.41293018001954,true,80.46625056167372,recovered_period_selected
primary,S003939,C099_QPP_N120_P080_A1_Q040,STATIONARY_QPP_PRESENT,18,0,3,VALID,65.5560250982486,41.59975289381737,true,80.29410389703966,recovered_period_selected
primary,S003940,C099_QPP_N120_P080_A1_Q040,STATIONARY_QPP_PRESENT,19,0,3,VALID,55.98544600140667,43.14069911634715,true,81.15696308298232,recovered_period_selected
primary,S003941,C099_QPP_N120_P080_A1_Q040,STATIONARY_QPP_PRESENT,20,0,3,VALID,72.81354857030988,47.900292336939856,true,81.90800339740396,recovered_period_selected
primary,S003942,C099_QPP_N120_P080_A1_Q040,STATIONARY_QPP_PRESENT,21,0,3,VALID,65.84152949381871,45.944433939761325,true,81.15750536402206,recovered_period_selected
primary,S003943,C099_QPP_N120_P080_A1_Q040,STATIONARY_QPP_PRESENT,22,0,3,VALID,72.83456727399118,54.399859730313665,true,80.19868337273878,recovered_period_selected
primary,S003944,C099_QPP_N120_P080_A1_Q040,STATIONARY_QPP_PRESENT,23,0,3,VALID,59.08849378564969,49.147014018456275,true,79.75024033825126,recovered_period_selected
primary,S003945,C099_QPP_N120_P080_A1_Q040,STATIONARY_QPP_PRESENT,24,0,3,VALID,55.884007824513674,38.17458739070628,true,79.87965371070369,recovered_period_selected
primary,S003946,C099_QPP_N120_P080_A1_Q040,STATIONARY_QPP_PRESENT,25,0,3,VALID,66.9507373848819,49.397289726474924,true,81.6960494564462,recovered_period_selected
primary,S003947,C099_QPP_N120_P080_A1_Q040,STATIONARY_QPP_PRESENT,26,0,3,VALID,52.87361919907846,44.38080248174617,true,79.56650126552678,recovered_period_selected
primary,S003948,C099_QPP_N120_P080_A1_Q040,STATIONARY_QPP_PRESENT,27,0,3,VALID,53.28020705756239,43.67827634131265,true,79.21965443595039,recovered_period_selected
primary,S003949,C099_QPP_N120_P080_A1_Q040,STATIONARY_QPP_PRESENT,28,0,3,VALID,70.25348946314125,47.18641702486741,true,81.21613064824712,recovered_period_selected
primary,S003950,C099_QPP_N120_P080_A1_Q040,STATIONARY_QPP_PRESENT,29,0,3,VALID,64.28697630008082,46.396440578029456,true,79.38298960401544,recovered_period_selected
primary,S003951,C099_QPP_N120_P080_A1_Q040,STATIONARY_QPP_PRESENT,30,0,3,VALID,74.93547003420701,54.58274770802359,true,81.36623483682779,recovered_period_selected
primary,S003952,C099_QPP_N120_P080_A1_Q040,STATIONARY_QPP_PRESENT,31,0,3,VALID,62.331820441356854,51.1925979989104,true,81.95431908817669,recovered_period_selected
primary,S003953,C099_QPP_N120_P080_A1_Q040,STATIONARY_QPP_PRESENT,32,0,3,VALID,67.7563627652138,47.88178721580368,true,80.78139438532126,recovered_period_selected
primary,S003954,C099_QPP_N120_P080_A1_Q040,STATIONARY_QPP_PRESENT,33,0,3,VALID,70.87948188109897,45.94744759615048,true,79.30688048447432,recovered_period_selected
primary,S003955,C099_QPP_N120_P080_A1_Q040,STATIONARY_QPP_PRESENT,34,0,3,VALID,61.23418552213968,46.3613932014739,true,81.26423250666717,recovered_period_selected
primary,S003956,C099_QPP_N120_P080_A1_Q040,STATIONARY_QPP_PRESENT,35,0,3,VALID,47.2668819321093,37.9749772511866,true,79.11655260487947,recovered_period_selected
primary,S003957,C099_QPP_N120_P080_A1_Q040,STATIONARY_QPP_PRESENT,36,0,3,VALID,46.73196666109152,35.920886704186046,true,80.06868684158613,recovered_period_selected
primary,S003958,C099_QPP_N120_P080_A1_Q040,STATIONARY_QPP_PRESENT,37,0,3,VALID,76.17655436950713,53.61079703693895,true,81.1578657473414,recovered_period_selected
primary,S003959,C099_QPP_N120_P080_A1_Q040,STATIONARY_QPP_PRESENT,38,0,3,VALID,74.72527897609643,48.720254135195546,true,80.26942450162517,recovered_period_selected
primary,S003960,C099_QPP_N120_P080_A1_Q040,STATIONARY_QPP_PRESENT,39,0,3,VALID,59.88609294181697,44.441416446972084,true,82.10832629690354,recovered_period_selected
primary,S003961,C100_QPP_N120_P080_A2_Q010,STATIONARY_QPP_PRESENT,0,0,3,VALID,-0.16980284416956692,4.743953641900021,false,78.73550601600009,formal_m1_center_not_selected
primary,S003962,C100_QPP_N120_P080_A2_Q010,STATIONARY_QPP_PRESENT,1,0,3,VALID,-2.3914562438988014,3.0906891631991584,false,77.97209370701913,formal_m1_center_not_selected
primary,S003963,C100_QPP_N120_P080_A2_Q010,STATIONARY_QPP_PRESENT,2,0,3,VALID,-2.2602833548517083,3.536887912662678,false,78.63050670029008,formal_m1_center_not_selected
primary,S003964,C100_QPP_N120_P080_A2_Q010,STATIONARY_QPP_PRESENT,3,0,3,VALID,0.5573650858793826,6.179250224902944,false,82.23373590765497,formal_m1_center_not_selected
primary,S003965,C100_QPP_N120_P080_A2_Q010,STATIONARY_QPP_PRESENT,4,0,3,VALID,3.964128064623992,7.029023155929622,false,78.7036984441453,formal_m1_center_not_selected
primary,S003966,C100_QPP_N120_P080_A2_Q010,STATIONARY_QPP_PRESENT,5,0,3,VALID,-2.406828373834287,0.2254818260639695,false,82.39137958778049,formal_m1_center_not_selected
primary,S003967,C100_QPP_N120_P080_A2_Q010,STATIONARY_QPP_PRESENT,6,0,3,VALID,2.231270405178634,6.666197986851898,false,79.4164248764508,formal_m1_center_not_selected
primary,S003968,C100_QPP_N120_P080_A2_Q010,STATIONARY_QPP_PRESENT,7,0,3,VALID,-3.3472330369551173,2.67127453113892,false,83.47316402044538,formal_m1_center_not_selected
primary,S003969,C100_QPP_N120_P080_A2_Q010,STATIONARY_QPP_PRESENT,8,0,3,VALID,-9.039825427802157,-1.3976112118060655,false,80.70339103512893,formal_m1_center_not_selected
primary,S003970,C100_QPP_N120_P080_A2_Q010,STATIONARY_QPP_PRESENT,9,0,3,VALID,3.0327229125269923,6.262485008011595,false,81.02419308097758,formal_m1_center_not_selected
primary,S003971,C100_QPP_N120_P080_A2_Q010,STATIONARY_QPP_PRESENT,10,0,3,VALID,2.478005075175247,6.200897235436059,false,78.89904136417564,formal_m1_center_not_selected
primary,S003972,C100_QPP_N120_P080_A2_Q010,STATIONARY_QPP_PRESENT,11,0,3,VALID,-6.4323282392900865,1.2064499008768053,false,77.99711595493578,formal_m1_center_not_selected
primary,S003973,C100_QPP_N120_P080_A2_Q010,STATIONARY_QPP_PRESENT,12,0,3,VALID,-0.9232323533689168,4.23060231256909,false,78.65599196877675,formal_m1_center_not_selected
primary,S003974,C100_QPP_N120_P080_A2_Q010,STATIONARY_QPP_PRESENT,13,0,3,VALID,-4.420760148311729,1.0335973059435446,false,78.79654152530372,formal_m1_center_not_selected
primary,S003975,C100_QPP_N120_P080_A2_Q010,STATIONARY_QPP_PRESENT,14,0,3,VALID,2.114657739728841,4.523820779895914,false,82.58351538420561,formal_m1_center_not_selected
primary,S003976,C100_QPP_N120_P080_A2_Q010,STATIONARY_QPP_PRESENT,15,0,3,VALID,-1.0441823834507886,4.50881079584201,false,82.20384112193226,formal_m1_center_not_selected
primary,S003977,C100_QPP_N120_P080_A2_Q010,STATIONARY_QPP_PRESENT,16,0,3,VALID,-1.3737683427378897,4.192694796297019,false,80.69191583013345,formal_m1_center_not_selected
primary,S003978,C100_QPP_N120_P080_A2_Q010,STATIONARY_QPP_PRESENT,17,0,3,VALID,-3.0512555003261923,2.9817645559734274,false,79.49694552773414,formal_m1_center_not_selected
primary,S003979,C100_QPP_N120_P080_A2_Q010,STATIONARY_QPP_PRESENT,18,0,3,VALID,-2.4358661039871095,2.5570339878184996,false,82.77919767851705,formal_m1_center_not_selected
primary,S003980,C100_QPP_N120_P080_A2_Q010,STATIONARY_QPP_PRESENT,19,0,3,VALID,-1.6450767243705968,3.559959269035403,false,80.17573936894367,formal_m1_center_not_selected
primary,S003981,C100_QPP_N120_P080_A2_Q010,STATIONARY_QPP_PRESENT,20,0,3,VALID,-1.2092954930112683,4.513304863651001,false,77.94346139644026,formal_m1_center_not_selected
primary,S003982,C100_QPP_N120_P080_A2_Q010,STATIONARY_QPP_PRESENT,21,0,3,VALID,-7.081737430133899,0.5893818691646402,false,82.43914973564308,formal_m1_center_not_selected
primary,S003983,C100_QPP_N120_P080_A2_Q010,STATIONARY_QPP_PRESENT,22,0,3,VALID,-8.335968777012567,-3.017322318684478,false,84.52021700165287,formal_m1_center_not_selected
primary,S003984,C100_QPP_N120_P080_A2_Q010,STATIONARY_QPP_PRESENT,23,0,3,VALID,-0.8538800621104201,6.900218929999369,false,78.94023799457764,formal_m1_center_not_selected
primary,S003985,C100_QPP_N120_P080_A2_Q010,STATIONARY_QPP_PRESENT,24,0,3,VALID,9.927717051321792,9.978538417214622,false,82.21192609737206,formal_m1_center_not_selected
primary,S003986,C100_QPP_N120_P080_A2_Q010,STATIONARY_QPP_PRESENT,25,0,3,VALID,1.0198493996480238,5.930762160356949,false,79.71787478405467,formal_m1_center_not_selected
primary,S003987,C100_QPP_N120_P080_A2_Q010,STATIONARY_QPP_PRESENT,26,0,3,VALID,-3.085650719185992,3.4822211183311538,false,78.55271273128415,formal_m1_center_not_selected
primary,S003988,C100_QPP_N120_P080_A2_Q010,STATIONARY_QPP_PRESENT,27,0,3,VALID,-1.756011066406245,4.433495797984165,false,78.48620122103922,formal_m1_center_not_selected
primary,S003989,C100_QPP_N120_P080_A2_Q010,STATIONARY_QPP_PRESENT,28,0,3,VALID,3.5331535786064023,5.388040114132764,false,82.07335474335471,formal_m1_center_not_selected
primary,S003990,C100_QPP_N120_P080_A2_Q010,STATIONARY_QPP_PRESENT,29,0,3,VALID,-8.07547865102174,-3.3576512335846473,false,84.14994119272667,formal_m1_center_not_selected
primary,S003991,C100_QPP_N120_P080_A2_Q010,STATIONARY_QPP_PRESENT,30,0,3,VALID,-1.1515856429424502,3.641994752072378,false,83.04413240936239,formal_m1_center_not_selected
primary,S003992,C100_QPP_N120_P080_A2_Q010,STATIONARY_QPP_PRESENT,31,0,3,VALID,-9.299062940149838,-2.518585724214404,false,82.41836203030215,formal_m1_center_not_selected
primary,S003993,C100_QPP_N120_P080_A2_Q010,STATIONARY_QPP_PRESENT,32,0,3,VALID,-10.339716187862564,-3.649615252754188,false,83.56160956278256,formal_m1_center_not_selected
primary,S003994,C100_QPP_N120_P080_A2_Q010,STATIONARY_QPP_PRESENT,33,0,3,VALID,-4.014365901933388,1.4371989292554872,false,78.80813921610549,formal_m1_center_not_selected
primary,S003995,C100_QPP_N120_P080_A2_Q010,STATIONARY_QPP_PRESENT,34,0,3,VALID,-2.914768056973571,2.724954371942772,false,79.99767289545423,formal_m1_center_not_selected
primary,S003996,C100_QPP_N120_P080_A2_Q010,STATIONARY_QPP_PRESENT,35,0,3,VALID,1.3390109320654346,5.36939344684572,false,82.1258626677576,formal_m1_center_not_selected
primary,S003997,C100_QPP_N120_P080_A2_Q010,STATIONARY_QPP_PRESENT,36,0,3,VALID,-1.1899280141045665,0.7470356649353107,false,83.69672302323842,formal_m1_center_not_selected
primary,S003998,C100_QPP_N120_P080_A2_Q010,STATIONARY_QPP_PRESENT,37,0,3,VALID,-8.208815055348282,-1.839340999855608,false,76.93135522306463,formal_m1_center_not_selected
primary,S003999,C100_QPP_N120_P080_A2_Q010,STATIONARY_QPP_PRESENT,38,0,3,VALID,-6.4342986776105136,0.5260949484843422,false,80.3986220372183,formal_m1_center_not_selected
primary,S004000,C100_QPP_N120_P080_A2_Q010,STATIONARY_QPP_PRESENT,39,0,3,VALID,-5.374512164696739,0.46438836620529855,false,83.48106220546391,formal_m1_center_not_selected
primary,S004001,C101_QPP_N120_P080_A2_Q020,STATIONARY_QPP_PRESENT,0,0,3,VALID,32.43246455280291,26.431909585447215,true,79.11358442863165,recovered_period_selected
primary,S004002,C101_QPP_N120_P080_A2_Q020,STATIONARY_QPP_PRESENT,1,0,3,VALID,28.281442786054185,22.62597885135301,true,78.66170594551542,recovered_period_selected
primary,S004003,C101_QPP_N120_P080_A2_Q020,STATIONARY_QPP_PRESENT,2,0,3,VALID,30.71501948483865,22.756898883237454,true,79.01202028788992,recovered_period_selected
primary,S004004,C101_QPP_N120_P080_A2_Q020,STATIONARY_QPP_PRESENT,3,0,3,VALID,28.95044430747953,22.349769968811415,true,82.2569074628485,recovered_period_selected
primary,S004005,C101_QPP_N120_P080_A2_Q020,STATIONARY_QPP_PRESENT,4,0,3,VALID,37.82754380257279,26.952279580379923,true,79.0870960400441,recovered_period_selected
primary,S004006,C101_QPP_N120_P080_A2_Q020,STATIONARY_QPP_PRESENT,5,0,3,VALID,28.73343490515549,17.792235017726966,true,82.12769494642771,recovered_period_selected
primary,S004007,C101_QPP_N120_P080_A2_Q020,STATIONARY_QPP_PRESENT,6,0,3,VALID,35.02247421504353,25.92116061745253,true,79.61292958607287,recovered_period_selected
primary,S004008,C101_QPP_N120_P080_A2_Q020,STATIONARY_QPP_PRESENT,7,0,3,VALID,28.802576763019715,20.011857882622962,true,82.93361505525536,recovered_period_selected
primary,S004009,C101_QPP_N120_P080_A2_Q020,STATIONARY_QPP_PRESENT,8,0,3,VALID,15.71903493008017,15.631756057067832,true,80.96923335219695,recovered_period_selected
primary,S004010,C101_QPP_N120_P080_A2_Q020,STATIONARY_QPP_PRESENT,9,0,3,VALID,35.87852834647106,25.314077468697747,true,80.94422824251642,recovered_period_selected
primary,S004011,C101_QPP_N120_P080_A2_Q020,STATIONARY_QPP_PRESENT,10,0,3,VALID,31.842368891929596,24.548638849006466,true,79.15673028644814,recovered_period_selected
primary,S004012,C101_QPP_N120_P080_A2_Q020,STATIONARY_QPP_PRESENT,11,0,3,VALID,22.35815344358025,20.805958290142712,true,79.1912065293465,recovered_period_selected
primary,S004013,C101_QPP_N120_P080_A2_Q020,STATIONARY_QPP_PRESENT,12,0,3,VALID,27.22967881675686,22.37651380437046,true,79.2178800143018,recovered_period_selected
primary,S004014,C101_QPP_N120_P080_A2_Q020,STATIONARY_QPP_PRESENT,13,0,3,VALID,20.413729783369376,15.60682252778804,true,79.8046770678476,recovered_period_selected
primary,S004015,C101_QPP_N120_P080_A2_Q020,STATIONARY_QPP_PRESENT,14,0,3,VALID,38.59937236055032,25.654274146482862,true,82.28436972680434,recovered_period_selected
primary,S004016,C101_QPP_N120_P080_A2_Q020,STATIONARY_QPP_PRESENT,15,0,3,VALID,29.97624685542712,20.18467914894086,true,82.05759261993889,recovered_period_selected
primary,S004017,C101_QPP_N120_P080_A2_Q020,STATIONARY_QPP_PRESENT,16,0,3,VALID,27.670700795741027,21.58338116866355,true,80.53063592329083,recovered_period_selected
primary,S004018,C101_QPP_N120_P080_A2_Q020,STATIONARY_QPP_PRESENT,17,0,3,VALID,25.437056374704866,20.52268137837177,true,79.5837097858259,recovered_period_selected
primary,S004019,C101_QPP_N120_P080_A2_Q020,STATIONARY_QPP_PRESENT,18,0,3,VALID,29.147962702181758,18.801288415287672,true,82.25146134639763,recovered_period_selected
primary,S004020,C101_QPP_N120_P080_A2_Q020,STATIONARY_QPP_PRESENT,19,0,3,VALID,23.857586317888035,20.224551314349924,true,80.03453662558125,recovered_period_selected
primary,S004021,C101_QPP_N120_P080_A2_Q020,STATIONARY_QPP_PRESENT,20,0,3,VALID,30.638413447191738,23.65270212911605,true,78.59787157074503,recovered_period_selected
primary,S004022,C101_QPP_N120_P080_A2_Q020,STATIONARY_QPP_PRESENT,21,0,3,VALID,21.24067118448204,18.570383907009045,true,81.68719879452568,recovered_period_selected
primary,S004023,C101_QPP_N120_P080_A2_Q020,STATIONARY_QPP_PRESENT,22,0,3,VALID,16.314495787660803,12.57826748586615,true,83.24799743796632,recovered_period_selected
primary,S004024,C101_QPP_N120_P080_A2_Q020,STATIONARY_QPP_PRESENT,23,0,3,VALID,29.42695695698103,23.210344726109724,true,79.15872701154798,recovered_period_selected
primary,S004025,C101_QPP_N120_P080_A2_Q020,STATIONARY_QPP_PRESENT,24,0,3,VALID,46.35767352747769,29.48877305518363,true,82.15466543727756,recovered_period_selected
primary,S004026,C101_QPP_N120_P080_A2_Q020,STATIONARY_QPP_PRESENT,25,0,3,VALID,32.83050377688619,24.204234588511895,true,79.8764548876145,recovered_period_selected
primary,S004027,C101_QPP_N120_P080_A2_Q020,STATIONARY_QPP_PRESENT,26,0,3,VALID,24.16251037815607,20.92020972950604,true,78.94791962151383,recovered_period_selected
primary,S004028,C101_QPP_N120_P080_A2_Q020,STATIONARY_QPP_PRESENT,27,0,3,VALID,27.83502450301023,23.864412866635348,true,78.76990250137578,recovered_period_selected
primary,S004029,C101_QPP_N120_P080_A2_Q020,STATIONARY_QPP_PRESENT,28,0,3,VALID,38.7995199035571,24.045340019160903,true,82.06780621925506,recovered_period_selected
primary,S004030,C101_QPP_N120_P080_A2_Q020,STATIONARY_QPP_PRESENT,29,0,3,VALID,16.87536302913736,13.22827259732071,true,82.56698735455082,recovered_period_selected
primary,S004031,C101_QPP_N120_P080_A2_Q020,STATIONARY_QPP_PRESENT,30,0,3,VALID,31.11322070852566,21.797908866859643,true,82.45244854190238,recovered_period_selected
primary,S004032,C101_QPP_N120_P080_A2_Q020,STATIONARY_QPP_PRESENT,31,0,3,VALID,18.371461605903164,15.31421487099351,true,81.68639441803894,recovered_period_selected
primary,S004033,C101_QPP_N120_P080_A2_Q020,STATIONARY_QPP_PRESENT,32,0,3,VALID,15.851223422237126,13.59438680772655,true,81.26521022140452,recovered_period_selected
primary,S004034,C101_QPP_N120_P080_A2_Q020,STATIONARY_QPP_PRESENT,33,0,3,VALID,25.2290305981179,20.031387825827665,true,79.28773226619928,recovered_period_selected
primary,S004035,C101_QPP_N120_P080_A2_Q020,STATIONARY_QPP_PRESENT,34,0,3,VALID,31.621914309875365,24.13993382245019,true,80.26853866508588,recovered_period_selected
primary,S004036,C101_QPP_N120_P080_A2_Q020,STATIONARY_QPP_PRESENT,35,0,3,VALID,32.59765109432783,24.545563061064172,true,81.91851559118713,recovered_period_selected
primary,S004037,C101_QPP_N120_P080_A2_Q020,STATIONARY_QPP_PRESENT,36,0,3,VALID,30.375758847183988,20.266662306618173,true,82.87678951927393,recovered_period_selected
primary,S004038,C101_QPP_N120_P080_A2_Q020,STATIONARY_QPP_PRESENT,37,0,3,VALID,16.16801869267954,15.029153136903233,true,79.71196825753562,recovered_period_selected
primary,S004039,C101_QPP_N120_P080_A2_Q020,STATIONARY_QPP_PRESENT,38,0,3,VALID,25.850354035316514,20.67462171272291,true,80.67161309023163,recovered_period_selected
primary,S004040,C101_QPP_N120_P080_A2_Q020,STATIONARY_QPP_PRESENT,39,0,3,VALID,26.4688597427255,18.050613003691296,true,82.57090445214843,recovered_period_selected
primary,S004041,C102_QPP_N120_P080_A2_Q040,STATIONARY_QPP_PRESENT,0,0,3,VALID,105.15258602455526,65.40340092631118,true,78.97102282228639,recovered_period_selected
primary,S004042,C102_QPP_N120_P080_A2_Q040,STATIONARY_QPP_PRESENT,1,0,3,VALID,100.10661219575661,60.06051944414196,true,78.82000423030676,recovered_period_selected
primary,S004043,C102_QPP_N120_P080_A2_Q040,STATIONARY_QPP_PRESENT,2,0,3,VALID,105.5685800209219,60.85739787963632,true,78.99994849112318,recovered_period_selected
primary,S004044,C102_QPP_N120_P080_A2_Q040,STATIONARY_QPP_PRESENT,3,0,3,VALID,90.82546372183856,51.115172654990374,true,81.96874073625077,recovered_period_selected
primary,S004045,C102_QPP_N120_P080_A2_Q040,STATIONARY_QPP_PRESENT,4,0,3,VALID,104.63837078387735,61.1496177287471,true,79.25238332885102,recovered_period_selected
primary,S004046,C102_QPP_N120_P080_A2_Q040,STATIONARY_QPP_PRESENT,5,0,3,VALID,100.72289227888871,53.54959248599812,true,82.34316264209978,recovered_period_selected
primary,S004047,C102_QPP_N120_P080_A2_Q040,STATIONARY_QPP_PRESENT,6,0,3,VALID,101.1295099583773,58.8953764858702,true,79.67512998396717,recovered_period_selected
primary,S004048,C102_QPP_N120_P080_A2_Q040,STATIONARY_QPP_PRESENT,7,0,3,VALID,107.27299949258554,59.73933313778036,true,82.7690458992482,recovered_period_selected
primary,S004049,C102_QPP_N120_P080_A2_Q040,STATIONARY_QPP_PRESENT,8,0,3,VALID,88.66993930368562,53.12729182679834,true,81.48609039158286,recovered_period_selected
primary,S004050,C102_QPP_N120_P080_A2_Q040,STATIONARY_QPP_PRESENT,9,0,3,VALID,102.33829181052408,57.91241309311215,true,80.92732341235302,recovered_period_selected
primary,S004051,C102_QPP_N120_P080_A2_Q040,STATIONARY_QPP_PRESENT,10,0,3,VALID,94.28546287106212,57.18171995437217,true,79.27751509726671,recovered_period_selected
primary,S004052,C102_QPP_N120_P080_A2_Q040,STATIONARY_QPP_PRESENT,11,0,3,VALID,97.58437673945105,58.85983918788702,true,79.68599873899839,recovered_period_selected
primary,S004053,C102_QPP_N120_P080_A2_Q040,STATIONARY_QPP_PRESENT,12,0,3,VALID,89.75133451109286,54.89473024135441,true,79.56929791557216,recovered_period_selected
primary,S004054,C102_QPP_N120_P080_A2_Q040,STATIONARY_QPP_PRESENT,13,0,3,VALID,83.5289924371474,46.494614067091334,true,80.00066046661298,recovered_period_selected
primary,S004055,C102_QPP_N120_P080_A2_Q040,STATIONARY_QPP_PRESENT,14,0,3,VALID,120.54136703067786,67.64425896761497,true,82.14411777676376,recovered_period_selected
primary,S004056,C102_QPP_N120_P080_A2_Q040,STATIONARY_QPP_PRESENT,15,0,3,VALID,99.01375313633446,54.22820467405518,true,81.93044657606045,recovered_period_selected
primary,S004057,C102_QPP_N120_P080_A2_Q040,STATIONARY_QPP_PRESENT,16,0,3,VALID,91.28131563987608,52.756873635157945,true,80.24265771161144,recovered_period_selected
primary,S004058,C102_QPP_N120_P080_A2_Q040,STATIONARY_QPP_PRESENT,17,0,3,VALID,89.41869039923597,52.69305612227845,true,79.53876853432944,recovered_period_selected
primary,S004059,C102_QPP_N120_P080_A2_Q040,STATIONARY_QPP_PRESENT,18,0,3,VALID,99.54954367708842,51.76297585360953,true,82.03633436447004,recovered_period_selected
primary,S004060,C102_QPP_N120_P080_A2_Q040,STATIONARY_QPP_PRESENT,19,0,3,VALID,83.9167506934109,51.30345966307277,true,79.98578664712225,recovered_period_selected
primary,S004061,C102_QPP_N120_P080_A2_Q040,STATIONARY_QPP_PRESENT,20,0,3,VALID,101.4971341709828,59.29485227718078,true,78.92087235077997,recovered_period_selected
primary,S004062,C102_QPP_N120_P080_A2_Q040,STATIONARY_QPP_PRESENT,21,0,3,VALID,95.60509310696261,54.49346297952002,true,81.82525396562944,recovered_period_selected
primary,S004063,C102_QPP_N120_P080_A2_Q040,STATIONARY_QPP_PRESENT,22,0,3,VALID,89.14857279316311,49.68435127328621,true,82.47324175003291,recovered_period_selected
primary,S004064,C102_QPP_N120_P080_A2_Q040,STATIONARY_QPP_PRESENT,23,0,3,VALID,95.06788357840298,56.504486779999866,true,79.28959602039916,recovered_period_selected
primary,S004065,C102_QPP_N120_P080_A2_Q040,STATIONARY_QPP_PRESENT,24,0,3,VALID,114.95933118639152,63.14436203121147,true,82.05632093885447,recovered_period_selected
primary,S004066,C102_QPP_N120_P080_A2_Q040,STATIONARY_QPP_PRESENT,25,0,3,VALID,97.69029251623635,56.07634374971269,true,79.84658556122135,recovered_period_selected
primary,S004067,C102_QPP_N120_P080_A2_Q040,STATIONARY_QPP_PRESENT,26,0,3,VALID,88.41828588155784,53.640741720479014,true,79.02250726385651,recovered_period_selected
primary,S004068,C102_QPP_N120_P080_A2_Q040,STATIONARY_QPP_PRESENT,27,0,3,VALID,94.37708875612407,58.25907900256652,true,78.88375075175743,recovered_period_selected
primary,S004069,C102_QPP_N120_P080_A2_Q040,STATIONARY_QPP_PRESENT,28,0,3,VALID,108.6645589848855,57.87369360193577,true,81.97813751132537,recovered_period_selected
primary,S004070,C102_QPP_N120_P080_A2_Q040,STATIONARY_QPP_PRESENT,29,0,3,VALID,90.16495274061174,52.68151175994842,true,82.14494400854915,recovered_period_selected
primary,S004071,C102_QPP_N120_P080_A2_Q040,STATIONARY_QPP_PRESENT,30,0,3,VALID,102.80906841441902,56.281286360239164,true,82.09707517205418,recovered_period_selected
primary,S004072,C102_QPP_N120_P080_A2_Q040,STATIONARY_QPP_PRESENT,31,0,3,VALID,99.64698955286428,57.051246707103815,true,81.54661633271655,recovered_period_selected
primary,S004073,C102_QPP_N120_P080_A2_Q040,STATIONARY_QPP_PRESENT,32,0,3,VALID,97.36518143980311,57.71958751621162,true,81.17158572910789,recovered_period_selected
primary,S004074,C102_QPP_N120_P080_A2_Q040,STATIONARY_QPP_PRESENT,33,0,3,VALID,97.71577903003765,58.03499234198739,true,79.0673382901205,recovered_period_selected
primary,S004075,C102_QPP_N120_P080_A2_Q040,STATIONARY_QPP_PRESENT,34,0,3,VALID,113.94228317620298,66.68179926305709,true,80.33187163312563,recovered_period_selected
primary,S004076,C102_QPP_N120_P080_A2_Q040,STATIONARY_QPP_PRESENT,35,0,3,VALID,100.5351501492903,58.82732425645918,true,81.8348526406212,recovered_period_selected
primary,S004077,C102_QPP_N120_P080_A2_Q040,STATIONARY_QPP_PRESENT,36,0,3,VALID,108.30349388632897,62.15395392026278,true,82.82649134467046,recovered_period_selected
primary,S004078,C102_QPP_N120_P080_A2_Q040,STATIONARY_QPP_PRESENT,37,0,3,VALID,89.1435889600832,55.50348013684095,true,80.23214432850162,recovered_period_selected
primary,S004079,C102_QPP_N120_P080_A2_Q040,STATIONARY_QPP_PRESENT,38,0,3,VALID,109.31145292864574,62.8535850232571,true,80.8367502792899,recovered_period_selected
primary,S004080,C102_QPP_N120_P080_A2_Q040,STATIONARY_QPP_PRESENT,39,0,3,VALID,109.35123097430369,59.63933930524877,true,82.28283609977714,recovered_period_selected
primary,S004081,C103_QPP_N120_P140_A0_Q010,STATIONARY_QPP_PRESENT,0,0,3,VALID,-8.681144977281747,-2.016412550634982,false,40.02380595748293,formal_m1_center_not_selected
primary,S004082,C103_QPP_N120_P140_A0_Q010,STATIONARY_QPP_PRESENT,1,0,3,VALID,-5.873985511306159,0.9154825627750824,false,71.84642087191862,formal_m1_center_not_selected
primary,S004083,C103_QPP_N120_P140_A0_Q010,STATIONARY_QPP_PRESENT,2,0,3,VALID,-9.327950692976856,-2.7383814199573635,false,149.7867597266709,formal_m1_center_not_selected
primary,S004084,C103_QPP_N120_P140_A0_Q010,STATIONARY_QPP_PRESENT,3,0,3,VALID,-9.649584438238662,-2.2971144531534264,false,133.9810591337759,formal_m1_center_not_selected
primary,S004085,C103_QPP_N120_P140_A0_Q010,STATIONARY_QPP_PRESENT,4,0,3,VALID,-8.911997498840947,-2.598408536894567,false,52.190696679372685,formal_m1_center_not_selected
primary,S004086,C103_QPP_N120_P140_A0_Q010,STATIONARY_QPP_PRESENT,5,0,3,VALID,-8.83705892210503,-2.0728894152789508,false,46.05695560360493,formal_m1_center_not_selected
primary,S004087,C103_QPP_N120_P140_A0_Q010,STATIONARY_QPP_PRESENT,6,0,3,VALID,-7.727977163168475,-2.373604284021553,false,55.448324652445216,formal_m1_center_not_selected
primary,S004088,C103_QPP_N120_P140_A0_Q010,STATIONARY_QPP_PRESENT,7,0,3,VALID,-3.7078487916541008,2.3868708084975196,false,54.92522904347279,formal_m1_center_not_selected
primary,S004089,C103_QPP_N120_P140_A0_Q010,STATIONARY_QPP_PRESENT,8,0,3,VALID,-8.069269349672027,-3.0563162157553734,false,40.0,formal_m1_center_not_selected
primary,S004090,C103_QPP_N120_P140_A0_Q010,STATIONARY_QPP_PRESENT,9,0,3,VALID,-11.463933232364639,-4.165057744419073,false,48.98218307072381,formal_m1_center_not_selected
primary,S004091,C103_QPP_N120_P140_A0_Q010,STATIONARY_QPP_PRESENT,10,0,3,VALID,-8.182874325143416,-2.126483514724214,false,48.668398370374554,formal_m1_center_not_selected
primary,S004092,C103_QPP_N120_P140_A0_Q010,STATIONARY_QPP_PRESENT,11,0,3,VALID,-6.420123886648298,1.1547400675249264,false,50.38257275393958,formal_m1_center_not_selected
primary,S004093,C103_QPP_N120_P140_A0_Q010,STATIONARY_QPP_PRESENT,12,0,3,VALID,-8.77733923308574,-1.8161153314218836,false,68.49003715786168,formal_m1_center_not_selected
primary,S004094,C103_QPP_N120_P140_A0_Q010,STATIONARY_QPP_PRESENT,13,0,3,VALID,-8.374176401777845,-0.9945338416432605,false,60.23408959421284,formal_m1_center_not_selected
primary,S004095,C103_QPP_N120_P140_A0_Q010,STATIONARY_QPP_PRESENT,14,0,3,VALID,-11.46909129968219,-5.027986123872438,false,46.70001104391524,formal_m1_center_not_selected
primary,S004096,C103_QPP_N120_P140_A0_Q010,STATIONARY_QPP_PRESENT,15,0,3,VALID,-4.342334619045005,0.612268905506653,false,70.66741735768267,formal_m1_center_not_selected
primary,S004097,C103_QPP_N120_P140_A0_Q010,STATIONARY_QPP_PRESENT,16,0,3,VALID,-10.870323100131145,-3.3106579545572004,false,44.75207418540736,formal_m1_center_not_selected
primary,S004098,C103_QPP_N120_P140_A0_Q010,STATIONARY_QPP_PRESENT,17,0,3,VALID,3.6797871835133265,10.675606607460281,false,51.878837528953056,formal_m1_center_not_selected
primary,S004099,C103_QPP_N120_P140_A0_Q010,STATIONARY_QPP_PRESENT,18,0,3,VALID,-7.61064430668398,-0.8374454892119729,false,46.784451923406664,formal_m1_center_not_selected
primary,S004100,C103_QPP_N120_P140_A0_Q010,STATIONARY_QPP_PRESENT,19,0,3,VALID,-10.153042855065792,-2.3866415722097827,false,75.49146824170052,formal_m1_center_not_selected
primary,S004101,C103_QPP_N120_P140_A0_Q010,STATIONARY_QPP_PRESENT,20,0,3,VALID,-5.47257747059507,0.6857273554021504,false,58.65292813595636,formal_m1_center_not_selected
primary,S004102,C103_QPP_N120_P140_A0_Q010,STATIONARY_QPP_PRESENT,21,0,3,VALID,-1.7458072860191578,3.6083757050885197,false,43.18401851314365,formal_m1_center_not_selected
primary,S004103,C103_QPP_N120_P140_A0_Q010,STATIONARY_QPP_PRESENT,22,0,3,VALID,-7.84443092739275,-1.7461508545900415,false,42.20947374426403,formal_m1_center_not_selected
primary,S004104,C103_QPP_N120_P140_A0_Q010,STATIONARY_QPP_PRESENT,23,0,3,VALID,-4.916091887032735,2.6165911802315804,false,51.04141053204947,formal_m1_center_not_selected
primary,S004105,C103_QPP_N120_P140_A0_Q010,STATIONARY_QPP_PRESENT,24,0,3,VALID,-10.703746189403773,-4.605125437110132,false,51.474504377372654,formal_m1_center_not_selected
primary,S004106,C103_QPP_N120_P140_A0_Q010,STATIONARY_QPP_PRESENT,25,0,3,VALID,-11.235590624305132,-3.790433763168835,false,133.10892547120844,formal_m1_center_not_selected
primary,S004107,C103_QPP_N120_P140_A0_Q010,STATIONARY_QPP_PRESENT,26,0,3,VALID,-11.134996871090493,-3.1965228346605272,false,137.98359912939748,formal_m1_center_not_selected
primary,S004108,C103_QPP_N120_P140_A0_Q010,STATIONARY_QPP_PRESENT,27,0,3,VALID,-7.66000284457175,-1.2289185372108022,false,59.318057230036395,formal_m1_center_not_selected
primary,S004109,C103_QPP_N120_P140_A0_Q010,STATIONARY_QPP_PRESENT,28,0,3,VALID,-10.22061065347873,-3.629711492344427,false,118.11208988592169,formal_m1_center_not_selected
primary,S004110,C103_QPP_N120_P140_A0_Q010,STATIONARY_QPP_PRESENT,29,0,3,VALID,-11.083624855630092,-3.463719420927873,false,42.82032334890966,formal_m1_center_not_selected
primary,S004111,C103_QPP_N120_P140_A0_Q010,STATIONARY_QPP_PRESENT,30,0,3,VALID,-8.529073729950824,-1.801267523567617,false,40.530454670504184,formal_m1_center_not_selected
primary,S004112,C103_QPP_N120_P140_A0_Q010,STATIONARY_QPP_PRESENT,31,0,3,VALID,-6.180697793448871,0.8817437401440884,false,84.70026216749204,formal_m1_center_not_selected
primary,S004113,C103_QPP_N120_P140_A0_Q010,STATIONARY_QPP_PRESENT,32,0,3,VALID,-3.5292209372441903,2.3922081798406225,false,62.649036799759564,formal_m1_center_not_selected
primary,S004114,C103_QPP_N120_P140_A0_Q010,STATIONARY_QPP_PRESENT,33,0,3,VALID,-4.140538934947131,1.9547172067773317,false,47.11938515239152,formal_m1_center_not_selected
primary,S004115,C103_QPP_N120_P140_A0_Q010,STATIONARY_QPP_PRESENT,34,0,3,VALID,0.14597134529697087,4.871739595967597,false,50.05849767242599,formal_m1_center_not_selected
primary,S004116,C103_QPP_N120_P140_A0_Q010,STATIONARY_QPP_PRESENT,35,0,3,VALID,-7.977613749708212,-1.302160934063295,false,134.56326730264948,formal_m1_center_not_selected
primary,S004117,C103_QPP_N120_P140_A0_Q010,STATIONARY_QPP_PRESENT,36,0,3,VALID,-10.003893616365303,-3.575211010830003,false,120.18271848210478,formal_m1_center_not_selected
primary,S004118,C103_QPP_N120_P140_A0_Q010,STATIONARY_QPP_PRESENT,37,0,3,VALID,-8.929484109860823,-1.959252500597131,false,59.004654789189594,formal_m1_center_not_selected
primary,S004119,C103_QPP_N120_P140_A0_Q010,STATIONARY_QPP_PRESENT,38,0,3,VALID,-9.552828237728363,-2.518235798222122,false,148.22300517235158,formal_m1_center_not_selected
primary,S004120,C103_QPP_N120_P140_A0_Q010,STATIONARY_QPP_PRESENT,39,0,3,VALID,-9.524603929425439,-1.5928148880142317,false,71.71968989211972,formal_m1_center_not_selected
primary,S004121,C104_QPP_N120_P140_A0_Q020,STATIONARY_QPP_PRESENT,0,0,3,VALID,-8.253812100793198,-2.269912520334401,false,40.40055789220541,formal_m1_center_not_selected
primary,S004122,C104_QPP_N120_P140_A0_Q020,STATIONARY_QPP_PRESENT,1,0,3,VALID,-6.671628307998844,0.31667894285703824,false,71.7347437681043,formal_m1_center_not_selected
primary,S004123,C104_QPP_N120_P140_A0_Q020,STATIONARY_QPP_PRESENT,2,0,3,VALID,-4.226513034864752,0.9654383791106511,false,147.28236006746477,formal_m1_center_not_selected
primary,S004124,C104_QPP_N120_P140_A0_Q020,STATIONARY_QPP_PRESENT,3,0,3,VALID,-7.240573419513225,0.43625077374304055,false,134.78704283888754,formal_m1_center_not_selected
primary,S004125,C104_QPP_N120_P140_A0_Q020,STATIONARY_QPP_PRESENT,4,0,3,VALID,-8.001624727656235,-3.449089682796057,false,135.1659045344682,formal_m1_center_not_selected
primary,S004126,C104_QPP_N120_P140_A0_Q020,STATIONARY_QPP_PRESENT,5,0,3,VALID,-6.680973815255584,-2.0446312615093802,false,142.9605130558836,formal_m1_center_not_selected
primary,S004127,C104_QPP_N120_P140_A0_Q020,STATIONARY_QPP_PRESENT,6,0,3,VALID,-5.0667267426545095,-2.7082727267641076,false,147.38011202093705,formal_m1_center_not_selected
primary,S004128,C104_QPP_N120_P140_A0_Q020,STATIONARY_QPP_PRESENT,7,0,3,VALID,-3.5874908425923877,0.6292673483781073,false,54.6456451141585,formal_m1_center_not_selected
primary,S004129,C104_QPP_N120_P140_A0_Q020,STATIONARY_QPP_PRESENT,8,0,3,VALID,-3.495207187325377,-1.5945750382622919,false,143.68252882122496,formal_m1_center_not_selected
primary,S004130,C104_QPP_N120_P140_A0_Q020,STATIONARY_QPP_PRESENT,9,0,3,VALID,-8.332066307418131,-2.6220013053481352,false,150.4448538333098,formal_m1_center_not_selected
primary,S004131,C104_QPP_N120_P140_A0_Q020,STATIONARY_QPP_PRESENT,10,0,3,VALID,-3.985591792760715,0.22419291103824435,false,138.78819158815662,formal_m1_center_not_selected
primary,S004132,C104_QPP_N120_P140_A0_Q020,STATIONARY_QPP_PRESENT,11,0,3,VALID,-5.945970543448993,1.8245906976003425,false,139.1618968081839,formal_m1_center_not_selected
primary,S004133,C104_QPP_N120_P140_A0_Q020,STATIONARY_QPP_PRESENT,12,0,3,VALID,-8.640043236690985,-1.351823170709963,false,149.2246033698107,formal_m1_center_not_selected
primary,S004134,C104_QPP_N120_P140_A0_Q020,STATIONARY_QPP_PRESENT,13,0,3,VALID,-3.418642203181207,3.9378036842232405,false,139.4936222188695,formal_m1_center_not_selected
primary,S004135,C104_QPP_N120_P140_A0_Q020,STATIONARY_QPP_PRESENT,14,0,3,VALID,-7.439702642228781,-1.5654075656792656,false,145.12957200313633,formal_m1_center_not_selected
primary,S004136,C104_QPP_N120_P140_A0_Q020,STATIONARY_QPP_PRESENT,15,0,3,VALID,-5.515068429937401,0.2260030827483206,false,70.22052927457351,formal_m1_center_not_selected
primary,S004137,C104_QPP_N120_P140_A0_Q020,STATIONARY_QPP_PRESENT,16,0,3,VALID,-10.540302113543476,-3.495109487886566,false,44.73279979408783,formal_m1_center_not_selected
primary,S004138,C104_QPP_N120_P140_A0_Q020,STATIONARY_QPP_PRESENT,17,0,3,VALID,4.769075128899885,12.15533546010488,false,51.80926347144297,formal_m1_center_not_selected
primary,S004139,C104_QPP_N120_P140_A0_Q020,STATIONARY_QPP_PRESENT,18,0,3,VALID,-6.815585985773282,0.8243975101423757,false,46.63994170801238,formal_m1_center_not_selected
primary,S004140,C104_QPP_N120_P140_A0_Q020,STATIONARY_QPP_PRESENT,19,0,3,VALID,-7.508841488679536,-0.2712790162673855,false,135.6301228163271,formal_m1_center_not_selected
primary,S004141,C104_QPP_N120_P140_A0_Q020,STATIONARY_QPP_PRESENT,20,0,3,VALID,-1.9776534295544934,1.1474108916447676,false,147.9546512725263,formal_m1_center_not_selected
primary,S004142,C104_QPP_N120_P140_A0_Q020,STATIONARY_QPP_PRESENT,21,0,3,VALID,-0.605932047361307,0.9314398978119698,false,42.95807865914669,formal_m1_center_not_selected
primary,S004143,C104_QPP_N120_P140_A0_Q020,STATIONARY_QPP_PRESENT,22,0,3,VALID,-7.167460357865252,-1.851815163270885,false,42.266593161226574,formal_m1_center_not_selected
primary,S004144,C104_QPP_N120_P140_A0_Q020,STATIONARY_QPP_PRESENT,23,0,3,VALID,-0.8655734740033267,5.783168954139796,false,141.185870965893,formal_m1_center_not_selected
primary,S004145,C104_QPP_N120_P140_A0_Q020,STATIONARY_QPP_PRESENT,24,0,3,VALID,-8.953965856638433,-2.419997975963838,false,154.67044585704662,formal_m1_center_not_selected
primary,S004146,C104_QPP_N120_P140_A0_Q020,STATIONARY_QPP_PRESENT,25,0,3,VALID,-7.162799199705432,-0.9301865573365831,false,135.3536568973771,formal_m1_center_not_selected
primary,S004147,C104_QPP_N120_P140_A0_Q020,STATIONARY_QPP_PRESENT,26,0,3,VALID,-6.704198397106438,0.5337602341722913,false,139.74379921982862,formal_m1_center_not_selected
primary,S004148,C104_QPP_N120_P140_A0_Q020,STATIONARY_QPP_PRESENT,27,0,3,VALID,-7.921312101390072,-1.3253835910589942,false,59.29135672704291,formal_m1_center_not_selected
primary,S004149,C104_QPP_N120_P140_A0_Q020,STATIONARY_QPP_PRESENT,28,0,3,VALID,-7.248487359469777,-1.7275991938678317,false,134.1447803375865,formal_m1_center_not_selected
primary,S004150,C104_QPP_N120_P140_A0_Q020,STATIONARY_QPP_PRESENT,29,0,3,VALID,-10.646673550984929,-3.213231880400599,false,42.80263336977441,formal_m1_center_not_selected
primary,S004151,C104_QPP_N120_P140_A0_Q020,STATIONARY_QPP_PRESENT,30,0,3,VALID,-2.951904858830517,1.8208368546444262,false,137.46028414948802,formal_m1_center_not_selected
primary,S004152,C104_QPP_N120_P140_A0_Q020,STATIONARY_QPP_PRESENT,31,0,3,VALID,-7.178170495409063,-0.13618196978529795,false,84.50744666209282,formal_m1_center_not_selected
primary,S004153,C104_QPP_N120_P140_A0_Q020,STATIONARY_QPP_PRESENT,32,0,3,VALID,-3.9187232833493226,2.2605688061945557,false,62.59675185317518,formal_m1_center_not_selected
primary,S004154,C104_QPP_N120_P140_A0_Q020,STATIONARY_QPP_PRESENT,33,0,3,VALID,-3.4326003207853546,0.5745246729466089,false,47.07407922963081,formal_m1_center_not_selected
primary,S004155,C104_QPP_N120_P140_A0_Q020,STATIONARY_QPP_PRESENT,34,0,3,VALID,0.34950292315852494,5.185673180567505,false,50.039997528957706,formal_m1_center_not_selected
primary,S004156,C104_QPP_N120_P140_A0_Q020,STATIONARY_QPP_PRESENT,35,0,3,VALID,-1.4183202617153938,3.1970172494054623,false,135.86952255172056,formal_m1_center_not_selected
primary,S004157,C104_QPP_N120_P140_A0_Q020,STATIONARY_QPP_PRESENT,36,0,3,VALID,-9.682842045056873,-4.077995727036296,false,145.41532357148026,formal_m1_center_not_selected
primary,S004158,C104_QPP_N120_P140_A0_Q020,STATIONARY_QPP_PRESENT,37,0,3,VALID,-8.772474723640585,-2.2811911190906358,false,142.48166683582517,formal_m1_center_not_selected
primary,S004159,C104_QPP_N120_P140_A0_Q020,STATIONARY_QPP_PRESENT,38,0,3,VALID,-5.209531922128463,0.6412963731631862,false,144.591876017195,formal_m1_center_not_selected
primary,S004160,C104_QPP_N120_P140_A0_Q020,STATIONARY_QPP_PRESENT,39,0,3,VALID,-6.1931434308219195,1.5493114680897406,false,132.57914214389325,formal_m1_center_not_selected
primary,S004161,C105_QPP_N120_P140_A0_Q040,STATIONARY_QPP_PRESENT,0,0,3,VALID,1.515556267862621,1.1337302415985278,false,144.8055485939059,formal_m1_center_not_selected
primary,S004162,C105_QPP_N120_P140_A0_Q040,STATIONARY_QPP_PRESENT,1,0,3,VALID,-0.635016719119676,5.3730226240203365,false,144.6098154419995,formal_m1_center_not_selected
primary,S004163,C105_QPP_N120_P140_A0_Q040,STATIONARY_QPP_PRESENT,2,0,3,VALID,10.73178078405374,10.91087369597426,true,145.44850165397668,recovered_period_selected
primary,S004164,C105_QPP_N120_P140_A0_Q040,STATIONARY_QPP_PRESENT,3,0,3,VALID,3.629314923771176,9.226124704770996,false,137.56261618371846,formal_m1_center_not_selected
primary,S004165,C105_QPP_N120_P140_A0_Q040,STATIONARY_QPP_PRESENT,4,0,3,VALID,7.959906691114043,6.378174424596068,false,137.2417370302422,formal_m1_center_not_selected
primary,S004166,C105_QPP_N120_P140_A0_Q040,STATIONARY_QPP_PRESENT,5,0,3,VALID,10.04985866316531,11.518617014169081,true,141.4148732020765,recovered_period_selected
primary,S004167,C105_QPP_N120_P140_A0_Q040,STATIONARY_QPP_PRESENT,6,0,3,VALID,12.28757055998824,6.064077725632956,false,145.42096178497604,formal_m1_center_not_selected
primary,S004168,C105_QPP_N120_P140_A0_Q040,STATIONARY_QPP_PRESENT,7,0,3,VALID,11.397204259366731,9.965982820926797,false,142.66438056661386,formal_m1_center_not_selected
primary,S004169,C105_QPP_N120_P140_A0_Q040,STATIONARY_QPP_PRESENT,8,0,3,VALID,14.523483624709002,7.239209700689798,false,142.6603156170897,formal_m1_center_not_selected
primary,S004170,C105_QPP_N120_P140_A0_Q040,STATIONARY_QPP_PRESENT,9,0,3,VALID,6.443725464864428,4.2604694793994895,false,146.35702956208019,formal_m1_center_not_selected
primary,S004171,C105_QPP_N120_P140_A0_Q040,STATIONARY_QPP_PRESENT,10,0,3,VALID,12.859077411692397,10.024273650467421,true,138.5472482015396,recovered_period_selected
primary,S004172,C105_QPP_N120_P140_A0_Q040,STATIONARY_QPP_PRESENT,11,0,3,VALID,8.829185246353859,12.471054308119506,false,139.4976611939399,formal_m1_center_not_selected
primary,S004173,C105_QPP_N120_P140_A0_Q040,STATIONARY_QPP_PRESENT,12,0,3,VALID,3.5938303550782393,7.628451992589248,false,145.74122919873534,formal_m1_center_not_selected
primary,S004174,C105_QPP_N120_P140_A0_Q040,STATIONARY_QPP_PRESENT,13,0,3,VALID,11.552593578799701,14.069784521441534,true,139.2737777996863,recovered_period_selected
primary,S004175,C105_QPP_N120_P140_A0_Q040,STATIONARY_QPP_PRESENT,14,0,3,VALID,8.41119362199504,6.013976835360381,false,143.57932700530674,formal_m1_center_not_selected
primary,S004176,C105_QPP_N120_P140_A0_Q040,STATIONARY_QPP_PRESENT,15,0,3,VALID,-4.259496651955715,3.1597673626366714,false,145.8389964252529,formal_m1_center_not_selected
primary,S004177,C105_QPP_N120_P140_A0_Q040,STATIONARY_QPP_PRESENT,16,0,3,VALID,2.3041557354599718,3.4211689601412445,false,145.07822919857034,formal_m1_center_not_selected
primary,S004178,C105_QPP_N120_P140_A0_Q040,STATIONARY_QPP_PRESENT,17,0,3,VALID,7.040650669773186,10.288346593345864,false,51.509861167465324,formal_m1_center_not_selected
primary,S004179,C105_QPP_N120_P140_A0_Q040,STATIONARY_QPP_PRESENT,18,0,3,VALID,-2.998241102059751,3.5798222172900296,false,142.6059043500985,formal_m1_center_not_selected
primary,S004180,C105_QPP_N120_P140_A0_Q040,STATIONARY_QPP_PRESENT,19,0,3,VALID,7.608469513201385,9.38603060359253,false,136.40856821055033,formal_m1_center_not_selected
primary,S004181,C105_QPP_N120_P140_A0_Q040,STATIONARY_QPP_PRESENT,20,0,3,VALID,14.798540020379505,9.443323094335824,false,145.87823315375422,formal_m1_center_not_selected
primary,S004182,C105_QPP_N120_P140_A0_Q040,STATIONARY_QPP_PRESENT,21,0,3,VALID,14.609374807986342,6.497083280866946,false,140.37044218389536,formal_m1_center_not_selected
primary,S004183,C105_QPP_N120_P140_A0_Q040,STATIONARY_QPP_PRESENT,22,0,3,VALID,5.077510497747312,5.743294833566438,false,143.41229939597628,formal_m1_center_not_selected
primary,S004184,C105_QPP_N120_P140_A0_Q040,STATIONARY_QPP_PRESENT,23,0,3,VALID,14.033120933976647,14.08607630815618,true,141.45316968469155,recovered_period_selected
primary,S004185,C105_QPP_N120_P140_A0_Q040,STATIONARY_QPP_PRESENT,24,0,3,VALID,3.3755636472276365,2.071797465375539,false,148.5015703654061,formal_m1_center_not_selected
primary,S004186,C105_QPP_N120_P140_A0_Q040,STATIONARY_QPP_PRESENT,25,0,3,VALID,6.803507757703869,8.517371755795466,false,136.0169647813413,formal_m1_center_not_selected
primary,S004187,C105_QPP_N120_P140_A0_Q040,STATIONARY_QPP_PRESENT,26,0,3,VALID,9.138429118270096,10.241236236276904,false,140.78793084116091,formal_m1_center_not_selected
primary,S004188,C105_QPP_N120_P140_A0_Q040,STATIONARY_QPP_PRESENT,27,0,3,VALID,0.1263338838737127,7.166834293563966,false,144.88936117263395,formal_m1_center_not_selected
primary,S004189,C105_QPP_N120_P140_A0_Q040,STATIONARY_QPP_PRESENT,28,0,3,VALID,5.745686194041127,6.15338452535309,false,136.68848745033398,formal_m1_center_not_selected
primary,S004190,C105_QPP_N120_P140_A0_Q040,STATIONARY_QPP_PRESENT,29,0,3,VALID,1.5180821282292527,3.3874656283808235,false,143.34488551018313,formal_m1_center_not_selected
primary,S004191,C105_QPP_N120_P140_A0_Q040,STATIONARY_QPP_PRESENT,30,0,3,VALID,14.265237198476143,11.426369514649423,true,138.09808333222531,recovered_period_selected
primary,S004192,C105_QPP_N120_P140_A0_Q040,STATIONARY_QPP_PRESENT,31,0,3,VALID,-2.81579026287784,3.2661298067313282,false,137.51294792394742,formal_m1_center_not_selected
primary,S004193,C105_QPP_N120_P140_A0_Q040,STATIONARY_QPP_PRESENT,32,0,3,VALID,-0.9203720678576701,6.073535196683679,false,142.02864359379143,formal_m1_center_not_selected
primary,S004194,C105_QPP_N120_P140_A0_Q040,STATIONARY_QPP_PRESENT,33,0,3,VALID,4.833432820103553,0.42926649586274834,false,145.5204255715211,formal_m1_center_not_selected
primary,S004195,C105_QPP_N120_P140_A0_Q040,STATIONARY_QPP_PRESENT,34,0,3,VALID,13.993592008512564,8.8599907104973,false,141.0230095367493,formal_m1_center_not_selected
primary,S004196,C105_QPP_N120_P140_A0_Q040,STATIONARY_QPP_PRESENT,35,0,3,VALID,15.590406396322692,12.863766896724428,true,137.52271663448929,recovered_period_selected
primary,S004197,C105_QPP_N120_P140_A0_Q040,STATIONARY_QPP_PRESENT,36,0,3,VALID,2.553826039366413,2.2490793077273565,false,144.6642607616838,formal_m1_center_not_selected
primary,S004198,C105_QPP_N120_P140_A0_Q040,STATIONARY_QPP_PRESENT,37,0,3,VALID,4.711403055851292,7.399815820535309,false,142.14704995225142,formal_m1_center_not_selected
primary,S004199,C105_QPP_N120_P140_A0_Q040,STATIONARY_QPP_PRESENT,38,0,3,VALID,9.492881909816788,8.68976599545067,false,143.23075821752155,formal_m1_center_not_selected
primary,S004200,C105_QPP_N120_P140_A0_Q040,STATIONARY_QPP_PRESENT,39,0,3,VALID,8.52980080577072,12.07413992746649,false,134.675238417004,formal_m1_center_not_selected
primary,S004201,C106_QPP_N120_P140_A1_Q010,STATIONARY_QPP_PRESENT,0,0,3,VALID,-8.407659003350773,-3.256888537854138,false,143.84683661053418,formal_m1_center_not_selected
primary,S004202,C106_QPP_N120_P140_A1_Q010,STATIONARY_QPP_PRESENT,1,0,3,VALID,-7.609756197524689,-0.5698650451768117,false,144.01648180007163,formal_m1_center_not_selected
primary,S004203,C106_QPP_N120_P140_A1_Q010,STATIONARY_QPP_PRESENT,2,0,3,VALID,-10.482475144876389,-3.1997671754687644,false,52.42013582895303,formal_m1_center_not_selected
primary,S004204,C106_QPP_N120_P140_A1_Q010,STATIONARY_QPP_PRESENT,3,0,3,VALID,-10.568455832850532,-2.7495023945670027,false,128.9647893051987,formal_m1_center_not_selected
primary,S004205,C106_QPP_N120_P140_A1_Q010,STATIONARY_QPP_PRESENT,4,0,3,VALID,-8.734283294150828,-1.0034717763953722,false,140.94166632621085,formal_m1_center_not_selected
primary,S004206,C106_QPP_N120_P140_A1_Q010,STATIONARY_QPP_PRESENT,5,0,3,VALID,-8.93203685153128,-1.971902294448796,false,48.97904432907485,formal_m1_center_not_selected
primary,S004207,C106_QPP_N120_P140_A1_Q010,STATIONARY_QPP_PRESENT,6,0,3,VALID,-10.489411891980467,-2.7627491078608273,false,53.58174094796954,formal_m1_center_not_selected
primary,S004208,C106_QPP_N120_P140_A1_Q010,STATIONARY_QPP_PRESENT,7,0,3,VALID,-10.18937564765747,-2.969867931317822,false,62.54966858892988,formal_m1_center_not_selected
primary,S004209,C106_QPP_N120_P140_A1_Q010,STATIONARY_QPP_PRESENT,8,0,3,VALID,-10.727519940611728,-2.706952876458786,false,131.07264719798897,formal_m1_center_not_selected
primary,S004210,C106_QPP_N120_P140_A1_Q010,STATIONARY_QPP_PRESENT,9,0,3,VALID,-9.546935648275735,-3.4449329581865413,false,54.60973587907345,formal_m1_center_not_selected
primary,S004211,C106_QPP_N120_P140_A1_Q010,STATIONARY_QPP_PRESENT,10,0,3,VALID,-10.594526917220719,-2.720575167076504,false,46.76654315425804,formal_m1_center_not_selected
primary,S004212,C106_QPP_N120_P140_A1_Q010,STATIONARY_QPP_PRESENT,11,0,3,VALID,-7.798716851215545,-1.3855079987683894,false,137.45249617068666,formal_m1_center_not_selected
primary,S004213,C106_QPP_N120_P140_A1_Q010,STATIONARY_QPP_PRESENT,12,0,3,VALID,-10.59673506612603,-3.0168672017534846,false,134.88675190371316,formal_m1_center_not_selected
primary,S004214,C106_QPP_N120_P140_A1_Q010,STATIONARY_QPP_PRESENT,13,0,3,VALID,-1.0293087681249062,4.205310846538964,false,64.77679053268783,formal_m1_center_not_selected
primary,S004215,C106_QPP_N120_P140_A1_Q010,STATIONARY_QPP_PRESENT,14,0,3,VALID,-10.018341044418548,-2.6930637763026652,false,71.36588010650294,formal_m1_center_not_selected
primary,S004216,C106_QPP_N120_P140_A1_Q010,STATIONARY_QPP_PRESENT,15,0,3,VALID,-6.1826580650514416,-0.1860248020632298,false,56.19307700975697,formal_m1_center_not_selected
primary,S004217,C106_QPP_N120_P140_A1_Q010,STATIONARY_QPP_PRESENT,16,0,3,VALID,-5.04141905431743,0.9812985085264927,false,60.31543678968843,formal_m1_center_not_selected
primary,S004218,C106_QPP_N120_P140_A1_Q010,STATIONARY_QPP_PRESENT,17,0,3,VALID,-9.419125826369736,-2.586668229895281,false,74.64546210704589,formal_m1_center_not_selected
primary,S004219,C106_QPP_N120_P140_A1_Q010,STATIONARY_QPP_PRESENT,18,0,3,VALID,-10.07891202304927,-2.5008911801960494,false,62.215226486270296,formal_m1_center_not_selected
primary,S004220,C106_QPP_N120_P140_A1_Q010,STATIONARY_QPP_PRESENT,19,0,3,VALID,-10.30624278644359,-3.1993962089356955,false,120.98131474764082,formal_m1_center_not_selected
primary,S004221,C106_QPP_N120_P140_A1_Q010,STATIONARY_QPP_PRESENT,20,0,3,VALID,-8.964085246710056,-4.229816965059399,false,47.26805890601023,formal_m1_center_not_selected
primary,S004222,C106_QPP_N120_P140_A1_Q010,STATIONARY_QPP_PRESENT,21,0,3,VALID,-10.393105760340177,-3.409636483622535,false,45.57125920180268,formal_m1_center_not_selected
primary,S004223,C106_QPP_N120_P140_A1_Q010,STATIONARY_QPP_PRESENT,22,0,3,VALID,-7.62952175680573,0.01509058252122486,false,82.18786481609531,formal_m1_center_not_selected
primary,S004224,C106_QPP_N120_P140_A1_Q010,STATIONARY_QPP_PRESENT,23,0,3,VALID,-4.438135982763356,-1.193793964689803,false,45.73730902514352,formal_m1_center_not_selected
primary,S004225,C106_QPP_N120_P140_A1_Q010,STATIONARY_QPP_PRESENT,24,0,3,VALID,-10.864551298755714,-3.306304940702944,false,71.48029081913063,formal_m1_center_not_selected
primary,S004226,C106_QPP_N120_P140_A1_Q010,STATIONARY_QPP_PRESENT,25,0,3,VALID,-9.713582880979061,-3.9614328349871357,false,57.45104737660566,formal_m1_center_not_selected
primary,S004227,C106_QPP_N120_P140_A1_Q010,STATIONARY_QPP_PRESENT,26,0,3,VALID,-8.123393718397097,-1.5769623194921678,false,46.55396510119118,formal_m1_center_not_selected
primary,S004228,C106_QPP_N120_P140_A1_Q010,STATIONARY_QPP_PRESENT,27,0,3,VALID,-8.466774456831445,-0.7414274697132441,false,133.4674381931994,formal_m1_center_not_selected
primary,S004229,C106_QPP_N120_P140_A1_Q010,STATIONARY_QPP_PRESENT,28,0,3,VALID,-10.539844988531286,-3.0923391096876003,false,151.71662236738493,formal_m1_center_not_selected
primary,S004230,C106_QPP_N120_P140_A1_Q010,STATIONARY_QPP_PRESENT,29,0,3,VALID,-9.576405235510947,-2.0938160594054125,false,52.3189434033575,formal_m1_center_not_selected
primary,S004231,C106_QPP_N120_P140_A1_Q010,STATIONARY_QPP_PRESENT,30,0,3,VALID,-6.222299623760023,0.6600033044320526,false,90.01193031944374,formal_m1_center_not_selected
primary,S004232,C106_QPP_N120_P140_A1_Q010,STATIONARY_QPP_PRESENT,31,0,3,VALID,-8.880408132605226,-0.7979281718941138,false,58.41945317187261,formal_m1_center_not_selected
primary,S004233,C106_QPP_N120_P140_A1_Q010,STATIONARY_QPP_PRESENT,32,0,3,VALID,-10.151205942575984,-2.54989251641814,false,141.30669572726563,formal_m1_center_not_selected
primary,S004234,C106_QPP_N120_P140_A1_Q010,STATIONARY_QPP_PRESENT,33,0,3,VALID,-10.088163856188658,-2.135193737159625,false,45.22450869310154,formal_m1_center_not_selected
primary,S004235,C106_QPP_N120_P140_A1_Q010,STATIONARY_QPP_PRESENT,34,0,3,VALID,-3.5771141750806237,0.7537885159196094,false,140.2656877995366,formal_m1_center_not_selected
primary,S004236,C106_QPP_N120_P140_A1_Q010,STATIONARY_QPP_PRESENT,35,0,3,VALID,-8.18010275553263,-1.3106833283678725,false,68.56484620704896,formal_m1_center_not_selected
primary,S004237,C106_QPP_N120_P140_A1_Q010,STATIONARY_QPP_PRESENT,36,0,3,VALID,-7.406465803294054,-0.9835920906364208,false,42.17800913588609,formal_m1_center_not_selected
primary,S004238,C106_QPP_N120_P140_A1_Q010,STATIONARY_QPP_PRESENT,37,0,3,VALID,-9.587086142108433,-2.506754218459605,false,50.49342431660557,formal_m1_center_not_selected
primary,S004239,C106_QPP_N120_P140_A1_Q010,STATIONARY_QPP_PRESENT,38,0,3,VALID,-10.8603191262888,-3.621176285454112,false,138.14152886143245,formal_m1_center_not_selected
primary,S004240,C106_QPP_N120_P140_A1_Q010,STATIONARY_QPP_PRESENT,39,0,3,VALID,-8.01405459905618,-1.633760382720311,false,56.26591767065192,formal_m1_center_not_selected
primary,S004241,C107_QPP_N120_P140_A1_Q020,STATIONARY_QPP_PRESENT,0,0,3,VALID,0.3707135127432366,0.7207828505920588,false,143.25655066459635,formal_m1_center_not_selected
primary,S004242,C107_QPP_N120_P140_A1_Q020,STATIONARY_QPP_PRESENT,1,0,3,VALID,0.6855881357613498,4.561269155931541,false,143.23365342948512,formal_m1_center_not_selected
primary,S004243,C107_QPP_N120_P140_A1_Q020,STATIONARY_QPP_PRESENT,2,0,3,VALID,-5.554076498934251,0.8392159408318776,false,138.1678293496004,formal_m1_center_not_selected
primary,S004244,C107_QPP_N120_P140_A1_Q020,STATIONARY_QPP_PRESENT,3,0,3,VALID,-5.301306406847402,1.1736600745018677,false,135.3975155162636,formal_m1_center_not_selected
primary,S004245,C107_QPP_N120_P140_A1_Q020,STATIONARY_QPP_PRESENT,4,0,3,VALID,-1.6237736274827057,4.7009800002094835,false,141.33192250600501,formal_m1_center_not_selected
primary,S004246,C107_QPP_N120_P140_A1_Q020,STATIONARY_QPP_PRESENT,5,0,3,VALID,-2.1570692153713935,1.636210323179398,false,143.9235873532077,formal_m1_center_not_selected
primary,S004247,C107_QPP_N120_P140_A1_Q020,STATIONARY_QPP_PRESENT,6,0,3,VALID,-6.112734234619779,0.18216669139940223,false,137.94720889582777,formal_m1_center_not_selected
primary,S004248,C107_QPP_N120_P140_A1_Q020,STATIONARY_QPP_PRESENT,7,0,3,VALID,-9.794374522956218,-2.0564607104461174,false,149.58549123566777,formal_m1_center_not_selected
primary,S004249,C107_QPP_N120_P140_A1_Q020,STATIONARY_QPP_PRESENT,8,0,3,VALID,-6.019436491830902,1.0849731406148067,false,133.19117558197476,formal_m1_center_not_selected
primary,S004250,C107_QPP_N120_P140_A1_Q020,STATIONARY_QPP_PRESENT,9,0,3,VALID,-3.5589693621985816,-0.8400068337280118,false,142.97529316492458,formal_m1_center_not_selected
primary,S004251,C107_QPP_N120_P140_A1_Q020,STATIONARY_QPP_PRESENT,10,0,3,VALID,-7.221627568103827,0.26947075570535617,false,133.45009260420457,formal_m1_center_not_selected
primary,S004252,C107_QPP_N120_P140_A1_Q020,STATIONARY_QPP_PRESENT,11,0,3,VALID,0.6760089474281585,3.4359686325045686,false,137.8916695140632,formal_m1_center_not_selected
primary,S004253,C107_QPP_N120_P140_A1_Q020,STATIONARY_QPP_PRESENT,12,0,3,VALID,-4.9611704486113695,1.343287449338618,false,135.5010250294904,formal_m1_center_not_selected
primary,S004254,C107_QPP_N120_P140_A1_Q020,STATIONARY_QPP_PRESENT,13,0,3,VALID,-3.9691821601506945,1.434957597239645,false,64.95950066875845,formal_m1_center_not_selected
primary,S004255,C107_QPP_N120_P140_A1_Q020,STATIONARY_QPP_PRESENT,14,0,3,VALID,-10.578177606680583,-3.0761881484925198,false,71.2902131305807,formal_m1_center_not_selected
primary,S004256,C107_QPP_N120_P140_A1_Q020,STATIONARY_QPP_PRESENT,15,0,3,VALID,-6.810502277109094,0.05356190677048289,false,55.94790119096294,formal_m1_center_not_selected
primary,S004257,C107_QPP_N120_P140_A1_Q020,STATIONARY_QPP_PRESENT,16,0,3,VALID,-5.820247960110464,0.40134399326245784,false,60.2034017122354,formal_m1_center_not_selected
primary,S004258,C107_QPP_N120_P140_A1_Q020,STATIONARY_QPP_PRESENT,17,0,3,VALID,-9.797384810424319,-2.9727633165534826,false,74.64669757546372,formal_m1_center_not_selected
primary,S004259,C107_QPP_N120_P140_A1_Q020,STATIONARY_QPP_PRESENT,18,0,3,VALID,-7.244535076460579,0.25575901568720383,false,139.68526773545054,formal_m1_center_not_selected
primary,S004260,C107_QPP_N120_P140_A1_Q020,STATIONARY_QPP_PRESENT,19,0,3,VALID,-9.461781935749173,-4.051779821131618,false,134.14286486336798,formal_m1_center_not_selected
primary,S004261,C107_QPP_N120_P140_A1_Q020,STATIONARY_QPP_PRESENT,20,0,3,VALID,-8.547268809595607,-5.478534532547542,false,47.10819430438094,formal_m1_center_not_selected
primary,S004262,C107_QPP_N120_P140_A1_Q020,STATIONARY_QPP_PRESENT,21,0,3,VALID,-9.996395704432302,-3.731745328806028,false,45.470856224740885,formal_m1_center_not_selected
primary,S004263,C107_QPP_N120_P140_A1_Q020,STATIONARY_QPP_PRESENT,22,0,3,VALID,-7.243328670989399,0.6110336544558095,false,139.01012392033303,formal_m1_center_not_selected
primary,S004264,C107_QPP_N120_P140_A1_Q020,STATIONARY_QPP_PRESENT,23,0,3,VALID,-4.129734585286542,-3.8080369995645924,false,45.691571945442796,formal_m1_center_not_selected
primary,S004265,C107_QPP_N120_P140_A1_Q020,STATIONARY_QPP_PRESENT,24,0,3,VALID,-8.865192508732775,-1.002092230564017,false,147.99321607651265,formal_m1_center_not_selected
primary,S004266,C107_QPP_N120_P140_A1_Q020,STATIONARY_QPP_PRESENT,25,0,3,VALID,-7.359189785200101,-5.596724459479674,false,147.38311528606735,formal_m1_center_not_selected
primary,S004267,C107_QPP_N120_P140_A1_Q020,STATIONARY_QPP_PRESENT,26,0,3,VALID,-6.389895655687724,-2.5876290327535116,false,137.17910438465879,formal_m1_center_not_selected
primary,S004268,C107_QPP_N120_P140_A1_Q020,STATIONARY_QPP_PRESENT,27,0,3,VALID,-2.207418615947745,4.359825688858564,false,135.00634020812868,formal_m1_center_not_selected
primary,S004269,C107_QPP_N120_P140_A1_Q020,STATIONARY_QPP_PRESENT,28,0,3,VALID,-6.077458190171114,1.2593015839272539,false,148.54775388531183,formal_m1_center_not_selected
primary,S004270,C107_QPP_N120_P140_A1_Q020,STATIONARY_QPP_PRESENT,29,0,3,VALID,-6.126826607191333,1.2550936458004571,false,132.77344897656144,formal_m1_center_not_selected
primary,S004271,C107_QPP_N120_P140_A1_Q020,STATIONARY_QPP_PRESENT,30,0,3,VALID,-8.159117228271043,-0.577186931642018,false,89.89334463235825,formal_m1_center_not_selected
primary,S004272,C107_QPP_N120_P140_A1_Q020,STATIONARY_QPP_PRESENT,31,0,3,VALID,-4.905509324195123,2.0937726296699566,false,146.06686750819657,formal_m1_center_not_selected
primary,S004273,C107_QPP_N120_P140_A1_Q020,STATIONARY_QPP_PRESENT,32,0,3,VALID,-4.4378421571339,1.2109334120384574,false,142.64057394958766,formal_m1_center_not_selected
primary,S004274,C107_QPP_N120_P140_A1_Q020,STATIONARY_QPP_PRESENT,33,0,3,VALID,-9.551859540977944,-2.306248313306014,false,45.16501178631326,formal_m1_center_not_selected
primary,S004275,C107_QPP_N120_P140_A1_Q020,STATIONARY_QPP_PRESENT,34,0,3,VALID,5.998309228341441,5.561977370893715,false,140.79835547172243,formal_m1_center_not_selected
primary,S004276,C107_QPP_N120_P140_A1_Q020,STATIONARY_QPP_PRESENT,35,0,3,VALID,-8.960459166973465,-1.6670764125511823,false,68.72121270955029,formal_m1_center_not_selected
primary,S004277,C107_QPP_N120_P140_A1_Q020,STATIONARY_QPP_PRESENT,36,0,3,VALID,-4.231524375080539,1.8705241443960858,false,146.34339990571024,formal_m1_center_not_selected
primary,S004278,C107_QPP_N120_P140_A1_Q020,STATIONARY_QPP_PRESENT,37,0,3,VALID,-6.21123995020173,1.3574268175515272,false,142.64851138899604,formal_m1_center_not_selected
primary,S004279,C107_QPP_N120_P140_A1_Q020,STATIONARY_QPP_PRESENT,38,0,3,VALID,-5.396508464259,1.2895995713589627,false,138.3773112855422,formal_m1_center_not_selected
primary,S004280,C107_QPP_N120_P140_A1_Q020,STATIONARY_QPP_PRESENT,39,0,3,VALID,-7.499599762998173,-0.8874630731879734,false,159.6412600066345,formal_m1_center_not_selected
primary,S004281,C108_QPP_N120_P140_A1_Q040,STATIONARY_QPP_PRESENT,0,0,3,VALID,24.693465704274217,9.864416675426696,false,142.7365392818248,formal_m1_center_not_selected
primary,S004282,C108_QPP_N120_P140_A1_Q040,STATIONARY_QPP_PRESENT,1,0,3,VALID,22.298850001707024,14.682300014931116,true,143.07373098705273,recovered_period_selected
primary,S004283,C108_QPP_N120_P140_A1_Q040,STATIONARY_QPP_PRESENT,2,0,3,VALID,11.095422535492503,9.87542475254645,false,139.08456932258844,formal_m1_center_not_selected
primary,S004284,C108_QPP_N120_P140_A1_Q040,STATIONARY_QPP_PRESENT,3,0,3,VALID,12.513823871591967,11.065233836264724,true,136.61459923512757,recovered_period_selected
primary,S004285,C108_QPP_N120_P140_A1_Q040,STATIONARY_QPP_PRESENT,4,0,3,VALID,17.79630101428222,15.366132889674418,true,141.4774682768354,recovered_period_selected
primary,S004286,C108_QPP_N120_P140_A1_Q040,STATIONARY_QPP_PRESENT,5,0,3,VALID,17.979815379585034,10.790205820837514,true,143.5762440398697,recovered_period_selected
primary,S004287,C108_QPP_N120_P140_A1_Q040,STATIONARY_QPP_PRESENT,6,0,3,VALID,11.323532770470138,9.199973996345761,false,138.25383312635228,formal_m1_center_not_selected
primary,S004288,C108_QPP_N120_P140_A1_Q040,STATIONARY_QPP_PRESENT,7,0,3,VALID,6.567089331265606,7.422144950529741,false,145.587123813264,formal_m1_center_not_selected
primary,S004289,C108_QPP_N120_P140_A1_Q040,STATIONARY_QPP_PRESENT,8,0,3,VALID,11.340455405655916,11.342957697386169,true,135.16666539703556,recovered_period_selected
primary,S004290,C108_QPP_N120_P140_A1_Q040,STATIONARY_QPP_PRESENT,9,0,3,VALID,15.812288398662076,7.877962372278716,false,142.71824677307092,formal_m1_center_not_selected
primary,S004291,C108_QPP_N120_P140_A1_Q040,STATIONARY_QPP_PRESENT,10,0,3,VALID,9.003330181060164,10.667839126945978,false,135.29388501602128,formal_m1_center_not_selected
primary,S004292,C108_QPP_N120_P140_A1_Q040,STATIONARY_QPP_PRESENT,11,0,3,VALID,23.581554431131735,13.40396555989355,true,138.83524516140997,recovered_period_selected
primary,S004293,C108_QPP_N120_P140_A1_Q040,STATIONARY_QPP_PRESENT,12,0,3,VALID,11.840886379467406,11.141377713059683,true,136.1279773338088,recovered_period_selected
primary,S004294,C108_QPP_N120_P140_A1_Q040,STATIONARY_QPP_PRESENT,13,0,3,VALID,8.557325486687091,13.066132587734273,false,139.26571926842246,formal_m1_center_not_selected
primary,S004295,C108_QPP_N120_P140_A1_Q040,STATIONARY_QPP_PRESENT,14,0,3,VALID,1.070432964441693,4.426696633267284,false,143.08909662849237,formal_m1_center_not_selected
primary,S004296,C108_QPP_N120_P140_A1_Q040,STATIONARY_QPP_PRESENT,15,0,3,VALID,2.313062451337146,7.0681960907548955,false,139.17841019907434,formal_m1_center_not_selected
primary,S004297,C108_QPP_N120_P140_A1_Q040,STATIONARY_QPP_PRESENT,16,0,3,VALID,-2.173889557937855,4.813929585928008,false,142.21471017198152,formal_m1_center_not_selected
primary,S004298,C108_QPP_N120_P140_A1_Q040,STATIONARY_QPP_PRESENT,17,0,3,VALID,-1.2333942821582013,1.7327708014428254,false,143.8499543968136,formal_m1_center_not_selected
primary,S004299,C108_QPP_N120_P140_A1_Q040,STATIONARY_QPP_PRESENT,18,0,3,VALID,9.44327598206496,11.528697983423513,false,140.19619037581052,formal_m1_center_not_selected
primary,S004300,C108_QPP_N120_P140_A1_Q040,STATIONARY_QPP_PRESENT,19,0,3,VALID,7.3359991265887174,3.0724674611558385,false,139.03203386265807,formal_m1_center_not_selected
primary,S004301,C108_QPP_N120_P140_A1_Q040,STATIONARY_QPP_PRESENT,20,0,3,VALID,7.582973414979392,-1.1375384431670454,false,146.43281834061773,formal_m1_center_not_selected
primary,S004302,C108_QPP_N120_P140_A1_Q040,STATIONARY_QPP_PRESENT,21,0,3,VALID,1.8381186484638192,-0.07287960064775234,false,143.36082678214018,formal_m1_center_not_selected
primary,S004303,C108_QPP_N120_P140_A1_Q040,STATIONARY_QPP_PRESENT,22,0,3,VALID,7.986482594898803,11.627130498332576,false,139.54795749693574,formal_m1_center_not_selected
primary,S004304,C108_QPP_N120_P140_A1_Q040,STATIONARY_QPP_PRESENT,23,0,3,VALID,16.375423665479616,5.226639681023812,false,134.37177731719643,formal_m1_center_not_selected
primary,S004305,C108_QPP_N120_P140_A1_Q040,STATIONARY_QPP_PRESENT,24,0,3,VALID,7.402458817059141,9.62475548500015,false,144.39556805531402,formal_m1_center_not_selected
primary,S004306,C108_QPP_N120_P140_A1_Q040,STATIONARY_QPP_PRESENT,25,0,3,VALID,12.52964167173809,1.6748309495332023,false,145.2096302507865,formal_m1_center_not_selected
primary,S004307,C108_QPP_N120_P140_A1_Q040,STATIONARY_QPP_PRESENT,26,0,3,VALID,11.33690214135504,6.628020554745376,false,138.0132792293524,formal_m1_center_not_selected
primary,S004308,C108_QPP_N120_P140_A1_Q040,STATIONARY_QPP_PRESENT,27,0,3,VALID,15.786283324242959,14.943143361603688,true,136.89874647211903,recovered_period_selected
primary,S004309,C108_QPP_N120_P140_A1_Q040,STATIONARY_QPP_PRESENT,28,0,3,VALID,12.039369654432448,12.174709944289248,true,145.40122177275452,recovered_period_selected
primary,S004310,C108_QPP_N120_P140_A1_Q040,STATIONARY_QPP_PRESENT,29,0,3,VALID,11.149544104180677,12.255975481313499,true,136.07571123982257,recovered_period_selected
primary,S004311,C108_QPP_N120_P140_A1_Q040,STATIONARY_QPP_PRESENT,30,0,3,VALID,0.8748306090793676,6.2326796376310085,false,140.32219759544083,formal_m1_center_not_selected
primary,S004312,C108_QPP_N120_P140_A1_Q040,STATIONARY_QPP_PRESENT,31,0,3,VALID,13.1170414639422,11.960246840681748,true,144.60591405156663,recovered_period_selected
primary,S004313,C108_QPP_N120_P140_A1_Q040,STATIONARY_QPP_PRESENT,32,0,3,VALID,13.335093458051688,10.415784773447854,true,143.11886776697503,recovered_period_selected
primary,S004314,C108_QPP_N120_P140_A1_Q040,STATIONARY_QPP_PRESENT,33,0,3,VALID,5.839425498128207,4.208262958452792,false,137.6307641648358,formal_m1_center_not_selected
primary,S004315,C108_QPP_N120_P140_A1_Q040,STATIONARY_QPP_PRESENT,34,0,3,VALID,28.018919328405786,14.743313810197492,true,141.09634872181348,recovered_period_selected
primary,S004316,C108_QPP_N120_P140_A1_Q040,STATIONARY_QPP_PRESENT,35,0,3,VALID,-1.042416083092462,3.9267534801929287,false,142.3243833050892,formal_m1_center_not_selected
primary,S004317,C108_QPP_N120_P140_A1_Q040,STATIONARY_QPP_PRESENT,36,0,3,VALID,13.883221165688838,11.325319057206684,true,144.97063293598046,recovered_period_selected
primary,S004318,C108_QPP_N120_P140_A1_Q040,STATIONARY_QPP_PRESENT,37,0,3,VALID,10.595978136845588,11.630976579974003,true,141.71999936637008,recovered_period_selected
primary,S004319,C108_QPP_N120_P140_A1_Q040,STATIONARY_QPP_PRESENT,38,0,3,VALID,12.611854108422563,10.876708153099798,true,138.94083661553492,recovered_period_selected
primary,S004320,C108_QPP_N120_P140_A1_Q040,STATIONARY_QPP_PRESENT,39,0,3,VALID,6.668229361489466,5.88129424851229,false,149.38150110663838,formal_m1_center_not_selected
primary,S004321,C109_QPP_N120_P140_A2_Q010,STATIONARY_QPP_PRESENT,0,0,3,VALID,-11.77376230996424,-4.193646169275894,false,43.771746341039915,formal_m1_center_not_selected
primary,S004322,C109_QPP_N120_P140_A2_Q010,STATIONARY_QPP_PRESENT,1,0,3,VALID,-10.714331113093294,-3.388283049929214,false,133.48394244865656,formal_m1_center_not_selected
primary,S004323,C109_QPP_N120_P140_A2_Q010,STATIONARY_QPP_PRESENT,2,0,3,VALID,-9.927047089727466,-2.568310096366986,false,130.19672522143293,formal_m1_center_not_selected
primary,S004324,C109_QPP_N120_P140_A2_Q010,STATIONARY_QPP_PRESENT,3,0,3,VALID,-10.91605533105826,-3.0465192737189,false,142.1588951032895,formal_m1_center_not_selected
primary,S004325,C109_QPP_N120_P140_A2_Q010,STATIONARY_QPP_PRESENT,4,0,3,VALID,-7.844895261826991,-2.0083949211450545,false,136.0157580728605,formal_m1_center_not_selected
primary,S004326,C109_QPP_N120_P140_A2_Q010,STATIONARY_QPP_PRESENT,5,0,3,VALID,-6.509915786558508,-1.971871217297121,false,146.55839936953046,formal_m1_center_not_selected
primary,S004327,C109_QPP_N120_P140_A2_Q010,STATIONARY_QPP_PRESENT,6,0,3,VALID,-8.302090339295091,-2.126568686035853,false,135.7902811899706,formal_m1_center_not_selected
primary,S004328,C109_QPP_N120_P140_A2_Q010,STATIONARY_QPP_PRESENT,7,0,3,VALID,-10.88214961489382,-4.137532883533595,false,151.97268957056374,formal_m1_center_not_selected
primary,S004329,C109_QPP_N120_P140_A2_Q010,STATIONARY_QPP_PRESENT,8,0,3,VALID,-10.528170335870982,-2.738829085243651,false,57.565391051305845,formal_m1_center_not_selected
primary,S004330,C109_QPP_N120_P140_A2_Q010,STATIONARY_QPP_PRESENT,9,0,3,VALID,-8.875925882835986,-2.498942879594779,false,141.7770679656697,formal_m1_center_not_selected
primary,S004331,C109_QPP_N120_P140_A2_Q010,STATIONARY_QPP_PRESENT,10,0,3,VALID,-9.101408900308002,-2.74530029595212,false,135.37172272675582,formal_m1_center_not_selected
primary,S004332,C109_QPP_N120_P140_A2_Q010,STATIONARY_QPP_PRESENT,11,0,3,VALID,-10.575385790834844,-2.999901342025737,false,130.14800586946177,formal_m1_center_not_selected
primary,S004333,C109_QPP_N120_P140_A2_Q010,STATIONARY_QPP_PRESENT,12,0,3,VALID,-10.798755708991393,-3.469640960529091,false,140.85359212753633,formal_m1_center_not_selected
primary,S004334,C109_QPP_N120_P140_A2_Q010,STATIONARY_QPP_PRESENT,13,0,3,VALID,-9.3925959665753,-2.1016278751402524,false,140.43484608748116,formal_m1_center_not_selected
primary,S004335,C109_QPP_N120_P140_A2_Q010,STATIONARY_QPP_PRESENT,14,0,3,VALID,-11.193985872104918,-3.518970902924025,false,153.60880518879497,formal_m1_center_not_selected
primary,S004336,C109_QPP_N120_P140_A2_Q010,STATIONARY_QPP_PRESENT,15,0,3,VALID,-10.09485854774573,-3.142125515087969,false,146.76423951431102,formal_m1_center_not_selected
primary,S004337,C109_QPP_N120_P140_A2_Q010,STATIONARY_QPP_PRESENT,16,0,3,VALID,-9.313082975865541,-1.9995959481195769,false,136.68463968402463,formal_m1_center_not_selected
primary,S004338,C109_QPP_N120_P140_A2_Q010,STATIONARY_QPP_PRESENT,17,0,3,VALID,-9.426095647894272,-2.610110165987521,false,135.4787166962509,formal_m1_center_not_selected
primary,S004339,C109_QPP_N120_P140_A2_Q010,STATIONARY_QPP_PRESENT,18,0,3,VALID,-11.111483668620167,-3.3103769921477806,false,151.4165077203788,formal_m1_center_not_selected
primary,S004340,C109_QPP_N120_P140_A2_Q010,STATIONARY_QPP_PRESENT,19,0,3,VALID,-10.560835283489382,-3.2841880217785047,false,141.22048798035883,formal_m1_center_not_selected
primary,S004341,C109_QPP_N120_P140_A2_Q010,STATIONARY_QPP_PRESENT,20,0,3,VALID,-10.226918453932171,-3.4511178367724824,false,134.07385568222767,formal_m1_center_not_selected
primary,S004342,C109_QPP_N120_P140_A2_Q010,STATIONARY_QPP_PRESENT,21,0,3,VALID,-10.84065039136442,-3.3728741532110007,false,55.430620725174734,formal_m1_center_not_selected
primary,S004343,C109_QPP_N120_P140_A2_Q010,STATIONARY_QPP_PRESENT,22,0,3,VALID,-9.83104981850488,-3.4795263676265904,false,153.0474824516714,formal_m1_center_not_selected
primary,S004344,C109_QPP_N120_P140_A2_Q010,STATIONARY_QPP_PRESENT,23,0,3,VALID,-9.736325423735707,-3.2345505323405632,false,134.84389085795095,formal_m1_center_not_selected
primary,S004345,C109_QPP_N120_P140_A2_Q010,STATIONARY_QPP_PRESENT,24,0,3,VALID,-10.080982965810904,-2.7322027147776,false,143.68354232512092,formal_m1_center_not_selected
primary,S004346,C109_QPP_N120_P140_A2_Q010,STATIONARY_QPP_PRESENT,25,0,3,VALID,-9.154932244773704,-2.4793510181754073,false,138.56785261707216,formal_m1_center_not_selected
primary,S004347,C109_QPP_N120_P140_A2_Q010,STATIONARY_QPP_PRESENT,26,0,3,VALID,-9.942538517144158,-2.976410127217605,false,135.08065812590485,formal_m1_center_not_selected
primary,S004348,C109_QPP_N120_P140_A2_Q010,STATIONARY_QPP_PRESENT,27,0,3,VALID,-9.232441849727024,-2.685115994783473,false,134.79677199045716,formal_m1_center_not_selected
primary,S004349,C109_QPP_N120_P140_A2_Q010,STATIONARY_QPP_PRESENT,28,0,3,VALID,-7.8241652494191385,-2.0602156748672087,false,146.46758144922953,formal_m1_center_not_selected
primary,S004350,C109_QPP_N120_P140_A2_Q010,STATIONARY_QPP_PRESENT,29,0,3,VALID,-9.809626643548654,-4.047853395540187,false,171.6851981921161,formal_m1_center_not_selected
primary,S004351,C109_QPP_N120_P140_A2_Q010,STATIONARY_QPP_PRESENT,30,0,3,VALID,-9.066871263714006,-2.8942577764371435,false,152.17618061188293,formal_m1_center_not_selected
primary,S004352,C109_QPP_N120_P140_A2_Q010,STATIONARY_QPP_PRESENT,31,0,3,VALID,-11.618483578548762,-4.407444766835738,false,155.67206488052375,formal_m1_center_not_selected
primary,S004353,C109_QPP_N120_P140_A2_Q010,STATIONARY_QPP_PRESENT,32,0,3,VALID,-11.767903725004885,-4.0790281257045535,false,43.29639910222065,formal_m1_center_not_selected
primary,S004354,C109_QPP_N120_P140_A2_Q010,STATIONARY_QPP_PRESENT,33,0,3,VALID,-9.587315671941269,-3.2224903386024835,false,132.2851294515404,formal_m1_center_not_selected
primary,S004355,C109_QPP_N120_P140_A2_Q010,STATIONARY_QPP_PRESENT,34,0,3,VALID,-11.8883765580822,-4.168880290169113,false,195.04206341305263,formal_m1_center_not_selected
primary,S004356,C109_QPP_N120_P140_A2_Q010,STATIONARY_QPP_PRESENT,35,0,3,VALID,-9.525771331252827,-2.9602077693452884,false,147.31880251853704,formal_m1_center_not_selected
primary,S004357,C109_QPP_N120_P140_A2_Q010,STATIONARY_QPP_PRESENT,36,0,3,VALID,-10.538946798437337,-3.8334634739015883,false,156.50310596600806,formal_m1_center_not_selected
primary,S004358,C109_QPP_N120_P140_A2_Q010,STATIONARY_QPP_PRESENT,37,0,3,VALID,-10.750852503958185,-3.026530196338058,false,40.0,formal_m1_center_not_selected
primary,S004359,C109_QPP_N120_P140_A2_Q010,STATIONARY_QPP_PRESENT,38,0,3,VALID,-11.89878611882773,-4.022877717005372,false,299.99999999999994,formal_m1_center_not_selected
primary,S004360,C109_QPP_N120_P140_A2_Q010,STATIONARY_QPP_PRESENT,39,0,3,VALID,-10.935916827420783,-3.8527241570188835,false,159.04210195522407,formal_m1_center_not_selected
primary,S004361,C110_QPP_N120_P140_A2_Q020,STATIONARY_QPP_PRESENT,0,0,3,VALID,-8.84509713492821,-2.5463424330729367,false,133.02250259732062,formal_m1_center_not_selected
primary,S004362,C110_QPP_N120_P140_A2_Q020,STATIONARY_QPP_PRESENT,1,0,3,VALID,-4.659527417916934,0.18854848409682745,false,134.32462262789596,formal_m1_center_not_selected
primary,S004363,C110_QPP_N120_P140_A2_Q020,STATIONARY_QPP_PRESENT,2,0,3,VALID,-3.692742492864454,1.1226929454575156,false,132.93100544679578,formal_m1_center_not_selected
primary,S004364,C110_QPP_N120_P140_A2_Q020,STATIONARY_QPP_PRESENT,3,0,3,VALID,-4.690147344314596,2.091774097946427,false,142.93732318412881,formal_m1_center_not_selected
primary,S004365,C110_QPP_N120_P140_A2_Q020,STATIONARY_QPP_PRESENT,4,0,3,VALID,1.6007967262080456,2.9899626644162254,false,135.8966771407156,formal_m1_center_not_selected
primary,S004366,C110_QPP_N120_P140_A2_Q020,STATIONARY_QPP_PRESENT,5,0,3,VALID,3.3053420439019874,2.2689384694731416,false,145.50281403470584,formal_m1_center_not_selected
primary,S004367,C110_QPP_N120_P140_A2_Q020,STATIONARY_QPP_PRESENT,6,0,3,VALID,0.8383690340331214,2.739986205334617,false,136.594363634572,formal_m1_center_not_selected
primary,S004368,C110_QPP_N120_P140_A2_Q020,STATIONARY_QPP_PRESENT,7,0,3,VALID,-4.5768512675784905,-0.8519692860010082,false,149.49990518310668,formal_m1_center_not_selected
primary,S004369,C110_QPP_N120_P140_A2_Q020,STATIONARY_QPP_PRESENT,8,0,3,VALID,-9.131562270416907,-2.051686370955167,false,147.2930932270412,formal_m1_center_not_selected
primary,S004370,C110_QPP_N120_P140_A2_Q020,STATIONARY_QPP_PRESENT,9,0,3,VALID,0.6020012140199924,2.405014265183354,false,141.71980042549677,formal_m1_center_not_selected
primary,S004371,C110_QPP_N120_P140_A2_Q020,STATIONARY_QPP_PRESENT,10,0,3,VALID,-0.9699369882981728,1.7592804401634794,false,135.96905205749783,formal_m1_center_not_selected
primary,S004372,C110_QPP_N120_P140_A2_Q020,STATIONARY_QPP_PRESENT,11,0,3,VALID,-4.684102282428739,0.3020788158675032,false,133.81745824737388,formal_m1_center_not_selected
primary,S004373,C110_QPP_N120_P140_A2_Q020,STATIONARY_QPP_PRESENT,12,0,3,VALID,-4.18032279849524,0.07805024265940119,false,139.32341486493186,formal_m1_center_not_selected
primary,S004374,C110_QPP_N120_P140_A2_Q020,STATIONARY_QPP_PRESENT,13,0,3,VALID,-1.4132132519524703,3.0951228719135315,false,140.49185355570563,formal_m1_center_not_selected
primary,S004375,C110_QPP_N120_P140_A2_Q020,STATIONARY_QPP_PRESENT,14,0,3,VALID,-6.542613158263521,-0.5552436937053926,false,149.90114065759008,formal_m1_center_not_selected
primary,S004376,C110_QPP_N120_P140_A2_Q020,STATIONARY_QPP_PRESENT,15,0,3,VALID,-2.299776725870288,0.9478724520189417,false,145.0832155860698,formal_m1_center_not_selected
primary,S004377,C110_QPP_N120_P140_A2_Q020,STATIONARY_QPP_PRESENT,16,0,3,VALID,-1.3196689675573907,2.3272133908261594,false,138.37823015301436,formal_m1_center_not_selected
primary,S004378,C110_QPP_N120_P140_A2_Q020,STATIONARY_QPP_PRESENT,17,0,3,VALID,-1.5304558351888318,1.869133924941707,false,136.40019064077748,formal_m1_center_not_selected
primary,S004379,C110_QPP_N120_P140_A2_Q020,STATIONARY_QPP_PRESENT,18,0,3,VALID,-5.399324467197289,0.3603564560525001,false,147.26733528464632,formal_m1_center_not_selected
primary,S004380,C110_QPP_N120_P140_A2_Q020,STATIONARY_QPP_PRESENT,19,0,3,VALID,-4.061499941682541,0.6480816382746752,false,138.6852924687187,formal_m1_center_not_selected
primary,S004381,C110_QPP_N120_P140_A2_Q020,STATIONARY_QPP_PRESENT,20,0,3,VALID,-3.280629771299232,0.4428148034131709,false,134.48874474415862,formal_m1_center_not_selected
primary,S004382,C110_QPP_N120_P140_A2_Q020,STATIONARY_QPP_PRESENT,21,0,3,VALID,-5.756150006079565,0.49727819152587927,false,148.77147620585848,formal_m1_center_not_selected
primary,S004383,C110_QPP_N120_P140_A2_Q020,STATIONARY_QPP_PRESENT,22,0,3,VALID,-3.2716318826264796,-0.22410830677927152,false,150.17591695066372,formal_m1_center_not_selected
primary,S004384,C110_QPP_N120_P140_A2_Q020,STATIONARY_QPP_PRESENT,23,0,3,VALID,-1.9135738020269173,1.0266595690579834,false,135.9298756397625,formal_m1_center_not_selected
primary,S004385,C110_QPP_N120_P140_A2_Q020,STATIONARY_QPP_PRESENT,24,0,3,VALID,-2.1291299630238427,1.7959126720902532,false,143.40678147604075,formal_m1_center_not_selected
primary,S004386,C110_QPP_N120_P140_A2_Q020,STATIONARY_QPP_PRESENT,25,0,3,VALID,-0.6039491286576322,2.2757088517666944,false,138.60652747359268,formal_m1_center_not_selected
primary,S004387,C110_QPP_N120_P140_A2_Q020,STATIONARY_QPP_PRESENT,26,0,3,VALID,-3.2234649402170135,0.9663399031351219,false,135.26773115129228,formal_m1_center_not_selected
primary,S004388,C110_QPP_N120_P140_A2_Q020,STATIONARY_QPP_PRESENT,27,0,3,VALID,-0.6520038943532427,2.2055204637871384,false,135.0615532074703,formal_m1_center_not_selected
primary,S004389,C110_QPP_N120_P140_A2_Q020,STATIONARY_QPP_PRESENT,28,0,3,VALID,1.9301730753493302,2.7219767320735855,false,144.76378736642118,formal_m1_center_not_selected
primary,S004390,C110_QPP_N120_P140_A2_Q020,STATIONARY_QPP_PRESENT,29,0,3,VALID,-5.396256314505081,-2.428364576888953,false,160.42317150329296,formal_m1_center_not_selected
primary,S004391,C110_QPP_N120_P140_A2_Q020,STATIONARY_QPP_PRESENT,30,0,3,VALID,-1.0802708524964828,0.9377360601615692,false,147.66221117093383,formal_m1_center_not_selected
primary,S004392,C110_QPP_N120_P140_A2_Q020,STATIONARY_QPP_PRESENT,31,0,3,VALID,-8.803786596469422,-3.135029277576791,false,149.59499916116576,formal_m1_center_not_selected
primary,S004393,C110_QPP_N120_P140_A2_Q020,STATIONARY_QPP_PRESENT,32,0,3,VALID,-11.1948352081871,-3.7054624178990707,false,154.58052743702595,formal_m1_center_not_selected
primary,S004394,C110_QPP_N120_P140_A2_Q020,STATIONARY_QPP_PRESENT,33,0,3,VALID,-2.4889638396247165,0.36068547825732367,false,134.04633812947645,formal_m1_center_not_selected
primary,S004395,C110_QPP_N120_P140_A2_Q020,STATIONARY_QPP_PRESENT,34,0,3,VALID,-9.350241575643395,-2.9381628787160707,false,139.92931901416614,formal_m1_center_not_selected
primary,S004396,C110_QPP_N120_P140_A2_Q020,STATIONARY_QPP_PRESENT,35,0,3,VALID,-0.8240875758679067,1.4346274819254177,false,145.51169144753237,formal_m1_center_not_selected
primary,S004397,C110_QPP_N120_P140_A2_Q020,STATIONARY_QPP_PRESENT,36,0,3,VALID,-5.132466056538192,-1.284913895831437,false,150.91938478622328,formal_m1_center_not_selected
primary,S004398,C110_QPP_N120_P140_A2_Q020,STATIONARY_QPP_PRESENT,37,0,3,VALID,-9.409030174076179,-2.9049996477458535,false,132.65811744368887,formal_m1_center_not_selected
primary,S004399,C110_QPP_N120_P140_A2_Q020,STATIONARY_QPP_PRESENT,38,0,3,VALID,-9.887968089658216,-2.5519773245084707,false,149.55089853504066,formal_m1_center_not_selected
primary,S004400,C110_QPP_N120_P140_A2_Q020,STATIONARY_QPP_PRESENT,39,0,3,VALID,-6.139901809523508,-1.4745119248831315,false,150.88370773899567,formal_m1_center_not_selected
primary,S004401,C111_QPP_N120_P140_A2_Q040,STATIONARY_QPP_PRESENT,0,0,3,VALID,11.848101135318643,6.550433901570386,false,136.01486398859626,formal_m1_center_not_selected
primary,S004402,C111_QPP_N120_P140_A2_Q040,STATIONARY_QPP_PRESENT,1,0,3,VALID,18.703728169736678,10.047451595896291,true,135.86144365404192,recovered_period_selected
primary,S004403,C111_QPP_N120_P140_A2_Q040,STATIONARY_QPP_PRESENT,2,0,3,VALID,20.564537977335362,11.13796623092594,true,135.4528076075792,recovered_period_selected
primary,S004404,C111_QPP_N120_P140_A2_Q040,STATIONARY_QPP_PRESENT,3,0,3,VALID,17.78708146796123,13.844240741085173,true,142.85332689681033,recovered_period_selected
primary,S004405,C111_QPP_N120_P140_A2_Q040,STATIONARY_QPP_PRESENT,4,0,3,VALID,28.66370261888926,13.772791806835357,true,136.70409257824366,recovered_period_selected
primary,S004406,C111_QPP_N120_P140_A2_Q040,STATIONARY_QPP_PRESENT,5,0,3,VALID,31.806870765049325,12.115647549078062,true,144.66520122756535,recovered_period_selected
primary,S004407,C111_QPP_N120_P140_A2_Q040,STATIONARY_QPP_PRESENT,6,0,3,VALID,27.445898830638612,13.297667679941128,true,137.61958420277153,recovered_period_selected
primary,S004408,C111_QPP_N120_P140_A2_Q040,STATIONARY_QPP_PRESENT,7,0,3,VALID,20.827323567860162,8.339825367498861,false,146.358308401336,formal_m1_center_not_selected
primary,S004409,C111_QPP_N120_P140_A2_Q040,STATIONARY_QPP_PRESENT,8,0,3,VALID,10.735739058693639,7.366074824188104,false,143.85034981893102,formal_m1_center_not_selected
primary,S004410,C111_QPP_N120_P140_A2_Q040,STATIONARY_QPP_PRESENT,9,0,3,VALID,27.7739826694949,13.131611209262019,true,141.6347358937485,recovered_period_selected
primary,S004411,C111_QPP_N120_P140_A2_Q040,STATIONARY_QPP_PRESENT,10,0,3,VALID,23.12066918475091,12.007576019924386,true,136.82090779984713,recovered_period_selected
primary,S004412,C111_QPP_N120_P140_A2_Q040,STATIONARY_QPP_PRESENT,11,0,3,VALID,20.381638571304507,10.617091233946894,true,136.54878582680655,recovered_period_selected
primary,S004413,C111_QPP_N120_P140_A2_Q040,STATIONARY_QPP_PRESENT,12,0,3,VALID,18.398423119460404,10.127060159949565,true,139.07068352954306,recovered_period_selected
primary,S004414,C111_QPP_N120_P140_A2_Q040,STATIONARY_QPP_PRESENT,13,0,3,VALID,23.47316335470316,13.843019936120527,true,140.6054708760006,recovered_period_selected
primary,S004415,C111_QPP_N120_P140_A2_Q040,STATIONARY_QPP_PRESENT,14,0,3,VALID,17.753615343813635,10.052651129132187,true,145.4318699372107,recovered_period_selected
primary,S004416,C111_QPP_N120_P140_A2_Q040,STATIONARY_QPP_PRESENT,15,0,3,VALID,23.364834548988142,11.501165062145219,true,144.09749053349344,recovered_period_selected
primary,S004417,C111_QPP_N120_P140_A2_Q040,STATIONARY_QPP_PRESENT,16,0,3,VALID,23.441199137057993,12.729931987553528,true,139.2029735920093,recovered_period_selected
primary,S004418,C111_QPP_N120_P140_A2_Q040,STATIONARY_QPP_PRESENT,17,0,3,VALID,23.122100050503605,12.170370191846473,true,137.52235129054372,recovered_period_selected
primary,S004419,C111_QPP_N120_P140_A2_Q040,STATIONARY_QPP_PRESENT,18,0,3,VALID,18.595388359221943,11.531821674450384,true,145.25773766667072,recovered_period_selected
primary,S004420,C111_QPP_N120_P140_A2_Q040,STATIONARY_QPP_PRESENT,19,0,3,VALID,17.509346105826808,10.582049080645675,true,139.179720014218,recovered_period_selected
primary,S004421,C111_QPP_N120_P140_A2_Q040,STATIONARY_QPP_PRESENT,20,0,3,VALID,21.448242905630536,10.579279067209654,true,135.60279963367478,recovered_period_selected
primary,S004422,C111_QPP_N120_P140_A2_Q040,STATIONARY_QPP_PRESENT,21,0,3,VALID,16.27933812542983,9.574432478593394,false,145.98927082432576,formal_m1_center_not_selected
primary,S004423,C111_QPP_N120_P140_A2_Q040,STATIONARY_QPP_PRESENT,22,0,3,VALID,21.04536991295356,8.939454771033866,false,146.88873612764536,formal_m1_center_not_selected
primary,S004424,C111_QPP_N120_P140_A2_Q040,STATIONARY_QPP_PRESENT,23,0,3,VALID,22.57637894136667,11.15295255577837,true,136.94468559820677,recovered_period_selected
primary,S004425,C111_QPP_N120_P140_A2_Q040,STATIONARY_QPP_PRESENT,24,0,3,VALID,24.098247463160533,12.735835143541863,true,143.00015745114584,recovered_period_selected
primary,S004426,C111_QPP_N120_P140_A2_Q040,STATIONARY_QPP_PRESENT,25,0,3,VALID,25.09534439510776,12.705629233140598,true,139.0059140605076,recovered_period_selected
primary,S004427,C111_QPP_N120_P140_A2_Q040,STATIONARY_QPP_PRESENT,26,0,3,VALID,19.234881475843167,11.021577959229035,true,136.2444900545271,recovered_period_selected
primary,S004428,C111_QPP_N120_P140_A2_Q040,STATIONARY_QPP_PRESENT,27,0,3,VALID,24.7715700101337,13.127316071803534,true,135.8524462399877,recovered_period_selected
primary,S004429,C111_QPP_N120_P140_A2_Q040,STATIONARY_QPP_PRESENT,28,0,3,VALID,30.260885663739714,13.39342477327591,true,143.95865536143435,recovered_period_selected
primary,S004430,C111_QPP_N120_P140_A2_Q040,STATIONARY_QPP_PRESENT,29,0,3,VALID,16.283194519600897,4.549379957280166,false,150.8472972600751,formal_m1_center_not_selected
primary,S004431,C111_QPP_N120_P140_A2_Q040,STATIONARY_QPP_PRESENT,30,0,3,VALID,25.799320447023774,11.137315128717432,true,145.7227581674997,recovered_period_selected
primary,S004432,C111_QPP_N120_P140_A2_Q040,STATIONARY_QPP_PRESENT,31,0,3,VALID,13.026398274468761,4.955756107630236,false,143.62401952616543,formal_m1_center_not_selected
primary,S004433,C111_QPP_N120_P140_A2_Q040,STATIONARY_QPP_PRESENT,32,0,3,VALID,7.8147755563581995,5.267075828931979,false,144.55507475266705,formal_m1_center_not_selected
primary,S004434,C111_QPP_N120_P140_A2_Q040,STATIONARY_QPP_PRESENT,33,0,3,VALID,22.76908579353949,10.368482416226925,true,135.98447474029214,recovered_period_selected
primary,S004435,C111_QPP_N120_P140_A2_Q040,STATIONARY_QPP_PRESENT,34,0,3,VALID,15.251870022162507,8.329395879125059,false,140.5316842165225,formal_m1_center_not_selected
primary,S004436,C111_QPP_N120_P140_A2_Q040,STATIONARY_QPP_PRESENT,35,0,3,VALID,25.72927299181015,12.005723535088691,true,144.42499407500281,recovered_period_selected
primary,S004437,C111_QPP_N120_P140_A2_Q040,STATIONARY_QPP_PRESENT,36,0,3,VALID,19.470389553540713,7.91512983493692,false,146.51105313189842,formal_m1_center_not_selected
primary,S004438,C111_QPP_N120_P140_A2_Q040,STATIONARY_QPP_PRESENT,37,0,3,VALID,10.801735126653284,6.242310985764448,false,137.72533541934288,formal_m1_center_not_selected
primary,S004439,C111_QPP_N120_P140_A2_Q040,STATIONARY_QPP_PRESENT,38,0,3,VALID,12.847716616394223,8.392733103333853,false,143.18107694190968,formal_m1_center_not_selected
primary,S004440,C111_QPP_N120_P140_A2_Q040,STATIONARY_QPP_PRESENT,39,0,3,VALID,18.75678716293305,7.968500455179878,false,146.28358137613617,formal_m1_center_not_selected
stability,S000001,C001_NULL_N015_A0,NULL_FLARE_RED_NOISE,0,1,3,VALID,-5.588684016836954,-1.8910500073004792,false,222.4930155096327,formal_m1_center_not_selected
stability,S000001,C001_NULL_N015_A0,NULL_FLARE_RED_NOISE,0,2,3,VALID,-5.588688628175628,-1.8910546064288285,false,222.50759826588197,formal_m1_center_not_selected
stability,S000001,C001_NULL_N015_A0,NULL_FLARE_RED_NOISE,0,3,3,VALID,-5.588687843323381,-1.7927794159393011,false,222.47659304174067,formal_m1_center_not_selected
stability,S000001,C001_NULL_N015_A0,NULL_FLARE_RED_NOISE,0,4,3,VALID,-5.588684054806215,-1.8910499471526014,false,222.49421152904387,formal_m1_center_not_selected
stability,S000001,C001_NULL_N015_A0,NULL_FLARE_RED_NOISE,0,5,3,VALID,-5.588684005985522,-1.802358962654945,false,222.49264755113217,formal_m1_center_not_selected
stability,S000001,C001_NULL_N015_A0,NULL_FLARE_RED_NOISE,0,6,3,VALID,-5.58868402408762,-1.8910498504440207,false,222.49267005702964,formal_m1_center_not_selected
stability,S000001,C001_NULL_N015_A0,NULL_FLARE_RED_NOISE,0,7,3,VALID,-5.588684075453134,-1.8910500529294412,false,222.4890638602741,formal_m1_center_not_selected
stability,S000001,C001_NULL_N015_A0,NULL_FLARE_RED_NOISE,0,8,3,VALID,-5.588684107161315,-1.8910500581593537,false,222.4922618526071,formal_m1_center_not_selected
stability,S000001,C001_NULL_N015_A0,NULL_FLARE_RED_NOISE,0,9,3,VALID,-5.588684023704941,-1.89105000277831,false,222.49290884315832,formal_m1_center_not_selected
stability,S000041,C002_NULL_N015_A1,NULL_FLARE_RED_NOISE,0,1,3,VALID,-5.427058886748677,-1.940494018071763,false,181.09417258671255,formal_m1_center_not_selected
stability,S000041,C002_NULL_N015_A1,NULL_FLARE_RED_NOISE,0,2,3,VALID,-5.427058854819601,-1.6466473799505463,false,181.09953895945202,formal_m1_center_not_selected
stability,S000041,C002_NULL_N015_A1,NULL_FLARE_RED_NOISE,0,3,3,VALID,-5.427139650582502,-1.6467275081641999,false,140.68703886759465,formal_m1_center_not_selected
stability,S000041,C002_NULL_N015_A1,NULL_FLARE_RED_NOISE,0,4,3,VALID,-5.42705885473851,-1.9404957601126478,false,181.1008287945488,formal_m1_center_not_selected
stability,S000041,C002_NULL_N015_A1,NULL_FLARE_RED_NOISE,0,5,3,VALID,-5.427108615921753,-1.646697455419333,false,154.8827760521441,formal_m1_center_not_selected
stability,S000041,C002_NULL_N015_A1,NULL_FLARE_RED_NOISE,0,6,3,VALID,-5.427058854714934,-1.9404957867102608,false,181.10049020613647,formal_m1_center_not_selected
stability,S000041,C002_NULL_N015_A1,NULL_FLARE_RED_NOISE,0,7,3,VALID,-5.427109472727478,-1.940546406172083,false,154.52882438580784,formal_m1_center_not_selected
stability,S000041,C002_NULL_N015_A1,NULL_FLARE_RED_NOISE,0,8,3,VALID,-5.451305428223312,-1.964742361613955,false,146.15468822176112,formal_m1_center_not_selected
stability,S000041,C002_NULL_N015_A1,NULL_FLARE_RED_NOISE,0,9,3,VALID,-5.4271436397301756,-1.940580573141772,false,137.56543267102768,formal_m1_center_not_selected
stability,S000081,C003_NULL_N015_A2,NULL_FLARE_RED_NOISE,0,1,3,VALID,-5.517474676591455,-1.9220019856346893,false,129.1196799590554,formal_m1_center_not_selected
stability,S000081,C003_NULL_N015_A2,NULL_FLARE_RED_NOISE,0,2,3,VALID,-5.5174735378441415,-1.9220008461332396,false,128.6551718669372,formal_m1_center_not_selected
stability,S000081,C003_NULL_N015_A2,NULL_FLARE_RED_NOISE,0,3,3,VALID,-5.51747328015515,-1.6621297950216336,false,128.441444579201,formal_m1_center_not_selected
stability,S000081,C003_NULL_N015_A2,NULL_FLARE_RED_NOISE,0,4,3,VALID,-5.517473226724997,-1.9220001965531113,false,128.53451281122958,formal_m1_center_not_selected
stability,S000081,C003_NULL_N015_A2,NULL_FLARE_RED_NOISE,0,5,3,VALID,-5.517472380025197,-1.6865563318969423,false,124.52503015009935,formal_m1_center_not_selected
stability,S000081,C003_NULL_N015_A2,NULL_FLARE_RED_NOISE,0,6,3,VALID,-5.517473185447622,-1.92200049355763,false,128.49216039805788,formal_m1_center_not_selected
stability,S000081,C003_NULL_N015_A2,NULL_FLARE_RED_NOISE,0,7,3,VALID,-5.517473163699471,-1.9220004728180138,false,128.47183829230497,formal_m1_center_not_selected
stability,S000081,C003_NULL_N015_A2,NULL_FLARE_RED_NOISE,0,8,3,VALID,-5.517472975819816,-1.922000284761654,false,128.3162520248853,formal_m1_center_not_selected
stability,S000081,C003_NULL_N015_A2,NULL_FLARE_RED_NOISE,0,9,3,VALID,-5.517475766622432,-1.9220030757637288,false,129.43277621323148,formal_m1_center_not_selected
stability,S000121,C004_NULL_N030_A0,NULL_FLARE_RED_NOISE,0,1,3,VALID,-7.677690471573399,-2.638777507013579,false,299.99999999999994,formal_m1_center_not_selected
stability,S000121,C004_NULL_N030_A0,NULL_FLARE_RED_NOISE,0,2,3,VALID,-7.6777877396658525,-2.474690459015008,false,255.5103717483961,formal_m1_center_not_selected
stability,S000121,C004_NULL_N030_A0,NULL_FLARE_RED_NOISE,0,3,3,VALID,-7.7034936107088825,-2.500400256581486,false,45.56296369488107,formal_m1_center_not_selected
stability,S000121,C004_NULL_N030_A0,NULL_FLARE_RED_NOISE,0,4,3,VALID,-7.677690407562004,-2.6387775407450107,false,299.99999999999994,formal_m1_center_not_selected
stability,S000121,C004_NULL_N030_A0,NULL_FLARE_RED_NOISE,0,5,3,VALID,-7.677787924351058,-2.638875057604764,false,258.5212298377749,formal_m1_center_not_selected
stability,S000121,C004_NULL_N030_A0,NULL_FLARE_RED_NOISE,0,6,3,VALID,-7.703493610640429,-2.6645807228476954,false,45.56294313185182,formal_m1_center_not_selected
stability,S000121,C004_NULL_N030_A0,NULL_FLARE_RED_NOISE,0,7,3,VALID,-7.677690405977891,-2.638777539195118,false,299.99999999999994,formal_m1_center_not_selected
stability,S000121,C004_NULL_N030_A0,NULL_FLARE_RED_NOISE,0,8,3,VALID,-7.67769053638672,-2.638777665644156,false,299.99999999999994,formal_m1_center_not_selected
stability,S000121,C004_NULL_N030_A0,NULL_FLARE_RED_NOISE,0,9,3,VALID,-7.703493610656132,-2.664580743918634,false,45.56295559207076,formal_m1_center_not_selected
stability,S000161,C005_NULL_N030_A1,NULL_FLARE_RED_NOISE,0,1,3,VALID,-7.324006011588459,-2.470784669137842,false,44.06971126658004,formal_m1_center_not_selected
stability,S000161,C005_NULL_N030_A1,NULL_FLARE_RED_NOISE,0,2,3,VALID,-7.32400602792864,-2.158942574625897,false,44.06971401472807,formal_m1_center_not_selected
stability,S000161,C005_NULL_N030_A1,NULL_FLARE_RED_NOISE,0,3,3,VALID,-7.324006011721082,-2.1935772842695442,false,44.06971156691485,formal_m1_center_not_selected
stability,S000161,C005_NULL_N030_A1,NULL_FLARE_RED_NOISE,0,4,3,VALID,-7.32400601171782,-2.470784755256851,false,44.06971299803167,formal_m1_center_not_selected
stability,S000161,C005_NULL_N030_A1,NULL_FLARE_RED_NOISE,0,5,3,VALID,-7.324006011631425,-2.1935777684265148,false,44.06971220223002,formal_m1_center_not_selected
stability,S000161,C005_NULL_N030_A1,NULL_FLARE_RED_NOISE,0,6,3,VALID,-7.324006011608681,-2.470784412798153,false,44.069707282170654,formal_m1_center_not_selected
stability,S000161,C005_NULL_N030_A1,NULL_FLARE_RED_NOISE,0,7,3,VALID,-7.324006014911369,-2.4707849740312327,false,44.06975967725639,formal_m1_center_not_selected
stability,S000161,C005_NULL_N030_A1,NULL_FLARE_RED_NOISE,0,8,3,VALID,-7.3240060116044035,-2.470785046319982,false,44.06971286614155,formal_m1_center_not_selected
stability,S000161,C005_NULL_N030_A1,NULL_FLARE_RED_NOISE,0,9,3,VALID,-7.324006012595596,-2.470785026786295,false,44.069717629757555,formal_m1_center_not_selected
stability,S000201,C006_NULL_N030_A2,NULL_FLARE_RED_NOISE,0,1,3,VALID,-7.60288921811221,-2.653349747878238,false,49.08212068398119,formal_m1_center_not_selected
stability,S000201,C006_NULL_N030_A2,NULL_FLARE_RED_NOISE,0,2,3,VALID,-7.60288885982056,-2.4720763053856984,false,49.08203206749843,formal_m1_center_not_selected
stability,S000201,C006_NULL_N030_A2,NULL_FLARE_RED_NOISE,0,3,3,VALID,-7.602888888311142,-2.4720418853547983,false,49.082042075605926,formal_m1_center_not_selected
stability,S000201,C006_NULL_N030_A2,NULL_FLARE_RED_NOISE,0,4,3,VALID,-7.602888851147135,-2.6533494800476376,false,49.082110852606235,formal_m1_center_not_selected
stability,S000201,C006_NULL_N030_A2,NULL_FLARE_RED_NOISE,0,5,3,VALID,-7.602888982612505,-2.653349611498612,false,49.08278694042901,formal_m1_center_not_selected
stability,S000201,C006_NULL_N030_A2,NULL_FLARE_RED_NOISE,0,6,3,VALID,-7.602888871241461,-2.6533484772251015,false,49.082125691818106,formal_m1_center_not_selected
stability,S000201,C006_NULL_N030_A2,NULL_FLARE_RED_NOISE,0,7,3,VALID,-7.6028889365691725,-2.6533495655599424,false,49.08224421913561,formal_m1_center_not_selected
stability,S000201,C006_NULL_N030_A2,NULL_FLARE_RED_NOISE,0,8,3,VALID,-7.602889077239475,-2.653349706123329,false,49.08199299480791,formal_m1_center_not_selected
stability,S000201,C006_NULL_N030_A2,NULL_FLARE_RED_NOISE,0,9,3,VALID,-7.602888922066008,-2.6533495369297952,false,49.082119647452146,formal_m1_center_not_selected
stability,S000241,C007_NULL_N060_A0,NULL_FLARE_RED_NOISE,0,1,3,VALID,-9.615379366913345,-3.507727390113388,false,56.42490831227353,formal_m1_center_not_selected
stability,S000241,C007_NULL_N060_A0,NULL_FLARE_RED_NOISE,0,2,3,VALID,-9.61537937014674,-3.2939223101371624,false,56.42491366556137,formal_m1_center_not_selected
stability,S000241,C007_NULL_N060_A0,NULL_FLARE_RED_NOISE,0,3,3,VALID,-9.615379407843506,-3.2347955995683435,false,56.424428614325805,formal_m1_center_not_selected
stability,S000241,C007_NULL_N060_A0,NULL_FLARE_RED_NOISE,0,4,3,VALID,-9.615379368349721,-3.507726672211163,false,56.42486943671599,formal_m1_center_not_selected
stability,S000241,C007_NULL_N060_A0,NULL_FLARE_RED_NOISE,0,5,3,VALID,-9.61537936961642,-3.2387842108846314,false,56.42473347826009,formal_m1_center_not_selected
stability,S000241,C007_NULL_N060_A0,NULL_FLARE_RED_NOISE,0,6,3,VALID,-9.615379366924799,-3.409548329849059,false,56.42491749701723,formal_m1_center_not_selected
stability,S000241,C007_NULL_N060_A0,NULL_FLARE_RED_NOISE,0,7,3,VALID,-9.615379366939806,-3.507728156118077,false,56.42491698883847,formal_m1_center_not_selected
stability,S000241,C007_NULL_N060_A0,NULL_FLARE_RED_NOISE,0,8,3,VALID,-9.615379366976839,-3.5077280976999816,false,56.424913489253726,formal_m1_center_not_selected
stability,S000241,C007_NULL_N060_A0,NULL_FLARE_RED_NOISE,0,9,3,VALID,-9.615379367113349,-3.507728152978359,false,56.424959926322664,formal_m1_center_not_selected
stability,S000281,C008_NULL_N060_A1,NULL_FLARE_RED_NOISE,0,1,3,VALID,-9.578240465617796,-2.9591194741250035,false,60.74386190354405,formal_m1_center_not_selected
stability,S000281,C008_NULL_N060_A1,NULL_FLARE_RED_NOISE,0,2,3,VALID,-9.578240465645194,-2.9591206958359635,false,60.74386239138879,formal_m1_center_not_selected
stability,S000281,C008_NULL_N060_A1,NULL_FLARE_RED_NOISE,0,3,3,VALID,-9.578240466621168,-2.959119182976025,false,60.74390301522291,formal_m1_center_not_selected
stability,S000281,C008_NULL_N060_A1,NULL_FLARE_RED_NOISE,0,4,3,VALID,-9.578240465413103,-2.9566438001744473,false,60.74384944335656,formal_m1_center_not_selected
stability,S000281,C008_NULL_N060_A1,NULL_FLARE_RED_NOISE,0,5,3,VALID,-9.578240465385448,-2.9590845623601467,false,60.74384645387785,formal_m1_center_not_selected
stability,S000281,C008_NULL_N060_A1,NULL_FLARE_RED_NOISE,0,6,3,VALID,-9.57824046574683,-2.9591204082519766,false,60.74380626968435,formal_m1_center_not_selected
stability,S000281,C008_NULL_N060_A1,NULL_FLARE_RED_NOISE,0,7,3,VALID,-9.578240465522953,-2.958803711662739,false,60.743852279914265,formal_m1_center_not_selected
stability,S000281,C008_NULL_N060_A1,NULL_FLARE_RED_NOISE,0,8,3,VALID,-9.578240466016865,-2.959116562091168,false,60.74382504395559,formal_m1_center_not_selected
stability,S000281,C008_NULL_N060_A1,NULL_FLARE_RED_NOISE,0,9,3,VALID,-9.57824046572938,-2.9591195430934363,false,60.743868736633736,formal_m1_center_not_selected
stability,S000321,C009_NULL_N060_A2,NULL_FLARE_RED_NOISE,0,1,3,VALID,-9.465128742823282,-2.9430028612050876,false,45.046339997729554,formal_m1_center_not_selected
stability,S000321,C009_NULL_N060_A2,NULL_FLARE_RED_NOISE,0,2,3,VALID,-9.46512887860834,-2.9430043417310117,false,45.046484462415684,formal_m1_center_not_selected
stability,S000321,C009_NULL_N060_A2,NULL_FLARE_RED_NOISE,0,3,3,VALID,-9.465128763557146,-2.9430039485932866,false,45.046547454209374,formal_m1_center_not_selected
stability,S000321,C009_NULL_N060_A2,NULL_FLARE_RED_NOISE,0,4,3,VALID,-9.465128745469997,-2.943884247354248,false,45.04639759491449,formal_m1_center_not_selected
stability,S000321,C009_NULL_N060_A2,NULL_FLARE_RED_NOISE,0,5,3,VALID,-9.46512874275217,-2.943007355603015,false,45.04635774721388,formal_m1_center_not_selected
stability,S000321,C009_NULL_N060_A2,NULL_FLARE_RED_NOISE,0,6,3,VALID,-9.465128742581214,-2.9430076138993115,false,45.046355312389316,formal_m1_center_not_selected
stability,S000321,C009_NULL_N060_A2,NULL_FLARE_RED_NOISE,0,7,3,VALID,-9.46512878415649,-2.9429442562969257,false,45.04629415849628,formal_m1_center_not_selected
stability,S000321,C009_NULL_N060_A2,NULL_FLARE_RED_NOISE,0,8,3,VALID,-9.465130310630457,-2.943887665357863,false,45.04630891272611,formal_m1_center_not_selected
stability,S000321,C009_NULL_N060_A2,NULL_FLARE_RED_NOISE,0,9,3,VALID,-9.465128743388078,-2.943871592379935,false,45.046311576239816,formal_m1_center_not_selected
stability,S000361,C010_NULL_N120_A0,NULL_FLARE_RED_NOISE,0,1,3,VALID,-8.831211799986363,-1.7561066621482269,false,40.0,formal_m1_center_not_selected
stability,S000361,C010_NULL_N120_A0,NULL_FLARE_RED_NOISE,0,2,3,VALID,-8.831211798218533,-1.7705799933045228,false,40.0,formal_m1_center_not_selected
stability,S000361,C010_NULL_N120_A0,NULL_FLARE_RED_NOISE,0,3,3,VALID,-8.831211799690664,-1.0542685623463512,false,40.0,formal_m1_center_not_selected
stability,S000361,C010_NULL_N120_A0,NULL_FLARE_RED_NOISE,0,4,3,VALID,-8.831211797844503,-1.7705807399296418,false,40.0,formal_m1_center_not_selected
stability,S000361,C010_NULL_N120_A0,NULL_FLARE_RED_NOISE,0,5,3,VALID,-8.83121180052774,-1.7679929603922346,false,40.0,formal_m1_center_not_selected
stability,S000361,C010_NULL_N120_A0,NULL_FLARE_RED_NOISE,0,6,3,VALID,-8.831211797730248,-1.7705807372426534,false,40.0,formal_m1_center_not_selected
stability,S000361,C010_NULL_N120_A0,NULL_FLARE_RED_NOISE,0,7,3,VALID,-8.831211797755714,-1.7705807513073069,false,40.0,formal_m1_center_not_selected
stability,S000361,C010_NULL_N120_A0,NULL_FLARE_RED_NOISE,0,8,3,VALID,-8.831211798315849,-1.7561038866882654,false,40.0,formal_m1_center_not_selected
stability,S000361,C010_NULL_N120_A0,NULL_FLARE_RED_NOISE,0,9,3,VALID,-8.831211798291065,-1.7611082146744366,false,40.0,formal_m1_center_not_selected
stability,S000401,C011_NULL_N120_A1,NULL_FLARE_RED_NOISE,0,1,3,VALID,-10.508370627928912,-3.557123762465835,false,179.06729513157484,formal_m1_center_not_selected
stability,S000401,C011_NULL_N120_A1,NULL_FLARE_RED_NOISE,0,2,3,VALID,-10.508370626736678,-3.4463118813008577,false,179.06737632635935,formal_m1_center_not_selected
stability,S000401,C011_NULL_N120_A1,NULL_FLARE_RED_NOISE,0,3,3,VALID,-10.508370627095474,-2.4630575694478694,false,179.06749423896267,formal_m1_center_not_selected
stability,S000401,C011_NULL_N120_A1,NULL_FLARE_RED_NOISE,0,4,3,VALID,-10.508370628771786,-3.5571055897463566,false,179.0673301421728,formal_m1_center_not_selected
stability,S000401,C011_NULL_N120_A1,NULL_FLARE_RED_NOISE,0,5,3,VALID,-10.508370627142995,-3.557124375133526,false,179.06720016089497,formal_m1_center_not_selected
stability,S000401,C011_NULL_N120_A1,NULL_FLARE_RED_NOISE,0,6,3,VALID,-10.508370626713372,-3.5512779729792783,false,179.06736744340887,formal_m1_center_not_selected
stability,S000401,C011_NULL_N120_A1,NULL_FLARE_RED_NOISE,0,7,3,VALID,-10.508370627578415,-3.556982283899856,false,179.06746860878098,formal_m1_center_not_selected
stability,S000401,C011_NULL_N120_A1,NULL_FLARE_RED_NOISE,0,8,3,VALID,-10.508370627433465,-3.5571236279070035,false,179.06731153623895,formal_m1_center_not_selected
stability,S000401,C011_NULL_N120_A1,NULL_FLARE_RED_NOISE,0,9,3,VALID,-10.508370627223485,-3.557123794283939,false,179.06739767415297,formal_m1_center_not_selected
stability,S000441,C012_NULL_N120_A2,NULL_FLARE_RED_NOISE,0,1,3,VALID,-11.746256984388083,-4.322579717302233,false,43.82789052108883,formal_m1_center_not_selected
stability,S000441,C012_NULL_N120_A2,NULL_FLARE_RED_NOISE,0,2,3,VALID,-11.746257014877074,-4.32258021134021,false,43.824832633390116,formal_m1_center_not_selected
stability,S000441,C012_NULL_N120_A2,NULL_FLARE_RED_NOISE,0,3,3,VALID,-11.746257259764093,-4.176227417127052,false,43.82092993828236,formal_m1_center_not_selected
stability,S000441,C012_NULL_N120_A2,NULL_FLARE_RED_NOISE,0,4,3,VALID,-11.746257102837944,-4.322581457008255,false,43.825801831825835,formal_m1_center_not_selected
stability,S000441,C012_NULL_N120_A2,NULL_FLARE_RED_NOISE,0,5,3,VALID,-11.746256968542298,-4.311685299802889,false,43.826264880331635,formal_m1_center_not_selected
stability,S000441,C012_NULL_N120_A2,NULL_FLARE_RED_NOISE,0,6,3,VALID,-11.746257047031577,-4.31168537993517,false,43.826393875769824,formal_m1_center_not_selected
stability,S000441,C012_NULL_N120_A2,NULL_FLARE_RED_NOISE,0,7,3,VALID,-11.746256970380273,-4.322575614314019,false,43.82625063150733,formal_m1_center_not_selected
stability,S000441,C012_NULL_N120_A2,NULL_FLARE_RED_NOISE,0,8,3,VALID,-11.746256970162676,-4.322573393930043,false,43.82597280351932,formal_m1_center_not_selected
stability,S000441,C012_NULL_N120_A2,NULL_FLARE_RED_NOISE,0,9,3,VALID,-11.746257012515116,-4.319973240652985,false,43.825996579332674,formal_m1_center_not_selected
stability,S000481,C013_QPP_N015_P050_A0_Q010,STATIONARY_QPP_PRESENT,0,1,3,VALID,-5.594139610252849,-1.8926580290459194,false,208.0339802167217,formal_m1_center_not_selected
stability,S000481,C013_QPP_N015_P050_A0_Q010,STATIONARY_QPP_PRESENT,0,2,3,VALID,-5.596363649017633,-1.8944382938974877,false,128.83109050564866,formal_m1_center_not_selected
stability,S000481,C013_QPP_N015_P050_A0_Q010,STATIONARY_QPP_PRESENT,0,3,3,VALID,-5.5941490665808935,-1.839243350366174,false,207.9977339547038,formal_m1_center_not_selected
stability,S000481,C013_QPP_N015_P050_A0_Q010,STATIONARY_QPP_PRESENT,0,4,3,VALID,-5.594140664392542,-1.8926590414065698,false,208.03414307341635,formal_m1_center_not_selected
stability,S000481,C013_QPP_N015_P050_A0_Q010,STATIONARY_QPP_PRESENT,0,5,3,VALID,-5.5941396297655,-1.8436519984778892,false,208.03263826142808,formal_m1_center_not_selected
stability,S000481,C013_QPP_N015_P050_A0_Q010,STATIONARY_QPP_PRESENT,0,6,3,VALID,-5.594139719192853,-1.892658128737616,false,208.10735706834012,formal_m1_center_not_selected
stability,S000481,C013_QPP_N015_P050_A0_Q010,STATIONARY_QPP_PRESENT,0,7,3,VALID,-5.594139597663512,-1.8926580331804148,false,208.0395491749367,formal_m1_center_not_selected
stability,S000481,C013_QPP_N015_P050_A0_Q010,STATIONARY_QPP_PRESENT,0,8,3,VALID,-5.594139796250667,-1.8926582321685155,false,208.03747042608146,formal_m1_center_not_selected
stability,S000481,C013_QPP_N015_P050_A0_Q010,STATIONARY_QPP_PRESENT,0,9,3,VALID,-5.594139605739992,-1.8926580168946225,false,208.03891204784495,formal_m1_center_not_selected
stability,S000521,C014_QPP_N015_P050_A0_Q020,STATIONARY_QPP_PRESENT,0,1,3,VALID,-5.587901821176333,-1.9041630638733258,false,133.7109794890749,formal_m1_center_not_selected
stability,S000521,C014_QPP_N015_P050_A0_Q020,STATIONARY_QPP_PRESENT,0,2,3,VALID,-5.587902023997119,-1.9041567157584902,false,133.84537963453243,formal_m1_center_not_selected
stability,S000521,C014_QPP_N015_P050_A0_Q020,STATIONARY_QPP_PRESENT,0,3,3,VALID,-5.587901047761681,-1.8804017359376681,false,127.07923385280237,formal_m1_center_not_selected
stability,S000521,C014_QPP_N015_P050_A0_Q020,STATIONARY_QPP_PRESENT,0,4,3,VALID,-5.587901352358937,-1.904162161855763,false,130.66913198678512,formal_m1_center_not_selected
stability,S000521,C014_QPP_N015_P050_A0_Q020,STATIONARY_QPP_PRESENT,0,5,3,VALID,-5.587900845358874,-1.8838721231766362,false,129.93756354420026,formal_m1_center_not_selected
stability,S000521,C014_QPP_N015_P050_A0_Q020,STATIONARY_QPP_PRESENT,0,6,3,VALID,-5.587901368794293,-1.904162607447323,false,132.95527962820083,formal_m1_center_not_selected
stability,S000521,C014_QPP_N015_P050_A0_Q020,STATIONARY_QPP_PRESENT,0,7,3,VALID,-5.587903029685794,-1.9041642728912906,false,134.8663290477291,formal_m1_center_not_selected
stability,S000521,C014_QPP_N015_P050_A0_Q020,STATIONARY_QPP_PRESENT,0,8,3,VALID,-5.587900881484323,-1.9041621225750243,false,125.14646641422546,formal_m1_center_not_selected
stability,S000521,C014_QPP_N015_P050_A0_Q020,STATIONARY_QPP_PRESENT,0,9,3,VALID,-5.587901558701855,-1.9041628119004512,false,133.34544455409386,formal_m1_center_not_selected
stability,S000561,C015_QPP_N015_P050_A0_Q040,STATIONARY_QPP_PRESENT,0,1,3,VALID,-5.575070369898448,-1.974884048042198,false,156.11724579607386,formal_m1_center_not_selected
stability,S000561,C015_QPP_N015_P050_A0_Q040,STATIONARY_QPP_PRESENT,0,2,3,VALID,-5.575192033789046,-1.975005712684987,false,157.46845606836098,formal_m1_center_not_selected
stability,S000561,C015_QPP_N015_P050_A0_Q040,STATIONARY_QPP_PRESENT,0,3,3,VALID,-5.575070429272101,-1.974680144605057,false,156.44372835408922,formal_m1_center_not_selected
stability,S000561,C015_QPP_N015_P050_A0_Q040,STATIONARY_QPP_PRESENT,0,4,3,VALID,-5.575070168056897,-1.9748834581805506,false,156.08991825246372,formal_m1_center_not_selected
stability,S000561,C015_QPP_N015_P050_A0_Q040,STATIONARY_QPP_PRESENT,0,5,3,VALID,-5.575070296885409,-1.9748810258992853,false,156.33668835415298,formal_m1_center_not_selected
stability,S000561,C015_QPP_N015_P050_A0_Q040,STATIONARY_QPP_PRESENT,0,6,3,VALID,-5.575070233119467,-1.9748832649185468,false,156.08479960782387,formal_m1_center_not_selected
stability,S000561,C015_QPP_N015_P050_A0_Q040,STATIONARY_QPP_PRESENT,0,7,3,VALID,-5.575186109397032,-1.9749997834409028,false,130.27535594538995,formal_m1_center_not_selected
stability,S000561,C015_QPP_N015_P050_A0_Q040,STATIONARY_QPP_PRESENT,0,8,3,VALID,-5.575071254790364,-1.9748849291795052,false,155.8859287531558,formal_m1_center_not_selected
stability,S000561,C015_QPP_N015_P050_A0_Q040,STATIONARY_QPP_PRESENT,0,9,3,VALID,-5.5750702346609025,-1.9748839079741556,false,156.08442176732805,formal_m1_center_not_selected
stability,S000601,C016_QPP_N015_P050_A1_Q010,STATIONARY_QPP_PRESENT,0,1,3,VALID,-5.344177751565239,-1.9469705906742254,false,171.39359863867767,formal_m1_center_not_selected
stability,S000601,C016_QPP_N015_P050_A1_Q010,STATIONARY_QPP_PRESENT,0,2,3,VALID,-5.344177779505539,-1.9404197691168976,false,171.3803728771519,formal_m1_center_not_selected
stability,S000601,C016_QPP_N015_P050_A1_Q010,STATIONARY_QPP_PRESENT,0,3,3,VALID,-5.344178692855733,-1.605952611872687,false,171.40277648167535,formal_m1_center_not_selected
stability,S000601,C016_QPP_N015_P050_A1_Q010,STATIONARY_QPP_PRESENT,0,4,3,VALID,-5.344177752054847,-1.9469703993666636,false,171.39380686715978,formal_m1_center_not_selected
stability,S000601,C016_QPP_N015_P050_A1_Q010,STATIONARY_QPP_PRESENT,0,5,3,VALID,-5.344177751441947,-1.6059530839067806,false,171.39321894132783,formal_m1_center_not_selected
stability,S000601,C016_QPP_N015_P050_A1_Q010,STATIONARY_QPP_PRESENT,0,6,3,VALID,-5.346884614546077,-1.9496762708445692,false,128.11659836818916,formal_m1_center_not_selected
stability,S000601,C016_QPP_N015_P050_A1_Q010,STATIONARY_QPP_PRESENT,0,7,3,VALID,-5.344177751410051,-1.9469705905573393,false,171.3933063933488,formal_m1_center_not_selected
stability,S000601,C016_QPP_N015_P050_A1_Q010,STATIONARY_QPP_PRESENT,0,8,3,VALID,-5.344177751472008,-1.9469702824467712,false,171.39280155804187,formal_m1_center_not_selected
stability,S000601,C016_QPP_N015_P050_A1_Q010,STATIONARY_QPP_PRESENT,0,9,3,VALID,-5.344177751498407,-1.9469705831515816,false,171.39297939268164,formal_m1_center_not_selected
stability,S000641,C017_QPP_N015_P050_A1_Q020,STATIONARY_QPP_PRESENT,0,1,3,VALID,-5.251601186447251,-1.9473961674170193,false,166.42425758047304,formal_m1_center_not_selected
stability,S000641,C017_QPP_N015_P050_A1_Q020,STATIONARY_QPP_PRESENT,0,2,3,VALID,-5.251601725601105,-1.9211584609157812,false,166.4232659252512,formal_m1_center_not_selected
stability,S000641,C017_QPP_N015_P050_A1_Q020,STATIONARY_QPP_PRESENT,0,3,3,VALID,-5.251601564252574,-1.5409171707635538,false,166.425969083359,formal_m1_center_not_selected
stability,S000641,C017_QPP_N015_P050_A1_Q020,STATIONARY_QPP_PRESENT,0,4,3,VALID,-5.251601181606427,-1.8163843211220678,false,166.42341525195033,formal_m1_center_not_selected
stability,S000641,C017_QPP_N015_P050_A1_Q020,STATIONARY_QPP_PRESENT,0,5,3,VALID,-5.251601332392424,-1.5409172236028086,false,166.43698288003068,formal_m1_center_not_selected
stability,S000641,C017_QPP_N015_P050_A1_Q020,STATIONARY_QPP_PRESENT,0,6,3,VALID,-5.251601359645804,-1.9473963530286378,false,166.45059313763184,formal_m1_center_not_selected
stability,S000641,C017_QPP_N015_P050_A1_Q020,STATIONARY_QPP_PRESENT,0,7,3,VALID,-5.251601186350436,-1.9473961576929382,false,166.42332824993696,formal_m1_center_not_selected
stability,S000641,C017_QPP_N015_P050_A1_Q020,STATIONARY_QPP_PRESENT,0,8,3,VALID,-5.251601181577964,-1.9473961833211364,false,166.423368906424,formal_m1_center_not_selected
stability,S000641,C017_QPP_N015_P050_A1_Q020,STATIONARY_QPP_PRESENT,0,9,3,VALID,-5.251601483667397,-1.9473964853361272,false,166.42915257801369,formal_m1_center_not_selected
stability,S000681,C018_QPP_N015_P050_A1_Q040,STATIONARY_QPP_PRESENT,0,1,3,VALID,-5.01930294880612,-1.8657107062055571,false,46.59490138154542,formal_m1_center_not_selected
stability,S000681,C018_QPP_N015_P050_A1_Q040,STATIONARY_QPP_PRESENT,0,2,3,VALID,-5.0193028831384225,-1.8058282232901517,false,46.594807865027114,formal_m1_center_not_selected
stability,S000681,C018_QPP_N015_P050_A1_Q040,STATIONARY_QPP_PRESENT,0,3,3,VALID,-5.0193029212726135,-1.3325969167785727,false,46.5949158926503,formal_m1_center_not_selected
stability,S000681,C018_QPP_N015_P050_A1_Q040,STATIONARY_QPP_PRESENT,0,4,3,VALID,-5.019303238368476,-1.332594889600295,false,46.5955294677973,formal_m1_center_not_selected
stability,S000681,C018_QPP_N015_P050_A1_Q040,STATIONARY_QPP_PRESENT,0,5,3,VALID,-5.01930310003571,-1.331468664400469,false,46.59523801284295,formal_m1_center_not_selected
stability,S000681,C018_QPP_N015_P050_A1_Q040,STATIONARY_QPP_PRESENT,0,6,3,VALID,-5.019302956221237,-1.8657107254318257,false,46.59496494974573,formal_m1_center_not_selected
stability,S000681,C018_QPP_N015_P050_A1_Q040,STATIONARY_QPP_PRESENT,0,7,3,VALID,-5.019302871991497,-1.8657106941867587,false,46.59491677282391,formal_m1_center_not_selected
stability,S000681,C018_QPP_N015_P050_A1_Q040,STATIONARY_QPP_PRESENT,0,8,3,VALID,-5.019302962546943,-1.8657107885046722,false,46.59472536278008,formal_m1_center_not_selected
stability,S000681,C018_QPP_N015_P050_A1_Q040,STATIONARY_QPP_PRESENT,0,9,3,VALID,-5.0193031995907855,-1.8657109644152365,false,46.59503225229085,formal_m1_center_not_selected
stability,S000721,C019_QPP_N015_P050_A2_Q010,STATIONARY_QPP_PRESENT,0,1,3,VALID,-5.594475457525254,-1.9048945231437857,false,128.42357883771106,formal_m1_center_not_selected
stability,S000721,C019_QPP_N015_P050_A2_Q010,STATIONARY_QPP_PRESENT,0,2,3,VALID,-5.594475260221829,-1.9048943258170778,false,124.65382323252135,formal_m1_center_not_selected
stability,S000721,C019_QPP_N015_P050_A2_Q010,STATIONARY_QPP_PRESENT,0,3,3,VALID,-5.594476317336312,-1.7352268999306082,false,130.5881381384642,formal_m1_center_not_selected
stability,S000721,C019_QPP_N015_P050_A2_Q010,STATIONARY_QPP_PRESENT,0,4,3,VALID,-5.594475690217646,-1.9048943830385214,false,129.99183093012238,formal_m1_center_not_selected
stability,S000721,C019_QPP_N015_P050_A2_Q010,STATIONARY_QPP_PRESENT,0,5,3,VALID,-5.594475770204918,-1.7430612073443852,false,125.17232957248214,formal_m1_center_not_selected
stability,S000721,C019_QPP_N015_P050_A2_Q010,STATIONARY_QPP_PRESENT,0,6,3,VALID,-5.594475810487927,-1.9048946196645078,false,130.15666587158208,formal_m1_center_not_selected
stability,S000721,C019_QPP_N015_P050_A2_Q010,STATIONARY_QPP_PRESENT,0,7,3,VALID,-5.594475248875785,-1.9048943144044825,false,124.46256994737064,formal_m1_center_not_selected
stability,S000721,C019_QPP_N015_P050_A2_Q010,STATIONARY_QPP_PRESENT,0,8,3,VALID,-5.594475412443623,-1.9048944779673311,false,129.364494178334,formal_m1_center_not_selected
stability,S000721,C019_QPP_N015_P050_A2_Q010,STATIONARY_QPP_PRESENT,0,9,3,VALID,-5.5944880225502,-1.9049070881600771,false,133.5817177843356,formal_m1_center_not_selected
stability,S000761,C020_QPP_N015_P050_A2_Q020,STATIONARY_QPP_PRESENT,0,1,3,VALID,-5.63101600682459,-1.851939992071988,false,228.00267369523644,formal_m1_center_not_selected
stability,S000761,C020_QPP_N015_P050_A2_Q020,STATIONARY_QPP_PRESENT,0,2,3,VALID,-5.631018978400935,-1.851942951945138,false,227.99093154755903,formal_m1_center_not_selected
stability,S000761,C020_QPP_N015_P050_A2_Q020,STATIONARY_QPP_PRESENT,0,3,3,VALID,-5.631031446282169,-1.7971564060226575,false,227.99529096937323,formal_m1_center_not_selected
stability,S000761,C020_QPP_N015_P050_A2_Q020,STATIONARY_QPP_PRESENT,0,4,3,VALID,-5.6348962725864045,-1.855820147401654,false,214.30751897379633,formal_m1_center_not_selected
stability,S000761,C020_QPP_N015_P050_A2_Q020,STATIONARY_QPP_PRESENT,0,5,3,VALID,-5.631016013376707,-1.799973576111852,false,228.0014571121589,formal_m1_center_not_selected
stability,S000761,C020_QPP_N015_P050_A2_Q020,STATIONARY_QPP_PRESENT,0,6,3,VALID,-5.631015998881267,-1.8519398548267398,false,228.00300994766593,formal_m1_center_not_selected
stability,S000761,C020_QPP_N015_P050_A2_Q020,STATIONARY_QPP_PRESENT,0,7,3,VALID,-5.650051002471368,-1.8709749753975258,false,143.02842104360212,formal_m1_center_not_selected
stability,S000761,C020_QPP_N015_P050_A2_Q020,STATIONARY_QPP_PRESENT,0,8,3,VALID,-5.631016359104343,-1.8519403397085794,false,228.00316527065556,formal_m1_center_not_selected
stability,S000761,C020_QPP_N015_P050_A2_Q020,STATIONARY_QPP_PRESENT,0,9,3,VALID,-5.6310159987260135,-1.8519399729509436,false,228.0023484792514,formal_m1_center_not_selected
stability,S000801,C021_QPP_N015_P050_A2_Q040,STATIONARY_QPP_PRESENT,0,1,3,VALID,-5.304550806519849,-1.750096171419817,false,55.227581951922495,formal_m1_center_not_selected
stability,S000801,C021_QPP_N015_P050_A2_Q040,STATIONARY_QPP_PRESENT,0,2,3,VALID,-5.304550889213919,-1.7477968773164507,false,55.22773847559385,formal_m1_center_not_selected
stability,S000801,C021_QPP_N015_P050_A2_Q040,STATIONARY_QPP_PRESENT,0,3,3,VALID,-5.304550868860471,-1.4925167891783557,false,55.227672840745115,formal_m1_center_not_selected
stability,S000801,C021_QPP_N015_P050_A2_Q040,STATIONARY_QPP_PRESENT,0,4,3,VALID,-5.304551057595964,-1.74835212469545,false,55.22737926266596,formal_m1_center_not_selected
stability,S000801,C021_QPP_N015_P050_A2_Q040,STATIONARY_QPP_PRESENT,0,5,3,VALID,-5.304551045410328,-1.7479171689742374,false,55.22759278533386,formal_m1_center_not_selected
stability,S000801,C021_QPP_N015_P050_A2_Q040,STATIONARY_QPP_PRESENT,0,6,3,VALID,-5.304551110160004,-1.7478554498564085,false,55.22771062580172,formal_m1_center_not_selected
stability,S000801,C021_QPP_N015_P050_A2_Q040,STATIONARY_QPP_PRESENT,0,7,3,VALID,-5.304551043370701,-1.7481937564738326,false,55.22735395237595,formal_m1_center_not_selected
stability,S000801,C021_QPP_N015_P050_A2_Q040,STATIONARY_QPP_PRESENT,0,8,3,VALID,-5.304551120466332,-1.7478665715276636,false,55.22757076814061,formal_m1_center_not_selected
stability,S000801,C021_QPP_N015_P050_A2_Q040,STATIONARY_QPP_PRESENT,0,9,3,VALID,-5.30455085183663,-1.4925167980283094,false,55.227609157481304,formal_m1_center_not_selected
stability,S000841,C022_QPP_N015_P080_A0_Q010,STATIONARY_QPP_PRESENT,0,1,3,VALID,-5.534466780076775,-1.8995101724096424,false,125.28710782878338,formal_m1_center_not_selected
stability,S000841,C022_QPP_N015_P080_A0_Q010,STATIONARY_QPP_PRESENT,0,2,3,VALID,-5.534478742397717,-1.8995221350160891,false,131.22476096626275,formal_m1_center_not_selected
stability,S000841,C022_QPP_N015_P080_A0_Q010,STATIONARY_QPP_PRESENT,0,3,3,VALID,-5.534602065840728,-1.7494159320477882,false,135.2642275888183,formal_m1_center_not_selected
stability,S000841,C022_QPP_N015_P080_A0_Q010,STATIONARY_QPP_PRESENT,0,4,3,VALID,-5.534467779154978,-1.899510603940299,false,129.11564028093542,formal_m1_center_not_selected
stability,S000841,C022_QPP_N015_P080_A0_Q010,STATIONARY_QPP_PRESENT,0,5,3,VALID,-5.534468263554061,-1.7497465920484574,false,129.35262952721814,formal_m1_center_not_selected
stability,S000841,C022_QPP_N015_P080_A0_Q010,STATIONARY_QPP_PRESENT,0,6,3,VALID,-5.534468963503075,-1.8995122208293571,false,129.64188969997548,formal_m1_center_not_selected
stability,S000841,C022_QPP_N015_P080_A0_Q010,STATIONARY_QPP_PRESENT,0,7,3,VALID,-5.534466884175968,-1.8995102815406044,false,127.9540974321618,formal_m1_center_not_selected
stability,S000841,C022_QPP_N015_P080_A0_Q010,STATIONARY_QPP_PRESENT,0,8,3,VALID,-5.534467894762432,-1.8995112876089513,false,129.16962976239566,formal_m1_center_not_selected
stability,S000841,C022_QPP_N015_P080_A0_Q010,STATIONARY_QPP_PRESENT,0,9,3,VALID,-5.534469802568903,-1.899513195145789,false,129.94392638024007,formal_m1_center_not_selected
stability,S000881,C023_QPP_N015_P080_A0_Q020,STATIONARY_QPP_PRESENT,0,1,3,VALID,-5.4479326715194425,-1.8839568873847776,false,127.476577396129,formal_m1_center_not_selected
stability,S000881,C023_QPP_N015_P080_A0_Q020,STATIONARY_QPP_PRESENT,0,2,3,VALID,-5.4479473076372145,-1.8405526469065334,false,129.1763964682425,formal_m1_center_not_selected
stability,S000881,C023_QPP_N015_P080_A0_Q020,STATIONARY_QPP_PRESENT,0,3,3,VALID,-5.447934045145654,-1.674393212782829,false,127.88506556929637,formal_m1_center_not_selected
stability,S000881,C023_QPP_N015_P080_A0_Q020,STATIONARY_QPP_PRESENT,0,4,3,VALID,-5.447932717130188,-1.8839563552112297,false,127.43381235967692,formal_m1_center_not_selected
stability,S000881,C023_QPP_N015_P080_A0_Q020,STATIONARY_QPP_PRESENT,0,5,3,VALID,-5.4479319056990025,-1.6824323563784196,false,126.79029529663887,formal_m1_center_not_selected
stability,S000881,C023_QPP_N015_P080_A0_Q020,STATIONARY_QPP_PRESENT,0,6,3,VALID,-5.447932525343369,-1.883956361624306,false,127.38565012471433,formal_m1_center_not_selected
stability,S000881,C023_QPP_N015_P080_A0_Q020,STATIONARY_QPP_PRESENT,0,7,3,VALID,-5.447932533461023,-1.8839567494210234,false,127.40922392404914,formal_m1_center_not_selected
stability,S000881,C023_QPP_N015_P080_A0_Q020,STATIONARY_QPP_PRESENT,0,8,3,VALID,-5.44793176987463,-1.8839559855965708,false,124.92861041655482,formal_m1_center_not_selected
stability,S000881,C023_QPP_N015_P080_A0_Q020,STATIONARY_QPP_PRESENT,0,9,3,VALID,-5.447932528783067,-1.8839567446447516,false,127.4023533186891,formal_m1_center_not_selected
stability,S000921,C024_QPP_N015_P080_A0_Q040,STATIONARY_QPP_PRESENT,0,1,3,VALID,-5.18099090426939,-1.8869155651046805,false,125.87284460685258,formal_m1_center_not_selected
stability,S000921,C024_QPP_N015_P080_A0_Q040,STATIONARY_QPP_PRESENT,0,2,3,VALID,-5.180990586246365,-1.771532622770386,false,124.95381616303486,formal_m1_center_not_selected
stability,S000921,C024_QPP_N015_P080_A0_Q040,STATIONARY_QPP_PRESENT,0,3,3,VALID,-5.180990584174079,-1.4337337660429101,false,123.66418681756343,formal_m1_center_not_selected
stability,S000921,C024_QPP_N015_P080_A0_Q040,STATIONARY_QPP_PRESENT,0,4,3,VALID,-5.180990604581497,-1.8869149913774832,false,125.30205066716772,formal_m1_center_not_selected
stability,S000921,C024_QPP_N015_P080_A0_Q040,STATIONARY_QPP_PRESENT,0,5,3,VALID,-5.180991309126025,-1.7715332874716632,false,126.0905598990813,formal_m1_center_not_selected
stability,S000921,C024_QPP_N015_P080_A0_Q040,STATIONARY_QPP_PRESENT,0,6,3,VALID,-5.180991380639256,-1.8869159412479144,false,126.11749049695266,formal_m1_center_not_selected
stability,S000921,C024_QPP_N015_P080_A0_Q040,STATIONARY_QPP_PRESENT,0,7,3,VALID,-5.180990584158181,-1.8869152449829842,false,124.63459862463718,formal_m1_center_not_selected
stability,S000921,C024_QPP_N015_P080_A0_Q040,STATIONARY_QPP_PRESENT,0,8,3,VALID,-5.181003908040772,-1.8869285558088107,false,127.15109368184005,formal_m1_center_not_selected
stability,S000921,C024_QPP_N015_P080_A0_Q040,STATIONARY_QPP_PRESENT,0,9,3,VALID,-5.180991516211774,-1.8869161674937116,false,126.1273106552479,formal_m1_center_not_selected
stability,S000961,C025_QPP_N015_P080_A1_Q010,STATIONARY_QPP_PRESENT,0,1,3,VALID,-5.445177996008846,-1.927923240903385,false,135.04578475115136,formal_m1_center_not_selected
stability,S000961,C025_QPP_N015_P080_A1_Q010,STATIONARY_QPP_PRESENT,0,2,3,VALID,-5.444468839545298,-1.6484424659011507,false,210.50209670783616,formal_m1_center_not_selected
stability,S000961,C025_QPP_N015_P080_A1_Q010,STATIONARY_QPP_PRESENT,0,3,3,VALID,-5.445178464555374,-1.6491524238881654,false,140.98825706612672,formal_m1_center_not_selected
stability,S000961,C025_QPP_N015_P080_A1_Q010,STATIONARY_QPP_PRESENT,0,4,3,VALID,-5.4451789734773826,-1.9279242154873062,false,141.21068843036392,formal_m1_center_not_selected
stability,S000961,C025_QPP_N015_P080_A1_Q010,STATIONARY_QPP_PRESENT,0,5,3,VALID,-5.445178186910123,-1.6491519639831713,false,127.37592614218559,formal_m1_center_not_selected
stability,S000961,C025_QPP_N015_P080_A1_Q010,STATIONARY_QPP_PRESENT,0,6,3,VALID,-5.445181019576102,-1.9279087028018784,false,146.3506676350643,formal_m1_center_not_selected
stability,S000961,C025_QPP_N015_P080_A1_Q010,STATIONARY_QPP_PRESENT,0,7,3,VALID,-5.444469267630863,-1.927214512599444,false,210.57490696804496,formal_m1_center_not_selected
stability,S000961,C025_QPP_N015_P080_A1_Q010,STATIONARY_QPP_PRESENT,0,8,3,VALID,-5.445177914378101,-1.9279231593050214,false,135.68359251547994,formal_m1_center_not_selected
stability,S000961,C025_QPP_N015_P080_A1_Q010,STATIONARY_QPP_PRESENT,0,9,3,VALID,-5.445179778298179,-1.927925023156214,false,136.24059121122,formal_m1_center_not_selected
stability,S001001,C026_QPP_N015_P080_A1_Q020,STATIONARY_QPP_PRESENT,0,1,3,VALID,-5.436681415620404,-1.888916826172795,false,236.7933394135286,formal_m1_center_not_selected
stability,S001001,C026_QPP_N015_P080_A1_Q020,STATIONARY_QPP_PRESENT,0,2,3,VALID,-5.436608249236704,-1.6284560249696112,false,236.55591735275777,formal_m1_center_not_selected
stability,S001001,C026_QPP_N015_P080_A1_Q020,STATIONARY_QPP_PRESENT,0,3,3,VALID,-5.4420207607765825,-1.6338684954026723,false,221.16598760416701,formal_m1_center_not_selected
stability,S001001,C026_QPP_N015_P080_A1_Q020,STATIONARY_QPP_PRESENT,0,4,3,VALID,-5.448417540838971,-1.9006529507347567,false,156.6220429512395,formal_m1_center_not_selected
stability,S001001,C026_QPP_N015_P080_A1_Q020,STATIONARY_QPP_PRESENT,0,5,3,VALID,-5.440141496241882,-1.6319922084486072,false,218.74573806869788,formal_m1_center_not_selected
stability,S001001,C026_QPP_N015_P080_A1_Q020,STATIONARY_QPP_PRESENT,0,6,3,VALID,-5.442063855004612,-1.894299089990553,false,219.53673105105597,formal_m1_center_not_selected
stability,S001001,C026_QPP_N015_P080_A1_Q020,STATIONARY_QPP_PRESENT,0,7,3,VALID,-5.4366082447306425,-1.888843668092,false,236.55466691902066,formal_m1_center_not_selected
stability,S001001,C026_QPP_N015_P080_A1_Q020,STATIONARY_QPP_PRESENT,0,8,3,VALID,-5.448417540821369,-1.900652964124963,false,158.09539032162837,formal_m1_center_not_selected
stability,S001001,C026_QPP_N015_P080_A1_Q020,STATIONARY_QPP_PRESENT,0,9,3,VALID,-5.4366814163778034,-1.8889168397262077,false,236.7931795401705,formal_m1_center_not_selected
stability,S001041,C027_QPP_N015_P080_A1_Q040,STATIONARY_QPP_PRESENT,0,1,3,VALID,-5.385320013590027,-1.7792549287133754,false,219.27029273115411,formal_m1_center_not_selected
stability,S001041,C027_QPP_N015_P080_A1_Q040,STATIONARY_QPP_PRESENT,0,2,3,VALID,-5.3853291081056,-1.7105772324061101,false,218.8210093696659,formal_m1_center_not_selected
stability,S001041,C027_QPP_N015_P080_A1_Q040,STATIONARY_QPP_PRESENT,0,3,3,VALID,-5.38532451094982,-1.5658494736116912,false,219.42148498588088,formal_m1_center_not_selected
stability,S001041,C027_QPP_N015_P080_A1_Q040,STATIONARY_QPP_PRESENT,0,4,3,VALID,-5.456175317057125,-1.850110292423376,false,162.52232871292824,formal_m1_center_not_selected
stability,S001041,C027_QPP_N015_P080_A1_Q040,STATIONARY_QPP_PRESENT,0,5,3,VALID,-5.385327179371689,-1.565853800992456,false,220.61740508746678,formal_m1_center_not_selected
stability,S001041,C027_QPP_N015_P080_A1_Q040,STATIONARY_QPP_PRESENT,0,6,3,VALID,-5.3853209783618645,-1.7792558552058173,false,219.63654246452327,formal_m1_center_not_selected
stability,S001041,C027_QPP_N015_P080_A1_Q040,STATIONARY_QPP_PRESENT,0,7,3,VALID,-5.456175323113271,-1.8501103661903064,false,150.64325985002424,formal_m1_center_not_selected
stability,S001041,C027_QPP_N015_P080_A1_Q040,STATIONARY_QPP_PRESENT,0,8,3,VALID,-5.3853191653200305,-1.7792542083707845,false,215.96680746526343,formal_m1_center_not_selected
stability,S001041,C027_QPP_N015_P080_A1_Q040,STATIONARY_QPP_PRESENT,0,9,3,VALID,-5.385320033339283,-1.7792550637847908,false,219.27768593310518,formal_m1_center_not_selected
stability,S001081,C028_QPP_N015_P080_A2_Q010,STATIONARY_QPP_PRESENT,0,1,3,VALID,-5.541475355574608,-1.928241688836919,false,132.81490755308033,formal_m1_center_not_selected
stability,S001081,C028_QPP_N015_P080_A2_Q010,STATIONARY_QPP_PRESENT,0,2,3,VALID,-5.541399777325635,-1.9282744631997994,false,125.34617530025531,formal_m1_center_not_selected
stability,S001081,C028_QPP_N015_P080_A2_Q010,STATIONARY_QPP_PRESENT,0,3,3,VALID,-5.541400973938709,-1.696878195733043,false,128.4548876406399,formal_m1_center_not_selected
stability,S001081,C028_QPP_N015_P080_A2_Q010,STATIONARY_QPP_PRESENT,0,4,3,VALID,-5.541401775696974,-1.928276416926983,false,128.65991335198186,formal_m1_center_not_selected
stability,S001081,C028_QPP_N015_P080_A2_Q010,STATIONARY_QPP_PRESENT,0,5,3,VALID,-5.541400941275295,-1.6981998093091422,false,128.4445518856026,formal_m1_center_not_selected
stability,S001081,C028_QPP_N015_P080_A2_Q010,STATIONARY_QPP_PRESENT,0,6,3,VALID,-5.541400540257925,-1.9281554602088002,false,127.44724059332927,formal_m1_center_not_selected
stability,S001081,C028_QPP_N015_P080_A2_Q010,STATIONARY_QPP_PRESENT,0,7,3,VALID,-5.541399816531641,-1.9282744945181571,false,126.93331981120625,formal_m1_center_not_selected
stability,S001081,C028_QPP_N015_P080_A2_Q010,STATIONARY_QPP_PRESENT,0,8,3,VALID,-5.541401644306582,-1.92827612441065,false,128.71414030736847,formal_m1_center_not_selected
stability,S001081,C028_QPP_N015_P080_A2_Q010,STATIONARY_QPP_PRESENT,0,9,3,VALID,-5.54140130719558,-1.9282759925894952,false,128.2682455040449,formal_m1_center_not_selected
stability,S001121,C029_QPP_N015_P080_A2_Q020,STATIONARY_QPP_PRESENT,0,1,3,VALID,-5.5617758572719165,-1.9375564146066244,false,125.35721251208847,formal_m1_center_not_selected
stability,S001121,C029_QPP_N015_P080_A2_Q020,STATIONARY_QPP_PRESENT,0,2,3,VALID,-5.5617758569865,-1.9349524585465518,false,124.20541296586556,formal_m1_center_not_selected
stability,S001121,C029_QPP_N015_P080_A2_Q020,STATIONARY_QPP_PRESENT,0,3,3,VALID,-5.56177727194099,-1.726906027105069,false,128.55861332329889,formal_m1_center_not_selected
stability,S001121,C029_QPP_N015_P080_A2_Q020,STATIONARY_QPP_PRESENT,0,4,3,VALID,-5.561776428262894,-1.9349530299332978,false,127.99551314379879,formal_m1_center_not_selected
stability,S001121,C029_QPP_N015_P080_A2_Q020,STATIONARY_QPP_PRESENT,0,5,3,VALID,-5.561776521976045,-1.7269064844434423,false,128.0652810081252,formal_m1_center_not_selected
stability,S001121,C029_QPP_N015_P080_A2_Q020,STATIONARY_QPP_PRESENT,0,6,3,VALID,-5.561777559590528,-1.9375567629176276,false,128.67839105753671,formal_m1_center_not_selected
stability,S001121,C029_QPP_N015_P080_A2_Q020,STATIONARY_QPP_PRESENT,0,7,3,VALID,-5.561775857333563,-1.937556377080198,false,124.20459389868692,formal_m1_center_not_selected
stability,S001121,C029_QPP_N015_P080_A2_Q020,STATIONARY_QPP_PRESENT,0,8,3,VALID,-5.5617768198480615,-1.9375573751441548,false,128.31680539237533,formal_m1_center_not_selected
stability,S001121,C029_QPP_N015_P080_A2_Q020,STATIONARY_QPP_PRESENT,0,9,3,VALID,-5.561777144903601,-1.937557741731438,false,128.49646609087654,formal_m1_center_not_selected
stability,S001161,C030_QPP_N015_P080_A2_Q040,STATIONARY_QPP_PRESENT,0,1,3,VALID,-5.582308174212056,-1.9585714026973173,false,151.3081391609396,formal_m1_center_not_selected
stability,S001161,C030_QPP_N015_P080_A2_Q040,STATIONARY_QPP_PRESENT,0,2,3,VALID,-5.582308172338891,-1.9382586483715647,false,151.30936980145816,formal_m1_center_not_selected
stability,S001161,C030_QPP_N015_P080_A2_Q040,STATIONARY_QPP_PRESENT,0,3,3,VALID,-5.592709223911447,-1.8045661078893849,false,123.6360924352556,formal_m1_center_not_selected
stability,S001161,C030_QPP_N015_P080_A2_Q040,STATIONARY_QPP_PRESENT,0,4,3,VALID,-5.582308172331297,-1.9382582868073532,false,151.30948196752465,formal_m1_center_not_selected
stability,S001161,C030_QPP_N015_P080_A2_Q040,STATIONARY_QPP_PRESENT,0,5,3,VALID,-5.582308173082909,-1.9382586498041556,false,151.3084422167841,formal_m1_center_not_selected
stability,S001161,C030_QPP_N015_P080_A2_Q040,STATIONARY_QPP_PRESENT,0,6,3,VALID,-5.582308174190121,-1.9382586396692991,false,151.311373023377,formal_m1_center_not_selected
stability,S001161,C030_QPP_N015_P080_A2_Q040,STATIONARY_QPP_PRESENT,0,7,3,VALID,-5.582308172416134,-1.9585711668287589,false,151.30970126328097,formal_m1_center_not_selected
stability,S001161,C030_QPP_N015_P080_A2_Q040,STATIONARY_QPP_PRESENT,0,8,3,VALID,-5.582308172355221,-1.9585709509596922,false,151.3093861975757,formal_m1_center_not_selected
stability,S001161,C030_QPP_N015_P080_A2_Q040,STATIONARY_QPP_PRESENT,0,9,3,VALID,-5.582308172605844,-1.9585713978920802,false,151.30920205184793,formal_m1_center_not_selected
stability,S001201,C031_QPP_N030_P050_A0_Q010,STATIONARY_QPP_PRESENT,0,1,3,VALID,-7.676836314961989,-2.5915807749465856,false,263.18087951732366,formal_m1_center_not_selected
stability,S001201,C031_QPP_N030_P050_A0_Q010,STATIONARY_QPP_PRESENT,0,2,3,VALID,-7.676835835153817,-2.5306595181558578,false,250.55389576038945,formal_m1_center_not_selected
stability,S001201,C031_QPP_N030_P050_A0_Q010,STATIONARY_QPP_PRESENT,0,3,3,VALID,-7.6792265077972175,-2.5330514110374907,false,55.61423577428074,formal_m1_center_not_selected
stability,S001201,C031_QPP_N030_P050_A0_Q010,STATIONARY_QPP_PRESENT,0,4,3,VALID,-7.676837400097348,-2.591581860080126,false,265.3396333742374,formal_m1_center_not_selected
stability,S001201,C031_QPP_N030_P050_A0_Q010,STATIONARY_QPP_PRESENT,0,5,3,VALID,-7.676837839541058,-2.5915819705371064,false,264.482533885543,formal_m1_center_not_selected
stability,S001201,C031_QPP_N030_P050_A0_Q010,STATIONARY_QPP_PRESENT,0,6,3,VALID,-7.676839487535553,-2.591583682538271,false,267.6449143070282,formal_m1_center_not_selected
stability,S001201,C031_QPP_N030_P050_A0_Q010,STATIONARY_QPP_PRESENT,0,7,3,VALID,-7.6768442308459015,-2.5915886905692886,false,271.4955938104127,formal_m1_center_not_selected
stability,S001201,C031_QPP_N030_P050_A0_Q010,STATIONARY_QPP_PRESENT,0,8,3,VALID,-7.676838611694002,-2.591583070792659,false,266.98573448566646,formal_m1_center_not_selected
stability,S001201,C031_QPP_N030_P050_A0_Q010,STATIONARY_QPP_PRESENT,0,9,3,VALID,-7.679226449428491,-2.59397090916962,false,55.61376712315765,formal_m1_center_not_selected
stability,S001241,C032_QPP_N030_P050_A0_Q020,STATIONARY_QPP_PRESENT,0,1,3,VALID,-7.1528318976628995,-2.0715826232333825,false,53.1026561037848,formal_m1_center_not_selected
stability,S001241,C032_QPP_N030_P050_A0_Q020,STATIONARY_QPP_PRESENT,0,2,3,VALID,-7.152831903131201,-2.0715830304296503,false,53.10280161172089,formal_m1_center_not_selected
stability,S001241,C032_QPP_N030_P050_A0_Q020,STATIONARY_QPP_PRESENT,0,3,3,VALID,-7.152831949000422,-2.0715813990946046,false,53.10320745831942,formal_m1_center_not_selected
stability,S001241,C032_QPP_N030_P050_A0_Q020,STATIONARY_QPP_PRESENT,0,4,3,VALID,-7.15283189816607,-2.0715473700636835,false,53.10259493820664,formal_m1_center_not_selected
stability,S001241,C032_QPP_N030_P050_A0_Q020,STATIONARY_QPP_PRESENT,0,5,3,VALID,-7.152831897181699,-2.071581480293574,false,53.10255142386702,formal_m1_center_not_selected
stability,S001241,C032_QPP_N030_P050_A0_Q020,STATIONARY_QPP_PRESENT,0,6,3,VALID,-7.15283189900569,-2.07158248211789,false,53.102713208081575,formal_m1_center_not_selected
stability,S001241,C032_QPP_N030_P050_A0_Q020,STATIONARY_QPP_PRESENT,0,7,3,VALID,-7.152831910110528,-2.0715799766306304,false,53.102697552003576,formal_m1_center_not_selected
stability,S001241,C032_QPP_N030_P050_A0_Q020,STATIONARY_QPP_PRESENT,0,8,3,VALID,-7.152831904221124,-2.0715829480185164,false,53.10224040262704,formal_m1_center_not_selected
stability,S001241,C032_QPP_N030_P050_A0_Q020,STATIONARY_QPP_PRESENT,0,9,3,VALID,-7.152831897891254,-2.0715829892846145,false,53.10257445765262,formal_m1_center_not_selected
stability,S001281,C033_QPP_N030_P050_A0_Q040,STATIONARY_QPP_PRESENT,0,1,3,VALID,-5.2808179962824795,-0.32349160771801877,false,52.983800686388356,formal_m1_center_not_selected
stability,S001281,C033_QPP_N030_P050_A0_Q040,STATIONARY_QPP_PRESENT,0,2,3,VALID,-5.280817972224078,-0.32349077129110526,false,52.98377815733059,formal_m1_center_not_selected
stability,S001281,C033_QPP_N030_P050_A0_Q040,STATIONARY_QPP_PRESENT,0,3,3,VALID,-5.280817976126734,-0.32349184962330213,false,52.983666054069914,formal_m1_center_not_selected
stability,S001281,C033_QPP_N030_P050_A0_Q040,STATIONARY_QPP_PRESENT,0,4,3,VALID,-5.280818141850112,-0.3234887158236006,false,52.98360924923143,formal_m1_center_not_selected
stability,S001281,C033_QPP_N030_P050_A0_Q040,STATIONARY_QPP_PRESENT,0,5,3,VALID,-5.280818921225887,-0.35504584859488375,false,52.98378984234801,formal_m1_center_not_selected
stability,S001281,C033_QPP_N030_P050_A0_Q040,STATIONARY_QPP_PRESENT,0,6,3,VALID,-5.280818297031999,-0.32349187801800383,false,52.98344122066548,formal_m1_center_not_selected
stability,S001281,C033_QPP_N030_P050_A0_Q040,STATIONARY_QPP_PRESENT,0,7,3,VALID,-5.280818040543856,-0.3550441525109562,false,52.9834054982105,formal_m1_center_not_selected
stability,S001281,C033_QPP_N030_P050_A0_Q040,STATIONARY_QPP_PRESENT,0,8,3,VALID,-5.280818036652562,-0.32348010089920365,false,52.98376585864912,formal_m1_center_not_selected
stability,S001281,C033_QPP_N030_P050_A0_Q040,STATIONARY_QPP_PRESENT,0,9,3,VALID,-5.280818025902484,-0.32349140477145255,false,52.98380583545992,formal_m1_center_not_selected
stability,S001321,C034_QPP_N030_P050_A1_Q010,STATIONARY_QPP_PRESENT,0,1,3,VALID,-7.662368719218222,-2.711931480363596,false,43.34964015181535,formal_m1_center_not_selected
stability,S001321,C034_QPP_N030_P050_A1_Q010,STATIONARY_QPP_PRESENT,0,2,3,VALID,-7.662368719145384,-2.461373557897531,false,43.34964481995202,formal_m1_center_not_selected
stability,S001321,C034_QPP_N030_P050_A1_Q010,STATIONARY_QPP_PRESENT,0,3,3,VALID,-7.6623687196599946,-2.461373612234489,false,43.349680478920334,formal_m1_center_not_selected
stability,S001321,C034_QPP_N030_P050_A1_Q010,STATIONARY_QPP_PRESENT,0,4,3,VALID,-7.662368719179888,-2.711931482054837,false,43.34965593046244,formal_m1_center_not_selected
stability,S001321,C034_QPP_N030_P050_A1_Q010,STATIONARY_QPP_PRESENT,0,5,3,VALID,-7.6623687191397565,-2.711930666410467,false,43.349635625311976,formal_m1_center_not_selected
stability,S001321,C034_QPP_N030_P050_A1_Q010,STATIONARY_QPP_PRESENT,0,6,3,VALID,-7.662368719367599,-2.7119314762949926,false,43.34962498236138,formal_m1_center_not_selected
stability,S001321,C034_QPP_N030_P050_A1_Q010,STATIONARY_QPP_PRESENT,0,7,3,VALID,-7.66236871952708,-2.7119314218798323,false,43.349669645285445,formal_m1_center_not_selected
stability,S001321,C034_QPP_N030_P050_A1_Q010,STATIONARY_QPP_PRESENT,0,8,3,VALID,-7.6623687192444905,-2.7119314820288523,false,43.34964543541914,formal_m1_center_not_selected
stability,S001321,C034_QPP_N030_P050_A1_Q010,STATIONARY_QPP_PRESENT,0,9,3,VALID,-7.662368719134825,-2.7119314819603133,false,43.34964860401594,formal_m1_center_not_selected
stability,S001361,C035_QPP_N030_P050_A1_Q020,STATIONARY_QPP_PRESENT,0,1,3,VALID,-7.452173437390989,-2.4228367891140365,false,56.70175377162761,formal_m1_center_not_selected
stability,S001361,C035_QPP_N030_P050_A1_Q020,STATIONARY_QPP_PRESENT,0,2,3,VALID,-7.452173437405577,-2.27508084345191,false,56.70173117030322,formal_m1_center_not_selected
stability,S001361,C035_QPP_N030_P050_A1_Q020,STATIONARY_QPP_PRESENT,0,3,3,VALID,-7.4521734390338,-2.2750781037113725,false,56.701803205634874,formal_m1_center_not_selected
stability,S001361,C035_QPP_N030_P050_A1_Q020,STATIONARY_QPP_PRESENT,0,4,3,VALID,-7.452173437323353,-2.422836790470491,false,56.70175590521827,formal_m1_center_not_selected
stability,S001361,C035_QPP_N030_P050_A1_Q020,STATIONARY_QPP_PRESENT,0,5,3,VALID,-7.452173459545023,-2.3438457341672176,false,56.701866280614155,formal_m1_center_not_selected
stability,S001361,C035_QPP_N030_P050_A1_Q020,STATIONARY_QPP_PRESENT,0,6,3,VALID,-7.452173437351263,-2.4228367480497397,false,56.701754981724626,formal_m1_center_not_selected
stability,S001361,C035_QPP_N030_P050_A1_Q020,STATIONARY_QPP_PRESENT,0,7,3,VALID,-7.69736559740749,-2.6680289508613413,false,299.99999999999994,formal_m1_center_not_selected
stability,S001361,C035_QPP_N030_P050_A1_Q020,STATIONARY_QPP_PRESENT,0,8,3,VALID,-7.452173437672336,-2.4228367911153157,false,56.70171686711932,formal_m1_center_not_selected
stability,S001361,C035_QPP_N030_P050_A1_Q020,STATIONARY_QPP_PRESENT,0,9,3,VALID,-7.452173437535677,-2.4228367817559544,false,56.70178012729673,formal_m1_center_not_selected
stability,S001401,C036_QPP_N030_P050_A1_Q040,STATIONARY_QPP_PRESENT,0,1,3,VALID,-6.311964556198987,-1.461192113658221,false,55.562008327253594,formal_m1_center_not_selected
stability,S001401,C036_QPP_N030_P050_A1_Q040,STATIONARY_QPP_PRESENT,0,2,3,VALID,-6.3119645593008045,-1.2734819991957451,false,55.56202776976212,formal_m1_center_not_selected
stability,S001401,C036_QPP_N030_P050_A1_Q040,STATIONARY_QPP_PRESENT,0,3,3,VALID,-6.311964556604508,-1.2734827216377127,false,55.56197794930056,formal_m1_center_not_selected
stability,S001401,C036_QPP_N030_P050_A1_Q040,STATIONARY_QPP_PRESENT,0,4,3,VALID,-6.311964556343817,-1.2734828972043246,false,55.562016410042105,formal_m1_center_not_selected
stability,S001401,C036_QPP_N030_P050_A1_Q040,STATIONARY_QPP_PRESENT,0,5,3,VALID,-6.311964558762391,-1.2734824472615358,false,55.56204559093045,formal_m1_center_not_selected
stability,S001401,C036_QPP_N030_P050_A1_Q040,STATIONARY_QPP_PRESENT,0,6,3,VALID,-6.311964556197566,-1.4612920065855661,false,55.56201295448516,formal_m1_center_not_selected
stability,S001401,C036_QPP_N030_P050_A1_Q040,STATIONARY_QPP_PRESENT,0,7,3,VALID,-6.311964556275967,-1.4612932035816968,false,55.562014646837774,formal_m1_center_not_selected
stability,S001401,C036_QPP_N030_P050_A1_Q040,STATIONARY_QPP_PRESENT,0,8,3,VALID,-6.311964556189615,-1.2734832118097756,false,55.56201508536166,formal_m1_center_not_selected
stability,S001401,C036_QPP_N030_P050_A1_Q040,STATIONARY_QPP_PRESENT,0,9,3,VALID,-6.311964556181451,-1.4612691406367446,false,55.56201249521083,formal_m1_center_not_selected
stability,S001441,C037_QPP_N030_P050_A2_Q010,STATIONARY_QPP_PRESENT,0,1,3,VALID,-7.246360713457754,-2.194651465387409,false,51.88300883618183,formal_m1_center_not_selected
stability,S001441,C037_QPP_N030_P050_A2_Q010,STATIONARY_QPP_PRESENT,0,2,3,VALID,-7.24636072881497,-2.059820674445362,false,51.88307364418307,formal_m1_center_not_selected
stability,S001441,C037_QPP_N030_P050_A2_Q010,STATIONARY_QPP_PRESENT,0,3,3,VALID,-7.246360742535778,-2.0612448796184424,false,51.882795100015635,formal_m1_center_not_selected
stability,S001441,C037_QPP_N030_P050_A2_Q010,STATIONARY_QPP_PRESENT,0,4,3,VALID,-7.246360714046624,-2.194651493999089,false,51.88301697066284,formal_m1_center_not_selected
stability,S001441,C037_QPP_N030_P050_A2_Q010,STATIONARY_QPP_PRESENT,0,5,3,VALID,-7.246360714098941,-2.1946511494070933,false,51.88315611772788,formal_m1_center_not_selected
stability,S001441,C037_QPP_N030_P050_A2_Q010,STATIONARY_QPP_PRESENT,0,6,3,VALID,-7.246360749664952,-2.19465111765647,false,51.88245078502619,formal_m1_center_not_selected
stability,S001441,C037_QPP_N030_P050_A2_Q010,STATIONARY_QPP_PRESENT,0,7,3,VALID,-7.246360713479753,-2.1946515136448426,false,51.883000052520146,formal_m1_center_not_selected
stability,S001441,C037_QPP_N030_P050_A2_Q010,STATIONARY_QPP_PRESENT,0,8,3,VALID,-7.2463607292681615,-2.194651506012498,false,51.883013246249,formal_m1_center_not_selected
stability,S001441,C037_QPP_N030_P050_A2_Q010,STATIONARY_QPP_PRESENT,0,9,3,VALID,-7.246360714372038,-2.1946514211149406,false,51.88302253934423,formal_m1_center_not_selected
stability,S001481,C038_QPP_N030_P050_A2_Q020,STATIONARY_QPP_PRESENT,0,1,3,VALID,-6.210581294609298,-1.4990814573770237,false,52.37686827489563,formal_m1_center_not_selected
stability,S001481,C038_QPP_N030_P050_A2_Q020,STATIONARY_QPP_PRESENT,0,2,3,VALID,-6.210581246266749,-1.2681512039227698,false,52.37673995992163,formal_m1_center_not_selected
stability,S001481,C038_QPP_N030_P050_A2_Q020,STATIONARY_QPP_PRESENT,0,3,3,VALID,-6.210581202504493,-1.084188653965498,false,52.37674942903877,formal_m1_center_not_selected
stability,S001481,C038_QPP_N030_P050_A2_Q020,STATIONARY_QPP_PRESENT,0,4,3,VALID,-6.210582047188375,-1.0999196010388985,false,52.37684471598411,formal_m1_center_not_selected
stability,S001481,C038_QPP_N030_P050_A2_Q020,STATIONARY_QPP_PRESENT,0,5,3,VALID,-6.2105813134782935,-1.4942493836994046,false,52.37658332344536,formal_m1_center_not_selected
stability,S001481,C038_QPP_N030_P050_A2_Q020,STATIONARY_QPP_PRESENT,0,6,3,VALID,-6.21058168474142,-1.0999192378593747,false,52.37676826766483,formal_m1_center_not_selected
stability,S001481,C038_QPP_N030_P050_A2_Q020,STATIONARY_QPP_PRESENT,0,7,3,VALID,-6.210581290938634,-1.0999188473984987,false,52.37605497199674,formal_m1_center_not_selected
stability,S001481,C038_QPP_N030_P050_A2_Q020,STATIONARY_QPP_PRESENT,0,8,3,VALID,-6.210581789283481,-1.4990801875836652,false,52.37674866019566,formal_m1_center_not_selected
stability,S001481,C038_QPP_N030_P050_A2_Q020,STATIONARY_QPP_PRESENT,0,9,3,VALID,-6.210581317482998,-1.4990197785280515,false,52.37675060518576,formal_m1_center_not_selected
stability,S001521,C039_QPP_N030_P050_A2_Q040,STATIONARY_QPP_PRESENT,0,1,3,VALID,-3.5249109099494973,1.4461633533834046,false,52.9811010018356,formal_m1_center_not_selected
stability,S001521,C039_QPP_N030_P050_A2_Q040,STATIONARY_QPP_PRESENT,0,2,3,VALID,-3.524911210166799,0.27808398525590405,false,52.98102601961397,formal_m1_center_not_selected
stability,S001521,C039_QPP_N030_P050_A2_Q040,STATIONARY_QPP_PRESENT,0,3,3,VALID,-3.524911075967246,0.2780844136897045,false,52.98247615568771,formal_m1_center_not_selected
stability,S001521,C039_QPP_N030_P050_A2_Q040,STATIONARY_QPP_PRESENT,0,4,3,VALID,-3.5249109166916597,1.4461623819124583,false,52.98119113154318,formal_m1_center_not_selected
stability,S001521,C039_QPP_N030_P050_A2_Q040,STATIONARY_QPP_PRESENT,0,5,3,VALID,-3.5249109374281673,0.2780941054976367,false,52.981057158306825,formal_m1_center_not_selected
stability,S001521,C039_QPP_N030_P050_A2_Q040,STATIONARY_QPP_PRESENT,0,6,3,VALID,-3.5249109100658416,0.2780903114036377,false,52.98111207317522,formal_m1_center_not_selected
stability,S001521,C039_QPP_N030_P050_A2_Q040,STATIONARY_QPP_PRESENT,0,7,3,VALID,-3.5249112835579126,0.2781382223732294,false,52.9810338540821,formal_m1_center_not_selected
stability,S001521,C039_QPP_N030_P050_A2_Q040,STATIONARY_QPP_PRESENT,0,8,3,VALID,-3.524911221140705,0.2780951418899491,false,52.98066425515582,formal_m1_center_not_selected
stability,S001521,C039_QPP_N030_P050_A2_Q040,STATIONARY_QPP_PRESENT,0,9,3,VALID,-3.5249110231623177,0.27808720368081197,false,52.9809714559431,formal_m1_center_not_selected
stability,S001561,C040_QPP_N030_P080_A0_Q010,STATIONARY_QPP_PRESENT,0,1,3,VALID,-7.66039334433448,-2.569483760772016,false,45.47098544434495,formal_m1_center_not_selected
stability,S001561,C040_QPP_N030_P080_A0_Q010,STATIONARY_QPP_PRESENT,0,2,3,VALID,-7.660393201791422,-2.390036848377896,false,45.4709990310593,formal_m1_center_not_selected
stability,S001561,C040_QPP_N030_P080_A0_Q010,STATIONARY_QPP_PRESENT,0,3,3,VALID,-7.660393215963175,-2.4239302836247134,false,45.470999977835,formal_m1_center_not_selected
stability,S001561,C040_QPP_N030_P080_A0_Q010,STATIONARY_QPP_PRESENT,0,4,3,VALID,-7.660393202885473,-2.5694836186984773,false,45.470995507941346,formal_m1_center_not_selected
stability,S001561,C040_QPP_N030_P080_A0_Q010,STATIONARY_QPP_PRESENT,0,5,3,VALID,-7.660393234909051,-2.5694836512050045,false,45.47098349839664,formal_m1_center_not_selected
stability,S001561,C040_QPP_N030_P080_A0_Q010,STATIONARY_QPP_PRESENT,0,6,3,VALID,-7.6603932019501215,-2.4031218260120966,false,45.470988592823936,formal_m1_center_not_selected
stability,S001561,C040_QPP_N030_P080_A0_Q010,STATIONARY_QPP_PRESENT,0,7,3,VALID,-7.660393256718436,-2.5694836732036634,false,45.470972293803904,formal_m1_center_not_selected
stability,S001561,C040_QPP_N030_P080_A0_Q010,STATIONARY_QPP_PRESENT,0,8,3,VALID,-7.660393205826644,-2.5694836201014226,false,45.470975486127614,formal_m1_center_not_selected
stability,S001561,C040_QPP_N030_P080_A0_Q010,STATIONARY_QPP_PRESENT,0,9,3,VALID,-7.660393202113994,-2.569483602841821,false,45.47097010092605,formal_m1_center_not_selected
stability,S001601,C041_QPP_N030_P080_A0_Q020,STATIONARY_QPP_PRESENT,0,1,3,VALID,-7.62692865325819,-2.5649826305140238,false,45.46702779228669,formal_m1_center_not_selected
stability,S001601,C041_QPP_N030_P080_A0_Q020,STATIONARY_QPP_PRESENT,0,2,3,VALID,-7.626928319469691,-2.3488136602392444,false,45.46616257173228,formal_m1_center_not_selected
stability,S001601,C041_QPP_N030_P080_A0_Q020,STATIONARY_QPP_PRESENT,0,3,3,VALID,-7.626928591772476,-2.4030940143804713,false,45.46613853049709,formal_m1_center_not_selected
stability,S001601,C041_QPP_N030_P080_A0_Q020,STATIONARY_QPP_PRESENT,0,4,3,VALID,-7.6269283110002135,-2.564981969294031,false,45.46610022488145,formal_m1_center_not_selected
stability,S001601,C041_QPP_N030_P080_A0_Q020,STATIONARY_QPP_PRESENT,0,5,3,VALID,-7.626928837416067,-2.5649830139415855,false,45.4658939717594,formal_m1_center_not_selected
stability,S001601,C041_QPP_N030_P080_A0_Q020,STATIONARY_QPP_PRESENT,0,6,3,VALID,-7.626928332209623,-2.4806682457640647,false,45.466102892014455,formal_m1_center_not_selected
stability,S001601,C041_QPP_N030_P080_A0_Q020,STATIONARY_QPP_PRESENT,0,7,3,VALID,-7.626928294081644,-2.564982310231983,false,45.46612264389405,formal_m1_center_not_selected
stability,S001601,C041_QPP_N030_P080_A0_Q020,STATIONARY_QPP_PRESENT,0,8,3,VALID,-7.626928551703408,-2.564981716245427,false,45.466078800217815,formal_m1_center_not_selected
stability,S001601,C041_QPP_N030_P080_A0_Q020,STATIONARY_QPP_PRESENT,0,9,3,VALID,-7.626928321380234,-2.481863451816672,false,45.466289796211086,formal_m1_center_not_selected
stability,S001641,C042_QPP_N030_P080_A0_Q040,STATIONARY_QPP_PRESENT,0,1,3,VALID,-6.968395337993819,-2.2825731095599764,false,79.89924552085918,formal_m1_center_not_selected
stability,S001641,C042_QPP_N030_P080_A0_Q040,STATIONARY_QPP_PRESENT,0,2,3,VALID,-6.968395337921159,-1.70653335007313,false,79.89921385924325,formal_m1_center_not_selected
stability,S001641,C042_QPP_N030_P080_A0_Q040,STATIONARY_QPP_PRESENT,0,3,3,VALID,-7.312469401148469,-2.0506145566259875,false,79.649641101895,formal_m1_center_not_selected
stability,S001641,C042_QPP_N030_P080_A0_Q040,STATIONARY_QPP_PRESENT,0,4,3,VALID,-6.9683953379992545,-2.2825600688702963,false,79.89921158330004,formal_m1_center_not_selected
stability,S001641,C042_QPP_N030_P080_A0_Q040,STATIONARY_QPP_PRESENT,0,5,3,VALID,-6.968395338170225,-1.785513804746806,false,79.8992291916603,formal_m1_center_not_selected
stability,S001641,C042_QPP_N030_P080_A0_Q040,STATIONARY_QPP_PRESENT,0,6,3,VALID,-6.9683953379747265,-1.7805408118316706,false,79.89923315244279,formal_m1_center_not_selected
stability,S001641,C042_QPP_N030_P080_A0_Q040,STATIONARY_QPP_PRESENT,0,7,3,VALID,-6.968395341879763,-2.282572933240118,false,79.89923446142772,formal_m1_center_not_selected
stability,S001641,C042_QPP_N030_P080_A0_Q040,STATIONARY_QPP_PRESENT,0,8,3,VALID,-6.96839533822029,-2.282572502587719,false,79.89926969468644,formal_m1_center_not_selected
stability,S001641,C042_QPP_N030_P080_A0_Q040,STATIONARY_QPP_PRESENT,0,9,3,VALID,-6.968395338139857,-2.2825733977082407,false,79.89919847731845,formal_m1_center_not_selected
stability,S001681,C043_QPP_N030_P080_A1_Q010,STATIONARY_QPP_PRESENT,0,1,3,VALID,-7.145525867770857,-2.308885397388039,false,44.0800715404377,formal_m1_center_not_selected
stability,S001681,C043_QPP_N030_P080_A1_Q010,STATIONARY_QPP_PRESENT,0,2,3,VALID,-7.145525870691451,-2.0780852428422776,false,44.08001029258918,formal_m1_center_not_selected
stability,S001681,C043_QPP_N030_P080_A1_Q010,STATIONARY_QPP_PRESENT,0,3,3,VALID,-7.145525867235158,-2.105807805358367,false,44.08004844320653,formal_m1_center_not_selected
stability,S001681,C043_QPP_N030_P080_A1_Q010,STATIONARY_QPP_PRESENT,0,4,3,VALID,-7.145525867724395,-2.308885385623263,false,44.08003014978307,formal_m1_center_not_selected
stability,S001681,C043_QPP_N030_P080_A1_Q010,STATIONARY_QPP_PRESENT,0,5,3,VALID,-7.145525869931092,-2.2894774670766154,false,44.08014592222749,formal_m1_center_not_selected
stability,S001681,C043_QPP_N030_P080_A1_Q010,STATIONARY_QPP_PRESENT,0,6,3,VALID,-7.145525868510923,-2.3088844961478046,false,44.08000959759065,formal_m1_center_not_selected
stability,S001681,C043_QPP_N030_P080_A1_Q010,STATIONARY_QPP_PRESENT,0,7,3,VALID,-7.145525868846342,-2.308885350737839,false,44.08002792843646,formal_m1_center_not_selected
stability,S001681,C043_QPP_N030_P080_A1_Q010,STATIONARY_QPP_PRESENT,0,8,3,VALID,-7.145525871380485,-2.3088854009323114,false,44.080061261300656,formal_m1_center_not_selected
stability,S001681,C043_QPP_N030_P080_A1_Q010,STATIONARY_QPP_PRESENT,0,9,3,VALID,-7.145525867687077,-2.308885397111389,false,44.08005992273224,formal_m1_center_not_selected
stability,S001721,C044_QPP_N030_P080_A1_Q020,STATIONARY_QPP_PRESENT,0,1,3,VALID,-6.957532515524015,-2.324066017602938,false,44.07519863816401,formal_m1_center_not_selected
stability,S001721,C044_QPP_N030_P080_A1_Q020,STATIONARY_QPP_PRESENT,0,2,3,VALID,-6.957532346311602,-1.9879056528838817,false,44.07501926358341,formal_m1_center_not_selected
stability,S001721,C044_QPP_N030_P080_A1_Q020,STATIONARY_QPP_PRESENT,0,3,3,VALID,-6.957532369098644,-2.009777317170645,false,44.075125411119,formal_m1_center_not_selected
stability,S001721,C044_QPP_N030_P080_A1_Q020,STATIONARY_QPP_PRESENT,0,4,3,VALID,-6.957532435091345,-2.3240664236256805,false,44.07521110151728,formal_m1_center_not_selected
stability,S001721,C044_QPP_N030_P080_A1_Q020,STATIONARY_QPP_PRESENT,0,5,3,VALID,-6.957532356545066,-2.324065992212084,false,44.07505045368684,formal_m1_center_not_selected
stability,S001721,C044_QPP_N030_P080_A1_Q020,STATIONARY_QPP_PRESENT,0,6,3,VALID,-6.9575323554511,-2.114983729815208,false,44.07501462924032,formal_m1_center_not_selected
stability,S001721,C044_QPP_N030_P080_A1_Q020,STATIONARY_QPP_PRESENT,0,7,3,VALID,-6.957532845401488,-2.3240660598264924,false,44.074951339871994,formal_m1_center_not_selected
stability,S001721,C044_QPP_N030_P080_A1_Q020,STATIONARY_QPP_PRESENT,0,8,3,VALID,-6.9575325076010515,-2.3240664202027688,false,44.07501001772399,formal_m1_center_not_selected
stability,S001721,C044_QPP_N030_P080_A1_Q020,STATIONARY_QPP_PRESENT,0,9,3,VALID,-6.95753236298642,-2.3240663687570873,false,44.0749770919146,formal_m1_center_not_selected
stability,S001761,C045_QPP_N030_P080_A1_Q040,STATIONARY_QPP_PRESENT,0,1,3,VALID,-6.679258872749173,-2.690537326318392,false,44.032674771106436,formal_m1_center_not_selected
stability,S001761,C045_QPP_N030_P080_A1_Q040,STATIONARY_QPP_PRESENT,0,2,3,VALID,-6.67925886563193,-1.8766725531072268,false,44.03260219696142,formal_m1_center_not_selected
stability,S001761,C045_QPP_N030_P080_A1_Q040,STATIONARY_QPP_PRESENT,0,3,3,VALID,-6.679259026544187,-1.8766857489785096,false,44.03248739465911,formal_m1_center_not_selected
stability,S001761,C045_QPP_N030_P080_A1_Q040,STATIONARY_QPP_PRESENT,0,4,3,VALID,-6.679258936397815,-2.6905373902211878,false,44.03257886384411,formal_m1_center_not_selected
stability,S001761,C045_QPP_N030_P080_A1_Q040,STATIONARY_QPP_PRESENT,0,5,3,VALID,-6.679258866980156,-2.6905374513441416,false,44.032614457214116,formal_m1_center_not_selected
stability,S001761,C045_QPP_N030_P080_A1_Q040,STATIONARY_QPP_PRESENT,0,6,3,VALID,-6.679258984031989,-1.8766860289005294,false,44.03262193869333,formal_m1_center_not_selected
stability,S001761,C045_QPP_N030_P080_A1_Q040,STATIONARY_QPP_PRESENT,0,7,3,VALID,-6.679259210858703,-2.6905377954779794,false,44.03182488645628,formal_m1_center_not_selected
stability,S001761,C045_QPP_N030_P080_A1_Q040,STATIONARY_QPP_PRESENT,0,8,3,VALID,-6.679259210265229,-2.6905377780317252,false,44.03291810503961,formal_m1_center_not_selected
stability,S001761,C045_QPP_N030_P080_A1_Q040,STATIONARY_QPP_PRESENT,0,9,3,VALID,-6.679258907399351,-2.6905374657378616,false,44.03254699945843,formal_m1_center_not_selected
stability,S001801,C046_QPP_N030_P080_A2_Q010,STATIONARY_QPP_PRESENT,0,1,3,VALID,-7.600362154188012,-2.581655226693556,false,48.746470526096516,formal_m1_center_not_selected
stability,S001801,C046_QPP_N030_P080_A2_Q010,STATIONARY_QPP_PRESENT,0,2,3,VALID,-7.600361551322493,-2.470447512306194,false,48.74655365407621,formal_m1_center_not_selected
stability,S001801,C046_QPP_N030_P080_A2_Q010,STATIONARY_QPP_PRESENT,0,3,3,VALID,-7.600362074229388,-2.4704481346592715,false,48.746379870944814,formal_m1_center_not_selected
stability,S001801,C046_QPP_N030_P080_A2_Q010,STATIONARY_QPP_PRESENT,0,4,3,VALID,-7.600361538364567,-2.581654654914203,false,48.74647603732843,formal_m1_center_not_selected
stability,S001801,C046_QPP_N030_P080_A2_Q010,STATIONARY_QPP_PRESENT,0,5,3,VALID,-7.600361678141894,-2.5816547953731757,false,48.74633403860683,formal_m1_center_not_selected
stability,S001801,C046_QPP_N030_P080_A2_Q010,STATIONARY_QPP_PRESENT,0,6,3,VALID,-7.600361540478822,-2.581654544931844,false,48.74655760640704,formal_m1_center_not_selected
stability,S001801,C046_QPP_N030_P080_A2_Q010,STATIONARY_QPP_PRESENT,0,7,3,VALID,-7.600361782288651,-2.5816548995053665,false,48.74627243655651,formal_m1_center_not_selected
stability,S001801,C046_QPP_N030_P080_A2_Q010,STATIONARY_QPP_PRESENT,0,8,3,VALID,-7.600361778758163,-2.5816548948495495,false,48.7458951052325,formal_m1_center_not_selected
stability,S001801,C046_QPP_N030_P080_A2_Q010,STATIONARY_QPP_PRESENT,0,9,3,VALID,-7.600361591653616,-2.581654479251398,false,48.74648598888506,formal_m1_center_not_selected
stability,S001841,C047_QPP_N030_P080_A2_Q020,STATIONARY_QPP_PRESENT,0,1,3,VALID,-7.586114803849718,-2.6848685807695034,false,81.93263557258854,formal_m1_center_not_selected
stability,S001841,C047_QPP_N030_P080_A2_Q020,STATIONARY_QPP_PRESENT,0,2,3,VALID,-7.586114801538848,-2.446323866351115,false,81.93286264488653,formal_m1_center_not_selected
stability,S001841,C047_QPP_N030_P080_A2_Q020,STATIONARY_QPP_PRESENT,0,3,3,VALID,-7.634227502104984,-2.356112842864931,false,48.47488890422328,formal_m1_center_not_selected
stability,S001841,C047_QPP_N030_P080_A2_Q020,STATIONARY_QPP_PRESENT,0,4,3,VALID,-7.586114805079248,-2.684867501776452,false,81.93284519010098,formal_m1_center_not_selected
stability,S001841,C047_QPP_N030_P080_A2_Q020,STATIONARY_QPP_PRESENT,0,5,3,VALID,-7.586114802893761,-2.6848684753875958,false,81.93291988879443,formal_m1_center_not_selected
stability,S001841,C047_QPP_N030_P080_A2_Q020,STATIONARY_QPP_PRESENT,0,6,3,VALID,-7.58611480549402,-2.5028656914020004,false,81.93276535893548,formal_m1_center_not_selected
stability,S001841,C047_QPP_N030_P080_A2_Q020,STATIONARY_QPP_PRESENT,0,7,3,VALID,-7.586114803088975,-2.6848685811972857,false,81.93287688802108,formal_m1_center_not_selected
stability,S001841,C047_QPP_N030_P080_A2_Q020,STATIONARY_QPP_PRESENT,0,8,3,VALID,-7.586114802360548,-2.6848685659550426,false,81.93296638475941,formal_m1_center_not_selected
stability,S001841,C047_QPP_N030_P080_A2_Q020,STATIONARY_QPP_PRESENT,0,9,3,VALID,-7.634227613033964,-2.7329812458113523,false,48.4748597451484,formal_m1_center_not_selected
stability,S001881,C048_QPP_N030_P080_A2_Q040,STATIONARY_QPP_PRESENT,0,1,3,VALID,-6.6825054973266305,-2.293037877811919,false,81.74601182291121,formal_m1_center_not_selected
stability,S001881,C048_QPP_N030_P080_A2_Q040,STATIONARY_QPP_PRESENT,0,2,3,VALID,-6.682505461687967,-1.497980741410494,false,81.74615543119168,formal_m1_center_not_selected
stability,S001881,C048_QPP_N030_P080_A2_Q040,STATIONARY_QPP_PRESENT,0,3,3,VALID,-6.682505416275724,-1.4979512770411958,false,81.7461029620204,formal_m1_center_not_selected
stability,S001881,C048_QPP_N030_P080_A2_Q040,STATIONARY_QPP_PRESENT,0,4,3,VALID,-6.682505460478573,-2.2930378155213162,false,81.74612655952417,formal_m1_center_not_selected
stability,S001881,C048_QPP_N030_P080_A2_Q040,STATIONARY_QPP_PRESENT,0,5,3,VALID,-6.682505445835083,-2.293037831376992,false,81.74607532306668,formal_m1_center_not_selected
stability,S001881,C048_QPP_N030_P080_A2_Q040,STATIONARY_QPP_PRESENT,0,6,3,VALID,-6.682505467663319,-1.5036904459144225,false,81.74604460367719,formal_m1_center_not_selected
stability,S001881,C048_QPP_N030_P080_A2_Q040,STATIONARY_QPP_PRESENT,0,7,3,VALID,-6.682505459974628,-2.293037716075048,false,81.74615878199374,formal_m1_center_not_selected
stability,S001881,C048_QPP_N030_P080_A2_Q040,STATIONARY_QPP_PRESENT,0,8,3,VALID,-6.682505454273603,-2.293037103431132,false,81.74612468570642,formal_m1_center_not_selected
stability,S001881,C048_QPP_N030_P080_A2_Q040,STATIONARY_QPP_PRESENT,0,9,3,VALID,-6.907281924463362,-2.51781426034168,false,81.90173127145074,formal_m1_center_not_selected
stability,S001921,C049_QPP_N030_P140_A0_Q010,STATIONARY_QPP_PRESENT,0,1,3,VALID,-7.673696782338148,-2.6351672251355396,false,45.52042809809609,formal_m1_center_not_selected
stability,S001921,C049_QPP_N030_P140_A0_Q010,STATIONARY_QPP_PRESENT,0,2,3,VALID,-7.673696782548419,-2.4722756379656374,false,45.52044069819435,formal_m1_center_not_selected
stability,S001921,C049_QPP_N030_P140_A0_Q010,STATIONARY_QPP_PRESENT,0,3,3,VALID,-7.673696786109126,-2.4830008214753576,false,45.520356535896646,formal_m1_center_not_selected
stability,S001921,C049_QPP_N030_P140_A0_Q010,STATIONARY_QPP_PRESENT,0,4,3,VALID,-7.673696782819178,-2.6351672230450234,false,45.520389870427465,formal_m1_center_not_selected
stability,S001921,C049_QPP_N030_P140_A0_Q010,STATIONARY_QPP_PRESENT,0,5,3,VALID,-7.673696784787602,-2.6351672195782356,false,45.52051544503068,formal_m1_center_not_selected
stability,S001921,C049_QPP_N030_P140_A0_Q010,STATIONARY_QPP_PRESENT,0,6,3,VALID,-7.673696782890524,-2.635167088300591,false,45.520476338635234,formal_m1_center_not_selected
stability,S001921,C049_QPP_N030_P140_A0_Q010,STATIONARY_QPP_PRESENT,0,7,3,VALID,-7.673696866847763,-2.635167309604661,false,45.520859418619054,formal_m1_center_not_selected
stability,S001921,C049_QPP_N030_P140_A0_Q010,STATIONARY_QPP_PRESENT,0,8,3,VALID,-7.673696782700354,-2.635167195926101,false,45.52041533246933,formal_m1_center_not_selected
stability,S001921,C049_QPP_N030_P140_A0_Q010,STATIONARY_QPP_PRESENT,0,9,3,VALID,-7.673696782866038,-2.6351671952227775,false,45.520439509386115,formal_m1_center_not_selected
stability,S001961,C050_QPP_N030_P140_A0_Q020,STATIONARY_QPP_PRESENT,0,1,3,VALID,-7.639598662813391,-2.60336373700126,false,45.47675982712099,formal_m1_center_not_selected
stability,S001961,C050_QPP_N030_P140_A0_Q020,STATIONARY_QPP_PRESENT,0,2,3,VALID,-7.639598644570405,-2.43648977246815,false,45.47670390726921,formal_m1_center_not_selected
stability,S001961,C050_QPP_N030_P140_A0_Q020,STATIONARY_QPP_PRESENT,0,3,3,VALID,-7.639598661287906,-2.473083710135363,false,45.47670317577617,formal_m1_center_not_selected
stability,S001961,C050_QPP_N030_P140_A0_Q020,STATIONARY_QPP_PRESENT,0,4,3,VALID,-7.639598651480476,-2.6033641679412227,false,45.476698431807314,formal_m1_center_not_selected
stability,S001961,C050_QPP_N030_P140_A0_Q020,STATIONARY_QPP_PRESENT,0,5,3,VALID,-7.639599029072492,-2.603364878239134,false,45.47669413521773,formal_m1_center_not_selected
stability,S001961,C050_QPP_N030_P140_A0_Q020,STATIONARY_QPP_PRESENT,0,6,3,VALID,-7.639598644909071,-2.603364478639982,false,45.47670690775978,formal_m1_center_not_selected
stability,S001961,C050_QPP_N030_P140_A0_Q020,STATIONARY_QPP_PRESENT,0,7,3,VALID,-7.639599488805224,-2.603365399967757,false,45.476853498214666,formal_m1_center_not_selected
stability,S001961,C050_QPP_N030_P140_A0_Q020,STATIONARY_QPP_PRESENT,0,8,3,VALID,-7.639598649509253,-2.603364560435331,false,45.476700865550555,formal_m1_center_not_selected
stability,S001961,C050_QPP_N030_P140_A0_Q020,STATIONARY_QPP_PRESENT,0,9,3,VALID,-7.639598646358991,-2.603364556256608,false,45.47666520083746,formal_m1_center_not_selected
stability,S002001,C051_QPP_N030_P140_A0_Q040,STATIONARY_QPP_PRESENT,0,1,3,VALID,-7.523116892212215,-2.661830742701987,false,137.57818971307924,formal_m1_center_not_selected
stability,S002001,C051_QPP_N030_P140_A0_Q040,STATIONARY_QPP_PRESENT,0,2,3,VALID,-7.523116890984447,-2.3907722030497496,false,137.57769477391298,formal_m1_center_not_selected
stability,S002001,C051_QPP_N030_P140_A0_Q040,STATIONARY_QPP_PRESENT,0,3,3,VALID,-7.5231185785558665,-2.2450039193254057,false,137.5391224176191,formal_m1_center_not_selected
stability,S002001,C051_QPP_N030_P140_A0_Q040,STATIONARY_QPP_PRESENT,0,4,3,VALID,-7.523116893517738,-2.6618306083119236,false,137.57767834547218,formal_m1_center_not_selected
stability,S002001,C051_QPP_N030_P140_A0_Q040,STATIONARY_QPP_PRESENT,0,5,3,VALID,-7.523116890578287,-2.661829987778674,false,137.5773949242338,formal_m1_center_not_selected
stability,S002001,C051_QPP_N030_P140_A0_Q040,STATIONARY_QPP_PRESENT,0,6,3,VALID,-7.523116890301893,-2.6618306378333045,false,137.5777886278168,formal_m1_center_not_selected
stability,S002001,C051_QPP_N030_P140_A0_Q040,STATIONARY_QPP_PRESENT,0,7,3,VALID,-7.523117036650397,-2.661830957132949,false,137.57104784964432,formal_m1_center_not_selected
stability,S002001,C051_QPP_N030_P140_A0_Q040,STATIONARY_QPP_PRESENT,0,8,3,VALID,-7.5231168905517265,-2.6618307126332894,false,137.57768482408824,formal_m1_center_not_selected
stability,S002001,C051_QPP_N030_P140_A0_Q040,STATIONARY_QPP_PRESENT,0,9,3,VALID,-7.577642048424963,-2.7163559689759182,false,45.47169017352756,formal_m1_center_not_selected
stability,S002041,C052_QPP_N030_P140_A1_Q010,STATIONARY_QPP_PRESENT,0,1,3,VALID,-7.2817406279657675,-2.543846573480849,false,44.06893997486248,formal_m1_center_not_selected
stability,S002041,C052_QPP_N030_P140_A1_Q010,STATIONARY_QPP_PRESENT,0,2,3,VALID,-7.281740629314562,-2.1560235618824493,false,44.068905745497815,formal_m1_center_not_selected
stability,S002041,C052_QPP_N030_P140_A1_Q010,STATIONARY_QPP_PRESENT,0,3,3,VALID,-7.28174062738492,-2.1767281164135,false,44.06895736815428,formal_m1_center_not_selected
stability,S002041,C052_QPP_N030_P140_A1_Q010,STATIONARY_QPP_PRESENT,0,4,3,VALID,-7.281740627443071,-2.543846610843282,false,44.06894467128833,formal_m1_center_not_selected
stability,S002041,C052_QPP_N030_P140_A1_Q010,STATIONARY_QPP_PRESENT,0,5,3,VALID,-7.281740627063854,-2.543846474816462,false,44.068934423916595,formal_m1_center_not_selected
stability,S002041,C052_QPP_N030_P140_A1_Q010,STATIONARY_QPP_PRESENT,0,6,3,VALID,-7.281740627116498,-2.5438464349151246,false,44.06893418953652,formal_m1_center_not_selected
stability,S002041,C052_QPP_N030_P140_A1_Q010,STATIONARY_QPP_PRESENT,0,7,3,VALID,-7.28174062703355,-2.543846414984145,false,44.06891994131432,formal_m1_center_not_selected
stability,S002041,C052_QPP_N030_P140_A1_Q010,STATIONARY_QPP_PRESENT,0,8,3,VALID,-7.2817406270931855,-2.5438465084611366,false,44.06890589137336,formal_m1_center_not_selected
stability,S002041,C052_QPP_N030_P140_A1_Q010,STATIONARY_QPP_PRESENT,0,9,3,VALID,-7.281740629588768,-2.5438466023355204,false,44.06891470597756,formal_m1_center_not_selected
stability,S002081,C053_QPP_N030_P140_A1_Q020,STATIONARY_QPP_PRESENT,0,1,3,VALID,-7.231210785433795,-2.7015042986702156,false,44.068453674467534,formal_m1_center_not_selected
stability,S002081,C053_QPP_N030_P140_A1_Q020,STATIONARY_QPP_PRESENT,0,2,3,VALID,-7.231210785174518,-2.148542667609533,false,44.068425660933826,formal_m1_center_not_selected
stability,S002081,C053_QPP_N030_P140_A1_Q020,STATIONARY_QPP_PRESENT,0,3,3,VALID,-7.231210785217385,-2.1569096529142655,false,44.068440150898006,formal_m1_center_not_selected
stability,S002081,C053_QPP_N030_P140_A1_Q020,STATIONARY_QPP_PRESENT,0,4,3,VALID,-7.231210785267173,-2.7015046549974358,false,44.06844022966921,formal_m1_center_not_selected
stability,S002081,C053_QPP_N030_P140_A1_Q020,STATIONARY_QPP_PRESENT,0,5,3,VALID,-7.231210785540007,-2.602297997775551,false,44.068467920553026,formal_m1_center_not_selected
stability,S002081,C053_QPP_N030_P140_A1_Q020,STATIONARY_QPP_PRESENT,0,6,3,VALID,-7.231210785229543,-2.7015045906730393,false,44.0684257309758,formal_m1_center_not_selected
stability,S002081,C053_QPP_N030_P140_A1_Q020,STATIONARY_QPP_PRESENT,0,7,3,VALID,-7.231210786403032,-2.7015046569427454,false,44.06842699418986,formal_m1_center_not_selected
stability,S002081,C053_QPP_N030_P140_A1_Q020,STATIONARY_QPP_PRESENT,0,8,3,VALID,-7.231210785236264,-2.701504642993676,false,44.06843252361114,formal_m1_center_not_selected
stability,S002081,C053_QPP_N030_P140_A1_Q020,STATIONARY_QPP_PRESENT,0,9,3,VALID,-7.231210785231639,-2.7015045645503974,false,44.068416352242046,formal_m1_center_not_selected
stability,S002121,C054_QPP_N030_P140_A1_Q040,STATIONARY_QPP_PRESENT,0,1,3,VALID,-6.921070145627844,-2.9633031646590524,false,238.56926104170148,formal_m1_center_not_selected
stability,S002121,C054_QPP_N030_P140_A1_Q040,STATIONARY_QPP_PRESENT,0,2,3,VALID,-6.921070145596815,-1.9318352134763401,false,238.56862978082532,formal_m1_center_not_selected
stability,S002121,C054_QPP_N030_P140_A1_Q040,STATIONARY_QPP_PRESENT,0,3,3,VALID,-6.929189148055535,-1.9399543009247537,false,172.58534782263652,formal_m1_center_not_selected
stability,S002121,C054_QPP_N030_P140_A1_Q040,STATIONARY_QPP_PRESENT,0,4,3,VALID,-6.921070145963974,-2.963303133927269,false,238.56944193860434,formal_m1_center_not_selected
stability,S002121,C054_QPP_N030_P140_A1_Q040,STATIONARY_QPP_PRESENT,0,5,3,VALID,-6.921070145517255,-2.6139331429467845,false,238.56897485864457,formal_m1_center_not_selected
stability,S002121,C054_QPP_N030_P140_A1_Q040,STATIONARY_QPP_PRESENT,0,6,3,VALID,-6.9291849453625005,-2.9714179510687018,false,172.59597070972416,formal_m1_center_not_selected
stability,S002121,C054_QPP_N030_P140_A1_Q040,STATIONARY_QPP_PRESENT,0,7,3,VALID,-6.929185093094908,-2.9714179851018514,false,172.59007725545104,formal_m1_center_not_selected
stability,S002121,C054_QPP_N030_P140_A1_Q040,STATIONARY_QPP_PRESENT,0,8,3,VALID,-6.9291849279006925,-2.97141801760165,false,172.59619270517408,formal_m1_center_not_selected
stability,S002121,C054_QPP_N030_P140_A1_Q040,STATIONARY_QPP_PRESENT,0,9,3,VALID,-6.921070157708051,-2.9633031217528583,false,238.57403562021307,formal_m1_center_not_selected
stability,S002161,C055_QPP_N030_P140_A2_Q010,STATIONARY_QPP_PRESENT,0,1,3,VALID,-7.578516094111045,-2.6855938071966463,false,49.03235833955758,formal_m1_center_not_selected
stability,S002161,C055_QPP_N030_P140_A2_Q010,STATIONARY_QPP_PRESENT,0,2,3,VALID,-7.578515998025601,-2.4711854770655606,false,49.032609112528526,formal_m1_center_not_selected
stability,S002161,C055_QPP_N030_P140_A2_Q010,STATIONARY_QPP_PRESENT,0,3,3,VALID,-7.5785160025446885,-2.471195848550117,false,49.0331132594133,formal_m1_center_not_selected
stability,S002161,C055_QPP_N030_P140_A2_Q010,STATIONARY_QPP_PRESENT,0,4,3,VALID,-7.57851599038613,-2.685593985151989,false,49.03265601112467,formal_m1_center_not_selected
stability,S002161,C055_QPP_N030_P140_A2_Q010,STATIONARY_QPP_PRESENT,0,5,3,VALID,-7.578516004275272,-2.685593999807068,false,49.03255715116321,formal_m1_center_not_selected
stability,S002161,C055_QPP_N030_P140_A2_Q010,STATIONARY_QPP_PRESENT,0,6,3,VALID,-7.578516013176625,-2.6621782273999983,false,49.03272271600225,formal_m1_center_not_selected
stability,S002161,C055_QPP_N030_P140_A2_Q010,STATIONARY_QPP_PRESENT,0,7,3,VALID,-7.57851596539107,-2.685593961160677,false,49.03281172710418,formal_m1_center_not_selected
stability,S002161,C055_QPP_N030_P140_A2_Q010,STATIONARY_QPP_PRESENT,0,8,3,VALID,-7.5785162826630526,-2.6855941728374333,false,49.032649086803154,formal_m1_center_not_selected
stability,S002161,C055_QPP_N030_P140_A2_Q010,STATIONARY_QPP_PRESENT,0,9,3,VALID,-7.578516026638027,-2.6855940226393074,false,49.032702385249486,formal_m1_center_not_selected
stability,S002201,C056_QPP_N030_P140_A2_Q020,STATIONARY_QPP_PRESENT,0,1,3,VALID,-7.535330777505841,-2.751193989393194,false,239.96353513886578,formal_m1_center_not_selected
stability,S002201,C056_QPP_N030_P140_A2_Q020,STATIONARY_QPP_PRESENT,0,2,3,VALID,-7.535330777587546,-2.449436640529761,false,239.96204864282456,formal_m1_center_not_selected
stability,S002201,C056_QPP_N030_P140_A2_Q020,STATIONARY_QPP_PRESENT,0,3,3,VALID,-7.5562804519227385,-2.470361566934997,false,48.975748436787,formal_m1_center_not_selected
stability,S002201,C056_QPP_N030_P140_A2_Q020,STATIONARY_QPP_PRESENT,0,4,3,VALID,-7.5353307774748615,-2.751193989510213,false,239.96277328797336,formal_m1_center_not_selected
stability,S002201,C056_QPP_N030_P140_A2_Q020,STATIONARY_QPP_PRESENT,0,5,3,VALID,-7.535330777867443,-2.7511939897191695,false,239.96441336126858,formal_m1_center_not_selected
stability,S002201,C056_QPP_N030_P140_A2_Q020,STATIONARY_QPP_PRESENT,0,6,3,VALID,-7.53533087895741,-2.751193297499661,false,239.92444288021215,formal_m1_center_not_selected
stability,S002201,C056_QPP_N030_P140_A2_Q020,STATIONARY_QPP_PRESENT,0,7,3,VALID,-7.535330780185198,-2.7511939921909203,false,239.9590838142977,formal_m1_center_not_selected
stability,S002201,C056_QPP_N030_P140_A2_Q020,STATIONARY_QPP_PRESENT,0,8,3,VALID,-7.535330854700028,-2.7511940631521554,false,239.93482767895586,formal_m1_center_not_selected
stability,S002201,C056_QPP_N030_P140_A2_Q020,STATIONARY_QPP_PRESENT,0,9,3,VALID,-7.556280323557509,-2.7721435073771232,false,48.97568291213119,formal_m1_center_not_selected
stability,S002241,C057_QPP_N030_P140_A2_Q040,STATIONARY_QPP_PRESENT,0,1,3,VALID,-7.169727027454336,-2.77922758487162,false,169.5990688560161,formal_m1_center_not_selected
stability,S002241,C057_QPP_N030_P140_A2_Q040,STATIONARY_QPP_PRESENT,0,2,3,VALID,-7.169727028319748,-2.1161070756413523,false,169.59886507553287,formal_m1_center_not_selected
stability,S002241,C057_QPP_N030_P140_A2_Q040,STATIONARY_QPP_PRESENT,0,3,3,VALID,-7.1697270632203285,-1.8916124039903934,false,169.59566055318683,formal_m1_center_not_selected
stability,S002241,C057_QPP_N030_P140_A2_Q040,STATIONARY_QPP_PRESENT,0,4,3,VALID,-7.169727027317343,-2.7792277173649254,false,169.59887102613882,formal_m1_center_not_selected
stability,S002241,C057_QPP_N030_P140_A2_Q040,STATIONARY_QPP_PRESENT,0,5,3,VALID,-7.16972703167923,-2.779227585215267,false,169.60070225303738,formal_m1_center_not_selected
stability,S002241,C057_QPP_N030_P140_A2_Q040,STATIONARY_QPP_PRESENT,0,6,3,VALID,-7.169727027724512,-2.7792270552822416,false,169.59807018353231,formal_m1_center_not_selected
stability,S002241,C057_QPP_N030_P140_A2_Q040,STATIONARY_QPP_PRESENT,0,7,3,VALID,-7.169727027357268,-2.7792276427204783,false,169.59870256556013,formal_m1_center_not_selected
stability,S002241,C057_QPP_N030_P140_A2_Q040,STATIONARY_QPP_PRESENT,0,8,3,VALID,-7.169727028725326,-2.7792276464060777,false,169.59843903235506,formal_m1_center_not_selected
stability,S002241,C057_QPP_N030_P140_A2_Q040,STATIONARY_QPP_PRESENT,0,9,3,VALID,-7.169727027621448,-2.7792276049825446,false,169.5985583210829,formal_m1_center_not_selected
stability,S002281,C058_QPP_N060_P050_A0_Q010,STATIONARY_QPP_PRESENT,0,1,3,VALID,-9.124758323058018,-3.046084032559264,false,54.369650672207115,formal_m1_center_not_selected
stability,S002281,C058_QPP_N060_P050_A0_Q010,STATIONARY_QPP_PRESENT,0,2,3,VALID,-9.124758323094312,-2.8838094620631125,false,54.36965569427646,formal_m1_center_not_selected
stability,S002281,C058_QPP_N060_P050_A0_Q010,STATIONARY_QPP_PRESENT,0,3,3,VALID,-9.12475832491657,-2.8397273284878963,false,54.36949664610449,formal_m1_center_not_selected
stability,S002281,C058_QPP_N060_P050_A0_Q010,STATIONARY_QPP_PRESENT,0,4,3,VALID,-9.124758322595142,-2.839728659031721,false,54.36963756341408,formal_m1_center_not_selected
stability,S002281,C058_QPP_N060_P050_A0_Q010,STATIONARY_QPP_PRESENT,0,5,3,VALID,-9.124758322741144,-3.0460872267732384,false,54.36958113154598,formal_m1_center_not_selected
stability,S002281,C058_QPP_N060_P050_A0_Q010,STATIONARY_QPP_PRESENT,0,6,3,VALID,-9.124758322650905,-3.0460891078957957,false,54.36963571963645,formal_m1_center_not_selected
stability,S002281,C058_QPP_N060_P050_A0_Q010,STATIONARY_QPP_PRESENT,0,7,3,VALID,-9.124758322384196,-3.0460904521890484,false,54.369609414750556,formal_m1_center_not_selected
stability,S002281,C058_QPP_N060_P050_A0_Q010,STATIONARY_QPP_PRESENT,0,8,3,VALID,-9.124758358204645,-3.04609057005797,false,54.36989689318239,formal_m1_center_not_selected
stability,S002281,C058_QPP_N060_P050_A0_Q010,STATIONARY_QPP_PRESENT,0,9,3,VALID,-9.124758322628026,-3.0460906868089523,false,54.369592767745154,formal_m1_center_not_selected
stability,S002321,C059_QPP_N060_P050_A0_Q020,STATIONARY_QPP_PRESENT,0,1,3,VALID,-6.72996639394853,-1.066870883965862,false,52.29893373614002,formal_m1_center_not_selected
stability,S002321,C059_QPP_N060_P050_A0_Q020,STATIONARY_QPP_PRESENT,0,2,3,VALID,-6.729966398885722,-1.066870725183577,false,52.29894795703274,formal_m1_center_not_selected
stability,S002321,C059_QPP_N060_P050_A0_Q020,STATIONARY_QPP_PRESENT,0,3,3,VALID,-6.7299663932024885,-0.48279414670682286,false,52.29893975733366,formal_m1_center_not_selected
stability,S002321,C059_QPP_N060_P050_A0_Q020,STATIONARY_QPP_PRESENT,0,4,3,VALID,-6.729966392488251,-1.0668706377454953,false,52.29895172168444,formal_m1_center_not_selected
stability,S002321,C059_QPP_N060_P050_A0_Q020,STATIONARY_QPP_PRESENT,0,5,3,VALID,-6.729966392493253,-1.0668708225140051,false,52.298956185140824,formal_m1_center_not_selected
stability,S002321,C059_QPP_N060_P050_A0_Q020,STATIONARY_QPP_PRESENT,0,6,3,VALID,-6.7299663966292655,-1.0383345597221592,false,52.29898090855193,formal_m1_center_not_selected
stability,S002321,C059_QPP_N060_P050_A0_Q020,STATIONARY_QPP_PRESENT,0,7,3,VALID,-6.7299663924657125,-1.0668708979608539,false,52.298954660702925,formal_m1_center_not_selected
stability,S002321,C059_QPP_N060_P050_A0_Q020,STATIONARY_QPP_PRESENT,0,8,3,VALID,-6.729966393563274,-1.0334877104500322,false,52.2989853200862,formal_m1_center_not_selected
stability,S002321,C059_QPP_N060_P050_A0_Q020,STATIONARY_QPP_PRESENT,0,9,3,VALID,-6.729966392816067,-1.0668708996390706,false,52.29893495798683,formal_m1_center_not_selected
stability,S002361,C060_QPP_N060_P050_A0_Q040,STATIONARY_QPP_PRESENT,0,1,3,VALID,1.7718499732977477,6.509483203094135,false,51.41559843244416,formal_m1_center_not_selected
stability,S002361,C060_QPP_N060_P050_A0_Q040,STATIONARY_QPP_PRESENT,0,2,3,VALID,1.7718499737724471,7.867940130973295,false,51.41559342040332,formal_m1_center_not_selected
stability,S002361,C060_QPP_N060_P050_A0_Q040,STATIONARY_QPP_PRESENT,0,3,3,VALID,1.7718499718182272,8.506441631799305,false,51.41553367503354,formal_m1_center_not_selected
stability,S002361,C060_QPP_N060_P050_A0_Q040,STATIONARY_QPP_PRESENT,0,4,3,VALID,1.7718499737801494,6.509483203582903,false,51.4155922500776,formal_m1_center_not_selected
stability,S002361,C060_QPP_N060_P050_A0_Q040,STATIONARY_QPP_PRESENT,0,5,3,VALID,1.7718499728258905,6.509483250364667,false,51.415621287416364,formal_m1_center_not_selected
stability,S002361,C060_QPP_N060_P050_A0_Q040,STATIONARY_QPP_PRESENT,0,6,3,VALID,1.7718499737566447,7.719701376119673,false,51.415592688117876,formal_m1_center_not_selected
stability,S002361,C060_QPP_N060_P050_A0_Q040,STATIONARY_QPP_PRESENT,0,7,3,VALID,1.771849973202336,6.509483203138643,false,51.415600928833776,formal_m1_center_not_selected
stability,S002361,C060_QPP_N060_P050_A0_Q040,STATIONARY_QPP_PRESENT,0,8,3,VALID,1.7718499726384778,6.509483202660647,false,51.41562654079742,formal_m1_center_not_selected
stability,S002361,C060_QPP_N060_P050_A0_Q040,STATIONARY_QPP_PRESENT,0,9,3,VALID,1.7718499737818831,6.509483203928113,false,51.41559077623649,formal_m1_center_not_selected
stability,S002401,C061_QPP_N060_P050_A1_Q010,STATIONARY_QPP_PRESENT,0,1,3,VALID,-9.704593710816482,-3.142828730113166,false,60.558793631454684,formal_m1_center_not_selected
stability,S002401,C061_QPP_N060_P050_A1_Q010,STATIONARY_QPP_PRESENT,0,2,3,VALID,-9.704593710810855,-3.1428072976532064,false,60.558806963275856,formal_m1_center_not_selected
stability,S002401,C061_QPP_N060_P050_A1_Q010,STATIONARY_QPP_PRESENT,0,3,3,VALID,-9.704593711336713,-3.142769722228138,false,60.55877088026325,formal_m1_center_not_selected
stability,S002401,C061_QPP_N060_P050_A1_Q010,STATIONARY_QPP_PRESENT,0,4,3,VALID,-9.704593710770268,-3.144092938176982,false,60.5588184317201,formal_m1_center_not_selected
stability,S002401,C061_QPP_N060_P050_A1_Q010,STATIONARY_QPP_PRESENT,0,5,3,VALID,-9.704593710803493,-3.1427860458222483,false,60.55880970314413,formal_m1_center_not_selected
stability,S002401,C061_QPP_N060_P050_A1_Q010,STATIONARY_QPP_PRESENT,0,6,3,VALID,-9.70459371080696,-3.1428358006883172,false,60.55882060355598,formal_m1_center_not_selected
stability,S002401,C061_QPP_N060_P050_A1_Q010,STATIONARY_QPP_PRESENT,0,7,3,VALID,-9.704593710901491,-3.142836244931857,false,60.5587775667253,formal_m1_center_not_selected
stability,S002401,C061_QPP_N060_P050_A1_Q010,STATIONARY_QPP_PRESENT,0,8,3,VALID,-9.704593711102547,-3.1440921093328598,false,60.55887427852333,formal_m1_center_not_selected
stability,S002401,C061_QPP_N060_P050_A1_Q010,STATIONARY_QPP_PRESENT,0,9,3,VALID,-9.704593711603167,-3.1428340934276946,false,60.55879397871451,formal_m1_center_not_selected
stability,S002441,C062_QPP_N060_P050_A1_Q020,STATIONARY_QPP_PRESENT,0,1,3,VALID,-7.356622461829971,-1.2115530650217465,false,49.914435928342755,formal_m1_center_not_selected
stability,S002441,C062_QPP_N060_P050_A1_Q020,STATIONARY_QPP_PRESENT,0,2,3,VALID,-7.356622461894517,-1.2115613274779378,false,49.914427840630374,formal_m1_center_not_selected
stability,S002441,C062_QPP_N060_P050_A1_Q020,STATIONARY_QPP_PRESENT,0,3,3,VALID,-7.356622464588895,-1.211558508003094,false,49.91442141079442,formal_m1_center_not_selected
stability,S002441,C062_QPP_N060_P050_A1_Q020,STATIONARY_QPP_PRESENT,0,4,3,VALID,-7.356622461770996,-1.2115600776400584,false,49.91442790174069,formal_m1_center_not_selected
stability,S002441,C062_QPP_N060_P050_A1_Q020,STATIONARY_QPP_PRESENT,0,5,3,VALID,-7.356622461848758,-1.211556425574031,false,49.9144364438603,formal_m1_center_not_selected
stability,S002441,C062_QPP_N060_P050_A1_Q020,STATIONARY_QPP_PRESENT,0,6,3,VALID,-7.356622461987627,-1.2115598227649684,false,49.914437211330394,formal_m1_center_not_selected
stability,S002441,C062_QPP_N060_P050_A1_Q020,STATIONARY_QPP_PRESENT,0,7,3,VALID,-7.356622463110682,-1.211501274897671,false,49.914378682000496,formal_m1_center_not_selected
stability,S002441,C062_QPP_N060_P050_A1_Q020,STATIONARY_QPP_PRESENT,0,8,3,VALID,-7.356622462056862,-1.2115531508098343,false,49.91442010004284,formal_m1_center_not_selected
stability,S002441,C062_QPP_N060_P050_A1_Q020,STATIONARY_QPP_PRESENT,0,9,3,VALID,-7.356622461982937,-1.211517118251379,false,49.91441280784225,formal_m1_center_not_selected
stability,S002481,C063_QPP_N060_P050_A1_Q040,STATIONARY_QPP_PRESENT,0,1,3,VALID,4.966126956929031,9.764318096252197,false,50.32413959459105,formal_m1_center_not_selected
stability,S002481,C063_QPP_N060_P050_A1_Q040,STATIONARY_QPP_PRESENT,0,2,3,VALID,4.96612695736971,9.764325632512595,false,50.32413135494587,formal_m1_center_not_selected
stability,S002481,C063_QPP_N060_P050_A1_Q040,STATIONARY_QPP_PRESENT,0,3,3,VALID,4.96612695668702,10.860061440806646,false,50.32414129537661,formal_m1_center_not_selected
stability,S002481,C063_QPP_N060_P050_A1_Q040,STATIONARY_QPP_PRESENT,0,4,3,VALID,4.966126957260855,9.764319098145421,false,50.324113514098855,formal_m1_center_not_selected
stability,S002481,C063_QPP_N060_P050_A1_Q040,STATIONARY_QPP_PRESENT,0,5,3,VALID,4.966126958491543,9.764316278674556,false,50.32411734922586,formal_m1_center_not_selected
stability,S002481,C063_QPP_N060_P050_A1_Q040,STATIONARY_QPP_PRESENT,0,6,3,VALID,4.9661269584256615,10.860061574871963,false,50.324120295369426,formal_m1_center_not_selected
stability,S002481,C063_QPP_N060_P050_A1_Q040,STATIONARY_QPP_PRESENT,0,7,3,VALID,4.96612695818331,9.764315913664575,false,50.32413919368261,formal_m1_center_not_selected
stability,S002481,C063_QPP_N060_P050_A1_Q040,STATIONARY_QPP_PRESENT,0,8,3,VALID,4.966126958636465,9.76431613072134,false,50.32412185007731,formal_m1_center_not_selected
stability,S002481,C063_QPP_N060_P050_A1_Q040,STATIONARY_QPP_PRESENT,0,9,3,VALID,4.966126957972449,9.76431606604342,false,50.3241298515262,formal_m1_center_not_selected
stability,S002521,C064_QPP_N060_P050_A2_Q010,STATIONARY_QPP_PRESENT,0,1,3,VALID,-7.528892700410296,-1.6533566782899243,false,47.065160973061666,formal_m1_center_not_selected
stability,S002521,C064_QPP_N060_P050_A2_Q010,STATIONARY_QPP_PRESENT,0,2,3,VALID,-7.528892702452509,-1.4462457235316322,false,47.06517742692077,formal_m1_center_not_selected
stability,S002521,C064_QPP_N060_P050_A2_Q010,STATIONARY_QPP_PRESENT,0,3,3,VALID,-7.5288927003496156,-1.4462457157085282,false,47.0651506216217,formal_m1_center_not_selected
stability,S002521,C064_QPP_N060_P050_A2_Q010,STATIONARY_QPP_PRESENT,0,4,3,VALID,-7.528892700386962,-1.4462281032755868,false,47.065155723129216,formal_m1_center_not_selected
stability,S002521,C064_QPP_N060_P050_A2_Q010,STATIONARY_QPP_PRESENT,0,5,3,VALID,-7.528892700457163,-1.4462450437780774,false,47.06514595117043,formal_m1_center_not_selected
stability,S002521,C064_QPP_N060_P050_A2_Q010,STATIONARY_QPP_PRESENT,0,6,3,VALID,-7.528892702130776,-1.4462457184675088,false,47.06513287275428,formal_m1_center_not_selected
stability,S002521,C064_QPP_N060_P050_A2_Q010,STATIONARY_QPP_PRESENT,0,7,3,VALID,-7.528892710566311,-1.6533566879832335,false,47.06516267182716,formal_m1_center_not_selected
stability,S002521,C064_QPP_N060_P050_A2_Q010,STATIONARY_QPP_PRESENT,0,8,3,VALID,-7.5288927018538345,-1.4462456325821051,false,47.06512803744683,formal_m1_center_not_selected
stability,S002521,C064_QPP_N060_P050_A2_Q010,STATIONARY_QPP_PRESENT,0,9,3,VALID,-7.528892737077541,-1.6533566589434656,false,47.06514388638506,formal_m1_center_not_selected
stability,S002561,C065_QPP_N060_P050_A2_Q020,STATIONARY_QPP_PRESENT,0,1,3,VALID,-2.786060483438291,2.8103244688342954,false,47.88032156494991,formal_m1_center_not_selected
stability,S002561,C065_QPP_N060_P050_A2_Q020,STATIONARY_QPP_PRESENT,0,2,3,VALID,-2.786060584093633,3.1682992240436363,false,47.88035390984638,formal_m1_center_not_selected
stability,S002561,C065_QPP_N060_P050_A2_Q020,STATIONARY_QPP_PRESENT,0,3,3,VALID,-2.7860605243780583,3.4582550746973197,false,47.88039200337483,formal_m1_center_not_selected
stability,S002561,C065_QPP_N060_P050_A2_Q020,STATIONARY_QPP_PRESENT,0,4,3,VALID,-2.7860605552638447,2.7839008290267486,false,47.880329748285746,formal_m1_center_not_selected
stability,S002561,C065_QPP_N060_P050_A2_Q020,STATIONARY_QPP_PRESENT,0,5,3,VALID,-2.786060779139376,3.1682961611713267,false,47.88000047560114,formal_m1_center_not_selected
stability,S002561,C065_QPP_N060_P050_A2_Q020,STATIONARY_QPP_PRESENT,0,6,3,VALID,-2.78606064886921,2.871853784267273,false,47.88039407029836,formal_m1_center_not_selected
stability,S002561,C065_QPP_N060_P050_A2_Q020,STATIONARY_QPP_PRESENT,0,7,3,VALID,-2.786060477492356,2.7677755140690863,false,47.880309453774316,formal_m1_center_not_selected
stability,S002561,C065_QPP_N060_P050_A2_Q020,STATIONARY_QPP_PRESENT,0,8,3,VALID,-2.786060494072018,2.8103243401300233,false,47.880259393150396,formal_m1_center_not_selected
stability,S002561,C065_QPP_N060_P050_A2_Q020,STATIONARY_QPP_PRESENT,0,9,3,VALID,-2.7860606876984093,2.8103242884942006,false,47.880356685874595,formal_m1_center_not_selected
stability,S002601,C066_QPP_N060_P050_A2_Q040,STATIONARY_QPP_PRESENT,0,1,3,VALID,9.564418731130331,14.674158730572856,false,48.538749643935496,formal_m1_center_not_selected
stability,S002601,C066_QPP_N060_P050_A2_Q040,STATIONARY_QPP_PRESENT,0,2,3,VALID,9.564418728159637,15.62718047850069,false,48.53875614231718,formal_m1_center_not_selected
stability,S002601,C066_QPP_N060_P050_A2_Q040,STATIONARY_QPP_PRESENT,0,3,3,VALID,9.564418742090169,15.627214266628783,false,48.5387622010907,formal_m1_center_not_selected
stability,S002601,C066_QPP_N060_P050_A2_Q040,STATIONARY_QPP_PRESENT,0,4,3,VALID,9.5644187337343,15.055295510462855,false,48.53879312177745,formal_m1_center_not_selected
stability,S002601,C066_QPP_N060_P050_A2_Q040,STATIONARY_QPP_PRESENT,0,5,3,VALID,9.564418734960043,15.055296075377328,false,48.53880040934017,formal_m1_center_not_selected
stability,S002601,C066_QPP_N060_P050_A2_Q040,STATIONARY_QPP_PRESENT,0,6,3,VALID,9.56441873225259,15.230555756371416,false,48.538783392623714,formal_m1_center_not_selected
stability,S002601,C066_QPP_N060_P050_A2_Q040,STATIONARY_QPP_PRESENT,0,7,3,VALID,9.564418742093522,14.674158743171887,false,48.538755880316025,formal_m1_center_not_selected
stability,S002601,C066_QPP_N060_P050_A2_Q040,STATIONARY_QPP_PRESENT,0,8,3,VALID,9.564418737232955,14.674158736788314,false,48.53873182672515,formal_m1_center_not_selected
stability,S002601,C066_QPP_N060_P050_A2_Q040,STATIONARY_QPP_PRESENT,0,9,3,VALID,9.56441874199777,14.674158764004261,false,48.53875693323423,formal_m1_center_not_selected
stability,S002641,C067_QPP_N060_P080_A0_Q010,STATIONARY_QPP_PRESENT,0,1,3,VALID,-9.738499958680961,-3.394542424828728,false,56.21957511424842,formal_m1_center_not_selected
stability,S002641,C067_QPP_N060_P080_A0_Q010,STATIONARY_QPP_PRESENT,0,2,3,VALID,-9.787254630361957,-3.296080882473859,false,47.157198065015635,formal_m1_center_not_selected
stability,S002641,C067_QPP_N060_P080_A0_Q010,STATIONARY_QPP_PRESENT,0,3,3,VALID,-9.787254282637491,-3.2957075044527357,false,47.1574201486254,formal_m1_center_not_selected
stability,S002641,C067_QPP_N060_P080_A0_Q010,STATIONARY_QPP_PRESENT,0,4,3,VALID,-9.738500310113864,-3.3945434493924154,false,56.220117703608885,formal_m1_center_not_selected
stability,S002641,C067_QPP_N060_P080_A0_Q010,STATIONARY_QPP_PRESENT,0,5,3,VALID,-9.738499835796574,-3.3632529565604443,false,56.21948041693115,formal_m1_center_not_selected
stability,S002641,C067_QPP_N060_P080_A0_Q010,STATIONARY_QPP_PRESENT,0,6,3,VALID,-9.738500729340757,-3.3632547237209565,false,56.21746211860762,formal_m1_center_not_selected
stability,S002641,C067_QPP_N060_P080_A0_Q010,STATIONARY_QPP_PRESENT,0,7,3,VALID,-9.738499915244631,-3.3945431268840593,false,56.2199492781657,formal_m1_center_not_selected
stability,S002641,C067_QPP_N060_P080_A0_Q010,STATIONARY_QPP_PRESENT,0,8,3,VALID,-9.738500208643245,-3.3945428395024067,false,56.21845006074799,formal_m1_center_not_selected
stability,S002641,C067_QPP_N060_P080_A0_Q010,STATIONARY_QPP_PRESENT,0,9,3,VALID,-9.738499886793562,-3.394543069499946,false,56.21970113845325,formal_m1_center_not_selected
stability,S002681,C068_QPP_N060_P080_A0_Q020,STATIONARY_QPP_PRESENT,0,1,3,VALID,-8.049988317216304,-2.3127589314078136,false,84.14344334352955,formal_m1_center_not_selected
stability,S002681,C068_QPP_N060_P080_A0_Q020,STATIONARY_QPP_PRESENT,0,2,3,VALID,-8.049988317304923,-1.3359209392959883,false,84.14343272233754,formal_m1_center_not_selected
stability,S002681,C068_QPP_N060_P080_A0_Q020,STATIONARY_QPP_PRESENT,0,3,3,VALID,-8.04998831717117,-1.5769627675948072,false,84.14344575646113,formal_m1_center_not_selected
stability,S002681,C068_QPP_N060_P080_A0_Q020,STATIONARY_QPP_PRESENT,0,4,3,VALID,-8.049988317738382,-1.404235591342342,false,84.14338977351105,formal_m1_center_not_selected
stability,S002681,C068_QPP_N060_P080_A0_Q020,STATIONARY_QPP_PRESENT,0,5,3,VALID,-8.049988320696883,-2.3127592948640086,false,84.14363324019175,formal_m1_center_not_selected
stability,S002681,C068_QPP_N060_P080_A0_Q020,STATIONARY_QPP_PRESENT,0,6,3,VALID,-9.887227197789741,-3.4157484223859456,false,45.34428614259413,formal_m1_center_not_selected
stability,S002681,C068_QPP_N060_P080_A0_Q020,STATIONARY_QPP_PRESENT,0,7,3,VALID,-8.04998831717856,-2.3127604644253665,false,84.1434445493147,formal_m1_center_not_selected
stability,S002681,C068_QPP_N060_P080_A0_Q020,STATIONARY_QPP_PRESENT,0,8,3,VALID,-8.049988318203134,-2.3127595294421326,false,84.14340541662276,formal_m1_center_not_selected
stability,S002681,C068_QPP_N060_P080_A0_Q020,STATIONARY_QPP_PRESENT,0,9,3,VALID,-8.049988317195584,-2.3127610222294663,false,84.14341926025345,formal_m1_center_not_selected
stability,S002721,C069_QPP_N060_P080_A0_Q040,STATIONARY_QPP_PRESENT,0,1,3,VALID,-1.576629914009601,2.298586149140334,false,83.37313686757084,formal_m1_center_not_selected
stability,S002721,C069_QPP_N060_P080_A0_Q040,STATIONARY_QPP_PRESENT,0,2,3,VALID,-1.5766299078740644,4.853313860859146,false,83.3731998671025,formal_m1_center_not_selected
stability,S002721,C069_QPP_N060_P080_A0_Q040,STATIONARY_QPP_PRESENT,0,3,3,VALID,-1.5766299098083891,4.853323675979112,false,83.37317794795588,formal_m1_center_not_selected
stability,S002721,C069_QPP_N060_P080_A0_Q040,STATIONARY_QPP_PRESENT,0,4,3,VALID,-1.5766299079934356,2.2985891940743954,false,83.37320379124773,formal_m1_center_not_selected
stability,S002721,C069_QPP_N060_P080_A0_Q040,STATIONARY_QPP_PRESENT,0,5,3,VALID,-1.5766299079700161,2.298590108290199,false,83.37320326809828,formal_m1_center_not_selected
stability,S002721,C069_QPP_N060_P080_A0_Q040,STATIONARY_QPP_PRESENT,0,6,3,VALID,-1.576629907919056,2.298586254489834,false,83.37320331106535,formal_m1_center_not_selected
stability,S002721,C069_QPP_N060_P080_A0_Q040,STATIONARY_QPP_PRESENT,0,7,3,VALID,-1.5766299085157982,2.2985896657449985,false,83.37322137350728,formal_m1_center_not_selected
stability,S002721,C069_QPP_N060_P080_A0_Q040,STATIONARY_QPP_PRESENT,0,8,3,VALID,-1.576629909971814,3.6508231784993654,false,83.37322585748586,formal_m1_center_not_selected
stability,S002721,C069_QPP_N060_P080_A0_Q040,STATIONARY_QPP_PRESENT,0,9,3,VALID,-1.5766299078805446,2.2985885475384578,false,83.37319970824326,formal_m1_center_not_selected
stability,S002761,C070_QPP_N060_P080_A1_Q010,STATIONARY_QPP_PRESENT,0,1,3,VALID,-9.588573439412755,-2.967167898995342,false,60.9060799260309,formal_m1_center_not_selected
stability,S002761,C070_QPP_N060_P080_A1_Q010,STATIONARY_QPP_PRESENT,0,2,3,VALID,-9.588573440044883,-2.967154387731796,false,60.90608538215327,formal_m1_center_not_selected
stability,S002761,C070_QPP_N060_P080_A1_Q010,STATIONARY_QPP_PRESENT,0,3,3,VALID,-9.58857344210736,-2.967183858836705,false,60.905910043449445,formal_m1_center_not_selected
stability,S002761,C070_QPP_N060_P080_A1_Q010,STATIONARY_QPP_PRESENT,0,4,3,VALID,-9.588573439808641,-2.9663398556897675,false,60.90605640054221,formal_m1_center_not_selected
stability,S002761,C070_QPP_N060_P080_A1_Q010,STATIONARY_QPP_PRESENT,0,5,3,VALID,-9.588573439630778,-2.967148189803879,false,60.906132348504805,formal_m1_center_not_selected
stability,S002761,C070_QPP_N060_P080_A1_Q010,STATIONARY_QPP_PRESENT,0,6,3,VALID,-9.58857344726033,-2.9671832316468,false,60.90607060505103,formal_m1_center_not_selected
stability,S002761,C070_QPP_N060_P080_A1_Q010,STATIONARY_QPP_PRESENT,0,7,3,VALID,-9.58857343958843,-2.966253568563957,false,60.906078936047805,formal_m1_center_not_selected
stability,S002761,C070_QPP_N060_P080_A1_Q010,STATIONARY_QPP_PRESENT,0,8,3,VALID,-9.588573439535821,-2.9671759104915623,false,60.90610569426192,formal_m1_center_not_selected
stability,S002761,C070_QPP_N060_P080_A1_Q010,STATIONARY_QPP_PRESENT,0,9,3,VALID,-9.58857343959096,-2.967182957434318,false,60.9060888609202,formal_m1_center_not_selected
stability,S002801,C071_QPP_N060_P080_A1_Q020,STATIONARY_QPP_PRESENT,0,1,3,VALID,-9.823415300978724,-3.1578759491429764,false,61.17529735664004,formal_m1_center_not_selected
stability,S002801,C071_QPP_N060_P080_A1_Q020,STATIONARY_QPP_PRESENT,0,2,3,VALID,-9.8234153899092,-3.1048268669774473,false,61.17523985771017,formal_m1_center_not_selected
stability,S002801,C071_QPP_N060_P080_A1_Q020,STATIONARY_QPP_PRESENT,0,3,3,VALID,-9.823415412366899,-3.1863487712584515,false,61.175105367970716,formal_m1_center_not_selected
stability,S002801,C071_QPP_N060_P080_A1_Q020,STATIONARY_QPP_PRESENT,0,4,3,VALID,-9.823415359868335,-3.157876138803715,false,61.175641743731866,formal_m1_center_not_selected
stability,S002801,C071_QPP_N060_P080_A1_Q020,STATIONARY_QPP_PRESENT,0,5,3,VALID,-9.823415777038633,-3.1340290816753225,false,61.1751026615847,formal_m1_center_not_selected
stability,S002801,C071_QPP_N060_P080_A1_Q020,STATIONARY_QPP_PRESENT,0,6,3,VALID,-9.823415301109748,-3.1578743336551724,false,61.175277319420225,formal_m1_center_not_selected
stability,S002801,C071_QPP_N060_P080_A1_Q020,STATIONARY_QPP_PRESENT,0,7,3,VALID,-9.823415370184364,-3.15787617558442,false,61.17507246291208,formal_m1_center_not_selected
stability,S002801,C071_QPP_N060_P080_A1_Q020,STATIONARY_QPP_PRESENT,0,8,3,VALID,-9.823415328306794,-3.1060832483201466,false,61.175371618645606,formal_m1_center_not_selected
stability,S002801,C071_QPP_N060_P080_A1_Q020,STATIONARY_QPP_PRESENT,0,9,3,VALID,-9.823415376444615,-3.157876256237188,false,61.17483016734272,formal_m1_center_not_selected
stability,S002841,C072_QPP_N060_P080_A1_Q040,STATIONARY_QPP_PRESENT,0,1,3,VALID,-4.564418342342634,-0.09611554950853929,false,80.70167984313717,formal_m1_center_not_selected
stability,S002841,C072_QPP_N060_P080_A1_Q040,STATIONARY_QPP_PRESENT,0,2,3,VALID,-4.564418342219199,0.5611192232857434,false,80.70157220775314,formal_m1_center_not_selected
stability,S002841,C072_QPP_N060_P080_A1_Q040,STATIONARY_QPP_PRESENT,0,3,3,VALID,-4.564418352594657,0.5647498366922434,false,80.70157093857307,formal_m1_center_not_selected
stability,S002841,C072_QPP_N060_P080_A1_Q040,STATIONARY_QPP_PRESENT,0,4,3,VALID,-4.56441834695562,-0.09611569716560098,false,80.70156895442199,formal_m1_center_not_selected
stability,S002841,C072_QPP_N060_P080_A1_Q040,STATIONARY_QPP_PRESENT,0,5,3,VALID,-4.564418367646596,-0.0961158800073747,false,80.70162885612032,formal_m1_center_not_selected
stability,S002841,C072_QPP_N060_P080_A1_Q040,STATIONARY_QPP_PRESENT,0,6,3,VALID,-4.564418416419215,-0.09611424701614624,false,80.70165232089767,formal_m1_center_not_selected
stability,S002841,C072_QPP_N060_P080_A1_Q040,STATIONARY_QPP_PRESENT,0,7,3,VALID,-4.56441834115418,-0.09611499478108954,false,80.70157536651429,formal_m1_center_not_selected
stability,S002841,C072_QPP_N060_P080_A1_Q040,STATIONARY_QPP_PRESENT,0,8,3,VALID,-4.564418360869297,-0.0961150638432855,false,80.70186707957359,formal_m1_center_not_selected
stability,S002841,C072_QPP_N060_P080_A1_Q040,STATIONARY_QPP_PRESENT,0,9,3,VALID,-4.564418483834089,-0.09611467456414857,false,80.70137636507583,formal_m1_center_not_selected
stability,S002881,C073_QPP_N060_P080_A2_Q010,STATIONARY_QPP_PRESENT,0,1,3,VALID,-9.63930817211326,-3.0005356070494145,false,45.018190055149965,formal_m1_center_not_selected
stability,S002881,C073_QPP_N060_P080_A2_Q010,STATIONARY_QPP_PRESENT,0,2,3,VALID,-9.639308441051696,-3.000537598585197,false,45.01843677694314,formal_m1_center_not_selected
stability,S002881,C073_QPP_N060_P080_A2_Q010,STATIONARY_QPP_PRESENT,0,3,3,VALID,-9.639308476450537,-3.0005362681501992,false,45.01804431897502,formal_m1_center_not_selected
stability,S002881,C073_QPP_N060_P080_A2_Q010,STATIONARY_QPP_PRESENT,0,4,3,VALID,-9.639308169335067,-3.1296508768255364,false,45.01814661676013,formal_m1_center_not_selected
stability,S002881,C073_QPP_N060_P080_A2_Q010,STATIONARY_QPP_PRESENT,0,5,3,VALID,-9.639308172982936,-3.0005211081219727,false,45.018119860685836,formal_m1_center_not_selected
stability,S002881,C073_QPP_N060_P080_A2_Q010,STATIONARY_QPP_PRESENT,0,6,3,VALID,-9.639308244268875,-3.0005381914873794,false,45.018483422950624,formal_m1_center_not_selected
stability,S002881,C073_QPP_N060_P080_A2_Q010,STATIONARY_QPP_PRESENT,0,7,3,VALID,-9.639308192991678,-3.1296510136220377,false,45.0181514290769,formal_m1_center_not_selected
stability,S002881,C073_QPP_N060_P080_A2_Q010,STATIONARY_QPP_PRESENT,0,8,3,VALID,-9.639311660976944,-3.129645537927189,false,45.01811287257937,formal_m1_center_not_selected
stability,S002881,C073_QPP_N060_P080_A2_Q010,STATIONARY_QPP_PRESENT,0,9,3,VALID,-9.639308919877067,-3.129651665916157,false,45.017992624784654,formal_m1_center_not_selected
stability,S002921,C074_QPP_N060_P080_A2_Q020,STATIONARY_QPP_PRESENT,0,1,3,VALID,-8.405050414663236,-1.8865388351348713,false,76.363523469218,formal_m1_center_not_selected
stability,S002921,C074_QPP_N060_P080_A2_Q020,STATIONARY_QPP_PRESENT,0,2,3,VALID,-8.405050414003398,-1.8708603280456373,false,76.36359757637783,formal_m1_center_not_selected
stability,S002921,C074_QPP_N060_P080_A2_Q020,STATIONARY_QPP_PRESENT,0,3,3,VALID,-8.40505041820461,-1.9633671264413124,false,76.36351876820092,formal_m1_center_not_selected
stability,S002921,C074_QPP_N060_P080_A2_Q020,STATIONARY_QPP_PRESENT,0,4,3,VALID,-8.405050413992598,-1.9628599006479703,false,76.3636027179058,formal_m1_center_not_selected
stability,S002921,C074_QPP_N060_P080_A2_Q020,STATIONARY_QPP_PRESENT,0,5,3,VALID,-8.405050413987055,-1.9633697009622324,false,76.36360044792531,formal_m1_center_not_selected
stability,S002921,C074_QPP_N060_P080_A2_Q020,STATIONARY_QPP_PRESENT,0,6,3,VALID,-8.405050414072917,-1.8865320057020938,false,76.36359892623562,formal_m1_center_not_selected
stability,S002921,C074_QPP_N060_P080_A2_Q020,STATIONARY_QPP_PRESENT,0,7,3,VALID,-8.405050414105318,-1.8865378574680562,false,76.3636238734102,formal_m1_center_not_selected
stability,S002921,C074_QPP_N060_P080_A2_Q020,STATIONARY_QPP_PRESENT,0,8,3,VALID,-8.405050413997373,-1.963369114236798,false,76.36361045272733,formal_m1_center_not_selected
stability,S002921,C074_QPP_N060_P080_A2_Q020,STATIONARY_QPP_PRESENT,0,9,3,VALID,-8.405050413997657,-1.9631605679004167,false,76.3635940817684,formal_m1_center_not_selected
stability,S002961,C075_QPP_N060_P080_A2_Q040,STATIONARY_QPP_PRESENT,0,1,3,VALID,-0.9470340135910931,4.145985178232564,false,76.96345020723675,formal_m1_center_not_selected
stability,S002961,C075_QPP_N060_P080_A2_Q040,STATIONARY_QPP_PRESENT,0,2,3,VALID,-0.9470340122224741,4.81510571385158,false,76.96342943433827,formal_m1_center_not_selected
stability,S002961,C075_QPP_N060_P080_A2_Q040,STATIONARY_QPP_PRESENT,0,3,3,VALID,-0.9470340834219826,4.811960540493516,false,76.96364858037073,formal_m1_center_not_selected
stability,S002961,C075_QPP_N060_P080_A2_Q040,STATIONARY_QPP_PRESENT,0,4,3,VALID,-0.9470340150329548,4.145986139734589,false,76.96344881891663,formal_m1_center_not_selected
stability,S002961,C075_QPP_N060_P080_A2_Q040,STATIONARY_QPP_PRESENT,0,5,3,VALID,-0.9470340120943774,4.145986600653572,false,76.96343194767333,formal_m1_center_not_selected
stability,S002961,C075_QPP_N060_P080_A2_Q040,STATIONARY_QPP_PRESENT,0,6,3,VALID,-0.9470340309571839,4.145985247297688,false,76.9635521425312,formal_m1_center_not_selected
stability,S002961,C075_QPP_N060_P080_A2_Q040,STATIONARY_QPP_PRESENT,0,7,3,VALID,-0.9470340122041421,4.14599179073366,false,76.96342570376935,formal_m1_center_not_selected
stability,S002961,C075_QPP_N060_P080_A2_Q040,STATIONARY_QPP_PRESENT,0,8,3,VALID,-0.9470340125096754,4.1460092714982295,false,76.96345623556928,formal_m1_center_not_selected
stability,S002961,C075_QPP_N060_P080_A2_Q040,STATIONARY_QPP_PRESENT,0,9,3,VALID,-0.9470340489337161,4.145985892749934,false,76.96339169906994,formal_m1_center_not_selected
stability,S003001,C076_QPP_N060_P140_A0_Q010,STATIONARY_QPP_PRESENT,0,1,3,VALID,-8.74172990432254,-3.190782870374136,false,144.01950370325167,formal_m1_center_not_selected
stability,S003001,C076_QPP_N060_P140_A0_Q010,STATIONARY_QPP_PRESENT,0,2,3,VALID,-8.74172991456794,-2.5191422315934062,false,144.01934786146785,formal_m1_center_not_selected
stability,S003001,C076_QPP_N060_P140_A0_Q010,STATIONARY_QPP_PRESENT,0,3,3,VALID,-8.741729904830834,-2.5191421652581028,false,144.01940961399512,formal_m1_center_not_selected
stability,S003001,C076_QPP_N060_P140_A0_Q010,STATIONARY_QPP_PRESENT,0,4,3,VALID,-8.741729904261973,-3.1907735138615294,false,144.01948321958446,formal_m1_center_not_selected
stability,S003001,C076_QPP_N060_P140_A0_Q010,STATIONARY_QPP_PRESENT,0,5,3,VALID,-8.741729905068297,-3.1907439700958378,false,144.01939610273897,formal_m1_center_not_selected
stability,S003001,C076_QPP_N060_P140_A0_Q010,STATIONARY_QPP_PRESENT,0,6,3,VALID,-8.741729924475464,-3.190453322952351,false,144.01948733550705,formal_m1_center_not_selected
stability,S003001,C076_QPP_N060_P140_A0_Q010,STATIONARY_QPP_PRESENT,0,7,3,VALID,-8.74172990425302,-3.1907924436496558,false,144.019491551673,formal_m1_center_not_selected
stability,S003001,C076_QPP_N060_P140_A0_Q010,STATIONARY_QPP_PRESENT,0,8,3,VALID,-8.741729909749836,-3.190773296417291,false,144.01919256530056,formal_m1_center_not_selected
stability,S003001,C076_QPP_N060_P140_A0_Q010,STATIONARY_QPP_PRESENT,0,9,3,VALID,-8.741729910053465,-3.190789793952746,false,144.01963852457382,formal_m1_center_not_selected
stability,S003041,C077_QPP_N060_P140_A0_Q020,STATIONARY_QPP_PRESENT,0,1,3,VALID,-7.4405588845122,-2.670484208685366,false,143.68378969137112,formal_m1_center_not_selected
stability,S003041,C077_QPP_N060_P140_A0_Q020,STATIONARY_QPP_PRESENT,0,2,3,VALID,-7.44055888416662,-2.6704841897937968,false,143.6836469860024,formal_m1_center_not_selected
stability,S003041,C077_QPP_N060_P140_A0_Q020,STATIONARY_QPP_PRESENT,0,3,3,VALID,-7.44055891152712,-1.3631434406827339,false,143.68317660404944,formal_m1_center_not_selected
stability,S003041,C077_QPP_N060_P140_A0_Q020,STATIONARY_QPP_PRESENT,0,4,3,VALID,-7.44055888395701,-2.6704842075297393,false,143.6837916389306,formal_m1_center_not_selected
stability,S003041,C077_QPP_N060_P140_A0_Q020,STATIONARY_QPP_PRESENT,0,5,3,VALID,-7.440558889389678,-2.6704842136693685,false,143.68400796075824,formal_m1_center_not_selected
stability,S003041,C077_QPP_N060_P140_A0_Q020,STATIONARY_QPP_PRESENT,0,6,3,VALID,-7.440558883853043,-2.6704842079439857,false,143.68375186445235,formal_m1_center_not_selected
stability,S003041,C077_QPP_N060_P140_A0_Q020,STATIONARY_QPP_PRESENT,0,7,3,VALID,-7.440558888347425,-2.6704842124989625,false,143.68347757178,formal_m1_center_not_selected
stability,S003041,C077_QPP_N060_P140_A0_Q020,STATIONARY_QPP_PRESENT,0,8,3,VALID,-7.4405589176001,-2.670484217912133,false,143.68382647950753,formal_m1_center_not_selected
stability,S003041,C077_QPP_N060_P140_A0_Q020,STATIONARY_QPP_PRESENT,0,9,3,VALID,-7.440558883915031,-2.6704841769953305,false,143.6837853008465,formal_m1_center_not_selected
stability,S003081,C078_QPP_N060_P140_A0_Q040,STATIONARY_QPP_PRESENT,0,1,3,VALID,-3.956853913848647,-1.5581890874906037,false,147.08343699838602,formal_m1_center_not_selected
stability,S003081,C078_QPP_N060_P140_A0_Q040,STATIONARY_QPP_PRESENT,0,2,3,VALID,-3.956853913637559,-1.5581887460644737,false,147.083655306628,formal_m1_center_not_selected
stability,S003081,C078_QPP_N060_P140_A0_Q040,STATIONARY_QPP_PRESENT,0,3,3,VALID,-3.956853920679208,1.8367417552938718,false,147.0831417638812,formal_m1_center_not_selected
stability,S003081,C078_QPP_N060_P140_A0_Q040,STATIONARY_QPP_PRESENT,0,4,3,VALID,-3.9568539919420687,-1.558189189090541,false,147.08171235659773,formal_m1_center_not_selected
stability,S003081,C078_QPP_N060_P140_A0_Q040,STATIONARY_QPP_PRESENT,0,5,3,VALID,-3.9568539462577803,-1.5581891388845008,false,147.08357172107713,formal_m1_center_not_selected
stability,S003081,C078_QPP_N060_P140_A0_Q040,STATIONARY_QPP_PRESENT,0,6,3,VALID,-3.956853962533728,-1.5581891587462735,false,147.08145726314703,formal_m1_center_not_selected
stability,S003081,C078_QPP_N060_P140_A0_Q040,STATIONARY_QPP_PRESENT,0,7,3,VALID,-3.956853913462197,-1.5581891000903738,false,147.08349765570114,formal_m1_center_not_selected
stability,S003081,C078_QPP_N060_P140_A0_Q040,STATIONARY_QPP_PRESENT,0,8,3,VALID,-3.9568539305410013,-1.5581891278809508,false,147.08371440907365,formal_m1_center_not_selected
stability,S003081,C078_QPP_N060_P140_A0_Q040,STATIONARY_QPP_PRESENT,0,9,3,VALID,-3.9568539268030634,-1.558189124233536,false,147.08349239235397,formal_m1_center_not_selected
stability,S003121,C079_QPP_N060_P140_A1_Q010,STATIONARY_QPP_PRESENT,0,1,3,VALID,-9.46366476011437,-2.873486513922643,false,60.7285377730196,formal_m1_center_not_selected
stability,S003121,C079_QPP_N060_P140_A1_Q010,STATIONARY_QPP_PRESENT,0,2,3,VALID,-9.46366476055718,-2.873468845780053,false,60.72849941025924,formal_m1_center_not_selected
stability,S003121,C079_QPP_N060_P140_A1_Q010,STATIONARY_QPP_PRESENT,0,3,3,VALID,-9.46366476012804,-2.8734910209008433,false,60.7285395297076,formal_m1_center_not_selected
stability,S003121,C079_QPP_N060_P140_A1_Q010,STATIONARY_QPP_PRESENT,0,4,3,VALID,-9.463664760178176,-2.8734902668792017,false,60.72853870788895,formal_m1_center_not_selected
stability,S003121,C079_QPP_N060_P140_A1_Q010,STATIONARY_QPP_PRESENT,0,5,3,VALID,-9.463664760120679,-2.8734598906350755,false,60.72854738649788,formal_m1_center_not_selected
stability,S003121,C079_QPP_N060_P140_A1_Q010,STATIONARY_QPP_PRESENT,0,6,3,VALID,-9.463664761432312,-2.873491120293977,false,60.728523731489034,formal_m1_center_not_selected
stability,S003121,C079_QPP_N060_P140_A1_Q010,STATIONARY_QPP_PRESENT,0,7,3,VALID,-9.463664760417174,-2.8734917220931493,false,60.72850380648624,formal_m1_center_not_selected
stability,S003121,C079_QPP_N060_P140_A1_Q010,STATIONARY_QPP_PRESENT,0,8,3,VALID,-9.463664760865385,-2.8734884491939283,false,60.728584133516044,formal_m1_center_not_selected
stability,S003121,C079_QPP_N060_P140_A1_Q010,STATIONARY_QPP_PRESENT,0,9,3,VALID,-9.463664762471836,-2.8734882641383876,false,60.72853843703107,formal_m1_center_not_selected
stability,S003161,C080_QPP_N060_P140_A1_Q020,STATIONARY_QPP_PRESENT,0,1,3,VALID,-9.379247346413905,-2.8057464355176194,false,60.72053703170815,formal_m1_center_not_selected
stability,S003161,C080_QPP_N060_P140_A1_Q020,STATIONARY_QPP_PRESENT,0,2,3,VALID,-9.37924734472557,-2.8045801230896643,false,60.720419411370784,formal_m1_center_not_selected
stability,S003161,C080_QPP_N060_P140_A1_Q020,STATIONARY_QPP_PRESENT,0,3,3,VALID,-9.379247344778008,-2.80575087593337,false,60.72039760348941,formal_m1_center_not_selected
stability,S003161,C080_QPP_N060_P140_A1_Q020,STATIONARY_QPP_PRESENT,0,4,3,VALID,-9.379247344723893,-2.8057460347137635,false,60.72042133887033,formal_m1_center_not_selected
stability,S003161,C080_QPP_N060_P140_A1_Q020,STATIONARY_QPP_PRESENT,0,5,3,VALID,-9.379247344730317,-2.8057485868098695,false,60.720427971441985,formal_m1_center_not_selected
stability,S003161,C080_QPP_N060_P140_A1_Q020,STATIONARY_QPP_PRESENT,0,6,3,VALID,-9.3792473447904,-2.805750770383554,false,60.720404570439335,formal_m1_center_not_selected
stability,S003161,C080_QPP_N060_P140_A1_Q020,STATIONARY_QPP_PRESENT,0,7,3,VALID,-9.379247344759392,-2.8057129396327696,false,60.72043627803527,formal_m1_center_not_selected
stability,S003161,C080_QPP_N060_P140_A1_Q020,STATIONARY_QPP_PRESENT,0,8,3,VALID,-9.379247344950613,-2.8057472760424673,false,60.7204214848551,formal_m1_center_not_selected
stability,S003161,C080_QPP_N060_P140_A1_Q020,STATIONARY_QPP_PRESENT,0,9,3,VALID,-9.379247344739184,-2.8057501798679425,false,60.720412665335566,formal_m1_center_not_selected
stability,S003201,C081_QPP_N060_P140_A1_Q040,STATIONARY_QPP_PRESENT,0,1,3,VALID,-9.347269592186933,-2.7963040092541007,false,60.72049768539366,formal_m1_center_not_selected
stability,S003201,C081_QPP_N060_P140_A1_Q040,STATIONARY_QPP_PRESENT,0,2,3,VALID,-9.347269592637304,-2.796287133599691,false,60.72047530826179,formal_m1_center_not_selected
stability,S003201,C081_QPP_N060_P140_A1_Q040,STATIONARY_QPP_PRESENT,0,3,3,VALID,-9.347269593197183,-2.7962646510800084,false,60.72041187980056,formal_m1_center_not_selected
stability,S003201,C081_QPP_N060_P140_A1_Q040,STATIONARY_QPP_PRESENT,0,4,3,VALID,-9.347269592382588,-2.7963079508285205,false,60.72050176713046,formal_m1_center_not_selected
stability,S003201,C081_QPP_N060_P140_A1_Q040,STATIONARY_QPP_PRESENT,0,5,3,VALID,-9.347269592481268,-2.7956893120100403,false,60.72044706724193,formal_m1_center_not_selected
stability,S003201,C081_QPP_N060_P140_A1_Q040,STATIONARY_QPP_PRESENT,0,6,3,VALID,-9.34726959226984,-2.7963090057567968,false,60.720494433537674,formal_m1_center_not_selected
stability,S003201,C081_QPP_N060_P140_A1_Q040,STATIONARY_QPP_PRESENT,0,7,3,VALID,-9.347269592159705,-2.787465066814434,false,60.720490734895975,formal_m1_center_not_selected
stability,S003201,C081_QPP_N060_P140_A1_Q040,STATIONARY_QPP_PRESENT,0,8,3,VALID,-9.347269592225672,-2.7963057698316334,false,60.72048989018188,formal_m1_center_not_selected
stability,S003201,C081_QPP_N060_P140_A1_Q040,STATIONARY_QPP_PRESENT,0,9,3,VALID,-9.347269592154532,-2.796308380954599,false,60.720489406160375,formal_m1_center_not_selected
stability,S003241,C082_QPP_N060_P140_A2_Q010,STATIONARY_QPP_PRESENT,0,1,3,VALID,-9.453900090155713,-2.944542447640117,false,45.023857313236185,formal_m1_center_not_selected
stability,S003241,C082_QPP_N060_P140_A2_Q010,STATIONARY_QPP_PRESENT,0,2,3,VALID,-9.45390008679422,-2.913287278192655,false,45.02386171092061,formal_m1_center_not_selected
stability,S003241,C082_QPP_N060_P140_A2_Q010,STATIONARY_QPP_PRESENT,0,3,3,VALID,-9.453900085193823,-2.926728729396501,false,45.02384509381426,formal_m1_center_not_selected
stability,S003241,C082_QPP_N060_P140_A2_Q010,STATIONARY_QPP_PRESENT,0,4,3,VALID,-9.453900089843103,-2.9134450492535393,false,45.02383459166994,formal_m1_center_not_selected
stability,S003241,C082_QPP_N060_P140_A2_Q010,STATIONARY_QPP_PRESENT,0,5,3,VALID,-9.45390008772813,-2.913451056715388,false,45.02385623371973,formal_m1_center_not_selected
stability,S003241,C082_QPP_N060_P140_A2_Q010,STATIONARY_QPP_PRESENT,0,6,3,VALID,-9.453900100936153,-2.9134540113142577,false,45.02365041980557,formal_m1_center_not_selected
stability,S003241,C082_QPP_N060_P140_A2_Q010,STATIONARY_QPP_PRESENT,0,7,3,VALID,-9.453900239446455,-2.94448897910533,false,45.023863309814054,formal_m1_center_not_selected
stability,S003241,C082_QPP_N060_P140_A2_Q010,STATIONARY_QPP_PRESENT,0,8,3,VALID,-9.453900085330986,-2.9444157081367734,false,45.02384905843716,formal_m1_center_not_selected
stability,S003241,C082_QPP_N060_P140_A2_Q010,STATIONARY_QPP_PRESENT,0,9,3,VALID,-9.4539000881704,-2.944286847076455,false,45.02392042811196,formal_m1_center_not_selected
stability,S003281,C083_QPP_N060_P140_A2_Q020,STATIONARY_QPP_PRESENT,0,1,3,VALID,-9.085516513085537,-2.631516027673058,false,124.38444527619825,formal_m1_center_not_selected
stability,S003281,C083_QPP_N060_P140_A2_Q020,STATIONARY_QPP_PRESENT,0,2,3,VALID,-9.085516513315781,-2.6006928537000817,false,124.38454418722361,formal_m1_center_not_selected
stability,S003281,C083_QPP_N060_P140_A2_Q020,STATIONARY_QPP_PRESENT,0,3,3,VALID,-9.085516530177529,-2.592670204934734,false,124.38444515751289,formal_m1_center_not_selected
stability,S003281,C083_QPP_N060_P140_A2_Q020,STATIONARY_QPP_PRESENT,0,4,3,VALID,-9.085516544931323,-2.631474953231475,false,124.38449081384638,formal_m1_center_not_selected
stability,S003281,C083_QPP_N060_P140_A2_Q020,STATIONARY_QPP_PRESENT,0,5,3,VALID,-9.085516521190982,-2.631568860710331,false,124.38416000645044,formal_m1_center_not_selected
stability,S003281,C083_QPP_N060_P140_A2_Q020,STATIONARY_QPP_PRESENT,0,6,3,VALID,-9.08551651453945,-2.6315688527343752,false,124.38426133469919,formal_m1_center_not_selected
stability,S003281,C083_QPP_N060_P140_A2_Q020,STATIONARY_QPP_PRESENT,0,7,3,VALID,-9.08551651407194,-2.6315688419300898,false,124.38427079098425,formal_m1_center_not_selected
stability,S003281,C083_QPP_N060_P140_A2_Q020,STATIONARY_QPP_PRESENT,0,8,3,VALID,-9.085516513169154,-2.6022563715994806,false,124.38429361898588,formal_m1_center_not_selected
stability,S003281,C083_QPP_N060_P140_A2_Q020,STATIONARY_QPP_PRESENT,0,9,3,VALID,-9.085516513424466,-2.631568424565671,false,124.38438484158002,formal_m1_center_not_selected
stability,S003321,C084_QPP_N060_P140_A2_Q040,STATIONARY_QPP_PRESENT,0,1,3,VALID,-7.219772149973096,-1.3558375592997436,false,125.72687642217166,formal_m1_center_not_selected
stability,S003321,C084_QPP_N060_P140_A2_Q040,STATIONARY_QPP_PRESENT,0,2,3,VALID,-7.219772163972095,-1.3558317025508586,false,125.7271969257499,formal_m1_center_not_selected
stability,S003321,C084_QPP_N060_P140_A2_Q040,STATIONARY_QPP_PRESENT,0,3,3,VALID,-7.219772153168236,-0.7599244559319516,false,125.72731910654498,formal_m1_center_not_selected
stability,S003321,C084_QPP_N060_P140_A2_Q040,STATIONARY_QPP_PRESENT,0,4,3,VALID,-7.219772158218291,-1.3558416296930886,false,125.72697524666074,formal_m1_center_not_selected
stability,S003321,C084_QPP_N060_P140_A2_Q040,STATIONARY_QPP_PRESENT,0,5,3,VALID,-7.2197721535344215,-1.355841674037265,false,125.72737329576286,formal_m1_center_not_selected
stability,S003321,C084_QPP_N060_P140_A2_Q040,STATIONARY_QPP_PRESENT,0,6,3,VALID,-7.21977214740312,-1.3556766413294952,false,125.72726244732019,formal_m1_center_not_selected
stability,S003321,C084_QPP_N060_P140_A2_Q040,STATIONARY_QPP_PRESENT,0,7,3,VALID,-7.219772147044182,-1.3558340900838743,false,125.72712672577892,formal_m1_center_not_selected
stability,S003321,C084_QPP_N060_P140_A2_Q040,STATIONARY_QPP_PRESENT,0,8,3,VALID,-7.219772149311183,-1.3464293640566325,false,125.72726762617516,formal_m1_center_not_selected
stability,S003321,C084_QPP_N060_P140_A2_Q040,STATIONARY_QPP_PRESENT,0,9,3,VALID,-7.219772146516618,-1.3555126136056685,false,125.72726063759373,formal_m1_center_not_selected
stability,S003361,C085_QPP_N120_P050_A0_Q010,STATIONARY_QPP_PRESENT,0,1,3,VALID,-10.39367368563444,-3.7729876232810966,false,40.0,formal_m1_center_not_selected
stability,S003361,C085_QPP_N120_P050_A0_Q010,STATIONARY_QPP_PRESENT,0,2,3,VALID,-10.393673685116141,-3.772987705540345,false,40.0,formal_m1_center_not_selected
stability,S003361,C085_QPP_N120_P050_A0_Q010,STATIONARY_QPP_PRESENT,0,3,3,VALID,-10.393673685883755,-2.731453096542168,false,40.0,formal_m1_center_not_selected
stability,S003361,C085_QPP_N120_P050_A0_Q010,STATIONARY_QPP_PRESENT,0,4,3,VALID,-10.393673684690725,-3.772987677453557,false,40.0,formal_m1_center_not_selected
stability,S003361,C085_QPP_N120_P050_A0_Q010,STATIONARY_QPP_PRESENT,0,5,3,VALID,-10.39367368516912,-3.7729875653810723,false,40.0,formal_m1_center_not_selected
stability,S003361,C085_QPP_N120_P050_A0_Q010,STATIONARY_QPP_PRESENT,0,6,3,VALID,-10.393673684758937,-3.7616982126213543,false,40.0,formal_m1_center_not_selected
stability,S003361,C085_QPP_N120_P050_A0_Q010,STATIONARY_QPP_PRESENT,0,7,3,VALID,-10.393673684810778,-3.772987703708054,false,40.0,formal_m1_center_not_selected
stability,S003361,C085_QPP_N120_P050_A0_Q010,STATIONARY_QPP_PRESENT,0,8,3,VALID,-10.393673687076102,-3.77298756135076,false,40.0,formal_m1_center_not_selected
stability,S003361,C085_QPP_N120_P050_A0_Q010,STATIONARY_QPP_PRESENT,0,9,3,VALID,-10.393673685056683,-3.7729876918547234,false,40.0,formal_m1_center_not_selected
stability,S003401,C086_QPP_N120_P050_A0_Q020,STATIONARY_QPP_PRESENT,0,1,3,VALID,-4.236732151917295,1.122627107720291,false,50.00486240956535,formal_m1_center_not_selected
stability,S003401,C086_QPP_N120_P050_A0_Q020,STATIONARY_QPP_PRESENT,0,2,3,VALID,-4.236732151922411,3.291958414482906,false,50.00485608420981,formal_m1_center_not_selected
stability,S003401,C086_QPP_N120_P050_A0_Q020,STATIONARY_QPP_PRESENT,0,3,3,VALID,-4.236732153931484,1.122627643988153,false,50.00484601825505,formal_m1_center_not_selected
stability,S003401,C086_QPP_N120_P050_A0_Q020,STATIONARY_QPP_PRESENT,0,4,3,VALID,-4.23673215179565,1.122627098672865,false,50.00485483291099,formal_m1_center_not_selected
stability,S003401,C086_QPP_N120_P050_A0_Q020,STATIONARY_QPP_PRESENT,0,5,3,VALID,-4.236732151897968,1.1226271422456193,false,50.00485178347522,formal_m1_center_not_selected
stability,S003401,C086_QPP_N120_P050_A0_Q020,STATIONARY_QPP_PRESENT,0,6,3,VALID,-4.2367321528009825,1.1226271124702407,false,50.00485166533543,formal_m1_center_not_selected
stability,S003401,C086_QPP_N120_P050_A0_Q020,STATIONARY_QPP_PRESENT,0,7,3,VALID,-4.23673215359247,1.1226270968097651,false,50.00486190579312,formal_m1_center_not_selected
stability,S003401,C086_QPP_N120_P050_A0_Q020,STATIONARY_QPP_PRESENT,0,8,3,VALID,-4.236732152851459,1.1226271202937141,false,50.00485082885093,formal_m1_center_not_selected
stability,S003401,C086_QPP_N120_P050_A0_Q020,STATIONARY_QPP_PRESENT,0,9,3,VALID,-4.236732152018362,1.1226271017378622,false,50.00485306298947,formal_m1_center_not_selected
stability,S003441,C087_QPP_N120_P050_A0_Q040,STATIONARY_QPP_PRESENT,0,1,3,VALID,28.947380093468496,33.321007147745604,true,50.06055253818787,recovered_period_selected
stability,S003441,C087_QPP_N120_P050_A0_Q040,STATIONARY_QPP_PRESENT,0,2,3,VALID,28.947380093368906,33.66642178652387,true,50.06055567701164,recovered_period_selected
stability,S003441,C087_QPP_N120_P050_A0_Q040,STATIONARY_QPP_PRESENT,0,3,3,VALID,28.947380093182574,36.52063848976411,true,50.06056039558493,recovered_period_selected
stability,S003441,C087_QPP_N120_P050_A0_Q040,STATIONARY_QPP_PRESENT,0,4,3,VALID,28.947380093491915,33.32100714519038,true,50.06055422968551,recovered_period_selected
stability,S003441,C087_QPP_N120_P050_A0_Q040,STATIONARY_QPP_PRESENT,0,5,3,VALID,28.94738008906404,33.32100714119542,true,50.06057658528957,recovered_period_selected
stability,S003441,C087_QPP_N120_P050_A0_Q040,STATIONARY_QPP_PRESENT,0,6,3,VALID,28.94738009264006,34.458876460459805,true,50.06056687367657,recovered_period_selected
stability,S003441,C087_QPP_N120_P050_A0_Q040,STATIONARY_QPP_PRESENT,0,7,3,VALID,28.947380092748972,33.321007181598475,true,50.06055477124456,recovered_period_selected
stability,S003441,C087_QPP_N120_P050_A0_Q040,STATIONARY_QPP_PRESENT,0,8,3,VALID,28.947380091843797,33.32100756585669,true,50.060542866745884,recovered_period_selected
stability,S003441,C087_QPP_N120_P050_A0_Q040,STATIONARY_QPP_PRESENT,0,9,3,VALID,28.947380093464062,33.32100714976593,true,50.06055404221852,recovered_period_selected
stability,S003481,C088_QPP_N120_P050_A1_Q010,STATIONARY_QPP_PRESENT,0,1,3,VALID,9.448541671014823,13.433111414587643,false,51.527511265122236,formal_m1_center_not_selected
stability,S003481,C088_QPP_N120_P050_A1_Q010,STATIONARY_QPP_PRESENT,0,2,3,VALID,9.448541671009593,13.433109041407192,false,51.52750152981606,formal_m1_center_not_selected
stability,S003481,C088_QPP_N120_P050_A1_Q010,STATIONARY_QPP_PRESENT,0,3,3,VALID,9.448541669198335,15.78462916451349,false,51.52750091681078,formal_m1_center_not_selected
stability,S003481,C088_QPP_N120_P050_A1_Q010,STATIONARY_QPP_PRESENT,0,4,3,VALID,9.448541670644204,13.433109508707162,false,51.527490666658316,formal_m1_center_not_selected
stability,S003481,C088_QPP_N120_P050_A1_Q010,STATIONARY_QPP_PRESENT,0,5,3,VALID,9.448541670008694,13.433109625260386,false,51.52748550295344,formal_m1_center_not_selected
stability,S003481,C088_QPP_N120_P050_A1_Q010,STATIONARY_QPP_PRESENT,0,6,3,VALID,9.448541669980045,15.784628499920473,false,51.527507705184505,formal_m1_center_not_selected
stability,S003481,C088_QPP_N120_P050_A1_Q010,STATIONARY_QPP_PRESENT,0,7,3,VALID,9.448541664101413,13.433110626521398,false,51.52755035208124,formal_m1_center_not_selected
stability,S003481,C088_QPP_N120_P050_A1_Q010,STATIONARY_QPP_PRESENT,0,8,3,VALID,9.448541671040289,13.43310965775072,false,51.527497219645596,formal_m1_center_not_selected
stability,S003481,C088_QPP_N120_P050_A1_Q010,STATIONARY_QPP_PRESENT,0,9,3,VALID,9.448541670634654,13.43311219884174,false,51.52749568169965,formal_m1_center_not_selected
stability,S003521,C089_QPP_N120_P050_A1_Q020,STATIONARY_QPP_PRESENT,0,1,3,VALID,40.47859986220169,42.50083855878859,true,51.29104694354806,recovered_period_selected
stability,S003521,C089_QPP_N120_P050_A1_Q020,STATIONARY_QPP_PRESENT,0,2,3,VALID,40.478599862208966,42.500839536079866,true,51.291045173366314,recovered_period_selected
stability,S003521,C089_QPP_N120_P050_A1_Q020,STATIONARY_QPP_PRESENT,0,3,3,VALID,40.47859986192907,47.04367550650625,true,51.29105732837606,recovered_period_selected
stability,S003521,C089_QPP_N120_P050_A1_Q020,STATIONARY_QPP_PRESENT,0,4,3,VALID,40.47859986165156,42.50083910517321,true,51.29103877826512,recovered_period_selected
stability,S003521,C089_QPP_N120_P050_A1_Q020,STATIONARY_QPP_PRESENT,0,5,3,VALID,40.47859985753382,42.50083931067354,true,51.291031002591396,recovered_period_selected
stability,S003521,C089_QPP_N120_P050_A1_Q020,STATIONARY_QPP_PRESENT,0,6,3,VALID,40.478599861696125,44.073670023118325,true,51.29104910199538,recovered_period_selected
stability,S003521,C089_QPP_N120_P050_A1_Q020,STATIONARY_QPP_PRESENT,0,7,3,VALID,40.47859986220783,42.50084071964022,true,51.2910478710879,recovered_period_selected
stability,S003521,C089_QPP_N120_P050_A1_Q020,STATIONARY_QPP_PRESENT,0,8,3,VALID,40.47859986180322,42.50083837485249,true,51.29104360431228,recovered_period_selected
stability,S003521,C089_QPP_N120_P050_A1_Q020,STATIONARY_QPP_PRESENT,0,9,3,VALID,40.478599862139504,42.50084124630462,true,51.29104378449961,recovered_period_selected
stability,S003561,C090_QPP_N120_P050_A1_Q040,STATIONARY_QPP_PRESENT,0,1,3,VALID,89.66289573722281,93.09931285321306,true,51.078056453876584,recovered_period_selected
stability,S003561,C090_QPP_N120_P050_A1_Q040,STATIONARY_QPP_PRESENT,0,2,3,VALID,89.66289573718564,93.09931287513655,true,51.078055775832475,recovered_period_selected
stability,S003561,C090_QPP_N120_P050_A1_Q040,STATIONARY_QPP_PRESENT,0,3,3,VALID,89.6628957371945,96.89784999260064,true,51.07805604959509,recovered_period_selected
stability,S003561,C090_QPP_N120_P050_A1_Q040,STATIONARY_QPP_PRESENT,0,4,3,VALID,89.66289573719018,93.09931285146945,true,51.078056424345164,recovered_period_selected
stability,S003561,C090_QPP_N120_P050_A1_Q040,STATIONARY_QPP_PRESENT,0,5,3,VALID,89.66289573710594,94.39173061997076,true,51.07805703544771,recovered_period_selected
stability,S003561,C090_QPP_N120_P050_A1_Q040,STATIONARY_QPP_PRESENT,0,6,3,VALID,89.6628957369253,95.00315496017106,true,51.078056192887786,recovered_period_selected
stability,S003561,C090_QPP_N120_P050_A1_Q040,STATIONARY_QPP_PRESENT,0,7,3,VALID,89.66289573719575,93.09931285085827,true,51.07805626904387,recovered_period_selected
stability,S003561,C090_QPP_N120_P050_A1_Q040,STATIONARY_QPP_PRESENT,0,8,3,VALID,89.6628957372127,93.09931284959453,true,51.07805770583445,recovered_period_selected
stability,S003561,C090_QPP_N120_P050_A1_Q040,STATIONARY_QPP_PRESENT,0,9,3,VALID,89.66289573719303,93.09931285105051,true,51.07805678631949,recovered_period_selected
stability,S003601,C091_QPP_N120_P050_A2_Q010,STATIONARY_QPP_PRESENT,0,1,3,VALID,6.745732438434516,12.72211297663057,false,48.975893860119136,formal_m1_center_not_selected
stability,S003601,C091_QPP_N120_P050_A2_Q010,STATIONARY_QPP_PRESENT,0,2,3,VALID,6.745732436967273,12.808208607282495,false,48.97588189712688,formal_m1_center_not_selected
stability,S003601,C091_QPP_N120_P050_A2_Q010,STATIONARY_QPP_PRESENT,0,3,3,VALID,6.745732438428149,13.399033587084205,false,48.97589440525586,formal_m1_center_not_selected
stability,S003601,C091_QPP_N120_P050_A2_Q010,STATIONARY_QPP_PRESENT,0,4,3,VALID,6.745732437909965,12.808208300245383,false,48.975896005509725,formal_m1_center_not_selected
stability,S003601,C091_QPP_N120_P050_A2_Q010,STATIONARY_QPP_PRESENT,0,5,3,VALID,6.745732438429286,12.808208309050656,false,48.9758936830105,formal_m1_center_not_selected
stability,S003601,C091_QPP_N120_P050_A2_Q010,STATIONARY_QPP_PRESENT,0,6,3,VALID,6.745732437962943,12.8082083075127,false,48.975899085142494,formal_m1_center_not_selected
stability,S003601,C091_QPP_N120_P050_A2_Q010,STATIONARY_QPP_PRESENT,0,7,3,VALID,6.745732434014599,12.808208378090967,false,48.97591645681766,formal_m1_center_not_selected
stability,S003601,C091_QPP_N120_P050_A2_Q010,STATIONARY_QPP_PRESENT,0,8,3,VALID,6.745732435026298,12.80820856045625,false,48.97585361078185,formal_m1_center_not_selected
stability,S003601,C091_QPP_N120_P050_A2_Q010,STATIONARY_QPP_PRESENT,0,9,3,VALID,6.74573243829559,12.808208318652646,false,48.97589328342918,formal_m1_center_not_selected
stability,S003641,C092_QPP_N120_P050_A2_Q020,STATIONARY_QPP_PRESENT,0,1,3,VALID,44.719252194893556,48.41263431359994,true,49.46199558201472,recovered_period_selected
stability,S003641,C092_QPP_N120_P050_A2_Q020,STATIONARY_QPP_PRESENT,0,2,3,VALID,44.71925219493755,48.424960028162786,true,49.46199295907463,recovered_period_selected
stability,S003641,C092_QPP_N120_P050_A2_Q020,STATIONARY_QPP_PRESENT,0,3,3,VALID,44.719252194930846,51.42100929205674,true,49.46199621106013,recovered_period_selected
stability,S003641,C092_QPP_N120_P050_A2_Q020,STATIONARY_QPP_PRESENT,0,4,3,VALID,44.719252194725755,48.406825850528435,true,49.461997569547144,recovered_period_selected
stability,S003641,C092_QPP_N120_P050_A2_Q020,STATIONARY_QPP_PRESENT,0,5,3,VALID,44.71925219469222,48.40682584705462,true,49.46199299064574,recovered_period_selected
stability,S003641,C092_QPP_N120_P050_A2_Q020,STATIONARY_QPP_PRESENT,0,6,3,VALID,44.719252194813635,48.4249601882633,true,49.461996280399894,recovered_period_selected
stability,S003641,C092_QPP_N120_P050_A2_Q020,STATIONARY_QPP_PRESENT,0,7,3,VALID,44.71925219493062,48.40682594145653,true,49.461997593627245,recovered_period_selected
stability,S003641,C092_QPP_N120_P050_A2_Q020,STATIONARY_QPP_PRESENT,0,8,3,VALID,44.71925219457137,48.40682584561182,true,49.46200443425866,recovered_period_selected
stability,S003641,C092_QPP_N120_P050_A2_Q020,STATIONARY_QPP_PRESENT,0,9,3,VALID,44.719252194921864,48.41263433547431,true,49.46199747605803,recovered_period_selected
stability,S003681,C093_QPP_N120_P050_A2_Q040,STATIONARY_QPP_PRESENT,0,1,3,VALID,102.7038186182441,106.21055255944634,true,49.67822180440553,recovered_period_selected
stability,S003681,C093_QPP_N120_P050_A2_Q040,STATIONARY_QPP_PRESENT,0,2,3,VALID,102.70381861095007,106.37170347946869,true,49.678206128380765,recovered_period_selected
stability,S003681,C093_QPP_N120_P050_A2_Q040,STATIONARY_QPP_PRESENT,0,3,3,VALID,102.70381861841042,106.37170370114268,true,49.678229506628675,recovered_period_selected
stability,S003681,C093_QPP_N120_P050_A2_Q040,STATIONARY_QPP_PRESENT,0,4,3,VALID,102.70381861820943,106.37170314964703,true,49.67822502014032,recovered_period_selected
stability,S003681,C093_QPP_N120_P050_A2_Q040,STATIONARY_QPP_PRESENT,0,5,3,VALID,102.70381861825683,106.37170315217122,true,49.678223745198814,recovered_period_selected
stability,S003681,C093_QPP_N120_P050_A2_Q040,STATIONARY_QPP_PRESENT,0,6,3,VALID,102.70381861836245,106.21055209755889,true,49.67823013256138,recovered_period_selected
stability,S003681,C093_QPP_N120_P050_A2_Q040,STATIONARY_QPP_PRESENT,0,7,3,VALID,102.70381861786677,106.21055210493967,true,49.6782316023123,recovered_period_selected
stability,S003681,C093_QPP_N120_P050_A2_Q040,STATIONARY_QPP_PRESENT,0,8,3,VALID,102.70381861817384,106.21055210130157,true,49.67822781330306,recovered_period_selected
stability,S003681,C093_QPP_N120_P050_A2_Q040,STATIONARY_QPP_PRESENT,0,9,3,VALID,102.70381861833812,106.37170317828156,true,49.67822810256756,recovered_period_selected
stability,S003721,C094_QPP_N120_P080_A0_Q010,STATIONARY_QPP_PRESENT,0,1,3,VALID,-10.006620358480177,-2.316996557747757,false,40.0,formal_m1_center_not_selected
stability,S003721,C094_QPP_N120_P080_A0_Q010,STATIONARY_QPP_PRESENT,0,2,3,VALID,-10.00662035905441,-1.9387494012211164,false,40.0,formal_m1_center_not_selected
stability,S003721,C094_QPP_N120_P080_A0_Q010,STATIONARY_QPP_PRESENT,0,3,3,VALID,-10.006620360542115,-1.9637939021523607,false,40.0,formal_m1_center_not_selected
stability,S003721,C094_QPP_N120_P080_A0_Q010,STATIONARY_QPP_PRESENT,0,4,3,VALID,-10.006620358676287,-2.3169964461942527,false,40.0,formal_m1_center_not_selected
stability,S003721,C094_QPP_N120_P080_A0_Q010,STATIONARY_QPP_PRESENT,0,5,3,VALID,-10.00662035854009,-1.963792802855778,false,40.0,formal_m1_center_not_selected
stability,S003721,C094_QPP_N120_P080_A0_Q010,STATIONARY_QPP_PRESENT,0,6,3,VALID,-10.006620358973464,-2.1843432756000993,false,40.0,formal_m1_center_not_selected
stability,S003721,C094_QPP_N120_P080_A0_Q010,STATIONARY_QPP_PRESENT,0,7,3,VALID,-10.006620358700957,-2.3169829852450903,false,40.0,formal_m1_center_not_selected
stability,S003721,C094_QPP_N120_P080_A0_Q010,STATIONARY_QPP_PRESENT,0,8,3,VALID,-10.006620358625355,-2.3169968709590876,false,40.0,formal_m1_center_not_selected
stability,S003721,C094_QPP_N120_P080_A0_Q010,STATIONARY_QPP_PRESENT,0,9,3,VALID,-10.006620358955047,-2.316993022094607,false,40.0,formal_m1_center_not_selected
stability,S003761,C095_QPP_N120_P080_A0_Q020,STATIONARY_QPP_PRESENT,0,1,3,VALID,1.322321136153164,7.158527226649198,false,80.80603232421235,formal_m1_center_not_selected
stability,S003761,C095_QPP_N120_P080_A0_Q020,STATIONARY_QPP_PRESENT,0,2,3,VALID,1.3223211356323645,7.158522603311781,false,80.80603019303761,formal_m1_center_not_selected
stability,S003761,C095_QPP_N120_P080_A0_Q020,STATIONARY_QPP_PRESENT,0,3,3,VALID,1.3223211327996296,7.2089956757929485,false,80.80608736965095,formal_m1_center_not_selected
stability,S003761,C095_QPP_N120_P080_A0_Q020,STATIONARY_QPP_PRESENT,0,4,3,VALID,1.3223204531375359,7.158521319503507,false,80.80767966292282,formal_m1_center_not_selected
stability,S003761,C095_QPP_N120_P080_A0_Q020,STATIONARY_QPP_PRESENT,0,5,3,VALID,1.3223211375459414,7.158882149160149,false,80.80605432315069,formal_m1_center_not_selected
stability,S003761,C095_QPP_N120_P080_A0_Q020,STATIONARY_QPP_PRESENT,0,6,3,VALID,1.322321113261296,7.158528510628457,false,80.80604625647494,formal_m1_center_not_selected
stability,S003761,C095_QPP_N120_P080_A0_Q020,STATIONARY_QPP_PRESENT,0,7,3,VALID,1.3223211291621055,7.158522478458735,false,80.8061482896969,formal_m1_center_not_selected
stability,S003761,C095_QPP_N120_P080_A0_Q020,STATIONARY_QPP_PRESENT,0,8,3,VALID,1.3223211377172674,7.158526423565718,false,80.80604326560699,formal_m1_center_not_selected
stability,S003761,C095_QPP_N120_P080_A0_Q020,STATIONARY_QPP_PRESENT,0,9,3,VALID,1.322321137658946,7.158562472095923,false,80.80604051269951,formal_m1_center_not_selected
stability,S003801,C096_QPP_N120_P080_A0_Q040,STATIONARY_QPP_PRESENT,0,1,3,VALID,40.83601320408809,39.6295860102573,true,81.30041473784611,recovered_period_selected
stability,S003801,C096_QPP_N120_P080_A0_Q040,STATIONARY_QPP_PRESENT,0,2,3,VALID,40.836013179053566,39.629584060405364,true,81.30030357098452,recovered_period_selected
stability,S003801,C096_QPP_N120_P080_A0_Q040,STATIONARY_QPP_PRESENT,0,3,3,VALID,40.83601320292837,39.62958521383848,true,81.3003726245562,recovered_period_selected
stability,S003801,C096_QPP_N120_P080_A0_Q040,STATIONARY_QPP_PRESENT,0,4,3,VALID,40.83601320424032,41.8201022715557,true,81.30041548561569,recovered_period_selected
stability,S003801,C096_QPP_N120_P080_A0_Q040,STATIONARY_QPP_PRESENT,0,5,3,VALID,40.83601320210789,39.62957860370227,true,81.30039894563012,recovered_period_selected
stability,S003801,C096_QPP_N120_P080_A0_Q040,STATIONARY_QPP_PRESENT,0,6,3,VALID,40.83601318850015,41.82011042288195,true,81.30051905536543,recovered_period_selected
stability,S003801,C096_QPP_N120_P080_A0_Q040,STATIONARY_QPP_PRESENT,0,7,3,VALID,40.83601320117964,39.62958260364417,true,81.30047318507783,recovered_period_selected
stability,S003801,C096_QPP_N120_P080_A0_Q040,STATIONARY_QPP_PRESENT,0,8,3,VALID,40.83601320368871,39.62958043517813,true,81.30040429781025,recovered_period_selected
stability,S003801,C096_QPP_N120_P080_A0_Q040,STATIONARY_QPP_PRESENT,0,9,3,VALID,40.836013201239666,39.629579360649586,true,81.3003806678332,recovered_period_selected
stability,S003841,C097_QPP_N120_P080_A1_Q010,STATIONARY_QPP_PRESENT,0,1,3,VALID,-5.9764726654902915,-0.22105765213746054,false,81.6237832668081,formal_m1_center_not_selected
stability,S003841,C097_QPP_N120_P080_A1_Q010,STATIONARY_QPP_PRESENT,0,2,3,VALID,-5.976472666679683,-0.22106140276730457,false,81.62372339891542,formal_m1_center_not_selected
stability,S003841,C097_QPP_N120_P080_A1_Q010,STATIONARY_QPP_PRESENT,0,3,3,VALID,-5.976472702221372,1.7519427347203873,false,81.62403407525017,formal_m1_center_not_selected
stability,S003841,C097_QPP_N120_P080_A1_Q010,STATIONARY_QPP_PRESENT,0,4,3,VALID,-5.976472787812895,-0.2210573219856542,false,81.62388685705604,formal_m1_center_not_selected
stability,S003841,C097_QPP_N120_P080_A1_Q010,STATIONARY_QPP_PRESENT,0,5,3,VALID,-5.976472666276095,-0.2210608318021059,false,81.6237160921023,formal_m1_center_not_selected
stability,S003841,C097_QPP_N120_P080_A1_Q010,STATIONARY_QPP_PRESENT,0,6,3,VALID,-5.976472708921619,-0.2210582561905312,false,81.62360611442229,formal_m1_center_not_selected
stability,S003841,C097_QPP_N120_P080_A1_Q010,STATIONARY_QPP_PRESENT,0,7,3,VALID,-5.976472684207806,-0.22106221573233142,false,81.62368980358681,formal_m1_center_not_selected
stability,S003841,C097_QPP_N120_P080_A1_Q010,STATIONARY_QPP_PRESENT,0,8,3,VALID,-5.976472665534516,-0.22105904396812548,false,81.62379624992593,formal_m1_center_not_selected
stability,S003841,C097_QPP_N120_P080_A1_Q010,STATIONARY_QPP_PRESENT,0,9,3,VALID,-5.9764728173897765,-0.2210564936974606,false,81.62454444526142,formal_m1_center_not_selected
stability,S003881,C098_QPP_N120_P080_A1_Q020,STATIONARY_QPP_PRESENT,0,1,3,VALID,15.521288970577984,14.969106079787366,true,81.59388238434282,recovered_period_selected
stability,S003881,C098_QPP_N120_P080_A1_Q020,STATIONARY_QPP_PRESENT,0,2,3,VALID,15.521288970558658,14.969113035206874,true,81.59388378152146,recovered_period_selected
stability,S003881,C098_QPP_N120_P080_A1_Q020,STATIONARY_QPP_PRESENT,0,3,3,VALID,15.52128897115017,14.969119388476543,true,81.593872729142,recovered_period_selected
stability,S003881,C098_QPP_N120_P080_A1_Q020,STATIONARY_QPP_PRESENT,0,4,3,VALID,15.521288912601449,14.96910694420751,true,81.59384867796504,recovered_period_selected
stability,S003881,C098_QPP_N120_P080_A1_Q020,STATIONARY_QPP_PRESENT,0,5,3,VALID,15.521288970492492,14.969106866286324,true,81.59388255211496,recovered_period_selected
stability,S003881,C098_QPP_N120_P080_A1_Q020,STATIONARY_QPP_PRESENT,0,6,3,VALID,15.521288963403094,14.969106437506866,true,81.59379171789072,recovered_period_selected
stability,S003881,C098_QPP_N120_P080_A1_Q020,STATIONARY_QPP_PRESENT,0,7,3,VALID,15.521288970570822,14.969107838116543,true,81.59388235652516,recovered_period_selected
stability,S003881,C098_QPP_N120_P080_A1_Q020,STATIONARY_QPP_PRESENT,0,8,3,VALID,15.52128895449539,14.969110305933441,true,81.59402349269979,recovered_period_selected
stability,S003881,C098_QPP_N120_P080_A1_Q020,STATIONARY_QPP_PRESENT,0,9,3,VALID,15.521288970419619,14.969110315085913,true,81.5938710928466,recovered_period_selected
stability,S003921,C099_QPP_N120_P080_A1_Q040,STATIONARY_QPP_PRESENT,0,1,3,VALID,74.00632493765386,47.18595854382829,true,81.31901126402114,recovered_period_selected
stability,S003921,C099_QPP_N120_P080_A1_Q040,STATIONARY_QPP_PRESENT,0,2,3,VALID,74.00632493850708,47.18595639461023,true,81.31902782752034,recovered_period_selected
stability,S003921,C099_QPP_N120_P080_A1_Q040,STATIONARY_QPP_PRESENT,0,3,3,VALID,74.00632491201623,47.18609392327551,true,81.3190727101695,recovered_period_selected
stability,S003921,C099_QPP_N120_P080_A1_Q040,STATIONARY_QPP_PRESENT,0,4,3,VALID,74.006324938553,47.18595652253839,true,81.31904773678161,recovered_period_selected
stability,S003921,C099_QPP_N120_P080_A1_Q040,STATIONARY_QPP_PRESENT,0,5,3,VALID,74.00632492754517,47.18595395033026,true,81.31906292402846,recovered_period_selected
stability,S003921,C099_QPP_N120_P080_A1_Q040,STATIONARY_QPP_PRESENT,0,6,3,VALID,74.00632493855812,47.18595384511298,true,81.31903830859864,recovered_period_selected
stability,S003921,C099_QPP_N120_P080_A1_Q040,STATIONARY_QPP_PRESENT,0,7,3,VALID,74.00632492619673,47.185956227499446,true,81.31906312099207,recovered_period_selected
stability,S003921,C099_QPP_N120_P080_A1_Q040,STATIONARY_QPP_PRESENT,0,8,3,VALID,74.00632493539013,47.18664135741824,true,81.3190467558992,recovered_period_selected
stability,S003921,C099_QPP_N120_P080_A1_Q040,STATIONARY_QPP_PRESENT,0,9,3,VALID,74.00632493863418,47.185954217813105,true,81.31903593104003,recovered_period_selected
stability,S003961,C100_QPP_N120_P080_A2_Q010,STATIONARY_QPP_PRESENT,0,1,3,VALID,-0.16980284408043644,4.7439523788679026,false,78.73550896622943,formal_m1_center_not_selected
stability,S003961,C100_QPP_N120_P080_A2_Q010,STATIONARY_QPP_PRESENT,0,2,3,VALID,-0.16980284414717062,7.470839193864549,false,78.73549462512739,formal_m1_center_not_selected
stability,S003961,C100_QPP_N120_P080_A2_Q010,STATIONARY_QPP_PRESENT,0,3,3,VALID,-0.1698028468387065,7.470897736845359,false,78.73550511666654,formal_m1_center_not_selected
stability,S003961,C100_QPP_N120_P080_A2_Q010,STATIONARY_QPP_PRESENT,0,4,3,VALID,-0.1698028668289453,4.743952354999806,false,78.73548540601061,formal_m1_center_not_selected
stability,S003961,C100_QPP_N120_P080_A2_Q010,STATIONARY_QPP_PRESENT,0,5,3,VALID,-0.16980284786620814,4.743952377200458,false,78.73551287762218,formal_m1_center_not_selected
stability,S003961,C100_QPP_N120_P080_A2_Q010,STATIONARY_QPP_PRESENT,0,6,3,VALID,-0.16980284758017206,4.743952378231143,false,78.7354971868493,formal_m1_center_not_selected
stability,S003961,C100_QPP_N120_P080_A2_Q010,STATIONARY_QPP_PRESENT,0,7,3,VALID,-0.16980284423425474,4.7439523959393455,false,78.73550353307269,formal_m1_center_not_selected
stability,S003961,C100_QPP_N120_P080_A2_Q010,STATIONARY_QPP_PRESENT,0,8,3,VALID,-0.16980284437136106,4.743952414090131,false,78.73551218697064,formal_m1_center_not_selected
stability,S003961,C100_QPP_N120_P080_A2_Q010,STATIONARY_QPP_PRESENT,0,9,3,VALID,-0.16980284451312855,5.470055387621073,false,78.73550159355655,formal_m1_center_not_selected
stability,S004001,C101_QPP_N120_P080_A2_Q020,STATIONARY_QPP_PRESENT,0,1,3,VALID,32.43246455225676,26.431911429518664,true,79.11356243532722,recovered_period_selected
stability,S004001,C101_QPP_N120_P080_A2_Q020,STATIONARY_QPP_PRESENT,0,2,3,VALID,32.43246455173119,26.431910964248118,true,79.1135984154348,recovered_period_selected
stability,S004001,C101_QPP_N120_P080_A2_Q020,STATIONARY_QPP_PRESENT,0,3,3,VALID,32.43246455239387,26.431913732087082,true,79.11358893442974,recovered_period_selected
stability,S004001,C101_QPP_N120_P080_A2_Q020,STATIONARY_QPP_PRESENT,0,4,3,VALID,32.43246449210449,26.431912833621254,true,79.11355870551166,recovered_period_selected
stability,S004001,C101_QPP_N120_P080_A2_Q020,STATIONARY_QPP_PRESENT,0,5,3,VALID,32.43246455198323,26.43191030640844,true,79.11362711322795,recovered_period_selected
stability,S004001,C101_QPP_N120_P080_A2_Q020,STATIONARY_QPP_PRESENT,0,6,3,VALID,32.432464525765226,26.431921483022165,true,79.11356759893,recovered_period_selected
stability,S004001,C101_QPP_N120_P080_A2_Q020,STATIONARY_QPP_PRESENT,0,7,3,VALID,32.43246455244412,26.431909670786467,true,79.11357218661372,recovered_period_selected
stability,S004001,C101_QPP_N120_P080_A2_Q020,STATIONARY_QPP_PRESENT,0,8,3,VALID,32.43246454987593,26.431910398457717,true,79.11362140240725,recovered_period_selected
stability,S004001,C101_QPP_N120_P080_A2_Q020,STATIONARY_QPP_PRESENT,0,9,3,VALID,32.43246455300016,26.431910981106398,true,79.11358769527448,recovered_period_selected
stability,S004041,C102_QPP_N120_P080_A2_Q040,STATIONARY_QPP_PRESENT,0,1,3,VALID,105.1525860370565,65.40340094601527,true,78.97108254827992,recovered_period_selected
stability,S004041,C102_QPP_N120_P080_A2_Q040,STATIONARY_QPP_PRESENT,0,2,3,VALID,105.15258604144901,65.40340096091586,true,78.97110148745008,recovered_period_selected
stability,S004041,C102_QPP_N120_P080_A2_Q040,STATIONARY_QPP_PRESENT,0,3,3,VALID,105.15258604224971,65.40340101770926,true,78.9710867137663,recovered_period_selected
stability,S004041,C102_QPP_N120_P080_A2_Q040,STATIONARY_QPP_PRESENT,0,4,3,VALID,105.15258604242365,65.40340094410556,true,78.97108458634561,recovered_period_selected
stability,S004041,C102_QPP_N120_P080_A2_Q040,STATIONARY_QPP_PRESENT,0,5,3,VALID,105.15258602095639,65.40340161178369,true,78.97101787857778,recovered_period_selected
stability,S004041,C102_QPP_N120_P080_A2_Q040,STATIONARY_QPP_PRESENT,0,6,3,VALID,105.15258603289601,65.40340093466114,true,78.9710352818555,recovered_period_selected
stability,S004041,C102_QPP_N120_P080_A2_Q040,STATIONARY_QPP_PRESENT,0,7,3,VALID,105.1525860422721,65.40340094826172,true,78.97108407620505,recovered_period_selected
stability,S004041,C102_QPP_N120_P080_A2_Q040,STATIONARY_QPP_PRESENT,0,8,3,VALID,105.15258603574819,65.40340093949692,true,78.97107988021601,recovered_period_selected
stability,S004041,C102_QPP_N120_P080_A2_Q040,STATIONARY_QPP_PRESENT,0,9,3,VALID,105.1525860416042,65.40340094337603,true,78.97110086499588,recovered_period_selected
stability,S004081,C103_QPP_N120_P140_A0_Q010,STATIONARY_QPP_PRESENT,0,1,3,VALID,-8.681144975072812,-2.0164140525564562,false,40.02373358616852,formal_m1_center_not_selected
stability,S004081,C103_QPP_N120_P140_A0_Q010,STATIONARY_QPP_PRESENT,0,2,3,VALID,-8.681144982669025,-1.8180054741714002,false,40.02372824455558,formal_m1_center_not_selected
stability,S004081,C103_QPP_N120_P140_A0_Q010,STATIONARY_QPP_PRESENT,0,3,3,VALID,-8.681145032196468,-0.9776264999924251,false,40.0231954471881,formal_m1_center_not_selected
stability,S004081,C103_QPP_N120_P140_A0_Q010,STATIONARY_QPP_PRESENT,0,4,3,VALID,-8.681144984677303,-2.01641436765874,false,40.024618934414036,formal_m1_center_not_selected
stability,S004081,C103_QPP_N120_P140_A0_Q010,STATIONARY_QPP_PRESENT,0,5,3,VALID,-8.681144981829789,-1.9889318097019668,false,40.02331928522648,formal_m1_center_not_selected
stability,S004081,C103_QPP_N120_P140_A0_Q010,STATIONARY_QPP_PRESENT,0,6,3,VALID,-8.68114497720262,-2.0135098870877073,false,40.02333717039466,formal_m1_center_not_selected
stability,S004081,C103_QPP_N120_P140_A0_Q010,STATIONARY_QPP_PRESENT,0,7,3,VALID,-8.681144995568616,-2.016414384792938,false,40.024995150318006,formal_m1_center_not_selected
stability,S004081,C103_QPP_N120_P140_A0_Q010,STATIONARY_QPP_PRESENT,0,8,3,VALID,-8.681144982091723,-2.016414141500036,false,40.02401249927453,formal_m1_center_not_selected
stability,S004081,C103_QPP_N120_P140_A0_Q010,STATIONARY_QPP_PRESENT,0,9,3,VALID,-8.68114501895252,-2.016242967193193,false,40.02522756862093,formal_m1_center_not_selected
stability,S004121,C104_QPP_N120_P140_A0_Q020,STATIONARY_QPP_PRESENT,0,1,3,VALID,-8.253812099110519,-2.2699125012807144,false,40.40021208603609,formal_m1_center_not_selected
stability,S004121,C104_QPP_N120_P140_A0_Q020,STATIONARY_QPP_PRESENT,0,2,3,VALID,-8.253812103416294,-2.2699120517214624,false,40.40011581124079,formal_m1_center_not_selected
stability,S004121,C104_QPP_N120_P140_A0_Q020,STATIONARY_QPP_PRESENT,0,3,3,VALID,-8.25381209842169,-0.7369158702614413,false,40.40017721470075,formal_m1_center_not_selected
stability,S004121,C104_QPP_N120_P140_A0_Q020,STATIONARY_QPP_PRESENT,0,4,3,VALID,-8.253812098544017,-2.269912517701073,false,40.40011079187332,formal_m1_center_not_selected
stability,S004121,C104_QPP_N120_P140_A0_Q020,STATIONARY_QPP_PRESENT,0,5,3,VALID,-8.253812098608364,-2.26991203981936,false,40.40029283351959,formal_m1_center_not_selected
stability,S004121,C104_QPP_N120_P140_A0_Q020,STATIONARY_QPP_PRESENT,0,6,3,VALID,-8.253812102282495,-2.2699125204826487,false,40.399844807786245,formal_m1_center_not_selected
stability,S004121,C104_QPP_N120_P140_A0_Q020,STATIONARY_QPP_PRESENT,0,7,3,VALID,-8.253812101203835,-2.2699125215373215,false,40.400028433882454,formal_m1_center_not_selected
stability,S004121,C104_QPP_N120_P140_A0_Q020,STATIONARY_QPP_PRESENT,0,8,3,VALID,-8.253812098760136,-2.2699124960345216,false,40.40012219806556,formal_m1_center_not_selected
stability,S004121,C104_QPP_N120_P140_A0_Q020,STATIONARY_QPP_PRESENT,0,9,3,VALID,-8.253812098538333,-2.269912498030635,false,40.400160383359314,formal_m1_center_not_selected
stability,S004161,C105_QPP_N120_P140_A0_Q040,STATIONARY_QPP_PRESENT,0,1,3,VALID,1.5155562586470523,1.133722146915261,false,144.805585562005,formal_m1_center_not_selected
stability,S004161,C105_QPP_N120_P140_A0_Q040,STATIONARY_QPP_PRESENT,0,2,3,VALID,1.5155562668161338,1.1337239578272147,false,144.80546099352688,formal_m1_center_not_selected
stability,S004161,C105_QPP_N120_P140_A0_Q040,STATIONARY_QPP_PRESENT,0,3,3,VALID,1.515556267916054,1.1357041748229904,false,144.8055301993187,formal_m1_center_not_selected
stability,S004161,C105_QPP_N120_P140_A0_Q040,STATIONARY_QPP_PRESENT,0,4,3,VALID,1.5155562652493018,1.1337216708874394,false,144.80569630059074,formal_m1_center_not_selected
stability,S004161,C105_QPP_N120_P140_A0_Q040,STATIONARY_QPP_PRESENT,0,5,3,VALID,1.5155562637951334,1.1337211997265513,false,144.80556947494205,formal_m1_center_not_selected
stability,S004161,C105_QPP_N120_P140_A0_Q040,STATIONARY_QPP_PRESENT,0,6,3,VALID,1.5155562539733864,1.2750633546295376,false,144.80513529058268,formal_m1_center_not_selected
stability,S004161,C105_QPP_N120_P140_A0_Q040,STATIONARY_QPP_PRESENT,0,7,3,VALID,1.5155562678395427,1.133721024484771,false,144.80552313705908,formal_m1_center_not_selected
stability,S004161,C105_QPP_N120_P140_A0_Q040,STATIONARY_QPP_PRESENT,0,8,3,VALID,1.5155562630731083,1.1337638460045127,false,144.80551247079373,formal_m1_center_not_selected
stability,S004161,C105_QPP_N120_P140_A0_Q040,STATIONARY_QPP_PRESENT,0,9,3,VALID,1.5155562509860374,1.1337242811063106,false,144.80586386967224,formal_m1_center_not_selected
stability,S004201,C106_QPP_N120_P140_A1_Q010,STATIONARY_QPP_PRESENT,0,1,3,VALID,-8.407659006258086,-3.2569566022297067,false,143.84669956992713,formal_m1_center_not_selected
stability,S004201,C106_QPP_N120_P140_A1_Q010,STATIONARY_QPP_PRESENT,0,2,3,VALID,-8.407659002436162,-3.2569549206687043,false,143.84672425972192,formal_m1_center_not_selected
stability,S004201,C106_QPP_N120_P140_A1_Q010,STATIONARY_QPP_PRESENT,0,3,3,VALID,-8.407659003262665,-1.3996193284165201,false,143.84676175731366,formal_m1_center_not_selected
stability,S004201,C106_QPP_N120_P140_A1_Q010,STATIONARY_QPP_PRESENT,0,4,3,VALID,-8.407659002363289,-3.2569592666728795,false,143.84674244891494,formal_m1_center_not_selected
stability,S004201,C106_QPP_N120_P140_A1_Q010,STATIONARY_QPP_PRESENT,0,5,3,VALID,-8.407659004527318,-3.2569584539394327,false,143.84675507146434,formal_m1_center_not_selected
stability,S004201,C106_QPP_N120_P140_A1_Q010,STATIONARY_QPP_PRESENT,0,6,3,VALID,-8.40765900695294,-3.256925153164957,false,143.84674972778768,formal_m1_center_not_selected
stability,S004201,C106_QPP_N120_P140_A1_Q010,STATIONARY_QPP_PRESENT,0,7,3,VALID,-8.40765900240342,-3.256958028230315,false,143.84672889683446,formal_m1_center_not_selected
stability,S004201,C106_QPP_N120_P140_A1_Q010,STATIONARY_QPP_PRESENT,0,8,3,VALID,-8.407659002390005,-3.256956025158729,false,143.84674095822118,formal_m1_center_not_selected
stability,S004201,C106_QPP_N120_P140_A1_Q010,STATIONARY_QPP_PRESENT,0,9,3,VALID,-8.407659004479683,-3.25695728190874,false,143.8465902907581,formal_m1_center_not_selected
stability,S004241,C107_QPP_N120_P140_A1_Q020,STATIONARY_QPP_PRESENT,0,1,3,VALID,0.37071351267559294,0.7207817897171935,false,143.25654802751257,formal_m1_center_not_selected
stability,S004241,C107_QPP_N120_P140_A1_Q020,STATIONARY_QPP_PRESENT,0,2,3,VALID,0.3707135127001493,0.7207789338691555,false,143.2565417141354,formal_m1_center_not_selected
stability,S004241,C107_QPP_N120_P140_A1_Q020,STATIONARY_QPP_PRESENT,0,3,3,VALID,0.3707135123314629,0.7207800591224895,false,143.25650193967977,formal_m1_center_not_selected
stability,S004241,C107_QPP_N120_P140_A1_Q020,STATIONARY_QPP_PRESENT,0,4,3,VALID,0.3707135119112763,0.7207787438841251,false,143.2566080972261,formal_m1_center_not_selected
stability,S004241,C107_QPP_N120_P140_A1_Q020,STATIONARY_QPP_PRESENT,0,5,3,VALID,0.37071351275938014,0.7207791349484296,false,143.256546936505,formal_m1_center_not_selected
stability,S004241,C107_QPP_N120_P140_A1_Q020,STATIONARY_QPP_PRESENT,0,6,3,VALID,0.3707135019369616,0.7207801033770238,false,143.25629938330832,formal_m1_center_not_selected
stability,S004241,C107_QPP_N120_P140_A1_Q020,STATIONARY_QPP_PRESENT,0,7,3,VALID,0.3707135127459651,0.7207797396747537,false,143.25656049001262,formal_m1_center_not_selected
stability,S004241,C107_QPP_N120_P140_A1_Q020,STATIONARY_QPP_PRESENT,0,8,3,VALID,0.370713510665837,0.72077807413757,false,143.2564505487656,formal_m1_center_not_selected
stability,S004241,C107_QPP_N120_P140_A1_Q020,STATIONARY_QPP_PRESENT,0,9,3,VALID,0.3707135123444232,0.7207779652022737,false,143.25656134539418,formal_m1_center_not_selected
stability,S004281,C108_QPP_N120_P140_A1_Q040,STATIONARY_QPP_PRESENT,0,1,3,VALID,24.69346570378559,9.864411182821755,false,142.73645307197071,formal_m1_center_not_selected
stability,S004281,C108_QPP_N120_P140_A1_Q040,STATIONARY_QPP_PRESENT,0,2,3,VALID,24.693465703823904,9.864409574123556,false,142.73652193737203,formal_m1_center_not_selected
stability,S004281,C108_QPP_N120_P140_A1_Q040,STATIONARY_QPP_PRESENT,0,3,3,VALID,24.69346570154721,9.864441826914003,false,142.73646833131895,formal_m1_center_not_selected
stability,S004281,C108_QPP_N120_P140_A1_Q040,STATIONARY_QPP_PRESENT,0,4,3,VALID,24.693465702106323,9.864408354068814,false,142.73653106850756,formal_m1_center_not_selected
stability,S004281,C108_QPP_N120_P140_A1_Q040,STATIONARY_QPP_PRESENT,0,5,3,VALID,24.69346569885704,9.864410683481537,false,142.73639105669062,formal_m1_center_not_selected
stability,S004281,C108_QPP_N120_P140_A1_Q040,STATIONARY_QPP_PRESENT,0,6,3,VALID,24.693465705741005,9.86442355391398,false,142.7364798203671,formal_m1_center_not_selected
stability,S004281,C108_QPP_N120_P140_A1_Q040,STATIONARY_QPP_PRESENT,0,7,3,VALID,24.693465704091295,9.86441242765261,false,142.73651407883725,formal_m1_center_not_selected
stability,S004281,C108_QPP_N120_P140_A1_Q040,STATIONARY_QPP_PRESENT,0,8,3,VALID,24.693465704728624,9.86441389568256,false,142.73652334668466,formal_m1_center_not_selected
stability,S004281,C108_QPP_N120_P140_A1_Q040,STATIONARY_QPP_PRESENT,0,9,3,VALID,24.69346572185691,9.864407368359366,false,142.736480735618,formal_m1_center_not_selected
stability,S004321,C109_QPP_N120_P140_A2_Q010,STATIONARY_QPP_PRESENT,0,1,3,VALID,-11.773762304212482,-4.19021941067524,false,43.77135431059456,formal_m1_center_not_selected
stability,S004321,C109_QPP_N120_P140_A2_Q010,STATIONARY_QPP_PRESENT,0,2,3,VALID,-11.77376287978666,-4.193708669206671,false,43.77132935582067,formal_m1_center_not_selected
stability,S004321,C109_QPP_N120_P140_A2_Q010,STATIONARY_QPP_PRESENT,0,3,3,VALID,-11.773762306227582,-4.193702975944461,false,43.77078330994433,formal_m1_center_not_selected
stability,S004321,C109_QPP_N120_P140_A2_Q010,STATIONARY_QPP_PRESENT,0,4,3,VALID,-11.773762748389117,-4.193708051555291,false,43.77172629958825,formal_m1_center_not_selected
stability,S004321,C109_QPP_N120_P140_A2_Q010,STATIONARY_QPP_PRESENT,0,5,3,VALID,-11.773762472783119,-4.193707893736814,false,43.76966634434136,formal_m1_center_not_selected
stability,S004321,C109_QPP_N120_P140_A2_Q010,STATIONARY_QPP_PRESENT,0,6,3,VALID,-11.77376258463471,-4.193697072359441,false,43.765485830310794,formal_m1_center_not_selected
stability,S004321,C109_QPP_N120_P140_A2_Q010,STATIONARY_QPP_PRESENT,0,7,3,VALID,-11.773762462272089,-4.193702095143749,false,43.76570757154052,formal_m1_center_not_selected
stability,S004321,C109_QPP_N120_P140_A2_Q010,STATIONARY_QPP_PRESENT,0,8,3,VALID,-11.773762309626932,-4.19370030301468,false,43.77122799532691,formal_m1_center_not_selected
stability,S004321,C109_QPP_N120_P140_A2_Q010,STATIONARY_QPP_PRESENT,0,9,3,VALID,-11.773762351414689,-4.193662535479916,false,43.76908015838003,formal_m1_center_not_selected
stability,S004361,C110_QPP_N120_P140_A2_Q020,STATIONARY_QPP_PRESENT,0,1,3,VALID,-8.845097135018023,-2.5463424748253374,false,133.02249630847768,formal_m1_center_not_selected
stability,S004361,C110_QPP_N120_P140_A2_Q020,STATIONARY_QPP_PRESENT,0,2,3,VALID,-8.845097135439346,-2.546342110324076,false,133.0223589400835,formal_m1_center_not_selected
stability,S004361,C110_QPP_N120_P140_A2_Q020,STATIONARY_QPP_PRESENT,0,3,3,VALID,-8.8450971351225,-2.546342246798531,false,133.0224559609016,formal_m1_center_not_selected
stability,S004361,C110_QPP_N120_P140_A2_Q020,STATIONARY_QPP_PRESENT,0,4,3,VALID,-8.84509714195508,-2.5463424933863053,false,133.0226630845816,formal_m1_center_not_selected
stability,S004361,C110_QPP_N120_P140_A2_Q020,STATIONARY_QPP_PRESENT,0,5,3,VALID,-8.845097134991988,-2.546342481568445,false,133.02248742156692,formal_m1_center_not_selected
stability,S004361,C110_QPP_N120_P140_A2_Q020,STATIONARY_QPP_PRESENT,0,6,3,VALID,-8.845097138977508,-2.546342484427555,false,133.02251461988106,formal_m1_center_not_selected
stability,S004361,C110_QPP_N120_P140_A2_Q020,STATIONARY_QPP_PRESENT,0,7,3,VALID,-8.845097134958564,-2.546342460245569,false,133.02247709788332,formal_m1_center_not_selected
stability,S004361,C110_QPP_N120_P140_A2_Q020,STATIONARY_QPP_PRESENT,0,8,3,VALID,-8.8450971351607,-2.5463421879796897,false,133.0225366386475,formal_m1_center_not_selected
stability,S004361,C110_QPP_N120_P140_A2_Q020,STATIONARY_QPP_PRESENT,0,9,3,VALID,-8.84509713920636,-2.546342457454898,false,133.02254453992373,formal_m1_center_not_selected
stability,S004401,C111_QPP_N120_P140_A2_Q040,STATIONARY_QPP_PRESENT,0,1,3,VALID,11.848101134444846,6.55043302735271,false,136.01489083229558,formal_m1_center_not_selected
stability,S004401,C111_QPP_N120_P140_A2_Q040,STATIONARY_QPP_PRESENT,0,2,3,VALID,11.848101135264756,6.550449624170142,false,136.01488720416955,formal_m1_center_not_selected
stability,S004401,C111_QPP_N120_P140_A2_Q040,STATIONARY_QPP_PRESENT,0,3,3,VALID,11.848101133278305,6.550434462557519,false,136.01483287734646,formal_m1_center_not_selected
stability,S004401,C111_QPP_N120_P140_A2_Q040,STATIONARY_QPP_PRESENT,0,4,3,VALID,11.84810113309527,6.550435854462194,false,136.01483735842473,formal_m1_center_not_selected
stability,S004401,C111_QPP_N120_P140_A2_Q040,STATIONARY_QPP_PRESENT,0,5,3,VALID,11.848101134909712,6.55043300908153,false,136.0148941692953,formal_m1_center_not_selected
stability,S004401,C111_QPP_N120_P140_A2_Q040,STATIONARY_QPP_PRESENT,0,6,3,VALID,11.84810113528215,6.550436437036865,false,136.01489194338427,formal_m1_center_not_selected
stability,S004401,C111_QPP_N120_P140_A2_Q040,STATIONARY_QPP_PRESENT,0,7,3,VALID,11.848101133448608,6.550432949136962,false,136.01487309721279,formal_m1_center_not_selected
stability,S004401,C111_QPP_N120_P140_A2_Q040,STATIONARY_QPP_PRESENT,0,8,3,VALID,11.848101135133447,6.550581303690251,false,136.01491653968048,formal_m1_center_not_selected
stability,S004401,C111_QPP_N120_P140_A2_Q040,STATIONARY_QPP_PRESENT,0,9,3,VALID,11.848101133126193,6.550433782660889,false,136.01480401012122,formal_m1_center_not_selected
