parent_id,block_id,ground_truth,period_s,qpp_fraction,red_noise_alpha,data_seed,n_sequence,selection_sequence,selection_interpretation,ever_selected,selected_n_count,number_of_up_transitions,number_of_down_transitions,first_selected_n,stable_selection_from_n,delta_bic_0_1_sequence_json,delta_bic_2_1_sequence_json,joint_margin_sequence_json,limiting_model_sequence
NWP_A0_S00_NULL,NWB_A0_S00,NULL_FLARE_RED_NOISE,,,0.0,0,15|30|45|60|90|120,000000,synthetic false selection,False,0,0,0,,,"[-5.561622028135144,-5.587365931211195,-6.352323220076585,-8.761168775584878,-4.885507893838394,-8.49877573261]","[-1.9160305444950447,-0.5962416743646344,-1.075203169024121,-2.2272181153460338,2.3556459682416175,-0.3442205031628305]","[-15.561622028135144,-15.587365931211195,-16.352323220076585,-18.761168775584878,-14.885507893838394,-18.49877573261]",M0|M0|M0|M0|M0|M0
NWP_A0_S00_P050,NWB_A0_S00,STATIONARY_QPP_PRESENT,50.0,0.04,0.0,0,15|30|45|60|90|120,000000,injected QPP selection,False,0,0,0,,,"[-5.443737048729073,-2.8836462623518457,-6.775391884320328,-8.838756603774186,-4.932561671839835,-8.506409036995706]","[-2.0051506427300927,1.7835049675062464,-1.3693179827669724,-2.2924914499415365,2.3077738346725596,-0.36364537991255474]","[-15.443737048729073,-12.883646262351846,-16.775391884320328,-18.838756603774186,-14.932561671839835,-18.506409036995706]",M0|M0|M0|M0|M0|M0
NWP_A0_S00_P080,NWB_A0_S00,STATIONARY_QPP_PRESENT,80.0,0.04,0.0,0,15|30|45|60|90|120,000000,injected QPP selection,False,0,0,0,,,"[-5.323246858274363,-6.295857720777548,-4.173600817619359,-7.894597725893163,-4.919601445816625,-8.502375028149686]","[-1.9256485345306045,-1.256776519832414,0.5482698576360576,-1.268422189236361,2.3217107749539423,-0.34783159432691946]","[-15.323246858274363,-16.295857720777548,-14.17360081761936,-17.894597725893163,-14.919601445816625,-18.502375028149686]",M0|M0|M0|M0|M0|M0
NWP_A0_S01_NULL,NWB_A0_S01,NULL_FLARE_RED_NOISE,,,0.0,1,15|30|45|60|90|120,000000,synthetic false selection,False,0,0,0,,,"[-5.588803655786883,-6.307954285058628,-6.646649741860358,-6.163212013599036,-6.597055503175881,-5.763431140931971]","[-1.907589404768836,-1.252829836868358,-0.7537977786491297,-0.5618610009989595,0.22820550948515006,2.361339287326132]","[-15.588803655786883,-16.307954285058628,-16.646649741860358,-16.163212013599036,-16.59705550317588,-15.76343114093197]",M0|M0|M0|M0|M0|M0
NWP_A0_S01_P050,NWB_A0_S01,STATIONARY_QPP_PRESENT,50.0,0.04,0.0,1,15|30|45|60|90|120,000000,injected QPP selection,False,0,0,0,,,"[-5.291902844876466,-5.0685313742897335,-6.1250529309118065,-6.573746237302856,-6.600748202955032,-5.7649979203311545]","[-1.5384391074245132,-0.6447545678584703,-0.5393923504991278,-0.9593349024147244,0.22591546197932644,2.359676818025889]","[-15.291902844876466,-15.068531374289734,-16.125052930911806,-16.573746237302856,-16.60074820295503,-15.764997920331155]",M0|M0|M0|M0|M0|M0
NWP_A0_S01_P080,NWB_A0_S01,STATIONARY_QPP_PRESENT,80.0,0.04,0.0,1,15|30|45|60|90|120,000000,injected QPP selection,False,0,0,0,,,"[-5.3545671251548725,-6.724736694223566,-7.452306461249719,-6.626900932876936,-6.613729000268478,-5.772185097614965]","[-1.791752890780626,-1.6774132956941088,-2.131455413373118,-0.8239488461676956,0.20128442261378154,2.3525722883557023]","[-15.354567125154873,-16.724736694223566,-17.45230646124972,-16.626900932876936,-16.613729000268478,-15.772185097614965]",M0|M0|M0|M0|M0|M0
NWP_A0_S02_NULL,NWB_A0_S02,NULL_FLARE_RED_NOISE,,,0.0,2,15|30|45|60|90|120,000000,synthetic false selection,False,0,0,0,,,"[-5.587888471289755,-4.970435145896204,-7.483156021411332,1.8444149722410543,-8.227797945703173,-4.988304242971765]","[-1.9588987795165336,0.23467247916553902,-2.30221184927089,7.699320965452387,-0.7070330796017288,3.1664749499825575]","[-15.587888471289755,-14.970435145896204,-17.483156021411332,-8.155585027758946,-18.227797945703173,-14.988304242971765]",M0|M0|M0|M0|M0|M0
NWP_A0_S02_P050,NWB_A0_S02,STATIONARY_QPP_PRESENT,50.0,0.04,0.0,2,15|30|45|60|90|120,000000,injected QPP selection,False,0,0,0,,,"[-5.450969954211905,-3.1566524333554042,-7.213197094209363,0.595960467506444,-8.24012053310571,-5.02506662364317]","[-1.6067894763100616,1.8991353397152295,-2.220119983821462,6.478015529810932,-0.8368613211000024,3.1296619215854093]","[-15.450969954211905,-13.156652433355404,-17.213197094209363,-9.404039532493556,-18.24012053310571,-15.02506662364317]",M0|M0|M0|M0|M0|M0
NWP_A0_S02_P080,NWB_A0_S02,STATIONARY_QPP_PRESENT,80.0,0.04,0.0,2,15|30|45|60|90|120,000000,injected QPP selection,False,0,0,0,,,"[-5.705336831056375,-5.721724151932449,-8.012222431927796,1.3429189878467014,-8.224940535389692,-4.981973932226197]","[-1.9676236865175545,-1.1143938147367578,-2.6204286612202736,7.800125209143829,-0.7047281327563155,3.1727575080324755]","[-15.705336831056375,-15.721724151932449,-18.012222431927796,-8.657081012153299,-18.224940535389692,-14.981973932226197]",M0|M0|M0|M0|M0|M0
NWP_A0_S03_NULL,NWB_A0_S03,NULL_FLARE_RED_NOISE,,,0.0,3,15|30|45|60|90|120,000000,synthetic false selection,False,0,0,0,,,"[-5.564731785663897,-6.036416737403044,-3.431801783658841,-4.419364151048967,-0.264035222187772,-2.5642003795654773]","[-1.7911072847520684,-1.18678595968656,1.4849191565123192,1.8381383463829195,3.6102623732513734,5.286543374254336]","[-15.564731785663897,-16.036416737403044,-13.431801783658841,-14.419364151048967,-10.264035222187772,-12.564200379565477]",M0|M0|M0|M0|M0|M0
NWP_A0_S03_P050,NWB_A0_S03,STATIONARY_QPP_PRESENT,50.0,0.04,0.0,3,15|30|45|60|90|120,000000,injected QPP selection,False,0,0,0,,,"[-5.531694591767382,-7.397950395053613,-3.2424080276131235,-4.554552799301803,-0.2708696952001901,-2.5511303763250908]","[-1.9388709455899145,-2.308410065536279,1.8053427459767875,2.1309071840800016,3.591161070979183,5.286155585398944]","[-15.531694591767382,-17.397950395053613,-13.242408027613124,-14.554552799301803,-10.27086969520019,-12.55113037632509]",M0|M0|M0|M0|M0|M0
NWP_A0_S03_P080,NWB_A0_S03,STATIONARY_QPP_PRESENT,80.0,0.04,0.0,3,15|30|45|60|90|120,000000,injected QPP selection,False,0,0,0,,,"[-5.304604117006477,-6.1472215976425275,-4.209398259791129,-4.625397530715446,-0.3078731956616707,-2.5638946996297705]","[-1.8898107792434837,-1.3541754598554547,0.8010039153415107,1.6390252976470094,3.579430695494466,5.273507664279123]","[-15.304604117006477,-16.147221597642528,-14.20939825979113,-14.625397530715446,-10.30787319566167,-12.56389469962977]",M0|M0|M0|M0|M0|M0
NWP_A0_S04_NULL,NWB_A0_S04,NULL_FLARE_RED_NOISE,,,0.0,4,15|30|45|60|90|120,000000,synthetic false selection,False,0,0,0,,,"[-5.55210509448221,-7.077704819345527,-6.7172381400258985,-5.54771385429072,-7.942933860873097,-8.552800068653369]","[-1.9246249851452264,-2.0339681511828616,-0.7744870661231005,-0.17360746379500824,-1.078278840198152,-0.4217939050167274]","[-15.55210509448221,-17.077704819345527,-16.7172381400259,-15.54771385429072,-17.942933860873097,-18.55280006865337]",M0|M0|M0|M0|M0|M0
NWP_A0_S04_P050,NWB_A0_S04,STATIONARY_QPP_PRESENT,50.0,0.04,0.0,4,15|30|45|60|90|120,000000,injected QPP selection,False,0,0,0,,,"[-5.275307240972076,-7.177725139601122,-7.072602754376533,-5.821947075602509,-7.965648942161636,-8.506594036036631]","[-1.8987089026355628,-2.306246566941752,-1.038628980517018,-0.385107218863169,-1.092433882761327,-0.8871593798618846]","[-15.275307240972076,-17.177725139601122,-17.072602754376533,-15.821947075602509,-17.965648942161636,-18.50659403603663]",M0|M0|M0|M0|M0|M0
NWP_A0_S04_P080,NWB_A0_S04,STATIONARY_QPP_PRESENT,80.0,0.04,0.0,4,15|30|45|60|90|120,000000,injected QPP selection,False,0,0,0,,,"[-5.5558614638410155,-6.370779031189741,-6.105457437987155,-5.41225365823513,-8.338389329732422,-8.538809316497463]","[-1.7601426536869367,-1.4754002620988302,-0.1042095228991684,0.09802764398281738,-1.4652684764193964,-0.9194164922806749]","[-15.555861463841016,-16.37077903118974,-16.105457437987155,-15.41225365823513,-18.338389329732422,-18.538809316497463]",M0|M0|M0|M0|M0|M0
NWP_A0_S05_NULL,NWB_A0_S05,NULL_FLARE_RED_NOISE,,,0.0,5,15|30|45|60|90|120,000000,synthetic false selection,False,0,0,0,,,"[-5.459375238130237,-6.40341738656619,-4.673687483226871,-4.266905475517888,2.854115811360998,-6.168437794179624]","[-1.9458853428968554,-1.4556589849687214,-0.9138105169161008,1.0985984197000107,10.140559458249243,1.755862609972894]","[-15.459375238130237,-16.40341738656619,-14.673687483226871,-14.266905475517888,-7.145884188639002,-16.168437794179624]",M0|M0|M0|M0|M0|M0
NWP_A0_S05_P050,NWB_A0_S05,STATIONARY_QPP_PRESENT,50.0,0.04,0.0,5,15|30|45|60|90|120,000000,injected QPP selection,False,0,0,0,,,"[-5.624136692588163,-6.806000307650564,-5.015091972293419,-4.49593993582954,2.7884214996719834,-7.117220183360416]","[-1.9127760579989088,-1.6794369890845076,-0.8983705086147324,1.9920589409277625,10.077801362677974,0.8069558625606419]","[-15.624136692588163,-16.806000307650564,-15.015091972293419,-14.49593993582954,-7.211578500328017,-17.117220183360416]",M0|M0|M0|M0|M0|M0
NWP_A0_S05_P080,NWB_A0_S05,STATIONARY_QPP_PRESENT,80.0,0.04,0.0,5,15|30|45|60|90|120,000000,injected QPP selection,False,0,0,0,,,"[-5.0842687811535665,-6.008695586872989,-5.452834928566176,-4.796990783009676,2.6035653680472137,-6.180884111802072]","[-1.9440450847547899,-1.2394075324328213,-0.950847440082299,0.6840082660015128,9.895458142133464,1.7424518299786769]","[-15.084268781153567,-16.00869558687299,-15.452834928566176,-14.796990783009676,-7.396434631952786,-16.180884111802072]",M0|M0|M0|M0|M0|M0
NWP_A0_S06_NULL,NWB_A0_S06,NULL_FLARE_RED_NOISE,,,0.0,6,15|30|45|60|90|120,000000,synthetic false selection,False,0,0,0,,,"[-5.512492078447227,-2.893220398188646,-6.8247525255982,-5.344032929512252,-6.66528059368045,-2.7741668315683228]","[-1.9486226512717915,2.1613824459541604,-2.418399624564074,0.46131479535245035,-0.9712729983439772,2.2810245010076073]","[-15.512492078447227,-12.893220398188646,-16.8247525255982,-15.344032929512252,-16.66528059368045,-12.774166831568323]",M0|M0|M0|M0|M0|M0
NWP_A0_S06_P050,NWB_A0_S06,STATIONARY_QPP_PRESENT,50.0,0.04,0.0,6,15|30|45|60|90|120,000000,injected QPP selection,False,0,0,0,,,"[-5.378473177006345,-2.4542390050624476,-6.371140357796605,-5.01831476405161,-6.6674780766790605,-2.772756920621987]","[-1.7379394389473743,2.5567429602961056,-0.8153673046316783,0.8056413006688388,-0.9683627427968418,2.2842023035099146]","[-15.378473177006345,-12.454239005062448,-16.371140357796605,-15.01831476405161,-16.66747807667906,-12.772756920621987]",M0|M0|M0|M0|M0|M0
NWP_A0_S06_P080,NWB_A0_S06,STATIONARY_QPP_PRESENT,80.0,0.04,0.0,6,15|30|45|60|90|120,000000,injected QPP selection,False,0,0,0,,,"[-5.684859917520427,-4.048943795230073,-7.840879804984496,-6.41394784703985,-6.6801974379839635,-2.7751539960008813]","[-1.9889715480742245,0.7232385668556134,-3.1430363519787363,-0.49509255616854375,-0.9610202370639627,2.2920740240562623]","[-15.684859917520427,-14.048943795230073,-17.840879804984496,-16.41394784703985,-16.680197437983963,-12.775153996000881]",M0|M0|M0|M0|M0|M0
NWP_A0_S07_NULL,NWB_A0_S07,NULL_FLARE_RED_NOISE,,,0.0,7,15|30|45|60|90|120,000000,synthetic false selection,False,0,0,0,,,"[-5.436816860076387,-7.336109488279433,-7.079528008459874,-3.2381864840005505,3.7504116968026437,0.114164840768467]","[-1.9212095379791938,-2.3409026939818744,-1.1949987572425016,3.281824661445455,10.865375071611481,8.169976852583147]","[-15.436816860076387,-17.336109488279433,-17.079528008459874,-13.23818648400055,-6.249588303197356,-9.885835159231533]",M0|M0|M0|M0|M0|M0
NWP_A0_S07_P050,NWB_A0_S07,STATIONARY_QPP_PRESENT,50.0,0.04,0.0,7,15|30|45|60|90|120,000000,injected QPP selection,False,0,0,0,,,"[-5.403247679975422,-5.262448145980599,-6.865031214045473,-3.5037240993729313,3.678275969802314,0.10732056545504065]","[-1.7794964788572463,-0.5092305890884603,-1.1742917939294557,2.957955993634613,10.793656436154322,8.248462055957134]","[-15.403247679975422,-15.2624481459806,-16.865031214045473,-13.503724099372931,-6.321724030197686,-9.89267943454496]",M0|M0|M0|M0|M0|M0
NWP_A0_S07_P080,NWB_A0_S07,STATIONARY_QPP_PRESENT,80.0,0.04,0.0,7,15|30|45|60|90|120,000000,injected QPP selection,False,0,0,0,,,"[-5.651317502958742,-6.7957074609164465,-7.916479601878308,-4.7841173070003435,3.538103355486328,0.05176958744999638]","[-1.8990635713679618,-1.921484868179732,-1.9845120088495776,1.6765897051893148,10.65378452380628,8.109017543507264]","[-15.651317502958742,-16.795707460916447,-17.916479601878308,-14.784117307000344,-6.461896644513672,-9.948230412550004]",M0|M0|M0|M0|M0|M0
NWP_A0_S08_NULL,NWB_A0_S08,NULL_FLARE_RED_NOISE,,,0.0,8,15|30|45|60|90|120,000000,synthetic false selection,False,0,0,0,,,"[-5.467460081072264,-6.209613759857831,-2.153706352234508,-1.8432307095715146,-8.226561566074906,-10.379904146204069]","[-1.9375089409746566,-1.2537485418862246,2.350450566130803,1.1965659358139078,-2.088564642393294,-2.257286433555805]","[-15.467460081072264,-16.20961375985783,-12.153706352234508,-11.843230709571515,-18.226561566074906,-20.37990414620407]",M0|M0|M0|M0|M0|M0
NWP_A0_S08_P050,NWB_A0_S08,STATIONARY_QPP_PRESENT,50.0,0.04,0.0,8,15|30|45|60|90|120,000000,injected QPP selection,False,0,0,0,,,"[-5.312094752894447,-2.550111972853415,-0.5124328227543913,-2.9091695866796954,-8.23927434969471,-10.385449509304692]","[-1.6925178788233621,2.276996786456934,3.0026905469804603,-0.15634393908754873,-2.0712502997311617,-2.2621706520164935]","[-15.312094752894447,-12.550111972853415,-10.512432822754391,-12.909169586679695,-18.23927434969471,-20.385449509304692]",M0|M0|M0|M0|M0|M0
NWP_A0_S08_P080,NWB_A0_S08,STATIONARY_QPP_PRESENT,80.0,0.04,0.0,8,15|30|45|60|90|120,000000,injected QPP selection,False,0,0,0,,,"[-5.688018414325709,-3.8270820872949116,0.5713614770097024,-0.06476996733547935,-8.248148924607563,-10.388217109160962]","[-1.9261705718298616,0.9004797475946589,5.165613558014002,2.8089358221088787,-2.1006194386484935,-2.264773451405574]","[-15.68801841432571,-13.827082087294912,-9.428638522990298,-10.06476996733548,-18.248148924607563,-20.388217109160962]",M0|M0|M0|M0|M0|M0
NWP_A0_S09_NULL,NWB_A0_S09,NULL_FLARE_RED_NOISE,,,0.0,9,15|30|45|60|90|120,000000,synthetic false selection,False,0,0,0,,,"[-5.599759746547242,-6.372315927437327,-5.0600499144890705,-5.264957874303917,-8.598817927282482,-9.799518035974245]","[-1.9784270164764033,-1.2235193373426227,0.03860954878774692,-0.5072284876542881,-2.049574106778266,-1.713972756285159]","[-15.599759746547242,-16.372315927437327,-15.06004991448907,-15.264957874303917,-18.598817927282482,-19.799518035974245]",M0|M0|M0|M0|M0|M0
NWP_A0_S09_P050,NWB_A0_S09,STATIONARY_QPP_PRESENT,50.0,0.04,0.0,9,15|30|45|60|90|120,000000,injected QPP selection,False,0,0,0,,,"[-5.702347323598913,-6.4619946400565595,-2.591766577294095,-4.935808417501477,-8.577745153917533,-9.798656754227352]","[-1.973115875547001,-1.7458770300039532,2.007608653270381,-0.15227995733212651,-2.0279421918511957,-2.1412069259731084]","[-15.702347323598913,-16.46199464005656,-12.591766577294095,-14.935808417501477,-18.577745153917533,-19.798656754227352]",M0|M0|M0|M0|M0|M0
NWP_A0_S09_P080,NWB_A0_S09,STATIONARY_QPP_PRESENT,80.0,0.04,0.0,9,15|30|45|60|90|120,000000,injected QPP selection,False,0,0,0,,,"[-5.397705797611504,-5.667907335308286,-4.840289919454193,-4.8762709158810935,-8.484707660266167,-9.80155084436177]","[-1.8582260741993357,-0.6074822363700605,0.010978813574354263,-0.10829271405671648,-1.935014051481744,-2.1435317847433453]","[-15.397705797611504,-15.667907335308286,-14.840289919454193,-14.876270915881094,-18.484707660266167,-19.80155084436177]",M0|M0|M0|M0|M0|M0
NWP_A0_S10_NULL,NWB_A0_S10,NULL_FLARE_RED_NOISE,,,0.0,10,15|30|45|60|90|120,000000,synthetic false selection,False,0,0,0,,,"[-5.512188198020272,-7.1412664269280555,-7.098590563390303,-4.324770110873317,-10.34551624452152,-8.051514061418914]","[-1.9691011018168583,-2.0870179363213026,-1.6634873091800273,1.713098447540915,-2.991740881481036,-0.43785145315104046]","[-15.512188198020272,-17.141266426928055,-17.098590563390303,-14.324770110873317,-20.34551624452152,-18.051514061418914]",M0|M0|M0|M0|M0|M0
NWP_A0_S10_P050,NWB_A0_S10,STATIONARY_QPP_PRESENT,50.0,0.04,0.0,10,15|30|45|60|90|120,000000,injected QPP selection,False,0,0,0,,,"[-5.133225252870213,-7.076235082105626,-7.884810625532481,-4.9169167148767485,-10.677425072490365,-8.0300665508787]","[-1.7796277165804169,-2.1896048007504305,-2.2252719358221213,1.110947519224851,-3.129501320325886,-0.4147873602922232]","[-15.133225252870213,-17.076235082105626,-17.88481062553248,-14.916916714876749,-20.677425072490365,-18.0300665508787]",M0|M0|M0|M0|M0|M0
NWP_A0_S10_P080,NWB_A0_S10,STATIONARY_QPP_PRESENT,80.0,0.04,0.0,10,15|30|45|60|90|120,000000,injected QPP selection,False,0,0,0,,,"[-5.5348629754214596,-6.990351627185717,-6.25696899073543,-3.7715368831461262,-10.343721867763719,-8.055238814406607]","[-1.8512859376242448,-2.001941836155737,-0.7678276004719464,2.241529332090664,-2.7960809716522306,-0.4399678363313342]","[-15.53486297542146,-16.990351627185717,-16.25696899073543,-13.771536883146126,-20.34372186776372,-18.055238814406607]",M0|M0|M0|M0|M0|M0
NWP_A0_S11_NULL,NWB_A0_S11,NULL_FLARE_RED_NOISE,,,0.0,11,15|30|45|60|90|120,000000,synthetic false selection,False,0,0,0,,,"[-5.559263974204665,-6.526323059447876,-6.483552085512059,-0.6348495077414213,-3.5628677444161667,-7.297571168425691]","[-1.9256363109989172,-1.4696714500398826,-0.7834178750306648,4.935360560202724,3.4800091554099595,0.35414256635766606]","[-15.559263974204665,-16.526323059447876,-16.48355208551206,-10.634849507741421,-13.562867744416167,-17.29757116842569]",M0|M0|M0|M0|M0|M0
NWP_A0_S11_P050,NWB_A0_S11,STATIONARY_QPP_PRESENT,50.0,0.04,0.0,11,15|30|45|60|90|120,000000,injected QPP selection,False,0,0,0,,,"[-5.2671944603754515,-4.0301070524962626,-7.535494347955506,-1.2945404431806935,-3.6584300559537155,-7.325337599179079]","[-1.5466646459421929,0.726650402134652,-1.4893508367129584,4.549539056313307,3.403681852280897,0.3334772092242133]","[-15.267194460375451,-14.030107052496263,-17.535494347955506,-11.294540443180694,-13.658430055953716,-17.32533759917908]",M0|M0|M0|M0|M0|M0
NWP_A0_S11_P080,NWB_A0_S11,STATIONARY_QPP_PRESENT,80.0,0.04,0.0,11,15|30|45|60|90|120,000000,injected QPP selection,False,0,0,0,,,"[-5.6000155314817,-6.0288622845884845,-4.14000239731655,0.8596951214059914,-2.966644996773482,-7.155209347942559]","[-1.7772002520184804,-1.1855289398565532,1.212924011483608,6.3854146645450385,4.077192074894583,0.5033631843283501]","[-15.6000155314817,-16.028862284588484,-14.14000239731655,-9.140304878594009,-12.966644996773482,-17.15520934794256]",M0|M0|M0|M0|M0|M0
NWP_A0_S12_NULL,NWB_A0_S12,NULL_FLARE_RED_NOISE,,,0.0,12,15|30|45|60|90|120,000000,synthetic false selection,False,0,0,0,,,"[-5.6591158035814715,-7.247205681194259,-6.925541091254161,-6.251178510219944,-8.387766625066718,-4.838633281134889]","[-1.919288090305062,-2.1668317311627447,-0.878725713648862,0.18736172853206767,-1.1177471778194672,3.2835123758056284]","[-15.659115803581471,-17.24720568119426,-16.92554109125416,-16.251178510219944,-18.387766625066718,-14.83863328113489]",M0|M0|M0|M0|M0|M0
NWP_A0_S12_P050,NWB_A0_S12,STATIONARY_QPP_PRESENT,50.0,0.04,0.0,12,15|30|45|60|90|120,000000,injected QPP selection,False,0,0,0,,,"[-5.46052371821666,-7.711932019475327,-6.8702606332804805,-6.192352186681603,-8.39062574212329,-4.840468768844175]","[-1.9778452745613793,-2.667728444885114,-0.8468686283678721,0.2398385708225419,-0.9225859557876106,3.28151131444082]","[-15.46052371821666,-17.711932019475327,-16.87026063328048,-16.192352186681603,-18.39062574212329,-14.840468768844175]",M0|M0|M0|M0|M0|M0
NWP_A0_S12_P080,NWB_A0_S12,STATIONARY_QPP_PRESENT,80.0,0.04,0.0,12,15|30|45|60|90|120,000000,injected QPP selection,False,0,0,0,,,"[-5.557410310059257,-6.863338277280235,-7.01521362334563,-6.352769726997536,-8.358686429086504,-4.809223133717353]","[-1.942516932331551,-2.1472579459828296,-1.0112244634453305,0.09194366156816614,-1.0883230318181631,3.3245667561875507]","[-15.557410310059257,-16.863338277280235,-17.01521362334563,-16.352769726997536,-18.358686429086504,-14.809223133717353]",M0|M0|M0|M0|M0|M0
NWP_A0_S13_NULL,NWB_A0_S13,NULL_FLARE_RED_NOISE,,,0.0,13,15|30|45|60|90|120,000000,synthetic false selection,False,0,0,0,,,"[-5.565800577319235,-6.013656593945512,-5.052754694790281,-7.569675332798653,-8.333810731251845,-6.710192188881251]","[-1.9169970862751997,-1.1335651936831113,-0.08526249155329424,-1.7705706591968635,-1.3187012527154707,1.3008924779160225]","[-15.565800577319235,-16.013656593945512,-15.05275469479028,-17.569675332798653,-18.333810731251845,-16.71019218888125]",M0|M0|M0|M0|M0|M0
NWP_A0_S13_P050,NWB_A0_S13,STATIONARY_QPP_PRESENT,50.0,0.04,0.0,13,15|30|45|60|90|120,000000,injected QPP selection,False,0,0,0,,,"[-5.1039595446157175,-7.0429335654769005,-5.4593333736901855,-7.5815013298428084,-8.323536960221475,-6.722526993946701]","[-1.6408595121448295,-2.0744631722303524,-0.5081192313325005,-1.782407759402929,-1.307836518006468,1.2883207703363269]","[-15.103959544615718,-17.0429335654769,-15.459333373690185,-17.58150132984281,-18.323536960221475,-16.7225269939467]",M0|M0|M0|M0|M0|M0
NWP_A0_S13_P080,NWB_A0_S13,STATIONARY_QPP_PRESENT,80.0,0.04,0.0,13,15|30|45|60|90|120,000000,injected QPP selection,False,0,0,0,,,"[-5.605159318681423,-6.527518573589816,-5.294632599387057,-7.337723880118546,-8.321549567478144,-6.704465907000213]","[-1.8570928302496794,-1.7128409281956891,-0.4162385656583183,-1.5532338995820965,-1.3095679370168227,1.3077014237559865]","[-15.605159318681423,-16.527518573589816,-15.294632599387057,-17.337723880118546,-18.321549567478144,-16.704465907000213]",M0|M0|M0|M0|M0|M0
NWP_A0_S14_NULL,NWB_A0_S14,NULL_FLARE_RED_NOISE,,,0.0,14,15|30|45|60|90|120,000000,synthetic false selection,False,0,0,0,,,"[-5.578151423358463,-6.47938347935154,-6.505433425082458,-7.791409239849145,-8.154589621973003,-5.899017237018427]","[-1.9367661754528323,-1.4906598596565317,-0.6609877488206166,-1.6067342312765902,-0.8794619341512657,1.4428902126853131]","[-15.578151423358463,-16.47938347935154,-16.505433425082458,-17.791409239849145,-18.154589621973003,-15.899017237018427]",M0|M0|M0|M0|M0|M0
NWP_A0_S14_P050,NWB_A0_S14,STATIONARY_QPP_PRESENT,50.0,0.04,0.0,14,15|30|45|60|90|120,000000,injected QPP selection,False,0,0,0,,,"[-5.39296608327189,-6.827495510221439,-6.367907972080388,-7.070022832164909,-8.197368419286192,-5.925791047550035]","[-1.8691039726022067,-1.7322840936752044,-0.8290887658122301,-0.4468119735270477,-0.9101328520349625,1.4248275525758345]","[-15.39296608327189,-16.82749551022144,-16.36790797208039,-17.07002283216491,-18.197368419286192,-15.925791047550035]",M0|M0|M0|M0|M0|M0
NWP_A0_S14_P080,NWB_A0_S14,STATIONARY_QPP_PRESENT,80.0,0.04,0.0,14,15|30|45|60|90|120,000000,injected QPP selection,False,0,0,0,,,"[-5.632986323982532,-5.913081341461421,-5.752415586498046,-7.997266755999789,-8.108717091527296,-5.8543381482447785]","[-1.960816359832127,-0.9725446502474995,-0.08563427669855628,-1.7331794393432745,-0.842277249076119,1.4874077168711324]","[-15.632986323982532,-15.913081341461421,-15.752415586498046,-17.99726675599979,-18.108717091527296,-15.854338148244778]",M0|M0|M0|M0|M0|M0
NWP_A0_S15_NULL,NWB_A0_S15,NULL_FLARE_RED_NOISE,,,0.0,15,15|30|45|60|90|120,000000,synthetic false selection,False,0,0,0,,,"[-5.5336571812673,-4.003738549986252,-6.869044016733113,-6.6697876711884305,-3.134403364722175,0.9009342500133357]","[-1.8489147552052598,0.9871024626348799,-1.0611286975900498,-1.748820099750077,3.864090447944818,9.054459288288058]","[-15.5336571812673,-14.003738549986252,-16.869044016733113,-16.66978767118843,-13.134403364722175,-9.099065749986664]",M0|M0|M0|M0|M0|M0
NWP_A0_S15_P050,NWB_A0_S15,STATIONARY_QPP_PRESENT,50.0,0.04,0.0,15,15|30|45|60|90|120,000000,injected QPP selection,False,0,0,0,,,"[-5.445676287562241,-5.382713574231232,-7.4582175406298745,-6.521500307892438,-3.0481686882487224,0.9180048814224051]","[-1.6888124422040791,-0.3504137749281142,-1.6977790303211293,-1.708494491735621,3.9468831364450807,9.071470810906646]","[-15.445676287562241,-15.382713574231232,-17.458217540629875,-16.52150030789244,-13.048168688248722,-9.081995118577595]",M0|M0|M0|M0|M0|M0
NWP_A0_S15_P080,NWB_A0_S15,STATIONARY_QPP_PRESENT,80.0,0.04,0.0,15,15|30|45|60|90|120,000000,injected QPP selection,False,0,0,0,,,"[-5.535310876005639,-3.0095818982499623,-6.763080996482216,-6.009616288888168,-3.0089522806956097,0.940907000565403]","[-1.9399605489135991,2.102914910976537,-1.053018831004863,-1.2283231347787478,3.992358804070534,9.094375129881541]","[-15.535310876005639,-13.009581898249962,-16.763080996482216,-16.009616288888168,-13.00895228069561,-9.059092999434597]",M0|M0|M0|M0|M0|M0
NWP_A0_S16_NULL,NWB_A0_S16,NULL_FLARE_RED_NOISE,,,0.0,16,15|30|45|60|90|120,000000,synthetic false selection,False,0,0,0,,,"[-5.715991558415366,-6.22191673964673,-8.765115974169703,-8.23121228108451,-9.863616781532698,-10.474883851817935]","[-1.8757338316297085,-1.4814953905782602,-2.9021863369551966,-2.011639160408805,-3.363762686427208,-2.3474181534265313]","[-15.715991558415366,-16.22191673964673,-18.765115974169703,-18.23121228108451,-19.8636167815327,-20.474883851817935]",M0|M0|M0|M0|M0|M0
NWP_A0_S16_P050,NWB_A0_S16,STATIONARY_QPP_PRESENT,50.0,0.04,0.0,16,15|30|45|60|90|120,000000,injected QPP selection,False,0,0,0,,,"[-5.29997377876321,-5.273312953951404,-8.661363522384931,-8.351814646463481,-9.873122813820657,-10.483630824232591]","[-1.951522683274912,-0.7855758301802354,-2.815238768461313,-2.0431253574601556,-3.375305876548566,-2.356317166421036]","[-15.29997377876321,-15.273312953951404,-18.66136352238493,-18.35181464646348,-19.873122813820657,-20.48363082423259]",M0|M0|M0|M0|M0|M0
NWP_A0_S16_P080,NWB_A0_S16,STATIONARY_QPP_PRESENT,80.0,0.04,0.0,16,15|30|45|60|90|120,000000,injected QPP selection,False,0,0,0,,,"[-5.589492757094238,-6.9078306138445384,-8.619993812306603,-8.469647492661068,-9.906455820950725,-10.481573504600249]","[-1.8973504090084932,-2.0229241643371836,-2.9879933521807516,-2.415452524971414,-3.4037082796746745,-2.354277471388059]","[-15.589492757094238,-16.90783061384454,-18.619993812306603,-18.469647492661068,-19.906455820950725,-20.48157350460025]",M0|M0|M0|M0|M0|M0
NWP_A0_S17_NULL,NWB_A0_S17,NULL_FLARE_RED_NOISE,,,0.0,17,15|30|45|60|90|120,000000,synthetic false selection,False,0,0,0,,,"[-5.514516590013754,-7.526349270280164,-8.072440974122316,-8.04968857440349,2.1489610197116917,0.06044251393785771]","[-1.9340414261992018,-2.7154150934805728,-2.9159716434489837,-1.4282456159192236,9.235587378240325,8.211961566891546]","[-15.514516590013754,-17.526349270280164,-18.072440974122316,-18.04968857440349,-7.851038980288308,-9.939557486062142]",M0|M0|M0|M0|M0|M0
NWP_A0_S17_P050,NWB_A0_S17,STATIONARY_QPP_PRESENT,50.0,0.04,0.0,17,15|30|45|60|90|120,000000,injected QPP selection,False,0,0,0,,,"[-5.149178378884367,-7.258623961228949,-7.733882178012152,-7.753271296698699,2.128366937858061,0.05990720857340648]","[-1.582004065363555,-2.6635271452796445,-2.7227234184029783,-1.1156424331420567,9.219038926789267,8.21144759836693]","[-15.149178378884367,-17.25862396122895,-17.733882178012152,-17.7532712966987,-7.871633062141939,-9.940092791426594]",M0|M0|M0|M0|M0|M0
NWP_A0_S17_P080,NWB_A0_S17,STATIONARY_QPP_PRESENT,80.0,0.04,0.0,17,15|30|45|60|90|120,000000,injected QPP selection,False,0,0,0,,,"[-5.102510981943393,-6.7992238286038855,-7.015220454527338,-7.697045348578257,2.2163734081702273,0.1095725239016474]","[-1.943867908694462,-2.1813212079077715,-1.9248072856487681,-1.3333169536776097,9.300891946159368,8.261048020526857]","[-15.102510981943393,-16.799223828603886,-17.015220454527338,-17.697045348578257,-7.783626591829773,-9.890427476098353]",M0|M0|M0|M0|M0|M0
NWP_A0_S18_NULL,NWB_A0_S18,NULL_FLARE_RED_NOISE,,,0.0,18,15|30|45|60|90|120,000000,synthetic false selection,False,0,0,0,,,"[-5.60002374791156,-7.184942091386162,-7.136426893917644,-5.612221000851349,-1.8372974203959984,2.4618697300946337]","[-1.9156200146826228,-2.364268915232927,-1.4978042949486223,-0.4467617309924208,4.742429437103453,10.545317301868124]","[-15.60002374791156,-17.184942091386162,-17.136426893917644,-15.61222100085135,-11.837297420395998,-7.538130269905366]",M0|M0|M0|M0|M0|M0
NWP_A0_S18_P050,NWB_A0_S18,STATIONARY_QPP_PRESENT,50.0,0.04,0.0,18,15|30|45|60|90|120,000000,injected QPP selection,False,0,0,0,,,"[-5.516628479500513,-6.794484804170409,-7.4555814625049095,-5.789275812105245,-1.9135614157436294,2.4331216787061862]","[-1.8474764125525285,-2.028982421795675,-1.7538745267290494,-0.5014564706061151,4.680998778175422,10.516552147906907]","[-15.516628479500513,-16.79448480417041,-17.45558146250491,-15.789275812105245,-11.91356141574363,-7.566878321293814]",M0|M0|M0|M0|M0|M0
NWP_A0_S18_P080,NWB_A0_S18,STATIONARY_QPP_PRESENT,80.0,0.04,0.0,18,15|30|45|60|90|120,000000,injected QPP selection,False,0,0,0,,,"[-5.210819584456097,-6.734597322118063,-8.639166315475364,-5.237615817358687,-1.7966338108246305,2.375108328788656]","[-1.8467882470229204,-1.6336333483699121,-2.749931022910033,0.03442143399374231,4.755491379267312,10.457646199578164]","[-15.210819584456097,-16.734597322118063,-18.639166315475364,-15.237615817358687,-11.79663381082463,-7.624891671211344]",M0|M0|M0|M0|M0|M0
NWP_A0_S19_NULL,NWB_A0_S19,NULL_FLARE_RED_NOISE,,,0.0,19,15|30|45|60|90|120,000000,synthetic false selection,False,0,0,0,,,"[-5.684146870549329,-7.646126990311814,-6.710702925147274,-8.211605196196814,-6.811197500942342,-10.10458261612888]","[-1.8681638153979039,-2.575212269081007,-0.881604934561949,-1.7757459609260877,-0.13803378096730512,-2.26839010678259]","[-15.684146870549329,-17.646126990311814,-16.710702925147274,-18.211605196196814,-16.81119750094234,-20.10458261612888]",M0|M0|M0|M0|M0|M0
NWP_A0_S19_P050,NWB_A0_S19,STATIONARY_QPP_PRESENT,50.0,0.04,0.0,19,15|30|45|60|90|120,000000,injected QPP selection,False,0,0,0,,,"[-5.453434922218321,-6.4686341168754495,-6.688382150630929,-8.259546354470615,-6.809380650519017,-10.103877302789499]","[-1.9160203310573225,-1.5879038707740847,-0.9145163059181698,-1.7058380776895206,-0.12809239892231972,-2.267651599213991]","[-15.453434922218321,-16.46863411687545,-16.68838215063093,-18.259546354470615,-16.809380650519017,-20.1038773027895]",M0|M0|M0|M0|M0|M0
NWP_A0_S19_P080,NWB_A0_S19,STATIONARY_QPP_PRESENT,80.0,0.04,0.0,19,15|30|45|60|90|120,000000,injected QPP selection,False,0,0,0,,,"[-5.527162132293379,-6.687066632105129,-7.020830274765672,-8.560140411155288,-6.809677750144829,-10.103745949791858]","[-1.7192156492896187,-1.7999085014937606,-1.2766091100647543,-2.008291044883407,-0.13066207575650424,-2.267429372275501]","[-15.527162132293379,-16.68706663210513,-17.02083027476567,-18.560140411155288,-16.80967775014483,-20.103745949791858]",M0|M0|M0|M0|M0|M0
NWP_A0_S20_NULL,NWB_A0_S20,NULL_FLARE_RED_NOISE,,,0.0,20,15|30|45|60|90|120,000000,synthetic false selection,False,0,0,0,,,"[-5.2447810280730085,-6.635747779386364,-7.146499447560899,-4.887932645009727,-7.882057042564327,-5.3915438081411935]","[-1.9495133228133428,-1.7791731860410067,-1.4716958692465028,-0.4711597004395003,-0.5859172882955477,2.3438855874236992]","[-15.244781028073008,-16.635747779386364,-17.1464994475609,-14.887932645009727,-17.882057042564327,-15.391543808141193]",M0|M0|M0|M0|M0|M0
NWP_A0_S20_P050,NWB_A0_S20,STATIONARY_QPP_PRESENT,50.0,0.04,0.0,20,15|30|45|60|90|120,000000,injected QPP selection,False,0,0,0,,,"[-5.529113065506218,-7.21466149392495,-7.315324224755784,-5.4803240051682565,-7.949079198963489,-5.4036173640636775]","[-1.836445460924364,-2.1715212962926955,-1.5037090066665826,-0.9914011177147302,-0.6390244179175966,2.3338356192814445]","[-15.529113065506218,-17.21466149392495,-17.315324224755784,-15.480324005168256,-17.94907919896349,-15.403617364063678]",M0|M0|M0|M0|M0|M0
NWP_A0_S20_P080,NWB_A0_S20,STATIONARY_QPP_PRESENT,80.0,0.04,0.0,20,15|30|45|60|90|120,000000,injected QPP selection,False,0,0,0,,,"[-5.053584224057873,-5.653664527543114,-6.940413721575879,-3.9079909207547416,-7.9129210507551875,-5.401481331399907]","[-1.746935117521324,-1.1030602549235908,-1.1708326495489416,0.1142096548383904,-0.6269069373728371,2.3336586535425]","[-15.053584224057873,-15.653664527543114,-16.94041372157588,-13.907990920754742,-17.912921050755187,-15.401481331399907]",M0|M0|M0|M0|M0|M0
NWP_A0_S21_NULL,NWB_A0_S21,NULL_FLARE_RED_NOISE,,,0.0,21,15|30|45|60|90|120,000000,synthetic false selection,False,0,0,0,,,"[-5.539647060215303,-6.725205615939785,-7.09014390914848,-6.714690025270528,-5.471458505139481,-5.71632628317991]","[-1.945543372388678,-1.6152996328035556,-2.29667830504377,-1.0378381354854298,1.7240611717805336,2.4372286290275156]","[-15.539647060215303,-16.725205615939785,-17.09014390914848,-16.714690025270528,-15.47145850513948,-15.71632628317991]",M0|M0|M0|M0|M0|M0
NWP_A0_S21_P050,NWB_A0_S21,STATIONARY_QPP_PRESENT,50.0,0.04,0.0,21,15|30|45|60|90|120,000000,injected QPP selection,False,0,0,0,,,"[-5.374140264181268,-6.779728585000029,-7.067054469744107,-6.708213878123416,-5.511466235390117,-5.72114400341502]","[-1.9209796735067384,-1.6223402504395494,-1.9199263395809965,-1.0718874991054577,1.770267857012243,2.4324318984479874]","[-15.374140264181268,-16.77972858500003,-17.067054469744107,-16.708213878123416,-15.511466235390117,-15.72114400341502]",M0|M0|M0|M0|M0|M0
NWP_A0_S21_P080,NWB_A0_S21,STATIONARY_QPP_PRESENT,80.0,0.04,0.0,21,15|30|45|60|90|120,000000,injected QPP selection,False,0,0,0,,,"[-5.712411116275366,-6.656105747827965,-7.034309948045262,-6.610842294515237,-5.442802967430623,-5.686994933106234]","[-1.909586952292508,-1.8577829260961352,-2.121529666900642,-0.14656446092340047,1.7497438384981479,2.4385986077346615]","[-15.712411116275366,-16.656105747827965,-17.034309948045262,-16.610842294515237,-15.442802967430623,-15.686994933106234]",M0|M0|M0|M0|M0|M0
NWP_A0_S22_NULL,NWB_A0_S22,NULL_FLARE_RED_NOISE,,,0.0,22,15|30|45|60|90|120,000000,synthetic false selection,False,0,0,0,,,"[-5.546699284773814,-6.258068811223609,-6.712638066034486,-3.7674556558446,-4.3153209685989395,-5.42629382279523]","[-1.9426984907807023,-1.1587794771769495,-1.2173989860049232,1.9749672837523349,2.857810657532525,2.684723125536891]","[-15.546699284773814,-16.25806881122361,-16.712638066034486,-13.7674556558446,-14.31532096859894,-15.42629382279523]",M0|M0|M0|M0|M0|M0
NWP_A0_S22_P050,NWB_A0_S22,STATIONARY_QPP_PRESENT,50.0,0.04,0.0,22,15|30|45|60|90|120,000000,injected QPP selection,False,0,0,0,,,"[-5.534323810370482,-7.576439291722508,-7.166382542795361,-4.016385043307281,-4.361516465330283,-5.448295739726802]","[-1.7297665562846776,-2.610737757643747,-1.7848672695259324,1.7279094749911508,2.813751607127415,2.6632196848743774]","[-15.534323810370482,-17.576439291722508,-17.16638254279536,-14.016385043307281,-14.361516465330283,-15.448295739726802]",M0|M0|M0|M0|M0|M0
NWP_A0_S22_P080,NWB_A0_S22,STATIONARY_QPP_PRESENT,80.0,0.04,0.0,22,15|30|45|60|90|120,000000,injected QPP selection,False,0,0,0,,,"[-5.73236539638919,-6.314789396511756,-6.495223559794482,-3.513871857428853,-4.230741641804286,-5.412432715944533]","[-1.9665703738787483,-1.176805997342413,-1.0538450577790854,2.2225235266586196,2.9417783367931065,2.698763434195371]","[-15.73236539638919,-16.314789396511756,-16.495223559794482,-13.513871857428853,-14.230741641804286,-15.412432715944533]",M0|M0|M0|M0|M0|M0
NWP_A0_S23_NULL,NWB_A0_S23,NULL_FLARE_RED_NOISE,,,0.0,23,15|30|45|60|90|120,000000,synthetic false selection,False,0,0,0,,,"[-5.538588597307827,-7.11514212167323,-6.942720384223122,-1.0512875449446142,-5.119786449954631,-7.462407684705852]","[-1.8833494202214807,-2.0385845887448113,-1.139772975936495,2.7867241272670924,1.9664635453121946,0.4898735597924997]","[-15.538588597307827,-17.11514212167323,-16.942720384223122,-11.051287544944614,-15.119786449954631,-17.462407684705852]",M0|M0|M0|M0|M0|M0
NWP_A0_S23_P050,NWB_A0_S23,STATIONARY_QPP_PRESENT,50.0,0.04,0.0,23,15|30|45|60|90|120,000000,injected QPP selection,False,0,0,0,,,"[-5.258820607818423,-3.537873959209719,-8.291988647240316,-2.620109929283558,-5.047493202384544,-7.438974326456048]","[-1.7653172816445855,1.2026746592044475,-2.2329524470050615,1.8514148328731608,2.055813764385846,0.5161885902273866]","[-15.258820607818423,-13.537873959209719,-18.291988647240316,-12.620109929283558,-15.047493202384544,-17.438974326456048]",M0|M0|M0|M0|M0|M0
NWP_A0_S23_P080,NWB_A0_S23,STATIONARY_QPP_PRESENT,80.0,0.04,0.0,23,15|30|45|60|90|120,000000,injected QPP selection,False,0,0,0,,,"[-5.6767871425450736,-7.515987871456218,-6.849806524578014,-0.860688725364696,-5.124916170320546,-7.46333502179931]","[-1.8228072885138866,-2.530475194934425,-1.1680479633246819,3.0275195042840437,1.9633146110668918,0.4902755814544548]","[-15.676787142545074,-17.51598787145622,-16.849806524578014,-10.860688725364696,-15.124916170320546,-17.46333502179931]",M0|M0|M0|M0|M0|M0
NWP_A0_S24_NULL,NWB_A0_S24,NULL_FLARE_RED_NOISE,,,0.0,24,15|30|45|60|90|120,000000,synthetic false selection,False,0,0,0,,,"[-5.69090118424211,-3.3466339156681357,-6.763477863498679,-5.598664733426517,-3.4281632272004003,1.189233430634772]","[-1.8619527272732723,1.1248760750019642,-0.8271523896693793,0.8736061135371358,3.5063919172077362,8.855187344600381]","[-15.69090118424211,-13.346633915668136,-16.76347786349868,-15.598664733426517,-13.4281632272004,-8.810766569365228]",M0|M0|M0|M0|M0|M0
NWP_A0_S24_P050,NWB_A0_S24,STATIONARY_QPP_PRESENT,50.0,0.04,0.0,24,15|30|45|60|90|120,000000,injected QPP selection,False,0,0,0,,,"[-4.553277736699387,-0.7716158234169654,-6.7987638120893905,-5.829411803895113,-3.494523865950896,1.154015678964356]","[-1.7891873677065258,3.8975807850680724,-1.4147990339217529,0.6660382475981237,3.4543569720351,8.826984471313153]","[-14.553277736699387,-10.771615823416965,-16.79876381208939,-15.829411803895113,-13.494523865950896,-8.845984321035644]",M0|M0|M0|M0|M0|M0
NWP_A0_S24_P080,NWB_A0_S24,STATIONARY_QPP_PRESENT,80.0,0.04,0.0,24,15|30|45|60|90|120,000000,injected QPP selection,False,0,0,0,,,"[-5.720081222855731,-5.273310352317907,-7.8236418503261405,-5.891692992615759,-3.5311634600054163,1.1363308176074725]","[-1.942561040247246,-1.4345489424785427,-2.149494530578096,0.417641660409771,3.410001495994095,8.811157415253774]","[-15.72008122285573,-15.273310352317907,-17.82364185032614,-15.89169299261576,-13.531163460005416,-8.863669182392528]",M0|M0|M0|M0|M0|M0
NWP_A0_S25_NULL,NWB_A0_S25,NULL_FLARE_RED_NOISE,,,0.0,25,15|30|45|60|90|120,000000,synthetic false selection,False,0,0,0,,,"[-5.440651507778755,-6.5401434552826885,-5.623944488494743,-4.115071835805821,-7.692553493759419,-2.162599809262133]","[-1.9501417077642946,-1.7302189193440967,0.34532280175511687,2.3119987394078123,-0.3190780714708126,5.864492928760001]","[-15.440651507778755,-16.54014345528269,-15.623944488494743,-14.115071835805821,-17.69255349375942,-12.162599809262133]",M0|M0|M0|M0|M0|M0
NWP_A0_S25_P050,NWB_A0_S25,STATIONARY_QPP_PRESENT,50.0,0.04,0.0,25,15|30|45|60|90|120,000000,injected QPP selection,False,0,0,0,,,"[-5.155794560357036,-6.608745680956176,-3.9464912507086467,-3.569907647532972,-7.731496174778272,-2.166511144299818]","[-1.9377802574782228,-1.7809355601649344,2.0308359007972,2.590369754030746,-0.1893059362178633,5.861428176033769]","[-15.155794560357036,-16.608745680956176,-13.946491250708647,-13.569907647532972,-17.731496174778272,-12.166511144299818]",M0|M0|M0|M0|M0|M0
NWP_A0_S25_P080,NWB_A0_S25,STATIONARY_QPP_PRESENT,80.0,0.04,0.0,25,15|30|45|60|90|120,000000,injected QPP selection,False,0,0,0,,,"[-5.469097857980705,-6.24883077408991,-7.8259962036221395,-4.960351009993161,-7.746630286076254,-2.181097729413864]","[-1.6274779979561869,-1.3335161332579588,-1.781975330166972,1.1947151764393311,-0.3758808046856643,5.847111805146994]","[-15.469097857980705,-16.24883077408991,-17.82599620362214,-14.960351009993161,-17.746630286076254,-12.181097729413864]",M0|M0|M0|M0|M0|M0
NWP_A0_S26_NULL,NWB_A0_S26,NULL_FLARE_RED_NOISE,,,0.0,26,15|30|45|60|90|120,000000,synthetic false selection,False,0,0,0,,,"[-5.407972588486999,-6.699770872641622,-7.169344083110104,-7.677991032157905,-7.634685341252748,-5.988792603201148]","[-1.9479114113447702,-1.5169173322578757,-1.2670864102575194,-0.9597457580287312,-1.0095156834897239,2.0897111281299203]","[-15.407972588486999,-16.699770872641622,-17.169344083110104,-17.677991032157905,-17.634685341252748,-15.988792603201148]",M0|M0|M0|M0|M0|M0
NWP_A0_S26_P050,NWB_A0_S26,STATIONARY_QPP_PRESENT,50.0,0.04,0.0,26,15|30|45|60|90|120,000000,injected QPP selection,False,0,0,0,,,"[-5.466455386453765,-6.5934408107484614,-7.479410527691442,-7.7803804483351655,-7.64191271520599,-5.996261126822162]","[-1.8825184519787639,-1.4166936285198517,-1.69346076766152,-1.1410211095597163,-1.0030211641256415,2.0820324237108707]","[-15.466455386453765,-16.59344081074846,-17.479410527691442,-17.780380448335166,-17.64191271520599,-15.996261126822162]",M0|M0|M0|M0|M0|M0
NWP_A0_S26_P080,NWB_A0_S26,STATIONARY_QPP_PRESENT,80.0,0.04,0.0,26,15|30|45|60|90|120,000000,injected QPP selection,False,0,0,0,,,"[-4.857561706344345,-5.868622940256586,-7.039198075237778,-7.466038463879471,-7.562371245147801,-6.005524371366789]","[-1.7010133993491356,-0.7524251393886772,-0.978839274640336,-0.9443876037001075,-0.9402581373217913,2.0725865241945485]","[-14.857561706344345,-15.868622940256586,-17.039198075237778,-17.46603846387947,-17.5623712451478,-16.00552437136679]",M0|M0|M0|M0|M0|M0
NWP_A0_S27_NULL,NWB_A0_S27,NULL_FLARE_RED_NOISE,,,0.0,27,15|30|45|60|90|120,000000,synthetic false selection,False,0,0,0,,,"[-5.500625516317557,-5.045364740670408,-3.5823020806165573,-3.143913788910595,2.898580191655185,-4.286274587051537]","[-1.9210915777444688,-0.07963136330887721,2.465445915809056,2.958721996558154,9.890859697426663,3.7312781725478317]","[-15.500625516317557,-15.045364740670408,-13.582302080616557,-13.143913788910595,-7.101419808344815,-14.286274587051537]",M0|M0|M0|M0|M0|M0
NWP_A0_S27_P050,NWB_A0_S27,STATIONARY_QPP_PRESENT,50.0,0.04,0.0,27,15|30|45|60|90|120,000000,injected QPP selection,False,0,0,0,,,"[-5.481772584476428,-0.6607822213547649,-4.328056199109511,-4.643365783615337,2.5262894940884735,-4.354933388438155]","[-1.729524631675944,4.4707054309464525,1.662834368275412,1.607290608725208,9.519864010455933,3.6311313489442796]","[-15.481772584476428,-10.660782221354765,-14.328056199109511,-14.643365783615337,-7.4737105059115265,-14.354933388438155]",M0|M0|M0|M0|M0|M0
NWP_A0_S27_P080,NWB_A0_S27,STATIONARY_QPP_PRESENT,80.0,0.04,0.0,27,15|30|45|60|90|120,000000,injected QPP selection,False,0,0,0,,,"[-5.336506026637084,-5.3952576778024195,-3.352754537143454,-2.825869999558847,3.0272807763591913,-4.280133014753176]","[-1.9508453570435185,-0.3574978443410828,2.2518904845812813,3.221534517151696,10.02092932400518,3.737083795928072]","[-15.336506026637084,-15.39525767780242,-13.352754537143454,-12.825869999558847,-6.972719223640809,-14.280133014753176]",M0|M0|M0|M0|M0|M0
NWP_A0_S28_NULL,NWB_A0_S28,NULL_FLARE_RED_NOISE,,,0.0,28,15|30|45|60|90|120,000000,synthetic false selection,False,0,0,0,,,"[-5.604166656054581,-5.849158025741588,-3.069976314190967,-1.4850506606451574,-3.4337340422383136,-9.53249291342729]","[-1.9202581813596433,-1.0348356813589987,2.3548476824553006,3.323964298498879,3.6441112056563725,-1.3930262712912622]","[-15.60416665605458,-15.849158025741588,-13.069976314190967,-11.485050660645157,-13.433734042238314,-19.53249291342729]",M0|M0|M0|M0|M0|M0
NWP_A0_S28_P050,NWB_A0_S28,STATIONARY_QPP_PRESENT,50.0,0.04,0.0,28,15|30|45|60|90|120,000000,injected QPP selection,False,0,0,0,,,"[-5.524067335151086,-6.726806910331007,-4.169444936614411,-2.0870173243456804,-3.449755636001271,-9.543006047918084]","[-1.940584338762661,-1.821653048644805,1.406639892687224,2.8633151681146103,3.6283552293453454,-1.402890266332463]","[-15.524067335151086,-16.726806910331007,-14.169444936614411,-12.08701732434568,-13.44975563600127,-19.543006047918084]",M0|M0|M0|M0|M0|M0
NWP_A0_S28_P080,NWB_A0_S28,STATIONARY_QPP_PRESENT,80.0,0.04,0.0,28,15|30|45|60|90|120,000000,injected QPP selection,False,0,0,0,,,"[-5.7184519885718235,-4.832441169639324,-3.5647345856684183,-1.7203891728202052,-3.4662742849424717,-9.54110330954552]","[-1.8697800382730305,-0.1866090850666211,1.6017210479311075,3.1669606116211924,3.6110304430725364,-1.4006586531335188]","[-15.718451988571823,-14.832441169639324,-13.564734585668418,-11.720389172820205,-13.466274284942472,-19.54110330954552]",M0|M0|M0|M0|M0|M0
NWP_A0_S29_NULL,NWB_A0_S29,NULL_FLARE_RED_NOISE,,,0.0,29,15|30|45|60|90|120,000000,synthetic false selection,False,0,0,0,,,"[-5.488103350394823,-7.429515732498501,-3.9925912099067205,-5.410501378950215,-8.406599840351163,-9.74085365534404]","[-1.9498051635989428,-2.339128567976445,0.7580170537794118,0.7375340512091384,-1.1046503371813685,-1.5946901203488437]","[-15.488103350394823,-17.4295157324985,-13.99259120990672,-15.410501378950215,-18.406599840351163,-19.74085365534404]",M0|M0|M0|M0|M0|M0
NWP_A0_S29_P050,NWB_A0_S29,STATIONARY_QPP_PRESENT,50.0,0.04,0.0,29,15|30|45|60|90|120,000000,injected QPP selection,False,0,0,0,,,"[-5.623889923185208,-6.939893703894995,-2.9629309407618223,-5.0775602939559406,-8.384575611440567,-9.736713171330734]","[-1.9145832647110135,-1.7791073311915682,1.4448684674314904,1.0934724271880043,-1.083451015802467,-1.5909927662888208]","[-15.623889923185208,-16.939893703894995,-12.962930940761822,-15.07756029395594,-18.384575611440567,-19.736713171330734]",M0|M0|M0|M0|M0|M0
NWP_A0_S29_P080,NWB_A0_S29,STATIONARY_QPP_PRESENT,80.0,0.04,0.0,29,15|30|45|60|90|120,000000,injected QPP selection,False,0,0,0,,,"[-5.169567415482369,-6.251244530171164,-2.789622876489261,-4.623881935419803,-8.480266879284528,-9.751528413033896]","[-1.814514109101494,-1.8301734693456382,1.4544428544157313,1.5259218430676071,-0.937676367762748,-1.6058266748410688]","[-15.16956741548237,-16.251244530171164,-12.789622876489261,-14.623881935419803,-18.480266879284528,-19.751528413033896]",M0|M0|M0|M0|M0|M0
NWP_A0_S30_NULL,NWB_A0_S30,NULL_FLARE_RED_NOISE,,,0.0,30,15|30|45|60|90|120,000000,synthetic false selection,False,0,0,0,,,"[-5.549277688449715,-6.444919961223292,-7.905692541558437,-7.701482796387552,-8.656167468636227,-8.819361334972143]","[-1.828905514662071,-1.7476531037617065,-2.157739635744832,-1.067925264434507,-1.2313078004074214,-0.6732817586571969]","[-15.549277688449715,-16.44491996122329,-17.905692541558437,-17.701482796387552,-18.656167468636227,-18.819361334972143]",M0|M0|M0|M0|M0|M0
NWP_A0_S30_P050,NWB_A0_S30,STATIONARY_QPP_PRESENT,50.0,0.04,0.0,30,15|30|45|60|90|120,000000,injected QPP selection,False,0,0,0,,,"[-5.360144461763651,-5.942036599056394,-8.534137868641011,-7.757350559975208,-8.6811331857175,-8.821527005003702]","[-1.9434693735293562,-0.8719045614957537,-2.655185000539376,-1.1495907581734457,-1.2472714289344822,-0.669112791051532]","[-15.360144461763651,-15.942036599056394,-18.53413786864101,-17.757350559975208,-18.6811331857175,-18.821527005003702]",M0|M0|M0|M0|M0|M0
NWP_A0_S30_P080,NWB_A0_S30,STATIONARY_QPP_PRESENT,80.0,0.04,0.0,30,15|30|45|60|90|120,000000,injected QPP selection,False,0,0,0,,,"[-5.554507374142938,-5.165076687182932,-6.753978761780871,-8.16045303197356,-8.72131846583926,-8.84019314507708]","[-1.6919864845288375,-0.9214202503552116,-1.4043700664027199,-1.7729154802299831,-1.2919817532547881,-0.6877337404989134]","[-15.554507374142938,-15.165076687182932,-16.75397876178087,-18.16045303197356,-18.72131846583926,-18.84019314507708]",M0|M0|M0|M0|M0|M0
NWP_A0_S31_NULL,NWB_A0_S31,NULL_FLARE_RED_NOISE,,,0.0,31,15|30|45|60|90|120,000000,synthetic false selection,False,0,0,0,,,"[-5.552608524434692,-6.940113293007357,-3.051936923372665,-1.4416976121752896,-4.474756123654828,-4.991610112605201]","[-1.9110514569359358,-2.2126035222539855,2.9428311449080695,4.332042312449403,2.6358240980561334,3.1017752436540036]","[-15.552608524434692,-16.940113293007357,-13.051936923372665,-11.44169761217529,-14.474756123654828,-14.991610112605201]",M0|M0|M0|M0|M0|M0
NWP_A0_S31_P050,NWB_A0_S31,STATIONARY_QPP_PRESENT,50.0,0.04,0.0,31,15|30|45|60|90|120,000000,injected QPP selection,False,0,0,0,,,"[-5.557834140917555,-6.687694816797958,-3.3086620443561117,-1.7046112978366637,-4.459224067222834,-4.9864640208544415]","[-1.9422641612050837,-1.8071466870419357,2.719014557942984,4.074841984405026,2.6489861684802634,3.106333034311774]","[-15.557834140917555,-16.687694816797958,-13.308662044356112,-11.704611297836664,-14.459224067222834,-14.986464020854442]",M0|M0|M0|M0|M0|M0
NWP_A0_S31_P080,NWB_A0_S31,STATIONARY_QPP_PRESENT,80.0,0.04,0.0,31,15|30|45|60|90|120,000000,injected QPP selection,False,0,0,0,,,"[-4.965132559150961,-6.113940716464043,-2.662518972510213,-1.5439669922892563,-4.524512838503057,-4.997572654712371]","[-1.6291663275954678,-2.003174863640254,3.134918904688675,4.250960876043479,2.583906274789996,3.143080067787139]","[-14.96513255915096,-16.113940716464043,-12.662518972510213,-11.543966992289256,-14.524512838503057,-14.997572654712371]",M0|M0|M0|M0|M0|M0
NWP_A0_S32_NULL,NWB_A0_S32,NULL_FLARE_RED_NOISE,,,0.0,32,15|30|45|60|90|120,000000,synthetic false selection,False,0,0,0,,,"[-5.53063992857537,-4.9839419676061,-8.602708141127607,-9.172273633185142,-0.027741726009992362,2.0111818731226663]","[-1.964650524398862,-0.00014609745733196178,-2.808034879908263,-2.8502708936979957,7.2500622085125315,9.092995878685429]","[-15.53063992857537,-14.9839419676061,-18.602708141127607,-19.172273633185142,-10.027741726009992,-7.988818126877334]",M0|M0|M0|M0|M0|M0
NWP_A0_S32_P050,NWB_A0_S32,STATIONARY_QPP_PRESENT,50.0,0.04,0.0,32,15|30|45|60|90|120,000000,injected QPP selection,False,0,0,0,,,"[-5.656240754817807,-6.331198073378189,-8.568613549764564,-8.99130608060787,-0.008023354188253506,2.0026579518465155]","[-1.9483165892006058,-1.3758972550133137,-2.7962180797937606,-2.6815716051846152,7.268871807420112,9.073985579481928]","[-15.656240754817807,-16.33119807337819,-18.568613549764564,-18.99130608060787,-10.008023354188254,-7.9973420481534845]",M0|M0|M0|M0|M0|M0
NWP_A0_S32_P080,NWB_A0_S32,STATIONARY_QPP_PRESENT,80.0,0.04,0.0,32,15|30|45|60|90|120,000000,injected QPP selection,False,0,0,0,,,"[-5.1241132257109925,-3.883216857963461,-8.289117956762965,-9.381554115632497,-0.6123853371693144,1.980928284656784]","[-1.8043753259315904,0.800146971689756,-2.376961035510817,-3.0418104782694115,6.668482437812997,9.61309635932048]","[-15.124113225710992,-13.883216857963461,-18.289117956762965,-19.381554115632497,-10.612385337169314,-8.019071715343216]",M0|M0|M0|M0|M0|M0
NWP_A0_S33_NULL,NWB_A0_S33,NULL_FLARE_RED_NOISE,,,0.0,33,15|30|45|60|90|120,000000,synthetic false selection,False,0,0,0,,,"[-5.501434776284876,-6.323480215133699,-4.257566681525816,-8.894227296223733,-5.230611599993836,-6.272708696158588]","[-1.865412896101378,-2.512998660658454,1.1873867075949534,-2.2656744076953714,1.8119719782263246,1.6916283225181132]","[-15.501434776284876,-16.3234802151337,-14.257566681525816,-18.894227296223733,-15.230611599993836,-16.27270869615859]",M0|M0|M0|M0|M0|M0
NWP_A0_S33_P050,NWB_A0_S33,STATIONARY_QPP_PRESENT,50.0,0.04,0.0,33,15|30|45|60|90|120,000000,injected QPP selection,False,0,0,0,,,"[-4.8837774429379905,-2.238908245090613,-4.861417545080684,-8.985527778831766,-5.193509875271502,-6.2785546263755805]","[-1.0695387694481662,0.2662753477066957,0.683065727983859,-2.3325587743833296,1.8569258033389247,1.6887544542292972]","[-14.88377744293799,-12.238908245090613,-14.861417545080684,-18.985527778831766,-15.193509875271502,-16.27855462637558]",M0|M0|M0|M0|M0|M0
NWP_A0_S33_P080,NWB_A0_S33,STATIONARY_QPP_PRESENT,80.0,0.04,0.0,33,15|30|45|60|90|120,000000,injected QPP selection,False,0,0,0,,,"[-5.597583767887011,-4.694553221631125,-1.4868768386924955,-8.135286699535726,-5.33778697848561,-6.273147738728483]","[-1.9244128043391528,-1.3600484338079468,3.646541976317849,-1.5579766819834333,1.6975853441437039,1.6935238948949518]","[-15.597583767887011,-14.694553221631125,-11.486876838692496,-18.135286699535726,-15.33778697848561,-16.273147738728483]",M0|M0|M0|M0|M0|M0
NWP_A0_S34_NULL,NWB_A0_S34,NULL_FLARE_RED_NOISE,,,0.0,34,15|30|45|60|90|120,000000,synthetic false selection,False,0,0,0,,,"[-5.265882296675011,-6.868238333259853,-7.446265151584413,-7.691839899347343,-3.7268383559556924,1.9116400936994182]","[-1.9448512026759692,-1.743778027193187,-1.5916741024220755,-1.6715180777966339,3.214463423891459,9.221060259000808]","[-15.265882296675011,-16.868238333259853,-17.446265151584413,-17.691839899347343,-13.726838355955692,-8.088359906300582]",M0|M0|M0|M0|M0|M0
NWP_A0_S34_P050,NWB_A0_S34,STATIONARY_QPP_PRESENT,50.0,0.04,0.0,34,15|30|45|60|90|120,000000,injected QPP selection,False,0,0,0,,,"[-5.16820512260364,-3.0602708214707235,-5.0138369852814435,-7.552317663033733,-3.5082820421581573,2.0959609941428994]","[-1.9347108230067898,1.4762907894931487,0.8760014931667115,-1.5670963888268261,3.4362660894598775,9.409654749576475]","[-15.16820512260364,-13.060270821470723,-15.013836985281444,-17.552317663033733,-13.508282042158157,-7.904039005857101]",M0|M0|M0|M0|M0|M0
NWP_A0_S34_P080,NWB_A0_S34,STATIONARY_QPP_PRESENT,80.0,0.04,0.0,34,15|30|45|60|90|120,000000,injected QPP selection,False,0,0,0,,,"[-5.5688066632585755,-7.27040715165289,-7.8765285234789815,-7.852539837903521,-3.8006572446185487,1.8833897756626925]","[-1.899134435435017,-2.1648245206848173,-2.1331164227733552,-1.7996736623046559,3.1445130249349518,9.197239608831467]","[-15.568806663258576,-17.27040715165289,-17.87652852347898,-17.85253983790352,-13.800657244618549,-8.116610224337307]",M0|M0|M0|M0|M0|M0
NWP_A0_S35_NULL,NWB_A0_S35,NULL_FLARE_RED_NOISE,,,0.0,35,15|30|45|60|90|120,000000,synthetic false selection,False,0,0,0,,,"[-5.554121731738473,-4.69595272100581,-7.025061335744283,-8.250565642729498,-7.215947708283636,-5.882268738719802]","[-1.8443925272046302,0.26245572400344486,-1.8903926554772283,-2.711540215175006,0.2992166467798256,2.2704223324730606]","[-15.554121731738473,-14.69595272100581,-17.025061335744283,-18.250565642729498,-17.215947708283636,-15.882268738719802]",M0|M0|M0|M0|M0|M0
NWP_A0_S35_P050,NWB_A0_S35,STATIONARY_QPP_PRESENT,50.0,0.04,0.0,35,15|30|45|60|90|120,000000,injected QPP selection,False,0,0,0,,,"[-5.228236583453024,-0.7435818010130646,-7.381570223509584,-8.46523620696587,-7.297871893936872,-5.905779717293285]","[-1.800610740334677,3.7700745167535814,-2.3287734334598156,-2.9295552214539953,0.23476706274811932,2.247503301529548]","[-15.228236583453024,-10.743581801013065,-17.381570223509584,-18.46523620696587,-17.297871893936872,-15.905779717293285]",M0|M0|M0|M0|M0|M0
NWP_A0_S35_P080,NWB_A0_S35,STATIONARY_QPP_PRESENT,80.0,0.04,0.0,35,15|30|45|60|90|120,000000,injected QPP selection,False,0,0,0,,,"[-5.569268155531155,-5.946706525392656,-6.962634541339128,-8.152201038045433,-7.166402318034159,-5.870838157679657]","[-1.746981568621785,-1.365861071939321,-1.9855131170591278,-2.682108458742391,0.32712588994570524,2.2824043202649023]","[-15.569268155531155,-15.946706525392656,-16.962634541339128,-18.152201038045433,-17.16640231803416,-15.870838157679657]",M0|M0|M0|M0|M0|M0
NWP_A0_S36_NULL,NWB_A0_S36,NULL_FLARE_RED_NOISE,,,0.0,36,15|30|45|60|90|120,000000,synthetic false selection,False,0,0,0,,,"[-5.541838418007194,-6.690504732084946,-2.780384260996044,0.06431481967635477,-4.732975181773327,-12.23261360665623]","[-1.9186628314794936,-1.5949003912635789,2.7279812644096353,5.9427278282699945,2.529009082712946,-4.410097361810074]","[-15.541838418007194,-16.690504732084946,-12.780384260996044,-9.935685180323645,-14.732975181773327,-22.23261360665623]",M0|M0|M0|M0|M0|M0
NWP_A0_S36_P050,NWB_A0_S36,STATIONARY_QPP_PRESENT,50.0,0.04,0.0,36,15|30|45|60|90|120,000000,injected QPP selection,False,0,0,0,,,"[-5.5158137633624325,-7.4776307833593165,-3.6111469014687145,-0.6360728217175335,-4.78137506531823,-0.35887854761415383]","[-1.7891305648484588,-2.3626105018295505,1.8829170294499988,5.246861681235401,2.4798282392311535,7.465296640529061]","[-15.515813763362432,-17.477630783359317,-13.611146901468715,-10.636072821717534,-14.78137506531823,-10.358878547614154]",M0|M0|M0|M0|M0|M0
NWP_A0_S36_P080,NWB_A0_S36,STATIONARY_QPP_PRESENT,80.0,0.04,0.0,36,15|30|45|60|90|120,000000,injected QPP selection,False,0,0,0,,,"[-5.446810346872956,-6.288784815772644,-3.1470148422340287,-0.19516119398127785,-4.74681924877774,-0.30631258610480927]","[-1.8859756121474947,-1.514696756760145,2.431612167016482,5.699136930478062,2.514944897707494,7.515306292247146]","[-15.446810346872956,-16.288784815772644,-13.147014842234029,-10.195161193981278,-14.74681924877774,-10.30631258610481]",M0|M0|M0|M0|M0|M0
NWP_A0_S37_NULL,NWB_A0_S37,NULL_FLARE_RED_NOISE,,,0.0,37,15|30|45|60|90|120,000000,synthetic false selection,False,0,0,0,,,"[-5.379507510209585,-5.8672913072008726,-2.961932383236558,9.802758667685339,-0.899109409399756,-5.484667288323124]","[-1.8664052172221277,-0.9352378911298445,2.5075216845451678,15.70047786271411,6.340604117161462,2.6701647207437986]","[-15.379507510209585,-15.867291307200873,-12.961932383236558,-0.19724133231466112,-10.899109409399756,-15.484667288323124]",M0|M0|M0|M0|M0|M0
NWP_A0_S37_P050,NWB_A0_S37,STATIONARY_QPP_PRESENT,50.0,0.04,0.0,37,15|30|45|60|90|120,000000,injected QPP selection,False,0,0,0,,,"[-5.225398176467705,-3.0061719590675438,-2.5681266807495717,9.81083895075102,-0.8899418299822344,-5.443064068070498]","[-1.7860647750662322,1.7814818855161576,2.771731848832985,15.717350488284097,6.35707423420385,2.7117760095838435]","[-15.225398176467705,-13.006171959067544,-12.568126680749572,-0.18916104924898036,-10.889941829982234,-15.443064068070498]",M0|M0|M0|M0|M0|M0
NWP_A0_S37_P080,NWB_A0_S37,STATIONARY_QPP_PRESENT,80.0,0.04,0.0,37,15|30|45|60|90|120,000000,injected QPP selection,False,0,0,0,,,"[-5.700522275936482,-5.915542092492728,-3.0110045118545656,9.553513005457802,-0.7823411614741929,-5.452921755380544]","[-1.9388253973146012,-1.1555514631826185,2.421207632225588,16.035153138268868,6.461620114219585,2.701915825302308]","[-15.700522275936482,-15.915542092492728,-13.011004511854566,-0.4464869945421981,-10.782341161474193,-15.452921755380544]",M0|M0|M0|M0|M0|M0
NWP_A0_S38_NULL,NWB_A0_S38,NULL_FLARE_RED_NOISE,,,0.0,38,15|30|45|60|90|120,000000,synthetic false selection,False,0,0,0,,,"[-5.394234635690106,-6.536887209781327,-5.084531307007552,-5.257600455055666,-7.112997645964242,-5.207910383410308]","[-1.8941007379163102,-1.6020122024107621,0.4790919352898868,1.2589796584363455,-0.06419331957391705,2.8385545503941785]","[-15.394234635690106,-16.536887209781327,-15.084531307007552,-15.257600455055666,-17.112997645964242,-15.207910383410308]",M0|M0|M0|M0|M0|M0
NWP_A0_S38_P050,NWB_A0_S38,STATIONARY_QPP_PRESENT,50.0,0.04,0.0,38,15|30|45|60|90|120,000000,injected QPP selection,False,0,0,0,,,"[-5.307825574974874,-6.576079464083676,-4.7707654932031005,-5.287615257661855,-7.091171338268282,-5.196895906919735]","[-1.9177254004183473,-2.069393575622925,0.8110181635234426,1.226508414075198,-0.050340128540085516,2.84914457092475]","[-15.307825574974874,-16.576079464083676,-14.7707654932031,-15.287615257661855,-17.091171338268282,-15.196895906919735]",M0|M0|M0|M0|M0|M0
NWP_A0_S38_P080,NWB_A0_S38,STATIONARY_QPP_PRESENT,80.0,0.04,0.0,38,15|30|45|60|90|120,000000,injected QPP selection,False,0,0,0,,,"[-5.5958588059177234,-5.493327324791167,-7.527256061019585,-5.733447619250768,-7.162371285111249,-5.226816563928196]","[-1.8216941763729002,-0.4439624451895412,-1.4497830970299788,0.7407539392346223,-0.10445588371516124,2.822604030901914]","[-15.595858805917723,-15.493327324791167,-17.527256061019585,-15.733447619250768,-17.16237128511125,-15.226816563928196]",M0|M0|M0|M0|M0|M0
NWP_A0_S39_NULL,NWB_A0_S39,NULL_FLARE_RED_NOISE,,,0.0,39,15|30|45|60|90|120,000000,synthetic false selection,False,0,0,0,,,"[-5.422718947425169,-7.527600244050248,-6.397584349867373,-5.019821353524151,-7.301196052533726,-4.023297467845737]","[-1.9562131306933468,-2.3691757341478166,-1.8059329912169915,-0.30475045314955196,-0.19439867692489088,4.042762717919516]","[-15.42271894742517,-17.527600244050248,-16.397584349867373,-15.01982135352415,-17.301196052533726,-14.023297467845737]",M0|M0|M0|M0|M0|M0
NWP_A0_S39_P050,NWB_A0_S39,STATIONARY_QPP_PRESENT,50.0,0.04,0.0,39,15|30|45|60|90|120,000000,injected QPP selection,False,0,0,0,,,"[-5.042346925280253,-6.280322253387865,-6.208963357892031,-5.020234438384506,-7.297923334262691,-4.020476993159491]","[-1.8255396260383412,-1.1942246440105606,-1.3252802607708247,-0.22620532651211533,-0.19098673950082912,4.025002056165079]","[-15.042346925280253,-16.280322253387865,-16.20896335789203,-15.020234438384506,-17.29792333426269,-14.020476993159491]",M0|M0|M0|M0|M0|M0
NWP_A0_S39_P080,NWB_A0_S39,STATIONARY_QPP_PRESENT,80.0,0.04,0.0,39,15|30|45|60|90|120,000000,injected QPP selection,False,0,0,0,,,"[-5.016333654274067,-7.316322948711743,-6.436693766618106,-5.0354672052927185,-7.13174766763791,-3.9730863295682752]","[-1.9252114154437967,-2.334122506124004,-1.8607950940059652,-0.364535258678643,-0.025871286200469967,3.913908838771988]","[-15.016333654274067,-17.316322948711743,-16.436693766618106,-15.035467205292719,-17.13174766763791,-13.973086329568275]",M0|M0|M0|M0|M0|M0
NWP_A1_S00_NULL,NWB_A1_S00,NULL_FLARE_RED_NOISE,,,1.0,0,15|30|45|60|90|120,000000,synthetic false selection,False,0,0,0,,,"[-5.60069165173061,-7.673275126529177,-7.569239812980669,-3.7419724926384106,-6.566615755651583,-1.876665891020025]","[-1.9413952856279737,-2.53613152635765,-1.7970638201566373,0.8287169382990385,-2.46637996791668,5.230383101120026]","[-15.60069165173061,-17.673275126529177,-17.56923981298067,-13.74197249263841,-16.566615755651583,-11.876665891020025]",M0|M0|M0|M0|M0|M0
NWP_A1_S00_P050,NWB_A1_S00,STATIONARY_QPP_PRESENT,50.0,0.04,1.0,0,15|30|45|60|90|120,000000,injected QPP selection,False,0,0,0,,,"[-5.461772692584427,-6.2859169415091,-7.786707322837827,-4.041173101171495,-6.451493224588887,-1.8258900677346332]","[-1.6242000456108672,-1.2067453925271536,-2.16716360866414,0.5136418867417092,-2.4001238153809936,5.275902723423201]","[-15.461772692584427,-16.2859169415091,-17.786707322837827,-14.041173101171495,-16.451493224588887,-11.825890067734633]",M0|M0|M0|M0|M0|M0
NWP_A1_S00_P080,NWB_A1_S00,STATIONARY_QPP_PRESENT,80.0,0.04,1.0,0,15|30|45|60|90|120,000000,injected QPP selection,False,0,0,0,,,"[-5.752557720517586,-6.0385530639435245,-5.986106157258149,-3.1772226256001375,-6.1044594902933795,-1.9271587486702515]","[-1.963898901483625,-0.955912016837317,-0.993728681134769,0.988234536742226,-2.1086486601571437,5.137725260276909]","[-15.752557720517586,-16.038553063943525,-15.986106157258149,-13.177222625600137,-16.10445949029338,-11.927158748670251]",M0|M0|M0|M0|M0|M0
NWP_A1_S01_NULL,NWB_A1_S01,NULL_FLARE_RED_NOISE,,,1.0,1,15|30|45|60|90|120,000000,synthetic false selection,False,0,0,0,,,"[-5.597681397909792,-5.3250410447029,-6.1068572510223476,-6.834660209706016,-0.031741207437960384,-6.690762378051886]","[-1.8811215388922404,-0.2754222269183515,-0.18207082793620089,-0.7008552736016043,7.324599373473802,-0.48227770746223086]","[-15.597681397909792,-15.3250410447029,-16.106857251022348,-16.834660209706016,-10.03174120743796,-16.690762378051886]",M0|M0|M0|M0|M0|M0
NWP_A1_S01_P050,NWB_A1_S01,STATIONARY_QPP_PRESENT,50.0,0.04,1.0,1,15|30|45|60|90|120,000000,injected QPP selection,False,0,0,0,,,"[-5.280229806611105,-2.4690449579224776,-3.3464509046352475,-7.663467888300573,-0.3467178737116683,-6.759410334582697]","[-1.531814308225905,2.2885086508170076,2.3321148357496497,-1.6485271723628614,7.0509178795986145,-0.5345597367739288]","[-15.280229806611105,-12.469044957922478,-13.346450904635248,-17.663467888300573,-10.346717873711668,-16.759410334582697]",M0|M0|M0|M0|M0|M0
NWP_A1_S01_P080,NWB_A1_S01,STATIONARY_QPP_PRESENT,80.0,0.04,1.0,1,15|30|45|60|90|120,000000,injected QPP selection,False,0,0,0,,,"[-5.72080331352835,-5.711044312480496,-7.5296632263741685,-6.81869293957385,-0.18595777356307508,-6.704102949993512]","[-1.8894780371639746,-0.9660358956845982,-1.757589765770291,-0.7447686867218124,6.84149601291972,-0.5228612500977192]","[-15.72080331352835,-15.711044312480496,-17.52966322637417,-16.81869293957385,-10.185957773563075,-16.704102949993512]",M0|M0|M0|M0|M0|M0
NWP_A1_S02_NULL,NWB_A1_S02,NULL_FLARE_RED_NOISE,,,1.0,2,15|30|45|60|90|120,000000,synthetic false selection,False,0,0,0,,,"[-5.589578964288938,-7.394147888830318,-6.887498319544932,-5.260424597628457,-8.353336695941664,-9.08524544559441]","[-1.933006270056553,-2.2244720541237513,-0.9881247451649244,-0.2765821820408121,-2.9100526327695775,-2.4491254310249815]","[-15.589578964288938,-17.394147888830318,-16.88749831954493,-15.260424597628457,-18.353336695941664,-19.08524544559441]",M0|M0|M0|M0|M0|M0
NWP_A1_S02_P050,NWB_A1_S02,STATIONARY_QPP_PRESENT,50.0,0.04,1.0,2,15|30|45|60|90|120,000000,injected QPP selection,False,0,0,0,,,"[-5.275666140246093,-3.6447964370448744,-7.614378841990742,-6.9036365226503165,-8.831807824942246,-9.069621363781323]","[-1.8858096129884911,1.2773566963446257,-1.9749782321023304,-1.4436837343112074,-3.3133940698623974,-2.4162271066517746]","[-15.275666140246093,-13.644796437044874,-17.614378841990742,-16.903636522650316,-18.831807824942246,-19.069621363781323]",M0|M0|M0|M0|M0|M0
NWP_A1_S02_P080,NWB_A1_S02,STATIONARY_QPP_PRESENT,80.0,0.04,1.0,2,15|30|45|60|90|120,000000,injected QPP selection,False,0,0,0,,,"[-5.394858635632948,-7.452556920016065,-6.358502507275574,-5.262638316663185,-8.336389282356663,-9.078636707319333]","[-1.8136292756404702,-2.8139724187176256,-0.9942944234190634,-0.04819541214754963,-2.875010586563235,-2.434365251400891]","[-15.394858635632948,-17.452556920016065,-16.358502507275574,-15.262638316663185,-18.336389282356663,-19.078636707319333]",M0|M0|M0|M0|M0|M0
NWP_A1_S03_NULL,NWB_A1_S03,NULL_FLARE_RED_NOISE,,,1.0,3,15|30|45|60|90|120,000000,synthetic false selection,False,0,0,0,,,"[-5.477575733969923,-6.666110215713232,-5.758794008301237,-6.088056108409177,-7.988222455540381,-8.934201048005832]","[-1.9374813833382527,-1.517920765251759,-0.01702664864791359,-0.07462367661250369,-0.8687070546777136,-2.26300553304975]","[-15.477575733969923,-16.666110215713232,-15.758794008301237,-16.088056108409177,-17.98822245554038,-18.934201048005832]",M0|M0|M0|M0|M0|M0
NWP_A1_S03_P050,NWB_A1_S03,STATIONARY_QPP_PRESENT,50.0,0.04,1.0,3,15|30|45|60|90|120,000000,injected QPP selection,False,0,0,0,,,"[-5.117140007044075,-6.340294320385155,-5.9567175356798145,-6.156036196852057,-7.985064507645859,-8.93240652881758]","[-1.9368201331037396,-1.4318086059094526,0.07162726945747977,-0.027469349579973823,-0.8626986469866438,-2.2604094911633297]","[-15.117140007044075,-16.340294320385155,-15.956717535679815,-16.156036196852057,-17.98506450764586,-18.93240652881758]",M0|M0|M0|M0|M0|M0
NWP_A1_S03_P080,NWB_A1_S03,STATIONARY_QPP_PRESENT,80.0,0.04,1.0,3,15|30|45|60|90|120,000000,injected QPP selection,False,0,0,0,,,"[-5.36490734395794,-7.23221864622829,-8.53595242846714,-7.914708010072729,-7.918776179612735,-8.919801166897344]","[-1.836623556589827,-2.61648427183691,-2.4990911522923795,-1.5989712060615204,-0.7907289816867547,-2.261016827020228]","[-15.36490734395794,-17.23221864622829,-18.53595242846714,-17.91470801007273,-17.918776179612735,-18.919801166897344]",M0|M0|M0|M0|M0|M0
NWP_A1_S04_NULL,NWB_A1_S04,NULL_FLARE_RED_NOISE,,,1.0,4,15|30|45|60|90|120,000000,synthetic false selection,False,0,0,0,,,"[-5.528055869125886,-6.185629755962935,-5.41184396714857,-2.643641967615082,-10.233092870997723,-8.689992264799002]","[-1.9425807564309645,-1.4619185651622217,-0.3855830877565154,3.1563790081934826,-2.704398450584222,-1.037972571397347]","[-15.528055869125886,-16.185629755962935,-15.41184396714857,-12.643641967615082,-20.233092870997723,-18.689992264799002]",M0|M0|M0|M0|M0|M0
NWP_A1_S04_P050,NWB_A1_S04,STATIONARY_QPP_PRESENT,50.0,0.04,1.0,4,15|30|45|60|90|120,000000,injected QPP selection,False,0,0,0,,,"[-5.380463095296513,-4.560281104831631,-5.651144304584761,-4.553578613514816,-10.226946273567933,-8.710523556040641]","[-1.7025954721100396,0.1113829143734506,-0.3805438259554421,1.3371371351834966,-2.811496552489018,-1.059532518663957]","[-15.380463095296513,-14.560281104831631,-15.651144304584761,-14.553578613514816,-20.226946273567933,-18.71052355604064]",M0|M0|M0|M0|M0|M0
NWP_A1_S04_P080,NWB_A1_S04,STATIONARY_QPP_PRESENT,80.0,0.04,1.0,4,15|30|45|60|90|120,000000,injected QPP selection,False,0,0,0,,,"[-5.757955697383064,-6.470258722115844,-6.647033800624001,-3.7702416784215984,-10.23256880958678,-8.63267856402075]","[-1.9582632620607496,-1.3934104460749808,-0.806868136253712,2.3259146400919803,-2.6795237805320085,-0.9874896640626503]","[-15.757955697383064,-16.470258722115844,-16.647033800624,-13.770241678421598,-20.23256880958678,-18.63267856402075]",M0|M0|M0|M0|M0|M0
NWP_A1_S05_NULL,NWB_A1_S05,NULL_FLARE_RED_NOISE,,,1.0,5,15|30|45|60|90|120,000000,synthetic false selection,False,0,0,0,,,"[-5.471785112375786,-6.186725963099221,-8.496316355815736,-4.149173692120172,-4.012067214132003,-2.1448188418069662]","[-1.944708123003271,-1.0993161235756048,-2.5079105670054105,1.9672209155970108,1.813485581962425,4.727576723492007]","[-15.471785112375786,-16.18672596309922,-18.496316355815736,-14.149173692120172,-14.012067214132003,-12.144818841806966]",M0|M0|M0|M0|M0|M0
NWP_A1_S05_P050,NWB_A1_S05,STATIONARY_QPP_PRESENT,50.0,0.04,1.0,5,15|30|45|60|90|120,000000,injected QPP selection,False,0,0,0,,,"[-5.343222504610729,-0.627618133772657,-5.734248879829607,-5.210740130345215,-4.23749636070454,-2.1052547493963516]","[-1.6016158389034159,4.3429875050126014,0.4297915944732722,0.9772034381462902,-0.15158808530219403,0.8719848132486732]","[-15.34322250461073,-10.627618133772657,-15.734248879829607,-15.210740130345215,-14.23749636070454,-12.105254749396352]",M0|M0|M0|M0|M0|M0
NWP_A1_S05_P080,NWB_A1_S05,STATIONARY_QPP_PRESENT,80.0,0.04,1.0,5,15|30|45|60|90|120,000000,injected QPP selection,False,0,0,0,,,"[-5.682629108200183,-6.753159920762229,-6.42092484011485,-2.3507405825521914,-3.6840490989566774,-2.1500139229436286]","[-1.963543992105662,-1.8450444962816448,-0.7313525771072307,3.5074109103494777,2.1697923486032664,0.9160542521653952]","[-15.682629108200183,-16.75315992076223,-16.42092484011485,-12.350740582552191,-13.684049098956677,-12.150013922943629]",M0|M0|M0|M0|M0|M0
NWP_A1_S06_NULL,NWB_A1_S06,NULL_FLARE_RED_NOISE,,,1.0,6,15|30|45|60|90|120,000000,synthetic false selection,False,0,0,0,,,"[-5.505228741415582,-7.523770043337265,-8.376628124127308,-8.78019667647996,-4.8933428978264715,-5.704594677640841]","[-1.888939384369423,-2.490196888251731,-2.5006956948734,-2.5280749505298274,0.6558925422024231,-3.1549685324558823]","[-15.505228741415582,-17.523770043337265,-18.376628124127308,-18.78019667647996,-14.893342897826471,-15.704594677640841]",M0|M0|M0|M0|M0|M0
NWP_A1_S06_P050,NWB_A1_S06,STATIONARY_QPP_PRESENT,50.0,0.04,1.0,6,15|30|45|60|90|120,000000,injected QPP selection,False,0,0,0,,,"[-5.177802298886853,-6.4162044220276755,-6.863194363487196,-7.705513386611301,-5.010587972327414,-5.668876718167439]","[-1.9471308435238326,-1.664298079561135,-1.1490020640072487,-1.4633333801021706,0.7236491792495485,-3.0749422572495746]","[-15.177802298886853,-16.416204422027675,-16.863194363487196,-17.7055133866113,-15.010587972327414,-15.66887671816744]",M0|M0|M0|M0|M0|M0
NWP_A1_S06_P080,NWB_A1_S06,STATIONARY_QPP_PRESENT,80.0,0.04,1.0,6,15|30|45|60|90|120,000000,injected QPP selection,False,0,0,0,,,"[-5.304486252237082,-6.458520495657595,-7.405188828836742,-7.973363979725804,-5.197843400333113,-5.704441399085226]","[-1.7245662349518485,-1.6750589117530126,-1.8616586130913504,-1.8339130403342665,0.3579689941184938,-3.168354731664124]","[-15.304486252237082,-16.458520495657595,-17.405188828836742,-17.973363979725804,-15.197843400333113,-15.704441399085226]",M0|M0|M0|M0|M0|M0
NWP_A1_S07_NULL,NWB_A1_S07,NULL_FLARE_RED_NOISE,,,1.0,7,15|30|45|60|90|120,000000,synthetic false selection,False,0,0,0,,,"[-5.58643677396241,-7.464527125238064,-8.028639024844665,-7.362178684121858,-3.799135543232353,-4.588980582787144]","[-1.9172828161312188,-2.418644787799863,-2.230567107485683,-1.0551034977638096,2.881345747807188,2.1838566780146493]","[-15.58643677396241,-17.464527125238064,-18.028639024844665,-17.362178684121858,-13.799135543232353,-14.588980582787144]",M0|M0|M0|M0|M0|M0
NWP_A1_S07_P050,NWB_A1_S07,STATIONARY_QPP_PRESENT,50.0,0.04,1.0,7,15|30|45|60|90|120,000000,injected QPP selection,False,0,0,0,,,"[-5.550735140617075,-4.325229318810841,-4.929256925601692,-5.771209603880578,-3.5977928138341326,-4.603645402897655]","[-1.9238824585419705,-0.22786781877697138,0.2718993627056534,0.46089347331070485,3.037743145682043,2.1587347226536053]","[-15.550735140617075,-14.325229318810841,-14.929256925601692,-15.771209603880578,-13.597792813834133,-14.603645402897655]",M0|M0|M0|M0|M0|M0
NWP_A1_S07_P080,NWB_A1_S07,STATIONARY_QPP_PRESENT,80.0,0.04,1.0,7,15|30|45|60|90|120,000000,injected QPP selection,False,0,0,0,,,"[-5.510040323899791,-7.413629971022743,-8.00267601617739,-7.7282157922172985,-4.1305926217898445,-4.638668850365434]","[-1.9405890709226528,-2.20907679028916,-2.2033449669882827,-1.6160356014565878,2.4790413974899934,2.12033169586374]","[-15.51004032389979,-17.413629971022743,-18.00267601617739,-17.7282157922173,-14.130592621789845,-14.638668850365434]",M0|M0|M0|M0|M0|M0
NWP_A1_S08_NULL,NWB_A1_S08,NULL_FLARE_RED_NOISE,,,1.0,8,15|30|45|60|90|120,000000,synthetic false selection,False,0,0,0,,,"[-5.551675903931862,-7.6142933675889,-7.151519143467652,-5.369373243117792,-5.557074649233186,-4.011703206951665]","[-1.9505503108838758,-2.597492272798789,-1.3607567067000161,0.9081706471521613,0.4348373963069321,2.9910924368866745]","[-15.551675903931862,-17.6142933675889,-17.151519143467652,-15.369373243117792,-15.557074649233186,-14.011703206951665]",M0|M0|M0|M0|M0|M0
NWP_A1_S08_P050,NWB_A1_S08,STATIONARY_QPP_PRESENT,50.0,0.04,1.0,8,15|30|45|60|90|120,000000,injected QPP selection,False,0,0,0,,,"[-5.155672498811509,-6.365736208734603,-7.68603978033471,-5.677312741332884,-5.604975001421224,-4.0339627950097565]","[-1.7989230280855084,-1.5147397587519862,-2.0192415224620106,0.7550431049327528,0.3847062717363201,2.975676466891059]","[-15.155672498811509,-16.365736208734603,-17.68603978033471,-15.677312741332884,-15.604975001421224,-14.033962795009757]",M0|M0|M0|M0|M0|M0
NWP_A1_S08_P080,NWB_A1_S08,STATIONARY_QPP_PRESENT,80.0,0.04,1.0,8,15|30|45|60|90|120,000000,injected QPP selection,False,0,0,0,,,"[-5.340451045622833,-7.530085566204221,-6.967034740809652,-5.446679448454518,-5.362795433634062,-3.9986621251409247]","[-1.9341208602999567,-2.746115748479326,-1.2942001184455876,0.8745766568005706,0.6352722267196782,3.004779227518668]","[-15.340451045622833,-17.53008556620422,-16.967034740809652,-15.446679448454518,-15.362795433634062,-13.998662125140925]",M0|M0|M0|M0|M0|M0
NWP_A1_S09_NULL,NWB_A1_S09,NULL_FLARE_RED_NOISE,,,1.0,9,15|30|45|60|90|120,000000,synthetic false selection,False,0,0,0,,,"[-5.559996017974697,-6.95931971952119,-8.28365122457339,-6.593863704562267,-3.53131734625822,-4.148625027831599]","[-1.8867108399298003,-2.062000885835147,-2.3591362113988623,-0.381719252530786,3.78532112243073,3.0950375445682994]","[-15.559996017974697,-16.95931971952119,-18.28365122457339,-16.593863704562267,-13.53131734625822,-14.1486250278316]",M0|M0|M0|M0|M0|M0
NWP_A1_S09_P050,NWB_A1_S09,STATIONARY_QPP_PRESENT,50.0,0.04,1.0,9,15|30|45|60|90|120,000000,injected QPP selection,False,0,0,0,,,"[-5.531661503452833,-5.962432153902256,-8.32101125300565,-5.906637874393709,-3.333933421712686,-4.163292335781534]","[-1.752901339009754,-1.0705032902331055,-2.3999785065459207,0.4035479945169129,3.9779338545403675,3.0867185185834387]","[-15.531661503452833,-15.962432153902256,-18.32101125300565,-15.90663787439371,-13.333933421712686,-14.163292335781534]",M0|M0|M0|M0|M0|M0
NWP_A1_S09_P080,NWB_A1_S09,STATIONARY_QPP_PRESENT,80.0,0.04,1.0,9,15|30|45|60|90|120,000000,injected QPP selection,False,0,0,0,,,"[-5.736090699060906,-5.604531951729854,-6.682157254219021,-6.695560860517531,-3.4595908639919912,-4.1462550921068555]","[-1.904254534300816,-0.9020785735048804,-0.9432458890854036,-0.4180353761255162,3.967140037083823,3.104044170468626]","[-15.736090699060906,-15.604531951729854,-16.68215725421902,-16.69556086051753,-13.459590863991991,-14.146255092106855]",M0|M0|M0|M0|M0|M0
NWP_A1_S10_NULL,NWB_A1_S10,NULL_FLARE_RED_NOISE,,,1.0,10,15|30|45|60|90|120,000000,synthetic false selection,False,0,0,0,,,"[-5.6168455324721265,-6.9675982358021855,-4.9619564023078055,-2.8767000670877394,-1.7320156828886866,-5.8801283665505935]","[-1.9504152700326083,-1.8397965012533462,0.6532473167163744,2.7537621586864134,4.452145186278983,1.8752332709673851]","[-15.616845532472126,-16.967598235802186,-14.961956402307806,-12.87670006708774,-11.732015682888687,-15.880128366550593]",M0|M0|M0|M0|M0|M0
NWP_A1_S10_P050,NWB_A1_S10,STATIONARY_QPP_PRESENT,50.0,0.04,1.0,10,15|30|45|60|90|120,000000,injected QPP selection,False,0,0,0,,,"[-5.185141274877193,-5.316185014448109,-5.379628328978129,-3.1767043031075275,-1.684563739290013,-5.878739447651753]","[-1.7650330182610103,-0.3869149509801133,0.40437611462402856,2.5316422957284033,5.28806886037961,-0.108808096238306]","[-15.185141274877193,-15.31618501444811,-15.379628328978129,-13.176704303107527,-11.684563739290013,-15.878739447651753]",M0|M0|M0|M0|M0|M0
NWP_A1_S10_P080,NWB_A1_S10,STATIONARY_QPP_PRESENT,80.0,0.04,1.0,10,15|30|45|60|90|120,000000,injected QPP selection,False,0,0,0,,,"[-5.395977314976298,-7.11489625703301,-6.485395423215039,-4.022200093564379,-1.6252504525554627,-5.864102640348676]","[-1.9314966645032081,-2.2617634055172715,-0.7582314642571646,1.7810820501614728,4.448233046176824,1.8782177183748558]","[-15.395977314976298,-17.11489625703301,-16.48539542321504,-14.02220009356438,-11.625250452555463,-15.864102640348676]",M0|M0|M0|M0|M0|M0
NWP_A1_S11_NULL,NWB_A1_S11,NULL_FLARE_RED_NOISE,,,1.0,11,15|30|45|60|90|120,000000,synthetic false selection,False,0,0,0,,,"[-5.546255913683316,-7.376776663596473,-7.610510797346507,-5.789403985655326,-8.430761910568322,-3.3163945753286157]","[-1.947445403980688,-2.254371151168016,-1.599670986680053,0.32397164775471765,-2.7022514481304256,3.0705527182737455]","[-15.546255913683316,-17.376776663596473,-17.610510797346507,-15.789403985655326,-18.43076191056832,-13.316394575328616]",M0|M0|M0|M0|M0|M0
NWP_A1_S11_P050,NWB_A1_S11,STATIONARY_QPP_PRESENT,50.0,0.04,1.0,11,15|30|45|60|90|120,000000,injected QPP selection,False,0,0,0,,,"[-5.20667310414558,-4.700686513905993,-3.2785150672794146,-4.870897411258056,-8.478704848645748,-3.2937713266253468]","[-1.8615215344290297,0.13684546687467503,2.340752683378554,1.2538673209463695,-2.781195177534414,3.0514600198883954]","[-15.20667310414558,-14.700686513905993,-13.278515067279415,-14.870897411258056,-18.478704848645748,-13.293771326625347]",M0|M0|M0|M0|M0|M0
NWP_A1_S11_P080,NWB_A1_S11,STATIONARY_QPP_PRESENT,80.0,0.04,1.0,11,15|30|45|60|90|120,000000,injected QPP selection,False,0,0,0,,,"[-5.586537969624084,-6.863739550633369,-7.804383306489768,-4.965101350928762,-8.541286720149344,-3.3630087945712717]","[-1.8097577437786425,-2.035193737319318,-2.3798980139638104,1.0038114764637953,-2.714660697173713,3.089875376569182]","[-15.586537969624084,-16.86373955063337,-17.80438330648977,-14.965101350928762,-18.541286720149344,-13.363008794571272]",M0|M0|M0|M0|M0|M0
NWP_A1_S12_NULL,NWB_A1_S12,NULL_FLARE_RED_NOISE,,,1.0,12,15|30|45|60|90|120,000000,synthetic false selection,False,0,0,0,,,"[-5.43669679793239,-7.070783999592194,-4.442274933872028,-4.140792930681357,-4.55875518716158,-7.584121017678285]","[-1.9594616097734727,-1.8828656731831472,1.0967414216548832,1.9580566071444423,1.9985023475126695,-0.8249312972626512]","[-15.43669679793239,-17.070783999592194,-14.442274933872028,-14.140792930681357,-14.55875518716158,-17.584121017678285]",M0|M0|M0|M0|M0|M0
NWP_A1_S12_P050,NWB_A1_S12,STATIONARY_QPP_PRESENT,50.0,0.04,1.0,12,15|30|45|60|90|120,000000,injected QPP selection,False,0,0,0,,,"[-5.09003199119647,-6.293349160576952,-6.752563039827294,-5.761789150189486,-4.556002193778568,-7.581295161801222]","[-1.8971094897617897,-1.4073899066021909,-0.7966517030515661,0.6595199648414223,1.9974024840060451,-0.8042577463741054]","[-15.09003199119647,-16.293349160576952,-16.752563039827294,-15.761789150189486,-14.556002193778568,-17.581295161801222]",M0|M0|M0|M0|M0|M0
NWP_A1_S12_P080,NWB_A1_S12,STATIONARY_QPP_PRESENT,80.0,0.04,1.0,12,15|30|45|60|90|120,000000,injected QPP selection,False,0,0,0,,,"[-5.477393335622576,-5.075958497811797,-1.6273645506736045,-2.3220252618000927,-4.537316633061721,-7.5771015485705675]","[-1.828194443268873,-0.278279390587187,3.5018214511016765,3.6274970818958536,2.0089881444228013,-0.805846854375659]","[-15.477393335622576,-15.075958497811797,-11.627364550673605,-12.322025261800093,-14.537316633061721,-17.577101548570568]",M0|M0|M0|M0|M0|M0
NWP_A1_S13_NULL,NWB_A1_S13,NULL_FLARE_RED_NOISE,,,1.0,13,15|30|45|60|90|120,000001,synthetic false selection,True,1,1,0,120,120,"[-5.5297563370941685,-7.2999042944212675,-8.053058898228613,-1.8247170991787414,8.003433322599335,12.719662842905336]","[-1.9089887097380762,-2.2216170626323475,-3.228211403010903,0.6019393656480929,13.826713963494342,19.65776961923592]","[-15.529756337094168,-17.299904294421268,-18.053058898228613,-11.824717099178741,-1.996566677400665,2.719662842905336]",M0|M0|M0|M0|M0|M0
NWP_A1_S13_P050,NWB_A1_S13,STATIONARY_QPP_PRESENT,50.0,0.04,1.0,13,15|30|45|60|90|120,000001,injected QPP selection,True,1,1,0,120,120,"[-5.1815848051362,-4.377747696540268,-6.747460663187155,-4.014180315687042,8.569830738513588,12.5114805647857]","[-1.7477956384486317,0.4439920741620256,-1.0924499817551805,-1.722913997888412,14.530658183105857,19.530312703062748]","[-15.1815848051362,-14.377747696540268,-16.747460663187155,-14.014180315687042,-1.4301692614864123,2.5114805647856997]",M0|M0|M0|M0|M0|M0
NWP_A1_S13_P080,NWB_A1_S13,STATIONARY_QPP_PRESENT,80.0,0.04,1.0,13,15|30|45|60|90|120,000001,injected QPP selection,True,1,1,0,120,120,"[-5.634762981474571,-6.472413493724119,-6.9031977823646855,-1.002019489488191,7.860760697906528,12.706420723004555]","[-1.8034977513281047,-1.7272942725016804,-2.6719273719122043,1.2506243153877676,13.686462045655333,19.648823799400418]","[-15.634762981474571,-16.47241349372412,-16.903197782364686,-11.002019489488191,-2.139239302093472,2.7064207230045554]",M0|M0|M0|M0|M0|M0
NWP_A1_S14_NULL,NWB_A1_S14,NULL_FLARE_RED_NOISE,,,1.0,14,15|30|45|60|90|120,000000,synthetic false selection,False,0,0,0,,,"[-5.521040618645792,-7.572030003484585,-6.963640788750666,-6.846550597331856,-1.7892053740188771,-0.9237349044050234]","[-1.9544122218557716,-2.3965501959366406,-1.3321048075097508,-1.823682382331981,0.0040876494475696745,0.7752605564845112]","[-15.521040618645792,-17.572030003484585,-16.963640788750666,-16.846550597331856,-11.789205374018877,-10.923734904405023]",M0|M0|M0|M0|M0|M0
NWP_A1_S14_P050,NWB_A1_S14,STATIONARY_QPP_PRESENT,50.0,0.04,1.0,14,15|30|45|60|90|120,000000,injected QPP selection,False,0,0,0,,,"[-5.636012711191613,-7.297130566839371,-7.094059527888476,-7.013581494477222,-1.7434010994999198,-0.8683493270617078]","[-1.9349866882586104,-2.137418694033258,-1.7544958188831572,-2.0616275886844164,0.07652119682705916,0.8392608329202744]","[-15.636012711191613,-17.29713056683937,-17.094059527888476,-17.013581494477222,-11.74340109949992,-10.868349327061708]",M0|M0|M0|M0|M0|M0
NWP_A1_S14_P080,NWB_A1_S14,STATIONARY_QPP_PRESENT,80.0,0.04,1.0,14,15|30|45|60|90|120,000000,injected QPP selection,False,0,0,0,,,"[-5.10884619375091,-6.983878492624214,-6.487695020719968,-6.688715510220817,-1.6474693113257217,-0.860047108622723]","[-1.946539773220766,-2.370393615070256,-0.8501412279623537,-1.8000810804037428,0.09678289167339926,0.8218087538278382]","[-15.10884619375091,-16.983878492624214,-16.48769502071997,-16.688715510220817,-11.647469311325722,-10.860047108622723]",M0|M0|M0|M0|M0|M0
NWP_A1_S15_NULL,NWB_A1_S15,NULL_FLARE_RED_NOISE,,,1.0,15,15|30|45|60|90|120,000000,synthetic false selection,False,0,0,0,,,"[-5.521046105957961,-7.58749543861633,-8.556334944815404,-8.318996426844251,-5.604742975255704,-1.266542522530301]","[-1.9104622736524837,-2.506833627639381,-2.549354290587729,-2.1222894060367707,1.561933843773204,3.0425087557485426]","[-15.52104610595796,-17.58749543861633,-18.556334944815404,-18.31899642684425,-15.604742975255704,-11.266542522530301]",M0|M0|M0|M0|M0|M0
NWP_A1_S15_P050,NWB_A1_S15,STATIONARY_QPP_PRESENT,50.0,0.04,1.0,15,15|30|45|60|90|120,000000,injected QPP selection,False,0,0,0,,,"[-5.211576516803939,-7.270236048449547,-8.322463051396738,-7.566459922186311,-5.863057291930261,-1.3846571344564609]","[-1.721083583457859,-2.3067482648311852,-2.3718031179935224,-1.4363245799210063,1.3245246147374132,3.0209083554784684]","[-15.21157651680394,-17.270236048449547,-18.32246305139674,-17.56645992218631,-15.86305729193026,-11.38465713445646]",M0|M0|M0|M0|M0|M0
NWP_A1_S15_P080,NWB_A1_S15,STATIONARY_QPP_PRESENT,80.0,0.04,1.0,15,15|30|45|60|90|120,000000,injected QPP selection,False,0,0,0,,,"[-5.1148308008367405,-7.711182046349592,-8.529874687875434,-8.590137005526628,-5.600931820791857,-1.2904030336322876]","[-1.9227220785208372,-2.665254094149489,-2.514247385041159,-1.974526415316177,1.5621951868571387,3.005903678606103]","[-15.11483080083674,-17.71118204634959,-18.529874687875434,-18.59013700552663,-15.600931820791857,-11.290403033632288]",M0|M0|M0|M0|M0|M0
NWP_A1_S16_NULL,NWB_A1_S16,NULL_FLARE_RED_NOISE,,,1.0,16,15|30|45|60|90|120,000000,synthetic false selection,False,0,0,0,,,"[-5.59941110525426,-7.0706832129432655,-6.022085440521579,-7.721521362614993,-6.844878027920629,-2.986122713909765]","[-1.9086759140304261,-2.0817217995759165,-0.6181859648863792,-1.786064161906495,-1.7638295834090627,3.4064938116154053]","[-15.59941110525426,-17.070683212943266,-16.02208544052158,-17.721521362614993,-16.84487802792063,-12.986122713909765]",M0|M0|M0|M0|M0|M0
NWP_A1_S16_P050,NWB_A1_S16,STATIONARY_QPP_PRESENT,50.0,0.04,1.0,16,15|30|45|60|90|120,000000,injected QPP selection,False,0,0,0,,,"[-5.4947059048987175,-6.724396222960877,-5.516194612424869,-7.481168894020044,-6.858984712977531,-2.972604896362327]","[-1.8589392662338726,-1.745378214671021,-0.025166446835640954,-1.5450315644247894,-1.7617865410747413,3.4292119154590637]","[-15.494705904898717,-16.724396222960877,-15.516194612424869,-17.481168894020044,-16.85898471297753,-12.972604896362327]",M0|M0|M0|M0|M0|M0
NWP_A1_S16_P080,NWB_A1_S16,STATIONARY_QPP_PRESENT,80.0,0.04,1.0,16,15|30|45|60|90|120,000000,injected QPP selection,False,0,0,0,,,"[-5.206004409522334,-6.555764158719668,-5.656943233279378,-7.602404924886656,-6.78269496563081,-2.9652441238017673]","[-1.8434036998665198,-1.7273887468983418,0.010658399735916646,-1.5485305088954533,-1.672463375657287,3.4377726149251657]","[-15.206004409522334,-16.55576415871967,-15.656943233279378,-17.602404924886656,-16.78269496563081,-12.965244123801767]",M0|M0|M0|M0|M0|M0
NWP_A1_S17_NULL,NWB_A1_S17,NULL_FLARE_RED_NOISE,,,1.0,17,15|30|45|60|90|120,000000,synthetic false selection,False,0,0,0,,,"[-5.474738668156403,-6.775877751446359,-5.381518825437382,-4.212719155452305,-6.342014760323309,-9.150164157730899]","[-1.9163513499343372,-1.8114865172845356,-0.3853124986834189,0.6549586631444129,-0.14250157440284283,-2.001193513196881]","[-15.474738668156403,-16.77587775144636,-15.381518825437382,-14.212719155452305,-16.34201476032331,-19.1501641577309]",M0|M0|M0|M0|M0|M0
NWP_A1_S17_P050,NWB_A1_S17,STATIONARY_QPP_PRESENT,50.0,0.04,1.0,17,15|30|45|60|90|120,000000,injected QPP selection,False,0,0,0,,,"[-5.582318212785124,-6.613224160635781,-5.11255854964142,-4.2510387224797626,-6.382124163102048,-9.161941406669882]","[-1.874400088235256,-1.7235507309131606,-0.17948522052205362,0.608113814032123,-0.1770700998289385,-2.075483451480352]","[-15.582318212785124,-16.61322416063578,-15.11255854964142,-14.251038722479763,-16.38212416310205,-19.161941406669882]",M0|M0|M0|M0|M0|M0
NWP_A1_S17_P080,NWB_A1_S17,STATIONARY_QPP_PRESENT,80.0,0.04,1.0,17,15|30|45|60|90|120,000000,injected QPP selection,False,0,0,0,,,"[-5.1644819788854495,-7.312356751743891,-5.421645271206415,-3.971578180723924,-6.333389942638519,-9.14769064218899]","[-1.950954552272644,-2.0951104077842047,-0.2903412795270981,0.7891476655339318,-0.13676367718596794,-1.9986172462705554]","[-15.16448197888545,-17.31235675174389,-15.421645271206415,-13.971578180723924,-16.33338994263852,-19.14769064218899]",M0|M0|M0|M0|M0|M0
NWP_A1_S18_NULL,NWB_A1_S18,NULL_FLARE_RED_NOISE,,,1.0,18,15|30|45|60|90|120,000000,synthetic false selection,False,0,0,0,,,"[-5.717165877316061,-7.157139795735247,-8.490597582372772,-9.420473237958817,-9.375090605350124,-8.499800481545208]","[-1.8891377628398756,-2.2517024271307235,-2.749339647005968,-3.0000390844766684,-2.283008181725677,-2.4673714695954914]","[-15.717165877316061,-17.157139795735247,-18.49059758237277,-19.420473237958817,-19.375090605350124,-18.499800481545208]",M0|M0|M0|M0|M0|M0
NWP_A1_S18_P050,NWB_A1_S18,STATIONARY_QPP_PRESENT,50.0,0.04,1.0,18,15|30|45|60|90|120,000000,injected QPP selection,False,0,0,0,,,"[-5.562427591046337,-6.117599268919349,-5.867295355088345,-8.700128672173236,-9.382368524190554,-8.61130599446193]","[-1.7961751143879239,-1.337937727374893,0.06524762249847527,-2.1198867812076685,-2.231575581398772,-2.5029912476857703]","[-15.562427591046337,-16.11759926891935,-15.867295355088345,-18.700128672173236,-19.382368524190554,-18.61130599446193]",M0|M0|M0|M0|M0|M0
NWP_A1_S18_P080,NWB_A1_S18,STATIONARY_QPP_PRESENT,80.0,0.04,1.0,18,15|30|45|60|90|120,000000,injected QPP selection,False,0,0,0,,,"[-5.716322547920155,-4.4831827693131885,-5.805199178692277,-8.991221979262605,-9.386663691211709,-8.421893610866675]","[-1.840783042534036,-0.2564831463895558,-1.1531214538293284,-2.964047322841907,-2.311989089711517,-2.3885527590137485]","[-15.716322547920155,-14.483182769313188,-15.805199178692277,-18.991221979262605,-19.38666369121171,-18.421893610866675]",M0|M0|M0|M0|M0|M0
NWP_A1_S19_NULL,NWB_A1_S19,NULL_FLARE_RED_NOISE,,,1.0,19,15|30|45|60|90|120,000000,synthetic false selection,False,0,0,0,,,"[-5.443486154230449,-7.489407189951251,-7.589209092974727,-6.938001599359694,-6.355378886151641,-4.586773974318817]","[-1.8981985594633288,-2.4513080030698973,-1.9901562509948576,-0.6714792605524735,0.7335766469716418,2.1823531925913926]","[-15.443486154230449,-17.48940718995125,-17.589209092974727,-16.938001599359694,-16.35537888615164,-14.586773974318817]",M0|M0|M0|M0|M0|M0
NWP_A1_S19_P050,NWB_A1_S19,STATIONARY_QPP_PRESENT,50.0,0.04,1.0,19,15|30|45|60|90|120,000000,injected QPP selection,False,0,0,0,,,"[-5.513925597158996,-7.37507635540274,-7.615654383050952,-7.013501712440956,-6.399244068052667,-4.616015352502757]","[-1.8985148074231128,-2.360558810482999,-1.9889178541494346,-0.696417896233612,0.663951411351718,2.1685006140459677]","[-15.513925597158996,-17.37507635540274,-17.615654383050952,-17.013501712440956,-16.399244068052667,-14.616015352502757]",M0|M0|M0|M0|M0|M0
NWP_A1_S19_P080,NWB_A1_S19,STATIONARY_QPP_PRESENT,80.0,0.04,1.0,19,15|30|45|60|90|120,000000,injected QPP selection,False,0,0,0,,,"[-5.063383232475111,-7.075243938424208,-6.912510479817485,-6.048816350646945,-6.341486466431832,-4.576231131108841]","[-1.884671251691004,-2.333609936039892,-0.8870929961159675,0.1967345160198306,0.754329961810356,2.1801698055948577]","[-15.063383232475111,-17.075243938424208,-16.912510479817485,-16.048816350646945,-16.34148646643183,-14.576231131108841]",M0|M0|M0|M0|M0|M0
NWP_A1_S20_NULL,NWB_A1_S20,NULL_FLARE_RED_NOISE,,,1.0,20,15|30|45|60|90|120,000000,synthetic false selection,False,0,0,0,,,"[-5.469406700855304,-6.837724164528993,-6.387412573243068,-4.450546182302077,-1.5121309141118218,5.404350934708361]","[-1.9465421812442019,-1.6866451702744172,-1.6412936981321309,1.0768214271301986,0.37178661318176864,9.156143151416643]","[-15.469406700855304,-16.837724164528993,-16.38741257324307,-14.450546182302077,-11.512130914111822,-4.595649065291639]",M0|M0|M0|M0|M0|M0
NWP_A1_S20_P050,NWB_A1_S20,STATIONARY_QPP_PRESENT,50.0,0.04,1.0,20,15|30|45|60|90|120,000000,injected QPP selection,False,0,0,0,,,"[-5.630614660051645,-4.7234619272737035,-6.559093307449871,-5.004950497591295,-1.6667149735702083,5.380028682157388]","[-1.88030493843313,-0.002663168608819433,-1.7025074588855489,0.7935854913366711,0.4204936008303548,9.122051444273097]","[-15.630614660051645,-14.723461927273704,-16.55909330744987,-15.004950497591295,-11.666714973570208,-4.619971317842612]",M0|M0|M0|M0|M0|M0
NWP_A1_S20_P080,NWB_A1_S20,STATIONARY_QPP_PRESENT,80.0,0.04,1.0,20,15|30|45|60|90|120,000000,injected QPP selection,False,0,0,0,,,"[-5.2588193232908065,-7.608746234378998,-7.7398861344514955,-5.478836131226075,-1.292935708800485,5.479353213482568]","[-1.865506736913649,-2.4251563224026143,-2.7919577750079725,-0.004499941655751627,0.6296194003856499,9.26915088329116]","[-15.258819323290806,-17.608746234378998,-17.739886134451496,-15.478836131226075,-11.292935708800485,-4.520646786517432]",M0|M0|M0|M0|M0|M0
NWP_A1_S21_NULL,NWB_A1_S21,NULL_FLARE_RED_NOISE,,,1.0,21,15|30|45|60|90|120,000000,synthetic false selection,False,0,0,0,,,"[-5.490548551803064,-7.454335940958856,-8.111493300417806,-6.613122795408373,-1.4426049601079285,-5.622112503555513]","[-1.9340102324802908,-2.310591154401152,-2.7614437230802764,-0.5798348505495028,4.558093914224912,-0.49671298581222345]","[-15.490548551803064,-17.454335940958856,-18.111493300417806,-16.613122795408373,-11.442604960107928,-15.622112503555513]",M0|M0|M0|M0|M0|M0
NWP_A1_S21_P050,NWB_A1_S21,STATIONARY_QPP_PRESENT,50.0,0.04,1.0,21,15|30|45|60|90|120,000000,injected QPP selection,False,0,0,0,,,"[-5.583814987365189,-6.335897873730673,-5.900503383282654,-6.67514900256532,-9.621343545173147,-5.642290061343658]","[-1.912593302262942,-1.7517674172190851,-0.8712065151504191,-0.7386476731126947,-4.465750044915751,-0.6673319617069637]","[-15.583814987365189,-16.335897873730673,-15.900503383282654,-16.67514900256532,-19.621343545173147,-15.642290061343658]",M0|M0|M0|M0|M0|M0
NWP_A1_S21_P080,NWB_A1_S21,STATIONARY_QPP_PRESENT,80.0,0.04,1.0,21,15|30|45|60|90|120,000000,injected QPP selection,False,0,0,0,,,"[-5.178372071317991,-6.972968043270882,-8.299848249268507,-6.920403453315799,-1.2878187986420926,-5.581342137191257]","[-1.9461380418054803,-1.9323534697544886,-2.795578194248691,-0.8160584769052548,4.727418390309538,-0.4867250207142888]","[-15.178372071317991,-16.972968043270882,-18.299848249268507,-16.9204034533158,-11.287818798642093,-15.581342137191257]",M0|M0|M0|M0|M0|M0
NWP_A1_S22_NULL,NWB_A1_S22,NULL_FLARE_RED_NOISE,,,1.0,22,15|30|45|60|90|120,000000,synthetic false selection,False,0,0,0,,,"[-5.609675297034931,-6.4957406676397795,-6.033746913762087,-1.0006153185396442,4.064293600420001,-4.512091462520516]","[-1.9390046187852858,-1.3242837419027325,-0.8495869778139991,2.585916426366339,9.721109287372656,2.2124517709933116]","[-15.609675297034931,-16.49574066763978,-16.033746913762087,-11.000615318539644,-5.935706399579999,-14.512091462520516]",M0|M0|M0|M0|M0|M0
NWP_A1_S22_P050,NWB_A1_S22,STATIONARY_QPP_PRESENT,50.0,0.04,1.0,22,15|30|45|60|90|120,000000,injected QPP selection,False,0,0,0,,,"[-5.255719717344414,-5.269838460265305,-6.559947803874849,-1.482927111161132,3.9762326754727155,-4.525249707182695]","[-1.794095044324826,-0.2901916799786619,-0.9662657938407904,2.432243799420803,9.68255795905253,2.207676346755477]","[-15.255719717344414,-15.269838460265305,-16.55994780387485,-11.482927111161132,-6.0237673245272845,-14.525249707182695]",M0|M0|M0|M0|M0|M0
NWP_A1_S22_P080,NWB_A1_S22,STATIONARY_QPP_PRESENT,80.0,0.04,1.0,22,15|30|45|60|90|120,000000,injected QPP selection,False,0,0,0,,,"[-5.680302618758665,-6.853685912538523,-6.12178086738885,-0.507164730643666,4.11520356785428,-4.500716658908686]","[-1.8402153010312015,-2.0042580820001774,-1.3654936610966502,3.1364399555690454,9.798300263501233,2.2240985792917627]","[-15.680302618758665,-16.853685912538523,-16.12178086738885,-10.507164730643666,-5.88479643214572,-14.500716658908686]",M0|M0|M0|M0|M0|M0
NWP_A1_S23_NULL,NWB_A1_S23,NULL_FLARE_RED_NOISE,,,1.0,23,15|30|45|60|90|120,000000,synthetic false selection,False,0,0,0,,,"[-5.583412675979966,-6.54492543078328,-7.287736169632808,-6.808638683201764,-6.903300070545981,-6.597193312891875]","[-1.9100423686370194,-1.4857872695126702,-1.9729553664316768,-1.2973924631657496,0.329701425611745,0.49589533438455646]","[-15.583412675979966,-16.54492543078328,-17.287736169632808,-16.808638683201764,-16.90330007054598,-16.597193312891875]",M0|M0|M0|M0|M0|M0
NWP_A1_S23_P050,NWB_A1_S23,STATIONARY_QPP_PRESENT,50.0,0.04,1.0,23,15|30|45|60|90|120,000000,injected QPP selection,False,0,0,0,,,"[-5.2975381233147,-5.125404429691756,-7.692669851012539,-7.5093855125903985,-7.104292332158991,-6.598126149003633]","[-1.7240739685050483,-0.12233739171264801,-2.005060640334733,-2.052427996551444,-0.06271551517994567,0.49159265368712113]","[-15.2975381233147,-15.125404429691756,-17.69266985101254,-17.5093855125904,-17.10429233215899,-16.598126149003633]",M0|M0|M0|M0|M0|M0
NWP_A1_S23_P080,NWB_A1_S23,STATIONARY_QPP_PRESENT,80.0,0.04,1.0,23,15|30|45|60|90|120,000000,injected QPP selection,False,0,0,0,,,"[-5.352908947354646,-6.457282392946951,-5.162707869961025,-5.771422406527478,-7.336340978452256,-6.905608256010453]","[-1.8095208838313974,-1.698468686755163,-0.14575693295375913,-0.32076858569803335,-0.10453404877017647,0.8253644805298563]","[-15.352908947354646,-16.45728239294695,-15.162707869961025,-15.771422406527478,-17.336340978452256,-16.905608256010453]",M0|M0|M0|M0|M0|M0
NWP_A1_S24_NULL,NWB_A1_S24,NULL_FLARE_RED_NOISE,,,1.0,24,15|30|45|60|90|120,000100,synthetic false selection,True,1,1,1,60,,"[-5.4758290199847774,-6.003517120160112,4.099023467334206,11.59857375179459,3.2024071278260635,-6.632338092945247]","[-1.9308070903769723,-1.0674401371279458,7.823806596698972,12.597024426645277,6.101407720213672,-1.1785715024565775]","[-15.475829019984777,-16.00351712016011,-5.900976532665794,1.5985737517945893,-6.7975928721739365,-16.632338092945247]",M0|M0|M0|M0|M0|M0
NWP_A1_S24_P050,NWB_A1_S24,STATIONARY_QPP_PRESENT,50.0,0.04,1.0,24,15|30|45|60|90|120,000100,injected QPP selection,True,1,1,1,60,,"[-5.596297773232667,-5.180699047836143,5.307746319246689,12.50591196261854,3.2810061335728165,-4.828533312587297]","[-1.8788526858214984,-0.32039124733935864,9.352791823729945,12.61460000221831,6.2142429009349485,0.6347326446285138]","[-15.596297773232667,-15.180699047836143,-4.692253680753311,2.5059119626185407,-6.7189938664271835,-14.828533312587297]",M0|M0|M0|M0|M0|M0
NWP_A1_S24_P080,NWB_A1_S24,STATIONARY_QPP_PRESENT,80.0,0.04,1.0,24,15|30|45|60|90|120,000100,injected QPP selection,True,1,1,1,60,,"[-5.11452561750543,-7.311015559637468,2.8474746484879176,11.157574398080499,3.436902254591871,-4.745119747781189]","[-1.9376858895566604,-2.1739623949234073,7.245642821371632,11.571643663669732,6.4152570638783,0.6518165878420632]","[-15.11452561750543,-17.311015559637468,-7.152525351512082,1.1575743980804987,-6.563097745408129,-14.745119747781189]",M0|M0|M0|M0|M0|M0
NWP_A1_S25_NULL,NWB_A1_S25,NULL_FLARE_RED_NOISE,,,1.0,25,15|30|45|60|90|120,000000,synthetic false selection,False,0,0,0,,,"[-5.468051067465197,-7.835222017851962,-7.8389423705708055,-7.475378181165837,-5.816815694138313,-4.2747404060698955]","[-1.9385313889374833,-2.6303811558356784,-2.2775368958792797,-1.151816238970241,0.5857555247677055,2.1803030255188673]","[-15.468051067465197,-17.83522201785196,-17.838942370570805,-17.475378181165837,-15.816815694138313,-14.274740406069895]",M0|M0|M0|M0|M0|M0
NWP_A1_S25_P050,NWB_A1_S25,STATIONARY_QPP_PRESENT,50.0,0.04,1.0,25,15|30|45|60|90|120,000000,injected QPP selection,False,0,0,0,,,"[-5.46587022245947,-4.309380410696846,-7.415325522479975,-7.890709432729494,-5.854686571888237,-4.291414575248496]","[-1.7284056897032718,0.5796227757655714,-2.2090155492050485,-1.47161744655304,0.5597864823427585,2.5010517904792096]","[-15.46587022245947,-14.309380410696846,-17.415325522479975,-17.890709432729494,-15.854686571888237,-14.291414575248496]",M0|M0|M0|M0|M0|M0
NWP_A1_S25_P080,NWB_A1_S25,STATIONARY_QPP_PRESENT,80.0,0.04,1.0,25,15|30|45|60|90|120,000000,injected QPP selection,False,0,0,0,,,"[-5.482893725669207,-7.154687668448773,-5.5407313765225865,-5.435885473599569,-5.9262268472116375,-4.29769501841065]","[-1.937481480162213,-2.45794917043267,-0.5209706911403487,0.5041977896951266,0.5617599264620594,2.18784953396505]","[-15.482893725669207,-17.154687668448773,-15.540731376522587,-15.43588547359957,-15.926226847211638,-14.29769501841065]",M0|M0|M0|M0|M0|M0
NWP_A1_S26_NULL,NWB_A1_S26,NULL_FLARE_RED_NOISE,,,1.0,26,15|30|45|60|90|120,000000,synthetic false selection,False,0,0,0,,,"[-5.632279248949683,-6.376348381056829,-4.5395949862743805,-2.7711259952365026,-5.994000196730724,-10.018772092580718]","[-1.9556887931400615,-1.249642823638652,1.521356000110302,1.6870880780252264,0.39364944478865027,-2.390648764364812]","[-15.632279248949683,-16.37634838105683,-14.53959498627438,-12.771125995236503,-15.994000196730724,-20.01877209258072]",M0|M0|M0|M0|M0|M0
NWP_A1_S26_P050,NWB_A1_S26,STATIONARY_QPP_PRESENT,50.0,0.04,1.0,26,15|30|45|60|90|120,000000,injected QPP selection,False,0,0,0,,,"[-5.236760990156636,-3.9525490146756965,-2.2536058299221224,-2.6926386358558148,-5.980194067147465,-9.98826292418022]","[-1.8023392262651035,1.0144163211329413,3.0369062313321535,2.002738168661921,0.41491341162338813,-2.3614592781485726]","[-15.236760990156636,-13.952549014675697,-12.253605829922122,-12.692638635855815,-15.980194067147465,-19.98826292418022]",M0|M0|M0|M0|M0|M0
NWP_A1_S26_P080,NWB_A1_S26,STATIONARY_QPP_PRESENT,80.0,0.04,1.0,26,15|30|45|60|90|120,000000,injected QPP selection,False,0,0,0,,,"[-5.589330668760702,-7.337249438041894,-6.203589509160992,-3.3427859670786972,-6.137032352639437,-10.040247896148912]","[-1.8155885350625338,-2.293753443867402,-0.13379475149878317,1.025988354297084,0.2731624109425752,-2.4161978626173095]","[-15.589330668760702,-17.337249438041894,-16.20358950916099,-13.342785967078697,-16.137032352639437,-20.040247896148912]",M0|M0|M0|M0|M0|M0
NWP_A1_S27_NULL,NWB_A1_S27,NULL_FLARE_RED_NOISE,,,1.0,27,15|30|45|60|90|120,000000,synthetic false selection,False,0,0,0,,,"[-5.6660894042392425,-7.630115029748623,-8.665394157121568,-5.6873721730836735,-8.09914889738343,-6.72951902378918]","[-1.9387501972413004,-2.499773416438458,-2.682817022489303,-0.23749678067426316,-1.6995330135520703,0.17649992017129534]","[-15.666089404239242,-17.630115029748623,-18.66539415712157,-15.687372173083673,-18.09914889738343,-16.72951902378918]",M0|M0|M0|M0|M0|M0
NWP_A1_S27_P050,NWB_A1_S27,STATIONARY_QPP_PRESENT,50.0,0.04,1.0,27,15|30|45|60|90|120,000000,injected QPP selection,False,0,0,0,,,"[-5.348567674705354,-7.110952406678365,-7.392119064745401,-6.044149100529808,-8.020278104051556,-6.704222447675932]","[-1.8768387315834874,-2.147879276009931,-1.7115757447407987,-0.23988862930664823,-1.6384814202573352,0.22762156123383193]","[-15.348567674705354,-17.110952406678365,-17.3921190647454,-16.044149100529808,-18.020278104051556,-16.70422244767593]",M0|M0|M0|M0|M0|M0
NWP_A1_S27_P080,NWB_A1_S27,STATIONARY_QPP_PRESENT,80.0,0.04,1.0,27,15|30|45|60|90|120,000000,injected QPP selection,False,0,0,0,,,"[-5.5401101084294275,-6.958736482748009,-8.187604702396271,-5.626067655544659,-8.08542837342344,-6.725813239016816]","[-1.8452334396642582,-2.070940723431775,-2.4549124567586205,0.009499349486389974,-1.2334222574417595,0.19670577934283529]","[-15.540110108429428,-16.95873648274801,-18.18760470239627,-15.62606765554466,-18.08542837342344,-16.725813239016816]",M0|M0|M0|M0|M0|M0
NWP_A1_S28_NULL,NWB_A1_S28,NULL_FLARE_RED_NOISE,,,1.0,28,15|30|45|60|90|120,000000,synthetic false selection,False,0,0,0,,,"[-5.517996854005476,-7.730144490046129,-5.51429444007951,-3.9287461193389674,-7.229383925885713,-5.349784540373719]","[-1.9309067541360365,-2.5937063895986086,0.11935905952410053,-0.4886325289257343,-1.0673596698969732,-1.7071683762847556]","[-15.517996854005476,-17.73014449004613,-15.51429444007951,-13.928746119338967,-17.229383925885713,-15.349784540373719]",M0|M0|M0|M0|M0|M0
NWP_A1_S28_P050,NWB_A1_S28,STATIONARY_QPP_PRESENT,50.0,0.04,1.0,28,15|30|45|60|90|120,000000,injected QPP selection,False,0,0,0,,,"[-5.6032573748013945,-6.414886923569981,-3.982731610491413,-2.666094018826044,-6.916984456041519,-5.341169518482388]","[-1.934706502927921,-1.5646643467621857,1.4898284668514634,0.9516619284613625,-0.7534673867722859,-1.7152419081185712]","[-15.603257374801395,-16.41488692356998,-13.982731610491413,-12.666094018826044,-16.91698445604152,-15.341169518482388]",M0|M0|M0|M0|M0|M0
NWP_A1_S28_P080,NWB_A1_S28,STATIONARY_QPP_PRESENT,80.0,0.04,1.0,28,15|30|45|60|90|120,000000,injected QPP selection,False,0,0,0,,,"[-5.221700783613715,-6.729358643348661,-5.208461271446254,-4.054431858966183,-7.159076938164219,-5.383574418690785]","[-1.9500814201330838,-1.6549916071819695,0.8520013710667058,0.25891919831522614,-1.0678518442055633,-1.7252817905271627]","[-15.221700783613715,-16.72935864334866,-15.208461271446254,-14.054431858966183,-17.15907693816422,-15.383574418690785]",M0|M0|M0|M0|M0|M0
NWP_A1_S29_NULL,NWB_A1_S29,NULL_FLARE_RED_NOISE,,,1.0,29,15|30|45|60|90|120,000000,synthetic false selection,False,0,0,0,,,"[-5.580825354858337,-5.978979538821264,-8.64815237257585,-8.08318913558307,0.8320548022255139,-2.926076904482045]","[-1.9414915273162867,-0.8122343060140622,-2.696338982110916,-2.7684834178169524,2.09078281735907,-0.7572719841057278]","[-15.580825354858337,-15.978979538821264,-18.64815237257585,-18.08318913558307,-9.167945197774486,-12.926076904482045]",M0|M0|M0|M0|M0|M0
NWP_A1_S29_P050,NWB_A1_S29,STATIONARY_QPP_PRESENT,50.0,0.04,1.0,29,15|30|45|60|90|120,000000,injected QPP selection,False,0,0,0,,,"[-5.268900252482927,-4.807605318271612,-8.015610779934889,-8.783771943927462,-0.8244646446566435,-2.969039881336414]","[-1.8919138774439057,0.18766629899789677,-1.978907349165695,-3.0376597012532898,0.6748366859750377,-0.9153575022462519]","[-15.268900252482927,-14.807605318271612,-18.01561077993489,-18.783771943927462,-10.824464644656643,-12.969039881336414]",M0|M0|M0|M0|M0|M0
NWP_A1_S29_P080,NWB_A1_S29,STATIONARY_QPP_PRESENT,80.0,0.04,1.0,29,15|30|45|60|90|120,000000,injected QPP selection,False,0,0,0,,,"[-5.359979398066875,-6.793756634076615,-8.363252628994587,-7.8540100593623094,1.100789446561464,-2.716907622756537]","[-1.9286479991288354,-1.8639639921938311,-2.3361281944541474,-2.44908589626624,2.406159519509515,-0.5416142688928289]","[-15.359979398066875,-16.793756634076615,-18.363252628994587,-17.85401005936231,-8.899210553438536,-12.716907622756537]",M0|M0|M0|M0|M0|M0
NWP_A1_S30_NULL,NWB_A1_S30,NULL_FLARE_RED_NOISE,,,1.0,30,15|30|45|60|90|120,000000,synthetic false selection,False,0,0,0,,,"[-5.609126875058605,-6.8538448363713655,-8.584077083626397,-8.524879887688996,-1.6131915521098676,2.854873159789122]","[-1.9466302846333319,-2.034669177015445,-2.7820724660086,-3.505007178085151,3.268175265773948,7.863629898588329]","[-15.609126875058605,-16.853844836371366,-18.584077083626397,-18.524879887688996,-11.613191552109868,-7.145126840210878]",M0|M0|M0|M0|M0|M0
NWP_A1_S30_P050,NWB_A1_S30,STATIONARY_QPP_PRESENT,50.0,0.04,1.0,30,15|30|45|60|90|120,000000,injected QPP selection,False,0,0,0,,,"[-5.3086530622054795,-6.686003475679499,-8.203133319752368,-8.900673145996024,-1.5880690967272812,2.8430404829670124]","[-1.7669277882884922,-1.8051158018181326,-2.3429279551180855,-3.8245480074259603,3.285694541788871,7.86776557030214]","[-15.30865306220548,-16.6860034756795,-18.203133319752368,-18.900673145996024,-11.588069096727281,-7.156959517032988]",M0|M0|M0|M0|M0|M0
NWP_A1_S30_P080,NWB_A1_S30,STATIONARY_QPP_PRESENT,80.0,0.04,1.0,30,15|30|45|60|90|120,000000,injected QPP selection,False,0,0,0,,,"[-5.187484539155459,-6.064188322673147,-8.309762082988328,-8.385660792190833,-1.2696002740041195,2.942743706172905]","[-1.932364379602217,-1.2457248907515037,-2.293337424879411,-3.1873710174265852,3.676301920301796,7.989173067029981]","[-15.18748453915546,-16.064188322673147,-18.30976208298833,-18.385660792190833,-11.26960027400412,-7.057256293827095]",M0|M0|M0|M0|M0|M0
NWP_A1_S31_NULL,NWB_A1_S31,NULL_FLARE_RED_NOISE,,,1.0,31,15|30|45|60|90|120,000000,synthetic false selection,False,0,0,0,,,"[-5.448146223310202,-7.539380753503465,-5.548292703326325,-0.4662980332915936,-4.91806954613412,-7.126291059083485]","[-1.931720802461462,-2.483960560434653,0.004729445045597913,5.394267026903236,2.154410759632981,0.12727036292221783]","[-15.448146223310202,-17.539380753503465,-15.548292703326325,-10.466298033291594,-14.91806954613412,-17.126291059083485]",M0|M0|M0|M0|M0|M0
NWP_A1_S31_P050,NWB_A1_S31,STATIONARY_QPP_PRESENT,50.0,0.04,1.0,31,15|30|45|60|90|120,000000,injected QPP selection,False,0,0,0,,,"[-5.321219344024346,-5.859621898567639,-5.850253539346113,-1.8628956599033017,-5.058300292716069,-7.144630837804584]","[-1.5073908205661999,-0.9842225795950981,-0.37865973750325566,4.060300022685539,2.02010402558966,0.7929194732899418]","[-15.321219344024346,-15.859621898567639,-15.850253539346113,-11.862895659903302,-15.05830029271607,-17.144630837804584]",M0|M0|M0|M0|M0|M0
NWP_A1_S31_P080,NWB_A1_S31,STATIONARY_QPP_PRESENT,80.0,0.04,1.0,31,15|30|45|60|90|120,000000,injected QPP selection,False,0,0,0,,,"[-5.552753887178671,-6.564099873641126,-7.199143353368697,-1.9681784676625114,-5.1549070566308615,-8.36139674504426]","[-1.9528041285482773,-1.811961499640816,-1.6747227887079816,3.5999555966510854,1.9291141887546814,-0.42554658451410887]","[-15.552753887178671,-16.564099873641126,-17.199143353368697,-11.968178467662511,-15.154907056630861,-18.36139674504426]",M0|M0|M0|M0|M0|M0
NWP_A1_S32_NULL,NWB_A1_S32,NULL_FLARE_RED_NOISE,,,1.0,32,15|30|45|60|90|120,000000,synthetic false selection,False,0,0,0,,,"[-5.484084797833145,-7.387518814688875,-4.555694005318713,-2.7075105676330224,-7.306659283518286,-9.877610484127842]","[-1.9352290983459985,-2.2819298820097913,-0.1521293142640161,1.695990320162167,-0.822264629721758,-1.7595235954701138]","[-15.484084797833145,-17.387518814688875,-14.555694005318713,-12.707510567633022,-17.306659283518286,-19.877610484127842]",M0|M0|M0|M0|M0|M0
NWP_A1_S32_P050,NWB_A1_S32,STATIONARY_QPP_PRESENT,50.0,0.04,1.0,32,15|30|45|60|90|120,000000,injected QPP selection,False,0,0,0,,,"[-5.495036370687876,-4.450372808833265,-4.647638968885644,-2.8184785258665386,-7.392906113046365,-9.890833301284033]","[-1.7859075868539245,0.20030919356455001,-0.25897169678290766,3.394687371744112,-0.8647434582604774,-1.8529742850135449]","[-15.495036370687876,-14.450372808833265,-14.647638968885644,-12.818478525866539,-17.392906113046365,-19.890833301284033]",M0|M0|M0|M0|M0|M0
NWP_A1_S32_P080,NWB_A1_S32,STATIONARY_QPP_PRESENT,80.0,0.04,1.0,32,15|30|45|60|90|120,000000,injected QPP selection,False,0,0,0,,,"[-5.682970048776468,-7.464917399052013,-5.086058506977139,-3.0271591303052503,-7.21604667337391,-9.861121433394942]","[-1.9343391523348457,-2.434295972108444,0.006718924919823621,1.7491107785225495,-0.760579551695912,-1.8217372704700665]","[-15.682970048776468,-17.464917399052013,-15.086058506977139,-13.02715913030525,-17.21604667337391,-19.861121433394942]",M0|M0|M0|M0|M0|M0
NWP_A1_S33_NULL,NWB_A1_S33,NULL_FLARE_RED_NOISE,,,1.0,33,15|30|45|60|90|120,000000,synthetic false selection,False,0,0,0,,,"[-5.5733843304112085,-7.203642344187017,-7.556333026499658,-6.842221974350224,-6.399481759300784,-7.332777848790272]","[-1.8805039726414252,-2.0861474986710533,-1.6749882611777593,-1.0866320574501742,0.22243350229996395,-0.6022921039757989]","[-15.573384330411209,-17.203642344187017,-17.556333026499658,-16.842221974350224,-16.399481759300784,-17.332777848790272]",M0|M0|M0|M0|M0|M0
NWP_A1_S33_P050,NWB_A1_S33,STATIONARY_QPP_PRESENT,50.0,0.04,1.0,33,15|30|45|60|90|120,000000,injected QPP selection,False,0,0,0,,,"[-5.548464174335699,-7.686910520810045,-7.9276448142361176,-6.921648594467598,-6.446223530919781,-7.311589560257403]","[-1.9598846250951008,-2.498170798097945,-2.240472761991583,-1.3465989384321801,0.1363296942059833,-0.5965933434356998]","[-15.548464174335699,-17.686910520810045,-17.927644814236118,-16.921648594467598,-16.44622353091978,-17.311589560257403]",M0|M0|M0|M0|M0|M0
NWP_A1_S33_P080,NWB_A1_S33,STATIONARY_QPP_PRESENT,80.0,0.04,1.0,33,15|30|45|60|90|120,000000,injected QPP selection,False,0,0,0,,,"[-5.231414835608341,-6.931344315797247,-7.084047297063734,-7.000724673995421,-6.515197219140987,-7.4128127760805]","[-1.8793836046597319,-2.0999088044000302,-1.1833928612691977,-1.3042398982658199,0.07267503198062286,-0.6833120686044367]","[-15.23141483560834,-16.931344315797247,-17.084047297063734,-17.00072467399542,-16.515197219140987,-17.4128127760805]",M0|M0|M0|M0|M0|M0
NWP_A1_S34_NULL,NWB_A1_S34,NULL_FLARE_RED_NOISE,,,1.0,34,15|30|45|60|90|120,000000,synthetic false selection,False,0,0,0,,,"[-5.561939245231635,-7.372688476502788,-8.376565808042017,-8.717516757119427,-2.7011860035327686,-2.0293875197084503]","[-1.9334108841218525,-2.252924181895324,-2.3383897798287308,-3.0836720964178994,1.985944694441173,2.1029684511025266]","[-15.561939245231635,-17.372688476502788,-18.376565808042017,-18.717516757119427,-12.701186003532769,-12.02938751970845]",M0|M0|M0|M0|M0|M0
NWP_A1_S34_P050,NWB_A1_S34,STATIONARY_QPP_PRESENT,50.0,0.04,1.0,34,15|30|45|60|90|120,000000,injected QPP selection,False,0,0,0,,,"[-5.520192455593877,-4.978253234795787,-6.388429363056872,-8.449217325282746,-2.6857824753251407,-2.018872681565256]","[-1.925153382988273,-0.004855521361619708,-0.8139250839839178,-2.7463246043977847,1.993443713469162,5.1319107614008885]","[-15.520192455593877,-14.978253234795787,-16.388429363056872,-18.449217325282746,-12.68578247532514,-12.018872681565256]",M0|M0|M0|M0|M0|M0
NWP_A1_S34_P080,NWB_A1_S34,STATIONARY_QPP_PRESENT,80.0,0.04,1.0,34,15|30|45|60|90|120,000000,injected QPP selection,False,0,0,0,,,"[-5.721228651486344,-6.834856473851545,-8.352285509018628,-9.004089519028014,-2.7304751587357146,-2.0270656361580563]","[-1.8916274694189683,-2.1546926505431685,-2.5737408052070805,-2.6420954072213476,2.042850979043692,4.505698172376242]","[-15.721228651486344,-16.834856473851545,-18.35228550901863,-19.004089519028014,-12.730475158735715,-12.027065636158056]",M0|M0|M0|M0|M0|M0
NWP_A1_S35_NULL,NWB_A1_S35,NULL_FLARE_RED_NOISE,,,1.0,35,15|30|45|60|90|120,000000,synthetic false selection,False,0,0,0,,,"[-5.509095217504404,-7.253876065302649,-7.958560409075176,-7.137036365454577,-8.312863955604598,-0.6376387166950508]","[-1.9351192532305417,-2.175084055293908,-2.185164807463991,-1.0731168199770593,-1.6567658212830452,4.752768180345981]","[-15.509095217504404,-17.25387606530265,-17.958560409075176,-17.137036365454577,-18.3128639556046,-10.63763871669505]",M0|M0|M0|M0|M0|M0
NWP_A1_S35_P050,NWB_A1_S35,STATIONARY_QPP_PRESENT,50.0,0.04,1.0,35,15|30|45|60|90|120,000000,injected QPP selection,False,0,0,0,,,"[-5.561467623643178,-7.4745670001165365,-7.838542167982524,-7.592715348030936,-8.432831998157269,-0.6414622393079981]","[-1.9475583103146592,-2.398788724914496,-2.3484701953008766,-1.613747013375587,-1.8085916919489478,6.297843898225949]","[-15.561467623643178,-17.474567000116537,-17.838542167982524,-17.592715348030936,-18.43283199815727,-10.641462239307998]",M0|M0|M0|M0|M0|M0
NWP_A1_S35_P080,NWB_A1_S35,STATIONARY_QPP_PRESENT,80.0,0.04,1.0,35,15|30|45|60|90|120,000000,injected QPP selection,False,0,0,0,,,"[-5.06907887490534,-6.116361532421507,-8.16024043456369,-8.143082400628856,-8.545346515184633,-0.6546268452972868]","[-1.945512755770964,-1.7075024535703278,-2.25899256755136,-1.9149163169160488,-1.876593317786046,4.730590528144376]","[-15.06907887490534,-16.116361532421507,-18.16024043456369,-18.143082400628856,-18.545346515184633,-10.654626845297287]",M0|M0|M0|M0|M0|M0
NWP_A1_S36_NULL,NWB_A1_S36,NULL_FLARE_RED_NOISE,,,1.0,36,15|30|45|60|90|120,000000,synthetic false selection,False,0,0,0,,,"[-5.415381931006765,-7.147600760053251,-3.132494228512911,-4.711463277050683,-7.745175566919727,0.5254765372750967]","[-1.8541411956779745,-2.1821816738306126,1.5811119602992676,1.283808555137341,-1.9130921967812355,6.926175533058824]","[-15.415381931006765,-17.14760076005325,-13.132494228512911,-14.711463277050683,-17.745175566919727,-9.474523462724903]",M0|M0|M0|M0|M0|M0
NWP_A1_S36_P050,NWB_A1_S36,STATIONARY_QPP_PRESENT,50.0,0.04,1.0,36,15|30|45|60|90|120,000000,injected QPP selection,False,0,0,0,,,"[-5.4919583341792375,-4.621690004789755,-3.978243420994943,-5.09852952022959,-7.333617948513961,0.45351621505005824]","[-1.8350656844886464,-0.06695147265669732,0.4103311751275669,0.8593368940902053,-1.4711548324553974,6.866788727119797]","[-15.491958334179238,-14.621690004789755,-13.978243420994943,-15.09852952022959,-17.33361794851396,-9.546483784949942]",M0|M0|M0|M0|M0|M0
NWP_A1_S36_P080,NWB_A1_S36,STATIONARY_QPP_PRESENT,80.0,0.04,1.0,36,15|30|45|60|90|120,000000,injected QPP selection,False,0,0,0,,,"[-5.566730484650371,-5.305624592833141,-0.7836870659151884,-3.125458410841105,-7.011097092379998,0.5901084257955631]","[-1.9707162824074596,-0.19846881546450845,3.5861073571528266,2.563455624530718,-1.2232098798768334,6.994391522348508]","[-15.566730484650371,-15.30562459283314,-10.783687065915188,-13.125458410841105,-17.01109709238,-9.409891574204437]",M0|M0|M0|M0|M0|M0
NWP_A1_S37_NULL,NWB_A1_S37,NULL_FLARE_RED_NOISE,,,1.0,37,15|30|45|60|90|120,000000,synthetic false selection,False,0,0,0,,,"[-5.594479084534486,-5.887492268996198,-6.996040508866429,-8.192686159265321,-5.019635818337576,-5.6291324614366545]","[-1.9342393050661242,-0.9583306396022522,-2.1395420094148108,-3.154620686070814,1.0755575054431574,1.8981784432787663]","[-15.594479084534486,-15.887492268996198,-16.99604050886643,-18.19268615926532,-15.019635818337576,-15.629132461436654]",M0|M0|M0|M0|M0|M0
NWP_A1_S37_P050,NWB_A1_S37,STATIONARY_QPP_PRESENT,50.0,0.04,1.0,37,15|30|45|60|90|120,000000,injected QPP selection,False,0,0,0,,,"[-5.535266385866613,-6.371022931130142,-6.039758933157373,-7.543243798149518,-5.011715106094698,-5.618826501503463]","[-1.8247756235100203,-1.3858312191110258,-1.2396082509196162,-2.445296306204284,1.4257382281081732,1.907498448086983]","[-15.535266385866613,-16.371022931130142,-16.039758933157373,-17.54324379814952,-15.011715106094698,-15.618826501503463]",M0|M0|M0|M0|M0|M0
NWP_A1_S37_P080,NWB_A1_S37,STATIONARY_QPP_PRESENT,80.0,0.04,1.0,37,15|30|45|60|90|120,000000,injected QPP selection,False,0,0,0,,,"[-5.757020125528047,-6.2427781321375875,-6.745639464196756,-6.658468625849622,-5.031986546979567,-5.614751376059246]","[-1.9222262174860836,-1.5067480608224741,-2.0035848972898975,-1.8094992132650134,1.015228672105252,1.8978993169538967]","[-15.757020125528047,-16.242778132137587,-16.745639464196756,-16.658468625849622,-15.031986546979567,-15.614751376059246]",M0|M0|M0|M0|M0|M0
NWP_A1_S38_NULL,NWB_A1_S38,NULL_FLARE_RED_NOISE,,,1.0,38,15|30|45|60|90|120,000000,synthetic false selection,False,0,0,0,,,"[-5.631187686235696,-6.519522157666771,-4.38088306294415,-3.6555970296004148,8.110868838311887,6.784472765283169]","[-1.9359929039469117,-1.3247628315710926,1.3846113365530357,1.644380418066305,10.313988020695433,9.955398311284512]","[-15.631187686235696,-16.51952215766677,-14.38088306294415,-13.655597029600415,-1.8891311616881126,-3.2155272347168307]",M0|M0|M0|M0|M0|M0
NWP_A1_S38_P050,NWB_A1_S38,STATIONARY_QPP_PRESENT,50.0,0.04,1.0,38,15|30|45|60|90|120,000000,injected QPP selection,False,0,0,0,,,"[-5.458026641715303,-5.975581452783757,-4.523395694999891,-4.967525584067062,7.827731227998925,6.666479622427914]","[-1.9308150416453413,-1.053872076712537,1.4243299616855722,1.3181990741304617,10.08508762416784,9.910614535888897]","[-15.458026641715303,-15.975581452783757,-14.523395694999891,-14.967525584067062,-2.1722687720010754,-3.3335203775720856]",M0|M0|M0|M0|M0|M0
NWP_A1_S38_P080,NWB_A1_S38,STATIONARY_QPP_PRESENT,80.0,0.04,1.0,38,15|30|45|60|90|120,000000,injected QPP selection,False,0,0,0,,,"[-5.692496691557922,-6.787257109572565,-6.559104752909036,-6.04024958579987,7.698618151643473,6.628138758650152]","[-1.8424414516087113,-2.032244030738113,-1.1485656385780487,-0.02485413916701873,9.936903804527788,9.824943983218418]","[-15.692496691557922,-16.787257109572565,-16.559104752909036,-16.04024958579987,-2.3013818483565274,-3.3718612413498477]",M0|M0|M0|M0|M0|M0
NWP_A1_S39_NULL,NWB_A1_S39,NULL_FLARE_RED_NOISE,,,1.0,39,15|30|45|60|90|120,000000,synthetic false selection,False,0,0,0,,,"[-5.564586736652521,-7.1276684672610315,-4.037342494678114,-2.836444510418488,-5.019073915390322,0.29814727784486195]","[-1.933713781444177,-1.9691479608975442,1.592850449590287,1.7308630146046369,-1.9335538697714014,4.1393707048168835]","[-15.56458673665252,-17.12766846726103,-14.037342494678114,-12.836444510418488,-15.019073915390322,-9.701852722155138]",M0|M0|M0|M0|M0|M0
NWP_A1_S39_P050,NWB_A1_S39,STATIONARY_QPP_PRESENT,50.0,0.04,1.0,39,15|30|45|60|90|120,000000,injected QPP selection,False,0,0,0,,,"[-5.630277860093752,-2.2658423153877436,-4.378417847463965,-2.9781676784614035,-5.108729045738016,0.2882532071913033]","[-1.886417191511545,1.5292073674438313,1.1174752882512848,1.48262945294411,-1.9576549209050995,4.145766695131215]","[-15.630277860093752,-12.265842315387744,-14.378417847463965,-12.978167678461404,-15.108729045738016,-9.711746792808697]",M0|M0|M0|M0|M0|M0
NWP_A1_S39_P080,NWB_A1_S39,STATIONARY_QPP_PRESENT,80.0,0.04,1.0,39,15|30|45|60|90|120,000000,injected QPP selection,False,0,0,0,,,"[-5.371291839418989,-7.235155611221302,-5.533671306866609,-3.5308087572813633,-5.005041581675698,0.2594164247780668]","[-1.944451798607017,-2.2067759126444173,0.12287927257051479,0.7363503212903026,-1.9767298982881698,4.0885664312291965]","[-15.371291839418989,-17.235155611221302,-15.533671306866609,-13.530808757281363,-15.005041581675698,-9.740583575221933]",M0|M0|M0|M0|M0|M0
NWP_A2_S00_NULL,NWB_A2_S00,NULL_FLARE_RED_NOISE,,,2.0,0,15|30|45|60|90|120,000000,synthetic false selection,False,0,0,0,,,"[-5.587183235430668,-7.775851471336978,-8.271367358901074,-9.240559860231201,-8.051692649333745,-9.602504306710557]","[-1.9484389030600857,-2.547643144048422,-2.2750598383027807,-2.767274945655629,-1.8583253150657697,-1.9837520953087733]","[-15.587183235430668,-17.775851471336978,-18.271367358901074,-19.2405598602312,-18.051692649333745,-19.602504306710557]",M0|M0|M0|M0|M0|M0
NWP_A2_S00_P050,NWB_A2_S00,STATIONARY_QPP_PRESENT,50.0,0.04,2.0,0,15|30|45|60|90|120,000000,injected QPP selection,False,0,0,0,,,"[-5.178699651238178,-5.881928497664873,-7.420951218417315,-8.764932985197447,-7.629365198147241,-9.474738913060037]","[-1.835146052899307,-0.8119614234043837,-1.2551787323848203,-2.6951004632692275,-1.3346379659520267,-1.9862113444996794]","[-15.178699651238178,-15.881928497664873,-17.420951218417315,-18.764932985197447,-17.62936519814724,-19.474738913060037]",M0|M0|M0|M0|M0|M0
NWP_A2_S00_P080,NWB_A2_S00,STATIONARY_QPP_PRESENT,80.0,0.04,2.0,0,15|30|45|60|90|120,000000,injected QPP selection,False,0,0,0,,,"[-5.3716691799169105,-7.661824109470018,-8.589579074889883,-9.392963017934335,-8.266453258703109,-9.663267647206567]","[-1.9275939395952717,-2.704359954421662,-2.6996541466182578,-3.030885084846318,-2.024936171701256,-2.094935374760439]","[-15.37166917991691,-17.661824109470018,-18.589579074889883,-19.392963017934335,-18.26645325870311,-19.663267647206567]",M0|M0|M0|M0|M0|M0
NWP_A2_S01_NULL,NWB_A2_S01,NULL_FLARE_RED_NOISE,,,2.0,1,15|30|45|60|90|120,000000,synthetic false selection,False,0,0,0,,,"[-5.5495497911295075,-7.72170741286692,-9.084743724926284,-9.712935236284693,-8.846319101776317,-2.7851737392278437]","[-1.9356631835933653,-2.5748737369766133,-2.9593601283318094,-3.0671486703920436,-1.6510619219094451,4.651004203049638]","[-15.549549791129508,-17.72170741286692,-19.084743724926284,-19.712935236284693,-18.846319101776317,-12.785173739227844]",M0|M0|M0|M0|M0|M0
NWP_A2_S01_P050,NWB_A2_S01,STATIONARY_QPP_PRESENT,50.0,0.04,2.0,1,15|30|45|60|90|120,000000,injected QPP selection,False,0,0,0,,,"[-5.247651942732682,-5.412833253921875,-5.684563256856336,-4.962455795341441,-4.301646032212659,-0.7674861972169538]","[-1.948996349244509,-0.4996719016224773,0.17166650242739934,1.237736374768815,2.1611441368447117,6.385704157753139]","[-15.247651942732682,-15.412833253921875,-15.684563256856336,-14.962455795341441,-14.301646032212659,-10.767486197216954]",M0|M0|M0|M0|M0|M0
NWP_A2_S01_P080,NWB_A2_S01,STATIONARY_QPP_PRESENT,80.0,0.04,2.0,1,15|30|45|60|90|120,000000,injected QPP selection,False,0,0,0,,,"[-5.338663910125954,-7.500566771593981,-8.237363474754886,-9.09152129341743,-8.969203467606178,-3.506634774845338]","[-1.8696618201928628,-2.643077686515511,-2.626815887397953,-2.9727328717748946,-1.8684353640236964,3.8787596385329834]","[-15.338663910125954,-17.50056677159398,-18.237363474754886,-19.09152129341743,-18.969203467606178,-13.506634774845338]",M0|M0|M0|M0|M0|M0
NWP_A2_S02_NULL,NWB_A2_S02,NULL_FLARE_RED_NOISE,,,2.0,2,15|30|45|60|90|120,000000,synthetic false selection,False,0,0,0,,,"[-5.483652651508049,-7.5438558059557295,-7.73126523149071,-8.613605707794932,-8.017454813551069,-10.054100274169741]","[-1.9275285687255712,-2.3936264660220985,-1.7955671236056503,-2.21305822016285,-1.8329218621597079,-2.994599852941292]","[-15.483652651508049,-17.54385580595573,-17.73126523149071,-18.61360570779493,-18.01745481355107,-20.05410027416974]",M0|M0|M0|M0|M0|M0
NWP_A2_S02_P050,NWB_A2_S02,STATIONARY_QPP_PRESENT,50.0,0.04,2.0,2,15|30|45|60|90|120,000000,injected QPP selection,False,0,0,0,,,"[-5.187548751601316,-6.187388866652796,-7.436513345253729,-6.539018625850417,-4.077140318853026,-9.799289595548544]","[-1.9333744361979077,-1.2501438303538919,-1.4212695562802082,-0.29089046558146947,1.9063850841004637,-3.0909553659686253]","[-15.187548751601316,-16.187388866652796,-17.43651334525373,-16.539018625850417,-14.077140318853026,-19.799289595548544]",M0|M0|M0|M0|M0|M0
NWP_A2_S02_P080,NWB_A2_S02,STATIONARY_QPP_PRESENT,80.0,0.04,2.0,2,15|30|45|60|90|120,000000,injected QPP selection,False,0,0,0,,,"[-5.214708161084907,-7.486979940286361,-8.856670701678723,-9.227082019463182,-8.333749324103394,-10.61444145466885]","[-1.926591658553062,-2.707988573536767,-3.2404051713133413,-3.0454833668002266,-2.5887843253214555,-3.798213900011092]","[-15.214708161084907,-17.48697994028636,-18.856670701678723,-19.227082019463182,-18.333749324103394,-20.61444145466885]",M0|M0|M0|M0|M0|M0
NWP_A2_S03_NULL,NWB_A2_S03,NULL_FLARE_RED_NOISE,,,2.0,3,15|30|45|60|90|120,000000,synthetic false selection,False,0,0,0,,,"[-5.576395491309249,-7.3253556918396185,-7.022510186866754,-1.9980600386110723,-2.0712078211442986,-6.504459836334888]","[-1.942625055069505,-2.1392299210505428,-2.0730703200756295,2.0955141228901084,2.7945428854214356,-1.4659760473730898]","[-15.576395491309249,-17.32535569183962,-17.022510186866754,-11.998060038611072,-12.071207821144299,-16.504459836334888]",M0|M0|M0|M0|M0|M0
NWP_A2_S03_P050,NWB_A2_S03,STATIONARY_QPP_PRESENT,50.0,0.04,2.0,3,15|30|45|60|90|120,000000,injected QPP selection,False,0,0,0,,,"[-5.4862277799154295,-5.6827230569267755,-5.487146061659388,-1.4513383321012725,-1.546159735989022,-6.517409934211003]","[-1.7444500277793482,-0.6351569804328534,-0.5985711276188681,2.8852107438899566,2.4731046675460675,-1.3309805487287463]","[-15.48622777991543,-15.682723056926775,-15.487146061659388,-11.451338332101272,-11.546159735989022,-16.517409934211003]",M0|M0|M0|M0|M0|M0
NWP_A2_S03_P080,NWB_A2_S03,STATIONARY_QPP_PRESENT,80.0,0.04,2.0,3,15|30|45|60|90|120,000000,injected QPP selection,False,0,0,0,,,"[-5.747410854917614,-6.248658212474069,-5.159004140425907,-0.9269088491611797,-2.2654747515614417,-6.401085913286636]","[-1.94171028426718,-1.2746273867523996,-0.494734717242153,3.2793703528408287,2.324662303522871,-1.3860867087318525]","[-15.747410854917614,-16.24865821247407,-15.159004140425907,-10.92690884916118,-12.265474751561442,-16.401085913286636]",M0|M0|M0|M0|M0|M0
NWP_A2_S04_NULL,NWB_A2_S04,NULL_FLARE_RED_NOISE,,,2.0,4,15|30|45|60|90|120,000000,synthetic false selection,False,0,0,0,,,"[-5.555895065332104,-7.816787952515213,-9.192580496475415,-9.084502669190272,-5.807762941405315,-4.888521402377592]","[-1.936101906488111,-2.6182162303071266,-3.0535720415577714,-3.028198668891946,-1.5837071589547236,1.3291733840082998]","[-15.555895065332104,-17.816787952515213,-19.192580496475415,-19.08450266919027,-15.807762941405315,-14.888521402377592]",M0|M0|M0|M0|M0|M0
NWP_A2_S04_P050,NWB_A2_S04,STATIONARY_QPP_PRESENT,50.0,0.04,2.0,4,15|30|45|60|90|120,000000,injected QPP selection,False,0,0,0,,,"[-5.260173056536619,-5.578370474436852,-5.3522564700918736,-6.408990424377862,-7.294297381791239,-5.375471150788485]","[-1.905229914705596,-0.641722314845623,0.45781620315344185,0.09039416140376488,-2.9276919307832827,-0.16039766951064394]","[-15.260173056536619,-15.578370474436852,-15.352256470091874,-16.408990424377862,-17.29429738179124,-15.375471150788485]",M0|M0|M0|M0|M0|M0
NWP_A2_S04_P080,NWB_A2_S04,STATIONARY_QPP_PRESENT,80.0,0.04,2.0,4,15|30|45|60|90|120,000000,injected QPP selection,False,0,0,0,,,"[-5.512073626285234,-6.664476284436304,-6.542194623586283,-4.764219939161535,-4.480598684312781,-4.636002746026406]","[-1.755897902628461,-1.8825268329723457,-1.3502453981345184,0.15381056001461957,-0.9159479687724001,1.366451849672103]","[-15.512073626285234,-16.664476284436304,-16.542194623586283,-14.764219939161535,-14.480598684312781,-14.636002746026406]",M0|M0|M0|M0|M0|M0
NWP_A2_S05_NULL,NWB_A2_S05,NULL_FLARE_RED_NOISE,,,2.0,5,15|30|45|60|90|120,000000,synthetic false selection,False,0,0,0,,,"[-5.525809899191755,-7.66785105533279,-8.839900403964151,-9.406135780981458,-1.320764224885636,-2.729351846192003]","[-1.9275145202731911,-2.529322783978458,-2.8004828935422097,-2.8178683729395857,-1.1938103511116651,-2.5533500317103517]","[-15.525809899191755,-17.66785105533279,-18.83990040396415,-19.406135780981458,-11.320764224885636,-12.729351846192003]",M0|M0|M0|M0|M0|M0
NWP_A2_S05_P050,NWB_A2_S05,STATIONARY_QPP_PRESENT,50.0,0.04,2.0,5,15|30|45|60|90|120,000000,injected QPP selection,False,0,0,0,,,"[-5.322922336965146,-3.3860576927292243,-1.685575857650889,-3.6978570391404446,-2.3878789730032395,-2.9670541081346755]","[-1.8174214995447153,1.4684885203549953,3.6342618044932635,2.4652988492241548,-0.7470646166786992,-2.3721508349908618]","[-15.322922336965146,-13.386057692729224,-11.685575857650889,-13.697857039140445,-12.38787897300324,-12.967054108134676]",M0|M0|M0|M0|M0|M0
NWP_A2_S05_P080,NWB_A2_S05,STATIONARY_QPP_PRESENT,80.0,0.04,2.0,5,15|30|45|60|90|120,000000,injected QPP selection,False,0,0,0,,,"[-5.634012557509813,-6.506929560424126,-6.045562139952779,-6.239582347635803,-1.2204262847004088,-2.672382178425323]","[-1.970434213621222,-1.3505203441638827,-0.5121311107137103,-0.5062770770843485,-1.0442716029261305,-2.365213560073471]","[-15.634012557509813,-16.506929560424126,-16.04556213995278,-16.239582347635803,-11.220426284700409,-12.672382178425323]",M0|M0|M0|M0|M0|M0
NWP_A2_S06_NULL,NWB_A2_S06,NULL_FLARE_RED_NOISE,,,2.0,6,15|30|45|60|90|120,000000,synthetic false selection,False,0,0,0,,,"[-5.535921468371745,-7.727210827069342,-9.196143200491633,-9.770780347544928,-10.583046090733433,-8.65874568933657]","[-1.9317094831865687,-2.5845851363184806,-3.025952172257746,-3.047290421695436,-3.301319779725077,-1.47973183742738]","[-15.535921468371745,-17.727210827069342,-19.196143200491633,-19.770780347544928,-20.583046090733433,-18.65874568933657]",M0|M0|M0|M0|M0|M0
NWP_A2_S06_P050,NWB_A2_S06,STATIONARY_QPP_PRESENT,50.0,0.04,2.0,6,15|30|45|60|90|120,000000,injected QPP selection,False,0,0,0,,,"[-5.260009724426455,-5.639880066516085,-4.684330198607995,-4.522206123325304,-5.547048733302859,-4.5342639459667]","[-1.9450544080780245,-0.8721779046516929,1.048890021703187,1.3494153842295873,0.8304103493052253,1.9700320145451542]","[-15.260009724426455,-15.639880066516085,-14.684330198607995,-14.522206123325304,-15.547048733302859,-14.5342639459667]",M0|M0|M0|M0|M0|M0
NWP_A2_S06_P080,NWB_A2_S06,STATIONARY_QPP_PRESENT,80.0,0.04,2.0,6,15|30|45|60|90|120,000000,injected QPP selection,False,0,0,0,,,"[-5.524890397454538,-6.639726204487545,-6.324927666048268,-5.881003363790853,-8.519742280441505,-9.463216025928546]","[-1.7509454680454928,-1.8670946158301547,-1.1370093055911639,-0.24592075981234984,-1.8080218622443454,-2.7263340026029255]","[-15.524890397454538,-16.639726204487545,-16.324927666048268,-15.881003363790853,-18.519742280441505,-19.463216025928546]",M0|M0|M0|M0|M0|M0
NWP_A2_S07_NULL,NWB_A2_S07,NULL_FLARE_RED_NOISE,,,2.0,7,15|30|45|60|90|120,000000,synthetic false selection,False,0,0,0,,,"[-5.535333594729046,-7.722327428284856,-8.74848932312446,-8.133970353241523,-6.966694380859394,-4.903703631134931]","[-1.9365556268176691,-2.5158689745952785,-2.705914571885387,-2.2015591726553794,-0.5781495574725568,2.026437671420126]","[-15.535333594729046,-17.722327428284856,-18.74848932312446,-18.133970353241523,-16.966694380859394,-14.903703631134931]",M0|M0|M0|M0|M0|M0
NWP_A2_S07_P050,NWB_A2_S07,STATIONARY_QPP_PRESENT,50.0,0.04,2.0,7,15|30|45|60|90|120,000000,injected QPP selection,False,0,0,0,,,"[-5.534341759215268,-5.3023088916956596,-4.90278944890224,-4.203892406933278,-8.168933891406482,-5.110567362169945]","[-1.7595688047738038,-0.5294210538657893,0.4207858991192097,1.3932843145346396,-2.0214061755862076,2.125477558677062]","[-15.534341759215268,-15.30230889169566,-14.90278944890224,-14.203892406933278,-18.168933891406482,-15.110567362169945]",M0|M0|M0|M0|M0|M0
NWP_A2_S07_P080,NWB_A2_S07,STATIONARY_QPP_PRESENT,80.0,0.04,2.0,7,15|30|45|60|90|120,000000,injected QPP selection,False,0,0,0,,,"[-5.507111710382958,-6.947278703191699,-6.162821618315235,-5.455557397993914,-8.367994878825698,-5.402594540439736]","[-1.9712984272703649,-2.2322364265160957,-1.162363045049716,0.15344878880574697,-2.33458258266387,1.5870679670324535]","[-15.507111710382958,-16.9472787031917,-16.162821618315235,-15.455557397993914,-18.367994878825698,-15.402594540439736]",M0|M0|M0|M0|M0|M0
NWP_A2_S08_NULL,NWB_A2_S08,NULL_FLARE_RED_NOISE,,,2.0,8,15|30|45|60|90|120,000000,synthetic false selection,False,0,0,0,,,"[-5.504344401266762,-7.727368200552462,-8.980685432959433,-9.599047168987283,-0.5163080511163685,4.396856503411868]","[-1.9374080021892768,-2.5607643851111135,-2.8571983896272855,-3.046437893697089,6.257356543977664,10.353554094623405]","[-15.504344401266762,-17.727368200552462,-18.980685432959433,-19.599047168987283,-10.516308051116368,-5.603143496588132]",M0|M0|M0|M0|M0|M0
NWP_A2_S08_P050,NWB_A2_S08,STATIONARY_QPP_PRESENT,50.0,0.04,2.0,8,15|30|45|60|90|120,000000,injected QPP selection,False,0,0,0,,,"[-5.596291503155051,-7.141895347900899,-8.432512440461608,-9.361165544898995,-0.6184593485561436,4.2819933154494265]","[-1.9076078362176814,-2.045566629229043,-2.6432174707565537,-2.8438665502020513,6.092559722887472,10.281997793590108]","[-15.59629150315505,-17.1418953479009,-18.432512440461608,-19.361165544898995,-10.618459348556144,-5.7180066845505735]",M0|M0|M0|M0|M0|M0
NWP_A2_S08_P080,NWB_A2_S08,STATIONARY_QPP_PRESENT,80.0,0.04,2.0,8,15|30|45|60|90|120,000000,injected QPP selection,False,0,0,0,,,"[-5.130815765862437,-7.045147607369515,-7.477811305626091,-8.028530078790652,-0.9617227309101963,4.3085413783074955]","[-1.8347921223697723,-2.6231430036316112,-2.031364583287939,-1.7421385587549025,5.956849771640236,10.163295094274417]","[-15.130815765862437,-17.045147607369515,-17.47781130562609,-18.028530078790652,-10.961722730910196,-5.6914586216925045]",M0|M0|M0|M0|M0|M0
NWP_A2_S09_NULL,NWB_A2_S09,NULL_FLARE_RED_NOISE,,,2.0,9,15|30|45|60|90|120,000000,synthetic false selection,False,0,0,0,,,"[-5.538170315106603,-7.800937609010916,-9.06476861926592,-8.683842337291765,-8.931644535550618,-3.601776011859215]","[-1.9360954371109171,-2.6389745036003234,-2.8909925010088955,-2.2976862283268247,-2.3200964010509324,2.2433802189140124]","[-15.538170315106603,-17.800937609010916,-19.06476861926592,-18.683842337291765,-18.931644535550618,-13.601776011859215]",M0|M0|M0|M0|M0|M0
NWP_A2_S09_P050,NWB_A2_S09,STATIONARY_QPP_PRESENT,50.0,0.04,2.0,9,15|30|45|60|90|120,000000,injected QPP selection,False,0,0,0,,,"[-5.471066320718085,-5.723375039536322,-3.59516682888642,-3.8281021518645844,-8.720048990281043,-3.810650317730847]","[-1.918887186638643,-0.7712874919193098,2.2966201141790634,1.7467035390043861,-1.3883839639069038,2.058180327993796]","[-15.471066320718085,-15.723375039536322,-13.59516682888642,-13.828102151864584,-18.720048990281043,-13.810650317730847]",M0|M0|M0|M0|M0|M0
NWP_A2_S09_P080,NWB_A2_S09,STATIONARY_QPP_PRESENT,80.0,0.04,2.0,9,15|30|45|60|90|120,000000,injected QPP selection,False,0,0,0,,,"[-5.703936956151633,-6.232566048914805,-5.5226193070334375,-5.76947775995518,-8.843514035719068,-3.2629912473502145]","[-1.8855683769047493,-1.3903992156388512,-0.2900407630523887,0.3021316759038086,-3.0708543109823268,2.1155135967069327]","[-15.703936956151633,-16.232566048914805,-15.522619307033438,-15.76947775995518,-18.843514035719068,-13.262991247350215]",M0|M0|M0|M0|M0|M0
NWP_A2_S10_NULL,NWB_A2_S10,NULL_FLARE_RED_NOISE,,,2.0,10,15|30|45|60|90|120,000000,synthetic false selection,False,0,0,0,,,"[-5.534653891412583,-7.6168892223812605,-7.487395929190029,-7.034864938611236,-7.1259333377295775,-6.317031815862379]","[-1.911958029856632,-2.4138351604801898,-1.9661686468395487,-1.2575840803273195,-0.035789638456208195,-0.9389078331624887]","[-15.534653891412583,-17.61688922238126,-17.48739592919003,-17.034864938611236,-17.125933337729577,-16.31703181586238]",M0|M0|M0|M0|M0|M0
NWP_A2_S10_P050,NWB_A2_S10,STATIONARY_QPP_PRESENT,50.0,0.04,2.0,10,15|30|45|60|90|120,000000,injected QPP selection,False,0,0,0,,,"[-5.274418570225857,-5.883333266234317,-6.835207572008869,-8.293200336097186,-6.709812735936907,-6.168946100912422]","[-1.932992758531653,-1.0489669693311754,-0.8767075297333804,-2.081349705046705,0.10090744709054889,-0.9648824696315614]","[-15.274418570225857,-15.883333266234317,-16.83520757200887,-18.293200336097186,-16.709812735936907,-16.16894610091242]",M0|M0|M0|M0|M0|M0
NWP_A2_S10_P080,NWB_A2_S10,STATIONARY_QPP_PRESENT,80.0,0.04,2.0,10,15|30|45|60|90|120,000000,injected QPP selection,False,0,0,0,,,"[-5.508504482553345,-6.708981256758193,-6.060456533862691,-6.656794899311137,-6.9607846780726845,-6.233071315497227]","[-1.7197669235279003,-1.9710627303354187,-1.040010531004242,-0.82098167874625,0.08667328636681759,-0.9120219834384216]","[-15.508504482553345,-16.708981256758193,-16.06045653386269,-16.656794899311137,-16.960784678072685,-16.233071315497227]",M0|M0|M0|M0|M0|M0
NWP_A2_S11_NULL,NWB_A2_S11,NULL_FLARE_RED_NOISE,,,2.0,11,15|30|45|60|90|120,000000,synthetic false selection,False,0,0,0,,,"[-5.579297526264973,-7.722981657458007,-8.757719195487368,-8.372651197539255,-8.536915009829386,-8.941672316956783]","[-1.9338251319367723,-2.5596962859511905,-2.700068143360312,-2.213804220601503,-3.2630233199907366,-3.6913521231506365]","[-15.579297526264973,-17.722981657458007,-18.75771919548737,-18.372651197539255,-18.536915009829386,-18.941672316956783]",M0|M0|M0|M0|M0|M0
NWP_A2_S11_P050,NWB_A2_S11,STATIONARY_QPP_PRESENT,50.0,0.04,2.0,11,15|30|45|60|90|120,000000,injected QPP selection,False,0,0,0,,,"[-5.288727274275939,-5.958078506916024,-7.09293526211485,-8.801119349041244,-9.755083912033683,-8.970172513990747]","[-1.8783775034774832,-0.9194927708699367,-1.0562960578229479,-2.275595229785381,-3.879456615001004,-3.4890992534991483]","[-15.288727274275939,-15.958078506916024,-17.09293526211485,-18.801119349041244,-19.755083912033683,-18.970172513990747]",M0|M0|M0|M0|M0|M0
NWP_A2_S11_P080,NWB_A2_S11,STATIONARY_QPP_PRESENT,80.0,0.04,2.0,11,15|30|45|60|90|120,000000,injected QPP selection,False,0,0,0,,,"[-5.279725902581665,-7.449519135661191,-7.941202827088375,-7.541662970012283,-8.157701836346519,-8.86444448146699]","[-1.8976818608897394,-2.5920650212116385,-2.1627040190501248,-1.3973821090172578,-2.8751869361008744,-3.611958628844718]","[-15.279725902581665,-17.44951913566119,-17.941202827088375,-17.541662970012283,-18.15770183634652,-18.86444448146699]",M0|M0|M0|M0|M0|M0
NWP_A2_S12_NULL,NWB_A2_S12,NULL_FLARE_RED_NOISE,,,2.0,12,15|30|45|60|90|120,000000,synthetic false selection,False,0,0,0,,,"[-5.52702858055005,-7.767391967794865,-8.677581779655583,-9.027986949250987,-9.344152070404164,-7.573596475202635]","[-1.9109336081314714,-2.599291428918434,-2.7270625650811837,-2.9628452909350926,-3.7265242932805904,-2.1476478784128403]","[-15.52702858055005,-17.767391967794865,-18.677581779655583,-19.027986949250987,-19.344152070404164,-17.573596475202635]",M0|M0|M0|M0|M0|M0
NWP_A2_S12_P050,NWB_A2_S12,STATIONARY_QPP_PRESENT,50.0,0.04,2.0,12,15|30|45|60|90|120,000000,injected QPP selection,False,0,0,0,,,"[-5.293475638474078,-5.536694019474538,-6.286794734854993,-8.153326731769141,-9.397166773339336,-7.529713376503537]","[-1.9295541211811988,-0.7146236341273919,-0.29325554258562647,-1.4991481329045087,-3.6521947625106463,-1.373792393515373]","[-15.293475638474078,-15.536694019474538,-16.286794734854993,-18.15332673176914,-19.397166773339336,-17.529713376503537]",M0|M0|M0|M0|M0|M0
NWP_A2_S12_P080,NWB_A2_S12,STATIONARY_QPP_PRESENT,80.0,0.04,2.0,12,15|30|45|60|90|120,000000,injected QPP selection,False,0,0,0,,,"[-5.555728029406804,-6.391553288157695,-4.521875938216738,-6.4762163740855385,-9.181136134594112,-7.2698926364458885]","[-1.747583043028956,-1.7231504385388234,0.6797655778023568,-0.7112250414295431,-3.8161355297332307,-1.9345786928845428]","[-15.555728029406804,-16.391553288157695,-14.521875938216738,-16.47621637408554,-19.181136134594112,-17.26989263644589]",M0|M0|M0|M0|M0|M0
NWP_A2_S13_NULL,NWB_A2_S13,NULL_FLARE_RED_NOISE,,,2.0,13,15|30|45|60|90|120,000000,synthetic false selection,False,0,0,0,,,"[-5.549301775939798,-7.561379453149897,-7.527449077416691,-8.400001382782705,-0.848245030015164,10.258011704264732]","[-1.9394268843459281,-2.383107563278344,-2.2189033015036443,-3.0163425084934374,4.088630851429173,8.820737910890557]","[-15.549301775939798,-17.561379453149897,-17.52744907741669,-18.400001382782705,-10.848245030015164,-1.179262089109443]",M0|M0|M0|M0|M0|M2
NWP_A2_S13_P050,NWB_A2_S13,STATIONARY_QPP_PRESENT,50.0,0.04,2.0,13,15|30|45|60|90|120,000000,injected QPP selection,False,0,0,0,,,"[-5.463928802195273,-6.170592982694231,-6.870079908770919,-7.117199558043296,-2.229425342112279,9.527644977311866]","[-1.9384771802076122,-1.2096954930868122,-1.0704913884370058,-1.2008724604398822,2.6154246897996813,9.0410872690436]","[-15.463928802195273,-16.17059298269423,-16.87007990877092,-17.117199558043296,-12.229425342112279,-0.9589127309563992]",M0|M0|M0|M0|M0|M2
NWP_A2_S13_P080,NWB_A2_S13,STATIONARY_QPP_PRESENT,80.0,0.04,2.0,13,15|30|45|60|90|120,000000,injected QPP selection,False,0,0,0,,,"[-5.695743257037268,-6.228169632387505,-6.240543598869522,-7.675035541435534,-0.5205537036039232,10.379363880039023]","[-1.8706010735323728,-1.5724374972887745,-1.7108146182093833,-2.704883641956826,4.344405762251142,8.965836442867271]","[-15.695743257037268,-16.228169632387505,-16.24054359886952,-17.675035541435534,-10.520553703603923,-1.0341635571327288]",M0|M0|M0|M0|M0|M2
NWP_A2_S14_NULL,NWB_A2_S14,NULL_FLARE_RED_NOISE,,,2.0,14,15|30|45|60|90|120,000000,synthetic false selection,False,0,0,0,,,"[-5.563550756400584,-7.692719165224872,-8.987281662986192,-9.444353537461438,-3.9692931148218804,-0.11973745402735858]","[-1.9330912605400767,-2.6058787706675304,-2.906335125953632,-3.266222586839433,0.019482641915999466,2.1963566308348845]","[-15.563550756400584,-17.692719165224872,-18.98728166298619,-19.44435353746144,-13.96929311482188,-10.119737454027359]",M0|M0|M0|M0|M0|M0
NWP_A2_S14_P050,NWB_A2_S14,STATIONARY_QPP_PRESENT,50.0,0.04,2.0,14,15|30|45|60|90|120,000000,injected QPP selection,False,0,0,0,,,"[-5.646934508779244,-6.342458094034441,-6.626552163945888,-8.033044836563477,-4.3323797216638695,-1.9681607326971289]","[-1.9072370939632046,-1.5108506369992796,-1.337364990366325,-2.4388198007223423,-0.43273301813320586,0.21731832194325307]","[-15.646934508779244,-16.34245809403444,-16.626552163945888,-18.033044836563477,-14.33237972166387,-11.968160732697129]",M0|M0|M0|M0|M0|M0
NWP_A2_S14_P080,NWB_A2_S14,STATIONARY_QPP_PRESENT,80.0,0.04,2.0,14,15|30|45|60|90|120,000000,injected QPP selection,False,0,0,0,,,"[-5.379215956853985,-6.893116970100195,-7.203201025770312,-7.27750292022472,-2.6807363477487343,0.40198503935221197]","[-1.8950340949237363,-2.447862245237218,-2.126550096770046,-1.2371753758559976,1.0709068335721668,2.7131078720558435]","[-15.379215956853985,-16.893116970100195,-17.203201025770312,-17.27750292022472,-12.680736347748734,-9.598014960647788]",M0|M0|M0|M0|M0|M0
NWP_A2_S15_NULL,NWB_A2_S15,NULL_FLARE_RED_NOISE,,,2.0,15,15|30|45|60|90|120,000000,synthetic false selection,False,0,0,0,,,"[-5.58945700388435,-7.7666342955415075,-8.643590355867644,-8.655498401214288,-10.077574828792478,-6.201323116828348]","[-1.9436825735625414,-2.5945207278468416,-2.5779812830376443,-2.5332309266792095,-4.304249939681711,-1.9949701571598553]","[-15.58945700388435,-17.766634295541508,-18.643590355867644,-18.655498401214288,-20.07757482879248,-16.20132311682835]",M0|M0|M0|M0|M0|M0
NWP_A2_S15_P050,NWB_A2_S15,STATIONARY_QPP_PRESENT,50.0,0.04,2.0,15,15|30|45|60|90|120,000000,injected QPP selection,False,0,0,0,,,"[-5.494633096902179,-5.841270443653983,-5.001674217640982,-8.131632769011844,-10.411465608479375,-6.1252374262239755]","[-1.6551641511949873,-0.7620899451142265,0.6630384463183532,-2.0840431014221963,-4.769715052025106,-2.1120915305347125]","[-15.494633096902179,-15.841270443653983,-15.001674217640982,-18.131632769011844,-20.411465608479375,-16.125237426223975]",M0|M0|M0|M0|M0|M0
NWP_A2_S15_P080,NWB_A2_S15,STATIONARY_QPP_PRESENT,80.0,0.04,2.0,15,15|30|45|60|90|120,000000,injected QPP selection,False,0,0,0,,,"[-5.749053835502298,-6.802956648927861,-6.462930978078106,-4.870423316268614,-8.16718415079447,-6.592801422426305]","[-1.966110767484099,-1.706113617827782,-1.0762781255031086,0.4818555397643536,-2.9882611123807123,-2.5131996962271614]","[-15.749053835502298,-16.80295664892786,-16.462930978078106,-14.870423316268614,-18.16718415079447,-16.592801422426305]",M0|M0|M0|M0|M0|M0
NWP_A2_S16_NULL,NWB_A2_S16,NULL_FLARE_RED_NOISE,,,2.0,16,15|30|45|60|90|120,000000,synthetic false selection,False,0,0,0,,,"[-5.486163013812137,-7.725589604605744,-8.014880821034069,-7.869407174725438,-6.372561919851364,-6.085232181500146]","[-1.919213560341702,-2.626878616487531,-2.0740220017934803,-1.8974688849837094,-2.0647551801999384,0.22569113950873998]","[-15.486163013812137,-17.725589604605744,-18.01488082103407,-17.86940717472544,-16.372561919851364,-16.085232181500146]",M0|M0|M0|M0|M0|M0
NWP_A2_S16_P050,NWB_A2_S16,STATIONARY_QPP_PRESENT,50.0,0.04,2.0,16,15|30|45|60|90|120,000000,injected QPP selection,False,0,0,0,,,"[-5.381217060546284,-5.168697316312574,-5.463627849120684,-6.960375173336445,-7.15323363166857,-6.089082989758822]","[-1.936382165336437,-0.29444555644434445,-0.011864709830859965,-0.9998438480366758,-2.313744906374666,0.37073711279606414]","[-15.381217060546284,-15.168697316312574,-15.463627849120684,-16.960375173336445,-17.15323363166857,-16.089082989758822]",M0|M0|M0|M0|M0|M0
NWP_A2_S16_P080,NWB_A2_S16,STATIONARY_QPP_PRESENT,80.0,0.04,2.0,16,15|30|45|60|90|120,000000,injected QPP selection,False,0,0,0,,,"[-5.639387815873119,-5.976086886137338,-5.404066300403116,-6.106588595841686,-6.498771556599706,-6.27642677670849]","[-1.8311170833183903,-1.2882287551241944,-0.22482340543325563,-0.3923121894412134,-2.4363098667203076,-0.030091603769164976]","[-15.63938781587312,-15.976086886137338,-15.404066300403116,-16.106588595841686,-16.498771556599706,-16.27642677670849]",M0|M0|M0|M0|M0|M0
NWP_A2_S17_NULL,NWB_A2_S17,NULL_FLARE_RED_NOISE,,,2.0,17,15|30|45|60|90|120,000000,synthetic false selection,False,0,0,0,,,"[-5.519743040327885,-7.839445848066163,-8.75337892686639,-9.689641195274817,-9.953848839354748,-7.685883955900181]","[-1.9370414870560948,-2.6472992172412404,-2.5993671876362896,-3.167332867049197,-3.4234415676911567,-0.7539579470181934]","[-15.519743040327885,-17.839445848066163,-18.75337892686639,-19.689641195274817,-19.953848839354748,-17.68588395590018]",M0|M0|M0|M0|M0|M0
NWP_A2_S17_P050,NWB_A2_S17,STATIONARY_QPP_PRESENT,50.0,0.04,2.0,17,15|30|45|60|90|120,000000,injected QPP selection,False,0,0,0,,,"[-5.218773524676832,-5.291568911081299,-4.611255775610857,-6.524142292011618,-8.353133999859324,-7.691907888128071]","[-1.90159130957207,-0.38434175241584967,0.9500050392501294,-0.22794244116391837,-1.5348213987443842,-1.405066266248923]","[-15.218773524676832,-15.2915689110813,-14.611255775610857,-16.524142292011618,-18.353133999859324,-17.69190788812807]",M0|M0|M0|M0|M0|M0
NWP_A2_S17_P080,NWB_A2_S17,STATIONARY_QPP_PRESENT,80.0,0.04,2.0,17,15|30|45|60|90|120,000000,injected QPP selection,False,0,0,0,,,"[-5.496451057700966,-6.205159459628419,-5.77039537488821,-7.164626985527832,-9.938383654260065,-8.08677561193258]","[-1.7531936070104903,-1.3491503059621692,-0.5802557898750536,-1.8499467476259497,-3.998829151071334,-1.261356399818169]","[-15.496451057700966,-16.20515945962842,-15.77039537488821,-17.164626985527832,-19.938383654260065,-18.08677561193258]",M0|M0|M0|M0|M0|M0
NWP_A2_S18_NULL,NWB_A2_S18,NULL_FLARE_RED_NOISE,,,2.0,18,15|30|45|60|90|120,000000,synthetic false selection,False,0,0,0,,,"[-5.513560611946017,-7.753601851972448,-8.739045996105517,-8.863328703383559,-7.819159205869141,-6.749380313367169]","[-1.9421670100683075,-2.6194363056338545,-2.6557691795628102,-2.6043477297906747,-2.302322970497073,-3.1113958036108897]","[-15.513560611946017,-17.753601851972448,-18.739045996105517,-18.86332870338356,-17.81915920586914,-16.74938031336717]",M0|M0|M0|M0|M0|M0
NWP_A2_S18_P050,NWB_A2_S18,STATIONARY_QPP_PRESENT,50.0,0.04,2.0,18,15|30|45|60|90|120,000000,injected QPP selection,False,0,0,0,,,"[-5.409296439609101,-3.746368293095003,-3.2380611518528326,-3.6034863028697828,-8.613793227043061,-7.0492599038447]","[-1.5668283391947595,1.2072951002611632,2.385105111917852,2.334354073930058,-3.7453885524055863,-2.703249386961261]","[-15.4092964396091,-13.746368293095003,-13.238061151852833,-13.603486302869783,-18.61379322704306,-17.0492599038447]",M0|M0|M0|M0|M0|M0
NWP_A2_S18_P080,NWB_A2_S18,STATIONARY_QPP_PRESENT,80.0,0.04,2.0,18,15|30|45|60|90|120,000000,injected QPP selection,False,0,0,0,,,"[-5.671556993342348,-6.927782597839908,-7.981501857233525,-9.151032464691468,-8.069003227283474,-6.7732963267390005]","[-1.967884518014002,-1.7544318277954147,-2.3037152128211176,-3.090114989323979,-2.72926296137814,-3.298271697678274]","[-15.671556993342348,-16.927782597839908,-17.981501857233525,-19.15103246469147,-18.069003227283474,-16.773296326739]",M0|M0|M0|M0|M0|M0
NWP_A2_S19_NULL,NWB_A2_S19,NULL_FLARE_RED_NOISE,,,2.0,19,15|30|45|60|90|120,000000,synthetic false selection,False,0,0,0,,,"[-5.556877427230326,-7.6539888398727385,-8.336971049608763,-8.981149012259095,-4.355752667686602,-1.7907021255298332]","[-1.9291477746259718,-2.515775245816016,-2.541814984687335,-2.9340576794094204,0.6736663976325872,0.8359918623771136]","[-15.556877427230326,-17.65398883987274,-18.336971049608763,-18.981149012259095,-14.355752667686602,-11.790702125529833]",M0|M0|M0|M0|M0|M0
NWP_A2_S19_P050,NWB_A2_S19,STATIONARY_QPP_PRESENT,50.0,0.04,2.0,19,15|30|45|60|90|120,000000,injected QPP selection,False,0,0,0,,,"[-5.367163360682802,-5.630372861927967,-5.071407185303855,-6.612586973302143,-4.924846656877719,-2.0400132786860468]","[-1.9453993636322098,-0.8462920313333626,0.5780155450157736,-0.3173853885762128,0.4554957647973765,0.8554620670782924]","[-15.367163360682802,-15.630372861927967,-15.071407185303855,-16.612586973302143,-14.924846656877719,-12.040013278686047]",M0|M0|M0|M0|M0|M0
NWP_A2_S19_P080,NWB_A2_S19,STATIONARY_QPP_PRESENT,80.0,0.04,2.0,19,15|30|45|60|90|120,000000,injected QPP selection,False,0,0,0,,,"[-5.640082290374142,-6.771733041318512,-6.801247278614625,-7.475265803082095,-3.6370965519067795,-1.5445034623178344]","[-1.810752213404906,-2.0061254435069173,-1.8232171240179582,-2.333957097987934,1.2895496912429394,1.1221711115643984]","[-15.640082290374142,-16.771733041318512,-16.801247278614625,-17.475265803082095,-13.63709655190678,-11.544503462317834]",M0|M0|M0|M0|M0|M0
NWP_A2_S20_NULL,NWB_A2_S20,NULL_FLARE_RED_NOISE,,,2.0,20,15|30|45|60|90|120,000000,synthetic false selection,False,0,0,0,,,"[-5.524568031872093,-7.748308875830034,-9.112236120505088,-9.554486861715645,-9.743828173110046,-9.807881451159233]","[-1.9374711242140252,-2.6017837997293896,-2.9678631524029413,-2.8579516873312514,-2.7627563482826645,-3.0651418851754215]","[-15.524568031872093,-17.748308875830034,-19.112236120505088,-19.554486861715645,-19.743828173110046,-19.807881451159233]",M0|M0|M0|M0|M0|M0
NWP_A2_S20_P050,NWB_A2_S20,STATIONARY_QPP_PRESENT,50.0,0.04,2.0,20,15|30|45|60|90|120,000000,injected QPP selection,False,0,0,0,,,"[-5.195384367152215,-5.206798751139047,-4.5878053962057095,-4.6578298831501,-9.53550801235508,-10.10227526393055]","[-1.9102311418411189,-0.3194339789845202,1.1206527201658503,1.3923613338240557,-2.5600260997798614,-2.6780952806918776]","[-15.195384367152215,-15.206798751139047,-14.58780539620571,-14.6578298831501,-19.53550801235508,-20.10227526393055]",M0|M0|M0|M0|M0|M0
NWP_A2_S20_P080,NWB_A2_S20,STATIONARY_QPP_PRESENT,80.0,0.04,2.0,20,15|30|45|60|90|120,000000,injected QPP selection,False,0,0,0,,,"[-5.330944091062685,-7.426998279066595,-8.258185787229564,-8.817306022510536,-9.058213945355078,-9.611947043131295]","[-1.854154934026277,-2.580868435001406,-2.6461996694890786,-2.7864733265163864,-2.477269700560555,-3.005610752654434]","[-15.330944091062685,-17.426998279066595,-18.258185787229564,-18.817306022510536,-19.058213945355078,-19.611947043131295]",M0|M0|M0|M0|M0|M0
NWP_A2_S21_NULL,NWB_A2_S21,NULL_FLARE_RED_NOISE,,,2.0,21,15|30|45|60|90|120,000000,synthetic false selection,False,0,0,0,,,"[-5.557861299390986,-7.808844989445873,-8.61936741312951,-8.07325002048475,-7.18373637199079,-9.473395557595154]","[-1.9369506028847612,-2.6003862182182615,-2.894959207484618,-2.5369485750887293,-1.770542938015069,-3.0499129851855287]","[-15.557861299390986,-17.808844989445873,-18.61936741312951,-18.07325002048475,-17.18373637199079,-19.473395557595154]",M0|M0|M0|M0|M0|M0
NWP_A2_S21_P050,NWB_A2_S21,STATIONARY_QPP_PRESENT,50.0,0.04,2.0,21,15|30|45|60|90|120,000000,injected QPP selection,False,0,0,0,,,"[-5.565277846534663,-5.228162440030147,-5.048828592003389,-7.0344214289350475,-6.238092414217647,-9.545318534264197]","[-1.8032500619308456,-0.45236221868339044,-0.014455428915084667,-1.7804281193533598,-0.9646636171272576,-3.175241489209725]","[-15.565277846534663,-15.228162440030147,-15.048828592003389,-17.034421428935048,-16.238092414217647,-19.545318534264197]",M0|M0|M0|M0|M0|M0
NWP_A2_S21_P080,NWB_A2_S21,STATIONARY_QPP_PRESENT,80.0,0.04,2.0,21,15|30|45|60|90|120,000000,injected QPP selection,False,0,0,0,,,"[-5.52329494521663,-6.752014777825437,-7.25667804122935,-7.611291824845864,-7.430265343267763,-9.58593777359431]","[-1.9384104240330204,-2.107786593035769,-1.7981308798410964,-2.2378590766439856,-2.003301131740045,-3.165094193801565]","[-15.52329494521663,-16.752014777825437,-17.25667804122935,-17.611291824845864,-17.430265343267763,-19.58593777359431]",M0|M0|M0|M0|M0|M0
NWP_A2_S22_NULL,NWB_A2_S22,NULL_FLARE_RED_NOISE,,,2.0,22,15|30|45|60|90|120,000000,synthetic false selection,False,0,0,0,,,"[-5.55971051464234,-7.593632324938071,-8.802037082448095,-9.224088069417348,-9.226338737349295,-9.81938142469005]","[-1.9456221232724937,-2.406892803893541,-2.6654658252708714,-2.824571673601156,-2.9796389478791525,-3.1275080383480827]","[-15.55971051464234,-17.59363232493807,-18.802037082448095,-19.22408806941735,-19.226338737349295,-19.81938142469005]",M0|M0|M0|M0|M0|M0
NWP_A2_S22_P050,NWB_A2_S22,STATIONARY_QPP_PRESENT,50.0,0.04,2.0,22,15|30|45|60|90|120,000000,injected QPP selection,False,0,0,0,,,"[-5.523486551436065,-4.090288103573371,-3.4549029237984996,-2.616430707399104,-8.850067727876535,-9.908184324143917]","[-1.9454329239082684,0.5461889231221733,1.8307400537680394,3.180962920388197,-2.115626419985915,-2.917378957889696]","[-15.523486551436065,-14.090288103573371,-13.4549029237985,-12.616430707399104,-18.850067727876535,-19.908184324143917]",M0|M0|M0|M0|M0|M0
NWP_A2_S22_P080,NWB_A2_S22,STATIONARY_QPP_PRESENT,80.0,0.04,2.0,22,15|30|45|60|90|120,000000,injected QPP selection,False,0,0,0,,,"[-5.559554837358304,-6.6270121235981065,-6.633349301476187,-6.812880926609353,-9.259128570397593,-9.819212490738323]","[-1.9279808303938557,-1.9942096632255897,-1.4189340120408929,-1.2701149893172214,-3.143539521063417,-3.234311027132321]","[-15.559554837358304,-16.627012123598107,-16.633349301476187,-16.812880926609353,-19.259128570397593,-19.819212490738323]",M0|M0|M0|M0|M0|M0
NWP_A2_S23_NULL,NWB_A2_S23,NULL_FLARE_RED_NOISE,,,2.0,23,15|30|45|60|90|120,000000,synthetic false selection,False,0,0,0,,,"[-5.53300604542094,-7.801456344556314,-8.850026283932891,-9.361302818141212,-9.065955143030578,-6.378568012590449]","[-1.938470877930178,-2.6048254017421186,-2.8138427367767918,-2.8580466710776022,-1.8564770816461191,0.881672813756154]","[-15.53300604542094,-17.801456344556314,-18.85002628393289,-19.361302818141212,-19.06595514303058,-16.37856801259045]",M0|M0|M0|M0|M0|M0
NWP_A2_S23_P050,NWB_A2_S23,STATIONARY_QPP_PRESENT,50.0,0.04,2.0,23,15|30|45|60|90|120,000000,injected QPP selection,False,0,0,0,,,"[-5.219494737932141,-5.263742769937153,-4.9358522040406,-5.5288402638574325,-7.3202191968229045,-5.788056275046529]","[-1.8946175163340468,-0.3410298722133973,1.011637076665636,0.8260608513483589,-0.09212087533819613,1.6306000856942546]","[-15.219494737932141,-15.263742769937153,-14.9358522040406,-15.528840263857433,-17.320219196822904,-15.788056275046529]",M0|M0|M0|M0|M0|M0
NWP_A2_S23_P080,NWB_A2_S23,STATIONARY_QPP_PRESENT,80.0,0.04,2.0,23,15|30|45|60|90|120,000000,injected QPP selection,False,0,0,0,,,"[-5.496262752721922,-6.289732413392173,-4.617386484989254,-4.217270904586883,-9.017564549563645,-6.401670732091816]","[-1.7598914049139056,-1.5405085717652156,0.4302934306388124,1.2334329870714669,-2.303319572967382,0.7545403753382516]","[-15.496262752721922,-16.289732413392173,-14.617386484989254,-14.217270904586883,-19.017564549563645,-16.401670732091816]",M0|M0|M0|M0|M0|M0
NWP_A2_S24_NULL,NWB_A2_S24,NULL_FLARE_RED_NOISE,,,2.0,24,15|30|45|60|90|120,000000,synthetic false selection,False,0,0,0,,,"[-5.53486900727898,-7.791552745926111,-8.428924454553282,-3.947360135577469,7.779155610817213,7.964522642603924]","[-1.9409784805384769,-2.633111134574719,-2.5633299795056814,0.9049528940565779,6.825870130175417,2.7430246963398304]","[-15.53486900727898,-17.79155274592611,-18.428924454553282,-13.947360135577469,-3.174129869824583,-7.25697530366017]",M0|M0|M0|M0|M2|M2
NWP_A2_S24_P050,NWB_A2_S24,STATIONARY_QPP_PRESENT,50.0,0.04,2.0,24,15|30|45|60|90|120,000000,injected QPP selection,False,0,0,0,,,"[-5.4201024018042325,-5.260922089675262,-3.271710996149693,-4.0380327307372,2.1428187758922945,4.39688878811819]","[-1.5987122226250152,-0.22489052505204654,2.5744708395677094,1.023903408187607,6.403178342174158,2.7882935339429196]","[-15.420102401804233,-15.260922089675262,-13.271710996149693,-14.0380327307372,-7.8571812241077055,-7.21170646605708]",M0|M0|M0|M0|M0|M2
NWP_A2_S24_P080,NWB_A2_S24,STATIONARY_QPP_PRESENT,80.0,0.04,2.0,24,15|30|45|60|90|120,000000,injected QPP selection,False,0,0,0,,,"[-5.724321899831407,-6.524379817643208,-4.858675299709745,-0.309188141905679,11.14746584927235,9.50883872555994]","[-1.9485986241343758,-1.4628142195619063,0.39818791791410035,3.098918387273443,8.31341038392884,3.3097796361490737]","[-15.724321899831407,-16.524379817643208,-14.858675299709745,-10.309188141905679,-1.68658961607116,-6.690220363850926]",M0|M0|M0|M0|M2|M2
NWP_A2_S25_NULL,NWB_A2_S25,NULL_FLARE_RED_NOISE,,,2.0,25,15|30|45|60|90|120,000000,synthetic false selection,False,0,0,0,,,"[-5.5841087465948505,-7.7367210300529905,-9.121836057206565,-9.908764783136121,-9.671757875367916,-6.203648621378193]","[-1.9327125325024257,-2.618271799746026,-3.0105767735245195,-3.306202330605572,-2.6302285649096575,-0.4670767219087111]","[-15.58410874659485,-17.73672103005299,-19.121836057206565,-19.90876478313612,-19.671757875367916,-16.203648621378193]",M0|M0|M0|M0|M0|M0
NWP_A2_S25_P050,NWB_A2_S25,STATIONARY_QPP_PRESENT,50.0,0.04,2.0,25,15|30|45|60|90|120,000000,injected QPP selection,False,0,0,0,,,"[-5.379584101401306,-6.027005300122028,-5.0685443160020895,-5.644550599013826,-10.414667459080192,-6.815998652426856]","[-1.9458595607619467,-1.1887436029930853,0.8631576144745168,0.7028394377290397,-3.1095188216745555,-0.806048720533795]","[-15.379584101401306,-16.027005300122028,-15.06854431600209,-15.644550599013826,-20.414667459080192,-16.815998652426856]",M0|M0|M0|M0|M0|M0
NWP_A2_S25_P080,NWB_A2_S25,STATIONARY_QPP_PRESENT,80.0,0.04,2.0,25,15|30|45|60|90|120,000000,injected QPP selection,False,0,0,0,,,"[-5.636026375801936,-6.365533913211664,-5.305521167719434,-4.181310459574206,-9.46644531521406,-5.908132213020508]","[-1.80148369262709,-1.6466645659494787,-0.46231195312805085,0.7343945125177811,-3.4642255531767887,-0.4273914627117392]","[-15.636026375801936,-16.365533913211664,-15.305521167719434,-14.181310459574206,-19.46644531521406,-15.908132213020508]",M0|M0|M0|M0|M0|M0
NWP_A2_S26_NULL,NWB_A2_S26,NULL_FLARE_RED_NOISE,,,2.0,26,15|30|45|60|90|120,000000,synthetic false selection,False,0,0,0,,,"[-5.546684986368163,-7.617454348660743,-8.195752455915283,-8.380865963107055,-3.745615717101316,-3.189374710484344]","[-1.9392447724912598,-2.483532318647235,-2.130976189147759,-2.6719721009200725,-0.08381029341137491,3.3291936998940628]","[-15.546684986368163,-17.617454348660743,-18.195752455915283,-18.380865963107055,-13.745615717101316,-13.189374710484344]",M0|M0|M0|M0|M0|M0
NWP_A2_S26_P050,NWB_A2_S26,STATIONARY_QPP_PRESENT,50.0,0.04,2.0,26,15|30|45|60|90|120,000000,injected QPP selection,False,0,0,0,,,"[-5.203714114742095,-5.6263473497783565,-6.2653980295631015,-6.534855619481846,-3.321022316923063,-3.0139327482720546]","[-1.9482244374448507,-0.7466507685887649,-0.820677883125029,-1.8630585442899132,-0.560237831203267,3.6656244228346395]","[-15.203714114742095,-15.626347349778356,-16.2653980295631,-16.534855619481846,-13.321022316923063,-13.013932748272055]",M0|M0|M0|M0|M0|M0
NWP_A2_S26_P080,NWB_A2_S26,STATIONARY_QPP_PRESENT,80.0,0.04,2.0,26,15|30|45|60|90|120,000000,injected QPP selection,False,0,0,0,,,"[-5.387458920265507,-7.1664829393388345,-8.034151048859627,-8.441715204806144,-3.896806502344191,-3.207488612398606]","[-1.8453132591349943,-2.342477964025221,-2.2966991675431245,-2.248446597675752,0.09601258118982514,3.28337817459294]","[-15.387458920265507,-17.166482939338835,-18.034151048859627,-18.441715204806144,-13.896806502344191,-13.207488612398606]",M0|M0|M0|M0|M0|M0
NWP_A2_S27_NULL,NWB_A2_S27,NULL_FLARE_RED_NOISE,,,2.0,27,15|30|45|60|90|120,000000,synthetic false selection,False,0,0,0,,,"[-5.556212085555883,-7.723900371631714,-8.897646579510905,-8.31302936233061,-3.901249492219904,-3.136257732351737]","[-1.9298702895469555,-2.5819912766508537,-2.7183424292876737,-2.0218367519336766,2.0629887040495873,3.6686046123193137]","[-15.556212085555883,-17.723900371631714,-18.897646579510905,-18.31302936233061,-13.901249492219904,-13.136257732351737]",M0|M0|M0|M0|M0|M0
NWP_A2_S27_P050,NWB_A2_S27,STATIONARY_QPP_PRESENT,50.0,0.04,2.0,27,15|30|45|60|90|120,000000,injected QPP selection,False,0,0,0,,,"[-5.22826858689341,-5.582076272912218,-4.245981369537475,-1.7693974325198951,0.5071223003414502,-2.430408604284935]","[-1.946137183041949,-0.7189022830299194,1.6148494851506427,4.031963803116241,5.975100416520206,4.1289422969585985]","[-15.22826858689341,-15.582076272912218,-14.245981369537475,-11.769397432519895,-9.49287769965855,-12.430408604284935]",M0|M0|M0|M0|M0|M0
NWP_A2_S27_P080,NWB_A2_S27,STATIONARY_QPP_PRESENT,80.0,0.04,2.0,27,15|30|45|60|90|120,000000,injected QPP selection,False,0,0,0,,,"[-5.437550394144633,-6.91045772080129,-7.370936599487834,-8.251854167038232,-5.5718840229216084,-3.366519811727585]","[-1.752858440461286,-2.1521884223885053,-1.8714562344478622,-2.0328781830679077,0.9783387248577924,3.7311286926230878]","[-15.437550394144633,-16.91045772080129,-17.370936599487834,-18.251854167038232,-15.571884022921608,-13.366519811727585]",M0|M0|M0|M0|M0|M0
NWP_A2_S28_NULL,NWB_A2_S28,NULL_FLARE_RED_NOISE,,,2.0,28,15|30|45|60|90|120,000000,synthetic false selection,False,0,0,0,,,"[-5.579183071925916,-7.688653271396973,-8.932540838962808,-9.477568717991232,-6.425376467836884,-4.533997396406448]","[-1.9288457863805784,-2.5573519919924905,-2.9185265045497033,-3.037197656443709,-0.5787266844893679,-2.4630149021286343]","[-15.579183071925916,-17.688653271396973,-18.932540838962808,-19.477568717991232,-16.425376467836884,-14.533997396406448]",M0|M0|M0|M0|M0|M0
NWP_A2_S28_P050,NWB_A2_S28,STATIONARY_QPP_PRESENT,50.0,0.04,2.0,28,15|30|45|60|90|120,000000,injected QPP selection,False,0,0,0,,,"[-5.382729792863547,-5.254311133712051,-3.0394562600285155,-4.707463587498125,-7.1262716194543145,-5.856716262172313]","[-1.6008082262226653,-0.2979573099957946,2.82720179014305,1.5779083864852055,-2.9611434821795797,-1.2586873435300276]","[-15.382729792863547,-15.25431113371205,-13.039456260028516,-14.707463587498125,-17.126271619454315,-15.856716262172313]",M0|M0|M0|M0|M0|M0
NWP_A2_S28_P080,NWB_A2_S28,STATIONARY_QPP_PRESENT,80.0,0.04,2.0,28,15|30|45|60|90|120,000000,injected QPP selection,False,0,0,0,,,"[-5.7453192529061425,-6.679873053675195,-6.565705597413313,-6.258076165996613,-7.049944689701249,-4.8478029951991175]","[-1.93545350349659,-1.7503684732058815,-1.5304404041035582,-1.2197616830334823,-1.6706483117655466,-3.266007008221436]","[-15.745319252906143,-16.679873053675195,-16.565705597413313,-16.258076165996613,-17.04994468970125,-14.847802995199118]",M0|M0|M0|M0|M0|M0
NWP_A2_S29_NULL,NWB_A2_S29,NULL_FLARE_RED_NOISE,,,2.0,29,15|30|45|60|90|120,000000,synthetic false selection,False,0,0,0,,,"[-5.501916948634356,-7.637321769633502,-8.422918818075885,-7.626560636274803,-5.904929886879074,-4.971326361843012]","[-1.9399686633910056,-2.505377480617881,-2.4811827739292482,-3.386736407593446,-3.170978470369505,-3.312412198196398]","[-15.501916948634356,-17.637321769633502,-18.422918818075885,-17.626560636274803,-15.904929886879074,-14.971326361843012]",M0|M0|M0|M0|M0|M0
NWP_A2_S29_P050,NWB_A2_S29,STATIONARY_QPP_PRESENT,50.0,0.04,2.0,29,15|30|45|60|90|120,000000,injected QPP selection,False,0,0,0,,,"[-5.53820106771378,-3.027153143961172,-3.848152221382236,-7.652515518371899,-7.03766936334722,-5.404151396953921]","[-1.7844817222760758,1.4946797485212073,1.8100042810076502,-1.5810096379101424,-3.323405571115643,-3.2321543743499888]","[-15.53820106771378,-13.027153143961172,-13.848152221382236,-17.6525155183719,-17.03766936334722,-15.404151396953921]",M0|M0|M0|M0|M0|M0
NWP_A2_S29_P080,NWB_A2_S29,STATIONARY_QPP_PRESENT,80.0,0.04,2.0,29,15|30|45|60|90|120,000000,injected QPP selection,False,0,0,0,,,"[-5.421363204243482,-6.339086626489987,-5.4586104938019275,-6.815922311672125,-7.306238421642206,-4.940459203083265]","[-1.9001668997793901,-1.742747716784919,-0.8305284789721554,-3.199449757275943,-4.618279554181754,-3.436017332251595]","[-15.421363204243482,-16.339086626489987,-15.458610493801928,-16.815922311672125,-17.306238421642206,-14.940459203083265]",M0|M0|M0|M0|M0|M0
NWP_A2_S30_NULL,NWB_A2_S30,NULL_FLARE_RED_NOISE,,,2.0,30,15|30|45|60|90|120,000000,synthetic false selection,False,0,0,0,,,"[-5.516322361132387,-7.830751822892083,-8.657860209795814,-8.828928003101339,-6.303375945110531,0.2509229778055442]","[-1.9295759855601942,-2.6517864721653126,-2.6802644215261466,-2.5569107096617927,-0.11299484836752072,5.131970257617468]","[-15.516322361132387,-17.830751822892083,-18.657860209795814,-18.82892800310134,-16.30337594511053,-9.749077022194456]",M0|M0|M0|M0|M0|M0
NWP_A2_S30_P050,NWB_A2_S30,STATIONARY_QPP_PRESENT,50.0,0.04,2.0,30,15|30|45|60|90|120,000000,injected QPP selection,False,0,0,0,,,"[-5.427426005217987,-4.3067789035356725,-2.5631441284810137,-1.633637546570526,-1.422767715156283,2.3479387458401106]","[-1.585461596979143,0.5731455121654108,2.8924048331588494,4.394294109307964,4.4824106614068455,6.587744007376841]","[-15.427426005217987,-14.306778903535672,-12.563144128481014,-11.633637546570526,-11.422767715156283,-7.652061254159889]",M0|M0|M0|M0|M0|M0
NWP_A2_S30_P080,NWB_A2_S30,STATIONARY_QPP_PRESENT,80.0,0.04,2.0,30,15|30|45|60|90|120,000000,injected QPP selection,False,0,0,0,,,"[-5.680638761139205,-6.497734922198319,-6.349540631309878,-8.022251542676713,-6.6182769054082655,-0.16933175233327802]","[-1.9703295380398318,-1.351529798613356,-0.895252640122294,-2.3805166473323425,0.35342340506849723,4.624010234924299]","[-15.680638761139205,-16.49773492219832,-16.34954063130988,-18.022251542676713,-16.618276905408266,-10.169331752333278]",M0|M0|M0|M0|M0|M0
NWP_A2_S31_NULL,NWB_A2_S31,NULL_FLARE_RED_NOISE,,,2.0,31,15|30|45|60|90|120,000000,synthetic false selection,False,0,0,0,,,"[-5.486814156659657,-7.608737752216882,-8.43990876217299,-7.786314949129405,-9.375397044994088,-8.36480099186906]","[-1.9418048038201539,-2.553422835979049,-2.4753992020308715,-1.4462268609281068,-2.063706712750445,-1.2586319555293812]","[-15.486814156659657,-17.608737752216882,-18.43990876217299,-17.786314949129405,-19.375397044994088,-18.36480099186906]",M0|M0|M0|M0|M0|M0
NWP_A2_S31_P050,NWB_A2_S31,STATIONARY_QPP_PRESENT,50.0,0.04,2.0,31,15|30|45|60|90|120,000000,injected QPP selection,False,0,0,0,,,"[-5.611074839595206,-6.758989312314242,-7.94884360259195,-7.790225260884199,-9.657127972784451,-8.412221645163868]","[-1.9013849826882074,-1.7714525245706625,-2.1167643938293565,-1.9975996697596656,-2.4305791503705905,-0.9024578905664384]","[-15.611074839595206,-16.75898931231424,-17.94884360259195,-17.7902252608842,-19.65712797278445,-18.412221645163868]",M0|M0|M0|M0|M0|M0
NWP_A2_S31_P080,NWB_A2_S31,STATIONARY_QPP_PRESENT,80.0,0.04,2.0,31,15|30|45|60|90|120,000000,injected QPP selection,False,0,0,0,,,"[-5.0803067132112485,-6.966668154380557,-7.100116380581795,-7.851399661098299,-8.367561549844595,-8.570769105140698]","[-1.9449936704777633,-2.5321997888495247,-2.181693778801389,-1.8319486902573203,-0.9206068114923482,-1.7761708161874594]","[-15.080306713211248,-16.966668154380557,-17.100116380581795,-17.8513996610983,-18.367561549844595,-18.5707691051407]",M0|M0|M0|M0|M0|M0
NWP_A2_S32_NULL,NWB_A2_S32,NULL_FLARE_RED_NOISE,,,2.0,32,15|30|45|60|90|120,000000,synthetic false selection,False,0,0,0,,,"[-5.536016918575191,-7.607243562906774,-8.802299791418847,-9.390383318741328,-2.521936840653325,-0.9015554436231241]","[-1.9395502451935043,-2.5307313556674984,-2.7807589475848715,-2.7285335966867024,0.7359442198744546,1.7151394994228895]","[-15.536016918575191,-17.607243562906774,-18.802299791418847,-19.39038331874133,-12.521936840653325,-10.901555443623124]",M0|M0|M0|M0|M0|M0
NWP_A2_S32_P050,NWB_A2_S32,STATIONARY_QPP_PRESENT,50.0,0.04,2.0,32,15|30|45|60|90|120,000000,injected QPP selection,False,0,0,0,,,"[-5.60944176629461,-7.130507840714429,-8.488980911851343,-9.39726468106619,-3.1182769932897827,-1.0865745419682753]","[-1.9347787062331436,-2.0438205110999093,-2.4035832127468666,-2.928503764907475,-0.016416678223151848,1.4640193374916635]","[-15.60944176629461,-17.13050784071443,-18.488980911851343,-19.39726468106619,-13.118276993289783,-11.086574541968275]",M0|M0|M0|M0|M0|M0
NWP_A2_S32_P080,NWB_A2_S32,STATIONARY_QPP_PRESENT,80.0,0.04,2.0,32,15|30|45|60|90|120,000000,injected QPP selection,False,0,0,0,,,"[-5.118308506178803,-7.060733851003491,-8.048903815648828,-8.479711283401116,-2.308049111731748,-0.827487139131108]","[-1.943032334913096,-2.1098745228178046,-3.0454664967239466,-2.102136751146645,1.0659194525740645,1.8903904153401072]","[-15.118308506178803,-17.06073385100349,-18.048903815648828,-18.479711283401116,-12.308049111731748,-10.827487139131108]",M0|M0|M0|M0|M0|M0
NWP_A2_S33_NULL,NWB_A2_S33,NULL_FLARE_RED_NOISE,,,2.0,33,15|30|45|60|90|120,000000,synthetic false selection,False,0,0,0,,,"[-5.533914836468973,-7.777701348866003,-8.617002292772952,-8.819276419670302,-1.7385635464902975,-8.17015695101361]","[-1.932526126662382,-2.5926929220774326,-2.5630410070874348,-2.53118067334168,4.244785979311644,-0.9430409044464341]","[-15.533914836468973,-17.777701348866003,-18.617002292772952,-18.819276419670302,-11.738563546490298,-18.17015695101361]",M0|M0|M0|M0|M0|M0
NWP_A2_S33_P050,NWB_A2_S33,STATIONARY_QPP_PRESENT,50.0,0.04,2.0,33,15|30|45|60|90|120,000000,injected QPP selection,False,0,0,0,,,"[-5.232497140457406,-5.8246132010225296,-6.964077344976658,-8.757275185930496,-2.5734091760186857,-8.316058606168895]","[-1.9098246531606167,-0.8410008966624218,-1.127870213720115,-2.2765791817313357,3.691986444326403,-0.9447304212725385]","[-15.232497140457406,-15.82461320102253,-16.96407734497666,-18.757275185930496,-12.573409176018686,-18.316058606168895]",M0|M0|M0|M0|M0|M0
NWP_A2_S33_P080,NWB_A2_S33,STATIONARY_QPP_PRESENT,80.0,0.04,2.0,33,15|30|45|60|90|120,000000,injected QPP selection,False,0,0,0,,,"[-5.27710943860655,-7.566746583728488,-8.381228954692148,-7.8519797722063345,-0.5148504011140176,-8.009618129617479]","[-1.9275739305577426,-2.704548467522727,-2.645028239892582,-1.7422460937881397,5.452580609520567,-0.9272438900156885]","[-15.27710943860655,-17.566746583728488,-18.381228954692148,-17.851979772206334,-10.514850401114018,-18.00961812961748]",M0|M0|M0|M0|M0|M0
NWP_A2_S34_NULL,NWB_A2_S34,NULL_FLARE_RED_NOISE,,,2.0,34,15|30|45|60|90|120,000000,synthetic false selection,False,0,0,0,,,"[-5.565124440413804,-7.822243951151279,-8.940580919876027,-9.291709953450322,-9.188300749732946,-6.265588832264143]","[-1.9325761647697481,-2.6161721910401923,-2.9272936224010095,-2.911836925604689,-3.7187317512964455,-1.5726360087130615]","[-15.565124440413804,-17.82224395115128,-18.940580919876027,-19.291709953450322,-19.188300749732946,-16.265588832264143]",M0|M0|M0|M0|M0|M0
NWP_A2_S34_P050,NWB_A2_S34,STATIONARY_QPP_PRESENT,50.0,0.04,2.0,34,15|30|45|60|90|120,000000,injected QPP selection,False,0,0,0,,,"[-5.484030983176648,-7.416095972611785,-8.54502746226774,-9.20281681049056,-9.34837725289566,-6.449135068884175]","[-1.9083132142182153,-2.2320665757485187,-2.4816955174068767,-2.7631168389532377,-3.8404790128394666,-1.8633050986579747]","[-15.484030983176648,-17.416095972611785,-18.54502746226774,-19.20281681049056,-19.34837725289566,-16.449135068884175]",M0|M0|M0|M0|M0|M0
NWP_A2_S34_P080,NWB_A2_S34,STATIONARY_QPP_PRESENT,80.0,0.04,2.0,34,15|30|45|60|90|120,000000,injected QPP selection,False,0,0,0,,,"[-5.104080393096771,-7.551157335239125,-8.060792747653892,-8.69675850158643,-9.591949244564887,-6.492719091740696]","[-1.9233750706397954,-2.716945623651611,-2.2271281287967213,-2.2894735537975066,-3.9971811093449787,-1.7218858474848275]","[-15.10408039309677,-17.551157335239125,-18.060792747653892,-18.69675850158643,-19.591949244564887,-16.492719091740696]",M0|M0|M0|M0|M0|M0
NWP_A2_S35_NULL,NWB_A2_S35,NULL_FLARE_RED_NOISE,,,2.0,35,15|30|45|60|90|120,000000,synthetic false selection,False,0,0,0,,,"[-5.496085515699033,-7.572205342131994,-8.414496832350977,-8.468267368939166,-9.561629259187441,-10.375862560926635]","[-1.9201233834398517,-2.4770344328965024,-2.3548857181362166,-2.388817436655586,-2.575274396373686,-3.60521313053016]","[-15.496085515699033,-17.572205342131994,-18.414496832350977,-18.468267368939166,-19.56162925918744,-20.375862560926635]",M0|M0|M0|M0|M0|M0
NWP_A2_S35_P050,NWB_A2_S35,STATIONARY_QPP_PRESENT,50.0,0.04,2.0,35,15|30|45|60|90|120,000000,injected QPP selection,False,0,0,0,,,"[-5.311115136647116,-4.526712039188325,-2.649212469922361,-4.386026640918317,-8.54271592419309,-10.021528327095098]","[-1.6242517797924139,0.398343621023443,2.931917213853751,1.5540791419014113,-1.6441470090855432,-3.272432770098476]","[-15.311115136647116,-14.526712039188325,-12.649212469922361,-14.386026640918317,-18.54271592419309,-20.021528327095098]",M0|M0|M0|M0|M0|M0
NWP_A2_S35_P080,NWB_A2_S35,STATIONARY_QPP_PRESENT,80.0,0.04,2.0,35,15|30|45|60|90|120,000000,injected QPP selection,False,0,0,0,,,"[-5.68496213123591,-6.786967738834491,-6.835754494836323,-8.166702633856744,-9.890166304312913,-10.513180394737901]","[-1.9426404553836898,-1.721175750522363,-1.2164806943214899,-2.6963715465793143,-3.0435540729488935,-3.426312690971713]","[-15.68496213123591,-16.78696773883449,-16.835754494836323,-18.166702633856744,-19.890166304312913,-20.5131803947379]",M0|M0|M0|M0|M0|M0
NWP_A2_S36_NULL,NWB_A2_S36,NULL_FLARE_RED_NOISE,,,2.0,36,15|30|45|60|90|120,000000,synthetic false selection,False,0,0,0,,,"[-5.47663669368332,-7.781814872964333,-9.029503697681605,-8.850166639940483,-8.421741567251786,-6.46867509148251]","[-1.9296425564523867,-2.644820286222412,-3.08922596716053,-2.4593100869579985,-2.157579742202529,0.20416744457122604]","[-15.47663669368332,-17.781814872964333,-19.029503697681605,-18.850166639940483,-18.421741567251786,-16.46867509148251]",M0|M0|M0|M0|M0|M0
NWP_A2_S36_P050,NWB_A2_S36,STATIONARY_QPP_PRESENT,50.0,0.04,2.0,36,15|30|45|60|90|120,000000,injected QPP selection,False,0,0,0,,,"[-5.590418372663988,-5.152053595193266,-5.415517738824377,-7.568062614216217,-9.033311493699387,-7.112682456606194]","[-1.8749243882748212,-0.4059261256297759,-0.19897284325250553,-1.8496021367110984,-2.3283322867371226,-2.125990187036109]","[-15.590418372663988,-15.152053595193266,-15.415517738824377,-17.568062614216217,-19.033311493699387,-17.112682456606194]",M0|M0|M0|M0|M0|M0
NWP_A2_S36_P080,NWB_A2_S36,STATIONARY_QPP_PRESENT,80.0,0.04,2.0,36,15|30|45|60|90|120,000000,injected QPP selection,False,0,0,0,,,"[-5.391365040030047,-7.015106746673368,-6.286160076183421,-6.490979272563493,-6.120898050833091,-6.241230402446604]","[-1.9652183328519657,-2.4246199260087593,-1.0003579083956993,-0.3541482002832481,-0.2282305789535144,-2.191756646404542]","[-15.391365040030047,-17.015106746673368,-16.28616007618342,-16.490979272563493,-16.12089805083309,-16.241230402446604]",M0|M0|M0|M0|M0|M0
NWP_A2_S37_NULL,NWB_A2_S37,NULL_FLARE_RED_NOISE,,,2.0,37,15|30|45|60|90|120,000000,synthetic false selection,False,0,0,0,,,"[-5.545329993379514,-7.528121102739306,-8.723600432045629,-6.88890716639736,-7.137875387224312,-5.714331278055454]","[-1.9459997436472198,-2.488533183017921,-2.729276667884136,-0.9739976478230119,-0.8623739520726303,1.7229852578870464]","[-15.545329993379514,-17.528121102739306,-18.72360043204563,-16.88890716639736,-17.137875387224312,-15.714331278055454]",M0|M0|M0|M0|M0|M0
NWP_A2_S37_P050,NWB_A2_S37,STATIONARY_QPP_PRESENT,50.0,0.04,2.0,37,15|30|45|60|90|120,000000,injected QPP selection,False,0,0,0,,,"[-5.285243823874479,-6.100866041440398,-7.107222371049858,-6.780059716348035,-7.109450135157488,-5.703247113544137]","[-1.822090915680648,-1.1022096175291267,-1.0813548768678913,-0.5768200974422371,-0.7932517005481827,1.7328444674392927]","[-15.28524382387448,-16.100866041440398,-17.107222371049858,-16.780059716348035,-17.109450135157488,-15.703247113544137]",M0|M0|M0|M0|M0|M0
NWP_A2_S37_P080,NWB_A2_S37,STATIONARY_QPP_PRESENT,80.0,0.04,2.0,37,15|30|45|60|90|120,000000,injected QPP selection,False,0,0,0,,,"[-5.085883084656695,-7.497785365599128,-8.86206122819047,-7.547676848880997,-7.267002584849024,-5.760863647075382]","[-1.9254289187675253,-2.6205340362483582,-2.7662470701040434,-1.7132001300333286,-1.0073231598756252,1.6628621070163376]","[-15.085883084656695,-17.49778536559913,-18.86206122819047,-17.547676848880997,-17.267002584849024,-15.760863647075382]",M0|M0|M0|M0|M0|M0
NWP_A2_S38_NULL,NWB_A2_S38,NULL_FLARE_RED_NOISE,,,2.0,38,15|30|45|60|90|120,000000,synthetic false selection,False,0,0,0,,,"[-5.545429447229065,-7.800376910946042,-8.920559904178987,-8.774155979266197,-5.738618534730676,-5.676717318732017]","[-1.9351283451077714,-2.61926912864881,-2.795137851316724,-2.442520646523292,0.4875256490902302,0.40317640652187947]","[-15.545429447229065,-17.800376910946042,-18.920559904178987,-18.774155979266197,-15.738618534730676,-15.676717318732017]",M0|M0|M0|M0|M0|M0
NWP_A2_S38_P050,NWB_A2_S38,STATIONARY_QPP_PRESENT,50.0,0.04,2.0,38,15|30|45|60|90|120,000000,injected QPP selection,False,0,0,0,,,"[-5.621388755586523,-7.0067660730167205,-7.860894860719981,-7.815049661283183,-5.2576679683084535,-5.465796967091023]","[-1.9214771277547316,-1.931418822768066,-2.048969226811579,-1.8371303138396797,0.724267584593747,0.626068904642807]","[-15.621388755586523,-17.00676607301672,-17.86089486071998,-17.815049661283183,-15.257667968308454,-15.465796967091023]",M0|M0|M0|M0|M0|M0
NWP_A2_S38_P080,NWB_A2_S38,STATIONARY_QPP_PRESENT,80.0,0.04,2.0,38,15|30|45|60|90|120,000000,injected QPP selection,False,0,0,0,,,"[-5.129940485137329,-7.293604047853023,-8.235684757004236,-8.954885182562123,-5.868233300410907,-6.066006171016852]","[-1.816077096209841,-2.6335283567954377,-2.6962003916049184,-2.593789910764883,0.1513887441562929,-0.053620800323869844]","[-15.129940485137329,-17.293604047853023,-18.235684757004236,-18.954885182562123,-15.868233300410907,-16.066006171016852]",M0|M0|M0|M0|M0|M0
NWP_A2_S39_NULL,NWB_A2_S39,NULL_FLARE_RED_NOISE,,,2.0,39,15|30|45|60|90|120,000000,synthetic false selection,False,0,0,0,,,"[-5.567383076416407,-7.774538519021263,-9.07624552218877,-9.724904766760062,-9.165824053469123,-9.763177173864051]","[-1.9383973812807058,-2.593490433630791,-2.9427742030538866,-3.057112016175097,-2.1152125318697017,-2.7575917934182144]","[-15.567383076416407,-17.774538519021263,-19.07624552218877,-19.724904766760062,-19.165824053469123,-19.76317717386405]",M0|M0|M0|M0|M0|M0
NWP_A2_S39_P050,NWB_A2_S39,STATIONARY_QPP_PRESENT,50.0,0.04,2.0,39,15|30|45|60|90|120,000000,injected QPP selection,False,0,0,0,,,"[-5.660851973221746,-5.949057696672881,-6.351562221906505,-6.75099061592266,-6.743057914826977,-9.93036260076201]","[-1.956725889557748,-1.1708641692550117,-1.0515505422768854,-0.808323031135501,-0.07183821862543027,-3.16471767238977]","[-15.660851973221746,-15.949057696672881,-16.351562221906505,-16.75099061592266,-16.743057914826977,-19.93036260076201]",M0|M0|M0|M0|M0|M0
NWP_A2_S39_P080,NWB_A2_S39,STATIONARY_QPP_PRESENT,80.0,0.04,2.0,39,15|30|45|60|90|120,000000,injected QPP selection,False,0,0,0,,,"[-5.376614965863295,-6.772802936983325,-6.3957971682210655,-6.35622749268947,-9.502803004732982,-8.93830481032819]","[-1.9577458942530788,-2.2877901639625264,-1.378721828422215,-0.15295043726683843,-2.4407385041681664,-2.2178297420394983]","[-15.376614965863295,-16.772802936983325,-16.395797168221065,-16.35622749268947,-19.502803004732982,-18.93830481032819]",M0|M0|M0|M0|M0|M0
