parent_id,block_id,ground_truth,red_noise_alpha,data_seed,period_s,qpp_fraction,parent_n_samples,time_sha256,envelope_sha256,noise_sha256,phase_float64_sha256,qpp_component_sha256,parent_flux_sha256,all_finite,flux_mean,flux_std_ddof1,flux_min,flux_max,construction_status,error
NWP_A0_S00_NULL,NWB_A0_S00,NULL_FLARE_RED_NOISE,0,0,,,120,4336ffe242107726964b8b51c66378a90d2570cd732e2037b36e258fa25410b5,644cc68cf5a9549f053b883cca848e1c85425db9cc35ed509fc7c5016c2a9a43,0b57a1da8036bc2905a3056f895c413806d5dd68ed4b9b880d0b7711e926210f,dbc26264f714bf525437134f102b5626c08b4da6d4ad7618d378f25d95cea8eb,,b867d0a5539a8a29e16c4067bd843f153e62a658154e5eff6f6194dfea4317e8,True,1.0205013742233473,0.072227968804562268,0.99021157715185681,1.4947586633716143,OK,
NWP_A0_S00_P050,NWB_A0_S00,STATIONARY_QPP_PRESENT,0,0,50,0.040000000000000001,120,4336ffe242107726964b8b51c66378a90d2570cd732e2037b36e258fa25410b5,644cc68cf5a9549f053b883cca848e1c85425db9cc35ed509fc7c5016c2a9a43,0b57a1da8036bc2905a3056f895c413806d5dd68ed4b9b880d0b7711e926210f,dbc26264f714bf525437134f102b5626c08b4da6d4ad7618d378f25d95cea8eb,b080f9bc980bfa5e908c9cdf5099adcff23d28fdf4ad9fc1347ee499831dd2a6,c4f5ca75cfc8943a50ab8e154e8be67f743c944079d076659605edb3e8a65e43,True,1.0204474116935425,0.07180748455241566,0.99021163319775718,1.4779710767433605,OK,
NWP_A0_S00_P080,NWB_A0_S00,STATIONARY_QPP_PRESENT,0,0,80,0.040000000000000001,120,4336ffe242107726964b8b51c66378a90d2570cd732e2037b36e258fa25410b5,644cc68cf5a9549f053b883cca848e1c85425db9cc35ed509fc7c5016c2a9a43,0b57a1da8036bc2905a3056f895c413806d5dd68ed4b9b880d0b7711e926210f,dbc26264f714bf525437134f102b5626c08b4da6d4ad7618d378f25d95cea8eb,454cc3567d4479e9ba85222a83c23fb0a6eb9af40e3139f194845424062bce96,002215aaeae970ebeff70188f8343270a721b69915588b67c61b64815c1c7760,True,1.0204482908991923,0.07185980058058955,0.99021139450056028,1.4779710767433605,OK,
NWP_A0_S01_NULL,NWB_A0_S01,NULL_FLARE_RED_NOISE,0,1,,,120,4336ffe242107726964b8b51c66378a90d2570cd732e2037b36e258fa25410b5,644cc68cf5a9549f053b883cca848e1c85425db9cc35ed509fc7c5016c2a9a43,bcbaef7bd3db9eb78532aa8ddd36e84c07ffa83b7ceb16cfa3ea9f81054c9747,113e116b85f3d1428c9ec84b7c3c98ad209f7659d1ed830485e30e7fe118bfcf,,8448ae30e7669817f7338f72c49b95006b54d913a3e51fed288c5fb0dff52264,True,1.0205013742233473,0.072352849587791826,0.98447133937941778,1.5018127940868391,OK,
NWP_A0_S01_P050,NWB_A0_S01,STATIONARY_QPP_PRESENT,0,1,50,0.040000000000000001,120,4336ffe242107726964b8b51c66378a90d2570cd732e2037b36e258fa25410b5,644cc68cf5a9549f053b883cca848e1c85425db9cc35ed509fc7c5016c2a9a43,bcbaef7bd3db9eb78532aa8ddd36e84c07ffa83b7ceb16cfa3ea9f81054c9747,113e116b85f3d1428c9ec84b7c3c98ad209f7659d1ed830485e30e7fe118bfcf,0a71e7891c5307af7fadcacd7ced6807d7115494dda6ec570b432484c7e87f59,2fad83947b4c295e81c6dd3efec023394cdb3a2e28b366623a0b1a628a75387b,True,1.0204563224379055,0.071979596762629147,0.98447134759532706,1.4869734685639655,OK,
NWP_A0_S01_P080,NWB_A0_S01,STATIONARY_QPP_PRESENT,0,1,80,0.040000000000000001,120,4336ffe242107726964b8b51c66378a90d2570cd732e2037b36e258fa25410b5,644cc68cf5a9549f053b883cca848e1c85425db9cc35ed509fc7c5016c2a9a43,bcbaef7bd3db9eb78532aa8ddd36e84c07ffa83b7ceb16cfa3ea9f81054c9747,113e116b85f3d1428c9ec84b7c3c98ad209f7659d1ed830485e30e7fe118bfcf,a7270e6830c819c5b98d8be0bc30e5f2e442702da4a1ec6bfa51681cc22185da,33c20d3e0e28fda739c697943b17b144c996fbe6d79ee8633d86436d1b456bc4,True,1.0204646842996248,0.072089869619708771,0.98447135430784916,1.4869734685639655,OK,
NWP_A0_S02_NULL,NWB_A0_S02,NULL_FLARE_RED_NOISE,0,2,,,120,4336ffe242107726964b8b51c66378a90d2570cd732e2037b36e258fa25410b5,644cc68cf5a9549f053b883cca848e1c85425db9cc35ed509fc7c5016c2a9a43,54fd8dc38c1dfab8c982ce9a42a5ee14ede667b8106d2747de8c8b205e956f6f,d3494d10446da77ae6850118645c62467494aaf0e5647ab534c5bb6260d29398,,611c1b9380321b0d8c2eeb77d28ae9bc1c950a52cf09c869d8c8fa507b2f0bf9,True,1.0205013742233473,0.07216660860318895,0.98828559599031107,1.4997507755480302,OK,
NWP_A0_S02_P050,NWB_A0_S02,STATIONARY_QPP_PRESENT,0,2,50,0.040000000000000001,120,4336ffe242107726964b8b51c66378a90d2570cd732e2037b36e258fa25410b5,644cc68cf5a9549f053b883cca848e1c85425db9cc35ed509fc7c5016c2a9a43,54fd8dc38c1dfab8c982ce9a42a5ee14ede667b8106d2747de8c8b205e956f6f,d3494d10446da77ae6850118645c62467494aaf0e5647ab534c5bb6260d29398,304886f8c3582d16fc0f15c738446c42e317fad3658dc423f73863da5157144f,9c5f1b6838ee0bbfe90285357e34976dab4beadbd9636910d0adecc49a03ea0e,True,1.0205314409813335,0.072486354010269274,0.98828559599033017,1.504247425114593,OK,
NWP_A0_S02_P080,NWB_A0_S02,STATIONARY_QPP_PRESENT,0,2,80,0.040000000000000001,120,4336ffe242107726964b8b51c66378a90d2570cd732e2037b36e258fa25410b5,644cc68cf5a9549f053b883cca848e1c85425db9cc35ed509fc7c5016c2a9a43,54fd8dc38c1dfab8c982ce9a42a5ee14ede667b8106d2747de8c8b205e956f6f,d3494d10446da77ae6850118645c62467494aaf0e5647ab534c5bb6260d29398,c3ca534bb0f201e622f8c9047527fa04162302fe8ea17dc54c44dacdbe13f6a4,ffa5f71932dc53806d3a1b9f144347300e932550b644a4bf56617b67ea65820f,True,1.0205759214854413,0.072842273012434094,0.98828559599029198,1.504247425114593,OK,
NWP_A0_S03_NULL,NWB_A0_S03,NULL_FLARE_RED_NOISE,0,3,,,120,4336ffe242107726964b8b51c66378a90d2570cd732e2037b36e258fa25410b5,644cc68cf5a9549f053b883cca848e1c85425db9cc35ed509fc7c5016c2a9a43,12c8991dea862596f11dd4ab75d0875930080e4fede1eedc86bdfbdbdd7e7ef0,4850da782962f41475bbee9b7fd5e93d5b63b5f499bd19649324ebd6b6cb9992,,a23bbdff7af24e36bf5bc4353ca47dce40aa2470f522e4c30c77873f6d4a7632,True,1.0205013742233473,0.072222587491375362,0.98889346864378447,1.5065526490568537,OK,
NWP_A0_S03_P050,NWB_A0_S03,STATIONARY_QPP_PRESENT,0,3,50,0.040000000000000001,120,4336ffe242107726964b8b51c66378a90d2570cd732e2037b36e258fa25410b5,644cc68cf5a9549f053b883cca848e1c85425db9cc35ed509fc7c5016c2a9a43,12c8991dea862596f11dd4ab75d0875930080e4fede1eedc86bdfbdbdd7e7ef0,4850da782962f41475bbee9b7fd5e93d5b63b5f499bd19649324ebd6b6cb9992,a27a615ef10f23d5300e3dd5de3975250d676402b801b86210fb3f149dca95bf,d55e1bbeeefe08244ad865a95e4bae5a7355295ba050f3a6e8897e09cf8251cf,True,1.0204465339484614,0.071680668211504997,0.98889320406811776,1.4946483161751536,OK,
NWP_A0_S03_P080,NWB_A0_S03,STATIONARY_QPP_PRESENT,0,3,80,0.040000000000000001,120,4336ffe242107726964b8b51c66378a90d2570cd732e2037b36e258fa25410b5,644cc68cf5a9549f053b883cca848e1c85425db9cc35ed509fc7c5016c2a9a43,12c8991dea862596f11dd4ab75d0875930080e4fede1eedc86bdfbdbdd7e7ef0,4850da782962f41475bbee9b7fd5e93d5b63b5f499bd19649324ebd6b6cb9992,a4964c9497dfb5dad630bd987c4a46b852d620538de5325754d5b679bf3b29d2,34dfdec5e61ac370a4f0845be4d6afdb4bbca27ec2ed96bf2b073ea5f47fcd6b,True,1.0203996860416655,0.071386989269711418,0.9888931114564985,1.4946483161751536,OK,
NWP_A0_S04_NULL,NWB_A0_S04,NULL_FLARE_RED_NOISE,0,4,,,120,4336ffe242107726964b8b51c66378a90d2570cd732e2037b36e258fa25410b5,644cc68cf5a9549f053b883cca848e1c85425db9cc35ed509fc7c5016c2a9a43,7109aae96d9e0db1ae6c50f7a210e4b1b2a31e8d2686fc3ed8c1013a17710f28,3f67a4e5a1a2799ea139a0d34f786aa72c98579bf3b81132805b51a6f4e74dc4,,11ebe98d236ba2f5b84f2fd423f44881f28be1c68741a145f3695dc05e6f41e2,True,1.0205013742233473,0.072344181831293264,0.99107320964060519,1.5090818264488781,OK,
NWP_A0_S04_P050,NWB_A0_S04,STATIONARY_QPP_PRESENT,0,4,50,0.040000000000000001,120,4336ffe242107726964b8b51c66378a90d2570cd732e2037b36e258fa25410b5,644cc68cf5a9549f053b883cca848e1c85425db9cc35ed509fc7c5016c2a9a43,7109aae96d9e0db1ae6c50f7a210e4b1b2a31e8d2686fc3ed8c1013a17710f28,3f67a4e5a1a2799ea139a0d34f786aa72c98579bf3b81132805b51a6f4e74dc4,477da8086d391751375b5bf35537832c3ea27c7bfe0941ae10557680f29412ce,71ab7ca604147af8ce3e1c4fc2415c3fe6f8bb81e2bbb6d2f63fd27af2815037,True,1.0205584808027262,0.072909722878062494,0.99107319985806419,1.5265216493144487,OK,
NWP_A0_S04_P080,NWB_A0_S04,STATIONARY_QPP_PRESENT,0,4,80,0.040000000000000001,120,4336ffe242107726964b8b51c66378a90d2570cd732e2037b36e258fa25410b5,644cc68cf5a9549f053b883cca848e1c85425db9cc35ed509fc7c5016c2a9a43,7109aae96d9e0db1ae6c50f7a210e4b1b2a31e8d2686fc3ed8c1013a17710f28,3f67a4e5a1a2799ea139a0d34f786aa72c98579bf3b81132805b51a6f4e74dc4,a945c030f8eada5e41432466c7d6738cad09380a5c4719971b23de36185159f9,0634e3f19571eddacbf2795ff549844a58eb8311a4d115e1e6128062c5eef460,True,1.0205605675287026,0.072868680472167491,0.99107320481900096,1.5265216493144487,OK,
NWP_A0_S05_NULL,NWB_A0_S05,NULL_FLARE_RED_NOISE,0,5,,,120,4336ffe242107726964b8b51c66378a90d2570cd732e2037b36e258fa25410b5,644cc68cf5a9549f053b883cca848e1c85425db9cc35ed509fc7c5016c2a9a43,92a7729653947cb340502586fbc718b992acad94c7b9a9d960f5161db647532a,e1fd922e9408c3a79324c3846f0e1672facd6b89ea2b3d8ea2391dff51d54c39,,a196b1a3b52e6afefd0a32dcb905bb096a7fa37c309e684944c3f25d1c5f101e,True,1.0205013742233473,0.071575816837132433,0.98692546383788426,1.4951695312377711,OK,
NWP_A0_S05_P050,NWB_A0_S05,STATIONARY_QPP_PRESENT,0,5,50,0.040000000000000001,120,4336ffe242107726964b8b51c66378a90d2570cd732e2037b36e258fa25410b5,644cc68cf5a9549f053b883cca848e1c85425db9cc35ed509fc7c5016c2a9a43,92a7729653947cb340502586fbc718b992acad94c7b9a9d960f5161db647532a,e1fd922e9408c3a79324c3846f0e1672facd6b89ea2b3d8ea2391dff51d54c39,311a2230eb5aeceaf2aef5d639479c7c9b327398352f5740f89f5a247c0c599b,4ac77e5c1b92231e71659962ff8fab328e92bf61b72af761d01462b288d50543,True,1.0204453666743807,0.071102400394355086,0.98692546389171942,1.4779551430077031,OK,
NWP_A0_S05_P080,NWB_A0_S05,STATIONARY_QPP_PRESENT,0,5,80,0.040000000000000001,120,4336ffe242107726964b8b51c66378a90d2570cd732e2037b36e258fa25410b5,644cc68cf5a9549f053b883cca848e1c85425db9cc35ed509fc7c5016c2a9a43,92a7729653947cb340502586fbc718b992acad94c7b9a9d960f5161db647532a,e1fd922e9408c3a79324c3846f0e1672facd6b89ea2b3d8ea2391dff51d54c39,8672cd0668b7b0f0f2617a7116a2914b24f842e1116f3ca616f7e7d78c041291,5bf5859023842538da4eb3eb4f36df4849f915ed85f4150289934465a50e67c5,True,1.0204443404217018,0.071160492939582307,0.98692546376886925,1.4779551430077031,OK,
NWP_A0_S06_NULL,NWB_A0_S06,NULL_FLARE_RED_NOISE,0,6,,,120,4336ffe242107726964b8b51c66378a90d2570cd732e2037b36e258fa25410b5,644cc68cf5a9549f053b883cca848e1c85425db9cc35ed509fc7c5016c2a9a43,6c7459aa4439c17bd0aa2030d0a8addba750e6b59cac829f99bd32c72833835d,16cec038c272ebd9506bae809955dcd59434083af1e648b474f9d57364026b27,,597e72521990ea2e2c7684b9b3d81d5eed9d98258379b5ca6ffa033b21cf2f08,True,1.0205013742233473,0.071430445687969718,0.98551404174512625,1.4904543025653969,OK,
NWP_A0_S06_P050,NWB_A0_S06,STATIONARY_QPP_PRESENT,0,6,50,0.040000000000000001,120,4336ffe242107726964b8b51c66378a90d2570cd732e2037b36e258fa25410b5,644cc68cf5a9549f053b883cca848e1c85425db9cc35ed509fc7c5016c2a9a43,6c7459aa4439c17bd0aa2030d0a8addba750e6b59cac829f99bd32c72833835d,16cec038c272ebd9506bae809955dcd59434083af1e648b474f9d57364026b27,82e5630d71cbeff446da8fc06a22c281e3e03e59885cb6b046aafe81f4e18722,3f9507d4a17f55a58f109070721ef7e0640b30fe2c1d4d8bbffa271409d5a960,True,1.0205252964509135,0.071689081767847107,0.98551404174488177,1.4932137740090679,OK,
NWP_A0_S06_P080,NWB_A0_S06,STATIONARY_QPP_PRESENT,0,6,80,0.040000000000000001,120,4336ffe242107726964b8b51c66378a90d2570cd732e2037b36e258fa25410b5,644cc68cf5a9549f053b883cca848e1c85425db9cc35ed509fc7c5016c2a9a43,6c7459aa4439c17bd0aa2030d0a8addba750e6b59cac829f99bd32c72833835d,16cec038c272ebd9506bae809955dcd59434083af1e648b474f9d57364026b27,57f5176f10f77683d01b577d8f7e5b2666697fec17c7da24cdf299d06b42e4c3,4f1802072714f06ca526ab59121f03a8f1d8fd26a78bf9750ba4049c4d482518,True,1.0205682626301873,0.072043535615378268,0.98551404174517487,1.4932137740090679,OK,
NWP_A0_S07_NULL,NWB_A0_S07,NULL_FLARE_RED_NOISE,0,7,,,120,4336ffe242107726964b8b51c66378a90d2570cd732e2037b36e258fa25410b5,644cc68cf5a9549f053b883cca848e1c85425db9cc35ed509fc7c5016c2a9a43,f102a9f9d9c100ca7307b7116e2d2d2ad661925eedbfdf9f0ee779b4eb78df38,8226c8494a0b44ab4f0ad0699feff825b1cd418e3e658e349175763ded5ba543,,d94761bc5d9fb1d7036c3f22986966c75b819ea9bc6c8f4b9263fe83ac83b992,True,1.0205013742233473,0.071720851848075431,0.98710262831054318,1.4956355524127185,OK,
NWP_A0_S07_P050,NWB_A0_S07,STATIONARY_QPP_PRESENT,0,7,50,0.040000000000000001,120,4336ffe242107726964b8b51c66378a90d2570cd732e2037b36e258fa25410b5,644cc68cf5a9549f053b883cca848e1c85425db9cc35ed509fc7c5016c2a9a43,f102a9f9d9c100ca7307b7116e2d2d2ad661925eedbfdf9f0ee779b4eb78df38,8226c8494a0b44ab4f0ad0699feff825b1cd418e3e658e349175763ded5ba543,8423b491e2c6a3cb126a98c71e8cbea0957fefed37151bbb197756253b00eee1,31424165da6babb02f0e5f224b50a38c3f02d8007426806df5153d19d4da8c36,True,1.0205600728263875,0.072306795060179882,0.98710262838077723,1.5087824560438818,OK,
NWP_A0_S07_P080,NWB_A0_S07,STATIONARY_QPP_PRESENT,0,7,80,0.040000000000000001,120,4336ffe242107726964b8b51c66378a90d2570cd732e2037b36e258fa25410b5,644cc68cf5a9549f053b883cca848e1c85425db9cc35ed509fc7c5016c2a9a43,f102a9f9d9c100ca7307b7116e2d2d2ad661925eedbfdf9f0ee779b4eb78df38,8226c8494a0b44ab4f0ad0699feff825b1cd418e3e658e349175763ded5ba543,58fbe23035ac16c30d0f439db31e1cccc541832129803b1124c73bca9d761242,b7eabb6c9ba5fbb8352aa60211ed49878af3fd4d155cdd87afb7c9fce38a8548,True,1.0206064666287991,0.072621770995954668,0.98710262838077723,1.5087824560438818,OK,
NWP_A0_S08_NULL,NWB_A0_S08,NULL_FLARE_RED_NOISE,0,8,,,120,4336ffe242107726964b8b51c66378a90d2570cd732e2037b36e258fa25410b5,644cc68cf5a9549f053b883cca848e1c85425db9cc35ed509fc7c5016c2a9a43,d8f0978baabab9cd2129d26be19cf984d51130ec5a126c85d3c6b2ba1ef646eb,a5aa205c417a8f599a2c6f864749c7f89c06006337ec1f9a515747eb4f55a13a,,425a800e678b5615df7eaa55fb4d945259ac0f62b3615fab67f79d676c16ea21,True,1.0205013742233473,0.071341797078964472,0.9883469848661387,1.4952894279501829,OK,
NWP_A0_S08_P050,NWB_A0_S08,STATIONARY_QPP_PRESENT,0,8,50,0.040000000000000001,120,4336ffe242107726964b8b51c66378a90d2570cd732e2037b36e258fa25410b5,644cc68cf5a9549f053b883cca848e1c85425db9cc35ed509fc7c5016c2a9a43,d8f0978baabab9cd2129d26be19cf984d51130ec5a126c85d3c6b2ba1ef646eb,a5aa205c417a8f599a2c6f864749c7f89c06006337ec1f9a515747eb4f55a13a,dde6f4b947569513b933ab26dbd50d4684e1ccd60e5f1fd17955c3360693824b,6655f4cd6a1b9f4f258525b5170b06522eaaa2370704a5eaf0a83f63f0450c20,True,1.0205639368000736,0.071963963864998343,0.98834730567502949,1.5097239217655347,OK,
NWP_A0_S08_P080,NWB_A0_S08,STATIONARY_QPP_PRESENT,0,8,80,0.040000000000000001,120,4336ffe242107726964b8b51c66378a90d2570cd732e2037b36e258fa25410b5,644cc68cf5a9549f053b883cca848e1c85425db9cc35ed509fc7c5016c2a9a43,d8f0978baabab9cd2129d26be19cf984d51130ec5a126c85d3c6b2ba1ef646eb,a5aa205c417a8f599a2c6f864749c7f89c06006337ec1f9a515747eb4f55a13a,932f8f5af229a7947f4b8a707e99b4e582435ceb1244bb7ce94bd51ab96a56ab,aa05d7d2d582e1c24058830ac565a7d17354c8bdd8f2ce168caef6eefecff6d5,True,1.0206094758406548,0.072287460411360485,0.98834729254242382,1.5097239217655347,OK,
NWP_A0_S09_NULL,NWB_A0_S09,NULL_FLARE_RED_NOISE,0,9,,,120,4336ffe242107726964b8b51c66378a90d2570cd732e2037b36e258fa25410b5,644cc68cf5a9549f053b883cca848e1c85425db9cc35ed509fc7c5016c2a9a43,2dbe8b10285fccc68dd8d29596f1278c6a8d0af1460645622bbbe581ff1478db,34df07964e112f8322d4b6e55cea26476384cbd5cdb9bbf04000e6b88e33228d,,e71556820d0215a7589c300659333154f9a6bcd98f3d09141e6a9cdc4acf5c65,True,1.0205013742233471,0.071298480568928152,0.98531341303262709,1.4938603518141609,OK,
NWP_A0_S09_P050,NWB_A0_S09,STATIONARY_QPP_PRESENT,0,9,50,0.040000000000000001,120,4336ffe242107726964b8b51c66378a90d2570cd732e2037b36e258fa25410b5,644cc68cf5a9549f053b883cca848e1c85425db9cc35ed509fc7c5016c2a9a43,2dbe8b10285fccc68dd8d29596f1278c6a8d0af1460645622bbbe581ff1478db,34df07964e112f8322d4b6e55cea26476384cbd5cdb9bbf04000e6b88e33228d,ffc9bc7f5868d76475eeea983d7a12725d3be9564cfede9d1f0055eb1b2a6f03,dcf8b299f77c8e1232fc0b77e11f73f099aba7ae43838452f053f96504e18e63,True,1.0204703442404381,0.071053441506920167,0.9853134130326231,1.4822933511830978,OK,
NWP_A0_S09_P080,NWB_A0_S09,STATIONARY_QPP_PRESENT,0,9,80,0.040000000000000001,120,4336ffe242107726964b8b51c66378a90d2570cd732e2037b36e258fa25410b5,644cc68cf5a9549f053b883cca848e1c85425db9cc35ed509fc7c5016c2a9a43,2dbe8b10285fccc68dd8d29596f1278c6a8d0af1460645622bbbe581ff1478db,34df07964e112f8322d4b6e55cea26476384cbd5cdb9bbf04000e6b88e33228d,24399b13b02b63ab6d4c6d674c022ced8632a9a3ea2e496888dd2fc4d20e4fdf,d9e2d8efbca0d3c546a560229cd89db74fa0768ff12ba75aa8a73785a0e6b7e0,True,1.0204885680672511,0.071252405281898676,0.98531341303242326,1.4822933511830978,OK,
NWP_A0_S10_NULL,NWB_A0_S10,NULL_FLARE_RED_NOISE,0,10,,,120,4336ffe242107726964b8b51c66378a90d2570cd732e2037b36e258fa25410b5,644cc68cf5a9549f053b883cca848e1c85425db9cc35ed509fc7c5016c2a9a43,3fb1d77764dc47155001502e553b9210157ee9bd0bb0de707a2886fb1b526596,85b7764a8fdaacccd940c541b273cb3616c296cd67b0a57b669f7a7d0a0df468,,89555c3993e1db52f5f845aa33eb4ec84255a6184764a3efeed8beb33be6d06a,True,1.0205013742233473,0.072524734334617882,0.98907428371663064,1.5133122936067163,OK,
NWP_A0_S10_P050,NWB_A0_S10,STATIONARY_QPP_PRESENT,0,10,50,0.040000000000000001,120,4336ffe242107726964b8b51c66378a90d2570cd732e2037b36e258fa25410b5,644cc68cf5a9549f053b883cca848e1c85425db9cc35ed509fc7c5016c2a9a43,3fb1d77764dc47155001502e553b9210157ee9bd0bb0de707a2886fb1b526596,85b7764a8fdaacccd940c541b273cb3616c296cd67b0a57b669f7a7d0a0df468,3d09f42bc2867d1095d978b804bb4bd95af8257e1977a3133d7f8e83dcc92fdd,0f5888d40c12ee71e99da46c2e5f710e8797e4d4f80230341b5d47a8a7781332,True,1.0205523521327393,0.073049997567752628,0.98907431690403369,1.5294619361288182,OK,
NWP_A0_S10_P080,NWB_A0_S10,STATIONARY_QPP_PRESENT,0,10,80,0.040000000000000001,120,4336ffe242107726964b8b51c66378a90d2570cd732e2037b36e258fa25410b5,644cc68cf5a9549f053b883cca848e1c85425db9cc35ed509fc7c5016c2a9a43,3fb1d77764dc47155001502e553b9210157ee9bd0bb0de707a2886fb1b526596,85b7764a8fdaacccd940c541b273cb3616c296cd67b0a57b669f7a7d0a0df468,f24cdbb1f044c1ed1060debe1bb05b23095a4a777498e894892f8e1371f79172,e3a57a7c5453ee060bba91d5ffa141bfd8b41fe093af0af252442c45f03e8705,True,1.0205488312880959,0.072951558535617703,0.98907430796111129,1.5294619361288182,OK,
NWP_A0_S11_NULL,NWB_A0_S11,NULL_FLARE_RED_NOISE,0,11,,,120,4336ffe242107726964b8b51c66378a90d2570cd732e2037b36e258fa25410b5,644cc68cf5a9549f053b883cca848e1c85425db9cc35ed509fc7c5016c2a9a43,2c7aad6446fc7bfa5377e4bceff92986de830727055222c76eda5e40fa748676,744aa5d99a2343000cb2c42e2716dba229a92f1a014f16c070b1fd6fd1592b8a,,3e36ada31739b8984792fd5bded83148b0a175f34b9488e119700c681e978042,True,1.0205013742233473,0.071850575029801717,0.98384880801649166,1.4991762972831533,OK,
NWP_A0_S11_P050,NWB_A0_S11,STATIONARY_QPP_PRESENT,0,11,50,0.040000000000000001,120,4336ffe242107726964b8b51c66378a90d2570cd732e2037b36e258fa25410b5,644cc68cf5a9549f053b883cca848e1c85425db9cc35ed509fc7c5016c2a9a43,2c7aad6446fc7bfa5377e4bceff92986de830727055222c76eda5e40fa748676,744aa5d99a2343000cb2c42e2716dba229a92f1a014f16c070b1fd6fd1592b8a,155b45af84cabe9f2d473df7b52145da8004ce74e7b1c08dace0a3d9ed57d8ff,4148c7745818a63ed214c609c6a93b6fc21f5b7caa98daf58c7726d81742cc50,True,1.0205674246176264,0.072502977370584226,0.98384880801756125,1.5183047563460177,OK,
NWP_A0_S11_P080,NWB_A0_S11,STATIONARY_QPP_PRESENT,0,11,80,0.040000000000000001,120,4336ffe242107726964b8b51c66378a90d2570cd732e2037b36e258fa25410b5,644cc68cf5a9549f053b883cca848e1c85425db9cc35ed509fc7c5016c2a9a43,2c7aad6446fc7bfa5377e4bceff92986de830727055222c76eda5e40fa748676,744aa5d99a2343000cb2c42e2716dba229a92f1a014f16c070b1fd6fd1592b8a,efdfef57ff108b90c471287d97253ab23f1a13d414a1b28012e72c3c14be92ee,ad9ad026f3de5896d4a50c681df99cd65dbc3d7d16ccfaec45f6068acdc309bc,True,1.0205794925370546,0.072525580226252703,0.98384880801594676,1.5183047563460177,OK,
NWP_A0_S12_NULL,NWB_A0_S12,NULL_FLARE_RED_NOISE,0,12,,,120,4336ffe242107726964b8b51c66378a90d2570cd732e2037b36e258fa25410b5,644cc68cf5a9549f053b883cca848e1c85425db9cc35ed509fc7c5016c2a9a43,34e6670d575425444360705562789737762491c39b418be54aceb7d4db608380,d61bdea9499f52ddae8d8d9d7410539128498e86e9a366f1022f2a13563e6d8c,,8f580a59e771cc23ae496b2223b928aeed422cd2730e748da55b4a6d0f01cfb8,True,1.0205013742233471,0.07160940159309355,0.98764603607991897,1.4984501114052471,OK,
NWP_A0_S12_P050,NWB_A0_S12,STATIONARY_QPP_PRESENT,0,12,50,0.040000000000000001,120,4336ffe242107726964b8b51c66378a90d2570cd732e2037b36e258fa25410b5,644cc68cf5a9549f053b883cca848e1c85425db9cc35ed509fc7c5016c2a9a43,34e6670d575425444360705562789737762491c39b418be54aceb7d4db608380,d61bdea9499f52ddae8d8d9d7410539128498e86e9a366f1022f2a13563e6d8c,0d610db828d59b4d7fd0cb65f89a3e5d19fe20541f5f1c08b15d40fd8b4c7150,2f21a9ab5164727b249a77d444176a6281b7019fb79412e638cca7d5b9c9510a,True,1.0204616157389568,0.071307089345886962,0.98763713284721566,1.4848211631261692,OK,
NWP_A0_S12_P080,NWB_A0_S12,STATIONARY_QPP_PRESENT,0,12,80,0.040000000000000001,120,4336ffe242107726964b8b51c66378a90d2570cd732e2037b36e258fa25410b5,644cc68cf5a9549f053b883cca848e1c85425db9cc35ed509fc7c5016c2a9a43,34e6670d575425444360705562789737762491c39b418be54aceb7d4db608380,d61bdea9499f52ddae8d8d9d7410539128498e86e9a366f1022f2a13563e6d8c,b26e6407ad9bb7aaf746b1ee3878f80262f269b2cef34cb2e737206940f19e5e,8df2b6277cbf0ec575bab72e3bab04329509a9089763d4a0b48f996790b99d87,True,1.0204739314744899,0.071428223666349544,0.9876393441404322,1.4848211631261692,OK,
NWP_A0_S13_NULL,NWB_A0_S13,NULL_FLARE_RED_NOISE,0,13,,,120,4336ffe242107726964b8b51c66378a90d2570cd732e2037b36e258fa25410b5,644cc68cf5a9549f053b883cca848e1c85425db9cc35ed509fc7c5016c2a9a43,3990c2927a5ec3d0bcea9d1e476b0f7035712c6e13e1304270940574b48d107a,e6d07b091345ae4a5053a53aeec97920a9306770fe3b0c74de0fc634b79b5b4a,,f95831fcbed006f9ff754cda04eb34bad179cdf15227d13059a81f223d8dc1c7,True,1.0205013742233473,0.072860695823819654,0.98809005793138116,1.5069756496081923,OK,
NWP_A0_S13_P050,NWB_A0_S13,STATIONARY_QPP_PRESENT,0,13,50,0.040000000000000001,120,4336ffe242107726964b8b51c66378a90d2570cd732e2037b36e258fa25410b5,644cc68cf5a9549f053b883cca848e1c85425db9cc35ed509fc7c5016c2a9a43,3990c2927a5ec3d0bcea9d1e476b0f7035712c6e13e1304270940574b48d107a,e6d07b091345ae4a5053a53aeec97920a9306770fe3b0c74de0fc634b79b5b4a,4cbfbd6594794c01f4263606071dec9be8d029028c427f8bbe8dc5e3bb9360b4,96f265efa301481de049b9e672befa0cf2d2f3d7eb4e70556f871a936d4c0613,True,1.0205553697187637,0.073394457587409728,0.98809767763015754,1.5237701867841396,OK,
NWP_A0_S13_P080,NWB_A0_S13,STATIONARY_QPP_PRESENT,0,13,80,0.040000000000000001,120,4336ffe242107726964b8b51c66378a90d2570cd732e2037b36e258fa25410b5,644cc68cf5a9549f053b883cca848e1c85425db9cc35ed509fc7c5016c2a9a43,3990c2927a5ec3d0bcea9d1e476b0f7035712c6e13e1304270940574b48d107a,e6d07b091345ae4a5053a53aeec97920a9306770fe3b0c74de0fc634b79b5b4a,700b79b69569d20efc235bf302da5e549543791cdf4fc5999a7f1fdf7c8fe9d7,6e4339f2351bceeacca5cfa1bbdf8955f56107bc9ce038dbbc6f94a12dda980f,True,1.0205545205760225,0.073306075171250498,0.98809830420425482,1.5237701867841396,OK,
NWP_A0_S14_NULL,NWB_A0_S14,NULL_FLARE_RED_NOISE,0,14,,,120,4336ffe242107726964b8b51c66378a90d2570cd732e2037b36e258fa25410b5,644cc68cf5a9549f053b883cca848e1c85425db9cc35ed509fc7c5016c2a9a43,8d0889ecb41626e3f5bdb5c6e8e82168af7733928aad285cf835eeee20f9d763,cbb0a6d406ca193db6375f2b663b47fc749d4e080578dd33dfcd6ff0b09ac83a,,da941ebf819e1971a923f6d8aa8d53857d785c2ce5d2bc33f79a1ea1b3a69ad2,True,1.0205013742233473,0.071916727153915921,0.9907837476514898,1.5007565100906752,OK,
NWP_A0_S14_P050,NWB_A0_S14,STATIONARY_QPP_PRESENT,0,14,50,0.040000000000000001,120,4336ffe242107726964b8b51c66378a90d2570cd732e2037b36e258fa25410b5,644cc68cf5a9549f053b883cca848e1c85425db9cc35ed509fc7c5016c2a9a43,8d0889ecb41626e3f5bdb5c6e8e82168af7733928aad285cf835eeee20f9d763,cbb0a6d406ca193db6375f2b663b47fc749d4e080578dd33dfcd6ff0b09ac83a,cca9ef69d328056b95ea670dd29f5fec9a316630951a5dcf10fe2351802a1dfd,d619f49c73d63806b30c9ffd6b6bcb1b1ca904d3e239dd6f7da940f4a8abedcc,True,1.0204931996806508,0.071886270593631341,0.99078466840996837,1.49489103228437,OK,
NWP_A0_S14_P080,NWB_A0_S14,STATIONARY_QPP_PRESENT,0,14,80,0.040000000000000001,120,4336ffe242107726964b8b51c66378a90d2570cd732e2037b36e258fa25410b5,644cc68cf5a9549f053b883cca848e1c85425db9cc35ed509fc7c5016c2a9a43,8d0889ecb41626e3f5bdb5c6e8e82168af7733928aad285cf835eeee20f9d763,cbb0a6d406ca193db6375f2b663b47fc749d4e080578dd33dfcd6ff0b09ac83a,f6014f31b1bb22b85243b1ae0c9feefeb2faacf30ae3eb617da75343a065709a,3027b486e9ed4d2344ec46ced6e67a5e80f99e77b9ca83fcf26c86b2e3eb3177,True,1.0205240943803089,0.072159227312218299,0.99078484908794806,1.49489103228437,OK,
NWP_A0_S15_NULL,NWB_A0_S15,NULL_FLARE_RED_NOISE,0,15,,,120,4336ffe242107726964b8b51c66378a90d2570cd732e2037b36e258fa25410b5,644cc68cf5a9549f053b883cca848e1c85425db9cc35ed509fc7c5016c2a9a43,ab300c5ba8e3b9e55259bf0ff98a50b993cf2e813df1f3ae0fa0b8e4fb0423f4,bcfa132d606db0d089ac850d59f650232841fa23b42876376489c4e4fde2fc9f,,d76616a7d5e3fda23a5751a9d4b1b53130291c9b171a155857ad6ee98b4de68e,True,1.0205013742233473,0.07234473578531643,0.9824333290831857,1.5021713557476599,OK,
NWP_A0_S15_P050,NWB_A0_S15,STATIONARY_QPP_PRESENT,0,15,50,0.040000000000000001,120,4336ffe242107726964b8b51c66378a90d2570cd732e2037b36e258fa25410b5,644cc68cf5a9549f053b883cca848e1c85425db9cc35ed509fc7c5016c2a9a43,ab300c5ba8e3b9e55259bf0ff98a50b993cf2e813df1f3ae0fa0b8e4fb0423f4,bcfa132d606db0d089ac850d59f650232841fa23b42876376489c4e4fde2fc9f,0883e079eb292c0dcc0118431bf423fc6ddf86d96897c11087658ff5bd47622c,c53557f1cd9de41563d24f7c57bbf49c677404345e0e379eb254e795ec00e733,True,1.0204572108305145,0.071984440650228645,0.98243332908324299,1.4875327643921359,OK,
NWP_A0_S15_P080,NWB_A0_S15,STATIONARY_QPP_PRESENT,0,15,80,0.040000000000000001,120,4336ffe242107726964b8b51c66378a90d2570cd732e2037b36e258fa25410b5,644cc68cf5a9549f053b883cca848e1c85425db9cc35ed509fc7c5016c2a9a43,ab300c5ba8e3b9e55259bf0ff98a50b993cf2e813df1f3ae0fa0b8e4fb0423f4,bcfa132d606db0d089ac850d59f650232841fa23b42876376489c4e4fde2fc9f,54c65a419f340fb3575ecd8efb1892ee78e47a0e76621c55f08045dde3ef9f8f,283fc4c5d2ffe27ce93afc531a81ce61b666864634cf46facbc15e27b9250d4f,True,1.0204662585751925,0.07209411142475998,0.98243332908308623,1.4875327643921359,OK,
NWP_A0_S16_NULL,NWB_A0_S16,NULL_FLARE_RED_NOISE,0,16,,,120,4336ffe242107726964b8b51c66378a90d2570cd732e2037b36e258fa25410b5,644cc68cf5a9549f053b883cca848e1c85425db9cc35ed509fc7c5016c2a9a43,0ef17d27289e8490b8394018397d6b046a8f12422ae8d167e488d1a73a394a41,6fd3a8aa3763d75d0920adb0f3100a9f95ca26ae5aa71455c6aa6222ac490d6b,,8e5b5afd38e7769a8c9d35b47b6bae383171769484f23d242111da2910f50f87,True,1.0205013742233473,0.072125475466840075,0.98665532399193123,1.502134899008267,OK,
NWP_A0_S16_P050,NWB_A0_S16,STATIONARY_QPP_PRESENT,0,16,50,0.040000000000000001,120,4336ffe242107726964b8b51c66378a90d2570cd732e2037b36e258fa25410b5,644cc68cf5a9549f053b883cca848e1c85425db9cc35ed509fc7c5016c2a9a43,0ef17d27289e8490b8394018397d6b046a8f12422ae8d167e488d1a73a394a41,6fd3a8aa3763d75d0920adb0f3100a9f95ca26ae5aa71455c6aa6222ac490d6b,87cb0d37f4a2fa0e99b679e11bbd0493d67228fd51e4b7222b857dc47b664df1,40dd734238cd98bd09cce8bf31f049e860e4ca7eb3b8f0a11432b0f38d50f1e2,True,1.0204360349840966,0.071575467222952299,0.98665532399213951,1.4831276041282468,OK,
NWP_A0_S16_P080,NWB_A0_S16,STATIONARY_QPP_PRESENT,0,16,80,0.040000000000000001,120,4336ffe242107726964b8b51c66378a90d2570cd732e2037b36e258fa25410b5,644cc68cf5a9549f053b883cca848e1c85425db9cc35ed509fc7c5016c2a9a43,0ef17d27289e8490b8394018397d6b046a8f12422ae8d167e488d1a73a394a41,6fd3a8aa3763d75d0920adb0f3100a9f95ca26ae5aa71455c6aa6222ac490d6b,01edde88fcb964c18281fe761c3bf63e762eee0b7e798b5ba17b6287cee808b9,9c2a78aa61f1a3d3a992ff5eac2c1f1fb3b3c7a1812555d2ffdae36d5b349bff,True,1.0204248820457629,0.071514425255324601,0.98665532399213929,1.4831276041282468,OK,
NWP_A0_S17_NULL,NWB_A0_S17,NULL_FLARE_RED_NOISE,0,17,,,120,4336ffe242107726964b8b51c66378a90d2570cd732e2037b36e258fa25410b5,644cc68cf5a9549f053b883cca848e1c85425db9cc35ed509fc7c5016c2a9a43,3ec47b8d887e8c2f44e68b2e78b3bf916801e74f2da95674ea1b540e89499118,ea1df891e32f2c33c6d353b01183f779ee97b93f1b5fe2bef553c27bb3ecd035,,8c66d9913aac59daeefa56d7ce33e9b96f470546d82471eeebebda5fb98bc360,True,1.0205013742233473,0.071972948710746026,0.98924242156249742,1.5025480321196591,OK,
NWP_A0_S17_P050,NWB_A0_S17,STATIONARY_QPP_PRESENT,0,17,50,0.040000000000000001,120,4336ffe242107726964b8b51c66378a90d2570cd732e2037b36e258fa25410b5,644cc68cf5a9549f053b883cca848e1c85425db9cc35ed509fc7c5016c2a9a43,3ec47b8d887e8c2f44e68b2e78b3bf916801e74f2da95674ea1b540e89499118,ea1df891e32f2c33c6d353b01183f779ee97b93f1b5fe2bef553c27bb3ecd035,ab33a095ffcd5f32e7bb295967e9c1e5b2c67b9d241a50be0d1a3689e7391eab,0bfb8c59519494d1784023f5427e1edac0a5ad72dd1c990ecc60aca92b497d9b,True,1.0204276267871906,0.071303321494652391,0.98924242156266662,1.4837046418398334,OK,
NWP_A0_S17_P080,NWB_A0_S17,STATIONARY_QPP_PRESENT,0,17,80,0.040000000000000001,120,4336ffe242107726964b8b51c66378a90d2570cd732e2037b36e258fa25410b5,644cc68cf5a9549f053b883cca848e1c85425db9cc35ed509fc7c5016c2a9a43,3ec47b8d887e8c2f44e68b2e78b3bf916801e74f2da95674ea1b540e89499118,ea1df891e32f2c33c6d353b01183f779ee97b93f1b5fe2bef553c27bb3ecd035,b6926571cc36ecb643de935f29e709a4118642af2092f48db02a7d51180cf7c3,ea314ca86772cb609cc6160323acda6df8fed4f1f75c7b84bd4f9bd1fd656b20,True,1.0203908743779735,0.071066157655169576,0.98924242155671582,1.4837046418398334,OK,
NWP_A0_S18_NULL,NWB_A0_S18,NULL_FLARE_RED_NOISE,0,18,,,120,4336ffe242107726964b8b51c66378a90d2570cd732e2037b36e258fa25410b5,644cc68cf5a9549f053b883cca848e1c85425db9cc35ed509fc7c5016c2a9a43,705094b1c053087547205f18d27a1f77e3df22f8f69907a1abc78097d92c340d,4ae55354db3d523d988f0e991ad4a4124e9cd01e89e59a17173351451a538667,,60d0e51d2df044fcd7188b66d337213fed0ef5a86c4f6c2c21ed3f6e4f3d204d,True,1.0205013742233473,0.072399760152382545,0.98602820409991199,1.5047052298458139,OK,
NWP_A0_S18_P050,NWB_A0_S18,STATIONARY_QPP_PRESENT,0,18,50,0.040000000000000001,120,4336ffe242107726964b8b51c66378a90d2570cd732e2037b36e258fa25410b5,644cc68cf5a9549f053b883cca848e1c85425db9cc35ed509fc7c5016c2a9a43,705094b1c053087547205f18d27a1f77e3df22f8f69907a1abc78097d92c340d,4ae55354db3d523d988f0e991ad4a4124e9cd01e89e59a17173351451a538667,11426a9875d8075686787903d3b86f26e205cbf58ebff3c4936fc6adff057511,957ff904592ea98d9857476d119e04e49e0758ef4d07cd741ce3b8b246765eda,True,1.0204280319948187,0.071727085366572185,0.98602820424075355,1.4860867489858371,OK,
NWP_A0_S18_P080,NWB_A0_S18,STATIONARY_QPP_PRESENT,0,18,80,0.040000000000000001,120,4336ffe242107726964b8b51c66378a90d2570cd732e2037b36e258fa25410b5,644cc68cf5a9549f053b883cca848e1c85425db9cc35ed509fc7c5016c2a9a43,705094b1c053087547205f18d27a1f77e3df22f8f69907a1abc78097d92c340d,4ae55354db3d523d988f0e991ad4a4124e9cd01e89e59a17173351451a538667,9e7671f382613d9f1783df0b548656da060091f9114988f089e457ab8e6055e2,e6f10cd640e5325e4baad97a9a4b0d855da9c99b7d46e147402f16d37d95191f,True,1.0203903577446771,0.071485790399587787,0.98602820496198684,1.4860867489858371,OK,
NWP_A0_S19_NULL,NWB_A0_S19,NULL_FLARE_RED_NOISE,0,19,,,120,4336ffe242107726964b8b51c66378a90d2570cd732e2037b36e258fa25410b5,644cc68cf5a9549f053b883cca848e1c85425db9cc35ed509fc7c5016c2a9a43,d43322748169f592fc41ca3896336c3ad722d095b24e961037f4a9ad4a8034bc,78dd84bf7d453e9629d3ffbfcb920856af3a6b03e2ae49a6b51e76a2e864f100,,65266f0732939ab94399781e06225c37c78049c4a5fc97fdaacaa39e7e850541,True,1.0205013742233473,0.072413566904206597,0.98836790678444164,1.5089565308805366,OK,
NWP_A0_S19_P050,NWB_A0_S19,STATIONARY_QPP_PRESENT,0,19,50,0.040000000000000001,120,4336ffe242107726964b8b51c66378a90d2570cd732e2037b36e258fa25410b5,644cc68cf5a9549f053b883cca848e1c85425db9cc35ed509fc7c5016c2a9a43,d43322748169f592fc41ca3896336c3ad722d095b24e961037f4a9ad4a8034bc,78dd84bf7d453e9629d3ffbfcb920856af3a6b03e2ae49a6b51e76a2e864f100,909903591e7e7ab822c20a47fce10e165f48fd3af359c225fff08accad2acae8,b4cbef572d858bbe3f3dc9f68e67ea8d616ebeda84224759bb845ecb0ecd53ad,True,1.0205160178020383,0.07254407895078839,0.98836790678630282,1.5164750040145138,OK,
NWP_A0_S19_P080,NWB_A0_S19,STATIONARY_QPP_PRESENT,0,19,80,0.040000000000000001,120,4336ffe242107726964b8b51c66378a90d2570cd732e2037b36e258fa25410b5,644cc68cf5a9549f053b883cca848e1c85425db9cc35ed509fc7c5016c2a9a43,d43322748169f592fc41ca3896336c3ad722d095b24e961037f4a9ad4a8034bc,78dd84bf7d453e9629d3ffbfcb920856af3a6b03e2ae49a6b51e76a2e864f100,931ec8b539724b51e7ea27aa344a10817430b9f5e725b68daaebf9e24bde3f1c,86e02cb991422b54c82fb6e1b714bae368eb952f09968b079b22653c88d69f82,True,1.0204883462765677,0.072315915454307364,0.98836790678271258,1.5164750040145138,OK,
NWP_A0_S20_NULL,NWB_A0_S20,NULL_FLARE_RED_NOISE,0,20,,,120,4336ffe242107726964b8b51c66378a90d2570cd732e2037b36e258fa25410b5,644cc68cf5a9549f053b883cca848e1c85425db9cc35ed509fc7c5016c2a9a43,6bd94c897d2c48bcecd2914125d3fc698a3e9556c56cae6d8e1773ca65488d5a,520982adf2001d108ec114dd70508d7dd587f122d7e8a3b5ef75f2900060d84e,,bab52c27ca4105ae9c3477d9c0ac779ae367104073772027582397c3d3d65d17,True,1.0205013742233473,0.07155919648156954,0.98594870909124088,1.4941581692440593,OK,
NWP_A0_S20_P050,NWB_A0_S20,STATIONARY_QPP_PRESENT,0,20,50,0.040000000000000001,120,4336ffe242107726964b8b51c66378a90d2570cd732e2037b36e258fa25410b5,644cc68cf5a9549f053b883cca848e1c85425db9cc35ed509fc7c5016c2a9a43,6bd94c897d2c48bcecd2914125d3fc698a3e9556c56cae6d8e1773ca65488d5a,520982adf2001d108ec114dd70508d7dd587f122d7e8a3b5ef75f2900060d84e,e18f29b1b1c2e490eb12dbe5204d707933764026ec3912ff5e91cbd728b0522f,9755b476d13f900d8d14b151e1f0e9025c4eafc91a4ae71c6b345fab565489ab,True,1.020485345008028,0.07143961681161777,0.98594870908208576,1.4862894574306484,OK,
NWP_A0_S20_P080,NWB_A0_S20,STATIONARY_QPP_PRESENT,0,20,80,0.040000000000000001,120,4336ffe242107726964b8b51c66378a90d2570cd732e2037b36e258fa25410b5,644cc68cf5a9549f053b883cca848e1c85425db9cc35ed509fc7c5016c2a9a43,6bd94c897d2c48bcecd2914125d3fc698a3e9556c56cae6d8e1773ca65488d5a,520982adf2001d108ec114dd70508d7dd587f122d7e8a3b5ef75f2900060d84e,843f5abf3411141ed845531eb7727bd48dda416322dc3970ba56f9191d658180,e59a8ed8328779236cfeae68e93e6de65c116114e8afb2ace74eeb5952218856,True,1.0205122907297255,0.071691266753582658,0.9859487090750223,1.4862894574306484,OK,
NWP_A0_S21_NULL,NWB_A0_S21,NULL_FLARE_RED_NOISE,0,21,,,120,4336ffe242107726964b8b51c66378a90d2570cd732e2037b36e258fa25410b5,644cc68cf5a9549f053b883cca848e1c85425db9cc35ed509fc7c5016c2a9a43,b73c628afd97071faca95df0a5958f7e2d10f23fd5f4be60948ebe9cd175a803,1eb477b9414dc668ba1e9e1bf6218777d6fb9678d6f9c76dd1c43b7e2efc50c2,,1d2a5891349aac7e690bec553f21cdc0035e9bc882462c0244052f8a69591241,True,1.0205013742233473,0.072302050529528608,0.9895369994724581,1.5035377667622836,OK,
NWP_A0_S21_P050,NWB_A0_S21,STATIONARY_QPP_PRESENT,0,21,50,0.040000000000000001,120,4336ffe242107726964b8b51c66378a90d2570cd732e2037b36e258fa25410b5,644cc68cf5a9549f053b883cca848e1c85425db9cc35ed509fc7c5016c2a9a43,b73c628afd97071faca95df0a5958f7e2d10f23fd5f4be60948ebe9cd175a803,1eb477b9414dc668ba1e9e1bf6218777d6fb9678d6f9c76dd1c43b7e2efc50c2,b69e9e131ee105fe66918ef7099703010ce506d6c531d7f034c8cc822d3b0e0c,74044ee031fb0835787f8cc43ce5564f34e312ef2924c67e459ff26779464c65,True,1.0205751905997036,0.073039241763916948,0.98950484279602802,1.5235216192914478,OK,
NWP_A0_S21_P080,NWB_A0_S21,STATIONARY_QPP_PRESENT,0,21,80,0.040000000000000001,120,4336ffe242107726964b8b51c66378a90d2570cd732e2037b36e258fa25410b5,644cc68cf5a9549f053b883cca848e1c85425db9cc35ed509fc7c5016c2a9a43,b73c628afd97071faca95df0a5958f7e2d10f23fd5f4be60948ebe9cd175a803,1eb477b9414dc668ba1e9e1bf6218777d6fb9678d6f9c76dd1c43b7e2efc50c2,1236bafbb1d013a19ed607ab1b429c826f56cd25b9073abb350de8501c1da709,15f53dc5f9f93cd10f4d9b2ea3da3888aff421e36b2938ac64731a20fb88d4c6,True,1.0206015811266687,0.073164936393673163,0.98949605553866449,1.5235216192914478,OK,
NWP_A0_S22_NULL,NWB_A0_S22,NULL_FLARE_RED_NOISE,0,22,,,120,4336ffe242107726964b8b51c66378a90d2570cd732e2037b36e258fa25410b5,644cc68cf5a9549f053b883cca848e1c85425db9cc35ed509fc7c5016c2a9a43,c13d0153361512734b7c759b5eb7c5013f6a8f30ec4ea8e20a9318179c2fea1f,d0333216e3758ba188b8710355178e6b5583b59de917688902b5338167f725d3,,9da147b28d183aa54457a02ec8927e0c836eb3fe36d6f7e54b4d6ed1e0f5c09f,True,1.0205013742233473,0.072452893229041498,0.98873923092346094,1.5006220910584365,OK,
NWP_A0_S22_P050,NWB_A0_S22,STATIONARY_QPP_PRESENT,0,22,50,0.040000000000000001,120,4336ffe242107726964b8b51c66378a90d2570cd732e2037b36e258fa25410b5,644cc68cf5a9549f053b883cca848e1c85425db9cc35ed509fc7c5016c2a9a43,c13d0153361512734b7c759b5eb7c5013f6a8f30ec4ea8e20a9318179c2fea1f,d0333216e3758ba188b8710355178e6b5583b59de917688902b5338167f725d3,1582ee2a6e53ab013ba8d2ba768b635f77e93ab16d86c84db0494a9552b6e3d1,aeeab0da5e868519e0e84e8e289a4d0e6e7bd0ba5bc8d505020969bf40ad25c4,True,1.0205513595234881,0.072958747540336363,0.98873925972073484,1.5110079626056205,OK,
NWP_A0_S22_P080,NWB_A0_S22,STATIONARY_QPP_PRESENT,0,22,80,0.040000000000000001,120,4336ffe242107726964b8b51c66378a90d2570cd732e2037b36e258fa25410b5,644cc68cf5a9549f053b883cca848e1c85425db9cc35ed509fc7c5016c2a9a43,c13d0153361512734b7c759b5eb7c5013f6a8f30ec4ea8e20a9318179c2fea1f,d0333216e3758ba188b8710355178e6b5583b59de917688902b5338167f725d3,2b45ce0e15b0e7f7dd1147331cfea29ea60de1bec8052d15aa28f9a113aff0c1,5779b57384346b6bbc430210ac1486ae1c54e9d404b42267e646b6af9048120a,True,1.0205983614612815,0.07328954330014234,0.98873904900183229,1.5110079626056205,OK,
NWP_A0_S23_NULL,NWB_A0_S23,NULL_FLARE_RED_NOISE,0,23,,,120,4336ffe242107726964b8b51c66378a90d2570cd732e2037b36e258fa25410b5,644cc68cf5a9549f053b883cca848e1c85425db9cc35ed509fc7c5016c2a9a43,01655765b7dc231b5f8b54e5f7ed9e55eedfcca945c956c9ec85ae96c6b7427f,4cae4f29cb70a517a6a165200c7b4fa486d851a599807f8c605c575a5c0994d7,,e360dc34ba4fe2c7b1e3833302d6bfe3fac971ef2f7cdc22b0d8a10e0b65ed93,True,1.0205013742233473,0.072238433058729956,0.98491257197664617,1.4962388710185617,OK,
NWP_A0_S23_P050,NWB_A0_S23,STATIONARY_QPP_PRESENT,0,23,50,0.040000000000000001,120,4336ffe242107726964b8b51c66378a90d2570cd732e2037b36e258fa25410b5,644cc68cf5a9549f053b883cca848e1c85425db9cc35ed509fc7c5016c2a9a43,01655765b7dc231b5f8b54e5f7ed9e55eedfcca945c956c9ec85ae96c6b7427f,4cae4f29cb70a517a6a165200c7b4fa486d851a599807f8c605c575a5c0994d7,97bd8e14c6e6d7d4a45eb48a95c6676f36f359324cf35110db3627cbb214fe76,49eb5261e2eaa708521bf350b96ae1d01f8a4b78a1d767b9182fca6abf14c363,True,1.0205759982526361,0.072967732943679378,0.984912603582489,1.5158424415135452,OK,
NWP_A0_S23_P080,NWB_A0_S23,STATIONARY_QPP_PRESENT,0,23,80,0.040000000000000001,120,4336ffe242107726964b8b51c66378a90d2570cd732e2037b36e258fa25410b5,644cc68cf5a9549f053b883cca848e1c85425db9cc35ed509fc7c5016c2a9a43,01655765b7dc231b5f8b54e5f7ed9e55eedfcca945c956c9ec85ae96c6b7427f,4cae4f29cb70a517a6a165200c7b4fa486d851a599807f8c605c575a5c0994d7,7fd7b4e59af5d3bcd7761dc0a75fccfeba2e7678b98ebaa549960176408d6066,0f9d30be602a4e2e360d7c36745dc34f05747f989269b92ecacebfcd49294c3a,True,1.020608222940117,0.073142923219000761,0.98491251727654905,1.5158424415135452,OK,
NWP_A0_S24_NULL,NWB_A0_S24,NULL_FLARE_RED_NOISE,0,24,,,120,4336ffe242107726964b8b51c66378a90d2570cd732e2037b36e258fa25410b5,644cc68cf5a9549f053b883cca848e1c85425db9cc35ed509fc7c5016c2a9a43,aaaccc156cb716f119fe882747a4c62a19034e8741360e7f5d185fb51c997204,2cfd024c1987b426e32184b6df1ca9e9771c162194bf16454b138a3feb137dc3,,5e67df7e4f2a239932dada506e39c8c0b86a9d311f7ba69578aa1fb5ef66cca2,True,1.0205013742233473,0.071014956499750093,0.98794561436629302,1.4954674760019093,OK,
NWP_A0_S24_P050,NWB_A0_S24,STATIONARY_QPP_PRESENT,0,24,50,0.040000000000000001,120,4336ffe242107726964b8b51c66378a90d2570cd732e2037b36e258fa25410b5,644cc68cf5a9549f053b883cca848e1c85425db9cc35ed509fc7c5016c2a9a43,aaaccc156cb716f119fe882747a4c62a19034e8741360e7f5d185fb51c997204,2cfd024c1987b426e32184b6df1ca9e9771c162194bf16454b138a3feb137dc3,8c831c7498410a8cf4adf45ca5ffe48bcbb45797dc18892c4af35e46ded5b7d0,3e70c489a141222fafabcb152787a5375af34496d8ac02705d0ef22ecf9847cc,True,1.0205025473194997,0.071095385840507203,0.9879456143846701,1.4920409864950896,OK,
NWP_A0_S24_P080,NWB_A0_S24,STATIONARY_QPP_PRESENT,0,24,80,0.040000000000000001,120,4336ffe242107726964b8b51c66378a90d2570cd732e2037b36e258fa25410b5,644cc68cf5a9549f053b883cca848e1c85425db9cc35ed509fc7c5016c2a9a43,aaaccc156cb716f119fe882747a4c62a19034e8741360e7f5d185fb51c997204,2cfd024c1987b426e32184b6df1ca9e9771c162194bf16454b138a3feb137dc3,cf42a843c074a86868e39a8f11cc04be582ae57f5e72ac462c8efa4df50eaf21,1bf2c8c9a8657fd5807c41194d318a89275bd563f8927371779fdc2b081c5b95,True,1.0205376324298796,0.071364163571897163,0.98794561437067996,1.4920409864950896,OK,
NWP_A0_S25_NULL,NWB_A0_S25,NULL_FLARE_RED_NOISE,0,25,,,120,4336ffe242107726964b8b51c66378a90d2570cd732e2037b36e258fa25410b5,644cc68cf5a9549f053b883cca848e1c85425db9cc35ed509fc7c5016c2a9a43,6cb350b888e2b04c8a514d53ba9823263edfde1d23aff1bf57174cea84b387c3,c3185044b68a2d4ded92fdfc65c64e0fa009be5d39edf8671f94a359cbf67fae,,c3f242b51efe3c8f88f1c2efc726e87684509ed1a05c1a6b1ba23ffd4a37a5b7,True,1.0205013742233473,0.07295581386188392,0.98549200640791945,1.5097330706233951,OK,
NWP_A0_S25_P050,NWB_A0_S25,STATIONARY_QPP_PRESENT,0,25,50,0.040000000000000001,120,4336ffe242107726964b8b51c66378a90d2570cd732e2037b36e258fa25410b5,644cc68cf5a9549f053b883cca848e1c85425db9cc35ed509fc7c5016c2a9a43,6cb350b888e2b04c8a514d53ba9823263edfde1d23aff1bf57174cea84b387c3,c3185044b68a2d4ded92fdfc65c64e0fa009be5d39edf8671f94a359cbf67fae,035df1b2612c30ea857a7d3bcf206bced711e85500b760df70a6aba0a1c30150,b384f986adce301d3a6de00e4f4923aa5a9628f8b9aa7b1b7ba2e84dbec5d116,True,1.0205600187044861,0.073555364446624166,0.98549200637971113,1.5274831886576663,OK,
NWP_A0_S25_P080,NWB_A0_S25,STATIONARY_QPP_PRESENT,0,25,80,0.040000000000000001,120,4336ffe242107726964b8b51c66378a90d2570cd732e2037b36e258fa25410b5,644cc68cf5a9549f053b883cca848e1c85425db9cc35ed509fc7c5016c2a9a43,6cb350b888e2b04c8a514d53ba9823263edfde1d23aff1bf57174cea84b387c3,c3185044b68a2d4ded92fdfc65c64e0fa009be5d39edf8671f94a359cbf67fae,b176290f1e02b5d4b81d1ce89ca6a4a2cbfd595f1f746d1369ea1847c174aeaa,39878bd309acfeb28a8b8b2657123d11dde8ff8769ff8eacb1e299b67e97e234,True,1.0205636371663835,0.073507759655786709,0.9854920062552569,1.5274831886576663,OK,
NWP_A0_S26_NULL,NWB_A0_S26,NULL_FLARE_RED_NOISE,0,26,,,120,4336ffe242107726964b8b51c66378a90d2570cd732e2037b36e258fa25410b5,644cc68cf5a9549f053b883cca848e1c85425db9cc35ed509fc7c5016c2a9a43,e0c5117d5d34d7017cc641880af96f3f466a74484e9402236e77ab50416d092b,d6a3f7507a0033ef43fa453fa9ca06fe5201f60d558b766e28e269ec234dac92,,26473bff1a8a11ef66e1030f220cd33b31b9aeaa47fe8dde6fca9d6d15f40ca4,True,1.0205013742233473,0.07196235940632581,0.9874118448952941,1.5040269078059298,OK,
NWP_A0_S26_P050,NWB_A0_S26,STATIONARY_QPP_PRESENT,0,26,50,0.040000000000000001,120,4336ffe242107726964b8b51c66378a90d2570cd732e2037b36e258fa25410b5,644cc68cf5a9549f053b883cca848e1c85425db9cc35ed509fc7c5016c2a9a43,e0c5117d5d34d7017cc641880af96f3f466a74484e9402236e77ab50416d092b,d6a3f7507a0033ef43fa453fa9ca06fe5201f60d558b766e28e269ec234dac92,6069b7dcbf7c30b95e600418b8db5e2f961ab2425e81b093503d4ed4a98a2fee,ddfa88ff9a43e3d65b7bb2e76d81bb7a492864e18d898dea3c4c03e8bffc8c0b,True,1.0204297256183761,0.071326198522044928,0.98741184180218322,1.4841183701933807,OK,
NWP_A0_S26_P080,NWB_A0_S26,STATIONARY_QPP_PRESENT,0,26,80,0.040000000000000001,120,4336ffe242107726964b8b51c66378a90d2570cd732e2037b36e258fa25410b5,644cc68cf5a9549f053b883cca848e1c85425db9cc35ed509fc7c5016c2a9a43,e0c5117d5d34d7017cc641880af96f3f466a74484e9402236e77ab50416d092b,d6a3f7507a0033ef43fa453fa9ca06fe5201f60d558b766e28e269ec234dac92,a8df03c6aef98177f535e5c2c2380ce134c523cd13fbc2fae3a85ec7a96f66e0,c2e311a05fb73b75e119140d75407cbdee4fd0a2a52ad0b189f4f45f7423e07c,True,1.0204088464759329,0.071230529730899453,0.98741185262255515,1.4841183701933807,OK,
NWP_A0_S27_NULL,NWB_A0_S27,NULL_FLARE_RED_NOISE,0,27,,,120,4336ffe242107726964b8b51c66378a90d2570cd732e2037b36e258fa25410b5,644cc68cf5a9549f053b883cca848e1c85425db9cc35ed509fc7c5016c2a9a43,82317035b7a67c4afc97205363a880d96de498df4b0225c52c30b540e8ed8a66,9c58c29a5d8fdab53d4b0e421ce3688b5d4718a939b4ba9ce950422083d935ae,,ececc059b2987f8edee1ca52d684adeef400ccd13d429a58ab66a44034a8e563,True,1.0205013742233473,0.07156669927168631,0.98919981766764209,1.493275111182419,OK,
NWP_A0_S27_P050,NWB_A0_S27,STATIONARY_QPP_PRESENT,0,27,50,0.040000000000000001,120,4336ffe242107726964b8b51c66378a90d2570cd732e2037b36e258fa25410b5,644cc68cf5a9549f053b883cca848e1c85425db9cc35ed509fc7c5016c2a9a43,82317035b7a67c4afc97205363a880d96de498df4b0225c52c30b540e8ed8a66,9c58c29a5d8fdab53d4b0e421ce3688b5d4718a939b4ba9ce950422083d935ae,47ea056b7de2edae15b6fa7e73f22ef4581004721c3688cb5621106ef1c77873,686bbaff4045496d416e5d8a05d6f5ea84e0fb1c9bc83fd852c606157dca4651,True,1.0204699399526553,0.07134041133044329,0.9891998176593596,1.4816109969442981,OK,
NWP_A0_S27_P080,NWB_A0_S27,STATIONARY_QPP_PRESENT,0,27,80,0.040000000000000001,120,4336ffe242107726964b8b51c66378a90d2570cd732e2037b36e258fa25410b5,644cc68cf5a9549f053b883cca848e1c85425db9cc35ed509fc7c5016c2a9a43,82317035b7a67c4afc97205363a880d96de498df4b0225c52c30b540e8ed8a66,9c58c29a5d8fdab53d4b0e421ce3688b5d4718a939b4ba9ce950422083d935ae,b32ad808fd57414925bf5741e1a39196ba8eeab766efbe87709aa484f13f9f0b,3fd5e2a6e227d0535ecfe247826bbb519dc6b0dae6331a50bd2dda774e0747f5,True,1.0204879050165914,0.071516323261294035,0.98919981885866914,1.4816109969442981,OK,
NWP_A0_S28_NULL,NWB_A0_S28,NULL_FLARE_RED_NOISE,0,28,,,120,4336ffe242107726964b8b51c66378a90d2570cd732e2037b36e258fa25410b5,644cc68cf5a9549f053b883cca848e1c85425db9cc35ed509fc7c5016c2a9a43,4c04613fc7e6c2b1376f5015830b694c1d19cfd8b93be6240339dd4186c652c2,81449b6b82681a3a2a1d08ad3b0120fde66f8ddbd5e267f81c199ab100ba169a,,64f547725583dc90364ceedcd1b96e5d597fbe045be0182ac0be4a30658f9511,True,1.0205013742233473,0.072662120565477828,0.98816394039593691,1.5049425542195345,OK,
NWP_A0_S28_P050,NWB_A0_S28,STATIONARY_QPP_PRESENT,0,28,50,0.040000000000000001,120,4336ffe242107726964b8b51c66378a90d2570cd732e2037b36e258fa25410b5,644cc68cf5a9549f053b883cca848e1c85425db9cc35ed509fc7c5016c2a9a43,4c04613fc7e6c2b1376f5015830b694c1d19cfd8b93be6240339dd4186c652c2,81449b6b82681a3a2a1d08ad3b0120fde66f8ddbd5e267f81c199ab100ba169a,dc0a1982a742989fd77a48e7e1d8dddbe049bac5b3e15b59c99a2d8774712373,3d3ee06564412ab17396bf6e02aa5f6dbb555c058db16bb7e08bab2b667a15f8,True,1.0205749671635564,0.073373581395967641,0.98816420272684169,1.5249381149389785,OK,
NWP_A0_S28_P080,NWB_A0_S28,STATIONARY_QPP_PRESENT,0,28,80,0.040000000000000001,120,4336ffe242107726964b8b51c66378a90d2570cd732e2037b36e258fa25410b5,644cc68cf5a9549f053b883cca848e1c85425db9cc35ed509fc7c5016c2a9a43,4c04613fc7e6c2b1376f5015830b694c1d19cfd8b93be6240339dd4186c652c2,81449b6b82681a3a2a1d08ad3b0120fde66f8ddbd5e267f81c199ab100ba169a,1e2d66309c928d6dc5e1a14c704ff5813735678414949db8e9e94eca6faf98b0,7c9c68c1fc5bc69a7c7dfcffb16180fa12cd87ef7297aa3ba7274f5cb7f1bb0c,True,1.0206006093432729,0.073531057965544516,0.98816303259888472,1.5249381149389785,OK,
NWP_A0_S29_NULL,NWB_A0_S29,NULL_FLARE_RED_NOISE,0,29,,,120,4336ffe242107726964b8b51c66378a90d2570cd732e2037b36e258fa25410b5,644cc68cf5a9549f053b883cca848e1c85425db9cc35ed509fc7c5016c2a9a43,705ce3fabd43f3a58a710e02c9ce0b6fb1cdf61c1bf665cbf05c7e87b78acf35,0aa0064e10de37003f54ba9bf3382966492076ca3f4118a75a911aa7e3a51c20,,e55d0d332181105124bc132b83643f1c3dde2a13d5e136162b87bdbe0c017a37,True,1.0205013742233473,0.072173627328916967,0.98711465085749195,1.4977679778773862,OK,
NWP_A0_S29_P050,NWB_A0_S29,STATIONARY_QPP_PRESENT,0,29,50,0.040000000000000001,120,4336ffe242107726964b8b51c66378a90d2570cd732e2037b36e258fa25410b5,644cc68cf5a9549f053b883cca848e1c85425db9cc35ed509fc7c5016c2a9a43,705ce3fabd43f3a58a710e02c9ce0b6fb1cdf61c1bf665cbf05c7e87b78acf35,0aa0064e10de37003f54ba9bf3382966492076ca3f4118a75a911aa7e3a51c20,3589c9673fdb38621d426d281a428c69b85920e43f68dedfa35e3cff6dfabcb6,6b3806c8d24c835407d3f584eacb0740a54ee791f856628875e7408aeff393c6,True,1.0204446195860986,0.071687272916743677,0.98711465085750527,1.4804000267657291,OK,
NWP_A0_S29_P080,NWB_A0_S29,STATIONARY_QPP_PRESENT,0,29,80,0.040000000000000001,120,4336ffe242107726964b8b51c66378a90d2570cd732e2037b36e258fa25410b5,644cc68cf5a9549f053b883cca848e1c85425db9cc35ed509fc7c5016c2a9a43,705ce3fabd43f3a58a710e02c9ce0b6fb1cdf61c1bf665cbf05c7e87b78acf35,0aa0064e10de37003f54ba9bf3382966492076ca3f4118a75a911aa7e3a51c20,83e2eb364fee58cfd1c157784d29e01b6b973e835d59affd27cda446115d47f7,2f1ef7b25f962ae354f27e2b044881a7b4738481aaac3cd91a860ffdd7c151bf,True,1.0204428754096264,0.071748124045056566,0.98711465085752015,1.4804000267657291,OK,
NWP_A0_S30_NULL,NWB_A0_S30,NULL_FLARE_RED_NOISE,0,30,,,120,4336ffe242107726964b8b51c66378a90d2570cd732e2037b36e258fa25410b5,644cc68cf5a9549f053b883cca848e1c85425db9cc35ed509fc7c5016c2a9a43,398c7c57c70b10ff5884e1c52ce26586d4c80f132e564a1ad899b8a54cf30258,3b1b42103d39ca56969e98d5aec0cab056eb94dce261847812c6cfcbf2c25a50,,e35010595f2f91fd3f68002babe48585a211464f2f31eb40b1431ba6cd80636f,True,1.0205013742233473,0.072944579710016777,0.98513767680161113,1.5051726305740418,OK,
NWP_A0_S30_P050,NWB_A0_S30,STATIONARY_QPP_PRESENT,0,30,50,0.040000000000000001,120,4336ffe242107726964b8b51c66378a90d2570cd732e2037b36e258fa25410b5,644cc68cf5a9549f053b883cca848e1c85425db9cc35ed509fc7c5016c2a9a43,398c7c57c70b10ff5884e1c52ce26586d4c80f132e564a1ad899b8a54cf30258,3b1b42103d39ca56969e98d5aec0cab056eb94dce261847812c6cfcbf2c25a50,1ddbdfe4bbabbaa5968282823cdfd40c2ca3d787a175c9bf1530c6ca268deede,ef69b77e06e4007a27835c55fc3ab5bd5be62a6d4b5b36ad50ac312982650836,True,1.0205620409251395,0.073533871742301485,0.98513767680186315,1.5233203815286509,OK,
NWP_A0_S30_P080,NWB_A0_S30,STATIONARY_QPP_PRESENT,0,30,80,0.040000000000000001,120,4336ffe242107726964b8b51c66378a90d2570cd732e2037b36e258fa25410b5,644cc68cf5a9549f053b883cca848e1c85425db9cc35ed509fc7c5016c2a9a43,398c7c57c70b10ff5884e1c52ce26586d4c80f132e564a1ad899b8a54cf30258,3b1b42103d39ca56969e98d5aec0cab056eb94dce261847812c6cfcbf2c25a50,6e69b1ceb0be415f0f03519484b947b5c387c6ed4b9a83c55a0c265682abc41c,df741077a9ecd4922266200951f2703b7b01e2e431cfeb0f1c5802a149667000,True,1.0205677696157311,0.073532098663181861,0.98513767680149433,1.5233203815286509,OK,
NWP_A0_S31_NULL,NWB_A0_S31,NULL_FLARE_RED_NOISE,0,31,,,120,4336ffe242107726964b8b51c66378a90d2570cd732e2037b36e258fa25410b5,644cc68cf5a9549f053b883cca848e1c85425db9cc35ed509fc7c5016c2a9a43,dacb5da04bf1684501a213aeea1391a0a5b4ba56178b64a962d003832b742780,ca47c19467b3da4489b4d0524329e09465a4c597d52e5267cf2c2e4608534860,,5ec5d3350c784590f25919a93b6874c006de70fad9c09ffd5d426f4467655123,True,1.0205013742233473,0.071570009978171381,0.98817441030898767,1.4988434553691794,OK,
NWP_A0_S31_P050,NWB_A0_S31,STATIONARY_QPP_PRESENT,0,31,50,0.040000000000000001,120,4336ffe242107726964b8b51c66378a90d2570cd732e2037b36e258fa25410b5,644cc68cf5a9549f053b883cca848e1c85425db9cc35ed509fc7c5016c2a9a43,dacb5da04bf1684501a213aeea1391a0a5b4ba56178b64a962d003832b742780,ca47c19467b3da4489b4d0524329e09465a4c597d52e5267cf2c2e4608534860,d9cf7acf158ca1bbcbc7c18ce2e40a73bf4533c1109741483338964de92e86e1,439142f18df1d614ce8f09a8d58e0bc8326d0d5befef19dbf6e0d17246c3f31c,True,1.0204273512381816,0.070898916400509507,0.98817494692299357,1.4798301264479725,OK,
NWP_A0_S31_P080,NWB_A0_S31,STATIONARY_QPP_PRESENT,0,31,80,0.040000000000000001,120,4336ffe242107726964b8b51c66378a90d2570cd732e2037b36e258fa25410b5,644cc68cf5a9549f053b883cca848e1c85425db9cc35ed509fc7c5016c2a9a43,dacb5da04bf1684501a213aeea1391a0a5b4ba56178b64a962d003832b742780,ca47c19467b3da4489b4d0524329e09465a4c597d52e5267cf2c2e4608534860,827518462e331e9f970bfd3b7f6dc056d7a7ccfd2b5c792f6171f7439b4e67fb,b2526e2bba3c8928dca08298cdb8e03582e025e819ca23841bf3e00e78062e88,True,1.0203913830605014,0.070679633420564353,0.98817387413412872,1.4798301264479725,OK,
NWP_A0_S32_NULL,NWB_A0_S32,NULL_FLARE_RED_NOISE,0,32,,,120,4336ffe242107726964b8b51c66378a90d2570cd732e2037b36e258fa25410b5,644cc68cf5a9549f053b883cca848e1c85425db9cc35ed509fc7c5016c2a9a43,b2e3dd7826e709c4660c13accac563f8aebb1181dedb462bd8102a673fdec959,5f30f63053dc392962656ec4c172da928739a71998fab3b252134b9a94f5ad8f,,66f6781e3a1cd185e339e1b9f75801d533bea2ecc08b078895942d73ff1a579d,True,1.0205013742233473,0.072660577372401988,0.98771941814465514,1.5049951024053634,OK,
NWP_A0_S32_P050,NWB_A0_S32,STATIONARY_QPP_PRESENT,0,32,50,0.040000000000000001,120,4336ffe242107726964b8b51c66378a90d2570cd732e2037b36e258fa25410b5,644cc68cf5a9549f053b883cca848e1c85425db9cc35ed509fc7c5016c2a9a43,b2e3dd7826e709c4660c13accac563f8aebb1181dedb462bd8102a673fdec959,5f30f63053dc392962656ec4c172da928739a71998fab3b252134b9a94f5ad8f,36165ee16b4845593cddddde1a93ae6f713a319eb31902f5acf245ba624ed3cc,787d6df43c643a5a1759fd9432d7d68c416455c5e517bdc1e57cbd06b93742ef,True,1.0204364553453553,0.072102716442152839,0.98771944908610698,1.486060863951103,OK,
NWP_A0_S32_P080,NWB_A0_S32,STATIONARY_QPP_PRESENT,0,32,80,0.040000000000000001,120,4336ffe242107726964b8b51c66378a90d2570cd732e2037b36e258fa25410b5,644cc68cf5a9549f053b883cca848e1c85425db9cc35ed509fc7c5016c2a9a43,b2e3dd7826e709c4660c13accac563f8aebb1181dedb462bd8102a673fdec959,5f30f63053dc392962656ec4c172da928739a71998fab3b252134b9a94f5ad8f,4e9bce9d5b6978cf07bea03adbece98edd81583f91ed145020ff727cb84f21b7,0613f88ff2538ee6e1b78b2c37dbceb2774a780ab7a1fca46ace77377e925df0,True,1.0204258299470164,0.072078939294655975,0.98771938747882326,1.486060863951103,OK,
NWP_A0_S33_NULL,NWB_A0_S33,NULL_FLARE_RED_NOISE,0,33,,,120,4336ffe242107726964b8b51c66378a90d2570cd732e2037b36e258fa25410b5,644cc68cf5a9549f053b883cca848e1c85425db9cc35ed509fc7c5016c2a9a43,74532bcda1aa8031c9bee605d82728af5ce82f13b426176b51962f6494f8f3f1,17470f7da02291672d61bfae78df6486cd7714225db4a4ad33ed3e262c2e4ebc,,8964cab02a2b6dc942bcc3cc3d4b195c05c0ffd6ddddc81da03a29adbd9aeea2,True,1.0205013742233473,0.072589134632297964,0.98906305299646136,1.5004583552111384,OK,
NWP_A0_S33_P050,NWB_A0_S33,STATIONARY_QPP_PRESENT,0,33,50,0.040000000000000001,120,4336ffe242107726964b8b51c66378a90d2570cd732e2037b36e258fa25410b5,644cc68cf5a9549f053b883cca848e1c85425db9cc35ed509fc7c5016c2a9a43,74532bcda1aa8031c9bee605d82728af5ce82f13b426176b51962f6494f8f3f1,17470f7da02291672d61bfae78df6486cd7714225db4a4ad33ed3e262c2e4ebc,f36615d1dafa913fcd0194eb81e803ef5aec8c094643d820f323883da50777d3,dfdc66d13ee53181b126cfadf039c2f6b8a486277daaf2a301d63865f4615cbe,True,1.0205264032781303,0.072876157165453356,0.98906038836603061,1.5035284629830585,OK,
NWP_A0_S33_P080,NWB_A0_S33,STATIONARY_QPP_PRESENT,0,33,80,0.040000000000000001,120,4336ffe242107726964b8b51c66378a90d2570cd732e2037b36e258fa25410b5,644cc68cf5a9549f053b883cca848e1c85425db9cc35ed509fc7c5016c2a9a43,74532bcda1aa8031c9bee605d82728af5ce82f13b426176b51962f6494f8f3f1,17470f7da02291672d61bfae78df6486cd7714225db4a4ad33ed3e262c2e4ebc,7ae69a3a9bfc5acca6f49d2122d49c16cac608028c706fe10e82cd6e0c05df2a,084733c5d48f38489b6453208bde83eae750a88e27a0acbfa1db3526a57b312b,True,1.0205696633944494,0.073207870865378055,0.98906600369152231,1.5035284629830585,OK,
NWP_A0_S34_NULL,NWB_A0_S34,NULL_FLARE_RED_NOISE,0,34,,,120,4336ffe242107726964b8b51c66378a90d2570cd732e2037b36e258fa25410b5,644cc68cf5a9549f053b883cca848e1c85425db9cc35ed509fc7c5016c2a9a43,83c30960b1f4ae29f953bcd247876783d8fb8305458148eacbd9e0cdbc85a922,e270e490155c2e7d65d19db9a1efe2ab7be2122ae75cc4256d78f472a21d2d18,,81526c353959afcb50443214b615f7b22710793302434e2ea63e9cf52edc9c3d,True,1.0205013742233473,0.071539100103270817,0.984965031132508,1.4883786748910952,OK,
NWP_A0_S34_P050,NWB_A0_S34,STATIONARY_QPP_PRESENT,0,34,50,0.040000000000000001,120,4336ffe242107726964b8b51c66378a90d2570cd732e2037b36e258fa25410b5,644cc68cf5a9549f053b883cca848e1c85425db9cc35ed509fc7c5016c2a9a43,83c30960b1f4ae29f953bcd247876783d8fb8305458148eacbd9e0cdbc85a922,e270e490155c2e7d65d19db9a1efe2ab7be2122ae75cc4256d78f472a21d2d18,5eb30274157768a2398a180f511e8dfe04b6e4895061fbb2eb9f8ae7bdf59231,46f8e618f56b8bf661b5e215d9368d8ef0f4e442b83f9315c084427346f5a0b4,True,1.0205755822014728,0.072258156959383937,0.98496503116360135,1.5075195643283703,OK,
NWP_A0_S34_P080,NWB_A0_S34,STATIONARY_QPP_PRESENT,0,34,80,0.040000000000000001,120,4336ffe242107726964b8b51c66378a90d2570cd732e2037b36e258fa25410b5,644cc68cf5a9549f053b883cca848e1c85425db9cc35ed509fc7c5016c2a9a43,83c30960b1f4ae29f953bcd247876783d8fb8305458148eacbd9e0cdbc85a922,e270e490155c2e7d65d19db9a1efe2ab7be2122ae75cc4256d78f472a21d2d18,7d9a2bb2c5c78a79e36ff494c16ada924224c6cbe6cf246c992683b681378121,301c46c83f01e732e573dab8599946d7104da536673bc934e3560a1cd0456b45,True,1.0206108991575336,0.072450525403828625,0.98496503114192802,1.5075195643283703,OK,
NWP_A0_S35_NULL,NWB_A0_S35,NULL_FLARE_RED_NOISE,0,35,,,120,4336ffe242107726964b8b51c66378a90d2570cd732e2037b36e258fa25410b5,644cc68cf5a9549f053b883cca848e1c85425db9cc35ed509fc7c5016c2a9a43,25cefe1e2410fbeb64f5c8393dc111b7feb5f52e4491637f2fadee1b8891e21f,09591ec0bf0647c9c05ef3dbd767450148897ba4ee2c40cf899c89a85f331509,,70d029b3eeafaba95c20040050f311c2319d4783f5211c16e92130892d059d58,True,1.0205013742233473,0.072531182674426903,0.9890461263962973,1.499601105998593,OK,
NWP_A0_S35_P050,NWB_A0_S35,STATIONARY_QPP_PRESENT,0,35,50,0.040000000000000001,120,4336ffe242107726964b8b51c66378a90d2570cd732e2037b36e258fa25410b5,644cc68cf5a9549f053b883cca848e1c85425db9cc35ed509fc7c5016c2a9a43,25cefe1e2410fbeb64f5c8393dc111b7feb5f52e4491637f2fadee1b8891e21f,09591ec0bf0647c9c05ef3dbd767450148897ba4ee2c40cf899c89a85f331509,a39eb8e59f7a1f65626da7decf97aff1bad919eb2b3c71a45694f3a83cff1a42,4fb3f38c6f1136ddef2056526e178767ca3758ec2c552229cc3a323817dc2a65,True,1.0205677988198418,0.073183876310619206,0.98904614080211273,1.5187919929109694,OK,
NWP_A0_S35_P080,NWB_A0_S35,STATIONARY_QPP_PRESENT,0,35,80,0.040000000000000001,120,4336ffe242107726964b8b51c66378a90d2570cd732e2037b36e258fa25410b5,644cc68cf5a9549f053b883cca848e1c85425db9cc35ed509fc7c5016c2a9a43,25cefe1e2410fbeb64f5c8393dc111b7feb5f52e4491637f2fadee1b8891e21f,09591ec0bf0647c9c05ef3dbd767450148897ba4ee2c40cf899c89a85f331509,a5809dd0a99ffc133ca6cf5078a35143a934ca84d7fa54b291d91c0fff3e4eb1,20b120b0a927331e46bbcf47376ddbc033c31ccc9e4db0c13e7fdb267765dddb,True,1.0205803604832644,0.073202975772956314,0.98904611920842056,1.5187919929109694,OK,
NWP_A0_S36_NULL,NWB_A0_S36,NULL_FLARE_RED_NOISE,0,36,,,120,4336ffe242107726964b8b51c66378a90d2570cd732e2037b36e258fa25410b5,644cc68cf5a9549f053b883cca848e1c85425db9cc35ed509fc7c5016c2a9a43,7ac352878e317d7cb9de3ad2391d674b99dec76300a42811fb82e9ee91e24130,e32ef287d47b56e3eaf740920725bfc45fd61f81e1176753b6d3f5bb62da3aca,,8bc2bb98efdd233019ba165473cd1a870e30270a9511a1301a4ea34bece576d0,True,1.0205013742233471,0.072343849419367209,0.98778077502533601,1.4997634478863904,OK,
NWP_A0_S36_P050,NWB_A0_S36,STATIONARY_QPP_PRESENT,0,36,50,0.040000000000000001,120,4336ffe242107726964b8b51c66378a90d2570cd732e2037b36e258fa25410b5,644cc68cf5a9549f053b883cca848e1c85425db9cc35ed509fc7c5016c2a9a43,7ac352878e317d7cb9de3ad2391d674b99dec76300a42811fb82e9ee91e24130,e32ef287d47b56e3eaf740920725bfc45fd61f81e1176753b6d3f5bb62da3aca,3903d88f79390c67f8dd29ad68f20aeff059f0d5275304f431f989f68b63f079,8eec1adbe1b00d80fabc7ba6e059aaa66bec260b4e603897e7a0eae4eca5128b,True,1.0204593318300228,0.072005671297636534,0.98778067936162195,1.4856081295325545,OK,
NWP_A0_S36_P080,NWB_A0_S36,STATIONARY_QPP_PRESENT,0,36,80,0.040000000000000001,120,4336ffe242107726964b8b51c66378a90d2570cd732e2037b36e258fa25410b5,644cc68cf5a9549f053b883cca848e1c85425db9cc35ed509fc7c5016c2a9a43,7ac352878e317d7cb9de3ad2391d674b99dec76300a42811fb82e9ee91e24130,e32ef287d47b56e3eaf740920725bfc45fd61f81e1176753b6d3f5bb62da3aca,9e47347574a9c060d23972f015c61a5559c16bb41e170bf9b23affc6f9729535,2ecf0dd9f5329ca3afa26beb5d7229679fdf2d77fa4d574686b45246b830e774,True,1.0204699797897763,0.072143821377993494,0.98778087068905007,1.4856081295325545,OK,
NWP_A0_S37_NULL,NWB_A0_S37,NULL_FLARE_RED_NOISE,0,37,,,120,4336ffe242107726964b8b51c66378a90d2570cd732e2037b36e258fa25410b5,644cc68cf5a9549f053b883cca848e1c85425db9cc35ed509fc7c5016c2a9a43,89962bbefa183166cc4b7c6df5084e459ee52b34932685fedad2a973690df5d2,a0d4e5018c7d1532795265493207bfce90585508f1eb2bd2e8f4f42267feb422,,8eb2730622f5993ad65aec7bcd6fa32328c47b645a6a020b090cda03b5244e72,True,1.0205013742233473,0.071152559349943967,0.98724712986183505,1.4933649670653906,OK,
NWP_A0_S37_P050,NWB_A0_S37,STATIONARY_QPP_PRESENT,0,37,50,0.040000000000000001,120,4336ffe242107726964b8b51c66378a90d2570cd732e2037b36e258fa25410b5,644cc68cf5a9549f053b883cca848e1c85425db9cc35ed509fc7c5016c2a9a43,89962bbefa183166cc4b7c6df5084e459ee52b34932685fedad2a973690df5d2,a0d4e5018c7d1532795265493207bfce90585508f1eb2bd2e8f4f42267feb422,343189d29e578adfa1e2df662435c67db4488a74607c07488cb6bf64d7fd07de,89ec018299a7c230dda079c3f6aa245e742c6c1bf9bb3536c6975aafd2d8e7c9,True,1.0205701759185906,0.071844698415160543,0.98722708812715521,1.5100315697660398,OK,
NWP_A0_S37_P080,NWB_A0_S37,STATIONARY_QPP_PRESENT,0,37,80,0.040000000000000001,120,4336ffe242107726964b8b51c66378a90d2570cd732e2037b36e258fa25410b5,644cc68cf5a9549f053b883cca848e1c85425db9cc35ed509fc7c5016c2a9a43,89962bbefa183166cc4b7c6df5084e459ee52b34932685fedad2a973690df5d2,a0d4e5018c7d1532795265493207bfce90585508f1eb2bd2e8f4f42267feb422,137824d2e4824e8b6eca83f18874aa7d32deaf852ae4e532a4215a1b585cb712,db507c2d40b1eeb61b079efd151deef7641fa2a1baf7f6f6e643263d1863fd73,True,1.0206129177192127,0.072101984695535526,0.98725821851710016,1.5100315697660398,OK,
NWP_A0_S38_NULL,NWB_A0_S38,NULL_FLARE_RED_NOISE,0,38,,,120,4336ffe242107726964b8b51c66378a90d2570cd732e2037b36e258fa25410b5,644cc68cf5a9549f053b883cca848e1c85425db9cc35ed509fc7c5016c2a9a43,7567bc8aad138c68ead82630bdfa5f087e211898a01adfddd65eee1252b58d4a,ef9da81865c473f7654ea4452008aa133cde32aff60b17a380dc3d96995628e5,,7bfbe2874139463cec6cc9cf1e747646e3f7a0f509459af8877450c24c2ddaa6,True,1.0205013742233473,0.072714474817855201,0.98960975310490551,1.4976722495624772,OK,
NWP_A0_S38_P050,NWB_A0_S38,STATIONARY_QPP_PRESENT,0,38,50,0.040000000000000001,120,4336ffe242107726964b8b51c66378a90d2570cd732e2037b36e258fa25410b5,644cc68cf5a9549f053b883cca848e1c85425db9cc35ed509fc7c5016c2a9a43,7567bc8aad138c68ead82630bdfa5f087e211898a01adfddd65eee1252b58d4a,ef9da81865c473f7654ea4452008aa133cde32aff60b17a380dc3d96995628e5,66a4c89fd44d939889162fbfcc2a5cd4f54fddeb2e281b968753d1040184bcd3,e208a32a3cad6869f723e4c63abd8cd081f56c314f30a0bd75f636430911dd53,True,1.0205744263201924,0.073423591385817208,0.98960975248710126,1.5161411792024377,OK,
NWP_A0_S38_P080,NWB_A0_S38,STATIONARY_QPP_PRESENT,0,38,80,0.040000000000000001,120,4336ffe242107726964b8b51c66378a90d2570cd732e2037b36e258fa25410b5,644cc68cf5a9549f053b883cca848e1c85425db9cc35ed509fc7c5016c2a9a43,7567bc8aad138c68ead82630bdfa5f087e211898a01adfddd65eee1252b58d4a,ef9da81865c473f7654ea4452008aa133cde32aff60b17a380dc3d96995628e5,00d6239a2342596293099eb728f3636c6c5853e170af2693f77503e6279c09e3,650df5b773245b9f4009c67ad3709a55594202a0b258e72d5b185cb1603220d0,True,1.0206126542721994,0.073664554643588565,0.98960974593641127,1.5161411792024377,OK,
NWP_A0_S39_NULL,NWB_A0_S39,NULL_FLARE_RED_NOISE,0,39,,,120,4336ffe242107726964b8b51c66378a90d2570cd732e2037b36e258fa25410b5,644cc68cf5a9549f053b883cca848e1c85425db9cc35ed509fc7c5016c2a9a43,90f9f34e50de801af682361bb0775aa472d6dd030e20f5db6fb667414d41695f,09346f5ad90b43800a6fe83905bc06754b00132d6d10c772882e45bab93081b8,,1225f2d485c883e35a56b260d7cf6a38a3a037a81c91306011d521bcfecf745b,True,1.0205013742233473,0.072260046092869915,0.98166538170414674,1.5011882801293679,OK,
NWP_A0_S39_P050,NWB_A0_S39,STATIONARY_QPP_PRESENT,0,39,50,0.040000000000000001,120,4336ffe242107726964b8b51c66378a90d2570cd732e2037b36e258fa25410b5,644cc68cf5a9549f053b883cca848e1c85425db9cc35ed509fc7c5016c2a9a43,90f9f34e50de801af682361bb0775aa472d6dd030e20f5db6fb667414d41695f,09346f5ad90b43800a6fe83905bc06754b00132d6d10c772882e45bab93081b8,0e8f014654dc408e873253110923845eb0cc9b059cfff9fc6f71f9d881a2a16c,284e8149efeab796aa0247d315281c23ef4a01d2fab3444abe4a434f8544818d,True,1.0204654826148594,0.07192742331953457,0.98166538169622619,1.4950142814033496,OK,
NWP_A0_S39_P080,NWB_A0_S39,STATIONARY_QPP_PRESENT,0,39,80,0.040000000000000001,120,4336ffe242107726964b8b51c66378a90d2570cd732e2037b36e258fa25410b5,644cc68cf5a9549f053b883cca848e1c85425db9cc35ed509fc7c5016c2a9a43,90f9f34e50de801af682361bb0775aa472d6dd030e20f5db6fb667414d41695f,09346f5ad90b43800a6fe83905bc06754b00132d6d10c772882e45bab93081b8,b814693d269aed8e192dd60259dbe3d004cb001ccc6c55bc3a6d82435d5c41d9,c3f196ae3feb3ccbc7a789c95b3426e2b8773ee8d207767375d33fbe81c5d9a4,True,1.0204198494352754,0.071588815674038367,0.98166538171205109,1.4950142814033496,OK,
NWP_A1_S00_NULL,NWB_A1_S00,NULL_FLARE_RED_NOISE,1,0,,,120,4336ffe242107726964b8b51c66378a90d2570cd732e2037b36e258fa25410b5,644cc68cf5a9549f053b883cca848e1c85425db9cc35ed509fc7c5016c2a9a43,20a0ac5695c54550aece60a8c265fa4f235315abfec0cff56367e2f1eeb15543,760aba2100e444c3f1232f6835740d8e77252c4bea75530dccbf35a6ad57d206,,80e69d23a12d7e30b130df1fd49e80bdfc23b9892c60abf12558b852335a044b,True,1.0205013742233473,0.072574120099418563,0.98557493958416043,1.5001356407761612,OK,
NWP_A1_S00_P050,NWB_A1_S00,STATIONARY_QPP_PRESENT,1,0,50,0.040000000000000001,120,4336ffe242107726964b8b51c66378a90d2570cd732e2037b36e258fa25410b5,644cc68cf5a9549f053b883cca848e1c85425db9cc35ed509fc7c5016c2a9a43,20a0ac5695c54550aece60a8c265fa4f235315abfec0cff56367e2f1eeb15543,760aba2100e444c3f1232f6835740d8e77252c4bea75530dccbf35a6ad57d206,e3f6fa381e1768bef9265142d5c03efe22b97ef2b44a8eb200ace94ef6fc1de1,f8fbcbba3d515ec151a379fe630b699ccc12bbcc8df842bd40c5a2d53787fad5,True,1.0205500033647628,0.07306665270433596,0.98557733584392948,1.5101047092482747,OK,
NWP_A1_S00_P080,NWB_A1_S00,STATIONARY_QPP_PRESENT,1,0,80,0.040000000000000001,120,4336ffe242107726964b8b51c66378a90d2570cd732e2037b36e258fa25410b5,644cc68cf5a9549f053b883cca848e1c85425db9cc35ed509fc7c5016c2a9a43,20a0ac5695c54550aece60a8c265fa4f235315abfec0cff56367e2f1eeb15543,760aba2100e444c3f1232f6835740d8e77252c4bea75530dccbf35a6ad57d206,a92e4c2e34c71679a6fbde62ea0b9d0cd2bc3e8a3f414d3cb4309192b488420a,5821282d05360de12586a1d64f7ff2ccc5ad419f0a767273902b7d512933c66e,True,1.0205969802341197,0.07341292110932654,0.98557077197894927,1.5101047092482747,OK,
NWP_A1_S01_NULL,NWB_A1_S01,NULL_FLARE_RED_NOISE,1,1,,,120,4336ffe242107726964b8b51c66378a90d2570cd732e2037b36e258fa25410b5,644cc68cf5a9549f053b883cca848e1c85425db9cc35ed509fc7c5016c2a9a43,3de30199a354189bd2fd02fc18cf4e87e1e88bfbaf370bf8a1557bffe46bd7cf,ea24c8d41b30050519eb1ecd77e5b400758c27e666b714f4fc632afe58819a49,,485e6c9aee6c0b52fa4db0161fc63dfa4a77d3a49b67831f6b6335e68990bbd7,True,1.0205013742233473,0.072065762308739845,0.9898411844132381,1.5041078579463907,OK,
NWP_A1_S01_P050,NWB_A1_S01,STATIONARY_QPP_PRESENT,1,1,50,0.040000000000000001,120,4336ffe242107726964b8b51c66378a90d2570cd732e2037b36e258fa25410b5,644cc68cf5a9549f053b883cca848e1c85425db9cc35ed509fc7c5016c2a9a43,3de30199a354189bd2fd02fc18cf4e87e1e88bfbaf370bf8a1557bffe46bd7cf,ea24c8d41b30050519eb1ecd77e5b400758c27e666b714f4fc632afe58819a49,0689aed560c54a165eaa08b0f7f197466841a51f261cfaabf909e7f966b55c59,e9e6d3d5a8703d8c835ad8d55dc0ca5cf4639cec2054adff4b3fb10a00196e07,True,1.0205659033629415,0.072718868224993793,0.9898411844053786,1.5192201385305346,OK,
NWP_A1_S01_P080,NWB_A1_S01,STATIONARY_QPP_PRESENT,1,1,80,0.040000000000000001,120,4336ffe242107726964b8b51c66378a90d2570cd732e2037b36e258fa25410b5,644cc68cf5a9549f053b883cca848e1c85425db9cc35ed509fc7c5016c2a9a43,3de30199a354189bd2fd02fc18cf4e87e1e88bfbaf370bf8a1557bffe46bd7cf,ea24c8d41b30050519eb1ecd77e5b400758c27e666b714f4fc632afe58819a49,e320116a34f59b4ad8c225f3c1fdb6b3121e283189db8f62806035b5a267c47c,d881e37ae4d546b2f64e118d56a4ef570c326669f1fe248ed13aa4c9b0446cec,True,1.0206107993289719,0.073036193727620088,0.98984118440001956,1.5192201385305346,OK,
NWP_A1_S02_NULL,NWB_A1_S02,NULL_FLARE_RED_NOISE,1,2,,,120,4336ffe242107726964b8b51c66378a90d2570cd732e2037b36e258fa25410b5,644cc68cf5a9549f053b883cca848e1c85425db9cc35ed509fc7c5016c2a9a43,75404c42b2b7c95d3108def2cc4a00b1437ce18a94518fd27fac67eb9efd4efb,98838c1767928e7a5c926e7b7ad451d53b4a81a3a413b048e5720b0aa5d84d3e,,17448d0364d3beef1aedd8db71126fb09497b314fcc4c8b23c0ce7fde4f33aca,True,1.0205013742233473,0.071535191721610145,0.98714158220143855,1.4995908788607524,OK,
NWP_A1_S02_P050,NWB_A1_S02,STATIONARY_QPP_PRESENT,1,2,50,0.040000000000000001,120,4336ffe242107726964b8b51c66378a90d2570cd732e2037b36e258fa25410b5,644cc68cf5a9549f053b883cca848e1c85425db9cc35ed509fc7c5016c2a9a43,75404c42b2b7c95d3108def2cc4a00b1437ce18a94518fd27fac67eb9efd4efb,98838c1767928e7a5c926e7b7ad451d53b4a81a3a413b048e5720b0aa5d84d3e,54acf08ea2ed3e57725f11ccd382d86b7d4ff76c9c13c588aa9009a22559f784,1dd3e31cddecf6de5f9d4edc640502f6da1cba88cdb8e66300bfb7d8e26a0502,True,1.020501145016437,0.071531568988369862,0.98714152410137868,1.5032663153533687,OK,
NWP_A1_S02_P080,NWB_A1_S02,STATIONARY_QPP_PRESENT,1,2,80,0.040000000000000001,120,4336ffe242107726964b8b51c66378a90d2570cd732e2037b36e258fa25410b5,644cc68cf5a9549f053b883cca848e1c85425db9cc35ed509fc7c5016c2a9a43,75404c42b2b7c95d3108def2cc4a00b1437ce18a94518fd27fac67eb9efd4efb,98838c1767928e7a5c926e7b7ad451d53b4a81a3a413b048e5720b0aa5d84d3e,32a90d60277aa0b6134fda3951da8814f8acb9512a19265d358804eb40f1112a,7d6dea2da32f1ee1a296540d5b19b015c64520a8c1b98192585a8b5f5fefa91f,True,1.0204664583430938,0.071235598469048783,0.98714151716046417,1.5032663153533687,OK,
NWP_A1_S03_NULL,NWB_A1_S03,NULL_FLARE_RED_NOISE,1,3,,,120,4336ffe242107726964b8b51c66378a90d2570cd732e2037b36e258fa25410b5,644cc68cf5a9549f053b883cca848e1c85425db9cc35ed509fc7c5016c2a9a43,bf00ed73c1c1189dadf44835a1d1c410cf3c5046ff90099cae65a0c1e0470476,a826630b49503ff4670aa541c9a31fc12812434394e25c579b9189b33937d11d,,15669a368e780aa5525c928c6f56ee42bef249bc48fc555d8f2e764d544be5f8,True,1.0205013742233473,0.070416978800076732,0.9894216865407488,1.4969092984909322,OK,
NWP_A1_S03_P050,NWB_A1_S03,STATIONARY_QPP_PRESENT,1,3,50,0.040000000000000001,120,4336ffe242107726964b8b51c66378a90d2570cd732e2037b36e258fa25410b5,644cc68cf5a9549f053b883cca848e1c85425db9cc35ed509fc7c5016c2a9a43,bf00ed73c1c1189dadf44835a1d1c410cf3c5046ff90099cae65a0c1e0470476,a826630b49503ff4670aa541c9a31fc12812434394e25c579b9189b33937d11d,3b6b9d11cd68874bce0500d0daf2bd3ec88027228b4d68cdadc67cb44da2b36d,e7bc8fded920130511ba7d4a207baf80c508f66d0db11dd63edc4368052751ee,True,1.0205325844021891,0.070736328853807429,0.98942168654074969,1.5085196019009646,OK,
NWP_A1_S03_P080,NWB_A1_S03,STATIONARY_QPP_PRESENT,1,3,80,0.040000000000000001,120,4336ffe242107726964b8b51c66378a90d2570cd732e2037b36e258fa25410b5,644cc68cf5a9549f053b883cca848e1c85425db9cc35ed509fc7c5016c2a9a43,bf00ed73c1c1189dadf44835a1d1c410cf3c5046ff90099cae65a0c1e0470476,a826630b49503ff4670aa541c9a31fc12812434394e25c579b9189b33937d11d,ffcb7f001f01309610045380b9374fc63a0326f84b8a4d4ffbd345e20533db56,6e394cbaad54acaf60a56732933716ff0e9d3bcd5a0356ae6e1185305485bf5a,True,1.0205144757417537,0.070535158997423839,0.98942168654066154,1.5085196019009646,OK,
NWP_A1_S04_NULL,NWB_A1_S04,NULL_FLARE_RED_NOISE,1,4,,,120,4336ffe242107726964b8b51c66378a90d2570cd732e2037b36e258fa25410b5,644cc68cf5a9549f053b883cca848e1c85425db9cc35ed509fc7c5016c2a9a43,3487eb0e598ad29653b4619261ee2b11604eeff729d35dc6ea8e7bf6118a0f8f,9d1da908c483d29d36a1d0f6975951c4a26fa6f603ec151db5de633df8ac83ab,,468a39ab1fc12927b464719f97cf612b65f4daa52d6d5f3b135e78deb5dc62f3,True,1.0205013742233473,0.072779953671838996,0.98448881151115519,1.5091559631623683,OK,
NWP_A1_S04_P050,NWB_A1_S04,STATIONARY_QPP_PRESENT,1,4,50,0.040000000000000001,120,4336ffe242107726964b8b51c66378a90d2570cd732e2037b36e258fa25410b5,644cc68cf5a9549f053b883cca848e1c85425db9cc35ed509fc7c5016c2a9a43,3487eb0e598ad29653b4619261ee2b11604eeff729d35dc6ea8e7bf6118a0f8f,9d1da908c483d29d36a1d0f6975951c4a26fa6f603ec151db5de633df8ac83ab,b9c4a5f02c4062d67eba3105ad6d7ca7f27fc1621d4e0d8b29b8800f64a0757d,7c78d2e118bbae4532c92651fcc8035f8394feed0e9fee6c29ee4ee3e74e3934,True,1.0205677710608683,0.073446565779283352,0.98448881151049994,1.5249310132717033,OK,
NWP_A1_S04_P080,NWB_A1_S04,STATIONARY_QPP_PRESENT,1,4,80,0.040000000000000001,120,4336ffe242107726964b8b51c66378a90d2570cd732e2037b36e258fa25410b5,644cc68cf5a9549f053b883cca848e1c85425db9cc35ed509fc7c5016c2a9a43,3487eb0e598ad29653b4619261ee2b11604eeff729d35dc6ea8e7bf6118a0f8f,9d1da908c483d29d36a1d0f6975951c4a26fa6f603ec151db5de633df8ac83ab,39dbb8edcf3c64c074fdc81a30585e686d21ed7cb8b2bb5292a010cabf54b8d3,fde9150ad24a79e097eac80fdbd9279f5c5ecc991d0e3833e2af7085df11fc12,True,1.0206118798353216,0.073744665508143598,0.98448881151302259,1.5249310132717033,OK,
NWP_A1_S05_NULL,NWB_A1_S05,NULL_FLARE_RED_NOISE,1,5,,,120,4336ffe242107726964b8b51c66378a90d2570cd732e2037b36e258fa25410b5,644cc68cf5a9549f053b883cca848e1c85425db9cc35ed509fc7c5016c2a9a43,dc84a4b0cfe56366b16c75106cb8809e75f4df6ff76a5e977ee2b831b96426d1,17f36a4d7947cdeec021ac5f928324c7618af186694234cf1a308521843f85fb,,f0e24f683845dd25945ca2285635e685ea7c6b27888f645096f1f2f03d5ac28a,True,1.0205013742233471,0.072847089688116928,0.98802462123670065,1.5060644894620965,OK,
NWP_A1_S05_P050,NWB_A1_S05,STATIONARY_QPP_PRESENT,1,5,50,0.040000000000000001,120,4336ffe242107726964b8b51c66378a90d2570cd732e2037b36e258fa25410b5,644cc68cf5a9549f053b883cca848e1c85425db9cc35ed509fc7c5016c2a9a43,dc84a4b0cfe56366b16c75106cb8809e75f4df6ff76a5e977ee2b831b96426d1,17f36a4d7947cdeec021ac5f928324c7618af186694234cf1a308521843f85fb,d3c22985588478f89749607dd93bee5339039d7b12fc2a80ce4f2b01f7633fb4,39677980346dc8ec4f8bb3d65104b129791f1cf7cfd6f8ae8e5417895c32c472,True,1.0205496142205066,0.073341800972137688,0.98802462124622592,1.5159144877967596,OK,
NWP_A1_S05_P080,NWB_A1_S05,STATIONARY_QPP_PRESENT,1,5,80,0.040000000000000001,120,4336ffe242107726964b8b51c66378a90d2570cd732e2037b36e258fa25410b5,644cc68cf5a9549f053b883cca848e1c85425db9cc35ed509fc7c5016c2a9a43,dc84a4b0cfe56366b16c75106cb8809e75f4df6ff76a5e977ee2b831b96426d1,17f36a4d7947cdeec021ac5f928324c7618af186694234cf1a308521843f85fb,36044327d243e1e6bbfc19fcdaca3ce6df45820f8514b01e3d1c182abf906cc9,34b943a66c7900dae3152832276bad274848182c2ff0157468a7fb070f739d9c,True,1.0205965789910918,0.073683072099625935,0.98802462130998758,1.5159144877967596,OK,
NWP_A1_S06_NULL,NWB_A1_S06,NULL_FLARE_RED_NOISE,1,6,,,120,4336ffe242107726964b8b51c66378a90d2570cd732e2037b36e258fa25410b5,644cc68cf5a9549f053b883cca848e1c85425db9cc35ed509fc7c5016c2a9a43,9c5d94fbdfc1477001945af4ed9a0a55c009e8cffede05e4c91d9f968568e7de,a722ff04f04f484540fa4ebff117c73a5713cb32760ddab2b4bb1d7af35f3324,,9574bb66761c94847758a86f538f52b6402eef2d0d91b9ad0f2841e1c33385a5,True,1.0205013742233473,0.07373290770619749,0.98663906911302368,1.5056465724384063,OK,
NWP_A1_S06_P050,NWB_A1_S06,STATIONARY_QPP_PRESENT,1,6,50,0.040000000000000001,120,4336ffe242107726964b8b51c66378a90d2570cd732e2037b36e258fa25410b5,644cc68cf5a9549f053b883cca848e1c85425db9cc35ed509fc7c5016c2a9a43,9c5d94fbdfc1477001945af4ed9a0a55c009e8cffede05e4c91d9f968568e7de,a722ff04f04f484540fa4ebff117c73a5713cb32760ddab2b4bb1d7af35f3324,702b668106c4b19e6afcfe2aa41cb38da0f919e4987d17fb3a91f99f03f4aeeb,fe8e6d12cfdfc6a29ad4c73ee78f202d0ff7f680aed49e342253292a30a842ab,True,1.0205219285249689,0.073928911335682176,0.98663907166125775,1.5146493324695838,OK,
NWP_A1_S06_P080,NWB_A1_S06,STATIONARY_QPP_PRESENT,1,6,80,0.040000000000000001,120,4336ffe242107726964b8b51c66378a90d2570cd732e2037b36e258fa25410b5,644cc68cf5a9549f053b883cca848e1c85425db9cc35ed509fc7c5016c2a9a43,9c5d94fbdfc1477001945af4ed9a0a55c009e8cffede05e4c91d9f968568e7de,a722ff04f04f484540fa4ebff117c73a5713cb32760ddab2b4bb1d7af35f3324,32940dea769759f1b4914f2441b54296f29af63b6deaedde84f0ec3aab531644,a94856ab7e39fcdb845ec0c55087423bef4968df242edd20002b476869a9d64f,True,1.0204974431506948,0.073713825250784237,0.98663908327285499,1.5146493324695838,OK,
NWP_A1_S07_NULL,NWB_A1_S07,NULL_FLARE_RED_NOISE,1,7,,,120,4336ffe242107726964b8b51c66378a90d2570cd732e2037b36e258fa25410b5,644cc68cf5a9549f053b883cca848e1c85425db9cc35ed509fc7c5016c2a9a43,601ccc1e9367dbc8ed2d6eb4295f5356a10ef11c0592f4561d40606a1d9896de,50ab33135ddda7a31495dbf5df410744838f12301ea28ef1680bf011ad3c9df7,,dce701d78cc934f5ac3521245385e509b87743ecb72dd24508a0143b27d76ff0,True,1.0205013742233473,0.070901102930138155,0.98699825459601187,1.495235568024061,OK,
NWP_A1_S07_P050,NWB_A1_S07,STATIONARY_QPP_PRESENT,1,7,50,0.040000000000000001,120,4336ffe242107726964b8b51c66378a90d2570cd732e2037b36e258fa25410b5,644cc68cf5a9549f053b883cca848e1c85425db9cc35ed509fc7c5016c2a9a43,601ccc1e9367dbc8ed2d6eb4295f5356a10ef11c0592f4561d40606a1d9896de,50ab33135ddda7a31495dbf5df410744838f12301ea28ef1680bf011ad3c9df7,e4c7adb9c0e3662cff54b930363ca8e5e0dd74abba49fe9efe47e57417ec036f,18c0318e3d1660f83a5e250f0f180e59b549a2bcd90ac83e8f984ec7dc9ee185,True,1.0204671842659352,0.070633364773906707,0.98699825459596258,1.4829134935144888,OK,
NWP_A1_S07_P080,NWB_A1_S07,STATIONARY_QPP_PRESENT,1,7,80,0.040000000000000001,120,4336ffe242107726964b8b51c66378a90d2570cd732e2037b36e258fa25410b5,644cc68cf5a9549f053b883cca848e1c85425db9cc35ed509fc7c5016c2a9a43,601ccc1e9367dbc8ed2d6eb4295f5356a10ef11c0592f4561d40606a1d9896de,50ab33135ddda7a31495dbf5df410744838f12301ea28ef1680bf011ad3c9df7,2f5a7e33ceed5e947139b7595478a3020ae1cc3beb3fcfb2ca6d0eccfc9e89da,055240aad5cd196d9a3a925d28657d302eb5e80ea38e71db76dd4de4fa6f6834,True,1.0204833487056792,0.070793745119891505,0.98699825459597945,1.4829134935144888,OK,
NWP_A1_S08_NULL,NWB_A1_S08,NULL_FLARE_RED_NOISE,1,8,,,120,4336ffe242107726964b8b51c66378a90d2570cd732e2037b36e258fa25410b5,644cc68cf5a9549f053b883cca848e1c85425db9cc35ed509fc7c5016c2a9a43,6f8a27a7fb01aa279d76de0bbda66182407bc7cfa4783b71e54abbd47e8dbfd7,f6ef6d23c985d3ab7f203ae6ce81503eba15e2a57db8559906a6b2cfdc6145c5,,cc61f95c51bc7b2abbfc2a4d27e768554e6ad575c2c67009ac293f9628e84c20,True,1.0205013742233473,0.071503435178424918,0.99115176188201948,1.5013176957678156,OK,
NWP_A1_S08_P050,NWB_A1_S08,STATIONARY_QPP_PRESENT,1,8,50,0.040000000000000001,120,4336ffe242107726964b8b51c66378a90d2570cd732e2037b36e258fa25410b5,644cc68cf5a9549f053b883cca848e1c85425db9cc35ed509fc7c5016c2a9a43,6f8a27a7fb01aa279d76de0bbda66182407bc7cfa4783b71e54abbd47e8dbfd7,f6ef6d23c985d3ab7f203ae6ce81503eba15e2a57db8559906a6b2cfdc6145c5,bbfdc0f2cd22790753eaaefa23b502a52800f7a37c81c6e49504400c851c7ac9,90aed88c84bac6645efb5c045c25e1059e2ee8992647244a8f87bd2c0fb8eb7c,True,1.0204835775320276,0.071337752408751232,0.99115176188200838,1.5002602820051931,OK,
NWP_A1_S08_P080,NWB_A1_S08,STATIONARY_QPP_PRESENT,1,8,80,0.040000000000000001,120,4336ffe242107726964b8b51c66378a90d2570cd732e2037b36e258fa25410b5,644cc68cf5a9549f053b883cca848e1c85425db9cc35ed509fc7c5016c2a9a43,6f8a27a7fb01aa279d76de0bbda66182407bc7cfa4783b71e54abbd47e8dbfd7,f6ef6d23c985d3ab7f203ae6ce81503eba15e2a57db8559906a6b2cfdc6145c5,220fa1e14cb46fd5e3d72fd187cd25cda4011130351acf792abfdf3f3eddb7cd,14cc0b112e2ff5eda88ef79347ef0af4257ab64bba9b44ac628d7d4d78a96df0,True,1.0204423964502189,0.071006690708451489,0.99115176188201837,1.5002602820051931,OK,
NWP_A1_S09_NULL,NWB_A1_S09,NULL_FLARE_RED_NOISE,1,9,,,120,4336ffe242107726964b8b51c66378a90d2570cd732e2037b36e258fa25410b5,644cc68cf5a9549f053b883cca848e1c85425db9cc35ed509fc7c5016c2a9a43,be33f8496989b785abce70252bc23a9dd2bd42ec79e153942a4057793a476fff,ab7d84fb33d8552289ba07586a385c9be0fff68652763cd29af65c0a9f43c7c7,,ac7fdd8d5efe19485c6af366a431a763465a1fac2ac1d9aa8fb7c5b8afff9a6c,True,1.0205013742233473,0.071726636264338089,0.98674803748205686,1.4912300867832906,OK,
NWP_A1_S09_P050,NWB_A1_S09,STATIONARY_QPP_PRESENT,1,9,50,0.040000000000000001,120,4336ffe242107726964b8b51c66378a90d2570cd732e2037b36e258fa25410b5,644cc68cf5a9549f053b883cca848e1c85425db9cc35ed509fc7c5016c2a9a43,be33f8496989b785abce70252bc23a9dd2bd42ec79e153942a4057793a476fff,ab7d84fb33d8552289ba07586a385c9be0fff68652763cd29af65c0a9f43c7c7,ffbf54bdb7eedb83a80613931065feb6318f8bf73239869d9ec2086a9d2b2c5f,b07a3a6496203d92fb096519641e66b6c2ce58b5fa171d75450464d47c71e791,True,1.0205628631592565,0.072329534802758402,0.98674803748245632,1.5053015698924257,OK,
NWP_A1_S09_P080,NWB_A1_S09,STATIONARY_QPP_PRESENT,1,9,80,0.040000000000000001,120,4336ffe242107726964b8b51c66378a90d2570cd732e2037b36e258fa25410b5,644cc68cf5a9549f053b883cca848e1c85425db9cc35ed509fc7c5016c2a9a43,be33f8496989b785abce70252bc23a9dd2bd42ec79e153942a4057793a476fff,ab7d84fb33d8552289ba07586a385c9be0fff68652763cd29af65c0a9f43c7c7,eadd57785bc503512a09255764974cf681d1f03d88570e9eb147f921f0f636a0,cfddf6ce8570b2ca2b745962060eee3ba9fbb0f46dd5b9f34fee5e4da6410157,True,1.0206086882368217,0.072649444477956668,0.98674803748173912,1.5053015698924257,OK,
NWP_A1_S10_NULL,NWB_A1_S10,NULL_FLARE_RED_NOISE,1,10,,,120,4336ffe242107726964b8b51c66378a90d2570cd732e2037b36e258fa25410b5,644cc68cf5a9549f053b883cca848e1c85425db9cc35ed509fc7c5016c2a9a43,3206a11a93c025d1f2c5e55a979183d0db29c8410ed72ef892b44cd833e80c0c,f2c7952034c456a2a0f3535fde4d74d4477365caaab184f5214280a746cb34e7,,5d1c78492f702f6b22c6c140e31bb9ae8745ecf121b78ee776db20e15ec24f77,True,1.0205013742233473,0.071391184201917576,0.98780745650104373,1.4944117803416546,OK,
NWP_A1_S10_P050,NWB_A1_S10,STATIONARY_QPP_PRESENT,1,10,50,0.040000000000000001,120,4336ffe242107726964b8b51c66378a90d2570cd732e2037b36e258fa25410b5,644cc68cf5a9549f053b883cca848e1c85425db9cc35ed509fc7c5016c2a9a43,3206a11a93c025d1f2c5e55a979183d0db29c8410ed72ef892b44cd833e80c0c,f2c7952034c456a2a0f3535fde4d74d4477365caaab184f5214280a746cb34e7,6da98d399eb894b4e7307d14eac20e39f2f076116e31aee595625ea7497e7d9d,db15060d6e20851bda1837241276bca0c1b766a24bf467fe2d1e6af8b8c3328b,True,1.0204861439641753,0.071251097343965702,0.98780745650158019,1.4940592003381348,OK,
NWP_A1_S10_P080,NWB_A1_S10,STATIONARY_QPP_PRESENT,1,10,80,0.040000000000000001,120,4336ffe242107726964b8b51c66378a90d2570cd732e2037b36e258fa25410b5,644cc68cf5a9549f053b883cca848e1c85425db9cc35ed509fc7c5016c2a9a43,3206a11a93c025d1f2c5e55a979183d0db29c8410ed72ef892b44cd833e80c0c,f2c7952034c456a2a0f3535fde4d74d4477365caaab184f5214280a746cb34e7,01deff084a2705065ec6a272e7df5ad8da679ab8f47eb412577716015843dd08,e4ab8c3a3afb5e6458a13f368462fda9be31601d0a46ebf26da1856f7e507bda,True,1.0204457874695894,0.070924030919526398,0.98780745650105373,1.4940592003381348,OK,
NWP_A1_S11_NULL,NWB_A1_S11,NULL_FLARE_RED_NOISE,1,11,,,120,4336ffe242107726964b8b51c66378a90d2570cd732e2037b36e258fa25410b5,644cc68cf5a9549f053b883cca848e1c85425db9cc35ed509fc7c5016c2a9a43,dff37ffe1c94852e0b47d21394cbe90d5814f2b79c5c2a3996e77e31151acb32,913f8941d07311151c2aa4f01243667a5a2cf93ef833fa7f9a50c659d0a59d69,,6c291b3229dc65bd1aba35248c0f29f2a1ed4329a564e5350e114fbdbeb716c5,True,1.0205013742233473,0.070261729413038473,0.99101370979258729,1.4902154846519682,OK,
NWP_A1_S11_P050,NWB_A1_S11,STATIONARY_QPP_PRESENT,1,11,50,0.040000000000000001,120,4336ffe242107726964b8b51c66378a90d2570cd732e2037b36e258fa25410b5,644cc68cf5a9549f053b883cca848e1c85425db9cc35ed509fc7c5016c2a9a43,dff37ffe1c94852e0b47d21394cbe90d5814f2b79c5c2a3996e77e31151acb32,913f8941d07311151c2aa4f01243667a5a2cf93ef833fa7f9a50c659d0a59d69,b2cac48879270c010e15c04282d830be3b2473acabf6b09f080d9f6cac426d8b,09abc9f524d3771be526c248fe5f1cdc208bfe9fcdf3b649d328a098712edf1a,True,1.0205641128209182,0.07089009379044145,0.99101047950885479,1.5087561238597358,OK,
NWP_A1_S11_P080,NWB_A1_S11,STATIONARY_QPP_PRESENT,1,11,80,0.040000000000000001,120,4336ffe242107726964b8b51c66378a90d2570cd732e2037b36e258fa25410b5,644cc68cf5a9549f053b883cca848e1c85425db9cc35ed509fc7c5016c2a9a43,dff37ffe1c94852e0b47d21394cbe90d5814f2b79c5c2a3996e77e31151acb32,913f8941d07311151c2aa4f01243667a5a2cf93ef833fa7f9a50c659d0a59d69,0146bc9a53d623b1018009858f86fb27c41c6057e3af5f04ce7af6824e1ea123,cda060335619252157b66a2082b46e3c37f443154bdc78434d69243c097669b5,True,1.0205721379446939,0.070868883333950111,0.9910080551199405,1.5087561238597358,OK,
NWP_A1_S12_NULL,NWB_A1_S12,NULL_FLARE_RED_NOISE,1,12,,,120,4336ffe242107726964b8b51c66378a90d2570cd732e2037b36e258fa25410b5,644cc68cf5a9549f053b883cca848e1c85425db9cc35ed509fc7c5016c2a9a43,461a1c10d34d0402a080ca3d53969b182a41023a3e0196b8575ff71185295575,14da9d6ae9a8f5e9a55a69d73cdc32b0b56fc04396b7b0e35a80d6f1167548b7,,5da09c390a846c8e9043759936e20bdcb4c6b0a09f6fb395b3cd9b58f2e57eb0,True,1.0205013742233471,0.071540012521244381,0.99073770394766358,1.5003683127764982,OK,
NWP_A1_S12_P050,NWB_A1_S12,STATIONARY_QPP_PRESENT,1,12,50,0.040000000000000001,120,4336ffe242107726964b8b51c66378a90d2570cd732e2037b36e258fa25410b5,644cc68cf5a9549f053b883cca848e1c85425db9cc35ed509fc7c5016c2a9a43,461a1c10d34d0402a080ca3d53969b182a41023a3e0196b8575ff71185295575,14da9d6ae9a8f5e9a55a69d73cdc32b0b56fc04396b7b0e35a80d6f1167548b7,0cca1dc18d4b7a77fb12d7bbb2ba1761e9584aac58cb343050223a1b19af5946,c7edab5011c6c0320f78d5c3623ae901a51c33704c1897ef8051b6e2a911c7e8,True,1.020554150224392,0.072071927397217198,0.99073764313372925,1.5169042898571132,OK,
NWP_A1_S12_P080,NWB_A1_S12,STATIONARY_QPP_PRESENT,1,12,80,0.040000000000000001,120,4336ffe242107726964b8b51c66378a90d2570cd732e2037b36e258fa25410b5,644cc68cf5a9549f053b883cca848e1c85425db9cc35ed509fc7c5016c2a9a43,461a1c10d34d0402a080ca3d53969b182a41023a3e0196b8575ff71185295575,14da9d6ae9a8f5e9a55a69d73cdc32b0b56fc04396b7b0e35a80d6f1167548b7,42110f4b2e6f26bb4c3bd658308c3feb78db8b515717009c539a4ee27f797939,01b8e9971a902838ce8d33e4b359b3b8ac2cc481bb50e39f461f67d9887e29e3,True,1.0205522022903002,0.071978229436867075,0.99073788386141304,1.5169042898571132,OK,
NWP_A1_S13_NULL,NWB_A1_S13,NULL_FLARE_RED_NOISE,1,13,,,120,4336ffe242107726964b8b51c66378a90d2570cd732e2037b36e258fa25410b5,644cc68cf5a9549f053b883cca848e1c85425db9cc35ed509fc7c5016c2a9a43,2604ad146f4294bc3c301b86059742de3a6cd6947c7c25e697637d414965c25f,f3ea47eb25a3ad7822d040162cbadece6e8f398f082a8f25c8516b96ebe594d5,,3d37a26425eae3e1ffc892260f1fdee6111ebf4499d0823b58289517f1bd854f,True,1.0205013742233473,0.072844605326474993,0.98810920689562476,1.503782502033596,OK,
NWP_A1_S13_P050,NWB_A1_S13,STATIONARY_QPP_PRESENT,1,13,50,0.040000000000000001,120,4336ffe242107726964b8b51c66378a90d2570cd732e2037b36e258fa25410b5,644cc68cf5a9549f053b883cca848e1c85425db9cc35ed509fc7c5016c2a9a43,2604ad146f4294bc3c301b86059742de3a6cd6947c7c25e697637d414965c25f,f3ea47eb25a3ad7822d040162cbadece6e8f398f082a8f25c8516b96ebe594d5,66621d427af154a8e9480070d3ad5008c74dc9ecbebdefeb3dea65fee9781234,9f7494b0c7567424da2d5b9a4b196a085fde7fb9ede701388b3fbaa9095deeef,True,1.0205747822218258,0.073569456266432381,0.98810923229951997,1.5237820458684816,OK,
NWP_A1_S13_P080,NWB_A1_S13,STATIONARY_QPP_PRESENT,1,13,80,0.040000000000000001,120,4336ffe242107726964b8b51c66378a90d2570cd732e2037b36e258fa25410b5,644cc68cf5a9549f053b883cca848e1c85425db9cc35ed509fc7c5016c2a9a43,2604ad146f4294bc3c301b86059742de3a6cd6947c7c25e697637d414965c25f,f3ea47eb25a3ad7822d040162cbadece6e8f398f082a8f25c8516b96ebe594d5,589a977757eb39b4bdae5507f588d654faf8e3a9b9639b948fc7cfe0d1b6647d,33000023038d6b0e1f50eeab61ea86d75454c98c11980f5e7aefdc037b93cbc3,True,1.0205998578311821,0.073692593482008351,0.98810929084950816,1.5237820458684816,OK,
NWP_A1_S14_NULL,NWB_A1_S14,NULL_FLARE_RED_NOISE,1,14,,,120,4336ffe242107726964b8b51c66378a90d2570cd732e2037b36e258fa25410b5,644cc68cf5a9549f053b883cca848e1c85425db9cc35ed509fc7c5016c2a9a43,1e3aecb3c88b98f113ab8af93e4e143177c01ef48d97349b67d4ac0b07f8e9fc,791b672146e6cb576e64f13272a955b411f5d452621b05451f2550157b3ac9d8,,73ad60238048427489dd20193d963e352f5e77db6ffd6745db51826f2db81bf1,True,1.0205013742233473,0.073360832657246342,0.98438542983632416,1.5058899274053659,OK,
NWP_A1_S14_P050,NWB_A1_S14,STATIONARY_QPP_PRESENT,1,14,50,0.040000000000000001,120,4336ffe242107726964b8b51c66378a90d2570cd732e2037b36e258fa25410b5,644cc68cf5a9549f053b883cca848e1c85425db9cc35ed509fc7c5016c2a9a43,1e3aecb3c88b98f113ab8af93e4e143177c01ef48d97349b67d4ac0b07f8e9fc,791b672146e6cb576e64f13272a955b411f5d452621b05451f2550157b3ac9d8,81988b0f282dcf93117854967eda7a263ea3ca4fd96ec8e63d5da822915bf7aa,427db3c02a4a92541c7c043e044ab9a42b253129a2baf7e71c842ccfe5a989e6,True,1.02043312853573,0.072773205329252341,0.984428619264899,1.4864107624931013,OK,
NWP_A1_S14_P080,NWB_A1_S14,STATIONARY_QPP_PRESENT,1,14,80,0.040000000000000001,120,4336ffe242107726964b8b51c66378a90d2570cd732e2037b36e258fa25410b5,644cc68cf5a9549f053b883cca848e1c85425db9cc35ed509fc7c5016c2a9a43,1e3aecb3c88b98f113ab8af93e4e143177c01ef48d97349b67d4ac0b07f8e9fc,791b672146e6cb576e64f13272a955b411f5d452621b05451f2550157b3ac9d8,cd42f0c63ec8b9bbf174c5346e96f16305b5ba7f8979cb26c38a64cb5262eef5,f164ad99320c872eab0a637077790242b1963a484a93e58e57006bfbd602cab0,True,1.020418020201048,0.072717951173256634,0.98432117769874017,1.4864107624931013,OK,
NWP_A1_S15_NULL,NWB_A1_S15,NULL_FLARE_RED_NOISE,1,15,,,120,4336ffe242107726964b8b51c66378a90d2570cd732e2037b36e258fa25410b5,644cc68cf5a9549f053b883cca848e1c85425db9cc35ed509fc7c5016c2a9a43,158494e30b16ca4553dedb35d2e9df8c90ee18f9e28fc16a452e2055160f9a36,7b0ee2628e8971f8616b0fa408f393b243ee13c44c2352e6dac53ad81e55d395,,c7ec1ceed9f0f62f21d8256178d7bd897cd0d913db0f0a69c833029da41ab07e,True,1.0205013742233473,0.073166357376033303,0.98703284611757669,1.5020922962456096,OK,
NWP_A1_S15_P050,NWB_A1_S15,STATIONARY_QPP_PRESENT,1,15,50,0.040000000000000001,120,4336ffe242107726964b8b51c66378a90d2570cd732e2037b36e258fa25410b5,644cc68cf5a9549f053b883cca848e1c85425db9cc35ed509fc7c5016c2a9a43,158494e30b16ca4553dedb35d2e9df8c90ee18f9e28fc16a452e2055160f9a36,7b0ee2628e8971f8616b0fa408f393b243ee13c44c2352e6dac53ad81e55d395,c0949f21dcbb68211435be8d4ad7efed0b7c4e560e232549dc6f226bae554d3d,5884c121b86bad8230556199deeda567f6047b98d1931db0f20b51e79a281482,True,1.0204360849038498,0.072575254725368285,0.98703284638341049,1.4867127947905494,OK,
NWP_A1_S15_P080,NWB_A1_S15,STATIONARY_QPP_PRESENT,1,15,80,0.040000000000000001,120,4336ffe242107726964b8b51c66378a90d2570cd732e2037b36e258fa25410b5,644cc68cf5a9549f053b883cca848e1c85425db9cc35ed509fc7c5016c2a9a43,158494e30b16ca4553dedb35d2e9df8c90ee18f9e28fc16a452e2055160f9a36,7b0ee2628e8971f8616b0fa408f393b243ee13c44c2352e6dac53ad81e55d395,98b246b29c4c2d3e35769709715e6284897eeb5129a2c385bb5f15740a578f4b,78253d8ccc3be05da7ea97d1689c1a6c178841268597c79396c51da090f3a70e,True,1.0203914858571042,0.072276026732405435,0.98703284556563398,1.4867127947905494,OK,
NWP_A1_S16_NULL,NWB_A1_S16,NULL_FLARE_RED_NOISE,1,16,,,120,4336ffe242107726964b8b51c66378a90d2570cd732e2037b36e258fa25410b5,644cc68cf5a9549f053b883cca848e1c85425db9cc35ed509fc7c5016c2a9a43,dc0b69ab3768fe2076922cdfe7c03779648016ad901124e243b95cec85c647ed,c3126544eb7862189cf2556632a262ec4c2778d444568fc8430897644b1a796d,,d938865aa08892773999705668f99643b9a8006d454e917742a51693d4ab90e9,True,1.0205013742233473,0.070575079380529704,0.9910983096892908,1.4887428119821478,OK,
NWP_A1_S16_P050,NWB_A1_S16,STATIONARY_QPP_PRESENT,1,16,50,0.040000000000000001,120,4336ffe242107726964b8b51c66378a90d2570cd732e2037b36e258fa25410b5,644cc68cf5a9549f053b883cca848e1c85425db9cc35ed509fc7c5016c2a9a43,dc0b69ab3768fe2076922cdfe7c03779648016ad901124e243b95cec85c647ed,c3126544eb7862189cf2556632a262ec4c2778d444568fc8430897644b1a796d,bf198b3ab9da52a2a2c8a3ebf3c2ebfd022eae8f1239652348f99f43893341b0,3d2c93a50119a46aae5d4693bad1fa8f58e868cfb569b083ccfc1f7ed8644d1a,True,1.0204293113979817,0.069925448602770349,0.99111116189105963,1.4707416554269104,OK,
NWP_A1_S16_P080,NWB_A1_S16,STATIONARY_QPP_PRESENT,1,16,80,0.040000000000000001,120,4336ffe242107726964b8b51c66378a90d2570cd732e2037b36e258fa25410b5,644cc68cf5a9549f053b883cca848e1c85425db9cc35ed509fc7c5016c2a9a43,dc0b69ab3768fe2076922cdfe7c03779648016ad901124e243b95cec85c647ed,c3126544eb7862189cf2556632a262ec4c2778d444568fc8430897644b1a796d,76c2a51f0850f6fe458d62065284dca0c6c1a626061c08726eba7bfc6292fb5c,b95ae8f8c0a8dc53c356272a8f513c81613675726a9e3f87b444112c76007e1a,True,1.0203895857909353,0.069663221302088615,0.99105722214211622,1.4707416554269104,OK,
NWP_A1_S17_NULL,NWB_A1_S17,NULL_FLARE_RED_NOISE,1,17,,,120,4336ffe242107726964b8b51c66378a90d2570cd732e2037b36e258fa25410b5,644cc68cf5a9549f053b883cca848e1c85425db9cc35ed509fc7c5016c2a9a43,02e7ea248d79b0b5802f5c47bfde43e0e20819827162d9616be8fa55eb2eeee1,a082cca5f400681f3935e2c73c27bce409b77c961099c18cfab985aee6a260f4,,1dc2b80069112b91503437d850af92a30ef266a883efb40c7c38442aacc2ce68,True,1.0205013742233473,0.071754620215651335,0.99061478994541374,1.4975613121008804,OK,
NWP_A1_S17_P050,NWB_A1_S17,STATIONARY_QPP_PRESENT,1,17,50,0.040000000000000001,120,4336ffe242107726964b8b51c66378a90d2570cd732e2037b36e258fa25410b5,644cc68cf5a9549f053b883cca848e1c85425db9cc35ed509fc7c5016c2a9a43,02e7ea248d79b0b5802f5c47bfde43e0e20819827162d9616be8fa55eb2eeee1,a082cca5f400681f3935e2c73c27bce409b77c961099c18cfab985aee6a260f4,91d4f25624c1005956cbec900635f6aac7132d3e872b550916d552d54df00e6f,887693d3bcffad4c045cc6a326d809775c23fd8d23f5f46f60f5ea9f5a22c422,True,1.020432837305969,0.071164282667151274,0.99061456625226796,1.4780388571277696,OK,
NWP_A1_S17_P080,NWB_A1_S17,STATIONARY_QPP_PRESENT,1,17,80,0.040000000000000001,120,4336ffe242107726964b8b51c66378a90d2570cd732e2037b36e258fa25410b5,644cc68cf5a9549f053b883cca848e1c85425db9cc35ed509fc7c5016c2a9a43,02e7ea248d79b0b5802f5c47bfde43e0e20819827162d9616be8fa55eb2eeee1,a082cca5f400681f3935e2c73c27bce409b77c961099c18cfab985aee6a260f4,e1a499aa9db318e373f38f0a547726365bd3c2bd30ef02c9dfd3344f1f3add61,952808356101c5a14d1ffb9d46dbe97625a9f0158af1227e978ee82a981494d3,True,1.0204172956752868,0.071100548903661284,0.99061708716972163,1.4780388571277696,OK,
NWP_A1_S18_NULL,NWB_A1_S18,NULL_FLARE_RED_NOISE,1,18,,,120,4336ffe242107726964b8b51c66378a90d2570cd732e2037b36e258fa25410b5,644cc68cf5a9549f053b883cca848e1c85425db9cc35ed509fc7c5016c2a9a43,1d67024820bc9ca2e6b9f7ce1d5065779a93c7d2df7eaf3e948a3d5f51201b6f,a3f68bcdf1f2b073e86439ba8faec92a1e905b6a44675e09757df96f81eaf195,,668312ebe4604621d6340ab1574226b5b697d4e1cf2214bf3c0dd556ec7fd627,True,1.0205013742233473,0.073199657909830601,0.98974774211020144,1.5062736742293747,OK,
NWP_A1_S18_P050,NWB_A1_S18,STATIONARY_QPP_PRESENT,1,18,50,0.040000000000000001,120,4336ffe242107726964b8b51c66378a90d2570cd732e2037b36e258fa25410b5,644cc68cf5a9549f053b883cca848e1c85425db9cc35ed509fc7c5016c2a9a43,1d67024820bc9ca2e6b9f7ce1d5065779a93c7d2df7eaf3e948a3d5f51201b6f,a3f68bcdf1f2b073e86439ba8faec92a1e905b6a44675e09757df96f81eaf195,4d27f97578f870b0b3e8f4ca1b6e2eda4f89637c18591a5d153d48094ea6301c,7a5da4bfe11fd9b8febb287b8c8b73d559ea221f803e8786b0c0d066c3cbb49d,True,1.0205759941235533,0.073936344455694303,0.98974774211042282,1.5258609374253433,OK,
NWP_A1_S18_P080,NWB_A1_S18,STATIONARY_QPP_PRESENT,1,18,80,0.040000000000000001,120,4336ffe242107726964b8b51c66378a90d2570cd732e2037b36e258fa25410b5,644cc68cf5a9549f053b883cca848e1c85425db9cc35ed509fc7c5016c2a9a43,1d67024820bc9ca2e6b9f7ce1d5065779a93c7d2df7eaf3e948a3d5f51201b6f,a3f68bcdf1f2b073e86439ba8faec92a1e905b6a44675e09757df96f81eaf195,fa0af088acb53f9cf9561b78864d7af2dac91b1527fe73a9dec8261d5146dd8e,880d6ae3cd2431f340dfec625181d50572c1152a2dd54122157252df1421e127,True,1.0206083579712659,0.074142044248139499,0.98974774211011107,1.5258609374253433,OK,
NWP_A1_S19_NULL,NWB_A1_S19,NULL_FLARE_RED_NOISE,1,19,,,120,4336ffe242107726964b8b51c66378a90d2570cd732e2037b36e258fa25410b5,644cc68cf5a9549f053b883cca848e1c85425db9cc35ed509fc7c5016c2a9a43,babd586581f71cab720548e34484778a2c3e6c799564dbaace1ccac7ac21b58a,8e5f4597693d916649746499d52a8606ef7efba4344ca653999fa97d14bc2dc8,,7ed1e02e119d2f34906934029f286ead8ca379223db365d955238488c2e8e7dd,True,1.0205013742233471,0.073588391645036638,0.98554006141139583,1.5015062528038245,OK,
NWP_A1_S19_P050,NWB_A1_S19,STATIONARY_QPP_PRESENT,1,19,50,0.040000000000000001,120,4336ffe242107726964b8b51c66378a90d2570cd732e2037b36e258fa25410b5,644cc68cf5a9549f053b883cca848e1c85425db9cc35ed509fc7c5016c2a9a43,babd586581f71cab720548e34484778a2c3e6c799564dbaace1ccac7ac21b58a,8e5f4597693d916649746499d52a8606ef7efba4344ca653999fa97d14bc2dc8,a86587cd8e89cf6930d565f7b6bdb4968728b34027ab4fe302c0b3c4d17646d9,d674085fa5deff8ee8697ed5abeefb20ef6cbf6e0fcd29a8f9cfe67b57f1ac5d,True,1.0204270076388842,0.072940627117241877,0.98554010655497537,1.4816143333961851,OK,
NWP_A1_S19_P080,NWB_A1_S19,STATIONARY_QPP_PRESENT,1,19,80,0.040000000000000001,120,4336ffe242107726964b8b51c66378a90d2570cd732e2037b36e258fa25410b5,644cc68cf5a9549f053b883cca848e1c85425db9cc35ed509fc7c5016c2a9a43,babd586581f71cab720548e34484778a2c3e6c799564dbaace1ccac7ac21b58a,8e5f4597693d916649746499d52a8606ef7efba4344ca653999fa97d14bc2dc8,bc27e9624bb2917ef58cdb1ec6838195b343cfc342a1e57dfc922cb95719b53b,7e986a87166b379a3bebdbc0ff373a1e59f60b7faab38937aa364c84ef60dfcf,True,1.0203981900693126,0.07277999027701447,0.98554011327832014,1.4816143333961851,OK,
NWP_A1_S20_NULL,NWB_A1_S20,NULL_FLARE_RED_NOISE,1,20,,,120,4336ffe242107726964b8b51c66378a90d2570cd732e2037b36e258fa25410b5,644cc68cf5a9549f053b883cca848e1c85425db9cc35ed509fc7c5016c2a9a43,f26bc665e78f53b34b2acddc82abba4ec899dba1201b102901a0d300094884f4,bd91824cc30c79876c621e3af56d03ac3ab6a627fc5f8f891e0d10d3ce72e4de,,6ca1f4c70a69009eab6d90b470c8771d502a74ff79dbac5d7fc4a6419271ff8d,True,1.0205013742233473,0.071735161677314419,0.99113266921000032,1.5013764053073697,OK,
NWP_A1_S20_P050,NWB_A1_S20,STATIONARY_QPP_PRESENT,1,20,50,0.040000000000000001,120,4336ffe242107726964b8b51c66378a90d2570cd732e2037b36e258fa25410b5,644cc68cf5a9549f053b883cca848e1c85425db9cc35ed509fc7c5016c2a9a43,f26bc665e78f53b34b2acddc82abba4ec899dba1201b102901a0d300094884f4,bd91824cc30c79876c621e3af56d03ac3ab6a627fc5f8f891e0d10d3ce72e4de,36106841609c29f897bebe0dd864b0df17f5a55e9db4db228919b93fe47a3d92,48a6273426476a82787cbf6477bdab32650cc613b10730af79f77927fb132d2e,True,1.0204565937685617,0.071364838471726658,0.99113266640201225,1.4865982782970018,OK,
NWP_A1_S20_P080,NWB_A1_S20,STATIONARY_QPP_PRESENT,1,20,80,0.040000000000000001,120,4336ffe242107726964b8b51c66378a90d2570cd732e2037b36e258fa25410b5,644cc68cf5a9549f053b883cca848e1c85425db9cc35ed509fc7c5016c2a9a43,f26bc665e78f53b34b2acddc82abba4ec899dba1201b102901a0d300094884f4,bd91824cc30c79876c621e3af56d03ac3ab6a627fc5f8f891e0d10d3ce72e4de,6ac5f1f799c279d67beea58119afc803bf2c57ef249f47505bfe9d39959551c6,632ea70cbcb26e6dde785b96377ff5e797066c162cd0512a73631ac0343248c6,True,1.0204651661221606,0.071482988435513123,0.99113267177060249,1.4865982782970018,OK,
NWP_A1_S21_NULL,NWB_A1_S21,NULL_FLARE_RED_NOISE,1,21,,,120,4336ffe242107726964b8b51c66378a90d2570cd732e2037b36e258fa25410b5,644cc68cf5a9549f053b883cca848e1c85425db9cc35ed509fc7c5016c2a9a43,6e8355bf60cd7578cfd5aecb8db0c3ada4eff02fea4faa29afa1729c8061416b,656e0e6fcd20a384ae64d26f772b75f21f9532d9b68b0f0615deca85309d4946,,bc3068bf7b975d2462cc81a857afcef2336ac5d8b1068ff591d6075aa8fdbda4,True,1.0205013742233473,0.070734368826390823,0.99173192657835896,1.4977777472322196,OK,
NWP_A1_S21_P050,NWB_A1_S21,STATIONARY_QPP_PRESENT,1,21,50,0.040000000000000001,120,4336ffe242107726964b8b51c66378a90d2570cd732e2037b36e258fa25410b5,644cc68cf5a9549f053b883cca848e1c85425db9cc35ed509fc7c5016c2a9a43,6e8355bf60cd7578cfd5aecb8db0c3ada4eff02fea4faa29afa1729c8061416b,656e0e6fcd20a384ae64d26f772b75f21f9532d9b68b0f0615deca85309d4946,5f0ba4de87e308537c0108595d588c4d6016c7230b1609cd0974f5b74ec8cbda,259424d611766415e99f855581b2193aaaab7b595ca6fc5f5b874f3e031c0376,True,1.0204369395772257,0.070169856224232552,0.99173192657901488,1.4789288867628798,OK,
NWP_A1_S21_P080,NWB_A1_S21,STATIONARY_QPP_PRESENT,1,21,80,0.040000000000000001,120,4336ffe242107726964b8b51c66378a90d2570cd732e2037b36e258fa25410b5,644cc68cf5a9549f053b883cca848e1c85425db9cc35ed509fc7c5016c2a9a43,6e8355bf60cd7578cfd5aecb8db0c3ada4eff02fea4faa29afa1729c8061416b,656e0e6fcd20a384ae64d26f772b75f21f9532d9b68b0f0615deca85309d4946,e9dfef468270f73a6fe96a49f26c77609c52cef9103aed4b7aac6ea7cf7b6078,e88077123205eced16d1ce97e9e6a0b2a4dc418951be369d58696d3370b9fa93,True,1.0204269105675434,0.070153951176254503,0.99173192657797149,1.4789288867628798,OK,
NWP_A1_S22_NULL,NWB_A1_S22,NULL_FLARE_RED_NOISE,1,22,,,120,4336ffe242107726964b8b51c66378a90d2570cd732e2037b36e258fa25410b5,644cc68cf5a9549f053b883cca848e1c85425db9cc35ed509fc7c5016c2a9a43,7acd6fbd820c5676da61c42af298d2ec9ea24f85cb9e8c91e67803b15c991a05,b18253bcd945408b1771cc36e074e237be53519d8378f01ef891ee5091b6f9ac,,4746b1aee4a0e63cb08eea465e48f665c560063e6cdd6796428c4c813bb1cce4,True,1.0205013742233473,0.07040524800734993,0.98640429763878612,1.4923888550848705,OK,
NWP_A1_S22_P050,NWB_A1_S22,STATIONARY_QPP_PRESENT,1,22,50,0.040000000000000001,120,4336ffe242107726964b8b51c66378a90d2570cd732e2037b36e258fa25410b5,644cc68cf5a9549f053b883cca848e1c85425db9cc35ed509fc7c5016c2a9a43,7acd6fbd820c5676da61c42af298d2ec9ea24f85cb9e8c91e67803b15c991a05,b18253bcd945408b1771cc36e074e237be53519d8378f01ef891ee5091b6f9ac,6e2af4845e2f89f2f096a8c34cea5b07ca17c882a5a19f01e8b6485dd99cc79b,5322da4c2b63ab657db35b77d181d3bb4b92a3e08f5b0d04a6c357d1721a78c9,True,1.020570698472653,0.071098612524641627,0.98640429767092841,1.5120235495565104,OK,
NWP_A1_S22_P080,NWB_A1_S22,STATIONARY_QPP_PRESENT,1,22,80,0.040000000000000001,120,4336ffe242107726964b8b51c66378a90d2570cd732e2037b36e258fa25410b5,644cc68cf5a9549f053b883cca848e1c85425db9cc35ed509fc7c5016c2a9a43,7acd6fbd820c5676da61c42af298d2ec9ea24f85cb9e8c91e67803b15c991a05,b18253bcd945408b1771cc36e074e237be53519d8378f01ef891ee5091b6f9ac,8f2c19a6c7e63b2dbe159b1b4258631485c51fa9f1b0b977d410bd91d3574b40,261d962b810eeb417994641fd80613c00d7b51469c9c2cb6c97027636447b73f,True,1.0205874558946451,0.071154684523048642,0.98640429757363202,1.5120235495565104,OK,
NWP_A1_S23_NULL,NWB_A1_S23,NULL_FLARE_RED_NOISE,1,23,,,120,4336ffe242107726964b8b51c66378a90d2570cd732e2037b36e258fa25410b5,644cc68cf5a9549f053b883cca848e1c85425db9cc35ed509fc7c5016c2a9a43,daa47dedbb4bfd171d0505272bdf2bb3c240d1f96360f329a473d370bb80f46a,bdc92b57a7b62d73b65a77c02227fdb33bef53e4d721563020010329417b13e6,,91f801a799c66f54ddd3c9dd29c7cb3d69098fde31f815abae5d9b48b49c1d4a,True,1.0205013742233473,0.07476413755312053,0.99108663474053138,1.5070438836258109,OK,
NWP_A1_S23_P050,NWB_A1_S23,STATIONARY_QPP_PRESENT,1,23,50,0.040000000000000001,120,4336ffe242107726964b8b51c66378a90d2570cd732e2037b36e258fa25410b5,644cc68cf5a9549f053b883cca848e1c85425db9cc35ed509fc7c5016c2a9a43,daa47dedbb4bfd171d0505272bdf2bb3c240d1f96360f329a473d370bb80f46a,bdc92b57a7b62d73b65a77c02227fdb33bef53e4d721563020010329417b13e6,ea822e3d41b94a4de71d456897d282494e9fcd5690745b7d95d3fc7f8cb464f4,c4ec6c9ef574a5d9b93f9d14adfe4ef1021100f007fb968aad3b5d645645823e,True,1.0205020565855805,0.074767537686522792,0.99108663474067882,1.5109591755215774,OK,
NWP_A1_S23_P080,NWB_A1_S23,STATIONARY_QPP_PRESENT,1,23,80,0.040000000000000001,120,4336ffe242107726964b8b51c66378a90d2570cd732e2037b36e258fa25410b5,644cc68cf5a9549f053b883cca848e1c85425db9cc35ed509fc7c5016c2a9a43,daa47dedbb4bfd171d0505272bdf2bb3c240d1f96360f329a473d370bb80f46a,bdc92b57a7b62d73b65a77c02227fdb33bef53e4d721563020010329417b13e6,3554bd9e58ded731fe578c0a13bc7e6f72525622e3d9a9f19938bb9f1564c849,3f0372391f76e3cedf97b99bab125f34386df78e77d1b86aa42c1f31980d6238,True,1.0204677599586323,0.074496429402389874,0.99108663474060044,1.5109591755215774,OK,
NWP_A1_S24_NULL,NWB_A1_S24,NULL_FLARE_RED_NOISE,1,24,,,120,4336ffe242107726964b8b51c66378a90d2570cd732e2037b36e258fa25410b5,644cc68cf5a9549f053b883cca848e1c85425db9cc35ed509fc7c5016c2a9a43,32dec0f32fa230119ac2b7f2855736adc57f6d2fcbfa37d509460e2bff1a3721,1aea1da69924de944f7fc66d36151eceaa161b4c6c0a372ab4d47f681fd66ab0,,5e19f7dc42cf24df82e133400421f4d123d43c86d78b34f8c374221d6268051c,True,1.0205013742233473,0.071640226961541875,0.98923634746705358,1.4995815514913069,OK,
NWP_A1_S24_P050,NWB_A1_S24,STATIONARY_QPP_PRESENT,1,24,50,0.040000000000000001,120,4336ffe242107726964b8b51c66378a90d2570cd732e2037b36e258fa25410b5,644cc68cf5a9549f053b883cca848e1c85425db9cc35ed509fc7c5016c2a9a43,32dec0f32fa230119ac2b7f2855736adc57f6d2fcbfa37d509460e2bff1a3721,1aea1da69924de944f7fc66d36151eceaa161b4c6c0a372ab4d47f681fd66ab0,328bee0c1e68a15eb7f3653c9fde2fb85e23517ccbb0b0be9d006b5202e37af4,fe59759e3de86266443f68059afc7846fc8638936eb40919e9aba8f16fe77cdd,True,1.0204364186567314,0.071076191519859569,0.98923634746726252,1.4806408965351479,OK,
NWP_A1_S24_P080,NWB_A1_S24,STATIONARY_QPP_PRESENT,1,24,80,0.040000000000000001,120,4336ffe242107726964b8b51c66378a90d2570cd732e2037b36e258fa25410b5,644cc68cf5a9549f053b883cca848e1c85425db9cc35ed509fc7c5016c2a9a43,32dec0f32fa230119ac2b7f2855736adc57f6d2fcbfa37d509460e2bff1a3721,1aea1da69924de944f7fc66d36151eceaa161b4c6c0a372ab4d47f681fd66ab0,3aa9e2421bddf172dc5f66ac358bab621dac43e02af26b52177da491ebf61ba0,db4b0ccf60d44dccc7f2b0a824f5500165a3a74781db95363776e2f81de277d6,True,1.0204257475877749,0.071058034781629226,0.98923634746726097,1.4806408965351479,OK,
NWP_A1_S25_NULL,NWB_A1_S25,NULL_FLARE_RED_NOISE,1,25,,,120,4336ffe242107726964b8b51c66378a90d2570cd732e2037b36e258fa25410b5,644cc68cf5a9549f053b883cca848e1c85425db9cc35ed509fc7c5016c2a9a43,ca4fae8ffcaac65052de123b0dbfdc76e389fd1d51d707a560372aae77dc42f4,a7bb3d1d73acfa9c44538231c8fc2a7be8d1b1e6001b87ca1a6545b17d79f9fd,,cc25e7bd35893dca531c476485d7a6e20d188f2111d4455b61c2c44aaa3b0971,True,1.0205013742233473,0.072316958083891159,0.98700481609195534,1.4994447733861449,OK,
NWP_A1_S25_P050,NWB_A1_S25,STATIONARY_QPP_PRESENT,1,25,50,0.040000000000000001,120,4336ffe242107726964b8b51c66378a90d2570cd732e2037b36e258fa25410b5,644cc68cf5a9549f053b883cca848e1c85425db9cc35ed509fc7c5016c2a9a43,ca4fae8ffcaac65052de123b0dbfdc76e389fd1d51d707a560372aae77dc42f4,a7bb3d1d73acfa9c44538231c8fc2a7be8d1b1e6001b87ca1a6545b17d79f9fd,b321a59ba8e9c689148f64f42d6a00a01293e16724417a0081a1fa8c634018db,84a66c070b4fd94c2f39bd4ea0aabdf7bd53dd45ff068df9c6c47cc74ed859f5,True,1.0204997031495073,0.072354116062903553,0.98700481615458147,1.4952699583145033,OK,
NWP_A1_S25_P080,NWB_A1_S25,STATIONARY_QPP_PRESENT,1,25,80,0.040000000000000001,120,4336ffe242107726964b8b51c66378a90d2570cd732e2037b36e258fa25410b5,644cc68cf5a9549f053b883cca848e1c85425db9cc35ed509fc7c5016c2a9a43,ca4fae8ffcaac65052de123b0dbfdc76e389fd1d51d707a560372aae77dc42f4,a7bb3d1d73acfa9c44538231c8fc2a7be8d1b1e6001b87ca1a6545b17d79f9fd,f9b1f59b25875655a6ff1690bf229e8ff40d7fc754e0085cf99e6daa9f54b38d,062b2b14cdb44278986f5b410de060258a9b46205477f3fb4fc4772a680dee2c,True,1.0205335708867651,0.072641235242386734,0.98700481617430791,1.4952699583145033,OK,
NWP_A1_S26_NULL,NWB_A1_S26,NULL_FLARE_RED_NOISE,1,26,,,120,4336ffe242107726964b8b51c66378a90d2570cd732e2037b36e258fa25410b5,644cc68cf5a9549f053b883cca848e1c85425db9cc35ed509fc7c5016c2a9a43,36df3d8e990a0e85008c1935a03088c7f3032393a2adb8071d28a05863bac2b0,daa3997a76cb4689b2105043cd6dc8a4ec8e6c0b96544608a75e3c9f76f0c439,,808f71ccfd780c47b4832022ef578e95a19d690e67ae106344f2f71cb7633ae5,True,1.0205013742233473,0.071712444997852079,0.98512792180496866,1.4953254318945355,OK,
NWP_A1_S26_P050,NWB_A1_S26,STATIONARY_QPP_PRESENT,1,26,50,0.040000000000000001,120,4336ffe242107726964b8b51c66378a90d2570cd732e2037b36e258fa25410b5,644cc68cf5a9549f053b883cca848e1c85425db9cc35ed509fc7c5016c2a9a43,36df3d8e990a0e85008c1935a03088c7f3032393a2adb8071d28a05863bac2b0,daa3997a76cb4689b2105043cd6dc8a4ec8e6c0b96544608a75e3c9f76f0c439,60b7b90c4f504c295f815a9a2fd359a423fa1a878e055d1ed00a99ff060a9e56,3e4c2b9494e8bdb2749e2ca5c019e9e09c0088b1101186ea620dcdfed372383e,True,1.020545643320877,0.072147386397921023,0.98512792180435071,1.5099879610743006,OK,
NWP_A1_S26_P080,NWB_A1_S26,STATIONARY_QPP_PRESENT,1,26,80,0.040000000000000001,120,4336ffe242107726964b8b51c66378a90d2570cd732e2037b36e258fa25410b5,644cc68cf5a9549f053b883cca848e1c85425db9cc35ed509fc7c5016c2a9a43,36df3d8e990a0e85008c1935a03088c7f3032393a2adb8071d28a05863bac2b0,daa3997a76cb4689b2105043cd6dc8a4ec8e6c0b96544608a75e3c9f76f0c439,17fe44189a453fdcef2fb634e2fe72a475b17dd42e03af8f626186ea8ef34db2,631e5d4a2955f1f098f80a55e7ced854d04986e47b816181ce463c17b2168c69,True,1.0205366766889226,0.072009378862456633,0.98512792180389064,1.5099879610743006,OK,
NWP_A1_S27_NULL,NWB_A1_S27,NULL_FLARE_RED_NOISE,1,27,,,120,4336ffe242107726964b8b51c66378a90d2570cd732e2037b36e258fa25410b5,644cc68cf5a9549f053b883cca848e1c85425db9cc35ed509fc7c5016c2a9a43,e42ab4e2816b16af2d3c3325366e59237419d5ede2e3d3cb0c43bb64d1b9de62,036dfff0d0a6a561f088ab8a2f6f68b8d6f813488317ece36f7c2fdba833e1de,,65fb7ef64b74d37b10a3f82ac2f181f043b6fe5889627c74d06eeeb0540b193a,True,1.0205013742233473,0.072637917136384816,0.98946648930436742,1.5041370599176864,OK,
NWP_A1_S27_P050,NWB_A1_S27,STATIONARY_QPP_PRESENT,1,27,50,0.040000000000000001,120,4336ffe242107726964b8b51c66378a90d2570cd732e2037b36e258fa25410b5,644cc68cf5a9549f053b883cca848e1c85425db9cc35ed509fc7c5016c2a9a43,e42ab4e2816b16af2d3c3325366e59237419d5ede2e3d3cb0c43bb64d1b9de62,036dfff0d0a6a561f088ab8a2f6f68b8d6f813488317ece36f7c2fdba833e1de,817d4ac9ba8ba28ad0da53856bd088c1db0385f871218d73bbc43aab7dcf31eb,fd18582509a73a926f1b5c3e98a50cc6533b2aea68ffe77cc5d0720486a50ddc,True,1.0205066160653813,0.072681601950175395,0.98946647239079555,1.5092436813004233,OK,
NWP_A1_S27_P080,NWB_A1_S27,STATIONARY_QPP_PRESENT,1,27,80,0.040000000000000001,120,4336ffe242107726964b8b51c66378a90d2570cd732e2037b36e258fa25410b5,644cc68cf5a9549f053b883cca848e1c85425db9cc35ed509fc7c5016c2a9a43,e42ab4e2816b16af2d3c3325366e59237419d5ede2e3d3cb0c43bb64d1b9de62,036dfff0d0a6a561f088ab8a2f6f68b8d6f813488317ece36f7c2fdba833e1de,8d09a8be08d96438a0b46a2ab2e307e9255fa153d4bf3eacfc3e6040501ad23c,493085571f9967850989023e9f5590617646f51e823291fb98177c1d2ae29ef3,True,1.0204743479353202,0.072406187831194471,0.98946648416708238,1.5092436813004233,OK,
NWP_A1_S28_NULL,NWB_A1_S28,NULL_FLARE_RED_NOISE,1,28,,,120,4336ffe242107726964b8b51c66378a90d2570cd732e2037b36e258fa25410b5,644cc68cf5a9549f053b883cca848e1c85425db9cc35ed509fc7c5016c2a9a43,69d817a86ef58d7f05701813b97e59ead127a72c834e545fdb4e234859c2037a,2ca150f38bff5d2715e780b14c8c51435767f697da23171cab4c214d58214715,,6c89bf78f045be5f5a9fcdcf927ddfbf761f48a887876c21ee60368f929f9246,True,1.0205013742233473,0.071408284137966863,0.98868174511803586,1.4997262323177409,OK,
NWP_A1_S28_P050,NWB_A1_S28,STATIONARY_QPP_PRESENT,1,28,50,0.040000000000000001,120,4336ffe242107726964b8b51c66378a90d2570cd732e2037b36e258fa25410b5,644cc68cf5a9549f053b883cca848e1c85425db9cc35ed509fc7c5016c2a9a43,69d817a86ef58d7f05701813b97e59ead127a72c834e545fdb4e234859c2037a,2ca150f38bff5d2715e780b14c8c51435767f697da23171cab4c214d58214715,cbec2a3e0b1b21dd88055cb8b2e5ea6c1a2cc24ae669427de2d5f7044aa02957,9d6099f04a5be146dc8e94facade4b309f2091f75fb20ea9abc27d4f2bf3c6b4,True,1.0204381219807863,0.070875198122231919,0.98868175464472219,1.4810908460721559,OK,
NWP_A1_S28_P080,NWB_A1_S28,STATIONARY_QPP_PRESENT,1,28,80,0.040000000000000001,120,4336ffe242107726964b8b51c66378a90d2570cd732e2037b36e258fa25410b5,644cc68cf5a9549f053b883cca848e1c85425db9cc35ed509fc7c5016c2a9a43,69d817a86ef58d7f05701813b97e59ead127a72c834e545fdb4e234859c2037a,2ca150f38bff5d2715e780b14c8c51435767f697da23171cab4c214d58214715,1f06922bbfb08d7d36fa6678f9340278b075c222fbfd9097888dc3f0257cc618,cef09321f0800d40da18e929c4f666c4ddb2507bbce110102699b30b437aec93,True,1.0204295029726369,0.07085717653508139,0.98868174869395076,1.4810908460721559,OK,
NWP_A1_S29_NULL,NWB_A1_S29,NULL_FLARE_RED_NOISE,1,29,,,120,4336ffe242107726964b8b51c66378a90d2570cd732e2037b36e258fa25410b5,644cc68cf5a9549f053b883cca848e1c85425db9cc35ed509fc7c5016c2a9a43,208207720ae2a00964af9b9d1f61f2db1a1becec987bb962378db776f57aa8cc,cf509ec2cd19784900f90fc0a8b64bf0d4aa42f2dce6b931c9447b15c978b17b,,19becfdee40d23f768f8047e695a13b6a525182a1f2c34b9117a9c051738ad03,True,1.0205013742233471,0.072371395080834691,0.98856563192330937,1.504100076430082,OK,
NWP_A1_S29_P050,NWB_A1_S29,STATIONARY_QPP_PRESENT,1,29,50,0.040000000000000001,120,4336ffe242107726964b8b51c66378a90d2570cd732e2037b36e258fa25410b5,644cc68cf5a9549f053b883cca848e1c85425db9cc35ed509fc7c5016c2a9a43,208207720ae2a00964af9b9d1f61f2db1a1becec987bb962378db776f57aa8cc,cf509ec2cd19784900f90fc0a8b64bf0d4aa42f2dce6b931c9447b15c978b17b,a6e9b245f341217f71876090fd9ba57bd5551d2e9207170edb8f94a11b68c095,fc7df5365049f720f2f478cbc21c5f528a4d8fd315f47c1b11b48e056ca12f21,True,1.0204750710026917,0.072123413748296603,0.98855671793659172,1.5006711498634262,OK,
NWP_A1_S29_P080,NWB_A1_S29,STATIONARY_QPP_PRESENT,1,29,80,0.040000000000000001,120,4336ffe242107726964b8b51c66378a90d2570cd732e2037b36e258fa25410b5,644cc68cf5a9549f053b883cca848e1c85425db9cc35ed509fc7c5016c2a9a43,208207720ae2a00964af9b9d1f61f2db1a1becec987bb962378db776f57aa8cc,cf509ec2cd19784900f90fc0a8b64bf0d4aa42f2dce6b931c9447b15c978b17b,449d384496d90826dc1e518d593b5668ba4b4a145cdc3cdaa87f9ea0f4fa7608,752619464b54b44a6fcf42e82f2fff2443c48816d67b4c8208cbc5dc748dde48,True,1.020431483787609,0.071785596076165983,0.98851440888741715,1.5006711498634262,OK,
NWP_A1_S30_NULL,NWB_A1_S30,NULL_FLARE_RED_NOISE,1,30,,,120,4336ffe242107726964b8b51c66378a90d2570cd732e2037b36e258fa25410b5,644cc68cf5a9549f053b883cca848e1c85425db9cc35ed509fc7c5016c2a9a43,6364d37d01afb45c590e1b9a6e58d8fd9c8c764213b2aec9dec73fdbd00df6ba,074b9c40bf198daf9956a54e09a064145bbc6cd02570b35339cc1aaed302b978,,145241bcc40b9c81ab33f43acd99083036e081857a653801304dc8896d26b14f,True,1.0205013742233473,0.072106196046409166,0.98973415551521804,1.499839104249669,OK,
NWP_A1_S30_P050,NWB_A1_S30,STATIONARY_QPP_PRESENT,1,30,50,0.040000000000000001,120,4336ffe242107726964b8b51c66378a90d2570cd732e2037b36e258fa25410b5,644cc68cf5a9549f053b883cca848e1c85425db9cc35ed509fc7c5016c2a9a43,6364d37d01afb45c590e1b9a6e58d8fd9c8c764213b2aec9dec73fdbd00df6ba,074b9c40bf198daf9956a54e09a064145bbc6cd02570b35339cc1aaed302b978,248f73041168f9d5f0481b58c7199e356c857b2dba08358f6332e79237697594,a6760f4d3ae64fc4af3444151e0b3098f7b5075b8a1703ab447788ab20e23897,True,1.0204364134041124,0.071506783421794951,0.98977437850211569,1.4845754751753168,OK,
NWP_A1_S30_P080,NWB_A1_S30,STATIONARY_QPP_PRESENT,1,30,80,0.040000000000000001,120,4336ffe242107726964b8b51c66378a90d2570cd732e2037b36e258fa25410b5,644cc68cf5a9549f053b883cca848e1c85425db9cc35ed509fc7c5016c2a9a43,6364d37d01afb45c590e1b9a6e58d8fd9c8c764213b2aec9dec73fdbd00df6ba,074b9c40bf198daf9956a54e09a064145bbc6cd02570b35339cc1aaed302b978,83def725dea95cb86e159404ee4619b49919fd50414f3ffa01feed5861b4fc46,c180690613421b066394c5cd5e9546636ffbffab43986e24bad063f516c69dfb,True,1.0203916823731927,0.071201780170213877,0.98981521091384905,1.4845754751753168,OK,
NWP_A1_S31_NULL,NWB_A1_S31,NULL_FLARE_RED_NOISE,1,31,,,120,4336ffe242107726964b8b51c66378a90d2570cd732e2037b36e258fa25410b5,644cc68cf5a9549f053b883cca848e1c85425db9cc35ed509fc7c5016c2a9a43,7bdf68c90ebde2e8b2997e6fbb1f7fba2113dce610422bfd1098795a3f03940f,949c7fdcf57be360cec6f2996f193a48ebb85166aefb6352b90f22592e2b0163,,2effc4ea6fa9fe6244a229d47a0f1338659d7b4a0878654107513e44edabefc7,True,1.0205013742233473,0.071941348918317424,0.98638145280100875,1.4939758053587926,OK,
NWP_A1_S31_P050,NWB_A1_S31,STATIONARY_QPP_PRESENT,1,31,50,0.040000000000000001,120,4336ffe242107726964b8b51c66378a90d2570cd732e2037b36e258fa25410b5,644cc68cf5a9549f053b883cca848e1c85425db9cc35ed509fc7c5016c2a9a43,7bdf68c90ebde2e8b2997e6fbb1f7fba2113dce610422bfd1098795a3f03940f,949c7fdcf57be360cec6f2996f193a48ebb85166aefb6352b90f22592e2b0163,a9388b4aece006a0ed9f0e78f0f7e176157a199384459a05f3f41f4815f5041b,bc4f8b777e70bbff4c56981f43589c5f961799b521f9fb95ee68f465b0a45598,True,1.020511628199221,0.07208223507317417,0.98638145217566808,1.4929750599831815,OK,
NWP_A1_S31_P080,NWB_A1_S31,STATIONARY_QPP_PRESENT,1,31,80,0.040000000000000001,120,4336ffe242107726964b8b51c66378a90d2570cd732e2037b36e258fa25410b5,644cc68cf5a9549f053b883cca848e1c85425db9cc35ed509fc7c5016c2a9a43,7bdf68c90ebde2e8b2997e6fbb1f7fba2113dce610422bfd1098795a3f03940f,949c7fdcf57be360cec6f2996f193a48ebb85166aefb6352b90f22592e2b0163,faa4a396840836c65a4e0052323a1ad5f53461d637bff88b5baf6c36d35d37ae,32853d0b4d97109bb321b6a94e489ee0aa9bb2c56d577ba72f7c107769494c16,True,1.0205502623211478,0.072387351991146417,0.98638145217566808,1.4929750599831815,OK,
NWP_A1_S32_NULL,NWB_A1_S32,NULL_FLARE_RED_NOISE,1,32,,,120,4336ffe242107726964b8b51c66378a90d2570cd732e2037b36e258fa25410b5,644cc68cf5a9549f053b883cca848e1c85425db9cc35ed509fc7c5016c2a9a43,256712ad8e202eac4e973e47a6bdac13906493af19fbe51db274cc7f995f4231,40fdc0586a6e264d406c011b4cb44b898f8c7406649f5a0f172f9255c050a60f,,484eda8810a94d40fa4ba9f874248d55ac856a111b05d871f1bf0c9785e6a7f6,True,1.0205013742233473,0.073060423716743428,0.98982077572404248,1.4969843361064157,OK,
NWP_A1_S32_P050,NWB_A1_S32,STATIONARY_QPP_PRESENT,1,32,50,0.040000000000000001,120,4336ffe242107726964b8b51c66378a90d2570cd732e2037b36e258fa25410b5,644cc68cf5a9549f053b883cca848e1c85425db9cc35ed509fc7c5016c2a9a43,256712ad8e202eac4e973e47a6bdac13906493af19fbe51db274cc7f995f4231,40fdc0586a6e264d406c011b4cb44b898f8c7406649f5a0f172f9255c050a60f,e4e0258d6655eadd20cc81304b6e88b423c94ec745f08538c21879495cb5b058,0c7704f6e56a793834d0ec2f613a67f4de57346a61e5c72b4b23273cc4326087,True,1.0205590804689348,0.073625875235651825,0.98982143979249426,1.5098080714906703,OK,
NWP_A1_S32_P080,NWB_A1_S32,STATIONARY_QPP_PRESENT,1,32,80,0.040000000000000001,120,4336ffe242107726964b8b51c66378a90d2570cd732e2037b36e258fa25410b5,644cc68cf5a9549f053b883cca848e1c85425db9cc35ed509fc7c5016c2a9a43,256712ad8e202eac4e973e47a6bdac13906493af19fbe51db274cc7f995f4231,40fdc0586a6e264d406c011b4cb44b898f8c7406649f5a0f172f9255c050a60f,8035a13cc5ad3832d35f3abe28de9ca00489b15d9c5d7df69ba3ae3b9b68f3ff,8af3f9c0f61fe379ac2fa14f21e254a164a7367ade68dffa7d13e7da5c63840b,True,1.020605624217801,0.073951864334465697,0.98982022656902435,1.5098080714906703,OK,
NWP_A1_S33_NULL,NWB_A1_S33,NULL_FLARE_RED_NOISE,1,33,,,120,4336ffe242107726964b8b51c66378a90d2570cd732e2037b36e258fa25410b5,644cc68cf5a9549f053b883cca848e1c85425db9cc35ed509fc7c5016c2a9a43,f70a14bf6737e8dad0122b1c8f6cea75f7ba3607a2739544691c53d8be45e2f3,e0a16547827dfc4eec9f0c02c42db6b756cb63da3c23509af135c1cfad14b1d7,,40498eb7bca74b1f5787f065866cc8bcfb6b95b4769d6e55e64436439dd24e03,True,1.0205013742233473,0.071460132350270669,0.98575021006744468,1.5011360728065206,OK,
NWP_A1_S33_P050,NWB_A1_S33,STATIONARY_QPP_PRESENT,1,33,50,0.040000000000000001,120,4336ffe242107726964b8b51c66378a90d2570cd732e2037b36e258fa25410b5,644cc68cf5a9549f053b883cca848e1c85425db9cc35ed509fc7c5016c2a9a43,f70a14bf6737e8dad0122b1c8f6cea75f7ba3607a2739544691c53d8be45e2f3,e0a16547827dfc4eec9f0c02c42db6b756cb63da3c23509af135c1cfad14b1d7,0ec720a79f4c1e7f9ca16d8b01f5034b2984516c8316a5be8b4198aa30c8530b,80b0f12d564b42738c305e3cf3d888a580c3f63ceaf262cf41b87639ab793fbe,True,1.020434354343424,0.070822237758796688,0.98575021006747732,1.4851347953444953,OK,
NWP_A1_S33_P080,NWB_A1_S33,STATIONARY_QPP_PRESENT,1,33,80,0.040000000000000001,120,4336ffe242107726964b8b51c66378a90d2570cd732e2037b36e258fa25410b5,644cc68cf5a9549f053b883cca848e1c85425db9cc35ed509fc7c5016c2a9a43,f70a14bf6737e8dad0122b1c8f6cea75f7ba3607a2739544691c53d8be45e2f3,e0a16547827dfc4eec9f0c02c42db6b756cb63da3c23509af135c1cfad14b1d7,61a7881753b3c413cb342f3832494f3e4edb115e16238094bed0d31ac0d39c2f,639a77a97e41504b5636b73badbf555170d9825a4d669070a61b3ea6170d1ab7,True,1.0203905557120518,0.070536516687849549,0.98575021006747066,1.4851347953444953,OK,
NWP_A1_S34_NULL,NWB_A1_S34,NULL_FLARE_RED_NOISE,1,34,,,120,4336ffe242107726964b8b51c66378a90d2570cd732e2037b36e258fa25410b5,644cc68cf5a9549f053b883cca848e1c85425db9cc35ed509fc7c5016c2a9a43,f9cd9747fa12dcbdd31cac3916f692f9e1605a1c8c7bd6d8c0ab7e26daf78d64,7f2d1cdb48cc08d0e864c6b2cb80af948b00478d8ec894a50b230f14fae95e43,,f3a9c0a8dd54839b59022074bdb67b83f870a34e712f7d31990e8529f3610dbc,True,1.0205013742233473,0.071860350478127402,0.98163059380701034,1.4964167721878805,OK,
NWP_A1_S34_P050,NWB_A1_S34,STATIONARY_QPP_PRESENT,1,34,50,0.040000000000000001,120,4336ffe242107726964b8b51c66378a90d2570cd732e2037b36e258fa25410b5,644cc68cf5a9549f053b883cca848e1c85425db9cc35ed509fc7c5016c2a9a43,f9cd9747fa12dcbdd31cac3916f692f9e1605a1c8c7bd6d8c0ab7e26daf78d64,7f2d1cdb48cc08d0e864c6b2cb80af948b00478d8ec894a50b230f14fae95e43,0c9e10deaeca0621b2a77a911e48eec662f3b1fa7b296914f329cf80938bc407,8f9d417d50582b0c1200b85652678ad3b19e78021d5c08532bb1a792d8b55c8b,True,1.0205743920870585,0.072579921664257196,0.98163054305851138,1.5148685312292229,OK,
NWP_A1_S34_P080,NWB_A1_S34,STATIONARY_QPP_PRESENT,1,34,80,0.040000000000000001,120,4336ffe242107726964b8b51c66378a90d2570cd732e2037b36e258fa25410b5,644cc68cf5a9549f053b883cca848e1c85425db9cc35ed509fc7c5016c2a9a43,f9cd9747fa12dcbdd31cac3916f692f9e1605a1c8c7bd6d8c0ab7e26daf78d64,7f2d1cdb48cc08d0e864c6b2cb80af948b00478d8ec894a50b230f14fae95e43,5d553f1b638e4ae92719032f399814000e61cb9b17fcefcf1376222c397b5d1c,2d83fbbef8dea50b7badcb271fcd4bbbe40866030e6aa33b5a9e1b265aa9c671,True,1.0206126809714517,0.072816750530723062,0.98163054569521335,1.5148685312292229,OK,
NWP_A1_S35_NULL,NWB_A1_S35,NULL_FLARE_RED_NOISE,1,35,,,120,4336ffe242107726964b8b51c66378a90d2570cd732e2037b36e258fa25410b5,644cc68cf5a9549f053b883cca848e1c85425db9cc35ed509fc7c5016c2a9a43,26dc1e108d3fcd2bd493f96cc7b6ba5edf3e4812cfa831ebdac28639dec33c12,5c294f6b9a90c95079aef3b15a315e6f39e2938789a205defe7103b1c28ad8c5,,9cc209d8ec49cb1cad44d8f80110c085937135f8770966d32d7b98d3df1c63cb,True,1.0205013742233473,0.072096755298083084,0.98716861383224064,1.4927377120425638,OK,
NWP_A1_S35_P050,NWB_A1_S35,STATIONARY_QPP_PRESENT,1,35,50,0.040000000000000001,120,4336ffe242107726964b8b51c66378a90d2570cd732e2037b36e258fa25410b5,644cc68cf5a9549f053b883cca848e1c85425db9cc35ed509fc7c5016c2a9a43,26dc1e108d3fcd2bd493f96cc7b6ba5edf3e4812cfa831ebdac28639dec33c12,5c294f6b9a90c95079aef3b15a315e6f39e2938789a205defe7103b1c28ad8c5,6d45e9db57b410a2a7b42d3012a9f9910ef4de938a48ee4674b43ff46901747d,eb13e250315ea379fdf13dd7f11596e9d361e2edcc69c7a96162e9fdcb9288fa,True,1.0204268453925986,0.071445347678704071,0.98716851913644521,1.4729225929979908,OK,
NWP_A1_S35_P080,NWB_A1_S35,STATIONARY_QPP_PRESENT,1,35,80,0.040000000000000001,120,4336ffe242107726964b8b51c66378a90d2570cd732e2037b36e258fa25410b5,644cc68cf5a9549f053b883cca848e1c85425db9cc35ed509fc7c5016c2a9a43,26dc1e108d3fcd2bd493f96cc7b6ba5edf3e4812cfa831ebdac28639dec33c12,5c294f6b9a90c95079aef3b15a315e6f39e2938789a205defe7103b1c28ad8c5,c2046b5ae08409ec0e651c69f0114204779f1fe3f0d1203d68341c0ae21c20ed,49ccee58bf4bd7876167d99a05e3ee3007c4359f35d903aaf92a10c51a89790b,True,1.0203968520529345,0.071275146958415039,0.98716839824096692,1.4729225929979908,OK,
NWP_A1_S36_NULL,NWB_A1_S36,NULL_FLARE_RED_NOISE,1,36,,,120,4336ffe242107726964b8b51c66378a90d2570cd732e2037b36e258fa25410b5,644cc68cf5a9549f053b883cca848e1c85425db9cc35ed509fc7c5016c2a9a43,c065184e3d62d459cd16f2835d5cee6f2b441e409ab5e27783bbe6932b3fc993,037cf7a5eae7c7f78a101fc42de2cc88960dd19b3de0101d97f2c9157bba8737,,28228b933755d3315c54c13079b8e43bbc8474f63fc04d54c4f648c070dff4ca,True,1.0205013742233473,0.071005753804974772,0.98658490642282293,1.498905104911459,OK,
NWP_A1_S36_P050,NWB_A1_S36,STATIONARY_QPP_PRESENT,1,36,50,0.040000000000000001,120,4336ffe242107726964b8b51c66378a90d2570cd732e2037b36e258fa25410b5,644cc68cf5a9549f053b883cca848e1c85425db9cc35ed509fc7c5016c2a9a43,c065184e3d62d459cd16f2835d5cee6f2b441e409ab5e27783bbe6932b3fc993,037cf7a5eae7c7f78a101fc42de2cc88960dd19b3de0101d97f2c9157bba8737,ea4ba2558d3ef719a5de8b58a6c0e19d7d27090abbcb319b6d42dbca9fb0abef,0a7278390d0fd31a64f70c010dd54c1470f22d88bfd1348ad9ddf86a8431facf,True,1.020502757398158,0.071066238286966968,0.98658496500555293,1.4955341041292072,OK,
NWP_A1_S36_P080,NWB_A1_S36,STATIONARY_QPP_PRESENT,1,36,80,0.040000000000000001,120,4336ffe242107726964b8b51c66378a90d2570cd732e2037b36e258fa25410b5,644cc68cf5a9549f053b883cca848e1c85425db9cc35ed509fc7c5016c2a9a43,c065184e3d62d459cd16f2835d5cee6f2b441e409ab5e27783bbe6932b3fc993,037cf7a5eae7c7f78a101fc42de2cc88960dd19b3de0101d97f2c9157bba8737,b9227ab70012bb3cc025f61f81c70faa151f3fbcd25170c9c2b375331121cf82,8306286065bddabef739ceb7e7f0e105fd79806c0fcec2a129a343874168d94c,True,1.0205379304345294,0.071348655101228883,0.98658497164404979,1.4955341041292072,OK,
NWP_A1_S37_NULL,NWB_A1_S37,NULL_FLARE_RED_NOISE,1,37,,,120,4336ffe242107726964b8b51c66378a90d2570cd732e2037b36e258fa25410b5,644cc68cf5a9549f053b883cca848e1c85425db9cc35ed509fc7c5016c2a9a43,aa55c1dc3ba9a38495f7ebdf24632c240f1273890926375cff5e669c13335a2c,1b2f81c4ce8ec9b35da98d3086bad862255c280fbcf6593564a25fb96f05927a,,a75bfec7f3a308c1adf6e81d71d11c900717765deafeee8c0b7ef7a01ce051cc,True,1.0205013742233473,0.071414437976055567,0.99052389113757167,1.4966909798249308,OK,
NWP_A1_S37_P050,NWB_A1_S37,STATIONARY_QPP_PRESENT,1,37,50,0.040000000000000001,120,4336ffe242107726964b8b51c66378a90d2570cd732e2037b36e258fa25410b5,644cc68cf5a9549f053b883cca848e1c85425db9cc35ed509fc7c5016c2a9a43,aa55c1dc3ba9a38495f7ebdf24632c240f1273890926375cff5e669c13335a2c,1b2f81c4ce8ec9b35da98d3086bad862255c280fbcf6593564a25fb96f05927a,3a8f62629d32e854efd06b28b316663c6ad6af9a96e9c83f5e5f18b75bd5ae73,80173fc3548c92842e5d8ba2a2fe7957f18911b6e7422f701905e0832aba5da4,True,1.0205677400801023,0.072077141762140695,0.99051285457843841,1.5124548547281615,OK,
NWP_A1_S37_P080,NWB_A1_S37,STATIONARY_QPP_PRESENT,1,37,80,0.040000000000000001,120,4336ffe242107726964b8b51c66378a90d2570cd732e2037b36e258fa25410b5,644cc68cf5a9549f053b883cca848e1c85425db9cc35ed509fc7c5016c2a9a43,aa55c1dc3ba9a38495f7ebdf24632c240f1273890926375cff5e669c13335a2c,1b2f81c4ce8ec9b35da98d3086bad862255c280fbcf6593564a25fb96f05927a,a231caa1b22780e6b0d9e619be8e8984d82f6ebd0abb6f6a6154bca4e12df174,d534035a7ef9c61ac3a67a379d8d078d455e9dbfc1e265ae160588241dd70068,True,1.0206118635917898,0.072374274937854172,0.99050401584300329,1.5124548547281615,OK,
NWP_A1_S38_NULL,NWB_A1_S38,NULL_FLARE_RED_NOISE,1,38,,,120,4336ffe242107726964b8b51c66378a90d2570cd732e2037b36e258fa25410b5,644cc68cf5a9549f053b883cca848e1c85425db9cc35ed509fc7c5016c2a9a43,19cd0aef4938ec800fd4b85f87a5de46cd5b65bbe66c90bd89b74beb4968b293,f8786efd7015d18cbd070fb5f162b90ebc03ac001bf1a0752f047364137cfd92,,c22d0546780c3ee05774e2e0c29945fa5fe0935e451d7f765d3cbbb3aab3cc01,True,1.0205013742233473,0.072942145160438565,0.9880667642988411,1.5045588887917754,OK,
NWP_A1_S38_P050,NWB_A1_S38,STATIONARY_QPP_PRESENT,1,38,50,0.040000000000000001,120,4336ffe242107726964b8b51c66378a90d2570cd732e2037b36e258fa25410b5,644cc68cf5a9549f053b883cca848e1c85425db9cc35ed509fc7c5016c2a9a43,19cd0aef4938ec800fd4b85f87a5de46cd5b65bbe66c90bd89b74beb4968b293,f8786efd7015d18cbd070fb5f162b90ebc03ac001bf1a0752f047364137cfd92,79c2ed0866adf5b96afcf4e756f4548d1db44257d8ca5d452daa85d2b8840fb0,696b1d16d8f9bee7ae78295dc9f4020987e7d19bfeb4383a6de0b9964cbb4482,True,1.0205696270366675,0.073603728867761078,0.98806554966868976,1.5240391233910719,OK,
NWP_A1_S38_P080,NWB_A1_S38,STATIONARY_QPP_PRESENT,1,38,80,0.040000000000000001,120,4336ffe242107726964b8b51c66378a90d2570cd732e2037b36e258fa25410b5,644cc68cf5a9549f053b883cca848e1c85425db9cc35ed509fc7c5016c2a9a43,19cd0aef4938ec800fd4b85f87a5de46cd5b65bbe66c90bd89b74beb4968b293,f8786efd7015d18cbd070fb5f162b90ebc03ac001bf1a0752f047364137cfd92,b252068faad5a1dee33e5f4a017fa116e56e74a33b344a9676bc8398a5f8d5d8,179d2abc83d75883b858123bb6db973e01783c242f35950a55e42b9e9362e780,True,1.0205847458760293,0.073657639341617481,0.98806718440502139,1.5240391233910719,OK,
NWP_A1_S39_NULL,NWB_A1_S39,NULL_FLARE_RED_NOISE,1,39,,,120,4336ffe242107726964b8b51c66378a90d2570cd732e2037b36e258fa25410b5,644cc68cf5a9549f053b883cca848e1c85425db9cc35ed509fc7c5016c2a9a43,6250b961247beea3695acf286789eab776f5349936b39cc1eae8a1e57647db88,867b45dca2caa0e2af2742e29e9f6ac8631359c63cc9a6bdf7cd294390f36f8b,,43d32de3659787efa53c7e91fb1f738cdfa71882918b0766c6df1a5a4fc6940b,True,1.0205013742233473,0.070794000819407746,0.99040679751565297,1.4988965638455234,OK,
NWP_A1_S39_P050,NWB_A1_S39,STATIONARY_QPP_PRESENT,1,39,50,0.040000000000000001,120,4336ffe242107726964b8b51c66378a90d2570cd732e2037b36e258fa25410b5,644cc68cf5a9549f053b883cca848e1c85425db9cc35ed509fc7c5016c2a9a43,6250b961247beea3695acf286789eab776f5349936b39cc1eae8a1e57647db88,867b45dca2caa0e2af2742e29e9f6ac8631359c63cc9a6bdf7cd294390f36f8b,19432bb5adbbf79593762508205fa038cb2a5bd0c948069bab7a813f66ceaed9,46227bf84248c96cec811cc81439d55d2b0dac04bfc490914e05ac0bd354a58f,True,1.0204597735975349,0.070448932185938312,0.99040679751567295,1.4848425892012196,OK,
NWP_A1_S39_P080,NWB_A1_S39,STATIONARY_QPP_PRESENT,1,39,80,0.040000000000000001,120,4336ffe242107726964b8b51c66378a90d2570cd732e2037b36e258fa25410b5,644cc68cf5a9549f053b883cca848e1c85425db9cc35ed509fc7c5016c2a9a43,6250b961247beea3695acf286789eab776f5349936b39cc1eae8a1e57647db88,867b45dca2caa0e2af2742e29e9f6ac8631359c63cc9a6bdf7cd294390f36f8b,8df4335398367a6d3fc3560e67609ed1c2df5627cc1e8ea1b4bf6e4c24ca34c5,8b326b513157d5e0f1027657cd7961a5d53c14efb2c14057552bcf989bb398cc,True,1.020470748500063,0.070588250836646368,0.99040679751563876,1.4848425892012196,OK,
NWP_A2_S00_NULL,NWB_A2_S00,NULL_FLARE_RED_NOISE,2,0,,,120,4336ffe242107726964b8b51c66378a90d2570cd732e2037b36e258fa25410b5,644cc68cf5a9549f053b883cca848e1c85425db9cc35ed509fc7c5016c2a9a43,fdcbd7b9d75d23d50bee5ff9f4c91bbdb649f1955b067418e7b23dae42468097,addfac3f89c796ad8b7736f8dd71017cf60be81c4657e4b94ee77c69abf70d62,,1a6746108745cc3fbf285365bb22b02922540b3d9eff9995c3be7b7000e20b10,True,1.0205013742233473,0.072195334697493285,0.98719328434807618,1.4993634128374504,OK,
NWP_A2_S00_P050,NWB_A2_S00,STATIONARY_QPP_PRESENT,2,0,50,0.040000000000000001,120,4336ffe242107726964b8b51c66378a90d2570cd732e2037b36e258fa25410b5,644cc68cf5a9549f053b883cca848e1c85425db9cc35ed509fc7c5016c2a9a43,fdcbd7b9d75d23d50bee5ff9f4c91bbdb649f1955b067418e7b23dae42468097,addfac3f89c796ad8b7736f8dd71017cf60be81c4657e4b94ee77c69abf70d62,ddcf4cefa024fdea89e3ac8853bbb310bd5cfaa5e63d63105f2171d5b0ea440d,5fca7db25c5bb30ecf7121ae3cf3b29aee82afbeaa98d0ead4ea92ec4f1ba1d0,True,1.0204766089933286,0.071961813146405082,0.9871932843482305,1.4963674373445466,OK,
NWP_A2_S00_P080,NWB_A2_S00,STATIONARY_QPP_PRESENT,2,0,80,0.040000000000000001,120,4336ffe242107726964b8b51c66378a90d2570cd732e2037b36e258fa25410b5,644cc68cf5a9549f053b883cca848e1c85425db9cc35ed509fc7c5016c2a9a43,fdcbd7b9d75d23d50bee5ff9f4c91bbdb649f1955b067418e7b23dae42468097,addfac3f89c796ad8b7736f8dd71017cf60be81c4657e4b94ee77c69abf70d62,4fde4ae233e3a63aa404cc9f3ddb38a8d247d3c0bc2f487cff1ca17c983f145f,e46ca6b6575355ed994cce8e1c5d06bcf1d10056e6c8fff49fdddd9226d628a5,True,1.0204334181198671,0.071624793533533682,0.98719328434824671,1.4963674373445466,OK,
NWP_A2_S01_NULL,NWB_A2_S01,NULL_FLARE_RED_NOISE,2,1,,,120,4336ffe242107726964b8b51c66378a90d2570cd732e2037b36e258fa25410b5,644cc68cf5a9549f053b883cca848e1c85425db9cc35ed509fc7c5016c2a9a43,2d7f08cbc17cb23cfe791b120909f633f028b5c046f334e739ef03c0512a4f05,816ccc015b2f82cdcf6dd223cf7463f122a73924139d623e419e6d30ae12f5f0,,5e9eee88979653c1669f8ba0bbe380f1f2feef320cd84fd3db890ae8979ce88a,True,1.0205013742233473,0.070122895355875126,0.99260655031043088,1.4919951297733736,OK,
NWP_A2_S01_P050,NWB_A2_S01,STATIONARY_QPP_PRESENT,2,1,50,0.040000000000000001,120,4336ffe242107726964b8b51c66378a90d2570cd732e2037b36e258fa25410b5,644cc68cf5a9549f053b883cca848e1c85425db9cc35ed509fc7c5016c2a9a43,2d7f08cbc17cb23cfe791b120909f633f028b5c046f334e739ef03c0512a4f05,816ccc015b2f82cdcf6dd223cf7463f122a73924139d623e419e6d30ae12f5f0,214331b23cfe08148e8c2ef4944a790effbb9768038345ddfb6397bda4eec48d,592d7094ced52081750c95b769cebefdd4fefc9712a0f0816f79478c358cb2a2,True,1.020494319883976,0.070053355265455641,0.99260655031028633,1.4938569655530642,OK,
NWP_A2_S01_P080,NWB_A2_S01,STATIONARY_QPP_PRESENT,2,1,80,0.040000000000000001,120,4336ffe242107726964b8b51c66378a90d2570cd732e2037b36e258fa25410b5,644cc68cf5a9549f053b883cca848e1c85425db9cc35ed509fc7c5016c2a9a43,2d7f08cbc17cb23cfe791b120909f633f028b5c046f334e739ef03c0512a4f05,816ccc015b2f82cdcf6dd223cf7463f122a73924139d623e419e6d30ae12f5f0,d538ec0d734b899553647ae685b1153908262f75899c0df89bf2206f09efd36b,f65a1e52fcad6fa79aaa91a26160360ebc5fb4b53898b257994d04efb8ed9ea8,True,1.0204568771571632,0.069741900895712625,0.99260655031041045,1.4938569655530642,OK,
NWP_A2_S02_NULL,NWB_A2_S02,NULL_FLARE_RED_NOISE,2,2,,,120,4336ffe242107726964b8b51c66378a90d2570cd732e2037b36e258fa25410b5,644cc68cf5a9549f053b883cca848e1c85425db9cc35ed509fc7c5016c2a9a43,a97b7afa2b6d95a65ff6d1e98d1dcc6c375d185c00fe95b9cd4376c7b5940691,2d73f15372f689a9e360aba9178c7887fecb47ac7bd7c283f11815fac07b3912,,c37590be164a99f960388e77377c20ce583b36c9b1cb9122b4247ce3735bdb4e,True,1.0205013742233473,0.074522880381507811,0.99095340452449432,1.5074779131253009,OK,
NWP_A2_S02_P050,NWB_A2_S02,STATIONARY_QPP_PRESENT,2,2,50,0.040000000000000001,120,4336ffe242107726964b8b51c66378a90d2570cd732e2037b36e258fa25410b5,644cc68cf5a9549f053b883cca848e1c85425db9cc35ed509fc7c5016c2a9a43,a97b7afa2b6d95a65ff6d1e98d1dcc6c375d185c00fe95b9cd4376c7b5940691,2d73f15372f689a9e360aba9178c7887fecb47ac7bd7c283f11815fac07b3912,c45cd673104370c9a9e4911dd72b72e0d5b5117215b4f731afacaaa62d26321a,ad27668c7bf399288f27a5d8f84233cf29efd62399642d1338f70eae341a9fa9,True,1.0204771770241521,0.074297600526249799,0.99095340447465952,1.5046413604554292,OK,
NWP_A2_S02_P080,NWB_A2_S02,STATIONARY_QPP_PRESENT,2,2,80,0.040000000000000001,120,4336ffe242107726964b8b51c66378a90d2570cd732e2037b36e258fa25410b5,644cc68cf5a9549f053b883cca848e1c85425db9cc35ed509fc7c5016c2a9a43,a97b7afa2b6d95a65ff6d1e98d1dcc6c375d185c00fe95b9cd4376c7b5940691,2d73f15372f689a9e360aba9178c7887fecb47ac7bd7c283f11815fac07b3912,712caa85b233526efd4543d4ed575b16b2596ddcc4cf95459ca5ab2a433badc7,be6dd89988331c084f27dde3eea7c20f273b5ade6a9dfefa2cfaf9ba3c18c508,True,1.0204341369800685,0.073971304660464268,0.99095340487231787,1.5046413604554292,OK,
NWP_A2_S03_NULL,NWB_A2_S03,NULL_FLARE_RED_NOISE,2,3,,,120,4336ffe242107726964b8b51c66378a90d2570cd732e2037b36e258fa25410b5,644cc68cf5a9549f053b883cca848e1c85425db9cc35ed509fc7c5016c2a9a43,96ac5850b2649cd22a581f0ff01706c45dee82f3f40dd218a47b79330152855d,3eee500c4daf4cb92adc5c1eb30e575171fdf2fde2e93ee372f6794bb050ce4c,,a9aa3cfeda00c4a3496be81bae315f1a690d151becdab898f33878f76cec7559,True,1.0205013742233473,0.073937623403179636,0.9874493502084235,1.5109354862090467,OK,
NWP_A2_S03_P050,NWB_A2_S03,STATIONARY_QPP_PRESENT,2,3,50,0.040000000000000001,120,4336ffe242107726964b8b51c66378a90d2570cd732e2037b36e258fa25410b5,644cc68cf5a9549f053b883cca848e1c85425db9cc35ed509fc7c5016c2a9a43,96ac5850b2649cd22a581f0ff01706c45dee82f3f40dd218a47b79330152855d,3eee500c4daf4cb92adc5c1eb30e575171fdf2fde2e93ee372f6794bb050ce4c,8ccdf2cca5b2343c4801c22daeddbb17eff3cda675746d7b8fceb9f8ccbd2946,7d9607de798a69289c3541a16da00caf7acc8956aa0ffa77534d1ef27b2946aa,True,1.0205621380061951,0.074539619439487559,0.98744935020832647,1.5247642227134512,OK,
NWP_A2_S03_P080,NWB_A2_S03,STATIONARY_QPP_PRESENT,2,3,80,0.040000000000000001,120,4336ffe242107726964b8b51c66378a90d2570cd732e2037b36e258fa25410b5,644cc68cf5a9549f053b883cca848e1c85425db9cc35ed509fc7c5016c2a9a43,96ac5850b2649cd22a581f0ff01706c45dee82f3f40dd218a47b79330152855d,3eee500c4daf4cb92adc5c1eb30e575171fdf2fde2e93ee372f6794bb050ce4c,031077cc377059290b03c04e4c0a6a60a78694fcf4cd164dd56ca6071aad7a97,bbda556e85ec3b105b388f5e4286681ef48b8d2a4df51d458750ad39cba1ad38,True,1.0206081337205803,0.074864215994966413,0.98744935020894353,1.5247642227134512,OK,
NWP_A2_S04_NULL,NWB_A2_S04,NULL_FLARE_RED_NOISE,2,4,,,120,4336ffe242107726964b8b51c66378a90d2570cd732e2037b36e258fa25410b5,644cc68cf5a9549f053b883cca848e1c85425db9cc35ed509fc7c5016c2a9a43,3c6051a22821a3c79864ef2ff9574fdf28706f7f8cdd725d5ae76d76a18eb36f,257133b132ae4856f0990b9e44af80f930b913608800bbd8a72fdd345c2f34e6,,f476a362b871245aca3ff6ee38d44de799464650687c03a50e22e5ca2d81229e,True,1.0205013742233473,0.072271306900868262,0.99077994291293792,1.4963635641951341,OK,
NWP_A2_S04_P050,NWB_A2_S04,STATIONARY_QPP_PRESENT,2,4,50,0.040000000000000001,120,4336ffe242107726964b8b51c66378a90d2570cd732e2037b36e258fa25410b5,644cc68cf5a9549f053b883cca848e1c85425db9cc35ed509fc7c5016c2a9a43,3c6051a22821a3c79864ef2ff9574fdf28706f7f8cdd725d5ae76d76a18eb36f,257133b132ae4856f0990b9e44af80f930b913608800bbd8a72fdd345c2f34e6,e1650218a439f4da8bf59d2fccd8d14a5734d8eeb57c4ba2abafd625e0def8e6,a524bd144b2f0b66e25676f202aaa2b6654f0a3eeb92f844d1839d4dd9f4fda4,True,1.0205503836610286,0.072745620037888079,0.99077994291057203,1.5120838898520621,OK,
NWP_A2_S04_P080,NWB_A2_S04,STATIONARY_QPP_PRESENT,2,4,80,0.040000000000000001,120,4336ffe242107726964b8b51c66378a90d2570cd732e2037b36e258fa25410b5,644cc68cf5a9549f053b883cca848e1c85425db9cc35ed509fc7c5016c2a9a43,3c6051a22821a3c79864ef2ff9574fdf28706f7f8cdd725d5ae76d76a18eb36f,257133b132ae4856f0990b9e44af80f930b913608800bbd8a72fdd345c2f34e6,05b1642002c885f7e502196ca1a282229a0d2e0b819c9d9a91c6e135ef12f6c1,994a0de027ea0a83e406443260b90442976e1c7cb1fff28e527f0e6bedb9bb8d,True,1.0205451998858979,0.072642399848592415,0.99077994291479887,1.5120838898520621,OK,
NWP_A2_S05_NULL,NWB_A2_S05,NULL_FLARE_RED_NOISE,2,5,,,120,4336ffe242107726964b8b51c66378a90d2570cd732e2037b36e258fa25410b5,644cc68cf5a9549f053b883cca848e1c85425db9cc35ed509fc7c5016c2a9a43,1c383e1f019128456951f159f0eed036e5353c3e9ead53a2400f9cd1a97c0fc5,0ed211a072ff2d5f7410c2ba2206021608771ea24e7ca36c620f59e1b6f4b5f2,,5e27ffc3e35019e0861b7e301b7d6452b99abdc1c5bd0fd4b02fe1d7ace7b535,True,1.0205013742233473,0.072988193008322808,0.98969047859431314,1.5022791572443526,OK,
NWP_A2_S05_P050,NWB_A2_S05,STATIONARY_QPP_PRESENT,2,5,50,0.040000000000000001,120,4336ffe242107726964b8b51c66378a90d2570cd732e2037b36e258fa25410b5,644cc68cf5a9549f053b883cca848e1c85425db9cc35ed509fc7c5016c2a9a43,1c383e1f019128456951f159f0eed036e5353c3e9ead53a2400f9cd1a97c0fc5,0ed211a072ff2d5f7410c2ba2206021608771ea24e7ca36c620f59e1b6f4b5f2,226f70232b1739d2ad6c11016c4667467890397626840b7b37268f3494259053,aff4a4e6eec65f57eb06eb762da24498a0c9469ac4ecb7f3affdc7702bdfbe62,True,1.0205108153484523,0.07312720119643222,0.98969047859425741,1.5010589914482988,OK,
NWP_A2_S05_P080,NWB_A2_S05,STATIONARY_QPP_PRESENT,2,5,80,0.040000000000000001,120,4336ffe242107726964b8b51c66378a90d2570cd732e2037b36e258fa25410b5,644cc68cf5a9549f053b883cca848e1c85425db9cc35ed509fc7c5016c2a9a43,1c383e1f019128456951f159f0eed036e5353c3e9ead53a2400f9cd1a97c0fc5,0ed211a072ff2d5f7410c2ba2206021608771ea24e7ca36c620f59e1b6f4b5f2,b9b2acd012468dc2346b9eded68bbfa14600906ad7480e802ec1031e7d6e4823,db95b365aebfb124982e982595cc7194135e2aee708c03cf6845775aaa6984d9,True,1.0205491529593651,0.073436656263467195,0.98969047859425741,1.5010589914482988,OK,
NWP_A2_S06_NULL,NWB_A2_S06,NULL_FLARE_RED_NOISE,2,6,,,120,4336ffe242107726964b8b51c66378a90d2570cd732e2037b36e258fa25410b5,644cc68cf5a9549f053b883cca848e1c85425db9cc35ed509fc7c5016c2a9a43,f41b92113f7493c3a2fb4a282090625346b5169bdc99fb5ed65cf6ddd560be14,3c6a290503af70ae805cbea84b94a15ff20ec9f8a5fdca3cdb1caf8bad99fcb4,,ef92549ed4741d56f910b7971088d96c496f7636d4da9d02a692baf9b874d369,True,1.0205013742233473,0.073527877840857736,0.99280852979779965,1.5030152347368892,OK,
NWP_A2_S06_P050,NWB_A2_S06,STATIONARY_QPP_PRESENT,2,6,50,0.040000000000000001,120,4336ffe242107726964b8b51c66378a90d2570cd732e2037b36e258fa25410b5,644cc68cf5a9549f053b883cca848e1c85425db9cc35ed509fc7c5016c2a9a43,f41b92113f7493c3a2fb4a282090625346b5169bdc99fb5ed65cf6ddd560be14,3c6a290503af70ae805cbea84b94a15ff20ec9f8a5fdca3cdb1caf8bad99fcb4,558ac5cf1fc85e8ff218ef677523e1288d6f2a90f9c4479811166dd2c7f564c0,b205849d026febaddc6ae769d50dbb0a3e02b5dbf5befd6874a6d6a63bcf9a9d,True,1.0205590559444191,0.074085810551674486,0.99280852867045633,1.5205718359282911,OK,
NWP_A2_S06_P080,NWB_A2_S06,STATIONARY_QPP_PRESENT,2,6,80,0.040000000000000001,120,4336ffe242107726964b8b51c66378a90d2570cd732e2037b36e258fa25410b5,644cc68cf5a9549f053b883cca848e1c85425db9cc35ed509fc7c5016c2a9a43,f41b92113f7493c3a2fb4a282090625346b5169bdc99fb5ed65cf6ddd560be14,3c6a290503af70ae805cbea84b94a15ff20ec9f8a5fdca3cdb1caf8bad99fcb4,79d9564483bf03371ebead4237178f2a5117b0625c88e370b8b6e0114f12aa3c,10e0205e25f2fe9980d9355b08e945044d788a304dc668ced6ff9099c90e3898,True,1.0205617087036987,0.074038639254522171,0.99280853272817382,1.5205718359282911,OK,
NWP_A2_S07_NULL,NWB_A2_S07,NULL_FLARE_RED_NOISE,2,7,,,120,4336ffe242107726964b8b51c66378a90d2570cd732e2037b36e258fa25410b5,644cc68cf5a9549f053b883cca848e1c85425db9cc35ed509fc7c5016c2a9a43,c47124e66dee73c52e83f18163eb3d51616585433d9dd0cd95299afc73afb82e,284e2ae678b4442575f95d127fc270edb1b52817d785f2a0ff0c78b769a76d82,,5233b79d36993ada2b512abcfd7a2b550b5b8d6a8707a6f011e78e183a619b0b,True,1.0205013742233473,0.07296815359769479,0.99029266946799321,1.5023451839109514,OK,
NWP_A2_S07_P050,NWB_A2_S07,STATIONARY_QPP_PRESENT,2,7,50,0.040000000000000001,120,4336ffe242107726964b8b51c66378a90d2570cd732e2037b36e258fa25410b5,644cc68cf5a9549f053b883cca848e1c85425db9cc35ed509fc7c5016c2a9a43,c47124e66dee73c52e83f18163eb3d51616585433d9dd0cd95299afc73afb82e,284e2ae678b4442575f95d127fc270edb1b52817d785f2a0ff0c78b769a76d82,28131e7e405686fe692f0fd236004b43145f66c1e7b5291f603d36ee9f09af29,397489996004ea890f8305d44423a5ed0b0b076b2b2cd5dd5ecc11803a2f8b43,True,1.0204841316361521,0.072860132116885537,0.99031154757279483,1.4941709105150551,OK,
NWP_A2_S07_P080,NWB_A2_S07,STATIONARY_QPP_PRESENT,2,7,80,0.040000000000000001,120,4336ffe242107726964b8b51c66378a90d2570cd732e2037b36e258fa25410b5,644cc68cf5a9549f053b883cca848e1c85425db9cc35ed509fc7c5016c2a9a43,c47124e66dee73c52e83f18163eb3d51616585433d9dd0cd95299afc73afb82e,284e2ae678b4442575f95d127fc270edb1b52817d785f2a0ff0c78b769a76d82,daa1614be59ba8faf25321ca12221ab959d1ad9af65e848be591d346a655fb7b,b43c864e8040bac432695460d14fccfc368285c2267e7823e630f74f3acbcbd2,True,1.0205104312802045,0.073092087356731575,0.9902822666113682,1.4941709105150551,OK,
NWP_A2_S08_NULL,NWB_A2_S08,NULL_FLARE_RED_NOISE,2,8,,,120,4336ffe242107726964b8b51c66378a90d2570cd732e2037b36e258fa25410b5,644cc68cf5a9549f053b883cca848e1c85425db9cc35ed509fc7c5016c2a9a43,64e3c74ee101552938513921b3e5af0faa2efb0349b9774713b17b3747a77ad7,878cb5a0de11c6162222d0bf52a64fdb2a92101f50dfd9f686829fdb90db726c,,7987788f38b36c85aaa7fa7c35adef28d7d3d9d075211a827505b72e015ae16f,True,1.0205013742233473,0.06965183419441702,0.98991358609274205,1.4872689954758507,OK,
NWP_A2_S08_P050,NWB_A2_S08,STATIONARY_QPP_PRESENT,2,8,50,0.040000000000000001,120,4336ffe242107726964b8b51c66378a90d2570cd732e2037b36e258fa25410b5,644cc68cf5a9549f053b883cca848e1c85425db9cc35ed509fc7c5016c2a9a43,64e3c74ee101552938513921b3e5af0faa2efb0349b9774713b17b3747a77ad7,878cb5a0de11c6162222d0bf52a64fdb2a92101f50dfd9f686829fdb90db726c,6ac79221129034bf9df7d1a2c7ab448aa38d9da17059b5e2f8c12b3db3bf5c28,89315dc7c542d9b0e51574f2f74b5b1b7258a007e58cfb0f1012c5479d65276f,True,1.0204327465687892,0.069047418586631784,0.98991358609265478,1.4677332375202747,OK,
NWP_A2_S08_P080,NWB_A2_S08,STATIONARY_QPP_PRESENT,2,8,80,0.040000000000000001,120,4336ffe242107726964b8b51c66378a90d2570cd732e2037b36e258fa25410b5,644cc68cf5a9549f053b883cca848e1c85425db9cc35ed509fc7c5016c2a9a43,64e3c74ee101552938513921b3e5af0faa2efb0349b9774713b17b3747a77ad7,878cb5a0de11c6162222d0bf52a64fdb2a92101f50dfd9f686829fdb90db726c,8425f5ec0466de0a7a01866c90253e1fde725959a9898fc8530e11735d454b74,14603d6b2c61c216aed5842606dbb91fac60f9c7dbb70c27b86332f51bc99ef1,True,1.0204170682277558,0.068989213658085274,0.98991358609270519,1.4677332375202747,OK,
NWP_A2_S09_NULL,NWB_A2_S09,NULL_FLARE_RED_NOISE,2,9,,,120,4336ffe242107726964b8b51c66378a90d2570cd732e2037b36e258fa25410b5,644cc68cf5a9549f053b883cca848e1c85425db9cc35ed509fc7c5016c2a9a43,da312922a36f4c7105dcf18d0165764211a5cbe27cc132783837d8e9675bfae9,09c4a85690a66de0efb48dd11b139d5d38c5db330f7d684b168c4bf0af2bdb99,,3ba8529b8b7c0a06aa67b72bc279d20db345a52119425cff61b5b25b8fb3424e,True,1.0205013742233473,0.071369783798076403,0.99361346244316551,1.497206556629908,OK,
NWP_A2_S09_P050,NWB_A2_S09,STATIONARY_QPP_PRESENT,2,9,50,0.040000000000000001,120,4336ffe242107726964b8b51c66378a90d2570cd732e2037b36e258fa25410b5,644cc68cf5a9549f053b883cca848e1c85425db9cc35ed509fc7c5016c2a9a43,da312922a36f4c7105dcf18d0165764211a5cbe27cc132783837d8e9675bfae9,09c4a85690a66de0efb48dd11b139d5d38c5db330f7d684b168c4bf0af2bdb99,5db8f65b49600928dabe7c72a70e1dead3153ad7840a76bb9cabd021c1e05a26,679745968ddd8d0aedb6f8cdbb0d3dfd1c4581007bfed373e9bfc06492bcfcd7,True,1.0205748147571267,0.072098553361419238,0.99361345707931814,1.5158776077542055,OK,
NWP_A2_S09_P080,NWB_A2_S09,STATIONARY_QPP_PRESENT,2,9,80,0.040000000000000001,120,4336ffe242107726964b8b51c66378a90d2570cd732e2037b36e258fa25410b5,644cc68cf5a9549f053b883cca848e1c85425db9cc35ed509fc7c5016c2a9a43,da312922a36f4c7105dcf18d0165764211a5cbe27cc132783837d8e9675bfae9,09c4a85690a66de0efb48dd11b139d5d38c5db330f7d684b168c4bf0af2bdb99,8bef46bc4a39e40adf6fd1fde7856521de338ad3be45da5292d4c63352a0c743,3007b31670fcf406ea54e19c90e3b50cd06fea966def401b8b251530fc4b3ba2,True,1.0206122838246587,0.072333558036838191,0.99361346597367028,1.5158776077542055,OK,
NWP_A2_S10_NULL,NWB_A2_S10,NULL_FLARE_RED_NOISE,2,10,,,120,4336ffe242107726964b8b51c66378a90d2570cd732e2037b36e258fa25410b5,644cc68cf5a9549f053b883cca848e1c85425db9cc35ed509fc7c5016c2a9a43,2bffc2ced12881627accf4798d42f4d16a0d268150b855aa6465abd644f8eb85,e5fad565ffb08c0b494422e6be0364e0f65714894dc5a72c0e5d6cea45474e53,,d119d0808e7f84714c89d683cc8c929c40c3de019efb07f18774b9919e14602e,True,1.0205013742233473,0.070106009801503069,0.98574663336814694,1.4874383879309505,OK,
NWP_A2_S10_P050,NWB_A2_S10,STATIONARY_QPP_PRESENT,2,10,50,0.040000000000000001,120,4336ffe242107726964b8b51c66378a90d2570cd732e2037b36e258fa25410b5,644cc68cf5a9549f053b883cca848e1c85425db9cc35ed509fc7c5016c2a9a43,2bffc2ced12881627accf4798d42f4d16a0d268150b855aa6465abd644f8eb85,e5fad565ffb08c0b494422e6be0364e0f65714894dc5a72c0e5d6cea45474e53,2b938169c1c036dab2b74743c2f96d8c2827a4a1bc8b08acc508dd9f6d50c48e,45c929a5d183fcfd12bb17e2e672c0fff639a8754f4909697c57573103b68eec,True,1.020557105843573,0.070651531175407373,0.98574663336816892,1.5045957277901107,OK,
NWP_A2_S10_P080,NWB_A2_S10,STATIONARY_QPP_PRESENT,2,10,80,0.040000000000000001,120,4336ffe242107726964b8b51c66378a90d2570cd732e2037b36e258fa25410b5,644cc68cf5a9549f053b883cca848e1c85425db9cc35ed509fc7c5016c2a9a43,2bffc2ced12881627accf4798d42f4d16a0d268150b855aa6465abd644f8eb85,e5fad565ffb08c0b494422e6be0364e0f65714894dc5a72c0e5d6cea45474e53,a231fe6ac27667c6649539da0ced8bd869fe41ec82be3967e0f1ccb2b39d0915,b910c331183584a65715b7037cd44414ce32bc821492cba12ff63d35c3fde6b1,True,1.0205578700095923,0.070594268868384089,0.98574663336816004,1.5045957277901107,OK,
NWP_A2_S11_NULL,NWB_A2_S11,NULL_FLARE_RED_NOISE,2,11,,,120,4336ffe242107726964b8b51c66378a90d2570cd732e2037b36e258fa25410b5,644cc68cf5a9549f053b883cca848e1c85425db9cc35ed509fc7c5016c2a9a43,c4a097fb5807310a57e02ab9a7df3d382d96680cbc6550f65a70ad5a9c32ff96,af52436b79695a439a2025b95ef9e6cf8c07a69fdb16afbcf5dc0d9b3cfbe9a3,,33d30dac1e32265fc86f6c8edc0f40d148b824f05f0fc2b0a272140ad0de5100,True,1.0205013742233473,0.071341346136759284,0.99024528513858356,1.4976422918817698,OK,
NWP_A2_S11_P050,NWB_A2_S11,STATIONARY_QPP_PRESENT,2,11,50,0.040000000000000001,120,4336ffe242107726964b8b51c66378a90d2570cd732e2037b36e258fa25410b5,644cc68cf5a9549f053b883cca848e1c85425db9cc35ed509fc7c5016c2a9a43,c4a097fb5807310a57e02ab9a7df3d382d96680cbc6550f65a70ad5a9c32ff96,af52436b79695a439a2025b95ef9e6cf8c07a69fdb16afbcf5dc0d9b3cfbe9a3,b8b96f738f91bac0823b13fc3733edf8a5dc386318552a4c525f650e4d908b89,f6e4ba2040503419df2b33fd13ab4e324ee9387d55e1761e6daa3738d132a7ab,True,1.0204601623925629,0.070945437002344833,0.99024529869568656,1.4899067436503708,OK,
NWP_A2_S11_P080,NWB_A2_S11,STATIONARY_QPP_PRESENT,2,11,80,0.040000000000000001,120,4336ffe242107726964b8b51c66378a90d2570cd732e2037b36e258fa25410b5,644cc68cf5a9549f053b883cca848e1c85425db9cc35ed509fc7c5016c2a9a43,c4a097fb5807310a57e02ab9a7df3d382d96680cbc6550f65a70ad5a9c32ff96,af52436b79695a439a2025b95ef9e6cf8c07a69fdb16afbcf5dc0d9b3cfbe9a3,8a6a9d11a6b20d677225bb9bb9c955ce4ac8ab632b02cb7ab0170f60d850dbc6,a9d7dec339cec034e4d0193ec1fc57d66a96bfbe814c03ba477029f2f8f79200,True,1.0204137496745449,0.070606910247670129,0.99024529976166875,1.4899067436503708,OK,
NWP_A2_S12_NULL,NWB_A2_S12,NULL_FLARE_RED_NOISE,2,12,,,120,4336ffe242107726964b8b51c66378a90d2570cd732e2037b36e258fa25410b5,644cc68cf5a9549f053b883cca848e1c85425db9cc35ed509fc7c5016c2a9a43,1bb01d1a5bf6676b6bdbc405297e6f48f7cbc803b981646e49ac5a17d506a807,5e80c9236db9cc975938e28ff5845a223c8c4f8fa5d391a313307e8cd3daa739,,e529779019e428fb3e292d779fbe15fed3cdf50c3b72f8d0506481fec85b326c,True,1.0205013742233473,0.071747119044881416,0.99217421878511813,1.4991759296410359,OK,
NWP_A2_S12_P050,NWB_A2_S12,STATIONARY_QPP_PRESENT,2,12,50,0.040000000000000001,120,4336ffe242107726964b8b51c66378a90d2570cd732e2037b36e258fa25410b5,644cc68cf5a9549f053b883cca848e1c85425db9cc35ed509fc7c5016c2a9a43,1bb01d1a5bf6676b6bdbc405297e6f48f7cbc803b981646e49ac5a17d506a807,5e80c9236db9cc975938e28ff5845a223c8c4f8fa5d391a313307e8cd3daa739,5cccdd2468dbbefdcc6ee8ece61a81f750416e9f34829232e871078996ecbd00,3cec14a03176968b1a221d114557bf0884062bbae7e3e10f459d2a26f3f0632c,True,1.0205658605057506,0.072380574457726013,0.99217421710457021,1.5180339542306205,OK,
NWP_A2_S12_P080,NWB_A2_S12,STATIONARY_QPP_PRESENT,2,12,80,0.040000000000000001,120,4336ffe242107726964b8b51c66378a90d2570cd732e2037b36e258fa25410b5,644cc68cf5a9549f053b883cca848e1c85425db9cc35ed509fc7c5016c2a9a43,1bb01d1a5bf6676b6bdbc405297e6f48f7cbc803b981646e49ac5a17d506a807,5e80c9236db9cc975938e28ff5845a223c8c4f8fa5d391a313307e8cd3daa739,d0b880e05fa1b3ad6c622e24ae94dcbb6bafd117f63ff7ed1f06c011c5f43995,cb790d860c69dd5c375d6b92b0de403f5a7d16eb10628ac0c8efe8841724577e,True,1.0205759525579201,0.072392890891213799,0.99217419674641749,1.5180339542306205,OK,
NWP_A2_S13_NULL,NWB_A2_S13,NULL_FLARE_RED_NOISE,2,13,,,120,4336ffe242107726964b8b51c66378a90d2570cd732e2037b36e258fa25410b5,644cc68cf5a9549f053b883cca848e1c85425db9cc35ed509fc7c5016c2a9a43,e6866cfb3aa4081c31845c2589eceb9ae5b05dbb3f3cbb9b9d040b8525f92801,c00c6c60308b2efb307e0b6e7cf5d4e0a52b936fbf4a7d90aa39ccfef6930f1e,,6cca16658fabf97de854951b3becdfd62de7a10389e511c5ef94088ca9d319ce,True,1.0205013742233473,0.072697543606159834,0.99045278099952827,1.5058578847439954,OK,
NWP_A2_S13_P050,NWB_A2_S13,STATIONARY_QPP_PRESENT,2,13,50,0.040000000000000001,120,4336ffe242107726964b8b51c66378a90d2570cd732e2037b36e258fa25410b5,644cc68cf5a9549f053b883cca848e1c85425db9cc35ed509fc7c5016c2a9a43,e6866cfb3aa4081c31845c2589eceb9ae5b05dbb3f3cbb9b9d040b8525f92801,c00c6c60308b2efb307e0b6e7cf5d4e0a52b936fbf4a7d90aa39ccfef6930f1e,9344b3497fa422be95e6c38baa2223594d9835a5f712646d394eed4aea5ea636,0a9a521f72dbfa99887c1606489a8c6299a29095554afba6d44dd2a3fee0be71,True,1.0205759639023104,0.073434375906211796,0.99045277448914715,1.5253742743370582,OK,
NWP_A2_S13_P080,NWB_A2_S13,STATIONARY_QPP_PRESENT,2,13,80,0.040000000000000001,120,4336ffe242107726964b8b51c66378a90d2570cd732e2037b36e258fa25410b5,644cc68cf5a9549f053b883cca848e1c85425db9cc35ed509fc7c5016c2a9a43,e6866cfb3aa4081c31845c2589eceb9ae5b05dbb3f3cbb9b9d040b8525f92801,c00c6c60308b2efb307e0b6e7cf5d4e0a52b936fbf4a7d90aa39ccfef6930f1e,3567171f76e2c527ee498f5f977b59da2b462275a112400a90cf835579674758,44cb5bff79d0f236d37bb7450b231fa4d848f2557e5563ab7ba1fece16e85bbe,True,1.0206088973992709,0.073629386102847597,0.99045278315243945,1.5253742743370582,OK,
NWP_A2_S14_NULL,NWB_A2_S14,NULL_FLARE_RED_NOISE,2,14,,,120,4336ffe242107726964b8b51c66378a90d2570cd732e2037b36e258fa25410b5,644cc68cf5a9549f053b883cca848e1c85425db9cc35ed509fc7c5016c2a9a43,6f916a0520897a997dfcf247d1e99586ae5acf548359921a58a9ed2e5cbadd9c,794e66ad5d613a256d033428960a718c83be449920a09d04f81f3b0396533e65,,edcf5e0a61d7590c10616f23ca7f6a2f24e400e33da4f2fb9f28981fbd32176f,True,1.0205013742233471,0.073319865694169123,0.98917482828778946,1.5071460979705023,OK,
NWP_A2_S14_P050,NWB_A2_S14,STATIONARY_QPP_PRESENT,2,14,50,0.040000000000000001,120,4336ffe242107726964b8b51c66378a90d2570cd732e2037b36e258fa25410b5,644cc68cf5a9549f053b883cca848e1c85425db9cc35ed509fc7c5016c2a9a43,6f916a0520897a997dfcf247d1e99586ae5acf548359921a58a9ed2e5cbadd9c,794e66ad5d613a256d033428960a718c83be449920a09d04f81f3b0396533e65,bb17b7c39029c7ba0d5ce2462f6fbc31d60841da7a942f92f22742c858ebdd5f,264fb45f792fbfaebbb8db60ae8155d505926794d3a3aa0273cd161170833d37,True,1.0204531898767653,0.072924738261719649,0.98917482820477876,1.4916075581366743,OK,
NWP_A2_S14_P080,NWB_A2_S14,STATIONARY_QPP_PRESENT,2,14,80,0.040000000000000001,120,4336ffe242107726964b8b51c66378a90d2570cd732e2037b36e258fa25410b5,644cc68cf5a9549f053b883cca848e1c85425db9cc35ed509fc7c5016c2a9a43,6f916a0520897a997dfcf247d1e99586ae5acf548359921a58a9ed2e5cbadd9c,794e66ad5d613a256d033428960a718c83be449920a09d04f81f3b0396533e65,0cfc701587314d610bc20cdcd16b63990955920edb150d92ca55bc5ac4a8ece3,65512e02f5c45fc9aab3635017b8521a521f47149a9a76a3f25e14f1be3f9af0,True,1.0204590536723617,0.073016472731757001,0.98917482820477876,1.4916075581366743,OK,
NWP_A2_S15_NULL,NWB_A2_S15,NULL_FLARE_RED_NOISE,2,15,,,120,4336ffe242107726964b8b51c66378a90d2570cd732e2037b36e258fa25410b5,644cc68cf5a9549f053b883cca848e1c85425db9cc35ed509fc7c5016c2a9a43,30652513a0e609999e6d37853dbd43b383e881f5cf921928fc26c7e7ba921d81,bf75b7ca89f1155879e5001cae84f0a6f08462b136d85720718045412fc9ab0d,,f005e96381ccd958f9419eea36e949d18649553ed8b898e9a4711eb57c9ed313,True,1.0205013742233473,0.071579438414340391,0.99147212978299926,1.4925056562386831,OK,
NWP_A2_S15_P050,NWB_A2_S15,STATIONARY_QPP_PRESENT,2,15,50,0.040000000000000001,120,4336ffe242107726964b8b51c66378a90d2570cd732e2037b36e258fa25410b5,644cc68cf5a9549f053b883cca848e1c85425db9cc35ed509fc7c5016c2a9a43,30652513a0e609999e6d37853dbd43b383e881f5cf921928fc26c7e7ba921d81,bf75b7ca89f1155879e5001cae84f0a6f08462b136d85720718045412fc9ab0d,3029e83206abaecfa3f8d8d3c21dcd0227cc836ef33312256560277cb7c85506,051efbc63d0595cd4c51f4696a5e9c5ca972d4e7c9e014088d55b5cafbd75655,True,1.0205489638519156,0.072061798856147261,0.99147212978300747,1.5021571636856328,OK,
NWP_A2_S15_P080,NWB_A2_S15,STATIONARY_QPP_PRESENT,2,15,80,0.040000000000000001,120,4336ffe242107726964b8b51c66378a90d2570cd732e2037b36e258fa25410b5,644cc68cf5a9549f053b883cca848e1c85425db9cc35ed509fc7c5016c2a9a43,30652513a0e609999e6d37853dbd43b383e881f5cf921928fc26c7e7ba921d81,bf75b7ca89f1155879e5001cae84f0a6f08462b136d85720718045412fc9ab0d,5c7a6c5bb67dd039f7a010e5cc9730a4ed53fcc6b3d4f2ffec8e7f44c4bffeb5,70b464c9af11b1ac1c9b9564dba73e4b73fd6bb9027eeb5de81ba44476956936,True,1.0205959036937586,0.072407960904861193,0.99147212978294086,1.5021571636856328,OK,
NWP_A2_S16_NULL,NWB_A2_S16,NULL_FLARE_RED_NOISE,2,16,,,120,4336ffe242107726964b8b51c66378a90d2570cd732e2037b36e258fa25410b5,644cc68cf5a9549f053b883cca848e1c85425db9cc35ed509fc7c5016c2a9a43,4a4694cbb977b0574339363b2e7e83a22404b519da09aa093164a44cb59e4f6d,fa00ae1779e973585d18f97628223fcfa3c6de65b4b97eb0ffb31e7219c7f221,,51dab1a6fe4ccc39977b7fb7a290fa55075f5d1a24e6040a1f995815208c9f58,True,1.0205013742233473,0.072549260856104469,0.98963163702429602,1.5047137811029798,OK,
NWP_A2_S16_P050,NWB_A2_S16,STATIONARY_QPP_PRESENT,2,16,50,0.040000000000000001,120,4336ffe242107726964b8b51c66378a90d2570cd732e2037b36e258fa25410b5,644cc68cf5a9549f053b883cca848e1c85425db9cc35ed509fc7c5016c2a9a43,4a4694cbb977b0574339363b2e7e83a22404b519da09aa093164a44cb59e4f6d,fa00ae1779e973585d18f97628223fcfa3c6de65b4b97eb0ffb31e7219c7f221,be4ddd753e03eccc670cc81790257cda53908be147f5c88ea5671ea4eac10366,4eca4e8d5ef8970d3bf4ac8cb00a321f92af27468ecc06fb40558cfb63de041d,True,1.0205759147512625,0.073286667286276877,0.98964700641079195,1.5241566332750476,OK,
NWP_A2_S16_P080,NWB_A2_S16,STATIONARY_QPP_PRESENT,2,16,80,0.040000000000000001,120,4336ffe242107726964b8b51c66378a90d2570cd732e2037b36e258fa25410b5,644cc68cf5a9549f053b883cca848e1c85425db9cc35ed509fc7c5016c2a9a43,4a4694cbb977b0574339363b2e7e83a22404b519da09aa093164a44cb59e4f6d,fa00ae1779e973585d18f97628223fcfa3c6de65b4b97eb0ffb31e7219c7f221,b49ad45568425531c69fc659187628e8a046a02523ca607e626c43e98c8b9f9c,0f10b2c561caf306d96fb03e574e6a5f3b2346bb8b053de34bf9e7bb81786908,True,1.0206093883444469,0.073482819859106291,0.98961626763780008,1.5241566332750476,OK,
NWP_A2_S17_NULL,NWB_A2_S17,NULL_FLARE_RED_NOISE,2,17,,,120,4336ffe242107726964b8b51c66378a90d2570cd732e2037b36e258fa25410b5,644cc68cf5a9549f053b883cca848e1c85425db9cc35ed509fc7c5016c2a9a43,dc5856fbe026fbdb1275da4ed14d836a8961dd12702baaad2caac3222e540b46,53c92cfa69a9e56d859eb66b156605a3a5a91b671ed3ce1566cef815c55d5ec1,,f12f0de1a6343955bab5584727a56e60c0d14406fdb564ae702bf094ec70b00a,True,1.0205013742233473,0.073470021033679833,0.99039236017372334,1.5049849922555154,OK,
NWP_A2_S17_P050,NWB_A2_S17,STATIONARY_QPP_PRESENT,2,17,50,0.040000000000000001,120,4336ffe242107726964b8b51c66378a90d2570cd732e2037b36e258fa25410b5,644cc68cf5a9549f053b883cca848e1c85425db9cc35ed509fc7c5016c2a9a43,dc5856fbe026fbdb1275da4ed14d836a8961dd12702baaad2caac3222e540b46,53c92cfa69a9e56d859eb66b156605a3a5a91b671ed3ce1566cef815c55d5ec1,950eae1a2ef13e0fa853796f87da6ae2538d61854ebf4b7460163c70e489a706,0656241a3f81624d39ba103009fdd24e6b0679185c66c29034ad8b6dcb36dc02,True,1.0205542393809721,0.073984078527506436,0.99039236034601952,1.5215399706103807,OK,
NWP_A2_S17_P080,NWB_A2_S17,STATIONARY_QPP_PRESENT,2,17,80,0.040000000000000001,120,4336ffe242107726964b8b51c66378a90d2570cd732e2037b36e258fa25410b5,644cc68cf5a9549f053b883cca848e1c85425db9cc35ed509fc7c5016c2a9a43,dc5856fbe026fbdb1275da4ed14d836a8961dd12702baaad2caac3222e540b46,53c92cfa69a9e56d859eb66b156605a3a5a91b671ed3ce1566cef815c55d5ec1,85e315807e126e8b5cb79fabf0e058dfea2c34f17fe347ad2ec03620fe40d16b,03bf9031f6b05b13869978964999ffef980ad2deb1047d7fdc616cce399b69b7,True,1.0205523708707831,0.073904871926408169,0.99039236005126063,1.5215399706103807,OK,
NWP_A2_S18_NULL,NWB_A2_S18,NULL_FLARE_RED_NOISE,2,18,,,120,4336ffe242107726964b8b51c66378a90d2570cd732e2037b36e258fa25410b5,644cc68cf5a9549f053b883cca848e1c85425db9cc35ed509fc7c5016c2a9a43,51043fe902d71166773e0ad522691e1cd49c80a5b7bbb170b42b8b4ba98b3328,bf25186217b5ae2c90a3fa390092c046db59052d16fefa2f841a4e482725c9a0,,ebed688794539ac9917b295e86de9527aadb3cb97f4eb943877f96b56b64d230,True,1.0205013742233471,0.072910916534275103,0.98860976211103402,1.5038213917728815,OK,
NWP_A2_S18_P050,NWB_A2_S18,STATIONARY_QPP_PRESENT,2,18,50,0.040000000000000001,120,4336ffe242107726964b8b51c66378a90d2570cd732e2037b36e258fa25410b5,644cc68cf5a9549f053b883cca848e1c85425db9cc35ed509fc7c5016c2a9a43,51043fe902d71166773e0ad522691e1cd49c80a5b7bbb170b42b8b4ba98b3328,bf25186217b5ae2c90a3fa390092c046db59052d16fefa2f841a4e482725c9a0,90a7472f876526d6e0e54e1a182e8e01be1ebf3389f7d780fff7eb1770185902,67eb2c2744c9b29358a22b9970fa36c3236b7b805b98ff64b4437098a9e20b15,True,1.0205349182039956,0.073264163300202176,0.98860974093275578,1.509315544912232,OK,
NWP_A2_S18_P080,NWB_A2_S18,STATIONARY_QPP_PRESENT,2,18,80,0.040000000000000001,120,4336ffe242107726964b8b51c66378a90d2570cd732e2037b36e258fa25410b5,644cc68cf5a9549f053b883cca848e1c85425db9cc35ed509fc7c5016c2a9a43,51043fe902d71166773e0ad522691e1cd49c80a5b7bbb170b42b8b4ba98b3328,bf25186217b5ae2c90a3fa390092c046db59052d16fefa2f841a4e482725c9a0,e0e8fee33a5abca00a7cdec3cabd66403e756cb930df8f64aadf784406f22454,942ec824da0b1fdae730c1b1d00073aa35120a1fc9373dce8e3dcf592a7e8f29,True,1.020580122112571,0.073608369124901998,0.98860978665785748,1.509315544912232,OK,
NWP_A2_S19_NULL,NWB_A2_S19,NULL_FLARE_RED_NOISE,2,19,,,120,4336ffe242107726964b8b51c66378a90d2570cd732e2037b36e258fa25410b5,644cc68cf5a9549f053b883cca848e1c85425db9cc35ed509fc7c5016c2a9a43,e54ec87b4d8cdcc80daec6f0751fe029c7ddc64ae5a46a446adbbe168236c2ba,d9ad68b474a390cbeaf26da68f88148398ea98096e37172fce42c9b6b0e81333,,9c04e32c79b313c6caa5a1cad6e505e977e02f256cee8cff8a151651e8ed1d8b,True,1.0205013742233471,0.073011333146495619,0.98840631740517004,1.503318776627564,OK,
NWP_A2_S19_P050,NWB_A2_S19,STATIONARY_QPP_PRESENT,2,19,50,0.040000000000000001,120,4336ffe242107726964b8b51c66378a90d2570cd732e2037b36e258fa25410b5,644cc68cf5a9549f053b883cca848e1c85425db9cc35ed509fc7c5016c2a9a43,e54ec87b4d8cdcc80daec6f0751fe029c7ddc64ae5a46a446adbbe168236c2ba,d9ad68b474a390cbeaf26da68f88148398ea98096e37172fce42c9b6b0e81333,7d11df8011a35938108359a3d08981c3d220bb55f2c4d1247bd970ac2bc23f6e,f0539f47c87ac24c0637d9d26ded39714ec4505c78f5f4e3c720279ff087cb42,True,1.0205728604316171,0.073709732750136814,0.98840632775676607,1.5232120612548568,OK,
NWP_A2_S19_P080,NWB_A2_S19,STATIONARY_QPP_PRESENT,2,19,80,0.040000000000000001,120,4336ffe242107726964b8b51c66378a90d2570cd732e2037b36e258fa25410b5,644cc68cf5a9549f053b883cca848e1c85425db9cc35ed509fc7c5016c2a9a43,e54ec87b4d8cdcc80daec6f0751fe029c7ddc64ae5a46a446adbbe168236c2ba,d9ad68b474a390cbeaf26da68f88148398ea98096e37172fce42c9b6b0e81333,ccec7de7f463aaaba8891c63baa62446656731bf89a822e9f763993434cdf64f,5a8b67d28593c8ff6a5b7532ccac795c43c3d9043365909082d0fdff4348ac6d,True,1.0205934156784733,0.073798594666200784,0.98840631477146679,1.5232120612548568,OK,
NWP_A2_S20_NULL,NWB_A2_S20,NULL_FLARE_RED_NOISE,2,20,,,120,4336ffe242107726964b8b51c66378a90d2570cd732e2037b36e258fa25410b5,644cc68cf5a9549f053b883cca848e1c85425db9cc35ed509fc7c5016c2a9a43,5db573d3b71be532b82a12fbd721eaac695e17c9441dd87dae998ac0b18a9faf,75371a7547be966f94f360498196dae98b8408f3ad1fdec47e80afd13ed81c92,,740bb3683c73b927afdf42fa7da3a2101dd622bec72995ce71881395cf7c1133,True,1.0205013742233473,0.07184602314191417,0.98923105859275484,1.4979344271930568,OK,
NWP_A2_S20_P050,NWB_A2_S20,STATIONARY_QPP_PRESENT,2,20,50,0.040000000000000001,120,4336ffe242107726964b8b51c66378a90d2570cd732e2037b36e258fa25410b5,644cc68cf5a9549f053b883cca848e1c85425db9cc35ed509fc7c5016c2a9a43,5db573d3b71be532b82a12fbd721eaac695e17c9441dd87dae998ac0b18a9faf,75371a7547be966f94f360498196dae98b8408f3ad1fdec47e80afd13ed81c92,a20fd110d52f5efca0b0cdcafbae37a37e3a09d5b7aa313b29b1b0fd4cab44d2,5012f410cad6d0261327e3088509f17d75ce0daef235926e18bcd569b8603460,True,1.0205045827341079,0.071877276145156641,0.98923467672010923,1.5025114944240772,OK,
NWP_A2_S20_P080,NWB_A2_S20,STATIONARY_QPP_PRESENT,2,20,80,0.040000000000000001,120,4336ffe242107726964b8b51c66378a90d2570cd732e2037b36e258fa25410b5,644cc68cf5a9549f053b883cca848e1c85425db9cc35ed509fc7c5016c2a9a43,5db573d3b71be532b82a12fbd721eaac695e17c9441dd87dae998ac0b18a9faf,75371a7547be966f94f360498196dae98b8408f3ad1fdec47e80afd13ed81c92,c8c3343a7dcf46572a5a69b02d566e714df8267661ec43c46759570b8e78e0d4,7e6795645176b10239c773989288e666b2968c8379cab225805c1a02f1bac2f6,True,1.0204713939882724,0.071593085602466647,0.98922744046540045,1.5025114944240772,OK,
NWP_A2_S21_NULL,NWB_A2_S21,NULL_FLARE_RED_NOISE,2,21,,,120,4336ffe242107726964b8b51c66378a90d2570cd732e2037b36e258fa25410b5,644cc68cf5a9549f053b883cca848e1c85425db9cc35ed509fc7c5016c2a9a43,456c66f1bd8002945c583c832395fb99a87a29d34629a059944e673d0115248d,5254cdf110763670239e3df4cdc257a7baf91f2c6c8fae10ebd7de58664a3dc4,,f4251fc19d2c552de852fb227138e7a85e28cca334853d93c9c94fcaba215307,True,1.0205013742233473,0.072009228955142349,0.98897970975394611,1.5003017635088429,OK,
NWP_A2_S21_P050,NWB_A2_S21,STATIONARY_QPP_PRESENT,2,21,50,0.040000000000000001,120,4336ffe242107726964b8b51c66378a90d2570cd732e2037b36e258fa25410b5,644cc68cf5a9549f053b883cca848e1c85425db9cc35ed509fc7c5016c2a9a43,456c66f1bd8002945c583c832395fb99a87a29d34629a059944e673d0115248d,5254cdf110763670239e3df4cdc257a7baf91f2c6c8fae10ebd7de58664a3dc4,88c8fd844849dfcb91b0e2789d973ecafc8a2aaa089b151c0859f46ed84a0897,913c3f3eb2072e0d7bd2ef9e1573a5268d9c8984fed58df1f02c5c5ea876afc2,True,1.0204808474659506,0.071870016063579678,0.98897975676122707,1.4913058604560165,OK,
NWP_A2_S21_P080,NWB_A2_S21,STATIONARY_QPP_PRESENT,2,21,80,0.040000000000000001,120,4336ffe242107726964b8b51c66378a90d2570cd732e2037b36e258fa25410b5,644cc68cf5a9549f053b883cca848e1c85425db9cc35ed509fc7c5016c2a9a43,456c66f1bd8002945c583c832395fb99a87a29d34629a059944e673d0115248d,5254cdf110763670239e3df4cdc257a7baf91f2c6c8fae10ebd7de58664a3dc4,90cfbcebc49a0c26987e116f125aa11130497c8f9d08d04f70e6fb000cc50b5a,830debc4f12bf0b7e202201bab022a655a154d77f845a9262ae01229de9c97d0,True,1.0205053482420885,0.0720946541115252,0.98897976885058414,1.4913058604560165,OK,
NWP_A2_S22_NULL,NWB_A2_S22,NULL_FLARE_RED_NOISE,2,22,,,120,4336ffe242107726964b8b51c66378a90d2570cd732e2037b36e258fa25410b5,644cc68cf5a9549f053b883cca848e1c85425db9cc35ed509fc7c5016c2a9a43,2333f49631ed7b0eb280efd34461add9b41e761244241540f50694b57c7e6cdf,39d0dd53e425c82b0a4543514fb10d020448e0c21d70a6142097f8a82be770ed,,60811ff9b02bd3f1f88763ae1877f8c30bc57d74e8c401d8821b79c10b7b33d7,True,1.0205013742233473,0.073022547506482377,0.98849477463099789,1.5016665569012464,OK,
NWP_A2_S22_P050,NWB_A2_S22,STATIONARY_QPP_PRESENT,2,22,50,0.040000000000000001,120,4336ffe242107726964b8b51c66378a90d2570cd732e2037b36e258fa25410b5,644cc68cf5a9549f053b883cca848e1c85425db9cc35ed509fc7c5016c2a9a43,2333f49631ed7b0eb280efd34461add9b41e761244241540f50694b57c7e6cdf,39d0dd53e425c82b0a4543514fb10d020448e0c21d70a6142097f8a82be770ed,f5ba8b5ef3048eb17dc0507ad70b7783cf67a00a5659e0d60d3e7bf06b96f504,c84e4fd2988ba4f9fb97030ac4270c16e62b0a38073aae5f4c4d5d52dab24379,True,1.0204936205406883,0.072996927240488299,0.98849477429837662,1.4959096201244433,OK,
NWP_A2_S22_P080,NWB_A2_S22,STATIONARY_QPP_PRESENT,2,22,80,0.040000000000000001,120,4336ffe242107726964b8b51c66378a90d2570cd732e2037b36e258fa25410b5,644cc68cf5a9549f053b883cca848e1c85425db9cc35ed509fc7c5016c2a9a43,2333f49631ed7b0eb280efd34461add9b41e761244241540f50694b57c7e6cdf,39d0dd53e425c82b0a4543514fb10d020448e0c21d70a6142097f8a82be770ed,3935e11c1525d3f34933ebbe1e42ae3b29c59cdb9f325147549545880f36499e,d426b1d5895f56cf940f723841419ea7a658a1645da7854b617b2e81d042c489,True,1.0205247156633617,0.073266975642412774,0.98849477496361915,1.4959096201244433,OK,
NWP_A2_S23_NULL,NWB_A2_S23,NULL_FLARE_RED_NOISE,2,23,,,120,4336ffe242107726964b8b51c66378a90d2570cd732e2037b36e258fa25410b5,644cc68cf5a9549f053b883cca848e1c85425db9cc35ed509fc7c5016c2a9a43,9e46155906c46b5901dadf971c6907b85a9fea08e862234aff93f011f4bf2759,2a439d3bf4dc2c9e155bd383dbbd27d59244586da3d2721db843f4ee98027bbb,,6cfb6d71d50fe0b16171aa4b8dedca06e591689edbc44195f1cc50de0a8aade2,True,1.0205013742233473,0.0722479978644614,0.98830575070557458,1.4980974473272695,OK,
NWP_A2_S23_P050,NWB_A2_S23,STATIONARY_QPP_PRESENT,2,23,50,0.040000000000000001,120,4336ffe242107726964b8b51c66378a90d2570cd732e2037b36e258fa25410b5,644cc68cf5a9549f053b883cca848e1c85425db9cc35ed509fc7c5016c2a9a43,9e46155906c46b5901dadf971c6907b85a9fea08e862234aff93f011f4bf2759,2a439d3bf4dc2c9e155bd383dbbd27d59244586da3d2721db843f4ee98027bbb,0dee6eed1b2165f699c890318c1f30832d7ff7d505b32edb7f43a67c6c0cf057,775df1ee1d89794848be51c29282ee7660c776b7c766a4546357edf1f709d07f,True,1.0205500257542526,0.072721859924181953,0.98830575160930678,1.5137390466104084,OK,
NWP_A2_S23_P080,NWB_A2_S23,STATIONARY_QPP_PRESENT,2,23,80,0.040000000000000001,120,4336ffe242107726964b8b51c66378a90d2570cd732e2037b36e258fa25410b5,644cc68cf5a9549f053b883cca848e1c85425db9cc35ed509fc7c5016c2a9a43,9e46155906c46b5901dadf971c6907b85a9fea08e862234aff93f011f4bf2759,2a439d3bf4dc2c9e155bd383dbbd27d59244586da3d2721db843f4ee98027bbb,263316e8cafd90c619800f6e748dc4705487705be239a5a44d024409bdf52cad,b75a05de0e0b3d4dcc8821a21301e6486e49acd6c5a144baf02c273702861d7a,True,1.0205445458119689,0.072616318659194684,0.98830574980184238,1.5137390466104084,OK,
NWP_A2_S24_NULL,NWB_A2_S24,NULL_FLARE_RED_NOISE,2,24,,,120,4336ffe242107726964b8b51c66378a90d2570cd732e2037b36e258fa25410b5,644cc68cf5a9549f053b883cca848e1c85425db9cc35ed509fc7c5016c2a9a43,586a37dbd03600f7cd89d4ad84278a58cd379fb2ced784c36fa31436b63edaa1,3af7c72279ca4ed8319ae22f5029d35c130742bf00d454b31ff740daee192025,,5c7af7da53e4a5835d5741a6bf0ecabcac77b6c0d211b2db5e37bfc31a340f8e,True,1.0205013742233473,0.073484776945279079,0.98728359971199697,1.5044734274171609,OK,
NWP_A2_S24_P050,NWB_A2_S24,STATIONARY_QPP_PRESENT,2,24,50,0.040000000000000001,120,4336ffe242107726964b8b51c66378a90d2570cd732e2037b36e258fa25410b5,644cc68cf5a9549f053b883cca848e1c85425db9cc35ed509fc7c5016c2a9a43,586a37dbd03600f7cd89d4ad84278a58cd379fb2ced784c36fa31436b63edaa1,3af7c72279ca4ed8319ae22f5029d35c130742bf00d454b31ff740daee192025,1063f3b2f99414878d941c4e75e7db9394213a8b04c0b465c446a396409069c5,887eb99171aeec850db8cc1d922857dc7cbbf49cc338fce6eb7119b12ed752d7,True,1.0205565745351606,0.074033605909602021,0.98728359971167101,1.5164922164393901,OK,
NWP_A2_S24_P080,NWB_A2_S24,STATIONARY_QPP_PRESENT,2,24,80,0.040000000000000001,120,4336ffe242107726964b8b51c66378a90d2570cd732e2037b36e258fa25410b5,644cc68cf5a9549f053b883cca848e1c85425db9cc35ed509fc7c5016c2a9a43,586a37dbd03600f7cd89d4ad84278a58cd379fb2ced784c36fa31436b63edaa1,3af7c72279ca4ed8319ae22f5029d35c130742bf00d454b31ff740daee192025,4a7734812f4e164c6cd7aaf530fa27cd917f878c314a26f631f865143d8c8928,afbd865140902f39ba721e17e0a5bead792360ed6c3b2bafce56829783a2091b,True,1.0206033938946222,0.074364753064856112,0.98728359971165591,1.5164922164393901,OK,
NWP_A2_S25_NULL,NWB_A2_S25,NULL_FLARE_RED_NOISE,2,25,,,120,4336ffe242107726964b8b51c66378a90d2570cd732e2037b36e258fa25410b5,644cc68cf5a9549f053b883cca848e1c85425db9cc35ed509fc7c5016c2a9a43,dd388aa125b2e27676567bd591a040b13f72625d84d3d4aed61259cfd9371532,17802c9c2b126b597802875ccd554b2fff3d70e2626f3e2ef3196af71938998a,,8e38d945ff0263622dbaa767f96ca5b64cf78cd956ba502cd9ce7e126ad1bf5b,True,1.0205013742233473,0.073894319253067622,0.99041779008615805,1.5024833596477145,OK,
NWP_A2_S25_P050,NWB_A2_S25,STATIONARY_QPP_PRESENT,2,25,50,0.040000000000000001,120,4336ffe242107726964b8b51c66378a90d2570cd732e2037b36e258fa25410b5,644cc68cf5a9549f053b883cca848e1c85425db9cc35ed509fc7c5016c2a9a43,dd388aa125b2e27676567bd591a040b13f72625d84d3d4aed61259cfd9371532,17802c9c2b126b597802875ccd554b2fff3d70e2626f3e2ef3196af71938998a,94a59e39fb0ac71eb0ac9d76b187c38aaffe1881f866e598cf83b6c72081ffa4,f6f114ad564096b646202534585a3542c6bef95950e118784be7837c9002929b,True,1.0205702261233802,0.0745582475013125,0.99041779006277963,1.522051599360126,OK,
NWP_A2_S25_P080,NWB_A2_S25,STATIONARY_QPP_PRESENT,2,25,80,0.040000000000000001,120,4336ffe242107726964b8b51c66378a90d2570cd732e2037b36e258fa25410b5,644cc68cf5a9549f053b883cca848e1c85425db9cc35ed509fc7c5016c2a9a43,dd388aa125b2e27676567bd591a040b13f72625d84d3d4aed61259cfd9371532,17802c9c2b126b597802875ccd554b2fff3d70e2626f3e2ef3196af71938998a,a6b12827aa071c70cf69bff044d006df0eb43ccb27cfa7aa1552f9568d4e4066,7133cc2b9a97577302415ac95bff06895961a9ab7ef1da436031bd247962f6c8,True,1.0205862459829251,0.074609753154397718,0.9904177900611052,1.522051599360126,OK,
NWP_A2_S26_NULL,NWB_A2_S26,NULL_FLARE_RED_NOISE,2,26,,,120,4336ffe242107726964b8b51c66378a90d2570cd732e2037b36e258fa25410b5,644cc68cf5a9549f053b883cca848e1c85425db9cc35ed509fc7c5016c2a9a43,d730891f9c5f3fa261d128d8e1fe3cd6eac7ad76b0d1be2f4f29616db129cf22,d32a736abec7cf94306e04708bd1ce9cd25b54a049178d73b7679aebc90bb1d2,,10bc20948cbd6e5dbc73601033018d25bb76a6f7d6e6909f2ae1247def8b635e,True,1.0205013742233473,0.072214088195969486,0.98955914068189699,1.498564964959415,OK,
NWP_A2_S26_P050,NWB_A2_S26,STATIONARY_QPP_PRESENT,2,26,50,0.040000000000000001,120,4336ffe242107726964b8b51c66378a90d2570cd732e2037b36e258fa25410b5,644cc68cf5a9549f053b883cca848e1c85425db9cc35ed509fc7c5016c2a9a43,d730891f9c5f3fa261d128d8e1fe3cd6eac7ad76b0d1be2f4f29616db129cf22,d32a736abec7cf94306e04708bd1ce9cd25b54a049178d73b7679aebc90bb1d2,0142ada565bfbc1172a510d91ca5ec051dab3c43371a7124618f91b20981738f,1174f9a126593710f71466dcd3103c28859dd49db1a55ff5135bad2fa7f36540,True,1.0205105756351669,0.072300299716974797,0.98955914068188056,1.5046947671305277,OK,
NWP_A2_S26_P080,NWB_A2_S26,STATIONARY_QPP_PRESENT,2,26,80,0.040000000000000001,120,4336ffe242107726964b8b51c66378a90d2570cd732e2037b36e258fa25410b5,644cc68cf5a9549f053b883cca848e1c85425db9cc35ed509fc7c5016c2a9a43,d730891f9c5f3fa261d128d8e1fe3cd6eac7ad76b0d1be2f4f29616db129cf22,d32a736abec7cf94306e04708bd1ce9cd25b54a049178d73b7679aebc90bb1d2,3571111078ca6ae87e4e3378bfccd87c1b0ca90c67b5da210f42e595d70f98aa,354810153565db648b44951fdde1f8b52d90c2aa4e0c8ba17f0bf4af0ddd0dfc,True,1.0204801746587613,0.072031352616997599,0.9895591406819032,1.5046947671305277,OK,
NWP_A2_S27_NULL,NWB_A2_S27,NULL_FLARE_RED_NOISE,2,27,,,120,4336ffe242107726964b8b51c66378a90d2570cd732e2037b36e258fa25410b5,644cc68cf5a9549f053b883cca848e1c85425db9cc35ed509fc7c5016c2a9a43,efc5a74963d35fb471501f58c8f62f9e46afb0b445dd24f652e6ecff7d1486a7,39d35254db68d24f62ded99355aa974ec6c8b25e68e0d5ae336461f954aad2fd,,682ec1fbde7349e506b1d2b4c44e3182f3229b6af34c31293e844df9931edad9,True,1.0205013742233473,0.074541858623211762,0.99120090394649185,1.511405612004044,OK,
NWP_A2_S27_P050,NWB_A2_S27,STATIONARY_QPP_PRESENT,2,27,50,0.040000000000000001,120,4336ffe242107726964b8b51c66378a90d2570cd732e2037b36e258fa25410b5,644cc68cf5a9549f053b883cca848e1c85425db9cc35ed509fc7c5016c2a9a43,efc5a74963d35fb471501f58c8f62f9e46afb0b445dd24f652e6ecff7d1486a7,39d35254db68d24f62ded99355aa974ec6c8b25e68e0d5ae336461f954aad2fd,8b1716a2355476eddd7eb0f3fdde8d22e389b13abc75545e8bea25fe221ffd43,35c64a6665c34554e75205dc6cfa24710477e9c9cdce46047c8aed824e3ab413,True,1.0205340002259424,0.074852403841449935,0.99119980403426589,1.5233551313337304,OK,
NWP_A2_S27_P080,NWB_A2_S27,STATIONARY_QPP_PRESENT,2,27,80,0.040000000000000001,120,4336ffe242107726964b8b51c66378a90d2570cd732e2037b36e258fa25410b5,644cc68cf5a9549f053b883cca848e1c85425db9cc35ed509fc7c5016c2a9a43,efc5a74963d35fb471501f58c8f62f9e46afb0b445dd24f652e6ecff7d1486a7,39d35254db68d24f62ded99355aa974ec6c8b25e68e0d5ae336461f954aad2fd,6fc09af651fc715f870bb6de7bd69f5a5021a6cf1235a1000d273944de90a59c,8ec3b7f3b0378cb8e4b7c13fcbbf719d404e0e7d4b5f8c544ab90b139fea859a,True,1.0205168058859342,0.074673221579245094,0.99119998009598975,1.5233551313337304,OK,
NWP_A2_S28_NULL,NWB_A2_S28,NULL_FLARE_RED_NOISE,2,28,,,120,4336ffe242107726964b8b51c66378a90d2570cd732e2037b36e258fa25410b5,644cc68cf5a9549f053b883cca848e1c85425db9cc35ed509fc7c5016c2a9a43,8aecdb8e0b1e2d76d26c906ca6863a6ddca7e4018d3f072b7b7a5d309035fa02,1f84a10d4a48651e214b62c0c853fee7cd18eb1921e32415cfff344d5162c9c1,,c69b0ae62274fbf6a62e73b904884796c6866fcc735390fbc782dc06d11cad74,True,1.0205013742233473,0.071468807357411471,0.99213825189864124,1.4985854817005253,OK,
NWP_A2_S28_P050,NWB_A2_S28,STATIONARY_QPP_PRESENT,2,28,50,0.040000000000000001,120,4336ffe242107726964b8b51c66378a90d2570cd732e2037b36e258fa25410b5,644cc68cf5a9549f053b883cca848e1c85425db9cc35ed509fc7c5016c2a9a43,8aecdb8e0b1e2d76d26c906ca6863a6ddca7e4018d3f072b7b7a5d309035fa02,1f84a10d4a48651e214b62c0c853fee7cd18eb1921e32415cfff344d5162c9c1,aeb6a13d585a140657aa8410cbad6b62c499c3491b3a3723ea8de25a4284628e,e9abfca8d7d0c21952669bfef0049c3fefc5199d9dbb58401c51fe6bc8a6da55,True,1.0205565893869266,0.072030733628961646,0.99213809335271752,1.5106089981966193,OK,
NWP_A2_S28_P080,NWB_A2_S28,STATIONARY_QPP_PRESENT,2,28,80,0.040000000000000001,120,4336ffe242107726964b8b51c66378a90d2570cd732e2037b36e258fa25410b5,644cc68cf5a9549f053b883cca848e1c85425db9cc35ed509fc7c5016c2a9a43,8aecdb8e0b1e2d76d26c906ca6863a6ddca7e4018d3f072b7b7a5d309035fa02,1f84a10d4a48651e214b62c0c853fee7cd18eb1921e32415cfff344d5162c9c1,41b5d94808011262cd2a616efad591077a89ac08f12586385fc4faef0a7759a4,c6d9d839e30697d93328c102be706c8956d49132fcf2241df7e54f6540d41fe9,True,1.0206034075124903,0.072364006312005347,0.99213803126172118,1.5106089981966193,OK,
NWP_A2_S29_NULL,NWB_A2_S29,NULL_FLARE_RED_NOISE,2,29,,,120,4336ffe242107726964b8b51c66378a90d2570cd732e2037b36e258fa25410b5,644cc68cf5a9549f053b883cca848e1c85425db9cc35ed509fc7c5016c2a9a43,94aff319b60db9d68eba17b41b3448aa8d8e14395df357c6b5c3902b05766785,551db4a955b21a24d1b8983d03549fa1bf2f32dd5d7fb6578b3c675428ef9dc3,,c0f6a85f82fec7b3aeba2da726a64238dd169655c4b8dfb9bfaa163e65d8b620,True,1.0205013742233473,0.072439070133671388,0.9874269168477483,1.4995465991591761,OK,
NWP_A2_S29_P050,NWB_A2_S29,STATIONARY_QPP_PRESENT,2,29,50,0.040000000000000001,120,4336ffe242107726964b8b51c66378a90d2570cd732e2037b36e258fa25410b5,644cc68cf5a9549f053b883cca848e1c85425db9cc35ed509fc7c5016c2a9a43,94aff319b60db9d68eba17b41b3448aa8d8e14395df357c6b5c3902b05766785,551db4a955b21a24d1b8983d03549fa1bf2f32dd5d7fb6578b3c675428ef9dc3,e3817c05af854573339b9b00c6490b2a6051195523bd6c02efa73f206077abd6,f24f6e755484176418cce6bb95d78e8a9272a2e63149fb78fad36f29a583e358,True,1.0204764695174753,0.072261179930199995,0.98742449429729162,1.4894681545382622,OK,
NWP_A2_S29_P080,NWB_A2_S29,STATIONARY_QPP_PRESENT,2,29,80,0.040000000000000001,120,4336ffe242107726964b8b51c66378a90d2570cd732e2037b36e258fa25410b5,644cc68cf5a9549f053b883cca848e1c85425db9cc35ed509fc7c5016c2a9a43,94aff319b60db9d68eba17b41b3448aa8d8e14395df357c6b5c3902b05766785,551db4a955b21a24d1b8983d03549fa1bf2f32dd5d7fb6578b3c675428ef9dc3,3c3cc3388c0854f36723704d0cd04671c0a686ac95fc6cc3aacfb7b9fe72b761,e83fc36c4334ea92b23b5a0a83bc581e3aa90510253f5558334e10ecb53429dd,True,1.020498454472726,0.072474656521797257,0.98742276446971133,1.4894681545382622,OK,
NWP_A2_S30_NULL,NWB_A2_S30,NULL_FLARE_RED_NOISE,2,30,,,120,4336ffe242107726964b8b51c66378a90d2570cd732e2037b36e258fa25410b5,644cc68cf5a9549f053b883cca848e1c85425db9cc35ed509fc7c5016c2a9a43,bd0803cec657c79df2592abb6788265889dd253e2e63e6e24b9a71f34faf5b31,662f735cddf3a65660c99dbc96f5affb074544b53e533f67343269e3243fa7e7,,b03daffcbb73910f2d57f8e6a86669446b17a23deed0cf0156a935c31715e748,True,1.0205013742233473,0.071960096104621202,0.98960252942983118,1.4990451369224294,OK,
NWP_A2_S30_P050,NWB_A2_S30,STATIONARY_QPP_PRESENT,2,30,50,0.040000000000000001,120,4336ffe242107726964b8b51c66378a90d2570cd732e2037b36e258fa25410b5,644cc68cf5a9549f053b883cca848e1c85425db9cc35ed509fc7c5016c2a9a43,bd0803cec657c79df2592abb6788265889dd253e2e63e6e24b9a71f34faf5b31,662f735cddf3a65660c99dbc96f5affb074544b53e533f67343269e3243fa7e7,e8470d0974419759fd18ec9013737c28c7577d80bbbcc5486ec1d539dee916d7,6b96aac8a523428111fde915656325cd33c9a4f85dd7ac79aa0d29c7f6706a90,True,1.0205322220263808,0.072293622571156346,0.98960252942980631,1.5037648952127942,OK,
NWP_A2_S30_P080,NWB_A2_S30,STATIONARY_QPP_PRESENT,2,30,80,0.040000000000000001,120,4336ffe242107726964b8b51c66378a90d2570cd732e2037b36e258fa25410b5,644cc68cf5a9549f053b883cca848e1c85425db9cc35ed509fc7c5016c2a9a43,bd0803cec657c79df2592abb6788265889dd253e2e63e6e24b9a71f34faf5b31,662f735cddf3a65660c99dbc96f5affb074544b53e533f67343269e3243fa7e7,a7cb6ce4e6b48cd56176316dd4d8422daccb99e90642e9189017c02265855d17,04696cb37e7bd99b438d2c65310edda5c74ed06085a7ee3a5aa0952a8ad07183,True,1.0205768737974354,0.072636798867114119,0.98960252942982341,1.5037648952127942,OK,
NWP_A2_S31_NULL,NWB_A2_S31,NULL_FLARE_RED_NOISE,2,31,,,120,4336ffe242107726964b8b51c66378a90d2570cd732e2037b36e258fa25410b5,644cc68cf5a9549f053b883cca848e1c85425db9cc35ed509fc7c5016c2a9a43,ae17022ad36c510262a61f5ca85fa299aa06627f82e8f8eef405c539691d625f,c4c3dd07dbbfa3ea39ce75dbe100133a542ae7d12c37ecb456b0ecc08900c41e,,82eff91e7883db4b3b63215520915d3c8ca88c87658581ac0e89cf65bda7f0df,True,1.0205013742233471,0.073768122225591065,0.9881504522753084,1.5071303893806431,OK,
NWP_A2_S31_P050,NWB_A2_S31,STATIONARY_QPP_PRESENT,2,31,50,0.040000000000000001,120,4336ffe242107726964b8b51c66378a90d2570cd732e2037b36e258fa25410b5,644cc68cf5a9549f053b883cca848e1c85425db9cc35ed509fc7c5016c2a9a43,ae17022ad36c510262a61f5ca85fa299aa06627f82e8f8eef405c539691d625f,c4c3dd07dbbfa3ea39ce75dbe100133a542ae7d12c37ecb456b0ecc08900c41e,65686320f96d856ca589510e6f44697a3955ab7de2588bfbc163b3e1138f7d45,9a5f004c9e9332f6d171ae30c102792917fd54488d50022bc43c9d6089480f78,True,1.0204336096521396,0.073183513828277702,0.98815043710156925,1.4877245966789299,OK,
NWP_A2_S31_P080,NWB_A2_S31,STATIONARY_QPP_PRESENT,2,31,80,0.040000000000000001,120,4336ffe242107726964b8b51c66378a90d2570cd732e2037b36e258fa25410b5,644cc68cf5a9549f053b883cca848e1c85425db9cc35ed509fc7c5016c2a9a43,ae17022ad36c510262a61f5ca85fa299aa06627f82e8f8eef405c539691d625f,c4c3dd07dbbfa3ea39ce75dbe100133a542ae7d12c37ecb456b0ecc08900c41e,b7345ef3f97904b141080ce7dac27aae2222557c49b3ab28421d9b47bbdcc01b,eba80abe2e5412ef2ecfb352b71b382693e8e77b6c637974f1b6a05b6570799b,True,1.020419199942421,0.073140267180076754,0.98815024113756267,1.4877245966789299,OK,
NWP_A2_S32_NULL,NWB_A2_S32,NULL_FLARE_RED_NOISE,2,32,,,120,4336ffe242107726964b8b51c66378a90d2570cd732e2037b36e258fa25410b5,644cc68cf5a9549f053b883cca848e1c85425db9cc35ed509fc7c5016c2a9a43,c476b4c5e7071d6881529a3fe64f9b0b171a9a216b97e55df762dd94d845f6d4,3b9af9d4e7dad40492643f0a4380aad37fc07a5e1a6a776e558cc1fdf41ff2d5,,173308c8c2b2127e6831f4d08ad3f442df567ba53b4c3ed91734ca14616ac71b,True,1.0205013742233473,0.07217882557192376,0.99062304132098344,1.4997343770557401,OK,
NWP_A2_S32_P050,NWB_A2_S32,STATIONARY_QPP_PRESENT,2,32,50,0.040000000000000001,120,4336ffe242107726964b8b51c66378a90d2570cd732e2037b36e258fa25410b5,644cc68cf5a9549f053b883cca848e1c85425db9cc35ed509fc7c5016c2a9a43,c476b4c5e7071d6881529a3fe64f9b0b171a9a216b97e55df762dd94d845f6d4,3b9af9d4e7dad40492643f0a4380aad37fc07a5e1a6a776e558cc1fdf41ff2d5,bb2a8da9e3cbbfabe0259ffd7ae5ef6efcb4b7e68ba29f62864b196feddb7847,e2bb53589b2e91324a3ca7b129547089a4860437a03a4aec41e579cfda64bb2f,True,1.0204279696677188,0.071531301937682368,0.99062304132097034,1.4797347993088195,OK,
NWP_A2_S32_P080,NWB_A2_S32,STATIONARY_QPP_PRESENT,2,32,80,0.040000000000000001,120,4336ffe242107726964b8b51c66378a90d2570cd732e2037b36e258fa25410b5,644cc68cf5a9549f053b883cca848e1c85425db9cc35ed509fc7c5016c2a9a43,c476b4c5e7071d6881529a3fe64f9b0b171a9a216b97e55df762dd94d845f6d4,3b9af9d4e7dad40492643f0a4380aad37fc07a5e1a6a776e558cc1fdf41ff2d5,0bf550cc53699d2ff5f1fd95feba5a00898e38c3c327f4358a9af2600c36366d,c66f15d40ac881a8959545b560c02cd2955c8ac49f3874c339c0b1afdcbad4ba,True,1.0204029042330116,0.071400069736942823,0.99062304132098322,1.4797347993088195,OK,
NWP_A2_S33_NULL,NWB_A2_S33,NULL_FLARE_RED_NOISE,2,33,,,120,4336ffe242107726964b8b51c66378a90d2570cd732e2037b36e258fa25410b5,644cc68cf5a9549f053b883cca848e1c85425db9cc35ed509fc7c5016c2a9a43,2f6ba9b76f61d9a320fdf9c0eea0135d1d804e9bb59174a014e9550c46640178,9339b5543d930d79d1b5d5d442dd5da686e9cb34f98edc092dd8d8f5486e42b8,,4efe03c8b5e84f2a170f90581236ff369cceff78f38d0553ac435ccf88b560c1,True,1.0205013742233473,0.07381178638882048,0.9900590417914874,1.5066189225899529,OK,
NWP_A2_S33_P050,NWB_A2_S33,STATIONARY_QPP_PRESENT,2,33,50,0.040000000000000001,120,4336ffe242107726964b8b51c66378a90d2570cd732e2037b36e258fa25410b5,644cc68cf5a9549f053b883cca848e1c85425db9cc35ed509fc7c5016c2a9a43,2f6ba9b76f61d9a320fdf9c0eea0135d1d804e9bb59174a014e9550c46640178,9339b5543d930d79d1b5d5d442dd5da686e9cb34f98edc092dd8d8f5486e42b8,674f0e59029daec8cfc80f41d74ad00f44bb99a10c590f954842dfaa03bc0998,7086577a53b1eca4c1f2e7a1e4912dd1040dfc25d45d60ccaddd1551426dbd46,True,1.0204733404700252,0.073547083692911353,0.99005904141090495,1.5027005259562083,OK,
NWP_A2_S33_P080,NWB_A2_S33,STATIONARY_QPP_PRESENT,2,33,80,0.040000000000000001,120,4336ffe242107726964b8b51c66378a90d2570cd732e2037b36e258fa25410b5,644cc68cf5a9549f053b883cca848e1c85425db9cc35ed509fc7c5016c2a9a43,2f6ba9b76f61d9a320fdf9c0eea0135d1d804e9bb59174a014e9550c46640178,9339b5543d930d79d1b5d5d442dd5da686e9cb34f98edc092dd8d8f5486e42b8,268bd0eaddd08b738475730e8c61ad1cfec4311f6c77b19b11425f5014a90a58,cf30de1bca797cc1c4e88b48522c45d040c8125bf1c4843ed16288c9a1a877c7,True,1.0204293287530413,0.073212503762956002,0.99005904268455813,1.5027005259562083,OK,
NWP_A2_S34_NULL,NWB_A2_S34,NULL_FLARE_RED_NOISE,2,34,,,120,4336ffe242107726964b8b51c66378a90d2570cd732e2037b36e258fa25410b5,644cc68cf5a9549f053b883cca848e1c85425db9cc35ed509fc7c5016c2a9a43,747cbdde0db5aa687fb0d398913368d0d6a873db942efc6a6cdef54b88ae5d96,cc4be60deef307ce301b56c991b0c8b88a4964bcc21dd8c3d0b85e7235d4fa1f,,ded0389b6a0569097a88734e5f4c6828e3956eab57be047ad6179611fd470c90,True,1.0205013742233473,0.07212504018967969,0.99220451437630786,1.4960040978927398,OK,
NWP_A2_S34_P050,NWB_A2_S34,STATIONARY_QPP_PRESENT,2,34,50,0.040000000000000001,120,4336ffe242107726964b8b51c66378a90d2570cd732e2037b36e258fa25410b5,644cc68cf5a9549f053b883cca848e1c85425db9cc35ed509fc7c5016c2a9a43,747cbdde0db5aa687fb0d398913368d0d6a873db942efc6a6cdef54b88ae5d96,cc4be60deef307ce301b56c991b0c8b88a4964bcc21dd8c3d0b85e7235d4fa1f,6b12c7ebfb6aba8df7015af2e08326094f8648f56d607c6d98120dce7958ebf3,440891e2c19ed0417336f19a5eb76768e60a1e361b109a770653df8b452f493b,True,1.0204291553246192,0.071472307521276618,0.99220451764944917,1.4779323535037621,OK,
NWP_A2_S34_P080,NWB_A2_S34,STATIONARY_QPP_PRESENT,2,34,80,0.040000000000000001,120,4336ffe242107726964b8b51c66378a90d2570cd732e2037b36e258fa25410b5,644cc68cf5a9549f053b883cca848e1c85425db9cc35ed509fc7c5016c2a9a43,747cbdde0db5aa687fb0d398913368d0d6a873db942efc6a6cdef54b88ae5d96,cc4be60deef307ce301b56c991b0c8b88a4964bcc21dd8c3d0b85e7235d4fa1f,eacca960ac7c7d677e5d58ba0c2d3865b797734d1fa61898eda0d811279e8cc8,79dc7ca4c15718c64031ef219df710dded0821c49edcfc7bfc7d3bf1e5265972,True,1.0203896362680136,0.071222991424689422,0.99220450343958655,1.4779323535037621,OK,
NWP_A2_S35_NULL,NWB_A2_S35,NULL_FLARE_RED_NOISE,2,35,,,120,4336ffe242107726964b8b51c66378a90d2570cd732e2037b36e258fa25410b5,644cc68cf5a9549f053b883cca848e1c85425db9cc35ed509fc7c5016c2a9a43,6dc6c2b56822c785d1c26e34ca8e1524a83ae2f1850174aed584a9e08b3ae3ff,b316168bd7da3a0bf79350587e945883add9e0a32ba7711646e7363e23c89101,,3ab22df37b7e4f5a931c794a4f2679bb6046f1e6e0c369e1435683bd41cbe0c5,True,1.0205013742233473,0.069825704679729081,0.9925595761150231,1.4931866855441269,OK,
NWP_A2_S35_P050,NWB_A2_S35,STATIONARY_QPP_PRESENT,2,35,50,0.040000000000000001,120,4336ffe242107726964b8b51c66378a90d2570cd732e2037b36e258fa25410b5,644cc68cf5a9549f053b883cca848e1c85425db9cc35ed509fc7c5016c2a9a43,6dc6c2b56822c785d1c26e34ca8e1524a83ae2f1850174aed584a9e08b3ae3ff,b316168bd7da3a0bf79350587e945883add9e0a32ba7711646e7363e23c89101,bad12e79ec9d277f09d511ad1ef8713f4227239cf6839b6f759e2421bc556a3c,2c9e2f591d493a4fcd0cab0079e51673455e104b145c92e1b5bb10e61d9e414f,True,1.0205453046087338,0.070290281728606532,0.99255957611515677,1.5017325117108096,OK,
NWP_A2_S35_P080,NWB_A2_S35,STATIONARY_QPP_PRESENT,2,35,80,0.040000000000000001,120,4336ffe242107726964b8b51c66378a90d2570cd732e2037b36e258fa25410b5,644cc68cf5a9549f053b883cca848e1c85425db9cc35ed509fc7c5016c2a9a43,6dc6c2b56822c785d1c26e34ca8e1524a83ae2f1850174aed584a9e08b3ae3ff,b316168bd7da3a0bf79350587e945883add9e0a32ba7711646e7363e23c89101,29b0a48724278ed8c50680be7cb2bab26cb7941053edc6d738835fc29ab2f6f7,b75e6b94ba5219ecfecd53c8f7b56c3f255574306bb74e944ec4852862d97ac8,True,1.0205920013191694,0.070634086874469676,0.99255957611567391,1.5017325117108096,OK,
NWP_A2_S36_NULL,NWB_A2_S36,NULL_FLARE_RED_NOISE,2,36,,,120,4336ffe242107726964b8b51c66378a90d2570cd732e2037b36e258fa25410b5,644cc68cf5a9549f053b883cca848e1c85425db9cc35ed509fc7c5016c2a9a43,7ede0f5b33a1df5dd1966da7dbb62468a2831f474de041b9a6f603ddfa01b03d,ed7b4d8c49b89cd1e8e6fcdee00afa98e2a0bb6bd8763a20a7c11c28ef6111f8,,3a342de4f8b5d9c7e32330e0b486f0fa9dce1ce9091a5523318160caec78ae6d,True,1.0205013742233471,0.070825788596665051,0.99183102091170949,1.4928205930507685,OK,
NWP_A2_S36_P050,NWB_A2_S36,STATIONARY_QPP_PRESENT,2,36,50,0.040000000000000001,120,4336ffe242107726964b8b51c66378a90d2570cd732e2037b36e258fa25410b5,644cc68cf5a9549f053b883cca848e1c85425db9cc35ed509fc7c5016c2a9a43,7ede0f5b33a1df5dd1966da7dbb62468a2831f474de041b9a6f603ddfa01b03d,ed7b4d8c49b89cd1e8e6fcdee00afa98e2a0bb6bd8763a20a7c11c28ef6111f8,71c3c19cd0b5f090c5b7e5b947cf31fc4d53eb76cf460b507c4dd5bb99d11343,cfa6a02f4d85b15ea0f2bd6bc0407f0b68b5cffc05b9ecc20a84497d3a1207c9,True,1.0204682189137613,0.070570995460599473,0.99183102091171016,1.4807447292288589,OK,
NWP_A2_S36_P080,NWB_A2_S36,STATIONARY_QPP_PRESENT,2,36,80,0.040000000000000001,120,4336ffe242107726964b8b51c66378a90d2570cd732e2037b36e258fa25410b5,644cc68cf5a9549f053b883cca848e1c85425db9cc35ed509fc7c5016c2a9a43,7ede0f5b33a1df5dd1966da7dbb62468a2831f474de041b9a6f603ddfa01b03d,ed7b4d8c49b89cd1e8e6fcdee00afa98e2a0bb6bd8763a20a7c11c28ef6111f8,9d5d382c332676e8ae0888195470d62f9d9c5f153d5c427616ec43b9d352f0a3,62732c14ef322a962f18b4d307d832fbecd0ccc4ecc6eb3758bec713241128f3,True,1.0204850670669947,0.070746609559796295,0.99183102091172926,1.4807447292288589,OK,
NWP_A2_S37_NULL,NWB_A2_S37,NULL_FLARE_RED_NOISE,2,37,,,120,4336ffe242107726964b8b51c66378a90d2570cd732e2037b36e258fa25410b5,644cc68cf5a9549f053b883cca848e1c85425db9cc35ed509fc7c5016c2a9a43,328e5283a0da6c529309e1a053d49a87fdec900368bd9c87e350264d5908e00e,7f3853f716ffe6f0940318b162584e74c8cc80cc0ae9268db2e7ed3b594809e5,,d6553a68d385936608dbb2591f839e14ec4faf911bc11d486d82cf41c7b0e50d,True,1.0205013742233473,0.071797793299145124,0.99013905199470842,1.5018473906314584,OK,
NWP_A2_S37_P050,NWB_A2_S37,STATIONARY_QPP_PRESENT,2,37,50,0.040000000000000001,120,4336ffe242107726964b8b51c66378a90d2570cd732e2037b36e258fa25410b5,644cc68cf5a9549f053b883cca848e1c85425db9cc35ed509fc7c5016c2a9a43,328e5283a0da6c529309e1a053d49a87fdec900368bd9c87e350264d5908e00e,7f3853f716ffe6f0940318b162584e74c8cc80cc0ae9268db2e7ed3b594809e5,cc4053abad0bca06da8eacbf5f024ac5055e11456812321dbad6a5bec3f61637,356d8d19ad17251015738a96840d404e51b75eea7c1af55447f3344487a99ac1,True,1.0204374816166975,0.071202045406803013,0.99013906776848004,1.4869564973386573,OK,
NWP_A2_S37_P080,NWB_A2_S37,STATIONARY_QPP_PRESENT,2,37,80,0.040000000000000001,120,4336ffe242107726964b8b51c66378a90d2570cd732e2037b36e258fa25410b5,644cc68cf5a9549f053b883cca848e1c85425db9cc35ed509fc7c5016c2a9a43,328e5283a0da6c529309e1a053d49a87fdec900368bd9c87e350264d5908e00e,7f3853f716ffe6f0940318b162584e74c8cc80cc0ae9268db2e7ed3b594809e5,65b2c891ae0a84667f1acc90a1dcd87dd6a7abe0ee3b202068c1cb5272f9ce2e,a753dbfcfae1ed3e573ed8b6c4486e2dfc7087b438c02ff4befda1336ab2280b,True,1.0203923589590858,0.070892134463243078,0.99013906258054285,1.4869564973386573,OK,
NWP_A2_S38_NULL,NWB_A2_S38,NULL_FLARE_RED_NOISE,2,38,,,120,4336ffe242107726964b8b51c66378a90d2570cd732e2037b36e258fa25410b5,644cc68cf5a9549f053b883cca848e1c85425db9cc35ed509fc7c5016c2a9a43,858bdcf6047cb61fd712233fda705ac7e8d119986cbfd74e5a4db3b614b94ce4,8e4c2ee409bec419d2569543383927fc027fa47a442cde58fc1e797b050cc4f1,,45c9f28da55bb89b6ab2cb014f7eb2935f8ca09bdcdab9f03b8f19346696055a,True,1.0205013742233473,0.072126935384938418,0.99310409537469457,1.5025638709933078,OK,
NWP_A2_S38_P050,NWB_A2_S38,STATIONARY_QPP_PRESENT,2,38,50,0.040000000000000001,120,4336ffe242107726964b8b51c66378a90d2570cd732e2037b36e258fa25410b5,644cc68cf5a9549f053b883cca848e1c85425db9cc35ed509fc7c5016c2a9a43,858bdcf6047cb61fd712233fda705ac7e8d119986cbfd74e5a4db3b614b94ce4,8e4c2ee409bec419d2569543383927fc027fa47a442cde58fc1e797b050cc4f1,2103027801ac7b997b37ebcb064fd6d6591b08f9c8e34df308a4d3ca506058a6,2e01a52d39e46c2991fa12b82fd04e855231b0b5ac9360549d54a3a1615c97f4,True,1.0204287709868978,0.071483858358972904,0.99308830202889387,1.4825846943497467,OK,
NWP_A2_S38_P080,NWB_A2_S38,STATIONARY_QPP_PRESENT,2,38,80,0.040000000000000001,120,4336ffe242107726964b8b51c66378a90d2570cd732e2037b36e258fa25410b5,644cc68cf5a9549f053b883cca848e1c85425db9cc35ed509fc7c5016c2a9a43,858bdcf6047cb61fd712233fda705ac7e8d119986cbfd74e5a4db3b614b94ce4,8e4c2ee409bec419d2569543383927fc027fa47a442cde58fc1e797b050cc4f1,29dfcb7ea879ac35b9f5baddcfc9c5babba87a26ea85c55fe37501cf5c8d17e3,2d2aebe2fce3c494eb89314ba27a8ddd0999a8f3dd0415a42e43357d74924ffa,True,1.0204058117194708,0.071365365341226172,0.99311988872049528,1.4825846943497467,OK,
NWP_A2_S39_NULL,NWB_A2_S39,NULL_FLARE_RED_NOISE,2,39,,,120,4336ffe242107726964b8b51c66378a90d2570cd732e2037b36e258fa25410b5,644cc68cf5a9549f053b883cca848e1c85425db9cc35ed509fc7c5016c2a9a43,68dea7c5be2b5cba67f9ab48285c4d3630a0b1b4d6b62a54433a039847698615,16ee8fec082af3356f81fc20873f627da7baaf401c951741a9b3c0b9256a322c,,a3ca0cdf754e17e177c90d688e2566e5f17490d7cb2a64636dba76b8f0971d5a,True,1.0205013742233473,0.073568908695702095,0.99279216998758246,1.506832434625224,OK,
NWP_A2_S39_P050,NWB_A2_S39,STATIONARY_QPP_PRESENT,2,39,50,0.040000000000000001,120,4336ffe242107726964b8b51c66378a90d2570cd732e2037b36e258fa25410b5,644cc68cf5a9549f053b883cca848e1c85425db9cc35ed509fc7c5016c2a9a43,68dea7c5be2b5cba67f9ab48285c4d3630a0b1b4d6b62a54433a039847698615,16ee8fec082af3356f81fc20873f627da7baaf401c951741a9b3c0b9256a322c,a6647a09af217925bb4a1dc903bb41aa2db1f325c672251be8df34ca72dad70e,75860dac01e345995e2f17be845903e2e7501595c2fb5db5f0f4cf7c48003113,True,1.0204536041513932,0.073180655605425707,0.99279227632181943,1.4913855577844892,OK,
NWP_A2_S39_P080,NWB_A2_S39,STATIONARY_QPP_PRESENT,2,39,80,0.040000000000000001,120,4336ffe242107726964b8b51c66378a90d2570cd732e2037b36e258fa25410b5,644cc68cf5a9549f053b883cca848e1c85425db9cc35ed509fc7c5016c2a9a43,68dea7c5be2b5cba67f9ab48285c4d3630a0b1b4d6b62a54433a039847698615,16ee8fec082af3356f81fc20873f627da7baaf401c951741a9b3c0b9256a322c,62cce9beaeeffb30667256e9c5918dc5451823bbdbd22ffa34cbf882a87f538c,4282e0618de9252e5179190513050d8e76d151a37b567b6228faa658cc6d2629,True,1.0204598057794281,0.073276764139802622,0.99279210232199822,1.4913855577844892,OK,
