series_id,condition_id,parent_id,block_id,ground_truth,n_samples,duration_s,red_noise_alpha,period_s,qpp_fraction,data_seed,external_optimizer_seed,decision_status,bic_m0,bic_m1,bic_m2,delta_bic_0_1,delta_bic_2_1,joint_margin,margin_limiting_model,bic_winner,qpp_selected,estimated_period_s,period_population_label,signed_period_error_s,absolute_period_error_s,relative_signed_error,relative_absolute_error
NWS000001,NW001_NULL_N015_A0,NWP_A0_S00_NULL,NWB_A0_S00,NULL_FLARE_RED_NOISE,15,280.0,0.0,,,0,0,VALID,-5.824993800457396,-0.26337177232225173,-2.1794023168172965,-5.561622028135144,-1.9160305444950447,-15.561622028135144,M0,M0,False,129.75885275649713,,,,,
NWS000002,NW001_NULL_N015_A0,NWP_A0_S01_NULL,NWB_A0_S01,NULL_FLARE_RED_NOISE,15,280.0,0.0,,,1,0,VALID,-4.407212665721925,1.181590990064958,-0.725998414703878,-5.588803655786883,-1.907589404768836,-15.588803655786883,M0,M0,False,128.38883369818976,,,,,
NWS000003,NW001_NULL_N015_A0,NWP_A0_S02_NULL,NWB_A0_S02,NULL_FLARE_RED_NOISE,15,280.0,0.0,,,2,0,VALID,-5.220944266303205,0.36694420498655056,-1.591954574529983,-5.587888471289755,-1.9588987795165336,-15.587888471289755,M0,M0,False,173.37490389888973,,,,,
NWS000004,NW001_NULL_N015_A0,NWP_A0_S03_NULL,NWB_A0_S03,NULL_FLARE_RED_NOISE,15,280.0,0.0,,,3,0,VALID,-4.4386940162013815,1.1260377694625152,-0.6650695152895532,-5.564731785663897,-1.7911072847520684,-15.564731785663897,M0,M0,False,221.27454248011435,,,,,
NWS000005,NW001_NULL_N015_A0,NWP_A0_S04_NULL,NWB_A0_S04,NULL_FLARE_RED_NOISE,15,280.0,0.0,,,4,0,VALID,-3.8448894556834916,1.7072156387987185,-0.21740934634650788,-5.55210509448221,-1.9246249851452264,-15.55210509448221,M0,M0,False,129.98049137356668,,,,,
NWS000006,NW001_NULL_N015_A0,NWP_A0_S05_NULL,NWB_A0_S05,NULL_FLARE_RED_NOISE,15,280.0,0.0,,,5,0,VALID,-5.095970775600332,0.3634044625299051,-1.5824808803669503,-5.459375238130237,-1.9458853428968554,-15.459375238130237,M0,M0,False,169.24429273644552,,,,,
NWS000007,NW001_NULL_N015_A0,NWP_A0_S06_NULL,NWB_A0_S06,NULL_FLARE_RED_NOISE,15,280.0,0.0,,,6,0,VALID,-5.555728694936672,-0.04323661648944466,-1.9918592677612361,-5.512492078447227,-1.9486226512717915,-15.512492078447227,M0,M0,False,166.08174867228485,,,,,
NWS000008,NW001_NULL_N015_A0,NWP_A0_S07_NULL,NWB_A0_S07,NULL_FLARE_RED_NOISE,15,280.0,0.0,,,7,0,VALID,-4.896213773744302,0.5406030863320854,-1.3806064516471084,-5.436816860076387,-1.9212095379791938,-15.436816860076387,M0,M0,False,211.0459122344294,,,,,
NWS000009,NW001_NULL_N015_A0,NWP_A0_S08_NULL,NWB_A0_S08,NULL_FLARE_RED_NOISE,15,280.0,0.0,,,8,0,VALID,-5.646218542351839,-0.17875846127957473,-2.1162674022542314,-5.467460081072264,-1.9375089409746566,-15.467460081072264,M0,M0,False,151.19077864311532,,,,,
NWS000010,NW001_NULL_N015_A0,NWP_A0_S09_NULL,NWB_A0_S09,NULL_FLARE_RED_NOISE,15,280.0,0.0,,,9,0,VALID,-4.492185034727854,1.1075747118193888,-0.8708523046570145,-5.599759746547242,-1.9784270164764033,-15.599759746547242,M0,M0,False,175.12067436557595,,,,,
NWS000011,NW001_NULL_N015_A0,NWP_A0_S10_NULL,NWB_A0_S10,NULL_FLARE_RED_NOISE,15,280.0,0.0,,,10,0,VALID,-4.173883104543561,1.338305093476711,-0.6307960083401474,-5.512188198020272,-1.9691011018168583,-15.512188198020272,M0,M0,False,176.01143501240594,,,,,
NWS000012,NW001_NULL_N015_A0,NWP_A0_S11_NULL,NWB_A0_S11,NULL_FLARE_RED_NOISE,15,280.0,0.0,,,11,0,VALID,-5.025593153168426,0.5336708210362389,-1.3919654899626783,-5.559263974204665,-1.9256363109989172,-15.559263974204665,M0,M0,False,201.83464761225417,,,,,
NWS000013,NW001_NULL_N015_A0,NWP_A0_S12_NULL,NWB_A0_S12,NULL_FLARE_RED_NOISE,15,280.0,0.0,,,12,0,VALID,-4.470117146543901,1.1889986570375708,-0.7302894332674912,-5.6591158035814715,-1.919288090305062,-15.659115803581471,M0,M0,False,201.80394417384323,,,,,
NWS000014,NW001_NULL_N015_A0,NWP_A0_S13_NULL,NWB_A0_S13,NULL_FLARE_RED_NOISE,15,280.0,0.0,,,13,0,VALID,-4.564202409698213,1.0015981676210224,-0.9153989186541773,-5.565800577319235,-1.9169970862751997,-15.565800577319235,M0,M0,False,47.10629364870568,,,,,
NWS000015,NW001_NULL_N015_A0,NWP_A0_S14_NULL,NWB_A0_S14,NULL_FLARE_RED_NOISE,15,280.0,0.0,,,14,0,VALID,-5.198409883651143,0.37974153970731983,-1.5570246357455124,-5.578151423358463,-1.9367661754528323,-15.578151423358463,M0,M0,False,190.30544153248,,,,,
NWS000016,NW001_NULL_N015_A0,NWP_A0_S15_NULL,NWB_A0_S15,NULL_FLARE_RED_NOISE,15,280.0,0.0,,,15,0,VALID,-4.667900921011341,0.8657562602559583,-0.9831584949493015,-5.5336571812673,-1.8489147552052598,-15.5336571812673,M0,M0,False,215.4231026940301,,,,,
NWS000017,NW001_NULL_N015_A0,NWP_A0_S16_NULL,NWB_A0_S16,NULL_FLARE_RED_NOISE,15,280.0,0.0,,,16,0,VALID,-4.037308303174299,1.6786832552410669,-0.19705057638864165,-5.715991558415366,-1.8757338316297085,-15.715991558415366,M0,M0,False,215.66418297793376,,,,,
NWS000018,NW001_NULL_N015_A0,NWP_A0_S17_NULL,NWB_A0_S17,NULL_FLARE_RED_NOISE,15,280.0,0.0,,,17,0,VALID,-4.801341050930063,0.7131755390836911,-1.2208658871155107,-5.514516590013754,-1.9340414261992018,-15.514516590013754,M0,M0,False,166.57865384953243,,,,,
NWS000019,NW001_NULL_N015_A0,NWP_A0_S18_NULL,NWB_A0_S18,NULL_FLARE_RED_NOISE,15,280.0,0.0,,,18,0,VALID,-3.9641498419819396,1.6358739059296212,-0.27974610875300154,-5.60002374791156,-1.9156200146826228,-15.60002374791156,M0,M0,False,213.25087490380278,,,,,
NWS000020,NW001_NULL_N015_A0,NWP_A0_S19_NULL,NWB_A0_S19,NULL_FLARE_RED_NOISE,15,280.0,0.0,,,19,0,VALID,-3.8121301802481047,1.8720166903012245,0.0038528749033206466,-5.684146870549329,-1.8681638153979039,-15.684146870549329,M0,M0,False,234.8257532900721,,,,,
NWS000021,NW001_NULL_N015_A0,NWP_A0_S20_NULL,NWB_A0_S20,NULL_FLARE_RED_NOISE,15,280.0,0.0,,,20,0,VALID,-4.191436342208526,1.0533446858644826,-0.8961686369488602,-5.2447810280730085,-1.9495133228133428,-15.244781028073008,M0,M0,False,171.58823902947626,,,,,
NWS000022,NW001_NULL_N015_A0,NWP_A0_S21_NULL,NWB_A0_S21,NULL_FLARE_RED_NOISE,15,280.0,0.0,,,21,0,VALID,-4.221079143610488,1.318567916604815,-0.6269754557838629,-5.539647060215303,-1.945543372388678,-15.539647060215303,M0,M0,False,162.40485827733667,,,,,
NWS000023,NW001_NULL_N015_A0,NWP_A0_S22_NULL,NWB_A0_S22,NULL_FLARE_RED_NOISE,15,280.0,0.0,,,22,0,VALID,-4.456809570904408,1.0898897138694057,-0.8528087769112966,-5.546699284773814,-1.9426984907807023,-15.546699284773814,M0,M0,False,129.79319673838867,,,,,
NWS000024,NW001_NULL_N015_A0,NWP_A0_S23_NULL,NWB_A0_S23,NULL_FLARE_RED_NOISE,15,280.0,0.0,,,23,0,VALID,-5.610030904080917,-0.07144230677308983,-1.9547917269945705,-5.538588597307827,-1.8833494202214807,-15.538588597307827,M0,M0,False,233.38142344092103,,,,,
NWS000025,NW001_NULL_N015_A0,NWP_A0_S24_NULL,NWB_A0_S24,NULL_FLARE_RED_NOISE,15,280.0,0.0,,,24,0,VALID,-5.323246468266197,0.36765471597591315,-1.4942980112973592,-5.69090118424211,-1.8619527272732723,-15.69090118424211,M0,M0,False,234.68704536256593,,,,,
NWS000026,NW001_NULL_N015_A0,NWP_A0_S25_NULL,NWB_A0_S25,NULL_FLARE_RED_NOISE,15,280.0,0.0,,,25,0,VALID,-4.2095863587992,1.231065148979555,-0.7190765587847396,-5.440651507778755,-1.9501417077642946,-15.440651507778755,M0,M0,False,181.9141036946281,,,,,
NWS000027,NW001_NULL_N015_A0,NWP_A0_S26_NULL,NWB_A0_S26,NULL_FLARE_RED_NOISE,15,280.0,0.0,,,26,0,VALID,-4.217303797700314,1.1906687907866846,-0.7572426205580856,-5.407972588486999,-1.9479114113447702,-15.407972588486999,M0,M0,False,169.60397988081075,,,,,
NWS000028,NW001_NULL_N015_A0,NWP_A0_S27_NULL,NWB_A0_S27,NULL_FLARE_RED_NOISE,15,280.0,0.0,,,27,0,VALID,-4.741383619143885,0.7592418971736716,-1.1618496805707972,-5.500625516317557,-1.9210915777444688,-15.500625516317557,M0,M0,False,127.67908511853511,,,,,
NWS000029,NW001_NULL_N015_A0,NWP_A0_S28_NULL,NWB_A0_S28,NULL_FLARE_RED_NOISE,15,280.0,0.0,,,28,0,VALID,-4.444538841227303,1.159627814827278,-0.7606303665323653,-5.604166656054581,-1.9202581813596433,-15.60416665605458,M0,M0,False,148.56506398603526,,,,,
NWS000030,NW001_NULL_N015_A0,NWP_A0_S29_NULL,NWB_A0_S29,NULL_FLARE_RED_NOISE,15,280.0,0.0,,,29,0,VALID,-4.7916222525861905,0.6964810978086327,-1.2533240657903102,-5.488103350394823,-1.9498051635989428,-15.488103350394823,M0,M0,False,175.60598452728883,,,,,
NWS000031,NW001_NULL_N015_A0,NWP_A0_S30_NULL,NWB_A0_S30,NULL_FLARE_RED_NOISE,15,280.0,0.0,,,30,0,VALID,-5.026080037378337,0.5231976510713778,-1.3057078635906931,-5.549277688449715,-1.828905514662071,-15.549277688449715,M0,M0,False,217.7764320618134,,,,,
NWS000032,NW001_NULL_N015_A0,NWP_A0_S31_NULL,NWB_A0_S31,NULL_FLARE_RED_NOISE,15,280.0,0.0,,,31,0,VALID,-4.079883924441319,1.4727245999933736,-0.43832685694256224,-5.552608524434692,-1.9110514569359358,-15.552608524434692,M0,M0,False,128.7280708330673,,,,,
NWS000033,NW001_NULL_N015_A0,NWP_A0_S32_NULL,NWB_A0_S32,NULL_FLARE_RED_NOISE,15,280.0,0.0,,,32,0,VALID,-4.544013870435089,0.9866260581402813,-0.9780244662585806,-5.53063992857537,-1.964650524398862,-15.53063992857537,M0,M0,False,170.1561670076568,,,,,
NWS000034,NW001_NULL_N015_A0,NWP_A0_S33_NULL,NWB_A0_S33,NULL_FLARE_RED_NOISE,15,280.0,0.0,,,33,0,VALID,-5.035340596149295,0.4660941801355811,-1.399318715965797,-5.501434776284876,-1.865412896101378,-15.501434776284876,M0,M0,False,124.16831708598198,,,,,
NWS000035,NW001_NULL_N015_A0,NWP_A0_S34_NULL,NWB_A0_S34,NULL_FLARE_RED_NOISE,15,280.0,0.0,,,34,0,VALID,-6.102415324445863,-0.8365330277708516,-2.781384230446821,-5.265882296675011,-1.9448512026759692,-15.265882296675011,M0,M0,False,170.38370870271805,,,,,
NWS000036,NW001_NULL_N015_A0,NWP_A0_S35_NULL,NWB_A0_S35,NULL_FLARE_RED_NOISE,15,280.0,0.0,,,35,0,VALID,-5.470279913951273,0.08384181778719935,-1.7605507094174309,-5.554121731738473,-1.8443925272046302,-15.554121731738473,M0,M0,False,237.0173601494822,,,,,
NWS000037,NW001_NULL_N015_A0,NWP_A0_S36_NULL,NWB_A0_S36,NULL_FLARE_RED_NOISE,15,280.0,0.0,,,36,0,VALID,-4.8665969456195235,0.6752414723876701,-1.2434213590918235,-5.541838418007194,-1.9186628314794936,-15.541838418007194,M0,M0,False,47.25796531224467,,,,,
NWS000038,NW001_NULL_N015_A0,NWP_A0_S37_NULL,NWB_A0_S37,NULL_FLARE_RED_NOISE,15,280.0,0.0,,,37,0,VALID,-5.331499616434735,0.04800789377484982,-1.818397323447278,-5.379507510209585,-1.8664052172221277,-15.379507510209585,M0,M0,False,126.78688119956757,,,,,
NWS000039,NW001_NULL_N015_A0,NWP_A0_S38_NULL,NWB_A0_S38,NULL_FLARE_RED_NOISE,15,280.0,0.0,,,38,0,VALID,-5.551560844293089,-0.1573262086029832,-2.0514269465192934,-5.394234635690106,-1.8941007379163102,-15.394234635690106,M0,M0,False,211.81461900843888,,,,,
NWS000040,NW001_NULL_N015_A0,NWP_A0_S39_NULL,NWB_A0_S39,NULL_FLARE_RED_NOISE,15,280.0,0.0,,,39,0,VALID,-5.10615734019683,0.3165616072283388,-1.639651523465008,-5.422718947425169,-1.9562131306933468,-15.42271894742517,M0,M0,False,172.53281871555714,,,,,
NWS000041,NW002_QPP_N015_P050_A0_Q040,NWP_A0_S00_P050,NWB_A0_S00,STATIONARY_QPP_PRESENT,15,280.0,0.0,50.0,0.04,0,0,VALID,-6.647658536821394,-1.2039214880923215,-3.209072130822414,-5.443737048729073,-2.0051506427300927,-15.443737048729073,M0,M0,False,57.34151354363065,formal_m1_center_not_selected,7.341513543630647,7.341513543630647,0.14683027087261294,0.14683027087261294
NWS000042,NW002_QPP_N015_P050_A0_Q040,NWP_A0_S01_P050,NWB_A0_S01,STATIONARY_QPP_PRESENT,15,280.0,0.0,50.0,0.04,1,0,VALID,-5.321627073885454,-0.029724229008987635,-1.5681633364335008,-5.291902844876466,-1.5384391074245132,-15.291902844876466,M0,M0,False,55.54288158911067,formal_m1_center_not_selected,5.542881589110671,5.542881589110671,0.11085763178221342,0.11085763178221342
NWS000043,NW002_QPP_N015_P050_A0_Q040,NWP_A0_S02_P050,NWB_A0_S02,STATIONARY_QPP_PRESENT,15,280.0,0.0,50.0,0.04,2,0,VALID,-4.65682584977154,0.794144104440365,-0.8126453718696967,-5.450969954211905,-1.6067894763100616,-15.450969954211905,M0,M0,False,53.627232874758526,formal_m1_center_not_selected,3.6272328747585263,3.6272328747585263,0.07254465749517053,0.07254465749517053
NWS000044,NW002_QPP_N015_P050_A0_Q040,NWP_A0_S03_P050,NWB_A0_S03,STATIONARY_QPP_PRESENT,15,280.0,0.0,50.0,0.04,3,0,VALID,-5.3966077811319675,0.13508681063541417,-1.8037841349545003,-5.531694591767382,-1.9388709455899145,-15.531694591767382,M0,M0,False,164.92017185586272,formal_m1_center_not_selected,114.92017185586272,114.92017185586272,2.2984034371172544,2.2984034371172544
NWS000045,NW002_QPP_N015_P050_A0_Q040,NWP_A0_S04_P050,NWB_A0_S04,STATIONARY_QPP_PRESENT,15,280.0,0.0,50.0,0.04,4,0,VALID,-2.2936834584797308,2.9816237824923455,1.0829148798567827,-5.275307240972076,-1.8987089026355628,-15.275307240972076,M0,M0,False,162.8682179700006,formal_m1_center_not_selected,112.86821797000059,112.86821797000059,2.257364359400012,2.257364359400012
NWS000046,NW002_QPP_N015_P050_A0_Q040,NWP_A0_S05_P050,NWB_A0_S05,STATIONARY_QPP_PRESENT,15,280.0,0.0,50.0,0.04,5,0,VALID,-6.496536421930717,-0.872399729342554,-2.785175787341463,-5.624136692588163,-1.9127760579989088,-15.624136692588163,M0,M0,False,125.82320257924385,formal_m1_center_not_selected,75.82320257924385,75.82320257924385,1.516464051584877,1.516464051584877
NWS000047,NW002_QPP_N015_P050_A0_Q040,NWP_A0_S06_P050,NWB_A0_S06,STATIONARY_QPP_PRESENT,15,280.0,0.0,50.0,0.04,6,0,VALID,-5.179491753361209,0.1989814236451366,-1.5389580153022377,-5.378473177006345,-1.7379394389473743,-15.378473177006345,M0,M0,False,52.11865422784659,formal_m1_center_not_selected,2.1186542278465907,2.1186542278465907,0.04237308455693181,0.04237308455693181
NWS000048,NW002_QPP_N015_P050_A0_Q040,NWP_A0_S07_P050,NWB_A0_S07,STATIONARY_QPP_PRESENT,15,280.0,0.0,50.0,0.04,7,0,VALID,-3.461660681752932,1.9415869982224905,0.1620905193652442,-5.403247679975422,-1.7794964788572463,-15.403247679975422,M0,M0,False,52.66676575853587,formal_m1_center_not_selected,2.666765758535867,2.666765758535867,0.05333531517071734,0.05333531517071734
NWS000049,NW002_QPP_N015_P050_A0_Q040,NWP_A0_S08_P050,NWB_A0_S08,STATIONARY_QPP_PRESENT,15,280.0,0.0,50.0,0.04,8,0,VALID,-4.162493336272924,1.1496014166215236,-0.5429164622018385,-5.312094752894447,-1.6925178788233621,-15.312094752894447,M0,M0,False,47.84245733757684,formal_m1_center_not_selected,-2.157542662423161,2.157542662423161,-0.04315085324846322,0.04315085324846322
NWS000050,NW002_QPP_N015_P050_A0_Q040,NWP_A0_S09_P050,NWB_A0_S09,STATIONARY_QPP_PRESENT,15,280.0,0.0,50.0,0.04,9,0,VALID,-5.705774138960724,-0.0034268153618111086,-1.9765426909088122,-5.702347323598913,-1.973115875547001,-15.702347323598913,M0,M0,False,138.2587832770291,formal_m1_center_not_selected,88.2587832770291,88.2587832770291,1.765175665540582,1.765175665540582
NWS000051,NW002_QPP_N015_P050_A0_Q040,NWP_A0_S10_P050,NWB_A0_S10,STATIONARY_QPP_PRESENT,15,280.0,0.0,50.0,0.04,10,0,VALID,-2.5191082529524764,2.614116999917737,0.8344892833373203,-5.133225252870213,-1.7796277165804169,-15.133225252870213,M0,M0,False,45.878797184119875,formal_m1_center_not_selected,-4.121202815880125,4.121202815880125,-0.0824240563176025,0.0824240563176025
NWS000052,NW002_QPP_N015_P050_A0_Q040,NWP_A0_S11_P050,NWB_A0_S11,STATIONARY_QPP_PRESENT,15,280.0,0.0,50.0,0.04,11,0,VALID,-2.9737400033164616,2.2934544570589903,0.7467898111167974,-5.2671944603754515,-1.5466646459421929,-15.267194460375451,M0,M0,False,46.78097332334348,formal_m1_center_not_selected,-3.2190266766565188,3.2190266766565188,-0.06438053353313038,0.06438053353313038
NWS000053,NW002_QPP_N015_P050_A0_Q040,NWP_A0_S12_P050,NWB_A0_S12,STATIONARY_QPP_PRESENT,15,280.0,0.0,50.0,0.04,12,0,VALID,-4.9363071477612515,0.5242165704554083,-1.453628704105971,-5.46052371821666,-1.9778452745613793,-15.46052371821666,M0,M0,False,64.20427982569406,formal_m1_center_not_selected,14.204279825694059,14.204279825694059,0.28408559651388116,0.28408559651388116
NWS000054,NW002_QPP_N015_P050_A0_Q040,NWP_A0_S13_P050,NWB_A0_S13,STATIONARY_QPP_PRESENT,15,280.0,0.0,50.0,0.04,13,0,VALID,-2.620731601244444,2.483227943371274,0.8423684312264443,-5.1039595446157175,-1.6408595121448295,-15.103959544615718,M0,M0,False,46.7534953468435,formal_m1_center_not_selected,-3.2465046531564994,3.2465046531564994,-0.06493009306312998,0.06493009306312998
NWS000055,NW002_QPP_N015_P050_A0_Q040,NWP_A0_S14_P050,NWB_A0_S14,STATIONARY_QPP_PRESENT,15,280.0,0.0,50.0,0.04,14,0,VALID,-5.321327245169504,0.0716388381023858,-1.797465134499821,-5.39296608327189,-1.8691039726022067,-15.39296608327189,M0,M0,False,54.487663822599885,formal_m1_center_not_selected,4.487663822599885,4.487663822599885,0.0897532764519977,0.0897532764519977
NWS000056,NW002_QPP_N015_P050_A0_Q040,NWP_A0_S15_P050,NWB_A0_S15,STATIONARY_QPP_PRESENT,15,280.0,0.0,50.0,0.04,15,0,VALID,-5.52046879621664,-0.07479250865439901,-1.7636049508584781,-5.445676287562241,-1.6888124422040791,-15.445676287562241,M0,M0,False,54.85325653930147,formal_m1_center_not_selected,4.853256539301469,4.853256539301469,0.09706513078602938,0.09706513078602938
NWS000057,NW002_QPP_N015_P050_A0_Q040,NWP_A0_S16_P050,NWB_A0_S16,STATIONARY_QPP_PRESENT,15,280.0,0.0,50.0,0.04,16,0,VALID,-4.775810333705291,0.5241634450579191,-1.4273592382169928,-5.29997377876321,-1.951522683274912,-15.29997377876321,M0,M0,False,64.67983899971448,formal_m1_center_not_selected,14.679838999714477,14.679838999714477,0.2935967799942895,0.2935967799942895
NWS000058,NW002_QPP_N015_P050_A0_Q040,NWP_A0_S17_P050,NWB_A0_S17,STATIONARY_QPP_PRESENT,15,280.0,0.0,50.0,0.04,17,0,VALID,-5.526647606534047,-0.37746922764968005,-1.959473293013235,-5.149178378884367,-1.582004065363555,-15.149178378884367,M0,M0,False,40.0,formal_m1_center_not_selected,-10.0,10.0,-0.2,0.2
NWS000059,NW002_QPP_N015_P050_A0_Q040,NWP_A0_S18_P050,NWB_A0_S18,STATIONARY_QPP_PRESENT,15,280.0,0.0,50.0,0.04,18,0,VALID,-4.942960915385379,0.5736675641151336,-1.2738088484373948,-5.516628479500513,-1.8474764125525285,-15.516628479500513,M0,M0,False,40.0,formal_m1_center_not_selected,-10.0,10.0,-0.2,0.2
NWS000060,NW002_QPP_N015_P050_A0_Q040,NWP_A0_S19_P050,NWB_A0_S19,STATIONARY_QPP_PRESENT,15,280.0,0.0,50.0,0.04,19,0,VALID,-3.035057726982022,2.4183771952362996,0.5023568641789771,-5.453434922218321,-1.9160203310573225,-15.453434922218321,M0,M0,False,158.82759727448024,formal_m1_center_not_selected,108.82759727448024,108.82759727448024,2.1765519454896047,2.1765519454896047
NWS000061,NW002_QPP_N015_P050_A0_Q040,NWP_A0_S20_P050,NWB_A0_S20,STATIONARY_QPP_PRESENT,15,280.0,0.0,50.0,0.04,20,0,VALID,-4.983770279091605,0.5453427864146132,-1.2911026745097507,-5.529113065506218,-1.836445460924364,-15.529113065506218,M0,M0,False,218.29207839152642,formal_m1_center_not_selected,168.29207839152642,168.29207839152642,3.3658415678305285,3.3658415678305285
NWS000062,NW002_QPP_N015_P050_A0_Q040,NWP_A0_S21_P050,NWB_A0_S21,STATIONARY_QPP_PRESENT,15,280.0,0.0,50.0,0.04,21,0,VALID,-2.3180516207535367,3.0560886434277315,1.135108969920993,-5.374140264181268,-1.9209796735067384,-15.374140264181268,M0,M0,False,46.77888301989952,formal_m1_center_not_selected,-3.221116980100483,3.221116980100483,-0.06442233960200966,0.06442233960200966
NWS000063,NW002_QPP_N015_P050_A0_Q040,NWP_A0_S22_P050,NWB_A0_S22,STATIONARY_QPP_PRESENT,15,280.0,0.0,50.0,0.04,22,0,VALID,-3.527218408540462,2.007105401830021,0.2773388455453434,-5.534323810370482,-1.7297665562846776,-15.534323810370482,M0,M0,False,53.95220339089732,formal_m1_center_not_selected,3.952203390897317,3.952203390897317,0.07904406781794635,0.07904406781794635
NWS000064,NW002_QPP_N015_P050_A0_Q040,NWP_A0_S23_P050,NWB_A0_S23,STATIONARY_QPP_PRESENT,15,280.0,0.0,50.0,0.04,23,0,VALID,-3.488650393414894,1.7701702144035298,0.004852932758944384,-5.258820607818423,-1.7653172816445855,-15.258820607818423,M0,M0,False,51.47772991425862,formal_m1_center_not_selected,1.4777299142586173,1.4777299142586173,0.029554598285172345,0.029554598285172345
NWS000065,NW002_QPP_N015_P050_A0_Q040,NWP_A0_S24_P050,NWB_A0_S24,STATIONARY_QPP_PRESENT,15,280.0,0.0,50.0,0.04,24,0,VALID,-4.459056626582321,0.09422111011706669,-1.694966257589459,-4.553277736699387,-1.7891873677065258,-14.553277736699387,M0,M0,False,55.01103947094592,formal_m1_center_not_selected,5.011039470945917,5.011039470945917,0.10022078941891835,0.10022078941891835
NWS000066,NW002_QPP_N015_P050_A0_Q040,NWP_A0_S25_P050,NWB_A0_S25,STATIONARY_QPP_PRESENT,15,280.0,0.0,50.0,0.04,25,0,VALID,-2.4714436077169073,2.684350952640129,0.746570695161906,-5.155794560357036,-1.9377802574782228,-15.155794560357036,M0,M0,False,144.27983310626465,formal_m1_center_not_selected,94.27983310626465,94.27983310626465,1.8855966621252929,1.8855966621252929
NWS000067,NW002_QPP_N015_P050_A0_Q040,NWP_A0_S26_P050,NWB_A0_S26,STATIONARY_QPP_PRESENT,15,280.0,0.0,50.0,0.04,26,0,VALID,-5.021697205048673,0.44475818140509205,-1.4377602705736718,-5.466455386453765,-1.8825184519787639,-15.466455386453765,M0,M0,False,40.0,formal_m1_center_not_selected,-10.0,10.0,-0.2,0.2
NWS000068,NW002_QPP_N015_P050_A0_Q040,NWP_A0_S27_P050,NWB_A0_S27,STATIONARY_QPP_PRESENT,15,280.0,0.0,50.0,0.04,27,0,VALID,-5.174529171503558,0.30724341297286983,-1.4222812187030742,-5.481772584476428,-1.729524631675944,-15.481772584476428,M0,M0,False,55.67212362260832,formal_m1_center_not_selected,5.672123622608318,5.672123622608318,0.11344247245216636,0.11344247245216636
NWS000069,NW002_QPP_N015_P050_A0_Q040,NWP_A0_S28_P050,NWB_A0_S28,STATIONARY_QPP_PRESENT,15,280.0,0.0,50.0,0.04,28,0,VALID,-2.9133091696788793,2.610758165472207,0.6701738267095463,-5.524067335151086,-1.940584338762661,-15.524067335151086,M0,M0,False,181.12159663759462,formal_m1_center_not_selected,131.12159663759462,131.12159663759462,2.6224319327518923,2.6224319327518923
NWS000070,NW002_QPP_N015_P050_A0_Q040,NWP_A0_S29_P050,NWB_A0_S29,STATIONARY_QPP_PRESENT,15,280.0,0.0,50.0,0.04,29,0,VALID,-6.412594155025451,-0.7887042318402422,-2.7032874965512557,-5.623889923185208,-1.9145832647110135,-15.623889923185208,M0,M0,False,154.5664422575234,formal_m1_center_not_selected,104.56644225752339,104.56644225752339,2.0913288451504677,2.0913288451504677
NWS000071,NW002_QPP_N015_P050_A0_Q040,NWP_A0_S30_P050,NWB_A0_S30,STATIONARY_QPP_PRESENT,15,280.0,0.0,50.0,0.04,30,0,VALID,-3.3800191449894705,1.9801253167741812,0.03665594324482502,-5.360144461763651,-1.9434693735293562,-15.360144461763651,M0,M0,False,179.19405343973327,formal_m1_center_not_selected,129.19405343973327,129.19405343973327,2.5838810687946654,2.5838810687946654
NWS000072,NW002_QPP_N015_P050_A0_Q040,NWP_A0_S31_P050,NWB_A0_S31,STATIONARY_QPP_PRESENT,15,280.0,0.0,50.0,0.04,31,0,VALID,-5.069521188688176,0.48831295222937854,-1.4539512089757052,-5.557834140917555,-1.9422641612050837,-15.557834140917555,M0,M0,False,129.06762520387107,formal_m1_center_not_selected,79.06762520387107,79.06762520387107,1.5813525040774215,1.5813525040774215
NWS000073,NW002_QPP_N015_P050_A0_Q040,NWP_A0_S32_P050,NWB_A0_S32,STATIONARY_QPP_PRESENT,15,280.0,0.0,50.0,0.04,32,0,VALID,-5.664525494675315,-0.008284739857508328,-1.9566013290581141,-5.656240754817807,-1.9483165892006058,-15.656240754817807,M0,M0,False,140.1208190477036,formal_m1_center_not_selected,90.1208190477036,90.1208190477036,1.802416380954072,1.802416380954072
NWS000074,NW002_QPP_N015_P050_A0_Q040,NWP_A0_S33_P050,NWB_A0_S33,STATIONARY_QPP_PRESENT,15,280.0,0.0,50.0,0.04,33,0,VALID,-4.035699304598602,0.8480781383393889,-0.22146063110877723,-4.8837774429379905,-1.0695387694481662,-14.88377744293799,M0,M0,False,54.93775170908497,formal_m1_center_not_selected,4.937751709084971,4.937751709084971,0.09875503418169941,0.09875503418169941
NWS000075,NW002_QPP_N015_P050_A0_Q040,NWP_A0_S34_P050,NWB_A0_S34,STATIONARY_QPP_PRESENT,15,280.0,0.0,50.0,0.04,34,0,VALID,-4.257192131724514,0.9110129908791258,-1.023697832127664,-5.16820512260364,-1.9347108230067898,-15.16820512260364,M0,M0,False,124.2785274519095,formal_m1_center_not_selected,74.2785274519095,74.2785274519095,1.4855705490381899,1.4855705490381899
NWS000076,NW002_QPP_N015_P050_A0_Q040,NWP_A0_S35_P050,NWB_A0_S35,STATIONARY_QPP_PRESENT,15,280.0,0.0,50.0,0.04,35,0,VALID,-3.5361014322090747,1.6921351512439493,-0.10847558909072763,-5.228236583453024,-1.800610740334677,-15.228236583453024,M0,M0,False,49.705418337594374,formal_m1_center_not_selected,-0.29458166240562633,0.29458166240562633,-0.0058916332481125265,0.0058916332481125265
NWS000077,NW002_QPP_N015_P050_A0_Q040,NWP_A0_S36_P050,NWB_A0_S36,STATIONARY_QPP_PRESENT,15,280.0,0.0,50.0,0.04,36,0,VALID,-5.938085894509673,-0.42227213114724016,-2.211402695995699,-5.5158137633624325,-1.7891305648484588,-15.515813763362432,M0,M0,False,54.54714926880276,formal_m1_center_not_selected,4.547149268802762,4.547149268802762,0.09094298537605525,0.09094298537605525
NWS000078,NW002_QPP_N015_P050_A0_Q040,NWP_A0_S37_P050,NWB_A0_S37,STATIONARY_QPP_PRESENT,15,280.0,0.0,50.0,0.04,37,0,VALID,-3.493972252640868,1.731425923826837,-0.05463885123939516,-5.225398176467705,-1.7860647750662322,-15.225398176467705,M0,M0,False,51.60429007419889,formal_m1_center_not_selected,1.604290074198893,1.604290074198893,0.03208580148397786,0.03208580148397786
NWS000079,NW002_QPP_N015_P050_A0_Q040,NWP_A0_S38_P050,NWB_A0_S38,STATIONARY_QPP_PRESENT,15,280.0,0.0,50.0,0.04,38,0,VALID,-3.6014487178698045,1.7063768571050701,-0.21134854331327713,-5.307825574974874,-1.9177254004183473,-15.307825574974874,M0,M0,False,235.01794321835342,formal_m1_center_not_selected,185.01794321835342,185.01794321835342,3.7003588643670686,3.7003588643670686
NWS000080,NW002_QPP_N015_P050_A0_Q040,NWP_A0_S39_P050,NWB_A0_S39,STATIONARY_QPP_PRESENT,15,280.0,0.0,50.0,0.04,39,0,VALID,-4.789879719503114,0.25246720577713866,-1.5730724202612025,-5.042346925280253,-1.8255396260383412,-15.042346925280253,M0,M0,False,45.68448135177527,formal_m1_center_not_selected,-4.315518648224732,4.315518648224732,-0.08631037296449463,0.08631037296449463
NWS000081,NW003_QPP_N015_P080_A0_Q040,NWP_A0_S00_P080,NWB_A0_S00,STATIONARY_QPP_PRESENT,15,280.0,0.0,80.0,0.04,0,0,VALID,-6.898760618825511,-1.5755137605511482,-3.5011622950817527,-5.323246858274363,-1.9256485345306045,-15.323246858274363,M0,M0,False,125.9253186924773,formal_m1_center_not_selected,45.925318692477305,45.925318692477305,0.5740664836559664,0.5740664836559664
NWS000082,NW003_QPP_N015_P080_A0_Q040,NWP_A0_S01_P080,NWB_A0_S01,STATIONARY_QPP_PRESENT,15,280.0,0.0,80.0,0.04,1,0,VALID,-5.4581783762287905,-0.103611251073918,-1.895364141854544,-5.3545671251548725,-1.791752890780626,-15.354567125154873,M0,M0,False,125.38031224095795,formal_m1_center_not_selected,45.38031224095795,45.38031224095795,0.5672539030119743,0.5672539030119743
NWS000083,NW003_QPP_N015_P080_A0_Q040,NWP_A0_S02_P080,NWB_A0_S02,STATIONARY_QPP_PRESENT,15,280.0,0.0,80.0,0.04,2,0,VALID,-4.70796267868964,0.997374152366735,-0.9702495341508195,-5.705336831056375,-1.9676236865175545,-15.705336831056375,M0,M0,False,139.31411997595916,formal_m1_center_not_selected,59.31411997595916,59.31411997595916,0.7414264996994895,0.7414264996994895
NWS000084,NW003_QPP_N015_P080_A0_Q040,NWP_A0_S03_P080,NWB_A0_S03,STATIONARY_QPP_PRESENT,15,280.0,0.0,80.0,0.04,3,0,VALID,-4.786849565630359,0.5177545513761181,-1.3720562278673656,-5.304604117006477,-1.8898107792434837,-15.304604117006477,M0,M0,False,237.5425660551941,formal_m1_center_not_selected,157.5425660551941,157.5425660551941,1.9692820756899263,1.9692820756899263
NWS000085,NW003_QPP_N015_P080_A0_Q040,NWP_A0_S04_P080,NWB_A0_S04,STATIONARY_QPP_PRESENT,15,280.0,0.0,80.0,0.04,4,0,VALID,-2.3728017105044583,3.1830597533365577,1.422917099649621,-5.5558614638410155,-1.7601426536869367,-15.555861463841016,M0,M0,False,220.14071324305726,formal_m1_center_not_selected,140.14071324305726,140.14071324305726,1.7517589155382158,1.7517589155382158
NWS000086,NW003_QPP_N015_P080_A0_Q040,NWP_A0_S05_P080,NWB_A0_S05,STATIONARY_QPP_PRESENT,15,280.0,0.0,80.0,0.04,5,0,VALID,-6.090794971367661,-1.0065261902140943,-2.950571274968884,-5.0842687811535665,-1.9440450847547899,-15.084268781153567,M0,M0,False,149.15776797616695,formal_m1_center_not_selected,69.15776797616695,69.15776797616695,0.8644720997020869,0.8644720997020869
NWS000087,NW003_QPP_N015_P080_A0_Q040,NWP_A0_S06_P080,NWB_A0_S06,STATIONARY_QPP_PRESENT,15,280.0,0.0,80.0,0.04,6,0,VALID,-5.123269873887134,0.5615900436332932,-1.4273815044409313,-5.684859917520427,-1.9889715480742245,-15.684859917520427,M0,M0,False,172.71805297359282,formal_m1_center_not_selected,92.71805297359282,92.71805297359282,1.1589756621699103,1.1589756621699103
NWS000088,NW003_QPP_N015_P080_A0_Q040,NWP_A0_S07_P080,NWB_A0_S07,STATIONARY_QPP_PRESENT,15,280.0,0.0,80.0,0.04,7,0,VALID,-4.036128858454143,1.6151886445045989,-0.2838749268633629,-5.651317502958742,-1.8990635713679618,-15.651317502958742,M0,M0,False,216.38534533016863,formal_m1_center_not_selected,136.38534533016863,136.38534533016863,1.7048168166271078,1.7048168166271078
NWS000089,NW003_QPP_N015_P080_A0_Q040,NWP_A0_S08_P080,NWB_A0_S08,STATIONARY_QPP_PRESENT,15,280.0,0.0,80.0,0.04,8,0,VALID,-4.508124583744296,1.1798938305814133,-0.7462767412484483,-5.688018414325709,-1.9261705718298616,-15.68801841432571,M0,M0,False,148.61518163902613,formal_m1_center_not_selected,68.61518163902613,68.61518163902613,0.8576897704878267,0.8576897704878267
NWS000090,NW003_QPP_N015_P080_A0_Q040,NWP_A0_S09_P080,NWB_A0_S09,STATIONARY_QPP_PRESENT,15,280.0,0.0,80.0,0.04,9,0,VALID,-4.972815406927092,0.42489039068441237,-1.4333356835149234,-5.397705797611504,-1.8582260741993357,-15.397705797611504,M0,M0,False,133.72837968640727,formal_m1_center_not_selected,53.728379686407266,53.728379686407266,0.6716047460800908,0.6716047460800908
NWS000091,NW003_QPP_N015_P080_A0_Q040,NWP_A0_S10_P080,NWB_A0_S10,STATIONARY_QPP_PRESENT,15,280.0,0.0,80.0,0.04,10,0,VALID,-2.948999149090517,2.585863826330943,0.7345778887066983,-5.5348629754214596,-1.8512859376242448,-15.53486297542146,M0,M0,False,220.54398893927822,formal_m1_center_not_selected,140.54398893927822,140.54398893927822,1.7567998617409777,1.7567998617409777
NWS000092,NW003_QPP_N015_P080_A0_Q040,NWP_A0_S11_P080,NWB_A0_S11,STATIONARY_QPP_PRESENT,15,280.0,0.0,80.0,0.04,11,0,VALID,-3.4795221869859305,2.1204933444957703,0.3432930924772899,-5.6000155314817,-1.7772002520184804,-15.6000155314817,M0,M0,False,215.69985608730147,formal_m1_center_not_selected,135.69985608730147,135.69985608730147,1.6962482010912683,1.6962482010912683
NWS000093,NW003_QPP_N015_P080_A0_Q040,NWP_A0_S12_P080,NWB_A0_S12,STATIONARY_QPP_PRESENT,15,280.0,0.0,80.0,0.04,12,0,VALID,-5.4218927032142545,0.1355176068450028,-1.8069993254865482,-5.557410310059257,-1.942516932331551,-15.557410310059257,M0,M0,False,148.824614643514,formal_m1_center_not_selected,68.824614643514,68.824614643514,0.8603076830439249,0.8603076830439249
NWS000094,NW003_QPP_N015_P080_A0_Q040,NWP_A0_S13_P080,NWB_A0_S13,STATIONARY_QPP_PRESENT,15,280.0,0.0,80.0,0.04,13,0,VALID,-3.503201882127208,2.1019574365542155,0.2448646063045361,-5.605159318681423,-1.8570928302496794,-15.605159318681423,M0,M0,False,218.1390934722666,formal_m1_center_not_selected,138.1390934722666,138.1390934722666,1.7267386684033326,1.7267386684033326
NWS000095,NW003_QPP_N015_P080_A0_Q040,NWP_A0_S14_P080,NWB_A0_S14,STATIONARY_QPP_PRESENT,15,280.0,0.0,80.0,0.04,14,0,VALID,-5.449556405186744,0.18342991879578818,-1.777386441036339,-5.632986323982532,-1.960816359832127,-15.632986323982532,M0,M0,False,149.77268670785386,formal_m1_center_not_selected,69.77268670785386,69.77268670785386,0.8721585838481734,0.8721585838481734
NWS000096,NW003_QPP_N015_P080_A0_Q040,NWP_A0_S15_P080,NWB_A0_S15,STATIONARY_QPP_PRESENT,15,280.0,0.0,80.0,0.04,15,0,VALID,-5.661055908061435,-0.12574503205579646,-2.0657055809693956,-5.535310876005639,-1.9399605489135991,-15.535310876005639,M0,M0,False,164.0457204564993,formal_m1_center_not_selected,84.04572045649931,84.04572045649931,1.0505715057062415,1.0505715057062415
NWS000097,NW003_QPP_N015_P080_A0_Q040,NWP_A0_S16_P080,NWB_A0_S16,STATIONARY_QPP_PRESENT,15,280.0,0.0,80.0,0.04,16,0,VALID,-5.481478303226089,0.10801445386814912,-1.789335955140344,-5.589492757094238,-1.8973504090084932,-15.589492757094238,M0,M0,False,126.68401027810732,formal_m1_center_not_selected,46.68401027810732,46.68401027810732,0.5835501284763416,0.5835501284763416
NWS000098,NW003_QPP_N015_P080_A0_Q040,NWP_A0_S17_P080,NWB_A0_S17,STATIONARY_QPP_PRESENT,15,280.0,0.0,80.0,0.04,17,0,VALID,-5.959550692381939,-0.8570397104385457,-2.8009076191330076,-5.102510981943393,-1.943867908694462,-15.102510981943393,M0,M0,False,126.59199539746453,formal_m1_center_not_selected,46.59199539746453,46.59199539746453,0.5823999424683066,0.5823999424683066
NWS000099,NW003_QPP_N015_P080_A0_Q040,NWP_A0_S18_P080,NWB_A0_S18,STATIONARY_QPP_PRESENT,15,280.0,0.0,80.0,0.04,18,0,VALID,-5.098605228554421,0.11221435590167594,-1.7345738911212445,-5.210819584456097,-1.8467882470229204,-15.210819584456097,M0,M0,False,126.95513399115492,formal_m1_center_not_selected,46.95513399115492,46.95513399115492,0.5869391748894366,0.5869391748894366
NWS000100,NW003_QPP_N015_P080_A0_Q040,NWP_A0_S19_P080,NWB_A0_S19,STATIONARY_QPP_PRESENT,15,280.0,0.0,80.0,0.04,19,0,VALID,-2.854886630085405,2.672275502207974,0.9530598529183552,-5.527162132293379,-1.7192156492896187,-15.527162132293379,M0,M0,False,216.1099470253492,formal_m1_center_not_selected,136.1099470253492,136.1099470253492,1.7013743378168649,1.7013743378168649
NWS000101,NW003_QPP_N015_P080_A0_Q040,NWP_A0_S20_P080,NWB_A0_S20,STATIONARY_QPP_PRESENT,15,280.0,0.0,80.0,0.04,20,0,VALID,-4.6075593180691214,0.446024905988752,-1.300910211532572,-5.053584224057873,-1.746935117521324,-15.053584224057873,M0,M0,False,40.0,formal_m1_center_not_selected,-40.0,40.0,-0.5,0.5
NWS000102,NW003_QPP_N015_P080_A0_Q040,NWP_A0_S21_P080,NWB_A0_S21,STATIONARY_QPP_PRESENT,15,280.0,0.0,80.0,0.04,21,0,VALID,-2.8241820602157834,2.8882290560595827,0.9786421037670747,-5.712411116275366,-1.909586952292508,-15.712411116275366,M0,M0,False,216.84008803907088,formal_m1_center_not_selected,136.84008803907088,136.84008803907088,1.7105011004883859,1.7105011004883859
NWS000103,NW003_QPP_N015_P080_A0_Q040,NWP_A0_S22_P080,NWB_A0_S22,STATIONARY_QPP_PRESENT,15,280.0,0.0,80.0,0.04,22,0,VALID,-3.726864449267222,2.005500947121968,0.03893057324321969,-5.73236539638919,-1.9665703738787483,-15.73236539638919,M0,M0,False,171.90464005510796,formal_m1_center_not_selected,91.90464005510796,91.90464005510796,1.1488080006888495,1.1488080006888495
NWS000104,NW003_QPP_N015_P080_A0_Q040,NWP_A0_S23_P080,NWB_A0_S23,STATIONARY_QPP_PRESENT,15,280.0,0.0,80.0,0.04,23,0,VALID,-4.18554869151215,1.491238451032924,-0.33156883748096266,-5.6767871425450736,-1.8228072885138866,-15.676787142545074,M0,M0,False,217.54773530597836,formal_m1_center_not_selected,137.54773530597836,137.54773530597836,1.7193466913247295,1.7193466913247295
NWS000105,NW003_QPP_N015_P080_A0_Q040,NWP_A0_S24_P080,NWB_A0_S24,STATIONARY_QPP_PRESENT,15,280.0,0.0,80.0,0.04,24,0,VALID,-5.6652139150564516,0.054867307799279175,-1.8876937324479668,-5.720081222855731,-1.942561040247246,-15.72008122285573,M0,M0,False,155.04445639655668,formal_m1_center_not_selected,75.04445639655668,75.04445639655668,0.9380557049569586,0.9380557049569586
NWS000106,NW003_QPP_N015_P080_A0_Q040,NWP_A0_S25_P080,NWB_A0_S25,STATIONARY_QPP_PRESENT,15,280.0,0.0,80.0,0.04,25,0,VALID,-2.7418936551300157,2.7272042028506895,1.0997262048945027,-5.469097857980705,-1.6274779979561869,-15.469097857980705,M0,M0,False,217.06356769657862,formal_m1_center_not_selected,137.06356769657862,137.06356769657862,1.7132945962072328,1.7132945962072328
NWS000107,NW003_QPP_N015_P080_A0_Q040,NWP_A0_S26_P080,NWB_A0_S26,STATIONARY_QPP_PRESENT,15,280.0,0.0,80.0,0.04,26,0,VALID,-5.3001956238683885,-0.44263391752404324,-2.143647316873179,-4.857561706344345,-1.7010133993491356,-14.857561706344345,M0,M0,False,138.36378458484603,formal_m1_center_not_selected,58.36378458484603,58.36378458484603,0.7295473073105754,0.7295473073105754
NWS000108,NW003_QPP_N015_P080_A0_Q040,NWP_A0_S27_P080,NWB_A0_S27,STATIONARY_QPP_PRESENT,15,280.0,0.0,80.0,0.04,27,0,VALID,-5.430534533066478,-0.0940285064293942,-2.0448738634729127,-5.336506026637084,-1.9508453570435185,-15.336506026637084,M0,M0,False,146.2375775509536,formal_m1_center_not_selected,66.2375775509536,66.2375775509536,0.82796971938692,0.82796971938692
NWS000109,NW003_QPP_N015_P080_A0_Q040,NWP_A0_S28_P080,NWB_A0_S28,STATIONARY_QPP_PRESENT,15,280.0,0.0,80.0,0.04,28,0,VALID,-2.7887382443500504,2.9297137442217736,1.059933705948743,-5.7184519885718235,-1.8697800382730305,-15.718451988571823,M0,M0,False,217.52931318442725,formal_m1_center_not_selected,137.52931318442725,137.52931318442725,1.7191164148053406,1.7191164148053406
NWS000110,NW003_QPP_N015_P080_A0_Q040,NWP_A0_S29_P080,NWB_A0_S29,STATIONARY_QPP_PRESENT,15,280.0,0.0,80.0,0.04,29,0,VALID,-5.75257056470344,-0.5830031492210708,-2.397517258322565,-5.169567415482369,-1.814514109101494,-15.16956741548237,M0,M0,False,148.81549285169655,formal_m1_center_not_selected,68.81549285169655,68.81549285169655,0.8601936606462068,0.8601936606462068
NWS000111,NW003_QPP_N015_P080_A0_Q040,NWP_A0_S30_P080,NWB_A0_S30,STATIONARY_QPP_PRESENT,15,280.0,0.0,80.0,0.04,30,0,VALID,-3.339099970158316,2.2154074039846225,0.5234209194557851,-5.554507374142938,-1.6919864845288375,-15.554507374142938,M0,M0,False,217.72830511027033,formal_m1_center_not_selected,137.72830511027033,137.72830511027033,1.7216038138783791,1.7216038138783791
NWS000112,NW003_QPP_N015_P080_A0_Q040,NWP_A0_S31_P080,NWB_A0_S31,STATIONARY_QPP_PRESENT,15,280.0,0.0,80.0,0.04,31,0,VALID,-5.059614981319715,-0.09448242216875435,-1.723648749764222,-4.965132559150961,-1.6291663275954678,-14.96513255915096,M0,M0,False,124.52239294765529,formal_m1_center_not_selected,44.52239294765529,44.52239294765529,0.5565299118456911,0.5565299118456911
NWS000113,NW003_QPP_N015_P080_A0_Q040,NWP_A0_S32_P080,NWB_A0_S32,STATIONARY_QPP_PRESENT,15,280.0,0.0,80.0,0.04,32,0,VALID,-5.622063418442547,-0.4979501927315546,-2.302325518663145,-5.1241132257109925,-1.8043753259315904,-15.124113225710992,M0,M0,False,147.9210226386212,formal_m1_center_not_selected,67.9210226386212,67.9210226386212,0.849012782982765,0.849012782982765
NWS000114,NW003_QPP_N015_P080_A0_Q040,NWP_A0_S33_P080,NWB_A0_S33,STATIONARY_QPP_PRESENT,15,280.0,0.0,80.0,0.04,33,0,VALID,-4.979282901448295,0.618300866438716,-1.306111937900437,-5.597583767887011,-1.9244128043391528,-15.597583767887011,M0,M0,False,126.3168273817423,formal_m1_center_not_selected,46.3168273817423,46.3168273817423,0.5789603422717787,0.5789603422717787
NWS000115,NW003_QPP_N015_P080_A0_Q040,NWP_A0_S34_P080,NWB_A0_S34,STATIONARY_QPP_PRESENT,15,280.0,0.0,80.0,0.04,34,0,VALID,-4.752260370949607,0.8165462923089688,-1.0825881431260482,-5.5688066632585755,-1.899134435435017,-15.568806663258576,M0,M0,False,214.84336457147418,formal_m1_center_not_selected,134.84336457147418,134.84336457147418,1.6855420571434272,1.6855420571434272
NWS000116,NW003_QPP_N015_P080_A0_Q040,NWP_A0_S35_P080,NWB_A0_S35,STATIONARY_QPP_PRESENT,15,280.0,0.0,80.0,0.04,35,0,VALID,-3.955112623560439,1.6141555319707166,-0.1328260366510685,-5.569268155531155,-1.746981568621785,-15.569268155531155,M0,M0,False,219.2449752541627,formal_m1_center_not_selected,139.2449752541627,139.2449752541627,1.7405621906770339,1.7405621906770339
NWS000117,NW003_QPP_N015_P080_A0_Q040,NWP_A0_S36_P080,NWB_A0_S36,STATIONARY_QPP_PRESENT,15,280.0,0.0,80.0,0.04,36,0,VALID,-5.58867634111405,-0.14186599424109403,-2.0278416063885887,-5.446810346872956,-1.8859756121474947,-15.446810346872956,M0,M0,False,148.10472224177482,formal_m1_center_not_selected,68.10472224177482,68.10472224177482,0.8513090280221853,0.8513090280221853
NWS000118,NW003_QPP_N015_P080_A0_Q040,NWP_A0_S37_P080,NWB_A0_S37,STATIONARY_QPP_PRESENT,15,280.0,0.0,80.0,0.04,37,0,VALID,-4.341936493682976,1.3585857822535061,-0.5802396150610951,-5.700522275936482,-1.9388253973146012,-15.700522275936482,M0,M0,False,187.87090507501216,formal_m1_center_not_selected,107.87090507501216,107.87090507501216,1.348386313437652,1.348386313437652
NWS000119,NW003_QPP_N015_P080_A0_Q040,NWP_A0_S38_P080,NWB_A0_S38,STATIONARY_QPP_PRESENT,15,280.0,0.0,80.0,0.04,38,0,VALID,-4.167607865373046,1.428250940544677,-0.39344323582822316,-5.5958588059177234,-1.8216941763729002,-15.595858805917723,M0,M0,False,215.66825903094772,formal_m1_center_not_selected,135.66825903094772,135.66825903094772,1.6958532378868465,1.6958532378868465
NWS000120,NW003_QPP_N015_P080_A0_Q040,NWP_A0_S39_P080,NWB_A0_S39,STATIONARY_QPP_PRESENT,15,280.0,0.0,80.0,0.04,39,0,VALID,-5.236097547908621,-0.2197638936345534,-2.14497530907835,-5.016333654274067,-1.9252114154437967,-15.016333654274067,M0,M0,False,125.56561918205195,formal_m1_center_not_selected,45.56561918205195,45.56561918205195,0.5695702397756494,0.5695702397756494
NWS000121,NW004_NULL_N015_A1,NWP_A1_S00_NULL,NWB_A1_S00,NULL_FLARE_RED_NOISE,15,280.0,1.0,,,0,0,VALID,-4.5781678698247745,1.0225237819058357,-0.918871503722138,-5.60069165173061,-1.9413952856279737,-15.60069165173061,M0,M0,False,131.90892319773826,,,,,
NWS000122,NW004_NULL_N015_A1,NWP_A1_S01_NULL,NWB_A1_S01,NULL_FLARE_RED_NOISE,15,280.0,1.0,,,1,0,VALID,-5.244647195317096,0.3530342025926956,-1.5280873362995449,-5.597681397909792,-1.8811215388922404,-15.597681397909792,M0,M0,False,219.92345194171668,,,,,
NWS000123,NW004_NULL_N015_A1,NWP_A1_S02_NULL,NWB_A1_S02,NULL_FLARE_RED_NOISE,15,280.0,1.0,,,2,0,VALID,-4.484878180499079,1.104700783789859,-0.8283054862666939,-5.589578964288938,-1.933006270056553,-15.589578964288938,M0,M0,False,154.4218317349281,,,,,
NWS000124,NW004_NULL_N015_A1,NWP_A1_S03_NULL,NWB_A1_S03,NULL_FLARE_RED_NOISE,15,280.0,1.0,,,3,0,VALID,-4.96350478962577,0.5140709443441533,-1.4234104389940994,-5.477575733969923,-1.9374813833382527,-15.477575733969923,M0,M0,False,130.97661952943892,,,,,
NWS000125,NW004_NULL_N015_A1,NWP_A1_S04_NULL,NWB_A1_S04,NULL_FLARE_RED_NOISE,15,280.0,1.0,,,4,0,VALID,-4.530803709557777,0.9972521595681094,-0.9453285968628551,-5.528055869125886,-1.9425807564309645,-15.528055869125886,M0,M0,False,154.60124041648115,,,,,
NWS000126,NW004_NULL_N015_A1,NWP_A1_S05_NULL,NWB_A1_S05,NULL_FLARE_RED_NOISE,15,280.0,1.0,,,5,0,VALID,-5.10817383984959,0.36361127252619596,-1.581096850477075,-5.471785112375786,-1.944708123003271,-15.471785112375786,M0,M0,False,178.31075867254236,,,,,
NWS000127,NW004_NULL_N015_A1,NWP_A1_S06_NULL,NWB_A1_S06,NULL_FLARE_RED_NOISE,15,280.0,1.0,,,6,0,VALID,-5.22895686204242,0.2762718793731622,-1.6126675049962609,-5.505228741415582,-1.888939384369423,-15.505228741415582,M0,M0,False,233.2272698457672,,,,,
NWS000128,NW004_NULL_N015_A1,NWP_A1_S07_NULL,NWB_A1_S07,NULL_FLARE_RED_NOISE,15,280.0,1.0,,,7,0,VALID,-4.217347741724591,1.3690890322378184,-0.5481937838934003,-5.58643677396241,-1.9172828161312188,-15.58643677396241,M0,M0,False,162.38724064431239,,,,,
NWS000129,NW004_NULL_N015_A1,NWP_A1_S08_NULL,NWB_A1_S08,NULL_FLARE_RED_NOISE,15,280.0,1.0,,,8,0,VALID,-4.887422747352909,0.6642531565789529,-1.2862971543049229,-5.551675903931862,-1.9505503108838758,-15.551675903931862,M0,M0,False,173.58825897856477,,,,,
NWS000130,NW004_NULL_N015_A1,NWP_A1_S09_NULL,NWB_A1_S09,NULL_FLARE_RED_NOISE,15,280.0,1.0,,,9,0,VALID,-5.907723626241857,-0.3477276082671601,-2.2344384481969604,-5.559996017974697,-1.8867108399298003,-15.559996017974697,M0,M0,False,215.7392056148759,,,,,
NWS000131,NW004_NULL_N015_A1,NWP_A1_S10_NULL,NWB_A1_S10,NULL_FLARE_RED_NOISE,15,280.0,1.0,,,10,0,VALID,-4.69723886212827,0.9196066703438568,-1.0308085996887515,-5.6168455324721265,-1.9504152700326083,-15.616845532472126,M0,M0,False,186.9740550148769,,,,,
NWS000132,NW004_NULL_N015_A1,NWP_A1_S11_NULL,NWB_A1_S11,NULL_FLARE_RED_NOISE,15,280.0,1.0,,,11,0,VALID,-5.05082672374769,0.495429189935626,-1.452016214045062,-5.546255913683316,-1.947445403980688,-15.546255913683316,M0,M0,False,178.00049419493615,,,,,
NWS000133,NW004_NULL_N015_A1,NWP_A1_S12_NULL,NWB_A1_S12,NULL_FLARE_RED_NOISE,15,280.0,1.0,,,12,0,VALID,-5.078833508034954,0.3578632898974359,-1.6015983198760368,-5.43669679793239,-1.9594616097734727,-15.43669679793239,M0,M0,False,173.00407425273866,,,,,
NWS000134,NW004_NULL_N015_A1,NWP_A1_S13_NULL,NWB_A1_S13,NULL_FLARE_RED_NOISE,15,280.0,1.0,,,13,0,VALID,-5.034540509960825,0.4952158271333431,-1.413772882604733,-5.5297563370941685,-1.9089887097380762,-15.529756337094168,M0,M0,False,228.42327519690426,,,,,
NWS000135,NW004_NULL_N015_A1,NWP_A1_S14_NULL,NWB_A1_S14,NULL_FLARE_RED_NOISE,15,280.0,1.0,,,14,0,VALID,-5.133833447637437,0.3872071710083542,-1.5672050508474173,-5.521040618645792,-1.9544122218557716,-15.521040618645792,M0,M0,False,175.4946605858985,,,,,
NWS000136,NW004_NULL_N015_A1,NWP_A1_S15_NULL,NWB_A1_S15,NULL_FLARE_RED_NOISE,15,280.0,1.0,,,15,0,VALID,-5.340357007111411,0.1806890988465497,-1.729773174805934,-5.521046105957961,-1.9104622736524837,-15.52104610595796,M0,M0,False,192.89743574949685,,,,,
NWS000137,NW004_NULL_N015_A1,NWP_A1_S16_NULL,NWB_A1_S16,NULL_FLARE_RED_NOISE,15,280.0,1.0,,,16,0,VALID,-5.012465775188669,0.5869453300655909,-1.3217305839648352,-5.59941110525426,-1.9086759140304261,-15.59941110525426,M0,M0,False,225.73439237947227,,,,,
NWS000138,NW004_NULL_N015_A1,NWP_A1_S17_NULL,NWB_A1_S17,NULL_FLARE_RED_NOISE,15,280.0,1.0,,,17,0,VALID,-5.90747559363415,-0.4327369254777462,-2.3490882754120834,-5.474738668156403,-1.9163513499343372,-15.474738668156403,M0,M0,False,150.27417666078546,,,,,
NWS000139,NW004_NULL_N015_A1,NWP_A1_S18_NULL,NWB_A1_S18,NULL_FLARE_RED_NOISE,15,280.0,1.0,,,18,0,VALID,-4.643933862625785,1.0732320146902765,-0.815905748149599,-5.717165877316061,-1.8891377628398756,-15.717165877316061,M0,M0,False,215.72314613655698,,,,,
NWS000140,NW004_NULL_N015_A1,NWP_A1_S19_NULL,NWB_A1_S19,NULL_FLARE_RED_NOISE,15,280.0,1.0,,,19,0,VALID,-5.247657157537931,0.19582899669251752,-1.7023695627708113,-5.443486154230449,-1.8981985594633288,-15.443486154230449,M0,M0,False,212.16707393479808,,,,,
NWS000141,NW004_NULL_N015_A1,NWP_A1_S20_NULL,NWB_A1_S20,NULL_FLARE_RED_NOISE,15,280.0,1.0,,,20,0,VALID,-5.548154853174669,-0.07874815231936516,-2.025290333563567,-5.469406700855304,-1.9465421812442019,-15.469406700855304,M0,M0,False,178.01579057933287,,,,,
NWS000142,NW004_NULL_N015_A1,NWP_A1_S21_NULL,NWB_A1_S21,NULL_FLARE_RED_NOISE,15,280.0,1.0,,,21,0,VALID,-4.854764471166721,0.6357840806363431,-1.2982261518439477,-5.490548551803064,-1.9340102324802908,-15.490548551803064,M0,M0,False,193.24469184707274,,,,,
NWS000143,NW004_NULL_N015_A1,NWP_A1_S22_NULL,NWB_A1_S22,NULL_FLARE_RED_NOISE,15,280.0,1.0,,,22,0,VALID,-4.429655562130774,1.1800197349041568,-0.7589848838811291,-5.609675297034931,-1.9390046187852858,-15.609675297034931,M0,M0,False,179.66462753408123,,,,,
NWS000144,NW004_NULL_N015_A1,NWP_A1_S23_NULL,NWB_A1_S23,NULL_FLARE_RED_NOISE,15,280.0,1.0,,,23,0,VALID,-5.554687748265577,0.02872492771438928,-1.88131744092263,-5.583412675979966,-1.9100423686370194,-15.583412675979966,M0,M0,False,231.85026048017664,,,,,
NWS000145,NW004_NULL_N015_A1,NWP_A1_S24_NULL,NWB_A1_S24,NULL_FLARE_RED_NOISE,15,280.0,1.0,,,24,0,VALID,-5.104326212752202,0.37150280723257545,-1.5593042831443968,-5.4758290199847774,-1.9308070903769723,-15.475829019984777,M0,M0,False,131.53359061788703,,,,,
NWS000146,NW004_NULL_N015_A1,NWP_A1_S25_NULL,NWB_A1_S25,NULL_FLARE_RED_NOISE,15,280.0,1.0,,,25,0,VALID,-4.592241238763359,0.8758098287018381,-1.0627215602356452,-5.468051067465197,-1.9385313889374833,-15.468051067465197,M0,M0,False,130.02397486803332,,,,,
NWS000147,NW004_NULL_N015_A1,NWP_A1_S26_NULL,NWB_A1_S26,NULL_FLARE_RED_NOISE,15,280.0,1.0,,,26,0,VALID,-4.5111449108797075,1.1211343380699752,-0.8345544550700863,-5.632279248949683,-1.9556887931400615,-15.632279248949683,M0,M0,False,183.77325505110394,,,,,
NWS000148,NW004_NULL_N015_A1,NWP_A1_S27_NULL,NWB_A1_S27,NULL_FLARE_RED_NOISE,15,280.0,1.0,,,27,0,VALID,-5.067053155455513,0.5990362487837295,-1.3397139484575709,-5.6660894042392425,-1.9387501972413004,-15.666089404239242,M0,M0,False,130.53937928458484,,,,,
NWS000149,NW004_NULL_N015_A1,NWP_A1_S28_NULL,NWB_A1_S28,NULL_FLARE_RED_NOISE,15,280.0,1.0,,,28,0,VALID,-5.91552609908131,-0.39752924507583387,-2.3284359992118704,-5.517996854005476,-1.9309067541360365,-15.517996854005476,M0,M0,False,145.49859508256486,,,,,
NWS000150,NW004_NULL_N015_A1,NWP_A1_S29_NULL,NWB_A1_S29,NULL_FLARE_RED_NOISE,15,280.0,1.0,,,29,0,VALID,-4.780120257783356,0.8007050970749816,-1.140786430241305,-5.580825354858337,-1.9414915273162867,-15.580825354858337,M0,M0,False,178.25388503461122,,,,,
NWS000151,NW004_NULL_N015_A1,NWP_A1_S30_NULL,NWB_A1_S30,NULL_FLARE_RED_NOISE,15,280.0,1.0,,,30,0,VALID,-5.099860666133019,0.5092662089255864,-1.4373640757077455,-5.609126875058605,-1.9466302846333319,-15.609126875058605,M0,M0,False,186.9942826987618,,,,,
NWS000152,NW004_NULL_N015_A1,NWP_A1_S31_NULL,NWB_A1_S31,NULL_FLARE_RED_NOISE,15,280.0,1.0,,,31,0,VALID,-5.157922935014726,0.2902232882954756,-1.6414975141659864,-5.448146223310202,-1.931720802461462,-15.448146223310202,M0,M0,False,130.37736294544214,,,,,
NWS000153,NW004_NULL_N015_A1,NWP_A1_S32_NULL,NWB_A1_S32,NULL_FLARE_RED_NOISE,15,280.0,1.0,,,32,0,VALID,-4.992458025859978,0.4916267719731664,-1.4436023263728321,-5.484084797833145,-1.9352290983459985,-15.484084797833145,M0,M0,False,129.19306925451482,,,,,
NWS000154,NW004_NULL_N015_A1,NWP_A1_S33_NULL,NWB_A1_S33,NULL_FLARE_RED_NOISE,15,280.0,1.0,,,33,0,VALID,-4.405440080457375,1.167944249953834,-0.7125597226875913,-5.5733843304112085,-1.8805039726414252,-15.573384330411209,M0,M0,False,216.30099226113256,,,,,
NWS000155,NW004_NULL_N015_A1,NWP_A1_S34_NULL,NWB_A1_S34,NULL_FLARE_RED_NOISE,15,280.0,1.0,,,34,0,VALID,-4.755154397199995,0.80678484803164,-1.1266260360902125,-5.561939245231635,-1.9334108841218525,-15.561939245231635,M0,M0,False,131.4031291305681,,,,,
NWS000156,NW004_NULL_N015_A1,NWP_A1_S35_NULL,NWB_A1_S35,NULL_FLARE_RED_NOISE,15,280.0,1.0,,,35,0,VALID,-5.415740906957344,0.09335431054705978,-1.841764942683482,-5.509095217504404,-1.9351192532305417,-15.509095217504404,M0,M0,False,168.78462889122918,,,,,
NWS000157,NW004_NULL_N015_A1,NWP_A1_S36_NULL,NWB_A1_S36,NULL_FLARE_RED_NOISE,15,280.0,1.0,,,36,0,VALID,-5.052543978729167,0.36283795227759796,-1.4913032434003766,-5.415381931006765,-1.8541411956779745,-15.415381931006765,M0,M0,False,217.35493812079213,,,,,
NWS000158,NW004_NULL_N015_A1,NWP_A1_S37_NULL,NWB_A1_S37,NULL_FLARE_RED_NOISE,15,280.0,1.0,,,37,0,VALID,-5.136156453870937,0.45832263066354884,-1.4759166744025753,-5.594479084534486,-1.9342393050661242,-15.594479084534486,M0,M0,False,133.48845705651397,,,,,
NWS000159,NW004_NULL_N015_A1,NWP_A1_S38_NULL,NWB_A1_S38,NULL_FLARE_RED_NOISE,15,280.0,1.0,,,38,0,VALID,-5.5281197747872515,0.10306791144844496,-1.8329249924984667,-5.631187686235696,-1.9359929039469117,-15.631187686235696,M0,M0,False,172.44375216832884,,,,,
NWS000160,NW004_NULL_N015_A1,NWP_A1_S39_NULL,NWB_A1_S39,NULL_FLARE_RED_NOISE,15,280.0,1.0,,,39,0,VALID,-4.400430469434848,1.1641562672176722,-0.7695575142265048,-5.564586736652521,-1.933713781444177,-15.56458673665252,M0,M0,False,128.87752944692963,,,,,
NWS000161,NW005_QPP_N015_P050_A1_Q040,NWP_A1_S00_P050,NWB_A1_S00,STATIONARY_QPP_PRESENT,15,280.0,1.0,50.0,0.04,0,0,VALID,-3.4229382179879733,2.038834474596454,0.414634428985587,-5.461772692584427,-1.6242000456108672,-15.461772692584427,M0,M0,False,53.809732718952986,formal_m1_center_not_selected,3.8097327189529864,3.8097327189529864,0.07619465437905973,0.07619465437905973
NWS000162,NW005_QPP_N015_P050_A1_Q040,NWP_A1_S01_P050,NWB_A1_S01,STATIONARY_QPP_PRESENT,15,280.0,1.0,50.0,0.04,1,0,VALID,-3.476814766562072,1.8034150400490336,0.2716007318231286,-5.280229806611105,-1.531814308225905,-15.280229806611105,M0,M0,False,51.358914296457,formal_m1_center_not_selected,1.3589142964570016,1.3589142964570016,0.027178285929140032,0.027178285929140032
NWS000163,NW005_QPP_N015_P050_A1_Q040,NWP_A1_S02_P050,NWB_A1_S02,STATIONARY_QPP_PRESENT,15,280.0,1.0,50.0,0.04,2,0,VALID,-3.40030138303397,1.8753647572121235,-0.010444855776367667,-5.275666140246093,-1.8858096129884911,-15.275666140246093,M0,M0,False,45.53165612343249,formal_m1_center_not_selected,-4.468343876567509,4.468343876567509,-0.08936687753135018,0.08936687753135018
NWS000164,NW005_QPP_N015_P050_A1_Q040,NWP_A1_S03_P050,NWB_A1_S03,STATIONARY_QPP_PRESENT,15,280.0,1.0,50.0,0.04,3,0,VALID,-3.4350474089084533,1.6820925981356218,-0.25472753496811773,-5.117140007044075,-1.9368201331037396,-15.117140007044075,M0,M0,False,152.36920870579144,formal_m1_center_not_selected,102.36920870579144,102.36920870579144,2.0473841741158285,2.0473841741158285
NWS000165,NW005_QPP_N015_P050_A1_Q040,NWP_A1_S04_P050,NWB_A1_S04,STATIONARY_QPP_PRESENT,15,280.0,1.0,50.0,0.04,4,0,VALID,-2.8975847718772507,2.4828783234192624,0.7802828513092228,-5.380463095296513,-1.7025954721100396,-15.380463095296513,M0,M0,False,50.28844476739816,formal_m1_center_not_selected,0.28844476739816116,0.28844476739816116,0.005768895347963223,0.005768895347963223
NWS000166,NW005_QPP_N015_P050_A1_Q040,NWP_A1_S05_P050,NWB_A1_S05,STATIONARY_QPP_PRESENT,15,280.0,1.0,50.0,0.04,5,0,VALID,-3.9900712759625905,1.353151228648139,-0.24846461025527677,-5.343222504610729,-1.6016158389034159,-15.34322250461073,M0,M0,False,53.069682787284016,formal_m1_center_not_selected,3.069682787284016,3.069682787284016,0.06139365574568032,0.06139365574568032
NWS000167,NW005_QPP_N015_P050_A1_Q040,NWP_A1_S06_P050,NWB_A1_S06,STATIONARY_QPP_PRESENT,15,280.0,1.0,50.0,0.04,6,0,VALID,-4.02182354209565,1.1559787567912032,-0.7911520867326294,-5.177802298886853,-1.9471308435238326,-15.177802298886853,M0,M0,False,167.70121984775773,formal_m1_center_not_selected,117.70121984775773,117.70121984775773,2.3540243969551544,2.3540243969551544
NWS000168,NW005_QPP_N015_P050_A1_Q040,NWP_A1_S07_P050,NWB_A1_S07,STATIONARY_QPP_PRESENT,15,280.0,1.0,50.0,0.04,7,0,VALID,-4.909264595678321,0.6414705449387537,-1.2824119136032168,-5.550735140617075,-1.9238824585419705,-15.550735140617075,M0,M0,False,62.49130180460144,formal_m1_center_not_selected,12.491301804601441,12.491301804601441,0.24982603609202883,0.24982603609202883
NWS000169,NW005_QPP_N015_P050_A1_Q040,NWP_A1_S08_P050,NWB_A1_S08,STATIONARY_QPP_PRESENT,15,280.0,1.0,50.0,0.04,8,0,VALID,-4.128753131242583,1.0269193675689259,-0.7720036605165825,-5.155672498811509,-1.7989230280855084,-15.155672498811509,M0,M0,False,45.5098611183318,formal_m1_center_not_selected,-4.4901388816682015,4.4901388816682015,-0.08980277763336403,0.08980277763336403
NWS000170,NW005_QPP_N015_P050_A1_Q040,NWP_A1_S09_P050,NWB_A1_S09,STATIONARY_QPP_PRESENT,15,280.0,1.0,50.0,0.04,9,0,VALID,-4.568498139906669,0.9631633635461636,-0.7897379754635905,-5.531661503452833,-1.752901339009754,-15.531661503452833,M0,M0,False,53.53205886127231,formal_m1_center_not_selected,3.5320588612723114,3.5320588612723114,0.07064117722544623,0.07064117722544623
NWS000171,NW005_QPP_N015_P050_A1_Q040,NWP_A1_S10_P050,NWB_A1_S10,STATIONARY_QPP_PRESENT,15,280.0,1.0,50.0,0.04,10,0,VALID,-3.915505634874553,1.2696356400026403,-0.49539737825837005,-5.185141274877193,-1.7650330182610103,-15.185141274877193,M0,M0,False,45.78939815174995,formal_m1_center_not_selected,-4.21060184825005,4.21060184825005,-0.084212036965001,0.084212036965001
NWS000172,NW005_QPP_N015_P050_A1_Q040,NWP_A1_S11_P050,NWB_A1_S11,STATIONARY_QPP_PRESENT,15,280.0,1.0,50.0,0.04,11,0,VALID,-3.0285459005635613,2.1781272035820187,0.31660566915298904,-5.20667310414558,-1.8615215344290297,-15.20667310414558,M0,M0,False,46.60934684369478,formal_m1_center_not_selected,-3.39065315630522,3.39065315630522,-0.0678130631261044,0.0678130631261044
NWS000173,NW005_QPP_N015_P050_A1_Q040,NWP_A1_S12_P050,NWB_A1_S12,STATIONARY_QPP_PRESENT,15,280.0,1.0,50.0,0.04,12,0,VALID,-3.1384953475059523,1.9515366436905186,0.05442715392872888,-5.09003199119647,-1.8971094897617897,-15.09003199119647,M0,M0,False,46.23635303484069,formal_m1_center_not_selected,-3.7636469651593103,3.7636469651593103,-0.07527293930318621,0.07527293930318621
NWS000174,NW005_QPP_N015_P050_A1_Q040,NWP_A1_S13_P050,NWB_A1_S13,STATIONARY_QPP_PRESENT,15,280.0,1.0,50.0,0.04,13,0,VALID,-2.8772224132917192,2.3043623918444816,0.5565667533958498,-5.1815848051362,-1.7477956384486317,-15.1815848051362,M0,M0,False,47.16403242008184,formal_m1_center_not_selected,-2.8359675799181616,2.8359675799181616,-0.056719351598363235,0.056719351598363235
NWS000175,NW005_QPP_N015_P050_A1_Q040,NWP_A1_S14_P050,NWB_A1_S14,STATIONARY_QPP_PRESENT,15,280.0,1.0,50.0,0.04,14,0,VALID,-6.465011957285174,-0.8289992460935611,-2.7639859343521715,-5.636012711191613,-1.9349866882586104,-15.636012711191613,M0,M0,False,155.828195780985,formal_m1_center_not_selected,105.828195780985,105.828195780985,2.1165639156197,2.1165639156197
NWS000176,NW005_QPP_N015_P050_A1_Q040,NWP_A1_S15_P050,NWB_A1_S15,STATIONARY_QPP_PRESENT,15,280.0,1.0,50.0,0.04,15,0,VALID,-5.820980252941494,-0.6094037361375548,-2.330487319595414,-5.211576516803939,-1.721083583457859,-15.21157651680394,M0,M0,False,40.0,formal_m1_center_not_selected,-10.0,10.0,-0.2,0.2
NWS000177,NW005_QPP_N015_P050_A1_Q040,NWP_A1_S16_P050,NWB_A1_S16,STATIONARY_QPP_PRESENT,15,280.0,1.0,50.0,0.04,16,0,VALID,-5.834170903048479,-0.3394649981497615,-2.198404264383634,-5.4947059048987175,-1.8589392662338726,-15.494705904898717,M0,M0,False,40.0,formal_m1_center_not_selected,-10.0,10.0,-0.2,0.2
NWS000178,NW005_QPP_N015_P050_A1_Q040,NWP_A1_S17_P050,NWB_A1_S17,STATIONARY_QPP_PRESENT,15,280.0,1.0,50.0,0.04,17,0,VALID,-7.128595040118158,-1.5462768273330347,-3.420676915568291,-5.582318212785124,-1.874400088235256,-15.582318212785124,M0,M0,False,147.50386080713426,formal_m1_center_not_selected,97.50386080713426,97.50386080713426,1.9500772161426851,1.9500772161426851
NWS000179,NW005_QPP_N015_P050_A1_Q040,NWP_A1_S18_P050,NWB_A1_S18,STATIONARY_QPP_PRESENT,15,280.0,1.0,50.0,0.04,18,0,VALID,-2.821591070352533,2.7408365206938043,0.9446614063058805,-5.562427591046337,-1.7961751143879239,-15.562427591046337,M0,M0,False,49.55295131200842,formal_m1_center_not_selected,-0.4470486879915825,0.4470486879915825,-0.00894097375983165,0.00894097375983165
NWS000180,NW005_QPP_N015_P050_A1_Q040,NWP_A1_S19_P050,NWB_A1_S19,STATIONARY_QPP_PRESENT,15,280.0,1.0,50.0,0.04,19,0,VALID,-6.573108606745134,-1.0591830095861372,-2.95769781700925,-5.513925597158996,-1.8985148074231128,-15.513925597158996,M0,M0,False,140.989310582097,formal_m1_center_not_selected,90.989310582097,90.989310582097,1.81978621164194,1.81978621164194
NWS000181,NW005_QPP_N015_P050_A1_Q040,NWP_A1_S20_P050,NWB_A1_S20,STATIONARY_QPP_PRESENT,15,280.0,1.0,50.0,0.04,20,0,VALID,-6.6174357556486605,-0.9868210955970156,-2.8671260340301457,-5.630614660051645,-1.88030493843313,-15.630614660051645,M0,M0,False,161.45000216263077,formal_m1_center_not_selected,111.45000216263077,111.45000216263077,2.2290000432526154,2.2290000432526154
NWS000182,NW005_QPP_N015_P050_A1_Q040,NWP_A1_S21_P050,NWB_A1_S21,STATIONARY_QPP_PRESENT,15,280.0,1.0,50.0,0.04,21,0,VALID,-6.310821971803318,-0.7270069844381286,-2.6396002867010706,-5.583814987365189,-1.912593302262942,-15.583814987365189,M0,M0,False,152.08501088224995,formal_m1_center_not_selected,102.08501088224995,102.08501088224995,2.041700217644999,2.041700217644999
NWS000183,NW005_QPP_N015_P050_A1_Q040,NWP_A1_S22_P050,NWB_A1_S22,STATIONARY_QPP_PRESENT,15,280.0,1.0,50.0,0.04,22,0,VALID,-2.328631846597166,2.9270878707472487,1.1329928264224227,-5.255719717344414,-1.794095044324826,-15.255719717344414,M0,M0,False,46.91251515763717,formal_m1_center_not_selected,-3.0874848423628265,3.0874848423628265,-0.06174969684725653,0.06174969684725653
NWS000184,NW005_QPP_N015_P050_A1_Q040,NWP_A1_S23_P050,NWB_A1_S23,STATIONARY_QPP_PRESENT,15,280.0,1.0,50.0,0.04,23,0,VALID,-4.672561712462645,0.6249764108520548,-1.0990975576529936,-5.2975381233147,-1.7240739685050483,-15.2975381233147,M0,M0,False,162.74150351915978,formal_m1_center_not_selected,112.74150351915978,112.74150351915978,2.2548300703831954,2.2548300703831954
NWS000185,NW005_QPP_N015_P050_A1_Q040,NWP_A1_S24_P050,NWB_A1_S24,STATIONARY_QPP_PRESENT,15,280.0,1.0,50.0,0.04,24,0,VALID,-6.4296973379710245,-0.8333995647383574,-2.712252250559856,-5.596297773232667,-1.8788526858214984,-15.596297773232667,M0,M0,False,159.7738969338197,formal_m1_center_not_selected,109.77389693381971,109.77389693381971,2.1954779386763943,2.1954779386763943
NWS000186,NW005_QPP_N015_P050_A1_Q040,NWP_A1_S25_P050,NWB_A1_S25,STATIONARY_QPP_PRESENT,15,280.0,1.0,50.0,0.04,25,0,VALID,-4.61739365924433,0.8484765632151401,-0.8799291264881317,-5.46587022245947,-1.7284056897032718,-15.46587022245947,M0,M0,False,55.130821353394424,formal_m1_center_not_selected,5.130821353394424,5.130821353394424,0.10261642706788848,0.10261642706788848
NWS000187,NW005_QPP_N015_P050_A1_Q040,NWP_A1_S26_P050,NWB_A1_S26,STATIONARY_QPP_PRESENT,15,280.0,1.0,50.0,0.04,26,0,VALID,-2.6984081246004004,2.538352865556236,0.7360136392911327,-5.236760990156636,-1.8023392262651035,-15.236760990156636,M0,M0,False,46.23339039586796,formal_m1_center_not_selected,-3.766609604132043,3.766609604132043,-0.07533219208264086,0.07533219208264086
NWS000188,NW005_QPP_N015_P050_A1_Q040,NWP_A1_S27_P050,NWB_A1_S27,STATIONARY_QPP_PRESENT,15,280.0,1.0,50.0,0.04,27,0,VALID,-4.065509642255284,1.2830580324500698,-0.5937806991334176,-5.348567674705354,-1.8768387315834874,-15.348567674705354,M0,M0,False,152.69667175915856,formal_m1_center_not_selected,102.69667175915856,102.69667175915856,2.053933435183171,2.053933435183171
NWS000189,NW005_QPP_N015_P050_A1_Q040,NWP_A1_S28_P050,NWB_A1_S28,STATIONARY_QPP_PRESENT,15,280.0,1.0,50.0,0.04,28,0,VALID,-7.049151037774347,-1.4458936629729529,-3.3806001659008738,-5.6032573748013945,-1.934706502927921,-15.603257374801395,M0,M0,False,151.55735715507228,formal_m1_center_not_selected,101.55735715507228,101.55735715507228,2.0311471431014456,2.0311471431014456
NWS000190,NW005_QPP_N015_P050_A1_Q040,NWP_A1_S29_P050,NWB_A1_S29,STATIONARY_QPP_PRESENT,15,280.0,1.0,50.0,0.04,29,0,VALID,-4.230928282450272,1.0379719700326557,-0.85394190741125,-5.268900252482927,-1.8919138774439057,-15.268900252482927,M0,M0,False,45.15996022773025,formal_m1_center_not_selected,-4.840039772269748,4.840039772269748,-0.09680079544539495,0.09680079544539495
NWS000191,NW005_QPP_N015_P050_A1_Q040,NWP_A1_S30_P050,NWB_A1_S30,STATIONARY_QPP_PRESENT,15,280.0,1.0,50.0,0.04,30,0,VALID,-5.7567068916850985,-0.448053829479619,-2.214981617768111,-5.3086530622054795,-1.7669277882884922,-15.30865306220548,M0,M0,False,40.0,formal_m1_center_not_selected,-10.0,10.0,-0.2,0.2
NWS000192,NW005_QPP_N015_P050_A1_Q040,NWP_A1_S31_P050,NWB_A1_S31,STATIONARY_QPP_PRESENT,15,280.0,1.0,50.0,0.04,31,0,VALID,-4.868463600207198,0.4527557438171481,-1.0546350767490518,-5.321219344024346,-1.5073908205661999,-15.321219344024346,M0,M0,False,54.95024997754864,formal_m1_center_not_selected,4.950249977548637,4.950249977548637,0.09900499955097274,0.09900499955097274
NWS000193,NW005_QPP_N015_P050_A1_Q040,NWP_A1_S32_P050,NWB_A1_S32,STATIONARY_QPP_PRESENT,15,280.0,1.0,50.0,0.04,32,0,VALID,-3.691805340053968,1.803231030633908,0.017323443779983627,-5.495036370687876,-1.7859075868539245,-15.495036370687876,M0,M0,False,53.06872302800709,formal_m1_center_not_selected,3.068723028007092,3.068723028007092,0.06137446056014184,0.06137446056014184
NWS000194,NW005_QPP_N015_P050_A1_Q040,NWP_A1_S33_P050,NWB_A1_S33,STATIONARY_QPP_PRESENT,15,280.0,1.0,50.0,0.04,33,0,VALID,-5.482506906022403,0.06595726831329607,-1.8939273567818047,-5.548464174335699,-1.9598846250951008,-15.548464174335699,M0,M0,False,167.28275115232285,formal_m1_center_not_selected,117.28275115232285,117.28275115232285,2.345655023046457,2.345655023046457
NWS000195,NW005_QPP_N015_P050_A1_Q040,NWP_A1_S34_P050,NWB_A1_S34,STATIONARY_QPP_PRESENT,15,280.0,1.0,50.0,0.04,34,0,VALID,-3.060756125271029,2.4594363303228484,0.5342829473345754,-5.520192455593877,-1.925153382988273,-15.520192455593877,M0,M0,False,129.2365669400306,formal_m1_center_not_selected,79.2365669400306,79.2365669400306,1.584731338800612,1.584731338800612
NWS000196,NW005_QPP_N015_P050_A1_Q040,NWP_A1_S35_P050,NWB_A1_S35,STATIONARY_QPP_PRESENT,15,280.0,1.0,50.0,0.04,35,0,VALID,-6.705063864749182,-1.1435962411060032,-3.0911545514206624,-5.561467623643178,-1.9475583103146592,-15.561467623643178,M0,M0,False,149.64281867006238,formal_m1_center_not_selected,99.64281867006238,99.64281867006238,1.9928563734012477,1.9928563734012477
NWS000197,NW005_QPP_N015_P050_A1_Q040,NWP_A1_S36_P050,NWB_A1_S36,STATIONARY_QPP_PRESENT,15,280.0,1.0,50.0,0.04,36,0,VALID,-5.058661995864597,0.43329633831464065,-1.4017693461740057,-5.4919583341792375,-1.8350656844886464,-15.491958334179238,M0,M0,False,59.61875171867417,formal_m1_center_not_selected,9.618751718674169,9.618751718674169,0.19237503437348338,0.19237503437348338
NWS000198,NW005_QPP_N015_P050_A1_Q040,NWP_A1_S37_P050,NWB_A1_S37,STATIONARY_QPP_PRESENT,15,280.0,1.0,50.0,0.04,37,0,VALID,-3.6594677983028743,1.8757985875637395,0.0510229640537192,-5.535266385866613,-1.8247756235100203,-15.535266385866613,M0,M0,False,52.28190191235417,formal_m1_center_not_selected,2.281901912354172,2.281901912354172,0.04563803824708344,0.04563803824708344
NWS000199,NW005_QPP_N015_P050_A1_Q040,NWP_A1_S38_P050,NWB_A1_S38,STATIONARY_QPP_PRESENT,15,280.0,1.0,50.0,0.04,38,0,VALID,-3.5904615780854425,1.8675650636298613,-0.06324997801548005,-5.458026641715303,-1.9308150416453413,-15.458026641715303,M0,M0,False,46.65248841086934,formal_m1_center_not_selected,-3.3475115891306615,3.3475115891306615,-0.06695023178261322,0.06695023178261322
NWS000200,NW005_QPP_N015_P050_A1_Q040,NWP_A1_S39_P050,NWB_A1_S39,STATIONARY_QPP_PRESENT,15,280.0,1.0,50.0,0.04,39,0,VALID,-5.373301583657806,0.256976276435946,-1.629440915075599,-5.630277860093752,-1.886417191511545,-15.630277860093752,M0,M0,False,55.23539323542622,formal_m1_center_not_selected,5.235393235426223,5.235393235426223,0.10470786470852446,0.10470786470852446
NWS000201,NW006_QPP_N015_P080_A1_Q040,NWP_A1_S00_P080,NWB_A1_S00,STATIONARY_QPP_PRESENT,15,280.0,1.0,80.0,0.04,0,0,VALID,-3.834597503329072,1.917960217188515,-0.045938684295109944,-5.752557720517586,-1.963898901483625,-15.752557720517586,M0,M0,False,172.41845038447767,formal_m1_center_not_selected,92.41845038447767,92.41845038447767,1.155230629805971,1.155230629805971
NWS000202,NW006_QPP_N015_P080_A1_Q040,NWP_A1_S01_P080,NWB_A1_S01,STATIONARY_QPP_PRESENT,15,280.0,1.0,80.0,0.04,1,0,VALID,-4.050342222677559,1.6704610908507913,-0.21901694631318325,-5.72080331352835,-1.8894780371639746,-15.72080331352835,M0,M0,False,77.05333978881642,formal_m1_center_not_selected,-2.946660211183584,2.946660211183584,-0.0368332526397948,0.0368332526397948
NWS000203,NW006_QPP_N015_P080_A1_Q040,NWP_A1_S02_P080,NWB_A1_S02,STATIONARY_QPP_PRESENT,15,280.0,1.0,80.0,0.04,2,0,VALID,-3.984793698597175,1.4100649370357736,-0.40356433860469654,-5.394858635632948,-1.8136292756404702,-15.394858635632948,M0,M0,False,215.7666509823723,formal_m1_center_not_selected,135.7666509823723,135.7666509823723,1.697083137279654,1.697083137279654
NWS000204,NW006_QPP_N015_P080_A1_Q040,NWP_A1_S03_P080,NWB_A1_S03,STATIONARY_QPP_PRESENT,15,280.0,1.0,80.0,0.04,3,0,VALID,-3.9236625616003598,1.4412447823575807,-0.3953787742322463,-5.36490734395794,-1.836623556589827,-15.36490734395794,M0,M0,False,216.01410758533592,formal_m1_center_not_selected,136.01410758533592,136.01410758533592,1.700176344816699,1.700176344816699
NWS000205,NW006_QPP_N015_P080_A1_Q040,NWP_A1_S04_P080,NWB_A1_S04,STATIONARY_QPP_PRESENT,15,280.0,1.0,80.0,0.04,4,0,VALID,-3.4592860534822933,2.298669643900771,0.3404063818400216,-5.757955697383064,-1.9582632620607496,-15.757955697383064,M0,M0,False,161.9632540394498,formal_m1_center_not_selected,81.9632540394498,81.9632540394498,1.0245406754931223,1.0245406754931223
NWS000206,NW006_QPP_N015_P080_A1_Q040,NWP_A1_S05_P080,NWB_A1_S05,STATIONARY_QPP_PRESENT,15,280.0,1.0,80.0,0.04,5,0,VALID,-4.438633875918992,1.2439952322811916,-0.7195487598244705,-5.682629108200183,-1.963543992105662,-15.682629108200183,M0,M0,False,171.1010661331015,formal_m1_center_not_selected,91.10106613310151,91.10106613310151,1.138763326663769,1.138763326663769
NWS000207,NW006_QPP_N015_P080_A1_Q040,NWP_A1_S06_P080,NWB_A1_S06,STATIONARY_QPP_PRESENT,15,280.0,1.0,80.0,0.04,6,0,VALID,-4.115946551729101,1.188539700507981,-0.5360265344438675,-5.304486252237082,-1.7245662349518485,-15.304486252237082,M0,M0,False,215.9570042605633,formal_m1_center_not_selected,135.9570042605633,135.9570042605633,1.6994625532570413,1.6994625532570413
NWS000208,NW006_QPP_N015_P080_A1_Q040,NWP_A1_S07_P080,NWB_A1_S07,STATIONARY_QPP_PRESENT,15,280.0,1.0,80.0,0.04,7,0,VALID,-5.085492193364518,0.42454813053527296,-1.5160409403873798,-5.510040323899791,-1.9405890709226528,-15.51004032389979,M0,M0,False,152.37277507970467,formal_m1_center_not_selected,72.37277507970467,72.37277507970467,0.9046596884963083,0.9046596884963083
NWS000209,NW006_QPP_N015_P080_A1_Q040,NWP_A1_S08_P080,NWB_A1_S08,STATIONARY_QPP_PRESENT,15,280.0,1.0,80.0,0.04,8,0,VALID,-4.699713243697172,0.6407378019256615,-1.2933830583742951,-5.340451045622833,-1.9341208602999567,-15.340451045622833,M0,M0,False,130.92820673344838,formal_m1_center_not_selected,50.92820673344838,50.92820673344838,0.6366025841681047,0.6366025841681047
NWS000210,NW006_QPP_N015_P080_A1_Q040,NWP_A1_S09_P080,NWB_A1_S09,STATIONARY_QPP_PRESENT,15,280.0,1.0,80.0,0.04,9,0,VALID,-4.787871480981853,0.9482192180790534,-0.9560353162217625,-5.736090699060906,-1.904254534300816,-15.736090699060906,M0,M0,False,214.92421417805915,formal_m1_center_not_selected,134.92421417805915,134.92421417805915,1.6865526772257393,1.6865526772257393
NWS000211,NW006_QPP_N015_P080_A1_Q040,NWP_A1_S10_P080,NWB_A1_S10,STATIONARY_QPP_PRESENT,15,280.0,1.0,80.0,0.04,10,0,VALID,-4.546111887850882,0.8498654271254154,-1.0816312373777928,-5.395977314976298,-1.9314966645032081,-15.395977314976298,M0,M0,False,228.81720937621455,formal_m1_center_not_selected,148.81720937621455,148.81720937621455,1.860215117202682,1.860215117202682
NWS000212,NW006_QPP_N015_P080_A1_Q040,NWP_A1_S11_P080,NWB_A1_S11,STATIONARY_QPP_PRESENT,15,280.0,1.0,80.0,0.04,11,0,VALID,-3.634343173902144,1.9521947957219403,0.1424370519432978,-5.586537969624084,-1.8097577437786425,-15.586537969624084,M0,M0,False,215.99429490550145,formal_m1_center_not_selected,135.99429490550145,135.99429490550145,1.6999286863187681,1.6999286863187681
NWS000213,NW006_QPP_N015_P080_A1_Q040,NWP_A1_S12_P080,NWB_A1_S12,STATIONARY_QPP_PRESENT,15,280.0,1.0,80.0,0.04,12,0,VALID,-3.780420226911343,1.6969731087112336,-0.1312213345576394,-5.477393335622576,-1.828194443268873,-15.477393335622576,M0,M0,False,215.9067333116142,formal_m1_center_not_selected,135.9067333116142,135.9067333116142,1.6988341663951776,1.6988341663951776
NWS000214,NW006_QPP_N015_P080_A1_Q040,NWP_A1_S13_P080,NWB_A1_S13,STATIONARY_QPP_PRESENT,15,280.0,1.0,80.0,0.04,13,0,VALID,-3.5345570983663124,2.1002058831082593,0.29670813178015454,-5.634762981474571,-1.8034977513281047,-15.634762981474571,M0,M0,False,218.2178989335052,formal_m1_center_not_selected,138.2178989335052,138.2178989335052,1.7277237366688152,1.7277237366688152
NWS000215,NW006_QPP_N015_P080_A1_Q040,NWP_A1_S14_P080,NWB_A1_S14,STATIONARY_QPP_PRESENT,15,280.0,1.0,80.0,0.04,14,0,VALID,-6.273614822150774,-1.1647686283998642,-3.1113084016206303,-5.10884619375091,-1.946539773220766,-15.10884619375091,M0,M0,False,151.6478764693821,formal_m1_center_not_selected,71.64787646938211,71.64787646938211,0.8955984558672764,0.8955984558672764
NWS000216,NW006_QPP_N015_P080_A1_Q040,NWP_A1_S15_P080,NWB_A1_S15,STATIONARY_QPP_PRESENT,15,280.0,1.0,80.0,0.04,15,0,VALID,-6.168643944118921,-1.0538131432821807,-2.976535221803018,-5.1148308008367405,-1.9227220785208372,-15.11483080083674,M0,M0,False,127.68192529669155,formal_m1_center_not_selected,47.681925296691546,47.681925296691546,0.5960240662086443,0.5960240662086443
NWS000217,NW006_QPP_N015_P080_A1_Q040,NWP_A1_S16_P080,NWB_A1_S16,STATIONARY_QPP_PRESENT,15,280.0,1.0,80.0,0.04,16,0,VALID,-6.116701338948495,-0.9106969294261607,-2.7541006292926804,-5.206004409522334,-1.8434036998665198,-15.206004409522334,M0,M0,False,123.88670003490262,formal_m1_center_not_selected,43.88670003490262,43.88670003490262,0.5485837504362827,0.5485837504362827
NWS000218,NW006_QPP_N015_P080_A1_Q040,NWP_A1_S17_P080,NWB_A1_S17,STATIONARY_QPP_PRESENT,15,280.0,1.0,80.0,0.04,17,0,VALID,-7.187331392567124,-2.0228494136816746,-3.9738039659543185,-5.1644819788854495,-1.950954552272644,-15.16448197888545,M0,M0,False,159.7775380752307,formal_m1_center_not_selected,79.7775380752307,79.7775380752307,0.9972192259403837,0.9972192259403837
NWS000219,NW006_QPP_N015_P080_A1_Q040,NWP_A1_S18_P080,NWB_A1_S18,STATIONARY_QPP_PRESENT,15,280.0,1.0,80.0,0.04,18,0,VALID,-2.965191327172333,2.7511312207478227,0.9103481782137868,-5.716322547920155,-1.840783042534036,-15.716322547920155,M0,M0,False,69.63941745772202,formal_m1_center_not_selected,-10.360582542277982,10.360582542277982,-0.12950728177847476,0.12950728177847476
NWS000220,NW006_QPP_N015_P080_A1_Q040,NWP_A1_S19_P080,NWB_A1_S19,STATIONARY_QPP_PRESENT,15,280.0,1.0,80.0,0.04,19,0,VALID,-6.480604972974318,-1.4172217404992065,-3.3018929921902105,-5.063383232475111,-1.884671251691004,-15.063383232475111,M0,M0,False,145.1596908188519,formal_m1_center_not_selected,65.15969081885191,65.15969081885191,0.8144961352356489,0.8144961352356489
NWS000221,NW006_QPP_N015_P080_A1_Q040,NWP_A1_S20_P080,NWB_A1_S20,STATIONARY_QPP_PRESENT,15,280.0,1.0,80.0,0.04,20,0,VALID,-6.412776840274853,-1.1539575169840468,-3.019464253897696,-5.2588193232908065,-1.865506736913649,-15.258819323290806,M0,M0,False,149.82703079476926,formal_m1_center_not_selected,69.82703079476926,69.82703079476926,0.8728378849346157,0.8728378849346157
NWS000222,NW006_QPP_N015_P080_A1_Q040,NWP_A1_S21_P080,NWB_A1_S21,STATIONARY_QPP_PRESENT,15,280.0,1.0,80.0,0.04,21,0,VALID,-5.969097790760808,-0.7907257194428166,-2.736863761248297,-5.178372071317991,-1.9461380418054803,-15.178372071317991,M0,M0,False,154.41674866688882,formal_m1_center_not_selected,74.41674866688882,74.41674866688882,0.9302093583361103,0.9302093583361103
NWS000223,NW006_QPP_N015_P080_A1_Q040,NWP_A1_S22_P080,NWB_A1_S22,STATIONARY_QPP_PRESENT,15,280.0,1.0,80.0,0.04,22,0,VALID,-2.9513262922693593,2.728976326489306,0.8887610254581046,-5.680302618758665,-1.8402153010312015,-15.680302618758665,M0,M0,False,216.7160699309719,formal_m1_center_not_selected,136.7160699309719,136.7160699309719,1.7089508741371489,1.7089508741371489
NWS000224,NW006_QPP_N015_P080_A1_Q040,NWP_A1_S23_P080,NWB_A1_S23,STATIONARY_QPP_PRESENT,15,280.0,1.0,80.0,0.04,23,0,VALID,-4.872696911028699,0.48021203632594656,-1.3293088475054509,-5.352908947354646,-1.8095208838313974,-15.352908947354646,M0,M0,False,220.05476251936366,formal_m1_center_not_selected,140.05476251936366,140.05476251936366,1.7506845314920458,1.7506845314920458
NWS000225,NW006_QPP_N015_P080_A1_Q040,NWP_A1_S24_P080,NWB_A1_S24,STATIONARY_QPP_PRESENT,15,280.0,1.0,80.0,0.04,24,0,VALID,-6.260285872265854,-1.1457602547604235,-3.083446144317084,-5.11452561750543,-1.9376858895566604,-15.11452561750543,M0,M0,False,127.50099194844852,formal_m1_center_not_selected,47.500991948448515,47.500991948448515,0.5937623993556065,0.5937623993556065
NWS000226,NW006_QPP_N015_P080_A1_Q040,NWP_A1_S25_P080,NWB_A1_S25,STATIONARY_QPP_PRESENT,15,280.0,1.0,80.0,0.04,25,0,VALID,-4.840661579233906,0.6422321464353011,-1.295249333726912,-5.482893725669207,-1.937481480162213,-15.482893725669207,M0,M0,False,148.4478716875882,formal_m1_center_not_selected,68.44787168758819,68.44787168758819,0.8555983960948523,0.8555983960948523
NWS000227,NW006_QPP_N015_P080_A1_Q040,NWP_A1_S26_P080,NWB_A1_S26,STATIONARY_QPP_PRESENT,15,280.0,1.0,80.0,0.04,26,0,VALID,-3.3352402035364688,2.254090465224234,0.43850193016170014,-5.589330668760702,-1.8155885350625338,-15.589330668760702,M0,M0,False,216.09580926439904,formal_m1_center_not_selected,136.09580926439904,136.09580926439904,1.701197615804988,1.701197615804988
NWS000228,NW006_QPP_N015_P080_A1_Q040,NWP_A1_S27_P080,NWB_A1_S27,STATIONARY_QPP_PRESENT,15,280.0,1.0,80.0,0.04,27,0,VALID,-4.421740914341974,1.1183691940874532,-0.7268642455768051,-5.5401101084294275,-1.8452334396642582,-15.540110108429428,M0,M0,False,239.47523734258695,formal_m1_center_not_selected,159.47523734258695,159.47523734258695,1.9934404667823369,1.9934404667823369
NWS000229,NW006_QPP_N015_P080_A1_Q040,NWP_A1_S28_P080,NWB_A1_S28,STATIONARY_QPP_PRESENT,15,280.0,1.0,80.0,0.04,28,0,VALID,-7.113758426952938,-1.892057643339223,-3.842139063472307,-5.221700783613715,-1.9500814201330838,-15.221700783613715,M0,M0,False,155.30437504345866,formal_m1_center_not_selected,75.30437504345866,75.30437504345866,0.9413046880432333,0.9413046880432333
NWS000230,NW006_QPP_N015_P080_A1_Q040,NWP_A1_S29_P080,NWB_A1_S29,STATIONARY_QPP_PRESENT,15,280.0,1.0,80.0,0.04,29,0,VALID,-4.738007458507164,0.6219719395597103,-1.3066760595691251,-5.359979398066875,-1.9286479991288354,-15.359979398066875,M0,M0,False,151.6732119427433,formal_m1_center_not_selected,71.67321194274331,71.67321194274331,0.8959151492842914,0.8959151492842914
NWS000231,NW006_QPP_N015_P080_A1_Q040,NWP_A1_S30_P080,NWB_A1_S30,STATIONARY_QPP_PRESENT,15,280.0,1.0,80.0,0.04,30,0,VALID,-5.964347480652384,-0.7768629414969244,-2.7092273210991413,-5.187484539155459,-1.932364379602217,-15.18748453915546,M0,M0,False,127.30959159586082,formal_m1_center_not_selected,47.30959159586082,47.30959159586082,0.5913698949482603,0.5913698949482603
NWS000232,NW006_QPP_N015_P080_A1_Q040,NWP_A1_S31_P080,NWB_A1_S31,STATIONARY_QPP_PRESENT,15,280.0,1.0,80.0,0.04,31,0,VALID,-5.301011311876341,0.25174257530233035,-1.701061553245947,-5.552753887178671,-1.9528041285482773,-15.552753887178671,M0,M0,False,156.18477031515914,formal_m1_center_not_selected,76.18477031515914,76.18477031515914,0.9523096289394892,0.9523096289394892
NWS000233,NW006_QPP_N015_P080_A1_Q040,NWP_A1_S32_P080,NWB_A1_S32,STATIONARY_QPP_PRESENT,15,280.0,1.0,80.0,0.04,32,0,VALID,-4.092919234634966,1.5900508141415024,-0.34428833819334326,-5.682970048776468,-1.9343391523348457,-15.682970048776468,M0,M0,False,166.46175284261577,formal_m1_center_not_selected,86.46175284261577,86.46175284261577,1.0807719105326972,1.0807719105326972
NWS000234,NW006_QPP_N015_P080_A1_Q040,NWP_A1_S33_P080,NWB_A1_S33,STATIONARY_QPP_PRESENT,15,280.0,1.0,80.0,0.04,33,0,VALID,-5.233972773162876,-0.002557937554534817,-1.8819415422142667,-5.231414835608341,-1.8793836046597319,-15.23141483560834,M0,M0,False,127.85062709433822,formal_m1_center_not_selected,47.85062709433822,47.85062709433822,0.5981328386792277,0.5981328386792277
NWS000235,NW006_QPP_N015_P080_A1_Q040,NWP_A1_S34_P080,NWB_A1_S34,STATIONARY_QPP_PRESENT,15,280.0,1.0,80.0,0.04,34,0,VALID,-3.3963978200331053,2.324830831453239,0.4332033620342708,-5.721228651486344,-1.8916274694189683,-15.721228651486344,M0,M0,False,217.68761947391246,formal_m1_center_not_selected,137.68761947391246,137.68761947391246,1.7210952434239057,1.7210952434239057
NWS000236,NW006_QPP_N015_P080_A1_Q040,NWP_A1_S35_P080,NWB_A1_S35,STATIONARY_QPP_PRESENT,15,280.0,1.0,80.0,0.04,35,0,VALID,-6.631373523031694,-1.562294648126354,-3.507807403897318,-5.06907887490534,-1.945512755770964,-15.06907887490534,M0,M0,False,159.30605449019063,formal_m1_center_not_selected,79.30605449019063,79.30605449019063,0.991325681127383,0.991325681127383
NWS000237,NW006_QPP_N015_P080_A1_Q040,NWP_A1_S36_P080,NWB_A1_S36,STATIONARY_QPP_PRESENT,15,280.0,1.0,80.0,0.04,36,0,VALID,-5.384896284518234,0.18183420013213691,-1.7888820822753226,-5.566730484650371,-1.9707162824074596,-15.566730484650371,M0,M0,False,168.42162990745842,formal_m1_center_not_selected,88.42162990745842,88.42162990745842,1.1052703738432303,1.1052703738432303
NWS000238,NW006_QPP_N015_P080_A1_Q040,NWP_A1_S37_P080,NWB_A1_S37,STATIONARY_QPP_PRESENT,15,280.0,1.0,80.0,0.04,37,0,VALID,-3.9561716545565457,1.800848470971502,-0.12137774651458155,-5.757020125528047,-1.9222262174860836,-15.757020125528047,M0,M0,False,217.15557082970673,formal_m1_center_not_selected,137.15557082970673,137.15557082970673,1.714444635371334,1.714444635371334
NWS000239,NW006_QPP_N015_P080_A1_Q040,NWP_A1_S38_P080,NWB_A1_S38,STATIONARY_QPP_PRESENT,15,280.0,1.0,80.0,0.04,38,0,VALID,-3.960504633684359,1.7319920578735637,-0.11044939373514762,-5.692496691557922,-1.8424414516087113,-15.692496691557922,M0,M0,False,216.84539716098098,formal_m1_center_not_selected,136.84539716098098,136.84539716098098,1.7105674645122622,1.7105674645122622
NWS000240,NW006_QPP_N015_P080_A1_Q040,NWP_A1_S39_P080,NWB_A1_S39,STATIONARY_QPP_PRESENT,15,280.0,1.0,80.0,0.04,39,0,VALID,-5.166208488836904,0.20508335058208438,-1.7393684480249325,-5.371291839418989,-1.944451798607017,-15.371291839418989,M0,M0,False,144.95076650646385,formal_m1_center_not_selected,64.95076650646385,64.95076650646385,0.8118845813307981,0.8118845813307981
NWS000241,NW007_NULL_N015_A2,NWP_A2_S00_NULL,NWB_A2_S00,NULL_FLARE_RED_NOISE,15,280.0,2.0,,,0,0,VALID,-4.858360138756934,0.7288230966737341,-1.2196158063863516,-5.587183235430668,-1.9484389030600857,-15.587183235430668,M0,M0,False,174.73531836984506,,,,,
NWS000242,NW007_NULL_N015_A2,NWP_A2_S01_NULL,NWB_A2_S01,NULL_FLARE_RED_NOISE,15,280.0,2.0,,,1,0,VALID,-4.734226222695353,0.8153235684341542,-1.120339615159211,-5.5495497911295075,-1.9356631835933653,-15.549549791129508,M0,M0,False,176.54373148477492,,,,,
NWS000243,NW007_NULL_N015_A2,NWP_A2_S02_NULL,NWB_A2_S02,NULL_FLARE_RED_NOISE,15,280.0,2.0,,,2,0,VALID,-5.688098981959831,-0.2044463304517823,-2.1319748991773535,-5.483652651508049,-1.9275285687255712,-15.483652651508049,M0,M0,False,172.21933756801107,,,,,
NWS000244,NW007_NULL_N015_A2,NWP_A2_S03_NULL,NWB_A2_S03,NULL_FLARE_RED_NOISE,15,280.0,2.0,,,3,0,VALID,-5.406881840602093,0.16951365070715596,-1.773111404362349,-5.576395491309249,-1.942625055069505,-15.576395491309249,M0,M0,False,186.857269399521,,,,,
NWS000245,NW007_NULL_N015_A2,NWP_A2_S04_NULL,NWB_A2_S04,NULL_FLARE_RED_NOISE,15,280.0,2.0,,,4,0,VALID,-4.57234283632935,0.9835522290027541,-0.952549677485357,-5.555895065332104,-1.936101906488111,-15.555895065332104,M0,M0,False,173.30927174752094,,,,,
NWS000246,NW007_NULL_N015_A2,NWP_A2_S05_NULL,NWB_A2_S05,NULL_FLARE_RED_NOISE,15,280.0,2.0,,,5,0,VALID,-5.89851113509744,-0.3727012359056854,-2.3002157561788765,-5.525809899191755,-1.9275145202731911,-15.525809899191755,M0,M0,False,130.82778391066847,,,,,
NWS000247,NW007_NULL_N015_A2,NWP_A2_S06_NULL,NWB_A2_S06,NULL_FLARE_RED_NOISE,15,280.0,2.0,,,6,0,VALID,-5.0425550424888925,0.4933664258828525,-1.4383430573037161,-5.535921468371745,-1.9317094831865687,-15.535921468371745,M0,M0,False,199.79938922799963,,,,,
NWS000248,NW007_NULL_N015_A2,NWP_A2_S07_NULL,NWB_A2_S07,NULL_FLARE_RED_NOISE,15,280.0,2.0,,,7,0,VALID,-5.058794687644669,0.4765389070843771,-1.460016719733292,-5.535333594729046,-1.9365556268176691,-15.535333594729046,M0,M0,False,137.0458462144636,,,,,
NWS000249,NW007_NULL_N015_A2,NWP_A2_S08_NULL,NWB_A2_S08,NULL_FLARE_RED_NOISE,15,280.0,2.0,,,8,0,VALID,-4.185844784203358,1.318499617063404,-0.6189083851258728,-5.504344401266762,-1.9374080021892768,-15.504344401266762,M0,M0,False,188.97084582535373,,,,,
NWS000250,NW007_NULL_N015_A2,NWP_A2_S09_NULL,NWB_A2_S09,NULL_FLARE_RED_NOISE,15,280.0,2.0,,,9,0,VALID,-5.139619887266996,0.3985504278396075,-1.5375450092713097,-5.538170315106603,-1.9360954371109171,-15.538170315106603,M0,M0,False,192.42440480920374,,,,,
NWS000251,NW007_NULL_N015_A2,NWP_A2_S10_NULL,NWB_A2_S10,NULL_FLARE_RED_NOISE,15,280.0,2.0,,,10,0,VALID,-4.801649049158536,0.7330048422540472,-1.178953187602585,-5.534653891412583,-1.911958029856632,-15.534653891412583,M0,M0,False,149.88905415410784,,,,,
NWS000252,NW007_NULL_N015_A2,NWP_A2_S11_NULL,NWB_A2_S11,NULL_FLARE_RED_NOISE,15,280.0,2.0,,,11,0,VALID,-4.808322636050338,0.7709748902146352,-1.1628502417221371,-5.579297526264973,-1.9338251319367723,-15.579297526264973,M0,M0,False,132.38858665094975,,,,,
NWS000253,NW007_NULL_N015_A2,NWP_A2_S12_NULL,NWB_A2_S12,NULL_FLARE_RED_NOISE,15,280.0,2.0,,,12,0,VALID,-5.028846911192561,0.4981816693574892,-1.4127519387739822,-5.52702858055005,-1.9109336081314714,-15.52702858055005,M0,M0,False,221.3261864309633,,,,,
NWS000254,NW007_NULL_N015_A2,NWP_A2_S13_NULL,NWB_A2_S13,NULL_FLARE_RED_NOISE,15,280.0,2.0,,,13,0,VALID,-5.159968145868861,0.38933363007093647,-1.5500932542749917,-5.549301775939798,-1.9394268843459281,-15.549301775939798,M0,M0,False,173.3704019752411,,,,,
NWS000255,NW007_NULL_N015_A2,NWP_A2_S14_NULL,NWB_A2_S14,NULL_FLARE_RED_NOISE,15,280.0,2.0,,,14,0,VALID,-5.451241051913659,0.11230970448692545,-1.8207815560531513,-5.563550756400584,-1.9330912605400767,-15.563550756400584,M0,M0,False,196.99292858899096,,,,,
NWS000256,NW007_NULL_N015_A2,NWP_A2_S15_NULL,NWB_A2_S15,NULL_FLARE_RED_NOISE,15,280.0,2.0,,,15,0,VALID,-4.483320703948577,1.1061362999357733,-0.837546273626768,-5.58945700388435,-1.9436825735625414,-15.58945700388435,M0,M0,False,173.33455663180976,,,,,
NWS000257,NW007_NULL_N015_A2,NWP_A2_S16_NULL,NWB_A2_S16,NULL_FLARE_RED_NOISE,15,280.0,2.0,,,16,0,VALID,-5.3222108154814975,0.16395219833063912,-1.7552613620110629,-5.486163013812137,-1.919213560341702,-15.486163013812137,M0,M0,False,210.74334130054189,,,,,
NWS000258,NW007_NULL_N015_A2,NWP_A2_S17_NULL,NWB_A2_S17,NULL_FLARE_RED_NOISE,15,280.0,2.0,,,17,0,VALID,-4.9576284282887215,0.5621146120391636,-1.3749268750169312,-5.519743040327885,-1.9370414870560948,-15.519743040327885,M0,M0,False,191.30164034091612,,,,,
NWS000259,NW007_NULL_N015_A2,NWP_A2_S18_NULL,NWB_A2_S18,NULL_FLARE_RED_NOISE,15,280.0,2.0,,,18,0,VALID,-5.116359139001386,0.3972014729446318,-1.5449655371236757,-5.513560611946017,-1.9421670100683075,-15.513560611946017,M0,M0,False,132.02889504650616,,,,,
NWS000260,NW007_NULL_N015_A2,NWP_A2_S19_NULL,NWB_A2_S19,NULL_FLARE_RED_NOISE,15,280.0,2.0,,,19,0,VALID,-5.294795639588415,0.26208178764191103,-1.6670659869840607,-5.556877427230326,-1.9291477746259718,-15.556877427230326,M0,M0,False,198.26737087803068,,,,,
NWS000261,NW007_NULL_N015_A2,NWP_A2_S20_NULL,NWB_A2_S20,NULL_FLARE_RED_NOISE,15,280.0,2.0,,,20,0,VALID,-5.238592324641786,0.28597570723030685,-1.6514954169837184,-5.524568031872093,-1.9374711242140252,-15.524568031872093,M0,M0,False,191.011984431575,,,,,
NWS000262,NW007_NULL_N015_A2,NWP_A2_S21_NULL,NWB_A2_S21,NULL_FLARE_RED_NOISE,15,280.0,2.0,,,21,0,VALID,-4.876915159569897,0.6809461398210885,-1.2560044630636726,-5.557861299390986,-1.9369506028847612,-15.557861299390986,M0,M0,False,184.78984941593197,,,,,
NWS000263,NW007_NULL_N015_A2,NWP_A2_S22_NULL,NWB_A2_S22,NULL_FLARE_RED_NOISE,15,280.0,2.0,,,22,0,VALID,-4.729015581367458,0.8306949332748825,-1.1149271899976112,-5.55971051464234,-1.9456221232724937,-15.55971051464234,M0,M0,False,176.60253935177886,,,,,
NWS000264,NW007_NULL_N015_A2,NWP_A2_S23_NULL,NWB_A2_S23,NULL_FLARE_RED_NOISE,15,280.0,2.0,,,23,0,VALID,-4.541866302263772,0.9911397431571682,-0.9473311347730098,-5.53300604542094,-1.938470877930178,-15.53300604542094,M0,M0,False,137.11893199862337,,,,,
NWS000265,NW007_NULL_N015_A2,NWP_A2_S24_NULL,NWB_A2_S24,NULL_FLARE_RED_NOISE,15,280.0,2.0,,,24,0,VALID,-5.063778674050509,0.4710903332284708,-1.469888147310006,-5.53486900727898,-1.9409784805384769,-15.53486900727898,M0,M0,False,158.1501697477426,,,,,
NWS000266,NW007_NULL_N015_A2,NWP_A2_S25_NULL,NWB_A2_S25,NULL_FLARE_RED_NOISE,15,280.0,2.0,,,25,0,VALID,-5.074492685745632,0.5096160608492184,-1.4230964716532073,-5.5841087465948505,-1.9327125325024257,-15.58410874659485,M0,M0,False,201.07751342271632,,,,,
NWS000267,NW007_NULL_N015_A2,NWP_A2_S26_NULL,NWB_A2_S26,NULL_FLARE_RED_NOISE,15,280.0,2.0,,,26,0,VALID,-5.196593519718876,0.35009146664928714,-1.5891533058419727,-5.546684986368163,-1.9392447724912598,-15.546684986368163,M0,M0,False,133.75249010665988,,,,,
NWS000268,NW007_NULL_N015_A2,NWP_A2_S27_NULL,NWB_A2_S27,NULL_FLARE_RED_NOISE,15,280.0,2.0,,,27,0,VALID,-5.662324514329326,-0.10611242877344296,-2.0359827183203985,-5.556212085555883,-1.9298702895469555,-15.556212085555883,M0,M0,False,197.16889199462966,,,,,
NWS000269,NW007_NULL_N015_A2,NWP_A2_S28_NULL,NWB_A2_S28,NULL_FLARE_RED_NOISE,15,280.0,2.0,,,28,0,VALID,-5.260607718526336,0.31857535339958076,-1.6102704329809976,-5.579183071925916,-1.9288457863805784,-15.579183071925916,M0,M0,False,201.10512883884397,,,,,
NWS000270,NW007_NULL_N015_A2,NWP_A2_S29_NULL,NWB_A2_S29,NULL_FLARE_RED_NOISE,15,280.0,2.0,,,29,0,VALID,-5.427684189183655,0.07423275945070174,-1.8657359039403039,-5.501916948634356,-1.9399686633910056,-15.501916948634356,M0,M0,False,131.58625023132274,,,,,
NWS000271,NW007_NULL_N015_A2,NWP_A2_S30_NULL,NWB_A2_S30,NULL_FLARE_RED_NOISE,15,280.0,2.0,,,30,0,VALID,-4.938989029196122,0.5773333319362646,-1.3522426536239296,-5.516322361132387,-1.9295759855601942,-15.516322361132387,M0,M0,False,168.3507433502394,,,,,
NWS000272,NW007_NULL_N015_A2,NWP_A2_S31_NULL,NWB_A2_S31,NULL_FLARE_RED_NOISE,15,280.0,2.0,,,31,0,VALID,-5.447658230633921,0.039155926025735255,-1.9026488777944186,-5.486814156659657,-1.9418048038201539,-15.486814156659657,M0,M0,False,133.45376601858155,,,,,
NWS000273,NW007_NULL_N015_A2,NWP_A2_S32_NULL,NWB_A2_S32,NULL_FLARE_RED_NOISE,15,280.0,2.0,,,32,0,VALID,-5.34763698121977,0.18837993735542113,-1.7511703078380831,-5.536016918575191,-1.9395502451935043,-15.536016918575191,M0,M0,False,180.4061943501483,,,,,
NWS000274,NW007_NULL_N015_A2,NWP_A2_S33_NULL,NWB_A2_S33,NULL_FLARE_RED_NOISE,15,280.0,2.0,,,33,0,VALID,-5.0363386061668685,0.49757623030210496,-1.4349498963602771,-5.533914836468973,-1.932526126662382,-15.533914836468973,M0,M0,False,171.5975914304327,,,,,
NWS000275,NW007_NULL_N015_A2,NWP_A2_S34_NULL,NWB_A2_S34,NULL_FLARE_RED_NOISE,15,280.0,2.0,,,34,0,VALID,-4.331984414092307,1.2331400263214967,-0.6994361384482515,-5.565124440413804,-1.9325761647697481,-15.565124440413804,M0,M0,False,178.55551766657663,,,,,
NWS000276,NW007_NULL_N015_A2,NWP_A2_S35_NULL,NWB_A2_S35,NULL_FLARE_RED_NOISE,15,280.0,2.0,,,35,0,VALID,-5.182578819185924,0.3135066965131088,-1.6066166869267429,-5.496085515699033,-1.9201233834398517,-15.496085515699033,M0,M0,False,203.18849160112399,,,,,
NWS000277,NW007_NULL_N015_A2,NWP_A2_S36_NULL,NWB_A2_S36,NULL_FLARE_RED_NOISE,15,280.0,2.0,,,36,0,VALID,-5.10687905228766,0.36975764139566003,-1.5598849150567267,-5.47663669368332,-1.9296425564523867,-15.47663669368332,M0,M0,False,199.6035650649855,,,,,
NWS000278,NW007_NULL_N015_A2,NWP_A2_S37_NULL,NWB_A2_S37,NULL_FLARE_RED_NOISE,15,280.0,2.0,,,37,0,VALID,-5.46414223276863,0.0811877606108844,-1.8648119830363354,-5.545329993379514,-1.9459997436472198,-15.545329993379514,M0,M0,False,184.24949182363417,,,,,
NWS000279,NW007_NULL_N015_A2,NWP_A2_S38_NULL,NWB_A2_S38,NULL_FLARE_RED_NOISE,15,280.0,2.0,,,38,0,VALID,-5.068464368735029,0.476965078494036,-1.4581632666137354,-5.545429447229065,-1.9351283451077714,-15.545429447229065,M0,M0,False,151.45376469420916,,,,,
NWS000280,NW007_NULL_N015_A2,NWP_A2_S39_NULL,NWB_A2_S39,NULL_FLARE_RED_NOISE,15,280.0,2.0,,,39,0,VALID,-5.071334675113043,0.4960484013033639,-1.442348979977342,-5.567383076416407,-1.9383973812807058,-15.567383076416407,M0,M0,False,172.11378919635902,,,,,
NWS000281,NW008_QPP_N015_P050_A2_Q040,NWP_A2_S00_P050,NWB_A2_S00,STATIONARY_QPP_PRESENT,15,280.0,2.0,50.0,0.04,0,0,VALID,-4.26462784312967,0.914071808108508,-0.9210742447907991,-5.178699651238178,-1.835146052899307,-15.178699651238178,M0,M0,False,44.952433559723566,formal_m1_center_not_selected,-5.047566440276434,5.047566440276434,-0.10095132880552868,0.10095132880552868
NWS000282,NW008_QPP_N015_P050_A2_Q040,NWP_A2_S01_P050,NWB_A2_S01,STATIONARY_QPP_PRESENT,15,280.0,2.0,50.0,0.04,1,0,VALID,-3.8430888506565553,1.4045630920761276,-0.5444332571683814,-5.247651942732682,-1.948996349244509,-15.247651942732682,M0,M0,False,45.57966937667889,formal_m1_center_not_selected,-4.420330623321107,4.420330623321107,-0.08840661246642213,0.08840661246642213
NWS000283,NW008_QPP_N015_P050_A2_Q040,NWP_A2_S02_P050,NWB_A2_S02,STATIONARY_QPP_PRESENT,15,280.0,2.0,50.0,0.04,2,0,VALID,-5.1554029791997635,0.032145772401552364,-1.9012286637963554,-5.187548751601316,-1.9333744361979077,-15.187548751601316,M0,M0,False,45.00462122143998,formal_m1_center_not_selected,-4.995378778560017,4.995378778560017,-0.09990757557120034,0.09990757557120034
NWS000284,NW008_QPP_N015_P050_A2_Q040,NWP_A2_S03_P050,NWB_A2_S03,STATIONARY_QPP_PRESENT,15,280.0,2.0,50.0,0.04,3,0,VALID,-4.004903264962278,1.481324514953151,-0.2631255128261971,-5.4862277799154295,-1.7444500277793482,-15.48622777991543,M0,M0,False,52.09441083876728,formal_m1_center_not_selected,2.0944108387672813,2.0944108387672813,0.04188821677534563,0.04188821677534563
NWS000285,NW008_QPP_N015_P050_A2_Q040,NWP_A2_S04_P050,NWB_A2_S04,STATIONARY_QPP_PRESENT,15,280.0,2.0,50.0,0.04,4,0,VALID,-2.8229463407544846,2.437226715782135,0.5319968010765388,-5.260173056536619,-1.905229914705596,-15.260173056536619,M0,M0,False,162.91125983332358,formal_m1_center_not_selected,112.91125983332358,112.91125983332358,2.2582251966664715,2.2582251966664715
NWS000286,NW008_QPP_N015_P050_A2_Q040,NWP_A2_S05_P050,NWB_A2_S05,STATIONARY_QPP_PRESENT,15,280.0,2.0,50.0,0.04,5,0,VALID,-5.5685790967353626,-0.24565675977021684,-2.063078259314932,-5.322922336965146,-1.8174214995447153,-15.322922336965146,M0,M0,False,54.90941612935711,formal_m1_center_not_selected,4.909416129357112,4.909416129357112,0.09818832258714223,0.09818832258714223
NWS000287,NW008_QPP_N015_P050_A2_Q040,NWP_A2_S06_P050,NWB_A2_S06,STATIONARY_QPP_PRESENT,15,280.0,2.0,50.0,0.04,6,0,VALID,-3.1796634881825026,2.080346236243953,0.13529182816592833,-5.260009724426455,-1.9450544080780245,-15.260009724426455,M0,M0,False,165.50758979143185,formal_m1_center_not_selected,115.50758979143185,115.50758979143185,2.310151795828637,2.310151795828637
NWS000288,NW008_QPP_N015_P050_A2_Q040,NWP_A2_S07_P050,NWB_A2_S07,STATIONARY_QPP_PRESENT,15,280.0,2.0,50.0,0.04,7,0,VALID,-5.464030087038941,0.07031167217632728,-1.6892571325974766,-5.534341759215268,-1.7595688047738038,-15.534341759215268,M0,M0,False,55.45224323554605,formal_m1_center_not_selected,5.4522432355460495,5.4522432355460495,0.109044864710921,0.109044864710921
NWS000289,NW008_QPP_N015_P050_A2_Q040,NWP_A2_S08_P050,NWB_A2_S08,STATIONARY_QPP_PRESENT,15,280.0,2.0,50.0,0.04,8,0,VALID,-5.613378642275496,-0.017087139120445016,-1.9246949753381264,-5.596291503155051,-1.9076078362176814,-15.59629150315505,M0,M0,False,151.7760191282654,formal_m1_center_not_selected,101.7760191282654,101.7760191282654,2.035520382565308,2.035520382565308
NWS000290,NW008_QPP_N015_P050_A2_Q040,NWP_A2_S09_P050,NWB_A2_S09,STATIONARY_QPP_PRESENT,15,280.0,2.0,50.0,0.04,9,0,VALID,-3.309379360327091,2.1616869603909947,0.24279977375235173,-5.471066320718085,-1.918887186638643,-15.471066320718085,M0,M0,False,49.983236063002934,formal_m1_center_not_selected,-0.016763936997065798,0.016763936997065798,-0.00033527873994131595,0.00033527873994131595
NWS000291,NW008_QPP_N015_P050_A2_Q040,NWP_A2_S10_P050,NWB_A2_S10,STATIONARY_QPP_PRESENT,15,280.0,2.0,50.0,0.04,10,0,VALID,-3.0200104429047063,2.2544081273211507,0.3214153687894976,-5.274418570225857,-1.932992758531653,-15.274418570225857,M0,M0,False,168.27195096530582,formal_m1_center_not_selected,118.27195096530582,118.27195096530582,2.3654390193061166,2.3654390193061166
NWS000292,NW008_QPP_N015_P050_A2_Q040,NWP_A2_S11_P050,NWB_A2_S11,STATIONARY_QPP_PRESENT,15,280.0,2.0,50.0,0.04,11,0,VALID,-4.797792329361034,0.49093494491490475,-1.3874425585625785,-5.288727274275939,-1.8783775034774832,-15.288727274275939,M0,M0,False,42.913927457015205,formal_m1_center_not_selected,-7.086072542984795,7.086072542984795,-0.1417214508596959,0.1417214508596959
NWS000293,NW008_QPP_N015_P050_A2_Q040,NWP_A2_S12_P050,NWB_A2_S12,STATIONARY_QPP_PRESENT,15,280.0,2.0,50.0,0.04,12,0,VALID,-3.157195512784068,2.1362801256900106,0.20672600450881173,-5.293475638474078,-1.9295541211811988,-15.293475638474078,M0,M0,False,168.43895452185683,formal_m1_center_not_selected,118.43895452185683,118.43895452185683,2.3687790904371364,2.3687790904371364
NWS000294,NW008_QPP_N015_P050_A2_Q040,NWP_A2_S13_P050,NWB_A2_S13,STATIONARY_QPP_PRESENT,15,280.0,2.0,50.0,0.04,13,0,VALID,-3.3912223374881703,2.072706464707103,0.134229284499491,-5.463928802195273,-1.9384771802076122,-15.463928802195273,M0,M0,False,125.99228221552724,formal_m1_center_not_selected,75.99228221552724,75.99228221552724,1.5198456443105448,1.5198456443105448
NWS000295,NW008_QPP_N015_P050_A2_Q040,NWP_A2_S14_P050,NWB_A2_S14,STATIONARY_QPP_PRESENT,15,280.0,2.0,50.0,0.04,14,0,VALID,-6.520438967722303,-0.8735044589430583,-2.780741552906263,-5.646934508779244,-1.9072370939632046,-15.646934508779244,M0,M0,False,61.671343670841665,formal_m1_center_not_selected,11.671343670841665,11.671343670841665,0.2334268734168333,0.2334268734168333
NWS000296,NW008_QPP_N015_P050_A2_Q040,NWP_A2_S15_P050,NWB_A2_S15,STATIONARY_QPP_PRESENT,15,280.0,2.0,50.0,0.04,15,0,VALID,-3.4394692539413456,2.055163842960834,0.3999996917658466,-5.494633096902179,-1.6551641511949873,-15.494633096902179,M0,M0,False,53.96720143204801,formal_m1_center_not_selected,3.9672014320480073,3.9672014320480073,0.07934402864096014,0.07934402864096014
NWS000297,NW008_QPP_N015_P050_A2_Q040,NWP_A2_S16_P050,NWB_A2_S16,STATIONARY_QPP_PRESENT,15,280.0,2.0,50.0,0.04,16,0,VALID,-3.4096349233893464,1.971582137156938,0.03519997182050094,-5.381217060546284,-1.936382165336437,-15.381217060546284,M0,M0,False,126.24551050119351,formal_m1_center_not_selected,76.24551050119351,76.24551050119351,1.52491021002387,1.52491021002387
NWS000298,NW008_QPP_N015_P050_A2_Q040,NWP_A2_S17_P050,NWB_A2_S17,STATIONARY_QPP_PRESENT,15,280.0,2.0,50.0,0.04,17,0,VALID,-3.1220736367370585,2.0966998879397742,0.19510857836770423,-5.218773524676832,-1.90159130957207,-15.218773524676832,M0,M0,False,164.61608443090265,formal_m1_center_not_selected,114.61608443090265,114.61608443090265,2.292321688618053,2.292321688618053
NWS000299,NW008_QPP_N015_P050_A2_Q040,NWP_A2_S18_P050,NWB_A2_S18,STATIONARY_QPP_PRESENT,15,280.0,2.0,50.0,0.04,18,0,VALID,-4.366151596756199,1.043144842852902,-0.5236834963418575,-5.409296439609101,-1.5668283391947595,-15.4092964396091,M0,M0,False,54.563331461921656,formal_m1_center_not_selected,4.563331461921656,4.563331461921656,0.09126662923843312,0.09126662923843312
NWS000300,NW008_QPP_N015_P050_A2_Q040,NWP_A2_S19_P050,NWB_A2_S19,STATIONARY_QPP_PRESENT,15,280.0,2.0,50.0,0.04,19,0,VALID,-3.3511505961598087,2.016012764522994,0.07061340089078438,-5.367163360682802,-1.9453993636322098,-15.367163360682802,M0,M0,False,165.81732741217053,formal_m1_center_not_selected,115.81732741217053,115.81732741217053,2.3163465482434105,2.3163465482434105
NWS000301,NW008_QPP_N015_P050_A2_Q040,NWP_A2_S20_P050,NWB_A2_S20,STATIONARY_QPP_PRESENT,15,280.0,2.0,50.0,0.04,20,0,VALID,-4.154984341728458,1.0404000254237573,-0.8698311164173615,-5.195384367152215,-1.9102311418411189,-15.195384367152215,M0,M0,False,161.5490654809389,formal_m1_center_not_selected,111.5490654809389,111.5490654809389,2.230981309618778,2.230981309618778
NWS000302,NW008_QPP_N015_P050_A2_Q040,NWP_A2_S21_P050,NWB_A2_S21,STATIONARY_QPP_PRESENT,15,280.0,2.0,50.0,0.04,21,0,VALID,-5.348449269261545,0.21682857727311777,-1.5864214846577278,-5.565277846534663,-1.8032500619308456,-15.565277846534663,M0,M0,False,55.27374604658852,formal_m1_center_not_selected,5.273746046588521,5.273746046588521,0.10547492093177041,0.10547492093177041
NWS000303,NW008_QPP_N015_P050_A2_Q040,NWP_A2_S22_P050,NWB_A2_S22,STATIONARY_QPP_PRESENT,15,280.0,2.0,50.0,0.04,22,0,VALID,-4.985855253075201,0.5376312983608642,-1.4078016255474042,-5.523486551436065,-1.9454329239082684,-15.523486551436065,M0,M0,False,54.8771896705527,formal_m1_center_not_selected,4.877189670552703,4.877189670552703,0.09754379341105406,0.09754379341105406
NWS000304,NW008_QPP_N015_P050_A2_Q040,NWP_A2_S23_P050,NWB_A2_S23,STATIONARY_QPP_PRESENT,15,280.0,2.0,50.0,0.04,23,0,VALID,-2.8100902641656202,2.4094044737665214,0.5147869574324746,-5.219494737932141,-1.8946175163340468,-15.219494737932141,M0,M0,False,163.36702458751842,formal_m1_center_not_selected,113.36702458751842,113.36702458751842,2.2673404917503683,2.2673404917503683
NWS000305,NW008_QPP_N015_P050_A2_Q040,NWP_A2_S24_P050,NWB_A2_S24,STATIONARY_QPP_PRESENT,15,280.0,2.0,50.0,0.04,24,0,VALID,-3.741922124754723,1.6781802770495098,0.07946805442449456,-5.4201024018042325,-1.5987122226250152,-15.420102401804233,M0,M0,False,52.796588656611334,formal_m1_center_not_selected,2.796588656611334,2.796588656611334,0.05593177313222668,0.05593177313222668
NWS000306,NW008_QPP_N015_P050_A2_Q040,NWP_A2_S25_P050,NWB_A2_S25,STATIONARY_QPP_PRESENT,15,280.0,2.0,50.0,0.04,25,0,VALID,-3.1231487936788853,2.2564353077224215,0.31057574696047485,-5.379584101401306,-1.9458595607619467,-15.379584101401306,M0,M0,False,165.15664373031808,formal_m1_center_not_selected,115.15664373031808,115.15664373031808,2.3031328746063617,2.3031328746063617
NWS000307,NW008_QPP_N015_P050_A2_Q040,NWP_A2_S26_P050,NWB_A2_S26,STATIONARY_QPP_PRESENT,15,280.0,2.0,50.0,0.04,26,0,VALID,-4.043623040794424,1.1600910739476706,-0.7881333634971801,-5.203714114742095,-1.9482244374448507,-15.203714114742095,M0,M0,False,159.74539952854872,formal_m1_center_not_selected,109.74539952854872,109.74539952854872,2.1949079905709743,2.1949079905709743
NWS000308,NW008_QPP_N015_P050_A2_Q040,NWP_A2_S27_P050,NWB_A2_S27,STATIONARY_QPP_PRESENT,15,280.0,2.0,50.0,0.04,27,0,VALID,-4.160042298731703,1.068226288161707,-0.8779108948802419,-5.22826858689341,-1.946137183041949,-15.22826858689341,M0,M0,False,162.62885399386138,formal_m1_center_not_selected,112.62885399386138,112.62885399386138,2.2525770798772276,2.2525770798772276
NWS000309,NW008_QPP_N015_P050_A2_Q040,NWP_A2_S28_P050,NWB_A2_S28,STATIONARY_QPP_PRESENT,15,280.0,2.0,50.0,0.04,28,0,VALID,-3.8803672453943325,1.5023625474692146,-0.09844567875345067,-5.382729792863547,-1.6008082262226653,-15.382729792863547,M0,M0,False,53.15550694669515,formal_m1_center_not_selected,3.155506946695148,3.155506946695148,0.06311013893390297,0.06311013893390297
NWS000310,NW008_QPP_N015_P050_A2_Q040,NWP_A2_S29_P050,NWB_A2_S29,STATIONARY_QPP_PRESENT,15,280.0,2.0,50.0,0.04,29,0,VALID,-6.022221032529744,-0.484019964815964,-2.26850168709204,-5.53820106771378,-1.7844817222760758,-15.53820106771378,M0,M0,False,55.17628376992534,formal_m1_center_not_selected,5.176283769925341,5.176283769925341,0.10352567539850682,0.10352567539850682
NWS000311,NW008_QPP_N015_P050_A2_Q040,NWP_A2_S30_P050,NWB_A2_S30,STATIONARY_QPP_PRESENT,15,280.0,2.0,50.0,0.04,30,0,VALID,-4.24627567828515,1.181150326932837,-0.40431127004630607,-5.427426005217987,-1.585461596979143,-15.427426005217987,M0,M0,False,54.66870043733829,formal_m1_center_not_selected,4.668700437338288,4.668700437338288,0.09337400874676575,0.09337400874676575
NWS000312,NW008_QPP_N015_P050_A2_Q040,NWP_A2_S31_P050,NWB_A2_S31,STATIONARY_QPP_PRESENT,15,280.0,2.0,50.0,0.04,31,0,VALID,-6.941569291784807,-1.3304944521896012,-3.2318794348778086,-5.611074839595206,-1.9013849826882074,-15.611074839595206,M0,M0,False,171.35131797706615,formal_m1_center_not_selected,121.35131797706615,121.35131797706615,2.427026359541323,2.427026359541323
NWS000313,NW008_QPP_N015_P050_A2_Q040,NWP_A2_S32_P050,NWB_A2_S32,STATIONARY_QPP_PRESENT,15,280.0,2.0,50.0,0.04,32,0,VALID,-6.681119873118947,-1.0716781068243364,-3.00645681305748,-5.60944176629461,-1.9347787062331436,-15.60944176629461,M0,M0,False,169.8639827878812,formal_m1_center_not_selected,119.86398278788121,119.86398278788121,2.3972796557576244,2.3972796557576244
NWS000314,NW008_QPP_N015_P050_A2_Q040,NWP_A2_S33_P050,NWB_A2_S33,STATIONARY_QPP_PRESENT,15,280.0,2.0,50.0,0.04,33,0,VALID,-4.582253005547146,0.6502441349102597,-1.259580518250357,-5.232497140457406,-1.9098246531606167,-15.232497140457406,M0,M0,False,44.82230793673889,formal_m1_center_not_selected,-5.177692063261112,5.177692063261112,-0.10355384126522224,0.10355384126522224
NWS000315,NW008_QPP_N015_P050_A2_Q040,NWP_A2_S34_P050,NWB_A2_S34,STATIONARY_QPP_PRESENT,15,280.0,2.0,50.0,0.04,34,0,VALID,-5.344291081290226,0.13973990188642205,-1.7685733123317933,-5.484030983176648,-1.9083132142182153,-15.484030983176648,M0,M0,False,40.0,formal_m1_center_not_selected,-10.0,10.0,-0.2,0.2
NWS000316,NW008_QPP_N015_P050_A2_Q040,NWP_A2_S35_P050,NWB_A2_S35,STATIONARY_QPP_PRESENT,15,280.0,2.0,50.0,0.04,35,0,VALID,-4.061129867536556,1.2499852691105602,-0.3742665106818537,-5.311115136647116,-1.6242517797924139,-15.311115136647116,M0,M0,False,54.46615096635476,formal_m1_center_not_selected,4.4661509663547605,4.4661509663547605,0.08932301932709522,0.08932301932709522
NWS000317,NW008_QPP_N015_P050_A2_Q040,NWP_A2_S36_P050,NWB_A2_S36,STATIONARY_QPP_PRESENT,15,280.0,2.0,50.0,0.04,36,0,VALID,-5.860946037451136,-0.2705276647871475,-2.1454520530619687,-5.590418372663988,-1.8749243882748212,-15.590418372663988,M0,M0,False,55.564953703677126,formal_m1_center_not_selected,5.564953703677126,5.564953703677126,0.11129907407354253,0.11129907407354253
NWS000318,NW008_QPP_N015_P050_A2_Q040,NWP_A2_S37_P050,NWB_A2_S37,STATIONARY_QPP_PRESENT,15,280.0,2.0,50.0,0.04,37,0,VALID,-6.089120654399915,-0.8038768305254358,-2.6259677462060838,-5.285243823874479,-1.822090915680648,-15.28524382387448,M0,M0,False,40.0,formal_m1_center_not_selected,-10.0,10.0,-0.2,0.2
NWS000319,NW008_QPP_N015_P050_A2_Q040,NWP_A2_S38_P050,NWB_A2_S38,STATIONARY_QPP_PRESENT,15,280.0,2.0,50.0,0.04,38,0,VALID,-6.446749188306928,-0.8253604327204052,-2.7468375604751367,-5.621388755586523,-1.9214771277547316,-15.621388755586523,M0,M0,False,171.7330299070509,formal_m1_center_not_selected,121.7330299070509,121.7330299070509,2.434660598141018,2.434660598141018
NWS000320,NW008_QPP_N015_P050_A2_Q040,NWP_A2_S39_P050,NWB_A2_S39,STATIONARY_QPP_PRESENT,15,280.0,2.0,50.0,0.04,39,0,VALID,-6.114809183062718,-0.4539572098409721,-2.41068309939872,-5.660851973221746,-1.956725889557748,-15.660851973221746,M0,M0,False,62.60925387770143,formal_m1_center_not_selected,12.609253877701427,12.609253877701427,0.2521850775540285,0.2521850775540285
NWS000321,NW009_QPP_N015_P080_A2_Q040,NWP_A2_S00_P080,NWB_A2_S00,STATIONARY_QPP_PRESENT,15,280.0,2.0,80.0,0.04,0,0,VALID,-4.803009443566175,0.5686597363507353,-1.3589342032445364,-5.3716691799169105,-1.9275939395952717,-15.37166917991691,M0,M0,False,130.0215238683585,formal_m1_center_not_selected,50.021523868358514,50.021523868358514,0.6252690483544814,0.6252690483544814
NWS000322,NW009_QPP_N015_P080_A2_Q040,NWP_A2_S01_P080,NWB_A2_S01,STATIONARY_QPP_PRESENT,15,280.0,2.0,80.0,0.04,1,0,VALID,-4.291339235627834,1.0473246744981193,-0.8223371456947435,-5.338663910125954,-1.8696618201928628,-15.338663910125954,M0,M0,False,236.42232718767755,formal_m1_center_not_selected,156.42232718767755,156.42232718767755,1.9552790898459693,1.9552790898459693
NWS000323,NW009_QPP_N015_P080_A2_Q040,NWP_A2_S02_P080,NWB_A2_S02,STATIONARY_QPP_PRESENT,15,280.0,2.0,80.0,0.04,2,0,VALID,-5.524230333993179,-0.309522172908272,-2.236113831461334,-5.214708161084907,-1.926591658553062,-15.214708161084907,M0,M0,False,231.90104618509093,formal_m1_center_not_selected,151.90104618509093,151.90104618509093,1.8987630773136366,1.8987630773136366
NWS000324,NW009_QPP_N015_P080_A2_Q040,NWP_A2_S03_P080,NWB_A2_S03,STATIONARY_QPP_PRESENT,15,280.0,2.0,80.0,0.04,3,0,VALID,-4.372316529338391,1.375094325579223,-0.5666159586879571,-5.747410854917614,-1.94171028426718,-15.747410854917614,M0,M0,False,160.7014138884003,formal_m1_center_not_selected,80.70141388840031,80.70141388840031,1.008767673605004,1.008767673605004
NWS000325,NW009_QPP_N015_P080_A2_Q040,NWP_A2_S04_P080,NWB_A2_S04,STATIONARY_QPP_PRESENT,15,280.0,2.0,80.0,0.04,4,0,VALID,-3.208001460446735,2.3040721658385,0.548174263210039,-5.512073626285234,-1.755897902628461,-15.512073626285234,M0,M0,False,218.56921242016784,formal_m1_center_not_selected,138.56921242016784,138.56921242016784,1.7321151552520981,1.7321151552520981
NWS000326,NW009_QPP_N015_P080_A2_Q040,NWP_A2_S05_P080,NWB_A2_S05,STATIONARY_QPP_PRESENT,15,280.0,2.0,80.0,0.04,5,0,VALID,-5.974964805781363,-0.3409522482715506,-2.3113864618927726,-5.634012557509813,-1.970434213621222,-15.634012557509813,M0,M0,False,159.7601947398134,formal_m1_center_not_selected,79.76019473981339,79.76019473981339,0.9970024342476673,0.9970024342476673
NWS000327,NW009_QPP_N015_P080_A2_Q040,NWP_A2_S06_P080,NWB_A2_S06,STATIONARY_QPP_PRESENT,15,280.0,2.0,80.0,0.04,6,0,VALID,-3.5709768611190946,1.9539135363354436,0.20296806828995084,-5.524890397454538,-1.7509454680454928,-15.524890397454538,M0,M0,False,215.92297277771885,formal_m1_center_not_selected,135.92297277771885,135.92297277771885,1.6990371597214857,1.6990371597214857
NWS000328,NW009_QPP_N015_P080_A2_Q040,NWP_A2_S07_P080,NWB_A2_S07,STATIONARY_QPP_PRESENT,15,280.0,2.0,80.0,0.04,7,0,VALID,-5.5994074606738415,-0.09229575029088366,-2.0635941775612485,-5.507111710382958,-1.9712984272703649,-15.507111710382958,M0,M0,False,150.30996245018946,formal_m1_center_not_selected,70.30996245018946,70.30996245018946,0.8788745306273682,0.8788745306273682
NWS000329,NW009_QPP_N015_P080_A2_Q040,NWP_A2_S08_P080,NWB_A2_S08,STATIONARY_QPP_PRESENT,15,280.0,2.0,80.0,0.04,8,0,VALID,-5.353956399083577,-0.2231406332211403,-2.0579327555909126,-5.130815765862437,-1.8347921223697723,-15.130815765862437,M0,M0,False,153.2705969086879,formal_m1_center_not_selected,73.2705969086879,73.2705969086879,0.9158824613585989,0.9158824613585989
NWS000330,NW009_QPP_N015_P080_A2_Q040,NWP_A2_S09_P080,NWB_A2_S09,STATIONARY_QPP_PRESENT,15,280.0,2.0,80.0,0.04,9,0,VALID,-3.7498568349573866,1.954080121194247,0.06851174428949758,-5.703936956151633,-1.8855683769047493,-15.703936956151633,M0,M0,False,217.154210097693,formal_m1_center_not_selected,137.154210097693,137.154210097693,1.7144276262211626,1.7144276262211626
NWS000331,NW009_QPP_N015_P080_A2_Q040,NWP_A2_S10_P080,NWB_A2_S10,STATIONARY_QPP_PRESENT,15,280.0,2.0,80.0,0.04,10,0,VALID,-3.2763226031877974,2.232181879365548,0.5124149558376478,-5.508504482553345,-1.7197669235279003,-15.508504482553345,M0,M0,False,215.93748817448528,formal_m1_center_not_selected,135.93748817448528,135.93748817448528,1.699218602181066,1.699218602181066
NWS000332,NW009_QPP_N015_P080_A2_Q040,NWP_A2_S11_P080,NWB_A2_S11,STATIONARY_QPP_PRESENT,15,280.0,2.0,80.0,0.04,11,0,VALID,-4.998744660639108,0.28098124194255725,-1.6167006189471822,-5.279725902581665,-1.8976818608897394,-15.279725902581665,M0,M0,False,126.44380064875422,formal_m1_center_not_selected,46.44380064875422,46.44380064875422,0.5805475081094278,0.5805475081094278
NWS000333,NW009_QPP_N015_P080_A2_Q040,NWP_A2_S12_P080,NWB_A2_S12,STATIONARY_QPP_PRESENT,15,280.0,2.0,80.0,0.04,12,0,VALID,-3.462146325839367,2.0935817035674376,0.3459986605384815,-5.555728029406804,-1.747583043028956,-15.555728029406804,M0,M0,False,215.85404377559712,formal_m1_center_not_selected,135.85404377559712,135.85404377559712,1.698175547194964,1.698175547194964
NWS000334,NW009_QPP_N015_P080_A2_Q040,NWP_A2_S13_P080,NWB_A2_S13,STATIONARY_QPP_PRESENT,15,280.0,2.0,80.0,0.04,13,0,VALID,-3.6578889703492803,2.0378542866879883,0.16725321315561548,-5.695743257037268,-1.8706010735323728,-15.695743257037268,M0,M0,False,218.95223872038196,formal_m1_center_not_selected,138.95223872038196,138.95223872038196,1.7369029840047745,1.7369029840047745
NWS000335,NW009_QPP_N015_P080_A2_Q040,NWP_A2_S14_P080,NWB_A2_S14,STATIONARY_QPP_PRESENT,15,280.0,2.0,80.0,0.04,14,0,VALID,-6.45680483230926,-1.077588875455275,-2.9726229703790112,-5.379215956853985,-1.8950340949237363,-15.379215956853985,M0,M0,False,151.3561814999248,formal_m1_center_not_selected,71.35618149992479,71.35618149992479,0.8919522687490599,0.8919522687490599
NWS000336,NW009_QPP_N015_P080_A2_Q040,NWP_A2_S15_P080,NWB_A2_S15,STATIONARY_QPP_PRESENT,15,280.0,2.0,80.0,0.04,15,0,VALID,-3.736928964267323,2.0121248712349757,0.04601410375087678,-5.749053835502298,-1.966110767484099,-15.749053835502298,M0,M0,False,170.97099589705192,formal_m1_center_not_selected,90.97099589705192,90.97099589705192,1.137137448713149,1.137137448713149
NWS000337,NW009_QPP_N015_P080_A2_Q040,NWP_A2_S16_P080,NWB_A2_S16,STATIONARY_QPP_PRESENT,15,280.0,2.0,80.0,0.04,16,0,VALID,-3.8872855453974435,1.7521022704756763,-0.07901481284271394,-5.639387815873119,-1.8311170833183903,-15.63938781587312,M0,M0,False,217.12061690603957,formal_m1_center_not_selected,137.12061690603957,137.12061690603957,1.7140077113254946,1.7140077113254946
NWS000338,NW009_QPP_N015_P080_A2_Q040,NWP_A2_S17_P080,NWB_A2_S17,STATIONARY_QPP_PRESENT,15,280.0,2.0,80.0,0.04,17,0,VALID,-3.5487629542214454,1.9476881034795213,0.19449449646903094,-5.496451057700966,-1.7531936070104903,-15.496451057700966,M0,M0,False,215.84785656013182,formal_m1_center_not_selected,135.84785656013182,135.84785656013182,1.6980982070016477,1.6980982070016477
NWS000339,NW009_QPP_N015_P080_A2_Q040,NWP_A2_S18_P080,NWB_A2_S18,STATIONARY_QPP_PRESENT,15,280.0,2.0,80.0,0.04,18,0,VALID,-4.72370169263637,0.947855300705978,-1.020029217308024,-5.671556993342348,-1.967884518014002,-15.671556993342348,M0,M0,False,156.31298486004496,formal_m1_center_not_selected,76.31298486004496,76.31298486004496,0.953912310750562,0.953912310750562
NWS000340,NW009_QPP_N015_P080_A2_Q040,NWP_A2_S19_P080,NWB_A2_S19,STATIONARY_QPP_PRESENT,15,280.0,2.0,80.0,0.04,19,0,VALID,-3.7259078343382446,1.914174456035898,0.10342224263099187,-5.640082290374142,-1.810752213404906,-15.640082290374142,M0,M0,False,218.89887331962473,formal_m1_center_not_selected,138.89887331962473,138.89887331962473,1.7362359164953092,1.7362359164953092
NWS000341,NW009_QPP_N015_P080_A2_Q040,NWP_A2_S20_P080,NWB_A2_S20,STATIONARY_QPP_PRESENT,15,280.0,2.0,80.0,0.04,20,0,VALID,-4.586293601116628,0.7446504899460571,-1.10950444408022,-5.330944091062685,-1.854154934026277,-15.330944091062685,M0,M0,False,237.11613443713475,formal_m1_center_not_selected,157.11613443713475,157.11613443713475,1.9639516804641843,1.9639516804641843
NWS000342,NW009_QPP_N015_P080_A2_Q040,NWP_A2_S21_P080,NWB_A2_S21,STATIONARY_QPP_PRESENT,15,280.0,2.0,80.0,0.04,21,0,VALID,-5.417339401525503,0.10595554369112747,-1.832454880341893,-5.52329494521663,-1.9384104240330204,-15.52329494521663,M0,M0,False,148.56262890407078,formal_m1_center_not_selected,68.56262890407078,68.56262890407078,0.8570328613008847,0.8570328613008847
NWS000343,NW009_QPP_N015_P080_A2_Q040,NWP_A2_S22_P080,NWB_A2_S22,STATIONARY_QPP_PRESENT,15,280.0,2.0,80.0,0.04,22,0,VALID,-5.012214522150897,0.547340315207407,-1.3806405151864487,-5.559554837358304,-1.9279808303938557,-15.559554837358304,M0,M0,False,144.36849164547243,formal_m1_center_not_selected,64.36849164547243,64.36849164547243,0.8046061455684054,0.8046061455684054
NWS000344,NW009_QPP_N015_P080_A2_Q040,NWP_A2_S23_P080,NWB_A2_S23,STATIONARY_QPP_PRESENT,15,280.0,2.0,80.0,0.04,23,0,VALID,-3.1799655211814444,2.316297231540478,0.5564058266265723,-5.496262752721922,-1.7598914049139056,-15.496262752721922,M0,M0,False,219.09176303550382,formal_m1_center_not_selected,139.09176303550382,139.09176303550382,1.7386470379437977,1.7386470379437977
NWS000345,NW009_QPP_N015_P080_A2_Q040,NWP_A2_S24_P080,NWB_A2_S24,STATIONARY_QPP_PRESENT,15,280.0,2.0,80.0,0.04,24,0,VALID,-4.20022125793016,1.5241006419012475,-0.4244979822331283,-5.724321899831407,-1.9485986241343758,-15.724321899831407,M0,M0,False,152.18017464597892,formal_m1_center_not_selected,72.18017464597892,72.18017464597892,0.9022521830747365,0.9022521830747365
NWS000346,NW009_QPP_N015_P080_A2_Q040,NWP_A2_S25_P080,NWB_A2_S25,STATIONARY_QPP_PRESENT,15,280.0,2.0,80.0,0.04,25,0,VALID,-3.4957083959790585,2.1403179798228784,0.33883428719578834,-5.636026375801936,-1.80148369262709,-15.636026375801936,M0,M0,False,216.01004634139233,formal_m1_center_not_selected,136.01004634139233,136.01004634139233,1.7001255792674042,1.7001255792674042
NWS000347,NW009_QPP_N015_P080_A2_Q040,NWP_A2_S26_P080,NWB_A2_S26,STATIONARY_QPP_PRESENT,15,280.0,2.0,80.0,0.04,26,0,VALID,-4.45575270206945,0.9317062181960569,-0.9136070409389374,-5.387458920265507,-1.8453132591349943,-15.387458920265507,M0,M0,False,237.5834164706043,formal_m1_center_not_selected,157.5834164706043,157.5834164706043,1.9697927058825537,1.9697927058825537
NWS000348,NW009_QPP_N015_P080_A2_Q040,NWP_A2_S27_P080,NWB_A2_S27,STATIONARY_QPP_PRESENT,15,280.0,2.0,80.0,0.04,27,0,VALID,-4.511240747822304,0.9263096463223288,-0.8265487941389571,-5.437550394144633,-1.752858440461286,-15.437550394144633,M0,M0,False,216.02791666162688,formal_m1_center_not_selected,136.02791666162688,136.02791666162688,1.700348958270336,1.700348958270336
NWS000349,NW009_QPP_N015_P080_A2_Q040,NWP_A2_S28_P080,NWB_A2_S28,STATIONARY_QPP_PRESENT,15,280.0,2.0,80.0,0.04,28,0,VALID,-4.389191339776687,1.3561279131294555,-0.5793255903671346,-5.7453192529061425,-1.93545350349659,-15.745319252906143,M0,M0,False,144.4966399281213,formal_m1_center_not_selected,64.49663992812131,64.49663992812131,0.8062079991015164,0.8062079991015164
NWS000350,NW009_QPP_N015_P080_A2_Q040,NWP_A2_S29_P080,NWB_A2_S29,STATIONARY_QPP_PRESENT,15,280.0,2.0,80.0,0.04,29,0,VALID,-6.015946350781826,-0.5945831465383442,-2.4947500463177343,-5.421363204243482,-1.9001668997793901,-15.421363204243482,M0,M0,False,147.65942776298948,formal_m1_center_not_selected,67.65942776298948,67.65942776298948,0.8457428470373685,0.8457428470373685
NWS000351,NW009_QPP_N015_P080_A2_Q040,NWP_A2_S30_P080,NWB_A2_S30,STATIONARY_QPP_PRESENT,15,280.0,2.0,80.0,0.04,30,0,VALID,-4.59460872705265,1.086030034086555,-0.8842995039532768,-5.680638761139205,-1.9703295380398318,-15.680638761139205,M0,M0,False,180.16179680956176,formal_m1_center_not_selected,100.16179680956176,100.16179680956176,1.252022460119522,1.252022460119522
NWS000352,NW009_QPP_N015_P080_A2_Q040,NWP_A2_S31_P080,NWB_A2_S31,STATIONARY_QPP_PRESENT,15,280.0,2.0,80.0,0.04,31,0,VALID,-6.563154905087533,-1.4828481918762844,-3.4278418623540476,-5.0803067132112485,-1.9449936704777633,-15.080306713211248,M0,M0,False,153.9275536430551,formal_m1_center_not_selected,73.92755364305509,73.92755364305509,0.9240944205381887,0.9240944205381887
NWS000353,NW009_QPP_N015_P080_A2_Q040,NWP_A2_S32_P080,NWB_A2_S32,STATIONARY_QPP_PRESENT,15,280.0,2.0,80.0,0.04,32,0,VALID,-6.537514021903574,-1.4192055157247712,-3.362237850637867,-5.118308506178803,-1.943032334913096,-15.118308506178803,M0,M0,False,135.34084644248784,formal_m1_center_not_selected,55.340846442487845,55.340846442487845,0.691760580531098,0.691760580531098
NWS000354,NW009_QPP_N015_P080_A2_Q040,NWP_A2_S33_P080,NWB_A2_S33,STATIONARY_QPP_PRESENT,15,280.0,2.0,80.0,0.04,33,0,VALID,-5.0155556746193515,0.2615537639871981,-1.6660201665705445,-5.27710943860655,-1.9275739305577426,-15.27710943860655,M0,M0,False,125.66438938165754,formal_m1_center_not_selected,45.66438938165754,45.66438938165754,0.5708048672707193,0.5708048672707193
NWS000355,NW009_QPP_N015_P080_A2_Q040,NWP_A2_S34_P080,NWB_A2_S34,STATIONARY_QPP_PRESENT,15,280.0,2.0,80.0,0.04,34,0,VALID,-5.359372464105032,-0.25529207100826135,-2.1786671416480567,-5.104080393096771,-1.9233750706397954,-15.10408039309677,M0,M0,False,123.88533678544779,formal_m1_center_not_selected,43.88533678544779,43.88533678544779,0.5485667098180974,0.5485667098180974
NWS000356,NW009_QPP_N015_P080_A2_Q040,NWP_A2_S35_P080,NWB_A2_S35,STATIONARY_QPP_PRESENT,15,280.0,2.0,80.0,0.04,35,0,VALID,-4.65595683515857,1.0290052960773401,-0.9136351593063496,-5.68496213123591,-1.9426404553836898,-15.68496213123591,M0,M0,False,153.0436020956758,formal_m1_center_not_selected,73.0436020956758,73.0436020956758,0.9130450261959474,0.9130450261959474
NWS000357,NW009_QPP_N015_P080_A2_Q040,NWP_A2_S36_P080,NWB_A2_S36,STATIONARY_QPP_PRESENT,15,280.0,2.0,80.0,0.04,36,0,VALID,-5.888729779034916,-0.497364739004869,-2.4625830718568347,-5.391365040030047,-1.9652183328519657,-15.391365040030047,M0,M0,False,153.50715592945005,formal_m1_center_not_selected,73.50715592945005,73.50715592945005,0.9188394491181257,0.9188394491181257
NWS000358,NW009_QPP_N015_P080_A2_Q040,NWP_A2_S37_P080,NWB_A2_S37,STATIONARY_QPP_PRESENT,15,280.0,2.0,80.0,0.04,37,0,VALID,-6.236807532379547,-1.1509244477228524,-3.0763533664903777,-5.085883084656695,-1.9254289187675253,-15.085883084656695,M0,M0,False,124.95284895104355,formal_m1_center_not_selected,44.95284895104355,44.95284895104355,0.5619106118880444,0.5619106118880444
NWS000359,NW009_QPP_N015_P080_A2_Q040,NWP_A2_S38_P080,NWB_A2_S38,STATIONARY_QPP_PRESENT,15,280.0,2.0,80.0,0.04,38,0,VALID,-6.28314683544456,-1.1532063503072312,-2.969283446517072,-5.129940485137329,-1.816077096209841,-15.129940485137329,M0,M0,False,127.33380638049574,formal_m1_center_not_selected,47.333806380495744,47.333806380495744,0.5916725797561968,0.5916725797561968
NWS000360,NW009_QPP_N015_P080_A2_Q040,NWP_A2_S39_P080,NWB_A2_S39,STATIONARY_QPP_PRESENT,15,280.0,2.0,80.0,0.04,39,0,VALID,-6.0348642359293265,-0.6582492700660314,-2.61599516431911,-5.376614965863295,-1.9577458942530788,-15.376614965863295,M0,M0,False,149.68674737952125,formal_m1_center_not_selected,69.68674737952125,69.68674737952125,0.8710843422440157,0.8710843422440157
NWS000361,NW010_NULL_N030_A0,NWP_A0_S00_NULL,NWB_A0_S00,NULL_FLARE_RED_NOISE,30,580.0,0.0,,,0,0,VALID,-79.04809192742533,-73.46072599621414,-74.05696767057877,-5.587365931211195,-0.5962416743646344,-15.587365931211195,M0,M0,False,58.12771392244501,,,,,
NWS000362,NW010_NULL_N030_A0,NWP_A0_S01_NULL,NWB_A0_S01,NULL_FLARE_RED_NOISE,30,580.0,0.0,,,1,0,VALID,-79.69674453609407,-73.38879025103545,-74.6416200879038,-6.307954285058628,-1.252829836868358,-16.307954285058628,M0,M0,False,65.56458118467685,,,,,
NWS000363,NW010_NULL_N030_A0,NWP_A0_S02_NULL,NWB_A0_S02,NULL_FLARE_RED_NOISE,30,580.0,0.0,,,2,0,VALID,-85.16511742832787,-80.19468228243167,-79.96000980326613,-4.970435145896204,0.23467247916553902,-14.970435145896204,M0,M0,False,48.779271985858294,,,,,
NWS000364,NW010_NULL_N030_A0,NWP_A0_S03_NULL,NWB_A0_S03,NULL_FLARE_RED_NOISE,30,580.0,0.0,,,3,0,VALID,-80.79749141828492,-74.76107468088188,-75.94786064056844,-6.036416737403044,-1.18678595968656,-16.036416737403044,M0,M0,False,51.64722565333485,,,,,
NWS000365,NW010_NULL_N030_A0,NWP_A0_S04_NULL,NWB_A0_S04,NULL_FLARE_RED_NOISE,30,580.0,0.0,,,4,0,VALID,-74.44376508074815,-67.36606026140262,-69.40002841258548,-7.077704819345527,-2.0339681511828616,-17.077704819345527,M0,M0,False,40.0,,,,,
NWS000366,NW010_NULL_N030_A0,NWP_A0_S05_NULL,NWB_A0_S05,NULL_FLARE_RED_NOISE,30,580.0,0.0,,,5,0,VALID,-81.4588651695674,-75.05544778300121,-76.51110676796993,-6.40341738656619,-1.4556589849687214,-16.40341738656619,M0,M0,False,122.30718040388975,,,,,
NWS000367,NW010_NULL_N030_A0,NWP_A0_S06_NULL,NWB_A0_S06,NULL_FLARE_RED_NOISE,30,580.0,0.0,,,6,0,VALID,-80.9737985201915,-78.08057812200285,-75.91919567604869,-2.893220398188646,2.1613824459541604,-12.893220398188646,M0,M0,False,49.26453245113189,,,,,
NWS000368,NW010_NULL_N030_A0,NWP_A0_S07_NULL,NWB_A0_S07,NULL_FLARE_RED_NOISE,30,580.0,0.0,,,7,0,VALID,-82.98023825528006,-75.64412876700062,-77.9850314609825,-7.336109488279433,-2.3409026939818744,-17.336109488279433,M0,M0,False,57.818861250170585,,,,,
NWS000369,NW010_NULL_N030_A0,NWP_A0_S08_NULL,NWB_A0_S08,NULL_FLARE_RED_NOISE,30,580.0,0.0,,,8,0,VALID,-79.98417238166908,-73.77455862181125,-75.02830716369748,-6.209613759857831,-1.2537485418862246,-16.20961375985783,M0,M0,False,76.67660843934426,,,,,
NWS000370,NW010_NULL_N030_A0,NWP_A0_S09_NULL,NWB_A0_S09,NULL_FLARE_RED_NOISE,30,580.0,0.0,,,9,0,VALID,-77.57065726840926,-71.19834134097194,-72.42186067831456,-6.372315927437327,-1.2235193373426227,-16.372315927437327,M0,M0,False,76.8067806521181,,,,,
NWS000371,NW010_NULL_N030_A0,NWP_A0_S10_NULL,NWB_A0_S10,NULL_FLARE_RED_NOISE,30,580.0,0.0,,,10,0,VALID,-78.53522617233864,-71.39395974541058,-73.48097768173189,-7.1412664269280555,-2.0870179363213026,-17.141266426928055,M0,M0,False,40.0,,,,,
NWS000372,NW010_NULL_N030_A0,NWP_A0_S11_NULL,NWB_A0_S11,NULL_FLARE_RED_NOISE,30,580.0,0.0,,,11,0,VALID,-84.0864570033129,-77.56013394386503,-79.02980539390491,-6.526323059447876,-1.4696714500398826,-16.526323059447876,M0,M0,False,47.51167557519615,,,,,
NWS000373,NW010_NULL_N030_A0,NWP_A0_S12_NULL,NWB_A0_S12,NULL_FLARE_RED_NOISE,30,580.0,0.0,,,12,0,VALID,-80.68084278411197,-73.43363710291771,-75.60046883408046,-7.247205681194259,-2.1668317311627447,-17.24720568119426,M0,M0,False,40.0,,,,,
NWS000374,NW010_NULL_N030_A0,NWP_A0_S13_NULL,NWB_A0_S13,NULL_FLARE_RED_NOISE,30,580.0,0.0,,,13,0,VALID,-71.4521678922558,-65.43851129831029,-66.5720764919934,-6.013656593945512,-1.1335651936831113,-16.013656593945512,M0,M0,False,56.29748949916002,,,,,
NWS000375,NW010_NULL_N030_A0,NWP_A0_S14_NULL,NWB_A0_S14,NULL_FLARE_RED_NOISE,30,580.0,0.0,,,14,0,VALID,-77.48669746904395,-71.0073139896924,-72.49797384934894,-6.47938347935154,-1.4906598596565317,-16.47938347935154,M0,M0,False,44.73273781830124,,,,,
NWS000376,NW010_NULL_N030_A0,NWP_A0_S15_NULL,NWB_A0_S15,NULL_FLARE_RED_NOISE,30,580.0,0.0,,,15,0,VALID,-76.26427742819332,-72.26053887820707,-71.27343641557219,-4.003738549986252,0.9871024626348799,-14.003738549986252,M0,M0,False,50.47758434678909,,,,,
NWS000377,NW010_NULL_N030_A0,NWP_A0_S16_NULL,NWB_A0_S16,NULL_FLARE_RED_NOISE,30,580.0,0.0,,,16,0,VALID,-82.17129105232742,-75.94937431268069,-77.43086970325895,-6.22191673964673,-1.4814953905782602,-16.22191673964673,M0,M0,False,62.56123344436577,,,,,
NWS000378,NW010_NULL_N030_A0,NWP_A0_S17_NULL,NWB_A0_S17,NULL_FLARE_RED_NOISE,30,580.0,0.0,,,17,0,VALID,-78.01499135872963,-70.48864208844947,-73.20405718193004,-7.526349270280164,-2.7154150934805728,-17.526349270280164,M0,M0,False,43.33753411483138,,,,,
NWS000379,NW010_NULL_N030_A0,NWP_A0_S18_NULL,NWB_A0_S18,NULL_FLARE_RED_NOISE,30,580.0,0.0,,,18,0,VALID,-76.2726428578449,-69.08770076645874,-71.45196968169166,-7.184942091386162,-2.364268915232927,-17.184942091386162,M0,M0,False,60.61725604499083,,,,,
NWS000380,NW010_NULL_N030_A0,NWP_A0_S19_NULL,NWB_A0_S19,NULL_FLARE_RED_NOISE,30,580.0,0.0,,,19,0,VALID,-80.50621148274786,-72.86008449243604,-75.43529676151705,-7.646126990311814,-2.575212269081007,-17.646126990311814,M0,M0,False,260.75078678967014,,,,,
NWS000381,NW010_NULL_N030_A0,NWP_A0_S20_NULL,NWB_A0_S20,NULL_FLARE_RED_NOISE,30,580.0,0.0,,,20,0,VALID,-82.9126194050254,-76.27687162563903,-78.05604481168004,-6.635747779386364,-1.7791731860410067,-16.635747779386364,M0,M0,False,43.41001578497005,,,,,
NWS000382,NW010_NULL_N030_A0,NWP_A0_S21_NULL,NWB_A0_S21,NULL_FLARE_RED_NOISE,30,580.0,0.0,,,21,0,VALID,-77.2248980642476,-70.49969244830781,-72.11499208111137,-6.725205615939785,-1.6152996328035556,-16.725205615939785,M0,M0,False,87.0653415116567,,,,,
NWS000383,NW010_NULL_N030_A0,NWP_A0_S22_NULL,NWB_A0_S22,NULL_FLARE_RED_NOISE,30,580.0,0.0,,,22,0,VALID,-75.98954191370039,-69.73147310247678,-70.89025257965373,-6.258068811223609,-1.1587794771769495,-16.25806881122361,M0,M0,False,40.0,,,,,
NWS000384,NW010_NULL_N030_A0,NWP_A0_S23_NULL,NWB_A0_S23,NULL_FLARE_RED_NOISE,30,580.0,0.0,,,23,0,VALID,-83.71716706438218,-76.60202494270895,-78.64060953145376,-7.11514212167323,-2.0385845887448113,-17.11514212167323,M0,M0,False,52.98559849706521,,,,,
NWS000385,NW010_NULL_N030_A0,NWP_A0_S24_NULL,NWB_A0_S24,NULL_FLARE_RED_NOISE,30,580.0,0.0,,,24,0,VALID,-79.46953635539151,-76.12290243972338,-74.99802636472141,-3.3466339156681357,1.1248760750019642,-13.346633915668136,M0,M0,False,57.18897144624597,,,,,
NWS000386,NW010_NULL_N030_A0,NWP_A0_S25_NULL,NWB_A0_S25,NULL_FLARE_RED_NOISE,30,580.0,0.0,,,25,0,VALID,-79.62069211650433,-73.08054866122164,-74.81076758056574,-6.5401434552826885,-1.7302189193440967,-16.54014345528269,M0,M0,False,62.17986710795823,,,,,
NWS000387,NW010_NULL_N030_A0,NWP_A0_S26_NULL,NWB_A0_S26,NULL_FLARE_RED_NOISE,30,580.0,0.0,,,26,0,VALID,-77.89030126134054,-71.19053038869892,-72.7074477209568,-6.699770872641622,-1.5169173322578757,-16.699770872641622,M0,M0,False,40.0,,,,,
NWS000388,NW010_NULL_N030_A0,NWP_A0_S27_NULL,NWB_A0_S27,NULL_FLARE_RED_NOISE,30,580.0,0.0,,,27,0,VALID,-81.62193857484678,-76.57657383417637,-76.65620519748525,-5.045364740670408,-0.07963136330887721,-15.045364740670408,M0,M0,False,53.37611877047806,,,,,
NWS000389,NW010_NULL_N030_A0,NWP_A0_S28_NULL,NWB_A0_S28,NULL_FLARE_RED_NOISE,30,580.0,0.0,,,28,0,VALID,-82.46037531389274,-76.61121728815115,-77.64605296951015,-5.849158025741588,-1.0348356813589987,-15.849158025741588,M0,M0,False,67.15927515597524,,,,,
NWS000390,NW010_NULL_N030_A0,NWP_A0_S29_NULL,NWB_A0_S29,NULL_FLARE_RED_NOISE,30,580.0,0.0,,,29,0,VALID,-79.0995492435773,-71.6700335110788,-74.00916207905524,-7.429515732498501,-2.339128567976445,-17.4295157324985,M0,M0,False,50.190774970998596,,,,,
NWS000391,NW010_NULL_N030_A0,NWP_A0_S30_NULL,NWB_A0_S30,NULL_FLARE_RED_NOISE,30,580.0,0.0,,,30,0,VALID,-74.29870696002322,-67.85378699879993,-69.60144010256164,-6.444919961223292,-1.7476531037617065,-16.44491996122329,M0,M0,False,59.16838694764019,,,,,
NWS000392,NW010_NULL_N030_A0,NWP_A0_S31_NULL,NWB_A0_S31,NULL_FLARE_RED_NOISE,30,580.0,0.0,,,31,0,VALID,-78.09708017095278,-71.15696687794542,-73.36957040019941,-6.940113293007357,-2.2126035222539855,-16.940113293007357,M0,M0,False,106.26000982815282,,,,,
NWS000393,NW010_NULL_N030_A0,NWP_A0_S32_NULL,NWB_A0_S32,NULL_FLARE_RED_NOISE,30,580.0,0.0,,,32,0,VALID,-74.65570891142603,-69.67176694381993,-69.67191304127726,-4.9839419676061,-0.00014609745733196178,-14.9839419676061,M0,M0,False,40.0,,,,,
NWS000394,NW010_NULL_N030_A0,NWP_A0_S33_NULL,NWB_A0_S33,NULL_FLARE_RED_NOISE,30,580.0,0.0,,,33,0,VALID,-80.8874684327435,-74.5639882176098,-77.07698687826826,-6.323480215133699,-2.512998660658454,-16.3234802151337,M0,M0,False,57.90604223836965,,,,,
NWS000395,NW010_NULL_N030_A0,NWP_A0_S34_NULL,NWB_A0_S34,NULL_FLARE_RED_NOISE,30,580.0,0.0,,,34,0,VALID,-79.84511075181993,-72.97687241856008,-74.72065044575326,-6.868238333259853,-1.743778027193187,-16.868238333259853,M0,M0,False,51.09323928351231,,,,,
NWS000396,NW010_NULL_N030_A0,NWP_A0_S35_NULL,NWB_A0_S35,NULL_FLARE_RED_NOISE,30,580.0,0.0,,,35,0,VALID,-81.23854170966827,-76.54258898866246,-76.28013326465901,-4.69595272100581,0.26245572400344486,-14.69595272100581,M0,M0,False,50.7408466993376,,,,,
NWS000397,NW010_NULL_N030_A0,NWP_A0_S36_NULL,NWB_A0_S36,NULL_FLARE_RED_NOISE,30,580.0,0.0,,,36,0,VALID,-72.82059789938204,-66.13009316729709,-67.72499355856067,-6.690504732084946,-1.5949003912635789,-16.690504732084946,M0,M0,False,40.0,,,,,
NWS000398,NW010_NULL_N030_A0,NWP_A0_S37_NULL,NWB_A0_S37,NULL_FLARE_RED_NOISE,30,580.0,0.0,,,37,0,VALID,-75.19696641162962,-69.32967510442874,-70.26491299555859,-5.8672913072008726,-0.9352378911298445,-15.867291307200873,M0,M0,False,50.04768504342796,,,,,
NWS000399,NW010_NULL_N030_A0,NWP_A0_S38_NULL,NWB_A0_S38,NULL_FLARE_RED_NOISE,30,580.0,0.0,,,38,0,VALID,-80.60311622989633,-74.066229020115,-75.66824122252577,-6.536887209781327,-1.6020122024107621,-16.536887209781327,M0,M0,False,45.01356438175156,,,,,
NWS000400,NW010_NULL_N030_A0,NWP_A0_S39_NULL,NWB_A0_S39,NULL_FLARE_RED_NOISE,30,580.0,0.0,,,39,0,VALID,-81.92790470200376,-74.40030445795351,-76.76948019210133,-7.527600244050248,-2.3691757341478166,-17.527600244050248,M0,M0,False,50.38112857960108,,,,,
NWS000401,NW011_QPP_N030_P050_A0_Q040,NWP_A0_S00_P050,NWB_A0_S00,STATIONARY_QPP_PRESENT,30,580.0,0.0,50.0,0.04,0,0,VALID,-74.96102164135087,-72.07737537899902,-70.29387041149278,-2.8836462623518457,1.7835049675062464,-12.883646262351846,M0,M0,False,56.9045136755501,formal_m1_center_not_selected,6.904513675550099,6.904513675550099,0.13809027351100198,0.13809027351100198
NWS000402,NW011_QPP_N030_P050_A0_Q040,NWP_A0_S01_P050,NWB_A0_S01,STATIONARY_QPP_PRESENT,30,580.0,0.0,50.0,0.04,1,0,VALID,-80.990866623106,-75.92233524881627,-76.56708981667474,-5.0685313742897335,-0.6447545678584703,-15.068531374289734,M0,M0,False,64.55506181348623,formal_m1_center_not_selected,14.555061813486233,14.555061813486233,0.2911012362697247,0.2911012362697247
NWS000403,NW011_QPP_N030_P050_A0_Q040,NWP_A0_S02_P050,NWB_A0_S02,STATIONARY_QPP_PRESENT,30,580.0,0.0,50.0,0.04,2,0,VALID,-80.60450639041787,-77.44785395706246,-75.54871861734723,-3.1566524333554042,1.8991353397152295,-13.156652433355404,M0,M0,False,50.79682211126222,formal_m1_center_not_selected,0.7968221112622231,0.7968221112622231,0.015936442225244464,0.015936442225244464
NWS000404,NW011_QPP_N030_P050_A0_Q040,NWP_A0_S03_P050,NWB_A0_S03,STATIONARY_QPP_PRESENT,30,580.0,0.0,50.0,0.04,3,0,VALID,-86.06272119481,-78.66477079975638,-80.97318086529266,-7.397950395053613,-2.308410065536279,-17.397950395053613,M0,M0,False,40.0,formal_m1_center_not_selected,-10.0,10.0,-0.2,0.2
NWS000405,NW011_QPP_N030_P050_A0_Q040,NWP_A0_S04_P050,NWB_A0_S04,STATIONARY_QPP_PRESENT,30,580.0,0.0,50.0,0.04,4,0,VALID,-73.50820706895766,-66.33048192935654,-68.63672849629829,-7.177725139601122,-2.306246566941752,-17.177725139601122,M0,M0,False,40.0,formal_m1_center_not_selected,-10.0,10.0,-0.2,0.2
NWS000406,NW011_QPP_N030_P050_A0_Q040,NWP_A0_S05_P050,NWB_A0_S05,STATIONARY_QPP_PRESENT,30,580.0,0.0,50.0,0.04,5,0,VALID,-80.68146169851173,-73.87546139086116,-75.55489837994567,-6.806000307650564,-1.6794369890845076,-16.806000307650564,M0,M0,False,122.47682737414219,formal_m1_center_not_selected,72.47682737414219,72.47682737414219,1.4495365474828439,1.4495365474828439
NWS000407,NW011_QPP_N030_P050_A0_Q040,NWP_A0_S06_P050,NWB_A0_S06,STATIONARY_QPP_PRESENT,30,580.0,0.0,50.0,0.04,6,0,VALID,-77.81266313491439,-75.35842412985194,-72.80168116955583,-2.4542390050624476,2.5567429602961056,-12.454239005062448,M0,M0,False,50.105970033969776,formal_m1_center_not_selected,0.10597003396977556,0.10597003396977556,0.0021194006793955112,0.0021194006793955112
NWS000408,NW011_QPP_N030_P050_A0_Q040,NWP_A0_S07_P050,NWB_A0_S07,STATIONARY_QPP_PRESENT,30,580.0,0.0,50.0,0.04,7,0,VALID,-78.94774504648544,-73.68529690050484,-74.1945274895933,-5.262448145980599,-0.5092305890884603,-15.2624481459806,M0,M0,False,51.332052805705146,formal_m1_center_not_selected,1.3320528057051462,1.3320528057051462,0.026641056114102925,0.026641056114102925
NWS000409,NW011_QPP_N030_P050_A0_Q040,NWP_A0_S08_P050,NWB_A0_S08,STATIONARY_QPP_PRESENT,30,580.0,0.0,50.0,0.04,8,0,VALID,-74.36441626232488,-71.81430428947147,-69.53730750301453,-2.550111972853415,2.276996786456934,-12.550111972853415,M0,M0,False,52.43310354122494,formal_m1_center_not_selected,2.4331035412249378,2.4331035412249378,0.048662070824498756,0.048662070824498756
NWS000410,NW011_QPP_N030_P050_A0_Q040,NWP_A0_S09_P050,NWB_A0_S09,STATIONARY_QPP_PRESENT,30,580.0,0.0,50.0,0.04,9,0,VALID,-79.6677106118719,-73.20571597181534,-74.95159300181929,-6.4619946400565595,-1.7458770300039532,-16.46199464005656,M0,M0,False,76.4299880561422,formal_m1_center_not_selected,26.429988056142193,26.429988056142193,0.5285997611228439,0.5285997611228439
NWS000411,NW011_QPP_N030_P050_A0_Q040,NWP_A0_S10_P050,NWB_A0_S10,STATIONARY_QPP_PRESENT,30,580.0,0.0,50.0,0.04,10,0,VALID,-76.010508263315,-68.93427318120938,-71.12387798195981,-7.076235082105626,-2.1896048007504305,-17.076235082105626,M0,M0,False,50.699268581136025,formal_m1_center_not_selected,0.6992685811360246,0.6992685811360246,0.013985371622720493,0.013985371622720493
NWS000412,NW011_QPP_N030_P050_A0_Q040,NWP_A0_S11_P050,NWB_A0_S11,STATIONARY_QPP_PRESENT,30,580.0,0.0,50.0,0.04,11,0,VALID,-77.75484755952485,-73.72474050702859,-72.99809010489393,-4.0301070524962626,0.726650402134652,-14.030107052496263,M0,M0,False,48.301798802380446,formal_m1_center_not_selected,-1.6982011976195537,1.6982011976195537,-0.03396402395239107,0.03396402395239107
NWS000413,NW011_QPP_N030_P050_A0_Q040,NWP_A0_S12_P050,NWB_A0_S12,STATIONARY_QPP_PRESENT,30,580.0,0.0,50.0,0.04,12,0,VALID,-76.74230860532752,-69.0303765858522,-71.69810503073731,-7.711932019475327,-2.667728444885114,-17.711932019475327,M0,M0,False,299.99998609295915,formal_m1_center_not_selected,249.99998609295915,249.99998609295915,4.999999721859183,4.999999721859183
NWS000414,NW011_QPP_N030_P050_A0_Q040,NWP_A0_S13_P050,NWB_A0_S13,STATIONARY_QPP_PRESENT,30,580.0,0.0,50.0,0.04,13,0,VALID,-71.21865701018125,-64.17572344470435,-66.2501866169347,-7.0429335654769005,-2.0744631722303524,-17.0429335654769,M0,M0,False,56.291672751690655,formal_m1_center_not_selected,6.291672751690655,6.291672751690655,0.1258334550338131,0.1258334550338131
NWS000415,NW011_QPP_N030_P050_A0_Q040,NWP_A0_S14_P050,NWB_A0_S14,STATIONARY_QPP_PRESENT,30,580.0,0.0,50.0,0.04,14,0,VALID,-76.10661293762865,-69.27911742740721,-71.01140152108242,-6.827495510221439,-1.7322840936752044,-16.82749551022144,M0,M0,False,53.447072194355925,formal_m1_center_not_selected,3.4470721943559255,3.4470721943559255,0.06894144388711851,0.06894144388711851
NWS000416,NW011_QPP_N030_P050_A0_Q040,NWP_A0_S15_P050,NWB_A0_S15,STATIONARY_QPP_PRESENT,30,580.0,0.0,50.0,0.04,15,0,VALID,-75.77576501297762,-70.39305143874638,-70.7434652136745,-5.382713574231232,-0.3504137749281142,-15.382713574231232,M0,M0,False,50.27910713404562,formal_m1_center_not_selected,0.27910713404561704,0.27910713404561704,0.005582142680912341,0.005582142680912341
NWS000417,NW011_QPP_N030_P050_A0_Q040,NWP_A0_S16_P050,NWB_A0_S16,STATIONARY_QPP_PRESENT,30,580.0,0.0,50.0,0.04,16,0,VALID,-79.65651293159763,-74.38319997764623,-75.16877580782646,-5.273312953951404,-0.7855758301802354,-15.273312953951404,M0,M0,False,60.715384240318166,formal_m1_center_not_selected,10.715384240318166,10.715384240318166,0.2143076848063633,0.2143076848063633
NWS000418,NW011_QPP_N030_P050_A0_Q040,NWP_A0_S17_P050,NWB_A0_S17,STATIONARY_QPP_PRESENT,30,580.0,0.0,50.0,0.04,17,0,VALID,-74.16269439901367,-66.90407043778472,-69.56759758306437,-7.258623961228949,-2.6635271452796445,-17.25862396122895,M0,M0,False,282.40167713049334,formal_m1_center_not_selected,232.40167713049334,232.40167713049334,4.648033542609867,4.648033542609867
NWS000419,NW011_QPP_N030_P050_A0_Q040,NWP_A0_S18_P050,NWB_A0_S18,STATIONARY_QPP_PRESENT,30,580.0,0.0,50.0,0.04,18,0,VALID,-74.20024511455962,-67.40576031038921,-69.43474273218489,-6.794484804170409,-2.028982421795675,-16.79448480417041,M0,M0,False,59.27717197732214,formal_m1_center_not_selected,9.27717197732214,9.27717197732214,0.1855434395464428,0.1855434395464428
NWS000420,NW011_QPP_N030_P050_A0_Q040,NWP_A0_S19_P050,NWB_A0_S19,STATIONARY_QPP_PRESENT,30,580.0,0.0,50.0,0.04,19,0,VALID,-78.46963529959186,-72.00100118271641,-73.58890505349049,-6.4686341168754495,-1.5879038707740847,-16.46863411687545,M0,M0,False,44.8207530145598,formal_m1_center_not_selected,-5.1792469854402015,5.1792469854402015,-0.10358493970880403,0.10358493970880403
NWS000421,NW011_QPP_N030_P050_A0_Q040,NWP_A0_S20_P050,NWB_A0_S20,STATIONARY_QPP_PRESENT,30,580.0,0.0,50.0,0.04,20,0,VALID,-80.03275548160433,-72.81809398767938,-74.98961528397207,-7.21466149392495,-2.1715212962926955,-17.21466149392495,M0,M0,False,54.928859657416815,formal_m1_center_not_selected,4.928859657416815,4.928859657416815,0.09857719314833631,0.09857719314833631
NWS000422,NW011_QPP_N030_P050_A0_Q040,NWP_A0_S21_P050,NWB_A0_S21,STATIONARY_QPP_PRESENT,30,580.0,0.0,50.0,0.04,21,0,VALID,-74.01588586292327,-67.23615727792324,-68.85849752836279,-6.779728585000029,-1.6223402504395494,-16.77972858500003,M0,M0,False,51.521111420314554,formal_m1_center_not_selected,1.5211114203145542,1.5211114203145542,0.030422228406291083,0.030422228406291083
NWS000423,NW011_QPP_N030_P050_A0_Q040,NWP_A0_S22_P050,NWB_A0_S22,STATIONARY_QPP_PRESENT,30,580.0,0.0,50.0,0.04,22,0,VALID,-72.37133563545599,-64.79489634373348,-67.40563410137723,-7.576439291722508,-2.610737757643747,-17.576439291722508,M0,M0,False,50.74462886734979,formal_m1_center_not_selected,0.744628867349789,0.744628867349789,0.014892577346995778,0.014892577346995778
NWS000424,NW011_QPP_N030_P050_A0_Q040,NWP_A0_S23_P050,NWB_A0_S23,STATIONARY_QPP_PRESENT,30,580.0,0.0,50.0,0.04,23,0,VALID,-77.39539453224754,-73.85752057303782,-72.65484591383337,-3.537873959209719,1.2026746592044475,-13.537873959209719,M0,M0,False,49.125489859642926,formal_m1_center_not_selected,-0.8745101403570743,0.8745101403570743,-0.017490202807141485,0.017490202807141485
NWS000425,NW011_QPP_N030_P050_A0_Q040,NWP_A0_S24_P050,NWB_A0_S24,STATIONARY_QPP_PRESENT,30,580.0,0.0,50.0,0.04,24,0,VALID,-73.363332169047,-72.59171634563003,-68.69413556056196,-0.7716158234169654,3.8975807850680724,-10.771615823416965,M0,M0,False,55.373457693197444,formal_m1_center_not_selected,5.3734576931974445,5.3734576931974445,0.1074691538639489,0.1074691538639489
NWS000426,NW011_QPP_N030_P050_A0_Q040,NWP_A0_S25_P050,NWB_A0_S25,STATIONARY_QPP_PRESENT,30,580.0,0.0,50.0,0.04,25,0,VALID,-75.50372611669675,-68.89498043574058,-70.67591599590551,-6.608745680956176,-1.7809355601649344,-16.608745680956176,M0,M0,False,49.44191281233805,formal_m1_center_not_selected,-0.5580871876619469,0.5580871876619469,-0.011161743753238938,0.011161743753238938
NWS000427,NW011_QPP_N030_P050_A0_Q040,NWP_A0_S26_P050,NWB_A0_S26,STATIONARY_QPP_PRESENT,30,580.0,0.0,50.0,0.04,26,0,VALID,-75.40785625328161,-68.81441544253315,-70.231109071053,-6.5934408107484614,-1.4166936285198517,-16.59344081074846,M0,M0,False,40.0,formal_m1_center_not_selected,-10.0,10.0,-0.2,0.2
NWS000428,NW011_QPP_N030_P050_A0_Q040,NWP_A0_S27_P050,NWB_A0_S27,STATIONARY_QPP_PRESENT,30,580.0,0.0,50.0,0.04,27,0,VALID,-75.07315045980842,-74.41236823845365,-69.9416628075072,-0.6607822213547649,4.4707054309464525,-10.660782221354765,M0,M0,False,53.796908966987175,formal_m1_center_not_selected,3.796908966987175,3.796908966987175,0.0759381793397435,0.0759381793397435
NWS000429,NW011_QPP_N030_P050_A0_Q040,NWP_A0_S28_P050,NWB_A0_S28,STATIONARY_QPP_PRESENT,30,580.0,0.0,50.0,0.04,28,0,VALID,-78.79760440123245,-72.07079749090144,-73.89245053954625,-6.726806910331007,-1.821653048644805,-16.726806910331007,M0,M0,False,50.21752553581752,formal_m1_center_not_selected,0.2175255358175221,0.2175255358175221,0.004350510716350442,0.004350510716350442
NWS000430,NW011_QPP_N030_P050_A0_Q040,NWP_A0_S29_P050,NWB_A0_S29,STATIONARY_QPP_PRESENT,30,580.0,0.0,50.0,0.04,29,0,VALID,-81.61826583273519,-74.6783721288402,-76.45747946003176,-6.939893703894995,-1.7791073311915682,-16.939893703894995,M0,M0,False,65.98095081315486,formal_m1_center_not_selected,15.980950813154863,15.980950813154863,0.31961901626309724,0.31961901626309724
NWS000431,NW011_QPP_N030_P050_A0_Q040,NWP_A0_S30_P050,NWB_A0_S30,STATIONARY_QPP_PRESENT,30,580.0,0.0,50.0,0.04,30,0,VALID,-71.73512882346182,-65.79309222440543,-66.66499678590118,-5.942036599056394,-0.8719045614957537,-15.942036599056394,M0,M0,False,48.13392725552682,formal_m1_center_not_selected,-1.866072744473179,1.866072744473179,-0.03732145488946358,0.03732145488946358
NWS000432,NW011_QPP_N030_P050_A0_Q040,NWP_A0_S31_P050,NWB_A0_S31,STATIONARY_QPP_PRESENT,30,580.0,0.0,50.0,0.04,31,0,VALID,-77.36625382707517,-70.67855901027721,-72.48570569731915,-6.687694816797958,-1.8071466870419357,-16.687694816797958,M0,M0,False,60.54211516704452,formal_m1_center_not_selected,10.542115167044521,10.542115167044521,0.21084230334089044,0.21084230334089044
NWS000433,NW011_QPP_N030_P050_A0_Q040,NWP_A0_S32_P050,NWB_A0_S32,STATIONARY_QPP_PRESENT,30,580.0,0.0,50.0,0.04,32,0,VALID,-72.17240766634944,-65.84120959297125,-67.21710684798457,-6.331198073378189,-1.3758972550133137,-16.33119807337819,M0,M0,False,40.0,formal_m1_center_not_selected,-10.0,10.0,-0.2,0.2
NWS000434,NW011_QPP_N030_P050_A0_Q040,NWP_A0_S33_P050,NWB_A0_S33,STATIONARY_QPP_PRESENT,30,580.0,0.0,50.0,0.04,33,0,VALID,-74.25103607027043,-72.01212782517982,-71.74585247747312,-2.238908245090613,0.2662753477066957,-12.238908245090613,M0,M0,False,54.84318836289925,formal_m1_center_not_selected,4.843188362899248,4.843188362899248,0.09686376725798496,0.09686376725798496
NWS000435,NW011_QPP_N030_P050_A0_Q040,NWP_A0_S34_P050,NWB_A0_S34,STATIONARY_QPP_PRESENT,30,580.0,0.0,50.0,0.04,34,0,VALID,-74.3494543811309,-71.28918355966017,-69.81289277016702,-3.0602708214707235,1.4762907894931487,-13.060270821470723,M0,M0,False,51.62076738369511,formal_m1_center_not_selected,1.6207673836951102,1.6207673836951102,0.0324153476739022,0.0324153476739022
NWS000436,NW011_QPP_N030_P050_A0_Q040,NWP_A0_S35_P050,NWB_A0_S35,STATIONARY_QPP_PRESENT,30,580.0,0.0,50.0,0.04,35,0,VALID,-75.86653736130259,-75.12295556028953,-71.35288104353594,-0.7435818010130646,3.7700745167535814,-10.743581801013065,M0,M0,False,49.91187314329345,formal_m1_center_not_selected,-0.08812685670655185,0.08812685670655185,-0.001762537134131037,0.001762537134131037
NWS000437,NW011_QPP_N030_P050_A0_Q040,NWP_A0_S36_P050,NWB_A0_S36,STATIONARY_QPP_PRESENT,30,580.0,0.0,50.0,0.04,36,0,VALID,-71.5163048672312,-64.03867408387188,-66.40128458570143,-7.4776307833593165,-2.3626105018295505,-17.477630783359317,M0,M0,False,40.0,formal_m1_center_not_selected,-10.0,10.0,-0.2,0.2
NWS000438,NW011_QPP_N030_P050_A0_Q040,NWP_A0_S37_P050,NWB_A0_S37,STATIONARY_QPP_PRESENT,30,580.0,0.0,50.0,0.04,37,0,VALID,-69.76046175350344,-66.75428979443589,-64.97280790891973,-3.0061719590675438,1.7814818855161576,-13.006171959067544,M0,M0,False,50.1160801885552,formal_m1_center_not_selected,0.11608018855520186,0.11608018855520186,0.002321603771104037,0.002321603771104037
NWS000439,NW011_QPP_N030_P050_A0_Q040,NWP_A0_S38_P050,NWB_A0_S38,STATIONARY_QPP_PRESENT,30,580.0,0.0,50.0,0.04,38,0,VALID,-76.96513579327103,-70.38905632918735,-72.45844990481028,-6.576079464083676,-2.069393575622925,-16.576079464083676,M0,M0,False,49.16573326086238,formal_m1_center_not_selected,-0.8342667391376182,0.8342667391376182,-0.016685334782752363,0.016685334782752363
NWS000440,NW011_QPP_N030_P050_A0_Q040,NWP_A0_S39_P050,NWB_A0_S39,STATIONARY_QPP_PRESENT,30,580.0,0.0,50.0,0.04,39,0,VALID,-80.74667629403923,-74.46635404065137,-75.66057868466193,-6.280322253387865,-1.1942246440105606,-16.280322253387865,M0,M0,False,46.01826514832893,formal_m1_center_not_selected,-3.981734851671071,3.981734851671071,-0.07963469703342142,0.07963469703342142
NWS000441,NW012_QPP_N030_P080_A0_Q040,NWP_A0_S00_P080,NWB_A0_S00,STATIONARY_QPP_PRESENT,30,580.0,0.0,80.0,0.04,0,0,VALID,-77.7145005712197,-71.41864285044215,-72.67541937027457,-6.295857720777548,-1.256776519832414,-16.295857720777548,M0,M0,False,58.268904363102074,formal_m1_center_not_selected,-21.731095636897926,21.731095636897926,-0.2716386954612241,0.2716386954612241
NWS000442,NW012_QPP_N030_P080_A0_Q040,NWP_A0_S01_P080,NWB_A0_S01,STATIONARY_QPP_PRESENT,30,580.0,0.0,80.0,0.04,1,0,VALID,-79.2730698074588,-72.54833311323523,-74.22574640892934,-6.724736694223566,-1.6774132956941088,-16.724736694223566,M0,M0,False,47.62732963361332,formal_m1_center_not_selected,-32.37267036638668,32.37267036638668,-0.40465837957983347,0.40465837957983347
NWS000443,NW012_QPP_N030_P080_A0_Q040,NWP_A0_S02_P080,NWB_A0_S02,STATIONARY_QPP_PRESENT,30,580.0,0.0,80.0,0.04,2,0,VALID,-82.443885087101,-76.72216093516855,-77.8365547499053,-5.721724151932449,-1.1143938147367578,-15.721724151932449,M0,M0,False,48.50420420452723,formal_m1_center_not_selected,-31.495795795472773,31.495795795472773,-0.3936974474434097,0.3936974474434097
NWS000444,NW012_QPP_N030_P080_A0_Q040,NWP_A0_S03_P080,NWB_A0_S03,STATIONARY_QPP_PRESENT,30,580.0,0.0,80.0,0.04,3,0,VALID,-79.85007855024759,-73.70285695260506,-75.05703241246052,-6.1472215976425275,-1.3541754598554547,-16.147221597642528,M0,M0,False,51.82187127433454,formal_m1_center_not_selected,-28.17812872566546,28.17812872566546,-0.35222660907081826,0.35222660907081826
NWS000445,NW012_QPP_N030_P080_A0_Q040,NWP_A0_S04_P080,NWB_A0_S04,STATIONARY_QPP_PRESENT,30,580.0,0.0,80.0,0.04,4,0,VALID,-73.07782860648497,-66.70704957529523,-68.18244983739406,-6.370779031189741,-1.4754002620988302,-16.37077903118974,M0,M0,False,66.61216862109212,formal_m1_center_not_selected,-13.387831378907876,13.387831378907876,-0.16734789223634844,0.16734789223634844
NWS000446,NW012_QPP_N030_P080_A0_Q040,NWP_A0_S05_P080,NWB_A0_S05,STATIONARY_QPP_PRESENT,30,580.0,0.0,80.0,0.04,5,0,VALID,-82.20580636995396,-76.19711078308097,-77.4365183155138,-6.008695586872989,-1.2394075324328213,-16.00869558687299,M0,M0,False,42.33893010908336,formal_m1_center_not_selected,-37.66106989091664,37.66106989091664,-0.47076337363645804,0.47076337363645804
NWS000447,NW012_QPP_N030_P080_A0_Q040,NWP_A0_S06_P080,NWB_A0_S06,STATIONARY_QPP_PRESENT,30,580.0,0.0,80.0,0.04,6,0,VALID,-77.63421645086693,-73.58527265563686,-72.86203408878124,-4.048943795230073,0.7232385668556134,-14.048943795230073,M0,M0,False,49.395667587083494,formal_m1_center_not_selected,-30.604332412916506,30.604332412916506,-0.3825541551614563,0.3825541551614563
NWS000448,NW012_QPP_N030_P080_A0_Q040,NWP_A0_S07_P080,NWB_A0_S07,STATIONARY_QPP_PRESENT,30,580.0,0.0,80.0,0.04,7,0,VALID,-80.15409797812583,-73.35839051720939,-75.27987538538912,-6.7957074609164465,-1.921484868179732,-16.795707460916447,M0,M0,False,76.57584384939281,formal_m1_center_not_selected,-3.424156150607189,3.424156150607189,-0.04280195188258986,0.04280195188258986
NWS000449,NW012_QPP_N030_P080_A0_Q040,NWP_A0_S08_P080,NWB_A0_S08,STATIONARY_QPP_PRESENT,30,580.0,0.0,80.0,0.04,8,0,VALID,-75.258795756643,-71.43171366934808,-70.53123392175343,-3.8270820872949116,0.9004797475946589,-13.827082087294912,M0,M0,False,78.3031875958572,formal_m1_center_not_selected,-1.696812404142804,1.696812404142804,-0.02121015505178505,0.02121015505178505
NWS000450,NW012_QPP_N030_P080_A0_Q040,NWP_A0_S09_P080,NWB_A0_S09,STATIONARY_QPP_PRESENT,30,580.0,0.0,80.0,0.04,9,0,VALID,-76.93807600293131,-71.27016866762303,-71.87765090399309,-5.667907335308286,-0.6074822363700605,-15.667907335308286,M0,M0,False,78.71983768062579,formal_m1_center_not_selected,-1.280162319374213,1.280162319374213,-0.016002028992177664,0.016002028992177664
NWS000451,NW012_QPP_N030_P080_A0_Q040,NWP_A0_S10_P080,NWB_A0_S10,STATIONARY_QPP_PRESENT,30,580.0,0.0,80.0,0.04,10,0,VALID,-76.45311861893506,-69.46276699174935,-71.46470882790508,-6.990351627185717,-2.001941836155737,-16.990351627185717,M0,M0,False,77.17180396080441,formal_m1_center_not_selected,-2.828196039195589,2.828196039195589,-0.03535245048994486,0.03535245048994486
NWS000452,NW012_QPP_N030_P080_A0_Q040,NWP_A0_S11_P080,NWB_A0_S11,STATIONARY_QPP_PRESENT,30,580.0,0.0,80.0,0.04,11,0,VALID,-80.07515129121207,-74.04628900662358,-75.23181794648013,-6.0288622845884845,-1.1855289398565532,-16.028862284588484,M0,M0,False,71.24896327936595,formal_m1_center_not_selected,-8.751036720634048,8.751036720634048,-0.1093879590079256,0.1093879590079256
NWS000453,NW012_QPP_N030_P080_A0_Q040,NWP_A0_S12_P080,NWB_A0_S12,STATIONARY_QPP_PRESENT,30,580.0,0.0,80.0,0.04,12,0,VALID,-80.11328592232539,-73.24994764504515,-75.39720559102798,-6.863338277280235,-2.1472579459828296,-16.863338277280235,M0,M0,False,40.0,formal_m1_center_not_selected,-40.0,40.0,-0.5,0.5
NWS000454,NW012_QPP_N030_P080_A0_Q040,NWP_A0_S13_P080,NWB_A0_S13,STATIONARY_QPP_PRESENT,30,580.0,0.0,80.0,0.04,13,0,VALID,-70.69698933950725,-64.16947076591744,-65.88231169411313,-6.527518573589816,-1.7128409281956891,-16.527518573589816,M0,M0,False,55.99522937945766,formal_m1_center_not_selected,-24.004770620542338,24.004770620542338,-0.3000596327567792,0.3000596327567792
NWS000455,NW012_QPP_N030_P080_A0_Q040,NWP_A0_S14_P080,NWB_A0_S14,STATIONARY_QPP_PRESENT,30,580.0,0.0,80.0,0.04,14,0,VALID,-75.43999333312598,-69.52691199166456,-70.49945664191206,-5.913081341461421,-0.9725446502474995,-15.913081341461421,M0,M0,False,92.45431599375382,formal_m1_center_not_selected,12.454315993753823,12.454315993753823,0.1556789499219228,0.1556789499219228
NWS000456,NW012_QPP_N030_P080_A0_Q040,NWP_A0_S15_P080,NWB_A0_S15,STATIONARY_QPP_PRESENT,30,580.0,0.0,80.0,0.04,15,0,VALID,-76.65435786116292,-73.64477596291296,-71.54186105193642,-3.0095818982499623,2.102914910976537,-13.009581898249962,M0,M0,False,50.44113537073842,formal_m1_center_not_selected,-29.558864629261578,29.558864629261578,-0.36948580786576973,0.36948580786576973
NWS000457,NW012_QPP_N030_P080_A0_Q040,NWP_A0_S16_P080,NWB_A0_S16,STATIONARY_QPP_PRESENT,30,580.0,0.0,80.0,0.04,16,0,VALID,-82.79176121243981,-75.88393059859527,-77.90685476293245,-6.9078306138445384,-2.0229241643371836,-16.90783061384454,M0,M0,False,62.11106746421165,formal_m1_center_not_selected,-17.88893253578835,17.88893253578835,-0.22361165669735436,0.22361165669735436
NWS000458,NW012_QPP_N030_P080_A0_Q040,NWP_A0_S17_P080,NWB_A0_S17,STATIONARY_QPP_PRESENT,30,580.0,0.0,80.0,0.04,17,0,VALID,-79.64146182594672,-72.84223799734283,-75.0235592052506,-6.7992238286038855,-2.1813212079077715,-16.799223828603886,M0,M0,False,45.67565027636901,formal_m1_center_not_selected,-34.32434972363099,34.32434972363099,-0.42905437154538734,0.42905437154538734
NWS000459,NW012_QPP_N030_P080_A0_Q040,NWP_A0_S18_P080,NWB_A0_S18,STATIONARY_QPP_PRESENT,30,580.0,0.0,80.0,0.04,18,0,VALID,-77.67278685362704,-70.93818953150898,-72.5718228798789,-6.734597322118063,-1.6336333483699121,-16.734597322118063,M0,M0,False,61.696573892680874,formal_m1_center_not_selected,-18.303426107319126,18.303426107319126,-0.22879282634148906,0.22879282634148906
NWS000460,NW012_QPP_N030_P080_A0_Q040,NWP_A0_S19_P080,NWB_A0_S19,STATIONARY_QPP_PRESENT,30,580.0,0.0,80.0,0.04,19,0,VALID,-78.34271225068423,-71.6556456185791,-73.45555412007286,-6.687066632105129,-1.7999085014937606,-16.68706663210513,M0,M0,False,62.3328008952673,formal_m1_center_not_selected,-17.667199104732703,17.667199104732703,-0.22083998880915878,0.22083998880915878
NWS000461,NW012_QPP_N030_P080_A0_Q040,NWP_A0_S20_P080,NWB_A0_S20,STATIONARY_QPP_PRESENT,30,580.0,0.0,80.0,0.04,20,0,VALID,-83.08922509559314,-77.43556056805002,-78.53862082297361,-5.653664527543114,-1.1030602549235908,-15.653664527543114,M0,M0,False,43.448403932188114,formal_m1_center_not_selected,-36.551596067811886,36.551596067811886,-0.4568949508476486,0.4568949508476486
NWS000462,NW012_QPP_N030_P080_A0_Q040,NWP_A0_S21_P080,NWB_A0_S21,STATIONARY_QPP_PRESENT,30,580.0,0.0,80.0,0.04,21,0,VALID,-75.48877448826154,-68.83266874043358,-70.69045166652971,-6.656105747827965,-1.8577829260961352,-16.656105747827965,M0,M0,False,67.80850823099132,formal_m1_center_not_selected,-12.191491769008678,12.191491769008678,-0.15239364711260847,0.15239364711260847
NWS000463,NW012_QPP_N030_P080_A0_Q040,NWP_A0_S22_P080,NWB_A0_S22,STATIONARY_QPP_PRESENT,30,580.0,0.0,80.0,0.04,22,0,VALID,-75.9783263303323,-69.66353693382054,-70.84034293116295,-6.314789396511756,-1.176805997342413,-16.314789396511756,M0,M0,False,40.0,formal_m1_center_not_selected,-40.0,40.0,-0.5,0.5
NWS000464,NW012_QPP_N030_P080_A0_Q040,NWP_A0_S23_P080,NWB_A0_S23,STATIONARY_QPP_PRESENT,30,580.0,0.0,80.0,0.04,23,0,VALID,-81.5751632577568,-74.05917538630058,-76.589650581235,-7.515987871456218,-2.530475194934425,-17.51598787145622,M0,M0,False,60.79502441927897,formal_m1_center_not_selected,-19.204975580721033,19.204975580721033,-0.24006219475901291,0.24006219475901291
NWS000465,NW012_QPP_N030_P080_A0_Q040,NWP_A0_S24_P080,NWB_A0_S24,STATIONARY_QPP_PRESENT,30,580.0,0.0,80.0,0.04,24,0,VALID,-77.90129615055338,-72.62798579823547,-74.06253474071401,-5.273310352317907,-1.4345489424785427,-15.273310352317907,M0,M0,False,57.31881939942454,formal_m1_center_not_selected,-22.68118060057546,22.68118060057546,-0.28351475750719324,0.28351475750719324
NWS000466,NW012_QPP_N030_P080_A0_Q040,NWP_A0_S25_P080,NWB_A0_S25,STATIONARY_QPP_PRESENT,30,580.0,0.0,80.0,0.04,25,0,VALID,-76.53348077812495,-70.28465000403504,-71.618166137293,-6.24883077408991,-1.3335161332579588,-16.24883077408991,M0,M0,False,66.53199028946469,formal_m1_center_not_selected,-13.468009710535313,13.468009710535313,-0.16835012138169142,0.16835012138169142
NWS000467,NW012_QPP_N030_P080_A0_Q040,NWP_A0_S26_P080,NWB_A0_S26,STATIONARY_QPP_PRESENT,30,580.0,0.0,80.0,0.04,26,0,VALID,-77.00080558463338,-71.1321826443768,-71.88460778376547,-5.868622940256586,-0.7524251393886772,-15.868622940256586,M0,M0,False,40.00000000000064,formal_m1_center_not_selected,-39.99999999999936,39.99999999999936,-0.499999999999992,0.499999999999992
NWS000468,NW012_QPP_N030_P080_A0_Q040,NWP_A0_S27_P080,NWB_A0_S27,STATIONARY_QPP_PRESENT,30,580.0,0.0,80.0,0.04,27,0,VALID,-80.91587531829742,-75.520617640495,-75.87811548483609,-5.3952576778024195,-0.3574978443410828,-15.39525767780242,M0,M0,False,52.75948458227855,formal_m1_center_not_selected,-27.240515417721447,27.240515417721447,-0.3405064427215181,0.3405064427215181
NWS000469,NW012_QPP_N030_P080_A0_Q040,NWP_A0_S28_P080,NWB_A0_S28,STATIONARY_QPP_PRESENT,30,580.0,0.0,80.0,0.04,28,0,VALID,-78.83910243117053,-74.0066612615312,-74.19327034659783,-4.832441169639324,-0.1866090850666211,-14.832441169639324,M0,M0,False,69.37348942073004,formal_m1_center_not_selected,-10.626510579269961,10.626510579269961,-0.1328313822408745,0.1328313822408745
NWS000470,NW012_QPP_N030_P080_A0_Q040,NWP_A0_S29_P080,NWB_A0_S29,STATIONARY_QPP_PRESENT,30,580.0,0.0,80.0,0.04,29,0,VALID,-78.73889135735871,-72.48764682718755,-74.31782029653318,-6.251244530171164,-1.8301734693456382,-16.251244530171164,M0,M0,False,88.07135872041894,formal_m1_center_not_selected,8.071358720418942,8.071358720418942,0.10089198400523677,0.10089198400523677
NWS000471,NW012_QPP_N030_P080_A0_Q040,NWP_A0_S30_P080,NWB_A0_S30,STATIONARY_QPP_PRESENT,30,580.0,0.0,80.0,0.04,30,0,VALID,-70.13423282509942,-64.96915613791649,-65.8905763882717,-5.165076687182932,-0.9214202503552116,-15.165076687182932,M0,M0,False,69.14622569482981,formal_m1_center_not_selected,-10.853774305170191,10.853774305170191,-0.1356721788146274,0.1356721788146274
NWS000472,NW012_QPP_N030_P080_A0_Q040,NWP_A0_S31_P080,NWB_A0_S31,STATIONARY_QPP_PRESENT,30,580.0,0.0,80.0,0.04,31,0,VALID,-77.55201081233443,-71.43807009587039,-73.44124495951064,-6.113940716464043,-2.003174863640254,-16.113940716464043,M0,M0,False,107.0134090845439,formal_m1_center_not_selected,27.013409084543895,27.013409084543895,0.3376676135567987,0.3376676135567987
NWS000473,NW012_QPP_N030_P080_A0_Q040,NWP_A0_S32_P080,NWB_A0_S32,STATIONARY_QPP_PRESENT,30,580.0,0.0,80.0,0.04,32,0,VALID,-74.69714801967133,-70.81393116170787,-70.01378419001811,-3.883216857963461,0.800146971689756,-13.883216857963461,M0,M0,False,40.0,formal_m1_center_not_selected,-40.0,40.0,-0.5,0.5
NWS000474,NW012_QPP_N030_P080_A0_Q040,NWP_A0_S33_P080,NWB_A0_S33,STATIONARY_QPP_PRESENT,30,580.0,0.0,80.0,0.04,33,0,VALID,-80.45125283062892,-75.75669960899779,-77.11674804280574,-4.694553221631125,-1.3600484338079468,-14.694553221631125,M0,M0,False,87.07608867305844,formal_m1_center_not_selected,7.076088673058436,7.076088673058436,0.08845110841323045,0.08845110841323045
NWS000475,NW012_QPP_N030_P080_A0_Q040,NWP_A0_S34_P080,NWB_A0_S34,STATIONARY_QPP_PRESENT,30,580.0,0.0,80.0,0.04,34,0,VALID,-76.94371063231367,-69.67330348066078,-71.8381280013456,-7.27040715165289,-2.1648245206848173,-17.27040715165289,M0,M0,False,50.9282690684253,formal_m1_center_not_selected,-29.0717309315747,29.0717309315747,-0.36339663664468375,0.36339663664468375
NWS000476,NW012_QPP_N030_P080_A0_Q040,NWP_A0_S35_P080,NWB_A0_S35,STATIONARY_QPP_PRESENT,30,580.0,0.0,80.0,0.04,35,0,VALID,-79.30398976703704,-73.35728324164438,-74.7231443135837,-5.946706525392656,-1.365861071939321,-15.946706525392656,M0,M0,False,64.94122242577158,formal_m1_center_not_selected,-15.058777574228415,15.058777574228415,-0.18823471967785518,0.18823471967785518
NWS000477,NW012_QPP_N030_P080_A0_Q040,NWP_A0_S36_P080,NWB_A0_S36,STATIONARY_QPP_PRESENT,30,580.0,0.0,80.0,0.04,36,0,VALID,-72.04259872955063,-65.75381391377799,-67.26851067053813,-6.288784815772644,-1.514696756760145,-16.288784815772644,M0,M0,False,40.0,formal_m1_center_not_selected,-40.0,40.0,-0.5,0.5
NWS000478,NW012_QPP_N030_P080_A0_Q040,NWP_A0_S37_P080,NWB_A0_S37,STATIONARY_QPP_PRESENT,30,580.0,0.0,80.0,0.04,37,0,VALID,-75.20905128572818,-69.29350919323545,-70.44906065641807,-5.915542092492728,-1.1555514631826185,-15.915542092492728,M0,M0,False,49.99330381612691,formal_m1_center_not_selected,-30.00669618387309,30.00669618387309,-0.3750837022984136,0.3750837022984136
NWS000479,NW012_QPP_N030_P080_A0_Q040,NWP_A0_S38_P080,NWB_A0_S38,STATIONARY_QPP_PRESENT,30,580.0,0.0,80.0,0.04,38,0,VALID,-76.00645478776862,-70.51312746297745,-70.95708990816699,-5.493327324791167,-0.4439624451895412,-15.493327324791167,M0,M0,False,78.23745452669947,formal_m1_center_not_selected,-1.7625454733005341,1.7625454733005341,-0.022031818416256677,0.022031818416256677
NWS000480,NW012_QPP_N030_P080_A0_Q040,NWP_A0_S39_P080,NWB_A0_S39,STATIONARY_QPP_PRESENT,30,580.0,0.0,80.0,0.04,39,0,VALID,-81.69718747667255,-74.38086452796081,-76.71498703408481,-7.316322948711743,-2.334122506124004,-17.316322948711743,M0,M0,False,123.51117990902782,formal_m1_center_not_selected,43.51117990902782,43.51117990902782,0.5438897488628477,0.5438897488628477
NWS000481,NW013_NULL_N030_A1,NWP_A1_S00_NULL,NWB_A1_S00,NULL_FLARE_RED_NOISE,30,580.0,1.0,,,0,0,VALID,-84.5379485176132,-76.86467339108403,-79.40080491744168,-7.673275126529177,-2.53613152635765,-17.673275126529177,M0,M0,False,294.57836884264407,,,,,
NWS000482,NW013_NULL_N030_A1,NWP_A1_S01_NULL,NWB_A1_S01,NULL_FLARE_RED_NOISE,30,580.0,1.0,,,1,0,VALID,-80.95308024899833,-75.62803920429543,-75.90346143121378,-5.3250410447029,-0.2754222269183515,-15.3250410447029,M0,M0,False,48.234666212210755,,,,,
NWS000483,NW013_NULL_N030_A1,NWP_A1_S02_NULL,NWB_A1_S02,NULL_FLARE_RED_NOISE,30,580.0,1.0,,,2,0,VALID,-80.27210671557118,-72.87795882674087,-75.10243088086462,-7.394147888830318,-2.2244720541237513,-17.394147888830318,M0,M0,False,44.50274497918971,,,,,
NWS000484,NW013_NULL_N030_A1,NWP_A1_S03_NULL,NWB_A1_S03,NULL_FLARE_RED_NOISE,30,580.0,1.0,,,3,0,VALID,-80.32093550995414,-73.65482529424091,-75.17274605949267,-6.666110215713232,-1.517920765251759,-16.666110215713232,M0,M0,False,87.15967358029239,,,,,
NWS000485,NW013_NULL_N030_A1,NWP_A1_S04_NULL,NWB_A1_S04,NULL_FLARE_RED_NOISE,30,580.0,1.0,,,4,0,VALID,-84.33019030231513,-78.1445605463522,-79.60647911151442,-6.185629755962935,-1.4619185651622217,-16.185629755962935,M0,M0,False,47.159305538062895,,,,,
NWS000486,NW013_NULL_N030_A1,NWP_A1_S05_NULL,NWB_A1_S05,NULL_FLARE_RED_NOISE,30,580.0,1.0,,,5,0,VALID,-86.7373524967764,-80.55062653367717,-81.64994265725278,-6.186725963099221,-1.0993161235756048,-16.18672596309922,M0,M0,False,52.62964221889382,,,,,
NWS000487,NW013_NULL_N030_A1,NWP_A1_S06_NULL,NWB_A1_S06,NULL_FLARE_RED_NOISE,30,580.0,1.0,,,6,0,VALID,-85.91024869326597,-78.3864786499287,-80.87667553818044,-7.523770043337265,-2.490196888251731,-17.523770043337265,M0,M0,False,61.19658325067279,,,,,
NWS000488,NW013_NULL_N030_A1,NWP_A1_S07_NULL,NWB_A1_S07,NULL_FLARE_RED_NOISE,30,580.0,1.0,,,7,0,VALID,-86.5729605129272,-79.10843338768913,-81.527078175489,-7.464527125238064,-2.418644787799863,-17.464527125238064,M0,M0,False,68.57775779220538,,,,,
NWS000489,NW013_NULL_N030_A1,NWP_A1_S08_NULL,NWB_A1_S08,NULL_FLARE_RED_NOISE,30,580.0,1.0,,,8,0,VALID,-82.90863339366975,-75.29434002608085,-77.89183229887963,-7.6142933675889,-2.597492272798789,-17.6142933675889,M0,M0,False,40.0,,,,,
NWS000490,NW013_NULL_N030_A1,NWP_A1_S09_NULL,NWB_A1_S09,NULL_FLARE_RED_NOISE,30,580.0,1.0,,,9,0,VALID,-86.26931246711207,-79.30999274759088,-81.37199363342603,-6.95931971952119,-2.062000885835147,-16.95931971952119,M0,M0,False,71.50276264442212,,,,,
NWS000491,NW013_NULL_N030_A1,NWP_A1_S10_NULL,NWB_A1_S10,NULL_FLARE_RED_NOISE,30,580.0,1.0,,,10,0,VALID,-83.06208715899614,-76.09448892319395,-77.9342854244473,-6.9675982358021855,-1.8397965012533462,-16.967598235802186,M0,M0,False,49.439015417453746,,,,,
NWS000492,NW013_NULL_N030_A1,NWP_A1_S11_NULL,NWB_A1_S11,NULL_FLARE_RED_NOISE,30,580.0,1.0,,,11,0,VALID,-86.18156281876152,-78.80478615516505,-81.05915730633306,-7.376776663596473,-2.254371151168016,-17.376776663596473,M0,M0,False,50.39157401118849,,,,,
NWS000493,NW013_NULL_N030_A1,NWP_A1_S12_NULL,NWB_A1_S12,NULL_FLARE_RED_NOISE,30,580.0,1.0,,,12,0,VALID,-85.6179781000628,-78.5471941004706,-80.43005977365375,-7.070783999592194,-1.8828656731831472,-17.070783999592194,M0,M0,False,67.89071510131653,,,,,
NWS000494,NW013_NULL_N030_A1,NWP_A1_S13_NULL,NWB_A1_S13,NULL_FLARE_RED_NOISE,30,580.0,1.0,,,13,0,VALID,-82.8293758531939,-75.52947155877263,-77.75108862140497,-7.2999042944212675,-2.2216170626323475,-17.299904294421268,M0,M0,False,50.17837063123293,,,,,
NWS000495,NW013_NULL_N030_A1,NWP_A1_S14_NULL,NWB_A1_S14,NULL_FLARE_RED_NOISE,30,580.0,1.0,,,14,0,VALID,-85.72022702876288,-78.1481970252783,-80.54474722121493,-7.572030003484585,-2.3965501959366406,-17.572030003484585,M0,M0,False,42.67837725034522,,,,,
NWS000496,NW013_NULL_N030_A1,NWP_A1_S15_NULL,NWB_A1_S15,NULL_FLARE_RED_NOISE,30,580.0,1.0,,,15,0,VALID,-85.51420151578024,-77.92670607716391,-80.4335397048033,-7.58749543861633,-2.506833627639381,-17.58749543861633,M0,M0,False,68.38878580456422,,,,,
NWS000497,NW013_NULL_N030_A1,NWP_A1_S16_NULL,NWB_A1_S16,NULL_FLARE_RED_NOISE,30,580.0,1.0,,,16,0,VALID,-82.98332452498636,-75.91264131204309,-77.99436311161901,-7.0706832129432655,-2.0817217995759165,-17.070683212943266,M0,M0,False,58.88201530506747,,,,,
NWS000498,NW013_NULL_N030_A1,NWP_A1_S17_NULL,NWB_A1_S17,NULL_FLARE_RED_NOISE,30,580.0,1.0,,,17,0,VALID,-84.05468474939124,-77.27880699794488,-79.09029351522942,-6.775877751446359,-1.8114865172845356,-16.77587775144636,M0,M0,False,67.28812423424166,,,,,
NWS000499,NW013_NULL_N030_A1,NWP_A1_S18_NULL,NWB_A1_S18,NULL_FLARE_RED_NOISE,30,580.0,1.0,,,18,0,VALID,-83.95667897891245,-76.7995391831772,-79.05124161030793,-7.157139795735247,-2.2517024271307235,-17.157139795735247,M0,M0,False,78.63291396050249,,,,,
NWS000500,NW013_NULL_N030_A1,NWP_A1_S19_NULL,NWB_A1_S19,NULL_FLARE_RED_NOISE,30,580.0,1.0,,,19,0,VALID,-87.39023554357635,-79.9008283536251,-82.352136356695,-7.489407189951251,-2.4513080030698973,-17.48940718995125,M0,M0,False,73.54549287159408,,,,,
NWS000501,NW013_NULL_N030_A1,NWP_A1_S20_NULL,NWB_A1_S20,NULL_FLARE_RED_NOISE,30,580.0,1.0,,,20,0,VALID,-84.76629639492884,-77.92857223039985,-79.61521740067427,-6.837724164528993,-1.6866451702744172,-16.837724164528993,M0,M0,False,75.81153266227093,,,,,
NWS000502,NW013_NULL_N030_A1,NWP_A1_S21_NULL,NWB_A1_S21,NULL_FLARE_RED_NOISE,30,580.0,1.0,,,21,0,VALID,-83.84482047088669,-76.39048452992783,-78.70107568432898,-7.454335940958856,-2.310591154401152,-17.454335940958856,M0,M0,False,50.23376032415682,,,,,
NWS000503,NW013_NULL_N030_A1,NWP_A1_S22_NULL,NWB_A1_S22,NULL_FLARE_RED_NOISE,30,580.0,1.0,,,22,0,VALID,-82.49177877224417,-75.9960381046044,-77.32032184650713,-6.4957406676397795,-1.3242837419027325,-16.49574066763978,M0,M0,False,53.352771282874706,,,,,
NWS000504,NW013_NULL_N030_A1,NWP_A1_S23_NULL,NWB_A1_S23,NULL_FLARE_RED_NOISE,30,580.0,1.0,,,23,0,VALID,-87.83172091150485,-81.28679548072157,-82.77258275023424,-6.54492543078328,-1.4857872695126702,-16.54492543078328,M0,M0,False,49.89735740205775,,,,,
NWS000505,NW013_NULL_N030_A1,NWP_A1_S24_NULL,NWB_A1_S24,NULL_FLARE_RED_NOISE,30,580.0,1.0,,,24,0,VALID,-83.94620931450189,-77.94269219434177,-79.01013233146972,-6.003517120160112,-1.0674401371279458,-16.00351712016011,M0,M0,False,66.78160233230959,,,,,
NWS000506,NW013_NULL_N030_A1,NWP_A1_S25_NULL,NWB_A1_S25,NULL_FLARE_RED_NOISE,30,580.0,1.0,,,25,0,VALID,-84.55536074642602,-76.72013872857406,-79.35051988440974,-7.835222017851962,-2.6303811558356784,-17.83522201785196,M0,M0,False,40.0,,,,,
NWS000507,NW013_NULL_N030_A1,NWP_A1_S26_NULL,NWB_A1_S26,NULL_FLARE_RED_NOISE,30,580.0,1.0,,,26,0,VALID,-81.96446157977545,-75.58811319871862,-76.83775602235727,-6.376348381056829,-1.249642823638652,-16.37634838105683,M0,M0,False,45.140609858327664,,,,,
NWS000508,NW013_NULL_N030_A1,NWP_A1_S27_NULL,NWB_A1_S27,NULL_FLARE_RED_NOISE,30,580.0,1.0,,,27,0,VALID,-83.80854886413397,-76.17843383438534,-78.6782072508238,-7.630115029748623,-2.499773416438458,-17.630115029748623,M0,M0,False,271.73901192160577,,,,,
NWS000509,NW013_NULL_N030_A1,NWP_A1_S28_NULL,NWB_A1_S28,NULL_FLARE_RED_NOISE,30,580.0,1.0,,,28,0,VALID,-84.32322912688552,-76.5930846368394,-79.186791026438,-7.730144490046129,-2.5937063895986086,-17.73014449004613,M0,M0,False,66.61323458825328,,,,,
NWS000510,NW013_NULL_N030_A1,NWP_A1_S29_NULL,NWB_A1_S29,NULL_FLARE_RED_NOISE,30,580.0,1.0,,,29,0,VALID,-84.50430722433876,-78.5253276855175,-79.33756199153156,-5.978979538821264,-0.8122343060140622,-15.978979538821264,M0,M0,False,47.38310174726219,,,,,
NWS000511,NW013_NULL_N030_A1,NWP_A1_S30_NULL,NWB_A1_S30,NULL_FLARE_RED_NOISE,30,580.0,1.0,,,30,0,VALID,-83.39486406354607,-76.5410192271747,-78.57568840419015,-6.8538448363713655,-2.034669177015445,-16.853844836371366,M0,M0,False,48.39830021841963,,,,,
NWS000512,NW013_NULL_N030_A1,NWP_A1_S31_NULL,NWB_A1_S31,NULL_FLARE_RED_NOISE,30,580.0,1.0,,,31,0,VALID,-82.52482719522648,-74.98544644172301,-77.46940700215767,-7.539380753503465,-2.483960560434653,-17.539380753503465,M0,M0,False,40.0,,,,,
NWS000513,NW013_NULL_N030_A1,NWP_A1_S32_NULL,NWB_A1_S32,NULL_FLARE_RED_NOISE,30,580.0,1.0,,,32,0,VALID,-84.31494705861483,-76.92742824392596,-79.20935812593575,-7.387518814688875,-2.2819298820097913,-17.387518814688875,M0,M0,False,123.97864923957216,,,,,
NWS000514,NW013_NULL_N030_A1,NWP_A1_S33_NULL,NWB_A1_S33,NULL_FLARE_RED_NOISE,30,580.0,1.0,,,33,0,VALID,-81.31392782366905,-74.11028547948203,-76.19643297815308,-7.203642344187017,-2.0861474986710533,-17.203642344187017,M0,M0,False,50.46626539875982,,,,,
NWS000515,NW013_NULL_N030_A1,NWP_A1_S34_NULL,NWB_A1_S34,NULL_FLARE_RED_NOISE,30,580.0,1.0,,,34,0,VALID,-85.94657886759478,-78.573890391092,-80.82681457298732,-7.372688476502788,-2.252924181895324,-17.372688476502788,M0,M0,False,63.20576943211518,,,,,
NWS000516,NW013_NULL_N030_A1,NWP_A1_S35_NULL,NWB_A1_S35,NULL_FLARE_RED_NOISE,30,580.0,1.0,,,35,0,VALID,-86.9213452203006,-79.66746915499795,-81.84255321029185,-7.253876065302649,-2.175084055293908,-17.25387606530265,M0,M0,False,50.82983061063254,,,,,
NWS000517,NW013_NULL_N030_A1,NWP_A1_S36_NULL,NWB_A1_S36,NULL_FLARE_RED_NOISE,30,580.0,1.0,,,36,0,VALID,-81.08729794629917,-73.93969718624592,-76.12187886007654,-7.147600760053251,-2.1821816738306126,-17.14760076005325,M0,M0,False,77.3524710466775,,,,,
NWS000518,NW013_NULL_N030_A1,NWP_A1_S37_NULL,NWB_A1_S37,NULL_FLARE_RED_NOISE,30,580.0,1.0,,,37,0,VALID,-80.40412913924263,-74.51663687024643,-75.47496750984868,-5.887492268996198,-0.9583306396022522,-15.887492268996198,M0,M0,False,66.84679056674553,,,,,
NWS000519,NW013_NULL_N030_A1,NWP_A1_S38_NULL,NWB_A1_S38,NULL_FLARE_RED_NOISE,30,580.0,1.0,,,38,0,VALID,-83.31971318721581,-76.80019102954904,-78.12495386112013,-6.519522157666771,-1.3247628315710926,-16.51952215766677,M0,M0,False,87.82089056514286,,,,,
NWS000520,NW013_NULL_N030_A1,NWP_A1_S39_NULL,NWB_A1_S39,NULL_FLARE_RED_NOISE,30,580.0,1.0,,,39,0,VALID,-83.56813799513225,-76.44046952787122,-78.40961748876876,-7.1276684672610315,-1.9691479608975442,-17.12766846726103,M0,M0,False,55.25304167078912,,,,,
NWS000521,NW014_QPP_N030_P050_A1_Q040,NWP_A1_S00_P050,NWB_A1_S00,STATIONARY_QPP_PRESENT,30,580.0,1.0,50.0,0.04,0,0,VALID,-80.92903117445545,-74.64311423294635,-75.8498596254735,-6.2859169415091,-1.2067453925271536,-16.2859169415091,M0,M0,False,52.128319224206265,formal_m1_center_not_selected,2.1283192242062654,2.1283192242062654,0.04256638448412531,0.04256638448412531
NWS000522,NW014_QPP_N030_P050_A1_Q040,NWP_A1_S01_P050,NWB_A1_S01,STATIONARY_QPP_PRESENT,30,580.0,1.0,50.0,0.04,1,0,VALID,-75.6004101989424,-73.13136524101992,-70.84285659020291,-2.4690449579224776,2.2885086508170076,-12.469044957922478,M0,M0,False,49.48983994259077,formal_m1_center_not_selected,-0.5101600574092302,0.5101600574092302,-0.010203201148184604,0.010203201148184604
NWS000523,NW014_QPP_N030_P050_A1_Q040,NWP_A1_S02_P050,NWB_A1_S02,STATIONARY_QPP_PRESENT,30,580.0,1.0,50.0,0.04,2,0,VALID,-77.42252953948343,-73.77773310243856,-72.50037640609393,-3.6447964370448744,1.2773566963446257,-13.644796437044874,M0,M0,False,44.50587003742779,formal_m1_center_not_selected,-5.4941299625722095,5.4941299625722095,-0.1098825992514442,0.1098825992514442
NWS000524,NW014_QPP_N030_P050_A1_Q040,NWP_A1_S03_P050,NWB_A1_S03,STATIONARY_QPP_PRESENT,30,580.0,1.0,50.0,0.04,3,0,VALID,-78.53715028748408,-72.19685596709893,-73.62866457300838,-6.340294320385155,-1.4318086059094526,-16.340294320385155,M0,M0,False,45.43069259443637,formal_m1_center_not_selected,-4.569307405563627,4.569307405563627,-0.09138614811127255,0.09138614811127255
NWS000525,NW014_QPP_N030_P050_A1_Q040,NWP_A1_S04_P050,NWB_A1_S04,STATIONARY_QPP_PRESENT,30,580.0,1.0,50.0,0.04,4,0,VALID,-79.18831238931438,-74.62803128448274,-74.5166483701093,-4.560281104831631,0.1113829143734506,-14.560281104831631,M0,M0,False,50.239998410363924,formal_m1_center_not_selected,0.2399984103639241,0.2399984103639241,0.0047999682072784825,0.0047999682072784825
NWS000526,NW014_QPP_N030_P050_A1_Q040,NWP_A1_S05_P050,NWB_A1_S05,STATIONARY_QPP_PRESENT,30,580.0,1.0,50.0,0.04,5,0,VALID,-79.63213097755828,-79.00451284378562,-74.66152533877302,-0.627618133772657,4.3429875050126014,-10.627618133772657,M0,M0,False,52.28264786283949,formal_m1_center_not_selected,2.2826478628394895,2.2826478628394895,0.04565295725678979,0.04565295725678979
NWS000527,NW014_QPP_N030_P050_A1_Q040,NWP_A1_S06_P050,NWB_A1_S06,STATIONARY_QPP_PRESENT,30,580.0,1.0,50.0,0.04,6,0,VALID,-82.23179893395081,-75.81559451192314,-77.47989259148427,-6.4162044220276755,-1.664298079561135,-16.416204422027675,M0,M0,False,46.26816237103297,formal_m1_center_not_selected,-3.7318376289670283,3.7318376289670283,-0.07463675257934056,0.07463675257934056
NWS000528,NW014_QPP_N030_P050_A1_Q040,NWP_A1_S07_P050,NWB_A1_S07,STATIONARY_QPP_PRESENT,30,580.0,1.0,50.0,0.04,7,0,VALID,-84.6348246931591,-80.30959537434826,-80.53746319312523,-4.325229318810841,-0.22786781877697138,-14.325229318810841,M0,M0,False,61.53660508347724,formal_m1_center_not_selected,11.536605083477241,11.536605083477241,0.23073210166954483,0.23073210166954483
NWS000529,NW014_QPP_N030_P050_A1_Q040,NWP_A1_S08_P050,NWB_A1_S08,STATIONARY_QPP_PRESENT,30,580.0,1.0,50.0,0.04,8,0,VALID,-80.05026204475166,-73.68452583601706,-75.19926559476905,-6.365736208734603,-1.5147397587519862,-16.365736208734603,M0,M0,False,45.354090993997076,formal_m1_center_not_selected,-4.645909006002924,4.645909006002924,-0.09291818012005848,0.09291818012005848
NWS000530,NW014_QPP_N030_P050_A1_Q040,NWP_A1_S09_P050,NWB_A1_S09,STATIONARY_QPP_PRESENT,30,580.0,1.0,50.0,0.04,9,0,VALID,-81.3948820527491,-75.43244989884684,-76.50295318907995,-5.962432153902256,-1.0705032902331055,-15.962432153902256,M0,M0,False,50.489841347494334,formal_m1_center_not_selected,0.48984134749433395,0.48984134749433395,0.00979682694988668,0.00979682694988668
NWS000531,NW014_QPP_N030_P050_A1_Q040,NWP_A1_S10_P050,NWB_A1_S10,STATIONARY_QPP_PRESENT,30,580.0,1.0,50.0,0.04,10,0,VALID,-79.81722345440932,-74.5010384399612,-74.88795339094132,-5.316185014448109,-0.3869149509801133,-15.31618501444811,M0,M0,False,46.66977065174651,formal_m1_center_not_selected,-3.3302293482534893,3.3302293482534893,-0.06660458696506978,0.06660458696506978
NWS000532,NW014_QPP_N030_P050_A1_Q040,NWP_A1_S11_P050,NWB_A1_S11,STATIONARY_QPP_PRESENT,30,580.0,1.0,50.0,0.04,11,0,VALID,-80.02543823406472,-75.32475172015873,-75.18790625328405,-4.700686513905993,0.13684546687467503,-14.700686513905993,M0,M0,False,48.7373725278899,formal_m1_center_not_selected,-1.262627472110097,1.262627472110097,-0.02525254944220194,0.02525254944220194
NWS000533,NW014_QPP_N030_P050_A1_Q040,NWP_A1_S12_P050,NWB_A1_S12,STATIONARY_QPP_PRESENT,30,580.0,1.0,50.0,0.04,12,0,VALID,-80.42702638466801,-74.13367722409106,-75.54106713069325,-6.293349160576952,-1.4073899066021909,-16.293349160576952,M0,M0,False,47.25428187194228,formal_m1_center_not_selected,-2.7457181280577174,2.7457181280577174,-0.054914362561154346,0.054914362561154346
NWS000534,NW014_QPP_N030_P050_A1_Q040,NWP_A1_S13_P050,NWB_A1_S13,STATIONARY_QPP_PRESENT,30,580.0,1.0,50.0,0.04,13,0,VALID,-76.8395033475811,-72.46175565104083,-72.0177635768788,-4.377747696540268,0.4439920741620256,-14.377747696540268,M0,M0,False,49.421683443092185,formal_m1_center_not_selected,-0.578316556907815,0.578316556907815,-0.0115663311381563,0.0115663311381563
NWS000535,NW014_QPP_N030_P050_A1_Q040,NWP_A1_S14_P050,NWB_A1_S14,STATIONARY_QPP_PRESENT,30,580.0,1.0,50.0,0.04,14,0,VALID,-83.57589811612655,-76.27876754928718,-78.41618624332044,-7.297130566839371,-2.137418694033258,-17.29713056683937,M0,M0,False,56.02362977325739,formal_m1_center_not_selected,6.02362977325739,6.02362977325739,0.12047259546514781,0.12047259546514781
NWS000536,NW014_QPP_N030_P050_A1_Q040,NWP_A1_S15_P050,NWB_A1_S15,STATIONARY_QPP_PRESENT,30,580.0,1.0,50.0,0.04,15,0,VALID,-82.14828941931876,-74.87805337086921,-77.1848016357004,-7.270236048449547,-2.3067482648311852,-17.270236048449547,M0,M0,False,43.743982140312454,formal_m1_center_not_selected,-6.256017859687546,6.256017859687546,-0.12512035719375092,0.12512035719375092
NWS000537,NW014_QPP_N030_P050_A1_Q040,NWP_A1_S16_P050,NWB_A1_S16,STATIONARY_QPP_PRESENT,30,580.0,1.0,50.0,0.04,16,0,VALID,-80.08148146777688,-73.357085244816,-75.10246345948703,-6.724396222960877,-1.745378214671021,-16.724396222960877,M0,M0,False,60.22431571646911,formal_m1_center_not_selected,10.224315716469107,10.224315716469107,0.20448631432938214,0.20448631432938214
NWS000538,NW014_QPP_N030_P050_A1_Q040,NWP_A1_S17_P050,NWB_A1_S17,STATIONARY_QPP_PRESENT,30,580.0,1.0,50.0,0.04,17,0,VALID,-82.53213850697236,-75.91891434633658,-77.64246507724974,-6.613224160635781,-1.7235507309131606,-16.61322416063578,M0,M0,False,66.65176087224138,formal_m1_center_not_selected,16.651760872241383,16.651760872241383,0.33303521744482767,0.33303521744482767
NWS000539,NW014_QPP_N030_P050_A1_Q040,NWP_A1_S18_P050,NWB_A1_S18,STATIONARY_QPP_PRESENT,30,580.0,1.0,50.0,0.04,18,0,VALID,-79.4458457142349,-73.32824644531556,-74.66618417269045,-6.117599268919349,-1.337937727374893,-16.11759926891935,M0,M0,False,50.240317594614154,formal_m1_center_not_selected,0.24031759461415447,0.24031759461415447,0.00480635189228309,0.00480635189228309
NWS000540,NW014_QPP_N030_P050_A1_Q040,NWP_A1_S19_P050,NWB_A1_S19,STATIONARY_QPP_PRESENT,30,580.0,1.0,50.0,0.04,19,0,VALID,-86.98264497387657,-79.60756861847383,-81.96812742895683,-7.37507635540274,-2.360558810482999,-17.37507635540274,M0,M0,False,72.34452437152034,formal_m1_center_not_selected,22.344524371520336,22.344524371520336,0.4468904874304067,0.4468904874304067
NWS000541,NW014_QPP_N030_P050_A1_Q040,NWP_A1_S20_P050,NWB_A1_S20,STATIONARY_QPP_PRESENT,30,580.0,1.0,50.0,0.04,20,0,VALID,-80.64704834567843,-75.92358641840472,-75.92624958701354,-4.7234619272737035,-0.002663168608819433,-14.723461927273704,M0,M0,False,54.62935518472818,formal_m1_center_not_selected,4.629355184728183,4.629355184728183,0.09258710369456366,0.09258710369456366
NWS000542,NW014_QPP_N030_P050_A1_Q040,NWP_A1_S21_P050,NWB_A1_S21,STATIONARY_QPP_PRESENT,30,580.0,1.0,50.0,0.04,21,0,VALID,-84.70804326625586,-78.37214539252518,-80.12391280974427,-6.335897873730673,-1.7517674172190851,-16.335897873730673,M0,M0,False,56.25786988241435,formal_m1_center_not_selected,6.257869882414347,6.257869882414347,0.12515739764828696,0.12515739764828696
NWS000543,NW014_QPP_N030_P050_A1_Q040,NWP_A1_S22_P050,NWB_A1_S22,STATIONARY_QPP_PRESENT,30,580.0,1.0,50.0,0.04,22,0,VALID,-78.11143117444752,-72.84159271418221,-73.13178439416087,-5.269838460265305,-0.2901916799786619,-15.269838460265305,M0,M0,False,49.5423072746824,formal_m1_center_not_selected,-0.4576927253175995,0.4576927253175995,-0.009153854506351991,0.009153854506351991
NWS000544,NW014_QPP_N030_P050_A1_Q040,NWP_A1_S23_P050,NWB_A1_S23,STATIONARY_QPP_PRESENT,30,580.0,1.0,50.0,0.04,23,0,VALID,-85.09070968894513,-79.96530525925337,-80.08764265096602,-5.125404429691756,-0.12233739171264801,-15.125404429691756,M0,M0,False,47.32653808897466,formal_m1_center_not_selected,-2.673461911025342,2.673461911025342,-0.05346923822050684,0.05346923822050684
NWS000545,NW014_QPP_N030_P050_A1_Q040,NWP_A1_S24_P050,NWB_A1_S24,STATIONARY_QPP_PRESENT,30,580.0,1.0,50.0,0.04,24,0,VALID,-83.6885188135916,-78.50781976575546,-78.82821101309482,-5.180699047836143,-0.32039124733935864,-15.180699047836143,M0,M0,False,62.25265467223083,formal_m1_center_not_selected,12.252654672230832,12.252654672230832,0.24505309344461665,0.24505309344461665
NWS000546,NW014_QPP_N030_P050_A1_Q040,NWP_A1_S25_P050,NWB_A1_S25,STATIONARY_QPP_PRESENT,30,580.0,1.0,50.0,0.04,25,0,VALID,-79.67862161253503,-75.36924120183818,-74.78961842607261,-4.309380410696846,0.5796227757655714,-14.309380410696846,M0,M0,False,53.5932176673341,formal_m1_center_not_selected,3.593217667334102,3.593217667334102,0.07186435334668204,0.07186435334668204
NWS000547,NW014_QPP_N030_P050_A1_Q040,NWP_A1_S26_P050,NWB_A1_S26,STATIONARY_QPP_PRESENT,30,580.0,1.0,50.0,0.04,26,0,VALID,-77.81958510544973,-73.86703609077404,-72.8526197696411,-3.9525490146756965,1.0144163211329413,-13.952549014675697,M0,M0,False,46.15679790428477,formal_m1_center_not_selected,-3.8432020957152275,3.8432020957152275,-0.07686404191430456,0.07686404191430456
NWS000548,NW014_QPP_N030_P050_A1_Q040,NWP_A1_S27_P050,NWB_A1_S27,STATIONARY_QPP_PRESENT,30,580.0,1.0,50.0,0.04,27,0,VALID,-81.52721278193636,-74.41626037525799,-76.56413965126792,-7.110952406678365,-2.147879276009931,-17.110952406678365,M0,M0,False,46.385822503734246,formal_m1_center_not_selected,-3.6141774962657536,3.6141774962657536,-0.07228354992531508,0.07228354992531508
NWS000549,NW014_QPP_N030_P050_A1_Q040,NWP_A1_S28_P050,NWB_A1_S28,STATIONARY_QPP_PRESENT,30,580.0,1.0,50.0,0.04,28,0,VALID,-80.940370611087,-74.52548368751702,-76.09014803427921,-6.414886923569981,-1.5646643467621857,-16.41488692356998,M0,M0,False,59.249483746299134,formal_m1_center_not_selected,9.249483746299134,9.249483746299134,0.18498967492598267,0.18498967492598267
NWS000550,NW014_QPP_N030_P050_A1_Q040,NWP_A1_S29_P050,NWB_A1_S29,STATIONARY_QPP_PRESENT,30,580.0,1.0,50.0,0.04,29,0,VALID,-80.16680785309703,-75.35920253482541,-75.17153623582752,-4.807605318271612,0.18766629899789677,-14.807605318271612,M0,M0,False,47.01004136053081,formal_m1_center_not_selected,-2.9899586394691866,2.9899586394691866,-0.05979917278938373,0.05979917278938373
NWS000551,NW014_QPP_N030_P050_A1_Q040,NWP_A1_S30_P050,NWB_A1_S30,STATIONARY_QPP_PRESENT,30,580.0,1.0,50.0,0.04,30,0,VALID,-83.07227922213616,-76.38627574645666,-78.1913915482748,-6.686003475679499,-1.8051158018181326,-16.6860034756795,M0,M0,False,60.53688783535174,formal_m1_center_not_selected,10.536887835351742,10.536887835351742,0.21073775670703485,0.21073775670703485
NWS000552,NW014_QPP_N030_P050_A1_Q040,NWP_A1_S31_P050,NWB_A1_S31,STATIONARY_QPP_PRESENT,30,580.0,1.0,50.0,0.04,31,0,VALID,-78.18480571099124,-72.3251838124236,-73.3094063920187,-5.859621898567639,-0.9842225795950981,-15.859621898567639,M0,M0,False,52.507332375640644,formal_m1_center_not_selected,2.507332375640644,2.507332375640644,0.05014664751281288,0.05014664751281288
NWS000553,NW014_QPP_N030_P050_A1_Q040,NWP_A1_S32_P050,NWB_A1_S32,STATIONARY_QPP_PRESENT,30,580.0,1.0,50.0,0.04,32,0,VALID,-79.44339293016162,-74.99302012132836,-74.7927109277638,-4.450372808833265,0.20030919356455001,-14.450372808833265,M0,M0,False,52.77096278884368,formal_m1_center_not_selected,2.7709627888436827,2.7709627888436827,0.055419255776873656,0.055419255776873656
NWS000554,NW014_QPP_N030_P050_A1_Q040,NWP_A1_S33_P050,NWB_A1_S33,STATIONARY_QPP_PRESENT,30,580.0,1.0,50.0,0.04,33,0,VALID,-83.10548253820943,-75.41857201739938,-77.91674281549733,-7.686910520810045,-2.498170798097945,-17.686910520810045,M0,M0,False,292.7287806162797,formal_m1_center_not_selected,242.72878061627972,242.72878061627972,4.854575612325594,4.854575612325594
NWS000555,NW014_QPP_N030_P050_A1_Q040,NWP_A1_S34_P050,NWB_A1_S34,STATIONARY_QPP_PRESENT,30,580.0,1.0,50.0,0.04,34,0,VALID,-80.41379565241759,-75.4355424176218,-75.44039793898342,-4.978253234795787,-0.004855521361619708,-14.978253234795787,M0,M0,False,49.596667205779994,formal_m1_center_not_selected,-0.403332794220006,0.403332794220006,-0.00806665588440012,0.00806665588440012
NWS000556,NW014_QPP_N030_P050_A1_Q040,NWP_A1_S35_P050,NWB_A1_S35,STATIONARY_QPP_PRESENT,30,580.0,1.0,50.0,0.04,35,0,VALID,-85.52890737198925,-78.05434037187271,-80.45312909678721,-7.4745670001165365,-2.398788724914496,-17.474567000116537,M0,M0,False,73.46892037326742,formal_m1_center_not_selected,23.468920373267423,23.468920373267423,0.4693784074653485,0.4693784074653485
NWS000557,NW014_QPP_N030_P050_A1_Q040,NWP_A1_S36_P050,NWB_A1_S36,STATIONARY_QPP_PRESENT,30,580.0,1.0,50.0,0.04,36,0,VALID,-78.06638738502738,-73.44469738023763,-73.51164885289433,-4.621690004789755,-0.06695147265669732,-14.621690004789755,M0,M0,False,55.38968371114228,formal_m1_center_not_selected,5.389683711142283,5.389683711142283,0.10779367422284565,0.10779367422284565
NWS000558,NW014_QPP_N030_P050_A1_Q040,NWP_A1_S37_P050,NWB_A1_S37,STATIONARY_QPP_PRESENT,30,580.0,1.0,50.0,0.04,37,0,VALID,-76.42018885290369,-70.04916592177355,-71.43499714088458,-6.371022931130142,-1.3858312191110258,-16.371022931130142,M0,M0,False,57.00145778055024,formal_m1_center_not_selected,7.00145778055024,7.00145778055024,0.1400291556110048,0.1400291556110048
NWS000559,NW014_QPP_N030_P050_A1_Q040,NWP_A1_S38_P050,NWB_A1_S38,STATIONARY_QPP_PRESENT,30,580.0,1.0,50.0,0.04,38,0,VALID,-77.77428657435007,-71.79870512156631,-72.85257719827885,-5.975581452783757,-1.053872076712537,-15.975581452783757,M0,M0,False,48.041219363009816,formal_m1_center_not_selected,-1.9587806369901841,1.9587806369901841,-0.03917561273980368,0.03917561273980368
NWS000560,NW014_QPP_N030_P050_A1_Q040,NWP_A1_S39_P050,NWB_A1_S39,STATIONARY_QPP_PRESENT,30,580.0,1.0,50.0,0.04,39,0,VALID,-80.34329075445152,-78.07744843906377,-76.54824107161994,-2.2658423153877436,1.5292073674438313,-12.265842315387744,M0,M0,False,55.00272562799039,formal_m1_center_not_selected,5.002725627990387,5.002725627990387,0.10005451255980774,0.10005451255980774
NWS000561,NW015_QPP_N030_P080_A1_Q040,NWP_A1_S00_P080,NWB_A1_S00,STATIONARY_QPP_PRESENT,30,580.0,1.0,80.0,0.04,0,0,VALID,-81.51528299141371,-75.47672992747019,-76.4326419443075,-6.0385530639435245,-0.955912016837317,-16.038553063943525,M0,M0,False,80.15590458873814,formal_m1_center_not_selected,0.15590458873813873,0.15590458873813873,0.0019488073592267342,0.0019488073592267342
NWS000562,NW015_QPP_N030_P080_A1_Q040,NWP_A1_S01_P080,NWB_A1_S01,STATIONARY_QPP_PRESENT,30,580.0,1.0,80.0,0.04,1,0,VALID,-76.6106687527559,-70.8996244402754,-71.86566033596,-5.711044312480496,-0.9660358956845982,-15.711044312480496,M0,M0,False,78.7751144721182,formal_m1_center_not_selected,-1.2248855278817956,1.2248855278817956,-0.015311069098522445,0.015311069098522445
NWS000563,NW015_QPP_N030_P080_A1_Q040,NWP_A1_S02_P080,NWB_A1_S02,STATIONARY_QPP_PRESENT,30,580.0,1.0,80.0,0.04,2,0,VALID,-80.27677559559137,-72.82421867557531,-75.63819109429294,-7.452556920016065,-2.8139724187176256,-17.452556920016065,M0,M0,False,261.1854050039904,formal_m1_center_not_selected,181.1854050039904,181.1854050039904,2.2648175625498803,2.2648175625498803
NWS000564,NW015_QPP_N030_P080_A1_Q040,NWP_A1_S03_P080,NWB_A1_S03,STATIONARY_QPP_PRESENT,30,580.0,1.0,80.0,0.04,3,0,VALID,-80.7285788549799,-73.49636020875161,-76.11284448058852,-7.23221864622829,-2.61648427183691,-17.23221864622829,M0,M0,False,58.84322503214783,formal_m1_center_not_selected,-21.156774967852172,21.156774967852172,-0.26445968709815215,0.26445968709815215
NWS000565,NW015_QPP_N030_P080_A1_Q040,NWP_A1_S04_P080,NWB_A1_S04,STATIONARY_QPP_PRESENT,30,580.0,1.0,80.0,0.04,4,0,VALID,-81.8004705751864,-75.33021185307055,-76.72362229914553,-6.470258722115844,-1.3934104460749808,-16.470258722115844,M0,M0,False,47.00270890246245,formal_m1_center_not_selected,-32.99729109753755,32.99729109753755,-0.41246613871921933,0.41246613871921933
NWS000566,NW015_QPP_N030_P080_A1_Q040,NWP_A1_S05_P080,NWB_A1_S05,STATIONARY_QPP_PRESENT,30,580.0,1.0,80.0,0.04,5,0,VALID,-84.0809131369346,-77.32775321617237,-79.17279771245401,-6.753159920762229,-1.8450444962816448,-16.75315992076223,M0,M0,False,52.561801534359915,formal_m1_center_not_selected,-27.438198465640085,27.438198465640085,-0.34297748082050106,0.34297748082050106
NWS000567,NW015_QPP_N030_P080_A1_Q040,NWP_A1_S06_P080,NWB_A1_S06,STATIONARY_QPP_PRESENT,30,580.0,1.0,80.0,0.04,6,0,VALID,-82.09224942630007,-75.63372893064248,-77.30878784239549,-6.458520495657595,-1.6750589117530126,-16.458520495657595,M0,M0,False,66.92885021548292,formal_m1_center_not_selected,-13.071149784517075,13.071149784517075,-0.16338937230646344,0.16338937230646344
NWS000568,NW015_QPP_N030_P080_A1_Q040,NWP_A1_S07_P080,NWB_A1_S07,STATIONARY_QPP_PRESENT,30,580.0,1.0,80.0,0.04,7,0,VALID,-88.0672271135644,-80.65359714254166,-82.86267393283082,-7.413629971022743,-2.20907679028916,-17.413629971022743,M0,M0,False,90.75305774299157,formal_m1_center_not_selected,10.753057742991572,10.753057742991572,0.13441322178739465,0.13441322178739465
NWS000569,NW015_QPP_N030_P080_A1_Q040,NWP_A1_S08_P080,NWB_A1_S08,STATIONARY_QPP_PRESENT,30,580.0,1.0,80.0,0.04,8,0,VALID,-82.3493929564585,-74.81930739025428,-77.5654231387336,-7.530085566204221,-2.746115748479326,-17.53008556620422,M0,M0,False,299.99999999999994,formal_m1_center_not_selected,219.99999999999994,219.99999999999994,2.749999999999999,2.749999999999999
NWS000570,NW015_QPP_N030_P080_A1_Q040,NWP_A1_S09_P080,NWB_A1_S09,STATIONARY_QPP_PRESENT,30,580.0,1.0,80.0,0.04,9,0,VALID,-83.90646401972259,-78.30193206799274,-79.20401064149762,-5.604531951729854,-0.9020785735048804,-15.604531951729854,M0,M0,False,73.81786454753491,formal_m1_center_not_selected,-6.18213545246509,6.18213545246509,-0.07727669315581362,0.07727669315581362
NWS000571,NW015_QPP_N030_P080_A1_Q040,NWP_A1_S10_P080,NWB_A1_S10,STATIONARY_QPP_PRESENT,30,580.0,1.0,80.0,0.04,10,0,VALID,-83.1016378300444,-75.98674157301139,-78.24850497852866,-7.11489625703301,-2.2617634055172715,-17.11489625703301,M0,M0,False,49.63736373645688,formal_m1_center_not_selected,-30.362636263543124,30.362636263543124,-0.37953295329428904,0.37953295329428904
NWS000572,NW015_QPP_N030_P080_A1_Q040,NWP_A1_S11_P080,NWB_A1_S11,STATIONARY_QPP_PRESENT,30,580.0,1.0,80.0,0.04,11,0,VALID,-82.68515374063506,-75.82141419000169,-77.85660792732101,-6.863739550633369,-2.035193737319318,-16.86373955063337,M0,M0,False,76.08334393404755,formal_m1_center_not_selected,-3.916656065952452,3.916656065952452,-0.04895820082440565,0.04895820082440565
NWS000573,NW015_QPP_N030_P080_A1_Q040,NWP_A1_S12_P080,NWB_A1_S12,STATIONARY_QPP_PRESENT,30,580.0,1.0,80.0,0.04,12,0,VALID,-81.66357790881543,-76.58761941100363,-76.86589880159082,-5.075958497811797,-0.278279390587187,-15.075958497811797,M0,M0,False,70.03100737086469,formal_m1_center_not_selected,-9.968992629135315,9.968992629135315,-0.12461240786419144,0.12461240786419144
NWS000574,NW015_QPP_N030_P080_A1_Q040,NWP_A1_S13_P080,NWB_A1_S13,STATIONARY_QPP_PRESENT,30,580.0,1.0,80.0,0.04,13,0,VALID,-78.58749920425196,-72.11508571052784,-73.84237998302952,-6.472413493724119,-1.7272942725016804,-16.47241349372412,M0,M0,False,78.617861587948,formal_m1_center_not_selected,-1.3821384120520008,1.3821384120520008,-0.01727673015065001,0.01727673015065001
NWS000575,NW015_QPP_N030_P080_A1_Q040,NWP_A1_S14_P080,NWB_A1_S14,STATIONARY_QPP_PRESENT,30,580.0,1.0,80.0,0.04,14,0,VALID,-86.13874061609633,-79.15486212347211,-81.52525573854237,-6.983878492624214,-2.370393615070256,-16.983878492624214,M0,M0,False,95.1173105399619,formal_m1_center_not_selected,15.117310539961906,15.117310539961906,0.18896638174952382,0.18896638174952382
NWS000576,NW015_QPP_N030_P080_A1_Q040,NWP_A1_S15_P080,NWB_A1_S15,STATIONARY_QPP_PRESENT,30,580.0,1.0,80.0,0.04,15,0,VALID,-85.01053921470601,-77.29935716835642,-79.96461126250591,-7.711182046349592,-2.665254094149489,-17.71118204634959,M0,M0,False,42.30873363948595,formal_m1_center_not_selected,-37.69126636051405,37.69126636051405,-0.4711408295064256,0.4711408295064256
NWS000577,NW015_QPP_N030_P080_A1_Q040,NWP_A1_S16_P080,NWB_A1_S16,STATIONARY_QPP_PRESENT,30,580.0,1.0,80.0,0.04,16,0,VALID,-84.13154320679126,-77.5757790480716,-79.30316779496994,-6.555764158719668,-1.7273887468983418,-16.55576415871967,M0,M0,False,55.90998053661786,formal_m1_center_not_selected,-24.09001946338214,24.09001946338214,-0.30112524329227675,0.30112524329227675
NWS000578,NW015_QPP_N030_P080_A1_Q040,NWP_A1_S17_P080,NWB_A1_S17,STATIONARY_QPP_PRESENT,30,580.0,1.0,80.0,0.04,17,0,VALID,-84.51784739710011,-77.20549064535622,-79.30060105314043,-7.312356751743891,-2.0951104077842047,-17.31235675174389,M0,M0,False,86.84768487703451,formal_m1_center_not_selected,6.84768487703451,6.84768487703451,0.08559606096293138,0.08559606096293138
NWS000579,NW015_QPP_N030_P080_A1_Q040,NWP_A1_S18_P080,NWB_A1_S18,STATIONARY_QPP_PRESENT,30,580.0,1.0,80.0,0.04,18,0,VALID,-78.31018386206732,-73.82700109275413,-74.08348423914369,-4.4831827693131885,-0.2564831463895558,-14.483182769313188,M0,M0,False,77.58012847915765,formal_m1_center_not_selected,-2.4198715208423494,2.4198715208423494,-0.030248394010529367,0.030248394010529367
NWS000580,NW015_QPP_N030_P080_A1_Q040,NWP_A1_S19_P080,NWB_A1_S19,STATIONARY_QPP_PRESENT,30,580.0,1.0,80.0,0.04,19,0,VALID,-90.41790021687441,-83.3426562784502,-85.6762662144901,-7.075243938424208,-2.333609936039892,-17.075243938424208,M0,M0,False,50.04880077153868,formal_m1_center_not_selected,-29.95119922846132,29.95119922846132,-0.3743899903557665,0.3743899903557665
NWS000581,NW015_QPP_N030_P080_A1_Q040,NWP_A1_S20_P080,NWB_A1_S20,STATIONARY_QPP_PRESENT,30,580.0,1.0,80.0,0.04,20,0,VALID,-85.86872601547648,-78.25997978109748,-80.6851361035001,-7.608746234378998,-2.4251563224026143,-17.608746234378998,M0,M0,False,55.334681763542484,formal_m1_center_not_selected,-24.665318236457516,24.665318236457516,-0.3083164779557189,0.3083164779557189
NWS000582,NW015_QPP_N030_P080_A1_Q040,NWP_A1_S21_P080,NWB_A1_S21,STATIONARY_QPP_PRESENT,30,580.0,1.0,80.0,0.04,21,0,VALID,-84.27103786187868,-77.2980698186078,-79.23042328836229,-6.972968043270882,-1.9323534697544886,-16.972968043270882,M0,M0,False,49.82341791085533,formal_m1_center_not_selected,-30.176582089144667,30.176582089144667,-0.3772072761143083,0.3772072761143083
NWS000583,NW015_QPP_N030_P080_A1_Q040,NWP_A1_S22_P080,NWB_A1_S22,STATIONARY_QPP_PRESENT,30,580.0,1.0,80.0,0.04,22,0,VALID,-79.140754837401,-72.28706892486248,-74.29132700686266,-6.853685912538523,-2.0042580820001774,-16.853685912538523,M0,M0,False,78.28301987122745,formal_m1_center_not_selected,-1.7169801287725477,1.7169801287725477,-0.021462251609656847,0.021462251609656847
NWS000584,NW015_QPP_N030_P080_A1_Q040,NWP_A1_S23_P080,NWB_A1_S23,STATIONARY_QPP_PRESENT,30,580.0,1.0,80.0,0.04,23,0,VALID,-84.3965990164746,-77.93931662352765,-79.63778531028281,-6.457282392946951,-1.698468686755163,-16.45728239294695,M0,M0,False,72.36720602966174,formal_m1_center_not_selected,-7.6327939703382555,7.6327939703382555,-0.09540992462922819,0.09540992462922819
NWS000585,NW015_QPP_N030_P080_A1_Q040,NWP_A1_S24_P080,NWB_A1_S24,STATIONARY_QPP_PRESENT,30,580.0,1.0,80.0,0.04,24,0,VALID,-83.44688738216531,-76.13587182252785,-78.30983421745125,-7.311015559637468,-2.1739623949234073,-17.311015559637468,M0,M0,False,67.57191702419448,formal_m1_center_not_selected,-12.428082975805523,12.428082975805523,-0.15535103719756904,0.15535103719756904
NWS000586,NW015_QPP_N030_P080_A1_Q040,NWP_A1_S25_P080,NWB_A1_S25,STATIONARY_QPP_PRESENT,30,580.0,1.0,80.0,0.04,25,0,VALID,-83.6669554922197,-76.51226782377093,-78.9702169942036,-7.154687668448773,-2.45794917043267,-17.154687668448773,M0,M0,False,81.25854029593933,formal_m1_center_not_selected,1.2585402959393264,1.2585402959393264,0.01573175369924158,0.01573175369924158
NWS000587,NW015_QPP_N030_P080_A1_Q040,NWP_A1_S26_P080,NWB_A1_S26,STATIONARY_QPP_PRESENT,30,580.0,1.0,80.0,0.04,26,0,VALID,-80.41877947302761,-73.08153003498572,-75.37528347885312,-7.337249438041894,-2.293753443867402,-17.337249438041894,M0,M0,False,73.70092498631539,formal_m1_center_not_selected,-6.2990750136846145,6.2990750136846145,-0.07873843767105768,0.07873843767105768
NWS000588,NW015_QPP_N030_P080_A1_Q040,NWP_A1_S27_P080,NWB_A1_S27,STATIONARY_QPP_PRESENT,30,580.0,1.0,80.0,0.04,27,0,VALID,-82.84924570609746,-75.89050922334945,-77.96144994678123,-6.958736482748009,-2.070940723431775,-16.95873648274801,M0,M0,False,63.90251620235922,formal_m1_center_not_selected,-16.097483797640777,16.097483797640777,-0.2012185474705097,0.2012185474705097
NWS000589,NW015_QPP_N030_P080_A1_Q040,NWP_A1_S28_P080,NWB_A1_S28,STATIONARY_QPP_PRESENT,30,580.0,1.0,80.0,0.04,28,0,VALID,-84.81515280593513,-78.08579416258647,-79.74078576976844,-6.729358643348661,-1.6549916071819695,-16.72935864334866,M0,M0,False,93.0141606909134,formal_m1_center_not_selected,13.0141606909134,13.0141606909134,0.16267700863641749,0.16267700863641749
NWS000590,NW015_QPP_N030_P080_A1_Q040,NWP_A1_S29_P080,NWB_A1_S29,STATIONARY_QPP_PRESENT,30,580.0,1.0,80.0,0.04,29,0,VALID,-83.59850941518168,-76.80475278110507,-78.6687167732989,-6.793756634076615,-1.8639639921938311,-16.793756634076615,M0,M0,False,47.40829965847341,formal_m1_center_not_selected,-32.59170034152659,32.59170034152659,-0.4073962542690824,0.4073962542690824
NWS000591,NW015_QPP_N030_P080_A1_Q040,NWP_A1_S30_P080,NWB_A1_S30,STATIONARY_QPP_PRESENT,30,580.0,1.0,80.0,0.04,30,0,VALID,-85.04212762225822,-78.97793929958507,-80.22366419033658,-6.064188322673147,-1.2457248907515037,-16.064188322673147,M0,M0,False,55.203528749845226,formal_m1_center_not_selected,-24.796471250154774,24.796471250154774,-0.3099558906269347,0.3099558906269347
NWS000592,NW015_QPP_N030_P080_A1_Q040,NWP_A1_S31_P080,NWB_A1_S31,STATIONARY_QPP_PRESENT,30,580.0,1.0,80.0,0.04,31,0,VALID,-81.52726700909123,-74.9631671354501,-76.77512863509092,-6.564099873641126,-1.811961499640816,-16.564099873641126,M0,M0,False,85.17312390489457,formal_m1_center_not_selected,5.173123904894567,5.173123904894567,0.06466404881118208,0.06466404881118208
NWS000593,NW015_QPP_N030_P080_A1_Q040,NWP_A1_S32_P080,NWB_A1_S32,STATIONARY_QPP_PRESENT,30,580.0,1.0,80.0,0.04,32,0,VALID,-82.19283270739032,-74.72791530833831,-77.16221128044675,-7.464917399052013,-2.434295972108444,-17.464917399052013,M0,M0,False,78.89065857569054,formal_m1_center_not_selected,-1.1093414243094628,1.1093414243094628,-0.013866767803868285,0.013866767803868285
NWS000594,NW015_QPP_N030_P080_A1_Q040,NWP_A1_S33_P080,NWB_A1_S33,STATIONARY_QPP_PRESENT,30,580.0,1.0,80.0,0.04,33,0,VALID,-81.90456912091031,-74.97322480511306,-77.07313360951309,-6.931344315797247,-2.0999088044000302,-16.931344315797247,M0,M0,False,50.58732852705106,formal_m1_center_not_selected,-29.412671472948936,29.412671472948936,-0.3676583934118617,0.3676583934118617
NWS000595,NW015_QPP_N030_P080_A1_Q040,NWP_A1_S34_P080,NWB_A1_S34,STATIONARY_QPP_PRESENT,30,580.0,1.0,80.0,0.04,34,0,VALID,-83.05922084404253,-76.22436437019098,-78.37905702073415,-6.834856473851545,-2.1546926505431685,-16.834856473851545,M0,M0,False,72.04260815141863,formal_m1_center_not_selected,-7.957391848581366,7.957391848581366,-0.09946739810726708,0.09946739810726708
NWS000596,NW015_QPP_N030_P080_A1_Q040,NWP_A1_S35_P080,NWB_A1_S35,STATIONARY_QPP_PRESENT,30,580.0,1.0,80.0,0.04,35,0,VALID,-88.91294457629698,-82.79658304387547,-84.5040854974458,-6.116361532421507,-1.7075024535703278,-16.116361532421507,M0,M0,False,50.858801387747555,formal_m1_center_not_selected,-29.141198612252445,29.141198612252445,-0.36426498265315554,0.36426498265315554
NWS000597,NW015_QPP_N030_P080_A1_Q040,NWP_A1_S36_P080,NWB_A1_S36,STATIONARY_QPP_PRESENT,30,580.0,1.0,80.0,0.04,36,0,VALID,-79.70784718081586,-74.40222258798272,-74.60069140344723,-5.305624592833141,-0.19846881546450845,-15.30562459283314,M0,M0,False,79.63150500058421,formal_m1_center_not_selected,-0.36849499941578756,0.36849499941578756,-0.004606187492697344,0.004606187492697344
NWS000598,NW015_QPP_N030_P080_A1_Q040,NWP_A1_S37_P080,NWB_A1_S37,STATIONARY_QPP_PRESENT,30,580.0,1.0,80.0,0.04,37,0,VALID,-78.92193202975854,-72.67915389762095,-74.18590195844342,-6.2427781321375875,-1.5067480608224741,-16.242778132137587,M0,M0,False,67.48204535531875,formal_m1_center_not_selected,-12.517954644681254,12.517954644681254,-0.15647443305851566,0.15647443305851566
NWS000599,NW015_QPP_N030_P080_A1_Q040,NWP_A1_S38_P080,NWB_A1_S38,STATIONARY_QPP_PRESENT,30,580.0,1.0,80.0,0.04,38,0,VALID,-80.36280336108015,-73.57554625150759,-75.6077902822457,-6.787257109572565,-2.032244030738113,-16.787257109572565,M0,M0,False,77.81231419860451,formal_m1_center_not_selected,-2.1876858013954887,2.1876858013954887,-0.027346072517443608,0.027346072517443608
NWS000600,NW015_QPP_N030_P080_A1_Q040,NWP_A1_S39_P080,NWB_A1_S39,STATIONARY_QPP_PRESENT,30,580.0,1.0,80.0,0.04,39,0,VALID,-82.99932072306717,-75.76416511184587,-77.97094102449029,-7.235155611221302,-2.2067759126444173,-17.235155611221302,M0,M0,False,82.39575624737067,formal_m1_center_not_selected,2.39575624737067,2.39575624737067,0.029946953092133376,0.029946953092133376
NWS000601,NW016_NULL_N030_A2,NWP_A2_S00_NULL,NWB_A2_S00,NULL_FLARE_RED_NOISE,30,580.0,2.0,,,0,0,VALID,-87.66204731985567,-79.8861958485187,-82.43383899256712,-7.775851471336978,-2.547643144048422,-17.775851471336978,M0,M0,False,100.25595795089704,,,,,
NWS000602,NW016_NULL_N030_A2,NWP_A2_S01_NULL,NWB_A2_S01,NULL_FLARE_RED_NOISE,30,580.0,2.0,,,1,0,VALID,-85.07102328732554,-77.34931587445863,-79.92418961143524,-7.72170741286692,-2.5748737369766133,-17.72170741286692,M0,M0,False,287.2379093964292,,,,,
NWS000603,NW016_NULL_N030_A2,NWP_A2_S02_NULL,NWB_A2_S02,NULL_FLARE_RED_NOISE,30,580.0,2.0,,,2,0,VALID,-89.04558111163922,-81.5017253056835,-83.89535177170559,-7.5438558059557295,-2.3936264660220985,-17.54385580595573,M0,M0,False,77.17643471875574,,,,,
NWS000604,NW016_NULL_N030_A2,NWP_A2_S03_NULL,NWB_A2_S03,NULL_FLARE_RED_NOISE,30,580.0,2.0,,,3,0,VALID,-87.31814054533532,-79.9927848534957,-82.13201477454625,-7.3253556918396185,-2.1392299210505428,-17.32535569183962,M0,M0,False,87.9154119653703,,,,,
NWS000605,NW016_NULL_N030_A2,NWP_A2_S04_NULL,NWB_A2_S04,NULL_FLARE_RED_NOISE,30,580.0,2.0,,,4,0,VALID,-85.86924896659406,-78.05246101407884,-80.67067724438597,-7.816787952515213,-2.6182162303071266,-17.816787952515213,M0,M0,False,299.99999999999994,,,,,
NWS000606,NW016_NULL_N030_A2,NWP_A2_S05_NULL,NWB_A2_S05,NULL_FLARE_RED_NOISE,30,580.0,2.0,,,5,0,VALID,-89.57816285063421,-81.91031179530142,-84.43963457927988,-7.66785105533279,-2.529322783978458,-17.66785105533279,M0,M0,False,255.44944397195243,,,,,
NWS000607,NW016_NULL_N030_A2,NWP_A2_S06_NULL,NWB_A2_S06,NULL_FLARE_RED_NOISE,30,580.0,2.0,,,6,0,VALID,-85.78679274763672,-78.05958192056738,-80.64416705688586,-7.727210827069342,-2.5845851363184806,-17.727210827069342,M0,M0,False,257.5404512022364,,,,,
NWS000608,NW016_NULL_N030_A2,NWP_A2_S07_NULL,NWB_A2_S07,NULL_FLARE_RED_NOISE,30,580.0,2.0,,,7,0,VALID,-89.83209895893458,-82.10977153064972,-84.625640505245,-7.722327428284856,-2.5158689745952785,-17.722327428284856,M0,M0,False,66.58061593275349,,,,,
NWS000609,NW016_NULL_N030_A2,NWP_A2_S08_NULL,NWB_A2_S08,NULL_FLARE_RED_NOISE,30,580.0,2.0,,,8,0,VALID,-84.55406012282396,-76.8266919222715,-79.3874563073826,-7.727368200552462,-2.5607643851111135,-17.727368200552462,M0,M0,False,233.04942378280015,,,,,
NWS000610,NW016_NULL_N030_A2,NWP_A2_S09_NULL,NWB_A2_S09,NULL_FLARE_RED_NOISE,30,580.0,2.0,,,9,0,VALID,-87.1777860228022,-79.37684841379128,-82.0158229173916,-7.800937609010916,-2.6389745036003234,-17.800937609010916,M0,M0,False,299.99999999999994,,,,,
NWS000611,NW016_NULL_N030_A2,NWP_A2_S10_NULL,NWB_A2_S10,NULL_FLARE_RED_NOISE,30,580.0,2.0,,,10,0,VALID,-83.52321478584558,-75.90632556346432,-78.32016072394451,-7.6168892223812605,-2.4138351604801898,-17.61688922238126,M0,M0,False,65.40194189095152,,,,,
NWS000612,NW016_NULL_N030_A2,NWP_A2_S11_NULL,NWB_A2_S11,NULL_FLARE_RED_NOISE,30,580.0,2.0,,,11,0,VALID,-86.05302186211517,-78.33004020465717,-80.88973649060836,-7.722981657458007,-2.5596962859511905,-17.722981657458007,M0,M0,False,294.31653205754395,,,,,
NWS000613,NW016_NULL_N030_A2,NWP_A2_S12_NULL,NWB_A2_S12,NULL_FLARE_RED_NOISE,30,580.0,2.0,,,12,0,VALID,-85.03277162259532,-77.26537965480046,-79.86467108371889,-7.767391967794865,-2.599291428918434,-17.767391967794865,M0,M0,False,299.99999999999994,,,,,
NWS000614,NW016_NULL_N030_A2,NWP_A2_S13_NULL,NWB_A2_S13,NULL_FLARE_RED_NOISE,30,580.0,2.0,,,13,0,VALID,-88.97836954091636,-81.41699008776646,-83.80009765104481,-7.561379453149897,-2.383107563278344,-17.561379453149897,M0,M0,False,67.04209175083479,,,,,
NWS000615,NW016_NULL_N030_A2,NWP_A2_S14_NULL,NWB_A2_S14,NULL_FLARE_RED_NOISE,30,580.0,2.0,,,14,0,VALID,-87.59075004342563,-79.89803087820076,-82.50390964886829,-7.692719165224872,-2.6058787706675304,-17.692719165224872,M0,M0,False,299.9999747291194,,,,,
NWS000616,NW016_NULL_N030_A2,NWP_A2_S15_NULL,NWB_A2_S15,NULL_FLARE_RED_NOISE,30,580.0,2.0,,,15,0,VALID,-83.82091299758417,-76.05427870204267,-78.64879942988951,-7.7666342955415075,-2.5945207278468416,-17.766634295541508,M0,M0,False,255.33354862867697,,,,,
NWS000617,NW016_NULL_N030_A2,NWP_A2_S16_NULL,NWB_A2_S16,NULL_FLARE_RED_NOISE,30,580.0,2.0,,,16,0,VALID,-87.10599090850711,-79.38040130390137,-82.0072799203889,-7.725589604605744,-2.626878616487531,-17.725589604605744,M0,M0,False,56.44842076685972,,,,,
NWS000618,NW016_NULL_N030_A2,NWP_A2_S17_NULL,NWB_A2_S17,NULL_FLARE_RED_NOISE,30,580.0,2.0,,,17,0,VALID,-87.09150060185239,-79.25205475378623,-81.89935397102747,-7.839445848066163,-2.6472992172412404,-17.839445848066163,M0,M0,False,262.36347737838645,,,,,
NWS000619,NW016_NULL_N030_A2,NWP_A2_S18_NULL,NWB_A2_S18,NULL_FLARE_RED_NOISE,30,580.0,2.0,,,18,0,VALID,-84.98722557182145,-77.233623719849,-79.85306002548286,-7.753601851972448,-2.6194363056338545,-17.753601851972448,M0,M0,False,57.28177670577513,,,,,
NWS000620,NW016_NULL_N030_A2,NWP_A2_S19_NULL,NWB_A2_S19,NULL_FLARE_RED_NOISE,30,580.0,2.0,,,19,0,VALID,-86.61560267006067,-78.96161383018793,-81.47738907600394,-7.6539888398727385,-2.515775245816016,-17.65398883987274,M0,M0,False,253.08614320412926,,,,,
NWS000621,NW016_NULL_N030_A2,NWP_A2_S20_NULL,NWB_A2_S20,NULL_FLARE_RED_NOISE,30,580.0,2.0,,,20,0,VALID,-87.76662554180427,-80.01831666597424,-82.62010046570363,-7.748308875830034,-2.6017837997293896,-17.748308875830034,M0,M0,False,258.76602430936197,,,,,
NWS000622,NW016_NULL_N030_A2,NWP_A2_S21_NULL,NWB_A2_S21,NULL_FLARE_RED_NOISE,30,580.0,2.0,,,21,0,VALID,-87.06168456568508,-79.25283957623921,-81.85322579445747,-7.808844989445873,-2.6003862182182615,-17.808844989445873,M0,M0,False,77.78554707126881,,,,,
NWS000623,NW016_NULL_N030_A2,NWP_A2_S22_NULL,NWB_A2_S22,NULL_FLARE_RED_NOISE,30,580.0,2.0,,,22,0,VALID,-87.92539181416278,-80.33175948922471,-82.73865229311825,-7.593632324938071,-2.406892803893541,-17.59363232493807,M0,M0,False,48.34876092939645,,,,,
NWS000624,NW016_NULL_N030_A2,NWP_A2_S23_NULL,NWB_A2_S23,NULL_FLARE_RED_NOISE,30,580.0,2.0,,,23,0,VALID,-85.4528134363776,-77.65135709182128,-80.2561824935634,-7.801456344556314,-2.6048254017421186,-17.801456344556314,M0,M0,False,295.92461531761035,,,,,
NWS000625,NW016_NULL_N030_A2,NWP_A2_S24_NULL,NWB_A2_S24,NULL_FLARE_RED_NOISE,30,580.0,2.0,,,24,0,VALID,-86.31265919392092,-78.52110644799481,-81.15421758256953,-7.791552745926111,-2.633111134574719,-17.79155274592611,M0,M0,False,293.9403334787423,,,,,
NWS000626,NW016_NULL_N030_A2,NWP_A2_S25_NULL,NWB_A2_S25,NULL_FLARE_RED_NOISE,30,580.0,2.0,,,25,0,VALID,-87.41476925133475,-79.67804822128176,-82.29632002102778,-7.7367210300529905,-2.618271799746026,-17.73672103005299,M0,M0,False,299.99999999999994,,,,,
NWS000627,NW016_NULL_N030_A2,NWP_A2_S26_NULL,NWB_A2_S26,NULL_FLARE_RED_NOISE,30,580.0,2.0,,,26,0,VALID,-88.00789537028044,-80.3904410216197,-82.87397334026693,-7.617454348660743,-2.483532318647235,-17.617454348660743,M0,M0,False,299.99594305980617,,,,,
NWS000628,NW016_NULL_N030_A2,NWP_A2_S27_NULL,NWB_A2_S27,NULL_FLARE_RED_NOISE,30,580.0,2.0,,,27,0,VALID,-89.2216627873126,-81.49776241568088,-84.07975369233174,-7.723900371631714,-2.5819912766508537,-17.723900371631714,M0,M0,False,265.4337226839065,,,,,
NWS000629,NW016_NULL_N030_A2,NWP_A2_S28_NULL,NWB_A2_S28,NULL_FLARE_RED_NOISE,30,580.0,2.0,,,28,0,VALID,-87.61855013708531,-79.92989686568833,-82.48724885768083,-7.688653271396973,-2.5573519919924905,-17.688653271396973,M0,M0,False,258.15707905245597,,,,,
NWS000630,NW016_NULL_N030_A2,NWP_A2_S29_NULL,NWB_A2_S29,NULL_FLARE_RED_NOISE,30,580.0,2.0,,,29,0,VALID,-89.59816447095778,-81.96084270132428,-84.46622018194216,-7.637321769633502,-2.505377480617881,-17.637321769633502,M0,M0,False,298.81154639304015,,,,,
NWS000631,NW016_NULL_N030_A2,NWP_A2_S30_NULL,NWB_A2_S30,NULL_FLARE_RED_NOISE,30,580.0,2.0,,,30,0,VALID,-86.07299600285316,-78.24224417996108,-80.89403065212639,-7.830751822892083,-2.6517864721653126,-17.830751822892083,M0,M0,False,75.66211559933083,,,,,
NWS000632,NW016_NULL_N030_A2,NWP_A2_S31_NULL,NWB_A2_S31,NULL_FLARE_RED_NOISE,30,580.0,2.0,,,31,0,VALID,-87.4295404281564,-79.82080267593952,-82.37422551191857,-7.608737752216882,-2.553422835979049,-17.608737752216882,M0,M0,False,299.99988303606665,,,,,
NWS000633,NW016_NULL_N030_A2,NWP_A2_S32_NULL,NWB_A2_S32,NULL_FLARE_RED_NOISE,30,580.0,2.0,,,32,0,VALID,-86.50081777291216,-78.89357421000538,-81.42430556567288,-7.607243562906774,-2.5307313556674984,-17.607243562906774,M0,M0,False,299.9840441323792,,,,,
NWS000634,NW016_NULL_N030_A2,NWP_A2_S33_NULL,NWB_A2_S33,NULL_FLARE_RED_NOISE,30,580.0,2.0,,,33,0,VALID,-85.79024516634223,-78.01254381747623,-80.60523673955366,-7.777701348866003,-2.5926929220774326,-17.777701348866003,M0,M0,False,298.26758345917506,,,,,
NWS000635,NW016_NULL_N030_A2,NWP_A2_S34_NULL,NWB_A2_S34,NULL_FLARE_RED_NOISE,30,580.0,2.0,,,34,0,VALID,-86.76248876252127,-78.94024481137,-81.55641700241019,-7.822243951151279,-2.6161721910401923,-17.82224395115128,M0,M0,False,292.6518771872183,,,,,
NWS000636,NW016_NULL_N030_A2,NWP_A2_S35_NULL,NWB_A2_S35,NULL_FLARE_RED_NOISE,30,580.0,2.0,,,35,0,VALID,-86.16339190840405,-78.59118656627206,-81.06822099916856,-7.572205342131994,-2.4770344328965024,-17.572205342131994,M0,M0,False,57.015338868599,,,,,
NWS000637,NW016_NULL_N030_A2,NWP_A2_S36_NULL,NWB_A2_S36,NULL_FLARE_RED_NOISE,30,580.0,2.0,,,36,0,VALID,-86.53579138902845,-78.75397651606411,-81.39879680228653,-7.781814872964333,-2.644820286222412,-17.781814872964333,M0,M0,False,283.77459358018854,,,,,
NWS000638,NW016_NULL_N030_A2,NWP_A2_S37_NULL,NWB_A2_S37,NULL_FLARE_RED_NOISE,30,580.0,2.0,,,37,0,VALID,-85.3271902289928,-77.7990691262535,-80.28760230927142,-7.528121102739306,-2.488533183017921,-17.528121102739306,M0,M0,False,299.9999830084083,,,,,
NWS000639,NW016_NULL_N030_A2,NWP_A2_S38_NULL,NWB_A2_S38,NULL_FLARE_RED_NOISE,30,580.0,2.0,,,38,0,VALID,-86.94985772381548,-79.14948081286944,-81.76874994151825,-7.800376910946042,-2.61926912864881,-17.800376910946042,M0,M0,False,299.99999999999994,,,,,
NWS000640,NW016_NULL_N030_A2,NWP_A2_S39_NULL,NWB_A2_S39,NULL_FLARE_RED_NOISE,30,580.0,2.0,,,39,0,VALID,-87.6263354006256,-79.85179688160434,-82.44528731523513,-7.774538519021263,-2.593490433630791,-17.774538519021263,M0,M0,False,298.2147797806563,,,,,
NWS000641,NW017_QPP_N030_P050_A2_Q040,NWP_A2_S00_P050,NWB_A2_S00,STATIONARY_QPP_PRESENT,30,580.0,2.0,50.0,0.04,0,0,VALID,-84.00237448843116,-78.12044599076629,-78.93240741417067,-5.881928497664873,-0.8119614234043837,-15.881928497664873,M0,M0,False,45.944916307897486,formal_m1_center_not_selected,-4.055083692102514,4.055083692102514,-0.08110167384205028,0.08110167384205028
NWS000642,NW017_QPP_N030_P050_A2_Q040,NWP_A2_S01_P050,NWB_A2_S01,STATIONARY_QPP_PRESENT,30,580.0,2.0,50.0,0.04,1,0,VALID,-81.56815989823494,-76.15532664431306,-76.65499854593554,-5.412833253921875,-0.4996719016224773,-15.412833253921875,M0,M0,False,46.148786772953954,formal_m1_center_not_selected,-3.8512132270460455,3.8512132270460455,-0.07702426454092091,0.07702426454092091
NWS000643,NW017_QPP_N030_P050_A2_Q040,NWP_A2_S02_P050,NWB_A2_S02,STATIONARY_QPP_PRESENT,30,580.0,2.0,50.0,0.04,2,0,VALID,-86.12299708352745,-79.93560821687466,-81.18575204722855,-6.187388866652796,-1.2501438303538919,-16.187388866652796,M0,M0,False,45.44751169697377,formal_m1_center_not_selected,-4.55248830302623,4.55248830302623,-0.0910497660605246,0.0910497660605246
NWS000644,NW017_QPP_N030_P050_A2_Q040,NWP_A2_S03_P050,NWB_A2_S03,STATIONARY_QPP_PRESENT,30,580.0,2.0,50.0,0.04,3,0,VALID,-82.12283132968558,-76.4401082727588,-77.07526525319166,-5.6827230569267755,-0.6351569804328534,-15.682723056926775,M0,M0,False,52.07192297735128,formal_m1_center_not_selected,2.071922977351278,2.071922977351278,0.04143845954702556,0.04143845954702556
NWS000645,NW017_QPP_N030_P050_A2_Q040,NWP_A2_S04_P050,NWB_A2_S04,STATIONARY_QPP_PRESENT,30,580.0,2.0,50.0,0.04,4,0,VALID,-81.04763100004297,-75.46926052560612,-76.11098284045174,-5.578370474436852,-0.641722314845623,-15.578370474436852,M0,M0,False,47.28571419582433,formal_m1_center_not_selected,-2.714285804175667,2.714285804175667,-0.05428571608351333,0.05428571608351333
NWS000646,NW017_QPP_N030_P050_A2_Q040,NWP_A2_S05_P050,NWB_A2_S05,STATIONARY_QPP_PRESENT,30,580.0,2.0,50.0,0.04,5,0,VALID,-84.28655501071762,-80.9004973179884,-79.4320087976334,-3.3860576927292243,1.4684885203549953,-13.386057692729224,M0,M0,False,54.33372966181975,formal_m1_center_not_selected,4.333729661819753,4.333729661819753,0.08667459323639505,0.08667459323639505
NWS000647,NW017_QPP_N030_P050_A2_Q040,NWP_A2_S06_P050,NWB_A2_S06,STATIONARY_QPP_PRESENT,30,580.0,2.0,50.0,0.04,6,0,VALID,-80.74835255282503,-75.10847248630894,-75.98065039096063,-5.639880066516085,-0.8721779046516929,-15.639880066516085,M0,M0,False,47.768339822491704,formal_m1_center_not_selected,-2.231660177508296,2.231660177508296,-0.044633203550165916,0.044633203550165916
NWS000648,NW017_QPP_N030_P050_A2_Q040,NWP_A2_S07_P050,NWB_A2_S07,STATIONARY_QPP_PRESENT,30,580.0,2.0,50.0,0.04,7,0,VALID,-85.91802758028774,-80.61571868859208,-81.14513974245787,-5.3023088916956596,-0.5294210538657893,-15.30230889169566,M0,M0,False,54.245375967364126,formal_m1_center_not_selected,4.245375967364126,4.245375967364126,0.08490751934728252,0.08490751934728252
NWS000649,NW017_QPP_N030_P050_A2_Q040,NWP_A2_S08_P050,NWB_A2_S08,STATIONARY_QPP_PRESENT,30,580.0,2.0,50.0,0.04,8,0,VALID,-82.92584248166975,-75.78394713376885,-77.82951376299789,-7.141895347900899,-2.045566629229043,-17.1418953479009,M0,M0,False,56.97836527917444,formal_m1_center_not_selected,6.97836527917444,6.97836527917444,0.13956730558348882,0.13956730558348882
NWS000650,NW017_QPP_N030_P050_A2_Q040,NWP_A2_S09_P050,NWB_A2_S09,STATIONARY_QPP_PRESENT,30,580.0,2.0,50.0,0.04,9,0,VALID,-81.64042993255856,-75.91705489302224,-76.68834238494155,-5.723375039536322,-0.7712874919193098,-15.723375039536322,M0,M0,False,50.444260771158035,formal_m1_center_not_selected,0.4442607711580351,0.4442607711580351,0.008885215423160701,0.008885215423160701
NWS000651,NW017_QPP_N030_P050_A2_Q040,NWP_A2_S10_P050,NWB_A2_S10,STATIONARY_QPP_PRESENT,30,580.0,2.0,50.0,0.04,10,0,VALID,-79.04666869318521,-73.1633354269509,-74.21230239628207,-5.883333266234317,-1.0489669693311754,-15.883333266234317,M0,M0,False,47.089426598127446,formal_m1_center_not_selected,-2.910573401872554,2.910573401872554,-0.058211468037451086,0.058211468037451086
NWS000652,NW017_QPP_N030_P050_A2_Q040,NWP_A2_S11_P050,NWB_A2_S11,STATIONARY_QPP_PRESENT,30,580.0,2.0,50.0,0.04,11,0,VALID,-84.38522877248585,-78.42715026556982,-79.34664303643976,-5.958078506916024,-0.9194927708699367,-15.958078506916024,M0,M0,False,44.82388602274023,formal_m1_center_not_selected,-5.176113977259767,5.176113977259767,-0.10352227954519534,0.10352227954519534
NWS000653,NW017_QPP_N030_P050_A2_Q040,NWP_A2_S12_P050,NWB_A2_S12,STATIONARY_QPP_PRESENT,30,580.0,2.0,50.0,0.04,12,0,VALID,-79.66728203589693,-74.1305880164224,-74.84521165054979,-5.536694019474538,-0.7146236341273919,-15.536694019474538,M0,M0,False,48.43437701610733,formal_m1_center_not_selected,-1.5656229838926734,1.5656229838926734,-0.03131245967785347,0.03131245967785347
NWS000654,NW017_QPP_N030_P050_A2_Q040,NWP_A2_S13_P050,NWB_A2_S13,STATIONARY_QPP_PRESENT,30,580.0,2.0,50.0,0.04,13,0,VALID,-84.10349071770065,-77.93289773500642,-79.14259322809323,-6.170592982694231,-1.2096954930868122,-16.17059298269423,M0,M0,False,49.86557966965792,formal_m1_center_not_selected,-0.13442033034208123,0.13442033034208123,-0.0026884066068416246,0.0026884066068416246
NWS000655,NW017_QPP_N030_P050_A2_Q040,NWP_A2_S14_P050,NWB_A2_S14,STATIONARY_QPP_PRESENT,30,580.0,2.0,50.0,0.04,14,0,VALID,-85.13047108402606,-78.78801298999161,-80.2988636269909,-6.342458094034441,-1.5108506369992796,-16.34245809403444,M0,M0,False,55.52077181755372,formal_m1_center_not_selected,5.520771817553722,5.520771817553722,0.11041543635107445,0.11041543635107445
NWS000656,NW017_QPP_N030_P050_A2_Q040,NWP_A2_S15_P050,NWB_A2_S15,STATIONARY_QPP_PRESENT,30,580.0,2.0,50.0,0.04,15,0,VALID,-79.37259891705612,-73.53132847340214,-74.29341841851637,-5.841270443653983,-0.7620899451142265,-15.841270443653983,M0,M0,False,52.199194496207014,formal_m1_center_not_selected,2.1991944962070136,2.1991944962070136,0.04398388992414027,0.04398388992414027
NWS000657,NW017_QPP_N030_P050_A2_Q040,NWP_A2_S16_P050,NWB_A2_S16,STATIONARY_QPP_PRESENT,30,580.0,2.0,50.0,0.04,16,0,VALID,-81.58688439802404,-76.41818708171147,-76.71263263815581,-5.168697316312574,-0.29444555644434445,-15.168697316312574,M0,M0,False,49.918994549206026,formal_m1_center_not_selected,-0.08100545079397392,0.08100545079397392,-0.0016201090158794785,0.0016201090158794785
NWS000658,NW017_QPP_N030_P050_A2_Q040,NWP_A2_S17_P050,NWB_A2_S17,STATIONARY_QPP_PRESENT,30,580.0,2.0,50.0,0.04,17,0,VALID,-81.55004207785025,-76.25847316676895,-76.6428149191848,-5.291568911081299,-0.38434175241584967,-15.2915689110813,M0,M0,False,47.54838341855657,formal_m1_center_not_selected,-2.4516165814434316,2.4516165814434316,-0.049032331628868636,0.049032331628868636
NWS000659,NW017_QPP_N030_P050_A2_Q040,NWP_A2_S18_P050,NWB_A2_S18,STATIONARY_QPP_PRESENT,30,580.0,2.0,50.0,0.04,18,0,VALID,-79.62804377143891,-75.88167547834391,-74.67438037808274,-3.746368293095003,1.2072951002611632,-13.746368293095003,M0,M0,False,54.012157708383825,formal_m1_center_not_selected,4.012157708383825,4.012157708383825,0.0802431541676765,0.0802431541676765
NWS000660,NW017_QPP_N030_P050_A2_Q040,NWP_A2_S19_P050,NWB_A2_S19,STATIONARY_QPP_PRESENT,30,580.0,2.0,50.0,0.04,19,0,VALID,-80.8722783746275,-75.24190551269953,-76.0881975440329,-5.630372861927967,-0.8462920313333626,-15.630372861927967,M0,M0,False,49.50386753157277,formal_m1_center_not_selected,-0.496132468427227,0.496132468427227,-0.00992264936854454,0.00992264936854454
NWS000661,NW017_QPP_N030_P050_A2_Q040,NWP_A2_S20_P050,NWB_A2_S20,STATIONARY_QPP_PRESENT,30,580.0,2.0,50.0,0.04,20,0,VALID,-84.0177448742219,-78.81094612308286,-79.13038010206738,-5.206798751139047,-0.3194339789845202,-15.206798751139047,M0,M0,False,46.24253174199311,formal_m1_center_not_selected,-3.757468258006888,3.757468258006888,-0.07514936516013776,0.07514936516013776
NWS000662,NW017_QPP_N030_P050_A2_Q040,NWP_A2_S21_P050,NWB_A2_S21,STATIONARY_QPP_PRESENT,30,580.0,2.0,50.0,0.04,21,0,VALID,-84.0267897175481,-78.79862727751795,-79.25098949620134,-5.228162440030147,-0.45236221868339044,-15.228162440030147,M0,M0,False,55.31598920006828,formal_m1_center_not_selected,5.31598920006828,5.31598920006828,0.1063197840013656,0.1063197840013656
NWS000663,NW017_QPP_N030_P050_A2_Q040,NWP_A2_S22_P050,NWB_A2_S22,STATIONARY_QPP_PRESENT,30,580.0,2.0,50.0,0.04,22,0,VALID,-84.83932746036976,-80.74903935679639,-80.20285043367421,-4.090288103573371,0.5461889231221733,-14.090288103573371,M0,M0,False,53.903212396870636,formal_m1_center_not_selected,3.903212396870636,3.903212396870636,0.07806424793741272,0.07806424793741272
NWS000664,NW017_QPP_N030_P050_A2_Q040,NWP_A2_S23_P050,NWB_A2_S23,STATIONARY_QPP_PRESENT,30,580.0,2.0,50.0,0.04,23,0,VALID,-80.34168160321482,-75.07793883327767,-75.41896870549107,-5.263742769937153,-0.3410298722133973,-15.263742769937153,M0,M0,False,47.11351169143519,formal_m1_center_not_selected,-2.8864883085648074,2.8864883085648074,-0.057729766171296146,0.057729766171296146
NWS000665,NW017_QPP_N030_P050_A2_Q040,NWP_A2_S24_P050,NWB_A2_S24,STATIONARY_QPP_PRESENT,30,580.0,2.0,50.0,0.04,24,0,VALID,-80.87770472753377,-75.6167826378585,-75.84167316291055,-5.260922089675262,-0.22489052505204654,-15.260922089675262,M0,M0,False,51.727127848227084,formal_m1_center_not_selected,1.7271278482270844,1.7271278482270844,0.03454255696454169,0.03454255696454169
NWS000666,NW017_QPP_N030_P050_A2_Q040,NWP_A2_S25_P050,NWB_A2_S25,STATIONARY_QPP_PRESENT,30,580.0,2.0,50.0,0.04,25,0,VALID,-82.36460429797432,-76.3375989978523,-77.52634260084538,-6.027005300122028,-1.1887436029930853,-16.027005300122028,M0,M0,False,48.49810978663019,formal_m1_center_not_selected,-1.501890213369812,1.501890213369812,-0.03003780426739624,0.03003780426739624
NWS000667,NW017_QPP_N030_P050_A2_Q040,NWP_A2_S26_P050,NWB_A2_S26,STATIONARY_QPP_PRESENT,30,580.0,2.0,50.0,0.04,26,0,VALID,-84.89673842198695,-79.2703910722086,-80.01704184079736,-5.6263473497783565,-0.7466507685887649,-15.626347349778356,M0,M0,False,46.424361304461186,formal_m1_center_not_selected,-3.5756386955388137,3.5756386955388137,-0.07151277391077628,0.07151277391077628
NWS000668,NW017_QPP_N030_P050_A2_Q040,NWP_A2_S27_P050,NWB_A2_S27,STATIONARY_QPP_PRESENT,30,580.0,2.0,50.0,0.04,27,0,VALID,-85.00029085439553,-79.41821458148331,-80.13711686451323,-5.582076272912218,-0.7189022830299194,-15.582076272912218,M0,M0,False,46.79805199516073,formal_m1_center_not_selected,-3.2019480048392666,3.2019480048392666,-0.06403896009678534,0.06403896009678534
NWS000669,NW017_QPP_N030_P050_A2_Q040,NWP_A2_S28_P050,NWB_A2_S28,STATIONARY_QPP_PRESENT,30,580.0,2.0,50.0,0.04,28,0,VALID,-82.2214664301662,-76.96715529645415,-77.26511260644995,-5.254311133712051,-0.2979573099957946,-15.25431113371205,M0,M0,False,51.65116941557673,formal_m1_center_not_selected,1.6511694155767316,1.6511694155767316,0.03302338831153463,0.03302338831153463
NWS000670,NW017_QPP_N030_P050_A2_Q040,NWP_A2_S29_P050,NWB_A2_S29,STATIONARY_QPP_PRESENT,30,580.0,2.0,50.0,0.04,29,0,VALID,-85.63149093258166,-82.60433778862048,-81.10965804009928,-3.027153143961172,1.4946797485212073,-13.027153143961172,M0,M0,False,54.37756227633083,formal_m1_center_not_selected,4.377562276330828,4.377562276330828,0.08755124552661656,0.08755124552661656
NWS000671,NW017_QPP_N030_P050_A2_Q040,NWP_A2_S30_P050,NWB_A2_S30,STATIONARY_QPP_PRESENT,30,580.0,2.0,50.0,0.04,30,0,VALID,-80.97016811627324,-76.66338921273757,-76.09024370057216,-4.3067789035356725,0.5731455121654108,-14.306778903535672,M0,M0,False,53.354416405575115,formal_m1_center_not_selected,3.3544164055751153,3.3544164055751153,0.06708832811150231,0.06708832811150231
NWS000672,NW017_QPP_N030_P050_A2_Q040,NWP_A2_S31_P050,NWB_A2_S31,STATIONARY_QPP_PRESENT,30,580.0,2.0,50.0,0.04,31,0,VALID,-86.53277485903135,-79.77378554671711,-81.54523807128777,-6.758989312314242,-1.7714525245706625,-16.75898931231424,M0,M0,False,56.862830133074254,formal_m1_center_not_selected,6.8628301330742545,6.8628301330742545,0.1372566026614851,0.1372566026614851
NWS000673,NW017_QPP_N030_P050_A2_Q040,NWP_A2_S32_P050,NWB_A2_S32,STATIONARY_QPP_PRESENT,30,580.0,2.0,50.0,0.04,32,0,VALID,-85.35713951856702,-78.2266316778526,-80.2704521889525,-7.130507840714429,-2.0438205110999093,-17.13050784071443,M0,M0,False,57.43666833421238,formal_m1_center_not_selected,7.436668334212378,7.436668334212378,0.14873336668424755,0.14873336668424755
NWS000674,NW017_QPP_N030_P050_A2_Q040,NWP_A2_S33_P050,NWB_A2_S33,STATIONARY_QPP_PRESENT,30,580.0,2.0,50.0,0.04,33,0,VALID,-83.66281508379794,-77.83820188277541,-78.67920277943783,-5.8246132010225296,-0.8410008966624218,-15.82461320102253,M0,M0,False,44.952728818456244,formal_m1_center_not_selected,-5.047271181543756,5.047271181543756,-0.10094542363087512,0.10094542363087512
NWS000675,NW017_QPP_N030_P050_A2_Q040,NWP_A2_S34_P050,NWB_A2_S34,STATIONARY_QPP_PRESENT,30,580.0,2.0,50.0,0.04,34,0,VALID,-85.80562927977954,-78.38953330716775,-80.62159988291627,-7.416095972611785,-2.2320665757485187,-17.416095972611785,M0,M0,False,43.47953376756476,formal_m1_center_not_selected,-6.52046623243524,6.52046623243524,-0.1304093246487048,0.1304093246487048
NWS000676,NW017_QPP_N030_P050_A2_Q040,NWP_A2_S35_P050,NWB_A2_S35,STATIONARY_QPP_PRESENT,30,580.0,2.0,50.0,0.04,35,0,VALID,-80.83394323866706,-76.30723119947874,-75.90888757845529,-4.526712039188325,0.398343621023443,-14.526712039188325,M0,M0,False,53.86378027437077,formal_m1_center_not_selected,3.863780274370768,3.863780274370768,0.07727560548741536,0.07727560548741536
NWS000677,NW017_QPP_N030_P050_A2_Q040,NWP_A2_S36_P050,NWB_A2_S36,STATIONARY_QPP_PRESENT,30,580.0,2.0,50.0,0.04,36,0,VALID,-83.68082165177915,-78.52876805658589,-78.93469418221567,-5.152053595193266,-0.4059261256297759,-15.152053595193266,M0,M0,False,55.337198926605275,formal_m1_center_not_selected,5.337198926605275,5.337198926605275,0.1067439785321055,0.1067439785321055
NWS000678,NW017_QPP_N030_P050_A2_Q040,NWP_A2_S37_P050,NWB_A2_S37,STATIONARY_QPP_PRESENT,30,580.0,2.0,50.0,0.04,37,0,VALID,-85.12581472574489,-79.02494868430449,-80.12715830183362,-6.100866041440398,-1.1022096175291267,-16.100866041440398,M0,M0,False,43.86918778316106,formal_m1_center_not_selected,-6.13081221683894,6.13081221683894,-0.12261624433677881,0.12261624433677881
NWS000679,NW017_QPP_N030_P050_A2_Q040,NWP_A2_S38_P050,NWB_A2_S38,STATIONARY_QPP_PRESENT,30,580.0,2.0,50.0,0.04,38,0,VALID,-85.75580673492419,-78.74904066190747,-80.68045948467554,-7.0067660730167205,-1.931418822768066,-17.00676607301672,M0,M0,False,59.38366478932826,formal_m1_center_not_selected,9.383664789328257,9.383664789328257,0.18767329578656514,0.18767329578656514
NWS000680,NW017_QPP_N030_P050_A2_Q040,NWP_A2_S39_P050,NWB_A2_S39,STATIONARY_QPP_PRESENT,30,580.0,2.0,50.0,0.04,39,0,VALID,-85.17560510046944,-79.22654740379656,-80.39741157305157,-5.949057696672881,-1.1708641692550117,-15.949057696672881,M0,M0,False,56.7054269512228,formal_m1_center_not_selected,6.7054269512227975,6.7054269512227975,0.13410853902445596,0.13410853902445596
NWS000681,NW018_QPP_N030_P080_A2_Q040,NWP_A2_S00_P080,NWB_A2_S00,STATIONARY_QPP_PRESENT,30,580.0,2.0,80.0,0.04,0,0,VALID,-86.37497504063552,-78.7131509311655,-81.41751088558716,-7.661824109470018,-2.704359954421662,-17.661824109470018,M0,M0,False,63.62792127791017,formal_m1_center_not_selected,-16.37207872208983,16.37207872208983,-0.2046509840261229,0.2046509840261229
NWS000682,NW018_QPP_N030_P080_A2_Q040,NWP_A2_S01_P080,NWB_A2_S01,STATIONARY_QPP_PRESENT,30,580.0,2.0,80.0,0.04,1,0,VALID,-83.36024848100338,-75.8596817094094,-78.50275939592491,-7.500566771593981,-2.643077686515511,-17.50056677159398,M0,M0,False,57.712026118970684,formal_m1_center_not_selected,-22.287973881029316,22.287973881029316,-0.27859967351286646,0.27859967351286646
NWS000683,NW018_QPP_N030_P080_A2_Q040,NWP_A2_S02_P080,NWB_A2_S02,STATIONARY_QPP_PRESENT,30,580.0,2.0,80.0,0.04,2,0,VALID,-88.4729812211838,-80.98600128089744,-83.69398985443421,-7.486979940286361,-2.707988573536767,-17.48697994028636,M0,M0,False,55.25102266079471,formal_m1_center_not_selected,-24.74897733920529,24.74897733920529,-0.30936221674006614,0.30936221674006614
NWS000684,NW018_QPP_N030_P080_A2_Q040,NWP_A2_S03_P080,NWB_A2_S03,STATIONARY_QPP_PRESENT,30,580.0,2.0,80.0,0.04,3,0,VALID,-84.0500451658658,-77.80138695339173,-79.07601434014413,-6.248658212474069,-1.2746273867523996,-16.24865821247407,M0,M0,False,82.18298424901919,formal_m1_center_not_selected,2.182984249019185,2.182984249019185,0.027287303112739813,0.027287303112739813
NWS000685,NW018_QPP_N030_P080_A2_Q040,NWP_A2_S04_P080,NWB_A2_S04,STATIONARY_QPP_PRESENT,30,580.0,2.0,80.0,0.04,4,0,VALID,-81.93941293641015,-75.27493665197385,-77.15746348494619,-6.664476284436304,-1.8825268329723457,-16.664476284436304,M0,M0,False,71.59812543329097,formal_m1_center_not_selected,-8.401874566709026,8.401874566709026,-0.10502343208386282,0.10502343208386282
NWS000686,NW018_QPP_N030_P080_A2_Q040,NWP_A2_S05_P080,NWB_A2_S05,STATIONARY_QPP_PRESENT,30,580.0,2.0,80.0,0.04,5,0,VALID,-87.82175375297162,-81.31482419254749,-82.66534453671137,-6.506929560424126,-1.3505203441638827,-16.506929560424126,M0,M0,False,85.79121423599453,formal_m1_center_not_selected,5.791214235994531,5.791214235994531,0.07239017794993163,0.07239017794993163
NWS000687,NW018_QPP_N030_P080_A2_Q040,NWP_A2_S06_P080,NWB_A2_S06,STATIONARY_QPP_PRESENT,30,580.0,2.0,80.0,0.04,6,0,VALID,-81.64367899694327,-75.00395279245572,-76.87104740828588,-6.639726204487545,-1.8670946158301547,-16.639726204487545,M0,M0,False,71.9556241488536,formal_m1_center_not_selected,-8.044375851146398,8.044375851146398,-0.10055469813932998,0.10055469813932998
NWS000688,NW018_QPP_N030_P080_A2_Q040,NWP_A2_S07_P080,NWB_A2_S07,STATIONARY_QPP_PRESENT,30,580.0,2.0,80.0,0.04,7,0,VALID,-90.16397524612164,-83.21669654292994,-85.44893296944603,-6.947278703191699,-2.2322364265160957,-16.9472787031917,M0,M0,False,90.84253120358137,formal_m1_center_not_selected,10.842531203581373,10.842531203581373,0.13553164004476717,0.13553164004476717
NWS000689,NW018_QPP_N030_P080_A2_Q040,NWP_A2_S08_P080,NWB_A2_S08,STATIONARY_QPP_PRESENT,30,580.0,2.0,80.0,0.04,8,0,VALID,-85.1168091744148,-78.07166156704528,-80.6948045706769,-7.045147607369515,-2.6231430036316112,-17.045147607369515,M0,M0,False,93.17518567289926,formal_m1_center_not_selected,13.17518567289926,13.17518567289926,0.16468982091124076,0.16468982091124076
NWS000690,NW018_QPP_N030_P080_A2_Q040,NWP_A2_S09_P080,NWB_A2_S09,STATIONARY_QPP_PRESENT,30,580.0,2.0,80.0,0.04,9,0,VALID,-82.7622883643801,-76.52972231546529,-77.92012153110414,-6.232566048914805,-1.3903992156388512,-16.232566048914805,M0,M0,False,77.79450003723787,formal_m1_center_not_selected,-2.205499962762133,2.205499962762133,-0.02756874953452666,0.02756874953452666
NWS000691,NW018_QPP_N030_P080_A2_Q040,NWP_A2_S10_P080,NWB_A2_S10,STATIONARY_QPP_PRESENT,30,580.0,2.0,80.0,0.04,10,0,VALID,-80.09100154034286,-73.38202028358467,-75.35308301392008,-6.708981256758193,-1.9710627303354187,-16.708981256758193,M0,M0,False,67.60488438011451,formal_m1_center_not_selected,-12.395115619885487,12.395115619885487,-0.1549389452485686,0.1549389452485686
NWS000692,NW018_QPP_N030_P080_A2_Q040,NWP_A2_S11_P080,NWB_A2_S11,STATIONARY_QPP_PRESENT,30,580.0,2.0,80.0,0.04,11,0,VALID,-84.8726526358504,-77.42313350018921,-80.01519852140085,-7.449519135661191,-2.5920650212116385,-17.44951913566119,M0,M0,False,55.1968401008055,formal_m1_center_not_selected,-24.803159899194497,24.803159899194497,-0.3100394987399312,0.3100394987399312
NWS000693,NW018_QPP_N030_P080_A2_Q040,NWP_A2_S12_P080,NWB_A2_S12,STATIONARY_QPP_PRESENT,30,580.0,2.0,80.0,0.04,12,0,VALID,-80.87922278782445,-74.48766949966675,-76.21081993820557,-6.391553288157695,-1.7231504385388234,-16.391553288157695,M0,M0,False,71.20711645313848,formal_m1_center_not_selected,-8.792883546861518,8.792883546861518,-0.10991104433576897,0.10991104433576897
NWS000694,NW018_QPP_N030_P080_A2_Q040,NWP_A2_S13_P080,NWB_A2_S13,STATIONARY_QPP_PRESENT,30,580.0,2.0,80.0,0.04,13,0,VALID,-84.86460482869938,-78.63643519631188,-80.20887269360065,-6.228169632387505,-1.5724374972887745,-16.228169632387505,M0,M0,False,76.2894872773489,formal_m1_center_not_selected,-3.710512722651103,3.710512722651103,-0.04638140903313879,0.04638140903313879
NWS000695,NW018_QPP_N030_P080_A2_Q040,NWP_A2_S14_P080,NWB_A2_S14,STATIONARY_QPP_PRESENT,30,580.0,2.0,80.0,0.04,14,0,VALID,-88.16367845171995,-81.27056148161975,-83.71842372685697,-6.893116970100195,-2.447862245237218,-16.893116970100195,M0,M0,False,92.46190891780564,formal_m1_center_not_selected,12.461908917805644,12.461908917805644,0.15577386147257055,0.15577386147257055
NWS000696,NW018_QPP_N030_P080_A2_Q040,NWP_A2_S15_P080,NWB_A2_S15,STATIONARY_QPP_PRESENT,30,580.0,2.0,80.0,0.04,15,0,VALID,-81.20244951804077,-74.3994928691129,-76.10560648694069,-6.802956648927861,-1.706113617827782,-16.80295664892786,M0,M0,False,82.46016920692938,formal_m1_center_not_selected,2.460169206929379,2.460169206929379,0.030752115086617238,0.030752115086617238
NWS000697,NW018_QPP_N030_P080_A2_Q040,NWP_A2_S16_P080,NWB_A2_S16,STATIONARY_QPP_PRESENT,30,580.0,2.0,80.0,0.04,16,0,VALID,-82.50279540549805,-76.52670851936071,-77.8149372744849,-5.976086886137338,-1.2882287551241944,-15.976086886137338,M0,M0,False,74.91709190801473,formal_m1_center_not_selected,-5.082908091985274,5.082908091985274,-0.06353635114981593,0.06353635114981593
NWS000698,NW018_QPP_N030_P080_A2_Q040,NWP_A2_S17_P080,NWB_A2_S17,STATIONARY_QPP_PRESENT,30,580.0,2.0,80.0,0.04,17,0,VALID,-82.39735734937207,-76.19219788974365,-77.54134819570582,-6.205159459628419,-1.3491503059621692,-16.20515945962842,M0,M0,False,72.33333501705991,formal_m1_center_not_selected,-7.666664982940091,7.666664982940091,-0.09583331228675114,0.09583331228675114
NWS000699,NW018_QPP_N030_P080_A2_Q040,NWP_A2_S18_P080,NWB_A2_S18,STATIONARY_QPP_PRESENT,30,580.0,2.0,80.0,0.04,18,0,VALID,-82.8848872533471,-75.9571046555072,-77.71153648330261,-6.927782597839908,-1.7544318277954147,-16.927782597839908,M0,M0,False,80.54108428759633,formal_m1_center_not_selected,0.541084287596334,0.541084287596334,0.006763553594954175,0.006763553594954175
NWS000700,NW018_QPP_N030_P080_A2_Q040,NWP_A2_S19_P080,NWB_A2_S19,STATIONARY_QPP_PRESENT,30,580.0,2.0,80.0,0.04,19,0,VALID,-82.48747560064214,-75.71574255932363,-77.72186800283055,-6.771733041318512,-2.0061254435069173,-16.771733041318512,M0,M0,False,72.56908119583004,formal_m1_center_not_selected,-7.430918804169963,7.430918804169963,-0.09288648505212453,0.09288648505212453
NWS000701,NW018_QPP_N030_P080_A2_Q040,NWP_A2_S20_P080,NWB_A2_S20,STATIONARY_QPP_PRESENT,30,580.0,2.0,80.0,0.04,20,0,VALID,-85.53597107327434,-78.10897279420774,-80.68984122920915,-7.426998279066595,-2.580868435001406,-17.426998279066595,M0,M0,False,65.54170178421549,formal_m1_center_not_selected,-14.45829821578451,14.45829821578451,-0.18072872769730636,0.18072872769730636
NWS000702,NW018_QPP_N030_P080_A2_Q040,NWP_A2_S21_P080,NWB_A2_S21,STATIONARY_QPP_PRESENT,30,580.0,2.0,80.0,0.04,21,0,VALID,-86.24258663949158,-79.49057186166614,-81.59835845470191,-6.752014777825437,-2.107786593035769,-16.752014777825437,M0,M0,False,88.62959079845618,formal_m1_center_not_selected,8.629590798456178,8.629590798456178,0.10786988498070223,0.10786988498070223
NWS000703,NW018_QPP_N030_P080_A2_Q040,NWP_A2_S22_P080,NWB_A2_S22,STATIONARY_QPP_PRESENT,30,580.0,2.0,80.0,0.04,22,0,VALID,-86.77241355282955,-80.14540142923144,-82.13961109245703,-6.6270121235981065,-1.9942096632255897,-16.627012123598107,M0,M0,False,88.33405310955473,formal_m1_center_not_selected,8.33405310955473,8.33405310955473,0.10417566386943414,0.10417566386943414
NWS000704,NW018_QPP_N030_P080_A2_Q040,NWP_A2_S23_P080,NWB_A2_S23,STATIONARY_QPP_PRESENT,30,580.0,2.0,80.0,0.04,23,0,VALID,-81.34800482648679,-75.05827241309461,-76.59878098485983,-6.289732413392173,-1.5405085717652156,-16.289732413392173,M0,M0,False,69.98728504818669,formal_m1_center_not_selected,-10.012714951813308,10.012714951813308,-0.12515893689766636,0.12515893689766636
NWS000705,NW018_QPP_N030_P080_A2_Q040,NWP_A2_S24_P080,NWB_A2_S24,STATIONARY_QPP_PRESENT,30,580.0,2.0,80.0,0.04,24,0,VALID,-83.19005386191057,-76.66567404426736,-78.12848826382927,-6.524379817643208,-1.4628142195619063,-16.524379817643208,M0,M0,False,80.98296713191964,formal_m1_center_not_selected,0.9829671319196365,0.9829671319196365,0.012287089148995456,0.012287089148995456
NWS000706,NW018_QPP_N030_P080_A2_Q040,NWP_A2_S25_P080,NWB_A2_S25,STATIONARY_QPP_PRESENT,30,580.0,2.0,80.0,0.04,25,0,VALID,-82.92081070818517,-76.55527679497351,-78.20194136092299,-6.365533913211664,-1.6466645659494787,-16.365533913211664,M0,M0,False,74.65765358460771,formal_m1_center_not_selected,-5.342346415392285,5.342346415392285,-0.06677933019240356,0.06677933019240356
NWS000707,NW018_QPP_N030_P080_A2_Q040,NWP_A2_S26_P080,NWB_A2_S26,STATIONARY_QPP_PRESENT,30,580.0,2.0,80.0,0.04,26,0,VALID,-85.61268061677185,-78.44619767743302,-80.78867564145824,-7.1664829393388345,-2.342477964025221,-17.166482939338835,M0,M0,False,62.59573457160324,formal_m1_center_not_selected,-17.404265428396762,17.404265428396762,-0.21755331785495952,0.21755331785495952
NWS000708,NW018_QPP_N030_P080_A2_Q040,NWP_A2_S27_P080,NWB_A2_S27,STATIONARY_QPP_PRESENT,30,580.0,2.0,80.0,0.04,27,0,VALID,-85.90361234265735,-78.99315462185606,-81.14534304424457,-6.91045772080129,-2.1521884223885053,-16.91045772080129,M0,M0,False,69.4254108871292,formal_m1_center_not_selected,-10.574589112870797,10.574589112870797,-0.13218236391088495,0.13218236391088495
NWS000709,NW018_QPP_N030_P080_A2_Q040,NWP_A2_S28_P080,NWB_A2_S28,STATIONARY_QPP_PRESENT,30,580.0,2.0,80.0,0.04,28,0,VALID,-84.66575158507321,-77.98587853139801,-79.7362470046039,-6.679873053675195,-1.7503684732058815,-16.679873053675195,M0,M0,False,79.54219855890136,formal_m1_center_not_selected,-0.4578014410986384,0.4578014410986384,-0.00572251801373298,0.00572251801373298
NWS000710,NW018_QPP_N030_P080_A2_Q040,NWP_A2_S29_P080,NWB_A2_S29,STATIONARY_QPP_PRESENT,30,580.0,2.0,80.0,0.04,29,0,VALID,-88.36005182460778,-82.02096519811779,-83.76371291490271,-6.339086626489987,-1.742747716784919,-16.339086626489987,M0,M0,False,85.64465543502307,formal_m1_center_not_selected,5.644655435023068,5.644655435023068,0.07055819293778835,0.07055819293778835
NWS000711,NW018_QPP_N030_P080_A2_Q040,NWP_A2_S30_P080,NWB_A2_S30,STATIONARY_QPP_PRESENT,30,580.0,2.0,80.0,0.04,30,0,VALID,-83.92296074815637,-77.42522582595805,-78.77675562457141,-6.497734922198319,-1.351529798613356,-16.49773492219832,M0,M0,False,80.39699333558606,formal_m1_center_not_selected,0.3969933355860604,0.3969933355860604,0.004962416694825755,0.004962416694825755
NWS000712,NW018_QPP_N030_P080_A2_Q040,NWP_A2_S31_P080,NWB_A2_S31,STATIONARY_QPP_PRESENT,30,580.0,2.0,80.0,0.04,31,0,VALID,-87.72130775560606,-80.7546396012255,-83.28683939007503,-6.966668154380557,-2.5321997888495247,-16.966668154380557,M0,M0,False,92.41515138438032,formal_m1_center_not_selected,12.415151384380323,12.415151384380323,0.15518939230475404,0.15518939230475404
NWS000713,NW018_QPP_N030_P080_A2_Q040,NWP_A2_S32_P080,NWB_A2_S32,STATIONARY_QPP_PRESENT,30,580.0,2.0,80.0,0.04,32,0,VALID,-87.07255143707555,-80.01181758607206,-82.12169210888986,-7.060733851003491,-2.1098745228178046,-17.06073385100349,M0,M0,False,92.9951564052417,formal_m1_center_not_selected,12.995156405241701,12.995156405241701,0.16243945506552127,0.16243945506552127
NWS000714,NW018_QPP_N030_P080_A2_Q040,NWP_A2_S33_P080,NWB_A2_S33,STATIONARY_QPP_PRESENT,30,580.0,2.0,80.0,0.04,33,0,VALID,-85.11330811484052,-77.54656153111203,-80.25110999863476,-7.566746583728488,-2.704548467522727,-17.566746583728488,M0,M0,False,54.8144889642531,formal_m1_center_not_selected,-25.1855110357469,25.1855110357469,-0.3148188879468362,0.3148188879468362
NWS000715,NW018_QPP_N030_P080_A2_Q040,NWP_A2_S34_P080,NWB_A2_S34,STATIONARY_QPP_PRESENT,30,580.0,2.0,80.0,0.04,34,0,VALID,-87.95697876878842,-80.40582143354929,-83.1227670572009,-7.551157335239125,-2.716945623651611,-17.551157335239125,M0,M0,False,50.299656301231124,formal_m1_center_not_selected,-29.700343698768876,29.700343698768876,-0.3712542962346109,0.3712542962346109
NWS000716,NW018_QPP_N030_P080_A2_Q040,NWP_A2_S35_P080,NWB_A2_S35,STATIONARY_QPP_PRESENT,30,580.0,2.0,80.0,0.04,35,0,VALID,-83.90818194122903,-77.12121420239454,-78.8423899529169,-6.786967738834491,-1.721175750522363,-16.78696773883449,M0,M0,False,81.22216498305998,formal_m1_center_not_selected,1.222164983059983,1.222164983059983,0.015277062288249788,0.015277062288249788
NWS000717,NW018_QPP_N030_P080_A2_Q040,NWP_A2_S36_P080,NWB_A2_S36,STATIONARY_QPP_PRESENT,30,580.0,2.0,80.0,0.04,36,0,VALID,-86.57735549750765,-79.56224875083429,-81.98686867684305,-7.015106746673368,-2.4246199260087593,-17.015106746673368,M0,M0,False,86.44487472286947,formal_m1_center_not_selected,6.444874722869471,6.444874722869471,0.08056093403586839,0.08056093403586839
NWS000718,NW018_QPP_N030_P080_A2_Q040,NWP_A2_S37_P080,NWB_A2_S37,STATIONARY_QPP_PRESENT,30,580.0,2.0,80.0,0.04,37,0,VALID,-85.76458678190976,-78.26680141631063,-80.88733545255899,-7.497785365599128,-2.6205340362483582,-17.49778536559913,M0,M0,False,50.11786059712984,formal_m1_center_not_selected,-29.88213940287016,29.88213940287016,-0.373526742535877,0.373526742535877
NWS000719,NW018_QPP_N030_P080_A2_Q040,NWP_A2_S38_P080,NWB_A2_S38,STATIONARY_QPP_PRESENT,30,580.0,2.0,80.0,0.04,38,0,VALID,-87.6619628092396,-80.36835876138657,-83.00188711818201,-7.293604047853023,-2.6335283567954377,-17.293604047853023,M0,M0,False,93.60989553077326,formal_m1_center_not_selected,13.609895530773258,13.609895530773258,0.17012369413466571,0.17012369413466571
NWS000720,NW018_QPP_N030_P080_A2_Q040,NWP_A2_S39_P080,NWB_A2_S39,STATIONARY_QPP_PRESENT,30,580.0,2.0,80.0,0.04,39,0,VALID,-87.55809066990864,-80.78528773292531,-83.07307789688784,-6.772802936983325,-2.2877901639625264,-16.772802936983325,M0,M0,False,91.36833785326114,formal_m1_center_not_selected,11.368337853261139,11.368337853261139,0.14210422316576424,0.14210422316576424
NWS000721,NW019_NULL_N045_A0,NWP_A0_S00_NULL,NWB_A0_S00,NULL_FLARE_RED_NOISE,45,880.0,0.0,,,0,0,VALID,-157.70613648264703,-151.35381326257044,-152.42901643159456,-6.352323220076585,-1.075203169024121,-16.352323220076585,M0,M0,False,89.85984588268029,,,,,
NWS000722,NW019_NULL_N045_A0,NWP_A0_S01_NULL,NWB_A0_S01,NULL_FLARE_RED_NOISE,45,880.0,0.0,,,1,0,VALID,-164.73068439564128,-158.08403465378092,-158.83783243243005,-6.646649741860358,-0.7537977786491297,-16.646649741860358,M0,M0,False,67.45133371689656,,,,,
NWS000723,NW019_NULL_N045_A0,NWP_A0_S02_NULL,NWB_A0_S02,NULL_FLARE_RED_NOISE,45,880.0,0.0,,,2,0,VALID,-168.57357262649586,-161.09041660508453,-163.39262845435542,-7.483156021411332,-2.30221184927089,-17.483156021411332,M0,M0,False,45.19581998539745,,,,,
NWS000724,NW019_NULL_N045_A0,NWP_A0_S03_NULL,NWB_A0_S03,NULL_FLARE_RED_NOISE,45,880.0,0.0,,,3,0,VALID,-159.17599502633954,-155.7441932426807,-154.25927408616838,-3.431801783658841,1.4849191565123192,-13.431801783658841,M0,M0,False,45.452629022021114,,,,,
NWS000725,NW019_NULL_N045_A0,NWP_A0_S04_NULL,NWB_A0_S04,NULL_FLARE_RED_NOISE,45,880.0,0.0,,,4,0,VALID,-144.00972203283396,-137.29248389280806,-138.06697095893117,-6.7172381400258985,-0.7744870661231005,-16.7172381400259,M0,M0,False,68.00531522142279,,,,,
NWS000726,NW019_NULL_N045_A0,NWP_A0_S05_NULL,NWB_A0_S05,NULL_FLARE_RED_NOISE,45,880.0,0.0,,,5,0,VALID,-169.74122907254744,-165.06754158932057,-165.98135210623667,-4.673687483226871,-0.9138105169161008,-14.673687483226871,M0,M0,False,123.22673838705461,,,,,
NWS000727,NW019_NULL_N045_A0,NWP_A0_S06_NULL,NWB_A0_S06,NULL_FLARE_RED_NOISE,45,880.0,0.0,,,6,0,VALID,-155.82055081781928,-148.99579829222108,-151.41419791678516,-6.8247525255982,-2.418399624564074,-16.8247525255982,M0,M0,False,44.23679142060227,,,,,
NWS000728,NW019_NULL_N045_A0,NWP_A0_S07_NULL,NWB_A0_S07,NULL_FLARE_RED_NOISE,45,880.0,0.0,,,7,0,VALID,-168.71864316567547,-161.6391151572156,-162.8341139144581,-7.079528008459874,-1.1949987572425016,-17.079528008459874,M0,M0,False,52.42342738068896,,,,,
NWS000729,NW019_NULL_N045_A0,NWP_A0_S08_NULL,NWB_A0_S08,NULL_FLARE_RED_NOISE,45,880.0,0.0,,,8,0,VALID,-164.0546061607825,-161.900899808548,-159.5504492424172,-2.153706352234508,2.350450566130803,-12.153706352234508,M0,M0,False,76.03023061025664,,,,,
NWS000730,NW019_NULL_N045_A0,NWP_A0_S09_NULL,NWB_A0_S09,NULL_FLARE_RED_NOISE,45,880.0,0.0,,,9,0,VALID,-156.74653074254593,-151.68648082805686,-151.6478712792691,-5.0600499144890705,0.03860954878774692,-15.06004991448907,M0,M0,False,64.83533344104885,,,,,
NWS000731,NW019_NULL_N045_A0,NWP_A0_S10_NULL,NWB_A0_S10,NULL_FLARE_RED_NOISE,45,880.0,0.0,,,10,0,VALID,-152.9661803302891,-145.8675897668988,-147.53107707607882,-7.098590563390303,-1.6634873091800273,-17.098590563390303,M0,M0,False,75.00266673859076,,,,,
NWS000732,NW019_NULL_N045_A0,NWP_A0_S11_NULL,NWB_A0_S11,NULL_FLARE_RED_NOISE,45,880.0,0.0,,,11,0,VALID,-158.05274296072457,-151.5691908752125,-152.35260875024318,-6.483552085512059,-0.7834178750306648,-16.48355208551206,M0,M0,False,76.89604900557606,,,,,
NWS000733,NW019_NULL_N045_A0,NWP_A0_S12_NULL,NWB_A0_S12,NULL_FLARE_RED_NOISE,45,880.0,0.0,,,12,0,VALID,-144.0596484624407,-137.13410737118653,-138.0128330848354,-6.925541091254161,-0.878725713648862,-16.92554109125416,M0,M0,False,45.21225167993535,,,,,
NWS000734,NW019_NULL_N045_A0,NWP_A0_S13_NULL,NWB_A0_S13,NULL_FLARE_RED_NOISE,45,880.0,0.0,,,13,0,VALID,-140.67961169402082,-135.62685699923054,-135.71211949078383,-5.052754694790281,-0.08526249155329424,-15.05275469479028,M0,M0,False,57.909328022789296,,,,,
NWS000735,NW019_NULL_N045_A0,NWP_A0_S14_NULL,NWB_A0_S14,NULL_FLARE_RED_NOISE,45,880.0,0.0,,,14,0,VALID,-164.49898365401413,-157.99355022893167,-158.65453797775228,-6.505433425082458,-0.6609877488206166,-16.505433425082458,M0,M0,False,46.99369038455739,,,,,
NWS000736,NW019_NULL_N045_A0,NWP_A0_S15_NULL,NWB_A0_S15,NULL_FLARE_RED_NOISE,45,880.0,0.0,,,15,0,VALID,-152.00333410210126,-145.13429008536815,-146.1954187829582,-6.869044016733113,-1.0611286975900498,-16.869044016733113,M0,M0,False,49.308481589230404,,,,,
NWS000737,NW019_NULL_N045_A0,NWP_A0_S16_NULL,NWB_A0_S16,NULL_FLARE_RED_NOISE,45,880.0,0.0,,,16,0,VALID,-163.62223416850821,-154.8571181943385,-157.7593045312937,-8.765115974169703,-2.9021863369551966,-18.765115974169703,M0,M0,False,62.653030837152265,,,,,
NWS000738,NW019_NULL_N045_A0,NWP_A0_S17_NULL,NWB_A0_S17,NULL_FLARE_RED_NOISE,45,880.0,0.0,,,17,0,VALID,-167.36306657223943,-159.29062559811712,-162.2065972415661,-8.072440974122316,-2.9159716434489837,-18.072440974122316,M0,M0,False,57.392276473456945,,,,,
NWS000739,NW019_NULL_N045_A0,NWP_A0_S18_NULL,NWB_A0_S18,NULL_FLARE_RED_NOISE,45,880.0,0.0,,,18,0,VALID,-157.49857357225684,-150.3621466783392,-151.85995097328782,-7.136426893917644,-1.4978042949486223,-17.136426893917644,M0,M0,False,78.41419773137342,,,,,
NWS000740,NW019_NULL_N045_A0,NWP_A0_S19_NULL,NWB_A0_S19,NULL_FLARE_RED_NOISE,45,880.0,0.0,,,19,0,VALID,-158.0537043191491,-151.34300139400182,-152.22460632856377,-6.710702925147274,-0.881604934561949,-16.710702925147274,M0,M0,False,40.0,,,,,
NWS000741,NW019_NULL_N045_A0,NWP_A0_S20_NULL,NWB_A0_S20,NULL_FLARE_RED_NOISE,45,880.0,0.0,,,20,0,VALID,-176.78021006995456,-169.63371062239366,-171.10540649164017,-7.146499447560899,-1.4716958692465028,-17.1464994475609,M0,M0,False,110.40003392366468,,,,,
NWS000742,NW019_NULL_N045_A0,NWP_A0_S21_NULL,NWB_A0_S21,NULL_FLARE_RED_NOISE,45,880.0,0.0,,,21,0,VALID,-146.92708196199493,-139.83693805284645,-142.13361635789022,-7.09014390914848,-2.29667830504377,-17.09014390914848,M0,M0,False,71.60416790385183,,,,,
NWS000743,NW019_NULL_N045_A0,NWP_A0_S22_NULL,NWB_A0_S22,NULL_FLARE_RED_NOISE,45,880.0,0.0,,,22,0,VALID,-143.07520922759804,-136.36257116156355,-137.57997014756847,-6.712638066034486,-1.2173989860049232,-16.712638066034486,M0,M0,False,43.28422683746756,,,,,
NWS000744,NW019_NULL_N045_A0,NWP_A0_S23_NULL,NWB_A0_S23,NULL_FLARE_RED_NOISE,45,880.0,0.0,,,23,0,VALID,-164.75026629745776,-157.80754591323463,-158.94731888917113,-6.942720384223122,-1.139772975936495,-16.942720384223122,M0,M0,False,62.16823002205412,,,,,
NWS000745,NW019_NULL_N045_A0,NWP_A0_S24_NULL,NWB_A0_S24,NULL_FLARE_RED_NOISE,45,880.0,0.0,,,24,0,VALID,-152.87765610785834,-146.11417824435966,-146.94133063402904,-6.763477863498679,-0.8271523896693793,-16.76347786349868,M0,M0,False,117.59843314417243,,,,,
NWS000746,NW019_NULL_N045_A0,NWP_A0_S25_NULL,NWB_A0_S25,NULL_FLARE_RED_NOISE,45,880.0,0.0,,,25,0,VALID,-153.6348953201696,-148.01095083167485,-147.66562802991973,-5.623944488494743,0.34532280175511687,-15.623944488494743,M0,M0,False,50.71115838928928,,,,,
NWS000747,NW019_NULL_N045_A0,NWP_A0_S26_NULL,NWB_A0_S26,NULL_FLARE_RED_NOISE,45,880.0,0.0,,,26,0,VALID,-161.34431038522658,-154.17496630211647,-155.442052712374,-7.169344083110104,-1.2670864102575194,-17.169344083110104,M0,M0,False,40.115801840316315,,,,,
NWS000748,NW019_NULL_N045_A0,NWP_A0_S27_NULL,NWB_A0_S27,NULL_FLARE_RED_NOISE,45,880.0,0.0,,,27,0,VALID,-152.8132741376194,-149.23097205700284,-146.7655261411938,-3.5823020806165573,2.465445915809056,-13.582302080616557,M0,M0,False,45.13857440230488,,,,,
NWS000749,NW019_NULL_N045_A0,NWP_A0_S28_NULL,NWB_A0_S28,NULL_FLARE_RED_NOISE,45,880.0,0.0,,,28,0,VALID,-155.20409889487055,-152.1341225806796,-149.7792748982243,-3.069976314190967,2.3548476824553006,-13.069976314190967,M0,M0,False,64.42233061303676,,,,,
NWS000750,NW019_NULL_N045_A0,NWP_A0_S29_NULL,NWB_A0_S29,NULL_FLARE_RED_NOISE,45,880.0,0.0,,,29,0,VALID,-153.7947387578329,-149.80214754792618,-149.04413049414677,-3.9925912099067205,0.7580170537794118,-13.99259120990672,M0,M0,False,76.1708614380721,,,,,
NWS000751,NW019_NULL_N045_A0,NWP_A0_S30_NULL,NWB_A0_S30,NULL_FLARE_RED_NOISE,45,880.0,0.0,,,30,0,VALID,-153.2645928963009,-145.35890035474247,-147.5166399904873,-7.905692541558437,-2.157739635744832,-17.905692541558437,M0,M0,False,65.95838353840661,,,,,
NWS000752,NW019_NULL_N045_A0,NWP_A0_S31_NULL,NWB_A0_S31,NULL_FLARE_RED_NOISE,45,880.0,0.0,,,31,0,VALID,-145.70521167191805,-142.65327474854539,-139.71044360363732,-3.051936923372665,2.9428311449080695,-13.051936923372665,M0,M0,False,44.97241787221551,,,,,
NWS000753,NW019_NULL_N045_A0,NWP_A0_S32_NULL,NWB_A0_S32,NULL_FLARE_RED_NOISE,45,880.0,0.0,,,32,0,VALID,-142.89489003291115,-134.29218189178354,-137.1002167716918,-8.602708141127607,-2.808034879908263,-18.602708141127607,M0,M0,False,43.8962467474761,,,,,
NWS000754,NW019_NULL_N045_A0,NWP_A0_S33_NULL,NWB_A0_S33,NULL_FLARE_RED_NOISE,45,880.0,0.0,,,33,0,VALID,-147.34818121682116,-143.09061453529534,-141.9032278277004,-4.257566681525816,1.1873867075949534,-14.257566681525816,M0,M0,False,87.21247154980846,,,,,
NWS000755,NW019_NULL_N045_A0,NWP_A0_S34_NULL,NWB_A0_S34,NULL_FLARE_RED_NOISE,45,880.0,0.0,,,34,0,VALID,-153.55897186128172,-146.1127067096973,-147.70438081211938,-7.446265151584413,-1.5916741024220755,-17.446265151584413,M0,M0,False,55.51888747723485,,,,,
NWS000756,NW019_NULL_N045_A0,NWP_A0_S35_NULL,NWB_A0_S35,NULL_FLARE_RED_NOISE,45,880.0,0.0,,,35,0,VALID,-143.35157428903716,-136.32651295329288,-138.2169056087701,-7.025061335744283,-1.8903926554772283,-17.025061335744283,M0,M0,False,40.0,,,,,
NWS000757,NW019_NULL_N045_A0,NWP_A0_S36_NULL,NWB_A0_S36,NULL_FLARE_RED_NOISE,45,880.0,0.0,,,36,0,VALID,-137.95618865225168,-135.17580439125564,-132.447823126846,-2.780384260996044,2.7279812644096353,-12.780384260996044,M0,M0,False,42.47770290200864,,,,,
NWS000758,NW019_NULL_N045_A0,NWP_A0_S37_NULL,NWB_A0_S37,NULL_FLARE_RED_NOISE,45,880.0,0.0,,,37,0,VALID,-145.57239461891606,-142.6104622356795,-140.10294055113434,-2.961932383236558,2.5075216845451678,-12.961932383236558,M0,M0,False,61.65743601849868,,,,,
NWS000759,NW019_NULL_N045_A0,NWP_A0_S38_NULL,NWB_A0_S38,NULL_FLARE_RED_NOISE,45,880.0,0.0,,,38,0,VALID,-144.38777095347697,-139.30323964646942,-138.82414771117953,-5.084531307007552,0.4790919352898868,-15.084531307007552,M0,M0,False,43.209547848153164,,,,,
NWS000760,NW019_NULL_N045_A0,NWP_A0_S39_NULL,NWB_A0_S39,NULL_FLARE_RED_NOISE,45,880.0,0.0,,,39,0,VALID,-150.41089396642394,-144.01330961655657,-145.81924260777356,-6.397584349867373,-1.8059329912169915,-16.397584349867373,M0,M0,False,127.2251872021958,,,,,
NWS000761,NW020_QPP_N045_P050_A0_Q040,NWP_A0_S00_P050,NWB_A0_S00,STATIONARY_QPP_PRESENT,45,880.0,0.0,50.0,0.04,0,0,VALID,-154.7011069156466,-147.92571503132626,-149.29503301409324,-6.775391884320328,-1.3693179827669724,-16.775391884320328,M0,M0,False,89.97516461534208,formal_m1_center_not_selected,39.97516461534208,39.97516461534208,0.7995032923068416,0.7995032923068416
NWS000762,NW020_QPP_N045_P050_A0_Q040,NWP_A0_S01_P050,NWB_A0_S01,STATIONARY_QPP_PRESENT,45,880.0,0.0,50.0,0.04,1,0,VALID,-164.53542655161672,-158.41037362070492,-158.94976597120404,-6.1250529309118065,-0.5393923504991278,-16.125052930911806,M0,M0,False,66.42464749517202,formal_m1_center_not_selected,16.424647495172024,16.424647495172024,0.32849294990344047,0.32849294990344047
NWS000763,NW020_QPP_N045_P050_A0_Q040,NWP_A0_S02_P050,NWB_A0_S02,STATIONARY_QPP_PRESENT,45,880.0,0.0,50.0,0.04,2,0,VALID,-165.87364435555816,-158.6604472613488,-160.88056724517025,-7.213197094209363,-2.220119983821462,-17.213197094209363,M0,M0,False,47.62103951311676,formal_m1_center_not_selected,-2.378960486883237,2.378960486883237,-0.04757920973766474,0.04757920973766474
NWS000764,NW020_QPP_N045_P050_A0_Q040,NWP_A0_S03_P050,NWB_A0_S03,STATIONARY_QPP_PRESENT,45,880.0,0.0,50.0,0.04,3,0,VALID,-161.57693005820394,-158.33452203059082,-156.52917928461403,-3.2424080276131235,1.8053427459767875,-13.242408027613124,M0,M0,False,44.45600775333394,formal_m1_center_not_selected,-5.543992246666058,5.543992246666058,-0.11087984493332115,0.11087984493332115
NWS000765,NW020_QPP_N045_P050_A0_Q040,NWP_A0_S04_P050,NWB_A0_S04,STATIONARY_QPP_PRESENT,45,880.0,0.0,50.0,0.04,4,0,VALID,-143.46126117538032,-136.38865842100378,-137.4272874015208,-7.072602754376533,-1.038628980517018,-17.072602754376533,M0,M0,False,68.10612751838343,formal_m1_center_not_selected,18.10612751838343,18.10612751838343,0.3621225503676686,0.3621225503676686
NWS000766,NW020_QPP_N045_P050_A0_Q040,NWP_A0_S05_P050,NWB_A0_S05,STATIONARY_QPP_PRESENT,45,880.0,0.0,50.0,0.04,5,0,VALID,-167.43463107872634,-162.41953910643292,-163.31790961504765,-5.015091972293419,-0.8983705086147324,-15.015091972293419,M0,M0,False,123.2253577375103,formal_m1_center_not_selected,73.2253577375103,73.2253577375103,1.4645071547502058,1.4645071547502058
NWS000767,NW020_QPP_N045_P050_A0_Q040,NWP_A0_S06_P050,NWB_A0_S06,STATIONARY_QPP_PRESENT,45,880.0,0.0,50.0,0.04,6,0,VALID,-154.2926502173665,-147.9215098595699,-148.7368771642016,-6.371140357796605,-0.8153673046316783,-16.371140357796605,M0,M0,False,45.25210744151799,formal_m1_center_not_selected,-4.7478925584820075,4.7478925584820075,-0.09495785116964015,0.09495785116964015
NWS000768,NW020_QPP_N045_P050_A0_Q040,NWP_A0_S07_P050,NWB_A0_S07,STATIONARY_QPP_PRESENT,45,880.0,0.0,50.0,0.04,7,0,VALID,-167.75108358339145,-160.88605236934598,-162.06034416327543,-6.865031214045473,-1.1742917939294557,-16.865031214045473,M0,M0,False,52.9539435209287,formal_m1_center_not_selected,2.9539435209287035,2.9539435209287035,0.05907887041857407,0.05907887041857407
NWS000769,NW020_QPP_N045_P050_A0_Q040,NWP_A0_S08_P050,NWB_A0_S08,STATIONARY_QPP_PRESENT,45,880.0,0.0,50.0,0.04,8,0,VALID,-158.06274517493767,-157.55031235218328,-154.54762180520282,-0.5124328227543913,3.0026905469804603,-10.512432822754391,M0,M0,False,72.30506156810063,formal_m1_center_not_selected,22.305061568100626,22.305061568100626,0.4461012313620125,0.4461012313620125
NWS000770,NW020_QPP_N045_P050_A0_Q040,NWP_A0_S09_P050,NWB_A0_S09,STATIONARY_QPP_PRESENT,45,880.0,0.0,50.0,0.04,9,0,VALID,-157.0884008791528,-154.4966343018587,-152.48902564858832,-2.591766577294095,2.007608653270381,-12.591766577294095,M0,M0,False,65.43310098970997,formal_m1_center_not_selected,15.43310098970997,15.43310098970997,0.3086620197941994,0.3086620197941994
NWS000771,NW020_QPP_N045_P050_A0_Q040,NWP_A0_S10_P050,NWB_A0_S10,STATIONARY_QPP_PRESENT,45,880.0,0.0,50.0,0.04,10,0,VALID,-151.60802356420692,-143.72321293867444,-145.94848487449656,-7.884810625532481,-2.2252719358221213,-17.88481062553248,M0,M0,False,75.16663563315653,formal_m1_center_not_selected,25.16663563315653,25.16663563315653,0.5033327126631306,0.5033327126631306
NWS000772,NW020_QPP_N045_P050_A0_Q040,NWP_A0_S11_P050,NWB_A0_S11,STATIONARY_QPP_PRESENT,45,880.0,0.0,50.0,0.04,11,0,VALID,-154.89657349980448,-147.36107915184897,-148.85042998856193,-7.535494347955506,-1.4893508367129584,-17.535494347955506,M0,M0,False,75.94029206556506,formal_m1_center_not_selected,25.94029206556506,25.94029206556506,0.5188058413113013,0.5188058413113013
NWS000773,NW020_QPP_N045_P050_A0_Q040,NWP_A0_S12_P050,NWB_A0_S12,STATIONARY_QPP_PRESENT,45,880.0,0.0,50.0,0.04,12,0,VALID,-142.66208068533572,-135.79182005205524,-136.63868868042312,-6.8702606332804805,-0.8468686283678721,-16.87026063328048,M0,M0,False,45.282326447295056,formal_m1_center_not_selected,-4.7176735527049445,4.7176735527049445,-0.09435347105409889,0.09435347105409889
NWS000774,NW020_QPP_N045_P050_A0_Q040,NWP_A0_S13_P050,NWB_A0_S13,STATIONARY_QPP_PRESENT,45,880.0,0.0,50.0,0.04,13,0,VALID,-141.09749701927666,-135.63816364558647,-136.14628287691897,-5.4593333736901855,-0.5081192313325005,-15.459333373690185,M0,M0,False,57.83320576800863,formal_m1_center_not_selected,7.833205768008632,7.833205768008632,0.15666411536017263,0.15666411536017263
NWS000775,NW020_QPP_N045_P050_A0_Q040,NWP_A0_S14_P050,NWB_A0_S14,STATIONARY_QPP_PRESENT,45,880.0,0.0,50.0,0.04,14,0,VALID,-161.9796059171636,-155.61169794508322,-156.44078671089545,-6.367907972080388,-0.8290887658122301,-16.36790797208039,M0,M0,False,51.27004776626201,formal_m1_center_not_selected,1.2700477662620102,1.2700477662620102,0.025400955325240206,0.025400955325240206
NWS000776,NW020_QPP_N045_P050_A0_Q040,NWP_A0_S15_P050,NWB_A0_S15,STATIONARY_QPP_PRESENT,45,880.0,0.0,50.0,0.04,15,0,VALID,-152.1078704461862,-144.64965290555634,-146.34743193587747,-7.4582175406298745,-1.6977790303211293,-17.458217540629875,M0,M0,False,49.11391899810635,formal_m1_center_not_selected,-0.8860810018936505,0.8860810018936505,-0.01772162003787301,0.01772162003787301
NWS000777,NW020_QPP_N045_P050_A0_Q040,NWP_A0_S16_P050,NWB_A0_S16,STATIONARY_QPP_PRESENT,45,880.0,0.0,50.0,0.04,16,0,VALID,-161.3088621803621,-152.64749865797717,-155.46273742643848,-8.661363522384931,-2.815238768461313,-18.66136352238493,M0,M0,False,62.43406452125698,formal_m1_center_not_selected,12.434064521256978,12.434064521256978,0.24868129042513956,0.24868129042513956
NWS000778,NW020_QPP_N045_P050_A0_Q040,NWP_A0_S17_P050,NWB_A0_S17,STATIONARY_QPP_PRESENT,45,880.0,0.0,50.0,0.04,17,0,VALID,-162.31547249918228,-154.58159032117013,-157.3043137395731,-7.733882178012152,-2.7227234184029783,-17.733882178012152,M0,M0,False,50.433885586045946,formal_m1_center_not_selected,0.43388558604594607,0.43388558604594607,0.008677711720918921,0.008677711720918921
NWS000779,NW020_QPP_N045_P050_A0_Q040,NWP_A0_S18_P050,NWB_A0_S18,STATIONARY_QPP_PRESENT,45,880.0,0.0,50.0,0.04,18,0,VALID,-155.0666607120554,-147.6110792495505,-149.36495377627955,-7.4555814625049095,-1.7538745267290494,-17.45558146250491,M0,M0,False,78.30385925972693,formal_m1_center_not_selected,28.303859259726934,28.303859259726934,0.5660771851945386,0.5660771851945386
NWS000780,NW020_QPP_N045_P050_A0_Q040,NWP_A0_S19_P050,NWB_A0_S19,STATIONARY_QPP_PRESENT,45,880.0,0.0,50.0,0.04,19,0,VALID,-157.29162951932256,-150.60324736869163,-151.5177636746098,-6.688382150630929,-0.9145163059181698,-16.68838215063093,M0,M0,False,40.0,formal_m1_center_not_selected,-10.0,10.0,-0.2,0.2
NWS000781,NW020_QPP_N045_P050_A0_Q040,NWP_A0_S20_P050,NWB_A0_S20,STATIONARY_QPP_PRESENT,45,880.0,0.0,50.0,0.04,20,0,VALID,-172.2079184408311,-164.8925942160753,-166.3963032227419,-7.315324224755784,-1.5037090066665826,-17.315324224755784,M0,M0,False,110.68488817899495,formal_m1_center_not_selected,60.68488817899495,60.68488817899495,1.2136977635798991,1.2136977635798991
NWS000782,NW020_QPP_N045_P050_A0_Q040,NWP_A0_S21_P050,NWB_A0_S21,STATIONARY_QPP_PRESENT,45,880.0,0.0,50.0,0.04,21,0,VALID,-145.09427148614603,-138.02721701640192,-139.94714335598292,-7.067054469744107,-1.9199263395809965,-17.067054469744107,M0,M0,False,184.81902992510535,formal_m1_center_not_selected,134.81902992510535,134.81902992510535,2.696380598502107,2.696380598502107
NWS000783,NW020_QPP_N045_P050_A0_Q040,NWP_A0_S22_P050,NWB_A0_S22,STATIONARY_QPP_PRESENT,45,880.0,0.0,50.0,0.04,22,0,VALID,-141.3979383900247,-134.23155584722934,-136.01642311675528,-7.166382542795361,-1.7848672695259324,-17.16638254279536,M0,M0,False,43.72506510800392,formal_m1_center_not_selected,-6.274934891996082,6.274934891996082,-0.12549869783992165,0.12549869783992165
NWS000784,NW020_QPP_N045_P050_A0_Q040,NWP_A0_S23_P050,NWB_A0_S23,STATIONARY_QPP_PRESENT,45,880.0,0.0,50.0,0.04,23,0,VALID,-160.4462111101783,-152.15422246293798,-154.38717490994304,-8.291988647240316,-2.2329524470050615,-18.291988647240316,M0,M0,False,55.628864150028306,formal_m1_center_not_selected,5.628864150028306,5.628864150028306,0.11257728300056613,0.11257728300056613
NWS000785,NW020_QPP_N045_P050_A0_Q040,NWP_A0_S24_P050,NWB_A0_S24,STATIONARY_QPP_PRESENT,45,880.0,0.0,50.0,0.04,24,0,VALID,-150.12951964194326,-143.33075582985387,-144.74555486377562,-6.7987638120893905,-1.4147990339217529,-16.79876381208939,M0,M0,False,56.67738572008368,formal_m1_center_not_selected,6.677385720083677,6.677385720083677,0.13354771440167354,0.13354771440167354
NWS000786,NW020_QPP_N045_P050_A0_Q040,NWP_A0_S25_P050,NWB_A0_S25,STATIONARY_QPP_PRESENT,45,880.0,0.0,50.0,0.04,25,0,VALID,-151.36331605387312,-147.41682480316447,-145.38598890236727,-3.9464912507086467,2.0308359007972,-13.946491250708647,M0,M0,False,50.64894897475524,formal_m1_center_not_selected,0.6489489747552426,0.6489489747552426,0.012978979495104853,0.012978979495104853
NWS000787,NW020_QPP_N045_P050_A0_Q040,NWP_A0_S26_P050,NWB_A0_S26,STATIONARY_QPP_PRESENT,45,880.0,0.0,50.0,0.04,26,0,VALID,-158.93559269666073,-151.4561821689693,-153.1496429366308,-7.479410527691442,-1.69346076766152,-17.479410527691442,M0,M0,False,40.18389942862664,formal_m1_center_not_selected,-9.816100571373362,9.816100571373362,-0.19632201142746722,0.19632201142746722
NWS000788,NW020_QPP_N045_P050_A0_Q040,NWP_A0_S27_P050,NWB_A0_S27,STATIONARY_QPP_PRESENT,45,880.0,0.0,50.0,0.04,27,0,VALID,-148.77846655582337,-144.45041035671386,-142.78757598843845,-4.328056199109511,1.662834368275412,-14.328056199109511,M0,M0,False,46.628855957661585,formal_m1_center_not_selected,-3.3711440423384147,3.3711440423384147,-0.0674228808467683,0.0674228808467683
NWS000789,NW020_QPP_N045_P050_A0_Q040,NWP_A0_S28_P050,NWB_A0_S28,STATIONARY_QPP_PRESENT,45,880.0,0.0,50.0,0.04,28,0,VALID,-154.4178253321839,-150.24838039556948,-148.84174050288226,-4.169444936614411,1.406639892687224,-14.169444936614411,M0,M0,False,64.39433365898813,formal_m1_center_not_selected,14.394333658988131,14.394333658988131,0.28788667317976263,0.28788667317976263
NWS000790,NW020_QPP_N045_P050_A0_Q040,NWP_A0_S29_P050,NWB_A0_S29,STATIONARY_QPP_PRESENT,45,880.0,0.0,50.0,0.04,29,0,VALID,-155.09621828677652,-152.1332873460147,-150.6884188785832,-2.9629309407618223,1.4448684674314904,-12.962930940761822,M0,M0,False,76.00685247619927,formal_m1_center_not_selected,26.00685247619927,26.00685247619927,0.5201370495239854,0.5201370495239854
NWS000791,NW020_QPP_N045_P050_A0_Q040,NWP_A0_S30_P050,NWB_A0_S30,STATIONARY_QPP_PRESENT,45,880.0,0.0,50.0,0.04,30,0,VALID,-151.44873341618694,-142.91459554754593,-145.5697805480853,-8.534137868641011,-2.655185000539376,-18.53413786864101,M0,M0,False,66.95844863248946,formal_m1_center_not_selected,16.958448632489464,16.958448632489464,0.3391689726497893,0.3391689726497893
NWS000792,NW020_QPP_N045_P050_A0_Q040,NWP_A0_S31_P050,NWB_A0_S31,STATIONARY_QPP_PRESENT,45,880.0,0.0,50.0,0.04,31,0,VALID,-145.6987300968434,-142.3900680524873,-139.6710534945443,-3.3086620443561117,2.719014557942984,-13.308662044356112,M0,M0,False,44.497437008337656,formal_m1_center_not_selected,-5.502562991662344,5.502562991662344,-0.11005125983324689,0.11005125983324689
NWS000793,NW020_QPP_N045_P050_A0_Q040,NWP_A0_S32_P050,NWB_A0_S32,STATIONARY_QPP_PRESENT,45,880.0,0.0,50.0,0.04,32,0,VALID,-141.3181089921205,-132.74949544235594,-135.5457135221497,-8.568613549764564,-2.7962180797937606,-18.568613549764564,M0,M0,False,43.93685504135187,formal_m1_center_not_selected,-6.063144958648131,6.063144958648131,-0.12126289917296262,0.12126289917296262
NWS000794,NW020_QPP_N045_P050_A0_Q040,NWP_A0_S33_P050,NWB_A0_S33,STATIONARY_QPP_PRESENT,45,880.0,0.0,50.0,0.04,33,0,VALID,-145.32570192986645,-140.46428438478577,-139.7812186568019,-4.861417545080684,0.683065727983859,-14.861417545080684,M0,M0,False,87.25102394983887,formal_m1_center_not_selected,37.25102394983887,37.25102394983887,0.7450204789967774,0.7450204789967774
NWS000795,NW020_QPP_N045_P050_A0_Q040,NWP_A0_S34_P050,NWB_A0_S34,STATIONARY_QPP_PRESENT,45,880.0,0.0,50.0,0.04,34,0,VALID,-149.5733363037583,-144.55949931847687,-143.68349782531016,-5.0138369852814435,0.8760014931667115,-15.013836985281444,M0,M0,False,54.76920603482113,formal_m1_center_not_selected,4.769206034821131,4.769206034821131,0.09538412069642263,0.09538412069642263
NWS000796,NW020_QPP_N045_P050_A0_Q040,NWP_A0_S35_P050,NWB_A0_S35,STATIONARY_QPP_PRESENT,45,880.0,0.0,50.0,0.04,35,0,VALID,-141.11135134900323,-133.72978112549364,-136.05855455895346,-7.381570223509584,-2.3287734334598156,-17.381570223509584,M0,M0,False,40.0,formal_m1_center_not_selected,-10.0,10.0,-0.2,0.2
NWS000797,NW020_QPP_N045_P050_A0_Q040,NWP_A0_S36_P050,NWB_A0_S36,STATIONARY_QPP_PRESENT,45,880.0,0.0,50.0,0.04,36,0,VALID,-136.85254111671733,-133.24139421524862,-131.35847718579862,-3.6111469014687145,1.8829170294499988,-13.611146901468715,M0,M0,False,42.03942125013635,formal_m1_center_not_selected,-7.96057874986365,7.96057874986365,-0.159211574997273,0.159211574997273
NWS000798,NW020_QPP_N045_P050_A0_Q040,NWP_A0_S37_P050,NWB_A0_S37,STATIONARY_QPP_PRESENT,45,880.0,0.0,50.0,0.04,37,0,VALID,-141.80933416375166,-139.24120748300209,-136.4694756341691,-2.5681266807495717,2.771731848832985,-12.568126680749572,M0,M0,False,59.89695118523328,formal_m1_center_not_selected,9.896951185233277,9.896951185233277,0.19793902370466554,0.19793902370466554
NWS000799,NW020_QPP_N045_P050_A0_Q040,NWP_A0_S38_P050,NWB_A0_S38,STATIONARY_QPP_PRESENT,45,880.0,0.0,50.0,0.04,38,0,VALID,-144.3001766003453,-139.5294111071422,-138.71839294361877,-4.7707654932031005,0.8110181635234426,-14.7707654932031,M0,M0,False,43.991090592809506,formal_m1_center_not_selected,-6.008909407190494,6.008909407190494,-0.12017818814380987,0.12017818814380987
NWS000800,NW020_QPP_N045_P050_A0_Q040,NWP_A0_S39_P050,NWB_A0_S39,STATIONARY_QPP_PRESENT,45,880.0,0.0,50.0,0.04,39,0,VALID,-149.61339845041357,-143.40443509252154,-144.72971535329236,-6.208963357892031,-1.3252802607708247,-16.20896335789203,M0,M0,False,127.11214656705309,formal_m1_center_not_selected,77.11214656705309,77.11214656705309,1.5422429313410617,1.5422429313410617
NWS000801,NW021_QPP_N045_P080_A0_Q040,NWP_A0_S00_P080,NWB_A0_S00,STATIONARY_QPP_PRESENT,45,880.0,0.0,80.0,0.04,0,0,VALID,-155.7666299564673,-151.59302913884795,-151.0447592812119,-4.173600817619359,0.5482698576360576,-14.17360081761936,M0,M0,False,89.49936934951876,formal_m1_center_not_selected,9.499369349518759,9.499369349518759,0.11874211686898448,0.11874211686898448
NWS000802,NW021_QPP_N045_P080_A0_Q040,NWP_A0_S01_P080,NWB_A0_S01,STATIONARY_QPP_PRESENT,45,880.0,0.0,80.0,0.04,1,0,VALID,-161.48863888418964,-154.03633242293992,-156.16778783631304,-7.452306461249719,-2.131455413373118,-17.45230646124972,M0,M0,False,76.9365861502583,formal_m1_center_not_selected,-3.063413849741707,3.063413849741707,-0.038292673121771335,0.038292673121771335
NWS000803,NW021_QPP_N045_P080_A0_Q040,NWP_A0_S02_P080,NWB_A0_S02,STATIONARY_QPP_PRESENT,45,880.0,0.0,80.0,0.04,2,0,VALID,-166.55945490589482,-158.54723247396703,-161.1676611351873,-8.012222431927796,-2.6204286612202736,-18.012222431927796,M0,M0,False,187.76446128013748,formal_m1_center_not_selected,107.76446128013748,107.76446128013748,1.3470557660017186,1.3470557660017186
NWS000804,NW021_QPP_N045_P080_A0_Q040,NWP_A0_S03_P080,NWB_A0_S03,STATIONARY_QPP_PRESENT,45,880.0,0.0,80.0,0.04,3,0,VALID,-157.56873386352498,-153.35933560373385,-152.55833168839234,-4.209398259791129,0.8010039153415107,-14.20939825979113,M0,M0,False,45.49087733733172,formal_m1_center_not_selected,-34.50912266266828,34.50912266266828,-0.43136403328335354,0.43136403328335354
NWS000805,NW021_QPP_N045_P080_A0_Q040,NWP_A0_S04_P080,NWB_A0_S04,STATIONARY_QPP_PRESENT,45,880.0,0.0,80.0,0.04,4,0,VALID,-144.5617756872601,-138.45631824927295,-138.56052777217212,-6.105457437987155,-0.1042095228991684,-16.105457437987155,M0,M0,False,67.5274739392553,formal_m1_center_not_selected,-12.472526060744698,12.472526060744698,-0.15590657575930872,0.15590657575930872
NWS000806,NW021_QPP_N045_P080_A0_Q040,NWP_A0_S05_P080,NWB_A0_S05,STATIONARY_QPP_PRESENT,45,880.0,0.0,80.0,0.04,5,0,VALID,-168.8449052386142,-163.392070310048,-164.3429177501303,-5.452834928566176,-0.950847440082299,-15.452834928566176,M0,M0,False,123.44450621574866,formal_m1_center_not_selected,43.44450621574866,43.44450621574866,0.5430563276968583,0.5430563276968583
NWS000807,NW021_QPP_N045_P080_A0_Q040,NWP_A0_S06_P080,NWB_A0_S06,STATIONARY_QPP_PRESENT,45,880.0,0.0,80.0,0.04,6,0,VALID,-153.37586314948072,-145.53498334449623,-148.67801969647496,-7.840879804984496,-3.1430363519787363,-17.840879804984496,M0,M0,False,170.7099781078378,formal_m1_center_not_selected,90.7099781078378,90.7099781078378,1.1338747263479725,1.1338747263479725
NWS000808,NW021_QPP_N045_P080_A0_Q040,NWP_A0_S07_P080,NWB_A0_S07,STATIONARY_QPP_PRESENT,45,880.0,0.0,80.0,0.04,7,0,VALID,-165.91521902430276,-157.99873942242445,-159.98325143127403,-7.916479601878308,-1.9845120088495776,-17.916479601878308,M0,M0,False,52.184157637264704,formal_m1_center_not_selected,-27.815842362735296,27.815842362735296,-0.3476980295341912,0.3476980295341912
NWS000809,NW021_QPP_N045_P080_A0_Q040,NWP_A0_S08_P080,NWB_A0_S08,STATIONARY_QPP_PRESENT,45,880.0,0.0,80.0,0.04,8,0,VALID,-160.51949539967933,-161.09085687668903,-155.92524331867503,0.5713614770097024,5.165613558014002,-9.428638522990298,M0,M1,False,75.95522726288723,formal_m1_center_not_selected,-4.0447727371127655,4.0447727371127655,-0.05055965921390957,0.05055965921390957
NWS000810,NW021_QPP_N045_P080_A0_Q040,NWP_A0_S09_P080,NWB_A0_S09,STATIONARY_QPP_PRESENT,45,880.0,0.0,80.0,0.04,9,0,VALID,-155.67164983415998,-150.83135991470579,-150.82038110113143,-4.840289919454193,0.010978813574354263,-14.840289919454193,M0,M0,False,67.29241422888268,formal_m1_center_not_selected,-12.707585771117323,12.707585771117323,-0.15884482213896653,0.15884482213896653
NWS000811,NW021_QPP_N045_P080_A0_Q040,NWP_A0_S10_P080,NWB_A0_S10,STATIONARY_QPP_PRESENT,45,880.0,0.0,80.0,0.04,10,0,VALID,-152.19179888628204,-145.9348298955466,-146.70265749601856,-6.25696899073543,-0.7678276004719464,-16.25696899073543,M0,M0,False,72.41377971448173,formal_m1_center_not_selected,-7.586220285518266,7.586220285518266,-0.09482775356897832,0.09482775356897832
NWS000812,NW021_QPP_N045_P080_A0_Q040,NWP_A0_S11_P080,NWB_A0_S11,STATIONARY_QPP_PRESENT,45,880.0,0.0,80.0,0.04,11,0,VALID,-155.46114369181987,-151.32114129450332,-150.1082172830197,-4.14000239731655,1.212924011483608,-14.14000239731655,M0,M0,False,76.73362599919774,formal_m1_center_not_selected,-3.2663740008022586,3.2663740008022586,-0.04082967501002823,0.04082967501002823
NWS000813,NW021_QPP_N045_P080_A0_Q040,NWP_A0_S12_P080,NWB_A0_S12,STATIONARY_QPP_PRESENT,45,880.0,0.0,80.0,0.04,12,0,VALID,-143.0857021714706,-136.07048854812496,-137.0817130115703,-7.01521362334563,-1.0112244634453305,-17.01521362334563,M0,M0,False,45.21309033331563,formal_m1_center_not_selected,-34.78690966668437,34.78690966668437,-0.43483637083355464,0.43483637083355464
NWS000814,NW021_QPP_N045_P080_A0_Q040,NWP_A0_S13_P080,NWB_A0_S13,STATIONARY_QPP_PRESENT,45,880.0,0.0,80.0,0.04,13,0,VALID,-140.50100030322994,-135.2063677038429,-135.6226062695012,-5.294632599387057,-0.4162385656583183,-15.294632599387057,M0,M0,False,57.90634095117501,formal_m1_center_not_selected,-22.09365904882499,22.09365904882499,-0.27617073811031234,0.27617073811031234
NWS000815,NW021_QPP_N045_P080_A0_Q040,NWP_A0_S14_P080,NWB_A0_S14,STATIONARY_QPP_PRESENT,45,880.0,0.0,80.0,0.04,14,0,VALID,-162.71461192322369,-156.96219633672564,-157.0478306134242,-5.752415586498046,-0.08563427669855628,-15.752415586498046,M0,M0,False,46.96176035333555,formal_m1_center_not_selected,-33.03823964666445,33.03823964666445,-0.4129779955833056,0.4129779955833056
NWS000816,NW021_QPP_N045_P080_A0_Q040,NWP_A0_S15_P080,NWB_A0_S15,STATIONARY_QPP_PRESENT,45,880.0,0.0,80.0,0.04,15,0,VALID,-151.67086454231443,-144.90778354583222,-145.96080237683708,-6.763080996482216,-1.053018831004863,-16.763080996482216,M0,M0,False,49.31283429444492,formal_m1_center_not_selected,-30.68716570555508,30.68716570555508,-0.3835895713194385,0.3835895713194385
NWS000817,NW021_QPP_N045_P080_A0_Q040,NWP_A0_S16_P080,NWB_A0_S16,STATIONARY_QPP_PRESENT,45,880.0,0.0,80.0,0.04,16,0,VALID,-161.89891645683744,-153.27892264453084,-156.2669159967116,-8.619993812306603,-2.9879933521807516,-18.619993812306603,M0,M0,False,104.6041082988259,formal_m1_center_not_selected,24.604108298825906,24.604108298825906,0.30755135373532383,0.30755135373532383
NWS000818,NW021_QPP_N045_P080_A0_Q040,NWP_A0_S17_P080,NWB_A0_S17,STATIONARY_QPP_PRESENT,45,880.0,0.0,80.0,0.04,17,0,VALID,-168.59795544868842,-161.5827349941611,-163.50754227980985,-7.015220454527338,-1.9248072856487681,-17.015220454527338,M0,M0,False,51.06950312051976,formal_m1_center_not_selected,-28.930496879480238,28.930496879480238,-0.361631210993503,0.361631210993503
NWS000819,NW021_QPP_N045_P080_A0_Q040,NWP_A0_S18_P080,NWB_A0_S18,STATIONARY_QPP_PRESENT,45,880.0,0.0,80.0,0.04,18,0,VALID,-159.6081628508586,-150.96899653538324,-153.71892755829327,-8.639166315475364,-2.749931022910033,-18.639166315475364,M0,M0,False,63.04215441443196,formal_m1_center_not_selected,-16.957845585568037,16.957845585568037,-0.21197306981960046,0.21197306981960046
NWS000820,NW021_QPP_N045_P080_A0_Q040,NWP_A0_S19_P080,NWB_A0_S19,STATIONARY_QPP_PRESENT,45,880.0,0.0,80.0,0.04,19,0,VALID,-157.11267870890939,-150.0918484341437,-151.36845754420847,-7.020830274765672,-1.2766091100647543,-17.02083027476567,M0,M0,False,40.0,formal_m1_center_not_selected,-40.0,40.0,-0.5,0.5
NWS000821,NW021_QPP_N045_P080_A0_Q040,NWP_A0_S20_P080,NWB_A0_S20,STATIONARY_QPP_PRESENT,45,880.0,0.0,80.0,0.04,20,0,VALID,-175.4831992307403,-168.54278550916442,-169.71361815871336,-6.940413721575879,-1.1708326495489416,-16.94041372157588,M0,M0,False,100.23287604969863,formal_m1_center_not_selected,20.232876049698632,20.232876049698632,0.2529109506212329,0.2529109506212329
NWS000822,NW021_QPP_N045_P080_A0_Q040,NWP_A0_S21_P080,NWB_A0_S21,STATIONARY_QPP_PRESENT,45,880.0,0.0,80.0,0.04,21,0,VALID,-147.7430627298584,-140.70875278181313,-142.83028244871377,-7.034309948045262,-2.121529666900642,-17.034309948045262,M0,M0,False,69.60578237305417,formal_m1_center_not_selected,-10.394217626945832,10.394217626945832,-0.1299277203368229,0.1299277203368229
NWS000823,NW021_QPP_N045_P080_A0_Q040,NWP_A0_S22_P080,NWB_A0_S22,STATIONARY_QPP_PRESENT,45,880.0,0.0,80.0,0.04,22,0,VALID,-144.46772936021247,-137.972505800418,-139.02635085819708,-6.495223559794482,-1.0538450577790854,-16.495223559794482,M0,M0,False,43.302510369716515,formal_m1_center_not_selected,-36.697489630283485,36.697489630283485,-0.45871862037854355,0.45871862037854355
NWS000824,NW021_QPP_N045_P080_A0_Q040,NWP_A0_S23_P080,NWB_A0_S23,STATIONARY_QPP_PRESENT,45,880.0,0.0,80.0,0.04,23,0,VALID,-164.50903726695054,-157.65923074237253,-158.8272787056972,-6.849806524578014,-1.1680479633246819,-16.849806524578014,M0,M0,False,63.37490438904089,formal_m1_center_not_selected,-16.625095610959107,16.625095610959107,-0.20781369513698883,0.20781369513698883
NWS000825,NW021_QPP_N045_P080_A0_Q040,NWP_A0_S24_P080,NWB_A0_S24,STATIONARY_QPP_PRESENT,45,880.0,0.0,80.0,0.04,24,0,VALID,-150.1935612455115,-142.36991939518535,-144.51941392576344,-7.8236418503261405,-2.149494530578096,-17.82364185032614,M0,M0,False,127.76453280124954,formal_m1_center_not_selected,47.764532801249544,47.764532801249544,0.5970566600156193,0.5970566600156193
NWS000826,NW021_QPP_N045_P080_A0_Q040,NWP_A0_S25_P080,NWB_A0_S25,STATIONARY_QPP_PRESENT,45,880.0,0.0,80.0,0.04,25,0,VALID,-151.9727542743458,-144.14675807072365,-145.92873340089062,-7.8259962036221395,-1.781975330166972,-17.82599620362214,M0,M0,False,51.26451105375664,formal_m1_center_not_selected,-28.735488946243358,28.735488946243358,-0.359193611828042,0.359193611828042
NWS000827,NW021_QPP_N045_P080_A0_Q040,NWP_A0_S26_P080,NWB_A0_S26,STATIONARY_QPP_PRESENT,45,880.0,0.0,80.0,0.04,26,0,VALID,-158.21031990371,-151.17112182847222,-152.14996110311256,-7.039198075237778,-0.978839274640336,-17.039198075237778,M0,M0,False,40.04800960178515,formal_m1_center_not_selected,-39.95199039821485,39.95199039821485,-0.49939987997768565,0.49939987997768565
NWS000828,NW021_QPP_N045_P080_A0_Q040,NWP_A0_S27_P080,NWB_A0_S27,STATIONARY_QPP_PRESENT,45,880.0,0.0,80.0,0.04,27,0,VALID,-151.87965362593238,-148.52689908878892,-146.27500860420764,-3.352754537143454,2.2518904845812813,-13.352754537143454,M0,M0,False,45.162741655109286,formal_m1_center_not_selected,-34.837258344890714,34.837258344890714,-0.4354657293111339,0.4354657293111339
NWS000829,NW021_QPP_N045_P080_A0_Q040,NWP_A0_S28_P080,NWB_A0_S28,STATIONARY_QPP_PRESENT,45,880.0,0.0,80.0,0.04,28,0,VALID,-153.70206919602703,-150.1373346103586,-148.5356135624275,-3.5647345856684183,1.6017210479311075,-13.564734585668418,M0,M0,False,64.3585288458346,formal_m1_center_not_selected,-15.641471154165401,15.641471154165401,-0.1955183894270675,0.1955183894270675
NWS000830,NW021_QPP_N045_P080_A0_Q040,NWP_A0_S29_P080,NWB_A0_S29,STATIONARY_QPP_PRESENT,45,880.0,0.0,80.0,0.04,29,0,VALID,-151.46548621934363,-148.67586334285437,-147.22142048843864,-2.789622876489261,1.4544428544157313,-12.789622876489261,M0,M0,False,77.88944136171023,formal_m1_center_not_selected,-2.110558638289774,2.110558638289774,-0.026381982978622175,0.026381982978622175
NWS000831,NW021_QPP_N045_P080_A0_Q040,NWP_A0_S30_P080,NWB_A0_S30,STATIONARY_QPP_PRESENT,45,880.0,0.0,80.0,0.04,30,0,VALID,-149.0604574942543,-142.30647873247344,-143.71084879887616,-6.753978761780871,-1.4043700664027199,-16.75397876178087,M0,M0,False,76.84473648588711,formal_m1_center_not_selected,-3.155263514112889,3.155263514112889,-0.03944079392641111,0.03944079392641111
NWS000832,NW021_QPP_N045_P080_A0_Q040,NWP_A0_S31_P080,NWB_A0_S31,STATIONARY_QPP_PRESENT,45,880.0,0.0,80.0,0.04,31,0,VALID,-144.75124150397613,-142.08872253146592,-138.95380362677724,-2.662518972510213,3.134918904688675,-12.662518972510213,M0,M0,False,44.95089800674765,formal_m1_center_not_selected,-35.04910199325235,35.04910199325235,-0.4381137749156544,0.4381137749156544
NWS000833,NW021_QPP_N045_P080_A0_Q040,NWP_A0_S32_P080,NWB_A0_S32,STATIONARY_QPP_PRESENT,45,880.0,0.0,80.0,0.04,32,0,VALID,-141.56463254098733,-133.27551458422437,-135.65247561973518,-8.289117956762965,-2.376961035510817,-18.289117956762965,M0,M0,False,101.35464311001124,formal_m1_center_not_selected,21.35464311001124,21.35464311001124,0.26693303887514047,0.26693303887514047
NWS000834,NW021_QPP_N045_P080_A0_Q040,NWP_A0_S33_P080,NWB_A0_S33,STATIONARY_QPP_PRESENT,45,880.0,0.0,80.0,0.04,33,0,VALID,-145.7688950780359,-144.28201823934342,-140.63547626302557,-1.4868768386924955,3.646541976317849,-11.486876838692496,M0,M0,False,87.05641165838216,formal_m1_center_not_selected,7.05641165838216,7.05641165838216,0.088205145729777,0.088205145729777
NWS000835,NW021_QPP_N045_P080_A0_Q040,NWP_A0_S34_P080,NWB_A0_S34,STATIONARY_QPP_PRESENT,45,880.0,0.0,80.0,0.04,34,0,VALID,-151.8273271836604,-143.95079866018142,-146.08391508295477,-7.8765285234789815,-2.1331164227733552,-17.87652852347898,M0,M0,False,62.47131218076037,formal_m1_center_not_selected,-17.52868781923963,17.52868781923963,-0.21910859774049535,0.21910859774049535
NWS000836,NW021_QPP_N045_P080_A0_Q040,NWP_A0_S35_P080,NWB_A0_S35,STATIONARY_QPP_PRESENT,45,880.0,0.0,80.0,0.04,35,0,VALID,-144.23639425573853,-137.2737597143994,-139.25927283145853,-6.962634541339128,-1.9855131170591278,-16.962634541339128,M0,M0,False,40.0,formal_m1_center_not_selected,-40.0,40.0,-0.5,0.5
NWS000837,NW021_QPP_N045_P080_A0_Q040,NWP_A0_S36_P080,NWB_A0_S36,STATIONARY_QPP_PRESENT,45,880.0,0.0,80.0,0.04,36,0,VALID,-137.08580685013396,-133.93879200789993,-131.50717984088345,-3.1470148422340287,2.431612167016482,-13.147014842234029,M0,M0,False,42.424223378338745,formal_m1_center_not_selected,-37.575776621661255,37.575776621661255,-0.4696972077707657,0.4696972077707657
NWS000838,NW021_QPP_N045_P080_A0_Q040,NWP_A0_S37_P080,NWB_A0_S37,STATIONARY_QPP_PRESENT,45,880.0,0.0,80.0,0.04,37,0,VALID,-145.89766760806646,-142.8866630962119,-140.4654554639863,-3.0110045118545656,2.421207632225588,-13.011004511854566,M0,M0,False,63.3761499021094,formal_m1_center_not_selected,-16.623850097890603,16.623850097890603,-0.20779812622363253,0.20779812622363253
NWS000839,NW021_QPP_N045_P080_A0_Q040,NWP_A0_S38_P080,NWB_A0_S38,STATIONARY_QPP_PRESENT,45,880.0,0.0,80.0,0.04,38,0,VALID,-142.39851650459363,-134.87126044357404,-136.32104354060402,-7.527256061019585,-1.4497830970299788,-17.527256061019585,M0,M0,False,44.38167171727095,formal_m1_center_not_selected,-35.61832828272905,35.61832828272905,-0.44522910353411316,0.44522910353411316
NWS000840,NW021_QPP_N045_P080_A0_Q040,NWP_A0_S39_P080,NWB_A0_S39,STATIONARY_QPP_PRESENT,45,880.0,0.0,80.0,0.04,39,0,VALID,-149.07690003758466,-142.64020627096656,-144.50100136497252,-6.436693766618106,-1.8607950940059652,-16.436693766618106,M0,M0,False,126.78033779494714,formal_m1_center_not_selected,46.780337794947144,46.780337794947144,0.5847542224368393,0.5847542224368393
NWS000841,NW022_NULL_N045_A1,NWP_A1_S00_NULL,NWB_A1_S00,NULL_FLARE_RED_NOISE,45,880.0,1.0,,,0,0,VALID,-175.88634560466795,-168.31710579168728,-170.11416961184392,-7.569239812980669,-1.7970638201566373,-17.56923981298067,M0,M0,False,89.77534230152901,,,,,
NWS000842,NW022_NULL_N045_A1,NWP_A1_S01_NULL,NWB_A1_S01,NULL_FLARE_RED_NOISE,45,880.0,1.0,,,1,0,VALID,-176.62589498665935,-170.519037735637,-170.7011085635732,-6.1068572510223476,-0.18207082793620089,-16.106857251022348,M0,M0,False,48.48459068593332,,,,,
NWS000843,NW022_NULL_N045_A1,NWP_A1_S02_NULL,NWB_A1_S02,NULL_FLARE_RED_NOISE,45,880.0,1.0,,,2,0,VALID,-170.18661618719236,-163.29911786764742,-164.28724261281235,-6.887498319544932,-0.9881247451649244,-16.88749831954493,M0,M0,False,53.03617031262551,,,,,
NWS000844,NW022_NULL_N045_A1,NWP_A1_S03_NULL,NWB_A1_S03,NULL_FLARE_RED_NOISE,45,880.0,1.0,,,3,0,VALID,-169.67255822181417,-163.91376421351293,-163.93079086216085,-5.758794008301237,-0.01702664864791359,-15.758794008301237,M0,M0,False,85.56618089512445,,,,,
NWS000845,NW022_NULL_N045_A1,NWP_A1_S04_NULL,NWB_A1_S04,NULL_FLARE_RED_NOISE,45,880.0,1.0,,,4,0,VALID,-179.6575343420564,-174.24569037490784,-174.63127346266435,-5.41184396714857,-0.3855830877565154,-15.41184396714857,M0,M0,False,43.58509600059789,,,,,
NWS000846,NW022_NULL_N045_A1,NWP_A1_S05_NULL,NWB_A1_S05,NULL_FLARE_RED_NOISE,45,880.0,1.0,,,5,0,VALID,-178.22222272995862,-169.72590637414288,-172.2338169411483,-8.496316355815736,-2.5079105670054105,-18.496316355815736,M0,M0,False,98.26913911756394,,,,,
NWS000847,NW022_NULL_N045_A1,NWP_A1_S06_NULL,NWB_A1_S06,NULL_FLARE_RED_NOISE,45,880.0,1.0,,,6,0,VALID,-178.12795579487414,-169.75132767074683,-172.25202336562023,-8.376628124127308,-2.5006956948734,-18.376628124127308,M0,M0,False,75.01854569121015,,,,,
NWS000848,NW022_NULL_N045_A1,NWP_A1_S07_NULL,NWB_A1_S07,NULL_FLARE_RED_NOISE,45,880.0,1.0,,,7,0,VALID,-188.8053696043774,-180.77673057953274,-183.00729768701842,-8.028639024844665,-2.230567107485683,-18.028639024844665,M0,M0,False,130.67920962394155,,,,,
NWS000849,NW022_NULL_N045_A1,NWP_A1_S08_NULL,NWB_A1_S08,NULL_FLARE_RED_NOISE,45,880.0,1.0,,,8,0,VALID,-173.37897650422542,-166.22745736075777,-167.58821406745778,-7.151519143467652,-1.3607567067000161,-17.151519143467652,M0,M0,False,57.548405549359885,,,,,
NWS000850,NW022_NULL_N045_A1,NWP_A1_S09_NULL,NWB_A1_S09,NULL_FLARE_RED_NOISE,45,880.0,1.0,,,9,0,VALID,-172.61530214665783,-164.33165092208444,-166.6907871334833,-8.28365122457339,-2.3591362113988623,-18.28365122457339,M0,M0,False,82.60356275247213,,,,,
NWS000851,NW022_NULL_N045_A1,NWP_A1_S10_NULL,NWB_A1_S10,NULL_FLARE_RED_NOISE,45,880.0,1.0,,,10,0,VALID,-168.16443846901387,-163.20248206670607,-162.5492347499897,-4.9619564023078055,0.6532473167163744,-14.961956402307806,M0,M0,False,92.3009418725011,,,,,
NWS000852,NW022_NULL_N045_A1,NWP_A1_S11_NULL,NWB_A1_S11,NULL_FLARE_RED_NOISE,45,880.0,1.0,,,11,0,VALID,-193.6038623158157,-185.99335151846918,-187.59302250514924,-7.610510797346507,-1.599670986680053,-17.610510797346507,M0,M0,False,50.65083511313487,,,,,
NWS000853,NW022_NULL_N045_A1,NWP_A1_S12_NULL,NWB_A1_S12,NULL_FLARE_RED_NOISE,45,880.0,1.0,,,12,0,VALID,-186.43420817209486,-181.99193323822283,-180.89519181656794,-4.442274933872028,1.0967414216548832,-14.442274933872028,M0,M0,False,67.43198951501547,,,,,
NWS000854,NW022_NULL_N045_A1,NWP_A1_S13_NULL,NWB_A1_S13,NULL_FLARE_RED_NOISE,45,880.0,1.0,,,13,0,VALID,-177.32669804639804,-169.27363914816942,-172.50185055118033,-8.053058898228613,-3.228211403010903,-18.053058898228613,M0,M0,False,88.60002427901549,,,,,
NWS000855,NW022_NULL_N045_A1,NWP_A1_S14_NULL,NWB_A1_S14,NULL_FLARE_RED_NOISE,45,880.0,1.0,,,14,0,VALID,-183.2170842821829,-176.25344349343223,-177.58554830094198,-6.963640788750666,-1.3321048075097508,-16.963640788750666,M0,M0,False,101.41891372432181,,,,,
NWS000856,NW022_NULL_N045_A1,NWP_A1_S15_NULL,NWB_A1_S15,NULL_FLARE_RED_NOISE,45,880.0,1.0,,,15,0,VALID,-186.99007669700984,-178.43374175219444,-180.98309604278217,-8.556334944815404,-2.549354290587729,-18.556334944815404,M0,M0,False,44.58843295109297,,,,,
NWS000857,NW022_NULL_N045_A1,NWP_A1_S16_NULL,NWB_A1_S16,NULL_FLARE_RED_NOISE,45,880.0,1.0,,,16,0,VALID,-160.44592180951733,-154.42383636899575,-155.04202233388213,-6.022085440521579,-0.6181859648863792,-16.02208544052158,M0,M0,False,59.45046863045152,,,,,
NWS000858,NW022_NULL_N045_A1,NWP_A1_S17_NULL,NWB_A1_S17,NULL_FLARE_RED_NOISE,45,880.0,1.0,,,17,0,VALID,-170.0025898036082,-164.62107097817082,-165.00638347685424,-5.381518825437382,-0.3853124986834189,-15.381518825437382,M0,M0,False,71.1509943592885,,,,,
NWS000859,NW022_NULL_N045_A1,NWP_A1_S18_NULL,NWB_A1_S18,NULL_FLARE_RED_NOISE,45,880.0,1.0,,,18,0,VALID,-173.3375290406223,-164.84693145824951,-167.59627110525548,-8.490597582372772,-2.749339647005968,-18.49059758237277,M0,M0,False,70.88357931896391,,,,,
NWS000860,NW022_NULL_N045_A1,NWP_A1_S19_NULL,NWB_A1_S19,NULL_FLARE_RED_NOISE,45,880.0,1.0,,,19,0,VALID,-189.6867083471646,-182.09749925418987,-184.08765550518473,-7.589209092974727,-1.9901562509948576,-17.589209092974727,M0,M0,False,53.27319886443282,,,,,
NWS000861,NW022_NULL_N045_A1,NWP_A1_S20_NULL,NWB_A1_S20,NULL_FLARE_RED_NOISE,45,880.0,1.0,,,20,0,VALID,-175.53653696085706,-169.149124387614,-170.79041808574613,-6.387412573243068,-1.6412936981321309,-16.38741257324307,M0,M0,False,73.02752074390423,,,,,
NWS000862,NW022_NULL_N045_A1,NWP_A1_S21_NULL,NWB_A1_S21,NULL_FLARE_RED_NOISE,45,880.0,1.0,,,21,0,VALID,-175.49884629419483,-167.38735299377703,-170.1487967168573,-8.111493300417806,-2.7614437230802764,-18.111493300417806,M0,M0,False,60.505658062145976,,,,,
NWS000863,NW022_NULL_N045_A1,NWP_A1_S22_NULL,NWB_A1_S22,NULL_FLARE_RED_NOISE,45,880.0,1.0,,,22,0,VALID,-166.80509809739416,-160.77135118363208,-161.62093816144608,-6.033746913762087,-0.8495869778139991,-16.033746913762087,M0,M0,False,55.50632255973222,,,,,
NWS000864,NW022_NULL_N045_A1,NWP_A1_S23_NULL,NWB_A1_S23,NULL_FLARE_RED_NOISE,45,880.0,1.0,,,23,0,VALID,-181.34056852017022,-174.05283235053741,-176.0257877169691,-7.287736169632808,-1.9729553664316768,-17.287736169632808,M0,M0,False,73.88646327314112,,,,,
NWS000865,NW022_NULL_N045_A1,NWP_A1_S24_NULL,NWB_A1_S24,NULL_FLARE_RED_NOISE,45,880.0,1.0,,,24,0,VALID,-163.6822380984828,-167.781261565817,-159.95745496911803,4.099023467334206,7.823806596698972,-5.900976532665794,M0,M1,False,69.44184096617848,,,,,
NWS000866,NW022_NULL_N045_A1,NWP_A1_S25_NULL,NWB_A1_S25,NULL_FLARE_RED_NOISE,45,880.0,1.0,,,25,0,VALID,-186.07988088386753,-178.24093851329673,-180.518475409176,-7.8389423705708055,-2.2775368958792797,-17.838942370570805,M0,M0,False,72.7388080228514,,,,,
NWS000867,NW022_NULL_N045_A1,NWP_A1_S26_NULL,NWB_A1_S26,NULL_FLARE_RED_NOISE,45,880.0,1.0,,,26,0,VALID,-177.92983614727927,-173.3902411610049,-171.8688851608946,-4.5395949862743805,1.521356000110302,-14.53959498627438,M0,M0,False,47.403706395318224,,,,,
NWS000868,NW022_NULL_N045_A1,NWP_A1_S27_NULL,NWB_A1_S27,NULL_FLARE_RED_NOISE,45,880.0,1.0,,,27,0,VALID,-173.76615639347636,-165.1007622363548,-167.7835792588441,-8.665394157121568,-2.682817022489303,-18.66539415712157,M0,M0,False,82.31277420396923,,,,,
NWS000869,NW022_NULL_N045_A1,NWP_A1_S28_NULL,NWB_A1_S28,NULL_FLARE_RED_NOISE,45,880.0,1.0,,,28,0,VALID,-177.13314675997947,-171.61885231989996,-171.49949326037586,-5.51429444007951,0.11935905952410053,-15.51429444007951,M0,M0,False,49.82430571040934,,,,,
NWS000870,NW022_NULL_N045_A1,NWP_A1_S29_NULL,NWB_A1_S29,NULL_FLARE_RED_NOISE,45,880.0,1.0,,,29,0,VALID,-175.7703487485144,-167.12219637593856,-169.81853535804947,-8.64815237257585,-2.696338982110916,-18.64815237257585,M0,M0,False,82.65579257996141,,,,,
NWS000871,NW022_NULL_N045_A1,NWP_A1_S30_NULL,NWB_A1_S30,NULL_FLARE_RED_NOISE,45,880.0,1.0,,,30,0,VALID,-158.78140477997613,-150.19732769634973,-152.97940016235833,-8.584077083626397,-2.7820724660086,-18.584077083626397,M0,M0,False,56.11770371183245,,,,,
NWS000872,NW022_NULL_N045_A1,NWP_A1_S31_NULL,NWB_A1_S31,NULL_FLARE_RED_NOISE,45,880.0,1.0,,,31,0,VALID,-173.60690736677353,-168.0586146634472,-168.0538852184016,-5.548292703326325,0.004729445045597913,-15.548292703326325,M0,M0,False,62.92556558791586,,,,,
NWS000873,NW022_NULL_N045_A1,NWP_A1_S32_NULL,NWB_A1_S32,NULL_FLARE_RED_NOISE,45,880.0,1.0,,,32,0,VALID,-172.979107236469,-168.42341323115028,-168.5755425454143,-4.555694005318713,-0.1521293142640161,-14.555694005318713,M0,M0,False,129.4836576260187,,,,,
NWS000874,NW022_NULL_N045_A1,NWP_A1_S33_NULL,NWB_A1_S33,NULL_FLARE_RED_NOISE,45,880.0,1.0,,,33,0,VALID,-174.15786447636862,-166.60153144986896,-168.27651971104672,-7.556333026499658,-1.6749882611777593,-17.556333026499658,M0,M0,False,54.278513877566894,,,,,
NWS000875,NW022_NULL_N045_A1,NWP_A1_S34_NULL,NWB_A1_S34,NULL_FLARE_RED_NOISE,45,880.0,1.0,,,34,0,VALID,-190.24219828743213,-181.86563247939011,-184.20402225921885,-8.376565808042017,-2.3383897798287308,-18.376565808042017,M0,M0,False,101.598462638791,,,,,
NWS000876,NW022_NULL_N045_A1,NWP_A1_S35_NULL,NWB_A1_S35,NULL_FLARE_RED_NOISE,45,880.0,1.0,,,35,0,VALID,-175.67033913638835,-167.71177872731317,-169.89694353477717,-7.958560409075176,-2.185164807463991,-17.958560409075176,M0,M0,False,168.29230041756807,,,,,
NWS000877,NW022_NULL_N045_A1,NWP_A1_S36_NULL,NWB_A1_S36,NULL_FLARE_RED_NOISE,45,880.0,1.0,,,36,0,VALID,-160.90957892424146,-157.77708469572855,-156.19597273542928,-3.132494228512911,1.5811119602992676,-13.132494228512911,M0,M0,False,77.20395285258338,,,,,
NWS000878,NW022_NULL_N045_A1,NWP_A1_S37_NULL,NWB_A1_S37,NULL_FLARE_RED_NOISE,45,880.0,1.0,,,37,0,VALID,-162.82840885927516,-155.83236835040873,-157.97191035982354,-6.996040508866429,-2.1395420094148108,-16.99604050886643,M0,M0,False,69.60406339838464,,,,,
NWS000879,NW022_NULL_N045_A1,NWP_A1_S38_NULL,NWB_A1_S38,NULL_FLARE_RED_NOISE,45,880.0,1.0,,,38,0,VALID,-185.37067839909446,-180.9897953361503,-179.60518399959727,-4.38088306294415,1.3846113365530357,-14.38088306294415,M0,M0,False,86.33973203523146,,,,,
NWS000880,NW022_NULL_N045_A1,NWP_A1_S39_NULL,NWB_A1_S39,NULL_FLARE_RED_NOISE,45,880.0,1.0,,,39,0,VALID,-181.44320769052382,-177.4058651958457,-175.81301474625542,-4.037342494678114,1.592850449590287,-14.037342494678114,M0,M0,False,113.61411005450864,,,,,
NWS000881,NW023_QPP_N045_P050_A1_Q040,NWP_A1_S00_P050,NWB_A1_S00,STATIONARY_QPP_PRESENT,45,880.0,1.0,50.0,0.04,0,0,VALID,-172.7235552009917,-164.93684787815388,-167.10401148681802,-7.786707322837827,-2.16716360866414,-17.786707322837827,M0,M0,False,89.73930275031626,formal_m1_center_not_selected,39.739302750316256,39.739302750316256,0.7947860550063252,0.7947860550063252
NWS000882,NW023_QPP_N045_P050_A1_Q040,NWP_A1_S01_P050,NWB_A1_S01,STATIONARY_QPP_PRESENT,45,880.0,1.0,50.0,0.04,1,0,VALID,-171.64723717869902,-168.30078627406377,-165.96867143831412,-3.3464509046352475,2.3321148357496497,-13.346450904635248,M0,M0,False,48.39911541334462,formal_m1_center_not_selected,-1.6008845866553827,1.6008845866553827,-0.03201769173310765,0.03201769173310765
NWS000883,NW023_QPP_N045_P050_A1_Q040,NWP_A1_S02_P050,NWB_A1_S02,STATIONARY_QPP_PRESENT,45,880.0,1.0,50.0,0.04,2,0,VALID,-168.70258889831297,-161.08821005632223,-163.06318828842456,-7.614378841990742,-1.9749782321023304,-17.614378841990742,M0,M0,False,49.84823713262101,formal_m1_center_not_selected,-0.15176286737899147,0.15176286737899147,-0.0030352573475798295,0.0030352573475798295
NWS000884,NW023_QPP_N045_P050_A1_Q040,NWP_A1_S03_P050,NWB_A1_S03,STATIONARY_QPP_PRESENT,45,880.0,1.0,50.0,0.04,3,0,VALID,-168.94477374765626,-162.98805621197644,-162.91642894251896,-5.9567175356798145,0.07162726945747977,-15.956717535679815,M0,M0,False,85.53178881511732,formal_m1_center_not_selected,35.531788815117324,35.531788815117324,0.7106357763023464,0.7106357763023464
NWS000885,NW023_QPP_N045_P050_A1_Q040,NWP_A1_S04_P050,NWB_A1_S04,STATIONARY_QPP_PRESENT,45,880.0,1.0,50.0,0.04,4,0,VALID,-176.1410360315233,-170.48989172693854,-170.87043555289398,-5.651144304584761,-0.3805438259554421,-15.651144304584761,M0,M0,False,47.333017819864644,formal_m1_center_not_selected,-2.6669821801353564,2.6669821801353564,-0.053339643602707126,0.053339643602707126
NWS000886,NW023_QPP_N045_P050_A1_Q040,NWP_A1_S05_P050,NWB_A1_S05,STATIONARY_QPP_PRESENT,45,880.0,1.0,50.0,0.04,5,0,VALID,-170.95589695462476,-165.22164807479516,-164.79185648032188,-5.734248879829607,0.4297915944732722,-15.734248879829607,M0,M0,False,51.67502089633924,formal_m1_center_not_selected,1.675020896339241,1.675020896339241,0.03350041792678482,0.03350041792678482
NWS000887,NW023_QPP_N045_P050_A1_Q040,NWP_A1_S06_P050,NWB_A1_S06,STATIONARY_QPP_PRESENT,45,880.0,1.0,50.0,0.04,6,0,VALID,-174.41764667305873,-167.55445230957153,-168.70345437357878,-6.863194363487196,-1.1490020640072487,-16.863194363487196,M0,M0,False,48.156597834240884,formal_m1_center_not_selected,-1.843402165759116,1.843402165759116,-0.03686804331518232,0.03686804331518232
NWS000888,NW023_QPP_N045_P050_A1_Q040,NWP_A1_S07_P050,NWB_A1_S07,STATIONARY_QPP_PRESENT,45,880.0,1.0,50.0,0.04,7,0,VALID,-185.9362397338399,-181.0069828082382,-180.73508344553255,-4.929256925601692,0.2718993627056534,-14.929256925601692,M0,M0,False,57.9446776900198,formal_m1_center_not_selected,7.944677690019802,7.944677690019802,0.15889355380039605,0.15889355380039605
NWS000889,NW023_QPP_N045_P050_A1_Q040,NWP_A1_S08_P050,NWB_A1_S08,STATIONARY_QPP_PRESENT,45,880.0,1.0,50.0,0.04,8,0,VALID,-170.85329769393957,-163.16725791360486,-165.18649943606687,-7.68603978033471,-2.0192415224620106,-17.68603978033471,M0,M0,False,57.25515583884527,formal_m1_center_not_selected,7.255155838845269,7.255155838845269,0.14510311677690538,0.14510311677690538
NWS000890,NW023_QPP_N045_P050_A1_Q040,NWP_A1_S09_P050,NWB_A1_S09,STATIONARY_QPP_PRESENT,45,880.0,1.0,50.0,0.04,9,0,VALID,-170.40441535974338,-162.08340410673773,-164.48338261328365,-8.32101125300565,-2.3999785065459207,-18.32101125300565,M0,M0,False,74.55945707545061,formal_m1_center_not_selected,24.55945707545061,24.55945707545061,0.49118914150901216,0.49118914150901216
NWS000891,NW023_QPP_N045_P050_A1_Q040,NWP_A1_S10_P050,NWB_A1_S10,STATIONARY_QPP_PRESENT,45,880.0,1.0,50.0,0.04,10,0,VALID,-164.7812140732559,-159.40158574427778,-158.99720962965375,-5.379628328978129,0.40437611462402856,-15.379628328978129,M0,M0,False,92.35151681722063,formal_m1_center_not_selected,42.35151681722063,42.35151681722063,0.8470303363444125,0.8470303363444125
NWS000892,NW023_QPP_N045_P050_A1_Q040,NWP_A1_S11_P050,NWB_A1_S11,STATIONARY_QPP_PRESENT,45,880.0,1.0,50.0,0.04,11,0,VALID,-184.0106709360706,-180.73215586879118,-178.39140318541263,-3.2785150672794146,2.340752683378554,-13.278515067279415,M0,M0,False,50.071392521913246,formal_m1_center_not_selected,0.0713925219132463,0.0713925219132463,0.001427850438264926,0.001427850438264926
NWS000893,NW023_QPP_N045_P050_A1_Q040,NWP_A1_S12_P050,NWB_A1_S12,STATIONARY_QPP_PRESENT,45,880.0,1.0,50.0,0.04,12,0,VALID,-181.33884152528657,-174.58627848545927,-175.38293018851084,-6.752563039827294,-0.7966517030515661,-16.752563039827294,M0,M0,False,67.74644906391909,formal_m1_center_not_selected,17.746449063919087,17.746449063919087,0.35492898127838174,0.35492898127838174
NWS000894,NW023_QPP_N045_P050_A1_Q040,NWP_A1_S13_P050,NWB_A1_S13,STATIONARY_QPP_PRESENT,45,880.0,1.0,50.0,0.04,13,0,VALID,-171.01042271061732,-164.26296204743016,-165.35541202918535,-6.747460663187155,-1.0924499817551805,-16.747460663187155,M0,M0,False,48.68157264549695,formal_m1_center_not_selected,-1.3184273545030507,1.3184273545030507,-0.026368547090061013,0.026368547090061013
NWS000895,NW023_QPP_N045_P050_A1_Q040,NWP_A1_S14_P050,NWB_A1_S14,STATIONARY_QPP_PRESENT,45,880.0,1.0,50.0,0.04,14,0,VALID,-179.8716058463747,-172.77754631848623,-174.5320421373694,-7.094059527888476,-1.7544958188831572,-17.094059527888476,M0,M0,False,101.39078141583957,formal_m1_center_not_selected,51.39078141583957,51.39078141583957,1.0278156283167914,1.0278156283167914
NWS000896,NW023_QPP_N045_P050_A1_Q040,NWP_A1_S15_P050,NWB_A1_S15,STATIONARY_QPP_PRESENT,45,880.0,1.0,50.0,0.04,15,0,VALID,-180.2889625032918,-171.96649945189506,-174.33830256988858,-8.322463051396738,-2.3718031179935224,-18.32246305139674,M0,M0,False,45.74317941180071,formal_m1_center_not_selected,-4.2568205881992895,4.2568205881992895,-0.08513641176398579,0.08513641176398579
NWS000897,NW023_QPP_N045_P050_A1_Q040,NWP_A1_S16_P050,NWB_A1_S16,STATIONARY_QPP_PRESENT,45,880.0,1.0,50.0,0.04,16,0,VALID,-157.9954320214942,-152.47923740906933,-152.50440385590497,-5.516194612424869,-0.025166446835640954,-15.516194612424869,M0,M0,False,58.99459857484747,formal_m1_center_not_selected,8.994598574847473,8.994598574847473,0.17989197149694947,0.17989197149694947
NWS000898,NW023_QPP_N045_P050_A1_Q040,NWP_A1_S17_P050,NWB_A1_S17,STATIONARY_QPP_PRESENT,45,880.0,1.0,50.0,0.04,17,0,VALID,-167.90141035131276,-162.78885180167134,-162.9683370221934,-5.11255854964142,-0.17948522052205362,-15.11255854964142,M0,M0,False,70.48016173962564,formal_m1_center_not_selected,20.480161739625643,20.480161739625643,0.40960323479251287,0.40960323479251287
NWS000899,NW023_QPP_N045_P050_A1_Q040,NWP_A1_S18_P050,NWB_A1_S18,STATIONARY_QPP_PRESENT,45,880.0,1.0,50.0,0.04,18,0,VALID,-168.58096599178316,-162.71367063669481,-162.64842301419634,-5.867295355088345,0.06524762249847527,-15.867295355088345,M0,M0,False,48.90760196254827,formal_m1_center_not_selected,-1.09239803745173,1.09239803745173,-0.021847960749034598,0.021847960749034598
NWS000900,NW023_QPP_N045_P050_A1_Q040,NWP_A1_S19_P050,NWB_A1_S19,STATIONARY_QPP_PRESENT,45,880.0,1.0,50.0,0.04,19,0,VALID,-186.43647776663408,-178.82082338358313,-180.80974123773257,-7.615654383050952,-1.9889178541494346,-17.615654383050952,M0,M0,False,53.10735777476969,formal_m1_center_not_selected,3.1073577747696888,3.1073577747696888,0.06214715549539378,0.06214715549539378
NWS000901,NW023_QPP_N045_P050_A1_Q040,NWP_A1_S20_P050,NWB_A1_S20,STATIONARY_QPP_PRESENT,45,880.0,1.0,50.0,0.04,20,0,VALID,-170.6177534821973,-164.05866017474742,-165.76116763363297,-6.559093307449871,-1.7025074588855489,-16.55909330744987,M0,M0,False,67.13697576301129,formal_m1_center_not_selected,17.136975763011293,17.136975763011293,0.34273951526022584,0.34273951526022584
NWS000902,NW023_QPP_N045_P050_A1_Q040,NWP_A1_S21_P050,NWB_A1_S21,STATIONARY_QPP_PRESENT,45,880.0,1.0,50.0,0.04,21,0,VALID,-174.9448207965214,-169.04431741323876,-169.91552392838918,-5.900503383282654,-0.8712065151504191,-15.900503383282654,M0,M0,False,58.77162974573442,formal_m1_center_not_selected,8.771629745734423,8.771629745734423,0.17543259491468846,0.17543259491468846
NWS000903,NW023_QPP_N045_P050_A1_Q040,NWP_A1_S22_P050,NWB_A1_S22,STATIONARY_QPP_PRESENT,45,880.0,1.0,50.0,0.04,22,0,VALID,-164.2898792969234,-157.72993149304855,-158.69619728688934,-6.559947803874849,-0.9662657938407904,-16.55994780387485,M0,M0,False,54.22194832894779,formal_m1_center_not_selected,4.221948328947789,4.221948328947789,0.08443896657895579,0.08443896657895579
NWS000904,NW023_QPP_N045_P050_A1_Q040,NWP_A1_S23_P050,NWB_A1_S23,STATIONARY_QPP_PRESENT,45,880.0,1.0,50.0,0.04,23,0,VALID,-179.47618420532018,-171.78351435430764,-173.78857499464237,-7.692669851012539,-2.005060640334733,-17.69266985101254,M0,M0,False,73.96189554546828,formal_m1_center_not_selected,23.96189554546828,23.96189554546828,0.4792379109093656,0.4792379109093656
NWS000905,NW023_QPP_N045_P050_A1_Q040,NWP_A1_S24_P050,NWB_A1_S24,STATIONARY_QPP_PRESENT,45,880.0,1.0,50.0,0.04,24,0,VALID,-163.2602567150933,-168.56800303434,-159.21521121061005,5.307746319246689,9.352791823729945,-4.692253680753311,M0,M1,False,68.47160977703817,formal_m1_center_not_selected,18.471609777038168,18.471609777038168,0.36943219554076334,0.36943219554076334
NWS000906,NW023_QPP_N045_P050_A1_Q040,NWP_A1_S25_P050,NWB_A1_S25,STATIONARY_QPP_PRESENT,45,880.0,1.0,50.0,0.04,25,0,VALID,-180.39758712204792,-172.98226159956795,-175.191277148773,-7.415325522479975,-2.2090155492050485,-17.415325522479975,M0,M0,False,65.8007873756991,formal_m1_center_not_selected,15.800787375699102,15.800787375699102,0.31601574751398204,0.31601574751398204
NWS000907,NW023_QPP_N045_P050_A1_Q040,NWP_A1_S26_P050,NWB_A1_S26,STATIONARY_QPP_PRESENT,45,880.0,1.0,50.0,0.04,26,0,VALID,-175.53499478383736,-173.28138895391524,-170.2444827225831,-2.2536058299221224,3.0369062313321535,-12.253605829922122,M0,M0,False,47.52909980260955,formal_m1_center_not_selected,-2.470900197390449,2.470900197390449,-0.049418003947808986,0.049418003947808986
NWS000908,NW023_QPP_N045_P050_A1_Q040,NWP_A1_S27_P050,NWB_A1_S27,STATIONARY_QPP_PRESENT,45,880.0,1.0,50.0,0.04,27,0,VALID,-170.9957764673173,-163.6036574025719,-165.3152331473127,-7.392119064745401,-1.7115757447407987,-17.3921190647454,M0,M0,False,47.63013801243494,formal_m1_center_not_selected,-2.3698619875650593,2.3698619875650593,-0.04739723975130119,0.04739723975130119
NWS000909,NW023_QPP_N045_P050_A1_Q040,NWP_A1_S28_P050,NWB_A1_S28,STATIONARY_QPP_PRESENT,45,880.0,1.0,50.0,0.04,28,0,VALID,-172.22247284936188,-168.23974123887047,-166.749912772019,-3.982731610491413,1.4898284668514634,-13.982731610491413,M0,M0,False,50.77134813131579,formal_m1_center_not_selected,0.7713481313157899,0.7713481313157899,0.015426962626315798,0.015426962626315798
NWS000910,NW023_QPP_N045_P050_A1_Q040,NWP_A1_S29_P050,NWB_A1_S29,STATIONARY_QPP_PRESENT,45,880.0,1.0,50.0,0.04,29,0,VALID,-172.04176866650783,-164.02615788657295,-166.00506523573864,-8.015610779934889,-1.978907349165695,-18.01561077993489,M0,M0,False,46.70791652103959,formal_m1_center_not_selected,-3.292083478960407,3.292083478960407,-0.06584166957920815,0.06584166957920815
NWS000911,NW023_QPP_N045_P050_A1_Q040,NWP_A1_S30_P050,NWB_A1_S30,STATIONARY_QPP_PRESENT,45,880.0,1.0,50.0,0.04,30,0,VALID,-158.21140642849355,-150.00827310874118,-152.35120106385926,-8.203133319752368,-2.3429279551180855,-18.203133319752368,M0,M0,False,76.13281987937172,formal_m1_center_not_selected,26.132819879371723,26.132819879371723,0.5226563975874344,0.5226563975874344
NWS000912,NW023_QPP_N045_P050_A1_Q040,NWP_A1_S31_P050,NWB_A1_S31,STATIONARY_QPP_PRESENT,45,880.0,1.0,50.0,0.04,31,0,VALID,-168.8553137731863,-163.0050602338402,-163.38371997134345,-5.850253539346113,-0.37865973750325566,-15.850253539346113,M0,M0,False,55.577276452363904,formal_m1_center_not_selected,5.577276452363904,5.577276452363904,0.11154552904727807,0.11154552904727807
NWS000913,NW023_QPP_N045_P050_A1_Q040,NWP_A1_S32_P050,NWB_A1_S32,STATIONARY_QPP_PRESENT,45,880.0,1.0,50.0,0.04,32,0,VALID,-169.1086855018596,-164.46104653297397,-164.72001822975687,-4.647638968885644,-0.25897169678290766,-14.647638968885644,M0,M0,False,129.5818752017506,formal_m1_center_not_selected,79.58187520175059,79.58187520175059,1.591637504035012,1.591637504035012
NWS000914,NW023_QPP_N045_P050_A1_Q040,NWP_A1_S33_P050,NWB_A1_S33,STATIONARY_QPP_PRESENT,45,880.0,1.0,50.0,0.04,33,0,VALID,-174.60812446786923,-166.6804796536331,-168.9209524156247,-7.9276448142361176,-2.240472761991583,-17.927644814236118,M0,M0,False,57.824736505631165,formal_m1_center_not_selected,7.824736505631165,7.824736505631165,0.1564947301126233,0.1564947301126233
NWS000915,NW023_QPP_N045_P050_A1_Q040,NWP_A1_S34_P050,NWB_A1_S34,STATIONARY_QPP_PRESENT,45,880.0,1.0,50.0,0.04,34,0,VALID,-183.874301976844,-177.48587261378714,-178.29979769777106,-6.388429363056872,-0.8139250839839178,-16.388429363056872,M0,M0,False,49.73468260769457,formal_m1_center_not_selected,-0.26531739230542684,0.26531739230542684,-0.005306347846108537,0.005306347846108537
NWS000916,NW023_QPP_N045_P050_A1_Q040,NWP_A1_S35_P050,NWB_A1_S35,STATIONARY_QPP_PRESENT,45,880.0,1.0,50.0,0.04,35,0,VALID,-172.10995904407363,-164.2714168760911,-166.619887071392,-7.838542167982524,-2.3484701953008766,-17.838542167982524,M0,M0,False,168.23434669596253,formal_m1_center_not_selected,118.23434669596253,118.23434669596253,2.3646869339192507,2.3646869339192507
NWS000917,NW023_QPP_N045_P050_A1_Q040,NWP_A1_S36_P050,NWB_A1_S36,STATIONARY_QPP_PRESENT,45,880.0,1.0,50.0,0.04,36,0,VALID,-158.5695225611213,-154.59127914012635,-154.18094796499878,-3.978243420994943,0.4103311751275669,-13.978243420994943,M0,M0,False,77.21461903702335,formal_m1_center_not_selected,27.214619037023354,27.214619037023354,0.544292380740467,0.544292380740467
NWS000918,NW023_QPP_N045_P050_A1_Q040,NWP_A1_S37_P050,NWB_A1_S37,STATIONARY_QPP_PRESENT,45,880.0,1.0,50.0,0.04,37,0,VALID,-160.5330889748506,-154.49333004169324,-155.73293829261286,-6.039758933157373,-1.2396082509196162,-16.039758933157373,M0,M0,False,64.77648022593183,formal_m1_center_not_selected,14.776480225931834,14.776480225931834,0.2955296045186367,0.2955296045186367
NWS000919,NW023_QPP_N045_P050_A1_Q040,NWP_A1_S38_P050,NWB_A1_S38,STATIONARY_QPP_PRESENT,45,880.0,1.0,50.0,0.04,38,0,VALID,-177.64695549802872,-173.12355980302883,-171.69922984134325,-4.523395694999891,1.4243299616855722,-14.523395694999891,M0,M0,False,47.56823906162725,formal_m1_center_not_selected,-2.431760938372747,2.431760938372747,-0.04863521876745494,0.04863521876745494
NWS000920,NW023_QPP_N045_P050_A1_Q040,NWP_A1_S39_P050,NWB_A1_S39,STATIONARY_QPP_PRESENT,45,880.0,1.0,50.0,0.04,39,0,VALID,-176.6351455149497,-172.25672766748573,-171.13925237923445,-4.378417847463965,1.1174752882512848,-14.378417847463965,M0,M0,False,113.5793140746179,formal_m1_center_not_selected,63.5793140746179,63.5793140746179,1.271586281492358,1.271586281492358
NWS000921,NW024_QPP_N045_P080_A1_Q040,NWP_A1_S00_P080,NWB_A1_S00,STATIONARY_QPP_PRESENT,45,880.0,1.0,80.0,0.04,0,0,VALID,-172.36175470316883,-166.37564854591068,-167.36937722704545,-5.986106157258149,-0.993728681134769,-15.986106157258149,M0,M0,False,83.20146973015584,formal_m1_center_not_selected,3.2014697301558357,3.2014697301558357,0.04001837162694795,0.04001837162694795
NWS000922,NW024_QPP_N045_P080_A1_Q040,NWP_A1_S01_P080,NWB_A1_S01,STATIONARY_QPP_PRESENT,45,880.0,1.0,80.0,0.04,1,0,VALID,-171.65067957847143,-164.12101635209726,-165.87860611786755,-7.5296632263741685,-1.757589765770291,-17.52966322637417,M0,M0,False,76.4714287169702,formal_m1_center_not_selected,-3.5285712830298053,3.5285712830298053,-0.04410714103787257,0.04410714103787257
NWS000923,NW024_QPP_N045_P080_A1_Q040,NWP_A1_S02_P080,NWB_A1_S02,STATIONARY_QPP_PRESENT,45,880.0,1.0,80.0,0.04,2,0,VALID,-170.5739691351127,-164.21546662783712,-165.20976105125618,-6.358502507275574,-0.9942944234190634,-16.358502507275574,M0,M0,False,53.182942506562746,formal_m1_center_not_selected,-26.817057493437254,26.817057493437254,-0.33521321866796566,0.33521321866796566
NWS000924,NW024_QPP_N045_P080_A1_Q040,NWP_A1_S03_P080,NWB_A1_S03,STATIONARY_QPP_PRESENT,45,880.0,1.0,80.0,0.04,3,0,VALID,-172.14749191954212,-163.61153949107498,-166.11063064336736,-8.53595242846714,-2.4990911522923795,-18.53595242846714,M0,M0,False,47.17893519954615,formal_m1_center_not_selected,-32.82106480045385,32.82106480045385,-0.41026331000567307,0.41026331000567307
NWS000925,NW024_QPP_N045_P080_A1_Q040,NWP_A1_S04_P080,NWB_A1_S04,STATIONARY_QPP_PRESENT,45,880.0,1.0,80.0,0.04,4,0,VALID,-177.52805698573835,-170.88102318511434,-171.68789132136806,-6.647033800624001,-0.806868136253712,-16.647033800624,M0,M0,False,43.61789083255911,formal_m1_center_not_selected,-36.38210916744089,36.38210916744089,-0.4547763645930111,0.4547763645930111
NWS000926,NW024_QPP_N045_P080_A1_Q040,NWP_A1_S05_P080,NWB_A1_S05,STATIONARY_QPP_PRESENT,45,880.0,1.0,80.0,0.04,5,0,VALID,-175.16186692573092,-168.74094208561607,-169.4722946627233,-6.42092484011485,-0.7313525771072307,-16.42092484011485,M0,M0,False,87.03124270531644,formal_m1_center_not_selected,7.031242705316444,7.031242705316444,0.08789053381645555,0.08789053381645555
NWS000927,NW024_QPP_N045_P080_A1_Q040,NWP_A1_S06_P080,NWB_A1_S06,STATIONARY_QPP_PRESENT,45,880.0,1.0,80.0,0.04,6,0,VALID,-173.9051277876757,-166.49993895883895,-168.3615975719303,-7.405188828836742,-1.8616586130913504,-17.405188828836742,M0,M0,False,75.45742341559469,formal_m1_center_not_selected,-4.54257658440531,4.54257658440531,-0.056782207305066376,0.056782207305066376
NWS000928,NW024_QPP_N045_P080_A1_Q040,NWP_A1_S07_P080,NWB_A1_S07,STATIONARY_QPP_PRESENT,45,880.0,1.0,80.0,0.04,7,0,VALID,-188.93433077262546,-180.93165475644807,-183.13499972343635,-8.00267601617739,-2.2033449669882827,-18.00267601617739,M0,M0,False,83.85027067509753,formal_m1_center_not_selected,3.8502706750975335,3.8502706750975335,0.04812838343871917,0.04812838343871917
NWS000929,NW024_QPP_N045_P080_A1_Q040,NWP_A1_S08_P080,NWB_A1_S08,STATIONARY_QPP_PRESENT,45,880.0,1.0,80.0,0.04,8,0,VALID,-172.396350119043,-165.42931537823335,-166.72351549667894,-6.967034740809652,-1.2942001184455876,-16.967034740809652,M0,M0,False,57.74590554507607,formal_m1_center_not_selected,-22.25409445492393,22.25409445492393,-0.27817618068654915,0.27817618068654915
NWS000930,NW024_QPP_N045_P080_A1_Q040,NWP_A1_S09_P080,NWB_A1_S09,STATIONARY_QPP_PRESENT,45,880.0,1.0,80.0,0.04,9,0,VALID,-172.17862316707482,-165.4964659128558,-166.4397118019412,-6.682157254219021,-0.9432458890854036,-16.68215725421902,M0,M0,False,73.41149347905166,formal_m1_center_not_selected,-6.588506520948343,6.588506520948343,-0.08235633151185429,0.08235633151185429
NWS000931,NW024_QPP_N045_P080_A1_Q040,NWP_A1_S10_P080,NWB_A1_S10,STATIONARY_QPP_PRESENT,45,880.0,1.0,80.0,0.04,10,0,VALID,-168.6972229210648,-162.21182749784975,-162.97005896210692,-6.485395423215039,-0.7582314642571646,-16.48539542321504,M0,M0,False,98.50852275321533,formal_m1_center_not_selected,18.50852275321533,18.50852275321533,0.23135653441519163,0.23135653441519163
NWS000932,NW024_QPP_N045_P080_A1_Q040,NWP_A1_S11_P080,NWB_A1_S11,STATIONARY_QPP_PRESENT,45,880.0,1.0,80.0,0.04,11,0,VALID,-188.56961906868918,-180.7652357621994,-183.14513377616322,-7.804383306489768,-2.3798980139638104,-17.80438330648977,M0,M0,False,77.78248588439362,formal_m1_center_not_selected,-2.2175141156063773,2.2175141156063773,-0.027718926445079718,0.027718926445079718
NWS000933,NW024_QPP_N045_P080_A1_Q040,NWP_A1_S12_P080,NWB_A1_S12,STATIONARY_QPP_PRESENT,45,880.0,1.0,80.0,0.04,12,0,VALID,-182.79027625561207,-181.16291170493847,-177.6610902538368,-1.6273645506736045,3.5018214511016765,-11.627364550673605,M0,M0,False,68.14951585191389,formal_m1_center_not_selected,-11.85048414808611,11.85048414808611,-0.1481310518510764,0.1481310518510764
NWS000934,NW024_QPP_N045_P080_A1_Q040,NWP_A1_S13_P080,NWB_A1_S13,STATIONARY_QPP_PRESENT,45,880.0,1.0,80.0,0.04,13,0,VALID,-173.7877822887153,-166.88458450635062,-169.55651187826282,-6.9031977823646855,-2.6719273719122043,-16.903197782364686,M0,M0,False,78.68145753207781,formal_m1_center_not_selected,-1.3185424679221853,1.3185424679221853,-0.016481780849027315,0.016481780849027315
NWS000935,NW024_QPP_N045_P080_A1_Q040,NWP_A1_S14_P080,NWB_A1_S14,STATIONARY_QPP_PRESENT,45,880.0,1.0,80.0,0.04,14,0,VALID,-182.6640991189292,-176.17640409820922,-177.02654532617157,-6.487695020719968,-0.8501412279623537,-16.48769502071997,M0,M0,False,101.79365217986356,formal_m1_center_not_selected,21.793652179863557,21.793652179863557,0.2724206522482945,0.2724206522482945
NWS000936,NW024_QPP_N045_P080_A1_Q040,NWP_A1_S15_P080,NWB_A1_S15,STATIONARY_QPP_PRESENT,45,880.0,1.0,80.0,0.04,15,0,VALID,-183.9574010090107,-175.42752632113528,-177.94177370617643,-8.529874687875434,-2.514247385041159,-18.529874687875434,M0,M0,False,100.64617822687138,formal_m1_center_not_selected,20.646178226871385,20.646178226871385,0.2580772278358923,0.2580772278358923
NWS000937,NW024_QPP_N045_P080_A1_Q040,NWP_A1_S16_P080,NWB_A1_S16,STATIONARY_QPP_PRESENT,45,880.0,1.0,80.0,0.04,16,0,VALID,-160.86787489602568,-155.2109316627463,-155.2002732630104,-5.656943233279378,0.010658399735916646,-15.656943233279378,M0,M0,False,59.293642579046946,formal_m1_center_not_selected,-20.706357420953054,20.706357420953054,-0.2588294677619132,0.2588294677619132
NWS000938,NW024_QPP_N045_P080_A1_Q040,NWP_A1_S17_P080,NWB_A1_S17,STATIONARY_QPP_PRESENT,45,880.0,1.0,80.0,0.04,17,0,VALID,-168.90045491190017,-163.47880964069375,-163.76915092022085,-5.421645271206415,-0.2903412795270981,-15.421645271206415,M0,M0,False,73.01813929654809,formal_m1_center_not_selected,-6.981860703451915,6.981860703451915,-0.08727325879314893,0.08727325879314893
NWS000939,NW024_QPP_N045_P080_A1_Q040,NWP_A1_S18_P080,NWB_A1_S18,STATIONARY_QPP_PRESENT,45,880.0,1.0,80.0,0.04,18,0,VALID,-167.54071989598546,-161.73552071729318,-162.8886421711225,-5.805199178692277,-1.1531214538293284,-15.805199178692277,M0,M0,False,76.40907352759454,formal_m1_center_not_selected,-3.5909264724054566,3.5909264724054566,-0.04488658090506821,0.04488658090506821
NWS000940,NW024_QPP_N045_P080_A1_Q040,NWP_A1_S19_P080,NWB_A1_S19,STATIONARY_QPP_PRESENT,45,880.0,1.0,80.0,0.04,19,0,VALID,-192.1522296158921,-185.23971913607463,-186.1268121321906,-6.912510479817485,-0.8870929961159675,-16.912510479817485,M0,M0,False,53.41758097319697,formal_m1_center_not_selected,-26.58241902680303,26.58241902680303,-0.3322802378350379,0.3322802378350379
NWS000941,NW024_QPP_N045_P080_A1_Q040,NWP_A1_S20_P080,NWB_A1_S20,STATIONARY_QPP_PRESENT,45,880.0,1.0,80.0,0.04,20,0,VALID,-177.28261573631315,-169.54272960186165,-172.33468737686962,-7.7398861344514955,-2.7919577750079725,-17.739886134451496,M0,M0,False,71.52061320551661,formal_m1_center_not_selected,-8.47938679448339,8.47938679448339,-0.10599233493104236,0.10599233493104236
NWS000942,NW024_QPP_N045_P080_A1_Q040,NWP_A1_S21_P080,NWB_A1_S21,STATIONARY_QPP_PRESENT,45,880.0,1.0,80.0,0.04,21,0,VALID,-175.03001531230834,-166.73016706303983,-169.52574525728852,-8.299848249268507,-2.795578194248691,-18.299848249268507,M0,M0,False,60.221364345355944,formal_m1_center_not_selected,-19.778635654644056,19.778635654644056,-0.2472329456830507,0.2472329456830507
NWS000943,NW024_QPP_N045_P080_A1_Q040,NWP_A1_S22_P080,NWB_A1_S22,STATIONARY_QPP_PRESENT,45,880.0,1.0,80.0,0.04,22,0,VALID,-164.1169204858034,-157.99513961841456,-159.3606332795112,-6.12178086738885,-1.3654936610966502,-16.12178086738885,M0,M0,False,81.79827894287962,formal_m1_center_not_selected,1.7982789428796195,1.7982789428796195,0.022478486785995243,0.022478486785995243
NWS000944,NW024_QPP_N045_P080_A1_Q040,NWP_A1_S23_P080,NWB_A1_S23,STATIONARY_QPP_PRESENT,45,880.0,1.0,80.0,0.04,23,0,VALID,-176.46816093500564,-171.30545306504462,-171.45120999799838,-5.162707869961025,-0.14575693295375913,-15.162707869961025,M0,M0,False,74.51911140248609,formal_m1_center_not_selected,-5.4808885975139106,5.4808885975139106,-0.06851110746892389,0.06851110746892389
NWS000945,NW024_QPP_N045_P080_A1_Q040,NWP_A1_S24_P080,NWB_A1_S24,STATIONARY_QPP_PRESENT,45,880.0,1.0,80.0,0.04,24,0,VALID,-161.93180223964217,-164.77927688813008,-157.53363406675845,2.8474746484879176,7.245642821371632,-7.152525351512082,M0,M1,False,70.46670820973311,formal_m1_center_not_selected,-9.533291790266887,9.533291790266887,-0.11916614737833608,0.11916614737833608
NWS000946,NW024_QPP_N045_P080_A1_Q040,NWP_A1_S25_P080,NWB_A1_S25,STATIONARY_QPP_PRESENT,45,880.0,1.0,80.0,0.04,25,0,VALID,-183.6630723248862,-178.12234094836361,-178.64331163950396,-5.5407313765225865,-0.5209706911403487,-15.540731376522587,M0,M0,False,80.38701935263043,formal_m1_center_not_selected,0.38701935263043197,0.38701935263043197,0.0048377419078804,0.0048377419078804
NWS000947,NW024_QPP_N045_P080_A1_Q040,NWP_A1_S26_P080,NWB_A1_S26,STATIONARY_QPP_PRESENT,45,880.0,1.0,80.0,0.04,26,0,VALID,-176.55830299040352,-170.35471348124253,-170.4885082327413,-6.203589509160992,-0.13379475149878317,-16.20358950916099,M0,M0,False,47.21470531500358,formal_m1_center_not_selected,-32.78529468499642,32.78529468499642,-0.4098161835624553,0.4098161835624553
NWS000948,NW024_QPP_N045_P080_A1_Q040,NWP_A1_S27_P080,NWB_A1_S27,STATIONARY_QPP_PRESENT,45,880.0,1.0,80.0,0.04,27,0,VALID,-173.86486018838602,-165.67725548598975,-168.13216794274837,-8.187604702396271,-2.4549124567586205,-18.18760470239627,M0,M0,False,262.20415539969594,formal_m1_center_not_selected,182.20415539969594,182.20415539969594,2.277551942496199,2.277551942496199
NWS000949,NW024_QPP_N045_P080_A1_Q040,NWP_A1_S28_P080,NWB_A1_S28,STATIONARY_QPP_PRESENT,45,880.0,1.0,80.0,0.04,28,0,VALID,-174.885805332342,-169.67734406089573,-168.82534268982903,-5.208461271446254,0.8520013710667058,-15.208461271446254,M0,M0,False,49.774140702888275,formal_m1_center_not_selected,-30.225859297111725,30.225859297111725,-0.37782324121389654,0.37782324121389654
NWS000950,NW024_QPP_N045_P080_A1_Q040,NWP_A1_S29_P080,NWB_A1_S29,STATIONARY_QPP_PRESENT,45,880.0,1.0,80.0,0.04,29,0,VALID,-174.62428258760326,-166.26102995860867,-168.59715815306282,-8.363252628994587,-2.3361281944541474,-18.363252628994587,M0,M0,False,76.28276027966497,formal_m1_center_not_selected,-3.71723972033503,3.71723972033503,-0.046465496504187874,0.046465496504187874
NWS000951,NW024_QPP_N045_P080_A1_Q040,NWP_A1_S30_P080,NWB_A1_S30,STATIONARY_QPP_PRESENT,45,880.0,1.0,80.0,0.04,30,0,VALID,-160.04642346383986,-151.73666138085153,-154.02999880573094,-8.309762082988328,-2.293337424879411,-18.30976208298833,M0,M0,False,118.34857495960165,formal_m1_center_not_selected,38.34857495960165,38.34857495960165,0.4793571869950206,0.4793571869950206
NWS000952,NW024_QPP_N045_P080_A1_Q040,NWP_A1_S31_P080,NWB_A1_S31,STATIONARY_QPP_PRESENT,45,880.0,1.0,80.0,0.04,31,0,VALID,-171.2407705644531,-164.0416272110844,-165.71634999979239,-7.199143353368697,-1.6747227887079816,-17.199143353368697,M0,M0,False,63.27514400143098,formal_m1_center_not_selected,-16.72485599856902,16.72485599856902,-0.20906069998211274,0.20906069998211274
NWS000953,NW024_QPP_N045_P080_A1_Q040,NWP_A1_S32_P080,NWB_A1_S32,STATIONARY_QPP_PRESENT,45,880.0,1.0,80.0,0.04,32,0,VALID,-171.9634626278149,-166.87740412083775,-166.87068519591793,-5.086058506977139,0.006718924919823621,-15.086058506977139,M0,M0,False,129.79035108076008,formal_m1_center_not_selected,49.790351080760075,49.790351080760075,0.6223793885095009,0.6223793885095009
NWS000954,NW024_QPP_N045_P080_A1_Q040,NWP_A1_S33_P080,NWB_A1_S33,STATIONARY_QPP_PRESENT,45,880.0,1.0,80.0,0.04,33,0,VALID,-173.14619100891701,-166.06214371185328,-167.24553657312248,-7.084047297063734,-1.1833928612691977,-17.084047297063734,M0,M0,False,53.5749282867053,formal_m1_center_not_selected,-26.4250717132947,26.4250717132947,-0.33031339641618374,0.33031339641618374
NWS000955,NW024_QPP_N045_P080_A1_Q040,NWP_A1_S34_P080,NWB_A1_S34,STATIONARY_QPP_PRESENT,45,880.0,1.0,80.0,0.04,34,0,VALID,-186.88628736251454,-178.5340018534959,-181.107742658703,-8.352285509018628,-2.5737408052070805,-18.35228550901863,M0,M0,False,76.30450309087014,formal_m1_center_not_selected,-3.695496909129858,3.695496909129858,-0.04619371136412322,0.04619371136412322
NWS000956,NW024_QPP_N045_P080_A1_Q040,NWP_A1_S35_P080,NWB_A1_S35,STATIONARY_QPP_PRESENT,45,880.0,1.0,80.0,0.04,35,0,VALID,-176.7993269132882,-168.63908647872452,-170.89807904627588,-8.16024043456369,-2.25899256755136,-18.16024043456369,M0,M0,False,52.30154929264941,formal_m1_center_not_selected,-27.698450707350588,27.698450707350588,-0.34623063384188235,0.34623063384188235
NWS000957,NW024_QPP_N045_P080_A1_Q040,NWP_A1_S36_P080,NWB_A1_S36,STATIONARY_QPP_PRESENT,45,880.0,1.0,80.0,0.04,36,0,VALID,-158.65579352655237,-157.87210646063718,-154.28599910348436,-0.7836870659151884,3.5861073571528266,-10.783687065915188,M0,M0,False,77.33270754437615,formal_m1_center_not_selected,-2.6672924556238513,2.6672924556238513,-0.03334115569529814,0.03334115569529814
NWS000958,NW024_QPP_N045_P080_A1_Q040,NWP_A1_S37_P080,NWB_A1_S37,STATIONARY_QPP_PRESENT,45,880.0,1.0,80.0,0.04,37,0,VALID,-162.39176015900568,-155.64612069480893,-157.64970559209883,-6.745639464196756,-2.0035848972898975,-16.745639464196756,M0,M0,False,75.4271346237694,formal_m1_center_not_selected,-4.572865376230595,4.572865376230595,-0.05716081720288244,0.05716081720288244
NWS000959,NW024_QPP_N045_P080_A1_Q040,NWP_A1_S38_P080,NWB_A1_S38,STATIONARY_QPP_PRESENT,45,880.0,1.0,80.0,0.04,38,0,VALID,-184.06091848696272,-177.50181373405368,-178.65037937263173,-6.559104752909036,-1.1485656385780487,-16.559104752909036,M0,M0,False,86.37378701702303,formal_m1_center_not_selected,6.373787017023034,6.373787017023034,0.07967233771278792,0.07967233771278792
NWS000960,NW024_QPP_N045_P080_A1_Q040,NWP_A1_S39_P080,NWB_A1_S39,STATIONARY_QPP_PRESENT,45,880.0,1.0,80.0,0.04,39,0,VALID,-179.56027349018103,-174.02660218331442,-173.9037229107439,-5.533671306866609,0.12287927257051479,-15.533671306866609,M0,M0,False,113.89241517082047,formal_m1_center_not_selected,33.89241517082047,33.89241517082047,0.4236551896352559,0.4236551896352559
NWS000961,NW025_NULL_N045_A2,NWP_A2_S00_NULL,NWB_A2_S00,NULL_FLARE_RED_NOISE,45,880.0,2.0,,,0,0,VALID,-204.37218672490104,-196.10081936599997,-198.37587920430275,-8.271367358901074,-2.2750598383027807,-18.271367358901074,M0,M0,False,96.30499310918779,,,,,
NWS000962,NW025_NULL_N045_A2,NWP_A2_S01_NULL,NWB_A2_S01,NULL_FLARE_RED_NOISE,45,880.0,2.0,,,1,0,VALID,-198.67370176207123,-189.58895803714495,-192.54831816547676,-9.084743724926284,-2.9593601283318094,-19.084743724926284,M0,M0,False,79.84452839788958,,,,,
NWS000963,NW025_NULL_N045_A2,NWP_A2_S02_NULL,NWB_A2_S02,NULL_FLARE_RED_NOISE,45,880.0,2.0,,,2,0,VALID,-200.84030461148683,-193.10903937999612,-194.90460650360177,-7.73126523149071,-1.7955671236056503,-17.73126523149071,M0,M0,False,78.38421356509589,,,,,
NWS000964,NW025_NULL_N045_A2,NWP_A2_S03_NULL,NWB_A2_S03,NULL_FLARE_RED_NOISE,45,880.0,2.0,,,3,0,VALID,-194.97179387125448,-187.94928368438772,-190.02235400446335,-7.022510186866754,-2.0730703200756295,-17.022510186866754,M0,M0,False,76.00517633833454,,,,,
NWS000965,NW025_NULL_N045_A2,NWP_A2_S04_NULL,NWB_A2_S04,NULL_FLARE_RED_NOISE,45,880.0,2.0,,,4,0,VALID,-205.3289647450029,-196.1363842485275,-199.18995629008526,-9.192580496475415,-3.0535720415577714,-19.192580496475415,M0,M0,False,68.98667732435372,,,,,
NWS000966,NW025_NULL_N045_A2,NWP_A2_S05_NULL,NWB_A2_S05,NULL_FLARE_RED_NOISE,45,880.0,2.0,,,5,0,VALID,-208.06853479078532,-199.22863438682117,-202.02911728036338,-8.839900403964151,-2.8004828935422097,-18.83990040396415,M0,M0,False,92.34260256526693,,,,,
NWS000967,NW025_NULL_N045_A2,NWP_A2_S06_NULL,NWB_A2_S06,NULL_FLARE_RED_NOISE,45,880.0,2.0,,,6,0,VALID,-204.32569505648786,-195.12955185599623,-198.15550402825397,-9.196143200491633,-3.025952172257746,-19.196143200491633,M0,M0,False,205.4020715905614,,,,,
NWS000968,NW025_NULL_N045_A2,NWP_A2_S07_NULL,NWB_A2_S07,NULL_FLARE_RED_NOISE,45,880.0,2.0,,,7,0,VALID,-209.48782913569798,-200.73933981257352,-203.4452543844589,-8.74848932312446,-2.705914571885387,-18.74848932312446,M0,M0,False,69.15578902522348,,,,,
NWS000969,NW025_NULL_N045_A2,NWP_A2_S08_NULL,NWB_A2_S08,NULL_FLARE_RED_NOISE,45,880.0,2.0,,,8,0,VALID,-202.1868626970196,-193.20617726406016,-196.06337565368744,-8.980685432959433,-2.8571983896272855,-18.980685432959433,M0,M0,False,202.28618953311576,,,,,
NWS000970,NW025_NULL_N045_A2,NWP_A2_S09_NULL,NWB_A2_S09,NULL_FLARE_RED_NOISE,45,880.0,2.0,,,9,0,VALID,-205.12595302060794,-196.06118440134202,-198.9521769023509,-9.06476861926592,-2.8909925010088955,-19.06476861926592,M0,M0,False,113.09605921448097,,,,,
NWS000971,NW025_NULL_N045_A2,NWP_A2_S10_NULL,NWB_A2_S10,NULL_FLARE_RED_NOISE,45,880.0,2.0,,,10,0,VALID,-194.44369801531337,-186.95630208612334,-188.9224707329629,-7.487395929190029,-1.9661686468395487,-17.48739592919003,M0,M0,False,76.91111874025385,,,,,
NWS000972,NW025_NULL_N045_A2,NWP_A2_S11_NULL,NWB_A2_S11,NULL_FLARE_RED_NOISE,45,880.0,2.0,,,11,0,VALID,-199.4480570192175,-190.69033782373012,-193.39040596709043,-8.757719195487368,-2.700068143360312,-18.75771919548737,M0,M0,False,64.57260091833095,,,,,
NWS000973,NW025_NULL_N045_A2,NWP_A2_S12_NULL,NWB_A2_S12,NULL_FLARE_RED_NOISE,45,880.0,2.0,,,12,0,VALID,-186.2326233466677,-177.55504156701213,-180.2821041320933,-8.677581779655583,-2.7270625650811837,-18.677581779655583,M0,M0,False,73.03480341561988,,,,,
NWS000974,NW025_NULL_N045_A2,NWP_A2_S13_NULL,NWB_A2_S13,NULL_FLARE_RED_NOISE,45,880.0,2.0,,,13,0,VALID,-197.7938948093124,-190.26644573189571,-192.48534903339936,-7.527449077416691,-2.2189033015036443,-17.52744907741669,M0,M0,False,69.07404111720714,,,,,
NWS000975,NW025_NULL_N045_A2,NWP_A2_S14_NULL,NWB_A2_S14,NULL_FLARE_RED_NOISE,45,880.0,2.0,,,14,0,VALID,-204.87187280015524,-195.88459113716905,-198.79092626312269,-8.987281662986192,-2.906335125953632,-18.98728166298619,M0,M0,False,68.45593443590077,,,,,
NWS000976,NW025_NULL_N045_A2,NWP_A2_S15_NULL,NWB_A2_S15,NULL_FLARE_RED_NOISE,45,880.0,2.0,,,15,0,VALID,-199.26909197963232,-190.62550162376468,-193.20348290680232,-8.643590355867644,-2.5779812830376443,-18.643590355867644,M0,M0,False,69.10630615590534,,,,,
NWS000977,NW025_NULL_N045_A2,NWP_A2_S16_NULL,NWB_A2_S16,NULL_FLARE_RED_NOISE,45,880.0,2.0,,,16,0,VALID,-200.20684442652208,-192.191963605488,-194.2659856072815,-8.014880821034069,-2.0740220017934803,-18.01488082103407,M0,M0,False,153.36892045071684,,,,,
NWS000978,NW025_NULL_N045_A2,NWP_A2_S17_NULL,NWB_A2_S17,NULL_FLARE_RED_NOISE,45,880.0,2.0,,,17,0,VALID,-205.7842936950297,-197.0309147681633,-199.6302819557996,-8.75337892686639,-2.5993671876362896,-18.75337892686639,M0,M0,False,75.4892932966859,,,,,
NWS000979,NW025_NULL_N045_A2,NWP_A2_S18_NULL,NWB_A2_S18,NULL_FLARE_RED_NOISE,45,880.0,2.0,,,18,0,VALID,-198.8382202938783,-190.09917429777278,-192.7549434773356,-8.739045996105517,-2.6557691795628102,-18.739045996105517,M0,M0,False,258.26601929456456,,,,,
NWS000980,NW025_NULL_N045_A2,NWP_A2_S19_NULL,NWB_A2_S19,NULL_FLARE_RED_NOISE,45,880.0,2.0,,,19,0,VALID,-195.91939937591107,-187.5824283263023,-190.12424331098964,-8.336971049608763,-2.541814984687335,-18.336971049608763,M0,M0,False,59.18373835149262,,,,,
NWS000981,NW025_NULL_N045_A2,NWP_A2_S20_NULL,NWB_A2_S20,NULL_FLARE_RED_NOISE,45,880.0,2.0,,,20,0,VALID,-205.8166063515301,-196.70437023102502,-199.67223338342797,-9.112236120505088,-2.9678631524029413,-19.112236120505088,M0,M0,False,299.99970233561993,,,,,
NWS000982,NW025_NULL_N045_A2,NWP_A2_S21_NULL,NWB_A2_S21,NULL_FLARE_RED_NOISE,45,880.0,2.0,,,21,0,VALID,-202.82211621585756,-194.20274880272805,-197.09770801021267,-8.61936741312951,-2.894959207484618,-18.61936741312951,M0,M0,False,59.43291199653162,,,,,
NWS000983,NW025_NULL_N045_A2,NWP_A2_S22_NULL,NWB_A2_S22,NULL_FLARE_RED_NOISE,45,880.0,2.0,,,22,0,VALID,-200.15756382557245,-191.35552674312436,-194.02099256839523,-8.802037082448095,-2.6654658252708714,-18.802037082448095,M0,M0,False,94.29949507343362,,,,,
NWS000984,NW025_NULL_N045_A2,NWP_A2_S23_NULL,NWB_A2_S23,NULL_FLARE_RED_NOISE,45,880.0,2.0,,,23,0,VALID,-198.53296817017412,-189.68294188624122,-192.49678462301802,-8.850026283932891,-2.8138427367767918,-18.85002628393289,M0,M0,False,72.21339716093362,,,,,
NWS000985,NW025_NULL_N045_A2,NWP_A2_S24_NULL,NWB_A2_S24,NULL_FLARE_RED_NOISE,45,880.0,2.0,,,24,0,VALID,-203.71351330491103,-195.28458885035775,-197.84791882986343,-8.428924454553282,-2.5633299795056814,-18.428924454553282,M0,M0,False,84.0864727140419,,,,,
NWS000986,NW025_NULL_N045_A2,NWP_A2_S25_NULL,NWB_A2_S25,NULL_FLARE_RED_NOISE,45,880.0,2.0,,,25,0,VALID,-205.11435940677103,-195.99252334956446,-199.00310012308898,-9.121836057206565,-3.0105767735245195,-19.121836057206565,M0,M0,False,75.52381193764873,,,,,
NWS000987,NW025_NULL_N045_A2,NWP_A2_S26_NULL,NWB_A2_S26,NULL_FLARE_RED_NOISE,45,880.0,2.0,,,26,0,VALID,-196.86057472964882,-188.66482227373353,-190.7957984628813,-8.195752455915283,-2.130976189147759,-18.195752455915283,M0,M0,False,130.425571976216,,,,,
NWS000988,NW025_NULL_N045_A2,NWP_A2_S27_NULL,NWB_A2_S27,NULL_FLARE_RED_NOISE,45,880.0,2.0,,,27,0,VALID,-204.24351803607777,-195.34587145656687,-198.06421388585454,-8.897646579510905,-2.7183424292876737,-18.897646579510905,M0,M0,False,91.075136717631,,,,,
NWS000989,NW025_NULL_N045_A2,NWP_A2_S28_NULL,NWB_A2_S28,NULL_FLARE_RED_NOISE,45,880.0,2.0,,,28,0,VALID,-204.1776092479759,-195.2450684090131,-198.1635949135628,-8.932540838962808,-2.9185265045497033,-18.932540838962808,M0,M0,False,67.77207401514926,,,,,
NWS000990,NW025_NULL_N045_A2,NWP_A2_S29_NULL,NWB_A2_S29,NULL_FLARE_RED_NOISE,45,880.0,2.0,,,29,0,VALID,-195.25714940410376,-186.83423058602787,-189.31541335995712,-8.422918818075885,-2.4811827739292482,-18.422918818075885,M0,M0,False,88.73685422737653,,,,,
NWS000991,NW025_NULL_N045_A2,NWP_A2_S30_NULL,NWB_A2_S30,NULL_FLARE_RED_NOISE,45,880.0,2.0,,,30,0,VALID,-201.99443284860692,-193.3365726388111,-196.01683706033725,-8.657860209795814,-2.6802644215261466,-18.657860209795814,M0,M0,False,73.61955674624046,,,,,
NWS000992,NW025_NULL_N045_A2,NWP_A2_S31_NULL,NWB_A2_S31,NULL_FLARE_RED_NOISE,45,880.0,2.0,,,31,0,VALID,-202.41524119660176,-193.97533243442876,-196.45073163645964,-8.43990876217299,-2.4753992020308715,-18.43990876217299,M0,M0,False,299.99999999999994,,,,,
NWS000993,NW025_NULL_N045_A2,NWP_A2_S32_NULL,NWB_A2_S32,NULL_FLARE_RED_NOISE,45,880.0,2.0,,,32,0,VALID,-194.54124892807158,-185.73894913665274,-188.5197080842376,-8.802299791418847,-2.7807589475848715,-18.802299791418847,M0,M0,False,153.2345325424479,,,,,
NWS000994,NW025_NULL_N045_A2,NWP_A2_S33_NULL,NWB_A2_S33,NULL_FLARE_RED_NOISE,45,880.0,2.0,,,33,0,VALID,-201.53084349302972,-192.91384120025677,-195.4768822073442,-8.617002292772952,-2.5630410070874348,-18.617002292772952,M0,M0,False,185.403662654765,,,,,
NWS000995,NW025_NULL_N045_A2,NWP_A2_S34_NULL,NWB_A2_S34,NULL_FLARE_RED_NOISE,45,880.0,2.0,,,34,0,VALID,-204.13553681989526,-195.19495590001924,-198.12224952242025,-8.940580919876027,-2.9272936224010095,-18.940580919876027,M0,M0,False,81.01237296146856,,,,,
NWS000996,NW025_NULL_N045_A2,NWP_A2_S35_NULL,NWB_A2_S35,NULL_FLARE_RED_NOISE,45,880.0,2.0,,,35,0,VALID,-200.18932086393227,-191.7748240315813,-194.1297097497175,-8.414496832350977,-2.3548857181362166,-18.414496832350977,M0,M0,False,153.42786648180112,,,,,
NWS000997,NW025_NULL_N045_A2,NWP_A2_S36_NULL,NWB_A2_S36,NULL_FLARE_RED_NOISE,45,880.0,2.0,,,36,0,VALID,-200.45061534412503,-191.42111164644342,-194.51033761360395,-9.029503697681605,-3.08922596716053,-19.029503697681605,M0,M0,False,65.46016132795727,,,,,
NWS000998,NW025_NULL_N045_A2,NWP_A2_S37_NULL,NWB_A2_S37,NULL_FLARE_RED_NOISE,45,880.0,2.0,,,37,0,VALID,-185.11027935145535,-176.38667891940972,-179.11595558729385,-8.723600432045629,-2.729276667884136,-18.72360043204563,M0,M0,False,67.79501203410483,,,,,
NWS000999,NW025_NULL_N045_A2,NWP_A2_S38_NULL,NWB_A2_S38,NULL_FLARE_RED_NOISE,45,880.0,2.0,,,38,0,VALID,-207.2270355510398,-198.3064756468608,-201.10161349817753,-8.920559904178987,-2.795137851316724,-18.920559904178987,M0,M0,False,60.264237191977436,,,,,
NWS001000,NW025_NULL_N045_A2,NWP_A2_S39_NULL,NWB_A2_S39,NULL_FLARE_RED_NOISE,45,880.0,2.0,,,39,0,VALID,-209.16131899109106,-200.0850734689023,-203.02784767195618,-9.07624552218877,-2.9427742030538866,-19.07624552218877,M0,M0,False,60.21248930412298,,,,,
NWS001001,NW026_QPP_N045_P050_A2_Q040,NWP_A2_S00_P050,NWB_A2_S00,STATIONARY_QPP_PRESENT,45,880.0,2.0,50.0,0.04,0,0,VALID,-195.73411177826188,-188.31316055984456,-189.56833929222938,-7.420951218417315,-1.2551787323848203,-17.420951218417315,M0,M0,False,46.765242189216174,formal_m1_center_not_selected,-3.234757810783826,3.234757810783826,-0.06469515621567652,0.06469515621567652
NWS001002,NW026_QPP_N045_P050_A2_Q040,NWP_A2_S01_P050,NWB_A2_S01,STATIONARY_QPP_PRESENT,45,880.0,2.0,50.0,0.04,1,0,VALID,-190.34022812772378,-184.65566487086744,-184.48399836844004,-5.684563256856336,0.17166650242739934,-15.684563256856336,M0,M0,False,45.78471353988312,formal_m1_center_not_selected,-4.215286460116879,4.215286460116879,-0.08430572920233757,0.08430572920233757
NWS001003,NW026_QPP_N045_P050_A2_Q040,NWP_A2_S02_P050,NWB_A2_S02,STATIONARY_QPP_PRESENT,45,880.0,2.0,50.0,0.04,2,0,VALID,-193.78186392070916,-186.34535057545543,-187.76662013173564,-7.436513345253729,-1.4212695562802082,-17.43651334525373,M0,M0,False,45.98470266474996,formal_m1_center_not_selected,-4.01529733525004,4.01529733525004,-0.0803059467050008,0.0803059467050008
NWS001004,NW026_QPP_N045_P050_A2_Q040,NWP_A2_S03_P050,NWB_A2_S03,STATIONARY_QPP_PRESENT,45,880.0,2.0,50.0,0.04,3,0,VALID,-188.23575168212656,-182.74860562046717,-183.34717674808604,-5.487146061659388,-0.5985711276188681,-15.487146061659388,M0,M0,False,66.67285178325537,formal_m1_center_not_selected,16.672851783255368,16.672851783255368,0.33345703566510737,0.33345703566510737
NWS001005,NW026_QPP_N045_P050_A2_Q040,NWP_A2_S04_P050,NWB_A2_S04,STATIONARY_QPP_PRESENT,45,880.0,2.0,50.0,0.04,4,0,VALID,-196.66158154547884,-191.30932507538697,-190.85150887223352,-5.3522564700918736,0.45781620315344185,-15.352256470091874,M0,M0,False,47.82260516699238,formal_m1_center_not_selected,-2.177394833007618,2.177394833007618,-0.04354789666015236,0.04354789666015236
NWS001006,NW026_QPP_N045_P050_A2_Q040,NWP_A2_S05_P050,NWB_A2_S05,STATIONARY_QPP_PRESENT,45,880.0,2.0,50.0,0.04,5,0,VALID,-198.18231079545615,-196.49673493780526,-192.862473133312,-1.685575857650889,3.6342618044932635,-11.685575857650889,M0,M0,False,53.38342160073044,formal_m1_center_not_selected,3.3834216007304434,3.3834216007304434,0.06766843201460887,0.06766843201460887
NWS001007,NW026_QPP_N045_P050_A2_Q040,NWP_A2_S06_P050,NWB_A2_S06,STATIONARY_QPP_PRESENT,45,880.0,2.0,50.0,0.04,6,0,VALID,-195.2023025412268,-190.5179723426188,-189.46908232091562,-4.684330198607995,1.048890021703187,-14.684330198607995,M0,M0,False,48.20060223515018,formal_m1_center_not_selected,-1.7993977648498216,1.7993977648498216,-0.03598795529699643,0.03598795529699643
NWS001008,NW026_QPP_N045_P050_A2_Q040,NWP_A2_S07_P050,NWB_A2_S07,STATIONARY_QPP_PRESENT,45,880.0,2.0,50.0,0.04,7,0,VALID,-201.38524078881318,-196.48245133991094,-196.06166544079173,-4.90278944890224,0.4207858991192097,-14.90278944890224,M0,M0,False,53.14791069905452,formal_m1_center_not_selected,3.1479106990545205,3.1479106990545205,0.06295821398109042,0.06295821398109042
NWS001009,NW026_QPP_N045_P050_A2_Q040,NWP_A2_S08_P050,NWB_A2_S08,STATIONARY_QPP_PRESENT,45,880.0,2.0,50.0,0.04,8,0,VALID,-196.5811634186541,-188.1486509781925,-190.79186844894906,-8.432512440461608,-2.6432174707565537,-18.432512440461608,M0,M0,False,55.362322025339864,formal_m1_center_not_selected,5.362322025339864,5.362322025339864,0.10724644050679728,0.10724644050679728
NWS001010,NW026_QPP_N045_P050_A2_Q040,NWP_A2_S09_P050,NWB_A2_S09,STATIONARY_QPP_PRESENT,45,880.0,2.0,50.0,0.04,9,0,VALID,-195.0570157013467,-191.46184887246028,-189.16522875828122,-3.59516682888642,2.2966201141790634,-13.59516682888642,M0,M0,False,50.327937767360936,formal_m1_center_not_selected,0.32793776736093605,0.32793776736093605,0.006558755347218721,0.006558755347218721
NWS001011,NW026_QPP_N045_P050_A2_Q040,NWP_A2_S10_P050,NWB_A2_S10,STATIONARY_QPP_PRESENT,45,880.0,2.0,50.0,0.04,10,0,VALID,-187.47978757878485,-180.64458000677598,-181.52128753650936,-6.835207572008869,-0.8767075297333804,-16.83520757200887,M0,M0,False,47.266989938041526,formal_m1_center_not_selected,-2.733010061958474,2.733010061958474,-0.05466020123916948,0.05466020123916948
NWS001012,NW026_QPP_N045_P050_A2_Q040,NWP_A2_S11_P050,NWB_A2_S11,STATIONARY_QPP_PRESENT,45,880.0,2.0,50.0,0.04,11,0,VALID,-195.8286292316141,-188.73569396949924,-189.79199002732219,-7.09293526211485,-1.0562960578229479,-17.09293526211485,M0,M0,False,44.51694111733902,formal_m1_center_not_selected,-5.483058882660977,5.483058882660977,-0.10966117765321953,0.10966117765321953
NWS001013,NW026_QPP_N045_P050_A2_Q040,NWP_A2_S12_P050,NWB_A2_S12,STATIONARY_QPP_PRESENT,45,880.0,2.0,50.0,0.04,12,0,VALID,-177.59279715658008,-171.30600242172508,-171.5992579643107,-6.286794734854993,-0.29325554258562647,-16.286794734854993,M0,M0,False,48.71797437535601,formal_m1_center_not_selected,-1.2820256246439925,1.2820256246439925,-0.02564051249287985,0.02564051249287985
NWS001014,NW026_QPP_N045_P050_A2_Q040,NWP_A2_S13_P050,NWB_A2_S13,STATIONARY_QPP_PRESENT,45,880.0,2.0,50.0,0.04,13,0,VALID,-191.17066245870197,-184.30058254993105,-185.37107393836806,-6.870079908770919,-1.0704913884370058,-16.87007990877092,M0,M0,False,49.92024031316497,formal_m1_center_not_selected,-0.07975968683503254,0.07975968683503254,-0.0015951937367006507,0.0015951937367006507
NWS001015,NW026_QPP_N045_P050_A2_Q040,NWP_A2_S14_P050,NWB_A2_S14,STATIONARY_QPP_PRESENT,45,880.0,2.0,50.0,0.04,14,0,VALID,-198.85347227264114,-192.22692010869525,-193.56428509906158,-6.626552163945888,-1.337364990366325,-16.626552163945888,M0,M0,False,54.542547131368984,formal_m1_center_not_selected,4.542547131368984,4.542547131368984,0.09085094262737968,0.09085094262737968
NWS001016,NW026_QPP_N045_P050_A2_Q040,NWP_A2_S15_P050,NWB_A2_S15,STATIONARY_QPP_PRESENT,45,880.0,2.0,50.0,0.04,15,0,VALID,-191.70954800644841,-186.70787378880743,-186.04483534248908,-5.001674217640982,0.6630384463183532,-15.001674217640982,M0,M0,False,51.90435766976655,formal_m1_center_not_selected,1.9043576697665472,1.9043576697665472,0.03808715339533095,0.03808715339533095
NWS001017,NW026_QPP_N045_P050_A2_Q040,NWP_A2_S16_P050,NWB_A2_S16,STATIONARY_QPP_PRESENT,45,880.0,2.0,50.0,0.04,16,0,VALID,-192.3626312344747,-186.899003385354,-186.91086809518487,-5.463627849120684,-0.011864709830859965,-15.463627849120684,M0,M0,False,50.06123655055662,formal_m1_center_not_selected,0.061236550556621694,0.061236550556621694,0.001224731011132434,0.001224731011132434
NWS001018,NW026_QPP_N045_P050_A2_Q040,NWP_A2_S17_P050,NWB_A2_S17,STATIONARY_QPP_PRESENT,45,880.0,2.0,50.0,0.04,17,0,VALID,-195.75796505754448,-191.14670928193362,-190.1967042426835,-4.611255775610857,0.9500050392501294,-14.611255775610857,M0,M0,False,48.602028626972775,formal_m1_center_not_selected,-1.3979713730272252,1.3979713730272252,-0.027959427460544504,0.027959427460544504
NWS001019,NW026_QPP_N045_P050_A2_Q040,NWP_A2_S18_P050,NWB_A2_S18,STATIONARY_QPP_PRESENT,45,880.0,2.0,50.0,0.04,18,0,VALID,-190.05400432431352,-186.8159431724607,-184.43083806054284,-3.2380611518528326,2.385105111917852,-13.238061151852833,M0,M0,False,53.1897082573904,formal_m1_center_not_selected,3.1897082573904,3.1897082573904,0.063794165147808,0.063794165147808
NWS001020,NW026_QPP_N045_P050_A2_Q040,NWP_A2_S19_P050,NWB_A2_S19,STATIONARY_QPP_PRESENT,45,880.0,2.0,50.0,0.04,19,0,VALID,-186.70559227631819,-181.63418509101433,-181.05616954599856,-5.071407185303855,0.5780155450157736,-15.071407185303855,M0,M0,False,50.22530518552245,formal_m1_center_not_selected,0.22530518552245127,0.22530518552245127,0.004506103710449025,0.004506103710449025
NWS001021,NW026_QPP_N045_P050_A2_Q040,NWP_A2_S20_P050,NWB_A2_S20,STATIONARY_QPP_PRESENT,45,880.0,2.0,50.0,0.04,20,0,VALID,-197.55592381574502,-192.9681184195393,-191.84746569937346,-4.5878053962057095,1.1206527201658503,-14.58780539620571,M0,M0,False,45.73432328098833,formal_m1_center_not_selected,-4.2656767190116724,4.2656767190116724,-0.08531353438023345,0.08531353438023345
NWS001022,NW026_QPP_N045_P050_A2_Q040,NWP_A2_S21_P050,NWB_A2_S21,STATIONARY_QPP_PRESENT,45,880.0,2.0,50.0,0.04,21,0,VALID,-196.99376786312715,-191.94493927112376,-191.95939470003884,-5.048828592003389,-0.014455428915084667,-15.048828592003389,M0,M0,False,55.41449502109272,formal_m1_center_not_selected,5.414495021092719,5.414495021092719,0.10828990042185438,0.10828990042185438
NWS001023,NW026_QPP_N045_P050_A2_Q040,NWP_A2_S22_P050,NWB_A2_S22,STATIONARY_QPP_PRESENT,45,880.0,2.0,50.0,0.04,22,0,VALID,-194.10901297562165,-190.65411005182315,-188.8233699980551,-3.4549029237984996,1.8307400537680394,-13.4549029237985,M0,M0,False,52.94644800284738,formal_m1_center_not_selected,2.946448002847383,2.946448002847383,0.05892896005694766,0.05892896005694766
NWS001024,NW026_QPP_N045_P050_A2_Q040,NWP_A2_S23_P050,NWB_A2_S23,STATIONARY_QPP_PRESENT,45,880.0,2.0,50.0,0.04,23,0,VALID,-188.88252253020653,-183.94667032616593,-182.9350332495003,-4.9358522040406,1.011637076665636,-14.9358522040406,M0,M0,False,47.77993397698722,formal_m1_center_not_selected,-2.2200660230127767,2.2200660230127767,-0.044401320460255536,0.044401320460255536
NWS001025,NW026_QPP_N045_P050_A2_Q040,NWP_A2_S24_P050,NWB_A2_S24,STATIONARY_QPP_PRESENT,45,880.0,2.0,50.0,0.04,24,0,VALID,-193.9589726009421,-190.6872616047924,-188.1127907652247,-3.271710996149693,2.5744708395677094,-13.271710996149693,M0,M0,False,51.44072120298228,formal_m1_center_not_selected,1.4407212029822816,1.4407212029822816,0.02881442405964563,0.02881442405964563
NWS001026,NW026_QPP_N045_P050_A2_Q040,NWP_A2_S25_P050,NWB_A2_S25,STATIONARY_QPP_PRESENT,45,880.0,2.0,50.0,0.04,25,0,VALID,-196.49594600013455,-191.42740168413246,-190.56424406965795,-5.0685443160020895,0.8631576144745168,-15.06854431600209,M0,M0,False,48.33122185178008,formal_m1_center_not_selected,-1.6687781482199213,1.6687781482199213,-0.03337556296439843,0.03337556296439843
NWS001027,NW026_QPP_N045_P050_A2_Q040,NWP_A2_S26_P050,NWB_A2_S26,STATIONARY_QPP_PRESENT,45,880.0,2.0,50.0,0.04,26,0,VALID,-190.89424817554087,-184.62885014597776,-185.4495280291028,-6.2653980295631015,-0.820677883125029,-16.2653980295631,M0,M0,False,45.00944251460913,formal_m1_center_not_selected,-4.990557485390873,4.990557485390873,-0.09981114970781746,0.09981114970781746
NWS001028,NW026_QPP_N045_P050_A2_Q040,NWP_A2_S27_P050,NWB_A2_S27,STATIONARY_QPP_PRESENT,45,880.0,2.0,50.0,0.04,27,0,VALID,-196.39928294776416,-192.1533015782267,-190.53845209307605,-4.245981369537475,1.6148494851506427,-14.245981369537475,M0,M0,False,46.4287989184594,formal_m1_center_not_selected,-3.5712010815406003,3.5712010815406003,-0.071424021630812,0.071424021630812
NWS001029,NW026_QPP_N045_P050_A2_Q040,NWP_A2_S28_P050,NWB_A2_S28,STATIONARY_QPP_PRESENT,45,880.0,2.0,50.0,0.04,28,0,VALID,-194.686545431049,-191.6470891710205,-188.81988738087745,-3.0394562600285155,2.82720179014305,-13.039456260028516,M0,M0,False,51.844624976517565,formal_m1_center_not_selected,1.844624976517565,1.844624976517565,0.0368924995303513,0.0368924995303513
NWS001030,NW026_QPP_N045_P050_A2_Q040,NWP_A2_S29_P050,NWB_A2_S29,STATIONARY_QPP_PRESENT,45,880.0,2.0,50.0,0.04,29,0,VALID,-187.46612211204854,-183.6179698906663,-181.80796560965865,-3.848152221382236,1.8100042810076502,-13.848152221382236,M0,M0,False,53.311713039216414,formal_m1_center_not_selected,3.3117130392164142,3.3117130392164142,0.06623426078432829,0.06623426078432829
NWS001031,NW026_QPP_N045_P050_A2_Q040,NWP_A2_S30_P050,NWB_A2_S30,STATIONARY_QPP_PRESENT,45,880.0,2.0,50.0,0.04,30,0,VALID,-193.03629670921185,-190.47315258073084,-187.580747747572,-2.5631441284810137,2.8924048331588494,-12.563144128481014,M0,M0,False,53.08439017641637,formal_m1_center_not_selected,3.0843901764163704,3.0843901764163704,0.06168780352832741,0.06168780352832741
NWS001032,NW026_QPP_N045_P050_A2_Q040,NWP_A2_S31_P050,NWB_A2_S31,STATIONARY_QPP_PRESENT,45,880.0,2.0,50.0,0.04,31,0,VALID,-197.8747699711456,-189.92592636855366,-192.04269076238302,-7.94884360259195,-2.1167643938293565,-17.94884360259195,M0,M0,False,55.48080565830981,formal_m1_center_not_selected,5.480805658309812,5.480805658309812,0.10961611316619624,0.10961611316619624
NWS001033,NW026_QPP_N045_P050_A2_Q040,NWP_A2_S32_P050,NWB_A2_S32,STATIONARY_QPP_PRESENT,45,880.0,2.0,50.0,0.04,32,0,VALID,-189.95026074885112,-181.46127983699978,-183.86486304974665,-8.488980911851343,-2.4035832127468666,-18.488980911851343,M0,M0,False,55.99414379697706,formal_m1_center_not_selected,5.994143796977063,5.994143796977063,0.11988287593954126,0.11988287593954126
NWS001034,NW026_QPP_N045_P050_A2_Q040,NWP_A2_S33_P050,NWB_A2_S33,STATIONARY_QPP_PRESENT,45,880.0,2.0,50.0,0.04,33,0,VALID,-196.99840447857318,-190.03432713359652,-191.16219734731663,-6.964077344976658,-1.127870213720115,-16.96407734497666,M0,M0,False,44.90743932014957,formal_m1_center_not_selected,-5.092560679850429,5.092560679850429,-0.10185121359700858,0.10185121359700858
NWS001035,NW026_QPP_N045_P050_A2_Q040,NWP_A2_S34_P050,NWB_A2_S34,STATIONARY_QPP_PRESENT,45,880.0,2.0,50.0,0.04,34,0,VALID,-199.9487982989956,-191.40377083672786,-193.88546635413473,-8.54502746226774,-2.4816955174068767,-18.54502746226774,M0,M0,False,115.625997844002,formal_m1_center_not_selected,65.625997844002,65.625997844002,1.31251995688004,1.31251995688004
NWS001036,NW026_QPP_N045_P050_A2_Q040,NWP_A2_S35_P050,NWB_A2_S35,STATIONARY_QPP_PRESENT,45,880.0,2.0,50.0,0.04,35,0,VALID,-191.35267094287695,-188.7034584729546,-185.77154125910084,-2.649212469922361,2.931917213853751,-12.649212469922361,M0,M0,False,53.576279957847646,formal_m1_center_not_selected,3.576279957847646,3.576279957847646,0.07152559915695292,0.07152559915695292
NWS001037,NW026_QPP_N045_P050_A2_Q040,NWP_A2_S36_P050,NWB_A2_S36,STATIONARY_QPP_PRESENT,45,880.0,2.0,50.0,0.04,36,0,VALID,-194.3763024984592,-188.96078475963483,-189.15975760288734,-5.415517738824377,-0.19897284325250553,-15.415517738824377,M0,M0,False,55.07277188777888,formal_m1_center_not_selected,5.072771887778877,5.072771887778877,0.10145543775557755,0.10145543775557755
NWS001038,NW026_QPP_N045_P050_A2_Q040,NWP_A2_S37_P050,NWB_A2_S37,STATIONARY_QPP_PRESENT,45,880.0,2.0,50.0,0.04,37,0,VALID,-183.5664164337631,-176.45919406271324,-177.54054893958113,-7.107222371049858,-1.0813548768678913,-17.107222371049858,M0,M0,False,43.4003208353493,formal_m1_center_not_selected,-6.599679164650702,6.599679164650702,-0.13199358329301403,0.13199358329301403
NWS001039,NW026_QPP_N045_P050_A2_Q040,NWP_A2_S38_P050,NWB_A2_S38,STATIONARY_QPP_PRESENT,45,880.0,2.0,50.0,0.04,38,0,VALID,-202.5661647317895,-194.70526987106953,-196.7542390978811,-7.860894860719981,-2.048969226811579,-17.86089486071998,M0,M0,False,58.09961341991779,formal_m1_center_not_selected,8.099613419917787,8.099613419917787,0.16199226839835576,0.16199226839835576
NWS001040,NW026_QPP_N045_P050_A2_Q040,NWP_A2_S39_P050,NWB_A2_S39,STATIONARY_QPP_PRESENT,45,880.0,2.0,50.0,0.04,39,0,VALID,-203.24158168012383,-196.89001945821732,-197.9415700004942,-6.351562221906505,-1.0515505422768854,-16.351562221906505,M0,M0,False,56.30615314308849,formal_m1_center_not_selected,6.306153143088487,6.306153143088487,0.12612306286176975,0.12612306286176975
NWS001041,NW027_QPP_N045_P080_A2_Q040,NWP_A2_S00_P080,NWB_A2_S00,STATIONARY_QPP_PRESENT,45,880.0,2.0,80.0,0.04,0,0,VALID,-200.65835432457595,-192.06877524968607,-194.76842939630433,-8.589579074889883,-2.6996541466182578,-18.589579074889883,M0,M0,False,96.00474485746541,formal_m1_center_not_selected,16.00474485746541,16.00474485746541,0.20005931071831765,0.20005931071831765
NWS001042,NW027_QPP_N045_P080_A2_Q040,NWP_A2_S01_P080,NWB_A2_S01,STATIONARY_QPP_PRESENT,45,880.0,2.0,80.0,0.04,1,0,VALID,-195.09706267227907,-186.85969919752418,-189.48651508492213,-8.237363474754886,-2.626815887397953,-18.237363474754886,M0,M0,False,70.53285762206433,formal_m1_center_not_selected,-9.467142377935673,9.467142377935673,-0.11833927972419592,0.11833927972419592
NWS001043,NW027_QPP_N045_P080_A2_Q040,NWP_A2_S02_P080,NWB_A2_S02,STATIONARY_QPP_PRESENT,45,880.0,2.0,80.0,0.04,2,0,VALID,-200.2829178625772,-191.42624716089847,-194.6666523322118,-8.856670701678723,-3.2404051713133413,-18.856670701678723,M0,M0,False,60.08303358747518,formal_m1_center_not_selected,-19.916966412524822,19.916966412524822,-0.24896208015656027,0.24896208015656027
NWS001044,NW027_QPP_N045_P080_A2_Q040,NWP_A2_S03_P080,NWB_A2_S03,STATIONARY_QPP_PRESENT,45,880.0,2.0,80.0,0.04,3,0,VALID,-191.89578142902442,-186.73677728859852,-187.23151200584067,-5.159004140425907,-0.494734717242153,-15.159004140425907,M0,M0,False,78.83781382605814,formal_m1_center_not_selected,-1.162186173941862,1.162186173941862,-0.014527327174273274,0.014527327174273274
NWS001045,NW027_QPP_N045_P080_A2_Q040,NWP_A2_S04_P080,NWB_A2_S04,STATIONARY_QPP_PRESENT,45,880.0,2.0,80.0,0.04,4,0,VALID,-198.03244413431054,-191.49024951072425,-192.84049490885877,-6.542194623586283,-1.3502453981345184,-16.542194623586283,M0,M0,False,72.28773476594962,formal_m1_center_not_selected,-7.712265234050378,7.712265234050378,-0.09640331542562972,0.09640331542562972
NWS001046,NW027_QPP_N045_P080_A2_Q040,NWP_A2_S05_P080,NWB_A2_S05,STATIONARY_QPP_PRESENT,45,880.0,2.0,80.0,0.04,5,0,VALID,-204.45474659816716,-198.40918445821438,-198.9213155689281,-6.045562139952779,-0.5121311107137103,-16.04556213995278,M0,M0,False,85.8162848290403,formal_m1_center_not_selected,5.816284829040299,5.816284829040299,0.07270356036300374,0.07270356036300374
NWS001047,NW027_QPP_N045_P080_A2_Q040,NWP_A2_S06_P080,NWB_A2_S06,STATIONARY_QPP_PRESENT,45,880.0,2.0,80.0,0.04,6,0,VALID,-196.6687808467484,-190.34385318070014,-191.4808624862913,-6.324927666048268,-1.1370093055911639,-16.324927666048268,M0,M0,False,73.58531334728723,formal_m1_center_not_selected,-6.414686652712774,6.414686652712774,-0.08018358315890968,0.08018358315890968
NWS001048,NW027_QPP_N045_P080_A2_Q040,NWP_A2_S07_P080,NWB_A2_S07,STATIONARY_QPP_PRESENT,45,880.0,2.0,80.0,0.04,7,0,VALID,-209.2967291514633,-203.13390753314806,-204.29627057819778,-6.162821618315235,-1.162363045049716,-16.162821618315235,M0,M0,False,86.05130630991964,formal_m1_center_not_selected,6.051306309919639,6.051306309919639,0.07564132887399548,0.07564132887399548
NWS001049,NW027_QPP_N045_P080_A2_Q040,NWP_A2_S08_P080,NWB_A2_S08,STATIONARY_QPP_PRESENT,45,880.0,2.0,80.0,0.04,8,0,VALID,-201.54809072422935,-194.07027941860326,-196.1016440018912,-7.477811305626091,-2.031364583287939,-17.47781130562609,M0,M0,False,94.2732735605352,formal_m1_center_not_selected,14.273273560535202,14.273273560535202,0.17841591950669003,0.17841591950669003
NWS001050,NW027_QPP_N045_P080_A2_Q040,NWP_A2_S09_P080,NWB_A2_S09,STATIONARY_QPP_PRESENT,45,880.0,2.0,80.0,0.04,9,0,VALID,-197.4059214694986,-191.88330216246516,-192.17334292551755,-5.5226193070334375,-0.2900407630523887,-15.522619307033438,M0,M0,False,76.93757727683521,formal_m1_center_not_selected,-3.0624227231647865,3.0624227231647865,-0.03828028403955983,0.03828028403955983
NWS001051,NW027_QPP_N045_P080_A2_Q040,NWP_A2_S10_P080,NWB_A2_S10,STATIONARY_QPP_PRESENT,45,880.0,2.0,80.0,0.04,10,0,VALID,-191.08920095987165,-185.02874442600896,-186.0687549570132,-6.060456533862691,-1.040010531004242,-16.06045653386269,M0,M0,False,72.87079832405725,formal_m1_center_not_selected,-7.129201675942753,7.129201675942753,-0.0891150209492844,0.0891150209492844
NWS001052,NW027_QPP_N045_P080_A2_Q040,NWP_A2_S11_P080,NWB_A2_S11,STATIONARY_QPP_PRESENT,45,880.0,2.0,80.0,0.04,11,0,VALID,-196.75640707688302,-188.81520424979465,-190.97790826884477,-7.941202827088375,-2.1627040190501248,-17.941202827088375,M0,M0,False,65.33998219470169,formal_m1_center_not_selected,-14.66001780529831,14.66001780529831,-0.18325022256622886,0.18325022256622886
NWS001053,NW027_QPP_N045_P080_A2_Q040,NWP_A2_S12_P080,NWB_A2_S12,STATIONARY_QPP_PRESENT,45,880.0,2.0,80.0,0.04,12,0,VALID,-180.9119988240153,-176.39012288579858,-175.71035730799622,-4.521875938216738,0.6797655778023568,-14.521875938216738,M0,M0,False,72.78229060013531,formal_m1_center_not_selected,-7.217709399864688,7.217709399864688,-0.0902213674983086,0.0902213674983086
NWS001054,NW027_QPP_N045_P080_A2_Q040,NWP_A2_S13_P080,NWB_A2_S13,STATIONARY_QPP_PRESENT,45,880.0,2.0,80.0,0.04,13,0,VALID,-193.54440482297792,-187.3038612241084,-189.01467584231779,-6.240543598869522,-1.7108146182093833,-16.24054359886952,M0,M0,False,69.96529557975771,formal_m1_center_not_selected,-10.034704420242292,10.034704420242292,-0.12543380525302866,0.12543380525302866
NWS001055,NW027_QPP_N045_P080_A2_Q040,NWP_A2_S14_P080,NWB_A2_S14,STATIONARY_QPP_PRESENT,45,880.0,2.0,80.0,0.04,14,0,VALID,-204.6029769674687,-197.39977594169838,-199.52632603846843,-7.203201025770312,-2.126550096770046,-17.203201025770312,M0,M0,False,90.74168107581025,formal_m1_center_not_selected,10.741681075810249,10.741681075810249,0.1342710134476281,0.1342710134476281
NWS001056,NW027_QPP_N045_P080_A2_Q040,NWP_A2_S15_P080,NWB_A2_S15,STATIONARY_QPP_PRESENT,45,880.0,2.0,80.0,0.04,15,0,VALID,-194.75705269354214,-188.29412171546403,-189.37039984096714,-6.462930978078106,-1.0762781255031086,-16.462930978078106,M0,M0,False,80.69122052691212,formal_m1_center_not_selected,0.6912205269121188,0.6912205269121188,0.008640256586401485,0.008640256586401485
NWS001057,NW027_QPP_N045_P080_A2_Q040,NWP_A2_S16_P080,NWB_A2_S16,STATIONARY_QPP_PRESENT,45,880.0,2.0,80.0,0.04,16,0,VALID,-192.27609393842587,-186.87202763802276,-187.096851043456,-5.404066300403116,-0.22482340543325563,-15.404066300403116,M0,M0,False,76.1860912894623,formal_m1_center_not_selected,-3.813908710537703,3.813908710537703,-0.047673858881721286,0.047673858881721286
NWS001058,NW027_QPP_N045_P080_A2_Q040,NWP_A2_S17_P080,NWB_A2_S17,STATIONARY_QPP_PRESENT,45,880.0,2.0,80.0,0.04,17,0,VALID,-196.99684622329218,-191.22645084840397,-191.80670663827902,-5.77039537488821,-0.5802557898750536,-15.77039537488821,M0,M0,False,75.26109478952118,formal_m1_center_not_selected,-4.738905210478819,4.738905210478819,-0.05923631513098524,0.05923631513098524
NWS001059,NW027_QPP_N045_P080_A2_Q040,NWP_A2_S18_P080,NWB_A2_S18,STATIONARY_QPP_PRESENT,45,880.0,2.0,80.0,0.04,18,0,VALID,-195.8605846729579,-187.8790828157244,-190.1827980285455,-7.981501857233525,-2.3037152128211176,-17.981501857233525,M0,M0,False,83.5915906474438,formal_m1_center_not_selected,3.5915906474437946,3.5915906474437946,0.044894883093047434,0.044894883093047434
NWS001060,NW027_QPP_N045_P080_A2_Q040,NWP_A2_S19_P080,NWB_A2_S19,STATIONARY_QPP_PRESENT,45,880.0,2.0,80.0,0.04,19,0,VALID,-189.84512400415284,-183.0438767255382,-184.86709384955617,-6.801247278614625,-1.8232171240179582,-16.801247278614625,M0,M0,False,70.6215606096643,formal_m1_center_not_selected,-9.3784393903357,9.3784393903357,-0.11723049237919625,0.11723049237919625
NWS001061,NW027_QPP_N045_P080_A2_Q040,NWP_A2_S20_P080,NWB_A2_S20,STATIONARY_QPP_PRESENT,45,880.0,2.0,80.0,0.04,20,0,VALID,-201.1054718951713,-192.84728610794173,-195.4934857774308,-8.258185787229564,-2.6461996694890786,-18.258185787229564,M0,M0,False,69.7733067216962,formal_m1_center_not_selected,-10.226693278303799,10.226693278303799,-0.12783366597879747,0.12783366597879747
NWS001062,NW027_QPP_N045_P080_A2_Q040,NWP_A2_S21_P080,NWB_A2_S21,STATIONARY_QPP_PRESENT,45,880.0,2.0,80.0,0.04,21,0,VALID,-201.47071357995299,-194.21403553872364,-196.01216641856473,-7.25667804122935,-1.7981308798410964,-17.25667804122935,M0,M0,False,88.74132908937413,formal_m1_center_not_selected,8.741329089374133,8.741329089374133,0.10926661361717667,0.10926661361717667
NWS001063,NW027_QPP_N045_P080_A2_Q040,NWP_A2_S22_P080,NWB_A2_S22,STATIONARY_QPP_PRESENT,45,880.0,2.0,80.0,0.04,22,0,VALID,-198.49820376148466,-191.86485446000847,-193.28378847204937,-6.633349301476187,-1.4189340120408929,-16.633349301476187,M0,M0,False,88.37428845030148,formal_m1_center_not_selected,8.374288450301478,8.374288450301478,0.10467860562876848,0.10467860562876848
NWS001064,NW027_QPP_N045_P080_A2_Q040,NWP_A2_S23_P080,NWB_A2_S23,STATIONARY_QPP_PRESENT,45,880.0,2.0,80.0,0.04,23,0,VALID,-191.16805012034723,-186.55066363535798,-186.12037020471917,-4.617386484989254,0.4302934306388124,-14.617386484989254,M0,M0,False,72.38708480188156,formal_m1_center_not_selected,-7.6129151981184435,7.6129151981184435,-0.09516143997648055,0.09516143997648055
NWS001065,NW027_QPP_N045_P080_A2_Q040,NWP_A2_S24_P080,NWB_A2_S24,STATIONARY_QPP_PRESENT,45,880.0,2.0,80.0,0.04,24,0,VALID,-198.57452713152566,-193.7158518318159,-193.3176639139018,-4.858675299709745,0.39818791791410035,-14.858675299709745,M0,M0,False,81.56910888675914,formal_m1_center_not_selected,1.569108886759139,1.569108886759139,0.01961386108448924,0.01961386108448924
NWS001066,NW027_QPP_N045_P080_A2_Q040,NWP_A2_S25_P080,NWB_A2_S25,STATIONARY_QPP_PRESENT,45,880.0,2.0,80.0,0.04,25,0,VALID,-196.7608276674998,-191.45530649978036,-191.9176184529084,-5.305521167719434,-0.46231195312805085,-15.305521167719434,M0,M0,False,75.32434887087523,formal_m1_center_not_selected,-4.675651129124773,4.675651129124773,-0.058445639114059665,0.058445639114059665
NWS001067,NW027_QPP_N045_P080_A2_Q040,NWP_A2_S26_P080,NWB_A2_S26,STATIONARY_QPP_PRESENT,45,880.0,2.0,80.0,0.04,26,0,VALID,-192.19665327737212,-184.1625022285125,-186.45920139605562,-8.034151048859627,-2.2966991675431245,-18.034151048859627,M0,M0,False,130.32618056329866,formal_m1_center_not_selected,50.326180563298664,50.326180563298664,0.6290772570412333,0.6290772570412333
NWS001068,NW027_QPP_N045_P080_A2_Q040,NWP_A2_S27_P080,NWB_A2_S27,STATIONARY_QPP_PRESENT,45,880.0,2.0,80.0,0.04,27,0,VALID,-198.37497540232,-191.00403880283216,-192.87549503728002,-7.370936599487834,-1.8714562344478622,-17.370936599487834,M0,M0,False,72.30359375478605,formal_m1_center_not_selected,-7.69640624521395,7.69640624521395,-0.09620507806517438,0.09620507806517438
NWS001069,NW027_QPP_N045_P080_A2_Q040,NWP_A2_S28_P080,NWB_A2_S28,STATIONARY_QPP_PRESENT,45,880.0,2.0,80.0,0.04,28,0,VALID,-199.14542257859605,-192.57971698118274,-194.1101573852863,-6.565705597413313,-1.5304404041035582,-16.565705597413313,M0,M0,False,79.50868611663951,formal_m1_center_not_selected,-0.4913138833604904,0.4913138833604904,-0.00614142354200613,0.00614142354200613
NWS001070,NW027_QPP_N045_P080_A2_Q040,NWP_A2_S29_P080,NWB_A2_S29,STATIONARY_QPP_PRESENT,45,880.0,2.0,80.0,0.04,29,0,VALID,-191.43942564343632,-185.9808151496344,-186.81134362860655,-5.4586104938019275,-0.8305284789721554,-15.458610493801928,M0,M0,False,85.49635483818659,formal_m1_center_not_selected,5.4963548381865905,5.4963548381865905,0.06870443547733238,0.06870443547733238
NWS001071,NW027_QPP_N045_P080_A2_Q040,NWP_A2_S30_P080,NWB_A2_S30,STATIONARY_QPP_PRESENT,45,880.0,2.0,80.0,0.04,30,0,VALID,-198.46220321319947,-192.1126625818896,-193.0079152220119,-6.349540631309878,-0.895252640122294,-16.34954063130988,M0,M0,False,81.63599166497785,formal_m1_center_not_selected,1.6359916649778512,1.6359916649778512,0.02044989581222314,0.02044989581222314
NWS001072,NW027_QPP_N045_P080_A2_Q040,NWP_A2_S31_P080,NWB_A2_S31,STATIONARY_QPP_PRESENT,45,880.0,2.0,80.0,0.04,31,0,VALID,-200.99172690002118,-193.89161051943938,-196.07330429824077,-7.100116380581795,-2.181693778801389,-17.100116380581795,M0,M0,False,90.6511799928419,formal_m1_center_not_selected,10.651179992841904,10.651179992841904,0.1331397499105238,0.1331397499105238
NWS001073,NW027_QPP_N045_P080_A2_Q040,NWP_A2_S32_P080,NWB_A2_S32,STATIONARY_QPP_PRESENT,45,880.0,2.0,80.0,0.04,32,0,VALID,-193.4898920755182,-185.44098825986939,-188.48645475659333,-8.048903815648828,-3.0454664967239466,-18.048903815648828,M0,M0,False,92.5260949240346,formal_m1_center_not_selected,12.526094924034595,12.526094924034595,0.15657618655043243,0.15657618655043243
NWS001074,NW027_QPP_N045_P080_A2_Q040,NWP_A2_S33_P080,NWB_A2_S33,STATIONARY_QPP_PRESENT,45,880.0,2.0,80.0,0.04,33,0,VALID,-199.4697697499251,-191.08854079523294,-193.73356903512553,-8.381228954692148,-2.645028239892582,-18.381228954692148,M0,M0,False,184.98549016816872,formal_m1_center_not_selected,104.98549016816872,104.98549016816872,1.312318627102109,1.312318627102109
NWS001075,NW027_QPP_N045_P080_A2_Q040,NWP_A2_S34_P080,NWB_A2_S34,STATIONARY_QPP_PRESENT,45,880.0,2.0,80.0,0.04,34,0,VALID,-205.06240373772923,-197.00161099007533,-199.22873911887206,-8.060792747653892,-2.2271281287967213,-18.060792747653892,M0,M0,False,115.82228129989583,formal_m1_center_not_selected,35.822281299895835,35.822281299895835,0.4477785162486979,0.4477785162486979
NWS001076,NW027_QPP_N045_P080_A2_Q040,NWP_A2_S35_P080,NWB_A2_S35,STATIONARY_QPP_PRESENT,45,880.0,2.0,80.0,0.04,35,0,VALID,-196.19361566292562,-189.3578611680893,-190.5743418624108,-6.835754494836323,-1.2164806943214899,-16.835754494836323,M0,M0,False,83.23277814077585,formal_m1_center_not_selected,3.2327781407758494,3.2327781407758494,0.04040972675969812,0.04040972675969812
NWS001077,NW027_QPP_N045_P080_A2_Q040,NWP_A2_S36_P080,NWB_A2_S36,STATIONARY_QPP_PRESENT,45,880.0,2.0,80.0,0.04,36,0,VALID,-199.01505727293613,-192.7288971967527,-193.7292551051484,-6.286160076183421,-1.0003579083956993,-16.28616007618342,M0,M0,False,84.94223338134297,formal_m1_center_not_selected,4.942233381342973,4.942233381342973,0.06177791726678716,0.06177791726678716
NWS001078,NW027_QPP_N045_P080_A2_Q040,NWP_A2_S37_P080,NWB_A2_S37,STATIONARY_QPP_PRESENT,45,880.0,2.0,80.0,0.04,37,0,VALID,-183.46041749432626,-174.5983562661358,-177.36460333623984,-8.86206122819047,-2.7662470701040434,-18.86206122819047,M0,M0,False,265.8970799248708,formal_m1_center_not_selected,185.8970799248708,185.8970799248708,2.323713499060885,2.323713499060885
NWS001079,NW027_QPP_N045_P080_A2_Q040,NWP_A2_S38_P080,NWB_A2_S38,STATIONARY_QPP_PRESENT,45,880.0,2.0,80.0,0.04,38,0,VALID,-207.04118362355192,-198.80549886654768,-201.5016992581526,-8.235684757004236,-2.6962003916049184,-18.235684757004236,M0,M0,False,92.48290087035423,formal_m1_center_not_selected,12.482900870354229,12.482900870354229,0.15603626087942785,0.15603626087942785
NWS001080,NW027_QPP_N045_P080_A2_Q040,NWP_A2_S39_P080,NWB_A2_S39,STATIONARY_QPP_PRESENT,45,880.0,2.0,80.0,0.04,39,0,VALID,-207.3383938945451,-200.94259672632404,-202.32131855474626,-6.3957971682210655,-1.378721828422215,-16.395797168221065,M0,M0,False,88.96583868979785,formal_m1_center_not_selected,8.965838689797849,8.965838689797849,0.11207298362247312,0.11207298362247312
NWS001081,NW028_NULL_N060_A0,NWP_A0_S00_NULL,NWB_A0_S00,NULL_FLARE_RED_NOISE,60,1180.0,0.0,,,0,0,VALID,-195.94773105414694,-187.18656227856206,-189.4137803939081,-8.761168775584878,-2.2272181153460338,-18.761168775584878,M0,M0,False,88.09857053999087,,,,,
NWS001082,NW028_NULL_N060_A0,NWP_A0_S01_NULL,NWB_A0_S01,NULL_FLARE_RED_NOISE,60,1180.0,0.0,,,1,0,VALID,-210.2254303395778,-204.06221832597876,-204.62407932697772,-6.163212013599036,-0.5618610009989595,-16.163212013599036,M0,M0,False,44.18251808842452,,,,,
NWS001083,NW028_NULL_N060_A0,NWP_A0_S02_NULL,NWB_A0_S02,NULL_FLARE_RED_NOISE,60,1180.0,0.0,,,2,0,VALID,-211.88703571409644,-213.7314506863375,-206.0321297208851,1.8444149722410543,7.699320965452387,-8.155585027758946,M0,M1,False,42.862279871892795,,,,,
NWS001084,NW028_NULL_N060_A0,NWP_A0_S03_NULL,NWB_A0_S03,NULL_FLARE_RED_NOISE,60,1180.0,0.0,,,3,0,VALID,-204.9642606373222,-200.54489648627325,-198.70675813989033,-4.419364151048967,1.8381383463829195,-14.419364151048967,M0,M0,False,46.619292617720085,,,,,
NWS001085,NW028_NULL_N060_A0,NWP_A0_S04_NULL,NWB_A0_S04,NULL_FLARE_RED_NOISE,60,1180.0,0.0,,,4,0,VALID,-200.56205211311962,-195.0143382588289,-195.1879457226239,-5.54771385429072,-0.17360746379500824,-15.54771385429072,M0,M0,False,68.89627555346199,,,,,
NWS001086,NW028_NULL_N060_A0,NWP_A0_S05_NULL,NWB_A0_S05,NULL_FLARE_RED_NOISE,60,1180.0,0.0,,,5,0,VALID,-209.3391843064271,-205.0722788309092,-203.9736804112092,-4.266905475517888,1.0985984197000107,-14.266905475517888,M0,M0,False,40.0,,,,,
NWS001087,NW028_NULL_N060_A0,NWP_A0_S06_NULL,NWB_A0_S06,NULL_FLARE_RED_NOISE,60,1180.0,0.0,,,6,0,VALID,-202.22752439384567,-196.88349146433342,-196.42217666898097,-5.344032929512252,0.46131479535245035,-15.344032929512252,M0,M0,False,48.84281880308649,,,,,
NWS001088,NW028_NULL_N060_A0,NWP_A0_S07_NULL,NWB_A0_S07,NULL_FLARE_RED_NOISE,60,1180.0,0.0,,,7,0,VALID,-222.4897906620234,-219.25160417802286,-215.9697795165774,-3.2381864840005505,3.281824661445455,-13.23818648400055,M0,M0,False,57.42582896203933,,,,,
NWS001089,NW028_NULL_N060_A0,NWP_A0_S08_NULL,NWB_A0_S08,NULL_FLARE_RED_NOISE,60,1180.0,0.0,,,8,0,VALID,-212.1417346990411,-210.2985039894696,-209.1019380536557,-1.8432307095715146,1.1965659358139078,-11.843230709571515,M0,M0,False,78.05950486229555,,,,,
NWS001090,NW028_NULL_N060_A0,NWP_A0_S09_NULL,NWB_A0_S09,NULL_FLARE_RED_NOISE,60,1180.0,0.0,,,9,0,VALID,-212.50672188446882,-207.2417640101649,-207.7489924978192,-5.264957874303917,-0.5072284876542881,-15.264957874303917,M0,M0,False,72.12376284552268,,,,,
NWS001091,NW028_NULL_N060_A0,NWP_A0_S10_NULL,NWB_A0_S10,NULL_FLARE_RED_NOISE,60,1180.0,0.0,,,10,0,VALID,-199.07885448839764,-194.75408437752432,-193.0409859299834,-4.324770110873317,1.713098447540915,-14.324770110873317,M0,M0,False,73.27692553028692,,,,,
NWS001092,NW028_NULL_N060_A0,NWP_A0_S11_NULL,NWB_A0_S11,NULL_FLARE_RED_NOISE,60,1180.0,0.0,,,11,0,VALID,-197.81524191378006,-197.18039240603864,-192.2450318458359,-0.6348495077414213,4.935360560202724,-10.634849507741421,M0,M0,False,79.30294237120161,,,,,
NWS001093,NW028_NULL_N060_A0,NWP_A0_S12_NULL,NWB_A0_S12,NULL_FLARE_RED_NOISE,60,1180.0,0.0,,,12,0,VALID,-189.37481574318736,-183.1236372329674,-182.93627550443534,-6.251178510219944,0.18736172853206767,-16.251178510219944,M0,M0,False,43.922202297134895,,,,,
NWS001094,NW028_NULL_N060_A0,NWP_A0_S13_NULL,NWB_A0_S13,NULL_FLARE_RED_NOISE,60,1180.0,0.0,,,13,0,VALID,-186.91448481349002,-179.34480948069137,-181.11538013988823,-7.569675332798653,-1.7705706591968635,-17.569675332798653,M0,M0,False,55.78831947281109,,,,,
NWS001095,NW028_NULL_N060_A0,NWP_A0_S14_NULL,NWB_A0_S14,NULL_FLARE_RED_NOISE,60,1180.0,0.0,,,14,0,VALID,-206.01633636382263,-198.2249271239735,-199.83166135525008,-7.791409239849145,-1.6067342312765902,-17.791409239849145,M0,M0,False,52.364985067086764,,,,,
NWS001096,NW028_NULL_N060_A0,NWP_A0_S15_NULL,NWB_A0_S15,NULL_FLARE_RED_NOISE,60,1180.0,0.0,,,15,0,VALID,-206.42336631859249,-199.75357864740405,-201.50239874715413,-6.6697876711884305,-1.748820099750077,-16.66978767118843,M0,M0,False,102.72811341283163,,,,,
NWS001097,NW028_NULL_N060_A0,NWP_A0_S16_NULL,NWB_A0_S16,NULL_FLARE_RED_NOISE,60,1180.0,0.0,,,16,0,VALID,-223.55711428118371,-215.3259020000992,-217.337541160508,-8.23121228108451,-2.011639160408805,-18.23121228108451,M0,M0,False,61.435009663492956,,,,,
NWS001098,NW028_NULL_N060_A0,NWP_A0_S17_NULL,NWB_A0_S17,NULL_FLARE_RED_NOISE,60,1180.0,0.0,,,17,0,VALID,-220.16518137095355,-212.11549279655006,-213.54373841246928,-8.04968857440349,-1.4282456159192236,-18.04968857440349,M0,M0,False,50.57330938879675,,,,,
NWS001099,NW028_NULL_N060_A0,NWP_A0_S18_NULL,NWB_A0_S18,NULL_FLARE_RED_NOISE,60,1180.0,0.0,,,18,0,VALID,-198.9603161291547,-193.34809512830336,-193.79485685929578,-5.612221000851349,-0.4467617309924208,-15.61222100085135,M0,M0,False,98.31150274198122,,,,,
NWS001100,NW028_NULL_N060_A0,NWP_A0_S19_NULL,NWB_A0_S19,NULL_FLARE_RED_NOISE,60,1180.0,0.0,,,19,0,VALID,-204.70610540317554,-196.49450020697873,-198.27024616790482,-8.211605196196814,-1.7757459609260877,-18.211605196196814,M0,M0,False,76.95026738748811,,,,,
NWS001101,NW028_NULL_N060_A0,NWP_A0_S20_NULL,NWB_A0_S20,NULL_FLARE_RED_NOISE,60,1180.0,0.0,,,20,0,VALID,-243.41553651054323,-238.5276038655335,-238.998763565973,-4.887932645009727,-0.4711597004395003,-14.887932645009727,M0,M0,False,99.95770213411268,,,,,
NWS001102,NW028_NULL_N060_A0,NWP_A0_S21_NULL,NWB_A0_S21,NULL_FLARE_RED_NOISE,60,1180.0,0.0,,,21,0,VALID,-192.6842575379885,-185.96956751271796,-187.0074056482034,-6.714690025270528,-1.0378381354854298,-16.714690025270528,M0,M0,False,184.92753301701214,,,,,
NWS001103,NW028_NULL_N060_A0,NWP_A0_S22_NULL,NWB_A0_S22,NULL_FLARE_RED_NOISE,60,1180.0,0.0,,,22,0,VALID,-189.09652718628925,-185.32907153044465,-183.35410424669232,-3.7674556558446,1.9749672837523349,-13.7674556558446,M0,M0,False,40.72156146226778,,,,,
NWS001104,NW028_NULL_N060_A0,NWP_A0_S23_NULL,NWB_A0_S23,NULL_FLARE_RED_NOISE,60,1180.0,0.0,,,23,0,VALID,-206.51072869835977,-205.45944115341516,-202.67271702614806,-1.0512875449446142,2.7867241272670924,-11.051287544944614,M0,M0,False,65.71082367443995,,,,,
NWS001105,NW028_NULL_N060_A0,NWP_A0_S24_NULL,NWB_A0_S24,NULL_FLARE_RED_NOISE,60,1180.0,0.0,,,24,0,VALID,-200.5655325949884,-194.9668678615619,-194.09326174802476,-5.598664733426517,0.8736061135371358,-15.598664733426517,M0,M0,False,119.92789364705212,,,,,
NWS001106,NW028_NULL_N060_A0,NWP_A0_S25_NULL,NWB_A0_S25,NULL_FLARE_RED_NOISE,60,1180.0,0.0,,,25,0,VALID,-201.93128787548892,-197.8162160396831,-195.5042173002753,-4.115071835805821,2.3119987394078123,-14.115071835805821,M0,M0,False,47.68137906638688,,,,,
NWS001107,NW028_NULL_N060_A0,NWP_A0_S26_NULL,NWB_A0_S26,NULL_FLARE_RED_NOISE,60,1180.0,0.0,,,26,0,VALID,-223.8232413198111,-216.1452502876532,-217.10499604568193,-7.677991032157905,-0.9597457580287312,-17.677991032157905,M0,M0,False,100.45655547804431,,,,,
NWS001108,NW028_NULL_N060_A0,NWP_A0_S27_NULL,NWB_A0_S27,NULL_FLARE_RED_NOISE,60,1180.0,0.0,,,27,0,VALID,-192.077446236629,-188.9335324477184,-185.97481045116024,-3.143913788910595,2.958721996558154,-13.143913788910595,M0,M0,False,45.91591277247927,,,,,
NWS001109,NW028_NULL_N060_A0,NWP_A0_S28_NULL,NWB_A0_S28,NULL_FLARE_RED_NOISE,60,1180.0,0.0,,,28,0,VALID,-199.24963319645744,-197.76458253581228,-194.4406182373134,-1.4850506606451574,3.323964298498879,-11.485050660645157,M0,M0,False,66.40443603194151,,,,,
NWS001110,NW028_NULL_N060_A0,NWP_A0_S29_NULL,NWB_A0_S29,NULL_FLARE_RED_NOISE,60,1180.0,0.0,,,29,0,VALID,-188.3050384016757,-182.89453702272547,-182.15700297151633,-5.410501378950215,0.7375340512091384,-15.410501378950215,M0,M0,False,80.91277378023666,,,,,
NWS001111,NW028_NULL_N060_A0,NWP_A0_S30_NULL,NWB_A0_S30,NULL_FLARE_RED_NOISE,60,1180.0,0.0,,,30,0,VALID,-200.35782661321417,-192.65634381682662,-193.72426908126113,-7.701482796387552,-1.067925264434507,-17.701482796387552,M0,M0,False,42.14542462964715,,,,,
NWS001112,NW028_NULL_N060_A0,NWP_A0_S31_NULL,NWB_A0_S31,NULL_FLARE_RED_NOISE,60,1180.0,0.0,,,31,0,VALID,-188.3277012876938,-186.8860036755185,-182.5539613630691,-1.4416976121752896,4.332042312449403,-11.44169761217529,M0,M0,False,45.41423796259038,,,,,
NWS001113,NW028_NULL_N060_A0,NWP_A0_S32_NULL,NWB_A0_S32,NULL_FLARE_RED_NOISE,60,1180.0,0.0,,,32,0,VALID,-198.77156114826195,-189.5992875150768,-192.4495584087748,-9.172273633185142,-2.8502708936979957,-19.172273633185142,M0,M0,False,102.89162966903156,,,,,
NWS001114,NW028_NULL_N060_A0,NWP_A0_S33_NULL,NWB_A0_S33,NULL_FLARE_RED_NOISE,60,1180.0,0.0,,,33,0,VALID,-188.5188284474276,-179.62460115120388,-181.89027555889925,-8.894227296223733,-2.2656744076953714,-18.894227296223733,M0,M0,False,87.63679576626089,,,,,
NWS001115,NW028_NULL_N060_A0,NWP_A0_S34_NULL,NWB_A0_S34,NULL_FLARE_RED_NOISE,60,1180.0,0.0,,,34,0,VALID,-202.13961723915068,-194.44777733980334,-196.11929541759997,-7.691839899347343,-1.6715180777966339,-17.691839899347343,M0,M0,False,61.54881012587008,,,,,
NWS001116,NW028_NULL_N060_A0,NWP_A0_S35_NULL,NWB_A0_S35,NULL_FLARE_RED_NOISE,60,1180.0,0.0,,,35,0,VALID,-206.66051814269287,-198.40995249996337,-201.12149271513837,-8.250565642729498,-2.711540215175006,-18.250565642729498,M0,M0,False,40.0,,,,,
NWS001117,NW028_NULL_N060_A0,NWP_A0_S36_NULL,NWB_A0_S36,NULL_FLARE_RED_NOISE,60,1180.0,0.0,,,36,0,VALID,-185.9611772347432,-186.02549205441954,-180.08276422614955,0.06431481967635477,5.9427278282699945,-9.935685180323645,M0,M1,False,42.7732841671418,,,,,
NWS001118,NW028_NULL_N060_A0,NWP_A0_S37_NULL,NWB_A0_S37,NULL_FLARE_RED_NOISE,60,1180.0,0.0,,,37,0,VALID,-180.1465765436287,-189.94933521131404,-174.24885734859993,9.802758667685339,15.70047786271411,-0.19724133231466112,M0,M1,False,60.12214454794199,,,,,
NWS001119,NW028_NULL_N060_A0,NWP_A0_S38_NULL,NWB_A0_S38,NULL_FLARE_RED_NOISE,60,1180.0,0.0,,,38,0,VALID,-182.0339400347216,-176.77633957966594,-175.5173599212296,-5.257600455055666,1.2589796584363455,-15.257600455055666,M0,M0,False,43.84946145725999,,,,,
NWS001120,NW028_NULL_N060_A0,NWP_A0_S39_NULL,NWB_A0_S39,NULL_FLARE_RED_NOISE,60,1180.0,0.0,,,39,0,VALID,-186.28066848051404,-181.2608471269899,-181.56559758013944,-5.019821353524151,-0.30475045314955196,-15.01982135352415,M0,M0,False,126.38947773141591,,,,,
NWS001121,NW029_QPP_N060_P050_A0_Q040,NWP_A0_S00_P050,NWB_A0_S00,STATIONARY_QPP_PRESENT,60,1180.0,0.0,50.0,0.04,0,0,VALID,-194.87409175142017,-186.03533514764598,-188.32782659758752,-8.838756603774186,-2.2924914499415365,-18.838756603774186,M0,M0,False,88.16520196347827,formal_m1_center_not_selected,38.16520196347827,38.16520196347827,0.7633040392695654,0.7633040392695654
NWS001122,NW029_QPP_N060_P050_A0_Q040,NWP_A0_S01_P050,NWB_A0_S01,STATIONARY_QPP_PRESENT,60,1180.0,0.0,50.0,0.04,1,0,VALID,-209.84986084648924,-203.27611460918638,-204.2354495116011,-6.573746237302856,-0.9593349024147244,-16.573746237302856,M0,M0,False,44.01586857606922,formal_m1_center_not_selected,-5.9841314239307835,5.9841314239307835,-0.11968262847861567,0.11968262847861567
NWS001123,NW029_QPP_N060_P050_A0_Q040,NWP_A0_S02_P050,NWB_A0_S02,STATIONARY_QPP_PRESENT,60,1180.0,0.0,50.0,0.04,2,0,VALID,-210.66600859461542,-211.26196906212186,-204.78395353231093,0.595960467506444,6.478015529810932,-9.404039532493556,M0,M1,False,41.820648626570154,formal_m1_center_not_selected,-8.179351373429846,8.179351373429846,-0.1635870274685969,0.1635870274685969
NWS001124,NW029_QPP_N060_P050_A0_Q040,NWP_A0_S03_P050,NWB_A0_S03,STATIONARY_QPP_PRESENT,60,1180.0,0.0,50.0,0.04,3,0,VALID,-205.57497794323518,-201.02042514393338,-198.88951795985338,-4.554552799301803,2.1309071840800016,-14.554552799301803,M0,M0,False,46.56747616386103,formal_m1_center_not_selected,-3.4325238361389694,3.4325238361389694,-0.0686504767227794,0.0686504767227794
NWS001125,NW029_QPP_N060_P050_A0_Q040,NWP_A0_S04_P050,NWB_A0_S04,STATIONARY_QPP_PRESENT,60,1180.0,0.0,50.0,0.04,4,0,VALID,-200.32802410989646,-194.50607703429395,-194.89118425315712,-5.821947075602509,-0.385107218863169,-15.821947075602509,M0,M0,False,68.88997059730428,formal_m1_center_not_selected,18.889970597304284,18.889970597304284,0.3777994119460857,0.3777994119460857
NWS001126,NW029_QPP_N060_P050_A0_Q040,NWP_A0_S05_P050,NWB_A0_S05,STATIONARY_QPP_PRESENT,60,1180.0,0.0,50.0,0.04,5,0,VALID,-208.2701311303353,-203.77419119450576,-201.782132253578,-4.49593993582954,1.9920589409277625,-14.49593993582954,M0,M0,False,40.0,formal_m1_center_not_selected,-10.0,10.0,-0.2,0.2
NWS001127,NW029_QPP_N060_P050_A0_Q040,NWP_A0_S06_P050,NWB_A0_S06,STATIONARY_QPP_PRESENT,60,1180.0,0.0,50.0,0.04,6,0,VALID,-201.69327937810868,-196.67496461405707,-195.86932331338824,-5.01831476405161,0.8056413006688388,-15.01831476405161,M0,M0,False,48.95969646019301,formal_m1_center_not_selected,-1.0403035398069918,1.0403035398069918,-0.020806070796139834,0.020806070796139834
NWS001128,NW029_QPP_N060_P050_A0_Q040,NWP_A0_S07_P050,NWB_A0_S07,STATIONARY_QPP_PRESENT,60,1180.0,0.0,50.0,0.04,7,0,VALID,-222.44875510716915,-218.94503100779622,-215.9870750141616,-3.5037240993729313,2.957955993634613,-13.503724099372931,M0,M0,False,57.057941186577025,formal_m1_center_not_selected,7.057941186577025,7.057941186577025,0.1411588237315405,0.1411588237315405
NWS001129,NW029_QPP_N060_P050_A0_Q040,NWP_A0_S08_P050,NWB_A0_S08,STATIONARY_QPP_PRESENT,60,1180.0,0.0,50.0,0.04,8,0,VALID,-209.817298056424,-206.9081284697443,-207.06447240883185,-2.9091695866796954,-0.15634393908754873,-12.909169586679695,M0,M0,False,78.21660775617832,formal_m1_center_not_selected,28.21660775617832,28.21660775617832,0.5643321551235664,0.5643321551235664
NWS001130,NW029_QPP_N060_P050_A0_Q040,NWP_A0_S09_P050,NWB_A0_S09,STATIONARY_QPP_PRESENT,60,1180.0,0.0,50.0,0.04,9,0,VALID,-212.55106284274797,-207.6152544252465,-207.76753438257862,-4.935808417501477,-0.15227995733212651,-14.935808417501477,M0,M0,False,67.0976707192736,formal_m1_center_not_selected,17.097670719273594,17.097670719273594,0.3419534143854719,0.3419534143854719
NWS001131,NW029_QPP_N060_P050_A0_Q040,NWP_A0_S10_P050,NWB_A0_S10,STATIONARY_QPP_PRESENT,60,1180.0,0.0,50.0,0.04,10,0,VALID,-198.68076908205362,-193.76385236717687,-192.65290484795202,-4.9169167148767485,1.110947519224851,-14.916916714876749,M0,M0,False,73.20797597630923,formal_m1_center_not_selected,23.20797597630923,23.20797597630923,0.46415951952618456,0.46415951952618456
NWS001132,NW029_QPP_N060_P050_A0_Q040,NWP_A0_S11_P050,NWB_A0_S11,STATIONARY_QPP_PRESENT,60,1180.0,0.0,50.0,0.04,11,0,VALID,-197.10652972602085,-195.81198928284016,-191.26245022652685,-1.2945404431806935,4.549539056313307,-11.294540443180694,M0,M0,False,79.31466965129137,formal_m1_center_not_selected,29.314669651291368,29.314669651291368,0.5862933930258274,0.5862933930258274
NWS001133,NW029_QPP_N060_P050_A0_Q040,NWP_A0_S12_P050,NWB_A0_S12,STATIONARY_QPP_PRESENT,60,1180.0,0.0,50.0,0.04,12,0,VALID,-188.83366712644255,-182.64131493976095,-182.4014763689384,-6.192352186681603,0.2398385708225419,-16.192352186681603,M0,M0,False,43.92585960806366,formal_m1_center_not_selected,-6.074140391936339,6.074140391936339,-0.12148280783872678,0.12148280783872678
NWS001134,NW029_QPP_N060_P050_A0_Q040,NWP_A0_S13_P050,NWB_A0_S13,STATIONARY_QPP_PRESENT,60,1180.0,0.0,50.0,0.04,13,0,VALID,-187.3130051908409,-179.7315038609981,-181.51391162040102,-7.5815013298428084,-1.782407759402929,-17.58150132984281,M0,M0,False,55.58633562853359,formal_m1_center_not_selected,5.58633562853359,5.58633562853359,0.1117267125706718,0.1117267125706718
NWS001135,NW029_QPP_N060_P050_A0_Q040,NWP_A0_S14_P050,NWB_A0_S14,STATIONARY_QPP_PRESENT,60,1180.0,0.0,50.0,0.04,14,0,VALID,-204.92975877742887,-197.85973594526396,-198.306547918791,-7.070022832164909,-0.4468119735270477,-17.07002283216491,M0,M0,False,52.57854114988702,formal_m1_center_not_selected,2.578541149887023,2.578541149887023,0.05157082299774046,0.05157082299774046
NWS001136,NW029_QPP_N060_P050_A0_Q040,NWP_A0_S15_P050,NWB_A0_S15,STATIONARY_QPP_PRESENT,60,1180.0,0.0,50.0,0.04,15,0,VALID,-206.51227529634468,-199.99077498845224,-201.69926948018787,-6.521500307892438,-1.708494491735621,-16.52150030789244,M0,M0,False,102.63822080726614,formal_m1_center_not_selected,52.63822080726614,52.63822080726614,1.0527644161453227,1.0527644161453227
NWS001137,NW029_QPP_N060_P050_A0_Q040,NWP_A0_S16_P050,NWB_A0_S16,STATIONARY_QPP_PRESENT,60,1180.0,0.0,50.0,0.04,16,0,VALID,-221.9228389473394,-213.5710243008759,-215.61414965833606,-8.351814646463481,-2.0431253574601556,-18.35181464646348,M0,M0,False,61.57899677545041,formal_m1_center_not_selected,11.578996775450413,11.578996775450413,0.23157993550900827,0.23157993550900827
NWS001138,NW029_QPP_N060_P050_A0_Q040,NWP_A0_S17_P050,NWB_A0_S17,STATIONARY_QPP_PRESENT,60,1180.0,0.0,50.0,0.04,17,0,VALID,-218.0501177837843,-210.2968464870856,-211.41248892022764,-7.753271296698699,-1.1156424331420567,-17.7532712966987,M0,M0,False,50.255980181991,formal_m1_center_not_selected,0.25598018199099926,0.25598018199099926,0.0051196036398199855,0.0051196036398199855
NWS001139,NW029_QPP_N060_P050_A0_Q040,NWP_A0_S18_P050,NWB_A0_S18,STATIONARY_QPP_PRESENT,60,1180.0,0.0,50.0,0.04,18,0,VALID,-197.7226978496426,-191.93342203753735,-192.43487850814347,-5.789275812105245,-0.5014564706061151,-15.789275812105245,M0,M0,False,98.35021502636263,formal_m1_center_not_selected,48.35021502636263,48.35021502636263,0.9670043005272526,0.9670043005272526
NWS001140,NW029_QPP_N060_P050_A0_Q040,NWP_A0_S19_P050,NWB_A0_S19,STATIONARY_QPP_PRESENT,60,1180.0,0.0,50.0,0.04,19,0,VALID,-204.5525489171368,-196.29300256266617,-197.9988406403557,-8.259546354470615,-1.7058380776895206,-18.259546354470615,M0,M0,False,76.97785839237906,formal_m1_center_not_selected,26.977858392379062,26.977858392379062,0.5395571678475812,0.5395571678475812
NWS001141,NW029_QPP_N060_P050_A0_Q040,NWP_A0_S20_P050,NWB_A0_S20,STATIONARY_QPP_PRESENT,60,1180.0,0.0,50.0,0.04,20,0,VALID,-240.82172310298375,-235.3413990978155,-236.33280021553023,-5.4803240051682565,-0.9914011177147302,-15.480324005168256,M0,M0,False,100.03401184974773,formal_m1_center_not_selected,50.03401184974773,50.03401184974773,1.0006802369949546,1.0006802369949546
NWS001142,NW029_QPP_N060_P050_A0_Q040,NWP_A0_S21_P050,NWB_A0_S21,STATIONARY_QPP_PRESENT,60,1180.0,0.0,50.0,0.04,21,0,VALID,-191.90136530053357,-185.19315142241015,-186.2650389215156,-6.708213878123416,-1.0718874991054577,-16.708213878123416,M0,M0,False,184.9635857925991,formal_m1_center_not_selected,134.9635857925991,134.9635857925991,2.699271715851982,2.699271715851982
NWS001143,NW029_QPP_N060_P050_A0_Q040,NWP_A0_S22_P050,NWB_A0_S22,STATIONARY_QPP_PRESENT,60,1180.0,0.0,50.0,0.04,22,0,VALID,-188.5744508472947,-184.55806580398743,-182.83015632899628,-4.016385043307281,1.7279094749911508,-14.016385043307281,M0,M0,False,40.91446474961405,formal_m1_center_not_selected,-9.085535250385952,9.085535250385952,-0.18171070500771905,0.18171070500771905
NWS001144,NW029_QPP_N060_P050_A0_Q040,NWP_A0_S23_P050,NWB_A0_S23,STATIONARY_QPP_PRESENT,60,1180.0,0.0,50.0,0.04,23,0,VALID,-205.22016370096352,-202.60005377167997,-200.7486389388068,-2.620109929283558,1.8514148328731608,-12.620109929283558,M0,M0,False,63.977897343772305,formal_m1_center_not_selected,13.977897343772305,13.977897343772305,0.2795579468754461,0.2795579468754461
NWS001145,NW029_QPP_N060_P050_A0_Q040,NWP_A0_S24_P050,NWB_A0_S24,STATIONARY_QPP_PRESENT,60,1180.0,0.0,50.0,0.04,24,0,VALID,-199.5049234813661,-193.67551167747098,-193.00947342987286,-5.829411803895113,0.6660382475981237,-15.829411803895113,M0,M0,False,120.07785107961018,formal_m1_center_not_selected,70.07785107961018,70.07785107961018,1.4015570215922037,1.4015570215922037
NWS001146,NW029_QPP_N060_P050_A0_Q040,NWP_A0_S25_P050,NWB_A0_S25,STATIONARY_QPP_PRESENT,60,1180.0,0.0,50.0,0.04,25,0,VALID,-201.4778420231439,-197.90793437561092,-195.31756462158017,-3.569907647532972,2.590369754030746,-13.569907647532972,M0,M0,False,47.79168148382927,formal_m1_center_not_selected,-2.2083185161707277,2.2083185161707277,-0.044166370323414555,0.044166370323414555
NWS001147,NW029_QPP_N060_P050_A0_Q040,NWP_A0_S26_P050,NWB_A0_S26,STATIONARY_QPP_PRESENT,60,1180.0,0.0,50.0,0.04,26,0,VALID,-222.29818559796993,-214.51780514963477,-215.65882625919448,-7.7803804483351655,-1.1410211095597163,-17.780380448335166,M0,M0,False,100.44722865426627,formal_m1_center_not_selected,50.44722865426627,50.44722865426627,1.0089445730853255,1.0089445730853255
NWS001148,NW029_QPP_N060_P050_A0_Q040,NWP_A0_S27_P050,NWB_A0_S27,STATIONARY_QPP_PRESENT,60,1180.0,0.0,50.0,0.04,27,0,VALID,-190.3347098415928,-185.69134405797746,-184.08405344925225,-4.643365783615337,1.607290608725208,-14.643365783615337,M0,M0,False,46.37657998513453,formal_m1_center_not_selected,-3.6234200148654665,3.6234200148654665,-0.07246840029730933,0.07246840029730933
NWS001149,NW029_QPP_N060_P050_A0_Q040,NWP_A0_S28_P050,NWB_A0_S28,STATIONARY_QPP_PRESENT,60,1180.0,0.0,50.0,0.04,28,0,VALID,-199.26581481523743,-197.17879749089175,-194.31548232277714,-2.0870173243456804,2.8633151681146103,-12.08701732434568,M0,M0,False,66.36898396521829,formal_m1_center_not_selected,16.36898396521829,16.36898396521829,0.32737967930436584,0.32737967930436584
NWS001150,NW029_QPP_N060_P050_A0_Q040,NWP_A0_S29_P050,NWB_A0_S29,STATIONARY_QPP_PRESENT,60,1180.0,0.0,50.0,0.04,29,0,VALID,-188.49236945141135,-183.4148091574554,-182.3213367302674,-5.0775602939559406,1.0934724271880043,-15.07756029395594,M0,M0,False,80.97435886930971,formal_m1_center_not_selected,30.97435886930971,30.97435886930971,0.6194871773861942,0.6194871773861942
NWS001151,NW029_QPP_N060_P050_A0_Q040,NWP_A0_S30_P050,NWB_A0_S30,STATIONARY_QPP_PRESENT,60,1180.0,0.0,50.0,0.04,30,0,VALID,-199.7990955627083,-192.04174500273308,-193.19133576090653,-7.757350559975208,-1.1495907581734457,-17.757350559975208,M0,M0,False,42.4352461380625,formal_m1_center_not_selected,-7.564753861937497,7.564753861937497,-0.15129507723874994,0.15129507723874994
NWS001152,NW029_QPP_N060_P050_A0_Q040,NWP_A0_S31_P050,NWB_A0_S31,STATIONARY_QPP_PRESENT,60,1180.0,0.0,50.0,0.04,31,0,VALID,-188.21530336178287,-186.5106920639462,-182.43585007954118,-1.7046112978366637,4.074841984405026,-11.704611297836664,M0,M0,False,45.31326151571824,formal_m1_center_not_selected,-4.686738484281761,4.686738484281761,-0.09373476968563522,0.09373476968563522
NWS001153,NW029_QPP_N060_P050_A0_Q040,NWP_A0_S32_P050,NWB_A0_S32,STATIONARY_QPP_PRESENT,60,1180.0,0.0,50.0,0.04,32,0,VALID,-197.8378454599476,-188.84653937933973,-191.52811098452435,-8.99130608060787,-2.6815716051846152,-18.99130608060787,M0,M0,False,54.82243734765778,formal_m1_center_not_selected,4.822437347657782,4.822437347657782,0.09644874695315565,0.09644874695315565
NWS001154,NW029_QPP_N060_P050_A0_Q040,NWP_A0_S33_P050,NWB_A0_S33,STATIONARY_QPP_PRESENT,60,1180.0,0.0,50.0,0.04,33,0,VALID,-187.81889490572144,-178.83336712688967,-181.165925901273,-8.985527778831766,-2.3325587743833296,-18.985527778831766,M0,M0,False,87.69166157233795,formal_m1_center_not_selected,37.69166157233795,37.69166157233795,0.753833231446759,0.753833231446759
NWS001155,NW029_QPP_N060_P050_A0_Q040,NWP_A0_S34_P050,NWB_A0_S34,STATIONARY_QPP_PRESENT,60,1180.0,0.0,50.0,0.04,34,0,VALID,-200.37416765156723,-192.8218499885335,-194.38894637736033,-7.552317663033733,-1.5670963888268261,-17.552317663033733,M0,M0,False,54.77519931107462,formal_m1_center_not_selected,4.775199311074623,4.775199311074623,0.09550398622149245,0.09550398622149245
NWS001156,NW029_QPP_N060_P050_A0_Q040,NWP_A0_S35_P050,NWB_A0_S35,STATIONARY_QPP_PRESENT,60,1180.0,0.0,50.0,0.04,35,0,VALID,-205.04609358504152,-196.58085737807565,-199.51041259952964,-8.46523620696587,-2.9295552214539953,-18.46523620696587,M0,M0,False,40.0,formal_m1_center_not_selected,-10.0,10.0,-0.2,0.2
NWS001157,NW029_QPP_N060_P050_A0_Q040,NWP_A0_S36_P050,NWB_A0_S36,STATIONARY_QPP_PRESENT,60,1180.0,0.0,50.0,0.04,36,0,VALID,-185.13242370187152,-184.49635088015398,-179.24948919891858,-0.6360728217175335,5.246861681235401,-10.636072821717534,M0,M0,False,42.62241656951542,formal_m1_center_not_selected,-7.377583430484577,7.377583430484577,-0.14755166860969154,0.14755166860969154
NWS001158,NW029_QPP_N060_P050_A0_Q040,NWP_A0_S37_P050,NWB_A0_S37,STATIONARY_QPP_PRESENT,60,1180.0,0.0,50.0,0.04,37,0,VALID,-178.8091285269954,-188.61996747774643,-172.90261698946233,9.81083895075102,15.717350488284097,-0.18916104924898036,M0,M1,False,59.70495347599911,formal_m1_center_not_selected,9.704953475999112,9.704953475999112,0.19409906951998224,0.19409906951998224
NWS001159,NW029_QPP_N060_P050_A0_Q040,NWP_A0_S38_P050,NWB_A0_S38,STATIONARY_QPP_PRESENT,60,1180.0,0.0,50.0,0.04,38,0,VALID,-182.51420318625142,-177.22658792858957,-176.00007951451437,-5.287615257661855,1.226508414075198,-15.287615257661855,M0,M0,False,43.71653538260415,formal_m1_center_not_selected,-6.28346461739585,6.28346461739585,-0.12566929234791702,0.12566929234791702
NWS001160,NW029_QPP_N060_P050_A0_Q040,NWP_A0_S39_P050,NWB_A0_S39,STATIONARY_QPP_PRESENT,60,1180.0,0.0,50.0,0.04,39,0,VALID,-185.99075654525072,-180.9705221068662,-181.19672743337833,-5.020234438384506,-0.22620532651211533,-15.020234438384506,M0,M0,False,126.36669449334197,formal_m1_center_not_selected,76.36669449334197,76.36669449334197,1.5273338898668394,1.5273338898668394
NWS001161,NW030_QPP_N060_P080_A0_Q040,NWP_A0_S00_P080,NWB_A0_S00,STATIONARY_QPP_PRESENT,60,1180.0,0.0,80.0,0.04,0,0,VALID,-195.08695290322376,-187.1923551773306,-188.46077736656696,-7.894597725893163,-1.268422189236361,-17.894597725893163,M0,M0,False,88.68881597952216,formal_m1_center_not_selected,8.688815979522161,8.688815979522161,0.10861019974402701,0.10861019974402701
NWS001162,NW030_QPP_N060_P080_A0_Q040,NWP_A0_S01_P080,NWB_A0_S01,STATIONARY_QPP_PRESENT,60,1180.0,0.0,80.0,0.04,1,0,VALID,-208.42822765742392,-201.80132672454698,-202.62527557071468,-6.626900932876936,-0.8239488461676956,-16.626900932876936,M0,M0,False,44.16119927249707,formal_m1_center_not_selected,-35.83880072750293,35.83880072750293,-0.4479850090937866,0.4479850090937866
NWS001163,NW030_QPP_N060_P080_A0_Q040,NWP_A0_S02_P080,NWB_A0_S02,STATIONARY_QPP_PRESENT,60,1180.0,0.0,80.0,0.04,2,0,VALID,-211.74576214524038,-213.08868113308708,-205.28855592394325,1.3429189878467014,7.800125209143829,-8.657081012153299,M0,M1,False,42.83572152910799,formal_m1_center_not_selected,-37.16427847089201,37.16427847089201,-0.4645534808861501,0.4645534808861501
NWS001164,NW030_QPP_N060_P080_A0_Q040,NWP_A0_S03_P080,NWB_A0_S03,STATIONARY_QPP_PRESENT,60,1180.0,0.0,80.0,0.04,3,0,VALID,-203.89190461517117,-199.26650708445572,-197.62748178680872,-4.625397530715446,1.6390252976470094,-14.625397530715446,M0,M0,False,46.63354759030649,formal_m1_center_not_selected,-33.36645240969351,33.36645240969351,-0.4170806551211689,0.4170806551211689
NWS001165,NW030_QPP_N060_P080_A0_Q040,NWP_A0_S04_P080,NWB_A0_S04,STATIONARY_QPP_PRESENT,60,1180.0,0.0,80.0,0.04,4,0,VALID,-201.2929839435994,-195.88073028536428,-195.78270264138146,-5.41225365823513,0.09802764398281738,-15.41225365823513,M0,M0,False,68.65299049672578,formal_m1_center_not_selected,-11.347009503274222,11.347009503274222,-0.14183761879092777,0.14183761879092777
NWS001166,NW030_QPP_N060_P080_A0_Q040,NWP_A0_S05_P080,NWB_A0_S05,STATIONARY_QPP_PRESENT,60,1180.0,0.0,80.0,0.04,5,0,VALID,-208.23792499713548,-203.4409342141258,-202.7569259481243,-4.796990783009676,0.6840082660015128,-14.796990783009676,M0,M0,False,124.81722945744806,formal_m1_center_not_selected,44.817229457448065,44.817229457448065,0.5602153682181008,0.5602153682181008
NWS001167,NW030_QPP_N060_P080_A0_Q040,NWP_A0_S06_P080,NWB_A0_S06,STATIONARY_QPP_PRESENT,60,1180.0,0.0,80.0,0.04,6,0,VALID,-201.51346290321564,-195.0995150561758,-195.59460761234433,-6.41394784703985,-0.49509255616854375,-16.41394784703985,M0,M0,False,48.73494565470353,formal_m1_center_not_selected,-31.26505434529647,31.26505434529647,-0.39081317931620585,0.39081317931620585
NWS001168,NW030_QPP_N060_P080_A0_Q040,NWP_A0_S07_P080,NWB_A0_S07,STATIONARY_QPP_PRESENT,60,1180.0,0.0,80.0,0.04,7,0,VALID,-221.64503426289016,-216.86091695588982,-215.1843272507005,-4.7841173070003435,1.6765897051893148,-14.784117307000344,M0,M0,False,57.67808940447706,formal_m1_center_not_selected,-22.321910595522937,22.321910595522937,-0.2790238824440367,0.2790238824440367
NWS001169,NW030_QPP_N060_P080_A0_Q040,NWP_A0_S08_P080,NWB_A0_S08,STATIONARY_QPP_PRESENT,60,1180.0,0.0,80.0,0.04,8,0,VALID,-210.40825105088842,-210.34348108355294,-207.53454526144407,-0.06476996733547935,2.8089358221088787,-10.06476996733548,M0,M0,False,77.86789964180701,formal_m1_center_not_selected,-2.132100358192986,2.132100358192986,-0.026651254477412324,0.026651254477412324
NWS001170,NW030_QPP_N060_P080_A0_Q040,NWP_A0_S09_P080,NWB_A0_S09,STATIONARY_QPP_PRESENT,60,1180.0,0.0,80.0,0.04,9,0,VALID,-212.12671343509479,-207.2504425192137,-207.3587352332704,-4.8762709158810935,-0.10829271405671648,-14.876270915881094,M0,M0,False,72.09953307591445,formal_m1_center_not_selected,-7.900466924085549,7.900466924085549,-0.09875583655106937,0.09875583655106937
NWS001171,NW030_QPP_N060_P080_A0_Q040,NWP_A0_S10_P080,NWB_A0_S10,STATIONARY_QPP_PRESENT,60,1180.0,0.0,80.0,0.04,10,0,VALID,-198.96456852693427,-195.19303164378815,-192.95150231169748,-3.7715368831461262,2.241529332090664,-13.771536883146126,M0,M0,False,72.74677361960276,formal_m1_center_not_selected,-7.253226380397237,7.253226380397237,-0.09066532975496547,0.09066532975496547
NWS001172,NW030_QPP_N060_P080_A0_Q040,NWP_A0_S11_P080,NWB_A0_S11,STATIONARY_QPP_PRESENT,60,1180.0,0.0,80.0,0.04,11,0,VALID,-196.8632903477227,-197.7229854691287,-191.33757080458366,0.8596951214059914,6.3854146645450385,-9.140304878594009,M0,M1,False,79.20904850001448,formal_m1_center_not_selected,-0.7909514999855247,0.7909514999855247,-0.009886893749819058,0.009886893749819058
NWS001173,NW030_QPP_N060_P080_A0_Q040,NWP_A0_S12_P080,NWB_A0_S12,STATIONARY_QPP_PRESENT,60,1180.0,0.0,80.0,0.04,12,0,VALID,-188.97267374147643,-182.6199040144789,-182.52796035291072,-6.352769726997536,0.09194366156816614,-16.352769726997536,M0,M0,False,43.92933707026795,formal_m1_center_not_selected,-36.07066292973205,36.07066292973205,-0.45088328662165067,0.45088328662165067
NWS001174,NW030_QPP_N060_P080_A0_Q040,NWP_A0_S13_P080,NWB_A0_S13,STATIONARY_QPP_PRESENT,60,1180.0,0.0,80.0,0.04,13,0,VALID,-187.16203439594554,-179.824310515827,-181.3775444154091,-7.337723880118546,-1.5532338995820965,-17.337723880118546,M0,M0,False,55.921277297670144,formal_m1_center_not_selected,-24.078722702329856,24.078722702329856,-0.3009840337791232,0.3009840337791232
NWS001175,NW030_QPP_N060_P080_A0_Q040,NWP_A0_S14_P080,NWB_A0_S14,STATIONARY_QPP_PRESENT,60,1180.0,0.0,80.0,0.04,14,0,VALID,-205.62265217643875,-197.62538542043896,-199.35856485978223,-7.997266755999789,-1.7331794393432745,-17.99726675599979,M0,M0,False,52.29499430228884,formal_m1_center_not_selected,-27.705005697711158,27.705005697711158,-0.3463125712213895,0.3463125712213895
NWS001176,NW030_QPP_N060_P080_A0_Q040,NWP_A0_S15_P080,NWB_A0_S15,STATIONARY_QPP_PRESENT,60,1180.0,0.0,80.0,0.04,15,0,VALID,-205.795737796468,-199.78612150757982,-201.01444464235857,-6.009616288888168,-1.2283231347787478,-16.009616288888168,M0,M0,False,82.21781640637322,formal_m1_center_not_selected,2.217816406373217,2.217816406373217,0.027722705079665212,0.027722705079665212
NWS001177,NW030_QPP_N060_P080_A0_Q040,NWP_A0_S16_P080,NWB_A0_S16,STATIONARY_QPP_PRESENT,60,1180.0,0.0,80.0,0.04,16,0,VALID,-222.06938791159908,-213.599740418938,-216.01519294390943,-8.469647492661068,-2.415452524971414,-18.469647492661068,M0,M0,False,106.90680232598436,formal_m1_center_not_selected,26.90680232598436,26.90680232598436,0.3363350290748045,0.3363350290748045
NWS001178,NW030_QPP_N060_P080_A0_Q040,NWP_A0_S17_P080,NWB_A0_S17,STATIONARY_QPP_PRESENT,60,1180.0,0.0,80.0,0.04,17,0,VALID,-220.1874494408704,-212.49040409229215,-213.82372104596976,-7.697045348578257,-1.3333169536776097,-17.697045348578257,M0,M0,False,50.47942361047017,formal_m1_center_not_selected,-29.52057638952983,29.52057638952983,-0.36900720486912286,0.36900720486912286
NWS001179,NW030_QPP_N060_P080_A0_Q040,NWP_A0_S18_P080,NWB_A0_S18,STATIONARY_QPP_PRESENT,60,1180.0,0.0,80.0,0.04,18,0,VALID,-199.67067469358332,-194.43305887622464,-194.3986374422309,-5.237615817358687,0.03442143399374231,-15.237615817358687,M0,M0,False,98.567113123794,formal_m1_center_not_selected,18.567113123794,18.567113123794,0.23208891404742502,0.23208891404742502
NWS001180,NW030_QPP_N060_P080_A0_Q040,NWP_A0_S19_P080,NWB_A0_S19,STATIONARY_QPP_PRESENT,60,1180.0,0.0,80.0,0.04,19,0,VALID,-204.3421197345921,-195.78197932343681,-197.79027036832022,-8.560140411155288,-2.008291044883407,-18.560140411155288,M0,M0,False,76.80034945990549,formal_m1_center_not_selected,-3.1996505400945097,3.1996505400945097,-0.03999563175118137,0.03999563175118137
NWS001181,NW030_QPP_N060_P080_A0_Q040,NWP_A0_S20_P080,NWB_A0_S20,STATIONARY_QPP_PRESENT,60,1180.0,0.0,80.0,0.04,20,0,VALID,-241.9012387753023,-237.99324785454755,-237.87903819970916,-3.9079909207547416,0.1142096548383904,-13.907990920754742,M0,M0,False,98.5501821400276,formal_m1_center_not_selected,18.5501821400276,18.5501821400276,0.23187727675034503,0.23187727675034503
NWS001182,NW030_QPP_N060_P080_A0_Q040,NWP_A0_S21_P080,NWB_A0_S21,STATIONARY_QPP_PRESENT,60,1180.0,0.0,80.0,0.04,21,0,VALID,-193.78541571880874,-187.1745734242935,-187.3211378852169,-6.610842294515237,-0.14656446092340047,-16.610842294515237,M0,M0,False,184.94138824337554,formal_m1_center_not_selected,104.94138824337554,104.94138824337554,1.3117673530421943,1.3117673530421943
NWS001183,NW030_QPP_N060_P080_A0_Q040,NWP_A0_S22_P080,NWB_A0_S22,STATIONARY_QPP_PRESENT,60,1180.0,0.0,80.0,0.04,22,0,VALID,-190.29724198299115,-186.7833701255623,-184.56084659890368,-3.513871857428853,2.2225235266586196,-13.513871857428853,M0,M0,False,40.72472590142812,formal_m1_center_not_selected,-39.27527409857188,39.27527409857188,-0.49094092623214847,0.49094092623214847
NWS001184,NW030_QPP_N060_P080_A0_Q040,NWP_A0_S23_P080,NWB_A0_S23,STATIONARY_QPP_PRESENT,60,1180.0,0.0,80.0,0.04,23,0,VALID,-207.0427847662673,-206.1820960409026,-203.15457653661855,-0.860688725364696,3.0275195042840437,-10.860688725364696,M0,M0,False,65.90760093991561,formal_m1_center_not_selected,-14.09239906008439,14.09239906008439,-0.17615498825105486,0.17615498825105486
NWS001185,NW030_QPP_N060_P080_A0_Q040,NWP_A0_S24_P080,NWB_A0_S24,STATIONARY_QPP_PRESENT,60,1180.0,0.0,80.0,0.04,24,0,VALID,-199.27565924385868,-193.38396625124292,-192.96632459083315,-5.891692992615759,0.417641660409771,-15.89169299261576,M0,M0,False,119.56307987042238,formal_m1_center_not_selected,39.563079870422385,39.563079870422385,0.4945384983802798,0.4945384983802798
NWS001186,NW030_QPP_N060_P080_A0_Q040,NWP_A0_S25_P080,NWB_A0_S25,STATIONARY_QPP_PRESENT,60,1180.0,0.0,80.0,0.04,25,0,VALID,-201.46950279920304,-196.50915178920988,-195.31443661277055,-4.960351009993161,1.1947151764393311,-14.960351009993161,M0,M0,False,47.70603210118056,formal_m1_center_not_selected,-32.29396789881944,32.29396789881944,-0.403674598735243,0.403674598735243
NWS001187,NW030_QPP_N060_P080_A0_Q040,NWP_A0_S26_P080,NWB_A0_S26,STATIONARY_QPP_PRESENT,60,1180.0,0.0,80.0,0.04,26,0,VALID,-221.3173445181466,-213.85130605426713,-214.79569365796723,-7.466038463879471,-0.9443876037001075,-17.46603846387947,M0,M0,False,100.51320530356172,formal_m1_center_not_selected,20.51320530356172,20.51320530356172,0.2564150662945215,0.2564150662945215
NWS001188,NW030_QPP_N060_P080_A0_Q040,NWP_A0_S27_P080,NWB_A0_S27,STATIONARY_QPP_PRESENT,60,1180.0,0.0,80.0,0.04,27,0,VALID,-191.68907138930123,-188.8632013897424,-185.6416668725907,-2.825869999558847,3.221534517151696,-12.825869999558847,M0,M0,False,45.89226483018225,formal_m1_center_not_selected,-34.10773516981775,34.10773516981775,-0.4263466896227219,0.4263466896227219
NWS001189,NW030_QPP_N060_P080_A0_Q040,NWP_A0_S28_P080,NWB_A0_S28,STATIONARY_QPP_PRESENT,60,1180.0,0.0,80.0,0.04,28,0,VALID,-199.11668039941173,-197.39629122659153,-194.22933061497034,-1.7203891728202052,3.1669606116211924,-11.720389172820205,M0,M0,False,66.50659784976821,formal_m1_center_not_selected,-13.493402150231788,13.493402150231788,-0.16866752687789735,0.16866752687789735
NWS001190,NW030_QPP_N060_P080_A0_Q040,NWP_A0_S29_P080,NWB_A0_S29,STATIONARY_QPP_PRESENT,60,1180.0,0.0,80.0,0.04,29,0,VALID,-186.87397611785283,-182.25009418243303,-180.72417233936542,-4.623881935419803,1.5259218430676071,-14.623881935419803,M0,M0,False,81.54657222767564,formal_m1_center_not_selected,1.5465722276756395,1.5465722276756395,0.019332152845945492,0.019332152845945492
NWS001191,NW030_QPP_N060_P080_A0_Q040,NWP_A0_S30_P080,NWB_A0_S30,STATIONARY_QPP_PRESENT,60,1180.0,0.0,80.0,0.04,30,0,VALID,-198.60036121598782,-190.43990818401426,-192.21282366424424,-8.16045303197356,-1.7729154802299831,-18.16045303197356,M0,M0,False,42.140583634427756,formal_m1_center_not_selected,-37.859416365572244,37.859416365572244,-0.47324270456965306,0.47324270456965306
NWS001192,NW030_QPP_N060_P080_A0_Q040,NWP_A0_S31_P080,NWB_A0_S31,STATIONARY_QPP_PRESENT,60,1180.0,0.0,80.0,0.04,31,0,VALID,-187.50561606314923,-185.96164907085998,-181.7106881948165,-1.5439669922892563,4.250960876043479,-11.543966992289256,M0,M0,False,45.41309646538578,formal_m1_center_not_selected,-34.58690353461422,34.58690353461422,-0.43233629418267777,0.43233629418267777
NWS001193,NW030_QPP_N060_P080_A0_Q040,NWP_A0_S32_P080,NWB_A0_S32,STATIONARY_QPP_PRESENT,60,1180.0,0.0,80.0,0.04,32,0,VALID,-197.38240912372902,-188.00085500809652,-191.04266548636593,-9.381554115632497,-3.0418104782694115,-19.381554115632497,M0,M0,False,54.95133568993022,formal_m1_center_not_selected,-25.048664310069782,25.048664310069782,-0.3131083038758723,0.3131083038758723
NWS001194,NW030_QPP_N060_P080_A0_Q040,NWP_A0_S33_P080,NWB_A0_S33,STATIONARY_QPP_PRESENT,60,1180.0,0.0,80.0,0.04,33,0,VALID,-187.9672130569629,-179.83192635742716,-181.3899030394106,-8.135286699535726,-1.5579766819834333,-18.135286699535726,M0,M0,False,87.86610618322327,formal_m1_center_not_selected,7.866106183223266,7.866106183223266,0.09832632729029082,0.09832632729029082
NWS001195,NW030_QPP_N060_P080_A0_Q040,NWP_A0_S34_P080,NWB_A0_S34,STATIONARY_QPP_PRESENT,60,1180.0,0.0,80.0,0.04,34,0,VALID,-201.75944957817507,-193.90690974027154,-195.7065834025762,-7.852539837903521,-1.7996736623046559,-17.85253983790352,M0,M0,False,61.54653343107368,formal_m1_center_not_selected,-18.453466568926324,18.453466568926324,-0.23066833211157906,0.23066833211157906
NWS001196,NW030_QPP_N060_P080_A0_Q040,NWP_A0_S35_P080,NWB_A0_S35,STATIONARY_QPP_PRESENT,60,1180.0,0.0,80.0,0.04,35,0,VALID,-208.09702649668847,-199.94482545864304,-202.62693391738543,-8.152201038045433,-2.682108458742391,-18.152201038045433,M0,M0,False,40.0,formal_m1_center_not_selected,-40.0,40.0,-0.5,0.5
NWS001197,NW030_QPP_N060_P080_A0_Q040,NWP_A0_S36_P080,NWB_A0_S36,STATIONARY_QPP_PRESENT,60,1180.0,0.0,80.0,0.04,36,0,VALID,-185.459269266286,-185.2641080723047,-179.56497114182665,-0.19516119398127785,5.699136930478062,-10.195161193981278,M0,M0,False,42.76426486765852,formal_m1_center_not_selected,-37.23573513234148,37.23573513234148,-0.4654466891542685,0.4654466891542685
NWS001198,NW030_QPP_N060_P080_A0_Q040,NWP_A0_S37_P080,NWB_A0_S37,STATIONARY_QPP_PRESENT,60,1180.0,0.0,80.0,0.04,37,0,VALID,-180.58393616317906,-190.13744916863686,-174.102296030368,9.553513005457802,16.035153138268868,-0.4464869945421981,M0,M1,False,60.75526961676646,formal_m1_center_not_selected,-19.244730383233538,19.244730383233538,-0.2405591297904192,0.2405591297904192
NWS001199,NW030_QPP_N060_P080_A0_Q040,NWP_A0_S38_P080,NWB_A0_S38,STATIONARY_QPP_PRESENT,60,1180.0,0.0,80.0,0.04,38,0,VALID,-181.64939897357007,-175.9159513543193,-175.17519741508468,-5.733447619250768,0.7407539392346223,-15.733447619250768,M0,M0,False,43.82610695608154,formal_m1_center_not_selected,-36.17389304391846,36.17389304391846,-0.45217366304898077,0.45217366304898077
NWS001200,NW030_QPP_N060_P080_A0_Q040,NWP_A0_S39_P080,NWB_A0_S39,STATIONARY_QPP_PRESENT,60,1180.0,0.0,80.0,0.04,39,0,VALID,-185.13513457072492,-180.0996673654322,-180.46420262411084,-5.0354672052927185,-0.364535258678643,-15.035467205292719,M0,M0,False,126.31500311156053,formal_m1_center_not_selected,46.31500311156053,46.31500311156053,0.5789375388945066,0.5789375388945066
NWS001201,NW031_NULL_N060_A1,NWP_A1_S00_NULL,NWB_A1_S00,NULL_FLARE_RED_NOISE,60,1180.0,1.0,,,0,0,VALID,-240.3626797231253,-236.6207072304869,-235.79199029218785,-3.7419724926384106,0.8287169382990385,-13.74197249263841,M0,M0,False,87.13518843391165,,,,,
NWS001202,NW031_NULL_N060_A1,NWP_A1_S01_NULL,NWB_A1_S01,NULL_FLARE_RED_NOISE,60,1180.0,1.0,,,1,0,VALID,-237.1775094330217,-230.34284922331568,-231.0437044969173,-6.834660209706016,-0.7008552736016043,-16.834660209706016,M0,M0,False,65.60726692775842,,,,,
NWS001203,NW031_NULL_N060_A1,NWP_A1_S02_NULL,NWB_A1_S02,NULL_FLARE_RED_NOISE,60,1180.0,1.0,,,2,0,VALID,-232.753573596849,-227.49314899922055,-227.76973118126136,-5.260424597628457,-0.2765821820408121,-15.260424597628457,M0,M0,False,54.8037674279828,,,,,
NWS001204,NW031_NULL_N060_A1,NWP_A1_S03_NULL,NWB_A1_S03,NULL_FLARE_RED_NOISE,60,1180.0,1.0,,,3,0,VALID,-230.95096273178447,-224.8629066233753,-224.9375302999878,-6.088056108409177,-0.07462367661250369,-16.088056108409177,M0,M0,False,85.91634823304216,,,,,
NWS001205,NW031_NULL_N060_A1,NWP_A1_S04_NULL,NWB_A1_S04,NULL_FLARE_RED_NOISE,60,1180.0,1.0,,,4,0,VALID,-246.75059974052047,-244.1069577729054,-240.9505787647119,-2.643641967615082,3.1563790081934826,-12.643641967615082,M0,M0,False,43.08673365489645,,,,,
NWS001206,NW031_NULL_N060_A1,NWP_A1_S05_NULL,NWB_A1_S05,NULL_FLARE_RED_NOISE,60,1180.0,1.0,,,5,0,VALID,-244.8038338037741,-240.65466011165393,-238.6874391960569,-4.149173692120172,1.9672209155970108,-14.149173692120172,M0,M0,False,88.70652111923253,,,,,
NWS001207,NW031_NULL_N060_A1,NWP_A1_S06_NULL,NWB_A1_S06,NULL_FLARE_RED_NOISE,60,1180.0,1.0,,,6,0,VALID,-248.7191287836442,-239.93893210716425,-242.46700705769408,-8.78019667647996,-2.5280749505298274,-18.78019667647996,M0,M0,False,72.22586451636,,,,,
NWS001208,NW031_NULL_N060_A1,NWP_A1_S07_NULL,NWB_A1_S07,NULL_FLARE_RED_NOISE,60,1180.0,1.0,,,7,0,VALID,-255.19103970141632,-247.82886101729446,-248.88396451505827,-7.362178684121858,-1.0551034977638096,-17.362178684121858,M0,M0,False,61.105596618793754,,,,,
NWS001209,NW031_NULL_N060_A1,NWP_A1_S08_NULL,NWB_A1_S08,NULL_FLARE_RED_NOISE,60,1180.0,1.0,,,8,0,VALID,-247.95251398967147,-242.58314074655368,-241.67497009940152,-5.369373243117792,0.9081706471521613,-15.369373243117792,M0,M0,False,58.257589323069766,,,,,
NWS001210,NW031_NULL_N060_A1,NWP_A1_S09_NULL,NWB_A1_S09,NULL_FLARE_RED_NOISE,60,1180.0,1.0,,,9,0,VALID,-240.96476961629295,-234.3709059117307,-234.75262516426147,-6.593863704562267,-0.381719252530786,-16.593863704562267,M0,M0,False,55.66400572636885,,,,,
NWS001211,NW031_NULL_N060_A1,NWP_A1_S10_NULL,NWB_A1_S10,NULL_FLARE_RED_NOISE,60,1180.0,1.0,,,10,0,VALID,-224.40253979599,-221.52583972890227,-218.77207757021586,-2.8767000670877394,2.7537621586864134,-12.87670006708774,M0,M0,False,92.18190379459243,,,,,
NWS001212,NW031_NULL_N060_A1,NWP_A1_S11_NULL,NWB_A1_S11,NULL_FLARE_RED_NOISE,60,1180.0,1.0,,,11,0,VALID,-275.94321676820573,-270.1538127825504,-269.8298411347957,-5.789403985655326,0.32397164775471765,-15.789403985655326,M0,M0,False,57.95263329375807,,,,,
NWS001213,NW031_NULL_N060_A1,NWP_A1_S12_NULL,NWB_A1_S12,NULL_FLARE_RED_NOISE,60,1180.0,1.0,,,12,0,VALID,-267.8498339680844,-263.70904103740304,-261.7509844302586,-4.140792930681357,1.9580566071444423,-14.140792930681357,M0,M0,False,67.35965178848967,,,,,
NWS001214,NW031_NULL_N060_A1,NWP_A1_S13_NULL,NWB_A1_S13,NULL_FLARE_RED_NOISE,60,1180.0,1.0,,,13,0,VALID,-237.68259531823654,-235.8578782190578,-235.2559388534097,-1.8247170991787414,0.6019393656480929,-11.824717099178741,M0,M0,False,88.0391178280347,,,,,
NWS001215,NW031_NULL_N060_A1,NWP_A1_S14_NULL,NWB_A1_S14,NULL_FLARE_RED_NOISE,60,1180.0,1.0,,,14,0,VALID,-252.15067599349865,-245.3041253961668,-247.12780777849878,-6.846550597331856,-1.823682382331981,-16.846550597331856,M0,M0,False,103.84436714202259,,,,,
NWS001216,NW031_NULL_N060_A1,NWP_A1_S15_NULL,NWB_A1_S15,NULL_FLARE_RED_NOISE,60,1180.0,1.0,,,15,0,VALID,-263.85236909080743,-255.53337266396318,-257.65566206999995,-8.318996426844251,-2.1222894060367707,-18.31899642684425,M0,M0,False,50.275824874520985,,,,,
NWS001217,NW031_NULL_N060_A1,NWP_A1_S16_NULL,NWB_A1_S16,NULL_FLARE_RED_NOISE,60,1180.0,1.0,,,16,0,VALID,-213.32517237552761,-205.60365101291262,-207.38971517481912,-7.721521362614993,-1.786064161906495,-17.721521362614993,M0,M0,False,59.7376957287885,,,,,
NWS001218,NW031_NULL_N060_A1,NWP_A1_S17_NULL,NWB_A1_S17,NULL_FLARE_RED_NOISE,60,1180.0,1.0,,,17,0,VALID,-229.84734165178722,-225.6346224963349,-224.9796638331905,-4.212719155452305,0.6549586631444129,-14.212719155452305,M0,M0,False,74.86267863019245,,,,,
NWS001219,NW031_NULL_N060_A1,NWP_A1_S18_NULL,NWB_A1_S18,NULL_FLARE_RED_NOISE,60,1180.0,1.0,,,18,0,VALID,-242.31906893931668,-232.89859570135786,-235.89863478583453,-9.420473237958817,-3.0000390844766684,-19.420473237958817,M0,M0,False,117.8055479771752,,,,,
NWS001220,NW031_NULL_N060_A1,NWP_A1_S19_NULL,NWB_A1_S19,NULL_FLARE_RED_NOISE,60,1180.0,1.0,,,19,0,VALID,-237.91987461186324,-230.98187301250354,-231.65335227305602,-6.938001599359694,-0.6714792605524735,-16.938001599359694,M0,M0,False,50.393756338083634,,,,,
NWS001221,NW031_NULL_N060_A1,NWP_A1_S20_NULL,NWB_A1_S20,NULL_FLARE_RED_NOISE,60,1180.0,1.0,,,20,0,VALID,-248.98509427303,-244.53454809072792,-243.45772666359773,-4.450546182302077,1.0768214271301986,-14.450546182302077,M0,M0,False,67.0612085487027,,,,,
NWS001222,NW031_NULL_N060_A1,NWP_A1_S21_NULL,NWB_A1_S21,NULL_FLARE_RED_NOISE,60,1180.0,1.0,,,21,0,VALID,-238.69559434625089,-232.0824715508425,-232.66230640139202,-6.613122795408373,-0.5798348505495028,-16.613122795408373,M0,M0,False,86.98415580659857,,,,,
NWS001223,NW031_NULL_N060_A1,NWP_A1_S22_NULL,NWB_A1_S22,NULL_FLARE_RED_NOISE,60,1180.0,1.0,,,22,0,VALID,-217.49736953420515,-216.4967542156655,-213.91083778929917,-1.0006153185396442,2.585916426366339,-11.000615318539644,M0,M0,False,82.17568968038078,,,,,
NWS001224,NW031_NULL_N060_A1,NWP_A1_S23_NULL,NWB_A1_S23,NULL_FLARE_RED_NOISE,60,1180.0,1.0,,,23,0,VALID,-256.2486740975508,-249.44003541434904,-250.7374278775148,-6.808638683201764,-1.2973924631657496,-16.808638683201764,M0,M0,False,61.19616060289382,,,,,
NWS001225,NW031_NULL_N060_A1,NWP_A1_S24_NULL,NWB_A1_S24,NULL_FLARE_RED_NOISE,60,1180.0,1.0,,,24,0,VALID,-228.5790199314081,-240.1775936832027,-227.58056925655742,11.59857375179459,12.597024426645277,1.5985737517945893,M0,M1,True,67.39232372006292,,,,,
NWS001226,NW031_NULL_N060_A1,NWP_A1_S25_NULL,NWB_A1_S25,NULL_FLARE_RED_NOISE,60,1180.0,1.0,,,25,0,VALID,-250.79934110203035,-243.32396292086452,-244.47577915983476,-7.475378181165837,-1.151816238970241,-17.475378181165837,M0,M0,False,76.5237821225237,,,,,
NWS001227,NW031_NULL_N060_A1,NWP_A1_S26_NULL,NWB_A1_S26,NULL_FLARE_RED_NOISE,60,1180.0,1.0,,,26,0,VALID,-237.38964398966067,-234.61851799442417,-232.93142991639894,-2.7711259952365026,1.6870880780252264,-12.771125995236503,M0,M0,False,107.27707552669226,,,,,
NWS001228,NW031_NULL_N060_A1,NWP_A1_S27_NULL,NWB_A1_S27,NULL_FLARE_RED_NOISE,60,1180.0,1.0,,,27,0,VALID,-243.16039845195635,-237.47302627887268,-237.71052305954694,-5.6873721730836735,-0.23749678067426316,-15.687372173083673,M0,M0,False,97.39496728130236,,,,,
NWS001229,NW031_NULL_N060_A1,NWP_A1_S28_NULL,NWB_A1_S28,NULL_FLARE_RED_NOISE,60,1180.0,1.0,,,28,0,VALID,-236.33464216316239,-232.40589604382342,-232.89452857274915,-3.9287461193389674,-0.4886325289257343,-13.928746119338967,M0,M0,False,49.22505842812798,,,,,
NWS001230,NW031_NULL_N060_A1,NWP_A1_S29_NULL,NWB_A1_S29,NULL_FLARE_RED_NOISE,60,1180.0,1.0,,,29,0,VALID,-232.97052105303237,-224.8873319174493,-227.65581533526625,-8.08318913558307,-2.7684834178169524,-18.08318913558307,M0,M0,False,72.5820401574246,,,,,
NWS001231,NW031_NULL_N060_A1,NWP_A1_S30_NULL,NWB_A1_S30,NULL_FLARE_RED_NOISE,60,1180.0,1.0,,,30,0,VALID,-211.01334441269347,-202.48846452500447,-205.99347170308963,-8.524879887688996,-3.505007178085151,-18.524879887688996,M0,M0,False,54.583529192590994,,,,,
NWS001232,NW031_NULL_N060_A1,NWP_A1_S31_NULL,NWB_A1_S31,NULL_FLARE_RED_NOISE,60,1180.0,1.0,,,31,0,VALID,-229.29095348909817,-228.82465545580658,-223.43038842890334,-0.4662980332915936,5.394267026903236,-10.466298033291594,M0,M0,False,64.32824147595719,,,,,
NWS001233,NW031_NULL_N060_A1,NWP_A1_S32_NULL,NWB_A1_S32,NULL_FLARE_RED_NOISE,60,1180.0,1.0,,,32,0,VALID,-239.64120414814738,-236.93369358051436,-235.2377032603522,-2.7075105676330224,1.695990320162167,-12.707510567633022,M0,M0,False,129.5677541568655,,,,,
NWS001234,NW031_NULL_N060_A1,NWP_A1_S33_NULL,NWB_A1_S33,NULL_FLARE_RED_NOISE,60,1180.0,1.0,,,33,0,VALID,-247.40439780969186,-240.56217583534163,-241.6488078927918,-6.842221974350224,-1.0866320574501742,-16.842221974350224,M0,M0,False,120.01998303604172,,,,,
NWS001235,NW031_NULL_N060_A1,NWP_A1_S34_NULL,NWB_A1_S34,NULL_FLARE_RED_NOISE,60,1180.0,1.0,,,34,0,VALID,-262.2111168288135,-253.49360007169406,-256.57727216811196,-8.717516757119427,-3.0836720964178994,-18.717516757119427,M0,M0,False,40.0,,,,,
NWS001236,NW031_NULL_N060_A1,NWP_A1_S35_NULL,NWB_A1_S35,NULL_FLARE_RED_NOISE,60,1180.0,1.0,,,35,0,VALID,-233.1108885064081,-225.9738521409535,-227.04696896093057,-7.137036365454577,-1.0731168199770593,-17.137036365454577,M0,M0,False,72.70771011559417,,,,,
NWS001237,NW031_NULL_N060_A1,NWP_A1_S36_NULL,NWB_A1_S36,NULL_FLARE_RED_NOISE,60,1180.0,1.0,,,36,0,VALID,-211.06608300293354,-206.35461972588286,-205.07081117074551,-4.711463277050683,1.283808555137341,-14.711463277050683,M0,M0,False,76.38831252349752,,,,,
NWS001238,NW031_NULL_N060_A1,NWP_A1_S37_NULL,NWB_A1_S37,NULL_FLARE_RED_NOISE,60,1180.0,1.0,,,37,0,VALID,-234.7805666182749,-226.58788045900957,-229.74250114508038,-8.192686159265321,-3.154620686070814,-18.19268615926532,M0,M0,False,67.62650523473275,,,,,
NWS001239,NW031_NULL_N060_A1,NWP_A1_S38_NULL,NWB_A1_S38,NULL_FLARE_RED_NOISE,60,1180.0,1.0,,,38,0,VALID,-277.5485588032694,-273.89296177366896,-272.24858135560265,-3.6555970296004148,1.644380418066305,-13.655597029600415,M0,M0,False,86.09222406633408,,,,,
NWS001240,NW031_NULL_N060_A1,NWP_A1_S39_NULL,NWB_A1_S39,NULL_FLARE_RED_NOISE,60,1180.0,1.0,,,39,0,VALID,-231.11547339582333,-228.27902888540484,-226.5481658708002,-2.836444510418488,1.7308630146046369,-12.836444510418488,M0,M0,False,115.02616856994379,,,,,
NWS001241,NW032_QPP_N060_P050_A1_Q040,NWP_A1_S00_P050,NWB_A1_S00,STATIONARY_QPP_PRESENT,60,1180.0,1.0,50.0,0.04,0,0,VALID,-238.87599612481424,-234.83482302364274,-234.32118113690103,-4.041173101171495,0.5136418867417092,-14.041173101171495,M0,M0,False,87.14376185311417,formal_m1_center_not_selected,37.14376185311417,37.14376185311417,0.7428752370622834,0.7428752370622834
NWS001242,NW032_QPP_N060_P050_A1_Q040,NWP_A1_S01_P050,NWB_A1_S01,STATIONARY_QPP_PRESENT,60,1180.0,1.0,50.0,0.04,1,0,VALID,-235.58056876725627,-227.9171008789557,-229.56562805131855,-7.663467888300573,-1.6485271723628614,-17.663467888300573,M0,M0,False,65.8058585067676,formal_m1_center_not_selected,15.805858506767606,15.805858506767606,0.3161171701353521,0.3161171701353521
NWS001243,NW032_QPP_N060_P050_A1_Q040,NWP_A1_S02_P050,NWB_A1_S02,STATIONARY_QPP_PRESENT,60,1180.0,1.0,50.0,0.04,2,0,VALID,-232.17260359679344,-225.26896707414312,-226.71265080845433,-6.9036365226503165,-1.4436837343112074,-16.903636522650316,M0,M0,False,108.11995269457856,formal_m1_center_not_selected,58.11995269457856,58.11995269457856,1.1623990538915712,1.1623990538915712
NWS001244,NW032_QPP_N060_P050_A1_Q040,NWP_A1_S03_P050,NWB_A1_S03,STATIONARY_QPP_PRESENT,60,1180.0,1.0,50.0,0.04,3,0,VALID,-230.94880105876248,-224.79276486191043,-224.8202342114904,-6.156036196852057,-0.027469349579973823,-16.156036196852057,M0,M0,False,85.91532955377309,formal_m1_center_not_selected,35.91532955377309,35.91532955377309,0.7183065910754618,0.7183065910754618
NWS001245,NW032_QPP_N060_P050_A1_Q040,NWP_A1_S04_P050,NWB_A1_S04,STATIONARY_QPP_PRESENT,60,1180.0,1.0,50.0,0.04,4,0,VALID,-245.05032646883953,-240.4967478553247,-239.15961072014122,-4.553578613514816,1.3371371351834966,-14.553578613514816,M0,M0,False,42.25403934067425,formal_m1_center_not_selected,-7.745960659325753,7.745960659325753,-0.15491921318651505,0.15491921318651505
NWS001246,NW032_QPP_N060_P050_A1_Q040,NWP_A1_S05_P050,NWB_A1_S05,STATIONARY_QPP_PRESENT,60,1180.0,1.0,50.0,0.04,5,0,VALID,-240.92960034032262,-235.7188602099774,-234.74165677183112,-5.210740130345215,0.9772034381462902,-15.210740130345215,M0,M0,False,88.56613747464549,formal_m1_center_not_selected,38.56613747464549,38.56613747464549,0.7713227494929097,0.7713227494929097
NWS001247,NW032_QPP_N060_P050_A1_Q040,NWP_A1_S06_P050,NWB_A1_S06,STATIONARY_QPP_PRESENT,60,1180.0,1.0,50.0,0.04,6,0,VALID,-246.8557777085935,-239.1502643219822,-240.61359770208438,-7.705513386611301,-1.4633333801021706,-17.7055133866113,M0,M0,False,48.62170281821724,formal_m1_center_not_selected,-1.378297181782763,1.378297181782763,-0.02756594363565526,0.02756594363565526
NWS001248,NW032_QPP_N060_P050_A1_Q040,NWP_A1_S07_P050,NWB_A1_S07,STATIONARY_QPP_PRESENT,60,1180.0,1.0,50.0,0.04,7,0,VALID,-253.67073365164018,-247.8995240477596,-247.4386305744489,-5.771209603880578,0.46089347331070485,-15.771209603880578,M0,M0,False,60.821930336425766,formal_m1_center_not_selected,10.821930336425766,10.821930336425766,0.2164386067285153,0.2164386067285153
NWS001249,NW032_QPP_N060_P050_A1_Q040,NWP_A1_S08_P050,NWB_A1_S08,STATIONARY_QPP_PRESENT,60,1180.0,1.0,50.0,0.04,8,0,VALID,-246.64672840804698,-240.9694156667141,-240.21437256178135,-5.677312741332884,0.7550431049327528,-15.677312741332884,M0,M0,False,58.241492419275424,formal_m1_center_not_selected,8.241492419275424,8.241492419275424,0.1648298483855085,0.1648298483855085
NWS001250,NW032_QPP_N060_P050_A1_Q040,NWP_A1_S09_P050,NWB_A1_S09,STATIONARY_QPP_PRESENT,60,1180.0,1.0,50.0,0.04,9,0,VALID,-240.23669126851345,-234.33005339411974,-233.92650539960283,-5.906637874393709,0.4035479945169129,-15.90663787439371,M0,M0,False,55.21885893235553,formal_m1_center_not_selected,5.2188589323555306,5.2188589323555306,0.10437717864711062,0.10437717864711062
NWS001251,NW032_QPP_N060_P050_A1_Q040,NWP_A1_S10_P050,NWB_A1_S10,STATIONARY_QPP_PRESENT,60,1180.0,1.0,50.0,0.04,10,0,VALID,-223.05799854248906,-219.88129423938153,-217.34965194365313,-3.1767043031075275,2.5316422957284033,-13.176704303107527,M0,M0,False,92.18667347770585,formal_m1_center_not_selected,42.18667347770585,42.18667347770585,0.8437334695541171,0.8437334695541171
NWS001252,NW032_QPP_N060_P050_A1_Q040,NWP_A1_S11_P050,NWB_A1_S11,STATIONARY_QPP_PRESENT,60,1180.0,1.0,50.0,0.04,11,0,VALID,-270.85203703933803,-265.98113962808,-264.7272723071336,-4.870897411258056,1.2538673209463695,-14.870897411258056,M0,M0,False,55.2765092397058,formal_m1_center_not_selected,5.276509239705803,5.276509239705803,0.10553018479411605,0.10553018479411605
NWS001253,NW032_QPP_N060_P050_A1_Q040,NWP_A1_S12_P050,NWB_A1_S12,STATIONARY_QPP_PRESENT,60,1180.0,1.0,50.0,0.04,12,0,VALID,-264.848223576662,-259.0864344264725,-258.4269144616311,-5.761789150189486,0.6595199648414223,-15.761789150189486,M0,M0,False,67.38105495634453,formal_m1_center_not_selected,17.381054956344528,17.381054956344528,0.34762109912689054,0.34762109912689054
NWS001254,NW032_QPP_N060_P050_A1_Q040,NWP_A1_S13_P050,NWB_A1_S13,STATIONARY_QPP_PRESENT,60,1180.0,1.0,50.0,0.04,13,0,VALID,-233.609933760372,-229.59575344468496,-231.31866744257337,-4.014180315687042,-1.722913997888412,-14.014180315687042,M0,M0,False,89.19716990024736,formal_m1_center_not_selected,39.19716990024736,39.19716990024736,0.7839433980049472,0.7839433980049472
NWS001255,NW032_QPP_N060_P050_A1_Q040,NWP_A1_S14_P050,NWB_A1_S14,STATIONARY_QPP_PRESENT,60,1180.0,1.0,50.0,0.04,14,0,VALID,-250.32326915161437,-243.30968765713715,-245.37131524582156,-7.013581494477222,-2.0616275886844164,-17.013581494477222,M0,M0,False,104.02100877121856,formal_m1_center_not_selected,54.02100877121856,54.02100877121856,1.0804201754243712,1.0804201754243712
NWS001256,NW032_QPP_N060_P050_A1_Q040,NWP_A1_S15_P050,NWB_A1_S15,STATIONARY_QPP_PRESENT,60,1180.0,1.0,50.0,0.04,15,0,VALID,-259.1668269344652,-251.60036701227887,-253.03669159219987,-7.566459922186311,-1.4363245799210063,-17.56645992218631,M0,M0,False,49.86736377469003,formal_m1_center_not_selected,-0.1326362253099731,0.1326362253099731,-0.002652724506199462,0.002652724506199462
NWS001257,NW032_QPP_N060_P050_A1_Q040,NWP_A1_S16_P050,NWB_A1_S16,STATIONARY_QPP_PRESENT,60,1180.0,1.0,50.0,0.04,16,0,VALID,-211.97805113674872,-204.49688224272867,-206.04191380715346,-7.481168894020044,-1.5450315644247894,-17.481168894020044,M0,M0,False,59.26327009138416,formal_m1_center_not_selected,9.263270091384157,9.263270091384157,0.18526540182768314,0.18526540182768314
NWS001258,NW032_QPP_N060_P050_A1_Q040,NWP_A1_S17_P050,NWB_A1_S17,STATIONARY_QPP_PRESENT,60,1180.0,1.0,50.0,0.04,17,0,VALID,-228.4776317537975,-224.22659303131775,-223.61847921728562,-4.2510387224797626,0.608113814032123,-14.251038722479763,M0,M0,False,74.81195554233243,formal_m1_center_not_selected,24.811955542332427,24.811955542332427,0.49623911084664857,0.49623911084664857
NWS001259,NW032_QPP_N060_P050_A1_Q040,NWP_A1_S18_P050,NWB_A1_S18,STATIONARY_QPP_PRESENT,60,1180.0,1.0,50.0,0.04,18,0,VALID,-239.42896098903753,-230.7288323168643,-232.84871909807197,-8.700128672173236,-2.1198867812076685,-18.700128672173236,M0,M0,False,48.55853429235169,formal_m1_center_not_selected,-1.4414657076483124,1.4414657076483124,-0.02882931415296625,0.02882931415296625
NWS001260,NW032_QPP_N060_P050_A1_Q040,NWP_A1_S19_P050,NWB_A1_S19,STATIONARY_QPP_PRESENT,60,1180.0,1.0,50.0,0.04,19,0,VALID,-236.26469690053585,-229.2511951880949,-229.9476130843285,-7.013501712440956,-0.696417896233612,-17.013501712440956,M0,M0,False,50.49878728075891,formal_m1_center_not_selected,0.4987872807589113,0.4987872807589113,0.009975745615178227,0.009975745615178227
NWS001261,NW032_QPP_N060_P050_A1_Q040,NWP_A1_S20_P050,NWB_A1_S20,STATIONARY_QPP_PRESENT,60,1180.0,1.0,50.0,0.04,20,0,VALID,-245.8205369147304,-240.81558641713912,-240.02200092580244,-5.004950497591295,0.7935854913366711,-15.004950497591295,M0,M0,False,65.19472577617532,formal_m1_center_not_selected,15.194725776175318,15.194725776175318,0.3038945155235064,0.3038945155235064
NWS001262,NW032_QPP_N060_P050_A1_Q040,NWP_A1_S21_P050,NWB_A1_S21,STATIONARY_QPP_PRESENT,60,1180.0,1.0,50.0,0.04,21,0,VALID,-238.0104496542233,-231.33530065165797,-232.07394832477067,-6.67514900256532,-0.7386476731126947,-16.67514900256532,M0,M0,False,86.98523577522889,formal_m1_center_not_selected,36.98523577522889,36.98523577522889,0.7397047155045777,0.7397047155045777
NWS001263,NW032_QPP_N060_P050_A1_Q040,NWP_A1_S22_P050,NWB_A1_S22,STATIONARY_QPP_PRESENT,60,1180.0,1.0,50.0,0.04,22,0,VALID,-217.19976490753822,-215.7168377963771,-213.2845939969563,-1.482927111161132,2.432243799420803,-11.482927111161132,M0,M0,False,82.08935857665426,formal_m1_center_not_selected,32.08935857665426,32.08935857665426,0.6417871715330853,0.6417871715330853
NWS001264,NW032_QPP_N060_P050_A1_Q040,NWP_A1_S23_P050,NWB_A1_S23,STATIONARY_QPP_PRESENT,60,1180.0,1.0,50.0,0.04,23,0,VALID,-255.83979039864417,-248.33040488605377,-250.38283288260521,-7.5093855125903985,-2.052427996551444,-17.5093855125904,M0,M0,False,60.51153533550897,formal_m1_center_not_selected,10.511535335508967,10.511535335508967,0.21023070671017932,0.21023070671017932
NWS001265,NW032_QPP_N060_P050_A1_Q040,NWP_A1_S24_P050,NWB_A1_S24,STATIONARY_QPP_PRESENT,60,1180.0,1.0,50.0,0.04,24,0,VALID,-228.01589636016854,-240.52180832278708,-227.90720832056877,12.50591196261854,12.61460000221831,2.5059119626185407,M0,M1,True,67.25110919634903,recovered_period_selected,17.251109196349034,17.251109196349034,0.3450221839269807,0.3450221839269807
NWS001266,NW032_QPP_N060_P050_A1_Q040,NWP_A1_S25_P050,NWB_A1_S25,STATIONARY_QPP_PRESENT,60,1180.0,1.0,50.0,0.04,25,0,VALID,-248.72427922238106,-240.83356978965156,-242.3051872362046,-7.890709432729494,-1.47161744655304,-17.890709432729494,M0,M0,False,76.55180202149083,formal_m1_center_not_selected,26.55180202149083,26.55180202149083,0.5310360404298166,0.5310360404298166
NWS001267,NW032_QPP_N060_P050_A1_Q040,NWP_A1_S26_P050,NWB_A1_S26,STATIONARY_QPP_PRESENT,60,1180.0,1.0,50.0,0.04,26,0,VALID,-236.98661190161826,-234.29397326576245,-232.29123509710053,-2.6926386358558148,2.002738168661921,-12.692638635855815,M0,M0,False,107.26471168186355,formal_m1_center_not_selected,57.264711681863545,57.264711681863545,1.145294233637271,1.145294233637271
NWS001268,NW032_QPP_N060_P050_A1_Q040,NWP_A1_S27_P050,NWB_A1_S27,STATIONARY_QPP_PRESENT,60,1180.0,1.0,50.0,0.04,27,0,VALID,-240.78142183038122,-234.7372727298514,-234.97716135915806,-6.044149100529808,-0.23988862930664823,-16.044149100529808,M0,M0,False,97.61053842134822,formal_m1_center_not_selected,47.610538421348224,47.610538421348224,0.9522107684269645,0.9522107684269645
NWS001269,NW032_QPP_N060_P050_A1_Q040,NWP_A1_S28_P050,NWB_A1_S28,STATIONARY_QPP_PRESENT,60,1180.0,1.0,50.0,0.04,28,0,VALID,-232.37183177642734,-229.7057377576013,-228.75407582913994,-2.666094018826044,0.9516619284613625,-12.666094018826044,M0,M0,False,49.682243663756,formal_m1_center_not_selected,-0.31775633624400257,0.31775633624400257,-0.006355126724880051,0.006355126724880051
NWS001270,NW032_QPP_N060_P050_A1_Q040,NWP_A1_S29_P050,NWB_A1_S29,STATIONARY_QPP_PRESENT,60,1180.0,1.0,50.0,0.04,29,0,VALID,-231.39162244861862,-222.60785050469116,-225.64551020594445,-8.783771943927462,-3.0376597012532898,-18.783771943927462,M0,M0,False,299.99999999999994,formal_m1_center_not_selected,249.99999999999994,249.99999999999994,4.999999999999999,4.999999999999999
NWS001271,NW032_QPP_N060_P050_A1_Q040,NWP_A1_S30_P050,NWB_A1_S30,STATIONARY_QPP_PRESENT,60,1180.0,1.0,50.0,0.04,30,0,VALID,-210.7126747733677,-201.81200162737167,-205.63654963479763,-8.900673145996024,-3.8245480074259603,-18.900673145996024,M0,M0,False,96.59241914224063,formal_m1_center_not_selected,46.59241914224063,46.59241914224063,0.9318483828448126,0.9318483828448126
NWS001272,NW032_QPP_N060_P050_A1_Q040,NWP_A1_S31_P050,NWB_A1_S31,STATIONARY_QPP_PRESENT,60,1180.0,1.0,50.0,0.04,31,0,VALID,-227.1607161003823,-225.297820440479,-221.23752041779346,-1.8628956599033017,4.060300022685539,-11.862895659903302,M0,M0,False,64.21287880574596,formal_m1_center_not_selected,14.212878805745959,14.212878805745959,0.2842575761149192,0.2842575761149192
NWS001273,NW032_QPP_N060_P050_A1_Q040,NWP_A1_S32_P050,NWB_A1_S32,STATIONARY_QPP_PRESENT,60,1180.0,1.0,50.0,0.04,32,0,VALID,-237.02026444787523,-234.2017859220087,-230.80709855026458,-2.8184785258665386,3.394687371744112,-12.818478525866539,M0,M0,False,129.60417975792066,formal_m1_center_not_selected,79.60417975792066,79.60417975792066,1.5920835951584131,1.5920835951584131
NWS001274,NW032_QPP_N060_P050_A1_Q040,NWP_A1_S33_P050,NWB_A1_S33,STATIONARY_QPP_PRESENT,60,1180.0,1.0,50.0,0.04,33,0,VALID,-247.45864470576916,-240.53699611130156,-241.88359504973374,-6.921648594467598,-1.3465989384321801,-16.921648594467598,M0,M0,False,120.05444140120296,formal_m1_center_not_selected,70.05444140120296,70.05444140120296,1.4010888280240592,1.4010888280240592
NWS001275,NW032_QPP_N060_P050_A1_Q040,NWP_A1_S34_P050,NWB_A1_S34,STATIONARY_QPP_PRESENT,60,1180.0,1.0,50.0,0.04,34,0,VALID,-258.7606345866066,-250.31141726132387,-253.05774186572165,-8.449217325282746,-2.7463246043977847,-18.449217325282746,M0,M0,False,46.50918803311315,formal_m1_center_not_selected,-3.4908119668868522,3.4908119668868522,-0.06981623933773705,0.06981623933773705
NWS001276,NW032_QPP_N060_P050_A1_Q040,NWP_A1_S35_P050,NWB_A1_S35,STATIONARY_QPP_PRESENT,60,1180.0,1.0,50.0,0.04,35,0,VALID,-230.61684844945327,-223.02413310142234,-224.63788011479792,-7.592715348030936,-1.613747013375587,-17.592715348030936,M0,M0,False,72.72232064950278,formal_m1_center_not_selected,22.722320649502777,22.722320649502777,0.45444641299005556,0.45444641299005556
NWS001277,NW032_QPP_N060_P050_A1_Q040,NWP_A1_S36_P050,NWB_A1_S36,STATIONARY_QPP_PRESENT,60,1180.0,1.0,50.0,0.04,36,0,VALID,-209.8527417106162,-204.7542121903866,-203.8948752962964,-5.09852952022959,0.8593368940902053,-15.09852952022959,M0,M0,False,76.49566931224224,formal_m1_center_not_selected,26.495669312242242,26.495669312242242,0.5299133862448449,0.5299133862448449
NWS001278,NW032_QPP_N060_P050_A1_Q040,NWP_A1_S37_P050,NWB_A1_S37,STATIONARY_QPP_PRESENT,60,1180.0,1.0,50.0,0.04,37,0,VALID,-234.1798294876012,-226.6365856894517,-229.08188199565598,-7.543243798149518,-2.445296306204284,-17.54324379814952,M0,M0,False,51.44493083865213,formal_m1_center_not_selected,1.4449308386521267,1.4449308386521267,0.028898616773042535,0.028898616773042535
NWS001279,NW032_QPP_N060_P050_A1_Q040,NWP_A1_S38_P050,NWB_A1_S38,STATIONARY_QPP_PRESENT,60,1180.0,1.0,50.0,0.04,38,0,VALID,-272.49175556809627,-267.5242299840292,-266.20603090989874,-4.967525584067062,1.3181990741304617,-14.967525584067062,M0,M0,False,86.11106466636747,formal_m1_center_not_selected,36.11106466636747,36.11106466636747,0.7222212933273494,0.7222212933273494
NWS001280,NW032_QPP_N060_P050_A1_Q040,NWP_A1_S39_P050,NWB_A1_S39,STATIONARY_QPP_PRESENT,60,1180.0,1.0,50.0,0.04,39,0,VALID,-228.87334234334313,-225.89517466488172,-224.4125452119376,-2.9781676784614035,1.48262945294411,-12.978167678461404,M0,M0,False,115.00028048410219,formal_m1_center_not_selected,65.00028048410219,65.00028048410219,1.3000056096820438,1.3000056096820438
NWS001281,NW033_QPP_N060_P080_A1_Q040,NWP_A1_S00_P080,NWB_A1_S00,STATIONARY_QPP_PRESENT,60,1180.0,1.0,80.0,0.04,0,0,VALID,-238.81129728785368,-235.63407466225354,-234.6458401255113,-3.1772226256001375,0.988234536742226,-13.177222625600137,M0,M0,False,86.44189638715214,formal_m1_center_not_selected,6.441896387152141,6.441896387152141,0.08052370483940177,0.08052370483940177
NWS001282,NW033_QPP_N060_P080_A1_Q040,NWP_A1_S01_P080,NWB_A1_S01,STATIONARY_QPP_PRESENT,60,1180.0,1.0,80.0,0.04,1,0,VALID,-235.3392190631541,-228.52052612358025,-229.26529481030207,-6.81869293957385,-0.7447686867218124,-16.81869293957385,M0,M0,False,66.47278665822263,formal_m1_center_not_selected,-13.527213341777369,13.527213341777369,-0.1690901667722171,0.1690901667722171
NWS001283,NW033_QPP_N060_P080_A1_Q040,NWP_A1_S02_P080,NWB_A1_S02,STATIONARY_QPP_PRESENT,60,1180.0,1.0,80.0,0.04,2,0,VALID,-232.68791611486978,-227.4252777982066,-227.47347321035414,-5.262638316663185,-0.04819541214754963,-15.262638316663185,M0,M0,False,54.94432720404926,formal_m1_center_not_selected,-25.05567279595074,25.05567279595074,-0.3131959099493843,0.3131959099493843
NWS001284,NW033_QPP_N060_P080_A1_Q040,NWP_A1_S03_P080,NWB_A1_S03,STATIONARY_QPP_PRESENT,60,1180.0,1.0,80.0,0.04,3,0,VALID,-233.2495405685549,-225.33483255848216,-226.93380376454368,-7.914708010072729,-1.5989712060615204,-17.91470801007273,M0,M0,False,86.96111804212792,formal_m1_center_not_selected,6.9611180421279215,6.9611180421279215,0.08701397552659902,0.08701397552659902
NWS001285,NW033_QPP_N060_P080_A1_Q040,NWP_A1_S04_P080,NWB_A1_S04,STATIONARY_QPP_PRESENT,60,1180.0,1.0,80.0,0.04,4,0,VALID,-246.01042493823826,-242.24018325981666,-239.91426861972468,-3.7702416784215984,2.3259146400919803,-13.770241678421598,M0,M0,False,43.05416734906717,formal_m1_center_not_selected,-36.94583265093283,36.94583265093283,-0.4618229081366604,0.4618229081366604
NWS001286,NW033_QPP_N060_P080_A1_Q040,NWP_A1_S05_P080,NWB_A1_S05,STATIONARY_QPP_PRESENT,60,1180.0,1.0,80.0,0.04,5,0,VALID,-243.39329966277415,-241.04255908022196,-237.53514816987249,-2.3507405825521914,3.5074109103494777,-12.350740582552191,M0,M0,False,88.57702566696986,formal_m1_center_not_selected,8.57702566696986,8.57702566696986,0.10721282083712325,0.10721282083712325
NWS001287,NW033_QPP_N060_P080_A1_Q040,NWP_A1_S06_P080,NWB_A1_S06,STATIONARY_QPP_PRESENT,60,1180.0,1.0,80.0,0.04,6,0,VALID,-246.02363009831234,-238.05026611858653,-239.8841791589208,-7.973363979725804,-1.8339130403342665,-17.973363979725804,M0,M0,False,73.7763899750393,formal_m1_center_not_selected,-6.223610024960706,6.223610024960706,-0.07779512531200883,0.07779512531200883
NWS001288,NW033_QPP_N060_P080_A1_Q040,NWP_A1_S07_P080,NWB_A1_S07,STATIONARY_QPP_PRESENT,60,1180.0,1.0,80.0,0.04,7,0,VALID,-254.26613664107455,-246.53792084885725,-248.15395645031384,-7.7282157922172985,-1.6160356014565878,-17.7282157922173,M0,M0,False,56.927953831980346,formal_m1_center_not_selected,-23.072046168019654,23.072046168019654,-0.2884005771002457,0.2884005771002457
NWS001289,NW033_QPP_N060_P080_A1_Q040,NWP_A1_S08_P080,NWB_A1_S08,STATIONARY_QPP_PRESENT,60,1180.0,1.0,80.0,0.04,8,0,VALID,-246.83812112745437,-241.39144167899985,-240.51686502219928,-5.446679448454518,0.8745766568005706,-15.446679448454518,M0,M0,False,58.35079948681101,formal_m1_center_not_selected,-21.649200513188987,21.649200513188987,-0.27061500641486236,0.27061500641486236
NWS001290,NW033_QPP_N060_P080_A1_Q040,NWP_A1_S09_P080,NWB_A1_S09,STATIONARY_QPP_PRESENT,60,1180.0,1.0,80.0,0.04,9,0,VALID,-241.9131759693149,-235.21761510879736,-235.63565048492288,-6.695560860517531,-0.4180353761255162,-16.69556086051753,M0,M0,False,55.67059952420355,formal_m1_center_not_selected,-24.329400475796447,24.329400475796447,-0.30411750594745557,0.30411750594745557
NWS001291,NW033_QPP_N060_P080_A1_Q040,NWP_A1_S10_P080,NWB_A1_S10,STATIONARY_QPP_PRESENT,60,1180.0,1.0,80.0,0.04,10,0,VALID,-225.08730181719906,-221.06510172363468,-219.2840196734732,-4.022200093564379,1.7810820501614728,-14.02220009356438,M0,M0,False,93.48746725188897,formal_m1_center_not_selected,13.487467251888972,13.487467251888972,0.16859334064861214,0.16859334064861214
NWS001292,NW033_QPP_N060_P080_A1_Q040,NWP_A1_S11_P080,NWB_A1_S11,STATIONARY_QPP_PRESENT,60,1180.0,1.0,80.0,0.04,11,0,VALID,-273.42883962136705,-268.4637382704383,-267.4599267939745,-4.965101350928762,1.0038114764637953,-14.965101350928762,M0,M0,False,61.31420541874778,formal_m1_center_not_selected,-18.685794581252217,18.685794581252217,-0.23357243226565272,0.23357243226565272
NWS001293,NW033_QPP_N060_P080_A1_Q040,NWP_A1_S12_P080,NWB_A1_S12,STATIONARY_QPP_PRESENT,60,1180.0,1.0,80.0,0.04,12,0,VALID,-266.1962800872585,-263.8742548254584,-260.24675774356257,-2.3220252618000927,3.6274970818958536,-12.322025261800093,M0,M0,False,67.8384362999282,formal_m1_center_not_selected,-12.161563700071795,12.161563700071795,-0.15201954625089745,0.15201954625089745
NWS001294,NW033_QPP_N060_P080_A1_Q040,NWP_A1_S13_P080,NWB_A1_S13,STATIONARY_QPP_PRESENT,60,1180.0,1.0,80.0,0.04,13,0,VALID,-236.40931395778637,-235.40729446829818,-234.1566701529104,-1.002019489488191,1.2506243153877676,-11.002019489488191,M0,M0,False,87.64983237621428,formal_m1_center_not_selected,7.6498323762142775,7.6498323762142775,0.09562290470267847,0.09562290470267847
NWS001295,NW033_QPP_N060_P080_A1_Q040,NWP_A1_S14_P080,NWB_A1_S14,STATIONARY_QPP_PRESENT,60,1180.0,1.0,80.0,0.04,14,0,VALID,-251.19938190561354,-244.51066639539272,-246.31074747579646,-6.688715510220817,-1.8000810804037428,-16.688715510220817,M0,M0,False,103.85808536027787,formal_m1_center_not_selected,23.85808536027787,23.85808536027787,0.29822606700347337,0.29822606700347337
NWS001296,NW033_QPP_N060_P080_A1_Q040,NWP_A1_S15_P080,NWB_A1_S15,STATIONARY_QPP_PRESENT,60,1180.0,1.0,80.0,0.04,15,0,VALID,-260.4881995989506,-251.89806259342396,-253.87258900874014,-8.590137005526628,-1.974526415316177,-18.59013700552663,M0,M0,False,50.28086491069913,formal_m1_center_not_selected,-29.71913508930087,29.71913508930087,-0.3714891886162609,0.3714891886162609
NWS001297,NW033_QPP_N060_P080_A1_Q040,NWP_A1_S16_P080,NWB_A1_S16,STATIONARY_QPP_PRESENT,60,1180.0,1.0,80.0,0.04,16,0,VALID,-213.26139325772598,-205.65898833283933,-207.20751884173478,-7.602404924886656,-1.5485305088954533,-17.602404924886656,M0,M0,False,59.66715480726272,formal_m1_center_not_selected,-20.33284519273728,20.33284519273728,-0.254160564909216,0.254160564909216
NWS001298,NW033_QPP_N060_P080_A1_Q040,NWP_A1_S17_P080,NWB_A1_S17,STATIONARY_QPP_PRESENT,60,1180.0,1.0,80.0,0.04,17,0,VALID,-228.75920252212362,-224.7876243413997,-223.99847667586576,-3.971578180723924,0.7891476655339318,-13.971578180723924,M0,M0,False,75.45293278180806,formal_m1_center_not_selected,-4.547067218191941,4.547067218191941,-0.05683834022739927,0.05683834022739927
NWS001299,NW033_QPP_N060_P080_A1_Q040,NWP_A1_S18_P080,NWB_A1_S18,STATIONARY_QPP_PRESENT,60,1180.0,1.0,80.0,0.04,18,0,VALID,-239.42032246376206,-230.42910048449946,-233.39314780734136,-8.991221979262605,-2.964047322841907,-18.991221979262605,M0,M0,False,75.05067158670573,formal_m1_center_not_selected,-4.949328413294268,4.949328413294268,-0.06186660516617835,0.06186660516617835
NWS001300,NW033_QPP_N060_P080_A1_Q040,NWP_A1_S19_P080,NWB_A1_S19,STATIONARY_QPP_PRESENT,60,1180.0,1.0,80.0,0.04,19,0,VALID,-237.84203487611094,-231.793218525464,-231.59648400944417,-6.048816350646945,0.1967345160198306,-16.048816350646945,M0,M0,False,50.35140802782797,formal_m1_center_not_selected,-29.648591972172028,29.648591972172028,-0.37060739965215034,0.37060739965215034
NWS001301,NW033_QPP_N060_P080_A1_Q040,NWP_A1_S20_P080,NWB_A1_S20,STATIONARY_QPP_PRESENT,60,1180.0,1.0,80.0,0.04,20,0,VALID,-250.09644130593338,-244.6176051747073,-244.62210511636306,-5.478836131226075,-0.004499941655751627,-15.478836131226075,M0,M0,False,64.80720681050339,formal_m1_center_not_selected,-15.192793189496612,15.192793189496612,-0.18990991486870765,0.18990991486870765
NWS001302,NW033_QPP_N060_P080_A1_Q040,NWP_A1_S21_P080,NWB_A1_S21,STATIONARY_QPP_PRESENT,60,1180.0,1.0,80.0,0.04,21,0,VALID,-238.26994941349508,-231.34954596017928,-232.16560443708454,-6.920403453315799,-0.8160584769052548,-16.9204034533158,M0,M0,False,88.05535511742065,formal_m1_center_not_selected,8.055355117420646,8.055355117420646,0.10069193896775808,0.10069193896775808
NWS001303,NW033_QPP_N060_P080_A1_Q040,NWP_A1_S22_P080,NWB_A1_S22,STATIONARY_QPP_PRESENT,60,1180.0,1.0,80.0,0.04,22,0,VALID,-217.01752609790168,-216.510361367258,-213.37392141168897,-0.507164730643666,3.1364399555690454,-10.507164730643666,M0,M0,False,81.76012981067267,formal_m1_center_not_selected,1.760129810672666,1.760129810672666,0.022001622633408324,0.022001622633408324
NWS001304,NW033_QPP_N060_P080_A1_Q040,NWP_A1_S23_P080,NWB_A1_S23,STATIONARY_QPP_PRESENT,60,1180.0,1.0,80.0,0.04,23,0,VALID,-252.62325563878474,-246.85183323225726,-247.1726018179553,-5.771422406527478,-0.32076858569803335,-15.771422406527478,M0,M0,False,62.187886759819776,formal_m1_center_not_selected,-17.812113240180224,17.812113240180224,-0.22265141550225281,0.22265141550225281
NWS001305,NW033_QPP_N060_P080_A1_Q040,NWP_A1_S24_P080,NWB_A1_S24,STATIONARY_QPP_PRESENT,60,1180.0,1.0,80.0,0.04,24,0,VALID,-226.8181292311289,-237.9757036292094,-226.40405996553966,11.157574398080499,11.571643663669732,1.1575743980804987,M0,M1,True,67.84563276323301,recovered_period_selected,-12.154367236766987,12.154367236766987,-0.15192959045958734,0.15192959045958734
NWS001306,NW033_QPP_N060_P080_A1_Q040,NWP_A1_S25_P080,NWB_A1_S25,STATIONARY_QPP_PRESENT,60,1180.0,1.0,80.0,0.04,25,0,VALID,-248.62081069801093,-243.18492522441136,-242.68072743471623,-5.435885473599569,0.5041977896951266,-15.43588547359957,M0,M0,False,76.49813598412412,formal_m1_center_not_selected,-3.5018640158758814,3.5018640158758814,-0.043773300198448516,0.043773300198448516
NWS001307,NW033_QPP_N060_P080_A1_Q040,NWP_A1_S26_P080,NWB_A1_S26,STATIONARY_QPP_PRESENT,60,1180.0,1.0,80.0,0.04,26,0,VALID,-236.62980377455753,-233.28701780747883,-232.26102945318175,-3.3427859670786972,1.025988354297084,-13.342785967078697,M0,M0,False,107.21231081935458,formal_m1_center_not_selected,27.212310819354585,27.212310819354585,0.3401538852419323,0.3401538852419323
NWS001308,NW033_QPP_N060_P080_A1_Q040,NWP_A1_S27_P080,NWB_A1_S27,STATIONARY_QPP_PRESENT,60,1180.0,1.0,80.0,0.04,27,0,VALID,-243.289348554192,-237.66328089864734,-237.65378154916095,-5.626067655544659,0.009499349486389974,-15.62606765554466,M0,M0,False,98.19024415791205,formal_m1_center_not_selected,18.190244157912048,18.190244157912048,0.2273780519739006,0.2273780519739006
NWS001309,NW033_QPP_N060_P080_A1_Q040,NWP_A1_S28_P080,NWB_A1_S28,STATIONARY_QPP_PRESENT,60,1180.0,1.0,80.0,0.04,28,0,VALID,-234.40155224856466,-230.34712038959847,-230.08820119128325,-4.054431858966183,0.25891919831522614,-14.054431858966183,M0,M0,False,49.214352866092185,formal_m1_center_not_selected,-30.785647133907815,30.785647133907815,-0.3848205891738477,0.3848205891738477
NWS001310,NW033_QPP_N060_P080_A1_Q040,NWP_A1_S29_P080,NWB_A1_S29,STATIONARY_QPP_PRESENT,60,1180.0,1.0,80.0,0.04,29,0,VALID,-231.96221469671096,-224.10820463734865,-226.5572905336149,-7.8540100593623094,-2.44908589626624,-17.85401005936231,M0,M0,False,74.45796564330547,formal_m1_center_not_selected,-5.542034356694529,5.542034356694529,-0.06927542945868162,0.06927542945868162
NWS001311,NW033_QPP_N060_P080_A1_Q040,NWP_A1_S30_P080,NWB_A1_S30,STATIONARY_QPP_PRESENT,60,1180.0,1.0,80.0,0.04,30,0,VALID,-211.54079371104052,-203.1551329188497,-206.34250393627627,-8.385660792190833,-3.1873710174265852,-18.385660792190833,M0,M0,False,54.588358783164146,formal_m1_center_not_selected,-25.411641216835854,25.411641216835854,-0.31764551521044815,0.31764551521044815
NWS001312,NW033_QPP_N060_P080_A1_Q040,NWP_A1_S31_P080,NWB_A1_S31,STATIONARY_QPP_PRESENT,60,1180.0,1.0,80.0,0.04,31,0,VALID,-227.63281525462733,-225.66463678696482,-222.06468119031373,-1.9681784676625114,3.5999555966510854,-11.968178467662511,M0,M0,False,64.05465771558164,formal_m1_center_not_selected,-15.94534228441836,15.94534228441836,-0.1993167785552295,0.1993167785552295
NWS001313,NW033_QPP_N060_P080_A1_Q040,NWP_A1_S32_P080,NWB_A1_S32,STATIONARY_QPP_PRESENT,60,1180.0,1.0,80.0,0.04,32,0,VALID,-239.53776592935026,-236.510606799045,-234.76149602052246,-3.0271591303052503,1.7491107785225495,-13.02715913030525,M0,M0,False,129.68433120295882,formal_m1_center_not_selected,49.684331202958816,49.684331202958816,0.6210541400369852,0.6210541400369852
NWS001314,NW033_QPP_N060_P080_A1_Q040,NWP_A1_S33_P080,NWB_A1_S33,STATIONARY_QPP_PRESENT,60,1180.0,1.0,80.0,0.04,33,0,VALID,-245.8654343168677,-238.86470964287227,-240.1689495411381,-7.000724673995421,-1.3042398982658199,-17.00072467399542,M0,M0,False,120.43393430893877,formal_m1_center_not_selected,40.433934308938774,40.433934308938774,0.5054241788617346,0.5054241788617346
NWS001315,NW033_QPP_N060_P080_A1_Q040,NWP_A1_S34_P080,NWB_A1_S34,STATIONARY_QPP_PRESENT,60,1180.0,1.0,80.0,0.04,34,0,VALID,-260.66906364651373,-251.66497412748572,-254.30706953470707,-9.004089519028014,-2.6420954072213476,-19.004089519028014,M0,M0,False,40.0,formal_m1_center_not_selected,-40.0,40.0,-0.5,0.5
NWS001316,NW033_QPP_N060_P080_A1_Q040,NWP_A1_S35_P080,NWB_A1_S35,STATIONARY_QPP_PRESENT,60,1180.0,1.0,80.0,0.04,35,0,VALID,-233.33660463915558,-225.19352223852673,-227.10843855544277,-8.143082400628856,-1.9149163169160488,-18.143082400628856,M0,M0,False,71.22709107116555,formal_m1_center_not_selected,-8.772908928834454,8.772908928834454,-0.10966136161043068,0.10966136161043068
NWS001317,NW033_QPP_N060_P080_A1_Q040,NWP_A1_S36_P080,NWB_A1_S36,STATIONARY_QPP_PRESENT,60,1180.0,1.0,80.0,0.04,36,0,VALID,-209.80856010582394,-206.68310169498284,-204.11964607045212,-3.125458410841105,2.563455624530718,-13.125458410841105,M0,M0,False,75.76073109696793,formal_m1_center_not_selected,-4.23926890303207,4.23926890303207,-0.05299086128790087,0.05299086128790087
NWS001318,NW033_QPP_N060_P080_A1_Q040,NWP_A1_S37_P080,NWB_A1_S37,STATIONARY_QPP_PRESENT,60,1180.0,1.0,80.0,0.04,37,0,VALID,-234.62928249448228,-227.97081386863266,-229.78031308189767,-6.658468625849622,-1.8094992132650134,-16.658468625849622,M0,M0,False,83.24168004539116,formal_m1_center_not_selected,3.2416800453911634,3.2416800453911634,0.04052100056738954,0.04052100056738954
NWS001319,NW033_QPP_N060_P080_A1_Q040,NWP_A1_S38_P080,NWB_A1_S38,STATIONARY_QPP_PRESENT,60,1180.0,1.0,80.0,0.04,38,0,VALID,-278.4853222063674,-272.44507262056754,-272.46992675973456,-6.04024958579987,-0.02485413916701873,-16.04024958579987,M0,M0,False,86.53731860993199,formal_m1_center_not_selected,6.537318609931987,6.537318609931987,0.08171648262414984,0.08171648262414984
NWS001320,NW033_QPP_N060_P080_A1_Q040,NWP_A1_S39_P080,NWB_A1_S39,STATIONARY_QPP_PRESENT,60,1180.0,1.0,80.0,0.04,39,0,VALID,-229.72501484315532,-226.19420608587396,-225.45785576458366,-3.5308087572813633,0.7363503212903026,-13.530808757281363,M0,M0,False,115.00565947179062,formal_m1_center_not_selected,35.00565947179062,35.00565947179062,0.4375707433973828,0.4375707433973828
NWS001321,NW034_NULL_N060_A2,NWP_A2_S00_NULL,NWB_A2_S00,NULL_FLARE_RED_NOISE,60,1180.0,2.0,,,0,0,VALID,-296.1198122719477,-286.8792524117165,-289.6465273573721,-9.240559860231201,-2.767274945655629,-19.2405598602312,M0,M0,False,96.34670471199777,,,,,
NWS001322,NW034_NULL_N060_A2,NWP_A2_S01_NULL,NWB_A2_S01,NULL_FLARE_RED_NOISE,60,1180.0,2.0,,,1,0,VALID,-315.4322640221357,-305.719328785851,-308.78647745624306,-9.712935236284693,-3.0671486703920436,-19.712935236284693,M0,M0,False,81.56436326921154,,,,,
NWS001323,NW034_NULL_N060_A2,NWP_A2_S02_NULL,NWB_A2_S02,NULL_FLARE_RED_NOISE,60,1180.0,2.0,,,2,0,VALID,-304.5924893988987,-295.97888369110376,-298.1919419112666,-8.613605707794932,-2.21305822016285,-18.61360570779493,M0,M0,False,79.17049816629988,,,,,
NWS001324,NW034_NULL_N060_A2,NWP_A2_S03_NULL,NWB_A2_S03,NULL_FLARE_RED_NOISE,60,1180.0,2.0,,,3,0,VALID,-280.05843462260515,-278.0603745839941,-275.96486046110397,-1.9980600386110723,2.0955141228901084,-11.998060038611072,M0,M0,False,72.28116134147439,,,,,
NWS001325,NW034_NULL_N060_A2,NWP_A2_S04_NULL,NWB_A2_S04,NULL_FLARE_RED_NOISE,60,1180.0,2.0,,,4,0,VALID,-318.51150138236704,-309.4269987131768,-312.4551973820687,-9.084502669190272,-3.028198668891946,-19.08450266919027,M0,M0,False,79.26565696348857,,,,,
NWS001326,NW034_NULL_N060_A2,NWP_A2_S05_NULL,NWB_A2_S05,NULL_FLARE_RED_NOISE,60,1180.0,2.0,,,5,0,VALID,-315.9306257515151,-306.52448997053364,-309.3423583434732,-9.406135780981458,-2.8178683729395857,-19.406135780981458,M0,M0,False,93.73915380481661,,,,,
NWS001327,NW034_NULL_N060_A2,NWP_A2_S06_NULL,NWB_A2_S06,NULL_FLARE_RED_NOISE,60,1180.0,2.0,,,6,0,VALID,-323.59862978200846,-313.82784943446353,-316.87513985615897,-9.770780347544928,-3.047290421695436,-19.770780347544928,M0,M0,False,217.59670965499657,,,,,
NWS001328,NW034_NULL_N060_A2,NWP_A2_S07_NULL,NWB_A2_S07,NULL_FLARE_RED_NOISE,60,1180.0,2.0,,,7,0,VALID,-324.07350090529803,-315.9395305520565,-318.1410897247119,-8.133970353241523,-2.2015591726553794,-18.133970353241523,M0,M0,False,70.74029607316827,,,,,
NWS001329,NW034_NULL_N060_A2,NWP_A2_S08_NULL,NWB_A2_S08,NULL_FLARE_RED_NOISE,60,1180.0,2.0,,,8,0,VALID,-302.51123257966947,-292.9121854106822,-295.9586233043793,-9.599047168987283,-3.046437893697089,-19.599047168987283,M0,M0,False,70.74293828770364,,,,,
NWS001330,NW034_NULL_N060_A2,NWP_A2_S09_NULL,NWB_A2_S09,NULL_FLARE_RED_NOISE,60,1180.0,2.0,,,9,0,VALID,-314.7749554918944,-306.0911131546026,-308.38879938292945,-8.683842337291765,-2.2976862283268247,-18.683842337291765,M0,M0,False,120.33207102691735,,,,,
NWS001331,NW034_NULL_N060_A2,NWP_A2_S10_NULL,NWB_A2_S10,NULL_FLARE_RED_NOISE,60,1180.0,2.0,,,10,0,VALID,-286.4346968236157,-279.39983188500446,-280.6574159653318,-7.034864938611236,-1.2575840803273195,-17.034864938611236,M0,M0,False,75.14060870000594,,,,,
NWS001332,NW034_NULL_N060_A2,NWP_A2_S11_NULL,NWB_A2_S11,NULL_FLARE_RED_NOISE,60,1180.0,2.0,,,11,0,VALID,-307.67660660532965,-299.3039554077904,-301.5177596283919,-8.372651197539255,-2.213804220601503,-18.372651197539255,M0,M0,False,59.326012771733495,,,,,
NWS001333,NW034_NULL_N060_A2,NWP_A2_S12_NULL,NWB_A2_S12,NULL_FLARE_RED_NOISE,60,1180.0,2.0,,,12,0,VALID,-270.55344021964873,-261.52545327039775,-264.48829856133284,-9.027986949250987,-2.9628452909350926,-19.027986949250987,M0,M0,False,84.89782334842916,,,,,
NWS001334,NW034_NULL_N060_A2,NWP_A2_S13_NULL,NWB_A2_S13,NULL_FLARE_RED_NOISE,60,1180.0,2.0,,,13,0,VALID,-282.5897795883105,-274.1897782055278,-277.2061207140212,-8.400001382782705,-3.0163425084934374,-18.400001382782705,M0,M0,False,68.85555133411452,,,,,
NWS001335,NW034_NULL_N060_A2,NWP_A2_S14_NULL,NWB_A2_S14,NULL_FLARE_RED_NOISE,60,1180.0,2.0,,,14,0,VALID,-309.83321385941406,-300.3888603219526,-303.65508290879205,-9.444353537461438,-3.266222586839433,-19.44435353746144,M0,M0,False,263.9855356718425,,,,,
NWS001336,NW034_NULL_N060_A2,NWP_A2_S15_NULL,NWB_A2_S15,NULL_FLARE_RED_NOISE,60,1180.0,2.0,,,15,0,VALID,-302.99174546540723,-294.33624706419295,-296.86947799087216,-8.655498401214288,-2.5332309266792095,-18.655498401214288,M0,M0,False,70.3231450218582,,,,,
NWS001337,NW034_NULL_N060_A2,NWP_A2_S16_NULL,NWB_A2_S16,NULL_FLARE_RED_NOISE,60,1180.0,2.0,,,16,0,VALID,-293.3672240361835,-285.49781686145803,-287.39528574644174,-7.869407174725438,-1.8974688849837094,-17.86940717472544,M0,M0,False,64.56270966695025,,,,,
NWS001338,NW034_NULL_N060_A2,NWP_A2_S17_NULL,NWB_A2_S17,NULL_FLARE_RED_NOISE,60,1180.0,2.0,,,17,0,VALID,-308.7074351312814,-299.01779393600657,-302.18512680305577,-9.689641195274817,-3.167332867049197,-19.689641195274817,M0,M0,False,123.60846283140188,,,,,
NWS001339,NW034_NULL_N060_A2,NWP_A2_S18_NULL,NWB_A2_S18,NULL_FLARE_RED_NOISE,60,1180.0,2.0,,,18,0,VALID,-296.70102210971135,-287.8376934063278,-290.44204113611846,-8.863328703383559,-2.6043477297906747,-18.86332870338356,M0,M0,False,140.8191527733247,,,,,
NWS001340,NW034_NULL_N060_A2,NWP_A2_S19_NULL,NWB_A2_S19,NULL_FLARE_RED_NOISE,60,1180.0,2.0,,,19,0,VALID,-294.7519326730135,-285.77078366075443,-288.70484134016385,-8.981149012259095,-2.9340576794094204,-18.981149012259095,M0,M0,False,188.41737544441384,,,,,
NWS001341,NW034_NULL_N060_A2,NWP_A2_S20_NULL,NWB_A2_S20,NULL_FLARE_RED_NOISE,60,1180.0,2.0,,,20,0,VALID,-325.111786961537,-315.55730009982136,-318.4152517871526,-9.554486861715645,-2.8579516873312514,-19.554486861715645,M0,M0,False,299.99999999999994,,,,,
NWS001342,NW034_NULL_N060_A2,NWP_A2_S21_NULL,NWB_A2_S21,NULL_FLARE_RED_NOISE,60,1180.0,2.0,,,21,0,VALID,-290.511453978385,-282.43820395790027,-284.975152532989,-8.07325002048475,-2.5369485750887293,-18.07325002048475,M0,M0,False,75.1109986919334,,,,,
NWS001343,NW034_NULL_N060_A2,NWP_A2_S22_NULL,NWB_A2_S22,NULL_FLARE_RED_NOISE,60,1180.0,2.0,,,22,0,VALID,-295.8556106606932,-286.6315225912758,-289.456094264877,-9.224088069417348,-2.824571673601156,-19.22408806941735,M0,M0,False,49.27454481169798,,,,,
NWS001344,NW034_NULL_N060_A2,NWP_A2_S23_NULL,NWB_A2_S23,NULL_FLARE_RED_NOISE,60,1180.0,2.0,,,23,0,VALID,-307.5537775041524,-298.19247468601117,-301.05052135708877,-9.361302818141212,-2.8580466710776022,-19.361302818141212,M0,M0,False,73.1246187524919,,,,,
NWS001345,NW034_NULL_N060_A2,NWP_A2_S24_NULL,NWB_A2_S24,NULL_FLARE_RED_NOISE,60,1180.0,2.0,,,24,0,VALID,-304.15085957750034,-300.2034994419229,-299.2985465478663,-3.947360135577469,0.9049528940565779,-13.947360135577469,M0,M0,False,94.56692940618395,,,,,
NWS001346,NW034_NULL_N060_A2,NWP_A2_S25_NULL,NWB_A2_S25,NULL_FLARE_RED_NOISE,60,1180.0,2.0,,,25,0,VALID,-318.32159242193075,-308.4128276387946,-311.7190299694002,-9.908764783136121,-3.306202330605572,-19.90876478313612,M0,M0,False,203.32385899330953,,,,,
NWS001347,NW034_NULL_N060_A2,NWP_A2_S26_NULL,NWB_A2_S26,NULL_FLARE_RED_NOISE,60,1180.0,2.0,,,26,0,VALID,-289.79951337548545,-281.4186474123784,-284.09061951329846,-8.380865963107055,-2.6719721009200725,-18.380865963107055,M0,M0,False,175.77379068973752,,,,,
NWS001348,NW034_NULL_N060_A2,NWP_A2_S27_NULL,NWB_A2_S27,NULL_FLARE_RED_NOISE,60,1180.0,2.0,,,27,0,VALID,-307.5400746489456,-299.227045286615,-301.2488820385487,-8.31302936233061,-2.0218367519336766,-18.31302936233061,M0,M0,False,174.0794496722828,,,,,
NWS001349,NW034_NULL_N060_A2,NWP_A2_S28_NULL,NWB_A2_S28,NULL_FLARE_RED_NOISE,60,1180.0,2.0,,,28,0,VALID,-316.29462833495234,-306.8170596169611,-309.8542572734048,-9.477568717991232,-3.037197656443709,-19.477568717991232,M0,M0,False,63.80227716493471,,,,,
NWS001350,NW034_NULL_N060_A2,NWP_A2_S29_NULL,NWB_A2_S29,NULL_FLARE_RED_NOISE,60,1180.0,2.0,,,29,0,VALID,-287.1694642535132,-279.5429036172384,-282.9296400248318,-7.626560636274803,-3.386736407593446,-17.626560636274803,M0,M0,False,40.0,,,,,
NWS001351,NW034_NULL_N060_A2,NWP_A2_S30_NULL,NWB_A2_S30,NULL_FLARE_RED_NOISE,60,1180.0,2.0,,,30,0,VALID,-298.03090401971247,-289.2019760166111,-291.7588867262729,-8.828928003101339,-2.5569107096617927,-18.82892800310134,M0,M0,False,54.74843298704296,,,,,
NWS001352,NW034_NULL_N060_A2,NWP_A2_S31_NULL,NWB_A2_S31,NULL_FLARE_RED_NOISE,60,1180.0,2.0,,,31,0,VALID,-313.445229987998,-305.6589150388686,-307.1051418997967,-7.786314949129405,-1.4462268609281068,-17.786314949129405,M0,M0,False,299.99999999999994,,,,,
NWS001353,NW034_NULL_N060_A2,NWP_A2_S32_NULL,NWB_A2_S32,NULL_FLARE_RED_NOISE,60,1180.0,2.0,,,32,0,VALID,-300.1729214509489,-290.78253813220755,-293.51107172889425,-9.390383318741328,-2.7285335966867024,-19.39038331874133,M0,M0,False,143.9805942779347,,,,,
NWS001354,NW034_NULL_N060_A2,NWP_A2_S33_NULL,NWB_A2_S33,NULL_FLARE_RED_NOISE,60,1180.0,2.0,,,33,0,VALID,-302.9261146823576,-294.1068382626873,-296.63801893602897,-8.819276419670302,-2.53118067334168,-18.819276419670302,M0,M0,False,75.79686296076326,,,,,
NWS001355,NW034_NULL_N060_A2,NWP_A2_S34_NULL,NWB_A2_S34,NULL_FLARE_RED_NOISE,60,1180.0,2.0,,,34,0,VALID,-305.2630158018264,-295.97130584837606,-298.88314277398075,-9.291709953450322,-2.911836925604689,-19.291709953450322,M0,M0,False,115.11363870407365,,,,,
NWS001356,NW034_NULL_N060_A2,NWP_A2_S35_NULL,NWB_A2_S35,NULL_FLARE_RED_NOISE,60,1180.0,2.0,,,35,0,VALID,-286.4294634530794,-277.9611960841402,-280.3500135207958,-8.468267368939166,-2.388817436655586,-18.468267368939166,M0,M0,False,60.42474284154103,,,,,
NWS001357,NW034_NULL_N060_A2,NWP_A2_S36_NULL,NWB_A2_S36,NULL_FLARE_RED_NOISE,60,1180.0,2.0,,,36,0,VALID,-291.11054505213997,-282.2603784121995,-284.7196884991575,-8.850166639940483,-2.4593100869579985,-18.850166639940483,M0,M0,False,71.19157141952525,,,,,
NWS001358,NW034_NULL_N060_A2,NWP_A2_S37_NULL,NWB_A2_S37,NULL_FLARE_RED_NOISE,60,1180.0,2.0,,,37,0,VALID,-267.09823784379864,-260.2093306774013,-261.1833283252243,-6.88890716639736,-0.9739976478230119,-16.88890716639736,M0,M0,False,67.16367409149753,,,,,
NWS001359,NW034_NULL_N060_A2,NWP_A2_S38_NULL,NWB_A2_S38,NULL_FLARE_RED_NOISE,60,1180.0,2.0,,,38,0,VALID,-318.653020910623,-309.8788649313568,-312.3213855778801,-8.774155979266197,-2.442520646523292,-18.774155979266197,M0,M0,False,60.84569696736429,,,,,
NWS001360,NW034_NULL_N060_A2,NWP_A2_S39_NULL,NWB_A2_S39,NULL_FLARE_RED_NOISE,60,1180.0,2.0,,,39,0,VALID,-326.6088473515563,-316.8839425847962,-319.9410546009713,-9.724904766760062,-3.057112016175097,-19.724904766760062,M0,M0,False,138.19481557220595,,,,,
NWS001361,NW035_QPP_N060_P050_A2_Q040,NWP_A2_S00_P050,NWB_A2_S00,STATIONARY_QPP_PRESENT,60,1180.0,2.0,50.0,0.04,0,0,VALID,-286.2176046768632,-277.4526716916657,-280.14777215493496,-8.764932985197447,-2.6951004632692275,-18.764932985197447,M0,M0,False,45.31120630327408,formal_m1_center_not_selected,-4.6887936967259165,4.6887936967259165,-0.09377587393451833,0.09377587393451833
NWS001362,NW035_QPP_N060_P050_A2_Q040,NWP_A2_S01_P050,NWB_A2_S01,STATIONARY_QPP_PRESENT,60,1180.0,2.0,50.0,0.04,1,0,VALID,-303.69862488484614,-298.7361690895047,-297.4984327147359,-4.962455795341441,1.237736374768815,-14.962455795341441,M0,M0,False,46.90684936655009,formal_m1_center_not_selected,-3.093150633449909,3.093150633449909,-0.06186301266899818,0.06186301266899818
NWS001363,NW035_QPP_N060_P050_A2_Q040,NWP_A2_S02_P050,NWB_A2_S02,STATIONARY_QPP_PRESENT,60,1180.0,2.0,50.0,0.04,2,0,VALID,-295.769267520842,-289.2302488949916,-289.52113936057304,-6.539018625850417,-0.29089046558146947,-16.539018625850417,M0,M0,False,47.1576347445165,formal_m1_center_not_selected,-2.8423652554835,2.8423652554835,-0.05684730510967,0.05684730510967
NWS001364,NW035_QPP_N060_P050_A2_Q040,NWP_A2_S03_P050,NWB_A2_S03,STATIONARY_QPP_PRESENT,60,1180.0,2.0,50.0,0.04,3,0,VALID,-274.29955438796753,-272.84821605586626,-269.9630053119763,-1.4513383321012725,2.8852107438899566,-11.451338332101272,M0,M0,False,67.74155637720557,formal_m1_center_not_selected,17.74155637720557,17.74155637720557,0.3548311275441114,0.3548311275441114
NWS001365,NW035_QPP_N060_P050_A2_Q040,NWP_A2_S04_P050,NWB_A2_S04,STATIONARY_QPP_PRESENT,60,1180.0,2.0,50.0,0.04,4,0,VALID,-308.1903224139123,-301.78133198953446,-301.6909378281307,-6.408990424377862,0.09039416140376488,-16.408990424377862,M0,M0,False,48.14565755108108,formal_m1_center_not_selected,-1.8543424489189206,1.8543424489189206,-0.03708684897837841,0.03708684897837841
NWS001366,NW035_QPP_N060_P050_A2_Q040,NWP_A2_S05_P050,NWB_A2_S05,STATIONARY_QPP_PRESENT,60,1180.0,2.0,50.0,0.04,5,0,VALID,-304.3832752733947,-300.68541823425426,-298.2201193850301,-3.6978570391404446,2.4652988492241548,-13.697857039140445,M0,M0,False,52.92497552332009,formal_m1_center_not_selected,2.924975523320093,2.924975523320093,0.05849951046640186,0.05849951046640186
NWS001367,NW035_QPP_N060_P050_A2_Q040,NWP_A2_S06_P050,NWB_A2_S06,STATIONARY_QPP_PRESENT,60,1180.0,2.0,50.0,0.04,6,0,VALID,-311.70173527955865,-307.17952915623334,-305.83011377200376,-4.522206123325304,1.3494153842295873,-14.522206123325304,M0,M0,False,48.353117809971494,formal_m1_center_not_selected,-1.6468821900285064,1.6468821900285064,-0.03293764380057013,0.03293764380057013
NWS001368,NW035_QPP_N060_P050_A2_Q040,NWP_A2_S07_P050,NWB_A2_S07,STATIONARY_QPP_PRESENT,60,1180.0,2.0,50.0,0.04,7,0,VALID,-312.90093079142684,-308.69703838449357,-307.3037540699589,-4.203892406933278,1.3932843145346396,-14.203892406933278,M0,M0,False,52.919745060693806,formal_m1_center_not_selected,2.9197450606938062,2.9197450606938062,0.058394901213876124,0.058394901213876124
NWS001369,NW035_QPP_N060_P050_A2_Q040,NWP_A2_S08_P050,NWB_A2_S08,STATIONARY_QPP_PRESENT,60,1180.0,2.0,50.0,0.04,8,0,VALID,-295.90504390974104,-286.54387836484204,-289.3877449150441,-9.361165544898995,-2.8438665502020513,-19.361165544898995,M0,M0,False,55.76743821820516,formal_m1_center_not_selected,5.767438218205157,5.767438218205157,0.11534876436410314,0.11534876436410314
NWS001370,NW035_QPP_N060_P050_A2_Q040,NWP_A2_S09_P050,NWB_A2_S09,STATIONARY_QPP_PRESENT,60,1180.0,2.0,50.0,0.04,9,0,VALID,-301.5887708319447,-297.76066868008013,-296.01396514107574,-3.8281021518645844,1.7467035390043861,-13.828102151864584,M0,M0,False,50.47056695964554,formal_m1_center_not_selected,0.47056695964553796,0.47056695964553796,0.00941133919291076,0.00941133919291076
NWS001371,NW035_QPP_N060_P050_A2_Q040,NWP_A2_S10_P050,NWB_A2_S10,STATIONARY_QPP_PRESENT,60,1180.0,2.0,50.0,0.04,10,0,VALID,-279.36095178454826,-271.0677514484511,-273.1491011534978,-8.293200336097186,-2.081349705046705,-18.293200336097186,M0,M0,False,47.58310229417921,formal_m1_center_not_selected,-2.4168977058207872,2.4168977058207872,-0.04833795411641575,0.04833795411641575
NWS001372,NW035_QPP_N060_P050_A2_Q040,NWP_A2_S11_P050,NWB_A2_S11,STATIONARY_QPP_PRESENT,60,1180.0,2.0,50.0,0.04,11,0,VALID,-304.6726952620486,-295.87157591300735,-298.14717114279273,-8.801119349041244,-2.275595229785381,-18.801119349041244,M0,M0,False,45.824243589660036,formal_m1_center_not_selected,-4.1757564103399645,4.1757564103399645,-0.0835151282067993,0.0835151282067993
NWS001373,NW035_QPP_N060_P050_A2_Q040,NWP_A2_S12_P050,NWB_A2_S12,STATIONARY_QPP_PRESENT,60,1180.0,2.0,50.0,0.04,12,0,VALID,-262.10899902162447,-253.95567228985533,-255.45482042275984,-8.153326731769141,-1.4991481329045087,-18.15332673176914,M0,M0,False,48.435333153875945,formal_m1_center_not_selected,-1.5646668461240552,1.5646668461240552,-0.0312933369224811,0.0312933369224811
NWS001374,NW035_QPP_N060_P050_A2_Q040,NWP_A2_S13_P050,NWB_A2_S13,STATIONARY_QPP_PRESENT,60,1180.0,2.0,50.0,0.04,13,0,VALID,-275.5966871966705,-268.4794876386272,-269.68036009906706,-7.117199558043296,-1.2008724604398822,-17.117199558043296,M0,M0,False,49.894716164163704,formal_m1_center_not_selected,-0.10528383583629619,0.10528383583629619,-0.0021056767167259237,0.0021056767167259237
NWS001375,NW035_QPP_N060_P050_A2_Q040,NWP_A2_S14_P050,NWB_A2_S14,STATIONARY_QPP_PRESENT,60,1180.0,2.0,50.0,0.04,14,0,VALID,-302.6730389704964,-294.63999413393293,-297.0788139346553,-8.033044836563477,-2.4388198007223423,-18.033044836563477,M0,M0,False,55.08608706694058,formal_m1_center_not_selected,5.086087066940578,5.086087066940578,0.10172174133881157,0.10172174133881157
NWS001376,NW035_QPP_N060_P050_A2_Q040,NWP_A2_S15_P050,NWB_A2_S15,STATIONARY_QPP_PRESENT,60,1180.0,2.0,50.0,0.04,15,0,VALID,-295.2595016783678,-287.127868909356,-289.2119120107782,-8.131632769011844,-2.0840431014221963,-18.131632769011844,M0,M0,False,51.54296413361593,formal_m1_center_not_selected,1.542964133615932,1.542964133615932,0.030859282672318643,0.030859282672318643
NWS001377,NW035_QPP_N060_P050_A2_Q040,NWP_A2_S16_P050,NWB_A2_S16,STATIONARY_QPP_PRESENT,60,1180.0,2.0,50.0,0.04,16,0,VALID,-285.5815739977292,-278.62119882439276,-279.62104267242944,-6.960375173336445,-0.9998438480366758,-16.960375173336445,M0,M0,False,49.47547148929077,formal_m1_center_not_selected,-0.5245285107092315,0.5245285107092315,-0.01049057021418463,0.01049057021418463
NWS001378,NW035_QPP_N060_P050_A2_Q040,NWP_A2_S17_P050,NWB_A2_S17,STATIONARY_QPP_PRESENT,60,1180.0,2.0,50.0,0.04,17,0,VALID,-299.15571783489503,-292.6315755428834,-292.85951798404733,-6.524142292011618,-0.22794244116391837,-16.524142292011618,M0,M0,False,48.57437286507571,formal_m1_center_not_selected,-1.4256271349242908,1.4256271349242908,-0.028512542698485816,0.028512542698485816
NWS001379,NW035_QPP_N060_P050_A2_Q040,NWP_A2_S18_P050,NWB_A2_S18,STATIONARY_QPP_PRESENT,60,1180.0,2.0,50.0,0.04,18,0,VALID,-286.0765391895761,-282.47305288670634,-280.1386988127763,-3.6034863028697828,2.334354073930058,-13.603486302869783,M0,M0,False,53.127202774209024,formal_m1_center_not_selected,3.1272027742090245,3.1272027742090245,0.06254405548418049,0.06254405548418049
NWS001380,NW035_QPP_N060_P050_A2_Q040,NWP_A2_S19_P050,NWB_A2_S19,STATIONARY_QPP_PRESENT,60,1180.0,2.0,50.0,0.04,19,0,VALID,-286.3282583257524,-279.7156713524503,-280.0330567410265,-6.612586973302143,-0.3173853885762128,-16.612586973302143,M0,M0,False,50.585635698840875,formal_m1_center_not_selected,0.5856356988408749,0.5856356988408749,0.011712713976817496,0.011712713976817496
NWS001381,NW035_QPP_N060_P050_A2_Q040,NWP_A2_S20_P050,NWB_A2_S20,STATIONARY_QPP_PRESENT,60,1180.0,2.0,50.0,0.04,20,0,VALID,-314.4074688650772,-309.7496389819271,-308.35727764810304,-4.6578298831501,1.3923613338240557,-14.6578298831501,M0,M0,False,46.07272707649541,formal_m1_center_not_selected,-3.9272729235045887,3.9272729235045887,-0.07854545847009177,0.07854545847009177
NWS001382,NW035_QPP_N060_P050_A2_Q040,NWP_A2_S21_P050,NWB_A2_S21,STATIONARY_QPP_PRESENT,60,1180.0,2.0,50.0,0.04,21,0,VALID,-284.183595702296,-277.1491742733609,-278.9296023927143,-7.0344214289350475,-1.7804281193533598,-17.034421428935048,M0,M0,False,67.09892277224185,formal_m1_center_not_selected,17.09892277224185,17.09892277224185,0.34197845544483696,0.34197845544483696
NWS001383,NW035_QPP_N060_P050_A2_Q040,NWP_A2_S22_P050,NWB_A2_S22,STATIONARY_QPP_PRESENT,60,1180.0,2.0,50.0,0.04,22,0,VALID,-287.5651115233886,-284.9486808159895,-281.7677178956013,-2.616430707399104,3.180962920388197,-12.616430707399104,M0,M0,False,52.522925601314036,formal_m1_center_not_selected,2.5229256013140358,2.5229256013140358,0.05045851202628072,0.05045851202628072
NWS001384,NW035_QPP_N060_P050_A2_Q040,NWP_A2_S23_P050,NWB_A2_S23,STATIONARY_QPP_PRESENT,60,1180.0,2.0,50.0,0.04,23,0,VALID,-296.2960898778582,-290.7672496140008,-289.9411887626524,-5.5288402638574325,0.8260608513483589,-15.528840263857433,M0,M0,False,48.182421524762994,formal_m1_center_not_selected,-1.8175784752370063,1.8175784752370063,-0.036351569504740125,0.036351569504740125
NWS001385,NW035_QPP_N060_P050_A2_Q040,NWP_A2_S24_P050,NWB_A2_S24,STATIONARY_QPP_PRESENT,60,1180.0,2.0,50.0,0.04,24,0,VALID,-291.9250574960027,-287.8870247652655,-286.8631213570779,-4.0380327307372,1.023903408187607,-14.0380327307372,M0,M0,False,51.15884982545054,formal_m1_center_not_selected,1.1588498254505382,1.1588498254505382,0.023176996509010762,0.023176996509010762
NWS001386,NW035_QPP_N060_P050_A2_Q040,NWP_A2_S25_P050,NWB_A2_S25,STATIONARY_QPP_PRESENT,60,1180.0,2.0,50.0,0.04,25,0,VALID,-307.79300561681384,-302.1484550178,-301.445615580071,-5.644550599013826,0.7028394377290397,-15.644550599013826,M0,M0,False,48.29363206659365,formal_m1_center_not_selected,-1.706367933406348,1.706367933406348,-0.03412735866812696,0.03412735866812696
NWS001387,NW035_QPP_N060_P050_A2_Q040,NWP_A2_S26_P050,NWB_A2_S26,STATIONARY_QPP_PRESENT,60,1180.0,2.0,50.0,0.04,26,0,VALID,-283.2688903073912,-276.73403468790934,-278.59709323219926,-6.534855619481846,-1.8630585442899132,-16.534855619481846,M0,M0,False,44.14862832013318,formal_m1_center_not_selected,-5.851371679866823,5.851371679866823,-0.11702743359733646,0.11702743359733646
NWS001388,NW035_QPP_N060_P050_A2_Q040,NWP_A2_S27_P050,NWB_A2_S27,STATIONARY_QPP_PRESENT,60,1180.0,2.0,50.0,0.04,27,0,VALID,-299.28846341986014,-297.51906598734024,-293.487102184224,-1.7693974325198951,4.031963803116241,-11.769397432519895,M0,M0,False,46.46930473678062,formal_m1_center_not_selected,-3.5306952632193784,3.5306952632193784,-0.07061390526438757,0.07061390526438757
NWS001389,NW035_QPP_N060_P050_A2_Q040,NWP_A2_S28_P050,NWB_A2_S28,STATIONARY_QPP_PRESENT,60,1180.0,2.0,50.0,0.04,28,0,VALID,-304.47768362238844,-299.7702200348903,-298.1923116484051,-4.707463587498125,1.5779083864852055,-14.707463587498125,M0,M0,False,52.067133796296574,formal_m1_center_not_selected,2.0671337962965737,2.0671337962965737,0.04134267592593147,0.04134267592593147
NWS001390,NW035_QPP_N060_P050_A2_Q040,NWP_A2_S29_P050,NWB_A2_S29,STATIONARY_QPP_PRESENT,60,1180.0,2.0,50.0,0.04,29,0,VALID,-279.4068373955071,-271.7543218771352,-273.33533151504537,-7.652515518371899,-1.5810096379101424,-17.6525155183719,M0,M0,False,52.172437304214355,formal_m1_center_not_selected,2.1724373042143554,2.1724373042143554,0.04344874608428711,0.04344874608428711
NWS001391,NW035_QPP_N060_P050_A2_Q040,NWP_A2_S30_P050,NWB_A2_S30,STATIONARY_QPP_PRESENT,60,1180.0,2.0,50.0,0.04,30,0,VALID,-288.2154851777468,-286.5818476311763,-282.1875535218683,-1.633637546570526,4.394294109307964,-11.633637546570526,M0,M0,False,53.08473675465009,formal_m1_center_not_selected,3.0847367546500877,3.0847367546500877,0.06169473509300175,0.06169473509300175
NWS001392,NW035_QPP_N060_P050_A2_Q040,NWP_A2_S31_P050,NWB_A2_S31,STATIONARY_QPP_PRESENT,60,1180.0,2.0,50.0,0.04,31,0,VALID,-306.1422739712446,-298.3520487103604,-300.3496483801201,-7.790225260884199,-1.9975996697596656,-17.7902252608842,M0,M0,False,299.99999999999994,formal_m1_center_not_selected,249.99999999999994,249.99999999999994,4.999999999999999,4.999999999999999
NWS001393,NW035_QPP_N060_P050_A2_Q040,NWP_A2_S32_P050,NWB_A2_S32,STATIONARY_QPP_PRESENT,60,1180.0,2.0,50.0,0.04,32,0,VALID,-294.29552637413343,-284.89826169306724,-287.8267654579747,-9.39726468106619,-2.928503764907475,-19.39726468106619,M0,M0,False,143.9285668405457,formal_m1_center_not_selected,93.9285668405457,93.9285668405457,1.878571336810914,1.878571336810914
NWS001394,NW035_QPP_N060_P050_A2_Q040,NWP_A2_S33_P050,NWB_A2_S33,STATIONARY_QPP_PRESENT,60,1180.0,2.0,50.0,0.04,33,0,VALID,-298.1975435598399,-289.4402683739094,-291.71684755564075,-8.757275185930496,-2.2765791817313357,-18.757275185930496,M0,M0,False,45.02107885775707,formal_m1_center_not_selected,-4.978921142242932,4.978921142242932,-0.09957842284485864,0.09957842284485864
NWS001395,NW035_QPP_N060_P050_A2_Q040,NWP_A2_S34_P050,NWB_A2_S34,STATIONARY_QPP_PRESENT,60,1180.0,2.0,50.0,0.04,34,0,VALID,-299.41710983727455,-290.214293026784,-292.97740986573723,-9.20281681049056,-2.7631168389532377,-19.20281681049056,M0,M0,False,115.09073263280017,formal_m1_center_not_selected,65.09073263280017,65.09073263280017,1.3018146526560033,1.3018146526560033
NWS001396,NW035_QPP_N060_P050_A2_Q040,NWP_A2_S35_P050,NWB_A2_S35,STATIONARY_QPP_PRESENT,60,1180.0,2.0,50.0,0.04,35,0,VALID,-279.00301796217815,-274.61699132125983,-273.0629121793584,-4.386026640918317,1.5540791419014113,-14.386026640918317,M0,M0,False,55.904609654493804,formal_m1_center_not_selected,5.904609654493804,5.904609654493804,0.11809219308987608,0.11809219308987608
NWS001397,NW035_QPP_N060_P050_A2_Q040,NWP_A2_S36_P050,NWB_A2_S36,STATIONARY_QPP_PRESENT,60,1180.0,2.0,50.0,0.04,36,0,VALID,-284.0847634252888,-276.5167008110726,-278.3663029477837,-7.568062614216217,-1.8496021367110984,-17.568062614216217,M0,M0,False,63.458444149486205,formal_m1_center_not_selected,13.458444149486205,13.458444149486205,0.2691688829897241,0.2691688829897241
NWS001398,NW035_QPP_N060_P050_A2_Q040,NWP_A2_S37_P050,NWB_A2_S37,STATIONARY_QPP_PRESENT,60,1180.0,2.0,50.0,0.04,37,0,VALID,-265.9175470260008,-259.1374873096528,-259.714307407095,-6.780059716348035,-0.5768200974422371,-16.780059716348035,M0,M0,False,67.11461727584866,formal_m1_center_not_selected,17.11461727584866,17.11461727584866,0.3422923455169732,0.3422923455169732
NWS001399,NW035_QPP_N060_P050_A2_Q040,NWP_A2_S38_P050,NWB_A2_S38,STATIONARY_QPP_PRESENT,60,1180.0,2.0,50.0,0.04,38,0,VALID,-312.0976652528449,-304.2826155915617,-306.1197459054014,-7.815049661283183,-1.8371303138396797,-17.815049661283183,M0,M0,False,58.37209190989795,formal_m1_center_not_selected,8.372091909897946,8.372091909897946,0.16744183819795894,0.16744183819795894
NWS001400,NW035_QPP_N060_P050_A2_Q040,NWP_A2_S39_P050,NWB_A2_S39,STATIONARY_QPP_PRESENT,60,1180.0,2.0,50.0,0.04,39,0,VALID,-318.2732980885371,-311.52230747261444,-312.33063050374994,-6.75099061592266,-0.808323031135501,-16.75099061592266,M0,M0,False,55.43574295641554,formal_m1_center_not_selected,5.435742956415538,5.435742956415538,0.10871485912831076,0.10871485912831076
NWS001401,NW036_QPP_N060_P080_A2_Q040,NWP_A2_S00_P080,NWB_A2_S00,STATIONARY_QPP_PRESENT,60,1180.0,2.0,80.0,0.04,0,0,VALID,-291.581706001692,-282.18874298375766,-285.219628068604,-9.392963017934335,-3.030885084846318,-19.392963017934335,M0,M0,False,95.98828169325188,formal_m1_center_not_selected,15.988281693251878,15.988281693251878,0.19985352116564847,0.19985352116564847
NWS001402,NW036_QPP_N060_P080_A2_Q040,NWP_A2_S01_P080,NWB_A2_S01,STATIONARY_QPP_PRESENT,60,1180.0,2.0,80.0,0.04,1,0,VALID,-310.75645282605626,-301.66493153263883,-304.6376644044137,-9.09152129341743,-2.9727328717748946,-19.09152129341743,M0,M0,False,70.30309678754239,formal_m1_center_not_selected,-9.696903212457613,9.696903212457613,-0.12121129015572016,0.12121129015572016
NWS001403,NW036_QPP_N060_P080_A2_Q040,NWP_A2_S02_P080,NWB_A2_S02,STATIONARY_QPP_PRESENT,60,1180.0,2.0,80.0,0.04,2,0,VALID,-304.3357078870138,-295.10862586755064,-298.15410923435087,-9.227082019463182,-3.0454833668002266,-19.227082019463182,M0,M0,False,205.12744527800334,formal_m1_center_not_selected,125.12744527800334,125.12744527800334,1.5640930659750416,1.5640930659750416
NWS001404,NW036_QPP_N060_P080_A2_Q040,NWP_A2_S03_P080,NWB_A2_S03,STATIONARY_QPP_PRESENT,60,1180.0,2.0,80.0,0.04,3,0,VALID,-278.11075588768875,-277.1838470385276,-273.90447668568675,-0.9269088491611797,3.2793703528408287,-10.92690884916118,M0,M0,False,74.62210884992237,formal_m1_center_not_selected,-5.37789115007763,5.37789115007763,-0.06722363937597038,0.06722363937597038
NWS001405,NW036_QPP_N060_P080_A2_Q040,NWP_A2_S04_P080,NWB_A2_S04,STATIONARY_QPP_PRESENT,60,1180.0,2.0,80.0,0.04,4,0,VALID,-309.53218620389464,-304.7679662647331,-304.6141557047185,-4.764219939161535,0.15381056001461957,-14.764219939161535,M0,M0,False,73.6371085731913,formal_m1_center_not_selected,-6.362891426808702,6.362891426808702,-0.07953614283510876,0.07953614283510876
NWS001406,NW036_QPP_N060_P080_A2_Q040,NWP_A2_S05_P080,NWB_A2_S05,STATIONARY_QPP_PRESENT,60,1180.0,2.0,80.0,0.04,5,0,VALID,-311.4742481339926,-305.2346657863568,-305.74094286344115,-6.239582347635803,-0.5062770770843485,-16.239582347635803,M0,M0,False,87.98429939269931,formal_m1_center_not_selected,7.984299392699313,7.984299392699313,0.09980374240874142,0.09980374240874142
NWS001407,NW036_QPP_N060_P080_A2_Q040,NWP_A2_S06_P080,NWB_A2_S06,STATIONARY_QPP_PRESENT,60,1180.0,2.0,80.0,0.04,6,0,VALID,-313.4959578182519,-307.61495445446104,-307.8608752142734,-5.881003363790853,-0.24592075981234984,-15.881003363790853,M0,M0,False,73.87074951186524,formal_m1_center_not_selected,-6.129250488134758,6.129250488134758,-0.07661563110168448,0.07661563110168448
NWS001408,NW036_QPP_N060_P080_A2_Q040,NWP_A2_S07_P080,NWB_A2_S07,STATIONARY_QPP_PRESENT,60,1180.0,2.0,80.0,0.04,7,0,VALID,-323.36801240851497,-317.91245501052106,-317.7590062217153,-5.455557397993914,0.15344878880574697,-15.455557397993914,M0,M0,False,85.35050440802144,formal_m1_center_not_selected,5.350504408021436,5.350504408021436,0.06688130510026795,0.06688130510026795
NWS001409,NW036_QPP_N060_P080_A2_Q040,NWP_A2_S08_P080,NWB_A2_S08,STATIONARY_QPP_PRESENT,60,1180.0,2.0,80.0,0.04,8,0,VALID,-300.22283983537005,-292.1943097565794,-293.9364483153343,-8.028530078790652,-1.7421385587549025,-18.028530078790652,M0,M0,False,98.83490071127082,formal_m1_center_not_selected,18.83490071127082,18.83490071127082,0.23543625889088524,0.23543625889088524
NWS001410,NW036_QPP_N060_P080_A2_Q040,NWP_A2_S09_P080,NWB_A2_S09,STATIONARY_QPP_PRESENT,60,1180.0,2.0,80.0,0.04,9,0,VALID,-305.7318582158004,-299.9623804558452,-299.6602487799414,-5.76947775995518,0.3021316759038086,-15.76947775995518,M0,M0,False,77.18252972246303,formal_m1_center_not_selected,-2.8174702775369695,2.8174702775369695,-0.03521837846921212,0.03521837846921212
NWS001411,NW036_QPP_N060_P080_A2_Q040,NWP_A2_S10_P080,NWB_A2_S10,STATIONARY_QPP_PRESENT,60,1180.0,2.0,80.0,0.04,10,0,VALID,-284.4317539756801,-277.774959076369,-278.59594075511524,-6.656794899311137,-0.82098167874625,-16.656794899311137,M0,M0,False,73.8497617630717,formal_m1_center_not_selected,-6.150238236928303,6.150238236928303,-0.07687797796160378,0.07687797796160378
NWS001412,NW036_QPP_N060_P080_A2_Q040,NWP_A2_S11_P080,NWB_A2_S11,STATIONARY_QPP_PRESENT,60,1180.0,2.0,80.0,0.04,11,0,VALID,-304.53778100195944,-296.99611803194716,-298.3935001409644,-7.541662970012283,-1.3973821090172578,-17.541662970012283,M0,M0,False,57.678532617420224,formal_m1_center_not_selected,-22.321467382579776,22.321467382579776,-0.2790183422822472,0.2790183422822472
NWS001413,NW036_QPP_N060_P080_A2_Q040,NWP_A2_S12_P080,NWB_A2_S12,STATIONARY_QPP_PRESENT,60,1180.0,2.0,80.0,0.04,12,0,VALID,-266.41894920461544,-259.9427328305299,-260.65395787195945,-6.4762163740855385,-0.7112250414295431,-16.47621637408554,M0,M0,False,73.72202193233892,formal_m1_center_not_selected,-6.277978067661081,6.277978067661081,-0.07847472584576351,0.07847472584576351
NWS001414,NW036_QPP_N060_P080_A2_Q040,NWP_A2_S13_P080,NWB_A2_S13,STATIONARY_QPP_PRESENT,60,1180.0,2.0,80.0,0.04,13,0,VALID,-280.19297697246293,-272.5179414310274,-275.2228250729842,-7.675035541435534,-2.704883641956826,-17.675035541435534,M0,M0,False,68.8750243672891,formal_m1_center_not_selected,-11.1249756327109,11.1249756327109,-0.13906219540888626,0.13906219540888626
NWS001415,NW036_QPP_N060_P080_A2_Q040,NWP_A2_S14_P080,NWB_A2_S14,STATIONARY_QPP_PRESENT,60,1180.0,2.0,80.0,0.04,14,0,VALID,-307.9800795819912,-300.7025766617665,-301.9397520376225,-7.27750292022472,-1.2371753758559976,-17.27750292022472,M0,M0,False,89.69257428778634,formal_m1_center_not_selected,9.692574287786343,9.692574287786343,0.12115717859732929,0.12115717859732929
NWS001416,NW036_QPP_N060_P080_A2_Q040,NWP_A2_S15_P080,NWB_A2_S15,STATIONARY_QPP_PRESENT,60,1180.0,2.0,80.0,0.04,15,0,VALID,-297.9748402656136,-293.10441694934497,-292.6225614095806,-4.870423316268614,0.4818555397643536,-14.870423316268614,M0,M0,False,78.39517059684253,formal_m1_center_not_selected,-1.604829403157467,1.604829403157467,-0.020060367539468337,0.020060367539468337
NWS001417,NW036_QPP_N060_P080_A2_Q040,NWP_A2_S16_P080,NWB_A2_S16,STATIONARY_QPP_PRESENT,60,1180.0,2.0,80.0,0.04,16,0,VALID,-287.467979573244,-281.3613909774023,-281.75370316684354,-6.106588595841686,-0.3923121894412134,-16.106588595841686,M0,M0,False,72.01002529179571,formal_m1_center_not_selected,-7.9899747082042865,7.9899747082042865,-0.09987468385255358,0.09987468385255358
NWS001418,NW036_QPP_N060_P080_A2_Q040,NWP_A2_S17_P080,NWB_A2_S17,STATIONARY_QPP_PRESENT,60,1180.0,2.0,80.0,0.04,17,0,VALID,-299.8779251778066,-292.7132981922788,-294.56324493990473,-7.164626985527832,-1.8499467476259497,-17.164626985527832,M0,M0,False,74.29064686452041,formal_m1_center_not_selected,-5.709353135479589,5.709353135479589,-0.07136691419349486,0.07136691419349486
NWS001419,NW036_QPP_N060_P080_A2_Q040,NWP_A2_S18_P080,NWB_A2_S18,STATIONARY_QPP_PRESENT,60,1180.0,2.0,80.0,0.04,18,0,VALID,-293.85830246586943,-284.70727000117796,-287.79738499050194,-9.151032464691468,-3.090114989323979,-19.15103246469147,M0,M0,False,78.27384514988705,formal_m1_center_not_selected,-1.7261548501129482,1.7261548501129482,-0.02157693562641185,0.02157693562641185
NWS001420,NW036_QPP_N060_P080_A2_Q040,NWP_A2_S19_P080,NWB_A2_S19,STATIONARY_QPP_PRESENT,60,1180.0,2.0,80.0,0.04,19,0,VALID,-289.2143887883204,-281.7391229852383,-284.0730800832262,-7.475265803082095,-2.333957097987934,-17.475265803082095,M0,M0,False,71.91568531904095,formal_m1_center_not_selected,-8.084314680959054,8.084314680959054,-0.10105393351198817,0.10105393351198817
NWS001421,NW036_QPP_N060_P080_A2_Q040,NWP_A2_S20_P080,NWB_A2_S20,STATIONARY_QPP_PRESENT,60,1180.0,2.0,80.0,0.04,20,0,VALID,-318.7980069913146,-309.98070096880406,-312.76717429532044,-8.817306022510536,-2.7864733265163864,-18.817306022510536,M0,M0,False,70.30383754653012,formal_m1_center_not_selected,-9.696162453469881,9.696162453469881,-0.12120203066837351,0.12120203066837351
NWS001422,NW036_QPP_N060_P080_A2_Q040,NWP_A2_S21_P080,NWB_A2_S21,STATIONARY_QPP_PRESENT,60,1180.0,2.0,80.0,0.04,21,0,VALID,-289.2942828600259,-281.68299103518,-283.920850111824,-7.611291824845864,-2.2378590766439856,-17.611291824845864,M0,M0,False,83.00105642338086,formal_m1_center_not_selected,3.0010564233808594,3.0010564233808594,0.037513205292260744,0.037513205292260744
NWS001423,NW036_QPP_N060_P080_A2_Q040,NWP_A2_S22_P080,NWB_A2_S22,STATIONARY_QPP_PRESENT,60,1180.0,2.0,80.0,0.04,22,0,VALID,-294.7410785407005,-287.9281976140912,-289.1983126034084,-6.812880926609353,-1.2701149893172214,-16.812880926609353,M0,M0,False,89.74805607187508,formal_m1_center_not_selected,9.748056071875084,9.748056071875084,0.12185070089843855,0.12185070089843855
NWS001424,NW036_QPP_N060_P080_A2_Q040,NWP_A2_S23_P080,NWB_A2_S23,STATIONARY_QPP_PRESENT,60,1180.0,2.0,80.0,0.04,23,0,VALID,-299.15117926690425,-294.93390836231737,-293.7004753752459,-4.217270904586883,1.2334329870714669,-14.217270904586883,M0,M0,False,73.09629545918997,formal_m1_center_not_selected,-6.9037045408100255,6.9037045408100255,-0.08629630676012531,0.08629630676012531
NWS001425,NW036_QPP_N060_P080_A2_Q040,NWP_A2_S24_P080,NWB_A2_S24,STATIONARY_QPP_PRESENT,60,1180.0,2.0,80.0,0.04,24,0,VALID,-299.86288493081577,-299.5536967889101,-296.45477840163664,-0.309188141905679,3.098918387273443,-10.309188141905679,M0,M0,False,91.16164458245834,formal_m1_center_not_selected,11.161644582458337,11.161644582458337,0.1395205572807292,0.1395205572807292
NWS001426,NW036_QPP_N060_P080_A2_Q040,NWP_A2_S25_P080,NWB_A2_S25,STATIONARY_QPP_PRESENT,60,1180.0,2.0,80.0,0.04,25,0,VALID,-307.722949060459,-303.54163860088477,-302.807244088367,-4.181310459574206,0.7343945125177811,-14.181310459574206,M0,M0,False,75.6197597004141,formal_m1_center_not_selected,-4.380240299585907,4.380240299585907,-0.054753003744823836,0.054753003744823836
NWS001427,NW036_QPP_N060_P080_A2_Q040,NWP_A2_S26_P080,NWB_A2_S26,STATIONARY_QPP_PRESENT,60,1180.0,2.0,80.0,0.04,26,0,VALID,-284.4242250850386,-275.98250988023244,-278.2309564779082,-8.441715204806144,-2.248446597675752,-18.441715204806144,M0,M0,False,175.7981420754057,formal_m1_center_not_selected,95.7981420754057,95.7981420754057,1.1974767759425713,1.1974767759425713
NWS001428,NW036_QPP_N060_P080_A2_Q040,NWP_A2_S27_P080,NWB_A2_S27,STATIONARY_QPP_PRESENT,60,1180.0,2.0,80.0,0.04,27,0,VALID,-301.06938727671525,-292.817533109677,-294.8504112927449,-8.251854167038232,-2.0328781830679077,-18.251854167038232,M0,M0,False,174.02297394744778,formal_m1_center_not_selected,94.02297394744778,94.02297394744778,1.1752871743430973,1.1752871743430973
NWS001429,NW036_QPP_N060_P080_A2_Q040,NWP_A2_S28_P080,NWB_A2_S28,STATIONARY_QPP_PRESENT,60,1180.0,2.0,80.0,0.04,28,0,VALID,-309.85501848195145,-303.59694231595483,-304.8167039989883,-6.258076165996613,-1.2197616830334823,-16.258076165996613,M0,M0,False,79.03004854744181,formal_m1_center_not_selected,-0.9699514525581918,0.9699514525581918,-0.012124393156977397,0.012124393156977397
NWS001430,NW036_QPP_N060_P080_A2_Q040,NWP_A2_S29_P080,NWB_A2_S29,STATIONARY_QPP_PRESENT,60,1180.0,2.0,80.0,0.04,29,0,VALID,-283.5343901981313,-276.71846788645917,-279.9179176437351,-6.815922311672125,-3.199449757275943,-16.815922311672125,M0,M0,False,87.54100966014678,formal_m1_center_not_selected,7.541009660146784,7.541009660146784,0.09426262075183481,0.09426262075183481
NWS001431,NW036_QPP_N060_P080_A2_Q040,NWP_A2_S30_P080,NWB_A2_S30,STATIONARY_QPP_PRESENT,60,1180.0,2.0,80.0,0.04,30,0,VALID,-294.52188078235747,-286.49962923968076,-288.8801458870131,-8.022251542676713,-2.3805166473323425,-18.022251542676713,M0,M0,False,81.41142974029653,formal_m1_center_not_selected,1.4114297402965263,1.4114297402965263,0.01764287175370658,0.01764287175370658
NWS001432,NW036_QPP_N060_P080_A2_Q040,NWP_A2_S31_P080,NWB_A2_S31,STATIONARY_QPP_PRESENT,60,1180.0,2.0,80.0,0.04,31,0,VALID,-311.07895325257255,-303.22755359147425,-305.05950228173157,-7.851399661098299,-1.8319486902573203,-17.8513996610983,M0,M0,False,87.54379074405422,formal_m1_center_not_selected,7.5437907440542205,7.5437907440542205,0.09429738430067776,0.09429738430067776
NWS001433,NW036_QPP_N060_P080_A2_Q040,NWP_A2_S32_P080,NWB_A2_S32,STATIONARY_QPP_PRESENT,60,1180.0,2.0,80.0,0.04,32,0,VALID,-297.8597536205947,-289.3800423371936,-291.4821790883402,-8.479711283401116,-2.102136751146645,-18.479711283401116,M0,M0,False,88.53481659459187,formal_m1_center_not_selected,8.534816594591874,8.534816594591874,0.10668520743239843,0.10668520743239843
NWS001434,NW036_QPP_N060_P080_A2_Q040,NWP_A2_S33_P080,NWB_A2_S33,STATIONARY_QPP_PRESENT,60,1180.0,2.0,80.0,0.04,33,0,VALID,-300.29968774582153,-292.4477079736152,-294.18995406740333,-7.8519797722063345,-1.7422460937881397,-17.851979772206334,M0,M0,False,71.1372385553374,formal_m1_center_not_selected,-8.862761444662596,8.862761444662596,-0.11078451805828245,0.11078451805828245
NWS001435,NW036_QPP_N060_P080_A2_Q040,NWP_A2_S34_P080,NWB_A2_S34,STATIONARY_QPP_PRESENT,60,1180.0,2.0,80.0,0.04,34,0,VALID,-305.7471558637984,-297.050397362212,-299.3398709160095,-8.69675850158643,-2.2894735537975066,-18.69675850158643,M0,M0,False,115.05874203804764,formal_m1_center_not_selected,35.05874203804764,35.05874203804764,0.4382342754755955,0.4382342754755955
NWS001436,NW036_QPP_N060_P080_A2_Q040,NWP_A2_S35_P080,NWB_A2_S35,STATIONARY_QPP_PRESENT,60,1180.0,2.0,80.0,0.04,35,0,VALID,-282.68742910588054,-274.5207264720238,-277.2170980186031,-8.166702633856744,-2.6963715465793143,-18.166702633856744,M0,M0,False,77.44572081411393,formal_m1_center_not_selected,-2.554279185886074,2.554279185886074,-0.03192848982357592,0.03192848982357592
NWS001437,NW036_QPP_N060_P080_A2_Q040,NWP_A2_S36_P080,NWB_A2_S36,STATIONARY_QPP_PRESENT,60,1180.0,2.0,80.0,0.04,36,0,VALID,-288.1751629193237,-281.68418364676023,-282.0383318470435,-6.490979272563493,-0.3541482002832481,-16.490979272563493,M0,M0,False,83.56241268430735,formal_m1_center_not_selected,3.562412684307347,3.562412684307347,0.044530158553841834,0.044530158553841834
NWS001438,NW036_QPP_N060_P080_A2_Q040,NWP_A2_S37_P080,NWB_A2_S37,STATIONARY_QPP_PRESENT,60,1180.0,2.0,80.0,0.04,37,0,VALID,-264.701432451628,-257.153755602747,-258.86695573278035,-7.547676848880997,-1.7132001300333286,-17.547676848880997,M0,M0,False,67.20657713862107,formal_m1_center_not_selected,-12.793422861378929,12.793422861378929,-0.15991778576723661,0.15991778576723661
NWS001439,NW036_QPP_N060_P080_A2_Q040,NWP_A2_S38_P080,NWB_A2_S38,STATIONARY_QPP_PRESENT,60,1180.0,2.0,80.0,0.04,38,0,VALID,-317.9174963228394,-308.96261114027726,-311.55640105104214,-8.954885182562123,-2.593789910764883,-18.954885182562123,M0,M0,False,60.563217678172975,formal_m1_center_not_selected,-19.436782321827025,19.436782321827025,-0.2429597790228378,0.2429597790228378
NWS001440,NW036_QPP_N060_P080_A2_Q040,NWP_A2_S39_P080,NWB_A2_S39,STATIONARY_QPP_PRESENT,60,1180.0,2.0,80.0,0.04,39,0,VALID,-322.59980647898243,-316.24357898629296,-316.3965294235598,-6.35622749268947,-0.15295043726683843,-16.35622749268947,M0,M0,False,85.89797158663409,formal_m1_center_not_selected,5.897971586634085,5.897971586634085,0.07372464483292607,0.07372464483292607
NWS001441,NW037_NULL_N090_A0,NWP_A0_S00_NULL,NWB_A0_S00,NULL_FLARE_RED_NOISE,90,1780.0,0.0,,,0,0,VALID,-271.0295883854205,-266.1440804915821,-263.78843452334047,-4.885507893838394,2.3556459682416175,-14.885507893838394,M0,M0,False,41.14403705579305,,,,,
NWS001442,NW037_NULL_N090_A0,NWP_A0_S01_NULL,NWB_A0_S01,NULL_FLARE_RED_NOISE,90,1780.0,0.0,,,1,0,VALID,-256.7702374541494,-250.17318195097354,-249.9449764414884,-6.597055503175881,0.22820550948515006,-16.59705550317588,M0,M0,False,205.7116146945812,,,,,
NWS001443,NW037_NULL_N090_A0,NWP_A0_S02_NULL,NWB_A0_S02,NULL_FLARE_RED_NOISE,90,1780.0,0.0,,,2,0,VALID,-274.95040121630774,-266.72260327060457,-267.4296363502063,-8.227797945703173,-0.7070330796017288,-18.227797945703173,M0,M0,False,41.17197447330323,,,,,
NWS001444,NW037_NULL_N090_A0,NWP_A0_S03_NULL,NWB_A0_S03,NULL_FLARE_RED_NOISE,90,1780.0,0.0,,,3,0,VALID,-263.4056131449501,-263.14157792276234,-259.53131554951096,-0.264035222187772,3.6102623732513734,-10.264035222187772,M0,M0,False,149.79400828699852,,,,,
NWS001445,NW037_NULL_N090_A0,NWP_A0_S04_NULL,NWB_A0_S04,NULL_FLARE_RED_NOISE,90,1780.0,0.0,,,4,0,VALID,-296.1222848411594,-288.1793509802863,-289.25762982048445,-7.942933860873097,-1.078278840198152,-17.942933860873097,M0,M0,False,141.1557479753029,,,,,
NWS001446,NW037_NULL_N090_A0,NWP_A0_S05_NULL,NWB_A0_S05,NULL_FLARE_RED_NOISE,90,1780.0,0.0,,,5,0,VALID,-290.73489539225164,-293.58901120361264,-283.4484517453634,2.854115811360998,10.140559458249243,-7.145884188639002,M0,M1,False,44.379054085487766,,,,,
NWS001447,NW037_NULL_N090_A0,NWP_A0_S06_NULL,NWB_A0_S06,NULL_FLARE_RED_NOISE,90,1780.0,0.0,,,6,0,VALID,-271.0839925428268,-264.41871194914637,-265.38998494749035,-6.66528059368045,-0.9712729983439772,-16.66528059368045,M0,M0,False,287.11886552015,,,,,
NWS001448,NW037_NULL_N090_A0,NWP_A0_S07_NULL,NWB_A0_S07,NULL_FLARE_RED_NOISE,90,1780.0,0.0,,,7,0,VALID,-281.7876013353667,-285.5380130321693,-274.67263796055784,3.7504116968026437,10.865375071611481,-6.249588303197356,M0,M1,False,57.12634425074055,,,,,
NWS001449,NW037_NULL_N090_A0,NWP_A0_S08_NULL,NWB_A0_S08,NULL_FLARE_RED_NOISE,90,1780.0,0.0,,,8,0,VALID,-275.33240352114433,-267.1058419550694,-269.1944065974627,-8.226561566074906,-2.088564642393294,-18.226561566074906,M0,M0,False,176.69518704205214,,,,,
NWS001450,NW037_NULL_N090_A0,NWP_A0_S09_NULL,NWB_A0_S09,NULL_FLARE_RED_NOISE,90,1780.0,0.0,,,9,0,VALID,-302.8869271239506,-294.28810919666813,-296.3376833034464,-8.598817927282482,-2.049574106778266,-18.598817927282482,M0,M0,False,68.2280204259731,,,,,
NWS001451,NW037_NULL_N090_A0,NWP_A0_S10_NULL,NWB_A0_S10,NULL_FLARE_RED_NOISE,90,1780.0,0.0,,,10,0,VALID,-265.03859843670074,-254.69308219217922,-257.68482307366025,-10.34551624452152,-2.991740881481036,-20.34551624452152,M0,M0,False,62.94699955392406,,,,,
NWS001452,NW037_NULL_N090_A0,NWP_A0_S11_NULL,NWB_A0_S11,NULL_FLARE_RED_NOISE,90,1780.0,0.0,,,11,0,VALID,-290.1114275359073,-286.54855979149113,-283.06855063608117,-3.5628677444161667,3.4800091554099595,-13.562867744416167,M0,M0,False,80.4800407038944,,,,,
NWS001453,NW037_NULL_N090_A0,NWP_A0_S12_NULL,NWB_A0_S12,NULL_FLARE_RED_NOISE,90,1780.0,0.0,,,12,0,VALID,-275.6420326122177,-267.254265987151,-268.37201316497044,-8.387766625066718,-1.1177471778194672,-18.387766625066718,M0,M0,False,68.79529174101263,,,,,
NWS001454,NW037_NULL_N090_A0,NWP_A0_S13_NULL,NWB_A0_S13,NULL_FLARE_RED_NOISE,90,1780.0,0.0,,,13,0,VALID,-266.8906178034989,-258.55680707224707,-259.87550832496254,-8.333810731251845,-1.3187012527154707,-18.333810731251845,M0,M0,False,171.67496397785763,,,,,
NWS001455,NW037_NULL_N090_A0,NWP_A0_S14_NULL,NWB_A0_S14,NULL_FLARE_RED_NOISE,90,1780.0,0.0,,,14,0,VALID,-271.0164549960227,-262.86186537404967,-263.74132730820094,-8.154589621973003,-0.8794619341512657,-18.154589621973003,M0,M0,False,113.2322461488239,,,,,
NWS001456,NW037_NULL_N090_A0,NWP_A0_S15_NULL,NWB_A0_S15,NULL_FLARE_RED_NOISE,90,1780.0,0.0,,,15,0,VALID,-301.45609001917006,-298.3216866544479,-294.45759620650307,-3.134403364722175,3.864090447944818,-13.134403364722175,M0,M0,False,77.03932516422697,,,,,
NWS001457,NW037_NULL_N090_A0,NWP_A0_S16_NULL,NWB_A0_S16,NULL_FLARE_RED_NOISE,90,1780.0,0.0,,,16,0,VALID,-324.15325026346983,-314.28963348193713,-317.65339616836434,-9.863616781532698,-3.363762686427208,-19.8636167815327,M0,M0,False,63.69924878490594,,,,,
NWS001458,NW037_NULL_N090_A0,NWP_A0_S17_NULL,NWB_A0_S17,NULL_FLARE_RED_NOISE,90,1780.0,0.0,,,17,0,VALID,-265.8544660890332,-268.0034271087449,-258.7678397305046,2.1489610197116917,9.235587378240325,-7.851038980288308,M0,M1,False,50.769424394742785,,,,,
NWS001459,NW037_NULL_N090_A0,NWP_A0_S18_NULL,NWB_A0_S18,NULL_FLARE_RED_NOISE,90,1780.0,0.0,,,18,0,VALID,-261.7958796937698,-259.9585822733738,-255.21615283627034,-1.8372974203959984,4.742429437103453,-11.837297420395998,M0,M0,False,96.70856920045314,,,,,
NWS001460,NW037_NULL_N090_A0,NWP_A0_S19_NULL,NWB_A0_S19,NULL_FLARE_RED_NOISE,90,1780.0,0.0,,,19,0,VALID,-277.94749052433605,-271.1362930233937,-271.274326804361,-6.811197500942342,-0.13803378096730512,-16.81119750094234,M0,M0,False,299.99999999999994,,,,,
NWS001461,NW037_NULL_N090_A0,NWP_A0_S20_NULL,NWB_A0_S20,NULL_FLARE_RED_NOISE,90,1780.0,0.0,,,20,0,VALID,-307.95916229287235,-300.077105250308,-300.66302253860357,-7.882057042564327,-0.5859172882955477,-17.882057042564327,M0,M0,False,100.0548662949048,,,,,
NWS001462,NW037_NULL_N090_A0,NWP_A0_S21_NULL,NWB_A0_S21,NULL_FLARE_RED_NOISE,90,1780.0,0.0,,,21,0,VALID,-278.9496214243758,-273.4781629192363,-271.75410174745576,-5.471458505139481,1.7240611717805336,-15.47145850513948,M0,M0,False,186.04688562273452,,,,,
NWS001463,NW037_NULL_N090_A0,NWP_A0_S22_NULL,NWB_A0_S22,NULL_FLARE_RED_NOISE,90,1780.0,0.0,,,22,0,VALID,-277.3217188384139,-273.006397869815,-270.14858721228245,-4.3153209685989395,2.857810657532525,-14.31532096859894,M0,M0,False,40.443420432485375,,,,,
NWS001464,NW037_NULL_N090_A0,NWP_A0_S23_NULL,NWB_A0_S23,NULL_FLARE_RED_NOISE,90,1780.0,0.0,,,23,0,VALID,-271.7195540578262,-266.59976760787157,-264.6333040625594,-5.119786449954631,1.9664635453121946,-15.119786449954631,M0,M0,False,51.14705878063314,,,,,
NWS001465,NW037_NULL_N090_A0,NWP_A0_S24_NULL,NWB_A0_S24,NULL_FLARE_RED_NOISE,90,1780.0,0.0,,,24,0,VALID,-260.6236697629606,-257.1955065357602,-253.68911461855248,-3.4281632272004003,3.5063919172077362,-13.4281632272004,M0,M0,False,136.70917701777665,,,,,
NWS001466,NW037_NULL_N090_A0,NWP_A0_S25_NULL,NWB_A0_S25,NULL_FLARE_RED_NOISE,90,1780.0,0.0,,,25,0,VALID,-282.50757758293076,-274.81502408917135,-275.13410216064216,-7.692553493759419,-0.3190780714708126,-17.69255349375942,M0,M0,False,52.21733035757972,,,,,
NWS001467,NW037_NULL_N090_A0,NWP_A0_S26_NULL,NWB_A0_S26,NULL_FLARE_RED_NOISE,90,1780.0,0.0,,,26,0,VALID,-280.6161512068108,-272.98146586555805,-273.9909815490478,-7.634685341252748,-1.0095156834897239,-17.634685341252748,M0,M0,False,113.99051487460585,,,,,
NWS001468,NW037_NULL_N090_A0,NWP_A0_S27_NULL,NWB_A0_S27,NULL_FLARE_RED_NOISE,90,1780.0,0.0,,,27,0,VALID,-282.8412575661531,-285.7398377578083,-275.8489780603816,2.898580191655185,9.890859697426663,-7.101419808344815,M0,M1,False,90.23560882663284,,,,,
NWS001469,NW037_NULL_N090_A0,NWP_A0_S28_NULL,NWB_A0_S28,NULL_FLARE_RED_NOISE,90,1780.0,0.0,,,28,0,VALID,-273.7295557772271,-270.2958217349888,-266.65171052933243,-3.4337340422383136,3.6441112056563725,-13.433734042238314,M0,M0,False,118.32821115331858,,,,,
NWS001470,NW037_NULL_N090_A0,NWP_A0_S29_NULL,NWB_A0_S29,NULL_FLARE_RED_NOISE,90,1780.0,0.0,,,29,0,VALID,-262.58161107255467,-254.1750112322035,-255.27966156938487,-8.406599840351163,-1.1046503371813685,-18.406599840351163,M0,M0,False,41.649154297510606,,,,,
NWS001471,NW037_NULL_N090_A0,NWP_A0_S30_NULL,NWB_A0_S30,NULL_FLARE_RED_NOISE,90,1780.0,0.0,,,30,0,VALID,-273.23887506305863,-264.5827075944224,-265.8140153948298,-8.656167468636227,-1.2313078004074214,-18.656167468636227,M0,M0,False,95.35009010124816,,,,,
NWS001472,NW037_NULL_N090_A0,NWP_A0_S31_NULL,NWB_A0_S31,NULL_FLARE_RED_NOISE,90,1780.0,0.0,,,31,0,VALID,-250.40810939936614,-245.9333532757113,-243.29752917765518,-4.474756123654828,2.6358240980561334,-14.474756123654828,M0,M0,False,82.25494071163564,,,,,
NWS001473,NW037_NULL_N090_A0,NWP_A0_S32_NULL,NWB_A0_S32,NULL_FLARE_RED_NOISE,90,1780.0,0.0,,,32,0,VALID,-262.8263726744025,-262.7986309483925,-255.54856873987995,-0.027741726009992362,7.2500622085125315,-10.027741726009992,M0,M0,False,57.311593953335674,,,,,
NWS001474,NW037_NULL_N090_A0,NWP_A0_S33_NULL,NWB_A0_S33,NULL_FLARE_RED_NOISE,90,1780.0,0.0,,,33,0,VALID,-267.3837680060171,-262.15315640602324,-260.3411844277969,-5.230611599993836,1.8119719782263246,-15.230611599993836,M0,M0,False,47.34743429666211,,,,,
NWS001475,NW037_NULL_N090_A0,NWP_A0_S34_NULL,NWB_A0_S34,NULL_FLARE_RED_NOISE,90,1780.0,0.0,,,34,0,VALID,-285.82544662989443,-282.09860827393874,-278.8841448500473,-3.7268383559556924,3.214463423891459,-13.726838355955692,M0,M0,False,58.719888724701626,,,,,
NWS001476,NW037_NULL_N090_A0,NWP_A0_S35_NULL,NWB_A0_S35,NULL_FLARE_RED_NOISE,90,1780.0,0.0,,,35,0,VALID,-298.8451902075833,-291.62924249929966,-291.33002585251984,-7.215947708283636,0.2992166467798256,-17.215947708283636,M0,M0,False,123.21714774227094,,,,,
NWS001477,NW037_NULL_N090_A0,NWP_A0_S36_NULL,NWB_A0_S36,NULL_FLARE_RED_NOISE,90,1780.0,0.0,,,36,0,VALID,-268.9927436369969,-264.2597684552236,-261.73075937251065,-4.732975181773327,2.529009082712946,-14.732975181773327,M0,M0,False,118.63420927556697,,,,,
NWS001478,NW037_NULL_N090_A0,NWP_A0_S37_NULL,NWB_A0_S37,NULL_FLARE_RED_NOISE,90,1780.0,0.0,,,37,0,VALID,-252.86441414919568,-251.96530473979593,-245.62470062263446,-0.899109409399756,6.340604117161462,-10.899109409399756,M0,M0,False,64.58526436531554,,,,,
NWS001479,NW037_NULL_N090_A0,NWP_A0_S38_NULL,NWB_A0_S38,NULL_FLARE_RED_NOISE,90,1780.0,0.0,,,38,0,VALID,-264.806968227216,-257.69397058125173,-257.75816390082565,-7.112997645964242,-0.06419331957391705,-17.112997645964242,M0,M0,False,153.21820965655436,,,,,
NWS001480,NW037_NULL_N090_A0,NWP_A0_S39_NULL,NWB_A0_S39,NULL_FLARE_RED_NOISE,90,1780.0,0.0,,,39,0,VALID,-272.35490059463655,-265.0537045421028,-265.2481032190277,-7.301196052533726,-0.19439867692489088,-17.301196052533726,M0,M0,False,80.18498675085549,,,,,
NWS001481,NW038_QPP_N090_P050_A0_Q040,NWP_A0_S00_P050,NWB_A0_S00,STATIONARY_QPP_PRESENT,90,1780.0,0.0,50.0,0.04,0,0,VALID,-270.5128968724919,-265.5803352006521,-263.2725613659795,-4.932561671839835,2.3077738346725596,-14.932561671839835,M0,M0,False,41.08416485218318,formal_m1_center_not_selected,-8.915835147816821,8.915835147816821,-0.17831670295633642,0.17831670295633642
NWS001482,NW038_QPP_N090_P050_A0_Q040,NWP_A0_S01_P050,NWB_A0_S01,STATIONARY_QPP_PRESENT,90,1780.0,0.0,50.0,0.04,1,0,VALID,-256.3961964360087,-249.7954482330537,-249.56953277107436,-6.600748202955032,0.22591546197932644,-16.60074820295503,M0,M0,False,205.70070828044942,formal_m1_center_not_selected,155.70070828044942,155.70070828044942,3.1140141656089884,3.1140141656089884
NWS001483,NW038_QPP_N090_P050_A0_Q040,NWP_A0_S02_P050,NWB_A0_S02,STATIONARY_QPP_PRESENT,90,1780.0,0.0,50.0,0.04,2,0,VALID,-274.8530496728264,-266.6129291397207,-267.4497904608207,-8.24012053310571,-0.8368613211000024,-18.24012053310571,M0,M0,False,41.06302635352513,formal_m1_center_not_selected,-8.936973646474868,8.936973646474868,-0.17873947292949738,0.17873947292949738
NWS001484,NW038_QPP_N090_P050_A0_Q040,NWP_A0_S03_P050,NWB_A0_S03,STATIONARY_QPP_PRESENT,90,1780.0,0.0,50.0,0.04,3,0,VALID,-263.1672897989769,-262.89642010377673,-259.30525903279755,-0.2708696952001901,3.591161070979183,-10.27086969520019,M0,M0,False,149.80419400000594,formal_m1_center_not_selected,99.80419400000594,99.80419400000594,1.9960838800001186,1.9960838800001186
NWS001485,NW038_QPP_N090_P050_A0_Q040,NWP_A0_S04_P050,NWB_A0_S04,STATIONARY_QPP_PRESENT,90,1780.0,0.0,50.0,0.04,4,0,VALID,-296.4399779539407,-288.47432901177905,-289.5667628945404,-7.965648942161636,-1.092433882761327,-17.965648942161636,M0,M0,False,141.14739231787124,formal_m1_center_not_selected,91.14739231787124,91.14739231787124,1.8229478463574247,1.8229478463574247
NWS001486,NW038_QPP_N090_P050_A0_Q040,NWP_A0_S05_P050,NWB_A0_S05,STATIONARY_QPP_PRESENT,90,1780.0,0.0,50.0,0.04,5,0,VALID,-290.06961662356537,-292.85803812323735,-282.7802367605594,2.7884214996719834,10.077801362677974,-7.211578500328017,M0,M1,False,44.407710287902056,formal_m1_center_not_selected,-5.592289712097944,5.592289712097944,-0.11184579424195888,0.11184579424195888
NWS001487,NW038_QPP_N090_P050_A0_Q040,NWP_A0_S06_P050,NWB_A0_S06,STATIONARY_QPP_PRESENT,90,1780.0,0.0,50.0,0.04,6,0,VALID,-271.05645084691537,-264.3889727702363,-265.35733551303315,-6.6674780766790605,-0.9683627427968418,-16.66747807667906,M0,M0,False,287.1731146356621,formal_m1_center_not_selected,237.1731146356621,237.1731146356621,4.743462292713242,4.743462292713242
NWS001488,NW038_QPP_N090_P050_A0_Q040,NWP_A0_S07_P050,NWB_A0_S07,STATIONARY_QPP_PRESENT,90,1780.0,0.0,50.0,0.04,7,0,VALID,-282.19980608274295,-285.87808205254527,-275.08442561639094,3.678275969802314,10.793656436154322,-6.321724030197686,M0,M1,False,57.041898229042175,formal_m1_center_not_selected,7.041898229042175,7.041898229042175,0.1408379645808435,0.1408379645808435
NWS001489,NW038_QPP_N090_P050_A0_Q040,NWP_A0_S08_P050,NWB_A0_S08,STATIONARY_QPP_PRESENT,90,1780.0,0.0,50.0,0.04,8,0,VALID,-275.54898929357023,-267.3097149438755,-269.3809652436067,-8.23927434969471,-2.0712502997311617,-18.23927434969471,M0,M0,False,176.70107983857204,formal_m1_center_not_selected,126.70107983857204,126.70107983857204,2.534021596771441,2.534021596771441
NWS001490,NW038_QPP_N090_P050_A0_Q040,NWP_A0_S09_P050,NWB_A0_S09,STATIONARY_QPP_PRESENT,90,1780.0,0.0,50.0,0.04,9,0,VALID,-302.7429627089573,-294.16521755503976,-296.19315974689096,-8.577745153917533,-2.0279421918511957,-18.577745153917533,M0,M0,False,68.21530174794393,formal_m1_center_not_selected,18.215301747943926,18.215301747943926,0.36430603495887853,0.36430603495887853
NWS001491,NW038_QPP_N090_P050_A0_Q040,NWP_A0_S10_P050,NWB_A0_S10,STATIONARY_QPP_PRESENT,90,1780.0,0.0,50.0,0.04,10,0,VALID,-265.30460617739845,-254.6271811049081,-257.756682425234,-10.677425072490365,-3.129501320325886,-20.677425072490365,M0,M0,False,49.61699221901062,formal_m1_center_not_selected,-0.3830077809893808,0.3830077809893808,-0.007660155619787616,0.007660155619787616
NWS001492,NW038_QPP_N090_P050_A0_Q040,NWP_A0_S11_P050,NWB_A0_S11,STATIONARY_QPP_PRESENT,90,1780.0,0.0,50.0,0.04,11,0,VALID,-290.3886704295699,-286.7302403736162,-283.3265585213353,-3.6584300559537155,3.403681852280897,-13.658430055953716,M0,M0,False,80.47978876656366,formal_m1_center_not_selected,30.479788766563658,30.479788766563658,0.6095957753312732,0.6095957753312732
NWS001493,NW038_QPP_N090_P050_A0_Q040,NWP_A0_S12_P050,NWB_A0_S12,STATIONARY_QPP_PRESENT,90,1780.0,0.0,50.0,0.04,12,0,VALID,-275.29809303201176,-266.9074672898885,-267.8300532456761,-8.39062574212329,-0.9225859557876106,-18.39062574212329,M0,M0,False,68.79826011634545,formal_m1_center_not_selected,18.798260116345446,18.798260116345446,0.37596520232690894,0.37596520232690894
NWS001494,NW038_QPP_N090_P050_A0_Q040,NWP_A0_S13_P050,NWB_A0_S13,STATIONARY_QPP_PRESENT,90,1780.0,0.0,50.0,0.04,13,0,VALID,-267.38542504875994,-259.06188808853847,-260.36972460654493,-8.323536960221475,-1.307836518006468,-18.323536960221475,M0,M0,False,171.66795175088552,formal_m1_center_not_selected,121.66795175088552,121.66795175088552,2.4333590350177103,2.4333590350177103
NWS001495,NW038_QPP_N090_P050_A0_Q040,NWP_A0_S14_P050,NWB_A0_S14,STATIONARY_QPP_PRESENT,90,1780.0,0.0,50.0,0.04,14,0,VALID,-270.7099486855107,-262.5125802662245,-263.4227131182595,-8.197368419286192,-0.9101328520349625,-18.197368419286192,M0,M0,False,113.24194487237462,formal_m1_center_not_selected,63.24194487237462,63.24194487237462,1.2648388974474924,1.2648388974474924
NWS001496,NW038_QPP_N090_P050_A0_Q040,NWP_A0_S15_P050,NWB_A0_S15,STATIONARY_QPP_PRESENT,90,1780.0,0.0,50.0,0.04,15,0,VALID,-301.27097920966247,-298.22281052141375,-294.27592738496867,-3.0481686882487224,3.9468831364450807,-13.048168688248722,M0,M0,False,77.18384887487208,formal_m1_center_not_selected,27.183848874872083,27.183848874872083,0.5436769774974417,0.5436769774974417
NWS001497,NW038_QPP_N090_P050_A0_Q040,NWP_A0_S16_P050,NWB_A0_S16,STATIONARY_QPP_PRESENT,90,1780.0,0.0,50.0,0.04,16,0,VALID,-323.2228162246992,-313.34969341087856,-316.7249992874271,-9.873122813820657,-3.375305876548566,-19.873122813820657,M0,M0,False,63.64124363542697,formal_m1_center_not_selected,13.641243635426967,13.641243635426967,0.27282487270853933,0.27282487270853933
NWS001498,NW038_QPP_N090_P050_A0_Q040,NWP_A0_S17_P050,NWB_A0_S17,STATIONARY_QPP_PRESENT,90,1780.0,0.0,50.0,0.04,17,0,VALID,-265.07772429287905,-267.2060912307371,-257.98705230394785,2.128366937858061,9.219038926789267,-7.871633062141939,M0,M1,False,50.758856287783836,formal_m1_center_not_selected,0.7588562877838356,0.7588562877838356,0.015177125755676712,0.015177125755676712
NWS001499,NW038_QPP_N090_P050_A0_Q040,NWP_A0_S18_P050,NWB_A0_S18,STATIONARY_QPP_PRESENT,90,1780.0,0.0,50.0,0.04,18,0,VALID,-261.06713611247824,-259.1535746967346,-254.4725759185592,-1.9135614157436294,4.680998778175422,-11.91356141574363,M0,M0,False,96.72394731210211,formal_m1_center_not_selected,46.72394731210211,46.72394731210211,0.9344789462420422,0.9344789462420422
NWS001500,NW038_QPP_N090_P050_A0_Q040,NWP_A0_S19_P050,NWB_A0_S19,STATIONARY_QPP_PRESENT,90,1780.0,0.0,50.0,0.04,19,0,VALID,-278.05239839409114,-271.2430177435721,-271.37111014249444,-6.809380650519017,-0.12809239892231972,-16.809380650519017,M0,M0,False,299.99999999999994,formal_m1_center_not_selected,249.99999999999994,249.99999999999994,4.999999999999999,4.999999999999999
NWS001501,NW038_QPP_N090_P050_A0_Q040,NWP_A0_S20_P050,NWB_A0_S20,STATIONARY_QPP_PRESENT,90,1780.0,0.0,50.0,0.04,20,0,VALID,-307.47798814043944,-299.52890894147595,-300.16793335939354,-7.949079198963489,-0.6390244179175966,-17.94907919896349,M0,M0,False,100.05069300575843,formal_m1_center_not_selected,50.05069300575843,50.05069300575843,1.0010138601151686,1.0010138601151686
NWS001502,NW038_QPP_N090_P050_A0_Q040,NWP_A0_S21_P050,NWB_A0_S21,STATIONARY_QPP_PRESENT,90,1780.0,0.0,50.0,0.04,21,0,VALID,-279.15653233616496,-273.64506610077484,-271.8747982437626,-5.511466235390117,1.770267857012243,-15.511466235390117,M0,M0,False,186.06890039963687,formal_m1_center_not_selected,136.06890039963687,136.06890039963687,2.7213780079927377,2.7213780079927377
NWS001503,NW038_QPP_N090_P050_A0_Q040,NWP_A0_S22_P050,NWB_A0_S22,STATIONARY_QPP_PRESENT,90,1780.0,0.0,50.0,0.04,22,0,VALID,-277.49303309289354,-273.13151662756326,-270.31776502043584,-4.361516465330283,2.813751607127415,-14.361516465330283,M0,M0,False,40.48115630256653,formal_m1_center_not_selected,-9.518843697433468,9.518843697433468,-0.19037687394866937,0.19037687394866937
NWS001504,NW038_QPP_N090_P050_A0_Q040,NWP_A0_S23_P050,NWB_A0_S23,STATIONARY_QPP_PRESENT,90,1780.0,0.0,50.0,0.04,23,0,VALID,-271.9860444518093,-266.93855124942473,-264.8827374850389,-5.047493202384544,2.055813764385846,-15.047493202384544,M0,M0,False,51.11803467408303,formal_m1_center_not_selected,1.1180346740830274,1.1180346740830274,0.022360693481660546,0.022360693481660546
NWS001505,NW038_QPP_N090_P050_A0_Q040,NWP_A0_S24_P050,NWB_A0_S24,STATIONARY_QPP_PRESENT,90,1780.0,0.0,50.0,0.04,24,0,VALID,-260.4434252586162,-256.9489013926653,-253.49454442063018,-3.494523865950896,3.4543569720351,-13.494523865950896,M0,M0,False,136.68927668349914,formal_m1_center_not_selected,86.68927668349914,86.68927668349914,1.733785533669983,1.733785533669983
NWS001506,NW038_QPP_N090_P050_A0_Q040,NWP_A0_S25_P050,NWB_A0_S25,STATIONARY_QPP_PRESENT,90,1780.0,0.0,50.0,0.04,25,0,VALID,-282.8290599047181,-275.09756372993985,-275.2868696661577,-7.731496174778272,-0.1893059362178633,-17.731496174778272,M0,M0,False,52.173399185893,formal_m1_center_not_selected,2.173399185892997,2.173399185892997,0.04346798371785994,0.04346798371785994
NWS001507,NW038_QPP_N090_P050_A0_Q040,NWP_A0_S26_P050,NWB_A0_S26,STATIONARY_QPP_PRESENT,90,1780.0,0.0,50.0,0.04,26,0,VALID,-279.8610323032098,-272.2191195880038,-273.22214075212946,-7.64191271520599,-1.0030211641256415,-17.64191271520599,M0,M0,False,118.85037134105359,formal_m1_center_not_selected,68.85037134105359,68.85037134105359,1.3770074268210717,1.3770074268210717
NWS001508,NW038_QPP_N090_P050_A0_Q040,NWP_A0_S27_P050,NWB_A0_S27,STATIONARY_QPP_PRESENT,90,1780.0,0.0,50.0,0.04,27,0,VALID,-282.0749170975874,-284.60120659167586,-275.08134258121993,2.5262894940884735,9.519864010455933,-7.4737105059115265,M0,M1,False,90.23614413414307,formal_m1_center_not_selected,40.236144134143075,40.236144134143075,0.8047228826828615,0.8047228826828615
NWS001509,NW038_QPP_N090_P050_A0_Q040,NWP_A0_S28_P050,NWB_A0_S28,STATIONARY_QPP_PRESENT,90,1780.0,0.0,50.0,0.04,28,0,VALID,-274.1813535511073,-270.731597915106,-267.1032426857607,-3.449755636001271,3.6283552293453454,-13.44975563600127,M0,M0,False,118.3332137504687,formal_m1_center_not_selected,68.3332137504687,68.3332137504687,1.366664275009374,1.366664275009374
NWS001510,NW038_QPP_N090_P050_A0_Q040,NWP_A0_S29_P050,NWB_A0_S29,STATIONARY_QPP_PRESENT,90,1780.0,0.0,50.0,0.04,29,0,VALID,-262.2906490994314,-253.90607348799082,-254.9895245037933,-8.384575611440567,-1.083451015802467,-18.384575611440567,M0,M0,False,41.665790450225124,formal_m1_center_not_selected,-8.334209549774876,8.334209549774876,-0.16668419099549753,0.16668419099549753
NWS001511,NW038_QPP_N090_P050_A0_Q040,NWP_A0_S30_P050,NWB_A0_S30,STATIONARY_QPP_PRESENT,90,1780.0,0.0,50.0,0.04,30,0,VALID,-273.5005552712851,-264.8194220855676,-266.0666935145021,-8.6811331857175,-1.2472714289344822,-18.6811331857175,M0,M0,False,95.3498813745472,formal_m1_center_not_selected,45.349881374547195,45.349881374547195,0.9069976274909439,0.9069976274909439
NWS001512,NW038_QPP_N090_P050_A0_Q040,NWP_A0_S31_P050,NWB_A0_S31,STATIONARY_QPP_PRESENT,90,1780.0,0.0,50.0,0.04,31,0,VALID,-249.92480792348414,-245.4655838562613,-242.81659768778104,-4.459224067222834,2.6489861684802634,-14.459224067222834,M0,M0,False,82.25328856939704,formal_m1_center_not_selected,32.25328856939704,32.25328856939704,0.6450657713879409,0.6450657713879409
NWS001513,NW038_QPP_N090_P050_A0_Q040,NWP_A0_S32_P050,NWB_A0_S32,STATIONARY_QPP_PRESENT,90,1780.0,0.0,50.0,0.04,32,0,VALID,-262.2491831781871,-262.2411598239988,-254.97228801657872,-0.008023354188253506,7.268871807420112,-10.008023354188254,M0,M0,False,57.317857052820656,formal_m1_center_not_selected,7.317857052820656,7.317857052820656,0.14635714105641312,0.14635714105641312
NWS001514,NW038_QPP_N090_P050_A0_Q040,NWP_A0_S33_P050,NWB_A0_S33,STATIONARY_QPP_PRESENT,90,1780.0,0.0,50.0,0.04,33,0,VALID,-267.385425664334,-262.1919157890625,-260.33498998572355,-5.193509875271502,1.8569258033389247,-15.193509875271502,M0,M0,False,47.3337584221659,formal_m1_center_not_selected,-2.6662415778341,2.6662415778341,-0.053324831556682,0.053324831556682
NWS001515,NW038_QPP_N090_P050_A0_Q040,NWP_A0_S34_P050,NWB_A0_S34,STATIONARY_QPP_PRESENT,90,1780.0,0.0,50.0,0.04,34,0,VALID,-285.8189021662901,-282.31062012413196,-278.8743540346721,-3.5082820421581573,3.4362660894598775,-13.508282042158157,M0,M0,False,58.65334892059471,formal_m1_center_not_selected,8.65334892059471,8.65334892059471,0.1730669784118942,0.1730669784118942
NWS001516,NW038_QPP_N090_P050_A0_Q040,NWP_A0_S35_P050,NWB_A0_S35,STATIONARY_QPP_PRESENT,90,1780.0,0.0,50.0,0.04,35,0,VALID,-298.7443498761457,-291.4464779822088,-291.2117109194607,-7.297871893936872,0.23476706274811932,-17.297871893936872,M0,M0,False,123.21880844307074,formal_m1_center_not_selected,73.21880844307074,73.21880844307074,1.4643761688614148,1.4643761688614148
NWS001517,NW038_QPP_N090_P050_A0_Q040,NWP_A0_S36_P050,NWB_A0_S36,STATIONARY_QPP_PRESENT,90,1780.0,0.0,50.0,0.04,36,0,VALID,-268.4346406332865,-263.6532655679683,-261.1734373287371,-4.78137506531823,2.4798282392311535,-14.78137506531823,M0,M0,False,118.63883325131687,formal_m1_center_not_selected,68.63883325131687,68.63883325131687,1.3727766650263373,1.3727766650263373
NWS001518,NW038_QPP_N090_P050_A0_Q040,NWP_A0_S37_P050,NWB_A0_S37,STATIONARY_QPP_PRESENT,90,1780.0,0.0,50.0,0.04,37,0,VALID,-252.90968853007132,-252.0197467000891,-245.66267246588524,-0.8899418299822344,6.35707423420385,-10.889941829982234,M0,M0,False,64.41317615408002,formal_m1_center_not_selected,14.41317615408002,14.41317615408002,0.2882635230816004,0.2882635230816004
NWS001519,NW038_QPP_N090_P050_A0_Q040,NWP_A0_S38_P050,NWB_A0_S38,STATIONARY_QPP_PRESENT,90,1780.0,0.0,50.0,0.04,38,0,VALID,-265.49007540526935,-258.39890406700107,-258.44924419554116,-7.091171338268282,-0.050340128540085516,-17.091171338268282,M0,M0,False,153.22044745099853,formal_m1_center_not_selected,103.22044745099853,103.22044745099853,2.064408949019971,2.064408949019971
NWS001520,NW038_QPP_N090_P050_A0_Q040,NWP_A0_S39_P050,NWB_A0_S39,STATIONARY_QPP_PRESENT,90,1780.0,0.0,50.0,0.04,39,0,VALID,-272.073254662986,-264.7753313287233,-264.96631806822415,-7.297923334262691,-0.19098673950082912,-17.29792333426269,M0,M0,False,80.18342125436449,formal_m1_center_not_selected,30.18342125436449,30.18342125436449,0.6036684250872898,0.6036684250872898
NWS001521,NW039_QPP_N090_P080_A0_Q040,NWP_A0_S00_P080,NWB_A0_S00,STATIONARY_QPP_PRESENT,90,1780.0,0.0,80.0,0.04,0,0,VALID,-270.5778493620185,-265.6582479162019,-263.33653714124796,-4.919601445816625,2.3217107749539423,-14.919601445816625,M0,M0,False,41.166546962457474,formal_m1_center_not_selected,-38.833453037542526,38.833453037542526,-0.4854181629692816,0.4854181629692816
NWS001522,NW039_QPP_N090_P080_A0_Q040,NWP_A0_S01_P080,NWB_A0_S01,STATIONARY_QPP_PRESENT,90,1780.0,0.0,80.0,0.04,1,0,VALID,-256.2201961212319,-249.6064671209634,-249.40518269834962,-6.613729000268478,0.20128442261378154,-16.613729000268478,M0,M0,False,205.69913167141223,formal_m1_center_not_selected,125.69913167141223,125.69913167141223,1.571239145892653,1.571239145892653
NWS001523,NW039_QPP_N090_P080_A0_Q040,NWP_A0_S02_P080,NWB_A0_S02,STATIONARY_QPP_PRESENT,90,1780.0,0.0,80.0,0.04,2,0,VALID,-275.49733744673796,-267.27239691134827,-267.9771250441046,-8.224940535389692,-0.7047281327563155,-18.224940535389692,M0,M0,False,41.157801075678194,formal_m1_center_not_selected,-38.842198924321806,38.842198924321806,-0.48552748655402256,0.48552748655402256
NWS001524,NW039_QPP_N090_P080_A0_Q040,NWP_A0_S03_P080,NWB_A0_S03,STATIONARY_QPP_PRESENT,90,1780.0,0.0,80.0,0.04,3,0,VALID,-262.5901332011436,-262.28226000548193,-258.70282930998746,-0.3078731956616707,3.579430695494466,-10.30787319566167,M0,M0,False,149.80180222043109,formal_m1_center_not_selected,69.80180222043109,69.80180222043109,0.8725225277553885,0.8725225277553885
NWS001525,NW039_QPP_N090_P080_A0_Q040,NWP_A0_S04_P080,NWB_A0_S04,STATIONARY_QPP_PRESENT,90,1780.0,0.0,80.0,0.04,4,0,VALID,-296.7476908974648,-288.40930156773237,-289.87457004415177,-8.338389329732422,-1.4652684764193964,-18.338389329732422,M0,M0,False,148.36838261348336,formal_m1_center_not_selected,68.36838261348336,68.36838261348336,0.854604782668542,0.854604782668542
NWS001526,NW039_QPP_N090_P080_A0_Q040,NWP_A0_S05_P080,NWB_A0_S05,STATIONARY_QPP_PRESENT,90,1780.0,0.0,80.0,0.04,5,0,VALID,-290.058583370787,-292.6621487388342,-282.76669059670076,2.6035653680472137,9.895458142133464,-7.396434631952786,M0,M1,False,44.37284104263091,formal_m1_center_not_selected,-35.62715895736909,35.62715895736909,-0.4453394869671136,0.4453394869671136
NWS001527,NW039_QPP_N090_P080_A0_Q040,NWP_A0_S06_P080,NWB_A0_S06,STATIONARY_QPP_PRESENT,90,1780.0,0.0,80.0,0.04,6,0,VALID,-271.2687670988584,-264.58856966087444,-265.5495898979384,-6.6801974379839635,-0.9610202370639627,-16.680197437983963,M0,M0,False,287.206998809879,formal_m1_center_not_selected,207.206998809879,207.206998809879,2.5900874851234876,2.5900874851234876
NWS001528,NW039_QPP_N090_P080_A0_Q040,NWP_A0_S07_P080,NWB_A0_S07,STATIONARY_QPP_PRESENT,90,1780.0,0.0,80.0,0.04,7,0,VALID,-282.37257506079766,-285.910678416284,-275.2568938924777,3.538103355486328,10.65378452380628,-6.461896644513672,M0,M1,False,57.180155223064666,formal_m1_center_not_selected,-22.819844776935334,22.819844776935334,-0.28524805971169165,0.28524805971169165
NWS001529,NW039_QPP_N090_P080_A0_Q040,NWP_A0_S08_P080,NWB_A0_S08,STATIONARY_QPP_PRESENT,90,1780.0,0.0,80.0,0.04,8,0,VALID,-275.8112511770958,-267.56310225248825,-269.66372169113674,-8.248148924607563,-2.1006194386484935,-18.248148924607563,M0,M0,False,176.67877063897876,formal_m1_center_not_selected,96.67877063897876,96.67877063897876,1.2084846329872345,1.2084846329872345
NWS001530,NW039_QPP_N090_P080_A0_Q040,NWP_A0_S09_P080,NWB_A0_S09,STATIONARY_QPP_PRESENT,90,1780.0,0.0,80.0,0.04,9,0,VALID,-302.81580715736027,-294.3310994970941,-296.26611354857585,-8.484707660266167,-1.935014051481744,-18.484707660266167,M0,M0,False,68.29701858492287,formal_m1_center_not_selected,-11.702981415077133,11.702981415077133,-0.14628726768846417,0.14628726768846417
NWS001531,NW039_QPP_N090_P080_A0_Q040,NWP_A0_S10_P080,NWB_A0_S10,STATIONARY_QPP_PRESENT,90,1780.0,0.0,80.0,0.04,10,0,VALID,-265.32581589271865,-254.98209402495493,-257.77817499660716,-10.343721867763719,-2.7960809716522306,-20.34372186776372,M0,M0,False,62.942665646202784,formal_m1_center_not_selected,-17.057334353797216,17.057334353797216,-0.2132166794224652,0.2132166794224652
NWS001532,NW039_QPP_N090_P080_A0_Q040,NWP_A0_S11_P080,NWB_A0_S11,STATIONARY_QPP_PRESENT,90,1780.0,0.0,80.0,0.04,11,0,VALID,-290.15669782307276,-287.1900528262993,-283.1128607514047,-2.966644996773482,4.077192074894583,-12.966644996773482,M0,M0,False,80.41757927298991,formal_m1_center_not_selected,0.4175792729899115,0.4175792729899115,0.005219740912373894,0.005219740912373894
NWS001533,NW039_QPP_N090_P080_A0_Q040,NWP_A0_S12_P080,NWB_A0_S12,STATIONARY_QPP_PRESENT,90,1780.0,0.0,80.0,0.04,12,0,VALID,-275.4165478324325,-267.057861403346,-268.1461844351642,-8.358686429086504,-1.0883230318181631,-18.358686429086504,M0,M0,False,68.85924081877631,formal_m1_center_not_selected,-11.140759181223686,11.140759181223686,-0.13925948976529606,0.13925948976529606
NWS001534,NW039_QPP_N090_P080_A0_Q040,NWP_A0_S13_P080,NWB_A0_S13,STATIONARY_QPP_PRESENT,90,1780.0,0.0,80.0,0.04,13,0,VALID,-267.36809642092265,-259.0465468534445,-260.35611479046133,-8.321549567478144,-1.3095679370168227,-18.321549567478144,M0,M0,False,171.68931605809692,formal_m1_center_not_selected,91.68931605809692,91.68931605809692,1.1461164507262116,1.1461164507262116
NWS001535,NW039_QPP_N090_P080_A0_Q040,NWP_A0_S14_P080,NWB_A0_S14,STATIONARY_QPP_PRESENT,90,1780.0,0.0,80.0,0.04,14,0,VALID,-271.1658775863885,-263.0571604948612,-263.8994377439373,-8.108717091527296,-0.842277249076119,-18.108717091527296,M0,M0,False,113.06369206181459,formal_m1_center_not_selected,33.06369206181459,33.06369206181459,0.4132961507726824,0.4132961507726824
NWS001536,NW039_QPP_N090_P080_A0_Q040,NWP_A0_S15_P080,NWB_A0_S15,STATIONARY_QPP_PRESENT,90,1780.0,0.0,80.0,0.04,15,0,VALID,-300.9779265409128,-297.9689742602172,-293.97661545614665,-3.0089522806956097,3.992358804070534,-13.00895228069561,M0,M0,False,77.10551029507681,formal_m1_center_not_selected,-2.8944897049231884,2.8944897049231884,-0.03618112131153985,0.03618112131153985
NWS001537,NW039_QPP_N090_P080_A0_Q040,NWP_A0_S16_P080,NWB_A0_S16,STATIONARY_QPP_PRESENT,90,1780.0,0.0,80.0,0.04,16,0,VALID,-323.18694750545893,-313.2804916845082,-316.6841999641829,-9.906455820950725,-3.4037082796746745,-19.906455820950725,M0,M0,False,63.78949056530387,formal_m1_center_not_selected,-16.210509434696128,16.210509434696128,-0.2026313679337016,0.2026313679337016
NWS001538,NW039_QPP_N090_P080_A0_Q040,NWP_A0_S17_P080,NWB_A0_S17,STATIONARY_QPP_PRESENT,90,1780.0,0.0,80.0,0.04,17,0,VALID,-265.11729699336604,-267.33367040153627,-258.0327784553769,2.2163734081702273,9.300891946159368,-7.783626591829773,M0,M1,False,50.767036482041,formal_m1_center_not_selected,-29.232963517959,29.232963517959,-0.3654120439744875,0.3654120439744875
NWS001539,NW039_QPP_N090_P080_A0_Q040,NWP_A0_S18_P080,NWB_A0_S18,STATIONARY_QPP_PRESENT,90,1780.0,0.0,80.0,0.04,18,0,VALID,-261.2737106303997,-259.4770768195751,-254.72158544030776,-1.7966338108246305,4.755491379267312,-11.79663381082463,M0,M0,False,97.08868229559685,formal_m1_center_not_selected,17.088682295596854,17.088682295596854,0.21360852869496066,0.21360852869496066
NWS001540,NW039_QPP_N090_P080_A0_Q040,NWP_A0_S19_P080,NWB_A0_S19,STATIONARY_QPP_PRESENT,90,1780.0,0.0,80.0,0.04,19,0,VALID,-277.7974640739074,-270.9877863237626,-271.1184483995191,-6.809677750144829,-0.13066207575650424,-16.80967775014483,M0,M0,False,299.99999999999994,formal_m1_center_not_selected,219.99999999999994,219.99999999999994,2.749999999999999,2.749999999999999
NWS001541,NW039_QPP_N090_P080_A0_Q040,NWP_A0_S20_P080,NWB_A0_S20,STATIONARY_QPP_PRESENT,90,1780.0,0.0,80.0,0.04,20,0,VALID,-307.73681540688364,-299.82389435612845,-300.4508012935013,-7.9129210507551875,-0.6269069373728371,-17.912921050755187,M0,M0,False,99.71156907414193,formal_m1_center_not_selected,19.711569074141934,19.711569074141934,0.24639461342677418,0.24639461342677418
NWS001542,NW039_QPP_N090_P080_A0_Q040,NWP_A0_S21_P080,NWB_A0_S21,STATIONARY_QPP_PRESENT,90,1780.0,0.0,80.0,0.04,21,0,VALID,-279.9413892464907,-274.4985862790601,-272.74884244056193,-5.442802967430623,1.7497438384981479,-15.442802967430623,M0,M0,False,186.01982043116962,formal_m1_center_not_selected,106.01982043116962,106.01982043116962,1.3252477553896203,1.3252477553896203
NWS001543,NW039_QPP_N090_P080_A0_Q040,NWP_A0_S22_P080,NWB_A0_S22,STATIONARY_QPP_PRESENT,90,1780.0,0.0,80.0,0.04,22,0,VALID,-278.3574896829397,-274.1267480411354,-271.1849697043423,-4.230741641804286,2.9417783367931065,-14.230741641804286,M0,M0,False,40.44413789243112,formal_m1_center_not_selected,-39.55586210756888,39.55586210756888,-0.49444827634461097,0.49444827634461097
NWS001544,NW039_QPP_N090_P080_A0_Q040,NWP_A0_S23_P080,NWB_A0_S23,STATIONARY_QPP_PRESENT,90,1780.0,0.0,80.0,0.04,23,0,VALID,-272.49934615862907,-267.3744299883085,-265.41111537724163,-5.124916170320546,1.9633146110668918,-15.124916170320546,M0,M0,False,51.14662607721761,formal_m1_center_not_selected,-28.85337392278239,28.85337392278239,-0.3606671740347799,0.3606671740347799
NWS001545,NW039_QPP_N090_P080_A0_Q040,NWP_A0_S24_P080,NWB_A0_S24,STATIONARY_QPP_PRESENT,90,1780.0,0.0,80.0,0.04,24,0,VALID,-260.6251985694466,-257.09403510944117,-253.68403361344707,-3.5311634600054163,3.410001495994095,-13.531163460005416,M0,M0,False,136.64088505667942,formal_m1_center_not_selected,56.64088505667942,56.64088505667942,0.7080110632084928,0.7080110632084928
NWS001546,NW039_QPP_N090_P080_A0_Q040,NWP_A0_S25_P080,NWB_A0_S25,STATIONARY_QPP_PRESENT,90,1780.0,0.0,80.0,0.04,25,0,VALID,-282.7304839405235,-274.9838536544473,-275.35973445913294,-7.746630286076254,-0.3758808046856643,-17.746630286076254,M0,M0,False,52.21150016254046,formal_m1_center_not_selected,-27.78849983745954,27.78849983745954,-0.34735624796824427,0.34735624796824427
NWS001547,NW039_QPP_N090_P080_A0_Q040,NWP_A0_S26_P080,NWB_A0_S26,STATIONARY_QPP_PRESENT,90,1780.0,0.0,80.0,0.04,26,0,VALID,-279.5111594294238,-271.948788184276,-272.8890463215978,-7.562371245147801,-0.9402581373217913,-17.5623712451478,M0,M0,False,113.11258810699621,formal_m1_center_not_selected,33.11258810699621,33.11258810699621,0.41390735133745266,0.41390735133745266
NWS001548,NW039_QPP_N090_P080_A0_Q040,NWP_A0_S27_P080,NWB_A0_S27,STATIONARY_QPP_PRESENT,90,1780.0,0.0,80.0,0.04,27,0,VALID,-282.6754992743084,-285.70278005066757,-275.6818507266624,3.0272807763591913,10.02092932400518,-6.972719223640809,M0,M1,False,90.25619166871716,formal_m1_center_not_selected,10.256191668717165,10.256191668717165,0.12820239585896456,0.12820239585896456
NWS001549,NW039_QPP_N090_P080_A0_Q040,NWP_A0_S28_P080,NWB_A0_S28,STATIONARY_QPP_PRESENT,90,1780.0,0.0,80.0,0.04,28,0,VALID,-274.29986955369185,-270.8335952687494,-267.22256482567684,-3.4662742849424717,3.6110304430725364,-13.466274284942472,M0,M0,False,118.37017817139365,formal_m1_center_not_selected,38.37017817139365,38.37017817139365,0.47962722714242056,0.47962722714242056
NWS001550,NW039_QPP_N090_P080_A0_Q040,NWP_A0_S29_P080,NWB_A0_S29,STATIONARY_QPP_PRESENT,90,1780.0,0.0,80.0,0.04,29,0,VALID,-261.7091702187994,-253.22890333951486,-254.1665797072776,-8.480266879284528,-0.937676367762748,-18.480266879284528,M0,M0,False,41.645495963393486,formal_m1_center_not_selected,-38.354504036606514,38.354504036606514,-0.4794313004575814,0.4794313004575814
NWS001551,NW039_QPP_N090_P080_A0_Q040,NWP_A0_S30_P080,NWB_A0_S30,STATIONARY_QPP_PRESENT,90,1780.0,0.0,80.0,0.04,30,0,VALID,-273.2191642682151,-264.4978458023758,-265.7898275556306,-8.72131846583926,-1.2919817532547881,-18.72131846583926,M0,M0,False,95.31985957181215,formal_m1_center_not_selected,15.319859571812145,15.319859571812145,0.1914982446476518,0.1914982446476518
NWS001552,NW039_QPP_N090_P080_A0_Q040,NWP_A0_S31_P080,NWB_A0_S31,STATIONARY_QPP_PRESENT,90,1780.0,0.0,80.0,0.04,31,0,VALID,-249.51927701339946,-244.9947641748964,-242.4108579001064,-4.524512838503057,2.583906274789996,-14.524512838503057,M0,M0,False,82.25688584968273,formal_m1_center_not_selected,2.2568858496827318,2.2568858496827318,0.028211073121034148,0.028211073121034148
NWS001553,NW039_QPP_N090_P080_A0_Q040,NWP_A0_S32_P080,NWB_A0_S32,STATIONARY_QPP_PRESENT,90,1780.0,0.0,80.0,0.04,32,0,VALID,-261.9287618344217,-261.3163764972524,-254.6478940594394,-0.6123853371693144,6.668482437812997,-10.612385337169314,M0,M0,False,57.54067228222371,formal_m1_center_not_selected,-22.45932771777629,22.45932771777629,-0.28074159647220365,0.28074159647220365
NWS001554,NW039_QPP_N090_P080_A0_Q040,NWP_A0_S33_P080,NWB_A0_S33,STATIONARY_QPP_PRESENT,90,1780.0,0.0,80.0,0.04,33,0,VALID,-267.7011098774542,-262.3633228989686,-260.6657375548249,-5.33778697848561,1.6975853441437039,-15.33778697848561,M0,M0,False,47.34453875074859,formal_m1_center_not_selected,-32.65546124925141,32.65546124925141,-0.4081932656156426,0.4081932656156426
NWS001555,NW039_QPP_N090_P080_A0_Q040,NWP_A0_S34_P080,NWB_A0_S34,STATIONARY_QPP_PRESENT,90,1780.0,0.0,80.0,0.04,34,0,VALID,-286.4395147767517,-282.63885753213316,-279.4943445071982,-3.8006572446185487,3.1445130249349518,-13.800657244618549,M0,M0,False,58.84819469090848,formal_m1_center_not_selected,-21.15180530909152,21.15180530909152,-0.26439756636364403,0.26439756636364403
NWS001556,NW039_QPP_N090_P080_A0_Q040,NWP_A0_S35_P080,NWB_A0_S35,STATIONARY_QPP_PRESENT,90,1780.0,0.0,80.0,0.04,35,0,VALID,-299.8428341283941,-292.67643181035993,-292.3493059204142,-7.166402318034159,0.32712588994570524,-17.16640231803416,M0,M0,False,123.18264717347802,formal_m1_center_not_selected,43.18264717347802,43.18264717347802,0.5397830896684752,0.5397830896684752
NWS001557,NW039_QPP_N090_P080_A0_Q040,NWP_A0_S36_P080,NWB_A0_S36,STATIONARY_QPP_PRESENT,90,1780.0,0.0,80.0,0.04,36,0,VALID,-268.6804857411762,-263.93366649239846,-261.41872159469096,-4.74681924877774,2.514944897707494,-14.74681924877774,M0,M0,False,118.60856941590423,formal_m1_center_not_selected,38.60856941590423,38.60856941590423,0.4826071176988028,0.4826071176988028
NWS001558,NW039_QPP_N090_P080_A0_Q040,NWP_A0_S37_P080,NWB_A0_S37,STATIONARY_QPP_PRESENT,90,1780.0,0.0,80.0,0.04,37,0,VALID,-253.66862915899537,-252.88628799752118,-246.4246678833016,-0.7823411614741929,6.461620114219585,-10.782341161474193,M0,M0,False,64.61730207030128,formal_m1_center_not_selected,-15.382697929698722,15.382697929698722,-0.192283724121234,0.192283724121234
NWS001559,NW039_QPP_N090_P080_A0_Q040,NWP_A0_S38_P080,NWB_A0_S38,STATIONARY_QPP_PRESENT,90,1780.0,0.0,80.0,0.04,38,0,VALID,-265.33245904572055,-258.1700877606093,-258.27454364432447,-7.162371285111249,-0.10445588371516124,-17.16237128511125,M0,M0,False,153.2328780337293,formal_m1_center_not_selected,73.23287803372929,73.23287803372929,0.9154109754216162,0.9154109754216162
NWS001560,NW039_QPP_N090_P080_A0_Q040,NWP_A0_S39_P080,NWB_A0_S39,STATIONARY_QPP_PRESENT,90,1780.0,0.0,80.0,0.04,39,0,VALID,-271.3887077697879,-264.25696010215,-264.2828313883505,-7.13174766763791,-0.025871286200469967,-17.13174766763791,M0,M0,False,80.35798255036926,formal_m1_center_not_selected,0.3579825503692575,0.3579825503692575,0.004474781879615719,0.004474781879615719
NWS001561,NW040_NULL_N090_A1,NWP_A1_S00_NULL,NWB_A1_S00,NULL_FLARE_RED_NOISE,90,1780.0,1.0,,,0,0,VALID,-366.3926253205594,-359.8260095649078,-362.2923895328245,-6.566615755651583,-2.46637996791668,-16.566615755651583,M0,M0,False,83.93243543594303,,,,,
NWS001562,NW040_NULL_N090_A1,NWP_A1_S01_NULL,NWB_A1_S01,NULL_FLARE_RED_NOISE,90,1780.0,1.0,,,1,0,VALID,-310.03397881083623,-310.00223760339827,-302.67763822992447,-0.031741207437960384,7.324599373473802,-10.03174120743796,M0,M0,False,65.68669803285061,,,,,
NWS001563,NW040_NULL_N090_A1,NWP_A1_S02_NULL,NWB_A1_S02,NULL_FLARE_RED_NOISE,90,1780.0,1.0,,,2,0,VALID,-335.25081226925874,-326.8974755733171,-329.80752820608666,-8.353336695941664,-2.9100526327695775,-18.353336695941664,M0,M0,False,56.70346307203691,,,,,
NWS001564,NW040_NULL_N090_A1,NWP_A1_S03_NULL,NWB_A1_S03,NULL_FLARE_RED_NOISE,90,1780.0,1.0,,,3,0,VALID,-328.5166274620863,-320.52840500654594,-321.39711206122365,-7.988222455540381,-0.8687070546777136,-17.98822245554038,M0,M0,False,109.65754683237641,,,,,
NWS001565,NW040_NULL_N090_A1,NWP_A1_S04_NULL,NWB_A1_S04,NULL_FLARE_RED_NOISE,90,1780.0,1.0,,,4,0,VALID,-341.5180152645899,-331.2849223935922,-333.9893208441764,-10.233092870997723,-2.704398450584222,-20.233092870997723,M0,M0,False,205.20506322344008,,,,,
NWS001566,NW040_NULL_N090_A1,NWP_A1_S05_NULL,NWB_A1_S05,NULL_FLARE_RED_NOISE,90,1780.0,1.0,,,5,0,VALID,-322.32140585881695,-318.30933864468494,-316.4958530627225,-4.012067214132003,1.813485581962425,-14.012067214132003,M0,M0,False,88.93806673975189,,,,,
NWS001567,NW040_NULL_N090_A1,NWP_A1_S06_NULL,NWB_A1_S06,NULL_FLARE_RED_NOISE,90,1780.0,1.0,,,6,0,VALID,-372.8670539584788,-367.9737110606523,-367.3178185184499,-4.8933428978264715,0.6558925422024231,-14.893342897826471,M0,M0,False,96.89318563253858,,,,,
NWS001568,NW040_NULL_N090_A1,NWP_A1_S07_NULL,NWB_A1_S07,NULL_FLARE_RED_NOISE,90,1780.0,1.0,,,7,0,VALID,-335.28278859094667,-331.4836530477143,-328.6023072999071,-3.799135543232353,2.881345747807188,-13.799135543232353,M0,M0,False,64.2208432900033,,,,,
NWS001569,NW040_NULL_N090_A1,NWP_A1_S08_NULL,NWB_A1_S08,NULL_FLARE_RED_NOISE,90,1780.0,1.0,,,8,0,VALID,-363.9913080210775,-358.4342333718443,-357.99939597553737,-5.557074649233186,0.4348373963069321,-15.557074649233186,M0,M0,False,78.86585081385707,,,,,
NWS001570,NW040_NULL_N090_A1,NWP_A1_S09_NULL,NWB_A1_S09,NULL_FLARE_RED_NOISE,90,1780.0,1.0,,,9,0,VALID,-331.59124025577887,-328.05992290952065,-324.2746017870899,-3.53131734625822,3.78532112243073,-13.53131734625822,M0,M0,False,55.17921717448795,,,,,
NWS001571,NW040_NULL_N090_A1,NWP_A1_S10_NULL,NWB_A1_S10,NULL_FLARE_RED_NOISE,90,1780.0,1.0,,,10,0,VALID,-345.2304522551633,-343.4984365722746,-339.04629138599563,-1.7320156828886866,4.452145186278983,-11.732015682888687,M0,M0,False,208.4634279641303,,,,,
NWS001572,NW040_NULL_N090_A1,NWP_A1_S11_NULL,NWB_A1_S11,NULL_FLARE_RED_NOISE,90,1780.0,1.0,,,11,0,VALID,-402.16040134026497,-393.72963942969665,-396.4318908778271,-8.430761910568322,-2.7022514481304256,-18.43076191056832,M0,M0,False,133.97914004498531,,,,,
NWS001573,NW040_NULL_N090_A1,NWP_A1_S12_NULL,NWB_A1_S12,NULL_FLARE_RED_NOISE,90,1780.0,1.0,,,12,0,VALID,-335.95173445825236,-331.3929792710908,-329.3944769235781,-4.55875518716158,1.9985023475126695,-14.55875518716158,M0,M0,False,197.63291133092866,,,,,
NWS001574,NW040_NULL_N090_A1,NWP_A1_S13_NULL,NWB_A1_S13,NULL_FLARE_RED_NOISE,90,1780.0,1.0,,,13,0,VALID,-314.57540506572843,-322.57883838832777,-308.7521244248334,8.003433322599335,13.826713963494342,-1.996566677400665,M0,M1,False,60.85617266869888,,,,,
NWS001575,NW040_NULL_N090_A1,NWP_A1_S14_NULL,NWB_A1_S14,NULL_FLARE_RED_NOISE,90,1780.0,1.0,,,14,0,VALID,-345.0924360597599,-343.303230685741,-343.29914303629346,-1.7892053740188771,0.0040876494475696745,-11.789205374018877,M0,M0,False,85.80058588183591,,,,,
NWS001576,NW040_NULL_N090_A1,NWP_A1_S15_NULL,NWB_A1_S15,NULL_FLARE_RED_NOISE,90,1780.0,1.0,,,15,0,VALID,-381.2873820693735,-375.6826390941178,-374.1207052503446,-5.604742975255704,1.561933843773204,-15.604742975255704,M0,M0,False,67.68867778195683,,,,,
NWS001577,NW040_NULL_N090_A1,NWP_A1_S16_NULL,NWB_A1_S16,NULL_FLARE_RED_NOISE,90,1780.0,1.0,,,16,0,VALID,-285.34554342071067,-278.50066539279004,-280.2644949761991,-6.844878027920629,-1.7638295834090627,-16.84487802792063,M0,M0,False,114.97536420908044,,,,,
NWS001578,NW040_NULL_N090_A1,NWP_A1_S17_NULL,NWB_A1_S17,NULL_FLARE_RED_NOISE,90,1780.0,1.0,,,17,0,VALID,-307.9580128262119,-301.6159980658886,-301.75849964029146,-6.342014760323309,-0.14250157440284283,-16.34201476032331,M0,M0,False,85.84225051249805,,,,,
NWS001579,NW040_NULL_N090_A1,NWP_A1_S18_NULL,NWB_A1_S18,NULL_FLARE_RED_NOISE,90,1780.0,1.0,,,18,0,VALID,-373.3387595349903,-363.96366892964016,-366.24667711136584,-9.375090605350124,-2.283008181725677,-19.375090605350124,M0,M0,False,59.19258862455728,,,,,
NWS001580,NW040_NULL_N090_A1,NWP_A1_S19_NULL,NWB_A1_S19,NULL_FLARE_RED_NOISE,90,1780.0,1.0,,,19,0,VALID,-354.91658022253165,-348.56120133638,-347.82762468940837,-6.355378886151641,0.7335766469716418,-16.35537888615164,M0,M0,False,119.8187420973495,,,,,
NWS001581,NW040_NULL_N090_A1,NWP_A1_S20_NULL,NWB_A1_S20,NULL_FLARE_RED_NOISE,90,1780.0,1.0,,,20,0,VALID,-358.24893814225715,-356.7368072281453,-356.36502061496356,-1.5121309141118218,0.37178661318176864,-11.512130914111822,M0,M0,False,116.44727272313432,,,,,
NWS001582,NW040_NULL_N090_A1,NWP_A1_S21_NULL,NWB_A1_S21,NULL_FLARE_RED_NOISE,90,1780.0,1.0,,,21,0,VALID,-318.7209951086133,-317.27839014850537,-312.72029623428045,-1.4426049601079285,4.558093914224912,-11.442604960107928,M0,M0,False,99.49007108825181,,,,,
NWS001583,NW040_NULL_N090_A1,NWP_A1_S22_NULL,NWB_A1_S22,NULL_FLARE_RED_NOISE,90,1780.0,1.0,,,22,0,VALID,-292.8549787800358,-296.9192723804558,-287.19816309308317,4.064293600420001,9.721109287372656,-5.935706399579999,M0,M1,False,81.25658940983566,,,,,
NWS001584,NW040_NULL_N090_A1,NWP_A1_S23_NULL,NWB_A1_S23,NULL_FLARE_RED_NOISE,90,1780.0,1.0,,,23,0,VALID,-387.93540813430417,-381.0321080637582,-380.70240663814644,-6.903300070545981,0.329701425611745,-16.90330007054598,M0,M0,False,49.2135761223149,,,,,
NWS001585,NW040_NULL_N090_A1,NWP_A1_S24_NULL,NWB_A1_S24,NULL_FLARE_RED_NOISE,90,1780.0,1.0,,,24,0,VALID,-337.0373648535315,-340.2397719813576,-334.1383642611439,3.2024071278260635,6.101407720213672,-6.7975928721739365,M0,M1,False,90.43724019160841,,,,,
NWS001586,NW040_NULL_N090_A1,NWP_A1_S25_NULL,NWB_A1_S25,NULL_FLARE_RED_NOISE,90,1780.0,1.0,,,25,0,VALID,-364.93820449889853,-359.1213888047602,-358.5356332799925,-5.816815694138313,0.5857555247677055,-15.816815694138313,M0,M0,False,158.9731868430112,,,,,
NWS001587,NW040_NULL_N090_A1,NWP_A1_S26_NULL,NWB_A1_S26,NULL_FLARE_RED_NOISE,90,1780.0,1.0,,,26,0,VALID,-316.11668884127334,-310.1226886445426,-309.72903919975397,-5.994000196730724,0.39364944478865027,-15.994000196730724,M0,M0,False,108.25699972508748,,,,,
NWS001588,NW040_NULL_N090_A1,NWP_A1_S27_NULL,NWB_A1_S27,NULL_FLARE_RED_NOISE,90,1780.0,1.0,,,27,0,VALID,-326.49482468626024,-318.3956757888768,-320.0952088024289,-8.09914889738343,-1.6995330135520703,-18.09914889738343,M0,M0,False,51.88799437161321,,,,,
NWS001589,NW040_NULL_N090_A1,NWP_A1_S28_NULL,NWB_A1_S28,NULL_FLARE_RED_NOISE,90,1780.0,1.0,,,28,0,VALID,-340.68727863343895,-333.45789470755324,-334.5252543774502,-7.229383925885713,-1.0673596698969732,-17.229383925885713,M0,M0,False,48.37218631670254,,,,,
NWS001590,NW040_NULL_N090_A1,NWP_A1_S29_NULL,NWB_A1_S29,NULL_FLARE_RED_NOISE,90,1780.0,1.0,,,29,0,VALID,-355.7825918164137,-356.6146466186392,-354.52386380128013,0.8320548022255139,2.09078281735907,-9.167945197774486,M0,M1,False,64.56413890664297,,,,,
NWS001591,NW040_NULL_N090_A1,NWP_A1_S30_NULL,NWB_A1_S30,NULL_FLARE_RED_NOISE,90,1780.0,1.0,,,30,0,VALID,-307.4453639753148,-305.83217242320495,-302.563997157431,-1.6131915521098676,3.268175265773948,-11.613191552109868,M0,M0,False,88.7703974812338,,,,,
NWS001592,NW040_NULL_N090_A1,NWP_A1_S31_NULL,NWB_A1_S31,NULL_FLARE_RED_NOISE,90,1780.0,1.0,,,31,0,VALID,-318.1801247888391,-313.262055242705,-311.107644483072,-4.91806954613412,2.154410759632981,-14.91806954613412,M0,M0,False,62.36676919794928,,,,,
NWS001593,NW040_NULL_N090_A1,NWP_A1_S32_NULL,NWB_A1_S32,NULL_FLARE_RED_NOISE,90,1780.0,1.0,,,32,0,VALID,-332.54842613613863,-325.24176685262034,-326.0640314823421,-7.306659283518286,-0.822264629721758,-17.306659283518286,M0,M0,False,86.05250110789046,,,,,
NWS001594,NW040_NULL_N090_A1,NWP_A1_S33_NULL,NWB_A1_S33,NULL_FLARE_RED_NOISE,90,1780.0,1.0,,,33,0,VALID,-375.39641400895914,-368.99693224965836,-368.7744987473584,-6.399481759300784,0.22243350229996395,-16.399481759300784,M0,M0,False,284.4138141654974,,,,,
NWS001595,NW040_NULL_N090_A1,NWP_A1_S34_NULL,NWB_A1_S34,NULL_FLARE_RED_NOISE,90,1780.0,1.0,,,34,0,VALID,-364.32479943318094,-361.6236134296482,-359.637668735207,-2.7011860035327686,1.985944694441173,-12.701186003532769,M0,M0,False,150.04977313691901,,,,,
NWS001596,NW040_NULL_N090_A1,NWP_A1_S35_NULL,NWB_A1_S35,NULL_FLARE_RED_NOISE,90,1780.0,1.0,,,35,0,VALID,-332.0703291526369,-323.7574651970323,-325.4142310183153,-8.312863955604598,-1.6567658212830452,-18.3128639556046,M0,M0,False,72.89374449709179,,,,,
NWS001597,NW040_NULL_N090_A1,NWP_A1_S36_NULL,NWB_A1_S36,NULL_FLARE_RED_NOISE,90,1780.0,1.0,,,36,0,VALID,-312.8257720712283,-305.0805965043086,-306.9936887010898,-7.745175566919727,-1.9130921967812355,-17.745175566919727,M0,M0,False,75.43562766460668,,,,,
NWS001598,NW040_NULL_N090_A1,NWP_A1_S37_NULL,NWB_A1_S37,NULL_FLARE_RED_NOISE,90,1780.0,1.0,,,37,0,VALID,-355.73644410898567,-350.7168082906481,-349.64125078520493,-5.019635818337576,1.0755575054431574,-15.019635818337576,M0,M0,False,299.99999999999994,,,,,
NWS001599,NW040_NULL_N090_A1,NWP_A1_S38_NULL,NWB_A1_S38,NULL_FLARE_RED_NOISE,90,1780.0,1.0,,,38,0,VALID,-368.29782215602967,-376.40869099434155,-366.0947029736461,8.110868838311887,10.313988020695433,-1.8891311616881126,M0,M1,False,91.10401652323453,,,,,
NWS001600,NW040_NULL_N090_A1,NWP_A1_S39_NULL,NWB_A1_S39,NULL_FLARE_RED_NOISE,90,1780.0,1.0,,,39,0,VALID,-307.81640616773876,-302.79733225234844,-304.73088612211984,-5.019073915390322,-1.9335538697714014,-15.019073915390322,M0,M0,False,141.5311376307752,,,,,
NWS001601,NW041_QPP_N090_P050_A1_Q040,NWP_A1_S00_P050,NWB_A1_S00,STATIONARY_QPP_PRESENT,90,1780.0,1.0,50.0,0.04,0,0,VALID,-366.0527054773023,-359.6012122527134,-362.0013360680944,-6.451493224588887,-2.4001238153809936,-16.451493224588887,M0,M0,False,168.84630562812907,formal_m1_center_not_selected,118.84630562812907,118.84630562812907,2.3769261125625816,2.3769261125625816
NWS001602,NW041_QPP_N090_P050_A1_Q040,NWP_A1_S01_P050,NWB_A1_S01,STATIONARY_QPP_PRESENT,90,1780.0,1.0,50.0,0.04,1,0,VALID,-310.2480538742145,-309.90133600050285,-302.85041812090424,-0.3467178737116683,7.0509178795986145,-10.346717873711668,M0,M0,False,65.68685701990721,formal_m1_center_not_selected,15.686857019907208,15.686857019907208,0.31373714039814415,0.31373714039814415
NWS001603,NW041_QPP_N090_P050_A1_Q040,NWP_A1_S02_P050,NWB_A1_S02,STATIONARY_QPP_PRESENT,90,1780.0,1.0,50.0,0.04,2,0,VALID,-335.0903644696171,-326.25855664467485,-329.57195071453725,-8.831807824942246,-3.3133940698623974,-18.831807824942246,M0,M0,False,56.918927720057205,formal_m1_center_not_selected,6.918927720057205,6.918927720057205,0.1383785544011441,0.1383785544011441
NWS001604,NW041_QPP_N090_P050_A1_Q040,NWP_A1_S03_P050,NWB_A1_S03,STATIONARY_QPP_PRESENT,90,1780.0,1.0,50.0,0.04,3,0,VALID,-328.79693941773996,-320.8118749100941,-321.67457355708075,-7.985064507645859,-0.8626986469866438,-17.98506450764586,M0,M0,False,109.6602909355588,formal_m1_center_not_selected,59.660290935558805,59.660290935558805,1.193205818711176,1.193205818711176
NWS001605,NW041_QPP_N090_P050_A1_Q040,NWP_A1_S04_P050,NWB_A1_S04,STATIONARY_QPP_PRESENT,90,1780.0,1.0,50.0,0.04,4,0,VALID,-341.60329282382435,-331.3763465502564,-334.18784310274543,-10.226946273567933,-2.811496552489018,-20.226946273567933,M0,M0,False,205.25999977887847,formal_m1_center_not_selected,155.25999977887847,155.25999977887847,3.1051999955775695,3.1051999955775695
NWS001606,NW041_QPP_N090_P050_A1_Q040,NWP_A1_S05_P050,NWB_A1_S05,STATIONARY_QPP_PRESENT,90,1780.0,1.0,50.0,0.04,5,0,VALID,-321.7294561886677,-317.49195982796317,-317.64354791326537,-4.23749636070454,-0.15158808530219403,-14.23749636070454,M0,M0,False,88.93029127413864,formal_m1_center_not_selected,38.93029127413864,38.93029127413864,0.7786058254827728,0.7786058254827728
NWS001607,NW041_QPP_N090_P050_A1_Q040,NWP_A1_S06_P050,NWB_A1_S06,STATIONARY_QPP_PRESENT,90,1780.0,1.0,50.0,0.04,6,0,VALID,-372.5106157736337,-367.50002780130626,-366.7763786220567,-5.010587972327414,0.7236491792495485,-15.010587972327414,M0,M0,False,96.89957411893506,formal_m1_center_not_selected,46.899574118935064,46.899574118935064,0.9379914823787012,0.9379914823787012
NWS001608,NW041_QPP_N090_P050_A1_Q040,NWP_A1_S07_P050,NWB_A1_S07,STATIONARY_QPP_PRESENT,90,1780.0,1.0,50.0,0.04,7,0,VALID,-334.87838310815977,-331.28059029432563,-328.2428471486436,-3.5977928138341326,3.037743145682043,-13.597792813834133,M0,M0,False,64.08788240887988,formal_m1_center_not_selected,14.087882408879878,14.087882408879878,0.2817576481775976,0.2817576481775976
NWS001609,NW041_QPP_N090_P050_A1_Q040,NWP_A1_S08_P050,NWB_A1_S08,STATIONARY_QPP_PRESENT,90,1780.0,1.0,50.0,0.04,8,0,VALID,-363.66505125563833,-358.0600762542171,-357.6753699824808,-5.604975001421224,0.3847062717363201,-15.604975001421224,M0,M0,False,77.27316223397084,formal_m1_center_not_selected,27.273162233970837,27.273162233970837,0.5454632446794168,0.5454632446794168
NWS001610,NW041_QPP_N090_P050_A1_Q040,NWP_A1_S09_P050,NWB_A1_S09,STATIONARY_QPP_PRESENT,90,1780.0,1.0,50.0,0.04,9,0,VALID,-331.8762264424412,-328.5422930207285,-324.5643591661881,-3.333933421712686,3.9779338545403675,-13.333933421712686,M0,M0,False,55.125925083825386,formal_m1_center_not_selected,5.125925083825386,5.125925083825386,0.10251850167650772,0.10251850167650772
NWS001611,NW041_QPP_N090_P050_A1_Q040,NWP_A1_S10_P050,NWB_A1_S10,STATIONARY_QPP_PRESENT,90,1780.0,1.0,50.0,0.04,10,0,VALID,-344.7918072584577,-343.1072435191677,-337.8191746587881,-1.684563739290013,5.28806886037961,-11.684563739290013,M0,M0,False,208.46645711645635,formal_m1_center_not_selected,158.46645711645635,158.46645711645635,3.169329142329127,3.169329142329127
NWS001612,NW041_QPP_N090_P050_A1_Q040,NWP_A1_S11_P050,NWB_A1_S11,STATIONARY_QPP_PRESENT,90,1780.0,1.0,50.0,0.04,11,0,VALID,-400.9021884698885,-392.4234836212427,-395.20467879877714,-8.478704848645748,-2.781195177534414,-18.478704848645748,M0,M0,False,133.9996982860012,formal_m1_center_not_selected,83.9996982860012,83.9996982860012,1.679993965720024,1.679993965720024
NWS001613,NW041_QPP_N090_P050_A1_Q040,NWP_A1_S12_P050,NWB_A1_S12,STATIONARY_QPP_PRESENT,90,1780.0,1.0,50.0,0.04,12,0,VALID,-335.98851777749354,-331.432515583715,-329.43511309970893,-4.556002193778568,1.9974024840060451,-14.556002193778568,M0,M0,False,197.62267527055837,formal_m1_center_not_selected,147.62267527055837,147.62267527055837,2.9524535054111674,2.9524535054111674
NWS001614,NW041_QPP_N090_P050_A1_Q040,NWP_A1_S13_P050,NWB_A1_S13,STATIONARY_QPP_PRESENT,90,1780.0,1.0,50.0,0.04,13,0,VALID,-314.66829728894817,-323.23812802746176,-308.7074698443559,8.569830738513588,14.530658183105857,-1.4301692614864123,M0,M1,False,68.69461759129051,formal_m1_center_not_selected,18.69461759129051,18.69461759129051,0.37389235182581015,0.37389235182581015
NWS001615,NW041_QPP_N090_P050_A1_Q040,NWP_A1_S14_P050,NWB_A1_S14,STATIONARY_QPP_PRESENT,90,1780.0,1.0,50.0,0.04,14,0,VALID,-344.4007253219325,-342.6573242224326,-342.5808030256055,-1.7434010994999198,0.07652119682705916,-11.74340109949992,M0,M0,False,85.55589121189438,formal_m1_center_not_selected,35.55589121189438,35.55589121189438,0.7111178242378875,0.7111178242378875
NWS001616,NW041_QPP_N090_P050_A1_Q040,NWP_A1_S15_P050,NWB_A1_S15,STATIONARY_QPP_PRESENT,90,1780.0,1.0,50.0,0.04,15,0,VALID,-379.69120020076673,-373.82814290883647,-372.50361829409906,-5.863057291930261,1.3245246147374132,-15.86305729193026,M0,M0,False,67.22134397502754,formal_m1_center_not_selected,17.221343975027537,17.221343975027537,0.34442687950055073,0.34442687950055073
NWS001617,NW041_QPP_N090_P050_A1_Q040,NWP_A1_S16_P050,NWB_A1_S16,STATIONARY_QPP_PRESENT,90,1780.0,1.0,50.0,0.04,16,0,VALID,-284.56209523603235,-277.7031105230548,-279.46489706412956,-6.858984712977531,-1.7617865410747413,-16.85898471297753,M0,M0,False,114.96552981439952,formal_m1_center_not_selected,64.96552981439952,64.96552981439952,1.2993105962879903,1.2993105962879903
NWS001618,NW041_QPP_N090_P050_A1_Q040,NWP_A1_S17_P050,NWB_A1_S17,STATIONARY_QPP_PRESENT,90,1780.0,1.0,50.0,0.04,17,0,VALID,-307.14027757094067,-300.7581534078386,-300.93522350766756,-6.382124163102048,-0.1770700998289385,-16.38212416310205,M0,M0,False,85.83822362929563,formal_m1_center_not_selected,35.838223629295626,35.838223629295626,0.7167644725859126,0.7167644725859126
NWS001619,NW041_QPP_N090_P050_A1_Q040,NWP_A1_S18_P050,NWB_A1_S18,STATIONARY_QPP_PRESENT,90,1780.0,1.0,50.0,0.04,18,0,VALID,-372.8548510656963,-363.47248254150577,-365.70405812290454,-9.382368524190554,-2.231575581398772,-19.382368524190554,M0,M0,False,203.49976735889717,formal_m1_center_not_selected,153.49976735889717,153.49976735889717,3.0699953471779433,3.0699953471779433
NWS001620,NW041_QPP_N090_P050_A1_Q040,NWP_A1_S19_P050,NWB_A1_S19,STATIONARY_QPP_PRESENT,90,1780.0,1.0,50.0,0.04,19,0,VALID,-354.05264719943244,-347.6534031313798,-346.98945172002806,-6.399244068052667,0.663951411351718,-16.399244068052667,M0,M0,False,119.82624979339819,formal_m1_center_not_selected,69.82624979339819,69.82624979339819,1.3965249958679637,1.3965249958679637
NWS001621,NW041_QPP_N090_P050_A1_Q040,NWP_A1_S20_P050,NWB_A1_S20,STATIONARY_QPP_PRESENT,90,1780.0,1.0,50.0,0.04,20,0,VALID,-356.73081870791736,-355.06410373434716,-354.6436101335168,-1.6667149735702083,0.4204936008303548,-11.666714973570208,M0,M0,False,116.40333503766851,formal_m1_center_not_selected,66.40333503766851,66.40333503766851,1.3280667007533702,1.3280667007533702
NWS001622,NW041_QPP_N090_P050_A1_Q040,NWP_A1_S21_P050,NWB_A1_S21,STATIONARY_QPP_PRESENT,90,1780.0,1.0,50.0,0.04,21,0,VALID,-318.1406355113351,-308.519291966162,-312.9850420110777,-9.621343545173147,-4.465750044915751,-19.621343545173147,M0,M0,False,209.0413289729787,formal_m1_center_not_selected,159.0413289729787,159.0413289729787,3.1808265794595743,3.1808265794595743
NWS001623,NW041_QPP_N090_P050_A1_Q040,NWP_A1_S22_P050,NWB_A1_S22,STATIONARY_QPP_PRESENT,90,1780.0,1.0,50.0,0.04,22,0,VALID,-293.280594195349,-297.2568268708217,-287.5742689117692,3.9762326754727155,9.68255795905253,-6.0237673245272845,M0,M1,False,81.2593102483459,formal_m1_center_not_selected,31.259310248345898,31.259310248345898,0.6251862049669179,0.6251862049669179
NWS001624,NW041_QPP_N090_P050_A1_Q040,NWP_A1_S23_P050,NWB_A1_S23,STATIONARY_QPP_PRESENT,90,1780.0,1.0,50.0,0.04,23,0,VALID,-387.9701005252843,-380.8658081931253,-380.92852370830525,-7.104292332158991,-0.06271551517994567,-17.10429233215899,M0,M0,False,49.16676514421375,formal_m1_center_not_selected,-0.8332348557862517,0.8332348557862517,-0.016664697115725033,0.016664697115725033
NWS001625,NW041_QPP_N090_P050_A1_Q040,NWP_A1_S24_P050,NWB_A1_S24,STATIONARY_QPP_PRESENT,90,1780.0,1.0,50.0,0.04,24,0,VALID,-336.5041145549314,-339.7851206885042,-333.57087778756926,3.2810061335728165,6.2142429009349485,-6.7189938664271835,M0,M1,False,90.28047571171614,formal_m1_center_not_selected,40.280475711716136,40.280475711716136,0.8056095142343227,0.8056095142343227
NWS001626,NW041_QPP_N090_P050_A1_Q040,NWP_A1_S25_P050,NWB_A1_S25,STATIONARY_QPP_PRESENT,90,1780.0,1.0,50.0,0.04,25,0,VALID,-364.432260179155,-358.57757360726674,-358.017787124924,-5.854686571888237,0.5597864823427585,-15.854686571888237,M0,M0,False,159.0271342001061,formal_m1_center_not_selected,109.0271342001061,109.0271342001061,2.180542684002122,2.180542684002122
NWS001627,NW041_QPP_N090_P050_A1_Q040,NWP_A1_S26_P050,NWB_A1_S26,STATIONARY_QPP_PRESENT,90,1780.0,1.0,50.0,0.04,26,0,VALID,-316.56289566569654,-310.5827015985491,-310.1677881869257,-5.980194067147465,0.41491341162338813,-15.980194067147465,M0,M0,False,108.26165969984379,formal_m1_center_not_selected,58.26165969984379,58.26165969984379,1.1652331939968759,1.1652331939968759
NWS001628,NW041_QPP_N090_P050_A1_Q040,NWP_A1_S27_P050,NWB_A1_S27,STATIONARY_QPP_PRESENT,90,1780.0,1.0,50.0,0.04,27,0,VALID,-325.78609012826263,-317.7658120242111,-319.4042934444684,-8.020278104051556,-1.6384814202573352,-18.020278104051556,M0,M0,False,51.61760985208374,formal_m1_center_not_selected,1.6176098520837385,1.6176098520837385,0.032352197041674774,0.032352197041674774
NWS001629,NW041_QPP_N090_P050_A1_Q040,NWP_A1_S28_P050,NWB_A1_S28,STATIONARY_QPP_PRESENT,90,1780.0,1.0,50.0,0.04,28,0,VALID,-338.637099153767,-331.7201146977255,-332.47358208449776,-6.916984456041519,-0.7534673867722859,-16.91698445604152,M0,M0,False,48.71608246242134,formal_m1_center_not_selected,-1.2839175375786596,1.2839175375786596,-0.02567835075157319,0.02567835075157319
NWS001630,NW041_QPP_N090_P050_A1_Q040,NWP_A1_S29_P050,NWB_A1_S29,STATIONARY_QPP_PRESENT,90,1780.0,1.0,50.0,0.04,29,0,VALID,-355.0918514761329,-354.26738683147624,-353.5925501455012,-0.8244646446566435,0.6748366859750377,-10.824464644656643,M0,M0,False,64.44463188229058,formal_m1_center_not_selected,14.44463188229058,14.44463188229058,0.2888926376458116,0.2888926376458116
NWS001631,NW041_QPP_N090_P050_A1_Q040,NWP_A1_S30_P050,NWB_A1_S30,STATIONARY_QPP_PRESENT,90,1780.0,1.0,50.0,0.04,30,0,VALID,-306.88214278433503,-305.29407368760775,-302.0083791458189,-1.5880690967272812,3.285694541788871,-11.588069096727281,M0,M0,False,88.76432687334386,formal_m1_center_not_selected,38.76432687334386,38.76432687334386,0.7752865374668773,0.7752865374668773
NWS001632,NW041_QPP_N090_P050_A1_Q040,NWP_A1_S31_P050,NWB_A1_S31,STATIONARY_QPP_PRESENT,90,1780.0,1.0,50.0,0.04,31,0,VALID,-317.8334096433499,-312.77510935063384,-310.7550053250442,-5.058300292716069,2.02010402558966,-15.05830029271607,M0,M0,False,62.33427050870909,formal_m1_center_not_selected,12.33427050870909,12.33427050870909,0.24668541017418177,0.24668541017418177
NWS001633,NW041_QPP_N090_P050_A1_Q040,NWP_A1_S32_P050,NWB_A1_S32,STATIONARY_QPP_PRESENT,90,1780.0,1.0,50.0,0.04,32,0,VALID,-332.3725842060929,-324.9796780930465,-325.844421551307,-7.392906113046365,-0.8647434582604774,-17.392906113046365,M0,M0,False,86.05584598541921,formal_m1_center_not_selected,36.05584598541921,36.05584598541921,0.7211169197083842,0.7211169197083842
NWS001634,NW041_QPP_N090_P050_A1_Q040,NWP_A1_S33_P050,NWB_A1_S33,STATIONARY_QPP_PRESENT,90,1780.0,1.0,50.0,0.04,33,0,VALID,-374.9514069983239,-368.5051834674041,-368.3688537731981,-6.446223530919781,0.1363296942059833,-16.44622353091978,M0,M0,False,284.411444122294,formal_m1_center_not_selected,234.41144412229397,234.41144412229397,4.6882288824458795,4.6882288824458795
NWS001635,NW041_QPP_N090_P050_A1_Q040,NWP_A1_S34_P050,NWB_A1_S34,STATIONARY_QPP_PRESENT,90,1780.0,1.0,50.0,0.04,34,0,VALID,-364.20739702605255,-361.5216145507274,-359.52817083725824,-2.6857824753251407,1.993443713469162,-12.68578247532514,M0,M0,False,150.06205088123687,formal_m1_center_not_selected,100.06205088123687,100.06205088123687,2.0012410176247375,2.0012410176247375
NWS001636,NW041_QPP_N090_P050_A1_Q040,NWP_A1_S35_P050,NWB_A1_S35,STATIONARY_QPP_PRESENT,90,1780.0,1.0,50.0,0.04,35,0,VALID,-330.7853283400117,-322.3524963418544,-324.16108803380337,-8.432831998157269,-1.8085916919489478,-18.43283199815727,M0,M0,False,72.91428465702757,formal_m1_center_not_selected,22.914284657027565,22.914284657027565,0.4582856931405513,0.4582856931405513
NWS001637,NW041_QPP_N090_P050_A1_Q040,NWP_A1_S36_P050,NWB_A1_S36,STATIONARY_QPP_PRESENT,90,1780.0,1.0,50.0,0.04,36,0,VALID,-312.45088901595324,-305.1172710674393,-306.5884258998947,-7.333617948513961,-1.4711548324553974,-17.33361794851396,M0,M0,False,84.45664467934682,formal_m1_center_not_selected,34.45664467934682,34.45664467934682,0.6891328935869364,0.6891328935869364
NWS001638,NW041_QPP_N090_P050_A1_Q040,NWP_A1_S37_P050,NWB_A1_S37,STATIONARY_QPP_PRESENT,90,1780.0,1.0,50.0,0.04,37,0,VALID,-356.12822611739915,-351.11651101130445,-349.6907727831963,-5.011715106094698,1.4257382281081732,-15.011715106094698,M0,M0,False,299.99999999999994,formal_m1_center_not_selected,249.99999999999994,249.99999999999994,4.999999999999999,4.999999999999999
NWS001639,NW041_QPP_N090_P050_A1_Q040,NWP_A1_S38_P050,NWB_A1_S38,STATIONARY_QPP_PRESENT,90,1780.0,1.0,50.0,0.04,38,0,VALID,-367.9464959436311,-375.77422717163,-365.68913954746216,7.827731227998925,10.08508762416784,-2.1722687720010754,M0,M1,False,91.09591507270868,formal_m1_center_not_selected,41.09591507270868,41.09591507270868,0.8219183014541735,0.8219183014541735
NWS001640,NW041_QPP_N090_P050_A1_Q040,NWP_A1_S39_P050,NWB_A1_S39,STATIONARY_QPP_PRESENT,90,1780.0,1.0,50.0,0.04,39,0,VALID,-307.0735075960231,-301.9647785502851,-303.9224334711902,-5.108729045738016,-1.9576549209050995,-15.108729045738016,M0,M0,False,141.58167091478143,formal_m1_center_not_selected,91.58167091478143,91.58167091478143,1.8316334182956284,1.8316334182956284
NWS001641,NW042_QPP_N090_P080_A1_Q040,NWP_A1_S00_P080,NWB_A1_S00,STATIONARY_QPP_PRESENT,90,1780.0,1.0,80.0,0.04,0,0,VALID,-366.31164964679107,-360.2071901564977,-362.31583881665483,-6.1044594902933795,-2.1086486601571437,-16.10445949029338,M0,M0,False,83.55544395267049,formal_m1_center_not_selected,3.555443952670487,3.555443952670487,0.044443049408381084,0.044443049408381084
NWS001642,NW042_QPP_N090_P080_A1_Q040,NWP_A1_S01_P080,NWB_A1_S01,STATIONARY_QPP_PRESENT,90,1780.0,1.0,80.0,0.04,1,0,VALID,-310.4979239077251,-310.31196613416205,-303.47047012124233,-0.18595777356307508,6.84149601291972,-10.185957773563075,M0,M0,False,65.73980480201399,formal_m1_center_not_selected,-14.260195197986008,14.260195197986008,-0.1782524399748251,0.1782524399748251
NWS001643,NW042_QPP_N090_P080_A1_Q040,NWP_A1_S02_P080,NWB_A1_S02,STATIONARY_QPP_PRESENT,90,1780.0,1.0,80.0,0.04,2,0,VALID,-334.9466033740671,-326.6102140917104,-329.48522467827365,-8.336389282356663,-2.875010586563235,-18.336389282356663,M0,M0,False,56.710252669603015,formal_m1_center_not_selected,-23.289747330396985,23.289747330396985,-0.2911218416299623,0.2911218416299623
NWS001644,NW042_QPP_N090_P080_A1_Q040,NWP_A1_S03_P080,NWB_A1_S03,STATIONARY_QPP_PRESENT,90,1780.0,1.0,80.0,0.04,3,0,VALID,-329.41055787102175,-321.491781691409,-322.28251067309577,-7.918776179612735,-0.7907289816867547,-17.918776179612735,M0,M0,False,109.6709387054875,formal_m1_center_not_selected,29.6709387054875,29.6709387054875,0.3708867338185938,0.3708867338185938
NWS001645,NW042_QPP_N090_P080_A1_Q040,NWP_A1_S04_P080,NWB_A1_S04,STATIONARY_QPP_PRESENT,90,1780.0,1.0,80.0,0.04,4,0,VALID,-342.0988702465909,-331.8663014370041,-334.5458252175361,-10.23256880958678,-2.6795237805320085,-20.23256880958678,M0,M0,False,205.27421709945583,formal_m1_center_not_selected,125.27421709945583,125.27421709945583,1.5659277137431977,1.5659277137431977
NWS001646,NW042_QPP_N090_P080_A1_Q040,NWP_A1_S05_P080,NWB_A1_S05,STATIONARY_QPP_PRESENT,90,1780.0,1.0,80.0,0.04,5,0,VALID,-322.7412857301789,-319.0572366312222,-316.88744428261896,-3.6840490989566774,2.1697923486032664,-13.684049098956677,M0,M0,False,88.97218193324025,formal_m1_center_not_selected,8.97218193324025,8.97218193324025,0.11215227416550314,0.11215227416550314
NWS001647,NW042_QPP_N090_P080_A1_Q040,NWP_A1_S06_P080,NWB_A1_S06,STATIONARY_QPP_PRESENT,90,1780.0,1.0,80.0,0.04,6,0,VALID,-371.9541582426944,-366.7563148423613,-366.3983458482428,-5.197843400333113,0.3579689941184938,-15.197843400333113,M0,M0,False,97.06104657920967,formal_m1_center_not_selected,17.061046579209673,17.061046579209673,0.21326308224012092,0.21326308224012092
NWS001648,NW042_QPP_N090_P080_A1_Q040,NWP_A1_S07_P080,NWB_A1_S07,STATIONARY_QPP_PRESENT,90,1780.0,1.0,80.0,0.04,7,0,VALID,-334.92757741617345,-330.7969847943836,-328.3179433968936,-4.1305926217898445,2.4790413974899934,-14.130592621789845,M0,M0,False,64.06088659271309,formal_m1_center_not_selected,-15.93911340728691,15.93911340728691,-0.1992389175910864,0.1992389175910864
NWS001649,NW042_QPP_N090_P080_A1_Q040,NWP_A1_S08_P080,NWB_A1_S08,STATIONARY_QPP_PRESENT,90,1780.0,1.0,80.0,0.04,8,0,VALID,-363.1818630267912,-357.8190675931571,-357.18379536643744,-5.362795433634062,0.6352722267196782,-15.362795433634062,M0,M0,False,77.15125429165101,formal_m1_center_not_selected,-2.8487457083489858,2.8487457083489858,-0.035609321354362324,0.035609321354362324
NWS001650,NW042_QPP_N090_P080_A1_Q040,NWP_A1_S09_P080,NWB_A1_S09,STATIONARY_QPP_PRESENT,90,1780.0,1.0,80.0,0.04,9,0,VALID,-332.7472476887084,-329.2876568247164,-325.3205167876326,-3.4595908639919912,3.967140037083823,-13.459590863991991,M0,M0,False,55.177601175767926,formal_m1_center_not_selected,-24.822398824232074,24.822398824232074,-0.3102799853029009,0.3102799853029009
NWS001651,NW042_QPP_N090_P080_A1_Q040,NWP_A1_S10_P080,NWB_A1_S10,STATIONARY_QPP_PRESENT,90,1780.0,1.0,80.0,0.04,10,0,VALID,-345.2956131211992,-343.67036266864375,-339.2221296224669,-1.6252504525554627,4.448233046176824,-11.625250452555463,M0,M0,False,208.4528607112546,formal_m1_center_not_selected,128.4528607112546,128.4528607112546,1.6056607588906826,1.6056607588906826
NWS001652,NW042_QPP_N090_P080_A1_Q040,NWP_A1_S11_P080,NWB_A1_S11,STATIONARY_QPP_PRESENT,90,1780.0,1.0,80.0,0.04,11,0,VALID,-401.7966578498759,-393.25537112972654,-395.97003182690025,-8.541286720149344,-2.714660697173713,-18.541286720149344,M0,M0,False,134.0572623116518,formal_m1_center_not_selected,54.05726231165181,54.05726231165181,0.6757157788956476,0.6757157788956476
NWS001653,NW042_QPP_N090_P080_A1_Q040,NWP_A1_S12_P080,NWB_A1_S12,STATIONARY_QPP_PRESENT,90,1780.0,1.0,80.0,0.04,12,0,VALID,-336.1894386245979,-331.6521219915362,-329.6431338471134,-4.537316633061721,2.0089881444228013,-14.537316633061721,M0,M0,False,197.6240734310971,formal_m1_center_not_selected,117.62407343109709,117.62407343109709,1.4703009178887136,1.4703009178887136
NWS001654,NW042_QPP_N090_P080_A1_Q040,NWP_A1_S13_P080,NWB_A1_S13,STATIONARY_QPP_PRESENT,90,1780.0,1.0,80.0,0.04,13,0,VALID,-315.07361013349885,-322.9343708314054,-309.24790878575004,7.860760697906528,13.686462045655333,-2.139239302093472,M0,M1,False,61.00895237181278,formal_m1_center_not_selected,-18.991047628187218,18.991047628187218,-0.23738809535234023,0.23738809535234023
NWS001655,NW042_QPP_N090_P080_A1_Q040,NWP_A1_S14_P080,NWB_A1_S14,STATIONARY_QPP_PRESENT,90,1780.0,1.0,80.0,0.04,14,0,VALID,-344.28143362927295,-342.63396431794723,-342.53718142627383,-1.6474693113257217,0.09678289167339926,-11.647469311325722,M0,M0,False,85.86520592393072,formal_m1_center_not_selected,5.865205923930716,5.865205923930716,0.07331507404913395,0.07331507404913395
NWS001656,NW042_QPP_N090_P080_A1_Q040,NWP_A1_S15_P080,NWB_A1_S15,STATIONARY_QPP_PRESENT,90,1780.0,1.0,80.0,0.04,15,0,VALID,-379.5024986796971,-373.90156685890526,-372.3393716720481,-5.600931820791857,1.5621951868571387,-15.600931820791857,M0,M0,False,68.05212342643956,formal_m1_center_not_selected,-11.947876573560436,11.947876573560436,-0.14934845716950546,0.14934845716950546
NWS001657,NW042_QPP_N090_P080_A1_Q040,NWP_A1_S16_P080,NWB_A1_S16,STATIONARY_QPP_PRESENT,90,1780.0,1.0,80.0,0.04,16,0,VALID,-284.6013503881584,-277.81865542252757,-279.49111879818486,-6.78269496563081,-1.672463375657287,-16.78269496563081,M0,M0,False,114.91306735330191,formal_m1_center_not_selected,34.91306735330191,34.91306735330191,0.4364133419162739,0.4364133419162739
NWS001658,NW042_QPP_N090_P080_A1_Q040,NWP_A1_S17_P080,NWB_A1_S17,STATIONARY_QPP_PRESENT,90,1780.0,1.0,80.0,0.04,17,0,VALID,-306.9661950189716,-300.63280507633306,-300.769568753519,-6.333389942638519,-0.13676367718596794,-16.33338994263852,M0,M0,False,85.64299690388235,formal_m1_center_not_selected,5.642996903882349,5.642996903882349,0.07053746129852936,0.07053746129852936
NWS001659,NW042_QPP_N090_P080_A1_Q040,NWP_A1_S18_P080,NWB_A1_S18,STATIONARY_QPP_PRESENT,90,1780.0,1.0,80.0,0.04,18,0,VALID,-373.2171562363698,-363.8304925451581,-366.1424816348696,-9.386663691211709,-2.311989089711517,-19.38666369121171,M0,M0,False,203.4827345210327,formal_m1_center_not_selected,123.48273452103271,123.48273452103271,1.5435341815129089,1.5435341815129089
NWS001660,NW042_QPP_N090_P080_A1_Q040,NWP_A1_S19_P080,NWB_A1_S19,STATIONARY_QPP_PRESENT,90,1780.0,1.0,80.0,0.04,19,0,VALID,-354.1875758393223,-347.84608937289045,-347.0917594110801,-6.341486466431832,0.754329961810356,-16.34148646643183,M0,M0,False,119.81821375581498,formal_m1_center_not_selected,39.81821375581498,39.81821375581498,0.49772767194768724,0.49772767194768724
NWS001661,NW042_QPP_N090_P080_A1_Q040,NWP_A1_S20_P080,NWB_A1_S20,STATIONARY_QPP_PRESENT,90,1780.0,1.0,80.0,0.04,20,0,VALID,-358.6546732207215,-357.36173751192104,-356.7321181115354,-1.292935708800485,0.6296194003856499,-11.292935708800485,M0,M0,False,116.38316900435409,formal_m1_center_not_selected,36.38316900435409,36.38316900435409,0.45478961255442607,0.45478961255442607
NWS001662,NW042_QPP_N090_P080_A1_Q040,NWP_A1_S21_P080,NWB_A1_S21,STATIONARY_QPP_PRESENT,90,1780.0,1.0,80.0,0.04,21,0,VALID,-318.21246953302256,-316.92465073438046,-312.1972323440709,-1.2878187986420926,4.727418390309538,-11.287818798642093,M0,M0,False,99.6916315852625,formal_m1_center_not_selected,19.6916315852625,19.6916315852625,0.24614539481578124,0.24614539481578124
NWS001663,NW042_QPP_N090_P080_A1_Q040,NWP_A1_S22_P080,NWB_A1_S22,STATIONARY_QPP_PRESENT,90,1780.0,1.0,80.0,0.04,22,0,VALID,-293.38326787583156,-297.49847144368584,-287.7001711801846,4.11520356785428,9.798300263501233,-5.88479643214572,M0,M1,False,81.22401270527837,formal_m1_center_not_selected,1.2240127052783691,1.2240127052783691,0.015300158815979615,0.015300158815979615
NWS001664,NW042_QPP_N090_P080_A1_Q040,NWP_A1_S23_P080,NWB_A1_S23,STATIONARY_QPP_PRESENT,90,1780.0,1.0,80.0,0.04,23,0,VALID,-386.2619730783323,-378.92563209988003,-379.0301661486502,-7.336340978452256,-0.10453404877017647,-17.336340978452256,M0,M0,False,49.242108975264166,formal_m1_center_not_selected,-30.757891024735834,30.757891024735834,-0.3844736378091979,0.3844736378091979
NWS001665,NW042_QPP_N090_P080_A1_Q040,NWP_A1_S24_P080,NWB_A1_S24,STATIONARY_QPP_PRESENT,90,1780.0,1.0,80.0,0.04,24,0,VALID,-336.05858611831894,-339.4954883729108,-333.0802313090325,3.436902254591871,6.4152570638783,-6.563097745408129,M0,M1,False,90.44261810411585,formal_m1_center_not_selected,10.442618104115851,10.442618104115851,0.13053272630144813,0.13053272630144813
NWS001666,NW042_QPP_N090_P080_A1_Q040,NWP_A1_S25_P080,NWB_A1_S25,STATIONARY_QPP_PRESENT,90,1780.0,1.0,80.0,0.04,25,0,VALID,-364.52686107032315,-358.6006342231115,-358.03887429664945,-5.9262268472116375,0.5617599264620594,-15.926226847211638,M0,M0,False,159.05553589422803,formal_m1_center_not_selected,79.05553589422803,79.05553589422803,0.9881941986778504,0.9881941986778504
NWS001667,NW042_QPP_N090_P080_A1_Q040,NWP_A1_S26_P080,NWB_A1_S26,STATIONARY_QPP_PRESENT,90,1780.0,1.0,80.0,0.04,26,0,VALID,-316.224299964048,-310.08726761140855,-309.814105200466,-6.137032352639437,0.2731624109425752,-16.137032352639437,M0,M0,False,108.25827594164934,formal_m1_center_not_selected,28.258275941649345,28.258275941649345,0.3532284492706168,0.3532284492706168
NWS001668,NW042_QPP_N090_P080_A1_Q040,NWP_A1_S27_P080,NWB_A1_S27,STATIONARY_QPP_PRESENT,90,1780.0,1.0,80.0,0.04,27,0,VALID,-326.4095405127707,-318.3241121393473,-319.55753439678904,-8.08542837342344,-1.2334222574417595,-18.08542837342344,M0,M0,False,51.8816180790262,formal_m1_center_not_selected,-28.118381920973803,28.118381920973803,-0.35147977401217256,0.35147977401217256
NWS001669,NW042_QPP_N090_P080_A1_Q040,NWP_A1_S28_P080,NWB_A1_S28,STATIONARY_QPP_PRESENT,90,1780.0,1.0,80.0,0.04,28,0,VALID,-339.717681493368,-332.5586045552038,-333.62645639940934,-7.159076938164219,-1.0678518442055633,-17.15907693816422,M0,M0,False,48.36319095881926,formal_m1_center_not_selected,-31.63680904118074,31.63680904118074,-0.39546011301475925,0.39546011301475925
NWS001670,NW042_QPP_N090_P080_A1_Q040,NWP_A1_S29_P080,NWB_A1_S29,STATIONARY_QPP_PRESENT,90,1780.0,1.0,80.0,0.04,29,0,VALID,-354.92922541566594,-356.0300148622274,-353.6238553427179,1.100789446561464,2.406159519509515,-8.899210553438536,M0,M1,False,64.51821323395295,formal_m1_center_not_selected,-15.481786766047051,15.481786766047051,-0.19352233457558815,0.19352233457558815
NWS001671,NW042_QPP_N090_P080_A1_Q040,NWP_A1_S30_P080,NWB_A1_S30,STATIONARY_QPP_PRESENT,90,1780.0,1.0,80.0,0.04,30,0,VALID,-306.99837442889265,-305.7287741548885,-302.05247223458673,-1.2696002740041195,3.676301920301796,-11.26960027400412,M0,M0,False,88.7543381579203,formal_m1_center_not_selected,8.754338157920301,8.754338157920301,0.10942922697400377,0.10942922697400377
NWS001672,NW042_QPP_N090_P080_A1_Q040,NWP_A1_S31_P080,NWB_A1_S31,STATIONARY_QPP_PRESENT,90,1780.0,1.0,80.0,0.04,31,0,VALID,-318.0997052619547,-312.9447982053238,-311.01568401656914,-5.1549070566308615,1.9291141887546814,-15.154907056630861,M0,M0,False,62.36996135167749,formal_m1_center_not_selected,-17.63003864832251,17.63003864832251,-0.22037548310403138,0.22037548310403138
NWS001673,NW042_QPP_N090_P080_A1_Q040,NWP_A1_S32_P080,NWB_A1_S32,STATIONARY_QPP_PRESENT,90,1780.0,1.0,80.0,0.04,32,0,VALID,-333.1870390107361,-325.9709923373622,-326.7315718890581,-7.21604667337391,-0.760579551695912,-17.21604667337391,M0,M0,False,85.96104855251669,formal_m1_center_not_selected,5.9610485525166865,5.9610485525166865,0.07451310690645858,0.07451310690645858
NWS001674,NW042_QPP_N090_P080_A1_Q040,NWP_A1_S33_P080,NWB_A1_S33,STATIONARY_QPP_PRESENT,90,1780.0,1.0,80.0,0.04,33,0,VALID,-374.02876231804777,-367.5135650989068,-367.44089006692616,-6.515197219140987,0.07267503198062286,-16.515197219140987,M0,M0,False,284.4333763613144,formal_m1_center_not_selected,204.4333763613144,204.4333763613144,2.55541720451643,2.55541720451643
NWS001675,NW042_QPP_N090_P080_A1_Q040,NWP_A1_S34_P080,NWB_A1_S34,STATIONARY_QPP_PRESENT,90,1780.0,1.0,80.0,0.04,34,0,VALID,-364.7092432104355,-361.9787680516998,-359.9359170726561,-2.7304751587357146,2.042850979043692,-12.730475158735715,M0,M0,False,150.08853366193316,formal_m1_center_not_selected,70.08853366193316,70.08853366193316,0.8761066707741645,0.8761066707741645
NWS001676,NW042_QPP_N090_P080_A1_Q040,NWP_A1_S35_P080,NWB_A1_S35,STATIONARY_QPP_PRESENT,90,1780.0,1.0,80.0,0.04,35,0,VALID,-331.6288148614021,-323.08346834621744,-324.9600616640035,-8.545346515184633,-1.876593317786046,-18.545346515184633,M0,M0,False,72.62899904622691,formal_m1_center_not_selected,-7.371000953773091,7.371000953773091,-0.09213751192216364,0.09213751192216364
NWS001677,NW042_QPP_N090_P080_A1_Q040,NWP_A1_S36_P080,NWB_A1_S36,STATIONARY_QPP_PRESENT,90,1780.0,1.0,80.0,0.04,36,0,VALID,-312.7371569217056,-305.7260598293256,-306.94926970920244,-7.011097092379998,-1.2232098798768334,-17.01109709238,M0,M0,False,84.2425949625356,formal_m1_center_not_selected,4.242594962535605,4.242594962535605,0.053032437031695065,0.053032437031695065
NWS001678,NW042_QPP_N090_P080_A1_Q040,NWP_A1_S37_P080,NWB_A1_S37,STATIONARY_QPP_PRESENT,90,1780.0,1.0,80.0,0.04,37,0,VALID,-356.247335271287,-351.21534872430743,-350.2001200522022,-5.031986546979567,1.015228672105252,-15.031986546979567,M0,M0,False,299.99999999999994,formal_m1_center_not_selected,219.99999999999994,219.99999999999994,2.749999999999999,2.749999999999999
NWS001679,NW042_QPP_N090_P080_A1_Q040,NWP_A1_S38_P080,NWB_A1_S38,STATIONARY_QPP_PRESENT,90,1780.0,1.0,80.0,0.04,38,0,VALID,-369.1467223376806,-376.8453404893241,-366.9084366847963,7.698618151643473,9.936903804527788,-2.3013818483565274,M0,M1,False,91.24977295219651,formal_m1_center_not_selected,11.249772952196508,11.249772952196508,0.14062216190245636,0.14062216190245636
NWS001680,NW042_QPP_N090_P080_A1_Q040,NWP_A1_S39_P080,NWB_A1_S39,STATIONARY_QPP_PRESENT,90,1780.0,1.0,80.0,0.04,39,0,VALID,-307.20336740689334,-302.19832582521764,-304.1750557235058,-5.005041581675698,-1.9767298982881698,-15.005041581675698,M0,M0,False,141.12400793833748,formal_m1_center_not_selected,61.124007938337485,61.124007938337485,0.7640500992292185,0.7640500992292185
NWS001681,NW043_NULL_N090_A2,NWP_A2_S00_NULL,NWB_A2_S00,NULL_FLARE_RED_NOISE,90,1780.0,2.0,,,0,0,VALID,-460.27865151081534,-452.2269588614816,-454.08528417654736,-8.051692649333745,-1.8583253150657697,-18.051692649333745,M0,M0,False,132.09577292955615,,,,,
NWS001682,NW043_NULL_N090_A2,NWP_A2_S01_NULL,NWB_A2_S01,NULL_FLARE_RED_NOISE,90,1780.0,2.0,,,1,0,VALID,-521.4239014860873,-512.577582384311,-514.2286443062204,-8.846319101776317,-1.6510619219094451,-18.846319101776317,M0,M0,False,46.537039488277756,,,,,
NWS001683,NW043_NULL_N090_A2,NWP_A2_S02_NULL,NWB_A2_S02,NULL_FLARE_RED_NOISE,90,1780.0,2.0,,,2,0,VALID,-513.563634608428,-505.5461797948769,-507.3791016570366,-8.017454813551069,-1.8329218621597079,-18.01745481355107,M0,M0,False,46.05197209095282,,,,,
NWS001684,NW043_NULL_N090_A2,NWP_A2_S03_NULL,NWB_A2_S03,NULL_FLARE_RED_NOISE,90,1780.0,2.0,,,3,0,VALID,-438.76424622065025,-436.69303839950595,-433.8984955140845,-2.0712078211442986,2.7945428854214356,-12.071207821144299,M0,M0,False,68.95657461093765,,,,,
NWS001685,NW043_NULL_N090_A2,NWP_A2_S04_NULL,NWB_A2_S04,NULL_FLARE_RED_NOISE,90,1780.0,2.0,,,4,0,VALID,-516.6018852104387,-510.7941222690334,-512.3778294279881,-5.807762941405315,-1.5837071589547236,-15.807762941405315,M0,M0,False,103.36047096044004,,,,,
NWS001686,NW043_NULL_N090_A2,NWP_A2_S05_NULL,NWB_A2_S05,NULL_FLARE_RED_NOISE,90,1780.0,2.0,,,5,0,VALID,-446.538170149471,-445.21740592458536,-446.41121627569703,-1.320764224885636,-1.1938103511116651,-11.320764224885636,M0,M0,False,96.4780698244186,,,,,
NWS001687,NW043_NULL_N090_A2,NWP_A2_S06_NULL,NWB_A2_S06,NULL_FLARE_RED_NOISE,90,1780.0,2.0,,,6,0,VALID,-569.2101815749096,-558.6271354841762,-561.9284552639012,-10.583046090733433,-3.301319779725077,-20.583046090733433,M0,M0,False,52.47838344301689,,,,,
NWS001688,NW043_NULL_N090_A2,NWP_A2_S07_NULL,NWB_A2_S07,NULL_FLARE_RED_NOISE,90,1780.0,2.0,,,7,0,VALID,-538.7413139334051,-531.7746195525457,-532.3527691100182,-6.966694380859394,-0.5781495574725568,-16.966694380859394,M0,M0,False,69.48645523837575,,,,,
NWS001689,NW043_NULL_N090_A2,NWP_A2_S08_NULL,NWB_A2_S08,NULL_FLARE_RED_NOISE,90,1780.0,2.0,,,8,0,VALID,-440.25773138136196,-439.7414233302456,-433.48406678626793,-0.5163080511163685,6.257356543977664,-10.516308051116368,M0,M0,False,57.4800557542861,,,,,
NWS001690,NW043_NULL_N090_A2,NWP_A2_S09_NULL,NWB_A2_S09,NULL_FLARE_RED_NOISE,90,1780.0,2.0,,,9,0,VALID,-548.9561099750738,-540.0244654395232,-542.3445618405741,-8.931644535550618,-2.3200964010509324,-18.931644535550618,M0,M0,False,118.19954945929038,,,,,
NWS001691,NW043_NULL_N090_A2,NWP_A2_S10_NULL,NWB_A2_S10,NULL_FLARE_RED_NOISE,90,1780.0,2.0,,,10,0,VALID,-465.180759683284,-458.05482634555443,-458.09061598401064,-7.1259333377295775,-0.035789638456208195,-17.125933337729577,M0,M0,False,199.80546766877993,,,,,
NWS001692,NW043_NULL_N090_A2,NWP_A2_S11_NULL,NWB_A2_S11,NULL_FLARE_RED_NOISE,90,1780.0,2.0,,,11,0,VALID,-502.4490115456617,-493.9120965358323,-497.175119855823,-8.536915009829386,-3.2630233199907366,-18.536915009829386,M0,M0,False,57.3402381714458,,,,,
NWS001693,NW043_NULL_N090_A2,NWP_A2_S12_NULL,NWB_A2_S12,NULL_FLARE_RED_NOISE,90,1780.0,2.0,,,12,0,VALID,-473.41016680890044,-464.0660147384963,-467.79253903177687,-9.344152070404164,-3.7265242932805904,-19.344152070404164,M0,M0,False,59.01608470816596,,,,,
NWS001694,NW043_NULL_N090_A2,NWP_A2_S13_NULL,NWB_A2_S13,NULL_FLARE_RED_NOISE,90,1780.0,2.0,,,13,0,VALID,-416.29980175461054,-415.4515567245954,-411.3629258731662,-0.848245030015164,4.088630851429173,-10.848245030015164,M0,M0,False,97.25447571209637,,,,,
NWS001695,NW043_NULL_N090_A2,NWP_A2_S14_NULL,NWB_A2_S14,NULL_FLARE_RED_NOISE,90,1780.0,2.0,,,14,0,VALID,-474.19142481373297,-470.2221316989111,-470.2026490569951,-3.9692931148218804,0.019482641915999466,-13.96929311482188,M0,M0,False,82.45929062904472,,,,,
NWS001696,NW043_NULL_N090_A2,NWP_A2_S15_NULL,NWB_A2_S15,NULL_FLARE_RED_NOISE,90,1780.0,2.0,,,15,0,VALID,-489.24349636384113,-479.16592153504865,-483.47017147473036,-10.077574828792478,-4.304249939681711,-20.07757482879248,M0,M0,False,77.46366320001894,,,,,
NWS001697,NW043_NULL_N090_A2,NWP_A2_S16_NULL,NWB_A2_S16,NULL_FLARE_RED_NOISE,90,1780.0,2.0,,,16,0,VALID,-419.9299469732636,-413.55738505341225,-415.6221402336122,-6.372561919851364,-2.0647551801999384,-16.372561919851364,M0,M0,False,65.74650763764713,,,,,
NWS001698,NW043_NULL_N090_A2,NWP_A2_S17_NULL,NWB_A2_S17,NULL_FLARE_RED_NOISE,90,1780.0,2.0,,,17,0,VALID,-478.06643926295214,-468.1125904235974,-471.53603199128855,-9.953848839354748,-3.4234415676911567,-19.953848839354748,M0,M0,False,100.29038068557809,,,,,
NWS001699,NW043_NULL_N090_A2,NWP_A2_S18_NULL,NWB_A2_S18,NULL_FLARE_RED_NOISE,90,1780.0,2.0,,,18,0,VALID,-450.03418144635185,-442.2150222404827,-444.5173452109798,-7.819159205869141,-2.302322970497073,-17.81915920586914,M0,M0,False,64.46067630091721,,,,,
NWS001700,NW043_NULL_N090_A2,NWP_A2_S19_NULL,NWB_A2_S19,NULL_FLARE_RED_NOISE,90,1780.0,2.0,,,19,0,VALID,-419.3972917536483,-415.0415390859617,-414.3678726883291,-4.355752667686602,0.6736663976325872,-14.355752667686602,M0,M0,False,83.18725180732521,,,,,
NWS001701,NW043_NULL_N090_A2,NWP_A2_S20_NULL,NWB_A2_S20,NULL_FLARE_RED_NOISE,90,1780.0,2.0,,,20,0,VALID,-563.2585603315001,-553.5147321583901,-556.2774885066727,-9.743828173110046,-2.7627563482826645,-19.743828173110046,M0,M0,False,61.74280640229779,,,,,
NWS001702,NW043_NULL_N090_A2,NWP_A2_S21_NULL,NWB_A2_S21,NULL_FLARE_RED_NOISE,90,1780.0,2.0,,,21,0,VALID,-440.847628454381,-433.6638920823902,-435.43443502040526,-7.18373637199079,-1.770542938015069,-17.18373637199079,M0,M0,False,74.68696810904947,,,,,
NWS001703,NW043_NULL_N090_A2,NWP_A2_S22_NULL,NWB_A2_S22,NULL_FLARE_RED_NOISE,90,1780.0,2.0,,,22,0,VALID,-433.98756072780884,-424.76122199045955,-427.7408609383387,-9.226338737349295,-2.9796389478791525,-19.226338737349295,M0,M0,False,78.74706257437389,,,,,
NWS001704,NW043_NULL_N090_A2,NWP_A2_S23_NULL,NWB_A2_S23,NULL_FLARE_RED_NOISE,90,1780.0,2.0,,,23,0,VALID,-510.18101757963956,-501.115062436609,-502.9715395182551,-9.065955143030578,-1.8564770816461191,-19.06595514303058,M0,M0,False,175.7488973039457,,,,,
NWS001705,NW043_NULL_N090_A2,NWP_A2_S24_NULL,NWB_A2_S24,NULL_FLARE_RED_NOISE,90,1780.0,2.0,,,24,0,VALID,-488.53406321492844,-496.31321882574565,-489.48734869557023,7.779155610817213,6.825870130175417,-3.174129869824583,M2,M1,False,93.08103466000576,,,,,
NWS001706,NW043_NULL_N090_A2,NWP_A2_S25_NULL,NWB_A2_S25,NULL_FLARE_RED_NOISE,90,1780.0,2.0,,,25,0,VALID,-533.5993373203273,-523.9275794449594,-526.5578080098691,-9.671757875367916,-2.6302285649096575,-19.671757875367916,M0,M0,False,59.2408098708205,,,,,
NWS001707,NW043_NULL_N090_A2,NWP_A2_S26_NULL,NWB_A2_S26,NULL_FLARE_RED_NOISE,90,1780.0,2.0,,,26,0,VALID,-430.4575220937288,-426.7119063766275,-426.79571667003887,-3.745615717101316,-0.08381029341137491,-13.745615717101316,M0,M0,False,175.65425211568828,,,,,
NWS001708,NW043_NULL_N090_A2,NWP_A2_S27_NULL,NWB_A2_S27,NULL_FLARE_RED_NOISE,90,1780.0,2.0,,,27,0,VALID,-509.94369164587823,-506.0424421536583,-503.97945344960874,-3.901249492219904,2.0629887040495873,-13.901249492219904,M0,M0,False,46.6230922122861,,,,,
NWS001709,NW043_NULL_N090_A2,NWP_A2_S28_NULL,NWB_A2_S28,NULL_FLARE_RED_NOISE,90,1780.0,2.0,,,28,0,VALID,-516.467609307332,-510.04223283949517,-510.62095952398454,-6.425376467836884,-0.5787266844893679,-16.425376467836884,M0,M0,False,66.92978665574134,,,,,
NWS001710,NW043_NULL_N090_A2,NWP_A2_S29_NULL,NWB_A2_S29,NULL_FLARE_RED_NOISE,90,1780.0,2.0,,,29,0,VALID,-437.48378970008065,-431.5788598132016,-434.7498382835711,-5.904929886879074,-3.170978470369505,-15.904929886879074,M0,M0,False,147.7812664676052,,,,,
NWS001711,NW043_NULL_N090_A2,NWP_A2_S30_NULL,NWB_A2_S30,NULL_FLARE_RED_NOISE,90,1780.0,2.0,,,30,0,VALID,-461.1620109553427,-454.85863501023215,-454.97162985859967,-6.303375945110531,-0.11299484836752072,-16.30337594511053,M0,M0,False,52.75206641041261,,,,,
NWS001712,NW043_NULL_N090_A2,NWP_A2_S31_NULL,NWB_A2_S31,NULL_FLARE_RED_NOISE,90,1780.0,2.0,,,31,0,VALID,-529.103609983979,-519.7282129389849,-521.7919196517354,-9.375397044994088,-2.063706712750445,-19.375397044994088,M0,M0,False,79.2712961981584,,,,,
NWS001713,NW043_NULL_N090_A2,NWP_A2_S32_NULL,NWB_A2_S32,NULL_FLARE_RED_NOISE,90,1780.0,2.0,,,32,0,VALID,-492.3841535800594,-489.86221673940605,-489.1262725195316,-2.521936840653325,0.7359442198744546,-12.521936840653325,M0,M0,False,83.05816485437553,,,,,
NWS001714,NW043_NULL_N090_A2,NWP_A2_S33_NULL,NWB_A2_S33,NULL_FLARE_RED_NOISE,90,1780.0,2.0,,,33,0,VALID,-488.87058879924984,-487.13202525275955,-482.8872392734479,-1.7385635464902975,4.244785979311644,-11.738563546490298,M0,M0,False,71.63322686793762,,,,,
NWS001715,NW043_NULL_N090_A2,NWP_A2_S34_NULL,NWB_A2_S34,NULL_FLARE_RED_NOISE,90,1780.0,2.0,,,34,0,VALID,-492.73609886655703,-483.5477981168241,-487.26652986812053,-9.188300749732946,-3.7187317512964455,-19.188300749732946,M0,M0,False,78.05643533843212,,,,,
NWS001716,NW043_NULL_N090_A2,NWP_A2_S35_NULL,NWB_A2_S35,NULL_FLARE_RED_NOISE,90,1780.0,2.0,,,35,0,VALID,-446.1003398043754,-436.53871054518794,-439.1139849415616,-9.561629259187441,-2.575274396373686,-19.56162925918744,M0,M0,False,58.08905226048553,,,,,
NWS001717,NW043_NULL_N090_A2,NWP_A2_S36_NULL,NWB_A2_S36,NULL_FLARE_RED_NOISE,90,1780.0,2.0,,,36,0,VALID,-458.46625333527516,-450.04451176802337,-452.2020915102259,-8.421741567251786,-2.157579742202529,-18.421741567251786,M0,M0,False,40.07930226106405,,,,,
NWS001718,NW043_NULL_N090_A2,NWP_A2_S37_NULL,NWB_A2_S37,NULL_FLARE_RED_NOISE,90,1780.0,2.0,,,37,0,VALID,-394.30089718188634,-387.16302179466203,-388.02539574673466,-7.137875387224312,-0.8623739520726303,-17.137875387224312,M0,M0,False,236.72324718362256,,,,,
NWS001719,NW043_NULL_N090_A2,NWP_A2_S38_NULL,NWB_A2_S38,NULL_FLARE_RED_NOISE,90,1780.0,2.0,,,38,0,VALID,-520.1266648962569,-514.3880463615262,-513.900520712436,-5.738618534730676,0.4875256490902302,-15.738618534730676,M0,M0,False,61.47027675706739,,,,,
NWS001720,NW043_NULL_N090_A2,NWP_A2_S39_NULL,NWB_A2_S39,NULL_FLARE_RED_NOISE,90,1780.0,2.0,,,39,0,VALID,-552.9681925272108,-543.8023684737417,-545.9175810056114,-9.165824053469123,-2.1152125318697017,-19.165824053469123,M0,M0,False,52.70663904625154,,,,,
NWS001721,NW044_QPP_N090_P050_A2_Q040,NWP_A2_S00_P050,NWB_A2_S00,STATIONARY_QPP_PRESENT,90,1780.0,2.0,50.0,0.04,0,0,VALID,-455.01839652298725,-447.38903132484,-448.72366929079203,-7.629365198147241,-1.3346379659520267,-17.62936519814724,M0,M0,False,132.0481155091106,formal_m1_center_not_selected,82.0481155091106,82.0481155091106,1.640962310182212,1.640962310182212
NWS001722,NW044_QPP_N090_P050_A2_Q040,NWP_A2_S01_P050,NWB_A2_S01,STATIONARY_QPP_PRESENT,90,1780.0,2.0,50.0,0.04,1,0,VALID,-512.1773921110815,-507.8757460788689,-505.71460194202416,-4.301646032212659,2.1611441368447117,-14.301646032212659,M0,M0,False,46.76573943812721,formal_m1_center_not_selected,-3.2342605618727873,3.2342605618727873,-0.06468521123745574,0.06468521123745574
NWS001723,NW044_QPP_N090_P050_A2_Q040,NWP_A2_S02_P050,NWB_A2_S02,STATIONARY_QPP_PRESENT,90,1780.0,2.0,50.0,0.04,2,0,VALID,-505.73502547925176,-501.65788516039873,-499.75150007629827,-4.077140318853026,1.9063850841004637,-14.077140318853026,M0,M0,False,46.4229737924566,formal_m1_center_not_selected,-3.5770262075433976,3.5770262075433976,-0.07154052415086795,0.07154052415086795
NWS001724,NW044_QPP_N090_P050_A2_Q040,NWP_A2_S03_P050,NWB_A2_S03,STATIONARY_QPP_PRESENT,90,1780.0,2.0,50.0,0.04,3,0,VALID,-436.36570054751655,-434.81954081152753,-432.34643614398146,-1.546159735989022,2.4731046675460675,-11.546159735989022,M0,M0,False,67.87228719979699,formal_m1_center_not_selected,17.872287199796986,17.872287199796986,0.3574457439959397,0.3574457439959397
NWS001725,NW044_QPP_N090_P050_A2_Q040,NWP_A2_S04_P050,NWB_A2_S04,STATIONARY_QPP_PRESENT,90,1780.0,2.0,50.0,0.04,4,0,VALID,-506.82623083474886,-499.5319334529576,-502.4596253837409,-7.294297381791239,-2.9276919307832827,-17.29429738179124,M0,M0,False,109.30785277339024,formal_m1_center_not_selected,59.30785277339024,59.30785277339024,1.1861570554678047,1.1861570554678047
NWS001726,NW044_QPP_N090_P050_A2_Q040,NWP_A2_S05_P050,NWB_A2_S05,STATIONARY_QPP_PRESENT,90,1780.0,2.0,50.0,0.04,5,0,VALID,-442.0061581003483,-439.61827912734503,-440.36534374402373,-2.3878789730032395,-0.7470646166786992,-12.38787897300324,M0,M0,False,96.48490579169584,formal_m1_center_not_selected,46.48490579169584,46.48490579169584,0.9296981158339167,0.9296981158339167
NWS001727,NW044_QPP_N090_P050_A2_Q040,NWP_A2_S06_P050,NWB_A2_S06,STATIONARY_QPP_PRESENT,90,1780.0,2.0,50.0,0.04,6,0,VALID,-556.0193982675272,-550.4723495342243,-549.6419391849191,-5.547048733302859,0.8304103493052253,-15.547048733302859,M0,M0,False,49.03331155278381,formal_m1_center_not_selected,-0.9666884472161925,0.9666884472161925,-0.01933376894432385,0.01933376894432385
NWS001728,NW044_QPP_N090_P050_A2_Q040,NWP_A2_S07_P050,NWB_A2_S07,STATIONARY_QPP_PRESENT,90,1780.0,2.0,50.0,0.04,7,0,VALID,-528.7152225758057,-520.5462886843992,-522.5676948599854,-8.168933891406482,-2.0214061755862076,-18.168933891406482,M0,M0,False,51.58452249881928,formal_m1_center_not_selected,1.5845224988192825,1.5845224988192825,0.03169044997638565,0.03169044997638565
NWS001729,NW044_QPP_N090_P050_A2_Q040,NWP_A2_S08_P050,NWB_A2_S08,STATIONARY_QPP_PRESENT,90,1780.0,2.0,50.0,0.04,8,0,VALID,-438.13739624297153,-437.5189368944154,-431.4263771715279,-0.6184593485561436,6.092559722887472,-10.618459348556144,M0,M0,False,57.3642425103729,formal_m1_center_not_selected,7.364242510372897,7.364242510372897,0.14728485020745793,0.14728485020745793
NWS001730,NW044_QPP_N090_P050_A2_Q040,NWP_A2_S09_P050,NWB_A2_S09,STATIONARY_QPP_PRESENT,90,1780.0,2.0,50.0,0.04,9,0,VALID,-537.2467367259899,-528.5266877357088,-529.9150716996157,-8.720048990281043,-1.3883839639069038,-18.720048990281043,M0,M0,False,118.23559374128311,formal_m1_center_not_selected,68.23559374128311,68.23559374128311,1.3647118748256621,1.3647118748256621
NWS001731,NW044_QPP_N090_P050_A2_Q040,NWP_A2_S10_P050,NWB_A2_S10,STATIONARY_QPP_PRESENT,90,1780.0,2.0,50.0,0.04,10,0,VALID,-461.44226576314503,-454.7324530272081,-454.6315455801176,-6.709812735936907,0.10090744709054889,-16.709812735936907,M0,M0,False,200.15156402995987,formal_m1_center_not_selected,150.15156402995987,150.15156402995987,3.003031280599197,3.003031280599197
NWS001732,NW044_QPP_N090_P050_A2_Q040,NWP_A2_S11_P050,NWB_A2_S11,STATIONARY_QPP_PRESENT,90,1780.0,2.0,50.0,0.04,11,0,VALID,-501.11699910319453,-491.36191519116085,-495.24137180616185,-9.755083912033683,-3.879456615001004,-19.755083912033683,M0,M0,False,48.06506267826118,formal_m1_center_not_selected,-1.934937321738822,1.934937321738822,-0.038698746434776436,0.038698746434776436
NWS001733,NW044_QPP_N090_P050_A2_Q040,NWP_A2_S12_P050,NWB_A2_S12,STATIONARY_QPP_PRESENT,90,1780.0,2.0,50.0,0.04,12,0,VALID,-468.10423828768637,-458.70707151434704,-462.3592662768577,-9.397166773339336,-3.6521947625106463,-19.397166773339336,M0,M0,False,127.74902540146417,formal_m1_center_not_selected,77.74902540146417,77.74902540146417,1.5549805080292833,1.5549805080292833
NWS001734,NW044_QPP_N090_P050_A2_Q040,NWP_A2_S13_P050,NWB_A2_S13,STATIONARY_QPP_PRESENT,90,1780.0,2.0,50.0,0.04,13,0,VALID,-413.45537009124496,-411.2259447491327,-408.610520059333,-2.229425342112279,2.6154246897996813,-12.229425342112279,M0,M0,False,96.75097121938275,formal_m1_center_not_selected,46.75097121938275,46.75097121938275,0.935019424387655,0.935019424387655
NWS001735,NW044_QPP_N090_P050_A2_Q040,NWP_A2_S14_P050,NWB_A2_S14,STATIONARY_QPP_PRESENT,90,1780.0,2.0,50.0,0.04,14,0,VALID,-470.342662057635,-466.0102823359711,-466.4430153541043,-4.3323797216638695,-0.43273301813320586,-14.33237972166387,M0,M0,False,80.96859118026357,formal_m1_center_not_selected,30.968591180263573,30.968591180263573,0.6193718236052714,0.6193718236052714
NWS001736,NW044_QPP_N090_P050_A2_Q040,NWP_A2_S15_P050,NWB_A2_S15,STATIONARY_QPP_PRESENT,90,1780.0,2.0,50.0,0.04,15,0,VALID,-485.276541977794,-474.86507636931464,-479.63479142133974,-10.411465608479375,-4.769715052025106,-20.411465608479375,M0,M0,False,77.57523284157602,formal_m1_center_not_selected,27.575232841576025,27.575232841576025,0.5515046568315205,0.5515046568315205
NWS001737,NW044_QPP_N090_P050_A2_Q040,NWP_A2_S16_P050,NWB_A2_S16,STATIONARY_QPP_PRESENT,90,1780.0,2.0,50.0,0.04,16,0,VALID,-417.60885603347566,-410.4556224018071,-412.76936730818176,-7.15323363166857,-2.313744906374666,-17.15323363166857,M0,M0,False,65.7492720079459,formal_m1_center_not_selected,15.749272007945905,15.749272007945905,0.3149854401589181,0.3149854401589181
NWS001738,NW044_QPP_N090_P050_A2_Q040,NWP_A2_S17_P050,NWB_A2_S17,STATIONARY_QPP_PRESENT,90,1780.0,2.0,50.0,0.04,17,0,VALID,-473.3896591183325,-465.03652511847315,-466.57134651721753,-8.353133999859324,-1.5348213987443842,-18.353133999859324,M0,M0,False,48.89318263494302,formal_m1_center_not_selected,-1.1068173650569832,1.1068173650569832,-0.022136347301139666,0.022136347301139666
NWS001739,NW044_QPP_N090_P050_A2_Q040,NWP_A2_S18_P050,NWB_A2_S18,STATIONARY_QPP_PRESENT,90,1780.0,2.0,50.0,0.04,18,0,VALID,-444.7406689116131,-436.12687568457005,-439.87226423697564,-8.613793227043061,-3.7453885524055863,-18.61379322704306,M0,M0,False,61.552055866581895,formal_m1_center_not_selected,11.552055866581895,11.552055866581895,0.2310411173316379,0.2310411173316379
NWS001740,NW044_QPP_N090_P050_A2_Q040,NWP_A2_S19_P050,NWB_A2_S19,STATIONARY_QPP_PRESENT,90,1780.0,2.0,50.0,0.04,19,0,VALID,-415.7121691016886,-410.78732244481085,-410.3318266800135,-4.924846656877719,0.4554957647973765,-14.924846656877719,M0,M0,False,83.1979382255703,formal_m1_center_not_selected,33.1979382255703,33.1979382255703,0.6639587645114059,0.6639587645114059
NWS001741,NW044_QPP_N090_P050_A2_Q040,NWP_A2_S20_P050,NWB_A2_S20,STATIONARY_QPP_PRESENT,90,1780.0,2.0,50.0,0.04,20,0,VALID,-553.5372324962048,-544.0017244838497,-546.5617505836295,-9.53550801235508,-2.5600260997798614,-19.53550801235508,M0,M0,False,47.35218450427267,formal_m1_center_not_selected,-2.647815495727329,2.647815495727329,-0.05295630991454658,0.05295630991454658
NWS001742,NW044_QPP_N090_P050_A2_Q040,NWP_A2_S21_P050,NWB_A2_S21,STATIONARY_QPP_PRESENT,90,1780.0,2.0,50.0,0.04,21,0,VALID,-438.11216401017083,-431.8740715959532,-432.83873521308044,-6.238092414217647,-0.9646636171272576,-16.238092414217647,M0,M0,False,67.98457486940927,formal_m1_center_not_selected,17.984574869409272,17.984574869409272,0.35969149738818545,0.35969149738818545
NWS001743,NW044_QPP_N090_P050_A2_Q040,NWP_A2_S22_P050,NWB_A2_S22,STATIONARY_QPP_PRESENT,90,1780.0,2.0,50.0,0.04,22,0,VALID,-431.0690918876,-422.21902415972346,-424.3346505797094,-8.850067727876535,-2.115626419985915,-18.850067727876535,M0,M0,False,49.53027269057736,formal_m1_center_not_selected,-0.4697273094226375,0.4697273094226375,-0.00939454618845275,0.00939454618845275
NWS001744,NW044_QPP_N090_P050_A2_Q040,NWP_A2_S23_P050,NWB_A2_S23,STATIONARY_QPP_PRESENT,90,1780.0,2.0,50.0,0.04,23,0,VALID,-503.383661092516,-496.0634418956931,-496.15556277103127,-7.3202191968229045,-0.09212087533819613,-17.320219196822904,M0,M0,False,50.67870558077838,formal_m1_center_not_selected,0.6787055807783773,0.6787055807783773,0.013574111615567546,0.013574111615567546
NWS001745,NW044_QPP_N090_P050_A2_Q040,NWP_A2_S24_P050,NWB_A2_S24,STATIONARY_QPP_PRESENT,90,1780.0,2.0,50.0,0.04,24,0,VALID,-480.84772459334505,-482.99054336923734,-476.5873650270632,2.1428187758922945,6.403178342174158,-7.8571812241077055,M0,M1,False,93.30118419462153,formal_m1_center_not_selected,43.30118419462153,43.30118419462153,0.8660236838924306,0.8660236838924306
NWS001746,NW044_QPP_N090_P050_A2_Q040,NWP_A2_S25_P050,NWB_A2_S25,STATIONARY_QPP_PRESENT,90,1780.0,2.0,50.0,0.04,25,0,VALID,-527.1372218584783,-516.7225543993981,-519.8320732210726,-10.414667459080192,-3.1095188216745555,-20.414667459080192,M0,M0,False,299.99999999999994,formal_m1_center_not_selected,249.99999999999994,249.99999999999994,4.999999999999999,4.999999999999999
NWS001747,NW044_QPP_N090_P050_A2_Q040,NWP_A2_S26_P050,NWB_A2_S26,STATIONARY_QPP_PRESENT,90,1780.0,2.0,50.0,0.04,26,0,VALID,-427.6718876476605,-424.35086533073746,-424.91110316194073,-3.321022316923063,-0.560237831203267,-13.321022316923063,M0,M0,False,175.95133249895076,formal_m1_center_not_selected,125.95133249895076,125.95133249895076,2.5190266499790153,2.5190266499790153
NWS001748,NW044_QPP_N090_P050_A2_Q040,NWP_A2_S27_P050,NWB_A2_S27,STATIONARY_QPP_PRESENT,90,1780.0,2.0,50.0,0.04,27,0,VALID,-504.2281636151231,-504.73528591546454,-498.76018549894434,0.5071223003414502,5.975100416520206,-9.49287769965855,M0,M1,False,46.743069166234314,formal_m1_center_not_selected,-3.2569308337656864,3.2569308337656864,-0.06513861667531373,0.06513861667531373
NWS001749,NW044_QPP_N090_P050_A2_Q040,NWP_A2_S28_P050,NWB_A2_S28,STATIONARY_QPP_PRESENT,90,1780.0,2.0,50.0,0.04,28,0,VALID,-506.2691143681272,-499.1428427486729,-502.10398623085246,-7.1262716194543145,-2.9611434821795797,-17.126271619454315,M0,M0,False,62.10701976755877,formal_m1_center_not_selected,12.107019767558768,12.107019767558768,0.24214039535117535,0.24214039535117535
NWS001750,NW044_QPP_N090_P050_A2_Q040,NWP_A2_S29_P050,NWB_A2_S29,STATIONARY_QPP_PRESENT,90,1780.0,2.0,50.0,0.04,29,0,VALID,-434.1434556910383,-427.1057863276911,-430.4291918988067,-7.03766936334722,-3.323405571115643,-17.03766936334722,M0,M0,False,166.4316467879076,formal_m1_center_not_selected,116.4316467879076,116.4316467879076,2.328632935758152,2.328632935758152
NWS001751,NW044_QPP_N090_P050_A2_Q040,NWP_A2_S30_P050,NWB_A2_S30,STATIONARY_QPP_PRESENT,90,1780.0,2.0,50.0,0.04,30,0,VALID,-455.81479542975086,-454.3920277145946,-449.90961705318773,-1.422767715156283,4.4824106614068455,-11.422767715156283,M0,M0,False,52.56739843889419,formal_m1_center_not_selected,2.5673984388941875,2.5673984388941875,0.05134796877788375,0.05134796877788375
NWS001752,NW044_QPP_N090_P050_A2_Q040,NWP_A2_S31_P050,NWB_A2_S31,STATIONARY_QPP_PRESENT,90,1780.0,2.0,50.0,0.04,31,0,VALID,-524.7770375247404,-515.119909551956,-517.5504887023266,-9.657127972784451,-2.4305791503705905,-19.65712797278445,M0,M0,False,79.24950266997313,formal_m1_center_not_selected,29.249502669973126,29.249502669973126,0.5849900533994625,0.5849900533994625
NWS001753,NW044_QPP_N090_P050_A2_Q040,NWP_A2_S32_P050,NWB_A2_S32,STATIONARY_QPP_PRESENT,90,1780.0,2.0,50.0,0.04,32,0,VALID,-489.44665080772467,-486.3283738144349,-486.34479049265803,-3.1182769932897827,-0.016416678223151848,-13.118276993289783,M0,M0,False,83.02610984053078,formal_m1_center_not_selected,33.02610984053078,33.02610984053078,0.6605221968106156,0.6605221968106156
NWS001754,NW044_QPP_N090_P050_A2_Q040,NWP_A2_S33_P050,NWB_A2_S33,STATIONARY_QPP_PRESENT,90,1780.0,2.0,50.0,0.04,33,0,VALID,-486.5039232740918,-483.9305140980731,-480.2385276537467,-2.5734091760186857,3.691986444326403,-12.573409176018686,M0,M0,False,71.66819412059138,formal_m1_center_not_selected,21.66819412059138,21.66819412059138,0.4333638824118276,0.4333638824118276
NWS001755,NW044_QPP_N090_P050_A2_Q040,NWP_A2_S34_P050,NWB_A2_S34,STATIONARY_QPP_PRESENT,90,1780.0,2.0,50.0,0.04,34,0,VALID,-489.3559669567487,-480.00758970385306,-483.8480687166925,-9.34837725289566,-3.8404790128394666,-19.34837725289566,M0,M0,False,82.28585424384359,formal_m1_center_not_selected,32.28585424384359,32.28585424384359,0.6457170848768717,0.6457170848768717
NWS001756,NW044_QPP_N090_P050_A2_Q040,NWP_A2_S35_P050,NWB_A2_S35,STATIONARY_QPP_PRESENT,90,1780.0,2.0,50.0,0.04,35,0,VALID,-443.832242949372,-435.2895270251789,-436.93367403426447,-8.54271592419309,-1.6441470090855432,-18.54271592419309,M0,M0,False,57.42560052655168,formal_m1_center_not_selected,7.425600526551683,7.425600526551683,0.14851201053103366,0.14851201053103366
NWS001757,NW044_QPP_N090_P050_A2_Q040,NWP_A2_S36_P050,NWB_A2_S36,STATIONARY_QPP_PRESENT,90,1780.0,2.0,50.0,0.04,36,0,VALID,-454.38708953467886,-445.3537780409795,-447.6821103277166,-9.033311493699387,-2.3283322867371226,-19.033311493699387,M0,M0,False,86.02367454016606,formal_m1_center_not_selected,36.023674540166056,36.023674540166056,0.7204734908033211,0.7204734908033211
NWS001758,NW044_QPP_N090_P050_A2_Q040,NWP_A2_S37_P050,NWB_A2_S37,STATIONARY_QPP_PRESENT,90,1780.0,2.0,50.0,0.04,37,0,VALID,-393.48347785778327,-386.3740277226258,-387.16727942317397,-7.109450135157488,-0.7932517005481827,-17.109450135157488,M0,M0,False,236.70675657134038,formal_m1_center_not_selected,186.70675657134038,186.70675657134038,3.7341351314268074,3.7341351314268074
NWS001759,NW044_QPP_N090_P050_A2_Q040,NWP_A2_S38_P050,NWB_A2_S38,STATIONARY_QPP_PRESENT,90,1780.0,2.0,50.0,0.04,38,0,VALID,-515.5846303457996,-510.32696237749116,-509.6026947928974,-5.2576679683084535,0.724267584593747,-15.257667968308454,M0,M0,False,59.8215466349574,formal_m1_center_not_selected,9.8215466349574,9.8215466349574,0.196430932699148,0.196430932699148
NWS001760,NW044_QPP_N090_P050_A2_Q040,NWP_A2_S39_P050,NWB_A2_S39,STATIONARY_QPP_PRESENT,90,1780.0,2.0,50.0,0.04,39,0,VALID,-546.0101144790195,-539.2670565641926,-539.338894782818,-6.743057914826977,-0.07183821862543027,-16.743057914826977,M0,M0,False,53.655371528574264,formal_m1_center_not_selected,3.655371528574264,3.655371528574264,0.07310743057148528,0.07310743057148528
NWS001761,NW045_QPP_N090_P080_A2_Q040,NWP_A2_S00_P080,NWB_A2_S00,STATIONARY_QPP_PRESENT,90,1780.0,2.0,80.0,0.04,0,0,VALID,-457.4552205902785,-449.1887673315754,-451.21370350327663,-8.266453258703109,-2.024936171701256,-18.26645325870311,M0,M0,False,132.1727740397897,formal_m1_center_not_selected,52.17277403978969,52.17277403978969,0.6521596754973711,0.6521596754973711
NWS001762,NW045_QPP_N090_P080_A2_Q040,NWP_A2_S01_P080,NWB_A2_S01,STATIONARY_QPP_PRESENT,90,1780.0,2.0,80.0,0.04,1,0,VALID,-518.2230549153766,-509.2538514477704,-511.1222868117941,-8.969203467606178,-1.8684353640236964,-18.969203467606178,M0,M0,False,152.07895247160477,formal_m1_center_not_selected,72.07895247160477,72.07895247160477,0.9009869058950596,0.9009869058950596
NWS001763,NW045_QPP_N090_P080_A2_Q040,NWP_A2_S02_P080,NWB_A2_S02,STATIONARY_QPP_PRESENT,90,1780.0,2.0,80.0,0.04,2,0,VALID,-513.0845577590275,-504.75080843492407,-507.3395927602455,-8.333749324103394,-2.5887843253214555,-18.333749324103394,M0,M0,False,46.10651867790087,formal_m1_center_not_selected,-33.89348132209913,33.89348132209913,-0.4236685165262391,0.4236685165262391
NWS001764,NW045_QPP_N090_P080_A2_Q040,NWP_A2_S03_P080,NWB_A2_S03,STATIONARY_QPP_PRESENT,90,1780.0,2.0,80.0,0.04,3,0,VALID,-438.75888336687007,-436.4934086153086,-434.16874631178575,-2.2654747515614417,2.324662303522871,-12.265474751561442,M0,M0,False,70.42923100687665,formal_m1_center_not_selected,-9.570768993123352,9.570768993123352,-0.1196346124140419,0.1196346124140419
NWS001765,NW045_QPP_N090_P080_A2_Q040,NWP_A2_S04_P080,NWB_A2_S04,STATIONARY_QPP_PRESENT,90,1780.0,2.0,80.0,0.04,4,0,VALID,-510.17642199691267,-505.6958233125999,-506.6117712813723,-4.480598684312781,-0.9159479687724001,-14.480598684312781,M0,M0,False,98.07305497398802,formal_m1_center_not_selected,18.07305497398802,18.07305497398802,0.22591318717485026,0.22591318717485026
NWS001766,NW045_QPP_N090_P080_A2_Q040,NWP_A2_S05_P080,NWB_A2_S05,STATIONARY_QPP_PRESENT,90,1780.0,2.0,80.0,0.04,5,0,VALID,-445.68832049365994,-444.46789420895954,-445.51216581188567,-1.2204262847004088,-1.0442716029261305,-11.220426284700409,M0,M0,False,96.06424718269447,formal_m1_center_not_selected,16.064247182694473,16.064247182694473,0.20080308978368092,0.20080308978368092
NWS001767,NW045_QPP_N090_P080_A2_Q040,NWP_A2_S06_P080,NWB_A2_S06,STATIONARY_QPP_PRESENT,90,1780.0,2.0,80.0,0.04,6,0,VALID,-559.9156781136129,-551.3959358331714,-553.2039576954157,-8.519742280441505,-1.8080218622443454,-18.519742280441505,M0,M0,False,72.66034038859301,formal_m1_center_not_selected,-7.3396596114069865,7.3396596114069865,-0.09174574514258733,0.09174574514258733
NWS001768,NW045_QPP_N090_P080_A2_Q040,NWP_A2_S07_P080,NWB_A2_S07,STATIONARY_QPP_PRESENT,90,1780.0,2.0,80.0,0.04,7,0,VALID,-537.84493838587,-529.4769435070443,-531.8115260897082,-8.367994878825698,-2.33458258266387,-18.367994878825698,M0,M0,False,79.52519022823442,formal_m1_center_not_selected,-0.47480977176557815,0.47480977176557815,-0.005935122147069727,0.005935122147069727
NWS001769,NW045_QPP_N090_P080_A2_Q040,NWP_A2_S08_P080,NWB_A2_S08,STATIONARY_QPP_PRESENT,90,1780.0,2.0,80.0,0.04,8,0,VALID,-438.02522821327614,-437.06350548236594,-431.1066557107257,-0.9617227309101963,5.956849771640236,-10.961722730910196,M0,M0,False,57.48532841865765,formal_m1_center_not_selected,-22.51467158134235,22.51467158134235,-0.28143339476677937,0.28143339476677937
NWS001770,NW045_QPP_N090_P080_A2_Q040,NWP_A2_S09_P080,NWB_A2_S09,STATIONARY_QPP_PRESENT,90,1780.0,2.0,80.0,0.04,9,0,VALID,-542.3086171773529,-533.4651031416338,-536.5359574526161,-8.843514035719068,-3.0708543109823268,-18.843514035719068,M0,M0,False,75.2117740045322,formal_m1_center_not_selected,-4.788225995467798,4.788225995467798,-0.05985282494334747,0.05985282494334747
NWS001771,NW045_QPP_N090_P080_A2_Q040,NWP_A2_S10_P080,NWB_A2_S10,STATIONARY_QPP_PRESENT,90,1780.0,2.0,80.0,0.04,10,0,VALID,-464.99887275000356,-458.0380880719309,-457.95141478556405,-6.9607846780726845,0.08667328636681759,-16.960784678072685,M0,M0,False,200.00102055659903,formal_m1_center_not_selected,120.00102055659903,120.00102055659903,1.500012756957488,1.500012756957488
NWS001772,NW045_QPP_N090_P080_A2_Q040,NWP_A2_S11_P080,NWB_A2_S11,STATIONARY_QPP_PRESENT,90,1780.0,2.0,80.0,0.04,11,0,VALID,-500.3833251467359,-492.2256233103894,-495.10081024649025,-8.157701836346519,-2.8751869361008744,-18.15770183634652,M0,M0,False,57.115555000693966,formal_m1_center_not_selected,-22.884444999306034,22.884444999306034,-0.2860555624913254,0.2860555624913254
NWS001773,NW045_QPP_N090_P080_A2_Q040,NWP_A2_S12_P080,NWB_A2_S12,STATIONARY_QPP_PRESENT,90,1780.0,2.0,80.0,0.04,12,0,VALID,-471.6872968976491,-462.506160763055,-466.3222962927882,-9.181136134594112,-3.8161355297332307,-19.181136134594112,M0,M0,False,75.09089958329879,formal_m1_center_not_selected,-4.909100416701207,4.909100416701207,-0.061363755208765094,0.061363755208765094
NWS001774,NW045_QPP_N090_P080_A2_Q040,NWP_A2_S13_P080,NWB_A2_S13,STATIONARY_QPP_PRESENT,90,1780.0,2.0,80.0,0.04,13,0,VALID,-416.39768281497624,-415.8771291113723,-411.53272334912117,-0.5205537036039232,4.344405762251142,-10.520553703603923,M0,M0,False,96.82095649392889,formal_m1_center_not_selected,16.82095649392889,16.82095649392889,0.21026195617411111,0.21026195617411111
NWS001775,NW045_QPP_N090_P080_A2_Q040,NWP_A2_S14_P080,NWB_A2_S14,STATIONARY_QPP_PRESENT,90,1780.0,2.0,80.0,0.04,14,0,VALID,-471.94467082381755,-469.2639344760688,-468.19302764249665,-2.6807363477487343,1.0709068335721668,-12.680736347748734,M0,M0,False,86.75446642144747,formal_m1_center_not_selected,6.754466421447475,6.754466421447475,0.08443083026809343,0.08443083026809343
NWS001776,NW045_QPP_N090_P080_A2_Q040,NWP_A2_S15_P080,NWB_A2_S15,STATIONARY_QPP_PRESENT,90,1780.0,2.0,80.0,0.04,15,0,VALID,-486.9913650515466,-478.82418090075214,-481.81244201313285,-8.16718415079447,-2.9882611123807123,-18.16718415079447,M0,M0,False,79.65832892793566,formal_m1_center_not_selected,-0.34167107206434366,0.34167107206434366,-0.004270888400804296,0.004270888400804296
NWS001777,NW045_QPP_N090_P080_A2_Q040,NWP_A2_S16_P080,NWB_A2_S16,STATIONARY_QPP_PRESENT,90,1780.0,2.0,80.0,0.04,16,0,VALID,-418.52764267075725,-412.02887111415754,-414.46518098087785,-6.498771556599706,-2.4363098667203076,-16.498771556599706,M0,M0,False,65.94296528132799,formal_m1_center_not_selected,-14.057034718672014,14.057034718672014,-0.17571293398340018,0.17571293398340018
NWS001778,NW045_QPP_N090_P080_A2_Q040,NWP_A2_S17_P080,NWB_A2_S17,STATIONARY_QPP_PRESENT,90,1780.0,2.0,80.0,0.04,17,0,VALID,-473.5809234352509,-463.64253978099083,-467.64136893206216,-9.938383654260065,-3.998829151071334,-19.938383654260065,M0,M0,False,122.76595213944849,formal_m1_center_not_selected,42.76595213944849,42.76595213944849,0.5345744017431061,0.5345744017431061
NWS001779,NW045_QPP_N090_P080_A2_Q040,NWP_A2_S18_P080,NWB_A2_S18,STATIONARY_QPP_PRESENT,90,1780.0,2.0,80.0,0.04,18,0,VALID,-449.8737137572445,-441.804710529961,-444.53397349133917,-8.069003227283474,-2.72926296137814,-18.069003227283474,M0,M0,False,64.77461832880486,formal_m1_center_not_selected,-15.225381671195137,15.225381671195137,-0.19031727088993922,0.19031727088993922
NWS001780,NW045_QPP_N090_P080_A2_Q040,NWP_A2_S19_P080,NWB_A2_S19,STATIONARY_QPP_PRESENT,90,1780.0,2.0,80.0,0.04,19,0,VALID,-418.2394600931213,-414.6023635412145,-413.3128138499716,-3.6370965519067795,1.2895496912429394,-13.63709655190678,M0,M0,False,83.0449629932516,formal_m1_center_not_selected,3.044962993251602,3.044962993251602,0.038062037415645025,0.038062037415645025
NWS001781,NW045_QPP_N090_P080_A2_Q040,NWP_A2_S20_P080,NWB_A2_S20,STATIONARY_QPP_PRESENT,90,1780.0,2.0,80.0,0.04,20,0,VALID,-557.5686211857887,-548.5104072404337,-550.9876769409942,-9.058213945355078,-2.477269700560555,-19.058213945355078,M0,M0,False,64.85578351006826,formal_m1_center_not_selected,-15.144216489931736,15.144216489931736,-0.1893027061241467,0.1893027061241467
NWS001782,NW045_QPP_N090_P080_A2_Q040,NWP_A2_S21_P080,NWB_A2_S21,STATIONARY_QPP_PRESENT,90,1780.0,2.0,80.0,0.04,21,0,VALID,-440.70305904603305,-433.2727937027653,-435.27609483450533,-7.430265343267763,-2.003301131740045,-17.430265343267763,M0,M0,False,71.00064428654692,formal_m1_center_not_selected,-8.999355713453085,8.999355713453085,-0.11249194641816355,0.11249194641816355
NWS001783,NW045_QPP_N090_P080_A2_Q040,NWP_A2_S22_P080,NWB_A2_S22,STATIONARY_QPP_PRESENT,90,1780.0,2.0,80.0,0.04,22,0,VALID,-434.14400165168814,-424.88487308129055,-428.02841260235397,-9.259128570397593,-3.143539521063417,-19.259128570397593,M0,M0,False,79.56530472162126,formal_m1_center_not_selected,-0.4346952783787401,0.4346952783787401,-0.005433690979734252,0.005433690979734252
NWS001784,NW045_QPP_N090_P080_A2_Q040,NWP_A2_S23_P080,NWB_A2_S23,STATIONARY_QPP_PRESENT,90,1780.0,2.0,80.0,0.04,23,0,VALID,-505.7546275633609,-496.73706301379724,-499.0403825867646,-9.017564549563645,-2.303319572967382,-19.017564549563645,M0,M0,False,175.83148611236075,formal_m1_center_not_selected,95.83148611236075,95.83148611236075,1.1978935764045093,1.1978935764045093
NWS001785,NW045_QPP_N090_P080_A2_Q040,NWP_A2_S24_P080,NWB_A2_S24,STATIONARY_QPP_PRESENT,90,1780.0,2.0,80.0,0.04,24,0,VALID,-486.65571180606423,-497.8031776553366,-489.48976727140774,11.14746584927235,8.31341038392884,-1.68658961607116,M2,M1,False,92.4323813438862,formal_m1_center_not_selected,12.432381343886206,12.432381343886206,0.15540476679857756,0.15540476679857756
NWS001786,NW045_QPP_N090_P080_A2_Q040,NWP_A2_S25_P080,NWB_A2_S25,STATIONARY_QPP_PRESENT,90,1780.0,2.0,80.0,0.04,25,0,VALID,-527.5890043880796,-518.1225590728656,-521.5867846260423,-9.46644531521406,-3.4642255531767887,-19.46644531521406,M0,M0,False,69.02333929313627,formal_m1_center_not_selected,-10.976660706863726,10.976660706863726,-0.13720825883579657,0.13720825883579657
NWS001787,NW045_QPP_N090_P080_A2_Q040,NWP_A2_S26_P080,NWB_A2_S26,STATIONARY_QPP_PRESENT,90,1780.0,2.0,80.0,0.04,26,0,VALID,-428.314819462161,-424.4180129598168,-424.32200037862697,-3.896806502344191,0.09601258118982514,-13.896806502344191,M0,M0,False,172.04079646187154,formal_m1_center_not_selected,92.04079646187154,92.04079646187154,1.1505099557733942,1.1505099557733942
NWS001788,NW045_QPP_N090_P080_A2_Q040,NWP_A2_S27_P080,NWB_A2_S27,STATIONARY_QPP_PRESENT,90,1780.0,2.0,80.0,0.04,27,0,VALID,-505.68833528498675,-500.11645126206514,-499.13811253720735,-5.5718840229216084,0.9783387248577924,-15.571884022921608,M0,M0,False,46.61504533989927,formal_m1_center_not_selected,-33.38495466010073,33.38495466010073,-0.41731193325125915,0.41731193325125915
NWS001789,NW045_QPP_N090_P080_A2_Q040,NWP_A2_S28_P080,NWB_A2_S28,STATIONARY_QPP_PRESENT,90,1780.0,2.0,80.0,0.04,28,0,VALID,-514.6404075918047,-507.5904629021034,-509.26111121386896,-7.049944689701249,-1.6706483117655466,-17.04994468970125,M0,M0,False,67.55194420572309,formal_m1_center_not_selected,-12.448055794276911,12.448055794276911,-0.1556006974284614,0.1556006974284614
NWS001790,NW045_QPP_N090_P080_A2_Q040,NWP_A2_S29_P080,NWB_A2_S29,STATIONARY_QPP_PRESENT,90,1780.0,2.0,80.0,0.04,29,0,VALID,-436.1100204275221,-428.8037820058799,-433.42206156006165,-7.306238421642206,-4.618279554181754,-17.306238421642206,M0,M0,False,166.3982347617717,formal_m1_center_not_selected,86.3982347617717,86.3982347617717,1.0799779345221463,1.0799779345221463
NWS001791,NW045_QPP_N090_P080_A2_Q040,NWP_A2_S30_P080,NWB_A2_S30,STATIONARY_QPP_PRESENT,90,1780.0,2.0,80.0,0.04,30,0,VALID,-460.44056086783024,-453.822283962422,-453.4688605573535,-6.6182769054082655,0.35342340506849723,-16.618276905408266,M0,M0,False,52.7508564554294,formal_m1_center_not_selected,-27.2491435445706,27.2491435445706,-0.3406142943071325,0.3406142943071325
NWS001792,NW045_QPP_N090_P080_A2_Q040,NWP_A2_S31_P080,NWB_A2_S31,STATIONARY_QPP_PRESENT,90,1780.0,2.0,80.0,0.04,31,0,VALID,-526.3525109143845,-517.98494936454,-518.9055561760323,-8.367561549844595,-0.9206068114923482,-18.367561549844595,M0,M0,False,81.26007579309545,formal_m1_center_not_selected,1.260075793095453,1.260075793095453,0.01575094741369316,0.01575094741369316
NWS001793,NW045_QPP_N090_P080_A2_Q040,NWP_A2_S32_P080,NWB_A2_S32,STATIONARY_QPP_PRESENT,90,1780.0,2.0,80.0,0.04,32,0,VALID,-490.9686816805617,-488.66063256882995,-487.5947131162559,-2.308049111731748,1.0659194525740645,-12.308049111731748,M0,M0,False,84.13178354068089,formal_m1_center_not_selected,4.131783540680885,4.131783540680885,0.05164729425851107,0.05164729425851107
NWS001794,NW045_QPP_N090_P080_A2_Q040,NWP_A2_S33_P080,NWB_A2_S33,STATIONARY_QPP_PRESENT,90,1780.0,2.0,80.0,0.04,33,0,VALID,-487.2377753186851,-486.7229249175711,-481.27034430805054,-0.5148504011140176,5.452580609520567,-10.514850401114018,M0,M0,False,71.2906491653203,formal_m1_center_not_selected,-8.709350834679697,8.709350834679697,-0.10886688543349621,0.10886688543349621
NWS001795,NW045_QPP_N090_P080_A2_Q040,NWP_A2_S34_P080,NWB_A2_S34,STATIONARY_QPP_PRESENT,90,1780.0,2.0,80.0,0.04,34,0,VALID,-492.1711165478003,-482.5791673032354,-486.5763484125804,-9.591949244564887,-3.9971811093449787,-19.591949244564887,M0,M0,False,76.21095621404616,formal_m1_center_not_selected,-3.7890437859538366,3.7890437859538366,-0.04736304732442296,0.04736304732442296
NWS001796,NW045_QPP_N090_P080_A2_Q040,NWP_A2_S35_P080,NWB_A2_S35,STATIONARY_QPP_PRESENT,90,1780.0,2.0,80.0,0.04,35,0,VALID,-444.6570854749507,-434.7669191706378,-437.81047324358667,-9.890166304312913,-3.0435540729488935,-19.890166304312913,M0,M0,False,62.009297226614315,formal_m1_center_not_selected,-17.990702773385685,17.990702773385685,-0.22488378466732106,0.22488378466732106
NWS001797,NW045_QPP_N090_P080_A2_Q040,NWP_A2_S36_P080,NWB_A2_S36,STATIONARY_QPP_PRESENT,90,1780.0,2.0,80.0,0.04,36,0,VALID,-456.1676101377235,-450.0467120868904,-450.2749426658439,-6.120898050833091,-0.2282305789535144,-16.12089805083309,M0,M0,False,85.67876109685372,formal_m1_center_not_selected,5.678761096853719,5.678761096853719,0.07098451371067149,0.07098451371067149
NWS001798,NW045_QPP_N090_P080_A2_Q040,NWP_A2_S37_P080,NWB_A2_S37,STATIONARY_QPP_PRESENT,90,1780.0,2.0,80.0,0.04,37,0,VALID,-392.5939667696052,-385.32696418475615,-386.3342873446318,-7.267002584849024,-1.0073231598756252,-17.267002584849024,M0,M0,False,236.6575326114736,formal_m1_center_not_selected,156.6575326114736,156.6575326114736,1.9582191576434202,1.9582191576434202
NWS001799,NW045_QPP_N090_P080_A2_Q040,NWP_A2_S38_P080,NWB_A2_S38,STATIONARY_QPP_PRESENT,90,1780.0,2.0,80.0,0.04,38,0,VALID,-518.6939249420533,-512.8256916416424,-512.6743028974861,-5.868233300410907,0.1513887441562929,-15.868233300410907,M0,M0,False,61.334549408103165,formal_m1_center_not_selected,-18.665450591896835,18.665450591896835,-0.23331813239871044,0.23331813239871044
NWS001800,NW045_QPP_N090_P080_A2_Q040,NWP_A2_S39_P080,NWB_A2_S39,STATIONARY_QPP_PRESENT,90,1780.0,2.0,80.0,0.04,39,0,VALID,-547.7289901501391,-538.2261871454061,-540.6669256495743,-9.502803004732982,-2.4407385041681664,-19.502803004732982,M0,M0,False,48.22740306272863,formal_m1_center_not_selected,-31.772596937271373,31.772596937271373,-0.39715746171589217,0.39715746171589217
NWS001801,NW046_NULL_N120_A0,NWP_A0_S00_NULL,NWB_A0_S00,NULL_FLARE_RED_NOISE,120,2380.0,0.0,,,0,0,VALID,-323.6518690419236,-315.1530933093136,-315.4973138124764,-8.49877573261,-0.3442205031628305,-18.49877573261,M0,M0,False,40.0,,,,,
NWS001802,NW046_NULL_N120_A0,NWP_A0_S01_NULL,NWB_A0_S01,NULL_FLARE_RED_NOISE,120,2380.0,0.0,,,1,0,VALID,-294.503344300635,-288.739913159703,-286.3785738723769,-5.763431140931971,2.361339287326132,-15.76343114093197,M0,M0,False,203.21787404964599,,,,,
NWS001803,NW046_NULL_N120_A0,NWP_A0_S02_NULL,NWB_A0_S02,NULL_FLARE_RED_NOISE,120,2380.0,0.0,,,2,0,VALID,-301.69205010457404,-296.7037458616023,-293.5372709116197,-4.988304242971765,3.1664749499825575,-14.988304242971765,M0,M0,False,75.06247809743161,,,,,
NWS001804,NW046_NULL_N120_A0,NWP_A0_S03_NULL,NWB_A0_S03,NULL_FLARE_RED_NOISE,120,2380.0,0.0,,,3,0,VALID,-334.8455408382893,-332.28134045872383,-326.9947970844695,-2.5642003795654773,5.286543374254336,-12.564200379565477,M0,M0,False,148.60794080308625,,,,,
NWS001805,NW046_NULL_N120_A0,NWP_A0_S04_NULL,NWB_A0_S04,NULL_FLARE_RED_NOISE,120,2380.0,0.0,,,4,0,VALID,-344.58306690777806,-336.0302668391247,-336.4520607441414,-8.552800068653369,-0.4217939050167274,-18.55280006865337,M0,M0,False,54.5612726443956,,,,,
NWS001806,NW046_NULL_N120_A0,NWP_A0_S05_NULL,NWB_A0_S05,NULL_FLARE_RED_NOISE,120,2380.0,0.0,,,5,0,VALID,-320.3845742747112,-314.2161364805316,-312.4602738705587,-6.168437794179624,1.755862609972894,-16.168437794179624,M0,M0,False,187.1824462999426,,,,,
NWS001807,NW046_NULL_N120_A0,NWP_A0_S06_NULL,NWB_A0_S06,NULL_FLARE_RED_NOISE,120,2380.0,0.0,,,6,0,VALID,-336.9469807731759,-334.17281394160756,-331.89178944059995,-2.7741668315683228,2.2810245010076073,-12.774166831568323,M0,M0,False,299.99999999999994,,,,,
NWS001808,NW046_NULL_N120_A0,NWP_A0_S07_NULL,NWB_A0_S07,NULL_FLARE_RED_NOISE,120,2380.0,0.0,,,7,0,VALID,-299.6893388837023,-299.8035037244708,-291.6335268718876,0.114164840768467,8.169976852583147,-9.885835159231533,M0,M1,False,55.302794632535964,,,,,
NWS001809,NW046_NULL_N120_A0,NWP_A0_S08_NULL,NWB_A0_S08,NULL_FLARE_RED_NOISE,120,2380.0,0.0,,,8,0,VALID,-328.3783784533359,-317.99847430713186,-320.25576074068766,-10.379904146204069,-2.257286433555805,-20.37990414620407,M0,M0,False,40.0,,,,,
NWS001810,NW046_NULL_N120_A0,NWP_A0_S09_NULL,NWB_A0_S09,NULL_FLARE_RED_NOISE,120,2380.0,0.0,,,9,0,VALID,-350.95246110208075,-341.1529430661065,-342.86691582239166,-9.799518035974245,-1.713972756285159,-19.799518035974245,M0,M0,False,258.6168303698885,,,,,
NWS001811,NW046_NULL_N120_A0,NWP_A0_S10_NULL,NWB_A0_S10,NULL_FLARE_RED_NOISE,120,2380.0,0.0,,,10,0,VALID,-325.2973566948863,-317.24584263346736,-317.6836940866184,-8.051514061418914,-0.43785145315104046,-18.051514061418914,M0,M0,False,48.393666028994666,,,,,
NWS001812,NW046_NULL_N120_A0,NWP_A0_S11_NULL,NWB_A0_S11,NULL_FLARE_RED_NOISE,120,2380.0,0.0,,,11,0,VALID,-353.6277766876061,-346.3302055191804,-345.97606295282276,-7.297571168425691,0.35414256635766606,-17.29757116842569,M0,M0,False,83.24219901945855,,,,,
NWS001813,NW046_NULL_N120_A0,NWP_A0_S12_NULL,NWB_A0_S12,NULL_FLARE_RED_NOISE,120,2380.0,0.0,,,12,0,VALID,-333.913610278838,-329.0749769977031,-325.7914646218975,-4.838633281134889,3.2835123758056284,-14.83863328113489,M0,M0,False,107.86475496025417,,,,,
NWS001814,NW046_NULL_N120_A0,NWP_A0_S13_NULL,NWB_A0_S13,NULL_FLARE_RED_NOISE,120,2380.0,0.0,,,13,0,VALID,-322.1922787486052,-315.48208655972394,-314.1811940818079,-6.710192188881251,1.3008924779160225,-16.71019218888125,M0,M0,False,59.90151099265121,,,,,
NWS001815,NW046_NULL_N120_A0,NWP_A0_S14_NULL,NWB_A0_S14,NULL_FLARE_RED_NOISE,120,2380.0,0.0,,,14,0,VALID,-314.3466592330517,-308.44764199603327,-307.00475178334796,-5.899017237018427,1.4428902126853131,-15.899017237018427,M0,M0,False,106.67339521176534,,,,,
NWS001816,NW046_NULL_N120_A0,NWP_A0_S15_NULL,NWB_A0_S15,NULL_FLARE_RED_NOISE,120,2380.0,0.0,,,15,0,VALID,-354.64442161010055,-355.5453558601139,-346.49089657182583,0.9009342500133357,9.054459288288058,-9.099065749986664,M0,M1,False,74.14639949761859,,,,,
NWS001817,NW046_NULL_N120_A0,NWP_A0_S16_NULL,NWB_A0_S16,NULL_FLARE_RED_NOISE,120,2380.0,0.0,,,16,0,VALID,-351.9743960351172,-341.49951218329926,-343.8469303367258,-10.474883851817935,-2.3474181534265313,-20.474883851817935,M0,M0,False,70.53685641316603,,,,,
NWS001818,NW046_NULL_N120_A0,NWP_A0_S17_NULL,NWB_A0_S17,NULL_FLARE_RED_NOISE,120,2380.0,0.0,,,17,0,VALID,-321.1541363973109,-321.21457891124874,-313.0026173443572,0.06044251393785771,8.211961566891546,-9.939557486062142,M0,M1,False,51.83827635532744,,,,,
NWS001819,NW046_NULL_N120_A0,NWP_A0_S18_NULL,NWB_A0_S18,NULL_FLARE_RED_NOISE,120,2380.0,0.0,,,18,0,VALID,-313.60469416297747,-316.0665638930721,-305.521246591204,2.4618697300946337,10.545317301868124,-7.538130269905366,M0,M1,False,89.0532153606341,,,,,
NWS001820,NW046_NULL_N120_A0,NWP_A0_S19_NULL,NWB_A0_S19,NULL_FLARE_RED_NOISE,120,2380.0,0.0,,,19,0,VALID,-314.92268498460396,-304.8181023684751,-307.08649247525767,-10.10458261612888,-2.26839010678259,-20.10458261612888,M0,M0,False,148.09106063934826,,,,,
NWS001821,NW046_NULL_N120_A0,NWP_A0_S20_NULL,NWB_A0_S20,NULL_FLARE_RED_NOISE,120,2380.0,0.0,,,20,0,VALID,-338.1340230604079,-332.7424792522667,-330.398593664843,-5.3915438081411935,2.3438855874236992,-15.391543808141193,M0,M0,False,142.0594795918674,,,,,
NWS001822,NW046_NULL_N120_A0,NWP_A0_S21_NULL,NWB_A0_S21,NULL_FLARE_RED_NOISE,120,2380.0,0.0,,,21,0,VALID,-340.2973855327567,-334.5810592495768,-332.1438306205493,-5.71632628317991,2.4372286290275156,-15.71632628317991,M0,M0,False,40.0,,,,,
NWS001823,NW046_NULL_N120_A0,NWP_A0_S22_NULL,NWB_A0_S22,NULL_FLARE_RED_NOISE,120,2380.0,0.0,,,22,0,VALID,-336.6698376310644,-331.2435438082692,-328.5588206827323,-5.42629382279523,2.684723125536891,-15.42629382279523,M0,M0,False,106.84564260399327,,,,,
NWS001824,NW046_NULL_N120_A0,NWP_A0_S23_NULL,NWB_A0_S23,NULL_FLARE_RED_NOISE,120,2380.0,0.0,,,23,0,VALID,-312.81268368136335,-305.3502759966575,-304.860402436865,-7.462407684705852,0.4898735597924997,-17.462407684705852,M0,M0,False,51.1617054912779,,,,,
NWS001825,NW046_NULL_N120_A0,NWP_A0_S24_NULL,NWB_A0_S24,NULL_FLARE_RED_NOISE,120,2380.0,0.0,,,24,0,VALID,-321.953833633966,-323.14306706460076,-314.2878797200004,1.189233430634772,8.855187344600381,-8.810766569365228,M0,M1,False,133.64754455181753,,,,,
NWS001826,NW046_NULL_N120_A0,NWP_A0_S25_NULL,NWB_A0_S25,NULL_FLARE_RED_NOISE,120,2380.0,0.0,,,25,0,VALID,-314.9739876287722,-312.81138781951006,-306.94689489075006,-2.162599809262133,5.864492928760001,-12.162599809262133,M0,M0,False,153.8650735810141,,,,,
NWS001827,NW046_NULL_N120_A0,NWP_A0_S26_NULL,NWB_A0_S26,NULL_FLARE_RED_NOISE,120,2380.0,0.0,,,26,0,VALID,-308.03316190936397,-302.0443693061628,-299.9546581780329,-5.988792603201148,2.0897111281299203,-15.988792603201148,M0,M0,False,134.57349802354526,,,,,
NWS001828,NW046_NULL_N120_A0,NWP_A0_S27_NULL,NWB_A0_S27,NULL_FLARE_RED_NOISE,120,2380.0,0.0,,,27,0,VALID,-346.324232986115,-342.0379583990635,-338.30668022651565,-4.286274587051537,3.7312781725478317,-14.286274587051537,M0,M0,False,79.41760450044337,,,,,
NWS001829,NW046_NULL_N120_A0,NWP_A0_S28_NULL,NWB_A0_S28,NULL_FLARE_RED_NOISE,120,2380.0,0.0,,,28,0,VALID,-319.1421522671595,-309.6096593537322,-311.00268562502345,-9.53249291342729,-1.3930262712912622,-19.53249291342729,M0,M0,False,62.083910040164284,,,,,
NWS001830,NW046_NULL_N120_A0,NWP_A0_S29_NULL,NWB_A0_S29,NULL_FLARE_RED_NOISE,120,2380.0,0.0,,,29,0,VALID,-333.94076418332537,-324.19991052798133,-325.7946006483302,-9.74085365534404,-1.5946901203488437,-19.74085365534404,M0,M0,False,164.86253938985882,,,,,
NWS001831,NW046_NULL_N120_A0,NWP_A0_S30_NULL,NWB_A0_S30,NULL_FLARE_RED_NOISE,120,2380.0,0.0,,,30,0,VALID,-325.96851463536905,-317.1491533003969,-317.8224350590541,-8.819361334972143,-0.6732817586571969,-18.819361334972143,M0,M0,False,41.564641757000736,,,,,
NWS001832,NW046_NULL_N120_A0,NWP_A0_S31_NULL,NWB_A0_S31,NULL_FLARE_RED_NOISE,120,2380.0,0.0,,,31,0,VALID,-297.4789338322038,-292.4873237195986,-289.3855484759446,-4.991610112605201,3.1017752436540036,-14.991610112605201,M0,M0,False,83.76378520533,,,,,
NWS001833,NW046_NULL_N120_A0,NWP_A0_S32_NULL,NWB_A0_S32,NULL_FLARE_RED_NOISE,120,2380.0,0.0,,,32,0,VALID,-304.9641256507476,-306.97530752387024,-297.8823116451848,2.0111818731226663,9.092995878685429,-7.988818126877334,M0,M1,False,208.79102488354482,,,,,
NWS001834,NW046_NULL_N120_A0,NWP_A0_S33_NULL,NWB_A0_S33,NULL_FLARE_RED_NOISE,120,2380.0,0.0,,,33,0,VALID,-357.8334001732821,-351.5606914771235,-349.8690631546054,-6.272708696158588,1.6916283225181132,-16.27270869615859,M0,M0,False,205.88662012659896,,,,,
NWS001835,NW046_NULL_N120_A0,NWP_A0_S34_NULL,NWB_A0_S34,NULL_FLARE_RED_NOISE,120,2380.0,0.0,,,34,0,VALID,-332.84212457980226,-334.7537646735017,-325.53270441450087,1.9116400936994182,9.221060259000808,-8.088359906300582,M0,M1,False,50.232527250314014,,,,,
NWS001836,NW046_NULL_N120_A0,NWP_A0_S35_NULL,NWB_A0_S35,NULL_FLARE_RED_NOISE,120,2380.0,0.0,,,35,0,VALID,-327.6704497947493,-321.7881810560295,-319.5177587235564,-5.882268738719802,2.2704223324730606,-15.882268738719802,M0,M0,False,121.45627126363264,,,,,
NWS001837,NW046_NULL_N120_A0,NWP_A0_S36_NULL,NWB_A0_S36,NULL_FLARE_RED_NOISE,120,2380.0,0.0,,,36,0,VALID,-326.5887863302245,-314.35617272356825,-318.7662700853783,-12.23261360665623,-4.410097361810074,-22.23261360665623,M0,M0,False,41.605892067762085,,,,,
NWS001838,NW046_NULL_N120_A0,NWP_A0_S37_NULL,NWB_A0_S37,NULL_FLARE_RED_NOISE,120,2380.0,0.0,,,37,0,VALID,-331.0397700359823,-325.5551027476592,-322.8849380269154,-5.484667288323124,2.6701647207437986,-15.484667288323124,M0,M0,False,62.26640424819329,,,,,
NWS001839,NW046_NULL_N120_A0,NWP_A0_S38_NULL,NWB_A0_S38,NULL_FLARE_RED_NOISE,120,2380.0,0.0,,,38,0,VALID,-313.94104434707515,-308.73313396366484,-305.89457941327066,-5.207910383410308,2.8385545503941785,-15.207910383410308,M0,M0,False,153.63101904366005,,,,,
NWS001840,NW046_NULL_N120_A0,NWP_A0_S39_NULL,NWB_A0_S39,NULL_FLARE_RED_NOISE,120,2380.0,0.0,,,39,0,VALID,-321.17169721127107,-317.14839974342533,-313.1056370255058,-4.023297467845737,4.042762717919516,-14.023297467845737,M0,M0,False,74.19841310961971,,,,,
NWS001841,NW047_QPP_N120_P050_A0_Q040,NWP_A0_S00_P050,NWB_A0_S00,STATIONARY_QPP_PRESENT,120,2380.0,0.0,50.0,0.04,0,0,VALID,-323.07087117173626,-314.56446213474055,-314.9281075146531,-8.506409036995706,-0.36364537991255474,-18.506409036995706,M0,M0,False,40.0,formal_m1_center_not_selected,-10.0,10.0,-0.2,0.2
NWS001842,NW047_QPP_N120_P050_A0_Q040,NWP_A0_S01_P050,NWB_A0_S01,STATIONARY_QPP_PRESENT,120,2380.0,0.0,50.0,0.04,1,0,VALID,-294.02148975043076,-288.2564918300996,-285.8968150120737,-5.7649979203311545,2.359676818025889,-15.764997920331155,M0,M0,False,203.21656441123886,formal_m1_center_not_selected,153.21656441123886,153.21656441123886,3.064331288224777,3.064331288224777
NWS001843,NW047_QPP_N120_P050_A0_Q040,NWP_A0_S02_P050,NWB_A0_S02,STATIONARY_QPP_PRESENT,120,2380.0,0.0,50.0,0.04,2,0,VALID,-301.92495314917676,-296.8998865255336,-293.7702246039482,-5.02506662364317,3.1296619215854093,-15.02506662364317,M0,M0,False,75.06282984841236,formal_m1_center_not_selected,25.062829848412363,25.062829848412363,0.5012565969682473,0.5012565969682473
NWS001844,NW047_QPP_N120_P050_A0_Q040,NWP_A0_S03_P050,NWB_A0_S03,STATIONARY_QPP_PRESENT,120,2380.0,0.0,50.0,0.04,3,0,VALID,-334.34036968162286,-331.78923930529777,-326.5030837198988,-2.5511303763250908,5.286155585398944,-12.55113037632509,M0,M0,False,148.61137174692084,formal_m1_center_not_selected,98.61137174692084,98.61137174692084,1.9722274349384168,1.9722274349384168
NWS001845,NW047_QPP_N120_P050_A0_Q040,NWP_A0_S04_P050,NWB_A0_S04,STATIONARY_QPP_PRESENT,120,2380.0,0.0,50.0,0.04,4,0,VALID,-345.14499087267444,-336.6383968366378,-337.5255562164997,-8.506594036036631,-0.8871593798618846,-18.50659403603663,M0,M0,False,54.55376275793063,formal_m1_center_not_selected,4.5537627579306275,4.5537627579306275,0.09107525515861255,0.09107525515861255
NWS001846,NW047_QPP_N120_P050_A0_Q040,NWP_A0_S05_P050,NWB_A0_S05,STATIONARY_QPP_PRESENT,120,2380.0,0.0,50.0,0.04,5,0,VALID,-319.7255434620137,-312.6083232786533,-311.80136741609266,-7.117220183360416,0.8069558625606419,-17.117220183360416,M0,M0,False,153.9501017820527,formal_m1_center_not_selected,103.95010178205271,103.95010178205271,2.079002035641054,2.079002035641054
NWS001847,NW047_QPP_N120_P050_A0_Q040,NWP_A0_S06_P050,NWB_A0_S06,STATIONARY_QPP_PRESENT,120,2380.0,0.0,50.0,0.04,6,0,VALID,-337.09848820810197,-334.32573128748,-332.04152898397007,-2.772756920621987,2.2842023035099146,-12.772756920621987,M0,M0,False,299.99999999999994,formal_m1_center_not_selected,249.99999999999994,249.99999999999994,4.999999999999999,4.999999999999999
NWS001848,NW047_QPP_N120_P050_A0_Q040,NWP_A0_S07_P050,NWB_A0_S07,STATIONARY_QPP_PRESENT,120,2380.0,0.0,50.0,0.04,7,0,VALID,-300.2879041535952,-300.39522471905025,-292.1467626630931,0.10732056545504065,8.248462055957134,-9.89267943454496,M0,M1,False,55.298462060159984,formal_m1_center_not_selected,5.298462060159984,5.298462060159984,0.10596924120319968,0.10596924120319968
NWS001849,NW047_QPP_N120_P050_A0_Q040,NWP_A0_S08_P050,NWB_A0_S08,STATIONARY_QPP_PRESENT,120,2380.0,0.0,50.0,0.04,8,0,VALID,-328.9528675553511,-318.5674180460464,-320.8295886980629,-10.385449509304692,-2.2621706520164935,-20.385449509304692,M0,M0,False,40.0,formal_m1_center_not_selected,-10.0,10.0,-0.2,0.2
NWS001850,NW047_QPP_N120_P050_A0_Q040,NWP_A0_S09_P050,NWB_A0_S09,STATIONARY_QPP_PRESENT,120,2380.0,0.0,50.0,0.04,9,0,VALID,-350.67680817751125,-340.8781514232839,-343.019358349257,-9.798656754227352,-2.1412069259731084,-19.798656754227352,M0,M0,False,258.6213330498882,formal_m1_center_not_selected,208.62133304988822,208.62133304988822,4.172426660997765,4.172426660997765
NWS001851,NW047_QPP_N120_P050_A0_Q040,NWP_A0_S10_P050,NWB_A0_S10,STATIONARY_QPP_PRESENT,120,2380.0,0.0,50.0,0.04,10,0,VALID,-325.7744318352268,-317.7443652843481,-318.1591526446403,-8.0300665508787,-0.4147873602922232,-18.0300665508787,M0,M0,False,48.40241157611799,formal_m1_center_not_selected,-1.5975884238820086,1.5975884238820086,-0.03195176847764017,0.03195176847764017
NWS001852,NW047_QPP_N120_P050_A0_Q040,NWP_A0_S11_P050,NWB_A0_S11,STATIONARY_QPP_PRESENT,120,2380.0,0.0,50.0,0.04,11,0,VALID,-354.2589975384664,-346.93365993928734,-346.6001827300631,-7.325337599179079,0.3334772092242133,-17.32533759917908,M0,M0,False,83.22889539523015,formal_m1_center_not_selected,33.228895395230154,33.228895395230154,0.664577907904603,0.664577907904603
NWS001853,NW047_QPP_N120_P050_A0_Q040,NWP_A0_S12_P050,NWB_A0_S12,STATIONARY_QPP_PRESENT,120,2380.0,0.0,50.0,0.04,12,0,VALID,-333.4834031272017,-328.64293435835754,-325.3614230439167,-4.840468768844175,3.28151131444082,-14.840468768844175,M0,M0,False,107.86256759509693,formal_m1_center_not_selected,57.862567595096934,57.862567595096934,1.1572513519019387,1.1572513519019387
NWS001854,NW047_QPP_N120_P050_A0_Q040,NWP_A0_S13_P050,NWB_A0_S13,STATIONARY_QPP_PRESENT,120,2380.0,0.0,50.0,0.04,13,0,VALID,-322.8186508282116,-316.0961238342649,-314.8078030639286,-6.722526993946701,1.2883207703363269,-16.7225269939467,M0,M0,False,59.906468361395895,formal_m1_center_not_selected,9.906468361395895,9.906468361395895,0.1981293672279179,0.1981293672279179
NWS001855,NW047_QPP_N120_P050_A0_Q040,NWP_A0_S14_P050,NWB_A0_S14,STATIONARY_QPP_PRESENT,120,2380.0,0.0,50.0,0.04,14,0,VALID,-314.1868000867193,-308.26100903916927,-306.83618148659343,-5.925791047550035,1.4248275525758345,-15.925791047550035,M0,M0,False,106.67184260285461,formal_m1_center_not_selected,56.67184260285461,56.67184260285461,1.133436852057092,1.133436852057092
NWS001856,NW047_QPP_N120_P050_A0_Q040,NWP_A0_S15_P050,NWB_A0_S15,STATIONARY_QPP_PRESENT,120,2380.0,0.0,50.0,0.04,15,0,VALID,-354.24456314705617,-355.1625680284786,-346.0910972175719,0.9180048814224051,9.071470810906646,-9.081995118577595,M0,M1,False,74.14711675002519,formal_m1_center_not_selected,24.14711675002519,24.14711675002519,0.4829423350005038,0.4829423350005038
NWS001857,NW047_QPP_N120_P050_A0_Q040,NWP_A0_S16_P050,NWB_A0_S16,STATIONARY_QPP_PRESENT,120,2380.0,0.0,50.0,0.04,16,0,VALID,-351.1859009282371,-340.7022701040045,-343.05858727042556,-10.483630824232591,-2.356317166421036,-20.48363082423259,M0,M0,False,70.5336033462324,formal_m1_center_not_selected,20.533603346232397,20.533603346232397,0.4106720669246479,0.4106720669246479
NWS001858,NW047_QPP_N120_P050_A0_Q040,NWP_A0_S17_P050,NWB_A0_S17,STATIONARY_QPP_PRESENT,120,2380.0,0.0,50.0,0.04,17,0,VALID,-320.3091076673666,-320.36901487594,-312.1575672775731,0.05990720857340648,8.21144759836693,-9.940092791426594,M0,M1,False,51.835273505961744,formal_m1_center_not_selected,1.8352735059617444,1.8352735059617444,0.03670547011923489,0.03670547011923489
NWS001859,NW047_QPP_N120_P050_A0_Q040,NWP_A0_S18_P050,NWB_A0_S18,STATIONARY_QPP_PRESENT,120,2380.0,0.0,50.0,0.04,18,0,VALID,-312.81219122031393,-315.2453128990201,-304.7287607511132,2.4331216787061862,10.516552147906907,-7.566878321293814,M0,M1,False,89.05392207237921,formal_m1_center_not_selected,39.05392207237921,39.05392207237921,0.7810784414475842,0.7810784414475842
NWS001860,NW047_QPP_N120_P050_A0_Q040,NWP_A0_S19_P050,NWB_A0_S19,STATIONARY_QPP_PRESENT,120,2380.0,0.0,50.0,0.04,19,0,VALID,-315.08716811529644,-304.98329081250694,-307.2509424117209,-10.103877302789499,-2.267651599213991,-20.1038773027895,M0,M0,False,148.09059982940778,formal_m1_center_not_selected,98.09059982940778,98.09059982940778,1.9618119965881555,1.9618119965881555
NWS001861,NW047_QPP_N120_P050_A0_Q040,NWP_A0_S20_P050,NWB_A0_S20,STATIONARY_QPP_PRESENT,120,2380.0,0.0,50.0,0.04,20,0,VALID,-337.8854323792353,-332.4818150151716,-330.14797939589016,-5.4036173640636775,2.3338356192814445,-15.403617364063678,M0,M0,False,142.0613008453672,formal_m1_center_not_selected,92.06130084536721,92.06130084536721,1.8412260169073442,1.8412260169073442
NWS001862,NW047_QPP_N120_P050_A0_Q040,NWP_A0_S21_P050,NWB_A0_S21,STATIONARY_QPP_PRESENT,120,2380.0,0.0,50.0,0.04,21,0,VALID,-340.93355240474494,-335.2124084013299,-332.77997650288194,-5.72114400341502,2.4324318984479874,-15.72114400341502,M0,M0,False,40.0,formal_m1_center_not_selected,-10.0,10.0,-0.2,0.2
NWS001863,NW047_QPP_N120_P050_A0_Q040,NWP_A0_S22_P050,NWB_A0_S22,STATIONARY_QPP_PRESENT,120,2380.0,0.0,50.0,0.04,22,0,VALID,-337.10410949433583,-331.655813754609,-328.99259406973465,-5.448295739726802,2.6632196848743774,-15.448295739726802,M0,M0,False,106.83547942936188,formal_m1_center_not_selected,56.83547942936188,56.83547942936188,1.1367095885872376,1.1367095885872376
NWS001864,NW047_QPP_N120_P050_A0_Q040,NWP_A0_S23_P050,NWB_A0_S23,STATIONARY_QPP_PRESENT,120,2380.0,0.0,50.0,0.04,23,0,VALID,-313.4766995403138,-306.03772521385775,-305.52153662363037,-7.438974326456048,0.5161885902273866,-17.438974326456048,M0,M0,False,51.15440239542739,formal_m1_center_not_selected,1.1544023954273896,1.1544023954273896,0.023088047908547793,0.023088047908547793
NWS001865,NW047_QPP_N120_P050_A0_Q040,NWP_A0_S24_P050,NWB_A0_S24,STATIONARY_QPP_PRESENT,120,2380.0,0.0,50.0,0.04,24,0,VALID,-321.89305526438835,-323.0470709433527,-314.22008647203955,1.154015678964356,8.826984471313153,-8.845984321035644,M0,M1,False,133.63865479266082,formal_m1_center_not_selected,83.63865479266082,83.63865479266082,1.6727730958532163,1.6727730958532163
NWS001866,NW047_QPP_N120_P050_A0_Q040,NWP_A0_S25_P050,NWB_A0_S25,STATIONARY_QPP_PRESENT,120,2380.0,0.0,50.0,0.04,25,0,VALID,-315.5506486686601,-313.38413752436026,-307.5227093483265,-2.166511144299818,5.861428176033769,-12.166511144299818,M0,M0,False,153.8675042280419,formal_m1_center_not_selected,103.8675042280419,103.8675042280419,2.077350084560838,2.077350084560838
NWS001867,NW047_QPP_N120_P050_A0_Q040,NWP_A0_S26_P050,NWB_A0_S26,STATIONARY_QPP_PRESENT,120,2380.0,0.0,50.0,0.04,26,0,VALID,-307.200029190419,-301.20376806359684,-299.12173563988597,-5.996261126822162,2.0820324237108707,-15.996261126822162,M0,M0,False,134.57569793069268,formal_m1_center_not_selected,84.57569793069268,84.57569793069268,1.6915139586138537,1.6915139586138537
NWS001868,NW047_QPP_N120_P050_A0_Q040,NWP_A0_S27_P050,NWB_A0_S27,STATIONARY_QPP_PRESENT,120,2380.0,0.0,50.0,0.04,27,0,VALID,-345.82211485046435,-341.4671814620262,-337.8360501130819,-4.354933388438155,3.6311313489442796,-14.354933388438155,M0,M0,False,79.365100951271,formal_m1_center_not_selected,29.365100951271003,29.365100951271003,0.5873020190254201,0.5873020190254201
NWS001869,NW047_QPP_N120_P050_A0_Q040,NWP_A0_S28_P050,NWB_A0_S28,STATIONARY_QPP_PRESENT,120,2380.0,0.0,50.0,0.04,28,0,VALID,-319.85447370055607,-310.311467652638,-311.71435791897045,-9.543006047918084,-1.402890266332463,-19.543006047918084,M0,M0,False,62.08269182169965,formal_m1_center_not_selected,12.082691821699648,12.082691821699648,0.24165383643399296,0.24165383643399296
NWS001870,NW047_QPP_N120_P050_A0_Q040,NWP_A0_S29_P050,NWB_A0_S29,STATIONARY_QPP_PRESENT,120,2380.0,0.0,50.0,0.04,29,0,VALID,-333.40383231540267,-323.66711914407193,-325.25811191036075,-9.736713171330734,-1.5909927662888208,-19.736713171330734,M0,M0,False,164.86461904909703,formal_m1_center_not_selected,114.86461904909703,114.86461904909703,2.2972923809819408,2.2972923809819408
NWS001871,NW047_QPP_N120_P050_A0_Q040,NWP_A0_S30_P050,NWB_A0_S30,STATIONARY_QPP_PRESENT,120,2380.0,0.0,50.0,0.04,30,0,VALID,-326.5158044992444,-317.6942774942407,-318.3633902852922,-8.821527005003702,-0.669112791051532,-18.821527005003702,M0,M0,False,41.570972312863404,formal_m1_center_not_selected,-8.429027687136596,8.429027687136596,-0.16858055374273193,0.16858055374273193
NWS001872,NW047_QPP_N120_P050_A0_Q040,NWP_A0_S31_P050,NWB_A0_S31,STATIONARY_QPP_PRESENT,120,2380.0,0.0,50.0,0.04,31,0,VALID,-296.7196574094271,-291.73319338857266,-288.6268603542609,-4.9864640208544415,3.106333034311774,-14.986464020854442,M0,M0,False,83.7644486731084,formal_m1_center_not_selected,33.764448673108404,33.764448673108404,0.6752889734621681,0.6752889734621681
NWS001873,NW047_QPP_N120_P050_A0_Q040,NWP_A0_S32_P050,NWB_A0_S32,STATIONARY_QPP_PRESENT,120,2380.0,0.0,50.0,0.04,32,0,VALID,-304.28641561090444,-306.28907356275096,-297.21508798326903,2.0026579518465155,9.073985579481928,-7.9973420481534845,M0,M1,False,208.77961346933478,formal_m1_center_not_selected,158.77961346933478,158.77961346933478,3.1755922693866956,3.1755922693866956
NWS001874,NW047_QPP_N120_P050_A0_Q040,NWP_A0_S33_P050,NWB_A0_S33,STATIONARY_QPP_PRESENT,120,2380.0,0.0,50.0,0.04,33,0,VALID,-358.0052701484118,-351.7267155220362,-350.0379610678069,-6.2785546263755805,1.6887544542292972,-16.27855462637558,M0,M0,False,205.8848875113343,formal_m1_center_not_selected,155.8848875113343,155.8848875113343,3.1176977502266863,3.1176977502266863
NWS001875,NW047_QPP_N120_P050_A0_Q040,NWP_A0_S34_P050,NWB_A0_S34,STATIONARY_QPP_PRESENT,120,2380.0,0.0,50.0,0.04,34,0,VALID,-333.4152977854597,-335.5112587796026,-326.1016040300261,2.0959609941428994,9.409654749576475,-7.904039005857101,M0,M1,False,50.23109306889657,formal_m1_center_not_selected,0.23109306889656978,0.23109306889656978,0.004621861377931396,0.004621861377931396
NWS001876,NW047_QPP_N120_P050_A0_Q040,NWP_A0_S35_P050,NWB_A0_S35,STATIONARY_QPP_PRESENT,120,2380.0,0.0,50.0,0.04,35,0,VALID,-328.19994810416637,-322.2941683868731,-320.04666508534353,-5.905779717293285,2.247503301529548,-15.905779717293285,M0,M0,False,121.45607484147305,formal_m1_center_not_selected,71.45607484147305,71.45607484147305,1.429121496829461,1.429121496829461
NWS001877,NW047_QPP_N120_P050_A0_Q040,NWP_A0_S36_P050,NWB_A0_S36,STATIONARY_QPP_PRESENT,120,2380.0,0.0,50.0,0.04,36,0,VALID,-326.0664539387225,-325.7075753911083,-318.24227875057926,-0.35887854761415383,7.465296640529061,-10.358878547614154,M0,M0,False,111.01908434920897,formal_m1_center_not_selected,61.01908434920897,61.01908434920897,1.2203816869841793,1.2203816869841793
NWS001878,NW047_QPP_N120_P050_A0_Q040,NWP_A0_S37_P050,NWB_A0_S37,STATIONARY_QPP_PRESENT,120,2380.0,0.0,50.0,0.04,37,0,VALID,-331.53098833177853,-326.08792426370803,-323.3761482541242,-5.443064068070498,2.7117760095838435,-15.443064068070498,M0,M0,False,62.192361375205834,formal_m1_center_not_selected,12.192361375205834,12.192361375205834,0.2438472275041167,0.2438472275041167
NWS001879,NW047_QPP_N120_P050_A0_Q040,NWP_A0_S38_P050,NWB_A0_S38,STATIONARY_QPP_PRESENT,120,2380.0,0.0,50.0,0.04,38,0,VALID,-314.7647352350766,-309.5678393281569,-306.71869475723213,-5.196895906919735,2.84914457092475,-15.196895906919735,M0,M0,False,153.63189282486786,formal_m1_center_not_selected,103.63189282486786,103.63189282486786,2.0726378564973573,2.0726378564973573
NWS001880,NW047_QPP_N120_P050_A0_Q040,NWP_A0_S39_P050,NWB_A0_S39,STATIONARY_QPP_PRESENT,120,2380.0,0.0,50.0,0.04,39,0,VALID,-320.8069993925699,-316.7865223994104,-312.7615203432453,-4.020476993159491,4.025002056165079,-14.020476993159491,M0,M0,False,74.20142729939617,formal_m1_center_not_selected,24.201427299396173,24.201427299396173,0.48402854598792344,0.48402854598792344
NWS001881,NW048_QPP_N120_P080_A0_Q040,NWP_A0_S00_P080,NWB_A0_S00,STATIONARY_QPP_PRESENT,120,2380.0,0.0,80.0,0.04,0,0,VALID,-323.1054717129975,-314.6030966848478,-314.9509282791747,-8.502375028149686,-0.34783159432691946,-18.502375028149686,M0,M0,False,40.0,formal_m1_center_not_selected,-40.0,40.0,-0.5,0.5
NWS001882,NW048_QPP_N120_P080_A0_Q040,NWP_A0_S01_P080,NWB_A0_S01,STATIONARY_QPP_PRESENT,120,2380.0,0.0,80.0,0.04,1,0,VALID,-294.04772540899825,-288.2755403113833,-285.9229680230276,-5.772185097614965,2.3525722883557023,-15.772185097614965,M0,M0,False,203.22254812246365,formal_m1_center_not_selected,123.22254812246365,123.22254812246365,1.5402818515307957,1.5402818515307957
NWS001883,NW048_QPP_N120_P080_A0_Q040,NWP_A0_S02_P080,NWB_A0_S02,STATIONARY_QPP_PRESENT,120,2380.0,0.0,80.0,0.04,2,0,VALID,-302.52664199483223,-297.54466806260604,-294.37191055457356,-4.981973932226197,3.1727575080324755,-14.981973932226197,M0,M0,False,75.0651255010206,formal_m1_center_not_selected,-4.934874498979397,4.934874498979397,-0.06168593123724246,0.06168593123724246
NWS001884,NW048_QPP_N120_P080_A0_Q040,NWP_A0_S03_P080,NWB_A0_S03,STATIONARY_QPP_PRESENT,120,2380.0,0.0,80.0,0.04,3,0,VALID,-333.8147312476419,-331.2508365480121,-325.977328883733,-2.5638946996297705,5.273507664279123,-12.56389469962977,M0,M0,False,148.61246632364404,formal_m1_center_not_selected,68.61246632364404,68.61246632364404,0.8576558290455505,0.8576558290455505
NWS001885,NW048_QPP_N120_P080_A0_Q040,NWP_A0_S04_P080,NWB_A0_S04,STATIONARY_QPP_PRESENT,120,2380.0,0.0,80.0,0.04,4,0,VALID,-345.2554378235606,-336.71662850706315,-337.6360449993438,-8.538809316497463,-0.9194164922806749,-18.538809316497463,M0,M0,False,54.56346708566325,formal_m1_center_not_selected,-25.436532914336752,25.436532914336752,-0.3179566614292094,0.3179566614292094
NWS001886,NW048_QPP_N120_P080_A0_Q040,NWP_A0_S05_P080,NWB_A0_S05,STATIONARY_QPP_PRESENT,120,2380.0,0.0,80.0,0.04,5,0,VALID,-319.724033114551,-313.5431490027489,-311.80069717277024,-6.180884111802072,1.7424518299786769,-16.180884111802072,M0,M0,False,187.15646898976232,formal_m1_center_not_selected,107.15646898976232,107.15646898976232,1.339455862372029,1.339455862372029
NWS001887,NW048_QPP_N120_P080_A0_Q040,NWP_A0_S06_P080,NWB_A0_S06,STATIONARY_QPP_PRESENT,120,2380.0,0.0,80.0,0.04,6,0,VALID,-337.4976271692906,-334.7224731732897,-332.43039914923344,-2.7751539960008813,2.2920740240562623,-12.775153996000881,M0,M0,False,299.99999999999994,formal_m1_center_not_selected,219.99999999999994,219.99999999999994,2.749999999999999,2.749999999999999
NWS001888,NW048_QPP_N120_P080_A0_Q040,NWP_A0_S07_P080,NWB_A0_S07,STATIONARY_QPP_PRESENT,120,2380.0,0.0,80.0,0.04,7,0,VALID,-300.71892209411146,-300.77069168156146,-292.6616741380542,0.05176958744999638,8.109017543507264,-9.948230412550004,M0,M1,False,55.30694419161106,formal_m1_center_not_selected,-24.69305580838894,24.69305580838894,-0.30866319760486177,0.30866319760486177
NWS001889,NW048_QPP_N120_P080_A0_Q040,NWP_A0_S08_P080,NWB_A0_S08,STATIONARY_QPP_PRESENT,120,2380.0,0.0,80.0,0.04,8,0,VALID,-329.3926184409466,-319.00440133178563,-321.2691747831912,-10.388217109160962,-2.264773451405574,-20.388217109160962,M0,M0,False,40.0,formal_m1_center_not_selected,-40.0,40.0,-0.5,0.5
NWS001890,NW048_QPP_N120_P080_A0_Q040,NWP_A0_S09_P080,NWB_A0_S09,STATIONARY_QPP_PRESENT,120,2380.0,0.0,80.0,0.04,9,0,VALID,-350.8513907027682,-341.0498398584064,-343.19337164314976,-9.80155084436177,-2.1435317847433453,-19.80155084436177,M0,M0,False,258.58850446739166,formal_m1_center_not_selected,178.58850446739166,178.58850446739166,2.2323563058423956,2.2323563058423956
NWS001891,NW048_QPP_N120_P080_A0_Q040,NWP_A0_S10_P080,NWB_A0_S10,STATIONARY_QPP_PRESENT,120,2380.0,0.0,80.0,0.04,10,0,VALID,-325.74650032595235,-317.69126151154575,-318.1312293478771,-8.055238814406607,-0.4399678363313342,-18.055238814406607,M0,M0,False,48.39412688589081,formal_m1_center_not_selected,-31.605873114109187,31.605873114109187,-0.39507341392636486,0.39507341392636486
NWS001892,NW048_QPP_N120_P080_A0_Q040,NWP_A0_S11_P080,NWB_A0_S11,STATIONARY_QPP_PRESENT,120,2380.0,0.0,80.0,0.04,11,0,VALID,-354.2083109887452,-347.05310164080265,-346.5497384564743,-7.155209347942559,0.5033631843283501,-17.15520934794256,M0,M0,False,83.04255129961584,formal_m1_center_not_selected,3.0425512996158375,3.0425512996158375,0.03803189124519797,0.03803189124519797
NWS001893,NW048_QPP_N120_P080_A0_Q040,NWP_A0_S12_P080,NWB_A0_S12,STATIONARY_QPP_PRESENT,120,2380.0,0.0,80.0,0.04,12,0,VALID,-333.62825083008346,-328.8190276963661,-325.49446094017856,-4.809223133717353,3.3245667561875507,-14.809223133717353,M0,M0,False,107.81814666362618,formal_m1_center_not_selected,27.81814666362618,27.81814666362618,0.3477268332953273,0.3477268332953273
NWS001894,NW048_QPP_N120_P080_A0_Q040,NWP_A0_S13_P080,NWB_A0_S13,STATIONARY_QPP_PRESENT,120,2380.0,0.0,80.0,0.04,13,0,VALID,-322.80694573706495,-316.10247983006474,-314.79477840630875,-6.704465907000213,1.3077014237559865,-16.704465907000213,M0,M0,False,59.90040862430836,formal_m1_center_not_selected,-20.099591375691638,20.099591375691638,-0.2512448921961455,0.2512448921961455
NWS001895,NW048_QPP_N120_P080_A0_Q040,NWP_A0_S14_P080,NWB_A0_S14,STATIONARY_QPP_PRESENT,120,2380.0,0.0,80.0,0.04,14,0,VALID,-314.6000508024843,-308.7457126542395,-307.2583049373684,-5.8543381482447785,1.4874077168711324,-15.854338148244778,M0,M0,False,106.64332946526015,formal_m1_center_not_selected,26.643329465260152,26.643329465260152,0.3330416183157519,0.3330416183157519
NWS001896,NW048_QPP_N120_P080_A0_Q040,NWP_A0_S15_P080,NWB_A0_S15,STATIONARY_QPP_PRESENT,120,2380.0,0.0,80.0,0.04,15,0,VALID,-354.20403841281393,-355.14494541337933,-346.0505702834978,0.940907000565403,9.094375129881541,-9.059092999434597,M0,M1,False,74.23020802595505,formal_m1_center_not_selected,-5.769791974044949,5.769791974044949,-0.07212239967556186,0.07212239967556186
NWS001897,NW048_QPP_N120_P080_A0_Q040,NWP_A0_S16_P080,NWB_A0_S16,STATIONARY_QPP_PRESENT,120,2380.0,0.0,80.0,0.04,16,0,VALID,-351.08082769352546,-340.5992541889252,-342.9535316603133,-10.481573504600249,-2.354277471388059,-20.48157350460025,M0,M0,False,70.5564387364947,formal_m1_center_not_selected,-9.443561263505302,9.443561263505302,-0.11804451579381628,0.11804451579381628
NWS001898,NW048_QPP_N120_P080_A0_Q040,NWP_A0_S17_P080,NWB_A0_S17,STATIONARY_QPP_PRESENT,120,2380.0,0.0,80.0,0.04,17,0,VALID,-320.03384846111305,-320.1434209850147,-311.88237296448784,0.1095725239016474,8.261048020526857,-9.890427476098353,M0,M1,False,51.838987972857765,formal_m1_center_not_selected,-28.161012027142235,28.161012027142235,-0.3520126503392779,0.3520126503392779
NWS001899,NW048_QPP_N120_P080_A0_Q040,NWP_A0_S18_P080,NWB_A0_S18,STATIONARY_QPP_PRESENT,120,2380.0,0.0,80.0,0.04,18,0,VALID,-312.60022830252734,-314.975336631316,-304.51769043173783,2.375108328788656,10.457646199578164,-7.624891671211344,M0,M1,False,89.08550671546132,formal_m1_center_not_selected,9.085506715461321,9.085506715461321,0.11356883394326651,0.11356883394326651
NWS001900,NW048_QPP_N120_P080_A0_Q040,NWP_A0_S19_P080,NWB_A0_S19,STATIONARY_QPP_PRESENT,120,2380.0,0.0,80.0,0.04,19,0,VALID,-314.76924273507456,-304.6654967852827,-306.9329261575582,-10.103745949791858,-2.267429372275501,-20.103745949791858,M0,M0,False,148.08827413716583,formal_m1_center_not_selected,68.08827413716583,68.08827413716583,0.8511034267145728,0.8511034267145728
NWS001901,NW048_QPP_N120_P080_A0_Q040,NWP_A0_S20_P080,NWB_A0_S20,STATIONARY_QPP_PRESENT,120,2380.0,0.0,80.0,0.04,20,0,VALID,-338.1796714791526,-332.7781901477527,-330.4445314942102,-5.401481331399907,2.3336586535425,-15.401481331399907,M0,M0,False,142.0515340375513,formal_m1_center_not_selected,62.051534037551306,62.051534037551306,0.7756441754693914,0.7756441754693914
NWS001902,NW048_QPP_N120_P080_A0_Q040,NWP_A0_S21_P080,NWB_A0_S21,STATIONARY_QPP_PRESENT,120,2380.0,0.0,80.0,0.04,21,0,VALID,-341.41928996281405,-335.7322950297078,-333.29369642197315,-5.686994933106234,2.4385986077346615,-15.686994933106234,M0,M0,False,40.0,formal_m1_center_not_selected,-40.0,40.0,-0.5,0.5
NWS001903,NW048_QPP_N120_P080_A0_Q040,NWP_A0_S22_P080,NWB_A0_S22,STATIONARY_QPP_PRESENT,120,2380.0,0.0,80.0,0.04,22,0,VALID,-337.76787700943765,-332.3554442934931,-329.65668085929775,-5.412432715944533,2.698763434195371,-15.412432715944533,M0,M0,False,106.91292153269562,formal_m1_center_not_selected,26.91292153269562,26.91292153269562,0.33641151915869527,0.33641151915869527
NWS001904,NW048_QPP_N120_P080_A0_Q040,NWP_A0_S23_P080,NWB_A0_S23,STATIONARY_QPP_PRESENT,120,2380.0,0.0,80.0,0.04,23,0,VALID,-313.89731737454457,-306.43398235274526,-305.9437067712908,-7.46333502179931,0.4902755814544548,-17.46333502179931,M0,M0,False,51.161697205958504,formal_m1_center_not_selected,-28.838302794041496,28.838302794041496,-0.3604787849255187,0.3604787849255187
NWS001905,NW048_QPP_N120_P080_A0_Q040,NWP_A0_S24_P080,NWB_A0_S24,STATIONARY_QPP_PRESENT,120,2380.0,0.0,80.0,0.04,24,0,VALID,-322.2345188703648,-323.3708496879723,-314.5596922727185,1.1363308176074725,8.811157415253774,-8.863669182392528,M0,M1,False,133.62209864563062,formal_m1_center_not_selected,53.622098645630615,53.622098645630615,0.6702762330703826,0.6702762330703826
NWS001906,NW048_QPP_N120_P080_A0_Q040,NWP_A0_S25_P080,NWB_A0_S25,STATIONARY_QPP_PRESENT,120,2380.0,0.0,80.0,0.04,25,0,VALID,-315.5361777612734,-313.35508003185953,-307.50796822671253,-2.181097729413864,5.847111805146994,-12.181097729413864,M0,M0,False,153.8710331419753,formal_m1_center_not_selected,73.87103314197529,73.87103314197529,0.9233879142746911,0.9233879142746911
NWS001907,NW048_QPP_N120_P080_A0_Q040,NWP_A0_S26_P080,NWB_A0_S26,STATIONARY_QPP_PRESENT,120,2380.0,0.0,80.0,0.04,26,0,VALID,-306.9216952818605,-300.9161709104937,-298.84358438629914,-6.005524371366789,2.0725865241945485,-16.00552437136679,M0,M0,False,134.58027170944118,formal_m1_center_not_selected,54.58027170944118,54.58027170944118,0.6822533963680147,0.6822533963680147
NWS001908,NW048_QPP_N120_P080_A0_Q040,NWP_A0_S27_P080,NWB_A0_S27,STATIONARY_QPP_PRESENT,120,2380.0,0.0,80.0,0.04,27,0,VALID,-346.179675720037,-341.8995427052838,-338.16245890935573,-4.280133014753176,3.737083795928072,-14.280133014753176,M0,M0,False,79.45184648197362,formal_m1_center_not_selected,-0.5481535180263819,0.5481535180263819,-0.006851918975329774,0.006851918975329774
NWS001909,NW048_QPP_N120_P080_A0_Q040,NWP_A0_S28_P080,NWB_A0_S28,STATIONARY_QPP_PRESENT,120,2380.0,0.0,80.0,0.04,28,0,VALID,-320.0919537415577,-310.55085043201217,-311.9515090851457,-9.54110330954552,-1.4006586531335188,-19.54110330954552,M0,M0,False,62.077826999830904,formal_m1_center_not_selected,-17.922173000169096,17.922173000169096,-0.22402716250211369,0.22402716250211369
NWS001910,NW048_QPP_N120_P080_A0_Q040,NWP_A0_S29_P080,NWB_A0_S29,STATIONARY_QPP_PRESENT,120,2380.0,0.0,80.0,0.04,29,0,VALID,-333.1213644019853,-323.3698359889514,-324.9756626637925,-9.751528413033896,-1.6058266748410688,-19.751528413033896,M0,M0,False,164.85437896868797,formal_m1_center_not_selected,84.85437896868797,84.85437896868797,1.0606797371085996,1.0606797371085996
NWS001911,NW048_QPP_N120_P080_A0_Q040,NWP_A0_S30_P080,NWB_A0_S30,STATIONARY_QPP_PRESENT,120,2380.0,0.0,80.0,0.04,30,0,VALID,-326.44952088755383,-317.60932774247675,-318.29706148297566,-8.84019314507708,-0.6877337404989134,-18.84019314507708,M0,M0,False,41.56357006799189,formal_m1_center_not_selected,-38.43642993200811,38.43642993200811,-0.48045537415010137,0.48045537415010137
NWS001912,NW048_QPP_N120_P080_A0_Q040,NWP_A0_S31_P080,NWB_A0_S31,STATIONARY_QPP_PRESENT,120,2380.0,0.0,80.0,0.04,31,0,VALID,-296.2938568536427,-291.2962841989303,-288.1532041311432,-4.997572654712371,3.143080067787139,-14.997572654712371,M0,M0,False,83.75184260154316,formal_m1_center_not_selected,3.75184260154316,3.75184260154316,0.0468980325192895,0.0468980325192895
NWS001913,NW048_QPP_N120_P080_A0_Q040,NWP_A0_S32_P080,NWB_A0_S32,STATIONARY_QPP_PRESENT,120,2380.0,0.0,80.0,0.04,32,0,VALID,-304.09028254232163,-306.0712108269784,-296.45811446765794,1.980928284656784,9.61309635932048,-8.019071715343216,M0,M1,False,208.78754264149592,formal_m1_center_not_selected,128.78754264149592,128.78754264149592,1.609844283018699,1.609844283018699
NWS001914,NW048_QPP_N120_P080_A0_Q040,NWP_A0_S33_P080,NWB_A0_S33,STATIONARY_QPP_PRESENT,120,2380.0,0.0,80.0,0.04,33,0,VALID,-358.4387983204807,-352.16565058175223,-350.4721266868573,-6.273147738728483,1.6935238948949518,-16.273147738728483,M0,M0,False,205.88696940598507,formal_m1_center_not_selected,125.88696940598507,125.88696940598507,1.5735871175748133,1.5735871175748133
NWS001915,NW048_QPP_N120_P080_A0_Q040,NWP_A0_S34_P080,NWB_A0_S34,STATIONARY_QPP_PRESENT,120,2380.0,0.0,80.0,0.04,34,0,VALID,-333.9321718566283,-335.815561632291,-326.61832202345954,1.8833897756626925,9.197239608831467,-8.116610224337307,M0,M1,False,50.23272116251043,formal_m1_center_not_selected,-29.76727883748957,29.76727883748957,-0.37209098546861963,0.37209098546861963
NWS001916,NW048_QPP_N120_P080_A0_Q040,NWP_A0_S35_P080,NWB_A0_S35,STATIONARY_QPP_PRESENT,120,2380.0,0.0,80.0,0.04,35,0,VALID,-328.5753137122922,-322.70447555461254,-320.42207123434764,-5.870838157679657,2.2824043202649023,-15.870838157679657,M0,M0,False,121.46034599076329,formal_m1_center_not_selected,41.46034599076329,41.46034599076329,0.518254324884541,0.518254324884541
NWS001917,NW048_QPP_N120_P080_A0_Q040,NWP_A0_S36_P080,NWB_A0_S36,STATIONARY_QPP_PRESENT,120,2380.0,0.0,80.0,0.04,36,0,VALID,-326.25222750035954,-325.94591491425473,-318.4306086220076,-0.30631258610480927,7.515306292247146,-10.30631258610481,M0,M0,False,110.96076882300255,formal_m1_center_not_selected,30.960768823002553,30.960768823002553,0.3870096102875319,0.3870096102875319
NWS001918,NW048_QPP_N120_P080_A0_Q040,NWP_A0_S37_P080,NWB_A0_S37,STATIONARY_QPP_PRESENT,120,2380.0,0.0,80.0,0.04,37,0,VALID,-332.1428258482965,-326.689904092916,-323.9879882676137,-5.452921755380544,2.701915825302308,-15.452921755380544,M0,M0,False,62.29440646726881,formal_m1_center_not_selected,-17.705593532731193,17.705593532731193,-0.2213199191591399,0.2213199191591399
NWS001919,NW048_QPP_N120_P080_A0_Q040,NWP_A0_S38_P080,NWB_A0_S38,STATIONARY_QPP_PRESENT,120,2380.0,0.0,80.0,0.04,38,0,VALID,-314.98033394814246,-309.75351738421426,-306.93091335331235,-5.226816563928196,2.822604030901914,-15.226816563928196,M0,M0,False,153.63567174137398,formal_m1_center_not_selected,73.63567174137398,73.63567174137398,0.9204458967671748,0.9204458967671748
NWS001920,NW048_QPP_N120_P080_A0_Q040,NWP_A0_S39_P080,NWB_A0_S39,STATIONARY_QPP_PRESENT,120,2380.0,0.0,80.0,0.04,39,0,VALID,-320.1951468633491,-316.22206053378085,-312.30815169500886,-3.9730863295682752,3.913908838771988,-13.973086329568275,M0,M0,False,74.20830007704475,formal_m1_center_not_selected,-5.791699922955246,5.791699922955246,-0.07239624903694057,0.07239624903694057
NWS001921,NW049_NULL_N120_A1,NWP_A1_S00_NULL,NWB_A1_S00,NULL_FLARE_RED_NOISE,120,2380.0,1.0,,,0,0,VALID,-430.3635716233466,-428.4869057323266,-423.25652263120656,-1.876665891020025,5.230383101120026,-11.876665891020025,M0,M0,False,166.2626056060091,,,,,
NWS001922,NW049_NULL_N120_A1,NWP_A1_S01_NULL,NWB_A1_S01,NULL_FLARE_RED_NOISE,120,2380.0,1.0,,,1,0,VALID,-391.87289622140395,-385.18213384335206,-385.6644115508143,-6.690762378051886,-0.48227770746223086,-16.690762378051886,M0,M0,False,65.08152323378022,,,,,
NWS001923,NW049_NULL_N120_A1,NWP_A1_S02_NULL,NWB_A1_S02,NULL_FLARE_RED_NOISE,120,2380.0,1.0,,,2,0,VALID,-384.64704614120365,-375.56180069560924,-378.0109261266342,-9.08524544559441,-2.4491254310249815,-19.08524544559441,M0,M0,False,195.8658998305689,,,,,
NWS001924,NW049_NULL_N120_A1,NWP_A1_S03_NULL,NWB_A1_S03,NULL_FLARE_RED_NOISE,120,2380.0,1.0,,,3,0,VALID,-371.706559811206,-362.77235876320015,-365.0353642962499,-8.934201048005832,-2.26300553304975,-18.934201048005832,M0,M0,False,234.47704237843917,,,,,
NWS001925,NW049_NULL_N120_A1,NWP_A1_S04_NULL,NWB_A1_S04,NULL_FLARE_RED_NOISE,120,2380.0,1.0,,,4,0,VALID,-377.0485377689096,-368.3585455041106,-369.39651807550797,-8.689992264799002,-1.037972571397347,-18.689992264799002,M0,M0,False,72.39731817335344,,,,,
NWS001926,NW049_NULL_N120_A1,NWP_A1_S05_NULL,NWB_A1_S05,NULL_FLARE_RED_NOISE,120,2380.0,1.0,,,5,0,VALID,-369.5358232256752,-367.3910043838682,-362.6634276603762,-2.1448188418069662,4.727576723492007,-12.144818841806966,M0,M0,False,230.69232939856659,,,,,
NWS001927,NW049_NULL_N120_A1,NWP_A1_S06_NULL,NWB_A1_S06,NULL_FLARE_RED_NOISE,120,2380.0,1.0,,,6,0,VALID,-450.73780994835863,-445.0332152707178,-448.1881838031737,-5.704594677640841,-3.1549685324558823,-15.704594677640841,M0,M0,False,158.08146358258156,,,,,
NWS001928,NW049_NULL_N120_A1,NWP_A1_S07_NULL,NWB_A1_S07,NULL_FLARE_RED_NOISE,120,2380.0,1.0,,,7,0,VALID,-404.0775112692196,-399.48853068643245,-397.3046740084178,-4.588980582787144,2.1838566780146493,-14.588980582787144,M0,M0,False,254.14635840016356,,,,,
NWS001929,NW049_NULL_N120_A1,NWP_A1_S08_NULL,NWB_A1_S08,NULL_FLARE_RED_NOISE,120,2380.0,1.0,,,8,0,VALID,-432.65634880586805,-428.6446455989164,-425.6535531620297,-4.011703206951665,2.9910924368866745,-14.011703206951665,M0,M0,False,83.97059625616518,,,,,
NWS001930,NW049_NULL_N120_A1,NWP_A1_S09_NULL,NWB_A1_S09,NULL_FLARE_RED_NOISE,120,2380.0,1.0,,,9,0,VALID,-349.30044021225376,-345.15181518442216,-342.05677763985386,-4.148625027831599,3.0950375445682994,-14.1486250278316,M0,M0,False,112.66990670848661,,,,,
NWS001931,NW049_NULL_N120_A1,NWP_A1_S10_NULL,NWB_A1_S10,NULL_FLARE_RED_NOISE,120,2380.0,1.0,,,10,0,VALID,-377.79531303759615,-371.91518467104555,-370.03995140007817,-5.8801283665505935,1.8752332709673851,-15.880128366550593,M0,M0,False,203.83944890188306,,,,,
NWS001932,NW049_NULL_N120_A1,NWP_A1_S11_NULL,NWB_A1_S11,NULL_FLARE_RED_NOISE,120,2380.0,1.0,,,11,0,VALID,-435.7900452788318,-432.4736507035032,-429.40309798522946,-3.3163945753286157,3.0705527182737455,-13.316394575328616,M0,M0,False,130.74858282591848,,,,,
NWS001933,NW049_NULL_N120_A1,NWP_A1_S12_NULL,NWB_A1_S12,NULL_FLARE_RED_NOISE,120,2380.0,1.0,,,12,0,VALID,-366.39046074363523,-358.80633972595695,-359.6312710232196,-7.584121017678285,-0.8249312972626512,-17.584121017678285,M0,M0,False,206.59839518560827,,,,,
NWS001934,NW049_NULL_N120_A1,NWP_A1_S13_NULL,NWB_A1_S13,NULL_FLARE_RED_NOISE,120,2380.0,1.0,,,13,0,VALID,-391.4729974856974,-404.19266032860276,-384.53489070936683,12.719662842905336,19.65776961923592,2.719662842905336,M0,M1,True,61.09317262507744,,,,,
NWS001935,NW049_NULL_N120_A1,NWP_A1_S14_NULL,NWB_A1_S14,NULL_FLARE_RED_NOISE,120,2380.0,1.0,,,14,0,VALID,-416.2906519657662,-415.36691706136116,-414.59165650487665,-0.9237349044050234,0.7752605564845112,-10.923734904405023,M0,M0,False,78.6001841908757,,,,,
NWS001936,NW049_NULL_N120_A1,NWP_A1_S15_NULL,NWB_A1_S15,NULL_FLARE_RED_NOISE,120,2380.0,1.0,,,15,0,VALID,-476.91998771381174,-475.65344519128143,-472.6109364355329,-1.266542522530301,3.0425087557485426,-11.266542522530301,M0,M0,False,100.28723292279803,,,,,
NWS001937,NW049_NULL_N120_A1,NWP_A1_S16_NULL,NWB_A1_S16,NULL_FLARE_RED_NOISE,120,2380.0,1.0,,,16,0,VALID,-339.323050845994,-336.3369281320842,-332.9304343204688,-2.986122713909765,3.4064938116154053,-12.986122713909765,M0,M0,False,60.70416376885162,,,,,
NWS001938,NW049_NULL_N120_A1,NWP_A1_S17_NULL,NWB_A1_S17,NULL_FLARE_RED_NOISE,120,2380.0,1.0,,,17,0,VALID,-386.7825235586255,-377.6323594008946,-379.63355291409147,-9.150164157730899,-2.001193513196881,-19.1501641577309,M0,M0,False,84.16790474014243,,,,,
NWS001939,NW049_NULL_N120_A1,NWP_A1_S18_NULL,NWB_A1_S18,NULL_FLARE_RED_NOISE,120,2380.0,1.0,,,18,0,VALID,-435.712755746285,-427.2129552647398,-429.68032673433527,-8.499800481545208,-2.4673714695954914,-18.499800481545208,M0,M0,False,61.42062461049694,,,,,
NWS001940,NW049_NULL_N120_A1,NWP_A1_S19_NULL,NWB_A1_S19,NULL_FLARE_RED_NOISE,120,2380.0,1.0,,,19,0,VALID,-460.5386449752467,-455.9518710009279,-453.7695178083365,-4.586773974318817,2.1823531925913926,-14.586773974318817,M0,M0,False,110.8352621170625,,,,,
NWS001941,NW049_NULL_N120_A1,NWP_A1_S20_NULL,NWB_A1_S20,NULL_FLARE_RED_NOISE,120,2380.0,1.0,,,20,0,VALID,-445.9245132926262,-451.3288642273346,-442.17272107591793,5.404350934708361,9.156143151416643,-4.595649065291639,M0,M1,False,117.22646396756761,,,,,
NWS001942,NW049_NULL_N120_A1,NWP_A1_S21_NULL,NWB_A1_S21,NULL_FLARE_RED_NOISE,120,2380.0,1.0,,,21,0,VALID,-357.6015062644424,-351.97939376088686,-352.4761067466991,-5.622112503555513,-0.49671298581222345,-15.622112503555513,M0,M0,False,103.18370343015384,,,,,
NWS001943,NW049_NULL_N120_A1,NWP_A1_S22_NULL,NWB_A1_S22,NULL_FLARE_RED_NOISE,120,2380.0,1.0,,,22,0,VALID,-341.2729894424395,-336.760897979919,-334.54844620892567,-4.512091462520516,2.2124517709933116,-14.512091462520516,M0,M0,False,82.02978025310087,,,,,
NWS001944,NW049_NULL_N120_A1,NWP_A1_S23_NULL,NWB_A1_S23,NULL_FLARE_RED_NOISE,120,2380.0,1.0,,,23,0,VALID,-457.0018254288568,-450.40463211596494,-449.9087367815804,-6.597193312891875,0.49589533438455646,-16.597193312891875,M0,M0,False,46.17500992746076,,,,,
NWS001945,NW049_NULL_N120_A1,NWP_A1_S24_NULL,NWB_A1_S24,NULL_FLARE_RED_NOISE,120,2380.0,1.0,,,24,0,VALID,-385.66815055504503,-379.0358124620998,-380.21438396455636,-6.632338092945247,-1.1785715024565775,-16.632338092945247,M0,M0,False,104.5723377503152,,,,,
NWS001946,NW049_NULL_N120_A1,NWP_A1_S25_NULL,NWB_A1_S25,NULL_FLARE_RED_NOISE,120,2380.0,1.0,,,25,0,VALID,-458.3124235184121,-454.0376831123422,-451.85738008682335,-4.2747404060698955,2.1803030255188673,-14.274740406069895,M0,M0,False,121.36112439821798,,,,,
NWS001947,NW049_NULL_N120_A1,NWP_A1_S26_NULL,NWB_A1_S26,NULL_FLARE_RED_NOISE,120,2380.0,1.0,,,26,0,VALID,-389.52782353523173,-379.509051442651,-381.8997002070158,-10.018772092580718,-2.390648764364812,-20.01877209258072,M0,M0,False,45.4426864028245,,,,,
NWS001948,NW049_NULL_N120_A1,NWP_A1_S27_NULL,NWB_A1_S27,NULL_FLARE_RED_NOISE,120,2380.0,1.0,,,27,0,VALID,-392.86388053163535,-386.13436150784617,-385.95786158767487,-6.72951902378918,0.17649992017129534,-16.72951902378918,M0,M0,False,51.780876552843395,,,,,
NWS001949,NW049_NULL_N120_A1,NWP_A1_S28_NULL,NWB_A1_S28,NULL_FLARE_RED_NOISE,120,2380.0,1.0,,,28,0,VALID,-437.7475206358621,-432.39773609548837,-434.1049044717731,-5.349784540373719,-1.7071683762847556,-15.349784540373719,M0,M0,False,106.8408752676206,,,,,
NWS001950,NW049_NULL_N120_A1,NWP_A1_S29_NULL,NWB_A1_S29,NULL_FLARE_RED_NOISE,120,2380.0,1.0,,,29,0,VALID,-449.26271478876157,-446.3366378842795,-447.09390986838525,-2.926076904482045,-0.7572719841057278,-12.926076904482045,M0,M0,False,71.05932784069162,,,,,
NWS001951,NW049_NULL_N120_A1,NWP_A1_S30_NULL,NWB_A1_S30,NULL_FLARE_RED_NOISE,120,2380.0,1.0,,,30,0,VALID,-401.1701266469049,-404.02499980669404,-396.1613699081057,2.854873159789122,7.863629898588329,-7.145126840210878,M0,M1,False,91.50813224695779,,,,,
NWS001952,NW049_NULL_N120_A1,NWP_A1_S31_NULL,NWB_A1_S31,NULL_FLARE_RED_NOISE,120,2380.0,1.0,,,31,0,VALID,-374.40442623375793,-367.27813517467445,-367.15086481175223,-7.126291059083485,0.12727036292221783,-17.126291059083485,M0,M0,False,59.79729649365792,,,,,
NWS001953,NW049_NULL_N120_A1,NWP_A1_S32_NULL,NWB_A1_S32,NULL_FLARE_RED_NOISE,120,2380.0,1.0,,,32,0,VALID,-399.64254138945876,-389.7649309053309,-391.524454500801,-9.877610484127842,-1.7595235954701138,-19.877610484127842,M0,M0,False,86.68867391974315,,,,,
NWS001954,NW049_NULL_N120_A1,NWP_A1_S33_NULL,NWB_A1_S33,NULL_FLARE_RED_NOISE,120,2380.0,1.0,,,33,0,VALID,-449.97093266530794,-442.63815481651767,-443.24044692049347,-7.332777848790272,-0.6022921039757989,-17.332777848790272,M0,M0,False,68.18346027817542,,,,,
NWS001955,NW049_NULL_N120_A1,NWP_A1_S34_NULL,NWB_A1_S34,NULL_FLARE_RED_NOISE,120,2380.0,1.0,,,34,0,VALID,-443.6720337785096,-441.64264625880116,-439.53967780769864,-2.0293875197084503,2.1029684511025266,-12.02938751970845,M0,M0,False,156.93729127870668,,,,,
NWS001956,NW049_NULL_N120_A1,NWP_A1_S35_NULL,NWB_A1_S35,NULL_FLARE_RED_NOISE,120,2380.0,1.0,,,35,0,VALID,-397.72985347323305,-397.092214756538,-392.339446576192,-0.6376387166950508,4.752768180345981,-10.63763871669505,M0,M0,False,181.3711387505724,,,,,
NWS001957,NW049_NULL_N120_A1,NWP_A1_S36_NULL,NWB_A1_S36,NULL_FLARE_RED_NOISE,120,2380.0,1.0,,,36,0,VALID,-366.645817826882,-367.1712943641571,-360.2451188310983,0.5254765372750967,6.926175533058824,-9.474523462724903,M0,M1,False,86.19350282517398,,,,,
NWS001958,NW049_NULL_N120_A1,NWP_A1_S37_NULL,NWB_A1_S37,NULL_FLARE_RED_NOISE,120,2380.0,1.0,,,37,0,VALID,-406.07533273934587,-400.4462002779092,-398.54802183463045,-5.6291324614366545,1.8981784432787663,-15.629132461436654,M0,M0,False,299.99999999999994,,,,,
NWS001959,NW049_NULL_N120_A1,NWP_A1_S38_NULL,NWB_A1_S38,NULL_FLARE_RED_NOISE,120,2380.0,1.0,,,38,0,VALID,-415.56298401005574,-422.3474567753389,-412.3920584640544,6.784472765283169,9.955398311284512,-3.2155272347168307,M0,M1,False,90.94772650592485,,,,,
NWS001960,NW049_NULL_N120_A1,NWP_A1_S39_NULL,NWB_A1_S39,NULL_FLARE_RED_NOISE,120,2380.0,1.0,,,39,0,VALID,-397.7236221309362,-398.02176940878104,-393.88239870396416,0.29814727784486195,4.1393707048168835,-9.701852722155138,M0,M1,False,160.20372960648064,,,,,
NWS001961,NW050_QPP_N120_P050_A1_Q040,NWP_A1_S00_P050,NWB_A1_S00,STATIONARY_QPP_PRESENT,120,2380.0,1.0,50.0,0.04,0,0,VALID,-430.5833779946685,-428.7574879269339,-423.4815852035107,-1.8258900677346332,5.275902723423201,-11.825890067734633,M0,M0,False,166.25513282068457,formal_m1_center_not_selected,116.25513282068457,116.25513282068457,2.325102656413691,2.325102656413691
NWS001962,NW050_QPP_N120_P050_A1_Q040,NWP_A1_S01_P050,NWB_A1_S01,STATIONARY_QPP_PRESENT,120,2380.0,1.0,50.0,0.04,1,0,VALID,-392.4113696684552,-385.6519593338725,-386.18651907064645,-6.759410334582697,-0.5345597367739288,-16.759410334582697,M0,M0,False,65.07651216903812,formal_m1_center_not_selected,15.076512169038125,15.076512169038125,0.3015302433807625,0.3015302433807625
NWS001963,NW050_QPP_N120_P050_A1_Q040,NWP_A1_S02_P050,NWB_A1_S02,STATIONARY_QPP_PRESENT,120,2380.0,1.0,50.0,0.04,2,0,VALID,-384.6263046937354,-375.55668332995407,-377.97291043660584,-9.069621363781323,-2.4162271066517746,-19.069621363781323,M0,M0,False,195.88516899015178,formal_m1_center_not_selected,145.88516899015178,145.88516899015178,2.9177033798030356,2.9177033798030356
NWS001964,NW050_QPP_N120_P050_A1_Q040,NWP_A1_S03_P050,NWB_A1_S03,STATIONARY_QPP_PRESENT,120,2380.0,1.0,50.0,0.04,3,0,VALID,-372.11374867362304,-363.18134214480546,-365.4417516359688,-8.93240652881758,-2.2604094911633297,-18.93240652881758,M0,M0,False,234.47584272852657,formal_m1_center_not_selected,184.47584272852657,184.47584272852657,3.6895168545705315,3.6895168545705315
NWS001965,NW050_QPP_N120_P050_A1_Q040,NWP_A1_S04_P050,NWB_A1_S04,STATIONARY_QPP_PRESENT,120,2380.0,1.0,50.0,0.04,4,0,VALID,-377.6742818670008,-368.96375831096015,-370.0232908296241,-8.710523556040641,-1.059532518663957,-18.71052355604064,M0,M0,False,72.33621759654858,formal_m1_center_not_selected,22.33621759654858,22.33621759654858,0.4467243519309716,0.4467243519309716
NWS001966,NW050_QPP_N120_P050_A1_Q040,NWP_A1_S05_P050,NWB_A1_S05,STATIONARY_QPP_PRESENT,120,2380.0,1.0,50.0,0.04,5,0,VALID,-369.69337874925907,-367.5881239998627,-366.71613918661404,-2.1052547493963516,0.8719848132486732,-12.105254749396352,M0,M0,False,230.71164153421768,formal_m1_center_not_selected,180.71164153421768,180.71164153421768,3.6142328306843536,3.6142328306843536
NWS001967,NW050_QPP_N120_P050_A1_Q040,NWP_A1_S06_P050,NWB_A1_S06,STATIONARY_QPP_PRESENT,120,2380.0,1.0,50.0,0.04,6,0,VALID,-450.73842627796733,-445.0695495597999,-448.14449181704947,-5.668876718167439,-3.0749422572495746,-15.66887671816744,M0,M0,False,158.0825934970743,formal_m1_center_not_selected,108.0825934970743,108.0825934970743,2.161651869941486,2.161651869941486
NWS001968,NW050_QPP_N120_P050_A1_Q040,NWP_A1_S07_P050,NWB_A1_S07,STATIONARY_QPP_PRESENT,120,2380.0,1.0,50.0,0.04,7,0,VALID,-403.6970934286343,-399.0934480257366,-396.934713303083,-4.603645402897655,2.1587347226536053,-14.603645402897655,M0,M0,False,254.144076586421,formal_m1_center_not_selected,204.144076586421,204.144076586421,4.08288153172842,4.08288153172842
NWS001969,NW050_QPP_N120_P050_A1_Q040,NWP_A1_S08_P050,NWB_A1_S08,STATIONARY_QPP_PRESENT,120,2380.0,1.0,50.0,0.04,8,0,VALID,-432.4290487432711,-428.39508594826134,-425.4194094813703,-4.0339627950097565,2.975676466891059,-14.033962795009757,M0,M0,False,83.96959197368668,formal_m1_center_not_selected,33.969591973686676,33.969591973686676,0.6793918394737335,0.6793918394737335
NWS001970,NW050_QPP_N120_P050_A1_Q040,NWP_A1_S09_P050,NWB_A1_S09,STATIONARY_QPP_PRESENT,120,2380.0,1.0,50.0,0.04,9,0,VALID,-350.0366078489516,-345.87331551317004,-342.7865969945866,-4.163292335781534,3.0867185185834387,-14.163292335781534,M0,M0,False,112.66869599587139,formal_m1_center_not_selected,62.66869599587139,62.66869599587139,1.2533739199174279,1.2533739199174279
NWS001971,NW050_QPP_N120_P050_A1_Q040,NWP_A1_S10_P050,NWB_A1_S10,STATIONARY_QPP_PRESENT,120,2380.0,1.0,50.0,0.04,10,0,VALID,-377.56180086218933,-371.6830614145376,-371.7918695107759,-5.878739447651753,-0.108808096238306,-15.878739447651753,M0,M0,False,203.83753619348855,formal_m1_center_not_selected,153.83753619348855,153.83753619348855,3.076750723869771,3.076750723869771
NWS001972,NW050_QPP_N120_P050_A1_Q040,NWP_A1_S11_P050,NWB_A1_S11,STATIONARY_QPP_PRESENT,120,2380.0,1.0,50.0,0.04,11,0,VALID,-435.9764572388673,-432.68268591224194,-429.63122589235354,-3.2937713266253468,3.0514600198883954,-13.293771326625347,M0,M0,False,130.75913306147618,formal_m1_center_not_selected,80.75913306147618,80.75913306147618,1.6151826612295235,1.6151826612295235
NWS001973,NW050_QPP_N120_P050_A1_Q040,NWP_A1_S12_P050,NWB_A1_S12,STATIONARY_QPP_PRESENT,120,2380.0,1.0,50.0,0.04,12,0,VALID,-366.8617318500278,-359.2804366882266,-360.0846944346007,-7.581295161801222,-0.8042577463741054,-17.581295161801222,M0,M0,False,206.6039842165304,formal_m1_center_not_selected,156.6039842165304,156.6039842165304,3.132079684330608,3.132079684330608
NWS001974,NW050_QPP_N120_P050_A1_Q040,NWP_A1_S13_P050,NWB_A1_S13,STATIONARY_QPP_PRESENT,120,2380.0,1.0,50.0,0.04,13,0,VALID,-391.9917557920554,-404.5032363568411,-384.97292365377837,12.5114805647857,19.530312703062748,2.5114805647856997,M0,M1,True,61.10753485738149,recovered_period_selected,11.107534857381488,11.107534857381488,0.22215069714762975,0.22215069714762975
NWS001975,NW050_QPP_N120_P050_A1_Q040,NWP_A1_S14_P050,NWB_A1_S14,STATIONARY_QPP_PRESENT,120,2380.0,1.0,50.0,0.04,14,0,VALID,-415.51739420756485,-414.64904488050314,-413.80978404758287,-0.8683493270617078,0.8392608329202744,-10.868349327061708,M0,M0,False,78.56765109675153,formal_m1_center_not_selected,28.567651096751533,28.567651096751533,0.5713530219350307,0.5713530219350307
NWS001976,NW050_QPP_N120_P050_A1_Q040,NWP_A1_S15_P050,NWB_A1_S15,STATIONARY_QPP_PRESENT,120,2380.0,1.0,50.0,0.04,15,0,VALID,-476.0238284927529,-474.63917135829644,-471.61826300281797,-1.3846571344564609,3.0209083554784684,-11.38465713445646,M0,M0,False,100.30073188013054,formal_m1_center_not_selected,50.30073188013054,50.30073188013054,1.006014637602611,1.006014637602611
NWS001977,NW050_QPP_N120_P050_A1_Q040,NWP_A1_S16_P050,NWB_A1_S16,STATIONARY_QPP_PRESENT,120,2380.0,1.0,50.0,0.04,16,0,VALID,-338.45424850826987,-335.48164361190754,-332.0524316964485,-2.972604896362327,3.4292119154590637,-12.972604896362327,M0,M0,False,60.68990647777672,formal_m1_center_not_selected,10.689906477776717,10.689906477776717,0.21379812955553434,0.21379812955553434
NWS001978,NW050_QPP_N120_P050_A1_Q040,NWP_A1_S17_P050,NWB_A1_S17,STATIONARY_QPP_PRESENT,120,2380.0,1.0,50.0,0.04,17,0,VALID,-385.90769282784686,-376.745751421177,-378.8212348726573,-9.161941406669882,-2.075483451480352,-19.161941406669882,M0,M0,False,84.16142143720515,formal_m1_center_not_selected,34.16142143720515,34.16142143720515,0.683228428744103,0.683228428744103
NWS001979,NW050_QPP_N120_P050_A1_Q040,NWP_A1_S18_P050,NWB_A1_S18,STATIONARY_QPP_PRESENT,120,2380.0,1.0,50.0,0.04,18,0,VALID,-436.1036217168314,-427.4923157223695,-429.99530697005525,-8.61130599446193,-2.5029912476857703,-18.61130599446193,M0,M0,False,61.42666666621676,formal_m1_center_not_selected,11.42666666621676,11.42666666621676,0.22853333332433523,0.22853333332433523
NWS001980,NW050_QPP_N120_P050_A1_Q040,NWP_A1_S19_P050,NWB_A1_S19,STATIONARY_QPP_PRESENT,120,2380.0,1.0,50.0,0.04,19,0,VALID,-459.76231156841357,-455.1462962159108,-452.97779560186484,-4.616015352502757,2.1685006140459677,-14.616015352502757,M0,M0,False,110.84669224752128,formal_m1_center_not_selected,60.846692247521275,60.846692247521275,1.2169338449504254,1.2169338449504254
NWS001981,NW050_QPP_N120_P050_A1_Q040,NWP_A1_S20_P050,NWB_A1_S20,STATIONARY_QPP_PRESENT,120,2380.0,1.0,50.0,0.04,20,0,VALID,-444.9432078784597,-450.3232365606171,-441.201185116344,5.380028682157388,9.122051444273097,-4.619971317842612,M0,M1,False,117.22539439900154,formal_m1_center_not_selected,67.22539439900154,67.22539439900154,1.344507887980031,1.344507887980031
NWS001982,NW050_QPP_N120_P050_A1_Q040,NWP_A1_S21_P050,NWB_A1_S21,STATIONARY_QPP_PRESENT,120,2380.0,1.0,50.0,0.04,21,0,VALID,-356.8036549620831,-351.16136490073944,-351.8286968624464,-5.642290061343658,-0.6673319617069637,-15.642290061343658,M0,M0,False,103.18178257993836,formal_m1_center_not_selected,53.18178257993836,53.18178257993836,1.063635651598767,1.063635651598767
NWS001983,NW050_QPP_N120_P050_A1_Q040,NWP_A1_S22_P050,NWB_A1_S22,STATIONARY_QPP_PRESENT,120,2380.0,1.0,50.0,0.04,22,0,VALID,-341.96948145680415,-337.44423174962145,-335.236555402866,-4.525249707182695,2.207676346755477,-14.525249707182695,M0,M0,False,82.03038055246861,formal_m1_center_not_selected,32.030380552468614,32.030380552468614,0.6406076110493722,0.6406076110493722
NWS001984,NW050_QPP_N120_P050_A1_Q040,NWP_A1_S23_P050,NWB_A1_S23,STATIONARY_QPP_PRESENT,120,2380.0,1.0,50.0,0.04,23,0,VALID,-457.06614406831306,-450.46801791930943,-449.9764252656223,-6.598126149003633,0.49159265368712113,-16.598126149003633,M0,M0,False,46.150382047116494,formal_m1_center_not_selected,-3.8496179528835057,3.8496179528835057,-0.07699235905767012,0.07699235905767012
NWS001985,NW050_QPP_N120_P050_A1_Q040,NWP_A1_S24_P050,NWB_A1_S24,STATIONARY_QPP_PRESENT,120,2380.0,1.0,50.0,0.04,24,0,VALID,-384.9053263544758,-380.0767930418885,-379.44206039726,-4.828533312587297,0.6347326446285138,-14.828533312587297,M0,M0,False,91.51660654227216,formal_m1_center_not_selected,41.51660654227216,41.51660654227216,0.8303321308454431,0.8303321308454431
NWS001986,NW050_QPP_N120_P050_A1_Q040,NWP_A1_S25_P050,NWB_A1_S25,STATIONARY_QPP_PRESENT,120,2380.0,1.0,50.0,0.04,25,0,VALID,-458.1646532718112,-453.8732386965627,-451.37218690608347,-4.291414575248496,2.5010517904792096,-14.291414575248496,M0,M0,False,121.36385698014233,formal_m1_center_not_selected,71.36385698014233,71.36385698014233,1.4272771396028465,1.4272771396028465
NWS001987,NW050_QPP_N120_P050_A1_Q040,NWP_A1_S26_P050,NWB_A1_S26,STATIONARY_QPP_PRESENT,120,2380.0,1.0,50.0,0.04,26,0,VALID,-390.03905958049603,-380.0507966563158,-382.4122559344644,-9.98826292418022,-2.3614592781485726,-19.98826292418022,M0,M0,False,45.37080363203076,formal_m1_center_not_selected,-4.629196367969243,4.629196367969243,-0.09258392735938487,0.09258392735938487
NWS001988,NW050_QPP_N120_P050_A1_Q040,NWP_A1_S27_P050,NWB_A1_S27,STATIONARY_QPP_PRESENT,120,2380.0,1.0,50.0,0.04,27,0,VALID,-392.6402331831912,-385.93601073551525,-385.7083891742814,-6.704222447675932,0.22762156123383193,-16.70422244767593,M0,M0,False,51.71732780746722,formal_m1_center_not_selected,1.7173278074672211,1.7173278074672211,0.034346556149344426,0.034346556149344426
NWS001989,NW050_QPP_N120_P050_A1_Q040,NWP_A1_S28_P050,NWB_A1_S28,STATIONARY_QPP_PRESENT,120,2380.0,1.0,50.0,0.04,28,0,VALID,-436.63119868365067,-431.2900291651683,-433.00527107328685,-5.341169518482388,-1.7152419081185712,-15.341169518482388,M0,M0,False,106.84422649030236,formal_m1_center_not_selected,56.84422649030236,56.84422649030236,1.1368845298060473,1.1368845298060473
NWS001990,NW050_QPP_N120_P050_A1_Q040,NWP_A1_S29_P050,NWB_A1_S29,STATIONARY_QPP_PRESENT,120,2380.0,1.0,50.0,0.04,29,0,VALID,-448.58360150211325,-445.61456162077684,-446.5299191230231,-2.969039881336414,-0.9153575022462519,-12.969039881336414,M0,M0,False,71.06192104809556,formal_m1_center_not_selected,21.061921048095556,21.061921048095556,0.4212384209619111,0.4212384209619111
NWS001991,NW050_QPP_N120_P050_A1_Q040,NWP_A1_S30_P050,NWB_A1_S30,STATIONARY_QPP_PRESENT,120,2380.0,1.0,50.0,0.04,30,0,VALID,-400.5634079367718,-403.4064484197388,-395.53868284943667,2.8430404829670124,7.86776557030214,-7.156959517032988,M0,M1,False,91.5091900060217,formal_m1_center_not_selected,41.5091900060217,41.5091900060217,0.8301838001204339,0.8301838001204339
NWS001992,NW050_QPP_N120_P050_A1_Q040,NWP_A1_S31_P050,NWB_A1_S31,STATIONARY_QPP_PRESENT,120,2380.0,1.0,50.0,0.04,31,0,VALID,-374.3931879940754,-367.2485571562708,-366.45563768298086,-7.144630837804584,0.7929194732899418,-17.144630837804584,M0,M0,False,59.79209280499903,formal_m1_center_not_selected,9.79209280499903,9.79209280499903,0.1958418560999806,0.1958418560999806
NWS001993,NW050_QPP_N120_P050_A1_Q040,NWP_A1_S32_P050,NWB_A1_S32,STATIONARY_QPP_PRESENT,120,2380.0,1.0,50.0,0.04,32,0,VALID,-400.01364136057026,-390.1228080592862,-391.9757823442998,-9.890833301284033,-1.8529742850135449,-19.890833301284033,M0,M0,False,86.69082936703234,formal_m1_center_not_selected,36.690829367032336,36.690829367032336,0.7338165873406467,0.7338165873406467
NWS001994,NW050_QPP_N120_P050_A1_Q040,NWP_A1_S33_P050,NWB_A1_S33,STATIONARY_QPP_PRESENT,120,2380.0,1.0,50.0,0.04,33,0,VALID,-449.2970979395808,-441.9855083793234,-442.5821017227591,-7.311589560257403,-0.5965933434356998,-17.311589560257403,M0,M0,False,68.1801859107328,formal_m1_center_not_selected,18.180185910732803,18.180185910732803,0.36360371821465604,0.36360371821465604
NWS001995,NW050_QPP_N120_P050_A1_Q040,NWP_A1_S34_P050,NWB_A1_S34,STATIONARY_QPP_PRESENT,120,2380.0,1.0,50.0,0.04,34,0,VALID,-444.1427107938855,-442.12383811232024,-436.99192735091935,-2.018872681565256,5.1319107614008885,-12.018872681565256,M0,M0,False,156.93898436247756,formal_m1_center_not_selected,106.93898436247756,106.93898436247756,2.138779687249551,2.138779687249551
NWS001996,NW050_QPP_N120_P050_A1_Q040,NWP_A1_S35_P050,NWB_A1_S35,STATIONARY_QPP_PRESENT,120,2380.0,1.0,50.0,0.04,35,0,VALID,-396.8539671903381,-396.2125049510301,-389.91466105280415,-0.6414622393079981,6.297843898225949,-10.641462239307998,M0,M0,False,181.37839044142467,formal_m1_center_not_selected,131.37839044142467,131.37839044142467,2.6275678088284935,2.6275678088284935
NWS001997,NW050_QPP_N120_P050_A1_Q040,NWP_A1_S36_P050,NWB_A1_S36,STATIONARY_QPP_PRESENT,120,2380.0,1.0,50.0,0.04,36,0,VALID,-366.55926780762223,-367.0127840226723,-360.1459952955525,0.45351621505005824,6.866788727119797,-9.546483784949942,M0,M1,False,86.19429094457877,formal_m1_center_not_selected,36.19429094457877,36.19429094457877,0.7238858188915753,0.7238858188915753
NWS001998,NW050_QPP_N120_P050_A1_Q040,NWP_A1_S37_P050,NWB_A1_S37,STATIONARY_QPP_PRESENT,120,2380.0,1.0,50.0,0.04,37,0,VALID,-406.74778797217334,-401.1289614706699,-399.2214630225829,-5.618826501503463,1.907498448086983,-15.618826501503463,M0,M0,False,299.99999999997175,formal_m1_center_not_selected,249.99999999997175,249.99999999997175,4.999999999999435,4.999999999999435
NWS001999,NW050_QPP_N120_P050_A1_Q040,NWP_A1_S38_P050,NWB_A1_S38,STATIONARY_QPP_PRESENT,120,2380.0,1.0,50.0,0.04,38,0,VALID,-416.09009499611466,-422.7565746185426,-412.8459600826537,6.666479622427914,9.910614535888897,-3.3335203775720856,M0,M1,False,90.96921649923367,formal_m1_center_not_selected,40.96921649923367,40.96921649923367,0.8193843299846734,0.8193843299846734
NWS002000,NW050_QPP_N120_P050_A1_Q040,NWP_A1_S39_P050,NWB_A1_S39,STATIONARY_QPP_PRESENT,120,2380.0,1.0,50.0,0.04,39,0,VALID,-397.1134314300789,-397.4016846372702,-393.255917942139,0.2882532071913033,4.145766695131215,-9.711746792808697,M0,M1,False,160.2065343701311,formal_m1_center_not_selected,110.2065343701311,110.2065343701311,2.204130687402622,2.204130687402622
NWS002001,NW051_QPP_N120_P080_A1_Q040,NWP_A1_S00_P080,NWB_A1_S00,STATIONARY_QPP_PRESENT,120,2380.0,1.0,80.0,0.04,0,0,VALID,-431.0239676126615,-429.09680886399127,-423.95908360371436,-1.9271587486702515,5.137725260276909,-11.927158748670251,M0,M0,False,166.27762027104055,formal_m1_center_not_selected,86.27762027104055,86.27762027104055,1.0784702533880068,1.0784702533880068
NWS002002,NW051_QPP_N120_P080_A1_Q040,NWP_A1_S01_P080,NWB_A1_S01,STATIONARY_QPP_PRESENT,120,2380.0,1.0,80.0,0.04,1,0,VALID,-392.85309988155103,-386.1489969315575,-386.67185818165524,-6.704102949993512,-0.5228612500977192,-16.704102949993512,M0,M0,False,65.10720337274718,formal_m1_center_not_selected,-14.892796627252821,14.892796627252821,-0.18615995784066025,0.18615995784066025
NWS002003,NW051_QPP_N120_P080_A1_Q040,NWP_A1_S02_P080,NWB_A1_S02,STATIONARY_QPP_PRESENT,120,2380.0,1.0,80.0,0.04,2,0,VALID,-384.2854007791368,-375.2067640718175,-377.64112932321837,-9.078636707319333,-2.434365251400891,-19.078636707319333,M0,M0,False,195.91375093688316,formal_m1_center_not_selected,115.91375093688316,115.91375093688316,1.4489218867110396,1.4489218867110396
NWS002004,NW051_QPP_N120_P080_A1_Q040,NWP_A1_S03_P080,NWB_A1_S03,STATIONARY_QPP_PRESENT,120,2380.0,1.0,80.0,0.04,3,0,VALID,-372.1478842967002,-363.2280831298029,-365.4890999568231,-8.919801166897344,-2.261016827020228,-18.919801166897344,M0,M0,False,234.45542591824935,formal_m1_center_not_selected,154.45542591824935,154.45542591824935,1.930692823978117,1.930692823978117
NWS002005,NW051_QPP_N120_P080_A1_Q040,NWP_A1_S04_P080,NWB_A1_S04,STATIONARY_QPP_PRESENT,120,2380.0,1.0,80.0,0.04,4,0,VALID,-378.20756887415206,-369.5748903101313,-370.56237997419396,-8.63267856402075,-0.9874896640626503,-18.63267856402075,M0,M0,False,72.25950544331415,formal_m1_center_not_selected,-7.740494556685846,7.740494556685846,-0.09675618195857308,0.09675618195857308
NWS002006,NW051_QPP_N120_P080_A1_Q040,NWP_A1_S05_P080,NWB_A1_S05,STATIONARY_QPP_PRESENT,120,2380.0,1.0,80.0,0.04,5,0,VALID,-370.5377120025265,-368.3876980795829,-367.4716438274175,-2.1500139229436286,0.9160542521653952,-12.150013922943629,M0,M0,False,230.70417266262186,formal_m1_center_not_selected,150.70417266262186,150.70417266262186,1.8838021582827733,1.8838021582827733
NWS002007,NW051_QPP_N120_P080_A1_Q040,NWP_A1_S06_P080,NWB_A1_S06,STATIONARY_QPP_PRESENT,120,2380.0,1.0,80.0,0.04,6,0,VALID,-450.4198555261127,-444.7154141270275,-447.8837688586916,-5.704441399085226,-3.168354731664124,-15.704441399085226,M0,M0,False,158.09212119861255,formal_m1_center_not_selected,78.09212119861255,78.09212119861255,0.9761515149826568,0.9761515149826568
NWS002008,NW051_QPP_N120_P080_A1_Q040,NWP_A1_S07_P080,NWB_A1_S07,STATIONARY_QPP_PRESENT,120,2380.0,1.0,80.0,0.04,7,0,VALID,-403.8291264159796,-399.19045756561417,-397.0701258697504,-4.638668850365434,2.12033169586374,-14.638668850365434,M0,M0,False,254.12551764780196,formal_m1_center_not_selected,174.12551764780196,174.12551764780196,2.1765689705975246,2.1765689705975246
NWS002009,NW051_QPP_N120_P080_A1_Q040,NWP_A1_S08_P080,NWB_A1_S08,STATIONARY_QPP_PRESENT,120,2380.0,1.0,80.0,0.04,8,0,VALID,-431.9279716536952,-427.92930952855426,-424.9245303010356,-3.9986621251409247,3.004779227518668,-13.998662125140925,M0,M0,False,83.94961408217597,formal_m1_center_not_selected,3.9496140821759695,3.9496140821759695,0.04937017602719962,0.04937017602719962
NWS002010,NW051_QPP_N120_P080_A1_Q040,NWP_A1_S09_P080,NWB_A1_S09,STATIONARY_QPP_PRESENT,120,2380.0,1.0,80.0,0.04,9,0,VALID,-350.79683953010203,-346.6505844379952,-343.54654026752655,-4.1462550921068555,3.104044170468626,-14.146255092106855,M0,M0,False,112.67165535906025,formal_m1_center_not_selected,32.67165535906025,32.67165535906025,0.40839569198825315,0.40839569198825315
NWS002011,NW051_QPP_N120_P080_A1_Q040,NWP_A1_S10_P080,NWB_A1_S10,STATIONARY_QPP_PRESENT,120,2380.0,1.0,80.0,0.04,10,0,VALID,-377.33800647751764,-371.47390383716896,-369.5956861187941,-5.864102640348676,1.8782177183748558,-15.864102640348676,M0,M0,False,203.8431100922049,formal_m1_center_not_selected,123.84311009220491,123.84311009220491,1.5480388761525614,1.5480388761525614
NWS002012,NW051_QPP_N120_P080_A1_Q040,NWP_A1_S11_P080,NWB_A1_S11,STATIONARY_QPP_PRESENT,120,2380.0,1.0,80.0,0.04,11,0,VALID,-436.37791559904593,-433.01490680447466,-429.9250314279055,-3.3630087945712717,3.089875376569182,-13.363008794571272,M0,M0,False,130.7700978813034,formal_m1_center_not_selected,50.7700978813034,50.7700978813034,0.6346262235162925,0.6346262235162925
NWS002013,NW051_QPP_N120_P080_A1_Q040,NWP_A1_S12_P080,NWB_A1_S12,STATIONARY_QPP_PRESENT,120,2380.0,1.0,80.0,0.04,12,0,VALID,-366.907643167204,-359.33054161863345,-360.1363884730091,-7.5771015485705675,-0.805846854375659,-17.577101548570568,M0,M0,False,206.58695572443983,formal_m1_center_not_selected,126.58695572443983,126.58695572443983,1.582336946555498,1.582336946555498
NWS002014,NW051_QPP_N120_P080_A1_Q040,NWP_A1_S13_P080,NWB_A1_S13,STATIONARY_QPP_PRESENT,120,2380.0,1.0,80.0,0.04,13,0,VALID,-392.3070139162111,-405.01343463921563,-385.3646108398152,12.706420723004555,19.648823799400418,2.7064207230045554,M0,M1,True,61.37530939903601,recovered_period_selected,-18.624690600963987,18.624690600963987,-0.23280863251204983,0.23280863251204983
NWS002015,NW051_QPP_N120_P080_A1_Q040,NWP_A1_S14_P080,NWB_A1_S14,STATIONARY_QPP_PRESENT,120,2380.0,1.0,80.0,0.04,14,0,VALID,-415.33442064675455,-414.47437353813183,-413.652564784304,-0.860047108622723,0.8218087538278382,-10.860047108622723,M0,M0,False,78.64681749728905,formal_m1_center_not_selected,-1.3531825027109505,1.3531825027109505,-0.016914781283886883,0.016914781283886883
NWS002016,NW051_QPP_N120_P080_A1_Q040,NWP_A1_S15_P080,NWB_A1_S15,STATIONARY_QPP_PRESENT,120,2380.0,1.0,80.0,0.04,15,0,VALID,-475.66756203372375,-474.37715900009147,-471.37125532148536,-1.2904030336322876,3.005903678606103,-11.290403033632288,M0,M0,False,100.27622637636249,formal_m1_center_not_selected,20.276226376362487,20.276226376362487,0.2534528297045311,0.2534528297045311
NWS002017,NW051_QPP_N120_P080_A1_Q040,NWP_A1_S16_P080,NWB_A1_S16,STATIONARY_QPP_PRESENT,120,2380.0,1.0,80.0,0.04,16,0,VALID,-338.1402378864188,-335.174993762617,-331.73722114769186,-2.9652441238017673,3.4377726149251657,-12.965244123801767,M0,M0,False,60.7039355404926,formal_m1_center_not_selected,-19.2960644595074,19.2960644595074,-0.24120080574384248,0.24120080574384248
NWS002018,NW051_QPP_N120_P080_A1_Q040,NWP_A1_S17_P080,NWB_A1_S17,STATIONARY_QPP_PRESENT,120,2380.0,1.0,80.0,0.04,17,0,VALID,-385.6943606652445,-376.5466700230555,-378.5452872693261,-9.14769064218899,-1.9986172462705554,-19.14769064218899,M0,M0,False,84.04832137994546,formal_m1_center_not_selected,4.048321379945463,4.048321379945463,0.05060401724931829,0.05060401724931829
NWS002019,NW051_QPP_N120_P080_A1_Q040,NWP_A1_S18_P080,NWB_A1_S18,STATIONARY_QPP_PRESENT,120,2380.0,1.0,80.0,0.04,18,0,VALID,-436.4963421341671,-428.0744485233004,-430.46300128231417,-8.421893610866675,-2.3885527590137485,-18.421893610866675,M0,M0,False,78.02908702073431,formal_m1_center_not_selected,-1.970912979265691,1.970912979265691,-0.024636412240821137,0.024636412240821137
NWS002020,NW051_QPP_N120_P080_A1_Q040,NWP_A1_S19_P080,NWB_A1_S19,STATIONARY_QPP_PRESENT,120,2380.0,1.0,80.0,0.04,19,0,VALID,-459.6003288971707,-455.02409776606186,-452.843927960467,-4.576231131108841,2.1801698055948577,-14.576231131108841,M0,M0,False,110.8542068609506,formal_m1_center_not_selected,30.854206860950598,30.854206860950598,0.3856775857618825,0.3856775857618825
NWS002021,NW051_QPP_N120_P080_A1_Q040,NWP_A1_S20_P080,NWB_A1_S20,STATIONARY_QPP_PRESENT,120,2380.0,1.0,80.0,0.04,20,0,VALID,-445.869014988145,-451.3483682016276,-442.0792173183364,5.479353213482568,9.26915088329116,-4.520646786517432,M0,M1,False,117.21550066008459,formal_m1_center_not_selected,37.21550066008459,37.21550066008459,0.46519375825105735,0.46519375825105735
NWS002022,NW051_QPP_N120_P080_A1_Q040,NWP_A1_S21_P080,NWB_A1_S21,STATIONARY_QPP_PRESENT,120,2380.0,1.0,80.0,0.04,21,0,VALID,-356.7417811769863,-351.16043903979505,-351.64716406050934,-5.581342137191257,-0.4867250207142888,-15.581342137191257,M0,M0,False,103.21296830531192,formal_m1_center_not_selected,23.212968305311918,23.212968305311918,0.29016210381639895,0.29016210381639895
NWS002023,NW051_QPP_N120_P080_A1_Q040,NWP_A1_S22_P080,NWB_A1_S22,STATIONARY_QPP_PRESENT,120,2380.0,1.0,80.0,0.04,22,0,VALID,-342.14710233013955,-337.64638567123086,-335.4222870919391,-4.500716658908686,2.2240985792917627,-14.500716658908686,M0,M0,False,82.07134581371412,formal_m1_center_not_selected,2.0713458137141174,2.0713458137141174,0.02589182267142647,0.02589182267142647
NWS002024,NW051_QPP_N120_P080_A1_Q040,NWP_A1_S23_P080,NWB_A1_S23,STATIONARY_QPP_PRESENT,120,2380.0,1.0,80.0,0.04,23,0,VALID,-456.20192143920934,-449.2963131831989,-448.47094870266903,-6.905608256010453,0.8253644805298563,-16.905608256010453,M0,M0,False,46.20543691135703,formal_m1_center_not_selected,-33.79456308864297,33.79456308864297,-0.4224320386080371,0.4224320386080371
NWS002025,NW051_QPP_N120_P080_A1_Q040,NWP_A1_S24_P080,NWB_A1_S24,STATIONARY_QPP_PRESENT,120,2380.0,1.0,80.0,0.04,24,0,VALID,-384.6277525181507,-379.8826327703695,-379.23081618252746,-4.745119747781189,0.6518165878420632,-14.745119747781189,M0,M0,False,91.47942836386751,formal_m1_center_not_selected,11.479428363867513,11.479428363867513,0.1434928545483439,0.1434928545483439
NWS002026,NW051_QPP_N120_P080_A1_Q040,NWP_A1_S25_P080,NWB_A1_S25,STATIONARY_QPP_PRESENT,120,2380.0,1.0,80.0,0.04,25,0,VALID,-458.4229696933625,-454.12527467495187,-451.9374251409868,-4.29769501841065,2.18784953396505,-14.29769501841065,M0,M0,False,121.39030016103574,formal_m1_center_not_selected,41.39030016103574,41.39030016103574,0.5173787520129467,0.5173787520129467
NWS002027,NW051_QPP_N120_P080_A1_Q040,NWP_A1_S26_P080,NWB_A1_S26,STATIONARY_QPP_PRESENT,120,2380.0,1.0,80.0,0.04,26,0,VALID,-389.7962448588154,-379.7559969626665,-382.1721948252838,-10.040247896148912,-2.4161978626173095,-20.040247896148912,M0,M0,False,45.443586747023964,formal_m1_center_not_selected,-34.556413252976036,34.556413252976036,-0.43195516566220044,0.43195516566220044
NWS002028,NW051_QPP_N120_P080_A1_Q040,NWP_A1_S27_P080,NWB_A1_S27,STATIONARY_QPP_PRESENT,120,2380.0,1.0,80.0,0.04,27,0,VALID,-392.6459145219065,-385.9201012828897,-385.72339550354684,-6.725813239016816,0.19670577934283529,-16.725813239016816,M0,M0,False,51.77945128071067,formal_m1_center_not_selected,-28.220548719289333,28.220548719289333,-0.35275685899111664,0.35275685899111664
NWS002029,NW051_QPP_N120_P080_A1_Q040,NWP_A1_S28_P080,NWB_A1_S28,STATIONARY_QPP_PRESENT,120,2380.0,1.0,80.0,0.04,28,0,VALID,-436.9617917977839,-431.57821737909313,-433.3034991696203,-5.383574418690785,-1.7252817905271627,-15.383574418690785,M0,M0,False,106.81584210158961,formal_m1_center_not_selected,26.81584210158961,26.81584210158961,0.3351980262698701,0.3351980262698701
NWS002030,NW051_QPP_N120_P080_A1_Q040,NWP_A1_S29_P080,NWB_A1_S29,STATIONARY_QPP_PRESENT,120,2380.0,1.0,80.0,0.04,29,0,VALID,-448.40405262856194,-445.6871450058054,-446.22875927469823,-2.716907622756537,-0.5416142688928289,-12.716907622756537,M0,M0,False,71.1440615031086,formal_m1_center_not_selected,-8.855938496891397,8.855938496891397,-0.11069923121114247,0.11069923121114247
NWS002031,NW051_QPP_N120_P080_A1_Q040,NWP_A1_S30_P080,NWB_A1_S30,STATIONARY_QPP_PRESENT,120,2380.0,1.0,80.0,0.04,30,0,VALID,-400.3055450041644,-403.2482887103373,-395.2591156433073,2.942743706172905,7.989173067029981,-7.057256293827095,M0,M1,False,91.47527354609433,formal_m1_center_not_selected,11.475273546094328,11.475273546094328,0.1434409193261791,0.1434409193261791
NWS002032,NW051_QPP_N120_P080_A1_Q040,NWP_A1_S31_P080,NWB_A1_S31,STATIONARY_QPP_PRESENT,120,2380.0,1.0,80.0,0.04,31,0,VALID,-374.7579831296127,-366.3965863845684,-366.82213296908253,-8.36139674504426,-0.42554658451410887,-18.36139674504426,M0,M0,False,231.20602911324923,formal_m1_center_not_selected,151.20602911324923,151.20602911324923,1.8900753639156154,1.8900753639156154
NWS002033,NW051_QPP_N120_P080_A1_Q040,NWP_A1_S32_P080,NWB_A1_S32,STATIONARY_QPP_PRESENT,120,2380.0,1.0,80.0,0.04,32,0,VALID,-400.6091431199718,-390.74802168657686,-392.56975895704693,-9.861121433394942,-1.8217372704700665,-19.861121433394942,M0,M0,False,86.64932576303329,formal_m1_center_not_selected,6.649325763033289,6.649325763033289,0.08311657203791611,0.08311657203791611
NWS002034,NW051_QPP_N120_P080_A1_Q040,NWP_A1_S33_P080,NWB_A1_S33,STATIONARY_QPP_PRESENT,120,2380.0,1.0,80.0,0.04,33,0,VALID,-448.6175567363924,-441.2047439603119,-441.8880560289163,-7.4128127760805,-0.6833120686044367,-17.4128127760805,M0,M0,False,68.11639002604323,formal_m1_center_not_selected,-11.883609973956766,11.883609973956766,-0.14854512467445957,0.14854512467445957
NWS002035,NW051_QPP_N120_P080_A1_Q040,NWP_A1_S34_P080,NWB_A1_S34,STATIONARY_QPP_PRESENT,120,2380.0,1.0,80.0,0.04,34,0,VALID,-444.5444342049215,-442.51736856876346,-438.0116703963872,-2.0270656361580563,4.505698172376242,-12.027065636158056,M0,M0,False,156.9398580062715,formal_m1_center_not_selected,76.93985800627149,76.93985800627149,0.9617482250783936,0.9617482250783936
NWS002036,NW051_QPP_N120_P080_A1_Q040,NWP_A1_S35_P080,NWB_A1_S35,STATIONARY_QPP_PRESENT,120,2380.0,1.0,80.0,0.04,35,0,VALID,-396.9221025883006,-396.26747574300333,-391.53688521485896,-0.6546268452972868,4.730590528144376,-10.654626845297287,M0,M0,False,181.3657683672074,formal_m1_center_not_selected,101.36576836720741,101.36576836720741,1.2670721045900926,1.2670721045900926
NWS002037,NW051_QPP_N120_P080_A1_Q040,NWP_A1_S36_P080,NWB_A1_S36,STATIONARY_QPP_PRESENT,120,2380.0,1.0,80.0,0.04,36,0,VALID,-366.94198731069787,-367.53209573649343,-360.5377042141449,0.5901084257955631,6.994391522348508,-9.409891574204437,M0,M1,False,86.16041168292644,formal_m1_center_not_selected,6.160411682926437,6.160411682926437,0.07700514603658046,0.07700514603658046
NWS002038,NW051_QPP_N120_P080_A1_Q040,NWP_A1_S37_P080,NWB_A1_S37,STATIONARY_QPP_PRESENT,120,2380.0,1.0,80.0,0.04,37,0,VALID,-407.1208408150975,-401.50608943903825,-399.60819012208435,-5.614751376059246,1.8978993169538967,-15.614751376059246,M0,M0,False,299.99999999999994,formal_m1_center_not_selected,219.99999999999994,219.99999999999994,2.749999999999999,2.749999999999999
NWS002039,NW051_QPP_N120_P080_A1_Q040,NWP_A1_S38_P080,NWB_A1_S38,STATIONARY_QPP_PRESENT,120,2380.0,1.0,80.0,0.04,38,0,VALID,-416.52968893422775,-423.1578276928779,-413.3328837096595,6.628138758650152,9.824943983218418,-3.3718612413498477,M0,M1,False,90.96920339570559,formal_m1_center_not_selected,10.969203395705591,10.969203395705591,0.1371150424463199,0.1371150424463199
NWS002040,NW051_QPP_N120_P080_A1_Q040,NWP_A1_S39_P080,NWB_A1_S39,STATIONARY_QPP_PRESENT,120,2380.0,1.0,80.0,0.04,39,0,VALID,-397.2727494456673,-397.53216587044534,-393.44359943921614,0.2594164247780668,4.0885664312291965,-9.740583575221933,M0,M1,False,160.19581672721836,formal_m1_center_not_selected,80.19581672721836,80.19581672721836,1.0024477090902295,1.0024477090902295
NWS002041,NW052_NULL_N120_A2,NWP_A2_S00_NULL,NWB_A2_S00,NULL_FLARE_RED_NOISE,120,2380.0,2.0,,,0,0,VALID,-565.5926589448351,-555.9901546381245,-557.9739067334333,-9.602504306710557,-1.9837520953087733,-19.602504306710557,M0,M0,False,137.60444177982504,,,,,
NWS002042,NW052_NULL_N120_A2,NWP_A2_S01_NULL,NWB_A2_S01,NULL_FLARE_RED_NOISE,120,2380.0,2.0,,,1,0,VALID,-627.7683153261689,-624.9831415869411,-620.3321373838914,-2.7851737392278437,4.651004203049638,-12.785173739227844,M0,M0,False,46.864952066702166,,,,,
NWS002043,NW052_NULL_N120_A2,NWP_A2_S02_NULL,NWB_A2_S02,NULL_FLARE_RED_NOISE,120,2380.0,2.0,,,2,0,VALID,-719.4720943078026,-709.4179940336329,-712.4125938865742,-10.054100274169741,-2.994599852941292,-20.05410027416974,M0,M0,False,151.61228517816656,,,,,
NWS002044,NW052_NULL_N120_A2,NWP_A2_S03_NULL,NWB_A2_S03,NULL_FLARE_RED_NOISE,120,2380.0,2.0,,,3,0,VALID,-502.74747816031675,-496.24301832398186,-497.70899437135495,-6.504459836334888,-1.4659760473730898,-16.504459836334888,M0,M0,False,76.1639092056695,,,,,
NWS002045,NW052_NULL_N120_A2,NWP_A2_S04_NULL,NWB_A2_S04,NULL_FLARE_RED_NOISE,120,2380.0,2.0,,,4,0,VALID,-675.6100680514637,-670.7215466490861,-669.3923732650778,-4.888521402377592,1.3291733840082998,-14.888521402377592,M0,M0,False,113.26972738749538,,,,,
NWS002046,NW052_NULL_N120_A2,NWP_A2_S05_NULL,NWB_A2_S05,NULL_FLARE_RED_NOISE,120,2380.0,2.0,,,5,0,VALID,-521.0105608873965,-518.2812090412045,-520.8345590729149,-2.729351846192003,-2.5533500317103517,-12.729351846192003,M0,M0,False,97.13453597729296,,,,,
NWS002047,NW052_NULL_N120_A2,NWP_A2_S06_NULL,NWB_A2_S06,NULL_FLARE_RED_NOISE,120,2380.0,2.0,,,6,0,VALID,-796.0127785034713,-787.3540328141347,-788.8337646515621,-8.65874568933657,-1.47973183742738,-18.65874568933657,M0,M0,False,49.19515434957121,,,,,
NWS002048,NW052_NULL_N120_A2,NWP_A2_S07_NULL,NWB_A2_S07,NULL_FLARE_RED_NOISE,120,2380.0,2.0,,,7,0,VALID,-697.7276520033505,-692.8239483722156,-690.7975107007954,-4.903703631134931,2.026437671420126,-14.903703631134931,M0,M0,False,129.9474227161182,,,,,
NWS002049,NW052_NULL_N120_A2,NWP_A2_S08_NULL,NWB_A2_S08,NULL_FLARE_RED_NOISE,120,2380.0,2.0,,,8,0,VALID,-542.3459918840764,-546.7428483874883,-536.3892942928649,4.396856503411868,10.353554094623405,-5.603143496588132,M0,M1,False,57.79359134696176,,,,,
NWS002050,NW052_NULL_N120_A2,NWP_A2_S09_NULL,NWB_A2_S09,NULL_FLARE_RED_NOISE,120,2380.0,2.0,,,9,0,VALID,-747.535701702041,-743.9339256901818,-741.6905454712678,-3.601776011859215,2.2433802189140124,-13.601776011859215,M0,M0,False,103.33891274825014,,,,,
NWS002051,NW052_NULL_N120_A2,NWP_A2_S10_NULL,NWB_A2_S10,NULL_FLARE_RED_NOISE,120,2380.0,2.0,,,10,0,VALID,-606.6090010321522,-600.2919692162898,-601.2308770494523,-6.317031815862379,-0.9389078331624887,-16.31703181586238,M0,M0,False,229.2114540596716,,,,,
NWS002052,NW052_NULL_N120_A2,NWP_A2_S11_NULL,NWB_A2_S11,NULL_FLARE_RED_NOISE,120,2380.0,2.0,,,11,0,VALID,-667.7162237054005,-658.7745513884437,-662.4659035115943,-8.941672316956783,-3.6913521231506365,-18.941672316956783,M0,M0,False,55.16986935085732,,,,,
NWS002053,NW052_NULL_N120_A2,NWP_A2_S12_NULL,NWB_A2_S12,NULL_FLARE_RED_NOISE,120,2380.0,2.0,,,12,0,VALID,-631.2974160568942,-623.7238195816916,-625.8714674601044,-7.573596475202635,-2.1476478784128403,-17.573596475202635,M0,M0,False,146.36158465056613,,,,,
NWS002054,NW052_NULL_N120_A2,NWP_A2_S13_NULL,NWB_A2_S13,NULL_FLARE_RED_NOISE,120,2380.0,2.0,,,13,0,VALID,-551.0670347869486,-561.3250464912134,-552.5043085803228,10.258011704264732,8.820737910890557,-1.179262089109443,M2,M1,False,76.040321791782,,,,,
NWS002055,NW052_NULL_N120_A2,NWP_A2_S14_NULL,NWB_A2_S14,NULL_FLARE_RED_NOISE,120,2380.0,2.0,,,14,0,VALID,-660.6084035109212,-660.4886660568939,-658.292309426059,-0.11973745402735858,2.1963566308348845,-10.119737454027359,M0,M0,False,86.13683732882389,,,,,
NWS002056,NW052_NULL_N120_A2,NWP_A2_S15_NULL,NWB_A2_S15,NULL_FLARE_RED_NOISE,120,2380.0,2.0,,,15,0,VALID,-623.4036578729894,-617.202334756161,-619.1973049133209,-6.201323116828348,-1.9949701571598553,-16.20132311682835,M0,M0,False,115.9063045183762,,,,,
NWS002057,NW052_NULL_N120_A2,NWP_A2_S16_NULL,NWB_A2_S16,NULL_FLARE_RED_NOISE,120,2380.0,2.0,,,16,0,VALID,-529.3766503869824,-523.2914182054823,-523.0657270659735,-6.085232181500146,0.22569113950873998,-16.085232181500146,M0,M0,False,118.56679423870992,,,,,
NWS002058,NW052_NULL_N120_A2,NWP_A2_S17_NULL,NWB_A2_S17,NULL_FLARE_RED_NOISE,120,2380.0,2.0,,,17,0,VALID,-614.9423321985919,-607.2564482426917,-608.0104061897099,-7.685883955900181,-0.7539579470181934,-17.68588395590018,M0,M0,False,107.39201439258505,,,,,
NWS002059,NW052_NULL_N120_A2,NWP_A2_S18_NULL,NWB_A2_S18,NULL_FLARE_RED_NOISE,120,2380.0,2.0,,,18,0,VALID,-577.5932110487254,-570.8438307353582,-573.9552265389691,-6.749380313367169,-3.1113958036108897,-16.74938031336717,M0,M0,False,133.0398719556429,,,,,
NWS002060,NW052_NULL_N120_A2,NWP_A2_S19_NULL,NWB_A2_S19,NULL_FLARE_RED_NOISE,120,2380.0,2.0,,,19,0,VALID,-551.9773836377628,-550.186681512233,-549.3506896498559,-1.7907021255298332,0.8359918623771136,-11.790702125529833,M0,M0,False,82.56613285646937,,,,,
NWS002061,NW052_NULL_N120_A2,NWP_A2_S20_NULL,NWB_A2_S20,NULL_FLARE_RED_NOISE,120,2380.0,2.0,,,20,0,VALID,-705.4620084356951,-695.6541269845359,-698.7192688697113,-9.807881451159233,-3.0651418851754215,-19.807881451159233,M0,M0,False,62.037560616460674,,,,,
NWS002062,NW052_NULL_N120_A2,NWP_A2_S21_NULL,NWB_A2_S21,NULL_FLARE_RED_NOISE,120,2380.0,2.0,,,21,0,VALID,-555.6429751694803,-546.1695796118852,-549.2194925970707,-9.473395557595154,-3.0499129851855287,-19.473395557595154,M0,M0,False,78.15881091782973,,,,,
NWS002063,NW052_NULL_N120_A2,NWP_A2_S22_NULL,NWB_A2_S22,NULL_FLARE_RED_NOISE,120,2380.0,2.0,,,22,0,VALID,-579.0288522507269,-569.2094708260369,-572.336978864385,-9.81938142469005,-3.1275080383480827,-19.81938142469005,M0,M0,False,45.95256072794969,,,,,
NWS002064,NW052_NULL_N120_A2,NWP_A2_S23_NULL,NWB_A2_S23,NULL_FLARE_RED_NOISE,120,2380.0,2.0,,,23,0,VALID,-708.5248391881936,-702.1462711756031,-701.264598361847,-6.378568012590449,0.881672813756154,-16.37856801259045,M0,M0,False,166.19568485863462,,,,,
NWS002065,NW052_NULL_N120_A2,NWP_A2_S24_NULL,NWB_A2_S24,NULL_FLARE_RED_NOISE,120,2380.0,2.0,,,24,0,VALID,-658.2993653673975,-666.2638880100014,-663.5208633136616,7.964522642603924,2.7430246963398304,-7.25697530366017,M2,M1,False,90.85777315843966,,,,,
NWS002066,NW052_NULL_N120_A2,NWP_A2_S25_NULL,NWB_A2_S25,NULL_FLARE_RED_NOISE,120,2380.0,2.0,,,25,0,VALID,-689.4254792966618,-683.2218306752836,-683.6889073971923,-6.203648621378193,-0.4670767219087111,-16.203648621378193,M0,M0,False,67.87230867357776,,,,,
NWS002067,NW052_NULL_N120_A2,NWP_A2_S26_NULL,NWB_A2_S26,NULL_FLARE_RED_NOISE,120,2380.0,2.0,,,26,0,VALID,-546.8286862847,-543.6393115742156,-540.3101178743216,-3.189374710484344,3.3291936998940628,-13.189374710484344,M0,M0,False,170.9752224173708,,,,,
NWS002068,NW052_NULL_N120_A2,NWP_A2_S27_NULL,NWB_A2_S27,NULL_FLARE_RED_NOISE,120,2380.0,2.0,,,27,0,VALID,-685.5164766548496,-682.3802189224979,-678.7116143101786,-3.136257732351737,3.6686046123193137,-13.136257732351737,M0,M0,False,157.0568981847313,,,,,
NWS002069,NW052_NULL_N120_A2,NWP_A2_S28_NULL,NWB_A2_S28,NULL_FLARE_RED_NOISE,120,2380.0,2.0,,,28,0,VALID,-688.2541449748966,-683.7201475784901,-686.1831624806188,-4.533997396406448,-2.4630149021286343,-14.533997396406448,M0,M0,False,66.35025822054973,,,,,
NWS002070,NW052_NULL_N120_A2,NWP_A2_S29_NULL,NWB_A2_S29,NULL_FLARE_RED_NOISE,120,2380.0,2.0,,,29,0,VALID,-544.3130651692906,-539.3417388074475,-542.6541510056439,-4.971326361843012,-3.312412198196398,-14.971326361843012,M0,M0,False,141.25289055446152,,,,,
NWS002071,NW052_NULL_N120_A2,NWP_A2_S30_NULL,NWB_A2_S30,NULL_FLARE_RED_NOISE,120,2380.0,2.0,,,30,0,VALID,-563.0366797032721,-563.2876026810776,-558.1556324234601,0.2509229778055442,5.131970257617468,-9.749077022194456,M0,M1,False,56.65851520248659,,,,,
NWS002072,NW052_NULL_N120_A2,NWP_A2_S31_NULL,NWB_A2_S31,NULL_FLARE_RED_NOISE,120,2380.0,2.0,,,31,0,VALID,-662.8656585951237,-654.5008576032546,-655.759489558784,-8.36480099186906,-1.2586319555293812,-18.36480099186906,M0,M0,False,119.50061339926793,,,,,
NWS002073,NW052_NULL_N120_A2,NWP_A2_S32_NULL,NWB_A2_S32,NULL_FLARE_RED_NOISE,120,2380.0,2.0,,,32,0,VALID,-592.644984121628,-591.7434286780049,-590.028289178582,-0.9015554436231241,1.7151394994228895,-10.901555443623124,M0,M0,False,85.04386352064806,,,,,
NWS002074,NW052_NULL_N120_A2,NWP_A2_S33_NULL,NWB_A2_S33,NULL_FLARE_RED_NOISE,120,2380.0,2.0,,,33,0,VALID,-650.0723134434926,-641.902156492479,-642.8451973969254,-8.17015695101361,-0.9430409044464341,-18.17015695101361,M0,M0,False,68.75144356422136,,,,,
NWS002075,NW052_NULL_N120_A2,NWP_A2_S34_NULL,NWB_A2_S34,NULL_FLARE_RED_NOISE,120,2380.0,2.0,,,34,0,VALID,-688.2806187759879,-682.0150299437238,-683.5876659524369,-6.265588832264143,-1.5726360087130615,-16.265588832264143,M0,M0,False,75.60911186659575,,,,,
NWS002076,NW052_NULL_N120_A2,NWP_A2_S35_NULL,NWB_A2_S35,NULL_FLARE_RED_NOISE,120,2380.0,2.0,,,35,0,VALID,-576.2360360023414,-565.8601734414148,-569.4653865719449,-10.375862560926635,-3.60521313053016,-20.375862560926635,M0,M0,False,49.57113116858862,,,,,
NWS002077,NW052_NULL_N120_A2,NWP_A2_S36_NULL,NWB_A2_S36,NULL_FLARE_RED_NOISE,120,2380.0,2.0,,,36,0,VALID,-627.5412751498092,-621.0726000583267,-620.8684326137554,-6.46867509148251,0.20416744457122604,-16.46867509148251,M0,M0,False,41.996240448624874,,,,,
NWS002078,NW052_NULL_N120_A2,NWP_A2_S37_NULL,NWB_A2_S37,NULL_FLARE_RED_NOISE,120,2380.0,2.0,,,37,0,VALID,-505.40387835036006,-499.6895470723046,-497.96656181441756,-5.714331278055454,1.7229852578870464,-15.714331278055454,M0,M0,False,227.88712923194598,,,,,
NWS002079,NW052_NULL_N120_A2,NWP_A2_S38_NULL,NWB_A2_S38,NULL_FLARE_RED_NOISE,120,2380.0,2.0,,,38,0,VALID,-673.3341978129974,-667.6574804942654,-667.2543040877435,-5.676717318732017,0.40317640652187947,-15.676717318732017,M0,M0,False,62.84766099735316,,,,,
NWS002080,NW052_NULL_N120_A2,NWP_A2_S39_NULL,NWB_A2_S39,NULL_FLARE_RED_NOISE,120,2380.0,2.0,,,39,0,VALID,-751.5939516274809,-741.8307744536169,-744.5883662470351,-9.763177173864051,-2.7575917934182144,-19.76317717386405,M0,M0,False,89.12935917120598,,,,,
NWS002081,NW053_QPP_N120_P050_A2_Q040,NWP_A2_S00_P050,NWB_A2_S00,STATIONARY_QPP_PRESENT,120,2380.0,2.0,50.0,0.04,0,0,VALID,-562.8855891512671,-553.4108502382071,-555.3970615827068,-9.474738913060037,-1.9862113444996794,-19.474738913060037,M0,M0,False,137.60420496741503,formal_m1_center_not_selected,87.60420496741503,87.60420496741503,1.7520840993483007,1.7520840993483007
NWS002082,NW053_QPP_N120_P050_A2_Q040,NWP_A2_S01_P050,NWB_A2_S01,STATIONARY_QPP_PRESENT,120,2380.0,2.0,50.0,0.04,1,0,VALID,-623.995805684425,-623.2283194872081,-616.8426153294549,-0.7674861972169538,6.385704157753139,-10.767486197216954,M0,M0,False,46.88324800434223,formal_m1_center_not_selected,-3.116751995657772,3.116751995657772,-0.06233503991315544,0.06233503991315544
NWS002083,NW053_QPP_N120_P050_A2_Q040,NWP_A2_S02_P050,NWB_A2_S02,STATIONARY_QPP_PRESENT,120,2380.0,2.0,50.0,0.04,2,0,VALID,-714.8470365340798,-705.0477469385313,-708.1387023044999,-9.799289595548544,-3.0909553659686253,-19.799289595548544,M0,M0,False,45.804822306208735,formal_m1_center_not_selected,-4.1951776937912655,4.1951776937912655,-0.0839035538758253,0.0839035538758253
NWS002084,NW053_QPP_N120_P050_A2_Q040,NWP_A2_S03_P050,NWB_A2_S03,STATIONARY_QPP_PRESENT,120,2380.0,2.0,50.0,0.04,3,0,VALID,-502.7861907479287,-496.2687808137177,-497.59976136244643,-6.517409934211003,-1.3309805487287463,-16.517409934211003,M0,M0,False,75.9126310171288,formal_m1_center_not_selected,25.912631017128803,25.912631017128803,0.518252620342576,0.518252620342576
NWS002085,NW053_QPP_N120_P050_A2_Q040,NWP_A2_S04_P050,NWB_A2_S04,STATIONARY_QPP_PRESENT,120,2380.0,2.0,50.0,0.04,4,0,VALID,-670.2281001338374,-664.8526289830489,-665.0130266525596,-5.375471150788485,-0.16039766951064394,-15.375471150788485,M0,M0,False,116.72496143073138,formal_m1_center_not_selected,66.72496143073138,66.72496143073138,1.3344992286146278,1.3344992286146278
NWS002086,NW053_QPP_N120_P050_A2_Q040,NWP_A2_S05_P050,NWB_A2_S05,STATIONARY_QPP_PRESENT,120,2380.0,2.0,50.0,0.04,5,0,VALID,-519.8920631322219,-516.9250090240872,-519.2971598590781,-2.9670541081346755,-2.3721508349908618,-12.967054108134676,M0,M0,False,97.13167295959009,formal_m1_center_not_selected,47.13167295959009,47.13167295959009,0.9426334591918019,0.9426334591918019
NWS002087,NW053_QPP_N120_P050_A2_Q040,NWP_A2_S06_P050,NWB_A2_S06,STATIONARY_QPP_PRESENT,120,2380.0,2.0,50.0,0.04,6,0,VALID,-788.1725421154324,-783.6382781694657,-781.6682461549206,-4.5342639459667,1.9700320145451542,-14.5342639459667,M0,M0,False,48.863937894350016,formal_m1_center_not_selected,-1.1360621056499838,1.1360621056499838,-0.022721242112999675,0.022721242112999675
NWS002088,NW053_QPP_N120_P050_A2_Q040,NWP_A2_S07_P050,NWB_A2_S07,STATIONARY_QPP_PRESENT,120,2380.0,2.0,50.0,0.04,7,0,VALID,-692.2726308720139,-687.162063509844,-685.0365859511669,-5.110567362169945,2.125477558677062,-15.110567362169945,M0,M0,False,129.95584348592413,formal_m1_center_not_selected,79.95584348592413,79.95584348592413,1.5991168697184828,1.5991168697184828
NWS002089,NW053_QPP_N120_P050_A2_Q040,NWP_A2_S08_P050,NWB_A2_S08,STATIONARY_QPP_PRESENT,120,2380.0,2.0,50.0,0.04,8,0,VALID,-541.0554744452558,-545.3374677607052,-535.0554699671151,4.2819933154494265,10.281997793590108,-5.7180066845505735,M0,M1,False,57.75209774127234,formal_m1_center_not_selected,7.752097741272337,7.752097741272337,0.15504195482544675,0.15504195482544675
NWS002090,NW053_QPP_N120_P050_A2_Q040,NWP_A2_S09_P050,NWB_A2_S09,STATIONARY_QPP_PRESENT,120,2380.0,2.0,50.0,0.04,9,0,VALID,-741.7005610128297,-737.8899106950988,-735.831730367105,-3.810650317730847,2.058180327993796,-13.810650317730847,M0,M0,False,103.69081112780681,formal_m1_center_not_selected,53.69081112780681,53.69081112780681,1.0738162225561363,1.0738162225561363
NWS002091,NW053_QPP_N120_P050_A2_Q040,NWP_A2_S10_P050,NWB_A2_S10,STATIONARY_QPP_PRESENT,120,2380.0,2.0,50.0,0.04,10,0,VALID,-605.340972592104,-599.1720264911916,-600.1369089608231,-6.168946100912422,-0.9648824696315614,-16.16894610091242,M0,M0,False,229.52319786383032,formal_m1_center_not_selected,179.52319786383032,179.52319786383032,3.590463957276606,3.590463957276606
NWS002092,NW053_QPP_N120_P050_A2_Q040,NWP_A2_S11_P050,NWB_A2_S11,STATIONARY_QPP_PRESENT,120,2380.0,2.0,50.0,0.04,11,0,VALID,-666.8624016003984,-657.8922290864076,-661.3813283399068,-8.970172513990747,-3.4890992534991483,-18.970172513990747,M0,M0,False,137.10725818467898,formal_m1_center_not_selected,87.10725818467898,87.10725818467898,1.7421451636935796,1.7421451636935796
NWS002093,NW053_QPP_N120_P050_A2_Q040,NWP_A2_S12_P050,NWB_A2_S12,STATIONARY_QPP_PRESENT,120,2380.0,2.0,50.0,0.04,12,0,VALID,-629.0063717839193,-621.4766584074158,-622.8504508009312,-7.529713376503537,-1.373792393515373,-17.529713376503537,M0,M0,False,146.4338127256153,formal_m1_center_not_selected,96.4338127256153,96.4338127256153,1.928676254512306,1.928676254512306
NWS002094,NW053_QPP_N120_P050_A2_Q040,NWP_A2_S13_P050,NWB_A2_S13,STATIONARY_QPP_PRESENT,120,2380.0,2.0,50.0,0.04,13,0,VALID,-550.5549846601964,-560.0826296375083,-551.0415423684647,9.527644977311866,9.0410872690436,-0.9589127309563992,M2,M1,False,76.06584896453234,formal_m1_center_not_selected,26.065848964532336,26.065848964532336,0.5213169792906467,0.5213169792906467
NWS002095,NW053_QPP_N120_P050_A2_Q040,NWP_A2_S14_P050,NWB_A2_S14,STATIONARY_QPP_PRESENT,120,2380.0,2.0,50.0,0.04,14,0,VALID,-658.6598236137002,-656.691662881003,-656.4743445590598,-1.9681607326971289,0.21731832194325307,-11.968160732697129,M0,M0,False,79.60708320776357,formal_m1_center_not_selected,29.607083207763566,29.607083207763566,0.5921416641552714,0.5921416641552714
NWS002096,NW053_QPP_N120_P050_A2_Q040,NWP_A2_S15_P050,NWB_A2_S15,STATIONARY_QPP_PRESENT,120,2380.0,2.0,50.0,0.04,15,0,VALID,-621.9885035930619,-615.8632661668379,-617.9753576973726,-6.1252374262239755,-2.1120915305347125,-16.125237426223975,M0,M0,False,115.90609067104286,formal_m1_center_not_selected,65.90609067104286,65.90609067104286,1.3181218134208572,1.3181218134208572
NWS002097,NW053_QPP_N120_P050_A2_Q040,NWP_A2_S16_P050,NWB_A2_S16,STATIONARY_QPP_PRESENT,120,2380.0,2.0,50.0,0.04,16,0,VALID,-529.2518605397886,-523.1627775500298,-522.7920404372337,-6.089082989758822,0.37073711279606414,-16.089082989758822,M0,M0,False,118.56819760048894,formal_m1_center_not_selected,68.56819760048894,68.56819760048894,1.371363952009779,1.371363952009779
NWS002098,NW053_QPP_N120_P050_A2_Q040,NWP_A2_S17_P050,NWB_A2_S17,STATIONARY_QPP_PRESENT,120,2380.0,2.0,50.0,0.04,17,0,VALID,-613.1158815995223,-605.4239737113942,-606.8290399776431,-7.691907888128071,-1.405066266248923,-17.69190788812807,M0,M0,False,107.4199972835319,formal_m1_center_not_selected,57.4199972835319,57.4199972835319,1.148399945670638,1.148399945670638
NWS002099,NW053_QPP_N120_P050_A2_Q040,NWP_A2_S18_P050,NWB_A2_S18,STATIONARY_QPP_PRESENT,120,2380.0,2.0,50.0,0.04,18,0,VALID,-576.3915272694031,-569.3422673655584,-572.0455167525197,-7.0492599038447,-2.703249386961261,-17.0492599038447,M0,M0,False,132.9454581694537,formal_m1_center_not_selected,82.9454581694537,82.9454581694537,1.658909163389074,1.658909163389074
NWS002100,NW053_QPP_N120_P050_A2_Q040,NWP_A2_S19_P050,NWB_A2_S19,STATIONARY_QPP_PRESENT,120,2380.0,2.0,50.0,0.04,19,0,VALID,-551.2072913619269,-549.1672780832408,-548.3118160161625,-2.0400132786860468,0.8554620670782924,-12.040013278686047,M0,M0,False,82.58327918886248,formal_m1_center_not_selected,32.58327918886248,32.58327918886248,0.6516655837772496,0.6516655837772496
NWS002101,NW053_QPP_N120_P050_A2_Q040,NWP_A2_S20_P050,NWB_A2_S20,STATIONARY_QPP_PRESENT,120,2380.0,2.0,50.0,0.04,20,0,VALID,-701.3636060264553,-691.2613307625247,-693.9394260432166,-10.10227526393055,-2.6780952806918776,-20.10227526393055,M0,M0,False,299.99999999999994,formal_m1_center_not_selected,249.99999999999994,249.99999999999994,4.999999999999999,4.999999999999999
NWS002102,NW053_QPP_N120_P050_A2_Q040,NWP_A2_S21_P050,NWB_A2_S21,STATIONARY_QPP_PRESENT,120,2380.0,2.0,50.0,0.04,21,0,VALID,-554.6013151767141,-545.0559966424499,-548.2312381316597,-9.545318534264197,-3.175241489209725,-19.545318534264197,M0,M0,False,78.14908394174495,formal_m1_center_not_selected,28.149083941744948,28.149083941744948,0.5629816788348989,0.5629816788348989
NWS002103,NW053_QPP_N120_P050_A2_Q040,NWP_A2_S22_P050,NWB_A2_S22,STATIONARY_QPP_PRESENT,120,2380.0,2.0,50.0,0.04,22,0,VALID,-578.0184247961778,-568.1102404720339,-571.0276194299236,-9.908184324143917,-2.917378957889696,-19.908184324143917,M0,M0,False,78.4072650502325,formal_m1_center_not_selected,28.407265050232496,28.407265050232496,0.5681453010046499,0.5681453010046499
NWS002104,NW053_QPP_N120_P050_A2_Q040,NWP_A2_S23_P050,NWB_A2_S23,STATIONARY_QPP_PRESENT,120,2380.0,2.0,50.0,0.04,23,0,VALID,-705.3037833100478,-699.5157270350013,-697.885126949307,-5.788056275046529,1.6306000856942546,-15.788056275046529,M0,M0,False,166.10614062814054,formal_m1_center_not_selected,116.10614062814054,116.10614062814054,2.3221228125628106,2.3221228125628106
NWS002105,NW053_QPP_N120_P050_A2_Q040,NWP_A2_S24_P050,NWB_A2_S24,STATIONARY_QPP_PRESENT,120,2380.0,2.0,50.0,0.04,24,0,VALID,-654.834750712072,-659.2316395001902,-656.4433459662473,4.39688878811819,2.7882935339429196,-7.21170646605708,M2,M1,False,90.40582584871356,formal_m1_center_not_selected,40.40582584871356,40.40582584871356,0.8081165169742712,0.8081165169742712
NWS002106,NW053_QPP_N120_P050_A2_Q040,NWP_A2_S25_P050,NWB_A2_S25,STATIONARY_QPP_PRESENT,120,2380.0,2.0,50.0,0.04,25,0,VALID,-687.7877039897896,-680.9717053373628,-681.7777540578966,-6.815998652426856,-0.806048720533795,-16.815998652426856,M0,M0,False,67.90413363404818,formal_m1_center_not_selected,17.90413363404818,17.90413363404818,0.3580826726809636,0.3580826726809636
NWS002107,NW053_QPP_N120_P050_A2_Q040,NWP_A2_S26_P050,NWB_A2_S26,STATIONARY_QPP_PRESENT,120,2380.0,2.0,50.0,0.04,26,0,VALID,-546.2097876094904,-543.1958548612183,-539.5302304383837,-3.0139327482720546,3.6656244228346395,-13.013932748272055,M0,M0,False,170.98077355170682,formal_m1_center_not_selected,120.98077355170682,120.98077355170682,2.4196154710341364,2.4196154710341364
NWS002108,NW053_QPP_N120_P050_A2_Q040,NWP_A2_S27_P050,NWB_A2_S27,STATIONARY_QPP_PRESENT,120,2380.0,2.0,50.0,0.04,27,0,VALID,-683.0193065245355,-680.5888979202506,-676.459955623292,-2.430408604284935,4.1289422969585985,-12.430408604284935,M0,M0,False,46.85927687645625,formal_m1_center_not_selected,-3.1407231235437507,3.1407231235437507,-0.06281446247087502,0.06281446247087502
NWS002109,NW053_QPP_N120_P050_A2_Q040,NWP_A2_S28_P050,NWB_A2_S28,STATIONARY_QPP_PRESENT,120,2380.0,2.0,50.0,0.04,28,0,VALID,-683.8423129331204,-677.9855966709481,-679.2442840144781,-5.856716262172313,-1.2586873435300276,-15.856716262172313,M0,M0,False,66.34720335830598,formal_m1_center_not_selected,16.347203358305975,16.347203358305975,0.3269440671661195,0.3269440671661195
NWS002110,NW053_QPP_N120_P050_A2_Q040,NWP_A2_S29_P050,NWB_A2_S29,STATIONARY_QPP_PRESENT,120,2380.0,2.0,50.0,0.04,29,0,VALID,-542.7817208663464,-537.3775694693925,-540.6097238437425,-5.404151396953921,-3.2321543743499888,-15.404151396953921,M0,M0,False,141.46967551920065,formal_m1_center_not_selected,91.46967551920065,91.46967551920065,1.8293935103840129,1.8293935103840129
NWS002111,NW053_QPP_N120_P050_A2_Q040,NWP_A2_S30_P050,NWB_A2_S30,STATIONARY_QPP_PRESENT,120,2380.0,2.0,50.0,0.04,30,0,VALID,-561.0861585968107,-563.4340973426508,-556.846353335274,2.3479387458401106,6.587744007376841,-7.652061254159889,M0,M1,False,56.42544399787186,formal_m1_center_not_selected,6.425443997871859,6.425443997871859,0.12850887995743718,0.12850887995743718
NWS002112,NW053_QPP_N120_P050_A2_Q040,NWP_A2_S31_P050,NWB_A2_S31,STATIONARY_QPP_PRESENT,120,2380.0,2.0,50.0,0.04,31,0,VALID,-661.1121076504621,-652.6998860052983,-653.6023438958647,-8.412221645163868,-0.9024578905664384,-18.412221645163868,M0,M0,False,119.49870815693812,formal_m1_center_not_selected,69.49870815693812,69.49870815693812,1.3899741631387625,1.3899741631387625
NWS002113,NW053_QPP_N120_P050_A2_Q040,NWP_A2_S32_P050,NWB_A2_S32,STATIONARY_QPP_PRESENT,120,2380.0,2.0,50.0,0.04,32,0,VALID,-591.1449255278768,-590.0583509859085,-588.5943316484169,-1.0865745419682753,1.4640193374916635,-11.086574541968275,M0,M0,False,85.02373677644458,formal_m1_center_not_selected,35.02373677644458,35.02373677644458,0.7004747355288916,0.7004747355288916
NWS002114,NW053_QPP_N120_P050_A2_Q040,NWP_A2_S33_P050,NWB_A2_S33,STATIONARY_QPP_PRESENT,120,2380.0,2.0,50.0,0.04,33,0,VALID,-649.0182320104766,-640.7021734043077,-641.6469038255802,-8.316058606168895,-0.9447304212725385,-18.316058606168895,M0,M0,False,68.7505105363102,formal_m1_center_not_selected,18.750510536310202,18.750510536310202,0.37501021072620405,0.37501021072620405
NWS002115,NW053_QPP_N120_P050_A2_Q040,NWP_A2_S34_P050,NWB_A2_S34,STATIONARY_QPP_PRESENT,120,2380.0,2.0,50.0,0.04,34,0,VALID,-686.4626180605743,-680.0134829916901,-681.8767880903481,-6.449135068884175,-1.8633050986579747,-16.449135068884175,M0,M0,False,75.105977361293,formal_m1_center_not_selected,25.105977361293,25.105977361293,0.50211954722586,0.50211954722586
NWS002116,NW053_QPP_N120_P050_A2_Q040,NWP_A2_S35_P050,NWB_A2_S35,STATIONARY_QPP_PRESENT,120,2380.0,2.0,50.0,0.04,35,0,VALID,-575.605694758633,-565.5841664315379,-568.8565992016364,-10.021528327095098,-3.272432770098476,-20.021528327095098,M0,M0,False,49.90751622117799,formal_m1_center_not_selected,-0.09248377882200742,0.09248377882200742,-0.0018496755764401485,0.0018496755764401485
NWS002117,NW053_QPP_N120_P050_A2_Q040,NWP_A2_S36_P050,NWB_A2_S36,STATIONARY_QPP_PRESENT,120,2380.0,2.0,50.0,0.04,36,0,VALID,-625.4683624048789,-618.3556799482727,-620.4816701353088,-7.112682456606194,-2.125990187036109,-17.112682456606194,M0,M0,False,90.93559908353333,formal_m1_center_not_selected,40.93559908353333,40.93559908353333,0.8187119816706666,0.8187119816706666
NWS002118,NW053_QPP_N120_P050_A2_Q040,NWP_A2_S37_P050,NWB_A2_S37,STATIONARY_QPP_PRESENT,120,2380.0,2.0,50.0,0.04,37,0,VALID,-504.65660074741254,-498.9533536338684,-497.2205091664291,-5.703247113544137,1.7328444674392927,-15.703247113544137,M0,M0,False,227.87879347876904,formal_m1_center_not_selected,177.87879347876904,177.87879347876904,3.557575869575381,3.557575869575381
NWS002119,NW053_QPP_N120_P050_A2_Q040,NWP_A2_S38_P050,NWB_A2_S38,STATIONARY_QPP_PRESENT,120,2380.0,2.0,50.0,0.04,38,0,VALID,-671.1192645398708,-665.6534675727797,-665.0273986681369,-5.465796967091023,0.626068904642807,-15.465796967091023,M0,M0,False,62.696723546715795,formal_m1_center_not_selected,12.696723546715795,12.696723546715795,0.25393447093431587,0.25393447093431587
NWS002120,NW053_QPP_N120_P050_A2_Q040,NWP_A2_S39_P050,NWB_A2_S39,STATIONARY_QPP_PRESENT,120,2380.0,2.0,50.0,0.04,39,0,VALID,-747.7468220152331,-737.8164594144711,-740.9811770868608,-9.93036260076201,-3.16471767238977,-19.93036260076201,M0,M0,False,89.09815112520607,formal_m1_center_not_selected,39.09815112520607,39.09815112520607,0.7819630225041214,0.7819630225041214
NWS002121,NW054_QPP_N120_P080_A2_Q040,NWP_A2_S00_P080,NWB_A2_S00,STATIONARY_QPP_PRESENT,120,2380.0,2.0,80.0,0.04,0,0,VALID,-563.8016751295847,-554.1384074823782,-556.2333428571386,-9.663267647206567,-2.094935374760439,-19.663267647206567,M0,M0,False,137.6626287791268,formal_m1_center_not_selected,57.662628779126806,57.662628779126806,0.7207828597390851,0.7207828597390851
NWS002122,NW054_QPP_N120_P080_A2_Q040,NWP_A2_S01_P080,NWB_A2_S01,STATIONARY_QPP_PRESENT,120,2380.0,2.0,80.0,0.04,1,0,VALID,-626.1169739096716,-622.6103391348263,-618.7315794962933,-3.506634774845338,3.8787596385329834,-13.506634774845338,M0,M0,False,46.865623332639665,formal_m1_center_not_selected,-33.134376667360335,33.134376667360335,-0.4141797083420042,0.4141797083420042
NWS002123,NW054_QPP_N120_P080_A2_Q040,NWP_A2_S02_P080,NWB_A2_S02,STATIONARY_QPP_PRESENT,120,2380.0,2.0,80.0,0.04,2,0,VALID,-718.8397037507783,-708.2252622961095,-712.0234761961206,-10.61444145466885,-3.798213900011092,-20.61444145466885,M0,M0,False,43.75356613355889,formal_m1_center_not_selected,-36.24643386644111,36.24643386644111,-0.45308042333051385,0.45308042333051385
NWS002124,NW054_QPP_N120_P080_A2_Q040,NWP_A2_S03_P080,NWB_A2_S03,STATIONARY_QPP_PRESENT,120,2380.0,2.0,80.0,0.04,3,0,VALID,-503.63630737076164,-497.235221457475,-498.62130816620686,-6.401085913286636,-1.3860867087318525,-16.401085913286636,M0,M0,False,76.33131394256314,formal_m1_center_not_selected,-3.668686057436858,3.668686057436858,-0.045858575717960724,0.045858575717960724
NWS002125,NW054_QPP_N120_P080_A2_Q040,NWP_A2_S04_P080,NWB_A2_S04,STATIONARY_QPP_PRESENT,120,2380.0,2.0,80.0,0.04,4,0,VALID,-673.0155423551432,-668.3795396091168,-667.0130877594447,-4.636002746026406,1.366451849672103,-14.636002746026406,M0,M0,False,111.29448671506567,formal_m1_center_not_selected,31.294486715065673,31.294486715065673,0.3911810839383209,0.3911810839383209
NWS002126,NW054_QPP_N120_P080_A2_Q040,NWP_A2_S05_P080,NWB_A2_S05,STATIONARY_QPP_PRESENT,120,2380.0,2.0,80.0,0.04,5,0,VALID,-521.2750798037773,-518.602697625352,-520.9679111854255,-2.672382178425323,-2.365213560073471,-12.672382178425323,M0,M0,False,97.0478276099576,formal_m1_center_not_selected,17.047827609957594,17.047827609957594,0.21309784512446991,0.21309784512446991
NWS002127,NW054_QPP_N120_P080_A2_Q040,NWP_A2_S06_P080,NWB_A2_S06,STATIONARY_QPP_PRESENT,120,2380.0,2.0,80.0,0.04,6,0,VALID,-791.6843206350239,-782.2211046090954,-784.9474386116983,-9.463216025928546,-2.7263340026029255,-19.463216025928546,M0,M0,False,49.174082252551244,formal_m1_center_not_selected,-30.825917747448756,30.825917747448756,-0.38532397184310946,0.38532397184310946
NWS002128,NW054_QPP_N120_P080_A2_Q040,NWP_A2_S07_P080,NWB_A2_S07,STATIONARY_QPP_PRESENT,120,2380.0,2.0,80.0,0.04,7,0,VALID,-697.3481159158324,-691.9455213753927,-690.3584534083602,-5.402594540439736,1.5870679670324535,-15.402594540439736,M0,M0,False,129.8202523548277,formal_m1_center_not_selected,49.82025235482769,49.82025235482769,0.6227531544353461,0.6227531544353461
NWS002129,NW054_QPP_N120_P080_A2_Q040,NWP_A2_S08_P080,NWB_A2_S08,STATIONARY_QPP_PRESENT,120,2380.0,2.0,80.0,0.04,8,0,VALID,-540.9363337836908,-545.2448751619983,-535.0815800677238,4.3085413783074955,10.163295094274417,-5.6914586216925045,M0,M1,False,57.793579390512186,formal_m1_center_not_selected,-22.206420609487814,22.206420609487814,-0.27758025761859767,0.27758025761859767
NWS002130,NW054_QPP_N120_P080_A2_Q040,NWP_A2_S09_P080,NWB_A2_S09,STATIONARY_QPP_PRESENT,120,2380.0,2.0,80.0,0.04,9,0,VALID,-745.128644961945,-741.8656537145948,-739.7501401178879,-3.2629912473502145,2.1155135967069327,-13.262991247350215,M0,M0,False,99.91597972812562,formal_m1_center_not_selected,19.91597972812562,19.91597972812562,0.24894974660157027,0.24894974660157027
NWS002131,NW054_QPP_N120_P080_A2_Q040,NWP_A2_S10_P080,NWB_A2_S10,STATIONARY_QPP_PRESENT,120,2380.0,2.0,80.0,0.04,10,0,VALID,-607.0790167473027,-600.8459454318055,-601.7579674152439,-6.233071315497227,-0.9120219834384216,-16.233071315497227,M0,M0,False,229.37627608750574,formal_m1_center_not_selected,149.37627608750574,149.37627608750574,1.8672034510938218,1.8672034510938218
NWS002132,NW054_QPP_N120_P080_A2_Q040,NWP_A2_S11_P080,NWB_A2_S11,STATIONARY_QPP_PRESENT,120,2380.0,2.0,80.0,0.04,11,0,VALID,-666.3297189373326,-657.4652744558656,-661.0772330847103,-8.86444448146699,-3.611958628844718,-18.86444448146699,M0,M0,False,55.2740524548421,formal_m1_center_not_selected,-24.7259475451579,24.7259475451579,-0.3090743443144738,0.3090743443144738
NWS002133,NW054_QPP_N120_P080_A2_Q040,NWP_A2_S12_P080,NWB_A2_S12,STATIONARY_QPP_PRESENT,120,2380.0,2.0,80.0,0.04,12,0,VALID,-631.0821032221581,-623.8122105857123,-625.7467892785968,-7.2698926364458885,-1.9345786928845428,-17.26989263644589,M0,M0,False,75.16756107426336,formal_m1_center_not_selected,-4.832438925736639,4.832438925736639,-0.06040548657170799,0.06040548657170799
NWS002134,NW054_QPP_N120_P080_A2_Q040,NWP_A2_S13_P080,NWB_A2_S13,STATIONARY_QPP_PRESENT,120,2380.0,2.0,80.0,0.04,13,0,VALID,-551.8112173445888,-562.1905812246279,-553.2247447817606,10.379363880039023,8.965836442867271,-1.0341635571327288,M2,M1,False,75.95028522637053,formal_m1_center_not_selected,-4.049714773629475,4.049714773629475,-0.050621434670368434,0.050621434670368434
NWS002135,NW054_QPP_N120_P080_A2_Q040,NWP_A2_S14_P080,NWB_A2_S14,STATIONARY_QPP_PRESENT,120,2380.0,2.0,80.0,0.04,14,0,VALID,-659.651938430404,-660.0539234697562,-657.3408155977004,0.40198503935221197,2.7131078720558435,-9.598014960647788,M0,M1,False,86.51550694827485,formal_m1_center_not_selected,6.515506948274847,6.515506948274847,0.08144383685343559,0.08144383685343559
NWS002136,NW054_QPP_N120_P080_A2_Q040,NWP_A2_S15_P080,NWB_A2_S15,STATIONARY_QPP_PRESENT,120,2380.0,2.0,80.0,0.04,15,0,VALID,-623.2041676290434,-616.611366206617,-619.1245659028442,-6.592801422426305,-2.5131996962271614,-16.592801422426305,M0,M0,False,115.91985365952861,formal_m1_center_not_selected,35.91985365952861,35.91985365952861,0.44899817074410764,0.44899817074410764
NWS002137,NW054_QPP_N120_P080_A2_Q040,NWP_A2_S16_P080,NWB_A2_S16,STATIONARY_QPP_PRESENT,120,2380.0,2.0,80.0,0.04,16,0,VALID,-529.6115862128686,-523.3351594361601,-523.3652510399293,-6.27642677670849,-0.030091603769164976,-16.27642677670849,M0,M0,False,118.53799720847897,formal_m1_center_not_selected,38.53799720847897,38.53799720847897,0.4817249651059871,0.4817249651059871
NWS002138,NW054_QPP_N120_P080_A2_Q040,NWP_A2_S17_P080,NWB_A2_S17,STATIONARY_QPP_PRESENT,120,2380.0,2.0,80.0,0.04,17,0,VALID,-613.3404888577148,-605.2537132457823,-606.5150696456004,-8.08677561193258,-1.261356399818169,-18.08677561193258,M0,M0,False,107.6010966996307,formal_m1_center_not_selected,27.601096699630702,27.601096699630702,0.3450137087453838,0.3450137087453838
NWS002139,NW054_QPP_N120_P080_A2_Q040,NWP_A2_S18_P080,NWB_A2_S18,STATIONARY_QPP_PRESENT,120,2380.0,2.0,80.0,0.04,18,0,VALID,-578.0763431711636,-571.3030468444246,-574.6013185421028,-6.7732963267390005,-3.298271697678274,-16.773296326739,M0,M0,False,133.06645452123402,formal_m1_center_not_selected,53.06645452123402,53.06645452123402,0.6633306815154253,0.6633306815154253
NWS002140,NW054_QPP_N120_P080_A2_Q040,NWP_A2_S19_P080,NWB_A2_S19,STATIONARY_QPP_PRESENT,120,2380.0,2.0,80.0,0.04,19,0,VALID,-552.216678204076,-550.6721747417581,-549.5500036301937,-1.5445034623178344,1.1221711115643984,-11.544503462317834,M0,M0,False,82.57542502631085,formal_m1_center_not_selected,2.575425026310853,2.575425026310853,0.03219281282888566,0.03219281282888566
NWS002141,NW054_QPP_N120_P080_A2_Q040,NWP_A2_S20_P080,NWB_A2_S20,STATIONARY_QPP_PRESENT,120,2380.0,2.0,80.0,0.04,20,0,VALID,-703.015768756996,-693.4038217138647,-696.4094324665191,-9.611947043131295,-3.005610752654434,-19.611947043131295,M0,M0,False,62.46533088711315,formal_m1_center_not_selected,-17.534669112886853,17.534669112886853,-0.21918336391108567,0.21918336391108567
NWS002142,NW054_QPP_N120_P080_A2_Q040,NWP_A2_S21_P080,NWB_A2_S21,STATIONARY_QPP_PRESENT,120,2380.0,2.0,80.0,0.04,21,0,VALID,-555.6567714932467,-546.0708337196523,-549.2359279134539,-9.58593777359431,-3.165094193801565,-19.58593777359431,M0,M0,False,78.20948935525614,formal_m1_center_not_selected,-1.7905106447438612,1.7905106447438612,-0.022381383059298265,0.022381383059298265
NWS002143,NW054_QPP_N120_P080_A2_Q040,NWP_A2_S22_P080,NWB_A2_S22,STATIONARY_QPP_PRESENT,120,2380.0,2.0,80.0,0.04,22,0,VALID,-579.2127147579106,-569.3935022671723,-572.6278132943046,-9.819212490738323,-3.234311027132321,-19.819212490738323,M0,M0,False,45.94695804497522,formal_m1_center_not_selected,-34.05304195502478,34.05304195502478,-0.4256630244378098,0.4256630244378098
NWS002144,NW054_QPP_N120_P080_A2_Q040,NWP_A2_S23_P080,NWB_A2_S23,STATIONARY_QPP_PRESENT,120,2380.0,2.0,80.0,0.04,23,0,VALID,-706.791588231346,-700.3899174992542,-699.635377123916,-6.401670732091816,0.7545403753382516,-16.401670732091816,M0,M0,False,166.21949286674374,formal_m1_center_not_selected,86.21949286674374,86.21949286674374,1.0777436608342967,1.0777436608342967
NWS002145,NW054_QPP_N120_P080_A2_Q040,NWP_A2_S24_P080,NWB_A2_S24,STATIONARY_QPP_PRESENT,120,2380.0,2.0,80.0,0.04,24,0,VALID,-657.9018087938327,-667.4106475193927,-664.1008678832436,9.50883872555994,3.3097796361490737,-6.690220363850926,M2,M1,False,90.58836215978987,formal_m1_center_not_selected,10.588362159789867,10.588362159789867,0.13235452699737332,0.13235452699737332
NWS002146,NW054_QPP_N120_P080_A2_Q040,NWP_A2_S25_P080,NWB_A2_S25,STATIONARY_QPP_PRESENT,120,2380.0,2.0,80.0,0.04,25,0,VALID,-688.1480162450389,-682.2398840320184,-682.6672754947301,-5.908132213020508,-0.4273914627117392,-15.908132213020508,M0,M0,False,68.27055868722914,formal_m1_center_not_selected,-11.72944131277086,11.72944131277086,-0.14661801640963573,0.14661801640963573
NWS002147,NW054_QPP_N120_P080_A2_Q040,NWP_A2_S26_P080,NWB_A2_S26,STATIONARY_QPP_PRESENT,120,2380.0,2.0,80.0,0.04,26,0,VALID,-546.1089481885481,-542.9014595761495,-539.6180814015565,-3.207488612398606,3.28337817459294,-13.207488612398606,M0,M0,False,170.96760479457743,formal_m1_center_not_selected,90.96760479457743,90.96760479457743,1.1370950599322178,1.1370950599322178
NWS002148,NW054_QPP_N120_P080_A2_Q040,NWP_A2_S27_P080,NWB_A2_S27,STATIONARY_QPP_PRESENT,120,2380.0,2.0,80.0,0.04,27,0,VALID,-683.8478018922274,-680.4812820804998,-676.7501533878767,-3.366519811727585,3.7311286926230878,-13.366519811727585,M0,M0,False,157.0933141289785,formal_m1_center_not_selected,77.0933141289785,77.0933141289785,0.9636664266122313,0.9636664266122313
NWS002149,NW054_QPP_N120_P080_A2_Q040,NWP_A2_S28_P080,NWB_A2_S28,STATIONARY_QPP_PRESENT,120,2380.0,2.0,80.0,0.04,28,0,VALID,-687.9990460161285,-683.1512430209294,-686.4172500291509,-4.8478029951991175,-3.266007008221436,-14.847802995199118,M0,M0,False,66.4594357467838,formal_m1_center_not_selected,-13.540564253216203,13.540564253216203,-0.16925705316520254,0.16925705316520254
NWS002150,NW054_QPP_N120_P080_A2_Q040,NWP_A2_S29_P080,NWB_A2_S29,STATIONARY_QPP_PRESENT,120,2380.0,2.0,80.0,0.04,29,0,VALID,-543.7986231807513,-538.858163977668,-542.2941813099196,-4.940459203083265,-3.436017332251595,-14.940459203083265,M0,M0,False,140.4394611891347,formal_m1_center_not_selected,60.439461189134704,60.439461189134704,0.7554932648641838,0.7554932648641838
NWS002151,NW054_QPP_N120_P080_A2_Q040,NWP_A2_S30_P080,NWB_A2_S30,STATIONARY_QPP_PRESENT,120,2380.0,2.0,80.0,0.04,30,0,VALID,-563.5622720012356,-563.3929402489023,-558.768930013978,-0.16933175233327802,4.624010234924299,-10.169331752333278,M0,M0,False,56.65083034581498,formal_m1_center_not_selected,-23.34916965418502,23.34916965418502,-0.2918646206773127,0.2918646206773127
NWS002152,NW054_QPP_N120_P080_A2_Q040,NWP_A2_S31_P080,NWB_A2_S31,STATIONARY_QPP_PRESENT,120,2380.0,2.0,80.0,0.04,31,0,VALID,-661.4854187348742,-652.9146496297335,-654.690820445921,-8.570769105140698,-1.7761708161874594,-18.5707691051407,M0,M0,False,119.48902607870579,formal_m1_center_not_selected,39.48902607870579,39.48902607870579,0.4936128259838224,0.4936128259838224
NWS002153,NW054_QPP_N120_P080_A2_Q040,NWP_A2_S32_P080,NWB_A2_S32,STATIONARY_QPP_PRESENT,120,2380.0,2.0,80.0,0.04,32,0,VALID,-591.4670752588687,-590.6395881197376,-588.7491977043975,-0.827487139131108,1.8903904153401072,-10.827487139131108,M0,M0,False,85.26083336374207,formal_m1_center_not_selected,5.260833363742066,5.260833363742066,0.06576041704677582,0.06576041704677582
NWS002154,NW054_QPP_N120_P080_A2_Q040,NWP_A2_S33_P080,NWB_A2_S33,STATIONARY_QPP_PRESENT,120,2380.0,2.0,80.0,0.04,33,0,VALID,-649.0669679236705,-641.057349794053,-641.9845936840687,-8.009618129617479,-0.9272438900156885,-18.00961812961748,M0,M0,False,68.97362447221546,formal_m1_center_not_selected,-11.026375527784538,11.026375527784538,-0.13782969409730672,0.13782969409730672
NWS002155,NW054_QPP_N120_P080_A2_Q040,NWP_A2_S34_P080,NWB_A2_S34,STATIONARY_QPP_PRESENT,120,2380.0,2.0,80.0,0.04,34,0,VALID,-687.4134123798887,-680.920693288148,-682.6425791356328,-6.492719091740696,-1.7218858474848275,-16.492719091740696,M0,M0,False,75.61922440998036,formal_m1_center_not_selected,-4.380775590019638,4.380775590019638,-0.05475969487524548,0.05475969487524548
NWS002156,NW054_QPP_N120_P080_A2_Q040,NWP_A2_S35_P080,NWB_A2_S35,STATIONARY_QPP_PRESENT,120,2380.0,2.0,80.0,0.04,35,0,VALID,-576.3757045611592,-565.8625241664213,-569.288836857393,-10.513180394737901,-3.426312690971713,-20.5131803947379,M0,M0,False,299.99999999999994,formal_m1_center_not_selected,219.99999999999994,219.99999999999994,2.749999999999999,2.749999999999999
NWS002157,NW054_QPP_N120_P080_A2_Q040,NWP_A2_S36_P080,NWB_A2_S36,STATIONARY_QPP_PRESENT,120,2380.0,2.0,80.0,0.04,36,0,VALID,-626.4859177659531,-620.2446873635065,-622.436444009911,-6.241230402446604,-2.191756646404542,-16.241230402446604,M0,M0,False,90.29560731872942,formal_m1_center_not_selected,10.295607318729424,10.295607318729424,0.12869509148411779,0.12869509148411779
NWS002158,NW054_QPP_N120_P080_A2_Q040,NWP_A2_S37_P080,NWB_A2_S37,STATIONARY_QPP_PRESENT,120,2380.0,2.0,80.0,0.04,37,0,VALID,-504.06761764420867,-498.3067539971333,-496.64389189011695,-5.760863647075382,1.6628621070163376,-15.760863647075382,M0,M0,False,227.90137164327325,formal_m1_center_not_selected,147.90137164327325,147.90137164327325,1.8487671455409156,1.8487671455409156
NWS002159,NW054_QPP_N120_P080_A2_Q040,NWP_A2_S38_P080,NWB_A2_S38,STATIONARY_QPP_PRESENT,120,2380.0,2.0,80.0,0.04,38,0,VALID,-672.1848810289171,-666.1188748579002,-666.1724956582241,-6.066006171016852,-0.053620800323869844,-16.066006171016852,M0,M0,False,62.941046071765875,formal_m1_center_not_selected,-17.058953928234125,17.058953928234125,-0.21323692410292655,0.21323692410292655
NWS002160,NW054_QPP_N120_P080_A2_Q040,NWP_A2_S39_P080,NWB_A2_S39,STATIONARY_QPP_PRESENT,120,2380.0,2.0,80.0,0.04,39,0,VALID,-749.5082745483311,-740.5699697380029,-742.7877994800424,-8.93830481032819,-2.2178297420394983,-18.93830481032819,M0,M0,False,88.49478495361193,formal_m1_center_not_selected,8.494784953611926,8.494784953611926,0.10618481192014909,0.10618481192014909
