evidence_id,work_id,version_id,extraction_field,normalized_value,evidence_source_level,source_locator,evidence_paraphrase,verification_status,notes
BAII4E0001,BAIIW0001,BAIIV0002,population_and_sample,"TESS=YES; sample=TESS 20-second-cadence stellar-flare survey, Sectors 27–80; sample_size=1285 flaring stars; flares=3878; QPP_candidates=61 QPPs across 57 stars",ABSTRACT,arXiv abstract,"Available source identifies the observational/sample scope as TESS 20-second-cadence stellar-flare survey, Sectors 27–80; reported scale: 1285 flaring stars, flares: 3878, QPP candidates: 61 QPPs across 57 stars.",VERIFIED_FROM_AVAILABLE_SOURCE,No long verbatim quotation retained. Fields not resolved from the available source remain explicitly NOT_REPORTED.
BAII4E0002,BAIIW0001,BAIIV0002,detection_method_and_processing,primary=AFINO Fourier model comparison; additional=ARIMA flare detection; AFINO=YES; wavelet=NO; Bayesian=YES; gaps=NOT_REPORTED,ABSTRACT,arXiv abstract,Available source describes the primary analysis as AFINO Fourier model comparison; additional processing/method information: ARIMA flare detection.,VERIFIED_FROM_AVAILABLE_SOURCE,No long verbatim quotation retained. Fields not resolved from the available source remain explicitly NOT_REPORTED.
BAII4E0003,BAIIW0001,BAIIV0002,validation_and_robustness,window=NOT_REPORTED; processing=NOT_REPORTED; injection=NO; ground_truth=NO; selection_function=NO; heldout=NO,ABSTRACT,arXiv abstract,"Available source reports validation/robustness state: window robustness NOT_REPORTED, processing robustness NOT_REPORTED, injection–recovery NO, known ground truth NO, selection-function characterization NO, held-out validation NO.",VERIFIED_FROM_AVAILABLE_SOURCE,No long verbatim quotation retained. Fields not resolved from the available source remain explicitly NOT_REPORTED.
BAII4E0004,BAIIW0001,BAIIV0002,reported_conclusions_and_limitations,methodological=AFINO applied to 20-s TESS flares identifies short-period and sub-minute QPP candidates at catalogue scale.; catalog=3878 flares were detected on 1285 stars; 61 QPPs on 57 stars expand the stellar-QPP sample.; validation=No injection–recovery or independent held-out validation is reported in the abstract.,ABSTRACT,arXiv abstract,Authors/source-level conclusions were paraphrased as: AFINO applied to 20-s TESS flares identifies short-period and sub-minute QPP candidates at catalogue scale. Validation context: No injection–recovery or independent held-out validation is reported in the abstract. Limitations: The abstract frames the physical QPP mechanism as debated; detailed selection-function performance is not reported.,VERIFIED_FROM_AVAILABLE_SOURCE,No long verbatim quotation retained. Fields not resolved from the available source remain explicitly NOT_REPORTED.
BAII4E0005,BAIIW0002,BAIIV0004,population_and_sample,TESS=YES; sample=High-cadence CHEOPS and TESS sample of late-K and M stars; sample_size=130 stars; flares=NOT_REPORTED; QPP_candidates=NOT_REPORTED,ABSTRACT,arXiv abstract,"Available source identifies the observational/sample scope as High-cadence CHEOPS and TESS sample of late-K and M stars; reported scale: 130 stars, flares: NOT_REPORTED, QPP candidates: NOT_REPORTED.",VERIFIED_FROM_AVAILABLE_SOURCE,No long verbatim quotation retained. Fields not resolved from the available source remain explicitly NOT_REPORTED.
BAII4E0006,BAIIW0002,BAIIV0004,detection_method_and_processing,primary=Dedicated flare-morphology analysis; additional=Cadence comparison; QPP search not fully specified in abstract; AFINO=NO; wavelet=NOT_REPORTED; Bayesian=NOT_REPORTED; gaps=NOT_REPORTED,ABSTRACT,arXiv abstract,Available source describes the primary analysis as Dedicated flare-morphology analysis; additional processing/method information: Cadence comparison; QPP search not fully specified in abstract.,VERIFIED_FROM_AVAILABLE_SOURCE,No long verbatim quotation retained. Fields not resolved from the available source remain explicitly NOT_REPORTED.
BAII4E0007,BAIIW0002,BAIIV0004,validation_and_robustness,window=NOT_REPORTED; processing=YES; injection=NO; ground_truth=NO; selection_function=NO; heldout=NO,ABSTRACT,arXiv abstract,"Available source reports validation/robustness state: window robustness NOT_REPORTED, processing robustness YES, injection–recovery NO, known ground truth NO, selection-function characterization NO, held-out validation NO.",VERIFIED_FROM_AVAILABLE_SOURCE,No long verbatim quotation retained. Fields not resolved from the available source remain explicitly NOT_REPORTED.
BAII4E0008,BAIIW0002,BAIIV0004,reported_conclusions_and_limitations,"methodological=High-cadence observations reveal flare morphology that is partially lost at lower cadence.; catalog=Multi-peak events are at least ~30% of detected outbursts in the sample.; validation=Cadence-dependent morphology was compared, but no injection–recovery or held-out validation is described in the abstract.",ABSTRACT,arXiv abstract,"Authors/source-level conclusions were paraphrased as: High-cadence observations reveal flare morphology that is partially lost at lower cadence. Validation context: Cadence-dependent morphology was compared, but no injection–recovery or held-out validation is described in the abstract. Limitations: QPP confirmation is described as tentative; the abstract does not provide the detailed QPP decision rule.",VERIFIED_FROM_AVAILABLE_SOURCE,No long verbatim quotation retained. Fields not resolved from the available source remain explicitly NOT_REPORTED.
BAII4E0009,BAIIW0003,BAIIV0006,population_and_sample,"TESS=YES; sample=Large TESS flare catalogue with QPP-candidate classification; sample_size=~29,280 flaring stars; flares=208,280; QPP_candidates=10,465 M-star flares with QPP features",ABSTRACT,journal abstract/provider record,"Available source identifies the observational/sample scope as Large TESS flare catalogue with QPP-candidate classification; reported scale: ~29,280 flaring stars, flares: 208,280, QPP candidates: 10,465 M-star flares with QPP features.",VERIFIED_WITH_SOURCE_ACCESS_LIMITATION,No long verbatim quotation retained. Fields not resolved from the available source remain explicitly NOT_REPORTED.
BAII4E0010,BAIIW0003,BAIIV0006,detection_method_and_processing,primary=Fully convolutional neural-network QPP classifier; additional=Machine-learning flare catalogue construction; AFINO=NO; wavelet=NOT_REPORTED; Bayesian=NOT_REPORTED; gaps=NOT_REPORTED,ABSTRACT,journal abstract/provider record,Available source describes the primary analysis as Fully convolutional neural-network QPP classifier; additional processing/method information: Machine-learning flare catalogue construction.,VERIFIED_WITH_SOURCE_ACCESS_LIMITATION,No long verbatim quotation retained. Fields not resolved from the available source remain explicitly NOT_REPORTED.
BAII4E0011,BAIIW0003,BAIIV0006,validation_and_robustness,window=NOT_REPORTED; processing=NOT_REPORTED; injection=NOT_REPORTED; ground_truth=NOT_REPORTED; selection_function=NOT_REPORTED; heldout=NOT_REPORTED,ABSTRACT,journal abstract/provider record,"Available source reports validation/robustness state: window robustness NOT_REPORTED, processing robustness NOT_REPORTED, injection–recovery NOT_REPORTED, known ground truth NOT_REPORTED, selection-function characterization NOT_REPORTED, held-out validation NOT_REPORTED.",VERIFIED_WITH_SOURCE_ACCESS_LIMITATION,No long verbatim quotation retained. Fields not resolved from the available source remain explicitly NOT_REPORTED.
BAII4E0012,BAIIW0003,BAIIV0006,reported_conclusions_and_limitations,"methodological=A neural-network QPP classifier is applied at very large TESS-catalogue scale.; catalog=The study reports 208,280 flares and a large set of M-star flare light curves classified as showing QPP features.; validation=Detailed classifier validation must be taken from the full article; it is not sufficiently resolved by the provider-level evidence used here.",ABSTRACT,journal abstract/provider record,Authors/source-level conclusions were paraphrased as: A neural-network QPP classifier is applied at very large TESS-catalogue scale. Validation context: Detailed classifier validation must be taken from the full article; it is not sufficiently resolved by the provider-level evidence used here. Limitations: The accessible provider-level evidence does not resolve the complete classifier-training/validation protocol.,VERIFIED_WITH_SOURCE_ACCESS_LIMITATION,No long verbatim quotation retained. Fields not resolved from the available source remain explicitly NOT_REPORTED.
BAII4E0013,BAIIW0004,BAIIV0008,population_and_sample,TESS=YES; sample=Single-star multi-sector TESS time series (GJ 3512); sample_size=1 star; flares=~1 flare/day; ~5 flares in Sector 60; QPP_candidates=1 recurrent 70–100 min signal,FULL_TEXT,"Sections 2, 4 and 6 of publisher HTML","Available source identifies the observational/sample scope as Single-star multi-sector TESS time series (GJ 3512); reported scale: 1 star, flares: ~1 flare/day; ~5 flares in Sector 60, QPP candidates: 1 recurrent 70–100 min signal.",VERIFIED_FROM_AVAILABLE_SOURCE,No long verbatim quotation retained. Fields not resolved from the available source remain explicitly NOT_REPORTED.
BAII4E0014,BAIIW0004,BAIIV0008,detection_method_and_processing,primary=Morlet continuous wavelet transform; additional=15-point moving-mean preprocessing; control-star instrumental check; inverse wavelet-band reconstruction; AFINO=NO; wavelet=YES; Bayesian=NO; gaps=YES,FULL_TEXT,"Sections 2, 4 and 6 of publisher HTML",Available source describes the primary analysis as Morlet continuous wavelet transform; additional processing/method information: 15-point moving-mean preprocessing; control-star instrumental check; inverse wavelet-band reconstruction.,VERIFIED_FROM_AVAILABLE_SOURCE,No long verbatim quotation retained. Fields not resolved from the available source remain explicitly NOT_REPORTED.
BAII4E0015,BAIIW0004,BAIIV0008,validation_and_robustness,window=YES; processing=YES; injection=NO; ground_truth=NO; selection_function=NO; heldout=NO,FULL_TEXT,"Sections 2, 4 and 6 of publisher HTML","Available source reports validation/robustness state: window robustness YES, processing robustness YES, injection–recovery NO, known ground truth NO, selection-function characterization NO, held-out validation NO.",VERIFIED_FROM_AVAILABLE_SOURCE,No long verbatim quotation retained. Fields not resolved from the available source remain explicitly NOT_REPORTED.
BAII4E0016,BAIIW0004,BAIIV0008,reported_conclusions_and_limitations,"methodological=A 70–100 min wavelet signal recurs across separate TESS sectors and survives instrumental/control checks.; catalog=The study is a one-star time-series analysis rather than a catalogue survey.; validation=Cross-sector recurrence, a same-CCD control star and smoothing-window checks support an intrinsic signal; no synthetic ground truth is used.",FULL_TEXT,"Sections 2, 4 and 6 of publisher HTML","Authors/source-level conclusions were paraphrased as: A 70–100 min wavelet signal recurs across separate TESS sectors and survives instrumental/control checks. Validation context: Cross-sector recurrence, a same-CCD control star and smoothing-window checks support an intrinsic signal; no synthetic ground truth is used. Limitations: Sector 60 detection is marginal and lower activity may reduce detectability; a physical coronal interpretation remains to be confirmed.",VERIFIED_FROM_AVAILABLE_SOURCE,No long verbatim quotation retained. Fields not resolved from the available source remain explicitly NOT_REPORTED.
BAII4E0017,BAIIW0006,BAIIV0011,population_and_sample,TESS=NO; sample=High-speed U-band dM-flare observations; sample_size=157 observed flares; 44 analyzed flares; flares=157 observed; 44 used for QPP analysis; QPP_candidates=13,ABSTRACT,conference article abstract,"Available source identifies the observational/sample scope as High-speed U-band dM-flare observations; reported scale: 157 observed flares; 44 analyzed flares, flares: 157 observed; 44 used for QPP analysis, QPP candidates: 13.",VERIFIED_FROM_AVAILABLE_SOURCE,No long verbatim quotation retained. Fields not resolved from the available source remain explicitly NOT_REPORTED.
BAII4E0018,BAIIW0006,BAIIV0011,detection_method_and_processing,primary=Fourier transform + empirical mode decomposition; additional=QPP envelope/amplitude classification; AFINO=NO; wavelet=NO; Bayesian=NO; gaps=NOT_REPORTED,ABSTRACT,conference article abstract,Available source describes the primary analysis as Fourier transform + empirical mode decomposition; additional processing/method information: QPP envelope/amplitude classification.,VERIFIED_FROM_AVAILABLE_SOURCE,No long verbatim quotation retained. Fields not resolved from the available source remain explicitly NOT_REPORTED.
BAII4E0019,BAIIW0006,BAIIV0011,validation_and_robustness,window=NOT_REPORTED; processing=NOT_REPORTED; injection=NO; ground_truth=NO; selection_function=NO; heldout=NO,ABSTRACT,conference article abstract,"Available source reports validation/robustness state: window robustness NOT_REPORTED, processing robustness NOT_REPORTED, injection–recovery NO, known ground truth NO, selection-function characterization NO, held-out validation NO.",VERIFIED_FROM_AVAILABLE_SOURCE,No long verbatim quotation retained. Fields not resolved from the available source remain explicitly NOT_REPORTED.
BAII4E0020,BAIIW0006,BAIIV0011,reported_conclusions_and_limitations,methodological=Fourier and EMD searches identify short-period stellar-flare QPPs in high-time-resolution ground data.; catalog=13 QPPs are reported among 44 analyzed flares.; validation=No injection–recovery or held-out validation is described in the conference abstract.,ABSTRACT,conference article abstract,Authors/source-level conclusions were paraphrased as: Fourier and EMD searches identify short-period stellar-flare QPPs in high-time-resolution ground data. Validation context: No injection–recovery or held-out validation is described in the conference abstract. Limitations: The analyzed flare subset and detection thresholds are not fully specified in the abstract.,VERIFIED_FROM_AVAILABLE_SOURCE,No long verbatim quotation retained. Fields not resolved from the available source remain explicitly NOT_REPORTED.
BAII4E0021,BAIIW0008,BAIIV0014,population_and_sample,TESS=NOT_APPLICABLE; sample=Review article; sample_size=NOT_APPLICABLE; flares=NOT_APPLICABLE; QPP_candidates=NOT_APPLICABLE,ABSTRACT,arXiv abstract,"Available source identifies the observational/sample scope as Review article; reported scale: NOT_APPLICABLE, flares: NOT_APPLICABLE, QPP candidates: NOT_APPLICABLE.",VERIFIED_FROM_AVAILABLE_SOURCE,No long verbatim quotation retained. Fields not resolved from the available source remain explicitly NOT_REPORTED.
BAII4E0022,BAIIW0008,BAIIV0014,detection_method_and_processing,"primary=Review of Fourier, wavelet, AFINO and related QPP techniques; additional=Comparative solar/stellar QPP synthesis; AFINO=NOT_APPLICABLE; wavelet=NOT_APPLICABLE; Bayesian=NOT_APPLICABLE; gaps=NOT_APPLICABLE",ABSTRACT,arXiv abstract,"Available source describes the primary analysis as Review of Fourier, wavelet, AFINO and related QPP techniques; additional processing/method information: Comparative solar/stellar QPP synthesis.",VERIFIED_FROM_AVAILABLE_SOURCE,No long verbatim quotation retained. Fields not resolved from the available source remain explicitly NOT_REPORTED.
BAII4E0023,BAIIW0008,BAIIV0014,validation_and_robustness,window=NOT_APPLICABLE; processing=NOT_APPLICABLE; injection=NOT_APPLICABLE; ground_truth=NOT_APPLICABLE; selection_function=NOT_APPLICABLE; heldout=NOT_APPLICABLE,ABSTRACT,arXiv abstract,"Available source reports validation/robustness state: window robustness NOT_APPLICABLE, processing robustness NOT_APPLICABLE, injection–recovery NOT_APPLICABLE, known ground truth NOT_APPLICABLE, selection-function characterization NOT_APPLICABLE, held-out validation NOT_APPLICABLE.",VERIFIED_FROM_AVAILABLE_SOURCE,No long verbatim quotation retained. Fields not resolved from the available source remain explicitly NOT_REPORTED.
BAII4E0024,BAIIW0008,BAIIV0014,reported_conclusions_and_limitations,methodological=The review emphasizes method diversity and common solar/stellar scaling despite different observing bands and characteristic periods.; catalog=NOT_APPLICABLE; validation=NOT_APPLICABLE,ABSTRACT,arXiv abstract,Authors/source-level conclusions were paraphrased as: The review emphasizes method diversity and common solar/stellar scaling despite different observing bands and characteristic periods. Validation context: NOT_APPLICABLE Limitations: Review-level synthesis is contextual and does not itself provide a new validation dataset.,VERIFIED_FROM_AVAILABLE_SOURCE,No long verbatim quotation retained. Fields not resolved from the available source remain explicitly NOT_REPORTED.
BAII4E0025,BAIIW0023,BAIIV0036,population_and_sample,"TESS=YES; sample=TESS 2-min all-sky machine-learning flare catalogue, Sectors 1–72; sample_size=1.3 million light curves; ~18,000 flare stars; flares=~250,000; QPP_candidates=NOT_APPLICABLE",ABSTRACT,arXiv abstract,"Available source identifies the observational/sample scope as TESS 2-min all-sky machine-learning flare catalogue, Sectors 1–72; reported scale: 1.3 million light curves; ~18,000 flare stars, flares: ~250,000, QPP candidates: NOT_APPLICABLE.",VERIFIED_FROM_AVAILABLE_SOURCE,No long verbatim quotation retained. Fields not resolved from the available source remain explicitly NOT_REPORTED.
BAII4E0026,BAIIW0023,BAIIV0036,detection_method_and_processing,primary=DNN / Random Forest / XGBoost flare identification; additional=Cross-validation against previously reported TESS M-dwarf flares; AFINO=NO; wavelet=NO; Bayesian=NO; gaps=NOT_REPORTED,ABSTRACT,arXiv abstract,Available source describes the primary analysis as DNN / Random Forest / XGBoost flare identification; additional processing/method information: Cross-validation against previously reported TESS M-dwarf flares.,VERIFIED_FROM_AVAILABLE_SOURCE,No long verbatim quotation retained. Fields not resolved from the available source remain explicitly NOT_REPORTED.
BAII4E0027,BAIIW0023,BAIIV0036,validation_and_robustness,window=NOT_APPLICABLE; processing=NOT_REPORTED; injection=NOT_REPORTED; ground_truth=NOT_REPORTED; selection_function=YES; heldout=NOT_REPORTED,ABSTRACT,arXiv abstract,"Available source reports validation/robustness state: window robustness NOT_APPLICABLE, processing robustness NOT_REPORTED, injection–recovery NOT_REPORTED, known ground truth NOT_REPORTED, selection-function characterization YES, held-out validation NOT_REPORTED.",VERIFIED_FROM_AVAILABLE_SOURCE,No long verbatim quotation retained. Fields not resolved from the available source remain explicitly NOT_REPORTED.
BAII4E0028,BAIIW0023,BAIIV0036,reported_conclusions_and_limitations,"methodological=Three ML algorithms achieve >94% standard classification metrics and recover >92% of previously reported TESS M-dwarf flares.; catalog=Processing 1.3 million light curves yields ~18,000 flare stars and ~250,000 flares.; validation=Validation against prior TESS flare identifications demonstrates recovery and added sensitivity; the abstract does not establish a held-out synthetic truth benchmark.",ABSTRACT,arXiv abstract,Authors/source-level conclusions were paraphrased as: Three ML algorithms achieve >94% standard classification metrics and recover >92% of previously reported TESS M-dwarf flares. Validation context: Validation against prior TESS flare identifications demonstrates recovery and added sensitivity; the abstract does not establish a held-out synthetic truth benchmark. Limitations: The abstract explicitly notes low-amplitude incompleteness affecting flare-frequency uncertainties.,VERIFIED_FROM_AVAILABLE_SOURCE,No long verbatim quotation retained. Fields not resolved from the available source remain explicitly NOT_REPORTED.
BAII4E0029,BAIIW0024,BAIIV0038,population_and_sample,TESS=YES; sample=Method-development study with simulation/injection-recovery and one TESS example; sample_size=1 TESS example star plus synthetic experiments; flares=NOT_REPORTED; QPP_candidates=NOT_APPLICABLE,ABSTRACT,arXiv abstract,"Available source identifies the observational/sample scope as Method-development study with simulation/injection-recovery and one TESS example; reported scale: 1 TESS example star plus synthetic experiments, flares: NOT_REPORTED, QPP candidates: NOT_APPLICABLE.",VERIFIED_FROM_AVAILABLE_SOURCE,No long verbatim quotation retained. Fields not resolved from the available source remain explicitly NOT_REPORTED.
BAII4E0030,BAIIW0024,BAIIV0038,detection_method_and_processing,primary=Three-state hidden Markov model with celerite baseline; additional=Simultaneous detrending and flare detection; sigma-clipping comparison; AFINO=NO; wavelet=NO; Bayesian=YES; gaps=NOT_REPORTED,ABSTRACT,arXiv abstract,Available source describes the primary analysis as Three-state hidden Markov model with celerite baseline; additional processing/method information: Simultaneous detrending and flare detection; sigma-clipping comparison.,VERIFIED_FROM_AVAILABLE_SOURCE,No long verbatim quotation retained. Fields not resolved from the available source remain explicitly NOT_REPORTED.
BAII4E0031,BAIIW0024,BAIIV0038,validation_and_robustness,window=NOT_APPLICABLE; processing=YES; injection=YES; ground_truth=YES; selection_function=YES; heldout=NOT_REPORTED,ABSTRACT,arXiv abstract,"Available source reports validation/robustness state: window robustness NOT_APPLICABLE, processing robustness YES, injection–recovery YES, known ground truth YES, selection-function characterization YES, held-out validation NOT_REPORTED.",VERIFIED_FROM_AVAILABLE_SOURCE,No long verbatim quotation retained. Fields not resolved from the available source remain explicitly NOT_REPORTED.
BAII4E0032,BAIIW0024,BAIIV0038,reported_conclusions_and_limitations,methodological=A joint HMM+celerite model detects flares while accounting for quasi-periodic stellar variability and can reduce multistage detrending bias.; catalog=NOT_APPLICABLE; validation=Injection–recovery evaluates detection/characterization; the method identifies fainter/lower-energy flares than sigma clipping in the reported tests.,ABSTRACT,arXiv abstract,Authors/source-level conclusions were paraphrased as: A joint HMM+celerite model detects flares while accounting for quasi-periodic stellar variability and can reduce multistage detrending bias. Validation context: Injection–recovery evaluates detection/characterization; the method identifies fainter/lower-energy flares than sigma clipping in the reported tests. Limitations: Independent held-out validation and a formal development/held-out split are not reported in the abstract.,VERIFIED_FROM_AVAILABLE_SOURCE,No long verbatim quotation retained. Fields not resolved from the available source remain explicitly NOT_REPORTED.
BAII4E0033,BAIIW0025,BAIIV0040,population_and_sample,TESS=YES; sample=Known active M dwarfs plus a volume-limited 15 pc M-dwarf sample; sample_size=538 M dwarfs within 15 pc (276 flaring) plus an active comparison population; flares=NOT_REPORTED; QPP_candidates=NOT_APPLICABLE,ABSTRACT,arXiv abstract,"Available source identifies the observational/sample scope as Known active M dwarfs plus a volume-limited 15 pc M-dwarf sample; reported scale: 538 M dwarfs within 15 pc (276 flaring) plus an active comparison population, flares: NOT_REPORTED, QPP candidates: NOT_APPLICABLE.",VERIFIED_FROM_AVAILABLE_SOURCE,No long verbatim quotation retained. Fields not resolved from the available source remain explicitly NOT_REPORTED.
BAII4E0034,BAIIW0025,BAIIV0040,detection_method_and_processing,primary=TESS flare detection and flare-frequency distributions; additional=FFD power-law comparison by activity level; AFINO=NO; wavelet=NO; Bayesian=NOT_REPORTED; gaps=NOT_REPORTED,ABSTRACT,arXiv abstract,Available source describes the primary analysis as TESS flare detection and flare-frequency distributions; additional processing/method information: FFD power-law comparison by activity level.,VERIFIED_FROM_AVAILABLE_SOURCE,No long verbatim quotation retained. Fields not resolved from the available source remain explicitly NOT_REPORTED.
BAII4E0035,BAIIW0025,BAIIV0040,validation_and_robustness,window=NOT_APPLICABLE; processing=NOT_REPORTED; injection=NOT_REPORTED; ground_truth=NO; selection_function=NOT_REPORTED; heldout=NO,ABSTRACT,arXiv abstract,"Available source reports validation/robustness state: window robustness NOT_APPLICABLE, processing robustness NOT_REPORTED, injection–recovery NOT_REPORTED, known ground truth NO, selection-function characterization NOT_REPORTED, held-out validation NO.",VERIFIED_FROM_AVAILABLE_SOURCE,No long verbatim quotation retained. Fields not resolved from the available source remain explicitly NOT_REPORTED.
BAII4E0036,BAIIW0025,BAIIV0040,reported_conclusions_and_limitations,methodological=The study compares cumulative FFDs across activity groups in TESS M dwarfs.; catalog=Flares are found in 276 of 538 M dwarfs in the 15 pc sample; FFD slopes are similar across high- and low-activity groups.; validation=No explicit injection–recovery or held-out validation is reported in the abstract.,ABSTRACT,arXiv abstract,Authors/source-level conclusions were paraphrased as: The study compares cumulative FFDs across activity groups in TESS M dwarfs. Validation context: No explicit injection–recovery or held-out validation is reported in the abstract. Limitations: The abstract does not describe the flare-detection completeness function.,VERIFIED_FROM_AVAILABLE_SOURCE,No long verbatim quotation retained. Fields not resolved from the available source remain explicitly NOT_REPORTED.
BAII4E0037,BAIIW0027,BAIIV0043,population_and_sample,"TESS=YES; sample=TESS flaring-star sample with inclination information; sample_size=1510 flaring stars; flares=~27,000; QPP_candidates=NOT_APPLICABLE",ABSTRACT,arXiv abstract,"Available source identifies the observational/sample scope as TESS flaring-star sample with inclination information; reported scale: 1510 flaring stars, flares: ~27,000, QPP candidates: NOT_APPLICABLE.",VERIFIED_FROM_AVAILABLE_SOURCE,No long verbatim quotation retained. Fields not resolved from the available source remain explicitly NOT_REPORTED.
BAII4E0038,BAIIW0027,BAIIV0043,detection_method_and_processing,primary=Population flare statistics versus stellar inclination and rotation; additional=Spectroscopic crossmatch; AFINO=NO; wavelet=NO; Bayesian=NO; gaps=NOT_REPORTED,ABSTRACT,arXiv abstract,Available source describes the primary analysis as Population flare statistics versus stellar inclination and rotation; additional processing/method information: Spectroscopic crossmatch.,VERIFIED_FROM_AVAILABLE_SOURCE,No long verbatim quotation retained. Fields not resolved from the available source remain explicitly NOT_REPORTED.
BAII4E0039,BAIIW0027,BAIIV0043,validation_and_robustness,window=NOT_APPLICABLE; processing=NOT_REPORTED; injection=NO; ground_truth=NO; selection_function=NOT_REPORTED; heldout=NO,ABSTRACT,arXiv abstract,"Available source reports validation/robustness state: window robustness NOT_APPLICABLE, processing robustness NOT_REPORTED, injection–recovery NO, known ground truth NO, selection-function characterization NOT_REPORTED, held-out validation NO.",VERIFIED_FROM_AVAILABLE_SOURCE,No long verbatim quotation retained. Fields not resolved from the available source remain explicitly NOT_REPORTED.
BAII4E0040,BAIIW0027,BAIIV0043,reported_conclusions_and_limitations,"methodological=Flare occurrence versus inclination is used to infer the latitude distribution of active regions.; catalog=~27,000 flares on 1510 TESS flaring stars are reported.; validation=No injection–recovery/held-out validation is reported in the abstract.",ABSTRACT,arXiv abstract,Authors/source-level conclusions were paraphrased as: Flare occurrence versus inclination is used to infer the latitude distribution of active regions. Validation context: No injection–recovery/held-out validation is reported in the abstract. Limitations: Detection dependence on inclination is itself part of the scientific result and should not be conflated with a calibrated detection completeness function.,VERIFIED_FROM_AVAILABLE_SOURCE,No long verbatim quotation retained. Fields not resolved from the available source remain explicitly NOT_REPORTED.
BAII4E0041,BAIIW0028,BAIIV0044,population_and_sample,TESS=YES; sample=RS CVn candidates crossmatched to TESS/LAMOST; sample_size=1812 RS CVn candidates; TESS subset reported in article; flares=1254 flares in 144 flare stars; QPP_candidates=NOT_APPLICABLE,ABSTRACT,journal abstract,"Available source identifies the observational/sample scope as RS CVn candidates crossmatched to TESS/LAMOST; reported scale: 1812 RS CVn candidates; TESS subset reported in article, flares: 1254 flares in 144 flare stars, QPP candidates: NOT_APPLICABLE.",VERIFIED_FROM_AVAILABLE_SOURCE,No long verbatim quotation retained. Fields not resolved from the available source remain explicitly NOT_REPORTED.
BAII4E0042,BAIIW0028,BAIIV0044,detection_method_and_processing,primary=TESS flare-catalogue statistics; additional=LAMOST activity indicators; AFINO=NO; wavelet=NO; Bayesian=NOT_REPORTED; gaps=NOT_REPORTED,ABSTRACT,journal abstract,Available source describes the primary analysis as TESS flare-catalogue statistics; additional processing/method information: LAMOST activity indicators.,VERIFIED_FROM_AVAILABLE_SOURCE,No long verbatim quotation retained. Fields not resolved from the available source remain explicitly NOT_REPORTED.
BAII4E0043,BAIIW0028,BAIIV0044,validation_and_robustness,window=NOT_APPLICABLE; processing=NOT_REPORTED; injection=NO; ground_truth=NO; selection_function=NOT_REPORTED; heldout=NO,ABSTRACT,journal abstract,"Available source reports validation/robustness state: window robustness NOT_APPLICABLE, processing robustness NOT_REPORTED, injection–recovery NO, known ground truth NO, selection-function characterization NOT_REPORTED, held-out validation NO.",VERIFIED_FROM_AVAILABLE_SOURCE,No long verbatim quotation retained. Fields not resolved from the available source remain explicitly NOT_REPORTED.
BAII4E0044,BAIIW0028,BAIIV0044,reported_conclusions_and_limitations,methodological=TESS flare statistics are combined with LAMOST indicators for RS CVn activity characterization.; catalog=The TESS subset contains 1254 flares in 144 flare-active RS CVn systems.; validation=No synthetic/held-out validation is resolved from the abstract.,ABSTRACT,journal abstract,Authors/source-level conclusions were paraphrased as: TESS flare statistics are combined with LAMOST indicators for RS CVn activity characterization. Validation context: No synthetic/held-out validation is resolved from the abstract. Limitations: Detailed detection-completeness treatment is not resolved in the abstract evidence.,VERIFIED_FROM_AVAILABLE_SOURCE,No long verbatim quotation retained. Fields not resolved from the available source remain explicitly NOT_REPORTED.
BAII4E0045,BAIIW0029,BAIIV0045,population_and_sample,"TESS=YES; sample=Single M dwarf (Wolf 359) across multiple TESS sectors; sample_size=1 star; flares=48;46;32 flares across Sectors 45,46,72; QPP_candidates=2 complex flare events with reported oscillations",ABSTRACT,journal abstract/provider record,"Available source identifies the observational/sample scope as Single M dwarf (Wolf 359) across multiple TESS sectors; reported scale: 1 star, flares: 48;46;32 flares across Sectors 45,46,72, QPP candidates: 2 complex flare events with reported oscillations.",VERIFIED_WITH_SOURCE_ACCESS_LIMITATION,No long verbatim quotation retained. Fields not resolved from the available source remain explicitly NOT_REPORTED.
BAII4E0046,BAIIW0029,BAIIV0045,detection_method_and_processing,primary=TESS flare/starspot time-series analysis; additional=QPP characterization in two complex flares; AFINO=NO; wavelet=NOT_REPORTED; Bayesian=NOT_REPORTED; gaps=NOT_REPORTED,ABSTRACT,journal abstract/provider record,Available source describes the primary analysis as TESS flare/starspot time-series analysis; additional processing/method information: QPP characterization in two complex flares.,VERIFIED_WITH_SOURCE_ACCESS_LIMITATION,No long verbatim quotation retained. Fields not resolved from the available source remain explicitly NOT_REPORTED.
BAII4E0047,BAIIW0029,BAIIV0045,validation_and_robustness,window=NOT_REPORTED; processing=NOT_REPORTED; injection=NO; ground_truth=NO; selection_function=NO; heldout=NO,ABSTRACT,journal abstract/provider record,"Available source reports validation/robustness state: window robustness NOT_REPORTED, processing robustness NOT_REPORTED, injection–recovery NO, known ground truth NO, selection-function characterization NO, held-out validation NO.",VERIFIED_WITH_SOURCE_ACCESS_LIMITATION,No long verbatim quotation retained. Fields not resolved from the available source remain explicitly NOT_REPORTED.
BAII4E0048,BAIIW0029,BAIIV0045,reported_conclusions_and_limitations,methodological=The study reports QPP-like oscillations in two complex Wolf 359 flares.; catalog=Sector-by-sector flare counts are reported for one repeatedly observed M dwarf.; validation=No synthetic or held-out validation is resolved from provider-level evidence.,ABSTRACT,journal abstract/provider record,Authors/source-level conclusions were paraphrased as: The study reports QPP-like oscillations in two complex Wolf 359 flares. Validation context: No synthetic or held-out validation is resolved from provider-level evidence. Limitations: The detailed QPP significance/robustness procedure requires the full journal article.,VERIFIED_WITH_SOURCE_ACCESS_LIMITATION,No long verbatim quotation retained. Fields not resolved from the available source remain explicitly NOT_REPORTED.
BAII4E0049,BAIIW0033,BAIIV0053,population_and_sample,TESS=YES; sample=Ultra-cool dwarfs M4–L4; sample_size=208 UCDs; flares=778 flares in 103 UCDs; QPP_candidates=NOT_APPLICABLE,ABSTRACT,arXiv abstract,"Available source identifies the observational/sample scope as Ultra-cool dwarfs M4–L4; reported scale: 208 UCDs, flares: 778 flares in 103 UCDs, QPP candidates: NOT_APPLICABLE.",VERIFIED_FROM_AVAILABLE_SOURCE,No long verbatim quotation retained. Fields not resolved from the available source remain explicitly NOT_REPORTED.
BAII4E0050,BAIIW0033,BAIIV0053,detection_method_and_processing,primary=TESS rotation and flare-frequency analysis; additional=Bolometric flare energies and FFDs; AFINO=NO; wavelet=NO; Bayesian=NOT_REPORTED; gaps=NOT_REPORTED,ABSTRACT,arXiv abstract,Available source describes the primary analysis as TESS rotation and flare-frequency analysis; additional processing/method information: Bolometric flare energies and FFDs.,VERIFIED_FROM_AVAILABLE_SOURCE,No long verbatim quotation retained. Fields not resolved from the available source remain explicitly NOT_REPORTED.
BAII4E0051,BAIIW0033,BAIIV0053,validation_and_robustness,window=NOT_APPLICABLE; processing=YES; injection=NO; ground_truth=NO; selection_function=NOT_REPORTED; heldout=NO,ABSTRACT,arXiv abstract,"Available source reports validation/robustness state: window robustness NOT_APPLICABLE, processing robustness YES, injection–recovery NO, known ground truth NO, selection-function characterization NOT_REPORTED, held-out validation NO.",VERIFIED_FROM_AVAILABLE_SOURCE,No long verbatim quotation retained. Fields not resolved from the available source remain explicitly NOT_REPORTED.
BAII4E0052,BAIIW0033,BAIIV0053,reported_conclusions_and_limitations,methodological=TESS 20-s and 2-min data jointly characterize UCD rotation and flaring.; catalog=778 flares are identified in 103 of 208 UCDs.; validation=No injection–recovery/held-out validation is reported in the abstract.,ABSTRACT,arXiv abstract,Authors/source-level conclusions were paraphrased as: TESS 20-s and 2-min data jointly characterize UCD rotation and flaring. Validation context: No injection–recovery/held-out validation is reported in the abstract. Limitations: Detection completeness by cadence is not quantified in the abstract.,VERIFIED_FROM_AVAILABLE_SOURCE,No long verbatim quotation retained. Fields not resolved from the available source remain explicitly NOT_REPORTED.
BAII4E0053,BAIIW0035,BAIIV0057,population_and_sample,TESS=YES; sample=Kepler/TESS star–planet systems; sample_size=1811 systems searched; 25 single stars with ≥3 flares; flares=NOT_REPORTED; QPP_candidates=NOT_APPLICABLE,ABSTRACT,arXiv abstract,"Available source identifies the observational/sample scope as Kepler/TESS star–planet systems; reported scale: 1811 systems searched; 25 single stars with ≥3 flares, flares: NOT_REPORTED, QPP candidates: NOT_APPLICABLE.",VERIFIED_FROM_AVAILABLE_SOURCE,No long verbatim quotation retained. Fields not resolved from the available source remain explicitly NOT_REPORTED.
BAII4E0054,BAIIW0035,BAIIV0057,detection_method_and_processing,primary=Orbital-phase clustering of stellar flares; additional=Comparison with theoretical magnetic-interaction power; AFINO=NO; wavelet=NO; Bayesian=NOT_REPORTED; gaps=NOT_REPORTED,ABSTRACT,arXiv abstract,Available source describes the primary analysis as Orbital-phase clustering of stellar flares; additional processing/method information: Comparison with theoretical magnetic-interaction power.,VERIFIED_FROM_AVAILABLE_SOURCE,No long verbatim quotation retained. Fields not resolved from the available source remain explicitly NOT_REPORTED.
BAII4E0055,BAIIW0035,BAIIV0057,validation_and_robustness,window=NOT_APPLICABLE; processing=NOT_REPORTED; injection=NO; ground_truth=NO; selection_function=NO; heldout=NO,ABSTRACT,arXiv abstract,"Available source reports validation/robustness state: window robustness NOT_APPLICABLE, processing robustness NOT_REPORTED, injection–recovery NO, known ground truth NO, selection-function characterization NO, held-out validation NO.",VERIFIED_FROM_AVAILABLE_SOURCE,No long verbatim quotation retained. Fields not resolved from the available source remain explicitly NOT_REPORTED.
BAII4E0056,BAIIW0035,BAIIV0057,reported_conclusions_and_limitations,methodological=Flares are tested for clustering in planetary orbital phase as a possible magnetic star–planet interaction signature.; catalog=25 single stars with at least three flares remain from 1811 searched systems.; validation=No injection–recovery/held-out detector validation is described in the abstract.,ABSTRACT,arXiv abstract,Authors/source-level conclusions were paraphrased as: Flares are tested for clustering in planetary orbital phase as a possible magnetic star–planet interaction signature. Validation context: No injection–recovery/held-out detector validation is described in the abstract. Limitations: Most systems show no clustering; the main positive case remains a candidate interpretation.,VERIFIED_FROM_AVAILABLE_SOURCE,No long verbatim quotation retained. Fields not resolved from the available source remain explicitly NOT_REPORTED.
BAII4E0057,BAIIW0037,BAIIV0060,population_and_sample,"TESS=YES; sample=Method study demonstrated on three TESS stars; sample_size=3 exemplar stars; flares=up to 145, 460 and 403 detections depending target/threshold; QPP_candidates=NOT_APPLICABLE",ABSTRACT,arXiv abstract,"Available source identifies the observational/sample scope as Method study demonstrated on three TESS stars; reported scale: 3 exemplar stars, flares: up to 145, 460 and 403 detections depending target/threshold, QPP candidates: NOT_APPLICABLE.",VERIFIED_FROM_AVAILABLE_SOURCE,No long verbatim quotation retained. Fields not resolved from the available source remain explicitly NOT_REPORTED.
BAII4E0058,BAIIW0037,BAIIV0060,detection_method_and_processing,primary=Time-varying harmonic trend + ARMA/GARCH flare detection; additional=Threshold-dependent flare characterization and power-law energy/peak-flux distributions; AFINO=NO; wavelet=NO; Bayesian=NO; gaps=NOT_REPORTED,ABSTRACT,arXiv abstract,Available source describes the primary analysis as Time-varying harmonic trend + ARMA/GARCH flare detection; additional processing/method information: Threshold-dependent flare characterization and power-law energy/peak-flux distributions.,VERIFIED_FROM_AVAILABLE_SOURCE,No long verbatim quotation retained. Fields not resolved from the available source remain explicitly NOT_REPORTED.
BAII4E0059,BAIIW0037,BAIIV0060,validation_and_robustness,window=NOT_APPLICABLE; processing=YES; injection=NOT_REPORTED; ground_truth=NOT_REPORTED; selection_function=NOT_REPORTED; heldout=NOT_REPORTED,ABSTRACT,arXiv abstract,"Available source reports validation/robustness state: window robustness NOT_APPLICABLE, processing robustness YES, injection–recovery NOT_REPORTED, known ground truth NOT_REPORTED, selection-function characterization NOT_REPORTED, held-out validation NOT_REPORTED.",VERIFIED_FROM_AVAILABLE_SOURCE,No long verbatim quotation retained. Fields not resolved from the available source remain explicitly NOT_REPORTED.
BAII4E0060,BAIIW0037,BAIIV0060,reported_conclusions_and_limitations,methodological=Explicit deterministic-trend and stochastic-volatility modeling provides a concrete alternative flare detector for variable TESS baselines.; catalog=The method is demonstrated on three stars rather than a survey catalogue.; validation=The abstract does not resolve an injection–recovery or held-out benchmark.,ABSTRACT,arXiv abstract,Authors/source-level conclusions were paraphrased as: Explicit deterministic-trend and stochastic-volatility modeling provides a concrete alternative flare detector for variable TESS baselines. Validation context: The abstract does not resolve an injection–recovery or held-out benchmark. Limitations: Detection counts depend on chosen thresholds; broader validation is not reported in the abstract.,VERIFIED_FROM_AVAILABLE_SOURCE,No long verbatim quotation retained. Fields not resolved from the available source remain explicitly NOT_REPORTED.
BAII4E0061,BAIIW0040,BAIIV0064,population_and_sample,TESS=YES; sample=Solar-type superflare stars; sample_size=711 selected TESS superflare stars; 401 with KWS records; flares=NOT_REPORTED; QPP_candidates=NOT_APPLICABLE,ABSTRACT,journal abstract/metadata,"Available source identifies the observational/sample scope as Solar-type superflare stars; reported scale: 711 selected TESS superflare stars; 401 with KWS records, flares: NOT_REPORTED, QPP candidates: NOT_APPLICABLE.",VERIFIED_FROM_AVAILABLE_SOURCE,No long verbatim quotation retained. Fields not resolved from the available source remain explicitly NOT_REPORTED.
BAII4E0062,BAIIW0040,BAIIV0064,detection_method_and_processing,primary=Long-term activity-cycle analysis combining TESS selection and archival ground photometry; additional=NOT_REPORTED; AFINO=NO; wavelet=NOT_REPORTED; Bayesian=NOT_REPORTED; gaps=NOT_REPORTED,ABSTRACT,journal abstract/metadata,Available source describes the primary analysis as Long-term activity-cycle analysis combining TESS selection and archival ground photometry; additional processing/method information: NOT_REPORTED.,VERIFIED_FROM_AVAILABLE_SOURCE,No long verbatim quotation retained. Fields not resolved from the available source remain explicitly NOT_REPORTED.
BAII4E0063,BAIIW0040,BAIIV0064,validation_and_robustness,window=NOT_APPLICABLE; processing=NOT_REPORTED; injection=NO; ground_truth=NO; selection_function=NO; heldout=NO,ABSTRACT,journal abstract/metadata,"Available source reports validation/robustness state: window robustness NOT_APPLICABLE, processing robustness NOT_REPORTED, injection–recovery NO, known ground truth NO, selection-function characterization NO, held-out validation NO.",VERIFIED_FROM_AVAILABLE_SOURCE,No long verbatim quotation retained. Fields not resolved from the available source remain explicitly NOT_REPORTED.
BAII4E0064,BAIIW0040,BAIIV0064,reported_conclusions_and_limitations,methodological=Long-baseline ground data are used to search activity cycles in TESS-selected superflare stars.; catalog=711 TESS superflare stars were selected; 401 had sufficient KWS data and cycles were reported in a subset.; validation=No injection–recovery/held-out validation is reported.,ABSTRACT,journal abstract/metadata,Authors/source-level conclusions were paraphrased as: Long-baseline ground data are used to search activity cycles in TESS-selected superflare stars. Validation context: No injection–recovery/held-out validation is reported. Limitations: This is activity-cycle context rather than a QPP-detection study.,VERIFIED_FROM_AVAILABLE_SOURCE,No long verbatim quotation retained. Fields not resolved from the available source remain explicitly NOT_REPORTED.
BAII4E0065,BAIIW0041,BAIIV0066,population_and_sample,"TESS=YES; sample=26 young moving groups/clusters/associations (<300 Myr); sample_size=3157 flaring stars; rotation periods for 1847; flares=26,355; QPP_candidates=NOT_APPLICABLE",ABSTRACT,arXiv abstract,"Available source identifies the observational/sample scope as 26 young moving groups/clusters/associations (<300 Myr); reported scale: 3157 flaring stars; rotation periods for 1847, flares: 26,355, QPP candidates: NOT_APPLICABLE.",VERIFIED_FROM_AVAILABLE_SOURCE,No long verbatim quotation retained. Fields not resolved from the available source remain explicitly NOT_REPORTED.
BAII4E0066,BAIIW0041,BAIIV0066,detection_method_and_processing,primary=TESS population flare-rate/FFD analysis; additional=Rotation and annual flare-rate variability; AFINO=NO; wavelet=NO; Bayesian=NOT_REPORTED; gaps=NOT_REPORTED,ABSTRACT,arXiv abstract,Available source describes the primary analysis as TESS population flare-rate/FFD analysis; additional processing/method information: Rotation and annual flare-rate variability.,VERIFIED_FROM_AVAILABLE_SOURCE,No long verbatim quotation retained. Fields not resolved from the available source remain explicitly NOT_REPORTED.
BAII4E0067,BAIIW0041,BAIIV0066,validation_and_robustness,window=NOT_APPLICABLE; processing=NOT_REPORTED; injection=NO; ground_truth=NO; selection_function=NOT_REPORTED; heldout=NO,ABSTRACT,arXiv abstract,"Available source reports validation/robustness state: window robustness NOT_APPLICABLE, processing robustness NOT_REPORTED, injection–recovery NO, known ground truth NO, selection-function characterization NOT_REPORTED, held-out validation NO.",VERIFIED_FROM_AVAILABLE_SOURCE,No long verbatim quotation retained. Fields not resolved from the available source remain explicitly NOT_REPORTED.
BAII4E0068,BAIIW0041,BAIIV0066,reported_conclusions_and_limitations,"methodological=A large young-star TESS population is used to measure flare-rate and FFD evolution with age/rotation.; catalog=26,355 flares from 3157 stars; 1847 rotation periods; annual flare-rate variability in eleven stars.; validation=No explicit injection–recovery or held-out validation is stated in the abstract.",ABSTRACT,arXiv abstract,Authors/source-level conclusions were paraphrased as: A large young-star TESS population is used to measure flare-rate and FFD evolution with age/rotation. Validation context: No explicit injection–recovery or held-out validation is stated in the abstract. Limitations: Population-level flare detection challenges are acknowledged as motivation; detailed completeness is not in the abstract.,VERIFIED_FROM_AVAILABLE_SOURCE,No long verbatim quotation retained. Fields not resolved from the available source remain explicitly NOT_REPORTED.
BAII4E0069,BAIIW0043,BAIIV0068,population_and_sample,TESS=YES; sample=eRASS1 X-ray stars crossmatched with TESS and LAMOST; sample_size=1430 flare-active stars reported in accessible abstract summary; flares=7229 reported flares; QPP_candidates=NOT_APPLICABLE,ABSTRACT,journal abstract/provider record,"Available source identifies the observational/sample scope as eRASS1 X-ray stars crossmatched with TESS and LAMOST; reported scale: 1430 flare-active stars reported in accessible abstract summary, flares: 7229 reported flares, QPP candidates: NOT_APPLICABLE.",VERIFIED_WITH_SOURCE_ACCESS_LIMITATION,No long verbatim quotation retained. Fields not resolved from the available source remain explicitly NOT_REPORTED.
BAII4E0070,BAIIW0043,BAIIV0068,detection_method_and_processing,primary=TESS flare survey of X-ray-selected stars; additional=LAMOST spectroscopy/eROSITA context; AFINO=NO; wavelet=NO; Bayesian=NOT_REPORTED; gaps=NOT_REPORTED,ABSTRACT,journal abstract/provider record,Available source describes the primary analysis as TESS flare survey of X-ray-selected stars; additional processing/method information: LAMOST spectroscopy/eROSITA context.,VERIFIED_WITH_SOURCE_ACCESS_LIMITATION,No long verbatim quotation retained. Fields not resolved from the available source remain explicitly NOT_REPORTED.
BAII4E0071,BAIIW0043,BAIIV0068,validation_and_robustness,window=NOT_APPLICABLE; processing=NOT_REPORTED; injection=NOT_REPORTED; ground_truth=NOT_REPORTED; selection_function=NOT_REPORTED; heldout=NOT_REPORTED,ABSTRACT,journal abstract/provider record,"Available source reports validation/robustness state: window robustness NOT_APPLICABLE, processing robustness NOT_REPORTED, injection–recovery NOT_REPORTED, known ground truth NOT_REPORTED, selection-function characterization NOT_REPORTED, held-out validation NOT_REPORTED.",VERIFIED_WITH_SOURCE_ACCESS_LIMITATION,No long verbatim quotation retained. Fields not resolved from the available source remain explicitly NOT_REPORTED.
BAII4E0072,BAIIW0043,BAIIV0068,reported_conclusions_and_limitations,methodological=TESS flare activity is characterized for an X-ray-selected eROSITA population with LAMOST context.; catalog=The accessible abstract-level evidence reports 7229 flares on 1430 stars.; validation=Detailed classifier validation is not resolved from the provider-level evidence used here.,ABSTRACT,journal abstract/provider record,Authors/source-level conclusions were paraphrased as: TESS flare activity is characterized for an X-ray-selected eROSITA population with LAMOST context. Validation context: Detailed classifier validation is not resolved from the provider-level evidence used here. Limitations: Full detection and completeness mechanics require the journal article.,VERIFIED_WITH_SOURCE_ACCESS_LIMITATION,No long verbatim quotation retained. Fields not resolved from the available source remain explicitly NOT_REPORTED.
BAII4E0073,BAIIW0050,BAIIV0080,population_and_sample,TESS=YES; sample=Sample of active M dwarfs; sample_size=NOT_REPORTED; flares=NOT_REPORTED; QPP_candidates=NOT_APPLICABLE,ABSTRACT,arXiv abstract,"Available source identifies the observational/sample scope as Sample of active M dwarfs; reported scale: NOT_REPORTED, flares: NOT_REPORTED, QPP candidates: NOT_APPLICABLE.",VERIFIED_FROM_AVAILABLE_SOURCE,No long verbatim quotation retained. Fields not resolved from the available source remain explicitly NOT_REPORTED.
BAII4E0074,BAIIW0050,BAIIV0080,detection_method_and_processing,primary=TESS flare occurrence + FFD + rotation/starspot/spectroscopic activity analysis; additional=Hα and chromospheric indicators; AFINO=NO; wavelet=NO; Bayesian=NOT_REPORTED; gaps=NOT_REPORTED,ABSTRACT,arXiv abstract,Available source describes the primary analysis as TESS flare occurrence + FFD + rotation/starspot/spectroscopic activity analysis; additional processing/method information: Hα and chromospheric indicators.,VERIFIED_FROM_AVAILABLE_SOURCE,No long verbatim quotation retained. Fields not resolved from the available source remain explicitly NOT_REPORTED.
BAII4E0075,BAIIW0050,BAIIV0080,validation_and_robustness,window=NOT_APPLICABLE; processing=NOT_REPORTED; injection=NO; ground_truth=NO; selection_function=NOT_REPORTED; heldout=NO,ABSTRACT,arXiv abstract,"Available source reports validation/robustness state: window robustness NOT_APPLICABLE, processing robustness NOT_REPORTED, injection–recovery NO, known ground truth NO, selection-function characterization NOT_REPORTED, held-out validation NO.",VERIFIED_FROM_AVAILABLE_SOURCE,No long verbatim quotation retained. Fields not resolved from the available source remain explicitly NOT_REPORTED.
BAII4E0076,BAIIW0050,BAIIV0080,reported_conclusions_and_limitations,methodological=Photometric and spectroscopic activity indicators are jointly related to rotation and flare occurrence.; catalog=The study reports spectral-type and rotation-dependent flare occurrence and FFD slopes.; validation=No injection–recovery/held-out validation is reported in the abstract.,ABSTRACT,arXiv abstract,Authors/source-level conclusions were paraphrased as: Photometric and spectroscopic activity indicators are jointly related to rotation and flare occurrence. Validation context: No injection–recovery/held-out validation is reported in the abstract. Limitations: Sample size and detector details are not reported in the abstract.,VERIFIED_FROM_AVAILABLE_SOURCE,No long verbatim quotation retained. Fields not resolved from the available source remain explicitly NOT_REPORTED.
BAII4E0077,BAIIW0053,BAIIV0085,population_and_sample,TESS=YES; sample=Three nearby young solar-type stars over ~7 years; sample_size=3 stars; flares=NOT_REPORTED; QPP_candidates=NOT_APPLICABLE,ABSTRACT,arXiv abstract,"Available source identifies the observational/sample scope as Three nearby young solar-type stars over ~7 years; reported scale: 3 stars, flares: NOT_REPORTED, QPP candidates: NOT_APPLICABLE.",VERIFIED_FROM_AVAILABLE_SOURCE,No long verbatim quotation retained. Fields not resolved from the available source remain explicitly NOT_REPORTED.
BAII4E0078,BAIIW0053,BAIIV0085,detection_method_and_processing,"primary=Sector-level flare frequency, starspot area and rotation analysis; additional=Time-resolved correlation across sectors; AFINO=NO; wavelet=NO; Bayesian=NOT_REPORTED; gaps=NOT_REPORTED",ABSTRACT,arXiv abstract,"Available source describes the primary analysis as Sector-level flare frequency, starspot area and rotation analysis; additional processing/method information: Time-resolved correlation across sectors.",VERIFIED_FROM_AVAILABLE_SOURCE,No long verbatim quotation retained. Fields not resolved from the available source remain explicitly NOT_REPORTED.
BAII4E0079,BAIIW0053,BAIIV0085,validation_and_robustness,window=YES; processing=NOT_REPORTED; injection=NO; ground_truth=NO; selection_function=NO; heldout=NO,ABSTRACT,arXiv abstract,"Available source reports validation/robustness state: window robustness YES, processing robustness NOT_REPORTED, injection–recovery NO, known ground truth NO, selection-function characterization NO, held-out validation NO.",VERIFIED_FROM_AVAILABLE_SOURCE,No long verbatim quotation retained. Fields not resolved from the available source remain explicitly NOT_REPORTED.
BAII4E0080,BAIIW0053,BAIIV0085,reported_conclusions_and_limitations,methodological=Sector-by-sector analysis tracks flare frequency and starspot area on multi-year timescales.; catalog=Three stars show significant temporal variation and positive flare-frequency/starspot-area correlations.; validation=No synthetic or held-out validation is reported.,ABSTRACT,arXiv abstract,Authors/source-level conclusions were paraphrased as: Sector-by-sector analysis tracks flare frequency and starspot area on multi-year timescales. Validation context: No synthetic or held-out validation is reported. Limitations: Only three representative stars are studied; no activity-cycle-like pattern is confidently identified.,VERIFIED_FROM_AVAILABLE_SOURCE,No long verbatim quotation retained. Fields not resolved from the available source remain explicitly NOT_REPORTED.
BAII4E0081,BAIIW0055,BAIIV0088,population_and_sample,"TESS=YES; sample=Radio-star catalog crossmatched with TESS; sample_size=1537 catalog radio stars + 98 survey radio stars; flares=12,155 flares on 856 stars + 3992 flares on 86 stars; QPP_candidates=NOT_APPLICABLE",ABSTRACT,VizieR record plus institutional article abstract,"Available source identifies the observational/sample scope as Radio-star catalog crossmatched with TESS; reported scale: 1537 catalog radio stars + 98 survey radio stars, flares: 12,155 flares on 856 stars + 3992 flares on 86 stars, QPP candidates: NOT_APPLICABLE.",VERIFIED_FROM_AVAILABLE_SOURCE,No long verbatim quotation retained. Fields not resolved from the available source remain explicitly NOT_REPORTED.
BAII4E0082,BAIIW0055,BAIIV0088,detection_method_and_processing,primary=Repeated fitting for flare/background separation; additional=LAMOST/Gaia/radio activity comparison; AFINO=NO; wavelet=NO; Bayesian=NOT_REPORTED; gaps=NOT_REPORTED,ABSTRACT,VizieR record plus institutional article abstract,Available source describes the primary analysis as Repeated fitting for flare/background separation; additional processing/method information: LAMOST/Gaia/radio activity comparison.,VERIFIED_FROM_AVAILABLE_SOURCE,No long verbatim quotation retained. Fields not resolved from the available source remain explicitly NOT_REPORTED.
BAII4E0083,BAIIW0055,BAIIV0088,validation_and_robustness,window=NOT_APPLICABLE; processing=NOT_REPORTED; injection=NO; ground_truth=NO; selection_function=NOT_REPORTED; heldout=NO,ABSTRACT,VizieR record plus institutional article abstract,"Available source reports validation/robustness state: window robustness NOT_APPLICABLE, processing robustness NOT_REPORTED, injection–recovery NO, known ground truth NO, selection-function characterization NOT_REPORTED, held-out validation NO.",VERIFIED_FROM_AVAILABLE_SOURCE,No long verbatim quotation retained. Fields not resolved from the available source remain explicitly NOT_REPORTED.
BAII4E0084,BAIIW0055,BAIIV0088,reported_conclusions_and_limitations,"methodological=A repeated-fitting pipeline separates flare events from TESS background variability in radio-star samples.; catalog=The linked article reports 12,155 flares in 856 Sample-1 stars and 3992 flares in 86 Sample-2 stars.; validation=No injection–recovery/held-out validation is reported in the accessible abstract.",ABSTRACT,VizieR record plus institutional article abstract,Authors/source-level conclusions were paraphrased as: A repeated-fitting pipeline separates flare events from TESS background variability in radio-star samples. Validation context: No injection–recovery/held-out validation is reported in the accessible abstract. Limitations: The BAII preferred version is the VizieR catalogue record; article information is used only as linked methodological context without changing version identity.,VERIFIED_FROM_AVAILABLE_SOURCE,No long verbatim quotation retained. Fields not resolved from the available source remain explicitly NOT_REPORTED.
BAII4E0085,BAIIW0057,BAIIV0090,population_and_sample,TESS=YES; sample=Wide noninteracting binaries in TESS Cycle 3; sample_size=3912 binaries; flares=NOT_REPORTED; QPP_candidates=NOT_APPLICABLE,ABSTRACT,BAAS AAS245 abstract #352.18,"Available source identifies the observational/sample scope as Wide noninteracting binaries in TESS Cycle 3; reported scale: 3912 binaries, flares: NOT_REPORTED, QPP candidates: NOT_APPLICABLE.",VERIFIED_FROM_AVAILABLE_SOURCE,No long verbatim quotation retained. Fields not resolved from the available source remain explicitly NOT_REPORTED.
BAII4E0086,BAIIW0057,BAIIV0090,detection_method_and_processing,primary=AltaiPony flare detection; additional=Flare frequency/equivalent duration vs rotation; AFINO=NO; wavelet=NO; Bayesian=NO; gaps=NOT_REPORTED,ABSTRACT,BAAS AAS245 abstract #352.18,Available source describes the primary analysis as AltaiPony flare detection; additional processing/method information: Flare frequency/equivalent duration vs rotation.,VERIFIED_FROM_AVAILABLE_SOURCE,No long verbatim quotation retained. Fields not resolved from the available source remain explicitly NOT_REPORTED.
BAII4E0087,BAIIW0057,BAIIV0090,validation_and_robustness,window=NOT_APPLICABLE; processing=NOT_REPORTED; injection=NO; ground_truth=NO; selection_function=NOT_REPORTED; heldout=NO,ABSTRACT,BAAS AAS245 abstract #352.18,"Available source reports validation/robustness state: window robustness NOT_APPLICABLE, processing robustness NOT_REPORTED, injection–recovery NO, known ground truth NO, selection-function characterization NOT_REPORTED, held-out validation NO.",VERIFIED_FROM_AVAILABLE_SOURCE,No long verbatim quotation retained. Fields not resolved from the available source remain explicitly NOT_REPORTED.
BAII4E0088,BAIIW0057,BAIIV0090,reported_conclusions_and_limitations,methodological=AltaiPony flare measurements are related to known rotation periods in a large binary sample.; catalog=Preliminary results from 3912 TESS Cycle-3 wide binaries show decreasing flare rate with longer rotation period.; validation=No injection–recovery/held-out validation is reported in the abstract.,ABSTRACT,BAAS AAS245 abstract #352.18,Authors/source-level conclusions were paraphrased as: AltaiPony flare measurements are related to known rotation periods in a large binary sample. Validation context: No injection–recovery/held-out validation is reported in the abstract. Limitations: Conference abstract reports preliminary results.,VERIFIED_FROM_AVAILABLE_SOURCE,No long verbatim quotation retained. Fields not resolved from the available source remain explicitly NOT_REPORTED.
BAII4E0089,BAIIW0065,BAIIV0101,population_and_sample,TESS=YES; sample=β Pictoris and AB Doradus moving-group low-mass stars; sample_size=NOT_REPORTED; flares=NOT_REPORTED; QPP_candidates=NOT_APPLICABLE,ABSTRACT,BAAS AAS243 abstract #259.08,"Available source identifies the observational/sample scope as β Pictoris and AB Doradus moving-group low-mass stars; reported scale: NOT_REPORTED, flares: NOT_REPORTED, QPP candidates: NOT_APPLICABLE.",VERIFIED_FROM_AVAILABLE_SOURCE,No long verbatim quotation retained. Fields not resolved from the available source remain explicitly NOT_REPORTED.
BAII4E0090,BAIIW0065,BAIIV0101,detection_method_and_processing,primary=Outlier detection + morphology-informed machine learning; additional=Flare rate/energy versus stellar properties; AFINO=NO; wavelet=NO; Bayesian=NO; gaps=NOT_REPORTED,ABSTRACT,BAAS AAS243 abstract #259.08,Available source describes the primary analysis as Outlier detection + morphology-informed machine learning; additional processing/method information: Flare rate/energy versus stellar properties.,VERIFIED_FROM_AVAILABLE_SOURCE,No long verbatim quotation retained. Fields not resolved from the available source remain explicitly NOT_REPORTED.
BAII4E0091,BAIIW0065,BAIIV0101,validation_and_robustness,window=NOT_APPLICABLE; processing=NOT_REPORTED; injection=NO; ground_truth=NO; selection_function=NOT_REPORTED; heldout=NO,ABSTRACT,BAAS AAS243 abstract #259.08,"Available source reports validation/robustness state: window robustness NOT_APPLICABLE, processing robustness NOT_REPORTED, injection–recovery NO, known ground truth NO, selection-function characterization NOT_REPORTED, held-out validation NO.",VERIFIED_FROM_AVAILABLE_SOURCE,No long verbatim quotation retained. Fields not resolved from the available source remain explicitly NOT_REPORTED.
BAII4E0092,BAIIW0065,BAIIV0101,reported_conclusions_and_limitations,methodological=The abstract combines explicit blend screening with outlier and morphology-informed ML flare extraction.; catalog=It compares flare activity in two young moving groups at different ages.; validation=No injection–recovery/held-out validation is reported.,ABSTRACT,BAAS AAS243 abstract #259.08,Authors/source-level conclusions were paraphrased as: The abstract combines explicit blend screening with outlier and morphology-informed ML flare extraction. Validation context: No injection–recovery/held-out validation is reported. Limitations: Preliminary conference analysis; sample and completeness details are not fully reported.,VERIFIED_FROM_AVAILABLE_SOURCE,No long verbatim quotation retained. Fields not resolved from the available source remain explicitly NOT_REPORTED.
BAII4E0093,BAIIW0071,BAIIV0113,population_and_sample,"TESS=YES; sample=TESS Continuous Viewing Zone long-baseline short-cadence survey; sample_size=>14,000 stars; flares=NOT_REPORTED; QPP_candidates=NOT_APPLICABLE",ABSTRACT,arXiv abstract,"Available source identifies the observational/sample scope as TESS Continuous Viewing Zone long-baseline short-cadence survey; reported scale: >14,000 stars, flares: NOT_REPORTED, QPP candidates: NOT_APPLICABLE.",VERIFIED_FROM_AVAILABLE_SOURCE,No long verbatim quotation retained. Fields not resolved from the available source remain explicitly NOT_REPORTED.
BAII4E0094,BAIIW0071,BAIIV0113,detection_method_and_processing,primary=Long-term flare-rate monitoring with per-star injection–recovery; additional=Completeness limits and activity-cycle search; AFINO=NO; wavelet=NO; Bayesian=NOT_REPORTED; gaps=NOT_REPORTED,ABSTRACT,arXiv abstract,Available source describes the primary analysis as Long-term flare-rate monitoring with per-star injection–recovery; additional processing/method information: Completeness limits and activity-cycle search.,VERIFIED_FROM_AVAILABLE_SOURCE,No long verbatim quotation retained. Fields not resolved from the available source remain explicitly NOT_REPORTED.
BAII4E0095,BAIIW0071,BAIIV0113,validation_and_robustness,window=YES; processing=NOT_REPORTED; injection=YES; ground_truth=YES; selection_function=YES; heldout=NOT_REPORTED,ABSTRACT,arXiv abstract,"Available source reports validation/robustness state: window robustness YES, processing robustness NOT_REPORTED, injection–recovery YES, known ground truth YES, selection-function characterization YES, held-out validation NOT_REPORTED.",VERIFIED_FROM_AVAILABLE_SOURCE,No long verbatim quotation retained. Fields not resolved from the available source remain explicitly NOT_REPORTED.
BAII4E0096,BAIIW0071,BAIIV0113,reported_conclusions_and_limitations,"methodological=Per-star injection–recovery provides completeness-aware flare thresholds for a long-baseline TESS survey.; catalog=>14,000 CVZ stars are searched and 17 show evidence of long-term flare-rate variability.; validation=Injection–recovery explicitly calibrates detection completeness; independent held-out validation is not reported in the abstract.",ABSTRACT,arXiv abstract,Authors/source-level conclusions were paraphrased as: Per-star injection–recovery provides completeness-aware flare thresholds for a long-baseline TESS survey. Validation context: Injection–recovery explicitly calibrates detection completeness; independent held-out validation is not reported in the abstract. Limitations: The abstract does not describe a development/held-out split; long-term candidates require interpretation against sampling/systematics.,VERIFIED_FROM_AVAILABLE_SOURCE,No long verbatim quotation retained. Fields not resolved from the available source remain explicitly NOT_REPORTED.
BAII4E0097,BAIIW0098,BAIIV0156,population_and_sample,"TESS=NO; sample=Synthetic QPP/non-QPP training set + Kepler flare validation/application; sample_size=90,000 synthetic flare light curves; 2274-event Kepler catalogue application; flares=2274 real catalogue events in large application; QPP_candidates=7% above 95% model probability in 2274-event Kepler catalogue",ABSTRACT,arXiv abstract,"Available source identifies the observational/sample scope as Synthetic QPP/non-QPP training set + Kepler flare validation/application; reported scale: 90,000 synthetic flare light curves; 2274-event Kepler catalogue application, flares: 2274 real catalogue events in large application, QPP candidates: 7% above 95% model probability in 2274-event Kepler catalogue.",VERIFIED_FROM_AVAILABLE_SOURCE,No long verbatim quotation retained. Fields not resolved from the available source remain explicitly NOT_REPORTED.
BAII4E0098,BAIIW0098,BAIIV0156,detection_method_and_processing,primary=Fully convolutional neural network (FCN) QPP classifier; additional=Synthetic train/test + known-QPP real-data check; AFINO=NO; wavelet=NO; Bayesian=NO; gaps=NOT_REPORTED,ABSTRACT,arXiv abstract,Available source describes the primary analysis as Fully convolutional neural network (FCN) QPP classifier; additional processing/method information: Synthetic train/test + known-QPP real-data check.,VERIFIED_FROM_AVAILABLE_SOURCE,No long verbatim quotation retained. Fields not resolved from the available source remain explicitly NOT_REPORTED.
BAII4E0099,BAIIW0098,BAIIV0156,validation_and_robustness,window=NOT_REPORTED; processing=NOT_REPORTED; injection=YES; ground_truth=YES; selection_function=YES; heldout=YES,ABSTRACT,arXiv abstract,"Available source reports validation/robustness state: window robustness NOT_REPORTED, processing robustness NOT_REPORTED, injection–recovery YES, known ground truth YES, selection-function characterization YES, held-out validation YES.",VERIFIED_FROM_AVAILABLE_SOURCE,No long verbatim quotation retained. Fields not resolved from the available source remain explicitly NOT_REPORTED.
BAII4E0100,BAIIW0098,BAIIV0156,reported_conclusions_and_limitations,"methodological=An FCN provides an implementable automated QPP classifier for exponentially decaying harmonic signals.; catalog=Applied to 2274 Kepler flare events, ~7% exceed 95% QPP probability.; validation=90,000 synthetic with/without-QPP flares provide known truth; reported synthetic test accuracy is 87.2%, followed by real-data checks.",ABSTRACT,arXiv abstract,"Authors/source-level conclusions were paraphrased as: An FCN provides an implementable automated QPP classifier for exponentially decaying harmonic signals. Validation context: 90,000 synthetic with/without-QPP flares provide known truth; reported synthetic test accuracy is 87.2%, followed by real-data checks. Limitations: The learned signal family is specifically exponentially decaying harmonic QPP; transfer to other QPP morphologies or TESS is not established by the abstract.",VERIFIED_FROM_AVAILABLE_SOURCE,No long verbatim quotation retained. Fields not resolved from the available source remain explicitly NOT_REPORTED.
BAII4E0101,BAIIW0100,BAIIV0160,population_and_sample,"TESS=NO; sample=Solar EUV brightenings at 1-s cadence; sample_size=>500,000 active-region and ~300,000 quiet-Sun brightenings; flares=NOT_APPLICABLE; QPP_candidates=NOT_REPORTED",ABSTRACT,arXiv abstract,"Available source identifies the observational/sample scope as Solar EUV brightenings at 1-s cadence; reported scale: >500,000 active-region and ~300,000 quiet-Sun brightenings, flares: NOT_APPLICABLE, QPP candidates: NOT_REPORTED.",VERIFIED_FROM_AVAILABLE_SOURCE,No long verbatim quotation retained. Fields not resolved from the available source remain explicitly NOT_REPORTED.
BAII4E0102,BAIIW0100,BAIIV0160,detection_method_and_processing,primary=Fourier + EEMD + wavelet QPP analysis; additional=Automated EUV brightening detection; AFINO=NO; wavelet=YES; Bayesian=NO; gaps=NOT_REPORTED,ABSTRACT,arXiv abstract,Available source describes the primary analysis as Fourier + EEMD + wavelet QPP analysis; additional processing/method information: Automated EUV brightening detection.,VERIFIED_FROM_AVAILABLE_SOURCE,No long verbatim quotation retained. Fields not resolved from the available source remain explicitly NOT_REPORTED.
BAII4E0103,BAIIW0100,BAIIV0160,validation_and_robustness,window=NOT_REPORTED; processing=YES; injection=NO; ground_truth=NO; selection_function=NO; heldout=NO,ABSTRACT,arXiv abstract,"Available source reports validation/robustness state: window robustness NOT_REPORTED, processing robustness YES, injection–recovery NO, known ground truth NO, selection-function characterization NO, held-out validation NO.",VERIFIED_FROM_AVAILABLE_SOURCE,No long verbatim quotation retained. Fields not resolved from the available source remain explicitly NOT_REPORTED.
BAII4E0104,BAIIW0100,BAIIV0160,reported_conclusions_and_limitations,methodological=Multiple time-frequency techniques characterize QPPs in very high-cadence solar EUV brightenings.; catalog=The automated solar sample is extremely large but is not a TESS/stellar catalogue.; validation=No injection–recovery/held-out validation is reported in the abstract.,ABSTRACT,arXiv abstract,Authors/source-level conclusions were paraphrased as: Multiple time-frequency techniques characterize QPPs in very high-cadence solar EUV brightenings. Validation context: No injection–recovery/held-out validation is reported in the abstract. Limitations: Solar EUV data provide methodological/cadence context rather than direct TESS overlap.,VERIFIED_FROM_AVAILABLE_SOURCE,No long verbatim quotation retained. Fields not resolved from the available source remain explicitly NOT_REPORTED.
BAII4E0105,BAIIW0102,BAIIV0163,population_and_sample,TESS=NO; sample=High-time-resolution dM flare sample; sample_size=44 analyzed flares; flares=44; QPP_candidates=13,ABSTRACT,arXiv abstract/provider metadata,"Available source identifies the observational/sample scope as High-time-resolution dM flare sample; reported scale: 44 analyzed flares, flares: 44, QPP candidates: 13.",VERIFIED_FROM_AVAILABLE_SOURCE,No long verbatim quotation retained. Fields not resolved from the available source remain explicitly NOT_REPORTED.
BAII4E0106,BAIIW0102,BAIIV0163,detection_method_and_processing,primary=Fourier transform + empirical mode decomposition; additional=NOT_REPORTED; AFINO=NO; wavelet=NO; Bayesian=NO; gaps=NOT_REPORTED,ABSTRACT,arXiv abstract/provider metadata,Available source describes the primary analysis as Fourier transform + empirical mode decomposition; additional processing/method information: NOT_REPORTED.,VERIFIED_FROM_AVAILABLE_SOURCE,No long verbatim quotation retained. Fields not resolved from the available source remain explicitly NOT_REPORTED.
BAII4E0107,BAIIW0102,BAIIV0163,validation_and_robustness,window=NOT_REPORTED; processing=NOT_REPORTED; injection=NO; ground_truth=NO; selection_function=NO; heldout=NO,ABSTRACT,arXiv abstract/provider metadata,"Available source reports validation/robustness state: window robustness NOT_REPORTED, processing robustness NOT_REPORTED, injection–recovery NO, known ground truth NO, selection-function characterization NO, held-out validation NO.",VERIFIED_FROM_AVAILABLE_SOURCE,No long verbatim quotation retained. Fields not resolved from the available source remain explicitly NOT_REPORTED.
BAII4E0108,BAIIW0102,BAIIV0163,reported_conclusions_and_limitations,methodological=High-time-resolution ground photometry demonstrates short-period M-dwarf QPP detection with Fourier and EMD techniques.; catalog=13 QPPs are identified among 44 flares.; validation=No injection–recovery/held-out validation is reported.,ABSTRACT,arXiv abstract/provider metadata,Authors/source-level conclusions were paraphrased as: High-time-resolution ground photometry demonstrates short-period M-dwarf QPP detection with Fourier and EMD techniques. Validation context: No injection–recovery/held-out validation is reported. Limitations: Ground-based sample is method/cadence context rather than direct TESS overlap.,VERIFIED_FROM_AVAILABLE_SOURCE,No long verbatim quotation retained. Fields not resolved from the available source remain explicitly NOT_REPORTED.
BAII4E0109,BAIIW0110,BAIIV0177,population_and_sample,TESS=NO; sample=AD Leo sub-second optical campaign; sample_size=211 h over six years; flares=42; QPP_candidates=NOT_REPORTED,ABSTRACT,arXiv abstract,"Available source identifies the observational/sample scope as AD Leo sub-second optical campaign; reported scale: 211 h over six years, flares: 42, QPP candidates: NOT_REPORTED.",VERIFIED_FROM_AVAILABLE_SOURCE,No long verbatim quotation retained. Fields not resolved from the available source remain explicitly NOT_REPORTED.
BAII4E0110,BAIIW0110,BAIIV0177,detection_method_and_processing,primary=Time-frequency QPP analysis; additional=Rebinning/cadence-degradation analysis; AFINO=NO; wavelet=YES; Bayesian=NO; gaps=NOT_REPORTED,ABSTRACT,arXiv abstract,Available source describes the primary analysis as Time-frequency QPP analysis; additional processing/method information: Rebinning/cadence-degradation analysis.,VERIFIED_FROM_AVAILABLE_SOURCE,No long verbatim quotation retained. Fields not resolved from the available source remain explicitly NOT_REPORTED.
BAII4E0111,BAIIW0110,BAIIV0177,validation_and_robustness,window=YES; processing=YES; injection=NO; ground_truth=NO; selection_function=NO; heldout=NO,ABSTRACT,arXiv abstract,"Available source reports validation/robustness state: window robustness YES, processing robustness YES, injection–recovery NO, known ground truth NO, selection-function characterization NO, held-out validation NO.",VERIFIED_FROM_AVAILABLE_SOURCE,No long verbatim quotation retained. Fields not resolved from the available source remain explicitly NOT_REPORTED.
BAII4E0112,BAIIW0110,BAIIV0177,reported_conclusions_and_limitations,methodological=Sub-second data and controlled temporal binning constrain how flare/QPP morphology changes with cadence.; catalog=42 flares are analyzed across 211 h of AD Leo monitoring.; validation=Cadence degradation provides an observational robustness check; no synthetic ground truth is reported.,ABSTRACT,arXiv abstract,Authors/source-level conclusions were paraphrased as: Sub-second data and controlled temporal binning constrain how flare/QPP morphology changes with cadence. Validation context: Cadence degradation provides an observational robustness check; no synthetic ground truth is reported. Limitations: Single-star ground-based data are not direct TESS overlap.,VERIFIED_FROM_AVAILABLE_SOURCE,No long verbatim quotation retained. Fields not resolved from the available source remain explicitly NOT_REPORTED.
BAII4E0113,BAIIW0145,BAIIV0222,population_and_sample,"TESS=YES; sample=Main-sequence TESS flare catalogue across Sectors 1–69; sample_size=~14,000 flare stars; flares=~120,000; QPP_candidates=NOT_APPLICABLE",ABSTRACT,arXiv abstract,"Available source identifies the observational/sample scope as Main-sequence TESS flare catalogue across Sectors 1–69; reported scale: ~14,000 flare stars, flares: ~120,000, QPP candidates: NOT_APPLICABLE.",VERIFIED_FROM_AVAILABLE_SOURCE,No long verbatim quotation retained. Fields not resolved from the available source remain explicitly NOT_REPORTED.
BAII4E0114,BAIIW0145,BAIIV0222,detection_method_and_processing,primary=flatwrm2 LSTM flare detection; additional=Strict vetting + PCA flare morphology; realistic flare templates; AFINO=NO; wavelet=NO; Bayesian=NO; gaps=NOT_REPORTED,ABSTRACT,arXiv abstract,Available source describes the primary analysis as flatwrm2 LSTM flare detection; additional processing/method information: Strict vetting + PCA flare morphology; realistic flare templates.,VERIFIED_FROM_AVAILABLE_SOURCE,No long verbatim quotation retained. Fields not resolved from the available source remain explicitly NOT_REPORTED.
BAII4E0115,BAIIW0145,BAIIV0222,validation_and_robustness,window=NOT_APPLICABLE; processing=YES; injection=NOT_REPORTED; ground_truth=NOT_REPORTED; selection_function=YES; heldout=NOT_REPORTED,ABSTRACT,arXiv abstract,"Available source reports validation/robustness state: window robustness NOT_APPLICABLE, processing robustness YES, injection–recovery NOT_REPORTED, known ground truth NOT_REPORTED, selection-function characterization YES, held-out validation NOT_REPORTED.",VERIFIED_FROM_AVAILABLE_SOURCE,No long verbatim quotation retained. Fields not resolved from the available source remain explicitly NOT_REPORTED.
BAII4E0116,BAIIW0145,BAIIV0222,reported_conclusions_and_limitations,"methodological=A retrained LSTM plus strict vetting emphasizes low false-positive rate while acknowledging reduced completeness.; catalog=About 120,000 flares on ~14,000 stars are reported from TESS Sectors 1–69.; validation=Selection trade-offs between false positives and completeness are explicitly discussed; a formal held-out injection benchmark is not resolved in the abstract.",ABSTRACT,arXiv abstract,"Authors/source-level conclusions were paraphrased as: A retrained LSTM plus strict vetting emphasizes low false-positive rate while acknowledging reduced completeness. Validation context: Selection trade-offs between false positives and completeness are explicitly discussed; a formal held-out injection benchmark is not resolved in the abstract. Limitations: Strict filtering/manual vetting reduces completeness, which is directly relevant to catalogue selection effects.",VERIFIED_FROM_AVAILABLE_SOURCE,No long verbatim quotation retained. Fields not resolved from the available source remain explicitly NOT_REPORTED.
BAII4E0117,BAIIW0147,BAIIV0226,population_and_sample,TESS=NO; sample=CHEOPS M-dwarf light curves with synthetic injection–recovery; sample_size=63 M dwarfs; flares=349; QPP_candidates=NOT_APPLICABLE,ABSTRACT,arXiv abstract,"Available source identifies the observational/sample scope as CHEOPS M-dwarf light curves with synthetic injection–recovery; reported scale: 63 M dwarfs, flares: 349, QPP candidates: NOT_APPLICABLE.",VERIFIED_FROM_AVAILABLE_SOURCE,No long verbatim quotation retained. Fields not resolved from the available source remain explicitly NOT_REPORTED.
BAII4E0118,BAIIW0147,BAIIV0226,detection_method_and_processing,primary=Wavelet-based denoising + flare detection; additional=Injection–recovery optimization and complex-flare decomposition; AFINO=NO; wavelet=YES; Bayesian=NO; gaps=NOT_REPORTED,ABSTRACT,arXiv abstract,Available source describes the primary analysis as Wavelet-based denoising + flare detection; additional processing/method information: Injection–recovery optimization and complex-flare decomposition.,VERIFIED_FROM_AVAILABLE_SOURCE,No long verbatim quotation retained. Fields not resolved from the available source remain explicitly NOT_REPORTED.
BAII4E0119,BAIIW0147,BAIIV0226,validation_and_robustness,window=NOT_APPLICABLE; processing=YES; injection=YES; ground_truth=YES; selection_function=YES; heldout=NOT_REPORTED,ABSTRACT,arXiv abstract,"Available source reports validation/robustness state: window robustness NOT_APPLICABLE, processing robustness YES, injection–recovery YES, known ground truth YES, selection-function characterization YES, held-out validation NOT_REPORTED.",VERIFIED_FROM_AVAILABLE_SOURCE,No long verbatim quotation retained. Fields not resolved from the available source remain explicitly NOT_REPORTED.
BAII4E0120,BAIIW0147,BAIIV0226,reported_conclusions_and_limitations,methodological=Wavelet denoising tuned by injection–recovery improves low-energy flare recovery.; catalog=349 flares are recovered across 63 M dwarfs; ~40% are complex/multi-peaked.; validation=Injection–recovery shows ~34% improvement in flare recovery after denoising.,ABSTRACT,arXiv abstract,"Authors/source-level conclusions were paraphrased as: Wavelet denoising tuned by injection–recovery improves low-energy flare recovery. Validation context: Injection–recovery shows ~34% improvement in flare recovery after denoising. Limitations: CHEOPS observing mode is stated to be unsuitable for large-scale surveys; transfer to TESS is a methodological comparison, not direct validation.",VERIFIED_FROM_AVAILABLE_SOURCE,No long verbatim quotation retained. Fields not resolved from the available source remain explicitly NOT_REPORTED.
BAII4E0121,BAIIW0149,BAIIV0230,population_and_sample,TESS=YES; sample=TESS exoplanet-host flare survey with simulated injection tests; sample_size=NOT_REPORTED; flares=NOT_REPORTED; QPP_candidates=NOT_APPLICABLE,FULL_TEXT,Article abstract and Section 3.2 available in indexed full text,"Available source identifies the observational/sample scope as TESS exoplanet-host flare survey with simulated injection tests; reported scale: NOT_REPORTED, flares: NOT_REPORTED, QPP candidates: NOT_APPLICABLE.",VERIFIED_FROM_AVAILABLE_SOURCE,No long verbatim quotation retained. Fields not resolved from the available source remain explicitly NOT_REPORTED.
BAII4E0122,BAIIW0149,BAIIV0230,detection_method_and_processing,primary=ardor multitier flare-detection pipeline; additional=Bayesian model comparison; PR curves; injection–recovery; phase-clustering tests; AFINO=NO; wavelet=NO; Bayesian=YES; gaps=NOT_REPORTED,FULL_TEXT,Article abstract and Section 3.2 available in indexed full text,Available source describes the primary analysis as ardor multitier flare-detection pipeline; additional processing/method information: Bayesian model comparison; PR curves; injection–recovery; phase-clustering tests.,VERIFIED_FROM_AVAILABLE_SOURCE,No long verbatim quotation retained. Fields not resolved from the available source remain explicitly NOT_REPORTED.
BAII4E0123,BAIIW0149,BAIIV0230,validation_and_robustness,window=NOT_APPLICABLE; processing=YES; injection=YES; ground_truth=YES; selection_function=YES; heldout=NOT_REPORTED,FULL_TEXT,Article abstract and Section 3.2 available in indexed full text,"Available source reports validation/robustness state: window robustness NOT_APPLICABLE, processing robustness YES, injection–recovery YES, known ground truth YES, selection-function characterization YES, held-out validation NOT_REPORTED.",VERIFIED_FROM_AVAILABLE_SOURCE,No long verbatim quotation retained. Fields not resolved from the available source remain explicitly NOT_REPORTED.
BAII4E0124,BAIIW0149,BAIIV0230,reported_conclusions_and_limitations,"methodological=ardor is an implementable multi-tier flare detector with quantified precision–recall and injection–recovery performance.; catalog=The survey identifies candidate planet-induced flare systems, but that physical result is not used as BAII ground truth.; validation=Injected flares in randomly selected TESS light curves establish known truth and recovery maps; PR tests quantify false positives/recall.",FULL_TEXT,Article abstract and Section 3.2 available in indexed full text,Authors/source-level conclusions were paraphrased as: ardor is an implementable multi-tier flare detector with quantified precision–recall and injection–recovery performance. Validation context: Injected flares in randomly selected TESS light curves establish known truth and recovery maps; PR tests quantify false positives/recall. Limitations: No independent confirmatory held-out split matching the BAII F3B contract is reported; some tier validation uses visually vetted real flares.,VERIFIED_FROM_AVAILABLE_SOURCE,No long verbatim quotation retained. Fields not resolved from the available source remain explicitly NOT_REPORTED.
BAII4E0125,BAIIW0150,BAIIV0232,population_and_sample,TESS=YES; sample=Combined TESS+CHEOPS M-dwarf sample; sample_size=110 M dwarfs; flares=5620; QPP_candidates=NOT_APPLICABLE,ABSTRACT,arXiv abstract,"Available source identifies the observational/sample scope as Combined TESS+CHEOPS M-dwarf sample; reported scale: 110 M dwarfs, flares: 5620, QPP candidates: NOT_APPLICABLE.",VERIFIED_FROM_AVAILABLE_SOURCE,No long verbatim quotation retained. Fields not resolved from the available source remain explicitly NOT_REPORTED.
BAII4E0126,BAIIW0150,BAIIV0232,detection_method_and_processing,primary=Combined-mission flare detection and FFD modeling; additional=Complex-flare decomposition; bias correction; power-law/lognormal/truncated-power-law comparison; AFINO=NO; wavelet=NO; Bayesian=NOT_REPORTED; gaps=NOT_REPORTED,ABSTRACT,arXiv abstract,Available source describes the primary analysis as Combined-mission flare detection and FFD modeling; additional processing/method information: Complex-flare decomposition; bias correction; power-law/lognormal/truncated-power-law comparison.,VERIFIED_FROM_AVAILABLE_SOURCE,No long verbatim quotation retained. Fields not resolved from the available source remain explicitly NOT_REPORTED.
BAII4E0127,BAIIW0150,BAIIV0232,validation_and_robustness,window=NOT_APPLICABLE; processing=YES; injection=NOT_REPORTED; ground_truth=NOT_REPORTED; selection_function=YES; heldout=NOT_REPORTED,ABSTRACT,arXiv abstract,"Available source reports validation/robustness state: window robustness NOT_APPLICABLE, processing robustness YES, injection–recovery NOT_REPORTED, known ground truth NOT_REPORTED, selection-function characterization YES, held-out validation NOT_REPORTED.",VERIFIED_FROM_AVAILABLE_SOURCE,No long verbatim quotation retained. Fields not resolved from the available source remain explicitly NOT_REPORTED.
BAII4E0128,BAIIW0150,BAIIV0232,reported_conclusions_and_limitations,"methodological=Combined TESS/CHEOPS FFDs are corrected for detection bias and used to separate intrinsic distribution shape from observational flattening.; catalog=5620 flares on 110 M dwarfs span nearly ten orders of magnitude in inferred bolometric energy.; validation=Detection-bias correction is explicit, but the abstract does not specify whether its calibration is injection–recovery based.",ABSTRACT,arXiv abstract,"Authors/source-level conclusions were paraphrased as: Combined TESS/CHEOPS FFDs are corrected for detection bias and used to separate intrinsic distribution shape from observational flattening. Validation context: Detection-bias correction is explicit, but the abstract does not specify whether its calibration is injection–recovery based. Limitations: The high-energy drop remains unexplained and may be intrinsic or observational; injection details are not resolved by the abstract.",VERIFIED_FROM_AVAILABLE_SOURCE,No long verbatim quotation retained. Fields not resolved from the available source remain explicitly NOT_REPORTED.
BAII4E0129,BAIIW0154,BAIIV0240,population_and_sample,TESS=NO; sample=Long-term AD Leo ground-based photometry; sample_size=1 star; flares=NOT_REPORTED; QPP_candidates=NOT_APPLICABLE,ABSTRACT,journal abstract indexed online,"Available source identifies the observational/sample scope as Long-term AD Leo ground-based photometry; reported scale: 1 star, flares: NOT_REPORTED, QPP candidates: NOT_APPLICABLE.",VERIFIED_FROM_AVAILABLE_SOURCE,No long verbatim quotation retained. Fields not resolved from the available source remain explicitly NOT_REPORTED.
BAII4E0130,BAIIW0154,BAIIV0240,detection_method_and_processing,primary=Logistic regression + FRED template flare detection; additional=Synthetic-flare injection–recovery for completeness; AFINO=NO; wavelet=NO; Bayesian=NO; gaps=NOT_REPORTED,ABSTRACT,journal abstract indexed online,Available source describes the primary analysis as Logistic regression + FRED template flare detection; additional processing/method information: Synthetic-flare injection–recovery for completeness.,VERIFIED_FROM_AVAILABLE_SOURCE,No long verbatim quotation retained. Fields not resolved from the available source remain explicitly NOT_REPORTED.
BAII4E0131,BAIIW0154,BAIIV0240,validation_and_robustness,window=NOT_APPLICABLE; processing=YES; injection=YES; ground_truth=YES; selection_function=YES; heldout=NOT_REPORTED,ABSTRACT,journal abstract indexed online,"Available source reports validation/robustness state: window robustness NOT_APPLICABLE, processing robustness YES, injection–recovery YES, known ground truth YES, selection-function characterization YES, held-out validation NOT_REPORTED.",VERIFIED_FROM_AVAILABLE_SOURCE,No long verbatim quotation retained. Fields not resolved from the available source remain explicitly NOT_REPORTED.
BAII4E0132,BAIIW0154,BAIIV0240,reported_conclusions_and_limitations,methodological=An automated logistic-regression/FRED pipeline is calibrated with synthetic injections for ground-based flare studies.; catalog=Single-star AD Leo flare-frequency analysis.; validation=Synthetic-flare injection–recovery quantifies detection completeness.,ABSTRACT,journal abstract indexed online,Authors/source-level conclusions were paraphrased as: An automated logistic-regression/FRED pipeline is calibrated with synthetic injections for ground-based flare studies. Validation context: Synthetic-flare injection–recovery quantifies detection completeness. Limitations: Ground-based single-star transfer to TESS/QPP work is methodological context rather than direct observational overlap.,VERIFIED_FROM_AVAILABLE_SOURCE,No long verbatim quotation retained. Fields not resolved from the available source remain explicitly NOT_REPORTED.
BAII4E0133,BAIIW0156,BAIIV0242,population_and_sample,TESS=YES; sample=TESS 20-s flare classifier trained on quiescent light curves + synthetic flares; sample_size=~1000 quiescent 20-s light curves for training backgrounds; flares=100 synthetic flares injected per training light curve; QPP_candidates=NOT_APPLICABLE,FULL_TEXT,"AAS-provided article PDF, Sections 2–5","Available source identifies the observational/sample scope as TESS 20-s flare classifier trained on quiescent light curves + synthetic flares; reported scale: ~1000 quiescent 20-s light curves for training backgrounds, flares: 100 synthetic flares injected per training light curve, QPP candidates: NOT_APPLICABLE.",VERIFIED_FROM_AVAILABLE_SOURCE,No long verbatim quotation retained. Fields not resolved from the available source remain explicitly NOT_REPORTED.
BAII4E0134,BAIIW0156,BAIIV0242,detection_method_and_processing,primary=flarenet 1D convolutional neural network; additional=Synthetic training flares; injection–recovery; configurable threshold; gap filling; AFINO=NO; wavelet=NO; Bayesian=NO; gaps=YES,FULL_TEXT,"AAS-provided article PDF, Sections 2–5",Available source describes the primary analysis as flarenet 1D convolutional neural network; additional processing/method information: Synthetic training flares; injection–recovery; configurable threshold; gap filling.,VERIFIED_FROM_AVAILABLE_SOURCE,No long verbatim quotation retained. Fields not resolved from the available source remain explicitly NOT_REPORTED.
BAII4E0135,BAIIW0156,BAIIV0242,validation_and_robustness,window=NOT_REPORTED; processing=YES; injection=YES; ground_truth=YES; selection_function=YES; heldout=NOT_REPORTED,FULL_TEXT,"AAS-provided article PDF, Sections 2–5","Available source reports validation/robustness state: window robustness NOT_REPORTED, processing robustness YES, injection–recovery YES, known ground truth YES, selection-function characterization YES, held-out validation NOT_REPORTED.",VERIFIED_FROM_AVAILABLE_SOURCE,No long verbatim quotation retained. Fields not resolved from the available source remain explicitly NOT_REPORTED.
BAII4E0136,BAIIW0156,BAIIV0242,reported_conclusions_and_limitations,methodological=flarenet provides an implementable TESS 20-s CNN flare detector without preliminary detrending.; catalog=NOT_APPLICABLE; validation=Injection–recovery reports median prediction 0.87 overall and 0.98 for S/N>2; performance is threshold-dependent.,FULL_TEXT,"AAS-provided article PDF, Sections 2–5",Authors/source-level conclusions were paraphrased as: flarenet provides an implementable TESS 20-s CNN flare detector without preliminary detrending. Validation context: Injection–recovery reports median prediction 0.87 overall and 0.98 for S/N>2; performance is threshold-dependent. Limitations: Injection evaluation draws from the same flare-parameter distribution/background family used for training; an independent project-style held-out benchmark is not stated.,VERIFIED_FROM_AVAILABLE_SOURCE,No long verbatim quotation retained. Fields not resolved from the available source remain explicitly NOT_REPORTED.
BAII4E0137,BAIIW0165,BAIIV0253,population_and_sample,TESS=YES; sample=Simultaneous/paired TESS and Swift M-dwarf flare timing/energy catalogue; sample_size=13 rows in timing/energy sample; 114 rows in candidate pointing-yield table; flares=NOT_REPORTED; QPP_candidates=NOT_APPLICABLE,TABLE,VizieR catalogue metadata/tables,"Available source identifies the observational/sample scope as Simultaneous/paired TESS and Swift M-dwarf flare timing/energy catalogue; reported scale: 13 rows in timing/energy sample; 114 rows in candidate pointing-yield table, flares: NOT_REPORTED, QPP candidates: NOT_APPLICABLE.",VERIFIED_FROM_AVAILABLE_SOURCE,No long verbatim quotation retained. Fields not resolved from the available source remain explicitly NOT_REPORTED.
BAII4E0138,BAIIW0165,BAIIV0253,detection_method_and_processing,primary=Multiwavelength flare timing and energy catalogue; additional=TESS/Swift timing lag and energy budgets; AFINO=NO; wavelet=NO; Bayesian=NOT_REPORTED; gaps=NOT_REPORTED,TABLE,VizieR catalogue metadata/tables,Available source describes the primary analysis as Multiwavelength flare timing and energy catalogue; additional processing/method information: TESS/Swift timing lag and energy budgets.,VERIFIED_FROM_AVAILABLE_SOURCE,No long verbatim quotation retained. Fields not resolved from the available source remain explicitly NOT_REPORTED.
BAII4E0139,BAIIW0165,BAIIV0253,validation_and_robustness,window=NOT_APPLICABLE; processing=NOT_REPORTED; injection=NO; ground_truth=NO; selection_function=NOT_REPORTED; heldout=NO,TABLE,VizieR catalogue metadata/tables,"Available source reports validation/robustness state: window robustness NOT_APPLICABLE, processing robustness NOT_REPORTED, injection–recovery NO, known ground truth NO, selection-function characterization NOT_REPORTED, held-out validation NO.",VERIFIED_FROM_AVAILABLE_SOURCE,No long verbatim quotation retained. Fields not resolved from the available source remain explicitly NOT_REPORTED.
BAII4E0140,BAIIW0165,BAIIV0253,reported_conclusions_and_limitations,methodological=The preferred work is a structured VizieR data product linking TESS and Swift flare timing/energetics.; catalog=VizieR exposes a 13-row flare timing/energy table and a 114-row candidate-pointing yield table.; validation=No injection–recovery/held-out detector validation is established by the catalogue metadata.,TABLE,VizieR catalogue metadata/tables,Authors/source-level conclusions were paraphrased as: The preferred work is a structured VizieR data product linking TESS and Swift flare timing/energetics. Validation context: No injection–recovery/held-out detector validation is established by the catalogue metadata. Limitations: The catalogue record is preferred in BAII.3; detailed methodology resides in its linked journal article.,VERIFIED_FROM_AVAILABLE_SOURCE,No long verbatim quotation retained. Fields not resolved from the available source remain explicitly NOT_REPORTED.
BAII4E0141,BAIIW0168,BAIIV0257,population_and_sample,TESS=NOT_REPORTED; sample=Method study with extensive simulation and empirical stellar time series; sample_size=NOT_REPORTED; flares=NOT_REPORTED; QPP_candidates=NOT_APPLICABLE,ABSTRACT,arXiv abstract,"Available source identifies the observational/sample scope as Method study with extensive simulation and empirical stellar time series; reported scale: NOT_REPORTED, flares: NOT_REPORTED, QPP candidates: NOT_APPLICABLE.",VERIFIED_FROM_AVAILABLE_SOURCE,No long verbatim quotation retained. Fields not resolved from the available source remain explicitly NOT_REPORTED.
BAII4E0142,BAIIW0168,BAIIV0257,detection_method_and_processing,primary=VAE surrogate + Celerite + HMM additive Bayesian flare model; additional=Exact Celerite+HMM comparator; extensive simulation; AFINO=NO; wavelet=NO; Bayesian=YES; gaps=NOT_REPORTED,ABSTRACT,arXiv abstract,Available source describes the primary analysis as VAE surrogate + Celerite + HMM additive Bayesian flare model; additional processing/method information: Exact Celerite+HMM comparator; extensive simulation.,VERIFIED_FROM_AVAILABLE_SOURCE,No long verbatim quotation retained. Fields not resolved from the available source remain explicitly NOT_REPORTED.
BAII4E0143,BAIIW0168,BAIIV0257,validation_and_robustness,window=NOT_APPLICABLE; processing=YES; injection=NOT_REPORTED; ground_truth=YES; selection_function=NOT_REPORTED; heldout=NOT_REPORTED,ABSTRACT,arXiv abstract,"Available source reports validation/robustness state: window robustness NOT_APPLICABLE, processing robustness YES, injection–recovery NOT_REPORTED, known ground truth YES, selection-function characterization NOT_REPORTED, held-out validation NOT_REPORTED.",VERIFIED_FROM_AVAILABLE_SOURCE,No long verbatim quotation retained. Fields not resolved from the available source remain explicitly NOT_REPORTED.
BAII4E0144,BAIIW0168,BAIIV0257,reported_conclusions_and_limitations,methodological=A VAE approximation accelerates a Bayesian additive Celerite+HMM flare model while retaining structural fidelity in reported simulations.; catalog=NOT_APPLICABLE; validation=Extensive simulations compare the surrogate with exact Celerite; empirical time-series comparisons assess computational/scientific behavior.,ABSTRACT,arXiv abstract,Authors/source-level conclusions were paraphrased as: A VAE approximation accelerates a Bayesian additive Celerite+HMM flare model while retaining structural fidelity in reported simulations. Validation context: Extensive simulations compare the surrogate with exact Celerite; empirical time-series comparisons assess computational/scientific behavior. Limitations: The abstract does not describe a flare injection–recovery selection function or independent held-out benchmark.,VERIFIED_FROM_AVAILABLE_SOURCE,No long verbatim quotation retained. Fields not resolved from the available source remain explicitly NOT_REPORTED.
BAII4E0145,BAIIW0181,BAIIV0273,population_and_sample,TESS=YES; sample=M/K dwarfs from five nearby moving groups; sample_size=199 sector-level light curves; flares=NOT_REPORTED; QPP_candidates=NOT_APPLICABLE,ABSTRACT,BAAS AAS243 abstract #259.11,"Available source identifies the observational/sample scope as M/K dwarfs from five nearby moving groups; reported scale: 199 sector-level light curves, flares: NOT_REPORTED, QPP candidates: NOT_APPLICABLE.",VERIFIED_FROM_AVAILABLE_SOURCE,No long verbatim quotation retained. Fields not resolved from the available source remain explicitly NOT_REPORTED.
BAII4E0146,BAIIW0181,BAIIV0273,detection_method_and_processing,primary=Flare localization relative to rotational/starspot modulation; additional=Three localization categories; AFINO=NO; wavelet=NO; Bayesian=NO; gaps=NOT_REPORTED,ABSTRACT,BAAS AAS243 abstract #259.11,Available source describes the primary analysis as Flare localization relative to rotational/starspot modulation; additional processing/method information: Three localization categories.,VERIFIED_FROM_AVAILABLE_SOURCE,No long verbatim quotation retained. Fields not resolved from the available source remain explicitly NOT_REPORTED.
BAII4E0147,BAIIW0181,BAIIV0273,validation_and_robustness,window=YES; processing=NOT_REPORTED; injection=NO; ground_truth=NO; selection_function=NO; heldout=NO,ABSTRACT,BAAS AAS243 abstract #259.11,"Available source reports validation/robustness state: window robustness YES, processing robustness NOT_REPORTED, injection–recovery NO, known ground truth NO, selection-function characterization NO, held-out validation NO.",VERIFIED_FROM_AVAILABLE_SOURCE,No long verbatim quotation retained. Fields not resolved from the available source remain explicitly NOT_REPORTED.
BAII4E0148,BAIIW0181,BAIIV0273,reported_conclusions_and_limitations,methodological=Flares are localized statistically relative to starspot modulation in sector-level TESS light curves.; catalog=The preliminary sample comprises 199 light curves from young M/K stars.; validation=No injection–recovery/held-out validation is reported.,ABSTRACT,BAAS AAS243 abstract #259.11,Authors/source-level conclusions were paraphrased as: Flares are localized statistically relative to starspot modulation in sector-level TESS light curves. Validation context: No injection–recovery/held-out validation is reported. Limitations: The abstract states the preliminary localization technique does not work for all light-curve shapes.,VERIFIED_FROM_AVAILABLE_SOURCE,No long verbatim quotation retained. Fields not resolved from the available source remain explicitly NOT_REPORTED.
BAII4E0149,BAIIW0182,BAIIV0274,population_and_sample,TESS=YES; sample=Expanded nearby-young-moving-group TESS flare study; sample_size=NOT_REPORTED; flares=NOT_REPORTED; QPP_candidates=NOT_APPLICABLE,ABSTRACT,AAS247 abstract/provider metadata,"Available source identifies the observational/sample scope as Expanded nearby-young-moving-group TESS flare study; reported scale: NOT_REPORTED, flares: NOT_REPORTED, QPP candidates: NOT_APPLICABLE.",VERIFIED_WITH_SOURCE_ACCESS_LIMITATION,No long verbatim quotation retained. Fields not resolved from the available source remain explicitly NOT_REPORTED.
BAII4E0150,BAIIW0182,BAIIV0274,detection_method_and_processing,primary=Expanded TESS flare-study methodology (conference abstract); additional=NOT_REPORTED; AFINO=NO; wavelet=NOT_REPORTED; Bayesian=NOT_REPORTED; gaps=NOT_REPORTED,ABSTRACT,AAS247 abstract/provider metadata,Available source describes the primary analysis as Expanded TESS flare-study methodology (conference abstract); additional processing/method information: NOT_REPORTED.,VERIFIED_WITH_SOURCE_ACCESS_LIMITATION,No long verbatim quotation retained. Fields not resolved from the available source remain explicitly NOT_REPORTED.
BAII4E0151,BAIIW0182,BAIIV0274,validation_and_robustness,window=NOT_REPORTED; processing=YES; injection=NOT_REPORTED; ground_truth=NOT_REPORTED; selection_function=NOT_REPORTED; heldout=NOT_REPORTED,ABSTRACT,AAS247 abstract/provider metadata,"Available source reports validation/robustness state: window robustness NOT_REPORTED, processing robustness YES, injection–recovery NOT_REPORTED, known ground truth NOT_REPORTED, selection-function characterization NOT_REPORTED, held-out validation NOT_REPORTED.",VERIFIED_WITH_SOURCE_ACCESS_LIMITATION,No long verbatim quotation retained. Fields not resolved from the available source remain explicitly NOT_REPORTED.
BAII4E0152,BAIIW0182,BAIIV0274,reported_conclusions_and_limitations,"methodological=The preferred AAS abstract signals an expanded TESS moving-group flare analysis with new methods, but does not resolve enough detail for stronger method claims.; catalog=Expanded nearby-young-moving-group flare population; exact counts are not reported in the preferred abstract evidence used here.; validation=NOT_REPORTED",ABSTRACT,AAS247 abstract/provider metadata,"Authors/source-level conclusions were paraphrased as: The preferred AAS abstract signals an expanded TESS moving-group flare analysis with new methods, but does not resolve enough detail for stronger method claims. Validation context: NOT_REPORTED Limitations: Conference abstract and frozen preferred-version evidence leave methodological details NOT_REPORTED; later related work is not silently substituted for the frozen preferred version.",VERIFIED_WITH_SOURCE_ACCESS_LIMITATION,No long verbatim quotation retained. Fields not resolved from the available source remain explicitly NOT_REPORTED.
BAII4E0153,BAIIW0188,BAIIV0280,population_and_sample,TESS=YES; sample=M dwarfs with TESS white-light flares and SDSS-V chromospheric measurements; sample_size=NOT_REPORTED; flares=NOT_REPORTED; QPP_candidates=NOT_APPLICABLE,ABSTRACT,AAS247 abstract/provider metadata,"Available source identifies the observational/sample scope as M dwarfs with TESS white-light flares and SDSS-V chromospheric measurements; reported scale: NOT_REPORTED, flares: NOT_REPORTED, QPP candidates: NOT_APPLICABLE.",VERIFIED_WITH_SOURCE_ACCESS_LIMITATION,No long verbatim quotation retained. Fields not resolved from the available source remain explicitly NOT_REPORTED.
BAII4E0154,BAIIW0188,BAIIV0280,detection_method_and_processing,primary=Cross-survey flare/chromospheric activity comparison; additional=SDSS-V spectroscopic variability; AFINO=NO; wavelet=NO; Bayesian=NOT_REPORTED; gaps=NOT_REPORTED,ABSTRACT,AAS247 abstract/provider metadata,Available source describes the primary analysis as Cross-survey flare/chromospheric activity comparison; additional processing/method information: SDSS-V spectroscopic variability.,VERIFIED_WITH_SOURCE_ACCESS_LIMITATION,No long verbatim quotation retained. Fields not resolved from the available source remain explicitly NOT_REPORTED.
BAII4E0155,BAIIW0188,BAIIV0280,validation_and_robustness,window=NOT_APPLICABLE; processing=NOT_REPORTED; injection=NO; ground_truth=NO; selection_function=NOT_REPORTED; heldout=NO,ABSTRACT,AAS247 abstract/provider metadata,"Available source reports validation/robustness state: window robustness NOT_APPLICABLE, processing robustness NOT_REPORTED, injection–recovery NO, known ground truth NO, selection-function characterization NOT_REPORTED, held-out validation NO.",VERIFIED_WITH_SOURCE_ACCESS_LIMITATION,No long verbatim quotation retained. Fields not resolved from the available source remain explicitly NOT_REPORTED.
BAII4E0156,BAIIW0188,BAIIV0280,reported_conclusions_and_limitations,methodological=The work links TESS white-light flare activity to SDSS-V chromospheric variability.; catalog=Exact sample/flare counts are not resolved in the frozen preferred-version evidence used here.; validation=No injection–recovery or held-out validation is established from the preferred abstract evidence.,ABSTRACT,AAS247 abstract/provider metadata,Authors/source-level conclusions were paraphrased as: The work links TESS white-light flare activity to SDSS-V chromospheric variability. Validation context: No injection–recovery or held-out validation is established from the preferred abstract evidence. Limitations: Conference-abstract detail limits extraction; no later paper is substituted for the frozen work identity.,VERIFIED_WITH_SOURCE_ACCESS_LIMITATION,No long verbatim quotation retained. Fields not resolved from the available source remain explicitly NOT_REPORTED.
BAII4E0157,BAIIW0190,BAIIV0283,population_and_sample,TESS=NOT_APPLICABLE; sample=Software/method record; sample_size=NOT_APPLICABLE; flares=NOT_APPLICABLE; QPP_candidates=NOT_APPLICABLE,PROVIDER_METADATA,Astrophysics Source Code Library record,"Available source identifies the observational/sample scope as Software/method record; reported scale: NOT_APPLICABLE, flares: NOT_APPLICABLE, QPP candidates: NOT_APPLICABLE.",VERIFIED_FROM_AVAILABLE_SOURCE,No long verbatim quotation retained. Fields not resolved from the available source remain explicitly NOT_REPORTED.
BAII4E0158,BAIIW0190,BAIIV0283,detection_method_and_processing,primary=AFINO Fourier-based model comparison; additional=Automated result serialization/summary plotting; AFINO=YES; wavelet=NO; Bayesian=YES; gaps=NOT_REPORTED,PROVIDER_METADATA,Astrophysics Source Code Library record,Available source describes the primary analysis as AFINO Fourier-based model comparison; additional processing/method information: Automated result serialization/summary plotting.,VERIFIED_FROM_AVAILABLE_SOURCE,No long verbatim quotation retained. Fields not resolved from the available source remain explicitly NOT_REPORTED.
BAII4E0159,BAIIW0190,BAIIV0283,validation_and_robustness,window=NOT_APPLICABLE; processing=NOT_APPLICABLE; injection=NOT_APPLICABLE; ground_truth=NOT_APPLICABLE; selection_function=NOT_APPLICABLE; heldout=NOT_APPLICABLE,PROVIDER_METADATA,Astrophysics Source Code Library record,"Available source reports validation/robustness state: window robustness NOT_APPLICABLE, processing robustness NOT_APPLICABLE, injection–recovery NOT_APPLICABLE, known ground truth NOT_APPLICABLE, selection-function characterization NOT_APPLICABLE, held-out validation NOT_APPLICABLE.",VERIFIED_FROM_AVAILABLE_SOURCE,No long verbatim quotation retained. Fields not resolved from the available source remain explicitly NOT_REPORTED.
BAII4E0160,BAIIW0190,BAIIV0283,reported_conclusions_and_limitations,methodological=AFINO is an automated Fourier-domain model-comparison implementation for oscillation detection in time series.; catalog=NOT_APPLICABLE; validation=NOT_APPLICABLE,PROVIDER_METADATA,Astrophysics Source Code Library record,Authors/source-level conclusions were paraphrased as: AFINO is an automated Fourier-domain model-comparison implementation for oscillation detection in time series. Validation context: NOT_APPLICABLE Limitations: ASCL is a software record; scientific performance/selection-function validation must be sourced from studies using the code.,VERIFIED_FROM_AVAILABLE_SOURCE,No long verbatim quotation retained. Fields not resolved from the available source remain explicitly NOT_REPORTED.
