variant_id,event_role,flux_type,quality_policy,window_variant,sampling_status,execution_role,interpretation_scope,input_filename,input_sha256,optimizer_seed,model_id,model,status,runtime_seconds,n_samples,median_cadence_s,max_gap_s,afino_effective_dt_s,sampling_interval_min_s,sampling_interval_max_s,sampling_max_deviation_from_median_s,fft_positive_bins_before_cutoff,fft_bins_after_cutoff,frequency_min_hz,frequency_max_hz,low_frequency_cutoff_hz,lnlike,BIC,rchi2,probability,estimated_period_s,parameters_json,parameter_at_bound,bound_hits_json,warning_count,warning_types,warnings_json,error,delta_bic_0_1,delta_bic_2_1,qpp_selected,published_selection_comparison,period_absolute_difference_s,period_relative_difference_percent,delta_bic_0_1_difference_from_published,delta_bic_2_1_difference_from_published,manifest_sha256,script_sha256,afino_commit,afino_version,python_version
published_qpp_pdcsap_all,published_qpp,PDCSAP_FLUX,finite_all,tau0_nearest_cadence_indices,regular,primary_pilot,scientific_candidate,fase0_tarea09_published_qpp_pdcsap_all.csv,e55949806744c1bc2e5e85d9e09a2a26775abc862dcbc8f82e2f5e4dca52040f,0,M0,pow_const,OK,0.16580329998396337,15,20.002015408681473,20.00201546761673,20.002015411487914,20.002015389036387,20.00201546761673,5.893525667488575e-08,7,7,0.0033329974652642987,0.02333098225685009,0.025,-6.152627145894131,16.19707458989889,1.997318287505224,0.1534000289582441,,"[-0.2303389158983838,6.0,-0.22191299209825158]",True,"[{""parameter_index"":1,""side"":""upper"",""value"":6.0,""bound"":6.0,""absolute_distance"":0.0}]",0,[],[],,17.013182448217474,14.579589696751121,True,selection_reproduced,0.00014356566721573927,0.00020950024885510622,1.8382174751252478e-06,-2.5032488792930963e-06,ba303fa13dda064e6d18d06e9d7e75f03039717a02f78b0590ffdcb7ca396149,07d3b54ec0fdc1225638339b73a06dae07dbd5367b724b5a32359fa47942cf31,6aceac9518fc8056052807e666da9d0c8bebb010,0.5,3.13.13
published_qpp_pdcsap_all,published_qpp,PDCSAP_FLUX,finite_all,tau0_nearest_cadence_indices,regular,primary_pilot,scientific_candidate,fase0_tarea09_published_qpp_pdcsap_all.csv,e55949806744c1bc2e5e85d9e09a2a26775abc862dcbc8f82e2f5e4dca52040f,0,M1,pow_const_gauss,OK,0.7201022999943234,15,20.002015408681473,20.00201546761673,20.002015411487914,20.002015389036387,20.00201546761673,5.893525667488575e-08,7,7,0.0033329974652642987,0.02333098225685009,0.025,5.272829301797575,-0.8161078583185848,0.8657925059433672,0.2781927156690139,68.52753981433278,"[1.2893425442802757,4.6799870803264865,-20.0,0.2139747568402858,-4.227235705556468,0.1069902233322332]",True,"[{""parameter_index"":2,""side"":""lower"",""value"":-20.0,""bound"":-20.0,""absolute_distance"":0.0}]",0,[],[],,17.013182448217474,14.579589696751121,True,selection_reproduced,0.00014356566721573927,0.00020950024885510622,1.8382174751252478e-06,-2.5032488792930963e-06,ba303fa13dda064e6d18d06e9d7e75f03039717a02f78b0590ffdcb7ca396149,07d3b54ec0fdc1225638339b73a06dae07dbd5367b724b5a32359fa47942cf31,6aceac9518fc8056052807e666da9d0c8bebb010,0.5,3.13.13
published_qpp_pdcsap_all,published_qpp,PDCSAP_FLUX,finite_all,tau0_nearest_cadence_indices,regular,primary_pilot,scientific_candidate,fase0_tarea09_published_qpp_pdcsap_all.csv,e55949806744c1bc2e5e85d9e09a2a26775abc862dcbc8f82e2f5e4dca52040f,0,M2,bpow_const,OK,0.379666199994972,15,20.002015408681473,20.00201546761673,20.002015411487914,20.002015389036387,20.00201546761673,5.893525667488575e-08,7,7,0.0033329974652642987,0.02333098225685009,0.025,-2.989920621105642,13.763481838432536,3.2492947637742784,0.08175540677840905,,"[-4.466018780209317,1.0,0.016664986629834812,9.0,-18.874961642151522]",True,"[{""parameter_index"":1,""side"":""lower"",""value"":1.0,""bound"":1.0,""absolute_distance"":0.0},{""parameter_index"":3,""side"":""upper"",""value"":9.0,""bound"":9.0,""absolute_distance"":0.0}]",3,"[""RuntimeWarning: overflow encountered in exp""]","[{""category"":""RuntimeWarning"",""message"":""overflow encountered in exp"",""filename"":""afino_spectral_models.py"",""lineno"":72},{""category"":""RuntimeWarning"",""message"":""overflow encountered in exp"",""filename"":""afino_spectral_models.py"",""lineno"":73},{""category"":""RuntimeWarning"",""message"":""overflow encountered in exp"",""filename"":""afino_spectral_models.py"",""lineno"":31}]",,17.013182448217474,14.579589696751121,True,selection_reproduced,0.00014356566721573927,0.00020950024885510622,1.8382174751252478e-06,-2.5032488792930963e-06,ba303fa13dda064e6d18d06e9d7e75f03039717a02f78b0590ffdcb7ca396149,07d3b54ec0fdc1225638339b73a06dae07dbd5367b724b5a32359fa47942cf31,6aceac9518fc8056052807e666da9d0c8bebb010,0.5,3.13.13
published_qpp_pdcsap_all,published_qpp,PDCSAP_FLUX,finite_all,tau0_nearest_cadence_indices,regular,primary_pilot,scientific_candidate,fase0_tarea09_published_qpp_pdcsap_all.csv,e55949806744c1bc2e5e85d9e09a2a26775abc862dcbc8f82e2f5e4dca52040f,1,M0,pow_const,OK,0.17350100001203828,15,20.002015408681473,20.00201546761673,20.002015411487914,20.002015389036387,20.00201546761673,5.893525667488575e-08,7,7,0.0033329974652642987,0.02333098225685009,0.025,-6.152627145890257,16.19707458989114,1.9973172348137476,0.15340015007720073,,"[-0.2303335779136549,6.0,-0.22191273387300264]",True,"[{""parameter_index"":1,""side"":""upper"",""value"":6.0,""bound"":6.0,""absolute_distance"":0.0}]",0,[],[],,17.0131824555194,14.579590674752177,True,selection_reproduced,1.2064517363796767e-05,1.7605319148024538e-05,1.8455193995237096e-06,-1.5252478231531086e-06,ba303fa13dda064e6d18d06e9d7e75f03039717a02f78b0590ffdcb7ca396149,07d3b54ec0fdc1225638339b73a06dae07dbd5367b724b5a32359fa47942cf31,6aceac9518fc8056052807e666da9d0c8bebb010,0.5,3.13.13
published_qpp_pdcsap_all,published_qpp,PDCSAP_FLUX,finite_all,tau0_nearest_cadence_indices,regular,primary_pilot,scientific_candidate,fase0_tarea09_published_qpp_pdcsap_all.csv,e55949806744c1bc2e5e85d9e09a2a26775abc862dcbc8f82e2f5e4dca52040f,1,M1,pow_const_gauss,OK,0.6943865000212099,15,20.002015408681473,20.00201546761673,20.002015411487914,20.002015389036387,20.00201546761673,5.893525667488575e-08,7,7,0.0033329974652642987,0.02333098225685009,0.025,5.2728293054524125,-0.8161078656282594,0.8658046117994187,0.27819059714249583,68.52767131548264,"[1.2894083355173125,4.680086774735254,-20.0,0.2140163501058556,-4.227237624507944,0.10699040556164616]",True,"[{""parameter_index"":2,""side"":""lower"",""value"":-20.0,""bound"":-20.0,""absolute_distance"":0.0}]",0,[],[],,17.0131824555194,14.579590674752177,True,selection_reproduced,1.2064517363796767e-05,1.7605319148024538e-05,1.8455193995237096e-06,-1.5252478231531086e-06,ba303fa13dda064e6d18d06e9d7e75f03039717a02f78b0590ffdcb7ca396149,07d3b54ec0fdc1225638339b73a06dae07dbd5367b724b5a32359fa47942cf31,6aceac9518fc8056052807e666da9d0c8bebb010,0.5,3.13.13
published_qpp_pdcsap_all,published_qpp,PDCSAP_FLUX,finite_all,tau0_nearest_cadence_indices,regular,primary_pilot,scientific_candidate,fase0_tarea09_published_qpp_pdcsap_all.csv,e55949806744c1bc2e5e85d9e09a2a26775abc862dcbc8f82e2f5e4dca52040f,1,M2,bpow_const,OK,0.49646280001616105,15,20.002015408681473,20.00201546761673,20.002015411487914,20.002015389036387,20.00201546761673,5.893525667488575e-08,7,7,0.0033329974652642987,0.02333098225685009,0.025,-2.989921106451332,13.763482809123918,3.2483981531132686,0.08179248322341268,,"[-4.465880628849422,1.0000000000012836,0.01666498566427453,8.999999999999298,-17.800791272862547]",True,"[{""parameter_index"":1,""side"":""lower"",""value"":1.0000000000012836,""bound"":1.0,""absolute_distance"":1.283639861071606e-12},{""parameter_index"":3,""side"":""upper"",""value"":8.999999999999298,""bound"":9.0,""absolute_distance"":7.016609515630989e-13}]",2,"[""RuntimeWarning: overflow encountered in exp""]","[{""category"":""RuntimeWarning"",""message"":""overflow encountered in exp"",""filename"":""afino_spectral_models.py"",""lineno"":72},{""category"":""RuntimeWarning"",""message"":""overflow encountered in exp"",""filename"":""afino_spectral_models.py"",""lineno"":73}]",,17.0131824555194,14.579590674752177,True,selection_reproduced,1.2064517363796767e-05,1.7605319148024538e-05,1.8455193995237096e-06,-1.5252478231531086e-06,ba303fa13dda064e6d18d06e9d7e75f03039717a02f78b0590ffdcb7ca396149,07d3b54ec0fdc1225638339b73a06dae07dbd5367b724b5a32359fa47942cf31,6aceac9518fc8056052807e666da9d0c8bebb010,0.5,3.13.13
published_qpp_pdcsap_all,published_qpp,PDCSAP_FLUX,finite_all,tau0_nearest_cadence_indices,regular,primary_pilot,scientific_candidate,fase0_tarea09_published_qpp_pdcsap_all.csv,e55949806744c1bc2e5e85d9e09a2a26775abc862dcbc8f82e2f5e4dca52040f,2,M0,pow_const,OK,0.1664046999940183,15,20.002015408681473,20.00201546761673,20.002015411487914,20.002015389036387,20.00201546761673,5.893525667488575e-08,7,7,0.0033329974652642987,0.02333098225685009,0.025,-6.152627145890193,16.197074589891013,1.9973162909965805,0.15340025866955204,,"[-0.2303334699597936,6.0,-0.22191249746769395]",True,"[{""parameter_index"":1,""side"":""upper"",""value"":6.0,""bound"":6.0,""absolute_distance"":0.0}]",0,[],[],,17.013182455474325,14.579590773689791,True,selection_reproduced,2.868673163902713e-06,4.1861522561551284e-06,1.8454743262452666e-06,-1.4263102094957958e-06,ba303fa13dda064e6d18d06e9d7e75f03039717a02f78b0590ffdcb7ca396149,07d3b54ec0fdc1225638339b73a06dae07dbd5367b724b5a32359fa47942cf31,6aceac9518fc8056052807e666da9d0c8bebb010,0.5,3.13.13
published_qpp_pdcsap_all,published_qpp,PDCSAP_FLUX,finite_all,tau0_nearest_cadence_indices,regular,primary_pilot,scientific_candidate,fase0_tarea09_published_qpp_pdcsap_all.csv,e55949806744c1bc2e5e85d9e09a2a26775abc862dcbc8f82e2f5e4dca52040f,2,M1,pow_const_gauss,OK,0.5820391000015661,15,20.002015408681473,20.00201546761673,20.002015411487914,20.002015389036387,20.00201546761673,5.893525667488575e-08,7,7,0.0033329974652642987,0.02333098225685009,0.025,5.272829305429939,-0.8161078655833123,0.8658071207155741,0.27819015808539577,68.52768051132684,"[1.289401220305723,4.680080537863411,-20.0,0.21401712546139007,-4.227237758699627,0.10699043091739154]",True,"[{""parameter_index"":2,""side"":""lower"",""value"":-20.0,""bound"":-20.0,""absolute_distance"":0.0}]",0,[],[],,17.013182455474325,14.579590773689791,True,selection_reproduced,2.868673163902713e-06,4.1861522561551284e-06,1.8454743262452666e-06,-1.4263102094957958e-06,ba303fa13dda064e6d18d06e9d7e75f03039717a02f78b0590ffdcb7ca396149,07d3b54ec0fdc1225638339b73a06dae07dbd5367b724b5a32359fa47942cf31,6aceac9518fc8056052807e666da9d0c8bebb010,0.5,3.13.13
published_qpp_pdcsap_all,published_qpp,PDCSAP_FLUX,finite_all,tau0_nearest_cadence_indices,regular,primary_pilot,scientific_candidate,fase0_tarea09_published_qpp_pdcsap_all.csv,e55949806744c1bc2e5e85d9e09a2a26775abc862dcbc8f82e2f5e4dca52040f,2,M2,bpow_const,OK,0.361306600010721,15,20.002015408681473,20.00201546761673,20.002015411487914,20.002015389036387,20.00201546761673,5.893525667488575e-08,7,7,0.0033329974652642987,0.02333098225685009,0.025,-2.9899211559426133,13.763482908106479,3.249140182354841,0.08176179764944373,,"[-4.465994063600887,1.0,0.01666498151973595,9.0,-19.60970657461651]",True,"[{""parameter_index"":1,""side"":""lower"",""value"":1.0,""bound"":1.0,""absolute_distance"":0.0},{""parameter_index"":3,""side"":""upper"",""value"":9.0,""bound"":9.0,""absolute_distance"":0.0}]",0,[],[],,17.013182455474325,14.579590773689791,True,selection_reproduced,2.868673163902713e-06,4.1861522561551284e-06,1.8454743262452666e-06,-1.4263102094957958e-06,ba303fa13dda064e6d18d06e9d7e75f03039717a02f78b0590ffdcb7ca396149,07d3b54ec0fdc1225638339b73a06dae07dbd5367b724b5a32359fa47942cf31,6aceac9518fc8056052807e666da9d0c8bebb010,0.5,3.13.13
published_qpp_pdcsap_all,published_qpp,PDCSAP_FLUX,finite_all,tau0_nearest_cadence_indices,regular,primary_pilot,scientific_candidate,fase0_tarea09_published_qpp_pdcsap_all.csv,e55949806744c1bc2e5e85d9e09a2a26775abc862dcbc8f82e2f5e4dca52040f,3,M0,pow_const,OK,0.1596119000168983,15,20.002015408681473,20.00201546761673,20.002015411487914,20.002015389036387,20.00201546761673,5.893525667488575e-08,7,7,0.0033329974652642987,0.02333098225685009,0.025,-6.152627145890142,16.19707458989091,1.9973166093478623,0.15340022204114168,,"[-0.2303337091737986,6.0,-0.2219125769958223]",True,"[{""parameter_index"":1,""side"":""upper"",""value"":6.0,""bound"":6.0,""absolute_distance"":0.0}]",0,[],[],,17.013182455518653,14.579597846571374,True,selection_reproduced,7.1006289346087215e-06,1.0361694113070018e-05,1.845518653453837e-06,5.646571374029463e-06,ba303fa13dda064e6d18d06e9d7e75f03039717a02f78b0590ffdcb7ca396149,07d3b54ec0fdc1225638339b73a06dae07dbd5367b724b5a32359fa47942cf31,6aceac9518fc8056052807e666da9d0c8bebb010,0.5,3.13.13
published_qpp_pdcsap_all,published_qpp,PDCSAP_FLUX,finite_all,tau0_nearest_cadence_indices,regular,primary_pilot,scientific_candidate,fase0_tarea09_published_qpp_pdcsap_all.csv,e55949806744c1bc2e5e85d9e09a2a26775abc862dcbc8f82e2f5e4dca52040f,3,M1,pow_const_gauss,OK,0.5477165000047535,15,20.002015408681473,20.00201546761673,20.002015411487914,20.002015389036387,20.00201546761673,5.893525667488575e-08,7,7,0.0033329974652642987,0.02333098225685009,0.025,5.272829305452154,-0.8161078656277425,0.8658046765492842,0.2781905858113372,68.52767627937106,"[1.2894065891847803,4.680085338686023,-20.0,0.214014505538476,-4.227237696944204,0.10699045441827942]",True,"[{""parameter_index"":2,""side"":""lower"",""value"":-20.0,""bound"":-20.0,""absolute_distance"":0.0}]",0,[],[],,17.013182455518653,14.579597846571374,True,selection_reproduced,7.1006289346087215e-06,1.0361694113070018e-05,1.845518653453837e-06,5.646571374029463e-06,ba303fa13dda064e6d18d06e9d7e75f03039717a02f78b0590ffdcb7ca396149,07d3b54ec0fdc1225638339b73a06dae07dbd5367b724b5a32359fa47942cf31,6aceac9518fc8056052807e666da9d0c8bebb010,0.5,3.13.13
published_qpp_pdcsap_all,published_qpp,PDCSAP_FLUX,finite_all,tau0_nearest_cadence_indices,regular,primary_pilot,scientific_candidate,fase0_tarea09_published_qpp_pdcsap_all.csv,e55949806744c1bc2e5e85d9e09a2a26775abc862dcbc8f82e2f5e4dca52040f,3,M2,bpow_const,OK,0.25331299999379553,15,20.002015408681473,20.00201546761673,20.002015411487914,20.002015389036387,20.00201546761673,5.893525667488575e-08,7,7,0.0033329974652642987,0.02333098225685009,0.025,-2.989924692361189,13.763489980943632,3.249941840868804,0.08172866070509793,,"[-4.466116324679468,1.0,0.016664974973012947,8.999999999999996,-16.168824564906977]",True,"[{""parameter_index"":1,""side"":""lower"",""value"":1.0,""bound"":1.0,""absolute_distance"":0.0},{""parameter_index"":3,""side"":""upper"",""value"":8.999999999999996,""bound"":9.0,""absolute_distance"":3.552713678800501e-15}]",0,[],[],,17.013182455518653,14.579597846571374,True,selection_reproduced,7.1006289346087215e-06,1.0361694113070018e-05,1.845518653453837e-06,5.646571374029463e-06,ba303fa13dda064e6d18d06e9d7e75f03039717a02f78b0590ffdcb7ca396149,07d3b54ec0fdc1225638339b73a06dae07dbd5367b724b5a32359fa47942cf31,6aceac9518fc8056052807e666da9d0c8bebb010,0.5,3.13.13
published_qpp_pdcsap_all,published_qpp,PDCSAP_FLUX,finite_all,tau0_nearest_cadence_indices,regular,primary_pilot,scientific_candidate,fase0_tarea09_published_qpp_pdcsap_all.csv,e55949806744c1bc2e5e85d9e09a2a26775abc862dcbc8f82e2f5e4dca52040f,4,M0,pow_const,OK,0.16234139999141917,15,20.002015408681473,20.00201546761673,20.002015411487914,20.002015389036387,20.00201546761673,5.893525667488575e-08,7,7,0.0033329974652642987,0.02333098225685009,0.025,-6.152627145890154,16.197074589890935,1.9973169212904667,0.15340018615009957,,"[-0.230334329835352,6.0,-0.22191265451948344]",True,"[{""parameter_index"":1,""side"":""upper"",""value"":6.0,""bound"":6.0,""absolute_distance"":0.0}]",0,[],[],,17.0131824554404,14.579593729420372,True,selection_reproduced,2.717777525163001e-05,3.9659556417402436e-05,1.8454404013823478e-06,1.529420371682022e-06,ba303fa13dda064e6d18d06e9d7e75f03039717a02f78b0590ffdcb7ca396149,07d3b54ec0fdc1225638339b73a06dae07dbd5367b724b5a32359fa47942cf31,6aceac9518fc8056052807e666da9d0c8bebb010,0.5,3.13.13
published_qpp_pdcsap_all,published_qpp,PDCSAP_FLUX,finite_all,tau0_nearest_cadence_indices,regular,primary_pilot,scientific_candidate,fase0_tarea09_published_qpp_pdcsap_all.csv,e55949806744c1bc2e5e85d9e09a2a26775abc862dcbc8f82e2f5e4dca52040f,4,M1,pow_const_gauss,OK,0.47558399999979883,15,20.002015408681473,20.00201546761673,20.002015411487914,20.002015389036387,20.00201546761673,5.893525667488575e-08,7,7,0.0033329974652642987,0.02333098225685009,0.025,5.272829305413015,-0.8161078655494638,0.8657975769153186,0.2781918282447222,68.52765620222475,"[1.2894118012808085,4.68008597954813,-20.0,0.21401586193613872,-4.227237403965508,0.10699039127261688]",True,"[{""parameter_index"":2,""side"":""lower"",""value"":-20.0,""bound"":-20.0,""absolute_distance"":0.0}]",0,[],[],,17.0131824554404,14.579593729420372,True,selection_reproduced,2.717777525163001e-05,3.9659556417402436e-05,1.8454404013823478e-06,1.529420371682022e-06,ba303fa13dda064e6d18d06e9d7e75f03039717a02f78b0590ffdcb7ca396149,07d3b54ec0fdc1225638339b73a06dae07dbd5367b724b5a32359fa47942cf31,6aceac9518fc8056052807e666da9d0c8bebb010,0.5,3.13.13
published_qpp_pdcsap_all,published_qpp,PDCSAP_FLUX,finite_all,tau0_nearest_cadence_indices,regular,primary_pilot,scientific_candidate,fase0_tarea09_published_qpp_pdcsap_all.csv,e55949806744c1bc2e5e85d9e09a2a26775abc862dcbc8f82e2f5e4dca52040f,4,M2,bpow_const,OK,0.34917780000250787,15,20.002015408681473,20.00201546761673,20.002015411487914,20.002015389036387,20.00201546761673,5.893525667488575e-08,7,7,0.0033329974652642987,0.02333098225685009,0.025,-2.989922633824828,13.763485863870908,3.248869488322499,0.08177299032304298,,"[-4.465951221588654,1.0,0.01666497484041083,9.0,-17.47869359801873]",True,"[{""parameter_index"":1,""side"":""lower"",""value"":1.0,""bound"":1.0,""absolute_distance"":0.0},{""parameter_index"":3,""side"":""upper"",""value"":9.0,""bound"":9.0,""absolute_distance"":0.0}]",2,"[""RuntimeWarning: overflow encountered in exp""]","[{""category"":""RuntimeWarning"",""message"":""overflow encountered in exp"",""filename"":""afino_spectral_models.py"",""lineno"":72},{""category"":""RuntimeWarning"",""message"":""overflow encountered in exp"",""filename"":""afino_spectral_models.py"",""lineno"":73}]",,17.0131824554404,14.579593729420372,True,selection_reproduced,2.717777525163001e-05,3.9659556417402436e-05,1.8454404013823478e-06,1.529420371682022e-06,ba303fa13dda064e6d18d06e9d7e75f03039717a02f78b0590ffdcb7ca396149,07d3b54ec0fdc1225638339b73a06dae07dbd5367b724b5a32359fa47942cf31,6aceac9518fc8056052807e666da9d0c8bebb010,0.5,3.13.13
published_qpp_pdcsap_all,published_qpp,PDCSAP_FLUX,finite_all,tau0_nearest_cadence_indices,regular,primary_pilot,scientific_candidate,fase0_tarea09_published_qpp_pdcsap_all.csv,e55949806744c1bc2e5e85d9e09a2a26775abc862dcbc8f82e2f5e4dca52040f,5,M0,pow_const,OK,0.16118500000447966,15,20.002015408681473,20.00201546761673,20.002015411487914,20.002015389036387,20.00201546761673,5.893525667488575e-08,7,7,0.0033329974652642987,0.02333098225685009,0.025,-6.152627145890138,16.197074589890903,1.997316155317757,0.15340027428029715,,"[-0.23033394130820406,6.0,-0.22191246297457845]",True,"[{""parameter_index"":1,""side"":""upper"",""value"":6.0,""bound"":6.0,""absolute_distance"":0.0}]",0,[],[],,17.01318245551719,14.579593842530931,True,selection_reproduced,1.2294363841647282e-05,1.794072590119897e-05,1.8455171897358014e-06,1.6425309308232272e-06,ba303fa13dda064e6d18d06e9d7e75f03039717a02f78b0590ffdcb7ca396149,07d3b54ec0fdc1225638339b73a06dae07dbd5367b724b5a32359fa47942cf31,6aceac9518fc8056052807e666da9d0c8bebb010,0.5,3.13.13
published_qpp_pdcsap_all,published_qpp,PDCSAP_FLUX,finite_all,tau0_nearest_cadence_indices,regular,primary_pilot,scientific_candidate,fase0_tarea09_published_qpp_pdcsap_all.csv,e55949806744c1bc2e5e85d9e09a2a26775abc862dcbc8f82e2f5e4dca52040f,5,M1,pow_const_gauss,OK,0.5173239999858197,15,20.002015408681473,20.00201546761673,20.002015411487914,20.002015389036387,20.00201546761673,5.893525667488575e-08,7,7,0.0033329974652642987,0.02333098225685009,0.025,5.272829305451425,-0.8161078656262841,0.8658033918529503,0.2781908106320029,68.52767108563616,"[1.289407650660145,4.680084947461561,-20.0,0.21401561825053964,-4.227237621153876,0.10699041758835327]",True,"[{""parameter_index"":2,""side"":""lower"",""value"":-20.0,""bound"":-20.0,""absolute_distance"":0.0}]",0,[],[],,17.01318245551719,14.579593842530931,True,selection_reproduced,1.2294363841647282e-05,1.794072590119897e-05,1.8455171897358014e-06,1.6425309308232272e-06,ba303fa13dda064e6d18d06e9d7e75f03039717a02f78b0590ffdcb7ca396149,07d3b54ec0fdc1225638339b73a06dae07dbd5367b724b5a32359fa47942cf31,6aceac9518fc8056052807e666da9d0c8bebb010,0.5,3.13.13
published_qpp_pdcsap_all,published_qpp,PDCSAP_FLUX,finite_all,tau0_nearest_cadence_indices,regular,primary_pilot,scientific_candidate,fase0_tarea09_published_qpp_pdcsap_all.csv,e55949806744c1bc2e5e85d9e09a2a26775abc862dcbc8f82e2f5e4dca52040f,5,M2,bpow_const,OK,0.3510862000111956,15,20.002015408681473,20.00201546761673,20.002015411487914,20.002015389036387,20.00201546761673,5.893525667488575e-08,7,7,0.0033329974652642987,0.02333098225685009,0.025,-2.9899226903416967,13.763485976904647,3.2489206159199857,0.08177087616429843,,"[-4.465959928046641,1.0,0.016664979327772063,9.0,-16.870600720884067]",True,"[{""parameter_index"":1,""side"":""lower"",""value"":1.0,""bound"":1.0,""absolute_distance"":0.0},{""parameter_index"":3,""side"":""upper"",""value"":9.0,""bound"":9.0,""absolute_distance"":0.0}]",5,"[""RuntimeWarning: overflow encountered in exp""]","[{""category"":""RuntimeWarning"",""message"":""overflow encountered in exp"",""filename"":""afino_spectral_models.py"",""lineno"":31},{""category"":""RuntimeWarning"",""message"":""overflow encountered in exp"",""filename"":""afino_spectral_models.py"",""lineno"":31},{""category"":""RuntimeWarning"",""message"":""overflow encountered in exp"",""filename"":""afino_spectral_models.py"",""lineno"":31},{""category"":""RuntimeWarning"",""message"":""overflow encountered in exp"",""filename"":""afino_spectral_models.py"",""lineno"":72},{""category"":""RuntimeWarning"",""message"":""overflow encountered in exp"",""filename"":""afino_spectral_models.py"",""lineno"":73}]",,17.01318245551719,14.579593842530931,True,selection_reproduced,1.2294363841647282e-05,1.794072590119897e-05,1.8455171897358014e-06,1.6425309308232272e-06,ba303fa13dda064e6d18d06e9d7e75f03039717a02f78b0590ffdcb7ca396149,07d3b54ec0fdc1225638339b73a06dae07dbd5367b724b5a32359fa47942cf31,6aceac9518fc8056052807e666da9d0c8bebb010,0.5,3.13.13
published_qpp_pdcsap_all,published_qpp,PDCSAP_FLUX,finite_all,tau0_nearest_cadence_indices,regular,primary_pilot,scientific_candidate,fase0_tarea09_published_qpp_pdcsap_all.csv,e55949806744c1bc2e5e85d9e09a2a26775abc862dcbc8f82e2f5e4dca52040f,6,M0,pow_const,OK,0.16852320000180043,15,20.002015408681473,20.00201546761673,20.002015411487914,20.002015389036387,20.00201546761673,5.893525667488575e-08,7,7,0.0033329974652642987,0.02333098225685009,0.025,-6.152627145890133,16.197074589890892,1.9973164553438385,0.15340023976031616,,"[-0.23033378743614105,6.0,-0.22191253832106778]",True,"[{""parameter_index"":1,""side"":""upper"",""value"":6.0,""bound"":6.0,""absolute_distance"":0.0}]",0,[],[],,17.01318245547295,14.57959112567877,True,selection_reproduced,3.230378587204541e-05,4.7139760573714886e-05,1.845472951345073e-06,-1.0743212310870831e-06,ba303fa13dda064e6d18d06e9d7e75f03039717a02f78b0590ffdcb7ca396149,07d3b54ec0fdc1225638339b73a06dae07dbd5367b724b5a32359fa47942cf31,6aceac9518fc8056052807e666da9d0c8bebb010,0.5,3.13.13
published_qpp_pdcsap_all,published_qpp,PDCSAP_FLUX,finite_all,tau0_nearest_cadence_indices,regular,primary_pilot,scientific_candidate,fase0_tarea09_published_qpp_pdcsap_all.csv,e55949806744c1bc2e5e85d9e09a2a26775abc862dcbc8f82e2f5e4dca52040f,6,M1,pow_const_gauss,OK,0.574152100016363,15,20.002015408681473,20.00201546761673,20.002015411487914,20.002015389036387,20.00201546761673,5.893525667488575e-08,7,7,0.0033329974652642987,0.02333098225685009,0.025,5.272829305429313,-0.8161078655820599,0.8658058467819107,0.2781903810219946,68.52765107621413,"[1.289408771754091,4.6800864275859295,-20.0,0.21401538864329506,-4.227237329163434,0.10699029983553894]",True,"[{""parameter_index"":2,""side"":""lower"",""value"":-20.0,""bound"":-20.0,""absolute_distance"":0.0}]",0,[],[],,17.01318245547295,14.57959112567877,True,selection_reproduced,3.230378587204541e-05,4.7139760573714886e-05,1.845472951345073e-06,-1.0743212310870831e-06,ba303fa13dda064e6d18d06e9d7e75f03039717a02f78b0590ffdcb7ca396149,07d3b54ec0fdc1225638339b73a06dae07dbd5367b724b5a32359fa47942cf31,6aceac9518fc8056052807e666da9d0c8bebb010,0.5,3.13.13
published_qpp_pdcsap_all,published_qpp,PDCSAP_FLUX,finite_all,tau0_nearest_cadence_indices,regular,primary_pilot,scientific_candidate,fase0_tarea09_published_qpp_pdcsap_all.csv,e55949806744c1bc2e5e85d9e09a2a26775abc862dcbc8f82e2f5e4dca52040f,6,M2,bpow_const,OK,0.4426254999998491,15,20.002015408681473,20.00201546761673,20.002015411487914,20.002015389036387,20.00201546761673,5.893525667488575e-08,7,7,0.0033329974652642987,0.02333098225685009,0.025,-2.989921331937728,13.76348326009671,3.2500381229646966,0.0817246818514885,,"[-4.4661321215464875,1.0,0.01666498099625347,9.0,-19.46145009297502]",True,"[{""parameter_index"":1,""side"":""lower"",""value"":1.0,""bound"":1.0,""absolute_distance"":0.0},{""parameter_index"":3,""side"":""upper"",""value"":9.0,""bound"":9.0,""absolute_distance"":0.0}]",1,"[""RuntimeWarning: overflow encountered in exp""]","[{""category"":""RuntimeWarning"",""message"":""overflow encountered in exp"",""filename"":""afino_spectral_models.py"",""lineno"":31}]",,17.01318245547295,14.57959112567877,True,selection_reproduced,3.230378587204541e-05,4.7139760573714886e-05,1.845472951345073e-06,-1.0743212310870831e-06,ba303fa13dda064e6d18d06e9d7e75f03039717a02f78b0590ffdcb7ca396149,07d3b54ec0fdc1225638339b73a06dae07dbd5367b724b5a32359fa47942cf31,6aceac9518fc8056052807e666da9d0c8bebb010,0.5,3.13.13
published_qpp_pdcsap_all,published_qpp,PDCSAP_FLUX,finite_all,tau0_nearest_cadence_indices,regular,primary_pilot,scientific_candidate,fase0_tarea09_published_qpp_pdcsap_all.csv,e55949806744c1bc2e5e85d9e09a2a26775abc862dcbc8f82e2f5e4dca52040f,7,M0,pow_const,OK,0.1611403999850154,15,20.002015408681473,20.00201546761673,20.002015411487914,20.002015389036387,20.00201546761673,5.893525667488575e-08,7,7,0.0033329974652642987,0.02333098225685009,0.025,-6.15262714589011,16.197074589890846,1.9973164629697768,0.15340023888290266,,"[-0.2303344354979355,6.0,-0.22191253955516144]",True,"[{""parameter_index"":1,""side"":""upper"",""value"":6.0,""bound"":6.0,""absolute_distance"":0.0}]",0,[],[],,17.01318245521299,14.579593789985603,True,selection_reproduced,3.6324680095845e-05,5.3007307856034226e-05,1.8452129921797678e-06,1.5899856027346004e-06,ba303fa13dda064e6d18d06e9d7e75f03039717a02f78b0590ffdcb7ca396149,07d3b54ec0fdc1225638339b73a06dae07dbd5367b724b5a32359fa47942cf31,6aceac9518fc8056052807e666da9d0c8bebb010,0.5,3.13.13
published_qpp_pdcsap_all,published_qpp,PDCSAP_FLUX,finite_all,tau0_nearest_cadence_indices,regular,primary_pilot,scientific_candidate,fase0_tarea09_published_qpp_pdcsap_all.csv,e55949806744c1bc2e5e85d9e09a2a26775abc862dcbc8f82e2f5e4dca52040f,7,M1,pow_const_gauss,OK,0.7533632999984547,15,20.002015408681473,20.00201546761673,20.002015411487914,20.002015389036387,20.00201546761673,5.893525667488575e-08,7,7,0.0033329974652642987,0.02333098225685009,0.025,5.272829305299356,-0.816107865322147,0.8657986009416594,0.278191649039874,68.5277197046801,"[1.2894105179898376,4.680087772789302,-20.0,0.21401387119244872,-4.227238330634089,0.10699070004089654]",True,"[{""parameter_index"":2,""side"":""lower"",""value"":-20.0,""bound"":-20.0,""absolute_distance"":0.0}]",0,[],[],,17.01318245521299,14.579593789985603,True,selection_reproduced,3.6324680095845e-05,5.3007307856034226e-05,1.8452129921797678e-06,1.5899856027346004e-06,ba303fa13dda064e6d18d06e9d7e75f03039717a02f78b0590ffdcb7ca396149,07d3b54ec0fdc1225638339b73a06dae07dbd5367b724b5a32359fa47942cf31,6aceac9518fc8056052807e666da9d0c8bebb010,0.5,3.13.13
published_qpp_pdcsap_all,published_qpp,PDCSAP_FLUX,finite_all,tau0_nearest_cadence_indices,regular,primary_pilot,scientific_candidate,fase0_tarea09_published_qpp_pdcsap_all.csv,e55949806744c1bc2e5e85d9e09a2a26775abc862dcbc8f82e2f5e4dca52040f,7,M2,bpow_const,OK,0.45854429999599233,15,20.002015408681473,20.00201546761673,20.002015411487914,20.002015389036387,20.00201546761673,5.893525667488575e-08,7,7,0.0033329974652642987,0.02333098225685009,0.025,-2.989922664221101,13.763485924663456,3.248933176907452,0.08177035676884482,,"[-4.465961088361066,1.0,0.01666497518374475,9.0,-17.383451173306895]",True,"[{""parameter_index"":1,""side"":""lower"",""value"":1.0,""bound"":1.0,""absolute_distance"":0.0},{""parameter_index"":3,""side"":""upper"",""value"":9.0,""bound"":9.0,""absolute_distance"":0.0}]",0,[],[],,17.01318245521299,14.579593789985603,True,selection_reproduced,3.6324680095845e-05,5.3007307856034226e-05,1.8452129921797678e-06,1.5899856027346004e-06,ba303fa13dda064e6d18d06e9d7e75f03039717a02f78b0590ffdcb7ca396149,07d3b54ec0fdc1225638339b73a06dae07dbd5367b724b5a32359fa47942cf31,6aceac9518fc8056052807e666da9d0c8bebb010,0.5,3.13.13
published_qpp_pdcsap_all,published_qpp,PDCSAP_FLUX,finite_all,tau0_nearest_cadence_indices,regular,primary_pilot,scientific_candidate,fase0_tarea09_published_qpp_pdcsap_all.csv,e55949806744c1bc2e5e85d9e09a2a26775abc862dcbc8f82e2f5e4dca52040f,8,M0,pow_const,OK,0.18559139998978935,15,20.002015408681473,20.00201546761673,20.002015411487914,20.002015389036387,20.00201546761673,5.893525667488575e-08,7,7,0.0033329974652642987,0.02333098225685009,0.025,-6.15262714589014,16.197074589890907,1.9973165230543017,0.15340023196978234,,"[-0.23033372119752457,6.0,-0.22191255535832322]",True,"[{""parameter_index"":1,""side"":""upper"",""value"":6.0,""bound"":6.0,""absolute_distance"":0.0}]",0,[],[],,17.01318245552064,14.579591800966398,True,selection_reproduced,7.158640343618572e-06,1.0446348089607012e-05,1.8455206394207835e-06,-3.99033602604959e-07,ba303fa13dda064e6d18d06e9d7e75f03039717a02f78b0590ffdcb7ca396149,07d3b54ec0fdc1225638339b73a06dae07dbd5367b724b5a32359fa47942cf31,6aceac9518fc8056052807e666da9d0c8bebb010,0.5,3.13.13
published_qpp_pdcsap_all,published_qpp,PDCSAP_FLUX,finite_all,tau0_nearest_cadence_indices,regular,primary_pilot,scientific_candidate,fase0_tarea09_published_qpp_pdcsap_all.csv,e55949806744c1bc2e5e85d9e09a2a26775abc862dcbc8f82e2f5e4dca52040f,8,M1,pow_const_gauss,OK,0.5435735999781173,15,20.002015408681473,20.00201546761673,20.002015411487914,20.002015389036387,20.00201546761673,5.893525667488575e-08,7,7,0.0033329974652642987,0.02333098225685009,0.025,5.272829305453149,-0.816107865629732,0.8658057794752443,0.27819039280057534,68.52767622135966,"[1.2894079415393433,4.680087654458709,-20.0,0.21401617982137786,-4.2272376960976645,0.10699042831164439]",True,"[{""parameter_index"":2,""side"":""lower"",""value"":-20.0,""bound"":-20.0,""absolute_distance"":0.0}]",0,[],[],,17.01318245552064,14.579591800966398,True,selection_reproduced,7.158640343618572e-06,1.0446348089607012e-05,1.8455206394207835e-06,-3.99033602604959e-07,ba303fa13dda064e6d18d06e9d7e75f03039717a02f78b0590ffdcb7ca396149,07d3b54ec0fdc1225638339b73a06dae07dbd5367b724b5a32359fa47942cf31,6aceac9518fc8056052807e666da9d0c8bebb010,0.5,3.13.13
published_qpp_pdcsap_all,published_qpp,PDCSAP_FLUX,finite_all,tau0_nearest_cadence_indices,regular,primary_pilot,scientific_candidate,fase0_tarea09_published_qpp_pdcsap_all.csv,e55949806744c1bc2e5e85d9e09a2a26775abc862dcbc8f82e2f5e4dca52040f,8,M2,bpow_const,OK,0.4502531999896746,15,20.002015408681473,20.00201546761673,20.002015411487914,20.002015389036387,20.00201546761673,5.893525667488575e-08,7,7,0.0033329974652642987,0.02333098225685009,0.025,-2.989921669557707,13.763483935336666,3.2488433721052994,0.08177407026893392,,"[-4.465947989313373,1.0,0.016664979275012107,9.0,-18.299432037047602]",True,"[{""parameter_index"":1,""side"":""lower"",""value"":1.0,""bound"":1.0,""absolute_distance"":0.0},{""parameter_index"":3,""side"":""upper"",""value"":9.0,""bound"":9.0,""absolute_distance"":0.0}]",4,"[""RuntimeWarning: overflow encountered in exp""]","[{""category"":""RuntimeWarning"",""message"":""overflow encountered in exp"",""filename"":""afino_spectral_models.py"",""lineno"":72},{""category"":""RuntimeWarning"",""message"":""overflow encountered in exp"",""filename"":""afino_spectral_models.py"",""lineno"":73},{""category"":""RuntimeWarning"",""message"":""overflow encountered in exp"",""filename"":""afino_spectral_models.py"",""lineno"":72},{""category"":""RuntimeWarning"",""message"":""overflow encountered in exp"",""filename"":""afino_spectral_models.py"",""lineno"":73}]",,17.01318245552064,14.579591800966398,True,selection_reproduced,7.158640343618572e-06,1.0446348089607012e-05,1.8455206394207835e-06,-3.99033602604959e-07,ba303fa13dda064e6d18d06e9d7e75f03039717a02f78b0590ffdcb7ca396149,07d3b54ec0fdc1225638339b73a06dae07dbd5367b724b5a32359fa47942cf31,6aceac9518fc8056052807e666da9d0c8bebb010,0.5,3.13.13
published_qpp_pdcsap_all,published_qpp,PDCSAP_FLUX,finite_all,tau0_nearest_cadence_indices,regular,primary_pilot,scientific_candidate,fase0_tarea09_published_qpp_pdcsap_all.csv,e55949806744c1bc2e5e85d9e09a2a26775abc862dcbc8f82e2f5e4dca52040f,9,M0,pow_const,OK,0.14838100000633858,15,20.002015408681473,20.00201546761673,20.002015411487914,20.002015389036387,20.00201546761673,5.893525667488575e-08,7,7,0.0033329974652642987,0.02333098225685009,0.025,-6.152627145890207,16.19707458989104,1.997316446518167,0.15340024077576872,,"[-0.23033335684193015,6.0,-0.2219125365591579]",True,"[{""parameter_index"":1,""side"":""upper"",""value"":6.0,""bound"":6.0,""absolute_distance"":0.0}]",0,[],[],,17.013182432968936,14.579591724886857,True,selection_reproduced,0.0003321075619453495,0.00048463269961096636,1.8229689366933144e-06,-4.751131434943545e-07,ba303fa13dda064e6d18d06e9d7e75f03039717a02f78b0590ffdcb7ca396149,07d3b54ec0fdc1225638339b73a06dae07dbd5367b724b5a32359fa47942cf31,6aceac9518fc8056052807e666da9d0c8bebb010,0.5,3.13.13
published_qpp_pdcsap_all,published_qpp,PDCSAP_FLUX,finite_all,tau0_nearest_cadence_indices,regular,primary_pilot,scientific_candidate,fase0_tarea09_published_qpp_pdcsap_all.csv,e55949806744c1bc2e5e85d9e09a2a26775abc862dcbc8f82e2f5e4dca52040f,9,M1,pow_const_gauss,OK,0.5033800000092015,15,20.002015408681473,20.00201546761673,20.002015411487914,20.002015389036387,20.00201546761673,5.893525667488575e-08,7,7,0.0033329974652642987,0.02333098225685009,0.025,5.27282929417723,-0.8161078430778943,0.8657271775852524,0.27820414863501997,68.52735127243805,"[1.289495164153564,4.680085134161471,-20.0,0.21406062419224123,-4.227232954222411,0.10698829518724694]",True,"[{""parameter_index"":2,""side"":""lower"",""value"":-20.0,""bound"":-20.0,""absolute_distance"":0.0}]",0,[],[],,17.013182432968936,14.579591724886857,True,selection_reproduced,0.0003321075619453495,0.00048463269961096636,1.8229689366933144e-06,-4.751131434943545e-07,ba303fa13dda064e6d18d06e9d7e75f03039717a02f78b0590ffdcb7ca396149,07d3b54ec0fdc1225638339b73a06dae07dbd5367b724b5a32359fa47942cf31,6aceac9518fc8056052807e666da9d0c8bebb010,0.5,3.13.13
published_qpp_pdcsap_all,published_qpp,PDCSAP_FLUX,finite_all,tau0_nearest_cadence_indices,regular,primary_pilot,scientific_candidate,fase0_tarea09_published_qpp_pdcsap_all.csv,e55949806744c1bc2e5e85d9e09a2a26775abc862dcbc8f82e2f5e4dca52040f,9,M2,bpow_const,OK,0.32631569998920895,15,20.002015408681473,20.00201546761673,20.002015411487914,20.002015389036387,20.00201546761673,5.893525667488575e-08,7,7,0.0033329974652642987,0.02333098225685009,0.025,-2.9899216427938553,13.763483881808963,3.248819745660637,0.0817750472726761,,"[-4.465943954499639,1.000000000000094,0.01666497714034951,8.99999999999948,-20.65325913731934]",True,"[{""parameter_index"":1,""side"":""lower"",""value"":1.000000000000094,""bound"":1.0,""absolute_distance"":9.392486788328824e-14},{""parameter_index"":3,""side"":""upper"",""value"":8.99999999999948,""bound"":9.0,""absolute_distance"":5.204725539442734e-13}]",0,[],[],,17.013182432968936,14.579591724886857,True,selection_reproduced,0.0003321075619453495,0.00048463269961096636,1.8229689366933144e-06,-4.751131434943545e-07,ba303fa13dda064e6d18d06e9d7e75f03039717a02f78b0590ffdcb7ca396149,07d3b54ec0fdc1225638339b73a06dae07dbd5367b724b5a32359fa47942cf31,6aceac9518fc8056052807e666da9d0c8bebb010,0.5,3.13.13
published_qpp_sap_all,published_qpp,SAP_FLUX,finite_all,tau0_nearest_cadence_indices,regular,predeclared_comparison,scientific_candidate,fase0_tarea09_published_qpp_sap_all.csv,9549b87917198e1ab88a5018d62eb89ea90fa72c4bc986de4218d1a1bce996fd,0,M0,pow_const,OK,0.19696650002151728,15,20.002015408681473,20.00201546761673,20.002015411487914,20.002015389036387,20.00201546761673,5.893525667488575e-08,7,7,0.0033329974652642987,0.02333098225685009,0.025,-6.778107950161165,17.448036198432956,0.40015580848425336,0.5727641897305542,,"[1.2537998798125705,1.0555224549222304,-19.24377103244815]",False,[],0,[],[],,-3.556217930195764,0.011977476849182267,False,selection_not_reproduced,,,-20.569398540195763,-14.567614723150818,ba303fa13dda064e6d18d06e9d7e75f03039717a02f78b0590ffdcb7ca396149,07d3b54ec0fdc1225638339b73a06dae07dbd5367b724b5a32359fa47942cf31,6aceac9518fc8056052807e666da9d0c8bebb010,0.5,3.13.13
published_qpp_sap_all,published_qpp,SAP_FLUX,finite_all,tau0_nearest_cadence_indices,regular,predeclared_comparison,scientific_candidate,fase0_tarea09_published_qpp_sap_all.csv,9549b87917198e1ab88a5018d62eb89ea90fa72c4bc986de4218d1a1bce996fd,0,M1,pow_const_gauss,OK,0.6752061999868602,15,20.002015408681473,20.00201546761673,20.002015411487914,20.002015389036387,20.00201546761673,5.893525667488575e-08,7,7,0.0033329974652642987,0.02333098225685009,0.025,-5.637351691676077,21.00425412862872,0.042428305634456646,0.6466881069536269,140.05949080934252,"[-0.18931008233395455,0.3584758745508185,-16.907132564915717,0.5593269310823159,-4.9420672667027175,0.25]",True,"[{""parameter_index"":5,""side"":""upper"",""value"":0.25,""bound"":0.25,""absolute_distance"":0.0}]",0,[],[],,-3.556217930195764,0.011977476849182267,False,selection_not_reproduced,,,-20.569398540195763,-14.567614723150818,ba303fa13dda064e6d18d06e9d7e75f03039717a02f78b0590ffdcb7ca396149,07d3b54ec0fdc1225638339b73a06dae07dbd5367b724b5a32359fa47942cf31,6aceac9518fc8056052807e666da9d0c8bebb010,0.5,3.13.13
published_qpp_sap_all,published_qpp,SAP_FLUX,finite_all,tau0_nearest_cadence_indices,regular,predeclared_comparison,scientific_candidate,fase0_tarea09_published_qpp_sap_all.csv,9549b87917198e1ab88a5018d62eb89ea90fa72c4bc986de4218d1a1bce996fd,0,M2,bpow_const,OK,0.32362740000826307,15,20.002015408681473,20.00201546761673,20.002015411487914,20.002015389036387,20.00201546761673,5.893525667488575e-08,7,7,0.0033329974652642987,0.02333098225685009,0.025,-6.616295504628325,21.016231605477902,0.4158151965040309,0.46240463155926226,,"[-4.32576178869349,1.0000000000000018,0.009999000511039167,1.6598631736930525,-5.635794632867043]",True,"[{""parameter_index"":1,""side"":""lower"",""value"":1.0000000000000018,""bound"":1.0,""absolute_distance"":1.7763568394002505e-15}]",2,"[""RuntimeWarning: overflow encountered in exp""]","[{""category"":""RuntimeWarning"",""message"":""overflow encountered in exp"",""filename"":""afino_spectral_models.py"",""lineno"":72},{""category"":""RuntimeWarning"",""message"":""overflow encountered in exp"",""filename"":""afino_spectral_models.py"",""lineno"":73}]",,-3.556217930195764,0.011977476849182267,False,selection_not_reproduced,,,-20.569398540195763,-14.567614723150818,ba303fa13dda064e6d18d06e9d7e75f03039717a02f78b0590ffdcb7ca396149,07d3b54ec0fdc1225638339b73a06dae07dbd5367b724b5a32359fa47942cf31,6aceac9518fc8056052807e666da9d0c8bebb010,0.5,3.13.13
published_qpp_sap_all,published_qpp,SAP_FLUX,finite_all,tau0_nearest_cadence_indices,regular,predeclared_comparison,scientific_candidate,fase0_tarea09_published_qpp_sap_all.csv,9549b87917198e1ab88a5018d62eb89ea90fa72c4bc986de4218d1a1bce996fd,1,M0,pow_const,OK,0.22923930000979453,15,20.002015408681473,20.00201546761673,20.002015411487914,20.002015389036387,20.00201546761673,5.893525667488575e-08,7,7,0.0033329974652642987,0.02333098225685009,0.025,-6.778107949128184,17.448036196366996,0.40015693073439124,0.5727635494707985,,"[1.253798760679365,1.0555229056751072,-20.0]",True,"[{""parameter_index"":2,""side"":""lower"",""value"":-20.0,""bound"":-20.0,""absolute_distance"":0.0}]",0,[],[],,-3.556217840347358,-0.21301662764872376,False,selection_not_reproduced,,,-20.569398450347357,-14.792608827648724,ba303fa13dda064e6d18d06e9d7e75f03039717a02f78b0590ffdcb7ca396149,07d3b54ec0fdc1225638339b73a06dae07dbd5367b724b5a32359fa47942cf31,6aceac9518fc8056052807e666da9d0c8bebb010,0.5,3.13.13
published_qpp_sap_all,published_qpp,SAP_FLUX,finite_all,tau0_nearest_cadence_indices,regular,predeclared_comparison,scientific_candidate,fase0_tarea09_published_qpp_sap_all.csv,9549b87917198e1ab88a5018d62eb89ea90fa72c4bc986de4218d1a1bce996fd,1,M1,pow_const_gauss,OK,0.5859677999978885,15,20.002015408681473,20.00201546761673,20.002015411487914,20.002015389036387,20.00201546761673,5.893525667488575e-08,7,7,0.0033329974652642987,0.02333098225685009,0.025,-5.637351645718894,21.004254036714354,0.04242156165154397,0.6467020288463058,140.0537921836603,"[-0.18942857557280404,0.35836269499471535,-17.765249386785616,0.5593953370436147,-4.942026578695193,0.25]",True,"[{""parameter_index"":5,""side"":""upper"",""value"":0.25,""bound"":0.25,""absolute_distance"":0.0}]",0,[],[],,-3.556217840347358,-0.21301662764872376,False,selection_not_reproduced,,,-20.569398450347357,-14.792608827648724,ba303fa13dda064e6d18d06e9d7e75f03039717a02f78b0590ffdcb7ca396149,07d3b54ec0fdc1225638339b73a06dae07dbd5367b724b5a32359fa47942cf31,6aceac9518fc8056052807e666da9d0c8bebb010,0.5,3.13.13
published_qpp_sap_all,published_qpp,SAP_FLUX,finite_all,tau0_nearest_cadence_indices,regular,predeclared_comparison,scientific_candidate,fase0_tarea09_published_qpp_sap_all.csv,9549b87917198e1ab88a5018d62eb89ea90fa72c4bc986de4218d1a1bce996fd,1,M2,bpow_const,OK,0.447765699995216,15,20.002015408681473,20.00201546761673,20.002015411487914,20.002015389036387,20.00201546761673,5.893525667488575e-08,7,7,0.0033329974652642987,0.02333098225685009,0.025,-6.503798406422189,20.79123740906563,0.400063217780424,0.46931883990013723,,"[-4.575941841515043,1.0,0.00999919747693207,4.8235232664741226,-0.8957455924865401]",True,"[{""parameter_index"":1,""side"":""lower"",""value"":1.0,""bound"":1.0,""absolute_distance"":0.0}]",2,"[""RuntimeWarning: overflow encountered in exp""]","[{""category"":""RuntimeWarning"",""message"":""overflow encountered in exp"",""filename"":""afino_spectral_models.py"",""lineno"":72},{""category"":""RuntimeWarning"",""message"":""overflow encountered in exp"",""filename"":""afino_spectral_models.py"",""lineno"":73}]",,-3.556217840347358,-0.21301662764872376,False,selection_not_reproduced,,,-20.569398450347357,-14.792608827648724,ba303fa13dda064e6d18d06e9d7e75f03039717a02f78b0590ffdcb7ca396149,07d3b54ec0fdc1225638339b73a06dae07dbd5367b724b5a32359fa47942cf31,6aceac9518fc8056052807e666da9d0c8bebb010,0.5,3.13.13
published_qpp_sap_all,published_qpp,SAP_FLUX,finite_all,tau0_nearest_cadence_indices,regular,predeclared_comparison,scientific_candidate,fase0_tarea09_published_qpp_sap_all.csv,9549b87917198e1ab88a5018d62eb89ea90fa72c4bc986de4218d1a1bce996fd,2,M0,pow_const,OK,0.19126259998301975,15,20.002015408681473,20.00201546761673,20.002015411487914,20.002015389036387,20.00201546761673,5.893525667488575e-08,7,7,0.0033329974652642987,0.02333098225685009,0.025,-6.77810794942771,17.448036196966047,0.4001629361201493,0.5727601233313994,,"[1.2537856307955582,1.0555139182671074,-19.773912202526873]",False,[],0,[],[],,-3.5562178533101623,-0.2124723161637725,False,selection_not_reproduced,,,-20.56939846331016,-14.792064516163773,ba303fa13dda064e6d18d06e9d7e75f03039717a02f78b0590ffdcb7ca396149,07d3b54ec0fdc1225638339b73a06dae07dbd5367b724b5a32359fa47942cf31,6aceac9518fc8056052807e666da9d0c8bebb010,0.5,3.13.13
published_qpp_sap_all,published_qpp,SAP_FLUX,finite_all,tau0_nearest_cadence_indices,regular,predeclared_comparison,scientific_candidate,fase0_tarea09_published_qpp_sap_all.csv,9549b87917198e1ab88a5018d62eb89ea90fa72c4bc986de4218d1a1bce996fd,2,M1,pow_const_gauss,OK,0.5730684000009205,15,20.002015408681473,20.00201546761673,20.002015411487914,20.002015389036387,20.00201546761673,5.893525667488575e-08,7,7,0.0033329974652642987,0.02333098225685009,0.025,-5.637351652499821,21.00425405027621,0.04242639490841213,0.6466920511763193,140.05271213324738,"[-0.18942169998204356,0.35840273461249905,-20.0,0.5594320250647842,-4.9420188669827105,0.25]",True,"[{""parameter_index"":2,""side"":""lower"",""value"":-20.0,""bound"":-20.0,""absolute_distance"":0.0},{""parameter_index"":5,""side"":""upper"",""value"":0.25,""bound"":0.25,""absolute_distance"":0.0}]",0,[],[],,-3.5562178533101623,-0.2124723161637725,False,selection_not_reproduced,,,-20.56939846331016,-14.792064516163773,ba303fa13dda064e6d18d06e9d7e75f03039717a02f78b0590ffdcb7ca396149,07d3b54ec0fdc1225638339b73a06dae07dbd5367b724b5a32359fa47942cf31,6aceac9518fc8056052807e666da9d0c8bebb010,0.5,3.13.13
published_qpp_sap_all,published_qpp,SAP_FLUX,finite_all,tau0_nearest_cadence_indices,regular,predeclared_comparison,scientific_candidate,fase0_tarea09_published_qpp_sap_all.csv,9549b87917198e1ab88a5018d62eb89ea90fa72c4bc986de4218d1a1bce996fd,2,M2,bpow_const,OK,0.37900690000969917,15,20.002015408681473,20.00201546761673,20.002015411487914,20.002015389036387,20.00201546761673,5.893525667488575e-08,7,7,0.0033329974652642987,0.02333098225685009,0.025,-6.5040705689455915,20.791781734112437,0.4123507484343508,0.46390760649197327,,"[-4.600875685736282,1.0,0.009999252078383106,5.136344485998364,-0.8678459620978282]",True,"[{""parameter_index"":1,""side"":""lower"",""value"":1.0,""bound"":1.0,""absolute_distance"":0.0}]",0,[],[],,-3.5562178533101623,-0.2124723161637725,False,selection_not_reproduced,,,-20.56939846331016,-14.792064516163773,ba303fa13dda064e6d18d06e9d7e75f03039717a02f78b0590ffdcb7ca396149,07d3b54ec0fdc1225638339b73a06dae07dbd5367b724b5a32359fa47942cf31,6aceac9518fc8056052807e666da9d0c8bebb010,0.5,3.13.13
published_qpp_sap_all,published_qpp,SAP_FLUX,finite_all,tau0_nearest_cadence_indices,regular,predeclared_comparison,scientific_candidate,fase0_tarea09_published_qpp_sap_all.csv,9549b87917198e1ab88a5018d62eb89ea90fa72c4bc986de4218d1a1bce996fd,3,M0,pow_const,OK,0.1846001999801956,15,20.002015408681473,20.00201546761673,20.002015411487914,20.002015389036387,20.00201546761673,5.893525667488575e-08,7,7,0.0033329974652642987,0.02333098225685009,0.025,-6.778107949132204,17.448036196375035,0.40015623713883647,0.5727639451768508,,"[1.253796002618976,1.0555171153168228,-19.95918863889388]",False,[],0,[],[],,-3.5562178511368217,0.01323855178641864,False,selection_not_reproduced,,,-20.56939846113682,-14.566353648213582,ba303fa13dda064e6d18d06e9d7e75f03039717a02f78b0590ffdcb7ca396149,07d3b54ec0fdc1225638339b73a06dae07dbd5367b724b5a32359fa47942cf31,6aceac9518fc8056052807e666da9d0c8bebb010,0.5,3.13.13
published_qpp_sap_all,published_qpp,SAP_FLUX,finite_all,tau0_nearest_cadence_indices,regular,predeclared_comparison,scientific_candidate,fase0_tarea09_published_qpp_sap_all.csv,9549b87917198e1ab88a5018d62eb89ea90fa72c4bc986de4218d1a1bce996fd,3,M1,pow_const_gauss,OK,0.45768770002177916,15,20.002015408681473,20.00201546761673,20.002015411487914,20.002015389036387,20.00201546761673,5.893525667488575e-08,7,7,0.0033329974652642987,0.02333098225685009,0.025,-5.637351651117646,21.004254047511857,0.0424216978542748,0.6467017476605215,140.0536297770648,"[-0.18942880934745993,0.35836423272394047,-14.56102786300459,0.55939470990673,-4.942025419092964,0.25]",True,"[{""parameter_index"":5,""side"":""upper"",""value"":0.25,""bound"":0.25,""absolute_distance"":0.0}]",0,[],[],,-3.5562178511368217,0.01323855178641864,False,selection_not_reproduced,,,-20.56939846113682,-14.566353648213582,ba303fa13dda064e6d18d06e9d7e75f03039717a02f78b0590ffdcb7ca396149,07d3b54ec0fdc1225638339b73a06dae07dbd5367b724b5a32359fa47942cf31,6aceac9518fc8056052807e666da9d0c8bebb010,0.5,3.13.13
published_qpp_sap_all,published_qpp,SAP_FLUX,finite_all,tau0_nearest_cadence_indices,regular,predeclared_comparison,scientific_candidate,fase0_tarea09_published_qpp_sap_all.csv,9549b87917198e1ab88a5018d62eb89ea90fa72c4bc986de4218d1a1bce996fd,3,M2,bpow_const,OK,0.27117469999939203,15,20.002015408681473,20.00201546761673,20.002015411487914,20.002015389036387,20.00201546761673,5.893525667488575e-08,7,7,0.0033329974652642987,0.02333098225685009,0.025,-6.616926001538512,21.017492599298276,0.4160735160823164,0.46229295734909426,,"[-4.324783255396615,1.0,0.009998986351053809,1.6527627743103055,-6.517024950152245]",True,"[{""parameter_index"":1,""side"":""lower"",""value"":1.0,""bound"":1.0,""absolute_distance"":0.0}]",0,[],[],,-3.5562178511368217,0.01323855178641864,False,selection_not_reproduced,,,-20.56939846113682,-14.566353648213582,ba303fa13dda064e6d18d06e9d7e75f03039717a02f78b0590ffdcb7ca396149,07d3b54ec0fdc1225638339b73a06dae07dbd5367b724b5a32359fa47942cf31,6aceac9518fc8056052807e666da9d0c8bebb010,0.5,3.13.13
published_qpp_sap_all,published_qpp,SAP_FLUX,finite_all,tau0_nearest_cadence_indices,regular,predeclared_comparison,scientific_candidate,fase0_tarea09_published_qpp_sap_all.csv,9549b87917198e1ab88a5018d62eb89ea90fa72c4bc986de4218d1a1bce996fd,4,M0,pow_const,OK,0.1985114999988582,15,20.002015408681473,20.00201546761673,20.002015411487914,20.002015389036387,20.00201546761673,5.893525667488575e-08,7,7,0.0033329974652642987,0.02333098225685009,0.025,-6.778107949440465,17.448036196991556,0.4001561492340615,0.5727639953277962,,"[1.2538005401316008,1.0555241888310452,-19.718211830313674]",False,[],0,[],[],,-3.556217839322475,-0.21322889775606058,False,selection_not_reproduced,,,-20.569398449322474,-14.792821097756061,ba303fa13dda064e6d18d06e9d7e75f03039717a02f78b0590ffdcb7ca396149,07d3b54ec0fdc1225638339b73a06dae07dbd5367b724b5a32359fa47942cf31,6aceac9518fc8056052807e666da9d0c8bebb010,0.5,3.13.13
published_qpp_sap_all,published_qpp,SAP_FLUX,finite_all,tau0_nearest_cadence_indices,regular,predeclared_comparison,scientific_candidate,fase0_tarea09_published_qpp_sap_all.csv,9549b87917198e1ab88a5018d62eb89ea90fa72c4bc986de4218d1a1bce996fd,4,M1,pow_const_gauss,OK,0.4820443000062369,15,20.002015408681473,20.00201546761673,20.002015411487914,20.002015389036387,20.00201546761673,5.893525667488575e-08,7,7,0.0033329974652642987,0.02333098225685009,0.025,-5.637351645518733,21.00425403631403,0.04242161287335339,0.6467019231005873,140.0537298797157,"[-0.1894304146140826,0.3583619833768812,-19.719871811917766,0.5593939678869909,-4.942026133837846,0.25]",True,"[{""parameter_index"":5,""side"":""upper"",""value"":0.25,""bound"":0.25,""absolute_distance"":0.0}]",0,[],[],,-3.556217839322475,-0.21322889775606058,False,selection_not_reproduced,,,-20.569398449322474,-14.792821097756061,ba303fa13dda064e6d18d06e9d7e75f03039717a02f78b0590ffdcb7ca396149,07d3b54ec0fdc1225638339b73a06dae07dbd5367b724b5a32359fa47942cf31,6aceac9518fc8056052807e666da9d0c8bebb010,0.5,3.13.13
published_qpp_sap_all,published_qpp,SAP_FLUX,finite_all,tau0_nearest_cadence_indices,regular,predeclared_comparison,scientific_candidate,fase0_tarea09_published_qpp_sap_all.csv,9549b87917198e1ab88a5018d62eb89ea90fa72c4bc986de4218d1a1bce996fd,4,M2,bpow_const,OK,0.35500799998408183,15,20.002015408681473,20.00201546761673,20.002015411487914,20.002015389036387,20.00201546761673,5.893525667488575e-08,7,7,0.0033329974652642987,0.02333098225685009,0.025,-6.503692271168358,20.79102513855797,0.3992511763530878,0.4696809733298013,,"[-4.5746911557168914,1.0,0.009999135567209291,4.929983375004229,-0.8937870566238871]",True,"[{""parameter_index"":1,""side"":""lower"",""value"":1.0,""bound"":1.0,""absolute_distance"":0.0}]",2,"[""RuntimeWarning: overflow encountered in exp""]","[{""category"":""RuntimeWarning"",""message"":""overflow encountered in exp"",""filename"":""afino_spectral_models.py"",""lineno"":72},{""category"":""RuntimeWarning"",""message"":""overflow encountered in exp"",""filename"":""afino_spectral_models.py"",""lineno"":73}]",,-3.556217839322475,-0.21322889775606058,False,selection_not_reproduced,,,-20.569398449322474,-14.792821097756061,ba303fa13dda064e6d18d06e9d7e75f03039717a02f78b0590ffdcb7ca396149,07d3b54ec0fdc1225638339b73a06dae07dbd5367b724b5a32359fa47942cf31,6aceac9518fc8056052807e666da9d0c8bebb010,0.5,3.13.13
published_qpp_sap_all,published_qpp,SAP_FLUX,finite_all,tau0_nearest_cadence_indices,regular,predeclared_comparison,scientific_candidate,fase0_tarea09_published_qpp_sap_all.csv,9549b87917198e1ab88a5018d62eb89ea90fa72c4bc986de4218d1a1bce996fd,5,M0,pow_const,OK,0.18591879997984506,15,20.002015408681473,20.00201546761673,20.002015411487914,20.002015389036387,20.00201546761673,5.893525667488575e-08,7,7,0.0033329974652642987,0.02333098225685009,0.025,-6.7781079490839975,17.448036196278622,0.400157072596088,0.5727634685367515,,"[1.253795693047501,1.0555182883673198,-20.0]",True,"[{""parameter_index"":2,""side"":""lower"",""value"":-20.0,""bound"":-20.0,""absolute_distance"":0.0}]",0,[],[],,-3.5562178405219242,0.009337992407871809,False,selection_not_reproduced,,,-20.569398450521923,-14.570254207592129,ba303fa13dda064e6d18d06e9d7e75f03039717a02f78b0590ffdcb7ca396149,07d3b54ec0fdc1225638339b73a06dae07dbd5367b724b5a32359fa47942cf31,6aceac9518fc8056052807e666da9d0c8bebb010,0.5,3.13.13
published_qpp_sap_all,published_qpp,SAP_FLUX,finite_all,tau0_nearest_cadence_indices,regular,predeclared_comparison,scientific_candidate,fase0_tarea09_published_qpp_sap_all.csv,9549b87917198e1ab88a5018d62eb89ea90fa72c4bc986de4218d1a1bce996fd,5,M1,pow_const_gauss,OK,0.4569762999890372,15,20.002015408681473,20.00201546761673,20.002015411487914,20.002015389036387,20.00201546761673,5.893525667488575e-08,7,7,0.0033329974652642987,0.02333098225685009,0.025,-5.63735164576199,21.004254036800546,0.04242147518964658,0.6467022073442315,140.0536600461385,"[-0.18943086756931585,0.3583607938759105,-17.60776151098321,0.5593922140376062,-4.942025635217819,0.25]",True,"[{""parameter_index"":5,""side"":""upper"",""value"":0.25,""bound"":0.25,""absolute_distance"":0.0}]",0,[],[],,-3.5562178405219242,0.009337992407871809,False,selection_not_reproduced,,,-20.569398450521923,-14.570254207592129,ba303fa13dda064e6d18d06e9d7e75f03039717a02f78b0590ffdcb7ca396149,07d3b54ec0fdc1225638339b73a06dae07dbd5367b724b5a32359fa47942cf31,6aceac9518fc8056052807e666da9d0c8bebb010,0.5,3.13.13
published_qpp_sap_all,published_qpp,SAP_FLUX,finite_all,tau0_nearest_cadence_indices,regular,predeclared_comparison,scientific_candidate,fase0_tarea09_published_qpp_sap_all.csv,9549b87917198e1ab88a5018d62eb89ea90fa72c4bc986de4218d1a1bce996fd,5,M2,bpow_const,OK,0.3423851999978069,15,20.002015408681473,20.00201546761673,20.002015411487914,20.002015389036387,20.00201546761673,5.893525667488575e-08,7,7,0.0033329974652642987,0.02333098225685009,0.025,-6.614975716493582,21.013592029208418,0.4157709876778264,0.4624237489187162,,"[-4.328487479845502,1.0,0.009998986370951866,1.670857718118617,-4.837730760793701]",True,"[{""parameter_index"":1,""side"":""lower"",""value"":1.0,""bound"":1.0,""absolute_distance"":0.0}]",2,"[""RuntimeWarning: overflow encountered in exp""]","[{""category"":""RuntimeWarning"",""message"":""overflow encountered in exp"",""filename"":""afino_spectral_models.py"",""lineno"":72},{""category"":""RuntimeWarning"",""message"":""overflow encountered in exp"",""filename"":""afino_spectral_models.py"",""lineno"":73}]",,-3.5562178405219242,0.009337992407871809,False,selection_not_reproduced,,,-20.569398450521923,-14.570254207592129,ba303fa13dda064e6d18d06e9d7e75f03039717a02f78b0590ffdcb7ca396149,07d3b54ec0fdc1225638339b73a06dae07dbd5367b724b5a32359fa47942cf31,6aceac9518fc8056052807e666da9d0c8bebb010,0.5,3.13.13
published_qpp_sap_all,published_qpp,SAP_FLUX,finite_all,tau0_nearest_cadence_indices,regular,predeclared_comparison,scientific_candidate,fase0_tarea09_published_qpp_sap_all.csv,9549b87917198e1ab88a5018d62eb89ea90fa72c4bc986de4218d1a1bce996fd,6,M0,pow_const,OK,0.16884960001334548,15,20.002015408681473,20.00201546761673,20.002015411487914,20.002015389036387,20.00201546761673,5.893525667488575e-08,7,7,0.0033329974652642987,0.02333098225685009,0.025,-6.77810794975354,17.448036197617707,0.40015613597748434,0.5727640028908657,,"[1.2537973163915406,1.0555190130380383,-19.461449901126166]",False,[],0,[],[],,-3.5562178399028923,-0.0397941030885427,False,selection_not_reproduced,,,-20.56939844990289,-14.619386303088543,ba303fa13dda064e6d18d06e9d7e75f03039717a02f78b0590ffdcb7ca396149,07d3b54ec0fdc1225638339b73a06dae07dbd5367b724b5a32359fa47942cf31,6aceac9518fc8056052807e666da9d0c8bebb010,0.5,3.13.13
published_qpp_sap_all,published_qpp,SAP_FLUX,finite_all,tau0_nearest_cadence_indices,regular,predeclared_comparison,scientific_candidate,fase0_tarea09_published_qpp_sap_all.csv,9549b87917198e1ab88a5018d62eb89ea90fa72c4bc986de4218d1a1bce996fd,6,M1,pow_const_gauss,OK,0.45930469999439083,15,20.002015408681473,20.00201546761673,20.002015411487914,20.002015389036387,20.00201546761673,5.893525667488575e-08,7,7,0.0033329974652642987,0.02333098225685009,0.025,-5.637351646122017,21.0042540375206,0.04242073433914022,0.6467037368186425,140.05430872967614,"[-0.1894102509488878,0.3583673449516371,-18.46127474954223,0.5594048458125683,-4.942030266885675,0.25]",True,"[{""parameter_index"":5,""side"":""upper"",""value"":0.25,""bound"":0.25,""absolute_distance"":0.0}]",0,[],[],,-3.5562178399028923,-0.0397941030885427,False,selection_not_reproduced,,,-20.56939844990289,-14.619386303088543,ba303fa13dda064e6d18d06e9d7e75f03039717a02f78b0590ffdcb7ca396149,07d3b54ec0fdc1225638339b73a06dae07dbd5367b724b5a32359fa47942cf31,6aceac9518fc8056052807e666da9d0c8bebb010,0.5,3.13.13
published_qpp_sap_all,published_qpp,SAP_FLUX,finite_all,tau0_nearest_cadence_indices,regular,predeclared_comparison,scientific_candidate,fase0_tarea09_published_qpp_sap_all.csv,9549b87917198e1ab88a5018d62eb89ea90fa72c4bc986de4218d1a1bce996fd,6,M2,bpow_const,OK,0.39073859999189153,15,20.002015408681473,20.00201546761673,20.002015411487914,20.002015389036387,20.00201546761673,5.893525667488575e-08,7,7,0.0033329974652642987,0.02333098225685009,0.025,-6.5904096691054015,20.964459934432057,0.41244890590825434,0.463864887679457,,"[-4.375826517161375,1.0,0.009998991737371975,1.9241000733439046,-2.44057620213765]",True,"[{""parameter_index"":1,""side"":""lower"",""value"":1.0,""bound"":1.0,""absolute_distance"":0.0}]",0,[],[],,-3.5562178399028923,-0.0397941030885427,False,selection_not_reproduced,,,-20.56939844990289,-14.619386303088543,ba303fa13dda064e6d18d06e9d7e75f03039717a02f78b0590ffdcb7ca396149,07d3b54ec0fdc1225638339b73a06dae07dbd5367b724b5a32359fa47942cf31,6aceac9518fc8056052807e666da9d0c8bebb010,0.5,3.13.13
published_qpp_sap_all,published_qpp,SAP_FLUX,finite_all,tau0_nearest_cadence_indices,regular,predeclared_comparison,scientific_candidate,fase0_tarea09_published_qpp_sap_all.csv,9549b87917198e1ab88a5018d62eb89ea90fa72c4bc986de4218d1a1bce996fd,7,M0,pow_const,OK,0.23496329999761656,15,20.002015408681473,20.00201546761673,20.002015411487914,20.002015389036387,20.00201546761673,5.893525667488575e-08,7,7,0.0033329974652642987,0.02333098225685009,0.025,-6.778107953837426,17.448036205785478,0.4001195816062283,0.5727848582855891,,"[1.2538540432037992,1.055536660003905,-20.0]",True,"[{""parameter_index"":2,""side"":""lower"",""value"":-20.0,""bound"":-20.0,""absolute_distance"":0.0}]",0,[],[],,-3.5562180179585283,-0.2133092645748853,False,selection_not_reproduced,,,-20.569398627958527,-14.792901464574886,ba303fa13dda064e6d18d06e9d7e75f03039717a02f78b0590ffdcb7ca396149,07d3b54ec0fdc1225638339b73a06dae07dbd5367b724b5a32359fa47942cf31,6aceac9518fc8056052807e666da9d0c8bebb010,0.5,3.13.13
published_qpp_sap_all,published_qpp,SAP_FLUX,finite_all,tau0_nearest_cadence_indices,regular,predeclared_comparison,scientific_candidate,fase0_tarea09_published_qpp_sap_all.csv,9549b87917198e1ab88a5018d62eb89ea90fa72c4bc986de4218d1a1bce996fd,7,M1,pow_const_gauss,OK,0.5118401999934576,15,20.002015408681473,20.00201546761673,20.002015411487914,20.002015389036387,20.00201546761673,5.893525667488575e-08,7,7,0.0033329974652642987,0.02333098225685009,0.025,-5.63735173923372,21.004254223744006,0.04242412226630237,0.6466967426613957,140.05427471439853,"[-0.18945024262649424,0.35837730016417935,-11.766817169734946,0.5594039636066332,-4.942030024013592,0.25]",True,"[{""parameter_index"":5,""side"":""upper"",""value"":0.25,""bound"":0.25,""absolute_distance"":0.0}]",0,[],[],,-3.5562180179585283,-0.2133092645748853,False,selection_not_reproduced,,,-20.569398627958527,-14.792901464574886,ba303fa13dda064e6d18d06e9d7e75f03039717a02f78b0590ffdcb7ca396149,07d3b54ec0fdc1225638339b73a06dae07dbd5367b724b5a32359fa47942cf31,6aceac9518fc8056052807e666da9d0c8bebb010,0.5,3.13.13
published_qpp_sap_all,published_qpp,SAP_FLUX,finite_all,tau0_nearest_cadence_indices,regular,predeclared_comparison,scientific_candidate,fase0_tarea09_published_qpp_sap_all.csv,9549b87917198e1ab88a5018d62eb89ea90fa72c4bc986de4218d1a1bce996fd,7,M2,bpow_const,OK,0.45451739997952245,15,20.002015408681473,20.00201546761673,20.002015411487914,20.002015389036387,20.00201546761673,5.893525667488575e-08,7,7,0.0033329974652642987,0.02333098225685009,0.025,-6.503652181473933,20.79094495916912,0.40000731728924227,0.46934375070388346,,"[-4.57844606913799,1.0,0.009998992253739146,5.026019593080968,-0.8824181379779256]",True,"[{""parameter_index"":1,""side"":""lower"",""value"":1.0,""bound"":1.0,""absolute_distance"":0.0}]",0,[],[],,-3.5562180179585283,-0.2133092645748853,False,selection_not_reproduced,,,-20.569398627958527,-14.792901464574886,ba303fa13dda064e6d18d06e9d7e75f03039717a02f78b0590ffdcb7ca396149,07d3b54ec0fdc1225638339b73a06dae07dbd5367b724b5a32359fa47942cf31,6aceac9518fc8056052807e666da9d0c8bebb010,0.5,3.13.13
published_qpp_sap_all,published_qpp,SAP_FLUX,finite_all,tau0_nearest_cadence_indices,regular,predeclared_comparison,scientific_candidate,fase0_tarea09_published_qpp_sap_all.csv,9549b87917198e1ab88a5018d62eb89ea90fa72c4bc986de4218d1a1bce996fd,8,M0,pow_const,OK,0.20173920001252554,15,20.002015408681473,20.00201546761673,20.002015411487914,20.002015389036387,20.00201546761673,5.893525667488575e-08,7,7,0.0033329974652642987,0.02333098225685009,0.025,-6.778107953280274,17.448036204671173,0.4001567009623697,0.572763680558932,,"[1.253796375828845,1.055518643338231,-18.29943182709697]",False,[],0,[],[],,-3.55621783209504,-0.2133070287743557,False,selection_not_reproduced,,,-20.56939844209504,-14.792899228774356,ba303fa13dda064e6d18d06e9d7e75f03039717a02f78b0590ffdcb7ca396149,07d3b54ec0fdc1225638339b73a06dae07dbd5367b724b5a32359fa47942cf31,6aceac9518fc8056052807e666da9d0c8bebb010,0.5,3.13.13
published_qpp_sap_all,published_qpp,SAP_FLUX,finite_all,tau0_nearest_cadence_indices,regular,predeclared_comparison,scientific_candidate,fase0_tarea09_published_qpp_sap_all.csv,9549b87917198e1ab88a5018d62eb89ea90fa72c4bc986de4218d1a1bce996fd,8,M1,pow_const_gauss,OK,0.48925720000988804,15,20.002015408681473,20.00201546761673,20.002015411487914,20.002015389036387,20.00201546761673,5.893525667488575e-08,7,7,0.0033329974652642987,0.02333098225685009,0.025,-5.637351645744823,21.004254036766213,0.042421590865363915,0.6467019685353361,140.0537085256304,"[-0.18942992908061937,0.35836215580081315,-17.6429244910561,0.5593936956018785,-4.94202598136717,0.25]",True,"[{""parameter_index"":5,""side"":""upper"",""value"":0.25,""bound"":0.25,""absolute_distance"":0.0}]",0,[],[],,-3.55621783209504,-0.2133070287743557,False,selection_not_reproduced,,,-20.56939844209504,-14.792899228774356,ba303fa13dda064e6d18d06e9d7e75f03039717a02f78b0590ffdcb7ca396149,07d3b54ec0fdc1225638339b73a06dae07dbd5367b724b5a32359fa47942cf31,6aceac9518fc8056052807e666da9d0c8bebb010,0.5,3.13.13
published_qpp_sap_all,published_qpp,SAP_FLUX,finite_all,tau0_nearest_cadence_indices,regular,predeclared_comparison,scientific_candidate,fase0_tarea09_published_qpp_sap_all.csv,9549b87917198e1ab88a5018d62eb89ea90fa72c4bc986de4218d1a1bce996fd,8,M2,bpow_const,OK,0.3720462000055704,15,20.002015408681473,20.00201546761673,20.002015411487914,20.002015389036387,20.00201546761673,5.893525667488575e-08,7,7,0.0033329974652642987,0.02333098225685009,0.025,-6.503653205885302,20.790947007991857,0.3990496855631276,0.46977091738723054,,"[-4.577224486665575,1.0,0.009999377234451122,5.048295843816291,-0.880878944344926]",True,"[{""parameter_index"":1,""side"":""lower"",""value"":1.0,""bound"":1.0,""absolute_distance"":0.0}]",4,"[""RuntimeWarning: overflow encountered in exp""]","[{""category"":""RuntimeWarning"",""message"":""overflow encountered in exp"",""filename"":""afino_spectral_models.py"",""lineno"":72},{""category"":""RuntimeWarning"",""message"":""overflow encountered in exp"",""filename"":""afino_spectral_models.py"",""lineno"":73},{""category"":""RuntimeWarning"",""message"":""overflow encountered in exp"",""filename"":""afino_spectral_models.py"",""lineno"":72},{""category"":""RuntimeWarning"",""message"":""overflow encountered in exp"",""filename"":""afino_spectral_models.py"",""lineno"":73}]",,-3.55621783209504,-0.2133070287743557,False,selection_not_reproduced,,,-20.56939844209504,-14.792899228774356,ba303fa13dda064e6d18d06e9d7e75f03039717a02f78b0590ffdcb7ca396149,07d3b54ec0fdc1225638339b73a06dae07dbd5367b724b5a32359fa47942cf31,6aceac9518fc8056052807e666da9d0c8bebb010,0.5,3.13.13
published_qpp_sap_all,published_qpp,SAP_FLUX,finite_all,tau0_nearest_cadence_indices,regular,predeclared_comparison,scientific_candidate,fase0_tarea09_published_qpp_sap_all.csv,9549b87917198e1ab88a5018d62eb89ea90fa72c4bc986de4218d1a1bce996fd,9,M0,pow_const,OK,0.16939949998049997,15,20.002015408681473,20.00201546761673,20.002015411487914,20.002015389036387,20.00201546761673,5.893525667488575e-08,7,7,0.0033329974652642987,0.02333098225685009,0.025,-6.778107949941868,17.448036197994362,0.40015632860724076,0.5727638929928108,,"[1.2537982779029997,1.0555209338024738,-19.354378508620556]",False,[],0,[],[],,-3.5562178391293315,-0.21327791262040918,False,selection_not_reproduced,,,-20.56939844912933,-14.79287011262041,ba303fa13dda064e6d18d06e9d7e75f03039717a02f78b0590ffdcb7ca396149,07d3b54ec0fdc1225638339b73a06dae07dbd5367b724b5a32359fa47942cf31,6aceac9518fc8056052807e666da9d0c8bebb010,0.5,3.13.13
published_qpp_sap_all,published_qpp,SAP_FLUX,finite_all,tau0_nearest_cadence_indices,regular,predeclared_comparison,scientific_candidate,fase0_tarea09_published_qpp_sap_all.csv,9549b87917198e1ab88a5018d62eb89ea90fa72c4bc986de4218d1a1bce996fd,9,M1,pow_const_gauss,OK,0.5102444999793079,15,20.002015408681473,20.00201546761673,20.002015411487914,20.002015389036387,20.00201546761673,5.893525667488575e-08,7,7,0.0033329974652642987,0.02333098225685009,0.025,-5.637351645923564,21.004254037123694,0.04242198788623075,0.6467011489019586,140.05353670490453,"[-0.1894468453869497,0.3583552126881695,-18.42613907007783,0.5594126240849296,-4.942024754546166,0.25]",True,"[{""parameter_index"":5,""side"":""upper"",""value"":0.25,""bound"":0.25,""absolute_distance"":0.0}]",0,[],[],,-3.5562178391293315,-0.21327791262040918,False,selection_not_reproduced,,,-20.56939844912933,-14.79287011262041,ba303fa13dda064e6d18d06e9d7e75f03039717a02f78b0590ffdcb7ca396149,07d3b54ec0fdc1225638339b73a06dae07dbd5367b724b5a32359fa47942cf31,6aceac9518fc8056052807e666da9d0c8bebb010,0.5,3.13.13
published_qpp_sap_all,published_qpp,SAP_FLUX,finite_all,tau0_nearest_cadence_indices,regular,predeclared_comparison,scientific_candidate,fase0_tarea09_published_qpp_sap_all.csv,9549b87917198e1ab88a5018d62eb89ea90fa72c4bc986de4218d1a1bce996fd,9,M2,bpow_const,OK,0.36760830000275746,15,20.002015408681473,20.00201546761673,20.002015411487914,20.002015389036387,20.00201546761673,5.893525667488575e-08,7,7,0.0033329974652642987,0.02333098225685009,0.025,-6.503667764141015,20.790976124503285,0.3989915120680302,0.46979689216712006,,"[-4.57562397699967,1.0000000000000089,0.00999925085584341,4.950550968164141,-0.8883816135839484]",True,"[{""parameter_index"":1,""side"":""lower"",""value"":1.0000000000000089,""bound"":1.0,""absolute_distance"":8.881784197001252e-15}]",0,[],[],,-3.5562178391293315,-0.21327791262040918,False,selection_not_reproduced,,,-20.56939844912933,-14.79287011262041,ba303fa13dda064e6d18d06e9d7e75f03039717a02f78b0590ffdcb7ca396149,07d3b54ec0fdc1225638339b73a06dae07dbd5367b724b5a32359fa47942cf31,6aceac9518fc8056052807e666da9d0c8bebb010,0.5,3.13.13
published_qpp_pdcsap_q0,published_qpp,PDCSAP_FLUX,quality_zero_only,tau0_nearest_cadence_indices,regular,predeclared_comparison,scientific_candidate,fase0_tarea09_published_qpp_pdcsap_q0.csv,e55949806744c1bc2e5e85d9e09a2a26775abc862dcbc8f82e2f5e4dca52040f,0,M0,pow_const,OK,0.16216549999080598,15,20.002015408681473,20.00201546761673,20.002015411487914,20.002015389036387,20.00201546761673,5.893525667488575e-08,7,7,0.0033329974652642987,0.02333098225685009,0.025,-6.152627145894131,16.19707458989889,1.997318287505224,0.1534000289582441,,"[-0.2303389158983838,6.0,-0.22191299209825158]",True,"[{""parameter_index"":1,""side"":""upper"",""value"":6.0,""bound"":6.0,""absolute_distance"":0.0}]",0,[],[],,17.013182448217474,14.579589696751121,True,selection_reproduced,0.00014356566721573927,0.00020950024885510622,1.8382174751252478e-06,-2.5032488792930963e-06,ba303fa13dda064e6d18d06e9d7e75f03039717a02f78b0590ffdcb7ca396149,07d3b54ec0fdc1225638339b73a06dae07dbd5367b724b5a32359fa47942cf31,6aceac9518fc8056052807e666da9d0c8bebb010,0.5,3.13.13
published_qpp_pdcsap_q0,published_qpp,PDCSAP_FLUX,quality_zero_only,tau0_nearest_cadence_indices,regular,predeclared_comparison,scientific_candidate,fase0_tarea09_published_qpp_pdcsap_q0.csv,e55949806744c1bc2e5e85d9e09a2a26775abc862dcbc8f82e2f5e4dca52040f,0,M1,pow_const_gauss,OK,0.7169162000063807,15,20.002015408681473,20.00201546761673,20.002015411487914,20.002015389036387,20.00201546761673,5.893525667488575e-08,7,7,0.0033329974652642987,0.02333098225685009,0.025,5.272829301797575,-0.8161078583185848,0.8657925059433672,0.2781927156690139,68.52753981433278,"[1.2893425442802757,4.6799870803264865,-20.0,0.2139747568402858,-4.227235705556468,0.1069902233322332]",True,"[{""parameter_index"":2,""side"":""lower"",""value"":-20.0,""bound"":-20.0,""absolute_distance"":0.0}]",0,[],[],,17.013182448217474,14.579589696751121,True,selection_reproduced,0.00014356566721573927,0.00020950024885510622,1.8382174751252478e-06,-2.5032488792930963e-06,ba303fa13dda064e6d18d06e9d7e75f03039717a02f78b0590ffdcb7ca396149,07d3b54ec0fdc1225638339b73a06dae07dbd5367b724b5a32359fa47942cf31,6aceac9518fc8056052807e666da9d0c8bebb010,0.5,3.13.13
published_qpp_pdcsap_q0,published_qpp,PDCSAP_FLUX,quality_zero_only,tau0_nearest_cadence_indices,regular,predeclared_comparison,scientific_candidate,fase0_tarea09_published_qpp_pdcsap_q0.csv,e55949806744c1bc2e5e85d9e09a2a26775abc862dcbc8f82e2f5e4dca52040f,0,M2,bpow_const,OK,0.37418899999465793,15,20.002015408681473,20.00201546761673,20.002015411487914,20.002015389036387,20.00201546761673,5.893525667488575e-08,7,7,0.0033329974652642987,0.02333098225685009,0.025,-2.989920621105642,13.763481838432536,3.2492947637742784,0.08175540677840905,,"[-4.466018780209317,1.0,0.016664986629834812,9.0,-18.874961642151522]",True,"[{""parameter_index"":1,""side"":""lower"",""value"":1.0,""bound"":1.0,""absolute_distance"":0.0},{""parameter_index"":3,""side"":""upper"",""value"":9.0,""bound"":9.0,""absolute_distance"":0.0}]",3,"[""RuntimeWarning: overflow encountered in exp""]","[{""category"":""RuntimeWarning"",""message"":""overflow encountered in exp"",""filename"":""afino_spectral_models.py"",""lineno"":72},{""category"":""RuntimeWarning"",""message"":""overflow encountered in exp"",""filename"":""afino_spectral_models.py"",""lineno"":73},{""category"":""RuntimeWarning"",""message"":""overflow encountered in exp"",""filename"":""afino_spectral_models.py"",""lineno"":31}]",,17.013182448217474,14.579589696751121,True,selection_reproduced,0.00014356566721573927,0.00020950024885510622,1.8382174751252478e-06,-2.5032488792930963e-06,ba303fa13dda064e6d18d06e9d7e75f03039717a02f78b0590ffdcb7ca396149,07d3b54ec0fdc1225638339b73a06dae07dbd5367b724b5a32359fa47942cf31,6aceac9518fc8056052807e666da9d0c8bebb010,0.5,3.13.13
published_qpp_pdcsap_q0,published_qpp,PDCSAP_FLUX,quality_zero_only,tau0_nearest_cadence_indices,regular,predeclared_comparison,scientific_candidate,fase0_tarea09_published_qpp_pdcsap_q0.csv,e55949806744c1bc2e5e85d9e09a2a26775abc862dcbc8f82e2f5e4dca52040f,1,M0,pow_const,OK,0.17258240000228398,15,20.002015408681473,20.00201546761673,20.002015411487914,20.002015389036387,20.00201546761673,5.893525667488575e-08,7,7,0.0033329974652642987,0.02333098225685009,0.025,-6.152627145890257,16.19707458989114,1.9973172348137476,0.15340015007720073,,"[-0.2303335779136549,6.0,-0.22191273387300264]",True,"[{""parameter_index"":1,""side"":""upper"",""value"":6.0,""bound"":6.0,""absolute_distance"":0.0}]",0,[],[],,17.0131824555194,14.579590674752177,True,selection_reproduced,1.2064517363796767e-05,1.7605319148024538e-05,1.8455193995237096e-06,-1.5252478231531086e-06,ba303fa13dda064e6d18d06e9d7e75f03039717a02f78b0590ffdcb7ca396149,07d3b54ec0fdc1225638339b73a06dae07dbd5367b724b5a32359fa47942cf31,6aceac9518fc8056052807e666da9d0c8bebb010,0.5,3.13.13
published_qpp_pdcsap_q0,published_qpp,PDCSAP_FLUX,quality_zero_only,tau0_nearest_cadence_indices,regular,predeclared_comparison,scientific_candidate,fase0_tarea09_published_qpp_pdcsap_q0.csv,e55949806744c1bc2e5e85d9e09a2a26775abc862dcbc8f82e2f5e4dca52040f,1,M1,pow_const_gauss,OK,0.6964186999830417,15,20.002015408681473,20.00201546761673,20.002015411487914,20.002015389036387,20.00201546761673,5.893525667488575e-08,7,7,0.0033329974652642987,0.02333098225685009,0.025,5.2728293054524125,-0.8161078656282594,0.8658046117994187,0.27819059714249583,68.52767131548264,"[1.2894083355173125,4.680086774735254,-20.0,0.2140163501058556,-4.227237624507944,0.10699040556164616]",True,"[{""parameter_index"":2,""side"":""lower"",""value"":-20.0,""bound"":-20.0,""absolute_distance"":0.0}]",0,[],[],,17.0131824555194,14.579590674752177,True,selection_reproduced,1.2064517363796767e-05,1.7605319148024538e-05,1.8455193995237096e-06,-1.5252478231531086e-06,ba303fa13dda064e6d18d06e9d7e75f03039717a02f78b0590ffdcb7ca396149,07d3b54ec0fdc1225638339b73a06dae07dbd5367b724b5a32359fa47942cf31,6aceac9518fc8056052807e666da9d0c8bebb010,0.5,3.13.13
published_qpp_pdcsap_q0,published_qpp,PDCSAP_FLUX,quality_zero_only,tau0_nearest_cadence_indices,regular,predeclared_comparison,scientific_candidate,fase0_tarea09_published_qpp_pdcsap_q0.csv,e55949806744c1bc2e5e85d9e09a2a26775abc862dcbc8f82e2f5e4dca52040f,1,M2,bpow_const,OK,0.49806000001262873,15,20.002015408681473,20.00201546761673,20.002015411487914,20.002015389036387,20.00201546761673,5.893525667488575e-08,7,7,0.0033329974652642987,0.02333098225685009,0.025,-2.989921106451332,13.763482809123918,3.2483981531132686,0.08179248322341268,,"[-4.465880628849422,1.0000000000012836,0.01666498566427453,8.999999999999298,-17.800791272862547]",True,"[{""parameter_index"":1,""side"":""lower"",""value"":1.0000000000012836,""bound"":1.0,""absolute_distance"":1.283639861071606e-12},{""parameter_index"":3,""side"":""upper"",""value"":8.999999999999298,""bound"":9.0,""absolute_distance"":7.016609515630989e-13}]",2,"[""RuntimeWarning: overflow encountered in exp""]","[{""category"":""RuntimeWarning"",""message"":""overflow encountered in exp"",""filename"":""afino_spectral_models.py"",""lineno"":72},{""category"":""RuntimeWarning"",""message"":""overflow encountered in exp"",""filename"":""afino_spectral_models.py"",""lineno"":73}]",,17.0131824555194,14.579590674752177,True,selection_reproduced,1.2064517363796767e-05,1.7605319148024538e-05,1.8455193995237096e-06,-1.5252478231531086e-06,ba303fa13dda064e6d18d06e9d7e75f03039717a02f78b0590ffdcb7ca396149,07d3b54ec0fdc1225638339b73a06dae07dbd5367b724b5a32359fa47942cf31,6aceac9518fc8056052807e666da9d0c8bebb010,0.5,3.13.13
published_qpp_pdcsap_q0,published_qpp,PDCSAP_FLUX,quality_zero_only,tau0_nearest_cadence_indices,regular,predeclared_comparison,scientific_candidate,fase0_tarea09_published_qpp_pdcsap_q0.csv,e55949806744c1bc2e5e85d9e09a2a26775abc862dcbc8f82e2f5e4dca52040f,2,M0,pow_const,OK,0.16698909999104217,15,20.002015408681473,20.00201546761673,20.002015411487914,20.002015389036387,20.00201546761673,5.893525667488575e-08,7,7,0.0033329974652642987,0.02333098225685009,0.025,-6.152627145890193,16.197074589891013,1.9973162909965805,0.15340025866955204,,"[-0.2303334699597936,6.0,-0.22191249746769395]",True,"[{""parameter_index"":1,""side"":""upper"",""value"":6.0,""bound"":6.0,""absolute_distance"":0.0}]",0,[],[],,17.013182455474325,14.579590773689791,True,selection_reproduced,2.868673163902713e-06,4.1861522561551284e-06,1.8454743262452666e-06,-1.4263102094957958e-06,ba303fa13dda064e6d18d06e9d7e75f03039717a02f78b0590ffdcb7ca396149,07d3b54ec0fdc1225638339b73a06dae07dbd5367b724b5a32359fa47942cf31,6aceac9518fc8056052807e666da9d0c8bebb010,0.5,3.13.13
published_qpp_pdcsap_q0,published_qpp,PDCSAP_FLUX,quality_zero_only,tau0_nearest_cadence_indices,regular,predeclared_comparison,scientific_candidate,fase0_tarea09_published_qpp_pdcsap_q0.csv,e55949806744c1bc2e5e85d9e09a2a26775abc862dcbc8f82e2f5e4dca52040f,2,M1,pow_const_gauss,OK,0.5818484000046737,15,20.002015408681473,20.00201546761673,20.002015411487914,20.002015389036387,20.00201546761673,5.893525667488575e-08,7,7,0.0033329974652642987,0.02333098225685009,0.025,5.272829305429939,-0.8161078655833123,0.8658071207155741,0.27819015808539577,68.52768051132684,"[1.289401220305723,4.680080537863411,-20.0,0.21401712546139007,-4.227237758699627,0.10699043091739154]",True,"[{""parameter_index"":2,""side"":""lower"",""value"":-20.0,""bound"":-20.0,""absolute_distance"":0.0}]",0,[],[],,17.013182455474325,14.579590773689791,True,selection_reproduced,2.868673163902713e-06,4.1861522561551284e-06,1.8454743262452666e-06,-1.4263102094957958e-06,ba303fa13dda064e6d18d06e9d7e75f03039717a02f78b0590ffdcb7ca396149,07d3b54ec0fdc1225638339b73a06dae07dbd5367b724b5a32359fa47942cf31,6aceac9518fc8056052807e666da9d0c8bebb010,0.5,3.13.13
published_qpp_pdcsap_q0,published_qpp,PDCSAP_FLUX,quality_zero_only,tau0_nearest_cadence_indices,regular,predeclared_comparison,scientific_candidate,fase0_tarea09_published_qpp_pdcsap_q0.csv,e55949806744c1bc2e5e85d9e09a2a26775abc862dcbc8f82e2f5e4dca52040f,2,M2,bpow_const,OK,0.3584064999886323,15,20.002015408681473,20.00201546761673,20.002015411487914,20.002015389036387,20.00201546761673,5.893525667488575e-08,7,7,0.0033329974652642987,0.02333098225685009,0.025,-2.9899211559426133,13.763482908106479,3.249140182354841,0.08176179764944373,,"[-4.465994063600887,1.0,0.01666498151973595,9.0,-19.60970657461651]",True,"[{""parameter_index"":1,""side"":""lower"",""value"":1.0,""bound"":1.0,""absolute_distance"":0.0},{""parameter_index"":3,""side"":""upper"",""value"":9.0,""bound"":9.0,""absolute_distance"":0.0}]",0,[],[],,17.013182455474325,14.579590773689791,True,selection_reproduced,2.868673163902713e-06,4.1861522561551284e-06,1.8454743262452666e-06,-1.4263102094957958e-06,ba303fa13dda064e6d18d06e9d7e75f03039717a02f78b0590ffdcb7ca396149,07d3b54ec0fdc1225638339b73a06dae07dbd5367b724b5a32359fa47942cf31,6aceac9518fc8056052807e666da9d0c8bebb010,0.5,3.13.13
published_qpp_pdcsap_q0,published_qpp,PDCSAP_FLUX,quality_zero_only,tau0_nearest_cadence_indices,regular,predeclared_comparison,scientific_candidate,fase0_tarea09_published_qpp_pdcsap_q0.csv,e55949806744c1bc2e5e85d9e09a2a26775abc862dcbc8f82e2f5e4dca52040f,3,M0,pow_const,OK,0.15945980002288707,15,20.002015408681473,20.00201546761673,20.002015411487914,20.002015389036387,20.00201546761673,5.893525667488575e-08,7,7,0.0033329974652642987,0.02333098225685009,0.025,-6.152627145890142,16.19707458989091,1.9973166093478623,0.15340022204114168,,"[-0.2303337091737986,6.0,-0.2219125769958223]",True,"[{""parameter_index"":1,""side"":""upper"",""value"":6.0,""bound"":6.0,""absolute_distance"":0.0}]",0,[],[],,17.013182455518653,14.579597846571374,True,selection_reproduced,7.1006289346087215e-06,1.0361694113070018e-05,1.845518653453837e-06,5.646571374029463e-06,ba303fa13dda064e6d18d06e9d7e75f03039717a02f78b0590ffdcb7ca396149,07d3b54ec0fdc1225638339b73a06dae07dbd5367b724b5a32359fa47942cf31,6aceac9518fc8056052807e666da9d0c8bebb010,0.5,3.13.13
published_qpp_pdcsap_q0,published_qpp,PDCSAP_FLUX,quality_zero_only,tau0_nearest_cadence_indices,regular,predeclared_comparison,scientific_candidate,fase0_tarea09_published_qpp_pdcsap_q0.csv,e55949806744c1bc2e5e85d9e09a2a26775abc862dcbc8f82e2f5e4dca52040f,3,M1,pow_const_gauss,OK,0.5471368999860715,15,20.002015408681473,20.00201546761673,20.002015411487914,20.002015389036387,20.00201546761673,5.893525667488575e-08,7,7,0.0033329974652642987,0.02333098225685009,0.025,5.272829305452154,-0.8161078656277425,0.8658046765492842,0.2781905858113372,68.52767627937106,"[1.2894065891847803,4.680085338686023,-20.0,0.214014505538476,-4.227237696944204,0.10699045441827942]",True,"[{""parameter_index"":2,""side"":""lower"",""value"":-20.0,""bound"":-20.0,""absolute_distance"":0.0}]",0,[],[],,17.013182455518653,14.579597846571374,True,selection_reproduced,7.1006289346087215e-06,1.0361694113070018e-05,1.845518653453837e-06,5.646571374029463e-06,ba303fa13dda064e6d18d06e9d7e75f03039717a02f78b0590ffdcb7ca396149,07d3b54ec0fdc1225638339b73a06dae07dbd5367b724b5a32359fa47942cf31,6aceac9518fc8056052807e666da9d0c8bebb010,0.5,3.13.13
published_qpp_pdcsap_q0,published_qpp,PDCSAP_FLUX,quality_zero_only,tau0_nearest_cadence_indices,regular,predeclared_comparison,scientific_candidate,fase0_tarea09_published_qpp_pdcsap_q0.csv,e55949806744c1bc2e5e85d9e09a2a26775abc862dcbc8f82e2f5e4dca52040f,3,M2,bpow_const,OK,0.2542741999786813,15,20.002015408681473,20.00201546761673,20.002015411487914,20.002015389036387,20.00201546761673,5.893525667488575e-08,7,7,0.0033329974652642987,0.02333098225685009,0.025,-2.989924692361189,13.763489980943632,3.249941840868804,0.08172866070509793,,"[-4.466116324679468,1.0,0.016664974973012947,8.999999999999996,-16.168824564906977]",True,"[{""parameter_index"":1,""side"":""lower"",""value"":1.0,""bound"":1.0,""absolute_distance"":0.0},{""parameter_index"":3,""side"":""upper"",""value"":8.999999999999996,""bound"":9.0,""absolute_distance"":3.552713678800501e-15}]",0,[],[],,17.013182455518653,14.579597846571374,True,selection_reproduced,7.1006289346087215e-06,1.0361694113070018e-05,1.845518653453837e-06,5.646571374029463e-06,ba303fa13dda064e6d18d06e9d7e75f03039717a02f78b0590ffdcb7ca396149,07d3b54ec0fdc1225638339b73a06dae07dbd5367b724b5a32359fa47942cf31,6aceac9518fc8056052807e666da9d0c8bebb010,0.5,3.13.13
published_qpp_pdcsap_q0,published_qpp,PDCSAP_FLUX,quality_zero_only,tau0_nearest_cadence_indices,regular,predeclared_comparison,scientific_candidate,fase0_tarea09_published_qpp_pdcsap_q0.csv,e55949806744c1bc2e5e85d9e09a2a26775abc862dcbc8f82e2f5e4dca52040f,4,M0,pow_const,OK,0.16217359999427572,15,20.002015408681473,20.00201546761673,20.002015411487914,20.002015389036387,20.00201546761673,5.893525667488575e-08,7,7,0.0033329974652642987,0.02333098225685009,0.025,-6.152627145890154,16.197074589890935,1.9973169212904667,0.15340018615009957,,"[-0.230334329835352,6.0,-0.22191265451948344]",True,"[{""parameter_index"":1,""side"":""upper"",""value"":6.0,""bound"":6.0,""absolute_distance"":0.0}]",0,[],[],,17.0131824554404,14.579593729420372,True,selection_reproduced,2.717777525163001e-05,3.9659556417402436e-05,1.8454404013823478e-06,1.529420371682022e-06,ba303fa13dda064e6d18d06e9d7e75f03039717a02f78b0590ffdcb7ca396149,07d3b54ec0fdc1225638339b73a06dae07dbd5367b724b5a32359fa47942cf31,6aceac9518fc8056052807e666da9d0c8bebb010,0.5,3.13.13
published_qpp_pdcsap_q0,published_qpp,PDCSAP_FLUX,quality_zero_only,tau0_nearest_cadence_indices,regular,predeclared_comparison,scientific_candidate,fase0_tarea09_published_qpp_pdcsap_q0.csv,e55949806744c1bc2e5e85d9e09a2a26775abc862dcbc8f82e2f5e4dca52040f,4,M1,pow_const_gauss,OK,0.4772952999919653,15,20.002015408681473,20.00201546761673,20.002015411487914,20.002015389036387,20.00201546761673,5.893525667488575e-08,7,7,0.0033329974652642987,0.02333098225685009,0.025,5.272829305413015,-0.8161078655494638,0.8657975769153186,0.2781918282447222,68.52765620222475,"[1.2894118012808085,4.68008597954813,-20.0,0.21401586193613872,-4.227237403965508,0.10699039127261688]",True,"[{""parameter_index"":2,""side"":""lower"",""value"":-20.0,""bound"":-20.0,""absolute_distance"":0.0}]",0,[],[],,17.0131824554404,14.579593729420372,True,selection_reproduced,2.717777525163001e-05,3.9659556417402436e-05,1.8454404013823478e-06,1.529420371682022e-06,ba303fa13dda064e6d18d06e9d7e75f03039717a02f78b0590ffdcb7ca396149,07d3b54ec0fdc1225638339b73a06dae07dbd5367b724b5a32359fa47942cf31,6aceac9518fc8056052807e666da9d0c8bebb010,0.5,3.13.13
published_qpp_pdcsap_q0,published_qpp,PDCSAP_FLUX,quality_zero_only,tau0_nearest_cadence_indices,regular,predeclared_comparison,scientific_candidate,fase0_tarea09_published_qpp_pdcsap_q0.csv,e55949806744c1bc2e5e85d9e09a2a26775abc862dcbc8f82e2f5e4dca52040f,4,M2,bpow_const,OK,0.348899500007974,15,20.002015408681473,20.00201546761673,20.002015411487914,20.002015389036387,20.00201546761673,5.893525667488575e-08,7,7,0.0033329974652642987,0.02333098225685009,0.025,-2.989922633824828,13.763485863870908,3.248869488322499,0.08177299032304298,,"[-4.465951221588654,1.0,0.01666497484041083,9.0,-17.47869359801873]",True,"[{""parameter_index"":1,""side"":""lower"",""value"":1.0,""bound"":1.0,""absolute_distance"":0.0},{""parameter_index"":3,""side"":""upper"",""value"":9.0,""bound"":9.0,""absolute_distance"":0.0}]",2,"[""RuntimeWarning: overflow encountered in exp""]","[{""category"":""RuntimeWarning"",""message"":""overflow encountered in exp"",""filename"":""afino_spectral_models.py"",""lineno"":72},{""category"":""RuntimeWarning"",""message"":""overflow encountered in exp"",""filename"":""afino_spectral_models.py"",""lineno"":73}]",,17.0131824554404,14.579593729420372,True,selection_reproduced,2.717777525163001e-05,3.9659556417402436e-05,1.8454404013823478e-06,1.529420371682022e-06,ba303fa13dda064e6d18d06e9d7e75f03039717a02f78b0590ffdcb7ca396149,07d3b54ec0fdc1225638339b73a06dae07dbd5367b724b5a32359fa47942cf31,6aceac9518fc8056052807e666da9d0c8bebb010,0.5,3.13.13
published_qpp_pdcsap_q0,published_qpp,PDCSAP_FLUX,quality_zero_only,tau0_nearest_cadence_indices,regular,predeclared_comparison,scientific_candidate,fase0_tarea09_published_qpp_pdcsap_q0.csv,e55949806744c1bc2e5e85d9e09a2a26775abc862dcbc8f82e2f5e4dca52040f,5,M0,pow_const,OK,0.16337910000584088,15,20.002015408681473,20.00201546761673,20.002015411487914,20.002015389036387,20.00201546761673,5.893525667488575e-08,7,7,0.0033329974652642987,0.02333098225685009,0.025,-6.152627145890138,16.197074589890903,1.997316155317757,0.15340027428029715,,"[-0.23033394130820406,6.0,-0.22191246297457845]",True,"[{""parameter_index"":1,""side"":""upper"",""value"":6.0,""bound"":6.0,""absolute_distance"":0.0}]",0,[],[],,17.01318245551719,14.579593842530931,True,selection_reproduced,1.2294363841647282e-05,1.794072590119897e-05,1.8455171897358014e-06,1.6425309308232272e-06,ba303fa13dda064e6d18d06e9d7e75f03039717a02f78b0590ffdcb7ca396149,07d3b54ec0fdc1225638339b73a06dae07dbd5367b724b5a32359fa47942cf31,6aceac9518fc8056052807e666da9d0c8bebb010,0.5,3.13.13
published_qpp_pdcsap_q0,published_qpp,PDCSAP_FLUX,quality_zero_only,tau0_nearest_cadence_indices,regular,predeclared_comparison,scientific_candidate,fase0_tarea09_published_qpp_pdcsap_q0.csv,e55949806744c1bc2e5e85d9e09a2a26775abc862dcbc8f82e2f5e4dca52040f,5,M1,pow_const_gauss,OK,0.5154709999915212,15,20.002015408681473,20.00201546761673,20.002015411487914,20.002015389036387,20.00201546761673,5.893525667488575e-08,7,7,0.0033329974652642987,0.02333098225685009,0.025,5.272829305451425,-0.8161078656262841,0.8658033918529503,0.2781908106320029,68.52767108563616,"[1.289407650660145,4.680084947461561,-20.0,0.21401561825053964,-4.227237621153876,0.10699041758835327]",True,"[{""parameter_index"":2,""side"":""lower"",""value"":-20.0,""bound"":-20.0,""absolute_distance"":0.0}]",0,[],[],,17.01318245551719,14.579593842530931,True,selection_reproduced,1.2294363841647282e-05,1.794072590119897e-05,1.8455171897358014e-06,1.6425309308232272e-06,ba303fa13dda064e6d18d06e9d7e75f03039717a02f78b0590ffdcb7ca396149,07d3b54ec0fdc1225638339b73a06dae07dbd5367b724b5a32359fa47942cf31,6aceac9518fc8056052807e666da9d0c8bebb010,0.5,3.13.13
published_qpp_pdcsap_q0,published_qpp,PDCSAP_FLUX,quality_zero_only,tau0_nearest_cadence_indices,regular,predeclared_comparison,scientific_candidate,fase0_tarea09_published_qpp_pdcsap_q0.csv,e55949806744c1bc2e5e85d9e09a2a26775abc862dcbc8f82e2f5e4dca52040f,5,M2,bpow_const,OK,0.35323919999063946,15,20.002015408681473,20.00201546761673,20.002015411487914,20.002015389036387,20.00201546761673,5.893525667488575e-08,7,7,0.0033329974652642987,0.02333098225685009,0.025,-2.9899226903416967,13.763485976904647,3.2489206159199857,0.08177087616429843,,"[-4.465959928046641,1.0,0.016664979327772063,9.0,-16.870600720884067]",True,"[{""parameter_index"":1,""side"":""lower"",""value"":1.0,""bound"":1.0,""absolute_distance"":0.0},{""parameter_index"":3,""side"":""upper"",""value"":9.0,""bound"":9.0,""absolute_distance"":0.0}]",5,"[""RuntimeWarning: overflow encountered in exp""]","[{""category"":""RuntimeWarning"",""message"":""overflow encountered in exp"",""filename"":""afino_spectral_models.py"",""lineno"":31},{""category"":""RuntimeWarning"",""message"":""overflow encountered in exp"",""filename"":""afino_spectral_models.py"",""lineno"":31},{""category"":""RuntimeWarning"",""message"":""overflow encountered in exp"",""filename"":""afino_spectral_models.py"",""lineno"":31},{""category"":""RuntimeWarning"",""message"":""overflow encountered in exp"",""filename"":""afino_spectral_models.py"",""lineno"":72},{""category"":""RuntimeWarning"",""message"":""overflow encountered in exp"",""filename"":""afino_spectral_models.py"",""lineno"":73}]",,17.01318245551719,14.579593842530931,True,selection_reproduced,1.2294363841647282e-05,1.794072590119897e-05,1.8455171897358014e-06,1.6425309308232272e-06,ba303fa13dda064e6d18d06e9d7e75f03039717a02f78b0590ffdcb7ca396149,07d3b54ec0fdc1225638339b73a06dae07dbd5367b724b5a32359fa47942cf31,6aceac9518fc8056052807e666da9d0c8bebb010,0.5,3.13.13
published_qpp_pdcsap_q0,published_qpp,PDCSAP_FLUX,quality_zero_only,tau0_nearest_cadence_indices,regular,predeclared_comparison,scientific_candidate,fase0_tarea09_published_qpp_pdcsap_q0.csv,e55949806744c1bc2e5e85d9e09a2a26775abc862dcbc8f82e2f5e4dca52040f,6,M0,pow_const,OK,0.16289939999114722,15,20.002015408681473,20.00201546761673,20.002015411487914,20.002015389036387,20.00201546761673,5.893525667488575e-08,7,7,0.0033329974652642987,0.02333098225685009,0.025,-6.152627145890133,16.197074589890892,1.9973164553438385,0.15340023976031616,,"[-0.23033378743614105,6.0,-0.22191253832106778]",True,"[{""parameter_index"":1,""side"":""upper"",""value"":6.0,""bound"":6.0,""absolute_distance"":0.0}]",0,[],[],,17.01318245547295,14.57959112567877,True,selection_reproduced,3.230378587204541e-05,4.7139760573714886e-05,1.845472951345073e-06,-1.0743212310870831e-06,ba303fa13dda064e6d18d06e9d7e75f03039717a02f78b0590ffdcb7ca396149,07d3b54ec0fdc1225638339b73a06dae07dbd5367b724b5a32359fa47942cf31,6aceac9518fc8056052807e666da9d0c8bebb010,0.5,3.13.13
published_qpp_pdcsap_q0,published_qpp,PDCSAP_FLUX,quality_zero_only,tau0_nearest_cadence_indices,regular,predeclared_comparison,scientific_candidate,fase0_tarea09_published_qpp_pdcsap_q0.csv,e55949806744c1bc2e5e85d9e09a2a26775abc862dcbc8f82e2f5e4dca52040f,6,M1,pow_const_gauss,OK,0.5551886000030208,15,20.002015408681473,20.00201546761673,20.002015411487914,20.002015389036387,20.00201546761673,5.893525667488575e-08,7,7,0.0033329974652642987,0.02333098225685009,0.025,5.272829305429313,-0.8161078655820599,0.8658058467819107,0.2781903810219946,68.52765107621413,"[1.289408771754091,4.6800864275859295,-20.0,0.21401538864329506,-4.227237329163434,0.10699029983553894]",True,"[{""parameter_index"":2,""side"":""lower"",""value"":-20.0,""bound"":-20.0,""absolute_distance"":0.0}]",0,[],[],,17.01318245547295,14.57959112567877,True,selection_reproduced,3.230378587204541e-05,4.7139760573714886e-05,1.845472951345073e-06,-1.0743212310870831e-06,ba303fa13dda064e6d18d06e9d7e75f03039717a02f78b0590ffdcb7ca396149,07d3b54ec0fdc1225638339b73a06dae07dbd5367b724b5a32359fa47942cf31,6aceac9518fc8056052807e666da9d0c8bebb010,0.5,3.13.13
published_qpp_pdcsap_q0,published_qpp,PDCSAP_FLUX,quality_zero_only,tau0_nearest_cadence_indices,regular,predeclared_comparison,scientific_candidate,fase0_tarea09_published_qpp_pdcsap_q0.csv,e55949806744c1bc2e5e85d9e09a2a26775abc862dcbc8f82e2f5e4dca52040f,6,M2,bpow_const,OK,0.44108170000254177,15,20.002015408681473,20.00201546761673,20.002015411487914,20.002015389036387,20.00201546761673,5.893525667488575e-08,7,7,0.0033329974652642987,0.02333098225685009,0.025,-2.989921331937728,13.76348326009671,3.2500381229646966,0.0817246818514885,,"[-4.4661321215464875,1.0,0.01666498099625347,9.0,-19.46145009297502]",True,"[{""parameter_index"":1,""side"":""lower"",""value"":1.0,""bound"":1.0,""absolute_distance"":0.0},{""parameter_index"":3,""side"":""upper"",""value"":9.0,""bound"":9.0,""absolute_distance"":0.0}]",1,"[""RuntimeWarning: overflow encountered in exp""]","[{""category"":""RuntimeWarning"",""message"":""overflow encountered in exp"",""filename"":""afino_spectral_models.py"",""lineno"":31}]",,17.01318245547295,14.57959112567877,True,selection_reproduced,3.230378587204541e-05,4.7139760573714886e-05,1.845472951345073e-06,-1.0743212310870831e-06,ba303fa13dda064e6d18d06e9d7e75f03039717a02f78b0590ffdcb7ca396149,07d3b54ec0fdc1225638339b73a06dae07dbd5367b724b5a32359fa47942cf31,6aceac9518fc8056052807e666da9d0c8bebb010,0.5,3.13.13
published_qpp_pdcsap_q0,published_qpp,PDCSAP_FLUX,quality_zero_only,tau0_nearest_cadence_indices,regular,predeclared_comparison,scientific_candidate,fase0_tarea09_published_qpp_pdcsap_q0.csv,e55949806744c1bc2e5e85d9e09a2a26775abc862dcbc8f82e2f5e4dca52040f,7,M0,pow_const,OK,0.1612176000198815,15,20.002015408681473,20.00201546761673,20.002015411487914,20.002015389036387,20.00201546761673,5.893525667488575e-08,7,7,0.0033329974652642987,0.02333098225685009,0.025,-6.15262714589011,16.197074589890846,1.9973164629697768,0.15340023888290266,,"[-0.2303344354979355,6.0,-0.22191253955516144]",True,"[{""parameter_index"":1,""side"":""upper"",""value"":6.0,""bound"":6.0,""absolute_distance"":0.0}]",0,[],[],,17.01318245521299,14.579593789985603,True,selection_reproduced,3.6324680095845e-05,5.3007307856034226e-05,1.8452129921797678e-06,1.5899856027346004e-06,ba303fa13dda064e6d18d06e9d7e75f03039717a02f78b0590ffdcb7ca396149,07d3b54ec0fdc1225638339b73a06dae07dbd5367b724b5a32359fa47942cf31,6aceac9518fc8056052807e666da9d0c8bebb010,0.5,3.13.13
published_qpp_pdcsap_q0,published_qpp,PDCSAP_FLUX,quality_zero_only,tau0_nearest_cadence_indices,regular,predeclared_comparison,scientific_candidate,fase0_tarea09_published_qpp_pdcsap_q0.csv,e55949806744c1bc2e5e85d9e09a2a26775abc862dcbc8f82e2f5e4dca52040f,7,M1,pow_const_gauss,OK,0.7404545999888796,15,20.002015408681473,20.00201546761673,20.002015411487914,20.002015389036387,20.00201546761673,5.893525667488575e-08,7,7,0.0033329974652642987,0.02333098225685009,0.025,5.272829305299356,-0.816107865322147,0.8657986009416594,0.278191649039874,68.5277197046801,"[1.2894105179898376,4.680087772789302,-20.0,0.21401387119244872,-4.227238330634089,0.10699070004089654]",True,"[{""parameter_index"":2,""side"":""lower"",""value"":-20.0,""bound"":-20.0,""absolute_distance"":0.0}]",0,[],[],,17.01318245521299,14.579593789985603,True,selection_reproduced,3.6324680095845e-05,5.3007307856034226e-05,1.8452129921797678e-06,1.5899856027346004e-06,ba303fa13dda064e6d18d06e9d7e75f03039717a02f78b0590ffdcb7ca396149,07d3b54ec0fdc1225638339b73a06dae07dbd5367b724b5a32359fa47942cf31,6aceac9518fc8056052807e666da9d0c8bebb010,0.5,3.13.13
published_qpp_pdcsap_q0,published_qpp,PDCSAP_FLUX,quality_zero_only,tau0_nearest_cadence_indices,regular,predeclared_comparison,scientific_candidate,fase0_tarea09_published_qpp_pdcsap_q0.csv,e55949806744c1bc2e5e85d9e09a2a26775abc862dcbc8f82e2f5e4dca52040f,7,M2,bpow_const,OK,0.4607648000237532,15,20.002015408681473,20.00201546761673,20.002015411487914,20.002015389036387,20.00201546761673,5.893525667488575e-08,7,7,0.0033329974652642987,0.02333098225685009,0.025,-2.989922664221101,13.763485924663456,3.248933176907452,0.08177035676884482,,"[-4.465961088361066,1.0,0.01666497518374475,9.0,-17.383451173306895]",True,"[{""parameter_index"":1,""side"":""lower"",""value"":1.0,""bound"":1.0,""absolute_distance"":0.0},{""parameter_index"":3,""side"":""upper"",""value"":9.0,""bound"":9.0,""absolute_distance"":0.0}]",0,[],[],,17.01318245521299,14.579593789985603,True,selection_reproduced,3.6324680095845e-05,5.3007307856034226e-05,1.8452129921797678e-06,1.5899856027346004e-06,ba303fa13dda064e6d18d06e9d7e75f03039717a02f78b0590ffdcb7ca396149,07d3b54ec0fdc1225638339b73a06dae07dbd5367b724b5a32359fa47942cf31,6aceac9518fc8056052807e666da9d0c8bebb010,0.5,3.13.13
published_qpp_pdcsap_q0,published_qpp,PDCSAP_FLUX,quality_zero_only,tau0_nearest_cadence_indices,regular,predeclared_comparison,scientific_candidate,fase0_tarea09_published_qpp_pdcsap_q0.csv,e55949806744c1bc2e5e85d9e09a2a26775abc862dcbc8f82e2f5e4dca52040f,8,M0,pow_const,OK,0.17960770000354387,15,20.002015408681473,20.00201546761673,20.002015411487914,20.002015389036387,20.00201546761673,5.893525667488575e-08,7,7,0.0033329974652642987,0.02333098225685009,0.025,-6.15262714589014,16.197074589890907,1.9973165230543017,0.15340023196978234,,"[-0.23033372119752457,6.0,-0.22191255535832322]",True,"[{""parameter_index"":1,""side"":""upper"",""value"":6.0,""bound"":6.0,""absolute_distance"":0.0}]",0,[],[],,17.01318245552064,14.579591800966398,True,selection_reproduced,7.158640343618572e-06,1.0446348089607012e-05,1.8455206394207835e-06,-3.99033602604959e-07,ba303fa13dda064e6d18d06e9d7e75f03039717a02f78b0590ffdcb7ca396149,07d3b54ec0fdc1225638339b73a06dae07dbd5367b724b5a32359fa47942cf31,6aceac9518fc8056052807e666da9d0c8bebb010,0.5,3.13.13
published_qpp_pdcsap_q0,published_qpp,PDCSAP_FLUX,quality_zero_only,tau0_nearest_cadence_indices,regular,predeclared_comparison,scientific_candidate,fase0_tarea09_published_qpp_pdcsap_q0.csv,e55949806744c1bc2e5e85d9e09a2a26775abc862dcbc8f82e2f5e4dca52040f,8,M1,pow_const_gauss,OK,0.5417942000203766,15,20.002015408681473,20.00201546761673,20.002015411487914,20.002015389036387,20.00201546761673,5.893525667488575e-08,7,7,0.0033329974652642987,0.02333098225685009,0.025,5.272829305453149,-0.816107865629732,0.8658057794752443,0.27819039280057534,68.52767622135966,"[1.2894079415393433,4.680087654458709,-20.0,0.21401617982137786,-4.2272376960976645,0.10699042831164439]",True,"[{""parameter_index"":2,""side"":""lower"",""value"":-20.0,""bound"":-20.0,""absolute_distance"":0.0}]",0,[],[],,17.01318245552064,14.579591800966398,True,selection_reproduced,7.158640343618572e-06,1.0446348089607012e-05,1.8455206394207835e-06,-3.99033602604959e-07,ba303fa13dda064e6d18d06e9d7e75f03039717a02f78b0590ffdcb7ca396149,07d3b54ec0fdc1225638339b73a06dae07dbd5367b724b5a32359fa47942cf31,6aceac9518fc8056052807e666da9d0c8bebb010,0.5,3.13.13
published_qpp_pdcsap_q0,published_qpp,PDCSAP_FLUX,quality_zero_only,tau0_nearest_cadence_indices,regular,predeclared_comparison,scientific_candidate,fase0_tarea09_published_qpp_pdcsap_q0.csv,e55949806744c1bc2e5e85d9e09a2a26775abc862dcbc8f82e2f5e4dca52040f,8,M2,bpow_const,OK,0.4497099000145681,15,20.002015408681473,20.00201546761673,20.002015411487914,20.002015389036387,20.00201546761673,5.893525667488575e-08,7,7,0.0033329974652642987,0.02333098225685009,0.025,-2.989921669557707,13.763483935336666,3.2488433721052994,0.08177407026893392,,"[-4.465947989313373,1.0,0.016664979275012107,9.0,-18.299432037047602]",True,"[{""parameter_index"":1,""side"":""lower"",""value"":1.0,""bound"":1.0,""absolute_distance"":0.0},{""parameter_index"":3,""side"":""upper"",""value"":9.0,""bound"":9.0,""absolute_distance"":0.0}]",4,"[""RuntimeWarning: overflow encountered in exp""]","[{""category"":""RuntimeWarning"",""message"":""overflow encountered in exp"",""filename"":""afino_spectral_models.py"",""lineno"":72},{""category"":""RuntimeWarning"",""message"":""overflow encountered in exp"",""filename"":""afino_spectral_models.py"",""lineno"":73},{""category"":""RuntimeWarning"",""message"":""overflow encountered in exp"",""filename"":""afino_spectral_models.py"",""lineno"":72},{""category"":""RuntimeWarning"",""message"":""overflow encountered in exp"",""filename"":""afino_spectral_models.py"",""lineno"":73}]",,17.01318245552064,14.579591800966398,True,selection_reproduced,7.158640343618572e-06,1.0446348089607012e-05,1.8455206394207835e-06,-3.99033602604959e-07,ba303fa13dda064e6d18d06e9d7e75f03039717a02f78b0590ffdcb7ca396149,07d3b54ec0fdc1225638339b73a06dae07dbd5367b724b5a32359fa47942cf31,6aceac9518fc8056052807e666da9d0c8bebb010,0.5,3.13.13
published_qpp_pdcsap_q0,published_qpp,PDCSAP_FLUX,quality_zero_only,tau0_nearest_cadence_indices,regular,predeclared_comparison,scientific_candidate,fase0_tarea09_published_qpp_pdcsap_q0.csv,e55949806744c1bc2e5e85d9e09a2a26775abc862dcbc8f82e2f5e4dca52040f,9,M0,pow_const,OK,0.14702909998595715,15,20.002015408681473,20.00201546761673,20.002015411487914,20.002015389036387,20.00201546761673,5.893525667488575e-08,7,7,0.0033329974652642987,0.02333098225685009,0.025,-6.152627145890207,16.19707458989104,1.997316446518167,0.15340024077576872,,"[-0.23033335684193015,6.0,-0.2219125365591579]",True,"[{""parameter_index"":1,""side"":""upper"",""value"":6.0,""bound"":6.0,""absolute_distance"":0.0}]",0,[],[],,17.013182432968936,14.579591724886857,True,selection_reproduced,0.0003321075619453495,0.00048463269961096636,1.8229689366933144e-06,-4.751131434943545e-07,ba303fa13dda064e6d18d06e9d7e75f03039717a02f78b0590ffdcb7ca396149,07d3b54ec0fdc1225638339b73a06dae07dbd5367b724b5a32359fa47942cf31,6aceac9518fc8056052807e666da9d0c8bebb010,0.5,3.13.13
published_qpp_pdcsap_q0,published_qpp,PDCSAP_FLUX,quality_zero_only,tau0_nearest_cadence_indices,regular,predeclared_comparison,scientific_candidate,fase0_tarea09_published_qpp_pdcsap_q0.csv,e55949806744c1bc2e5e85d9e09a2a26775abc862dcbc8f82e2f5e4dca52040f,9,M1,pow_const_gauss,OK,0.4908250999869779,15,20.002015408681473,20.00201546761673,20.002015411487914,20.002015389036387,20.00201546761673,5.893525667488575e-08,7,7,0.0033329974652642987,0.02333098225685009,0.025,5.27282929417723,-0.8161078430778943,0.8657271775852524,0.27820414863501997,68.52735127243805,"[1.289495164153564,4.680085134161471,-20.0,0.21406062419224123,-4.227232954222411,0.10698829518724694]",True,"[{""parameter_index"":2,""side"":""lower"",""value"":-20.0,""bound"":-20.0,""absolute_distance"":0.0}]",0,[],[],,17.013182432968936,14.579591724886857,True,selection_reproduced,0.0003321075619453495,0.00048463269961096636,1.8229689366933144e-06,-4.751131434943545e-07,ba303fa13dda064e6d18d06e9d7e75f03039717a02f78b0590ffdcb7ca396149,07d3b54ec0fdc1225638339b73a06dae07dbd5367b724b5a32359fa47942cf31,6aceac9518fc8056052807e666da9d0c8bebb010,0.5,3.13.13
published_qpp_pdcsap_q0,published_qpp,PDCSAP_FLUX,quality_zero_only,tau0_nearest_cadence_indices,regular,predeclared_comparison,scientific_candidate,fase0_tarea09_published_qpp_pdcsap_q0.csv,e55949806744c1bc2e5e85d9e09a2a26775abc862dcbc8f82e2f5e4dca52040f,9,M2,bpow_const,OK,0.32665599999018013,15,20.002015408681473,20.00201546761673,20.002015411487914,20.002015389036387,20.00201546761673,5.893525667488575e-08,7,7,0.0033329974652642987,0.02333098225685009,0.025,-2.9899216427938553,13.763483881808963,3.248819745660637,0.0817750472726761,,"[-4.465943954499639,1.000000000000094,0.01666497714034951,8.99999999999948,-20.65325913731934]",True,"[{""parameter_index"":1,""side"":""lower"",""value"":1.000000000000094,""bound"":1.0,""absolute_distance"":9.392486788328824e-14},{""parameter_index"":3,""side"":""upper"",""value"":8.99999999999948,""bound"":9.0,""absolute_distance"":5.204725539442734e-13}]",0,[],[],,17.013182432968936,14.579591724886857,True,selection_reproduced,0.0003321075619453495,0.00048463269961096636,1.8229689366933144e-06,-4.751131434943545e-07,ba303fa13dda064e6d18d06e9d7e75f03039717a02f78b0590ffdcb7ca396149,07d3b54ec0fdc1225638339b73a06dae07dbd5367b724b5a32359fa47942cf31,6aceac9518fc8056052807e666da9d0c8bebb010,0.5,3.13.13
published_qpp_sap_q0,published_qpp,SAP_FLUX,quality_zero_only,tau0_nearest_cadence_indices,regular,predeclared_comparison,scientific_candidate,fase0_tarea09_published_qpp_sap_q0.csv,9549b87917198e1ab88a5018d62eb89ea90fa72c4bc986de4218d1a1bce996fd,0,M0,pow_const,OK,0.18296140001621097,15,20.002015408681473,20.00201546761673,20.002015411487914,20.002015389036387,20.00201546761673,5.893525667488575e-08,7,7,0.0033329974652642987,0.02333098225685009,0.025,-6.778107950161165,17.448036198432956,0.40015580848425336,0.5727641897305542,,"[1.2537998798125705,1.0555224549222304,-19.24377103244815]",False,[],0,[],[],,-3.556217930195764,0.011977476849182267,False,selection_not_reproduced,,,-20.569398540195763,-14.567614723150818,ba303fa13dda064e6d18d06e9d7e75f03039717a02f78b0590ffdcb7ca396149,07d3b54ec0fdc1225638339b73a06dae07dbd5367b724b5a32359fa47942cf31,6aceac9518fc8056052807e666da9d0c8bebb010,0.5,3.13.13
published_qpp_sap_q0,published_qpp,SAP_FLUX,quality_zero_only,tau0_nearest_cadence_indices,regular,predeclared_comparison,scientific_candidate,fase0_tarea09_published_qpp_sap_q0.csv,9549b87917198e1ab88a5018d62eb89ea90fa72c4bc986de4218d1a1bce996fd,0,M1,pow_const_gauss,OK,0.6718553999962751,15,20.002015408681473,20.00201546761673,20.002015411487914,20.002015389036387,20.00201546761673,5.893525667488575e-08,7,7,0.0033329974652642987,0.02333098225685009,0.025,-5.637351691676077,21.00425412862872,0.042428305634456646,0.6466881069536269,140.05949080934252,"[-0.18931008233395455,0.3584758745508185,-16.907132564915717,0.5593269310823159,-4.9420672667027175,0.25]",True,"[{""parameter_index"":5,""side"":""upper"",""value"":0.25,""bound"":0.25,""absolute_distance"":0.0}]",0,[],[],,-3.556217930195764,0.011977476849182267,False,selection_not_reproduced,,,-20.569398540195763,-14.567614723150818,ba303fa13dda064e6d18d06e9d7e75f03039717a02f78b0590ffdcb7ca396149,07d3b54ec0fdc1225638339b73a06dae07dbd5367b724b5a32359fa47942cf31,6aceac9518fc8056052807e666da9d0c8bebb010,0.5,3.13.13
published_qpp_sap_q0,published_qpp,SAP_FLUX,quality_zero_only,tau0_nearest_cadence_indices,regular,predeclared_comparison,scientific_candidate,fase0_tarea09_published_qpp_sap_q0.csv,9549b87917198e1ab88a5018d62eb89ea90fa72c4bc986de4218d1a1bce996fd,0,M2,bpow_const,OK,0.3214778999972623,15,20.002015408681473,20.00201546761673,20.002015411487914,20.002015389036387,20.00201546761673,5.893525667488575e-08,7,7,0.0033329974652642987,0.02333098225685009,0.025,-6.616295504628325,21.016231605477902,0.4158151965040309,0.46240463155926226,,"[-4.32576178869349,1.0000000000000018,0.009999000511039167,1.6598631736930525,-5.635794632867043]",True,"[{""parameter_index"":1,""side"":""lower"",""value"":1.0000000000000018,""bound"":1.0,""absolute_distance"":1.7763568394002505e-15}]",2,"[""RuntimeWarning: overflow encountered in exp""]","[{""category"":""RuntimeWarning"",""message"":""overflow encountered in exp"",""filename"":""afino_spectral_models.py"",""lineno"":72},{""category"":""RuntimeWarning"",""message"":""overflow encountered in exp"",""filename"":""afino_spectral_models.py"",""lineno"":73}]",,-3.556217930195764,0.011977476849182267,False,selection_not_reproduced,,,-20.569398540195763,-14.567614723150818,ba303fa13dda064e6d18d06e9d7e75f03039717a02f78b0590ffdcb7ca396149,07d3b54ec0fdc1225638339b73a06dae07dbd5367b724b5a32359fa47942cf31,6aceac9518fc8056052807e666da9d0c8bebb010,0.5,3.13.13
published_qpp_sap_q0,published_qpp,SAP_FLUX,quality_zero_only,tau0_nearest_cadence_indices,regular,predeclared_comparison,scientific_candidate,fase0_tarea09_published_qpp_sap_q0.csv,9549b87917198e1ab88a5018d62eb89ea90fa72c4bc986de4218d1a1bce996fd,1,M0,pow_const,OK,0.22812660000636242,15,20.002015408681473,20.00201546761673,20.002015411487914,20.002015389036387,20.00201546761673,5.893525667488575e-08,7,7,0.0033329974652642987,0.02333098225685009,0.025,-6.778107949128184,17.448036196366996,0.40015693073439124,0.5727635494707985,,"[1.253798760679365,1.0555229056751072,-20.0]",True,"[{""parameter_index"":2,""side"":""lower"",""value"":-20.0,""bound"":-20.0,""absolute_distance"":0.0}]",0,[],[],,-3.556217840347358,-0.21301662764872376,False,selection_not_reproduced,,,-20.569398450347357,-14.792608827648724,ba303fa13dda064e6d18d06e9d7e75f03039717a02f78b0590ffdcb7ca396149,07d3b54ec0fdc1225638339b73a06dae07dbd5367b724b5a32359fa47942cf31,6aceac9518fc8056052807e666da9d0c8bebb010,0.5,3.13.13
published_qpp_sap_q0,published_qpp,SAP_FLUX,quality_zero_only,tau0_nearest_cadence_indices,regular,predeclared_comparison,scientific_candidate,fase0_tarea09_published_qpp_sap_q0.csv,9549b87917198e1ab88a5018d62eb89ea90fa72c4bc986de4218d1a1bce996fd,1,M1,pow_const_gauss,OK,0.5848011000198312,15,20.002015408681473,20.00201546761673,20.002015411487914,20.002015389036387,20.00201546761673,5.893525667488575e-08,7,7,0.0033329974652642987,0.02333098225685009,0.025,-5.637351645718894,21.004254036714354,0.04242156165154397,0.6467020288463058,140.0537921836603,"[-0.18942857557280404,0.35836269499471535,-17.765249386785616,0.5593953370436147,-4.942026578695193,0.25]",True,"[{""parameter_index"":5,""side"":""upper"",""value"":0.25,""bound"":0.25,""absolute_distance"":0.0}]",0,[],[],,-3.556217840347358,-0.21301662764872376,False,selection_not_reproduced,,,-20.569398450347357,-14.792608827648724,ba303fa13dda064e6d18d06e9d7e75f03039717a02f78b0590ffdcb7ca396149,07d3b54ec0fdc1225638339b73a06dae07dbd5367b724b5a32359fa47942cf31,6aceac9518fc8056052807e666da9d0c8bebb010,0.5,3.13.13
published_qpp_sap_q0,published_qpp,SAP_FLUX,quality_zero_only,tau0_nearest_cadence_indices,regular,predeclared_comparison,scientific_candidate,fase0_tarea09_published_qpp_sap_q0.csv,9549b87917198e1ab88a5018d62eb89ea90fa72c4bc986de4218d1a1bce996fd,1,M2,bpow_const,OK,0.4516296999936458,15,20.002015408681473,20.00201546761673,20.002015411487914,20.002015389036387,20.00201546761673,5.893525667488575e-08,7,7,0.0033329974652642987,0.02333098225685009,0.025,-6.503798406422189,20.79123740906563,0.400063217780424,0.46931883990013723,,"[-4.575941841515043,1.0,0.00999919747693207,4.8235232664741226,-0.8957455924865401]",True,"[{""parameter_index"":1,""side"":""lower"",""value"":1.0,""bound"":1.0,""absolute_distance"":0.0}]",2,"[""RuntimeWarning: overflow encountered in exp""]","[{""category"":""RuntimeWarning"",""message"":""overflow encountered in exp"",""filename"":""afino_spectral_models.py"",""lineno"":72},{""category"":""RuntimeWarning"",""message"":""overflow encountered in exp"",""filename"":""afino_spectral_models.py"",""lineno"":73}]",,-3.556217840347358,-0.21301662764872376,False,selection_not_reproduced,,,-20.569398450347357,-14.792608827648724,ba303fa13dda064e6d18d06e9d7e75f03039717a02f78b0590ffdcb7ca396149,07d3b54ec0fdc1225638339b73a06dae07dbd5367b724b5a32359fa47942cf31,6aceac9518fc8056052807e666da9d0c8bebb010,0.5,3.13.13
published_qpp_sap_q0,published_qpp,SAP_FLUX,quality_zero_only,tau0_nearest_cadence_indices,regular,predeclared_comparison,scientific_candidate,fase0_tarea09_published_qpp_sap_q0.csv,9549b87917198e1ab88a5018d62eb89ea90fa72c4bc986de4218d1a1bce996fd,2,M0,pow_const,OK,0.19199429999571294,15,20.002015408681473,20.00201546761673,20.002015411487914,20.002015389036387,20.00201546761673,5.893525667488575e-08,7,7,0.0033329974652642987,0.02333098225685009,0.025,-6.77810794942771,17.448036196966047,0.4001629361201493,0.5727601233313994,,"[1.2537856307955582,1.0555139182671074,-19.773912202526873]",False,[],0,[],[],,-3.5562178533101623,-0.2124723161637725,False,selection_not_reproduced,,,-20.56939846331016,-14.792064516163773,ba303fa13dda064e6d18d06e9d7e75f03039717a02f78b0590ffdcb7ca396149,07d3b54ec0fdc1225638339b73a06dae07dbd5367b724b5a32359fa47942cf31,6aceac9518fc8056052807e666da9d0c8bebb010,0.5,3.13.13
published_qpp_sap_q0,published_qpp,SAP_FLUX,quality_zero_only,tau0_nearest_cadence_indices,regular,predeclared_comparison,scientific_candidate,fase0_tarea09_published_qpp_sap_q0.csv,9549b87917198e1ab88a5018d62eb89ea90fa72c4bc986de4218d1a1bce996fd,2,M1,pow_const_gauss,OK,0.562536600016756,15,20.002015408681473,20.00201546761673,20.002015411487914,20.002015389036387,20.00201546761673,5.893525667488575e-08,7,7,0.0033329974652642987,0.02333098225685009,0.025,-5.637351652499821,21.00425405027621,0.04242639490841213,0.6466920511763193,140.05271213324738,"[-0.18942169998204356,0.35840273461249905,-20.0,0.5594320250647842,-4.9420188669827105,0.25]",True,"[{""parameter_index"":2,""side"":""lower"",""value"":-20.0,""bound"":-20.0,""absolute_distance"":0.0},{""parameter_index"":5,""side"":""upper"",""value"":0.25,""bound"":0.25,""absolute_distance"":0.0}]",0,[],[],,-3.5562178533101623,-0.2124723161637725,False,selection_not_reproduced,,,-20.56939846331016,-14.792064516163773,ba303fa13dda064e6d18d06e9d7e75f03039717a02f78b0590ffdcb7ca396149,07d3b54ec0fdc1225638339b73a06dae07dbd5367b724b5a32359fa47942cf31,6aceac9518fc8056052807e666da9d0c8bebb010,0.5,3.13.13
published_qpp_sap_q0,published_qpp,SAP_FLUX,quality_zero_only,tau0_nearest_cadence_indices,regular,predeclared_comparison,scientific_candidate,fase0_tarea09_published_qpp_sap_q0.csv,9549b87917198e1ab88a5018d62eb89ea90fa72c4bc986de4218d1a1bce996fd,2,M2,bpow_const,OK,0.379118600016227,15,20.002015408681473,20.00201546761673,20.002015411487914,20.002015389036387,20.00201546761673,5.893525667488575e-08,7,7,0.0033329974652642987,0.02333098225685009,0.025,-6.5040705689455915,20.791781734112437,0.4123507484343508,0.46390760649197327,,"[-4.600875685736282,1.0,0.009999252078383106,5.136344485998364,-0.8678459620978282]",True,"[{""parameter_index"":1,""side"":""lower"",""value"":1.0,""bound"":1.0,""absolute_distance"":0.0}]",0,[],[],,-3.5562178533101623,-0.2124723161637725,False,selection_not_reproduced,,,-20.56939846331016,-14.792064516163773,ba303fa13dda064e6d18d06e9d7e75f03039717a02f78b0590ffdcb7ca396149,07d3b54ec0fdc1225638339b73a06dae07dbd5367b724b5a32359fa47942cf31,6aceac9518fc8056052807e666da9d0c8bebb010,0.5,3.13.13
published_qpp_sap_q0,published_qpp,SAP_FLUX,quality_zero_only,tau0_nearest_cadence_indices,regular,predeclared_comparison,scientific_candidate,fase0_tarea09_published_qpp_sap_q0.csv,9549b87917198e1ab88a5018d62eb89ea90fa72c4bc986de4218d1a1bce996fd,3,M0,pow_const,OK,0.18336729999282397,15,20.002015408681473,20.00201546761673,20.002015411487914,20.002015389036387,20.00201546761673,5.893525667488575e-08,7,7,0.0033329974652642987,0.02333098225685009,0.025,-6.778107949132204,17.448036196375035,0.40015623713883647,0.5727639451768508,,"[1.253796002618976,1.0555171153168228,-19.95918863889388]",False,[],0,[],[],,-3.5562178511368217,0.01323855178641864,False,selection_not_reproduced,,,-20.56939846113682,-14.566353648213582,ba303fa13dda064e6d18d06e9d7e75f03039717a02f78b0590ffdcb7ca396149,07d3b54ec0fdc1225638339b73a06dae07dbd5367b724b5a32359fa47942cf31,6aceac9518fc8056052807e666da9d0c8bebb010,0.5,3.13.13
published_qpp_sap_q0,published_qpp,SAP_FLUX,quality_zero_only,tau0_nearest_cadence_indices,regular,predeclared_comparison,scientific_candidate,fase0_tarea09_published_qpp_sap_q0.csv,9549b87917198e1ab88a5018d62eb89ea90fa72c4bc986de4218d1a1bce996fd,3,M1,pow_const_gauss,OK,0.45828600000822917,15,20.002015408681473,20.00201546761673,20.002015411487914,20.002015389036387,20.00201546761673,5.893525667488575e-08,7,7,0.0033329974652642987,0.02333098225685009,0.025,-5.637351651117646,21.004254047511857,0.0424216978542748,0.6467017476605215,140.0536297770648,"[-0.18942880934745993,0.35836423272394047,-14.56102786300459,0.55939470990673,-4.942025419092964,0.25]",True,"[{""parameter_index"":5,""side"":""upper"",""value"":0.25,""bound"":0.25,""absolute_distance"":0.0}]",0,[],[],,-3.5562178511368217,0.01323855178641864,False,selection_not_reproduced,,,-20.56939846113682,-14.566353648213582,ba303fa13dda064e6d18d06e9d7e75f03039717a02f78b0590ffdcb7ca396149,07d3b54ec0fdc1225638339b73a06dae07dbd5367b724b5a32359fa47942cf31,6aceac9518fc8056052807e666da9d0c8bebb010,0.5,3.13.13
published_qpp_sap_q0,published_qpp,SAP_FLUX,quality_zero_only,tau0_nearest_cadence_indices,regular,predeclared_comparison,scientific_candidate,fase0_tarea09_published_qpp_sap_q0.csv,9549b87917198e1ab88a5018d62eb89ea90fa72c4bc986de4218d1a1bce996fd,3,M2,bpow_const,OK,0.27227570000104606,15,20.002015408681473,20.00201546761673,20.002015411487914,20.002015389036387,20.00201546761673,5.893525667488575e-08,7,7,0.0033329974652642987,0.02333098225685009,0.025,-6.616926001538512,21.017492599298276,0.4160735160823164,0.46229295734909426,,"[-4.324783255396615,1.0,0.009998986351053809,1.6527627743103055,-6.517024950152245]",True,"[{""parameter_index"":1,""side"":""lower"",""value"":1.0,""bound"":1.0,""absolute_distance"":0.0}]",0,[],[],,-3.5562178511368217,0.01323855178641864,False,selection_not_reproduced,,,-20.56939846113682,-14.566353648213582,ba303fa13dda064e6d18d06e9d7e75f03039717a02f78b0590ffdcb7ca396149,07d3b54ec0fdc1225638339b73a06dae07dbd5367b724b5a32359fa47942cf31,6aceac9518fc8056052807e666da9d0c8bebb010,0.5,3.13.13
published_qpp_sap_q0,published_qpp,SAP_FLUX,quality_zero_only,tau0_nearest_cadence_indices,regular,predeclared_comparison,scientific_candidate,fase0_tarea09_published_qpp_sap_q0.csv,9549b87917198e1ab88a5018d62eb89ea90fa72c4bc986de4218d1a1bce996fd,4,M0,pow_const,OK,0.1976862000010442,15,20.002015408681473,20.00201546761673,20.002015411487914,20.002015389036387,20.00201546761673,5.893525667488575e-08,7,7,0.0033329974652642987,0.02333098225685009,0.025,-6.778107949440465,17.448036196991556,0.4001561492340615,0.5727639953277962,,"[1.2538005401316008,1.0555241888310452,-19.718211830313674]",False,[],0,[],[],,-3.556217839322475,-0.21322889775606058,False,selection_not_reproduced,,,-20.569398449322474,-14.792821097756061,ba303fa13dda064e6d18d06e9d7e75f03039717a02f78b0590ffdcb7ca396149,07d3b54ec0fdc1225638339b73a06dae07dbd5367b724b5a32359fa47942cf31,6aceac9518fc8056052807e666da9d0c8bebb010,0.5,3.13.13
published_qpp_sap_q0,published_qpp,SAP_FLUX,quality_zero_only,tau0_nearest_cadence_indices,regular,predeclared_comparison,scientific_candidate,fase0_tarea09_published_qpp_sap_q0.csv,9549b87917198e1ab88a5018d62eb89ea90fa72c4bc986de4218d1a1bce996fd,4,M1,pow_const_gauss,OK,0.4828785000136122,15,20.002015408681473,20.00201546761673,20.002015411487914,20.002015389036387,20.00201546761673,5.893525667488575e-08,7,7,0.0033329974652642987,0.02333098225685009,0.025,-5.637351645518733,21.00425403631403,0.04242161287335339,0.6467019231005873,140.0537298797157,"[-0.1894304146140826,0.3583619833768812,-19.719871811917766,0.5593939678869909,-4.942026133837846,0.25]",True,"[{""parameter_index"":5,""side"":""upper"",""value"":0.25,""bound"":0.25,""absolute_distance"":0.0}]",0,[],[],,-3.556217839322475,-0.21322889775606058,False,selection_not_reproduced,,,-20.569398449322474,-14.792821097756061,ba303fa13dda064e6d18d06e9d7e75f03039717a02f78b0590ffdcb7ca396149,07d3b54ec0fdc1225638339b73a06dae07dbd5367b724b5a32359fa47942cf31,6aceac9518fc8056052807e666da9d0c8bebb010,0.5,3.13.13
published_qpp_sap_q0,published_qpp,SAP_FLUX,quality_zero_only,tau0_nearest_cadence_indices,regular,predeclared_comparison,scientific_candidate,fase0_tarea09_published_qpp_sap_q0.csv,9549b87917198e1ab88a5018d62eb89ea90fa72c4bc986de4218d1a1bce996fd,4,M2,bpow_const,OK,0.3561487999977544,15,20.002015408681473,20.00201546761673,20.002015411487914,20.002015389036387,20.00201546761673,5.893525667488575e-08,7,7,0.0033329974652642987,0.02333098225685009,0.025,-6.503692271168358,20.79102513855797,0.3992511763530878,0.4696809733298013,,"[-4.5746911557168914,1.0,0.009999135567209291,4.929983375004229,-0.8937870566238871]",True,"[{""parameter_index"":1,""side"":""lower"",""value"":1.0,""bound"":1.0,""absolute_distance"":0.0}]",2,"[""RuntimeWarning: overflow encountered in exp""]","[{""category"":""RuntimeWarning"",""message"":""overflow encountered in exp"",""filename"":""afino_spectral_models.py"",""lineno"":72},{""category"":""RuntimeWarning"",""message"":""overflow encountered in exp"",""filename"":""afino_spectral_models.py"",""lineno"":73}]",,-3.556217839322475,-0.21322889775606058,False,selection_not_reproduced,,,-20.569398449322474,-14.792821097756061,ba303fa13dda064e6d18d06e9d7e75f03039717a02f78b0590ffdcb7ca396149,07d3b54ec0fdc1225638339b73a06dae07dbd5367b724b5a32359fa47942cf31,6aceac9518fc8056052807e666da9d0c8bebb010,0.5,3.13.13
published_qpp_sap_q0,published_qpp,SAP_FLUX,quality_zero_only,tau0_nearest_cadence_indices,regular,predeclared_comparison,scientific_candidate,fase0_tarea09_published_qpp_sap_q0.csv,9549b87917198e1ab88a5018d62eb89ea90fa72c4bc986de4218d1a1bce996fd,5,M0,pow_const,OK,0.1855933000042569,15,20.002015408681473,20.00201546761673,20.002015411487914,20.002015389036387,20.00201546761673,5.893525667488575e-08,7,7,0.0033329974652642987,0.02333098225685009,0.025,-6.7781079490839975,17.448036196278622,0.400157072596088,0.5727634685367515,,"[1.253795693047501,1.0555182883673198,-20.0]",True,"[{""parameter_index"":2,""side"":""lower"",""value"":-20.0,""bound"":-20.0,""absolute_distance"":0.0}]",0,[],[],,-3.5562178405219242,0.009337992407871809,False,selection_not_reproduced,,,-20.569398450521923,-14.570254207592129,ba303fa13dda064e6d18d06e9d7e75f03039717a02f78b0590ffdcb7ca396149,07d3b54ec0fdc1225638339b73a06dae07dbd5367b724b5a32359fa47942cf31,6aceac9518fc8056052807e666da9d0c8bebb010,0.5,3.13.13
published_qpp_sap_q0,published_qpp,SAP_FLUX,quality_zero_only,tau0_nearest_cadence_indices,regular,predeclared_comparison,scientific_candidate,fase0_tarea09_published_qpp_sap_q0.csv,9549b87917198e1ab88a5018d62eb89ea90fa72c4bc986de4218d1a1bce996fd,5,M1,pow_const_gauss,OK,0.44954559998586774,15,20.002015408681473,20.00201546761673,20.002015411487914,20.002015389036387,20.00201546761673,5.893525667488575e-08,7,7,0.0033329974652642987,0.02333098225685009,0.025,-5.63735164576199,21.004254036800546,0.04242147518964658,0.6467022073442315,140.0536600461385,"[-0.18943086756931585,0.3583607938759105,-17.60776151098321,0.5593922140376062,-4.942025635217819,0.25]",True,"[{""parameter_index"":5,""side"":""upper"",""value"":0.25,""bound"":0.25,""absolute_distance"":0.0}]",0,[],[],,-3.5562178405219242,0.009337992407871809,False,selection_not_reproduced,,,-20.569398450521923,-14.570254207592129,ba303fa13dda064e6d18d06e9d7e75f03039717a02f78b0590ffdcb7ca396149,07d3b54ec0fdc1225638339b73a06dae07dbd5367b724b5a32359fa47942cf31,6aceac9518fc8056052807e666da9d0c8bebb010,0.5,3.13.13
published_qpp_sap_q0,published_qpp,SAP_FLUX,quality_zero_only,tau0_nearest_cadence_indices,regular,predeclared_comparison,scientific_candidate,fase0_tarea09_published_qpp_sap_q0.csv,9549b87917198e1ab88a5018d62eb89ea90fa72c4bc986de4218d1a1bce996fd,5,M2,bpow_const,OK,0.3446129000221845,15,20.002015408681473,20.00201546761673,20.002015411487914,20.002015389036387,20.00201546761673,5.893525667488575e-08,7,7,0.0033329974652642987,0.02333098225685009,0.025,-6.614975716493582,21.013592029208418,0.4157709876778264,0.4624237489187162,,"[-4.328487479845502,1.0,0.009998986370951866,1.670857718118617,-4.837730760793701]",True,"[{""parameter_index"":1,""side"":""lower"",""value"":1.0,""bound"":1.0,""absolute_distance"":0.0}]",2,"[""RuntimeWarning: overflow encountered in exp""]","[{""category"":""RuntimeWarning"",""message"":""overflow encountered in exp"",""filename"":""afino_spectral_models.py"",""lineno"":72},{""category"":""RuntimeWarning"",""message"":""overflow encountered in exp"",""filename"":""afino_spectral_models.py"",""lineno"":73}]",,-3.5562178405219242,0.009337992407871809,False,selection_not_reproduced,,,-20.569398450521923,-14.570254207592129,ba303fa13dda064e6d18d06e9d7e75f03039717a02f78b0590ffdcb7ca396149,07d3b54ec0fdc1225638339b73a06dae07dbd5367b724b5a32359fa47942cf31,6aceac9518fc8056052807e666da9d0c8bebb010,0.5,3.13.13
published_qpp_sap_q0,published_qpp,SAP_FLUX,quality_zero_only,tau0_nearest_cadence_indices,regular,predeclared_comparison,scientific_candidate,fase0_tarea09_published_qpp_sap_q0.csv,9549b87917198e1ab88a5018d62eb89ea90fa72c4bc986de4218d1a1bce996fd,6,M0,pow_const,OK,0.16952649998711422,15,20.002015408681473,20.00201546761673,20.002015411487914,20.002015389036387,20.00201546761673,5.893525667488575e-08,7,7,0.0033329974652642987,0.02333098225685009,0.025,-6.77810794975354,17.448036197617707,0.40015613597748434,0.5727640028908657,,"[1.2537973163915406,1.0555190130380383,-19.461449901126166]",False,[],0,[],[],,-3.5562178399028923,-0.0397941030885427,False,selection_not_reproduced,,,-20.56939844990289,-14.619386303088543,ba303fa13dda064e6d18d06e9d7e75f03039717a02f78b0590ffdcb7ca396149,07d3b54ec0fdc1225638339b73a06dae07dbd5367b724b5a32359fa47942cf31,6aceac9518fc8056052807e666da9d0c8bebb010,0.5,3.13.13
published_qpp_sap_q0,published_qpp,SAP_FLUX,quality_zero_only,tau0_nearest_cadence_indices,regular,predeclared_comparison,scientific_candidate,fase0_tarea09_published_qpp_sap_q0.csv,9549b87917198e1ab88a5018d62eb89ea90fa72c4bc986de4218d1a1bce996fd,6,M1,pow_const_gauss,OK,0.45972849999088794,15,20.002015408681473,20.00201546761673,20.002015411487914,20.002015389036387,20.00201546761673,5.893525667488575e-08,7,7,0.0033329974652642987,0.02333098225685009,0.025,-5.637351646122017,21.0042540375206,0.04242073433914022,0.6467037368186425,140.05430872967614,"[-0.1894102509488878,0.3583673449516371,-18.46127474954223,0.5594048458125683,-4.942030266885675,0.25]",True,"[{""parameter_index"":5,""side"":""upper"",""value"":0.25,""bound"":0.25,""absolute_distance"":0.0}]",0,[],[],,-3.5562178399028923,-0.0397941030885427,False,selection_not_reproduced,,,-20.56939844990289,-14.619386303088543,ba303fa13dda064e6d18d06e9d7e75f03039717a02f78b0590ffdcb7ca396149,07d3b54ec0fdc1225638339b73a06dae07dbd5367b724b5a32359fa47942cf31,6aceac9518fc8056052807e666da9d0c8bebb010,0.5,3.13.13
published_qpp_sap_q0,published_qpp,SAP_FLUX,quality_zero_only,tau0_nearest_cadence_indices,regular,predeclared_comparison,scientific_candidate,fase0_tarea09_published_qpp_sap_q0.csv,9549b87917198e1ab88a5018d62eb89ea90fa72c4bc986de4218d1a1bce996fd,6,M2,bpow_const,OK,0.39137150000897236,15,20.002015408681473,20.00201546761673,20.002015411487914,20.002015389036387,20.00201546761673,5.893525667488575e-08,7,7,0.0033329974652642987,0.02333098225685009,0.025,-6.5904096691054015,20.964459934432057,0.41244890590825434,0.463864887679457,,"[-4.375826517161375,1.0,0.009998991737371975,1.9241000733439046,-2.44057620213765]",True,"[{""parameter_index"":1,""side"":""lower"",""value"":1.0,""bound"":1.0,""absolute_distance"":0.0}]",0,[],[],,-3.5562178399028923,-0.0397941030885427,False,selection_not_reproduced,,,-20.56939844990289,-14.619386303088543,ba303fa13dda064e6d18d06e9d7e75f03039717a02f78b0590ffdcb7ca396149,07d3b54ec0fdc1225638339b73a06dae07dbd5367b724b5a32359fa47942cf31,6aceac9518fc8056052807e666da9d0c8bebb010,0.5,3.13.13
published_qpp_sap_q0,published_qpp,SAP_FLUX,quality_zero_only,tau0_nearest_cadence_indices,regular,predeclared_comparison,scientific_candidate,fase0_tarea09_published_qpp_sap_q0.csv,9549b87917198e1ab88a5018d62eb89ea90fa72c4bc986de4218d1a1bce996fd,7,M0,pow_const,OK,0.23353299999143928,15,20.002015408681473,20.00201546761673,20.002015411487914,20.002015389036387,20.00201546761673,5.893525667488575e-08,7,7,0.0033329974652642987,0.02333098225685009,0.025,-6.778107953837426,17.448036205785478,0.4001195816062283,0.5727848582855891,,"[1.2538540432037992,1.055536660003905,-20.0]",True,"[{""parameter_index"":2,""side"":""lower"",""value"":-20.0,""bound"":-20.0,""absolute_distance"":0.0}]",0,[],[],,-3.5562180179585283,-0.2133092645748853,False,selection_not_reproduced,,,-20.569398627958527,-14.792901464574886,ba303fa13dda064e6d18d06e9d7e75f03039717a02f78b0590ffdcb7ca396149,07d3b54ec0fdc1225638339b73a06dae07dbd5367b724b5a32359fa47942cf31,6aceac9518fc8056052807e666da9d0c8bebb010,0.5,3.13.13
published_qpp_sap_q0,published_qpp,SAP_FLUX,quality_zero_only,tau0_nearest_cadence_indices,regular,predeclared_comparison,scientific_candidate,fase0_tarea09_published_qpp_sap_q0.csv,9549b87917198e1ab88a5018d62eb89ea90fa72c4bc986de4218d1a1bce996fd,7,M1,pow_const_gauss,OK,0.5116699000063818,15,20.002015408681473,20.00201546761673,20.002015411487914,20.002015389036387,20.00201546761673,5.893525667488575e-08,7,7,0.0033329974652642987,0.02333098225685009,0.025,-5.63735173923372,21.004254223744006,0.04242412226630237,0.6466967426613957,140.05427471439853,"[-0.18945024262649424,0.35837730016417935,-11.766817169734946,0.5594039636066332,-4.942030024013592,0.25]",True,"[{""parameter_index"":5,""side"":""upper"",""value"":0.25,""bound"":0.25,""absolute_distance"":0.0}]",0,[],[],,-3.5562180179585283,-0.2133092645748853,False,selection_not_reproduced,,,-20.569398627958527,-14.792901464574886,ba303fa13dda064e6d18d06e9d7e75f03039717a02f78b0590ffdcb7ca396149,07d3b54ec0fdc1225638339b73a06dae07dbd5367b724b5a32359fa47942cf31,6aceac9518fc8056052807e666da9d0c8bebb010,0.5,3.13.13
published_qpp_sap_q0,published_qpp,SAP_FLUX,quality_zero_only,tau0_nearest_cadence_indices,regular,predeclared_comparison,scientific_candidate,fase0_tarea09_published_qpp_sap_q0.csv,9549b87917198e1ab88a5018d62eb89ea90fa72c4bc986de4218d1a1bce996fd,7,M2,bpow_const,OK,0.45658309999271296,15,20.002015408681473,20.00201546761673,20.002015411487914,20.002015389036387,20.00201546761673,5.893525667488575e-08,7,7,0.0033329974652642987,0.02333098225685009,0.025,-6.503652181473933,20.79094495916912,0.40000731728924227,0.46934375070388346,,"[-4.57844606913799,1.0,0.009998992253739146,5.026019593080968,-0.8824181379779256]",True,"[{""parameter_index"":1,""side"":""lower"",""value"":1.0,""bound"":1.0,""absolute_distance"":0.0}]",0,[],[],,-3.5562180179585283,-0.2133092645748853,False,selection_not_reproduced,,,-20.569398627958527,-14.792901464574886,ba303fa13dda064e6d18d06e9d7e75f03039717a02f78b0590ffdcb7ca396149,07d3b54ec0fdc1225638339b73a06dae07dbd5367b724b5a32359fa47942cf31,6aceac9518fc8056052807e666da9d0c8bebb010,0.5,3.13.13
published_qpp_sap_q0,published_qpp,SAP_FLUX,quality_zero_only,tau0_nearest_cadence_indices,regular,predeclared_comparison,scientific_candidate,fase0_tarea09_published_qpp_sap_q0.csv,9549b87917198e1ab88a5018d62eb89ea90fa72c4bc986de4218d1a1bce996fd,8,M0,pow_const,OK,0.2050971999997273,15,20.002015408681473,20.00201546761673,20.002015411487914,20.002015389036387,20.00201546761673,5.893525667488575e-08,7,7,0.0033329974652642987,0.02333098225685009,0.025,-6.778107953280274,17.448036204671173,0.4001567009623697,0.572763680558932,,"[1.253796375828845,1.055518643338231,-18.29943182709697]",False,[],0,[],[],,-3.55621783209504,-0.2133070287743557,False,selection_not_reproduced,,,-20.56939844209504,-14.792899228774356,ba303fa13dda064e6d18d06e9d7e75f03039717a02f78b0590ffdcb7ca396149,07d3b54ec0fdc1225638339b73a06dae07dbd5367b724b5a32359fa47942cf31,6aceac9518fc8056052807e666da9d0c8bebb010,0.5,3.13.13
published_qpp_sap_q0,published_qpp,SAP_FLUX,quality_zero_only,tau0_nearest_cadence_indices,regular,predeclared_comparison,scientific_candidate,fase0_tarea09_published_qpp_sap_q0.csv,9549b87917198e1ab88a5018d62eb89ea90fa72c4bc986de4218d1a1bce996fd,8,M1,pow_const_gauss,OK,0.4896139999909792,15,20.002015408681473,20.00201546761673,20.002015411487914,20.002015389036387,20.00201546761673,5.893525667488575e-08,7,7,0.0033329974652642987,0.02333098225685009,0.025,-5.637351645744823,21.004254036766213,0.042421590865363915,0.6467019685353361,140.0537085256304,"[-0.18942992908061937,0.35836215580081315,-17.6429244910561,0.5593936956018785,-4.94202598136717,0.25]",True,"[{""parameter_index"":5,""side"":""upper"",""value"":0.25,""bound"":0.25,""absolute_distance"":0.0}]",0,[],[],,-3.55621783209504,-0.2133070287743557,False,selection_not_reproduced,,,-20.56939844209504,-14.792899228774356,ba303fa13dda064e6d18d06e9d7e75f03039717a02f78b0590ffdcb7ca396149,07d3b54ec0fdc1225638339b73a06dae07dbd5367b724b5a32359fa47942cf31,6aceac9518fc8056052807e666da9d0c8bebb010,0.5,3.13.13
published_qpp_sap_q0,published_qpp,SAP_FLUX,quality_zero_only,tau0_nearest_cadence_indices,regular,predeclared_comparison,scientific_candidate,fase0_tarea09_published_qpp_sap_q0.csv,9549b87917198e1ab88a5018d62eb89ea90fa72c4bc986de4218d1a1bce996fd,8,M2,bpow_const,OK,0.3758042000117712,15,20.002015408681473,20.00201546761673,20.002015411487914,20.002015389036387,20.00201546761673,5.893525667488575e-08,7,7,0.0033329974652642987,0.02333098225685009,0.025,-6.503653205885302,20.790947007991857,0.3990496855631276,0.46977091738723054,,"[-4.577224486665575,1.0,0.009999377234451122,5.048295843816291,-0.880878944344926]",True,"[{""parameter_index"":1,""side"":""lower"",""value"":1.0,""bound"":1.0,""absolute_distance"":0.0}]",4,"[""RuntimeWarning: overflow encountered in exp""]","[{""category"":""RuntimeWarning"",""message"":""overflow encountered in exp"",""filename"":""afino_spectral_models.py"",""lineno"":72},{""category"":""RuntimeWarning"",""message"":""overflow encountered in exp"",""filename"":""afino_spectral_models.py"",""lineno"":73},{""category"":""RuntimeWarning"",""message"":""overflow encountered in exp"",""filename"":""afino_spectral_models.py"",""lineno"":72},{""category"":""RuntimeWarning"",""message"":""overflow encountered in exp"",""filename"":""afino_spectral_models.py"",""lineno"":73}]",,-3.55621783209504,-0.2133070287743557,False,selection_not_reproduced,,,-20.56939844209504,-14.792899228774356,ba303fa13dda064e6d18d06e9d7e75f03039717a02f78b0590ffdcb7ca396149,07d3b54ec0fdc1225638339b73a06dae07dbd5367b724b5a32359fa47942cf31,6aceac9518fc8056052807e666da9d0c8bebb010,0.5,3.13.13
published_qpp_sap_q0,published_qpp,SAP_FLUX,quality_zero_only,tau0_nearest_cadence_indices,regular,predeclared_comparison,scientific_candidate,fase0_tarea09_published_qpp_sap_q0.csv,9549b87917198e1ab88a5018d62eb89ea90fa72c4bc986de4218d1a1bce996fd,9,M0,pow_const,OK,0.16778360001626424,15,20.002015408681473,20.00201546761673,20.002015411487914,20.002015389036387,20.00201546761673,5.893525667488575e-08,7,7,0.0033329974652642987,0.02333098225685009,0.025,-6.778107949941868,17.448036197994362,0.40015632860724076,0.5727638929928108,,"[1.2537982779029997,1.0555209338024738,-19.354378508620556]",False,[],0,[],[],,-3.5562178391293315,-0.21327791262040918,False,selection_not_reproduced,,,-20.56939844912933,-14.79287011262041,ba303fa13dda064e6d18d06e9d7e75f03039717a02f78b0590ffdcb7ca396149,07d3b54ec0fdc1225638339b73a06dae07dbd5367b724b5a32359fa47942cf31,6aceac9518fc8056052807e666da9d0c8bebb010,0.5,3.13.13
published_qpp_sap_q0,published_qpp,SAP_FLUX,quality_zero_only,tau0_nearest_cadence_indices,regular,predeclared_comparison,scientific_candidate,fase0_tarea09_published_qpp_sap_q0.csv,9549b87917198e1ab88a5018d62eb89ea90fa72c4bc986de4218d1a1bce996fd,9,M1,pow_const_gauss,OK,0.5094999999855645,15,20.002015408681473,20.00201546761673,20.002015411487914,20.002015389036387,20.00201546761673,5.893525667488575e-08,7,7,0.0033329974652642987,0.02333098225685009,0.025,-5.637351645923564,21.004254037123694,0.04242198788623075,0.6467011489019586,140.05353670490453,"[-0.1894468453869497,0.3583552126881695,-18.42613907007783,0.5594126240849296,-4.942024754546166,0.25]",True,"[{""parameter_index"":5,""side"":""upper"",""value"":0.25,""bound"":0.25,""absolute_distance"":0.0}]",0,[],[],,-3.5562178391293315,-0.21327791262040918,False,selection_not_reproduced,,,-20.56939844912933,-14.79287011262041,ba303fa13dda064e6d18d06e9d7e75f03039717a02f78b0590ffdcb7ca396149,07d3b54ec0fdc1225638339b73a06dae07dbd5367b724b5a32359fa47942cf31,6aceac9518fc8056052807e666da9d0c8bebb010,0.5,3.13.13
published_qpp_sap_q0,published_qpp,SAP_FLUX,quality_zero_only,tau0_nearest_cadence_indices,regular,predeclared_comparison,scientific_candidate,fase0_tarea09_published_qpp_sap_q0.csv,9549b87917198e1ab88a5018d62eb89ea90fa72c4bc986de4218d1a1bce996fd,9,M2,bpow_const,OK,0.364087300025858,15,20.002015408681473,20.00201546761673,20.002015411487914,20.002015389036387,20.00201546761673,5.893525667488575e-08,7,7,0.0033329974652642987,0.02333098225685009,0.025,-6.503667764141015,20.790976124503285,0.3989915120680302,0.46979689216712006,,"[-4.57562397699967,1.0000000000000089,0.00999925085584341,4.950550968164141,-0.8883816135839484]",True,"[{""parameter_index"":1,""side"":""lower"",""value"":1.0000000000000089,""bound"":1.0,""absolute_distance"":8.881784197001252e-15}]",0,[],[],,-3.5562178391293315,-0.21327791262040918,False,selection_not_reproduced,,,-20.56939844912933,-14.79287011262041,ba303fa13dda064e6d18d06e9d7e75f03039717a02f78b0590ffdcb7ca396149,07d3b54ec0fdc1225638339b73a06dae07dbd5367b724b5a32359fa47942cf31,6aceac9518fc8056052807e666da9d0c8bebb010,0.5,3.13.13
notselected_pdcsap_all,not_selected_qpp,PDCSAP_FLUX,finite_all,tau0_nearest_cadence_indices,regular,predeclared_comparison,scientific_candidate,fase0_tarea09_notselected_pdcsap_all.csv,08ab8a53a42ba3689d919038ae4e8f1b07df4e449b25a862ee6a51e42aa53e72,0,M0,pow_const,OK,0.19877980000455864,15,20.001751300151227,20.00176141737029,20.00175130857055,20.001741182932165,20.00176141737029,1.0117219062522054e-05,7,7,0.003333041474128351,0.023331290318898457,0.025,0.6850341027470224,2.5217520926165817,0.04767818057752621,0.8773045657908909,,"[1.0844591277994935,2.2748560960791795,-2.399543320865463]",False,[],0,[],[],,-5.733565818099137,-1.8833662274745633,False,not_applicable,,,,,ba303fa13dda064e6d18d06e9d7e75f03039717a02f78b0590ffdcb7ca396149,07d3b54ec0fdc1225638339b73a06dae07dbd5367b724b5a32359fa47942cf31,6aceac9518fc8056052807e666da9d0c8bebb010,0.5,3.13.13
notselected_pdcsap_all,not_selected_qpp,PDCSAP_FLUX,finite_all,tau0_nearest_cadence_indices,regular,predeclared_comparison,scientific_candidate,fase0_tarea09_notselected_pdcsap_all.csv,08ab8a53a42ba3689d919038ae4e8f1b07df4e449b25a862ee6a51e42aa53e72,0,M1,pow_const_gauss,OK,0.8560369999904651,15,20.001751300151227,20.00176141737029,20.00175130857055,20.001741182932165,20.00176141737029,1.0117219062522054e-05,7,7,0.003333041474128351,0.023331290318898457,0.025,0.737116417280423,8.25531791071572,0.06861297699612073,0.6020943497241648,49.97945473103294,"[1.0860104788265217,2.1662635575838878,-2.7969824217042873,-4.930288018048293,-3.911612015604056,0.05]",True,"[{""parameter_index"":5,""side"":""lower"",""value"":0.05,""bound"":0.05,""absolute_distance"":0.0}]",0,[],[],,-5.733565818099137,-1.8833662274745633,False,not_applicable,,,,,ba303fa13dda064e6d18d06e9d7e75f03039717a02f78b0590ffdcb7ca396149,07d3b54ec0fdc1225638339b73a06dae07dbd5367b724b5a32359fa47942cf31,6aceac9518fc8056052807e666da9d0c8bebb010,0.5,3.13.13
notselected_pdcsap_all,not_selected_qpp,PDCSAP_FLUX,finite_all,tau0_nearest_cadence_indices,regular,predeclared_comparison,scientific_candidate,fase0_tarea09_notselected_pdcsap_all.csv,08ab8a53a42ba3689d919038ae4e8f1b07df4e449b25a862ee6a51e42aa53e72,0,M2,bpow_const,OK,0.3226102000044193,15,20.001751300151227,20.00176141737029,20.00175130857055,20.001741182932165,20.00176141737029,1.0117219062522054e-05,7,7,0.003333041474128351,0.023331290318898457,0.025,0.7058444564900483,6.371951683241156,0.0648769786322585,0.7226263035636331,,"[-10.943518225955504,2.116645785454226,0.009997897674381076,1.0785312326175551,-18.874957778794514]",False,[],0,[],[],,-5.733565818099137,-1.8833662274745633,False,not_applicable,,,,,ba303fa13dda064e6d18d06e9d7e75f03039717a02f78b0590ffdcb7ca396149,07d3b54ec0fdc1225638339b73a06dae07dbd5367b724b5a32359fa47942cf31,6aceac9518fc8056052807e666da9d0c8bebb010,0.5,3.13.13
notselected_pdcsap_all,not_selected_qpp,PDCSAP_FLUX,finite_all,tau0_nearest_cadence_indices,regular,predeclared_comparison,scientific_candidate,fase0_tarea09_notselected_pdcsap_all.csv,08ab8a53a42ba3689d919038ae4e8f1b07df4e449b25a862ee6a51e42aa53e72,1,M0,pow_const,OK,0.21628580000833608,15,20.001751300151227,20.00176141737029,20.00175130857055,20.001741182932165,20.00176141737029,1.0117219062522054e-05,7,7,0.003333041474128351,0.023331290318898457,0.025,0.6850341027470854,2.5217520926164556,0.0476781582581363,0.877304601035261,,"[1.0844580145681333,2.274854342883586,-2.3995442247878356]",False,[],0,[],[],,-5.7335658177874205,-1.8833688418761918,False,not_applicable,,,,,ba303fa13dda064e6d18d06e9d7e75f03039717a02f78b0590ffdcb7ca396149,07d3b54ec0fdc1225638339b73a06dae07dbd5367b724b5a32359fa47942cf31,6aceac9518fc8056052807e666da9d0c8bebb010,0.5,3.13.13
notselected_pdcsap_all,not_selected_qpp,PDCSAP_FLUX,finite_all,tau0_nearest_cadence_indices,regular,predeclared_comparison,scientific_candidate,fase0_tarea09_notselected_pdcsap_all.csv,08ab8a53a42ba3689d919038ae4e8f1b07df4e449b25a862ee6a51e42aa53e72,1,M1,pow_const_gauss,OK,0.798377300001448,15,20.001751300151227,20.00176141737029,20.00175130857055,20.001741182932165,20.00176141737029,1.0117219062522054e-05,7,7,0.003333041474128351,0.023331290318898457,0.025,0.7371164174363445,8.255317910403877,0.0686132874277804,0.6020939057937267,49.9800217459818,"[1.0860238554019972,2.1662786975064545,-2.7969735699155294,-4.9302773640944375,-3.911623360500385,0.05]",True,"[{""parameter_index"":5,""side"":""lower"",""value"":0.05,""bound"":0.05,""absolute_distance"":0.0}]",0,[],[],,-5.7335658177874205,-1.8833688418761918,False,not_applicable,,,,,ba303fa13dda064e6d18d06e9d7e75f03039717a02f78b0590ffdcb7ca396149,07d3b54ec0fdc1225638339b73a06dae07dbd5367b724b5a32359fa47942cf31,6aceac9518fc8056052807e666da9d0c8bebb010,0.5,3.13.13
notselected_pdcsap_all,not_selected_qpp,PDCSAP_FLUX,finite_all,tau0_nearest_cadence_indices,regular,predeclared_comparison,scientific_candidate,fase0_tarea09_notselected_pdcsap_all.csv,08ab8a53a42ba3689d919038ae4e8f1b07df4e449b25a862ee6a51e42aa53e72,1,M2,bpow_const,OK,0.3769752000225708,15,20.001751300151227,20.00176141737029,20.00175130857055,20.001741182932165,20.00176141737029,1.0117219062522054e-05,7,7,0.003333041474128351,0.023331290318898457,0.025,0.7058457638467841,6.371949068527685,0.06482128483683176,0.7227140518867037,,"[-10.94276259469943,2.1165750227164786,0.0099988996868219,1.0783566150886366,-13.964722754735522]",False,[],0,[],[],,-5.7335658177874205,-1.8833688418761918,False,not_applicable,,,,,ba303fa13dda064e6d18d06e9d7e75f03039717a02f78b0590ffdcb7ca396149,07d3b54ec0fdc1225638339b73a06dae07dbd5367b724b5a32359fa47942cf31,6aceac9518fc8056052807e666da9d0c8bebb010,0.5,3.13.13
notselected_pdcsap_all,not_selected_qpp,PDCSAP_FLUX,finite_all,tau0_nearest_cadence_indices,regular,predeclared_comparison,scientific_candidate,fase0_tarea09_notselected_pdcsap_all.csv,08ab8a53a42ba3689d919038ae4e8f1b07df4e449b25a862ee6a51e42aa53e72,2,M0,pow_const,OK,0.1963030000042636,15,20.001751300151227,20.00176141737029,20.00175130857055,20.001741182932165,20.00176141737029,1.0117219062522054e-05,7,7,0.003333041474128351,0.023331290318898457,0.025,0.6850341027473483,2.52175209261593,0.047678164222246355,0.8773045916173818,,"[1.0844588161979198,2.274854965681435,-2.3995442303364896]",False,[],0,[],[],,-5.733565877555289,-1.8833646482462205,False,not_applicable,,,,,ba303fa13dda064e6d18d06e9d7e75f03039717a02f78b0590ffdcb7ca396149,07d3b54ec0fdc1225638339b73a06dae07dbd5367b724b5a32359fa47942cf31,6aceac9518fc8056052807e666da9d0c8bebb010,0.5,3.13.13
notselected_pdcsap_all,not_selected_qpp,PDCSAP_FLUX,finite_all,tau0_nearest_cadence_indices,regular,predeclared_comparison,scientific_candidate,fase0_tarea09_notselected_pdcsap_all.csv,08ab8a53a42ba3689d919038ae4e8f1b07df4e449b25a862ee6a51e42aa53e72,2,M1,pow_const_gauss,OK,0.6571431000193115,15,20.001751300151227,20.00176141737029,20.00175130857055,20.001741182932165,20.00176141737029,1.0117219062522054e-05,7,7,0.003333041474128351,0.023331290318898457,0.025,0.737116387552673,8.25531797017122,0.06861811966783155,0.6020869956841863,49.97278376536479,"[1.0861110337325552,2.1664116152848614,-2.7968683205572713,-4.9295846727100665,-3.911478532536975,0.05]",True,"[{""parameter_index"":5,""side"":""lower"",""value"":0.05,""bound"":0.05,""absolute_distance"":0.0}]",0,[],[],,-5.733565877555289,-1.8833646482462205,False,not_applicable,,,,,ba303fa13dda064e6d18d06e9d7e75f03039717a02f78b0590ffdcb7ca396149,07d3b54ec0fdc1225638339b73a06dae07dbd5367b724b5a32359fa47942cf31,6aceac9518fc8056052807e666da9d0c8bebb010,0.5,3.13.13
notselected_pdcsap_all,not_selected_qpp,PDCSAP_FLUX,finite_all,tau0_nearest_cadence_indices,regular,predeclared_comparison,scientific_candidate,fase0_tarea09_notselected_pdcsap_all.csv,08ab8a53a42ba3689d919038ae4e8f1b07df4e449b25a862ee6a51e42aa53e72,2,M2,bpow_const,OK,0.33708430000115186,15,20.001751300151227,20.00176141737029,20.00175130857055,20.001741182932165,20.00176141737029,1.0117219062522054e-05,7,7,0.003333041474128351,0.023331290318898457,0.025,0.7058436371481269,6.371953321924999,0.06481354134361948,0.7227262560182197,,"[-10.943136051170786,2.116632348946223,0.009995758837651875,1.0786677763948322,-12.471443126944799]",False,[],1,"[""RuntimeWarning: overflow encountered in exp""]","[{""category"":""RuntimeWarning"",""message"":""overflow encountered in exp"",""filename"":""afino_spectral_models.py"",""lineno"":31}]",,-5.733565877555289,-1.8833646482462205,False,not_applicable,,,,,ba303fa13dda064e6d18d06e9d7e75f03039717a02f78b0590ffdcb7ca396149,07d3b54ec0fdc1225638339b73a06dae07dbd5367b724b5a32359fa47942cf31,6aceac9518fc8056052807e666da9d0c8bebb010,0.5,3.13.13
notselected_pdcsap_all,not_selected_qpp,PDCSAP_FLUX,finite_all,tau0_nearest_cadence_indices,regular,predeclared_comparison,scientific_candidate,fase0_tarea09_notselected_pdcsap_all.csv,08ab8a53a42ba3689d919038ae4e8f1b07df4e449b25a862ee6a51e42aa53e72,3,M0,pow_const,OK,0.18026329998974688,15,20.001751300151227,20.00176141737029,20.00175130857055,20.001741182932165,20.00176141737029,1.0117219062522054e-05,7,7,0.003333041474128351,0.023331290318898457,0.025,0.6850341027472764,2.5217520926160737,0.047678169708998436,0.8773045829532953,,"[1.0844588204534547,2.2748554122658753,-2.399543744567363]",False,[],0,[],[],,-5.733565817763164,-1.883353742533127,False,not_applicable,,,,,ba303fa13dda064e6d18d06e9d7e75f03039717a02f78b0590ffdcb7ca396149,07d3b54ec0fdc1225638339b73a06dae07dbd5367b724b5a32359fa47942cf31,6aceac9518fc8056052807e666da9d0c8bebb010,0.5,3.13.13
notselected_pdcsap_all,not_selected_qpp,PDCSAP_FLUX,finite_all,tau0_nearest_cadence_indices,regular,predeclared_comparison,scientific_candidate,fase0_tarea09_notselected_pdcsap_all.csv,08ab8a53a42ba3689d919038ae4e8f1b07df4e449b25a862ee6a51e42aa53e72,3,M1,pow_const_gauss,OK,0.6651840999838896,15,20.001751300151227,20.00176141737029,20.00175130857055,20.001741182932165,20.00176141737029,1.0117219062522054e-05,7,7,0.003333041474128351,0.023331290318898457,0.025,0.7371164174486635,8.255317910379238,0.06861304385128025,0.6020942541183214,49.97971496821917,"[1.0860239737955377,2.16627583442881,-2.7969773193049026,-4.930269394705696,-3.9116172224737613,0.05]",True,"[{""parameter_index"":5,""side"":""lower"",""value"":0.05,""bound"":0.05,""absolute_distance"":0.0}]",0,[],[],,-5.733565817763164,-1.883353742533127,False,not_applicable,,,,,ba303fa13dda064e6d18d06e9d7e75f03039717a02f78b0590ffdcb7ca396149,07d3b54ec0fdc1225638339b73a06dae07dbd5367b724b5a32359fa47942cf31,6aceac9518fc8056052807e666da9d0c8bebb010,0.5,3.13.13
notselected_pdcsap_all,not_selected_qpp,PDCSAP_FLUX,finite_all,tau0_nearest_cadence_indices,regular,predeclared_comparison,scientific_candidate,fase0_tarea09_notselected_pdcsap_all.csv,08ab8a53a42ba3689d919038ae4e8f1b07df4e449b25a862ee6a51e42aa53e72,3,M2,bpow_const,OK,0.24244559998624027,15,20.001751300151227,20.00176141737029,20.00175130857055,20.001741182932165,20.00176141737029,1.0117219062522054e-05,7,7,0.003333041474128351,0.023331290318898457,0.025,0.7058382141875708,6.371964167846111,0.06462666322655179,0.7230210728157669,,"[-10.949727978202255,2.1180671018092476,0.009998235768714158,1.0753699904826783,-15.97941754380819]",False,[],0,[],[],,-5.733565817763164,-1.883353742533127,False,not_applicable,,,,,ba303fa13dda064e6d18d06e9d7e75f03039717a02f78b0590ffdcb7ca396149,07d3b54ec0fdc1225638339b73a06dae07dbd5367b724b5a32359fa47942cf31,6aceac9518fc8056052807e666da9d0c8bebb010,0.5,3.13.13
notselected_pdcsap_all,not_selected_qpp,PDCSAP_FLUX,finite_all,tau0_nearest_cadence_indices,regular,predeclared_comparison,scientific_candidate,fase0_tarea09_notselected_pdcsap_all.csv,08ab8a53a42ba3689d919038ae4e8f1b07df4e449b25a862ee6a51e42aa53e72,4,M0,pow_const,OK,0.19928930001333356,15,20.001751300151227,20.00176141737029,20.00175130857055,20.001741182932165,20.00176141737029,1.0117219062522054e-05,7,7,0.003333041474128351,0.023331290318898457,0.025,0.685034102747287,2.5217520926160524,0.04767816585711638,0.8773045890357716,,"[1.0844590305673374,2.2748552914745597,-2.399544019033259]",False,[],0,[],[],,-5.733565817756926,-1.8833692010756513,False,not_applicable,,,,,ba303fa13dda064e6d18d06e9d7e75f03039717a02f78b0590ffdcb7ca396149,07d3b54ec0fdc1225638339b73a06dae07dbd5367b724b5a32359fa47942cf31,6aceac9518fc8056052807e666da9d0c8bebb010,0.5,3.13.13
notselected_pdcsap_all,not_selected_qpp,PDCSAP_FLUX,finite_all,tau0_nearest_cadence_indices,regular,predeclared_comparison,scientific_candidate,fase0_tarea09_notselected_pdcsap_all.csv,08ab8a53a42ba3689d919038ae4e8f1b07df4e449b25a862ee6a51e42aa53e72,4,M1,pow_const_gauss,OK,0.711412599979667,15,20.001751300151227,20.00176141737029,20.00175130857055,20.001741182932165,20.00176141737029,1.0117219062522054e-05,7,7,0.003333041474128351,0.023331290318898457,0.025,0.7371164174517935,8.255317910372979,0.06861312324415311,0.6020941405830843,49.979713371033796,"[1.0860262681019195,2.166277265062714,-2.7969805486109927,-4.93026510658034,-3.9116171905170884,0.05]",True,"[{""parameter_index"":5,""side"":""lower"",""value"":0.05,""bound"":0.05,""absolute_distance"":0.0}]",0,[],[],,-5.733565817756926,-1.8833692010756513,False,not_applicable,,,,,ba303fa13dda064e6d18d06e9d7e75f03039717a02f78b0590ffdcb7ca396149,07d3b54ec0fdc1225638339b73a06dae07dbd5367b724b5a32359fa47942cf31,6aceac9518fc8056052807e666da9d0c8bebb010,0.5,3.13.13
notselected_pdcsap_all,not_selected_qpp,PDCSAP_FLUX,finite_all,tau0_nearest_cadence_indices,regular,predeclared_comparison,scientific_candidate,fase0_tarea09_notselected_pdcsap_all.csv,08ab8a53a42ba3689d919038ae4e8f1b07df4e449b25a862ee6a51e42aa53e72,4,M2,bpow_const,OK,0.32679160000407137,15,20.001751300151227,20.00176141737029,20.00175130857055,20.001741182932165,20.00176141737029,1.0117219062522054e-05,7,7,0.003333041474128351,0.023331290318898457,0.025,0.7058459434619628,6.371948709297327,0.06482271794684416,0.7227117933376568,,"[-10.94198703084928,2.116412990598264,0.009999123302386278,1.078381737556877,-16.908873099118114]",False,[],0,[],[],,-5.733565817756926,-1.8833692010756513,False,not_applicable,,,,,ba303fa13dda064e6d18d06e9d7e75f03039717a02f78b0590ffdcb7ca396149,07d3b54ec0fdc1225638339b73a06dae07dbd5367b724b5a32359fa47942cf31,6aceac9518fc8056052807e666da9d0c8bebb010,0.5,3.13.13
notselected_pdcsap_all,not_selected_qpp,PDCSAP_FLUX,finite_all,tau0_nearest_cadence_indices,regular,predeclared_comparison,scientific_candidate,fase0_tarea09_notselected_pdcsap_all.csv,08ab8a53a42ba3689d919038ae4e8f1b07df4e449b25a862ee6a51e42aa53e72,5,M0,pow_const,OK,0.18257530001574196,15,20.001751300151227,20.00176141737029,20.00175130857055,20.001741182932165,20.00176141737029,1.0117219062522054e-05,7,7,0.003333041474128351,0.023331290318898457,0.025,0.6850341027473261,2.521752092615974,0.04767816304384725,0.8773045934781826,,"[1.0844588811324805,2.274855190488387,-2.399543963817757]",False,[],0,[],[],,-5.733565817875672,-1.8833422346859559,False,not_applicable,,,,,ba303fa13dda064e6d18d06e9d7e75f03039717a02f78b0590ffdcb7ca396149,07d3b54ec0fdc1225638339b73a06dae07dbd5367b724b5a32359fa47942cf31,6aceac9518fc8056052807e666da9d0c8bebb010,0.5,3.13.13
notselected_pdcsap_all,not_selected_qpp,PDCSAP_FLUX,finite_all,tau0_nearest_cadence_indices,regular,predeclared_comparison,scientific_candidate,fase0_tarea09_notselected_pdcsap_all.csv,08ab8a53a42ba3689d919038ae4e8f1b07df4e449b25a862ee6a51e42aa53e72,5,M1,pow_const_gauss,OK,0.7410371000005398,15,20.001751300151227,20.00176141737029,20.00175130857055,20.001741182932165,20.00176141737029,1.0117219062522054e-05,7,7,0.003333041474128351,0.023331290318898457,0.025,0.7371164173924596,8.255317910491646,0.06861330071682091,0.6020938867898695,49.97972308075202,"[1.0860327739966484,2.166283845818738,-2.7969796201683725,-4.930280539334489,-3.911617384790257,0.05]",True,"[{""parameter_index"":5,""side"":""lower"",""value"":0.05,""bound"":0.05,""absolute_distance"":0.0}]",0,[],[],,-5.733565817875672,-1.8833422346859559,False,not_applicable,,,,,ba303fa13dda064e6d18d06e9d7e75f03039717a02f78b0590ffdcb7ca396149,07d3b54ec0fdc1225638339b73a06dae07dbd5367b724b5a32359fa47942cf31,6aceac9518fc8056052807e666da9d0c8bebb010,0.5,3.13.13
notselected_pdcsap_all,not_selected_qpp,PDCSAP_FLUX,finite_all,tau0_nearest_cadence_indices,regular,predeclared_comparison,scientific_candidate,fase0_tarea09_notselected_pdcsap_all.csv,08ab8a53a42ba3689d919038ae4e8f1b07df4e449b25a862ee6a51e42aa53e72,5,M2,bpow_const,OK,0.2969089999969583,15,20.001751300151227,20.00176141737029,20.00175130857055,20.001741182932165,20.00176141737029,1.0117219062522054e-05,7,7,0.003333041474128351,0.023331290318898457,0.025,0.7058324602077812,6.3719756758056905,0.06500558615286389,0.7224238627871606,,"[-10.924783963308393,2.112855100252294,0.009998297849252866,1.082647309486881,-16.496196990007068]",False,[],0,[],[],,-5.733565817875672,-1.8833422346859559,False,not_applicable,,,,,ba303fa13dda064e6d18d06e9d7e75f03039717a02f78b0590ffdcb7ca396149,07d3b54ec0fdc1225638339b73a06dae07dbd5367b724b5a32359fa47942cf31,6aceac9518fc8056052807e666da9d0c8bebb010,0.5,3.13.13
notselected_pdcsap_all,not_selected_qpp,PDCSAP_FLUX,finite_all,tau0_nearest_cadence_indices,regular,predeclared_comparison,scientific_candidate,fase0_tarea09_notselected_pdcsap_all.csv,08ab8a53a42ba3689d919038ae4e8f1b07df4e449b25a862ee6a51e42aa53e72,6,M0,pow_const,OK,0.17710289999376982,15,20.001751300151227,20.00176141737029,20.00175130857055,20.001741182932165,20.00176141737029,1.0117219062522054e-05,7,7,0.003333041474128351,0.023331290318898457,0.025,0.6850341027471476,2.5217520926163313,0.04767815495672769,0.8773046062484895,,"[1.0844589801682196,2.274855783026146,-2.3995430971039196]",False,[],0,[],[],,-5.733565817792153,-1.8833686506074896,False,not_applicable,,,,,ba303fa13dda064e6d18d06e9d7e75f03039717a02f78b0590ffdcb7ca396149,07d3b54ec0fdc1225638339b73a06dae07dbd5367b724b5a32359fa47942cf31,6aceac9518fc8056052807e666da9d0c8bebb010,0.5,3.13.13
notselected_pdcsap_all,not_selected_qpp,PDCSAP_FLUX,finite_all,tau0_nearest_cadence_indices,regular,predeclared_comparison,scientific_candidate,fase0_tarea09_notselected_pdcsap_all.csv,08ab8a53a42ba3689d919038ae4e8f1b07df4e449b25a862ee6a51e42aa53e72,6,M1,pow_const_gauss,OK,0.6477575000026263,15,20.001751300151227,20.00176141737029,20.00175130857055,20.001741182932165,20.00176141737029,1.0117219062522054e-05,7,7,0.003333041474128351,0.023331290318898457,0.025,0.7371164174340405,8.255317910408484,0.06861311973729133,0.6020941455980461,49.97986763029676,"[1.086029290238105,2.1662784260061168,-2.7969844751417474,-4.930264906589101,-3.911620276949853,0.05]",True,"[{""parameter_index"":5,""side"":""lower"",""value"":0.05,""bound"":0.05,""absolute_distance"":0.0}]",0,[],[],,-5.733565817792153,-1.8833686506074896,False,not_applicable,,,,,ba303fa13dda064e6d18d06e9d7e75f03039717a02f78b0590ffdcb7ca396149,07d3b54ec0fdc1225638339b73a06dae07dbd5367b724b5a32359fa47942cf31,6aceac9518fc8056052807e666da9d0c8bebb010,0.5,3.13.13
notselected_pdcsap_all,not_selected_qpp,PDCSAP_FLUX,finite_all,tau0_nearest_cadence_indices,regular,predeclared_comparison,scientific_candidate,fase0_tarea09_notselected_pdcsap_all.csv,08ab8a53a42ba3689d919038ae4e8f1b07df4e449b25a862ee6a51e42aa53e72,6,M2,bpow_const,OK,0.3226630999997724,15,20.001751300151227,20.00176141737029,20.00175130857055,20.001741182932165,20.00176141737029,1.0117219062522054e-05,7,7,0.003333041474128351,0.023331290318898457,0.025,0.7058456682101291,6.371949259800995,0.0648498144722998,0.7226690959252675,,"[-10.944380867228316,2.116879044675267,0.009999040862322062,1.0783234182278694,-15.684812810360453]",False,[],0,[],[],,-5.733565817792153,-1.8833686506074896,False,not_applicable,,,,,ba303fa13dda064e6d18d06e9d7e75f03039717a02f78b0590ffdcb7ca396149,07d3b54ec0fdc1225638339b73a06dae07dbd5367b724b5a32359fa47942cf31,6aceac9518fc8056052807e666da9d0c8bebb010,0.5,3.13.13
notselected_pdcsap_all,not_selected_qpp,PDCSAP_FLUX,finite_all,tau0_nearest_cadence_indices,regular,predeclared_comparison,scientific_candidate,fase0_tarea09_notselected_pdcsap_all.csv,08ab8a53a42ba3689d919038ae4e8f1b07df4e449b25a862ee6a51e42aa53e72,7,M0,pow_const,OK,0.22236179999890737,15,20.001751300151227,20.00176141737029,20.00175130857055,20.001741182932165,20.00176141737029,1.0117219062522054e-05,7,7,0.003333041474128351,0.023331290318898457,0.025,0.6850341027473119,2.5217520926160026,0.047678171383740364,0.8773045803087238,,"[1.08445852479082,2.2748548227571037,-2.3995443023193754]",False,[],0,[],[],,-5.7335664010339755,-1.8869184431717452,False,not_applicable,,,,,ba303fa13dda064e6d18d06e9d7e75f03039717a02f78b0590ffdcb7ca396149,07d3b54ec0fdc1225638339b73a06dae07dbd5367b724b5a32359fa47942cf31,6aceac9518fc8056052807e666da9d0c8bebb010,0.5,3.13.13
notselected_pdcsap_all,not_selected_qpp,PDCSAP_FLUX,finite_all,tau0_nearest_cadence_indices,regular,predeclared_comparison,scientific_candidate,fase0_tarea09_notselected_pdcsap_all.csv,08ab8a53a42ba3689d919038ae4e8f1b07df4e449b25a862ee6a51e42aa53e72,7,M1,pow_const_gauss,OK,0.6289008000167087,15,20.001751300151227,20.00176141737029,20.00175130857055,20.001741182932165,20.00176141737029,1.0117219062522054e-05,7,7,0.003333041474128351,0.023331290318898457,0.025,0.7371161258132934,8.255318493649979,0.06860261434341552,0.6021091696412856,49.93357283161876,"[1.0859388925111335,2.165920324972122,-2.7976970972132533,-4.930671873640147,-3.9106935787643633,0.05]",True,"[{""parameter_index"":5,""side"":""lower"",""value"":0.05,""bound"":0.05,""absolute_distance"":0.0}]",0,[],[],,-5.7335664010339755,-1.8869184431717452,False,not_applicable,,,,,ba303fa13dda064e6d18d06e9d7e75f03039717a02f78b0590ffdcb7ca396149,07d3b54ec0fdc1225638339b73a06dae07dbd5367b724b5a32359fa47942cf31,6aceac9518fc8056052807e666da9d0c8bebb010,0.5,3.13.13
notselected_pdcsap_all,not_selected_qpp,PDCSAP_FLUX,finite_all,tau0_nearest_cadence_indices,regular,predeclared_comparison,scientific_candidate,fase0_tarea09_notselected_pdcsap_all.csv,08ab8a53a42ba3689d919038ae4e8f1b07df4e449b25a862ee6a51e42aa53e72,7,M2,bpow_const,OK,0.40643880001152866,15,20.001751300151227,20.00176141737029,20.00175130857055,20.001741182932165,20.00176141737029,1.0117219062522054e-05,7,7,0.003333041474128351,0.023331290318898457,0.025,0.7076202728715097,6.368400050478233,0.06260833184570695,0.7262410207359262,,"[-12.181643120752298,2.3244059283505454,0.019998760248204874,9.0,-2.2779702841282012]",True,"[{""parameter_index"":3,""side"":""upper"",""value"":9.0,""bound"":9.0,""absolute_distance"":0.0}]",23,"[""RuntimeWarning: invalid value encountered in subtract"",""RuntimeWarning: overflow encountered in exp""]","[{""category"":""RuntimeWarning"",""message"":""overflow encountered in exp"",""filename"":""afino_spectral_models.py"",""lineno"":72},{""category"":""RuntimeWarning"",""message"":""overflow encountered in exp"",""filename"":""afino_spectral_models.py"",""lineno"":73},{""category"":""RuntimeWarning"",""message"":""overflow encountered in exp"",""filename"":""afino_spectral_models.py"",""lineno"":31},{""category"":""RuntimeWarning"",""message"":""overflow encountered in exp"",""filename"":""afino_spectral_models.py"",""lineno"":72},{""category"":""RuntimeWarning"",""message"":""overflow encountered in exp"",""filename"":""afino_spectral_models.py"",""lineno"":73},{""category"":""RuntimeWarning"",""message"":""overflow encountered in exp"",""filename"":""afino_spectral_models.py"",""lineno"":31},{""category"":""RuntimeWarning"",""message"":""invalid value encountered in subtract"",""filename"":""_numdiff.py"",""lineno"":710},{""category"":""RuntimeWarning"",""message"":""overflow encountered in exp"",""filename"":""afino_spectral_models.py"",""lineno"":72},{""category"":""RuntimeWarning"",""message"":""overflow encountered in exp"",""filename"":""afino_spectral_models.py"",""lineno"":73},{""category"":""RuntimeWarning"",""message"":""overflow encountered in exp"",""filename"":""afino_spectral_models.py"",""lineno"":31},{""category"":""RuntimeWarning"",""message"":""invalid value encountered in subtract"",""filename"":""_numdiff.py"",""lineno"":710},{""category"":""RuntimeWarning"",""message"":""overflow encountered in exp"",""filename"":""afino_spectral_models.py"",""lineno"":72},{""category"":""RuntimeWarning"",""message"":""overflow encountered in exp"",""filename"":""afino_spectral_models.py"",""lineno"":73},{""category"":""RuntimeWarning"",""message"":""overflow encountered in exp"",""filename"":""afino_spectral_models.py"",""lineno"":31},{""category"":""RuntimeWarning"",""message"":""invalid value encountered in subtract"",""filename"":""_numdiff.py"",""lineno"":710},{""category"":""RuntimeWarning"",""message"":""overflow encountered in exp"",""filename"":""afino_spectral_models.py"",""lineno"":72},{""category"":""RuntimeWarning"",""message"":""overflow encountered in exp"",""filename"":""afino_spectral_models.py"",""lineno"":73},{""category"":""RuntimeWarning"",""message"":""overflow encountered in exp"",""filename"":""afino_spectral_models.py"",""lineno"":31},{""category"":""RuntimeWarning"",""message"":""invalid value encountered in subtract"",""filename"":""_numdiff.py"",""lineno"":710},{""category"":""RuntimeWarning"",""message"":""overflow encountered in exp"",""filename"":""afino_spectral_models.py"",""lineno"":72},{""category"":""RuntimeWarning"",""message"":""overflow encountered in exp"",""filename"":""afino_spectral_models.py"",""lineno"":73},{""category"":""RuntimeWarning"",""message"":""overflow encountered in exp"",""filename"":""afino_spectral_models.py"",""lineno"":31},{""category"":""RuntimeWarning"",""message"":""invalid value encountered in subtract"",""filename"":""_numdiff.py"",""lineno"":710}]",,-5.7335664010339755,-1.8869184431717452,False,not_applicable,,,,,ba303fa13dda064e6d18d06e9d7e75f03039717a02f78b0590ffdcb7ca396149,07d3b54ec0fdc1225638339b73a06dae07dbd5367b724b5a32359fa47942cf31,6aceac9518fc8056052807e666da9d0c8bebb010,0.5,3.13.13
notselected_pdcsap_all,not_selected_qpp,PDCSAP_FLUX,finite_all,tau0_nearest_cadence_indices,regular,predeclared_comparison,scientific_candidate,fase0_tarea09_notselected_pdcsap_all.csv,08ab8a53a42ba3689d919038ae4e8f1b07df4e449b25a862ee6a51e42aa53e72,8,M0,pow_const,OK,0.17868820001604035,15,20.001751300151227,20.00176141737029,20.00175130857055,20.001741182932165,20.00176141737029,1.0117219062522054e-05,7,7,0.003333041474128351,0.023331290318898457,0.025,0.6850341027473537,2.521752092615919,0.04767816197833424,0.8773045951607258,,"[1.0844587255377396,2.27485470995172,-2.399544446946742]",False,[],0,[],[],,-5.7335658178785405,-1.883090725064819,False,not_applicable,,,,,ba303fa13dda064e6d18d06e9d7e75f03039717a02f78b0590ffdcb7ca396149,07d3b54ec0fdc1225638339b73a06dae07dbd5367b724b5a32359fa47942cf31,6aceac9518fc8056052807e666da9d0c8bebb010,0.5,3.13.13
notselected_pdcsap_all,not_selected_qpp,PDCSAP_FLUX,finite_all,tau0_nearest_cadence_indices,regular,predeclared_comparison,scientific_candidate,fase0_tarea09_notselected_pdcsap_all.csv,08ab8a53a42ba3689d919038ae4e8f1b07df4e449b25a862ee6a51e42aa53e72,8,M1,pow_const_gauss,OK,0.7685384000069462,15,20.001751300151227,20.00176141737029,20.00175130857055,20.001741182932165,20.00176141737029,1.0117219062522054e-05,7,7,0.003333041474128351,0.023331290318898457,0.025,0.7371164173910527,8.25531791049446,0.06861366547115416,0.6020933651777505,49.980103455904406,"[1.0860203336502279,2.166279033230764,-2.796973129522397,-4.93027239643964,-3.9116249953507305,0.05]",True,"[{""parameter_index"":5,""side"":""lower"",""value"":0.05,""bound"":0.05,""absolute_distance"":0.0}]",0,[],[],,-5.7335658178785405,-1.883090725064819,False,not_applicable,,,,,ba303fa13dda064e6d18d06e9d7e75f03039717a02f78b0590ffdcb7ca396149,07d3b54ec0fdc1225638339b73a06dae07dbd5367b724b5a32359fa47942cf31,6aceac9518fc8056052807e666da9d0c8bebb010,0.5,3.13.13
notselected_pdcsap_all,not_selected_qpp,PDCSAP_FLUX,finite_all,tau0_nearest_cadence_indices,regular,predeclared_comparison,scientific_candidate,fase0_tarea09_notselected_pdcsap_all.csv,08ab8a53a42ba3689d919038ae4e8f1b07df4e449b25a862ee6a51e42aa53e72,8,M2,bpow_const,OK,0.31006889999844134,15,20.001751300151227,20.00176141737029,20.00175130857055,20.001741182932165,20.00176141737029,1.0117219062522054e-05,7,7,0.003333041474128351,0.023331290318898457,0.025,0.7057067053958059,6.372227185429641,0.06491383255283391,0.7225682652819532,,"[-10.975534713835236,2.122427174156804,0.00999911454478081,1.087463117102858,-6.338495652909488]",False,[],0,[],[],,-5.7335658178785405,-1.883090725064819,False,not_applicable,,,,,ba303fa13dda064e6d18d06e9d7e75f03039717a02f78b0590ffdcb7ca396149,07d3b54ec0fdc1225638339b73a06dae07dbd5367b724b5a32359fa47942cf31,6aceac9518fc8056052807e666da9d0c8bebb010,0.5,3.13.13
notselected_pdcsap_all,not_selected_qpp,PDCSAP_FLUX,finite_all,tau0_nearest_cadence_indices,regular,predeclared_comparison,scientific_candidate,fase0_tarea09_notselected_pdcsap_all.csv,08ab8a53a42ba3689d919038ae4e8f1b07df4e449b25a862ee6a51e42aa53e72,9,M0,pow_const,OK,0.19408880002447404,15,20.001751300151227,20.00176141737029,20.00175130857055,20.001741182932165,20.00176141737029,1.0117219062522054e-05,7,7,0.003333041474128351,0.023331290318898457,0.025,0.6850341027473092,2.521752092616008,0.04767816240079903,0.877304594493615,,"[1.0844584837341418,2.2748548718705828,-2.3995440204241865]",False,[],0,[],[],,-5.733565817759423,-1.8822762427123587,False,not_applicable,,,,,ba303fa13dda064e6d18d06e9d7e75f03039717a02f78b0590ffdcb7ca396149,07d3b54ec0fdc1225638339b73a06dae07dbd5367b724b5a32359fa47942cf31,6aceac9518fc8056052807e666da9d0c8bebb010,0.5,3.13.13
notselected_pdcsap_all,not_selected_qpp,PDCSAP_FLUX,finite_all,tau0_nearest_cadence_indices,regular,predeclared_comparison,scientific_candidate,fase0_tarea09_notselected_pdcsap_all.csv,08ab8a53a42ba3689d919038ae4e8f1b07df4e449b25a862ee6a51e42aa53e72,9,M1,pow_const_gauss,OK,0.79357749997871,15,20.001751300151227,20.00176141737029,20.00175130857055,20.001741182932165,20.00176141737029,1.0117219062522054e-05,7,7,0.003333041474128351,0.023331290318898457,0.025,0.7371164174505669,8.255317910375432,0.06861330451957721,0.6020938813517769,49.97970895922331,"[1.0860261537413944,2.1662810618879154,-2.796971827281157,-4.930258379745307,-3.91161710224506,0.05]",True,"[{""parameter_index"":5,""side"":""lower"",""value"":0.05,""bound"":0.05,""absolute_distance"":0.0}]",0,[],[],,-5.733565817759423,-1.8822762427123587,False,not_applicable,,,,,ba303fa13dda064e6d18d06e9d7e75f03039717a02f78b0590ffdcb7ca396149,07d3b54ec0fdc1225638339b73a06dae07dbd5367b724b5a32359fa47942cf31,6aceac9518fc8056052807e666da9d0c8bebb010,0.5,3.13.13
notselected_pdcsap_all,not_selected_qpp,PDCSAP_FLUX,finite_all,tau0_nearest_cadence_indices,regular,predeclared_comparison,scientific_candidate,fase0_tarea09_notselected_pdcsap_all.csv,08ab8a53a42ba3689d919038ae4e8f1b07df4e449b25a862ee6a51e42aa53e72,9,M2,bpow_const,OK,0.34125960001256317,15,20.001751300151227,20.00176141737029,20.00175130857055,20.001741182932165,20.00176141737029,1.0117219062522054e-05,7,7,0.003333041474128351,0.023331290318898457,0.025,0.70529946427909,6.373041667663073,0.06545541959241284,0.721717820158718,,"[-11.060212187639378,2.137267537047528,0.009998139708301934,1.1160989238378507,-5.034954836161723]",False,[],0,[],[],,-5.733565817759423,-1.8822762427123587,False,not_applicable,,,,,ba303fa13dda064e6d18d06e9d7e75f03039717a02f78b0590ffdcb7ca396149,07d3b54ec0fdc1225638339b73a06dae07dbd5367b724b5a32359fa47942cf31,6aceac9518fc8056052807e666da9d0c8bebb010,0.5,3.13.13
notselected_sap_all,not_selected_qpp,SAP_FLUX,finite_all,tau0_nearest_cadence_indices,regular,predeclared_comparison,scientific_candidate,fase0_tarea09_notselected_sap_all.csv,37aa5c2a866a303caeb48aaf51dacebe5757134ecaa56220599288fdfc4c3bab,0,M0,pow_const,OK,0.19550249999156222,15,20.001751300151227,20.00176141737029,20.00175130857055,20.001741182932165,20.00176141737029,1.0117219062522054e-05,7,7,0.003333041474128351,0.023331290318898457,0.025,-0.993001346963168,5.877822992036963,0.3730341551925109,0.5885747069296485,,"[1.102135439470484,3.5928813310363363,-1.3707502164187477]",False,[],0,[],[],,-3.3942858464805017,0.36592926788701874,False,not_applicable,,,,,ba303fa13dda064e6d18d06e9d7e75f03039717a02f78b0590ffdcb7ca396149,07d3b54ec0fdc1225638339b73a06dae07dbd5367b724b5a32359fa47942cf31,6aceac9518fc8056052807e666da9d0c8bebb010,0.5,3.13.13
notselected_sap_all,not_selected_qpp,SAP_FLUX,finite_all,tau0_nearest_cadence_indices,regular,predeclared_comparison,scientific_candidate,fase0_tarea09_notselected_sap_all.csv,37aa5c2a866a303caeb48aaf51dacebe5757134ecaa56220599288fdfc4c3bab,0,M1,pow_const_gauss,OK,0.805664399988018,15,20.001751300151227,20.00176141737029,20.00175130857055,20.001741182932165,20.00176141737029,1.0117219062522054e-05,7,7,0.003333041474128351,0.023331290318898457,0.025,0.22872095337955045,9.272108838517465,0.17917998002988564,0.49693250141317236,45.92914030680811,"[1.2238951550838186,2.3983491843278344,-17.621901627631075,-1.92117949727654,-3.827099780696996,0.05]",True,"[{""parameter_index"":5,""side"":""lower"",""value"":0.05,""bound"":0.05,""absolute_distance"":0.0}]",0,[],[],,-3.3942858464805017,0.36592926788701874,False,not_applicable,,,,,ba303fa13dda064e6d18d06e9d7e75f03039717a02f78b0590ffdcb7ca396149,07d3b54ec0fdc1225638339b73a06dae07dbd5367b724b5a32359fa47942cf31,6aceac9518fc8056052807e666da9d0c8bebb010,0.5,3.13.13
notselected_sap_all,not_selected_qpp,SAP_FLUX,finite_all,tau0_nearest_cadence_indices,regular,predeclared_comparison,scientific_candidate,fase0_tarea09_notselected_sap_all.csv,37aa5c2a866a303caeb48aaf51dacebe5757134ecaa56220599288fdfc4c3bab,0,M2,bpow_const,OK,0.371655999973882,15,20.001751300151227,20.00176141737029,20.00175130857055,20.001741182932165,20.00176141737029,1.0117219062522054e-05,7,7,0.003333041474128351,0.023331290318898457,0.025,-0.9271987550916148,9.638038106404483,0.6491803487624492,0.3787648441773659,,"[-16.682867729480062,3.1097318993006025,0.009999079395306261,9.0,-1.4039320850284098]",True,"[{""parameter_index"":3,""side"":""upper"",""value"":9.0,""bound"":9.0,""absolute_distance"":0.0}]",0,[],[],,-3.3942858464805017,0.36592926788701874,False,not_applicable,,,,,ba303fa13dda064e6d18d06e9d7e75f03039717a02f78b0590ffdcb7ca396149,07d3b54ec0fdc1225638339b73a06dae07dbd5367b724b5a32359fa47942cf31,6aceac9518fc8056052807e666da9d0c8bebb010,0.5,3.13.13
notselected_sap_all,not_selected_qpp,SAP_FLUX,finite_all,tau0_nearest_cadence_indices,regular,predeclared_comparison,scientific_candidate,fase0_tarea09_notselected_sap_all.csv,37aa5c2a866a303caeb48aaf51dacebe5757134ecaa56220599288fdfc4c3bab,1,M0,pow_const,OK,0.21783419998246245,15,20.001751300151227,20.00176141737029,20.00175130857055,20.001741182932165,20.00176141737029,1.0117219062522054e-05,7,7,0.003333041474128351,0.023331290318898457,0.025,-0.9930013469631707,5.877822992036968,0.3730341403770453,0.5885747157558568,,"[1.1021353586415201,3.592881311337466,-1.3707501934792006]",False,[],0,[],[],,-3.3942858224693744,0.44046638033612595,False,not_applicable,,,,,ba303fa13dda064e6d18d06e9d7e75f03039717a02f78b0590ffdcb7ca396149,07d3b54ec0fdc1225638339b73a06dae07dbd5367b724b5a32359fa47942cf31,6aceac9518fc8056052807e666da9d0c8bebb010,0.5,3.13.13
notselected_sap_all,not_selected_qpp,SAP_FLUX,finite_all,tau0_nearest_cadence_indices,regular,predeclared_comparison,scientific_candidate,fase0_tarea09_notselected_sap_all.csv,37aa5c2a866a303caeb48aaf51dacebe5757134ecaa56220599288fdfc4c3bab,1,M1,pow_const_gauss,OK,0.8764721999759786,15,20.001751300151227,20.00176141737029,20.00175130857055,20.001741182932165,20.00176141737029,1.0117219062522054e-05,7,7,0.003333041474128351,0.023331290318898457,0.025,0.22872096538511144,9.272108814506343,0.17916780011971875,0.49694074921870046,45.929129497542284,"[1.223834671232835,2.3982654919779134,-18.208691587658276,-1.9211905522947559,-3.827099545350394,0.05]",True,"[{""parameter_index"":5,""side"":""lower"",""value"":0.05,""bound"":0.05,""absolute_distance"":0.0}]",0,[],[],,-3.3942858224693744,0.44046638033612595,False,not_applicable,,,,,ba303fa13dda064e6d18d06e9d7e75f03039717a02f78b0590ffdcb7ca396149,07d3b54ec0fdc1225638339b73a06dae07dbd5367b724b5a32359fa47942cf31,6aceac9518fc8056052807e666da9d0c8bebb010,0.5,3.13.13
notselected_sap_all,not_selected_qpp,SAP_FLUX,finite_all,tau0_nearest_cadence_indices,regular,predeclared_comparison,scientific_candidate,fase0_tarea09_notselected_sap_all.csv,37aa5c2a866a303caeb48aaf51dacebe5757134ecaa56220599288fdfc4c3bab,1,M2,bpow_const,OK,0.42060539999511093,15,20.001751300151227,20.00176141737029,20.00175130857055,20.001741182932165,20.00176141737029,1.0117219062522054e-05,7,7,0.003333041474128351,0.023331290318898457,0.025,-0.9644672993106074,9.712575194842469,0.6192812137834256,0.38791548472786375,,"[-11.264099312745364,2.159969544218841,0.005472792487224655,5.6679993317892805,-1.3568836896105363]",False,[],0,[],[],,-3.3942858224693744,0.44046638033612595,False,not_applicable,,,,,ba303fa13dda064e6d18d06e9d7e75f03039717a02f78b0590ffdcb7ca396149,07d3b54ec0fdc1225638339b73a06dae07dbd5367b724b5a32359fa47942cf31,6aceac9518fc8056052807e666da9d0c8bebb010,0.5,3.13.13
notselected_sap_all,not_selected_qpp,SAP_FLUX,finite_all,tau0_nearest_cadence_indices,regular,predeclared_comparison,scientific_candidate,fase0_tarea09_notselected_sap_all.csv,37aa5c2a866a303caeb48aaf51dacebe5757134ecaa56220599288fdfc4c3bab,2,M0,pow_const,OK,0.1907237000123132,15,20.001751300151227,20.00176141737029,20.00175130857055,20.001741182932165,20.00176141737029,1.0117219062522054e-05,7,7,0.003333041474128351,0.023331290318898457,0.025,-0.9930013469631653,5.877822992036958,0.37303414266733576,0.5885747143914324,,"[1.102135469750742,3.592881358987128,-1.3707501985579684]",False,[],0,[],[],,-3.394285775289669,0.45626819877472435,False,not_applicable,,,,,ba303fa13dda064e6d18d06e9d7e75f03039717a02f78b0590ffdcb7ca396149,07d3b54ec0fdc1225638339b73a06dae07dbd5367b724b5a32359fa47942cf31,6aceac9518fc8056052807e666da9d0c8bebb010,0.5,3.13.13
notselected_sap_all,not_selected_qpp,SAP_FLUX,finite_all,tau0_nearest_cadence_indices,regular,predeclared_comparison,scientific_candidate,fase0_tarea09_notselected_sap_all.csv,37aa5c2a866a303caeb48aaf51dacebe5757134ecaa56220599288fdfc4c3bab,2,M1,pow_const_gauss,OK,0.7897327000100631,15,20.001751300151227,20.00176141737029,20.00175130857055,20.001741182932165,20.00176141737029,1.0117219062522054e-05,7,7,0.003333041474128351,0.023331290318898457,0.025,0.2287209889749695,9.272108767326626,0.17917712741602498,0.496934433062694,45.92917952014229,"[1.2239207287888956,2.3983647819090987,-19.999999999922952,-1.9211908554448343,-3.8271006344756033,0.05]",True,"[{""parameter_index"":2,""side"":""lower"",""value"":-19.999999999922952,""bound"":-20.0,""absolute_distance"":7.704770155214646e-11},{""parameter_index"":5,""side"":""lower"",""value"":0.05,""bound"":0.05,""absolute_distance"":0.0}]",0,[],[],,-3.394285775289669,0.45626819877472435,False,not_applicable,,,,,ba303fa13dda064e6d18d06e9d7e75f03039717a02f78b0590ffdcb7ca396149,07d3b54ec0fdc1225638339b73a06dae07dbd5367b724b5a32359fa47942cf31,6aceac9518fc8056052807e666da9d0c8bebb010,0.5,3.13.13
notselected_sap_all,not_selected_qpp,SAP_FLUX,finite_all,tau0_nearest_cadence_indices,regular,predeclared_comparison,scientific_candidate,fase0_tarea09_notselected_sap_all.csv,37aa5c2a866a303caeb48aaf51dacebe5757134ecaa56220599288fdfc4c3bab,2,M2,bpow_const,OK,0.31468239999958314,15,20.001751300151227,20.00176141737029,20.00175130857055,20.001741182932165,20.00176141737029,1.0117219062522054e-05,7,7,0.003333041474128351,0.023331290318898457,0.025,-0.9723681849400494,9.72837696610135,0.626483881096524,0.3856768494814672,,"[-17.97108700139598,3.3386300629210752,0.013332742688711466,1.0075076737881048,-1.4376724033419155]",False,[],17,"[""RuntimeWarning: invalid value encountered in subtract"",""RuntimeWarning: overflow encountered in exp""]","[{""category"":""RuntimeWarning"",""message"":""overflow encountered in exp"",""filename"":""afino_spectral_models.py"",""lineno"":72},{""category"":""RuntimeWarning"",""message"":""overflow encountered in exp"",""filename"":""afino_spectral_models.py"",""lineno"":73},{""category"":""RuntimeWarning"",""message"":""overflow encountered in exp"",""filename"":""afino_spectral_models.py"",""lineno"":72},{""category"":""RuntimeWarning"",""message"":""overflow encountered in exp"",""filename"":""afino_spectral_models.py"",""lineno"":73},{""category"":""RuntimeWarning"",""message"":""invalid value encountered in subtract"",""filename"":""_numdiff.py"",""lineno"":710},{""category"":""RuntimeWarning"",""message"":""overflow encountered in exp"",""filename"":""afino_spectral_models.py"",""lineno"":72},{""category"":""RuntimeWarning"",""message"":""overflow encountered in exp"",""filename"":""afino_spectral_models.py"",""lineno"":73},{""category"":""RuntimeWarning"",""message"":""invalid value encountered in subtract"",""filename"":""_numdiff.py"",""lineno"":710},{""category"":""RuntimeWarning"",""message"":""overflow encountered in exp"",""filename"":""afino_spectral_models.py"",""lineno"":72},{""category"":""RuntimeWarning"",""message"":""overflow encountered in exp"",""filename"":""afino_spectral_models.py"",""lineno"":73},{""category"":""RuntimeWarning"",""message"":""invalid value encountered in subtract"",""filename"":""_numdiff.py"",""lineno"":710},{""category"":""RuntimeWarning"",""message"":""overflow encountered in exp"",""filename"":""afino_spectral_models.py"",""lineno"":72},{""category"":""RuntimeWarning"",""message"":""overflow encountered in exp"",""filename"":""afino_spectral_models.py"",""lineno"":73},{""category"":""RuntimeWarning"",""message"":""invalid value encountered in subtract"",""filename"":""_numdiff.py"",""lineno"":710},{""category"":""RuntimeWarning"",""message"":""overflow encountered in exp"",""filename"":""afino_spectral_models.py"",""lineno"":72},{""category"":""RuntimeWarning"",""message"":""overflow encountered in exp"",""filename"":""afino_spectral_models.py"",""lineno"":73},{""category"":""RuntimeWarning"",""message"":""invalid value encountered in subtract"",""filename"":""_numdiff.py"",""lineno"":710}]",,-3.394285775289669,0.45626819877472435,False,not_applicable,,,,,ba303fa13dda064e6d18d06e9d7e75f03039717a02f78b0590ffdcb7ca396149,07d3b54ec0fdc1225638339b73a06dae07dbd5367b724b5a32359fa47942cf31,6aceac9518fc8056052807e666da9d0c8bebb010,0.5,3.13.13
notselected_sap_all,not_selected_qpp,SAP_FLUX,finite_all,tau0_nearest_cadence_indices,regular,predeclared_comparison,scientific_candidate,fase0_tarea09_notselected_sap_all.csv,37aa5c2a866a303caeb48aaf51dacebe5757134ecaa56220599288fdfc4c3bab,3,M0,pow_const,OK,0.17725949999294244,15,20.001751300151227,20.00176141737029,20.00175130857055,20.001741182932165,20.00176141737029,1.0117219062522054e-05,7,7,0.003333041474128351,0.023331290318898457,0.025,-0.9930013469631733,5.877822992036974,0.3730341310114791,0.5885747213353263,,"[1.102135546222701,3.5928816695319,-1.3707501672706448]",False,[],0,[],[],,-3.3942857780784106,0.45845209222670036,False,not_applicable,,,,,ba303fa13dda064e6d18d06e9d7e75f03039717a02f78b0590ffdcb7ca396149,07d3b54ec0fdc1225638339b73a06dae07dbd5367b724b5a32359fa47942cf31,6aceac9518fc8056052807e666da9d0c8bebb010,0.5,3.13.13
notselected_sap_all,not_selected_qpp,SAP_FLUX,finite_all,tau0_nearest_cadence_indices,regular,predeclared_comparison,scientific_candidate,fase0_tarea09_notselected_sap_all.csv,37aa5c2a866a303caeb48aaf51dacebe5757134ecaa56220599288fdfc4c3bab,3,M1,pow_const_gauss,OK,0.7333426999975927,15,20.001751300151227,20.00176141737029,20.00175130857055,20.001741182932165,20.00176141737029,1.0117219062522054e-05,7,7,0.003333041474128351,0.023331290318898457,0.025,0.22872098758059067,9.272108770115384,0.179170066163333,0.4969392147001568,45.92916741814763,"[1.2239144438933376,2.398341758707273,-19.892301158664036,-1.9211903496730696,-3.8271003709830613,0.05]",True,"[{""parameter_index"":5,""side"":""lower"",""value"":0.05,""bound"":0.05,""absolute_distance"":0.0}]",0,[],[],,-3.3942857780784106,0.45845209222670036,False,not_applicable,,,,,ba303fa13dda064e6d18d06e9d7e75f03039717a02f78b0590ffdcb7ca396149,07d3b54ec0fdc1225638339b73a06dae07dbd5367b724b5a32359fa47942cf31,6aceac9518fc8056052807e666da9d0c8bebb010,0.5,3.13.13
notselected_sap_all,not_selected_qpp,SAP_FLUX,finite_all,tau0_nearest_cadence_indices,regular,predeclared_comparison,scientific_candidate,fase0_tarea09_notselected_sap_all.csv,37aa5c2a866a303caeb48aaf51dacebe5757134ecaa56220599288fdfc4c3bab,3,M2,bpow_const,OK,0.30070839999825694,15,20.001751300151227,20.00176141737029,20.00175130857055,20.001741182932165,20.00176141737029,1.0117219062522054e-05,7,7,0.003333041474128351,0.023331290318898457,0.025,-0.9734601330604153,9.730560862342085,0.6103552118030401,0.39072091417024857,,"[-17.625455779684472,3.2742613768533535,0.013338335447314347,1.0,-1.4291870873981107]",True,"[{""parameter_index"":3,""side"":""lower"",""value"":1.0,""bound"":1.0,""absolute_distance"":0.0}]",0,[],[],,-3.3942857780784106,0.45845209222670036,False,not_applicable,,,,,ba303fa13dda064e6d18d06e9d7e75f03039717a02f78b0590ffdcb7ca396149,07d3b54ec0fdc1225638339b73a06dae07dbd5367b724b5a32359fa47942cf31,6aceac9518fc8056052807e666da9d0c8bebb010,0.5,3.13.13
notselected_sap_all,not_selected_qpp,SAP_FLUX,finite_all,tau0_nearest_cadence_indices,regular,predeclared_comparison,scientific_candidate,fase0_tarea09_notselected_sap_all.csv,37aa5c2a866a303caeb48aaf51dacebe5757134ecaa56220599288fdfc4c3bab,4,M0,pow_const,OK,0.18593459998373874,15,20.001751300151227,20.00176141737029,20.00175130857055,20.001741182932165,20.00176141737029,1.0117219062522054e-05,7,7,0.003333041474128351,0.023331290318898457,0.025,-0.9930013469631751,5.877822992036977,0.3730341287565551,0.5885747226786813,,"[1.1021354493445796,3.592881048730532,-1.370750196477255]",False,[],0,[],[],,-3.3942857753646685,0.440465692832424,False,not_applicable,,,,,ba303fa13dda064e6d18d06e9d7e75f03039717a02f78b0590ffdcb7ca396149,07d3b54ec0fdc1225638339b73a06dae07dbd5367b724b5a32359fa47942cf31,6aceac9518fc8056052807e666da9d0c8bebb010,0.5,3.13.13
notselected_sap_all,not_selected_qpp,SAP_FLUX,finite_all,tau0_nearest_cadence_indices,regular,predeclared_comparison,scientific_candidate,fase0_tarea09_notselected_sap_all.csv,37aa5c2a866a303caeb48aaf51dacebe5757134ecaa56220599288fdfc4c3bab,4,M1,pow_const_gauss,OK,0.8550698999897577,15,20.001751300151227,20.00176141737029,20.00175130857055,20.001741182932165,20.00176141737029,1.0117219062522054e-05,7,7,0.003333041474128351,0.023331290318898457,0.025,0.22872098893745996,9.272108767401646,0.1791817850899723,0.49693127912806667,45.929154585236496,"[1.2239137482067448,2.3983701129924953,-19.819093316966004,-1.9211787770575852,-3.8271000915764524,0.05]",True,"[{""parameter_index"":5,""side"":""lower"",""value"":0.05,""bound"":0.05,""absolute_distance"":0.0}]",0,[],[],,-3.3942857753646685,0.440465692832424,False,not_applicable,,,,,ba303fa13dda064e6d18d06e9d7e75f03039717a02f78b0590ffdcb7ca396149,07d3b54ec0fdc1225638339b73a06dae07dbd5367b724b5a32359fa47942cf31,6aceac9518fc8056052807e666da9d0c8bebb010,0.5,3.13.13
notselected_sap_all,not_selected_qpp,SAP_FLUX,finite_all,tau0_nearest_cadence_indices,regular,predeclared_comparison,scientific_candidate,fase0_tarea09_notselected_sap_all.csv,37aa5c2a866a303caeb48aaf51dacebe5757134ecaa56220599288fdfc4c3bab,4,M2,bpow_const,OK,0.3336364999995567,15,20.001751300151227,20.00176141737029,20.00175130857055,20.001741182932165,20.00176141737029,1.0117219062522054e-05,7,7,0.003333041474128351,0.023331290318898457,0.025,-0.9644669320064079,9.71257446023407,0.619272625014484,0.3879181674803879,,"[-4.657578121035785,1.001760170610579,0.004840353791462938,5.675236363575391,-1.3568097858089314]",False,[],0,[],[],,-3.3942857753646685,0.440465692832424,False,not_applicable,,,,,ba303fa13dda064e6d18d06e9d7e75f03039717a02f78b0590ffdcb7ca396149,07d3b54ec0fdc1225638339b73a06dae07dbd5367b724b5a32359fa47942cf31,6aceac9518fc8056052807e666da9d0c8bebb010,0.5,3.13.13
notselected_sap_all,not_selected_qpp,SAP_FLUX,finite_all,tau0_nearest_cadence_indices,regular,predeclared_comparison,scientific_candidate,fase0_tarea09_notselected_sap_all.csv,37aa5c2a866a303caeb48aaf51dacebe5757134ecaa56220599288fdfc4c3bab,5,M0,pow_const,OK,0.18513319999328814,15,20.001751300151227,20.00176141737029,20.00175130857055,20.001741182932165,20.00176141737029,1.0117219062522054e-05,7,7,0.003333041474128351,0.023331290318898457,0.025,-0.9930013469632719,5.877822992037171,0.3730341879928914,0.5885746873890564,,"[1.1021353500275843,3.5928802212707036,-1.3707503235987568]",False,[],0,[],[],,-3.3942857887203157,0.4404656700396057,False,not_applicable,,,,,ba303fa13dda064e6d18d06e9d7e75f03039717a02f78b0590ffdcb7ca396149,07d3b54ec0fdc1225638339b73a06dae07dbd5367b724b5a32359fa47942cf31,6aceac9518fc8056052807e666da9d0c8bebb010,0.5,3.13.13
notselected_sap_all,not_selected_qpp,SAP_FLUX,finite_all,tau0_nearest_cadence_indices,regular,predeclared_comparison,scientific_candidate,fase0_tarea09_notselected_sap_all.csv,37aa5c2a866a303caeb48aaf51dacebe5757134ecaa56220599288fdfc4c3bab,5,M1,pow_const_gauss,OK,0.7951794000109658,15,20.001751300151227,20.00176141737029,20.00175130857055,20.001741182932165,20.00176141737029,1.0117219062522054e-05,7,7,0.003333041474128351,0.023331290318898457,0.025,0.22872098225953952,9.272108780757486,0.17917918635464924,0.49693303884847384,45.92913809522266,"[1.2239002112866673,2.398351700295632,-18.87494097488303,-1.9211847808051956,-3.8270997325448755,0.05]",True,"[{""parameter_index"":5,""side"":""lower"",""value"":0.05,""bound"":0.05,""absolute_distance"":0.0}]",0,[],[],,-3.3942857887203157,0.4404656700396057,False,not_applicable,,,,,ba303fa13dda064e6d18d06e9d7e75f03039717a02f78b0590ffdcb7ca396149,07d3b54ec0fdc1225638339b73a06dae07dbd5367b724b5a32359fa47942cf31,6aceac9518fc8056052807e666da9d0c8bebb010,0.5,3.13.13
notselected_sap_all,not_selected_qpp,SAP_FLUX,finite_all,tau0_nearest_cadence_indices,regular,predeclared_comparison,scientific_candidate,fase0_tarea09_notselected_sap_all.csv,37aa5c2a866a303caeb48aaf51dacebe5757134ecaa56220599288fdfc4c3bab,5,M2,bpow_const,OK,0.415683800005354,15,20.001751300151227,20.00176141737029,20.00175130857055,20.001741182932165,20.00176141737029,1.0117219062522054e-05,7,7,0.003333041474128351,0.023331290318898457,0.025,-0.9644669272879192,9.712574450797092,0.619270622533366,0.38791879297173504,,"[-4.852948502290742,1.0360139483222497,0.004854021770762152,5.676400553904584,-1.3567981292316447]",False,[],3,"[""RuntimeWarning: overflow encountered in exp""]","[{""category"":""RuntimeWarning"",""message"":""overflow encountered in exp"",""filename"":""afino_spectral_models.py"",""lineno"":31},{""category"":""RuntimeWarning"",""message"":""overflow encountered in exp"",""filename"":""afino_spectral_models.py"",""lineno"":72},{""category"":""RuntimeWarning"",""message"":""overflow encountered in exp"",""filename"":""afino_spectral_models.py"",""lineno"":73}]",,-3.3942857887203157,0.4404656700396057,False,not_applicable,,,,,ba303fa13dda064e6d18d06e9d7e75f03039717a02f78b0590ffdcb7ca396149,07d3b54ec0fdc1225638339b73a06dae07dbd5367b724b5a32359fa47942cf31,6aceac9518fc8056052807e666da9d0c8bebb010,0.5,3.13.13
notselected_sap_all,not_selected_qpp,SAP_FLUX,finite_all,tau0_nearest_cadence_indices,regular,predeclared_comparison,scientific_candidate,fase0_tarea09_notselected_sap_all.csv,37aa5c2a866a303caeb48aaf51dacebe5757134ecaa56220599288fdfc4c3bab,6,M0,pow_const,OK,0.17455229998449795,15,20.001751300151227,20.00176141737029,20.00175130857055,20.001741182932165,20.00176141737029,1.0117219062522054e-05,7,7,0.003333041474128351,0.023331290318898457,0.025,-0.9930013469631733,5.877822992036974,0.37303410240630347,0.5885747383766569,,"[1.102135351548205,3.592881421744777,-1.370750133664661]",False,[],0,[],[],,-3.3942857745788935,0.48875273137782393,False,not_applicable,,,,,ba303fa13dda064e6d18d06e9d7e75f03039717a02f78b0590ffdcb7ca396149,07d3b54ec0fdc1225638339b73a06dae07dbd5367b724b5a32359fa47942cf31,6aceac9518fc8056052807e666da9d0c8bebb010,0.5,3.13.13
notselected_sap_all,not_selected_qpp,SAP_FLUX,finite_all,tau0_nearest_cadence_indices,regular,predeclared_comparison,scientific_candidate,fase0_tarea09_notselected_sap_all.csv,37aa5c2a866a303caeb48aaf51dacebe5757134ecaa56220599288fdfc4c3bab,6,M1,pow_const_gauss,OK,0.7713840999931563,15,20.001751300151227,20.00176141737029,20.00175130857055,20.001741182932165,20.00176141737029,1.0117219062522054e-05,7,7,0.003333041474128351,0.023331290318898457,0.025,0.22872098933034923,9.272108766615867,0.17917980602237718,0.49693261924178156,45.9291409755384,"[1.223886295669308,2.3983409058679466,-19.828589942429378,-1.9211833939180651,-3.82709979525704,0.05]",True,"[{""parameter_index"":5,""side"":""lower"",""value"":0.05,""bound"":0.05,""absolute_distance"":0.0}]",0,[],[],,-3.3942857745788935,0.48875273137782393,False,not_applicable,,,,,ba303fa13dda064e6d18d06e9d7e75f03039717a02f78b0590ffdcb7ca396149,07d3b54ec0fdc1225638339b73a06dae07dbd5367b724b5a32359fa47942cf31,6aceac9518fc8056052807e666da9d0c8bebb010,0.5,3.13.13
notselected_sap_all,not_selected_qpp,SAP_FLUX,finite_all,tau0_nearest_cadence_indices,regular,predeclared_comparison,scientific_candidate,fase0_tarea09_notselected_sap_all.csv,37aa5c2a866a303caeb48aaf51dacebe5757134ecaa56220599288fdfc4c3bab,6,M2,bpow_const,OK,0.31791849998990074,15,20.001751300151227,20.00176141737029,20.00175130857055,20.001741182932165,20.00176141737029,1.0117219062522054e-05,7,7,0.003333041474128351,0.023331290318898457,0.025,-0.9886104508862195,9.760861497993691,0.6149373005879456,0.3892764180439817,,"[-19.254160199451963,3.5679510915825103,0.013333021675611742,2.22846169808435,-1.378922378780188]",False,[],0,[],[],,-3.3942857745788935,0.48875273137782393,False,not_applicable,,,,,ba303fa13dda064e6d18d06e9d7e75f03039717a02f78b0590ffdcb7ca396149,07d3b54ec0fdc1225638339b73a06dae07dbd5367b724b5a32359fa47942cf31,6aceac9518fc8056052807e666da9d0c8bebb010,0.5,3.13.13
notselected_sap_all,not_selected_qpp,SAP_FLUX,finite_all,tau0_nearest_cadence_indices,regular,predeclared_comparison,scientific_candidate,fase0_tarea09_notselected_sap_all.csv,37aa5c2a866a303caeb48aaf51dacebe5757134ecaa56220599288fdfc4c3bab,7,M0,pow_const,OK,0.22487800000817515,15,20.001751300151227,20.00176141737029,20.00175130857055,20.001741182932165,20.00176141737029,1.0117219062522054e-05,7,7,0.003333041474128351,0.023331290318898457,0.025,-0.9930013469631769,5.877822992036981,0.3730341167743023,0.5885747298170234,,"[1.102135319107766,3.5928810544177603,-1.3707501739257915]",False,[],0,[],[],,-3.3942858093559227,0.36592892555969314,False,not_applicable,,,,,ba303fa13dda064e6d18d06e9d7e75f03039717a02f78b0590ffdcb7ca396149,07d3b54ec0fdc1225638339b73a06dae07dbd5367b724b5a32359fa47942cf31,6aceac9518fc8056052807e666da9d0c8bebb010,0.5,3.13.13
notselected_sap_all,not_selected_qpp,SAP_FLUX,finite_all,tau0_nearest_cadence_indices,regular,predeclared_comparison,scientific_candidate,fase0_tarea09_notselected_sap_all.csv,37aa5c2a866a303caeb48aaf51dacebe5757134ecaa56220599288fdfc4c3bab,7,M1,pow_const_gauss,OK,0.7921108000155073,15,20.001751300151227,20.00176141737029,20.00175130857055,20.001741182932165,20.00176141737029,1.0117219062522054e-05,7,7,0.003333041474128351,0.023331290318898457,0.025,0.22872097194183105,9.272108801392903,0.17918135161735135,0.49693157265043786,45.92902155938383,"[1.224023999022345,2.398466661570423,-19.655951222577517,-1.921139361796456,-3.827097195245211,0.05]",True,"[{""parameter_index"":5,""side"":""lower"",""value"":0.05,""bound"":0.05,""absolute_distance"":0.0}]",0,[],[],,-3.3942858093559227,0.36592892555969314,False,not_applicable,,,,,ba303fa13dda064e6d18d06e9d7e75f03039717a02f78b0590ffdcb7ca396149,07d3b54ec0fdc1225638339b73a06dae07dbd5367b724b5a32359fa47942cf31,6aceac9518fc8056052807e666da9d0c8bebb010,0.5,3.13.13
notselected_sap_all,not_selected_qpp,SAP_FLUX,finite_all,tau0_nearest_cadence_indices,regular,predeclared_comparison,scientific_candidate,fase0_tarea09_notselected_sap_all.csv,37aa5c2a866a303caeb48aaf51dacebe5757134ecaa56220599288fdfc4c3bab,7,M2,bpow_const,OK,0.45251839997945353,15,20.001751300151227,20.00176141737029,20.00175130857055,20.001741182932165,20.00176141737029,1.0117219062522054e-05,7,7,0.003333041474128351,0.023331290318898457,0.025,-0.9271985653656714,9.638037726952597,0.6492041632533503,0.3787577022784817,,"[-16.683136315134828,3.1097788470587133,0.009999117532883954,9.0,-1.4039504347479288]",True,"[{""parameter_index"":3,""side"":""upper"",""value"":9.0,""bound"":9.0,""absolute_distance"":0.0}]",12,"[""RuntimeWarning: invalid value encountered in subtract"",""RuntimeWarning: overflow encountered in exp""]","[{""category"":""RuntimeWarning"",""message"":""overflow encountered in exp"",""filename"":""afino_spectral_models.py"",""lineno"":31},{""category"":""RuntimeWarning"",""message"":""overflow encountered in exp"",""filename"":""afino_spectral_models.py"",""lineno"":31},{""category"":""RuntimeWarning"",""message"":""overflow encountered in exp"",""filename"":""afino_spectral_models.py"",""lineno"":31},{""category"":""RuntimeWarning"",""message"":""invalid value encountered in subtract"",""filename"":""_numdiff.py"",""lineno"":710},{""category"":""RuntimeWarning"",""message"":""overflow encountered in exp"",""filename"":""afino_spectral_models.py"",""lineno"":31},{""category"":""RuntimeWarning"",""message"":""invalid value encountered in subtract"",""filename"":""_numdiff.py"",""lineno"":710},{""category"":""RuntimeWarning"",""message"":""overflow encountered in exp"",""filename"":""afino_spectral_models.py"",""lineno"":31},{""category"":""RuntimeWarning"",""message"":""invalid value encountered in subtract"",""filename"":""_numdiff.py"",""lineno"":710},{""category"":""RuntimeWarning"",""message"":""overflow encountered in exp"",""filename"":""afino_spectral_models.py"",""lineno"":31},{""category"":""RuntimeWarning"",""message"":""invalid value encountered in subtract"",""filename"":""_numdiff.py"",""lineno"":710},{""category"":""RuntimeWarning"",""message"":""overflow encountered in exp"",""filename"":""afino_spectral_models.py"",""lineno"":31},{""category"":""RuntimeWarning"",""message"":""invalid value encountered in subtract"",""filename"":""_numdiff.py"",""lineno"":710}]",,-3.3942858093559227,0.36592892555969314,False,not_applicable,,,,,ba303fa13dda064e6d18d06e9d7e75f03039717a02f78b0590ffdcb7ca396149,07d3b54ec0fdc1225638339b73a06dae07dbd5367b724b5a32359fa47942cf31,6aceac9518fc8056052807e666da9d0c8bebb010,0.5,3.13.13
notselected_sap_all,not_selected_qpp,SAP_FLUX,finite_all,tau0_nearest_cadence_indices,regular,predeclared_comparison,scientific_candidate,fase0_tarea09_notselected_sap_all.csv,37aa5c2a866a303caeb48aaf51dacebe5757134ecaa56220599288fdfc4c3bab,8,M0,pow_const,OK,0.1757756999868434,15,20.001751300151227,20.00176141737029,20.00175130857055,20.001741182932165,20.00176141737029,1.0117219062522054e-05,7,7,0.003333041474128351,0.023331290318898457,0.025,-0.9930013469637231,5.877822992038073,0.37303430693063383,0.5885746165327544,,"[1.1021346262530463,3.5928791542321914,-1.3707505218883216]",False,[],0,[],[],,-3.394285805790748,0.45533464963129333,False,not_applicable,,,,,ba303fa13dda064e6d18d06e9d7e75f03039717a02f78b0590ffdcb7ca396149,07d3b54ec0fdc1225638339b73a06dae07dbd5367b724b5a32359fa47942cf31,6aceac9518fc8056052807e666da9d0c8bebb010,0.5,3.13.13
notselected_sap_all,not_selected_qpp,SAP_FLUX,finite_all,tau0_nearest_cadence_indices,regular,predeclared_comparison,scientific_candidate,fase0_tarea09_notselected_sap_all.csv,37aa5c2a866a303caeb48aaf51dacebe5757134ecaa56220599288fdfc4c3bab,8,M1,pow_const_gauss,OK,0.7047620000084862,15,20.001751300151227,20.00176141737029,20.00175130857055,20.001741182932165,20.00176141737029,1.0117219062522054e-05,7,7,0.003333041474128351,0.023331290318898457,0.025,0.22872097372387223,9.272108797828821,0.17915739717577917,0.4969477940782405,45.92911648274618,"[1.223964684636217,2.39835492168533,-19.080043072981752,-1.9212124566478945,-3.827099261983431,0.05]",True,"[{""parameter_index"":5,""side"":""lower"",""value"":0.05,""bound"":0.05,""absolute_distance"":0.0}]",0,[],[],,-3.394285805790748,0.45533464963129333,False,not_applicable,,,,,ba303fa13dda064e6d18d06e9d7e75f03039717a02f78b0590ffdcb7ca396149,07d3b54ec0fdc1225638339b73a06dae07dbd5367b724b5a32359fa47942cf31,6aceac9518fc8056052807e666da9d0c8bebb010,0.5,3.13.13
notselected_sap_all,not_selected_qpp,SAP_FLUX,finite_all,tau0_nearest_cadence_indices,regular,predeclared_comparison,scientific_candidate,fase0_tarea09_notselected_sap_all.csv,37aa5c2a866a303caeb48aaf51dacebe5757134ecaa56220599288fdfc4c3bab,8,M2,bpow_const,OK,0.37363129999721423,15,20.001751300151227,20.00176141737029,20.00175130857055,20.001741182932165,20.00176141737029,1.0117219062522054e-05,7,7,0.003333041474128351,0.023331290318898457,0.025,-0.9719014256194312,9.727443447460114,0.6249599041757434,0.38614866075421395,,"[-18.111543907858913,3.3676503909824698,0.013332165510771517,1.0,-1.4354844371446993]",True,"[{""parameter_index"":3,""side"":""lower"",""value"":1.0,""bound"":1.0,""absolute_distance"":0.0}]",0,[],[],,-3.394285805790748,0.45533464963129333,False,not_applicable,,,,,ba303fa13dda064e6d18d06e9d7e75f03039717a02f78b0590ffdcb7ca396149,07d3b54ec0fdc1225638339b73a06dae07dbd5367b724b5a32359fa47942cf31,6aceac9518fc8056052807e666da9d0c8bebb010,0.5,3.13.13
notselected_sap_all,not_selected_qpp,SAP_FLUX,finite_all,tau0_nearest_cadence_indices,regular,predeclared_comparison,scientific_candidate,fase0_tarea09_notselected_sap_all.csv,37aa5c2a866a303caeb48aaf51dacebe5757134ecaa56220599288fdfc4c3bab,9,M0,pow_const,OK,0.18943269998999313,15,20.001751300151227,20.00176141737029,20.00175130857055,20.001741182932165,20.00176141737029,1.0117219062522054e-05,7,7,0.003333041474128351,0.023331290318898457,0.025,-0.9930013469634176,5.877822992037462,0.3730340439418738,0.5885747732064289,,"[1.1021347496260245,3.5928802265486603,-1.3707500968137352]",False,[],0,[],[],,-3.3942857818025214,0.3659289026056616,False,not_applicable,,,,,ba303fa13dda064e6d18d06e9d7e75f03039717a02f78b0590ffdcb7ca396149,07d3b54ec0fdc1225638339b73a06dae07dbd5367b724b5a32359fa47942cf31,6aceac9518fc8056052807e666da9d0c8bebb010,0.5,3.13.13
notselected_sap_all,not_selected_qpp,SAP_FLUX,finite_all,tau0_nearest_cadence_indices,regular,predeclared_comparison,scientific_candidate,fase0_tarea09_notselected_sap_all.csv,37aa5c2a866a303caeb48aaf51dacebe5757134ecaa56220599288fdfc4c3bab,9,M1,pow_const_gauss,OK,0.8677406999922823,15,20.001751300151227,20.00176141737029,20.00175130857055,20.001741182932165,20.00176141737029,1.0117219062522054e-05,7,7,0.003333041474128351,0.023331290318898457,0.025,0.22872098571829103,9.272108773839983,0.17918703325913748,0.4969277254188541,45.92913830480545,"[1.2238919404474573,2.3983637668502467,-19.350610535804535,-1.9211766867033888,-3.8270997371080524,0.05]",True,"[{""parameter_index"":5,""side"":""lower"",""value"":0.05,""bound"":0.05,""absolute_distance"":0.0}]",0,[],[],,-3.3942857818025214,0.3659289026056616,False,not_applicable,,,,,ba303fa13dda064e6d18d06e9d7e75f03039717a02f78b0590ffdcb7ca396149,07d3b54ec0fdc1225638339b73a06dae07dbd5367b724b5a32359fa47942cf31,6aceac9518fc8056052807e666da9d0c8bebb010,0.5,3.13.13
notselected_sap_all,not_selected_qpp,SAP_FLUX,finite_all,tau0_nearest_cadence_indices,regular,predeclared_comparison,scientific_candidate,fase0_tarea09_notselected_sap_all.csv,37aa5c2a866a303caeb48aaf51dacebe5757134ecaa56220599288fdfc4c3bab,9,M2,bpow_const,OK,0.43983980000484735,15,20.001751300151227,20.00176141737029,20.00175130857055,20.001741182932165,20.00176141737029,1.0117219062522054e-05,7,7,0.003333041474128351,0.023331290318898457,0.025,-0.9271985401121965,9.638037676445645,0.649185001172609,0.3787634489147531,,"[-16.683346742019896,3.1098364010730744,0.009999123784844303,9.0,-1.4039360319076792]",True,"[{""parameter_index"":3,""side"":""upper"",""value"":9.0,""bound"":9.0,""absolute_distance"":0.0}]",0,[],[],,-3.3942857818025214,0.3659289026056616,False,not_applicable,,,,,ba303fa13dda064e6d18d06e9d7e75f03039717a02f78b0590ffdcb7ca396149,07d3b54ec0fdc1225638339b73a06dae07dbd5367b724b5a32359fa47942cf31,6aceac9518fc8056052807e666da9d0c8bebb010,0.5,3.13.13
notselected_pdcsap_q0,not_selected_qpp,PDCSAP_FLUX,quality_zero_only,tau0_nearest_cadence_indices,diagnostic_irregular_sampling,predeclared_comparison,diagnostic_only,fase0_tarea09_notselected_pdcsap_q0.csv,5801c2687be7a8806323465f3ebde007e9b1fa53fbad9a0686f8903fe8577e98,0,M0,pow_const,OK,0.19768509999266826,14,20.001761299499776,40.00350256101228,21.540347563075976,20.001741182932165,40.00350256101228,20.001741261512507,6,6,0.00331603616048484,0.01989621696290904,0.025,-0.4219913489530329,4.427501636362176,0.003502914612423837,0.9528044179182594,,"[1.0454715164862818,2.1255336185855658,-2.6045721598767337]",False,[],0,[],[],,-5.36209705193803,-1.784602892048488,False,not_applicable,,,,,ba303fa13dda064e6d18d06e9d7e75f03039717a02f78b0590ffdcb7ca396149,07d3b54ec0fdc1225638339b73a06dae07dbd5367b724b5a32359fa47942cf31,6aceac9518fc8056052807e666da9d0c8bebb010,0.5,3.13.13
notselected_pdcsap_q0,not_selected_qpp,PDCSAP_FLUX,quality_zero_only,tau0_nearest_cadence_indices,diagnostic_irregular_sampling,predeclared_comparison,diagnostic_only,fase0_tarea09_notselected_pdcsap_q0.csv,5801c2687be7a8806323465f3ebde007e9b1fa53fbad9a0686f8903fe8577e98,0,M1,pow_const_gauss,OK,0.6579486999835353,14,20.001761299499776,40.00350256101228,21.540347563075976,20.001741182932165,40.00350256101228,20.001741261512507,6,6,0.00331603616048484,0.01989621696290904,0.025,-0.4154006710799658,9.789598688300206,0.00032961819580015354,0.6994401963639325,72.11882401360626,"[1.0590796720479276,2.203466789848085,-2.5384978175439468,-5.16690052061075,-4.278315092234428,0.05]",True,"[{""parameter_index"":5,""side"":""lower"",""value"":0.05,""bound"":0.05,""absolute_distance"":0.0}]",0,[],[],,-5.36209705193803,-1.784602892048488,False,not_applicable,,,,,ba303fa13dda064e6d18d06e9d7e75f03039717a02f78b0590ffdcb7ca396149,07d3b54ec0fdc1225638339b73a06dae07dbd5367b724b5a32359fa47942cf31,6aceac9518fc8056052807e666da9d0c8bebb010,0.5,3.13.13
notselected_pdcsap_q0,not_selected_qpp,PDCSAP_FLUX,quality_zero_only,tau0_nearest_cadence_indices,diagnostic_irregular_sampling,predeclared_comparison,diagnostic_only,fase0_tarea09_notselected_pdcsap_q0.csv,5801c2687be7a8806323465f3ebde007e9b1fa53fbad9a0686f8903fe8577e98,0,M2,bpow_const,OK,0.31593640000210144,14,20.001761299499776,40.00350256101228,21.540347563075976,20.001741182932165,40.00350256101228,20.001741261512507,6,6,0.00331603616048484,0.01989621696290904,0.025,-0.4189789596697491,8.004995796251718,0.0037788100534949806,0.8066159541771806,,"[-10.601330776407424,2.046520677147979,0.008791404312806625,1.3465500853758605,-18.874963902004723]",False,[],0,[],[],,-5.36209705193803,-1.784602892048488,False,not_applicable,,,,,ba303fa13dda064e6d18d06e9d7e75f03039717a02f78b0590ffdcb7ca396149,07d3b54ec0fdc1225638339b73a06dae07dbd5367b724b5a32359fa47942cf31,6aceac9518fc8056052807e666da9d0c8bebb010,0.5,3.13.13
notselected_pdcsap_q0,not_selected_qpp,PDCSAP_FLUX,quality_zero_only,tau0_nearest_cadence_indices,diagnostic_irregular_sampling,predeclared_comparison,diagnostic_only,fase0_tarea09_notselected_pdcsap_q0.csv,5801c2687be7a8806323465f3ebde007e9b1fa53fbad9a0686f8903fe8577e98,1,M0,pow_const,OK,0.21504059998551384,14,20.001761299499776,40.00350256101228,21.540347563075976,20.001741182932165,40.00350256101228,20.001741261512507,6,6,0.00331603616048484,0.01989621696290904,0.025,-0.4219913489530214,4.427501636362153,0.0035029151822816083,0.9528044140838269,,"[1.045470890639186,2.125532905402851,-2.604573095059949]",False,[],0,[],[],,-5.362096196812746,-1.7843076271740816,False,not_applicable,,,,,ba303fa13dda064e6d18d06e9d7e75f03039717a02f78b0590ffdcb7ca396149,07d3b54ec0fdc1225638339b73a06dae07dbd5367b724b5a32359fa47942cf31,6aceac9518fc8056052807e666da9d0c8bebb010,0.5,3.13.13
notselected_pdcsap_q0,not_selected_qpp,PDCSAP_FLUX,quality_zero_only,tau0_nearest_cadence_indices,diagnostic_irregular_sampling,predeclared_comparison,diagnostic_only,fase0_tarea09_notselected_pdcsap_q0.csv,5801c2687be7a8806323465f3ebde007e9b1fa53fbad9a0686f8903fe8577e98,1,M1,pow_const_gauss,OK,0.6854690000182018,14,20.001761299499776,40.00350256101228,21.540347563075976,20.001741182932165,40.00350256101228,20.001741261512507,6,6,0.00331603616048484,0.01989621696290904,0.025,-0.4154002435173121,9.789597833174899,0.00032872599040029463,0.6995420070971574,76.97667746157255,"[1.059049426423186,2.2034267727564587,-2.5381743529180323,-5.475159566360262,-4.3435024858637625,0.05]",True,"[{""parameter_index"":5,""side"":""lower"",""value"":0.05,""bound"":0.05,""absolute_distance"":0.0}]",0,[],[],,-5.362096196812746,-1.7843076271740816,False,not_applicable,,,,,ba303fa13dda064e6d18d06e9d7e75f03039717a02f78b0590ffdcb7ca396149,07d3b54ec0fdc1225638339b73a06dae07dbd5367b724b5a32359fa47942cf31,6aceac9518fc8056052807e666da9d0c8bebb010,0.5,3.13.13
notselected_pdcsap_q0,not_selected_qpp,PDCSAP_FLUX,quality_zero_only,tau0_nearest_cadence_indices,diagnostic_irregular_sampling,predeclared_comparison,diagnostic_only,fase0_tarea09_notselected_pdcsap_q0.csv,5801c2687be7a8806323465f3ebde007e9b1fa53fbad9a0686f8903fe8577e98,1,M2,bpow_const,OK,0.36163589998614043,14,20.001761299499776,40.00350256101228,21.540347563075976,20.001741182932165,40.00350256101228,20.001741261512507,6,6,0.00331603616048484,0.01989621696290904,0.025,-0.4191261645442985,8.005290206000817,0.0039483631224809385,0.8044839261406347,,"[-10.684246652324704,2.0602318410711615,0.008894044291870228,1.4231991306183784,-4.436017640586367]",False,[],0,[],[],,-5.362096196812746,-1.7843076271740816,False,not_applicable,,,,,ba303fa13dda064e6d18d06e9d7e75f03039717a02f78b0590ffdcb7ca396149,07d3b54ec0fdc1225638339b73a06dae07dbd5367b724b5a32359fa47942cf31,6aceac9518fc8056052807e666da9d0c8bebb010,0.5,3.13.13
notselected_pdcsap_q0,not_selected_qpp,PDCSAP_FLUX,quality_zero_only,tau0_nearest_cadence_indices,diagnostic_irregular_sampling,predeclared_comparison,diagnostic_only,fase0_tarea09_notselected_pdcsap_q0.csv,5801c2687be7a8806323465f3ebde007e9b1fa53fbad9a0686f8903fe8577e98,2,M0,pow_const,OK,0.20012839999981225,14,20.001761299499776,40.00350256101228,21.540347563075976,20.001741182932165,40.00350256101228,20.001741261512507,6,6,0.00331603616048484,0.01989621696290904,0.025,-0.42199134895296986,4.42750163636205,0.0035029151433045662,0.9528044143460939,,"[1.0454711166552988,2.125533347501256,-2.6045723019281235]",False,[],0,[],[],,-5.3620962326221955,-1.7846011393067585,False,not_applicable,,,,,ba303fa13dda064e6d18d06e9d7e75f03039717a02f78b0590ffdcb7ca396149,07d3b54ec0fdc1225638339b73a06dae07dbd5367b724b5a32359fa47942cf31,6aceac9518fc8056052807e666da9d0c8bebb010,0.5,3.13.13
notselected_pdcsap_q0,not_selected_qpp,PDCSAP_FLUX,quality_zero_only,tau0_nearest_cadence_indices,diagnostic_irregular_sampling,predeclared_comparison,diagnostic_only,fase0_tarea09_notselected_pdcsap_q0.csv,5801c2687be7a8806323465f3ebde007e9b1fa53fbad9a0686f8903fe8577e98,2,M1,pow_const_gauss,OK,0.6039755999809131,14,20.001761299499776,40.00350256101228,21.540347563075976,20.001741182932165,40.00350256101228,20.001741261512507,6,6,0.00331603616048484,0.01989621696290904,0.025,-0.4154002614219854,9.789597868984245,0.0003287632548623297,0.6995377499644693,74.51254670839238,"[1.0590507118937222,2.203427265148107,-2.5381917371169083,-5.534268248034382,-4.310967523398959,0.05]",True,"[{""parameter_index"":5,""side"":""lower"",""value"":0.05,""bound"":0.05,""absolute_distance"":0.0}]",0,[],[],,-5.3620962326221955,-1.7846011393067585,False,not_applicable,,,,,ba303fa13dda064e6d18d06e9d7e75f03039717a02f78b0590ffdcb7ca396149,07d3b54ec0fdc1225638339b73a06dae07dbd5367b724b5a32359fa47942cf31,6aceac9518fc8056052807e666da9d0c8bebb010,0.5,3.13.13
notselected_pdcsap_q0,not_selected_qpp,PDCSAP_FLUX,quality_zero_only,tau0_nearest_cadence_indices,diagnostic_irregular_sampling,predeclared_comparison,diagnostic_only,fase0_tarea09_notselected_pdcsap_q0.csv,5801c2687be7a8806323465f3ebde007e9b1fa53fbad9a0686f8903fe8577e98,2,M2,bpow_const,OK,0.32056829999783076,14,20.001761299499776,40.00350256101228,21.540347563075976,20.001741182932165,40.00350256101228,20.001741261512507,6,6,0.00331603616048484,0.01989621696290904,0.025,-0.4189794263826334,8.004996729677487,0.0037778106542544804,0.8066287320775543,,"[-10.592159874283377,2.0448534479627227,0.008804079789035725,1.34671936265721,-14.97549652913762]",False,[],0,[],[],,-5.3620962326221955,-1.7846011393067585,False,not_applicable,,,,,ba303fa13dda064e6d18d06e9d7e75f03039717a02f78b0590ffdcb7ca396149,07d3b54ec0fdc1225638339b73a06dae07dbd5367b724b5a32359fa47942cf31,6aceac9518fc8056052807e666da9d0c8bebb010,0.5,3.13.13
notselected_pdcsap_q0,not_selected_qpp,PDCSAP_FLUX,quality_zero_only,tau0_nearest_cadence_indices,diagnostic_irregular_sampling,predeclared_comparison,diagnostic_only,fase0_tarea09_notselected_pdcsap_q0.csv,5801c2687be7a8806323465f3ebde007e9b1fa53fbad9a0686f8903fe8577e98,3,M0,pow_const,OK,0.17625159997260198,14,20.001761299499776,40.00350256101228,21.540347563075976,20.001741182932165,40.00350256101228,20.001741261512507,6,6,0.00331603616048484,0.01989621696290904,0.025,-0.421991348953096,4.427501636362302,0.00350291655701233,0.952804404833604,,"[1.045471081580812,2.1255335464773166,-2.604572298118972]",False,[],0,[],[],,-5.362097250859613,-1.7846030888104512,False,not_applicable,,,,,ba303fa13dda064e6d18d06e9d7e75f03039717a02f78b0590ffdcb7ca396149,07d3b54ec0fdc1225638339b73a06dae07dbd5367b724b5a32359fa47942cf31,6aceac9518fc8056052807e666da9d0c8bebb010,0.5,3.13.13
notselected_pdcsap_q0,not_selected_qpp,PDCSAP_FLUX,quality_zero_only,tau0_nearest_cadence_indices,diagnostic_irregular_sampling,predeclared_comparison,diagnostic_only,fase0_tarea09_notselected_pdcsap_q0.csv,5801c2687be7a8806323465f3ebde007e9b1fa53fbad9a0686f8903fe8577e98,3,M1,pow_const_gauss,OK,0.6333983000076842,14,20.001761299499776,40.00350256101228,21.540347563075976,20.001741182932165,40.00350256101228,20.001741261512507,6,6,0.00331603616048484,0.01989621696290904,0.025,-0.4154007705408205,9.789598887221915,0.00032978317755407295,0.6994213965021036,81.49546792992196,"[1.0590558207028025,2.203485293239509,-2.538107516612175,-4.349199072374049,-4.400547410478806,0.05]",True,"[{""parameter_index"":5,""side"":""lower"",""value"":0.05,""bound"":0.05,""absolute_distance"":0.0}]",0,[],[],,-5.362097250859613,-1.7846030888104512,False,not_applicable,,,,,ba303fa13dda064e6d18d06e9d7e75f03039717a02f78b0590ffdcb7ca396149,07d3b54ec0fdc1225638339b73a06dae07dbd5367b724b5a32359fa47942cf31,6aceac9518fc8056052807e666da9d0c8bebb010,0.5,3.13.13
notselected_pdcsap_q0,not_selected_qpp,PDCSAP_FLUX,quality_zero_only,tau0_nearest_cadence_indices,diagnostic_irregular_sampling,predeclared_comparison,diagnostic_only,fase0_tarea09_notselected_pdcsap_q0.csv,5801c2687be7a8806323465f3ebde007e9b1fa53fbad9a0686f8903fe8577e98,3,M2,bpow_const,OK,0.28162960000918247,14,20.001761299499776,40.00350256101228,21.540347563075976,20.001741182932165,40.00350256101228,20.001741261512507,6,6,0.00331603616048484,0.01989621696290904,0.025,-0.41897896074962215,8.004995798411464,0.003778813209105721,0.8066159138348818,,"[-10.601410502429555,2.0465356502029355,0.008791302826957753,1.346550153970657,-15.979285732960344]",False,[],0,[],[],,-5.362097250859613,-1.7846030888104512,False,not_applicable,,,,,ba303fa13dda064e6d18d06e9d7e75f03039717a02f78b0590ffdcb7ca396149,07d3b54ec0fdc1225638339b73a06dae07dbd5367b724b5a32359fa47942cf31,6aceac9518fc8056052807e666da9d0c8bebb010,0.5,3.13.13
notselected_pdcsap_q0,not_selected_qpp,PDCSAP_FLUX,quality_zero_only,tau0_nearest_cadence_indices,diagnostic_irregular_sampling,predeclared_comparison,diagnostic_only,fase0_tarea09_notselected_pdcsap_q0.csv,5801c2687be7a8806323465f3ebde007e9b1fa53fbad9a0686f8903fe8577e98,4,M0,pow_const,OK,0.18997020000824705,14,20.001761299499776,40.00350256101228,21.540347563075976,20.001741182932165,40.00350256101228,20.001741261512507,6,6,0.00331603616048484,0.01989621696290904,0.025,-0.421991348953318,4.427501636362746,0.003502913318871838,0.9528044266222533,,"[1.04547084213935,2.1255317416554953,-2.6045754885985914]",False,[],0,[],[],,-5.36209622276363,-1.7846018462990436,False,not_applicable,,,,,ba303fa13dda064e6d18d06e9d7e75f03039717a02f78b0590ffdcb7ca396149,07d3b54ec0fdc1225638339b73a06dae07dbd5367b724b5a32359fa47942cf31,6aceac9518fc8056052807e666da9d0c8bebb010,0.5,3.13.13
notselected_pdcsap_q0,not_selected_qpp,PDCSAP_FLUX,quality_zero_only,tau0_nearest_cadence_indices,diagnostic_irregular_sampling,predeclared_comparison,diagnostic_only,fase0_tarea09_notselected_pdcsap_q0.csv,5801c2687be7a8806323465f3ebde007e9b1fa53fbad9a0686f8903fe8577e98,4,M1,pow_const_gauss,OK,0.5461286999925505,14,20.001761299499776,40.00350256101228,21.540347563075976,20.001741182932165,40.00350256101228,20.001741261512507,6,6,0.00331603616048484,0.01989621696290904,0.025,-0.4154002564930508,9.789597859126376,0.00032875066351352125,0.6995391883666233,74.81893502961103,"[1.0590444900895137,2.203408478422489,-2.5382120490646023,-5.546660633256232,-4.315070995052474,0.050186022477795314]",False,[],0,[],[],,-5.36209622276363,-1.7846018462990436,False,not_applicable,,,,,ba303fa13dda064e6d18d06e9d7e75f03039717a02f78b0590ffdcb7ca396149,07d3b54ec0fdc1225638339b73a06dae07dbd5367b724b5a32359fa47942cf31,6aceac9518fc8056052807e666da9d0c8bebb010,0.5,3.13.13
notselected_pdcsap_q0,not_selected_qpp,PDCSAP_FLUX,quality_zero_only,tau0_nearest_cadence_indices,diagnostic_irregular_sampling,predeclared_comparison,diagnostic_only,fase0_tarea09_notselected_pdcsap_q0.csv,5801c2687be7a8806323465f3ebde007e9b1fa53fbad9a0686f8903fe8577e98,4,M2,bpow_const,OK,0.26571249999688007,14,20.001761299499776,40.00350256101228,21.540347563075976,20.001741182932165,40.00350256101228,20.001741261512507,6,6,0.00331603616048484,0.01989621696290904,0.025,-0.41897906795755624,8.004996012827332,0.0037784443590977304,0.8066206294982361,,"[-10.60337071310257,2.0468659151290227,0.00878239888779573,1.3470938684009637,-13.33805203361926]",False,[],0,[],[],,-5.36209622276363,-1.7846018462990436,False,not_applicable,,,,,ba303fa13dda064e6d18d06e9d7e75f03039717a02f78b0590ffdcb7ca396149,07d3b54ec0fdc1225638339b73a06dae07dbd5367b724b5a32359fa47942cf31,6aceac9518fc8056052807e666da9d0c8bebb010,0.5,3.13.13
notselected_pdcsap_q0,not_selected_qpp,PDCSAP_FLUX,quality_zero_only,tau0_nearest_cadence_indices,diagnostic_irregular_sampling,predeclared_comparison,diagnostic_only,fase0_tarea09_notselected_pdcsap_q0.csv,5801c2687be7a8806323465f3ebde007e9b1fa53fbad9a0686f8903fe8577e98,5,M0,pow_const,OK,0.19744069999433123,14,20.001761299499776,40.00350256101228,21.540347563075976,20.001741182932165,40.00350256101228,20.001741261512507,6,6,0.00331603616048484,0.01989621696290904,0.025,-0.4219913489529876,4.427501636362085,0.003502914273722358,0.9528044201972984,,"[1.0454712319917776,2.125532991796213,-2.604573183378524]",False,[],0,[],[],,-5.362096198107511,-1.784601972753201,False,not_applicable,,,,,ba303fa13dda064e6d18d06e9d7e75f03039717a02f78b0590ffdcb7ca396149,07d3b54ec0fdc1225638339b73a06dae07dbd5367b724b5a32359fa47942cf31,6aceac9518fc8056052807e666da9d0c8bebb010,0.5,3.13.13
notselected_pdcsap_q0,not_selected_qpp,PDCSAP_FLUX,quality_zero_only,tau0_nearest_cadence_indices,diagnostic_irregular_sampling,predeclared_comparison,diagnostic_only,fase0_tarea09_notselected_pdcsap_q0.csv,5801c2687be7a8806323465f3ebde007e9b1fa53fbad9a0686f8903fe8577e98,5,M1,pow_const_gauss,OK,0.5078212000080384,14,20.001761299499776,40.00350256101228,21.540347563075976,20.001741182932165,40.00350256101228,20.001741261512507,6,6,0.00331603616048484,0.01989621696290904,0.025,-0.4154002441646609,9.789597834469596,0.00032872729325964813,0.6995418582499635,77.36965608289961,"[1.0590491535980127,2.203426729197616,-2.5381734519527286,-5.421975628852067,-4.348594663455188,0.05038340781828588]",False,[],0,[],[],,-5.362096198107511,-1.784601972753201,False,not_applicable,,,,,ba303fa13dda064e6d18d06e9d7e75f03039717a02f78b0590ffdcb7ca396149,07d3b54ec0fdc1225638339b73a06dae07dbd5367b724b5a32359fa47942cf31,6aceac9518fc8056052807e666da9d0c8bebb010,0.5,3.13.13
notselected_pdcsap_q0,not_selected_qpp,PDCSAP_FLUX,quality_zero_only,tau0_nearest_cadence_indices,diagnostic_irregular_sampling,predeclared_comparison,diagnostic_only,fase0_tarea09_notselected_pdcsap_q0.csv,5801c2687be7a8806323465f3ebde007e9b1fa53fbad9a0686f8903fe8577e98,5,M2,bpow_const,OK,0.3290370000177063,14,20.001761299499776,40.00350256101228,21.540347563075976,20.001741182932165,40.00350256101228,20.001741261512507,6,6,0.00331603616048484,0.01989621696290904,0.025,-0.4189789924020877,8.004995861716395,0.0037787081116230714,0.8066172574470494,,"[-10.598648006342737,2.046028379082124,0.008795953715805235,1.3464924947513364,-16.496193338176273]",False,[],0,[],[],,-5.362096198107511,-1.784601972753201,False,not_applicable,,,,,ba303fa13dda064e6d18d06e9d7e75f03039717a02f78b0590ffdcb7ca396149,07d3b54ec0fdc1225638339b73a06dae07dbd5367b724b5a32359fa47942cf31,6aceac9518fc8056052807e666da9d0c8bebb010,0.5,3.13.13
notselected_pdcsap_q0,not_selected_qpp,PDCSAP_FLUX,quality_zero_only,tau0_nearest_cadence_indices,diagnostic_irregular_sampling,predeclared_comparison,diagnostic_only,fase0_tarea09_notselected_pdcsap_q0.csv,5801c2687be7a8806323465f3ebde007e9b1fa53fbad9a0686f8903fe8577e98,6,M0,pow_const,OK,0.18003990000579506,14,20.001761299499776,40.00350256101228,21.540347563075976,20.001741182932165,40.00350256101228,20.001741261512507,6,6,0.00331603616048484,0.01989621696290904,0.025,-0.42199134895321233,4.427501636362535,0.003502915914009266,0.9528044091602123,,"[1.0454716794598464,2.1255345391688816,-2.6045704623437507]",False,[],0,[],[],,-5.362096410237581,-1.7846021520227993,False,not_applicable,,,,,ba303fa13dda064e6d18d06e9d7e75f03039717a02f78b0590ffdcb7ca396149,07d3b54ec0fdc1225638339b73a06dae07dbd5367b724b5a32359fa47942cf31,6aceac9518fc8056052807e666da9d0c8bebb010,0.5,3.13.13
notselected_pdcsap_q0,not_selected_qpp,PDCSAP_FLUX,quality_zero_only,tau0_nearest_cadence_indices,diagnostic_irregular_sampling,predeclared_comparison,diagnostic_only,fase0_tarea09_notselected_pdcsap_q0.csv,5801c2687be7a8806323465f3ebde007e9b1fa53fbad9a0686f8903fe8577e98,6,M1,pow_const_gauss,OK,0.5092330999905244,14,20.001761299499776,40.00350256101228,21.540347563075976,20.001741182932165,40.00350256101228,20.001741261512507,6,6,0.00331603616048484,0.01989621696290904,0.025,-0.4154003502299206,9.789598046600116,0.00032894788551375337,0.6995166637844923,73.13728210004909,"[1.0590605249534255,2.2034365408675582,-2.5382662305902137,-5.377267381517037,-4.292338251790813,0.05]",True,"[{""parameter_index"":5,""side"":""lower"",""value"":0.05,""bound"":0.05,""absolute_distance"":0.0}]",0,[],[],,-5.362096410237581,-1.7846021520227993,False,not_applicable,,,,,ba303fa13dda064e6d18d06e9d7e75f03039717a02f78b0590ffdcb7ca396149,07d3b54ec0fdc1225638339b73a06dae07dbd5367b724b5a32359fa47942cf31,6aceac9518fc8056052807e666da9d0c8bebb010,0.5,3.13.13
notselected_pdcsap_q0,not_selected_qpp,PDCSAP_FLUX,quality_zero_only,tau0_nearest_cadence_indices,diagnostic_irregular_sampling,predeclared_comparison,diagnostic_only,fase0_tarea09_notselected_pdcsap_q0.csv,5801c2687be7a8806323465f3ebde007e9b1fa53fbad9a0686f8903fe8577e98,6,M2,bpow_const,OK,0.33251429998199455,14,20.001761299499776,40.00350256101228,21.540347563075976,20.001741182932165,40.00350256101228,20.001741261512507,6,6,0.00331603616048484,0.01989621696290904,0.025,-0.41897900883254824,8.004995894577316,0.0037789934790632253,0.8066136092502765,,"[-10.604635469821561,2.0471401222806906,0.008787792151349925,1.3464091546634078,-19.461447584522155]",False,[],0,[],[],,-5.362096410237581,-1.7846021520227993,False,not_applicable,,,,,ba303fa13dda064e6d18d06e9d7e75f03039717a02f78b0590ffdcb7ca396149,07d3b54ec0fdc1225638339b73a06dae07dbd5367b724b5a32359fa47942cf31,6aceac9518fc8056052807e666da9d0c8bebb010,0.5,3.13.13
notselected_pdcsap_q0,not_selected_qpp,PDCSAP_FLUX,quality_zero_only,tau0_nearest_cadence_indices,diagnostic_irregular_sampling,predeclared_comparison,diagnostic_only,fase0_tarea09_notselected_pdcsap_q0.csv,5801c2687be7a8806323465f3ebde007e9b1fa53fbad9a0686f8903fe8577e98,7,M0,pow_const,OK,0.22119509999174625,14,20.001761299499776,40.00350256101228,21.540347563075976,20.001741182932165,40.00350256101228,20.001741261512507,6,6,0.00331603616048484,0.01989621696290904,0.025,-0.42199134895321855,4.427501636362547,0.0035029147675428012,0.9528044168745021,,"[1.0454717807027227,2.125534252276407,-2.6045709877132652]",False,[],0,[],[],,-5.362096850032448,-1.7846026253268192,False,not_applicable,,,,,ba303fa13dda064e6d18d06e9d7e75f03039717a02f78b0590ffdcb7ca396149,07d3b54ec0fdc1225638339b73a06dae07dbd5367b724b5a32359fa47942cf31,6aceac9518fc8056052807e666da9d0c8bebb010,0.5,3.13.13
notselected_pdcsap_q0,not_selected_qpp,PDCSAP_FLUX,quality_zero_only,tau0_nearest_cadence_indices,diagnostic_irregular_sampling,predeclared_comparison,diagnostic_only,fase0_tarea09_notselected_pdcsap_q0.csv,5801c2687be7a8806323465f3ebde007e9b1fa53fbad9a0686f8903fe8577e98,7,M1,pow_const_gauss,OK,0.6622360999754164,14,20.001761299499776,40.00350256101228,21.540347563075976,20.001741182932165,40.00350256101228,20.001741261512507,6,6,0.00331603616048484,0.01989621696290904,0.025,-0.4154005701273604,9.789598486394995,0.0003293808937280003,0.6994672516539826,81.15891763962708,"[1.0590618420251197,2.20347185929601,-2.5381366068071176,-4.474721143345109,-4.396409178737922,0.05]",True,"[{""parameter_index"":5,""side"":""lower"",""value"":0.05,""bound"":0.05,""absolute_distance"":0.0}]",0,[],[],,-5.362096850032448,-1.7846026253268192,False,not_applicable,,,,,ba303fa13dda064e6d18d06e9d7e75f03039717a02f78b0590ffdcb7ca396149,07d3b54ec0fdc1225638339b73a06dae07dbd5367b724b5a32359fa47942cf31,6aceac9518fc8056052807e666da9d0c8bebb010,0.5,3.13.13
notselected_pdcsap_q0,not_selected_qpp,PDCSAP_FLUX,quality_zero_only,tau0_nearest_cadence_indices,diagnostic_irregular_sampling,predeclared_comparison,diagnostic_only,fase0_tarea09_notselected_pdcsap_q0.csv,5801c2687be7a8806323465f3ebde007e9b1fa53fbad9a0686f8903fe8577e98,7,M2,bpow_const,OK,0.36299460000009276,14,20.001761299499776,40.00350256101228,21.540347563075976,20.001741182932165,40.00350256101228,20.001741261512507,6,6,0.00331603616048484,0.01989621696290904,0.025,-0.41897899207797806,8.004995861068176,0.00377893773508804,0.8066143218766026,,"[-10.603733837936982,2.0469681472352663,0.008788762513713301,1.3464261810469595,-14.240969322234564]",False,[],0,[],[],,-5.362096850032448,-1.7846026253268192,False,not_applicable,,,,,ba303fa13dda064e6d18d06e9d7e75f03039717a02f78b0590ffdcb7ca396149,07d3b54ec0fdc1225638339b73a06dae07dbd5367b724b5a32359fa47942cf31,6aceac9518fc8056052807e666da9d0c8bebb010,0.5,3.13.13
notselected_pdcsap_q0,not_selected_qpp,PDCSAP_FLUX,quality_zero_only,tau0_nearest_cadence_indices,diagnostic_irregular_sampling,predeclared_comparison,diagnostic_only,fase0_tarea09_notselected_pdcsap_q0.csv,5801c2687be7a8806323465f3ebde007e9b1fa53fbad9a0686f8903fe8577e98,8,M0,pow_const,OK,0.1833809000090696,14,20.001761299499776,40.00350256101228,21.540347563075976,20.001741182932165,40.00350256101228,20.001741261512507,6,6,0.00331603616048484,0.01989621696290904,0.025,-0.42199134895304,4.42750163636219,0.003502914313227078,0.9528044199314808,,"[1.045470803569986,2.1255327994526816,-2.604572810576992]",False,[],0,[],[],,-5.362096513993767,-1.7883964089426705,False,not_applicable,,,,,ba303fa13dda064e6d18d06e9d7e75f03039717a02f78b0590ffdcb7ca396149,07d3b54ec0fdc1225638339b73a06dae07dbd5367b724b5a32359fa47942cf31,6aceac9518fc8056052807e666da9d0c8bebb010,0.5,3.13.13
notselected_pdcsap_q0,not_selected_qpp,PDCSAP_FLUX,quality_zero_only,tau0_nearest_cadence_indices,diagnostic_irregular_sampling,predeclared_comparison,diagnostic_only,fase0_tarea09_notselected_pdcsap_q0.csv,5801c2687be7a8806323465f3ebde007e9b1fa53fbad9a0686f8903fe8577e98,8,M1,pow_const_gauss,OK,0.49786149998544715,14,20.001761299499776,40.00350256101228,21.540347563075976,20.001741182932165,40.00350256101228,20.001741261512507,6,6,0.00331603616048484,0.01989621696290904,0.025,-0.41540040210784124,9.789598150355957,0.0003290460101887609,0.699505461438275,80.65542731568598,"[1.0590550174996034,2.203457617748904,-2.5381362680985,-4.650565775735956,-4.390186096983858,0.05]",True,"[{""parameter_index"":5,""side"":""lower"",""value"":0.05,""bound"":0.05,""absolute_distance"":0.0}]",0,[],[],,-5.362096513993767,-1.7883964089426705,False,not_applicable,,,,,ba303fa13dda064e6d18d06e9d7e75f03039717a02f78b0590ffdcb7ca396149,07d3b54ec0fdc1225638339b73a06dae07dbd5367b724b5a32359fa47942cf31,6aceac9518fc8056052807e666da9d0c8bebb010,0.5,3.13.13
notselected_pdcsap_q0,not_selected_qpp,PDCSAP_FLUX,quality_zero_only,tau0_nearest_cadence_indices,diagnostic_irregular_sampling,predeclared_comparison,diagnostic_only,fase0_tarea09_notselected_pdcsap_q0.csv,5801c2687be7a8806323465f3ebde007e9b1fa53fbad9a0686f8903fe8577e98,8,M2,bpow_const,OK,0.39381230002618395,14,20.001761299499776,40.00350256101228,21.540347563075976,20.001741182932165,40.00350256101228,20.001741261512507,6,6,0.00331603616048484,0.01989621696290904,0.025,-0.41708193225053325,8.001201741413286,0.0018256313382962381,0.8387582328854337,,"[-12.283210241425659,2.334643654502073,0.01496481021119233,9.0,-2.05090487498237]",True,"[{""parameter_index"":3,""side"":""upper"",""value"":9.0,""bound"":9.0,""absolute_distance"":0.0}]",0,[],[],,-5.362096513993767,-1.7883964089426705,False,not_applicable,,,,,ba303fa13dda064e6d18d06e9d7e75f03039717a02f78b0590ffdcb7ca396149,07d3b54ec0fdc1225638339b73a06dae07dbd5367b724b5a32359fa47942cf31,6aceac9518fc8056052807e666da9d0c8bebb010,0.5,3.13.13
notselected_pdcsap_q0,not_selected_qpp,PDCSAP_FLUX,quality_zero_only,tau0_nearest_cadence_indices,diagnostic_irregular_sampling,predeclared_comparison,diagnostic_only,fase0_tarea09_notselected_pdcsap_q0.csv,5801c2687be7a8806323465f3ebde007e9b1fa53fbad9a0686f8903fe8577e98,9,M0,pow_const,OK,0.18079340000986122,14,20.001761299499776,40.00350256101228,21.540347563075976,20.001741182932165,40.00350256101228,20.001741261512507,6,6,0.00331603616048484,0.01989621696290904,0.025,-0.42199134895311374,4.427501636362337,0.003502915917244259,0.9528044091384448,,"[1.0454715066882558,2.1255342745726447,-2.6045708451406897]",False,[],0,[],[],,-5.362096238402635,-1.7846016947115917,False,not_applicable,,,,,ba303fa13dda064e6d18d06e9d7e75f03039717a02f78b0590ffdcb7ca396149,07d3b54ec0fdc1225638339b73a06dae07dbd5367b724b5a32359fa47942cf31,6aceac9518fc8056052807e666da9d0c8bebb010,0.5,3.13.13
notselected_pdcsap_q0,not_selected_qpp,PDCSAP_FLUX,quality_zero_only,tau0_nearest_cadence_indices,diagnostic_irregular_sampling,predeclared_comparison,diagnostic_only,fase0_tarea09_notselected_pdcsap_q0.csv,5801c2687be7a8806323465f3ebde007e9b1fa53fbad9a0686f8903fe8577e98,9,M1,pow_const_gauss,OK,0.6025993000075687,14,20.001761299499776,40.00350256101228,21.540347563075976,20.001741182932165,40.00350256101228,20.001741261512507,6,6,0.00331603616048484,0.01989621696290904,0.025,-0.4154002643123489,9.789597874764972,0.0003287590690967655,0.6995382281298308,79.1562678151891,"[1.059058407077885,2.203411589002579,-2.5382071147585252,-5.086564231629319,-4.371423972265505,0.05040383277684157]",False,[],0,[],[],,-5.362096238402635,-1.7846016947115917,False,not_applicable,,,,,ba303fa13dda064e6d18d06e9d7e75f03039717a02f78b0590ffdcb7ca396149,07d3b54ec0fdc1225638339b73a06dae07dbd5367b724b5a32359fa47942cf31,6aceac9518fc8056052807e666da9d0c8bebb010,0.5,3.13.13
notselected_pdcsap_q0,not_selected_qpp,PDCSAP_FLUX,quality_zero_only,tau0_nearest_cadence_indices,diagnostic_irregular_sampling,predeclared_comparison,diagnostic_only,fase0_tarea09_notselected_pdcsap_q0.csv,5801c2687be7a8806323465f3ebde007e9b1fa53fbad9a0686f8903fe8577e98,9,M2,bpow_const,OK,0.31493110000155866,14,20.001761299499776,40.00350256101228,21.540347563075976,20.001741182932165,40.00350256101228,20.001741261512507,6,6,0.00331603616048484,0.01989621696290904,0.025,-0.4189791515705803,8.00499618005338,0.0037775504344635257,0.8066320595553977,,"[-10.605874861382524,2.0473358973938356,0.008778600268341822,1.3468562112085687,-16.07466551218657]",False,[],0,[],[],,-5.362096238402635,-1.7846016947115917,False,not_applicable,,,,,ba303fa13dda064e6d18d06e9d7e75f03039717a02f78b0590ffdcb7ca396149,07d3b54ec0fdc1225638339b73a06dae07dbd5367b724b5a32359fa47942cf31,6aceac9518fc8056052807e666da9d0c8bebb010,0.5,3.13.13
notselected_sap_q0,not_selected_qpp,SAP_FLUX,quality_zero_only,tau0_nearest_cadence_indices,diagnostic_irregular_sampling,predeclared_comparison,diagnostic_only,fase0_tarea09_notselected_sap_q0.csv,9ca65fb1c134c7fe4d9c401e3d6361a798d544810377b4325275f4cb39c48475,0,M0,pow_const,OK,0.19084389999625273,14,20.001761299499776,40.00350256101228,21.540347563075976,20.001741182932165,40.00350256101228,20.001741261512507,6,6,0.00331603616048484,0.01989621696290904,0.025,-0.708671734263123,5.000862406982356,0.3321494208857978,0.5643961638725763,,"[1.0965870089179277,2.983243419576045,-1.6959495540783056]",False,[],0,[],[],,-4.095521308561335,-0.6182870294689451,False,not_applicable,,,,,ba303fa13dda064e6d18d06e9d7e75f03039717a02f78b0590ffdcb7ca396149,07d3b54ec0fdc1225638339b73a06dae07dbd5367b724b5a32359fa47942cf31,6aceac9518fc8056052807e666da9d0c8bebb010,0.5,3.13.13
notselected_sap_q0,not_selected_qpp,SAP_FLUX,quality_zero_only,tau0_nearest_cadence_indices,diagnostic_irregular_sampling,predeclared_comparison,diagnostic_only,fase0_tarea09_notselected_sap_q0.csv,9ca65fb1c134c7fe4d9c401e3d6361a798d544810377b4325275f4cb39c48475,0,M1,pow_const_gauss,OK,0.8361508999951184,14,20.001761299499776,40.00350256101228,21.540347563075976,20.001741182932165,40.00350256101228,20.001741261512507,6,6,0.00331603616048484,0.01989621696290904,0.025,-0.06879318470170848,9.096383715543691,0.23408208886390908,0.3193103311923674,53.04190401741557,"[1.1686058246725266,2.2991542221323393,-19.243929424086197,-2.690831828768061,-3.971082242997543,0.05177209118525299]",False,[],0,[],[],,-4.095521308561335,-0.6182870294689451,False,not_applicable,,,,,ba303fa13dda064e6d18d06e9d7e75f03039717a02f78b0590ffdcb7ca396149,07d3b54ec0fdc1225638339b73a06dae07dbd5367b724b5a32359fa47942cf31,6aceac9518fc8056052807e666da9d0c8bebb010,0.5,3.13.13
notselected_sap_q0,not_selected_qpp,SAP_FLUX,quality_zero_only,tau0_nearest_cadence_indices,diagnostic_irregular_sampling,predeclared_comparison,diagnostic_only,fase0_tarea09_notselected_sap_q0.csv,9ca65fb1c134c7fe4d9c401e3d6361a798d544810377b4325275f4cb39c48475,0,M2,bpow_const,OK,0.2971231999981683,14,20.001761299499776,40.00350256101228,21.540347563075976,20.001741182932165,40.00350256101228,20.001741261512507,6,6,0.00331603616048484,0.01989621696290904,0.025,-0.6555294045812632,8.478096686074746,0.6404841621337163,0.32349465721603954,,"[-7.3684522094150635,1.4678802056900593,0.005411545153542327,4.865516768892218,-1.6217468719211279]",False,[],0,[],[],,-4.095521308561335,-0.6182870294689451,False,not_applicable,,,,,ba303fa13dda064e6d18d06e9d7e75f03039717a02f78b0590ffdcb7ca396149,07d3b54ec0fdc1225638339b73a06dae07dbd5367b724b5a32359fa47942cf31,6aceac9518fc8056052807e666da9d0c8bebb010,0.5,3.13.13
notselected_sap_q0,not_selected_qpp,SAP_FLUX,quality_zero_only,tau0_nearest_cadence_indices,diagnostic_irregular_sampling,predeclared_comparison,diagnostic_only,fase0_tarea09_notselected_sap_q0.csv,9ca65fb1c134c7fe4d9c401e3d6361a798d544810377b4325275f4cb39c48475,1,M0,pow_const,OK,0.1983022000058554,14,20.001761299499776,40.00350256101228,21.540347563075976,20.001741182932165,40.00350256101228,20.001741261512507,6,6,0.00331603616048484,0.01989621696290904,0.025,-0.7086717342631212,5.000862406982352,0.3321494327919471,0.5643961568920317,,"[1.096586780177952,2.9832430774221783,-1.6959496161195655]",False,[],0,[],[],,-4.095521406203303,-0.7528276670841958,False,not_applicable,,,,,ba303fa13dda064e6d18d06e9d7e75f03039717a02f78b0590ffdcb7ca396149,07d3b54ec0fdc1225638339b73a06dae07dbd5367b724b5a32359fa47942cf31,6aceac9518fc8056052807e666da9d0c8bebb010,0.5,3.13.13
notselected_sap_q0,not_selected_qpp,SAP_FLUX,quality_zero_only,tau0_nearest_cadence_indices,diagnostic_irregular_sampling,predeclared_comparison,diagnostic_only,fase0_tarea09_notselected_sap_q0.csv,9ca65fb1c134c7fe4d9c401e3d6361a798d544810377b4325275f4cb39c48475,1,M1,pow_const_gauss,OK,0.9161776999826543,14,20.001761299499776,40.00350256101228,21.540347563075976,20.001741182932165,40.00350256101228,20.001741261512507,6,6,0.00331603616048484,0.01989621696290904,0.025,-0.0687932335226904,9.096383813185655,0.23408364702892395,0.31930977937049176,53.16233506932854,"[1.1686116725254958,2.2991621066387276,-16.57632194431474,-2.6376329785597643,-3.973350158187515,0.05017312730774438]",False,[],0,[],[],,-4.095521406203303,-0.7528276670841958,False,not_applicable,,,,,ba303fa13dda064e6d18d06e9d7e75f03039717a02f78b0590ffdcb7ca396149,07d3b54ec0fdc1225638339b73a06dae07dbd5367b724b5a32359fa47942cf31,6aceac9518fc8056052807e666da9d0c8bebb010,0.5,3.13.13
notselected_sap_q0,not_selected_qpp,SAP_FLUX,quality_zero_only,tau0_nearest_cadence_indices,diagnostic_irregular_sampling,predeclared_comparison,diagnostic_only,fase0_tarea09_notselected_sap_q0.csv,9ca65fb1c134c7fe4d9c401e3d6361a798d544810377b4325275f4cb39c48475,1,M2,bpow_const,OK,0.4325859000091441,14,20.001761299499776,40.00350256101228,21.540347563075976,20.001741182932165,40.00350256101228,20.001741261512507,6,6,0.00331603616048484,0.01989621696290904,0.025,-0.5882591345946198,8.34355614610146,0.654874652865906,0.3201882777474776,,"[-13.450230481385185,2.5338312867842356,0.009674093658612687,8.999999999999998,-1.6784302497438361]",True,"[{""parameter_index"":3,""side"":""upper"",""value"":8.999999999999998,""bound"":9.0,""absolute_distance"":1.7763568394002505e-15}]",0,[],[],,-4.095521406203303,-0.7528276670841958,False,not_applicable,,,,,ba303fa13dda064e6d18d06e9d7e75f03039717a02f78b0590ffdcb7ca396149,07d3b54ec0fdc1225638339b73a06dae07dbd5367b724b5a32359fa47942cf31,6aceac9518fc8056052807e666da9d0c8bebb010,0.5,3.13.13
notselected_sap_q0,not_selected_qpp,SAP_FLUX,quality_zero_only,tau0_nearest_cadence_indices,diagnostic_irregular_sampling,predeclared_comparison,diagnostic_only,fase0_tarea09_notselected_sap_q0.csv,9ca65fb1c134c7fe4d9c401e3d6361a798d544810377b4325275f4cb39c48475,2,M0,pow_const,OK,0.18504609999945387,14,20.001761299499776,40.00350256101228,21.540347563075976,20.001741182932165,40.00350256101228,20.001741261512507,6,6,0.00331603616048484,0.01989621696290904,0.025,-0.7086717342631186,5.000862406982347,0.33214941221534977,0.5643961689560376,,"[1.0965868031249506,2.983243116320286,-1.6959495747621915]",False,[],0,[],[],,-4.095521472212872,-0.5120025337567515,False,not_applicable,,,,,ba303fa13dda064e6d18d06e9d7e75f03039717a02f78b0590ffdcb7ca396149,07d3b54ec0fdc1225638339b73a06dae07dbd5367b724b5a32359fa47942cf31,6aceac9518fc8056052807e666da9d0c8bebb010,0.5,3.13.13
notselected_sap_q0,not_selected_qpp,SAP_FLUX,quality_zero_only,tau0_nearest_cadence_indices,diagnostic_irregular_sampling,predeclared_comparison,diagnostic_only,fase0_tarea09_notselected_sap_q0.csv,9ca65fb1c134c7fe4d9c401e3d6361a798d544810377b4325275f4cb39c48475,2,M1,pow_const_gauss,OK,0.8501256000017747,14,20.001761299499776,40.00350256101228,21.540347563075976,20.001741182932165,40.00350256101228,20.001741261512507,6,6,0.00331603616048484,0.01989621696290904,0.025,-0.06879326652747242,9.09638387919522,0.23407608404558194,0.31931245782111706,52.577525035813046,"[1.1686238189533926,2.2991587397108244,-16.12618409792155,-2.8195306578000836,-3.962288747745295,0.05755000266281344]",False,[],0,[],[],,-4.095521472212872,-0.5120025337567515,False,not_applicable,,,,,ba303fa13dda064e6d18d06e9d7e75f03039717a02f78b0590ffdcb7ca396149,07d3b54ec0fdc1225638339b73a06dae07dbd5367b724b5a32359fa47942cf31,6aceac9518fc8056052807e666da9d0c8bebb010,0.5,3.13.13
notselected_sap_q0,not_selected_qpp,SAP_FLUX,quality_zero_only,tau0_nearest_cadence_indices,diagnostic_irregular_sampling,predeclared_comparison,diagnostic_only,fase0_tarea09_notselected_sap_q0.csv,9ca65fb1c134c7fe4d9c401e3d6361a798d544810377b4325275f4cb39c48475,2,M2,bpow_const,OK,0.268746599991573,14,20.001761299499776,40.00350256101228,21.540347563075976,20.001741182932165,40.00350256101228,20.001741261512507,6,6,0.00331603616048484,0.01989621696290904,0.025,-0.7086717342631239,8.584381345438468,0.6642988797121148,0.3180587277152783,,"[-15.934704145167917,2.9832431984669023,0.021927434362922982,1.0,-1.6959496263370981]",True,"[{""parameter_index"":3,""side"":""lower"",""value"":1.0,""bound"":1.0,""absolute_distance"":0.0}]",0,[],[],,-4.095521472212872,-0.5120025337567515,False,not_applicable,,,,,ba303fa13dda064e6d18d06e9d7e75f03039717a02f78b0590ffdcb7ca396149,07d3b54ec0fdc1225638339b73a06dae07dbd5367b724b5a32359fa47942cf31,6aceac9518fc8056052807e666da9d0c8bebb010,0.5,3.13.13
notselected_sap_q0,not_selected_qpp,SAP_FLUX,quality_zero_only,tau0_nearest_cadence_indices,diagnostic_irregular_sampling,predeclared_comparison,diagnostic_only,fase0_tarea09_notselected_sap_q0.csv,9ca65fb1c134c7fe4d9c401e3d6361a798d544810377b4325275f4cb39c48475,3,M0,pow_const,OK,0.17735300000640564,14,20.001761299499776,40.00350256101228,21.540347563075976,20.001741182932165,40.00350256101228,20.001741261512507,6,6,0.00331603616048484,0.01989621696290904,0.025,-0.7086717342631292,5.000862406982368,0.33214947097779823,0.564396134503767,,"[1.0965868500617155,2.9832431519048273,-1.695949677665002]",False,[],0,[],[],,-4.09552134972983,-0.5120024112736754,False,not_applicable,,,,,ba303fa13dda064e6d18d06e9d7e75f03039717a02f78b0590ffdcb7ca396149,07d3b54ec0fdc1225638339b73a06dae07dbd5367b724b5a32359fa47942cf31,6aceac9518fc8056052807e666da9d0c8bebb010,0.5,3.13.13
notselected_sap_q0,not_selected_qpp,SAP_FLUX,quality_zero_only,tau0_nearest_cadence_indices,diagnostic_irregular_sampling,predeclared_comparison,diagnostic_only,fase0_tarea09_notselected_sap_q0.csv,9ca65fb1c134c7fe4d9c401e3d6361a798d544810377b4325275f4cb39c48475,3,M1,pow_const_gauss,OK,0.9106871999974828,14,20.001761299499776,40.00350256101228,21.540347563075976,20.001741182932165,40.00350256101228,20.001741261512507,6,6,0.00331603616048484,0.01989621696290904,0.025,-0.06879320528596189,9.096383756712198,0.2340809908670124,0.3193107200483677,53.08397361397585,"[1.168580994904765,2.299131145975884,-17.371024016724444,-2.673454418262257,-3.971875067513163,0.0512187111401611]",False,[],0,[],[],,-4.09552134972983,-0.5120024112736754,False,not_applicable,,,,,ba303fa13dda064e6d18d06e9d7e75f03039717a02f78b0590ffdcb7ca396149,07d3b54ec0fdc1225638339b73a06dae07dbd5367b724b5a32359fa47942cf31,6aceac9518fc8056052807e666da9d0c8bebb010,0.5,3.13.13
notselected_sap_q0,not_selected_qpp,SAP_FLUX,quality_zero_only,tau0_nearest_cadence_indices,diagnostic_irregular_sampling,predeclared_comparison,diagnostic_only,fase0_tarea09_notselected_sap_q0.csv,9ca65fb1c134c7fe4d9c401e3d6361a798d544810377b4325275f4cb39c48475,3,M2,bpow_const,OK,0.2825289000174962,14,20.001761299499776,40.00350256101228,21.540347563075976,20.001741182932165,40.00350256101228,20.001741261512507,6,6,0.00331603616048484,0.01989621696290904,0.025,-0.7086717342631514,8.584381345438523,0.6642988441263129,0.3180587357040996,,"[-15.934707825201688,2.9832438556786824,0.15435095092728707,1.0,-1.6959494544660345]",True,"[{""parameter_index"":3,""side"":""lower"",""value"":1.0,""bound"":1.0,""absolute_distance"":0.0}]",0,[],[],,-4.09552134972983,-0.5120024112736754,False,not_applicable,,,,,ba303fa13dda064e6d18d06e9d7e75f03039717a02f78b0590ffdcb7ca396149,07d3b54ec0fdc1225638339b73a06dae07dbd5367b724b5a32359fa47942cf31,6aceac9518fc8056052807e666da9d0c8bebb010,0.5,3.13.13
notselected_sap_q0,not_selected_qpp,SAP_FLUX,quality_zero_only,tau0_nearest_cadence_indices,diagnostic_irregular_sampling,predeclared_comparison,diagnostic_only,fase0_tarea09_notselected_sap_q0.csv,9ca65fb1c134c7fe4d9c401e3d6361a798d544810377b4325275f4cb39c48475,4,M0,pow_const,OK,0.1760571000049822,14,20.001761299499776,40.00350256101228,21.540347563075976,20.001741182932165,40.00350256101228,20.001741261512507,6,6,0.00331603616048484,0.01989621696290904,0.025,-0.7086717342631825,5.000862406982475,0.332149496479973,0.5643961195519096,,"[1.096587072005107,2.9832431019222034,-1.6959497713336045]",False,[],0,[],[],,-4.095521333710454,-0.6182869281208809,False,not_applicable,,,,,ba303fa13dda064e6d18d06e9d7e75f03039717a02f78b0590ffdcb7ca396149,07d3b54ec0fdc1225638339b73a06dae07dbd5367b724b5a32359fa47942cf31,6aceac9518fc8056052807e666da9d0c8bebb010,0.5,3.13.13
notselected_sap_q0,not_selected_qpp,SAP_FLUX,quality_zero_only,tau0_nearest_cadence_indices,diagnostic_irregular_sampling,predeclared_comparison,diagnostic_only,fase0_tarea09_notselected_sap_q0.csv,9ca65fb1c134c7fe4d9c401e3d6361a798d544810377b4325275f4cb39c48475,4,M1,pow_const_gauss,OK,0.9287473000003956,14,20.001761299499776,40.00350256101228,21.540347563075976,20.001741182932165,40.00350256101228,20.001741261512507,6,6,0.00331603616048484,0.01989621696290904,0.025,-0.06879319727632716,9.096383740692929,0.23408289862141307,0.31931004441750954,52.44989392199794,"[1.1686049612858314,2.299154956572782,-18.16597887800148,-2.83975366979793,-3.9598583123807365,0.05904917850116651]",False,[],0,[],[],,-4.095521333710454,-0.6182869281208809,False,not_applicable,,,,,ba303fa13dda064e6d18d06e9d7e75f03039717a02f78b0590ffdcb7ca396149,07d3b54ec0fdc1225638339b73a06dae07dbd5367b724b5a32359fa47942cf31,6aceac9518fc8056052807e666da9d0c8bebb010,0.5,3.13.13
notselected_sap_q0,not_selected_qpp,SAP_FLUX,quality_zero_only,tau0_nearest_cadence_indices,diagnostic_irregular_sampling,predeclared_comparison,diagnostic_only,fase0_tarea09_notselected_sap_q0.csv,9ca65fb1c134c7fe4d9c401e3d6361a798d544810377b4325275f4cb39c48475,4,M2,bpow_const,OK,0.31057450000662357,14,20.001761299499776,40.00350256101228,21.540347563075976,20.001741182932165,40.00350256101228,20.001741261512507,6,6,0.00331603616048484,0.01989621696290904,0.025,-0.655529467829914,8.478096812572048,0.6404065634210954,0.32351266919404587,,"[-6.5532890706355875,1.3250557522014048,0.0053068685467388445,4.867003113349224,-1.6216440545427295]",False,[],11,"[""RuntimeWarning: invalid value encountered in subtract"",""RuntimeWarning: overflow encountered in exp""]","[{""category"":""RuntimeWarning"",""message"":""overflow encountered in exp"",""filename"":""afino_spectral_models.py"",""lineno"":31},{""category"":""RuntimeWarning"",""message"":""overflow encountered in exp"",""filename"":""afino_spectral_models.py"",""lineno"":31},{""category"":""RuntimeWarning"",""message"":""invalid value encountered in subtract"",""filename"":""_numdiff.py"",""lineno"":710},{""category"":""RuntimeWarning"",""message"":""overflow encountered in exp"",""filename"":""afino_spectral_models.py"",""lineno"":31},{""category"":""RuntimeWarning"",""message"":""invalid value encountered in subtract"",""filename"":""_numdiff.py"",""lineno"":710},{""category"":""RuntimeWarning"",""message"":""overflow encountered in exp"",""filename"":""afino_spectral_models.py"",""lineno"":31},{""category"":""RuntimeWarning"",""message"":""invalid value encountered in subtract"",""filename"":""_numdiff.py"",""lineno"":710},{""category"":""RuntimeWarning"",""message"":""overflow encountered in exp"",""filename"":""afino_spectral_models.py"",""lineno"":31},{""category"":""RuntimeWarning"",""message"":""invalid value encountered in subtract"",""filename"":""_numdiff.py"",""lineno"":710},{""category"":""RuntimeWarning"",""message"":""overflow encountered in exp"",""filename"":""afino_spectral_models.py"",""lineno"":31},{""category"":""RuntimeWarning"",""message"":""invalid value encountered in subtract"",""filename"":""_numdiff.py"",""lineno"":710}]",,-4.095521333710454,-0.6182869281208809,False,not_applicable,,,,,ba303fa13dda064e6d18d06e9d7e75f03039717a02f78b0590ffdcb7ca396149,07d3b54ec0fdc1225638339b73a06dae07dbd5367b724b5a32359fa47942cf31,6aceac9518fc8056052807e666da9d0c8bebb010,0.5,3.13.13
notselected_sap_q0,not_selected_qpp,SAP_FLUX,quality_zero_only,tau0_nearest_cadence_indices,diagnostic_irregular_sampling,predeclared_comparison,diagnostic_only,fase0_tarea09_notselected_sap_q0.csv,9ca65fb1c134c7fe4d9c401e3d6361a798d544810377b4325275f4cb39c48475,5,M0,pow_const,OK,0.192479799996363,14,20.001761299499776,40.00350256101228,21.540347563075976,20.001741182932165,40.00350256101228,20.001741261512507,6,6,0.00331603616048484,0.01989621696290904,0.025,-0.7086717342631186,5.000862406982347,0.332149442896995,0.5643961509674682,,"[1.0965868924937123,2.9832433575409594,-1.6959495876522404]",False,[],0,[],[],,-4.0955214349347875,-0.5120024964784466,False,not_applicable,,,,,ba303fa13dda064e6d18d06e9d7e75f03039717a02f78b0590ffdcb7ca396149,07d3b54ec0fdc1225638339b73a06dae07dbd5367b724b5a32359fa47942cf31,6aceac9518fc8056052807e666da9d0c8bebb010,0.5,3.13.13
notselected_sap_q0,not_selected_qpp,SAP_FLUX,quality_zero_only,tau0_nearest_cadence_indices,diagnostic_irregular_sampling,predeclared_comparison,diagnostic_only,fase0_tarea09_notselected_sap_q0.csv,9ca65fb1c134c7fe4d9c401e3d6361a798d544810377b4325275f4cb39c48475,5,M1,pow_const_gauss,OK,0.7576732000161428,14,20.001761299499776,40.00350256101228,21.540347563075976,20.001741182932165,40.00350256101228,20.001741261512507,6,6,0.00331603616048484,0.01989621696290904,0.025,-0.06879324788843011,9.096383841917135,0.23410061685292713,0.319303769747044,52.99771379398505,"[1.1685813259684248,2.2991671316421383,-16.37987901980584,-2.707883820915227,-3.970248776659193,0.05235031121209572]",False,[],0,[],[],,-4.0955214349347875,-0.5120024964784466,False,not_applicable,,,,,ba303fa13dda064e6d18d06e9d7e75f03039717a02f78b0590ffdcb7ca396149,07d3b54ec0fdc1225638339b73a06dae07dbd5367b724b5a32359fa47942cf31,6aceac9518fc8056052807e666da9d0c8bebb010,0.5,3.13.13
notselected_sap_q0,not_selected_qpp,SAP_FLUX,quality_zero_only,tau0_nearest_cadence_indices,diagnostic_irregular_sampling,predeclared_comparison,diagnostic_only,fase0_tarea09_notselected_sap_q0.csv,9ca65fb1c134c7fe4d9c401e3d6361a798d544810377b4325275f4cb39c48475,5,M2,bpow_const,OK,0.31674210002529435,14,20.001761299499776,40.00350256101228,21.540347563075976,20.001741182932165,40.00350256101228,20.001741261512507,6,6,0.00331603616048484,0.01989621696290904,0.025,-0.708671734263234,8.584381345438688,0.6642988399093422,0.3180587366507872,,"[-15.934699589195551,2.9832423476697123,0.1289416003469234,1.0,-1.695949738463843]",True,"[{""parameter_index"":3,""side"":""lower"",""value"":1.0,""bound"":1.0,""absolute_distance"":0.0}]",0,[],[],,-4.0955214349347875,-0.5120024964784466,False,not_applicable,,,,,ba303fa13dda064e6d18d06e9d7e75f03039717a02f78b0590ffdcb7ca396149,07d3b54ec0fdc1225638339b73a06dae07dbd5367b724b5a32359fa47942cf31,6aceac9518fc8056052807e666da9d0c8bebb010,0.5,3.13.13
notselected_sap_q0,not_selected_qpp,SAP_FLUX,quality_zero_only,tau0_nearest_cadence_indices,diagnostic_irregular_sampling,predeclared_comparison,diagnostic_only,fase0_tarea09_notselected_sap_q0.csv,9ca65fb1c134c7fe4d9c401e3d6361a798d544810377b4325275f4cb39c48475,6,M0,pow_const,OK,0.17545929999323562,14,20.001761299499776,40.00350256101228,21.540347563075976,20.001741182932165,40.00350256101228,20.001741261512507,6,6,0.00331603616048484,0.01989621696290904,0.025,-0.7086717342631257,5.000862406982361,0.3321494073802457,0.5643961717908468,,"[1.0965869508037938,2.9832436108891085,-1.695949476148266]",False,[],0,[],[],,-4.0955213886333715,-0.618287110093501,False,not_applicable,,,,,ba303fa13dda064e6d18d06e9d7e75f03039717a02f78b0590ffdcb7ca396149,07d3b54ec0fdc1225638339b73a06dae07dbd5367b724b5a32359fa47942cf31,6aceac9518fc8056052807e666da9d0c8bebb010,0.5,3.13.13
notselected_sap_q0,not_selected_qpp,SAP_FLUX,quality_zero_only,tau0_nearest_cadence_indices,diagnostic_irregular_sampling,predeclared_comparison,diagnostic_only,fase0_tarea09_notselected_sap_q0.csv,9ca65fb1c134c7fe4d9c401e3d6361a798d544810377b4325275f4cb39c48475,6,M1,pow_const_gauss,OK,0.9838930999976583,14,20.001761299499776,40.00350256101228,21.540347563075976,20.001741182932165,40.00350256101228,20.001741261512507,6,6,0.00331603616048484,0.01989621696290904,0.025,-0.0687932247377292,9.096383795615733,0.2340829553071546,0.319310024342341,52.662636007992546,"[1.1686077941562278,2.2991575314506276,-16.79466264573888,-2.8030239041872376,-3.9639062099363604,0.05653283172780764]",False,[],0,[],[],,-4.0955213886333715,-0.618287110093501,False,not_applicable,,,,,ba303fa13dda064e6d18d06e9d7e75f03039717a02f78b0590ffdcb7ca396149,07d3b54ec0fdc1225638339b73a06dae07dbd5367b724b5a32359fa47942cf31,6aceac9518fc8056052807e666da9d0c8bebb010,0.5,3.13.13
notselected_sap_q0,not_selected_qpp,SAP_FLUX,quality_zero_only,tau0_nearest_cadence_indices,diagnostic_irregular_sampling,predeclared_comparison,diagnostic_only,fase0_tarea09_notselected_sap_q0.csv,9ca65fb1c134c7fe4d9c401e3d6361a798d544810377b4325275f4cb39c48475,6,M2,bpow_const,OK,0.34872929999255575,14,20.001761299499776,40.00350256101228,21.540347563075976,20.001741182932165,40.00350256101228,20.001741261512507,6,6,0.00331603616048484,0.01989621696290904,0.025,-0.655529404305006,8.478096685522232,0.6404934676921203,0.32349249737139263,,"[-8.394129489584573,1.647544207185497,0.00556149773820915,4.865496564650404,-1.621754612614235]",False,[],0,[],[],,-4.0955213886333715,-0.618287110093501,False,not_applicable,,,,,ba303fa13dda064e6d18d06e9d7e75f03039717a02f78b0590ffdcb7ca396149,07d3b54ec0fdc1225638339b73a06dae07dbd5367b724b5a32359fa47942cf31,6aceac9518fc8056052807e666da9d0c8bebb010,0.5,3.13.13
notselected_sap_q0,not_selected_qpp,SAP_FLUX,quality_zero_only,tau0_nearest_cadence_indices,diagnostic_irregular_sampling,predeclared_comparison,diagnostic_only,fase0_tarea09_notselected_sap_q0.csv,9ca65fb1c134c7fe4d9c401e3d6361a798d544810377b4325275f4cb39c48475,7,M0,pow_const,OK,0.21368290000827983,14,20.001761299499776,40.00350256101228,21.540347563075976,20.001741182932165,40.00350256101228,20.001741261512507,6,6,0.00331603616048484,0.01989621696290904,0.025,-0.7086717342633113,5.0008624069827325,0.33214956141477425,0.5643960814808111,,"[1.0965867420947122,2.9832423548996103,-1.6959500036703472]",False,[],0,[],[],,-4.095521524569713,-0.7528281006435709,False,not_applicable,,,,,ba303fa13dda064e6d18d06e9d7e75f03039717a02f78b0590ffdcb7ca396149,07d3b54ec0fdc1225638339b73a06dae07dbd5367b724b5a32359fa47942cf31,6aceac9518fc8056052807e666da9d0c8bebb010,0.5,3.13.13
notselected_sap_q0,not_selected_qpp,SAP_FLUX,quality_zero_only,tau0_nearest_cadence_indices,diagnostic_irregular_sampling,predeclared_comparison,diagnostic_only,fase0_tarea09_notselected_sap_q0.csv,9ca65fb1c134c7fe4d9c401e3d6361a798d544810377b4325275f4cb39c48475,7,M1,pow_const_gauss,OK,0.6701190000167117,14,20.001761299499776,40.00350256101228,21.540347563075976,20.001741182932165,40.00350256101228,20.001741261512507,6,6,0.00331603616048484,0.01989621696290904,0.025,-0.06879329270608547,9.096383931552445,0.23408817748010435,0.3193081749366581,53.168267553879886,"[1.168818359686319,2.299346056961332,-16.1037197412724,-2.63463698867087,-3.9734617438347537,0.05009334807379]",False,[],0,[],[],,-4.095521524569713,-0.7528281006435709,False,not_applicable,,,,,ba303fa13dda064e6d18d06e9d7e75f03039717a02f78b0590ffdcb7ca396149,07d3b54ec0fdc1225638339b73a06dae07dbd5367b724b5a32359fa47942cf31,6aceac9518fc8056052807e666da9d0c8bebb010,0.5,3.13.13
notselected_sap_q0,not_selected_qpp,SAP_FLUX,quality_zero_only,tau0_nearest_cadence_indices,diagnostic_irregular_sampling,predeclared_comparison,diagnostic_only,fase0_tarea09_notselected_sap_q0.csv,9ca65fb1c134c7fe4d9c401e3d6361a798d544810377b4325275f4cb39c48475,7,M2,bpow_const,OK,0.41596620000200346,14,20.001761299499776,40.00350256101228,21.540347563075976,20.001741182932165,40.00350256101228,20.001741261512507,6,6,0.00331603616048484,0.01989621696290904,0.025,-0.5882589769983273,8.343555830908874,0.6549660975770482,0.3201674801069565,,"[-13.457133145295098,2.535083362953472,0.009676466951859624,9.0,-1.6785089303942002]",True,"[{""parameter_index"":3,""side"":""upper"",""value"":9.0,""bound"":9.0,""absolute_distance"":0.0}]",0,[],[],,-4.095521524569713,-0.7528281006435709,False,not_applicable,,,,,ba303fa13dda064e6d18d06e9d7e75f03039717a02f78b0590ffdcb7ca396149,07d3b54ec0fdc1225638339b73a06dae07dbd5367b724b5a32359fa47942cf31,6aceac9518fc8056052807e666da9d0c8bebb010,0.5,3.13.13
notselected_sap_q0,not_selected_qpp,SAP_FLUX,quality_zero_only,tau0_nearest_cadence_indices,diagnostic_irregular_sampling,predeclared_comparison,diagnostic_only,fase0_tarea09_notselected_sap_q0.csv,9ca65fb1c134c7fe4d9c401e3d6361a798d544810377b4325275f4cb39c48475,8,M0,pow_const,OK,0.1705544000142254,14,20.001761299499776,40.00350256101228,21.540347563075976,20.001741182932165,40.00350256101228,20.001741261512507,6,6,0.00331603616048484,0.01989621696290904,0.025,-0.7086717342631603,5.000862406982431,0.3321495183041332,0.5643961067564629,,"[1.096586868856451,2.983243283208506,-1.6959497335090792]",False,[],0,[],[],,-4.095521480987986,-0.618287202416532,False,not_applicable,,,,,ba303fa13dda064e6d18d06e9d7e75f03039717a02f78b0590ffdcb7ca396149,07d3b54ec0fdc1225638339b73a06dae07dbd5367b724b5a32359fa47942cf31,6aceac9518fc8056052807e666da9d0c8bebb010,0.5,3.13.13
notselected_sap_q0,not_selected_qpp,SAP_FLUX,quality_zero_only,tau0_nearest_cadence_indices,diagnostic_irregular_sampling,predeclared_comparison,diagnostic_only,fase0_tarea09_notselected_sap_q0.csv,9ca65fb1c134c7fe4d9c401e3d6361a798d544810377b4325275f4cb39c48475,8,M1,pow_const_gauss,OK,0.7600429999874905,14,20.001761299499776,40.00350256101228,21.540347563075976,20.001741182932165,40.00350256101228,20.001741261512507,6,6,0.00331603616048484,0.01989621696290904,0.025,-0.06879327091507115,9.096383887970417,0.23408562978483946,0.3193090771851681,51.80492905540978,"[1.1685899495465133,2.299146957351311,-18.299432119342754,-2.8822696658786695,-3.9474853002482804,0.06614979759189081]",False,[],0,[],[],,-4.095521480987986,-0.618287202416532,False,not_applicable,,,,,ba303fa13dda064e6d18d06e9d7e75f03039717a02f78b0590ffdcb7ca396149,07d3b54ec0fdc1225638339b73a06dae07dbd5367b724b5a32359fa47942cf31,6aceac9518fc8056052807e666da9d0c8bebb010,0.5,3.13.13
notselected_sap_q0,not_selected_qpp,SAP_FLUX,quality_zero_only,tau0_nearest_cadence_indices,diagnostic_irregular_sampling,predeclared_comparison,diagnostic_only,fase0_tarea09_notselected_sap_q0.csv,9ca65fb1c134c7fe4d9c401e3d6361a798d544810377b4325275f4cb39c48475,8,M2,bpow_const,OK,0.3409379000077024,14,20.001761299499776,40.00350256101228,21.540347563075976,20.001741182932165,40.00350256101228,20.001741261512507,6,6,0.00331603616048484,0.01989621696290904,0.025,-0.6555294043208324,8.478096685553885,0.6404930978244809,0.32349258321810204,,"[-4.697366727763688,1.0000104677846549,0.005100025028922291,4.86552736083668,-1.6217529940300373]",False,[],11,"[""RuntimeWarning: invalid value encountered in subtract"",""RuntimeWarning: overflow encountered in exp""]","[{""category"":""RuntimeWarning"",""message"":""overflow encountered in exp"",""filename"":""afino_spectral_models.py"",""lineno"":31},{""category"":""RuntimeWarning"",""message"":""overflow encountered in exp"",""filename"":""afino_spectral_models.py"",""lineno"":31},{""category"":""RuntimeWarning"",""message"":""invalid value encountered in subtract"",""filename"":""_numdiff.py"",""lineno"":710},{""category"":""RuntimeWarning"",""message"":""overflow encountered in exp"",""filename"":""afino_spectral_models.py"",""lineno"":31},{""category"":""RuntimeWarning"",""message"":""invalid value encountered in subtract"",""filename"":""_numdiff.py"",""lineno"":710},{""category"":""RuntimeWarning"",""message"":""overflow encountered in exp"",""filename"":""afino_spectral_models.py"",""lineno"":31},{""category"":""RuntimeWarning"",""message"":""invalid value encountered in subtract"",""filename"":""_numdiff.py"",""lineno"":710},{""category"":""RuntimeWarning"",""message"":""overflow encountered in exp"",""filename"":""afino_spectral_models.py"",""lineno"":31},{""category"":""RuntimeWarning"",""message"":""invalid value encountered in subtract"",""filename"":""_numdiff.py"",""lineno"":710},{""category"":""RuntimeWarning"",""message"":""overflow encountered in exp"",""filename"":""afino_spectral_models.py"",""lineno"":31},{""category"":""RuntimeWarning"",""message"":""invalid value encountered in subtract"",""filename"":""_numdiff.py"",""lineno"":710}]",,-4.095521480987986,-0.618287202416532,False,not_applicable,,,,,ba303fa13dda064e6d18d06e9d7e75f03039717a02f78b0590ffdcb7ca396149,07d3b54ec0fdc1225638339b73a06dae07dbd5367b724b5a32359fa47942cf31,6aceac9518fc8056052807e666da9d0c8bebb010,0.5,3.13.13
notselected_sap_q0,not_selected_qpp,SAP_FLUX,quality_zero_only,tau0_nearest_cadence_indices,diagnostic_irregular_sampling,predeclared_comparison,diagnostic_only,fase0_tarea09_notselected_sap_q0.csv,9ca65fb1c134c7fe4d9c401e3d6361a798d544810377b4325275f4cb39c48475,9,M0,pow_const,OK,0.18540650000795722,14,20.001761299499776,40.00350256101228,21.540347563075976,20.001741182932165,40.00350256101228,20.001741261512507,6,6,0.00331603616048484,0.01989621696290904,0.025,-0.7086717342631284,5.000862406982367,0.3321493670554897,0.564396195433149,,"[1.0965869496588647,2.9832435281718417,-1.6959494242860451]",False,[],0,[],[],,-4.095521318756751,-0.7528278225015956,False,not_applicable,,,,,ba303fa13dda064e6d18d06e9d7e75f03039717a02f78b0590ffdcb7ca396149,07d3b54ec0fdc1225638339b73a06dae07dbd5367b724b5a32359fa47942cf31,6aceac9518fc8056052807e666da9d0c8bebb010,0.5,3.13.13
notselected_sap_q0,not_selected_qpp,SAP_FLUX,quality_zero_only,tau0_nearest_cadence_indices,diagnostic_irregular_sampling,predeclared_comparison,diagnostic_only,fase0_tarea09_notselected_sap_q0.csv,9ca65fb1c134c7fe4d9c401e3d6361a798d544810377b4325275f4cb39c48475,9,M1,pow_const_gauss,OK,1.0532522999856155,14,20.001761299499776,40.00350256101228,21.540347563075976,20.001741182932165,40.00350256101228,20.001741261512507,6,6,0.00331603616048484,0.01989621696290904,0.025,-0.06879318979942184,9.096383725739118,0.23408273302293237,0.3193101030639828,53.17523832112879,"[1.168608314953724,2.29915751856282,-18.360128281856912,-2.631281563458679,-3.973592842902845,0.05]",True,"[{""parameter_index"":5,""side"":""lower"",""value"":0.05,""bound"":0.05,""absolute_distance"":0.0}]",0,[],[],,-4.095521318756751,-0.7528278225015956,False,not_applicable,,,,,ba303fa13dda064e6d18d06e9d7e75f03039717a02f78b0590ffdcb7ca396149,07d3b54ec0fdc1225638339b73a06dae07dbd5367b724b5a32359fa47942cf31,6aceac9518fc8056052807e666da9d0c8bebb010,0.5,3.13.13
notselected_sap_q0,not_selected_qpp,SAP_FLUX,quality_zero_only,tau0_nearest_cadence_indices,diagnostic_irregular_sampling,predeclared_comparison,diagnostic_only,fase0_tarea09_notselected_sap_q0.csv,9ca65fb1c134c7fe4d9c401e3d6361a798d544810377b4325275f4cb39c48475,9,M2,bpow_const,OK,0.3367636999755632,14,20.001761299499776,40.00350256101228,21.540347563075976,20.001741182932165,40.00350256101228,20.001741261512507,6,6,0.00331603616048484,0.01989621696290904,0.025,-0.5882590131626513,8.343555903237522,0.6549337442824645,0.3201748380442886,,"[-13.458438637133735,2.5353618156618296,0.009676535866775426,9.0,-1.678484317645163]",True,"[{""parameter_index"":3,""side"":""upper"",""value"":9.0,""bound"":9.0,""absolute_distance"":0.0}]",0,[],[],,-4.095521318756751,-0.7528278225015956,False,not_applicable,,,,,ba303fa13dda064e6d18d06e9d7e75f03039717a02f78b0590ffdcb7ca396149,07d3b54ec0fdc1225638339b73a06dae07dbd5367b724b5a32359fa47942cf31,6aceac9518fc8056052807e666da9d0c8bebb010,0.5,3.13.13
